[987518.139017] NVMeVirt: WATGC_V2 sample ns=0 part=2 epoch=1 window=57 phase=measure evaluated=56 k=10 scale_pct=200 age_ratio=16 host=65543 gc_pages=56750 gc_count=1911 waf_q16=122279 best=18 next=57 settled=0
[987518.139808] NVMeVirt: WATGC_V2 sample ns=0 part=0 epoch=1 window=57 phase=measure evaluated=56 k=10 scale_pct=200 age_ratio=16 host=65536 gc_pages=57975 gc_count=1930 waf_q16=123511 best=18 next=57 settled=0
[987527.901058] NVMeVirt: WATGC_V2 sample ns=0 part=1 epoch=1 window=58 phase=measure evaluated=57 k=10 scale_pct=400 age_ratio=4 host=65558 gc_pages=69679 gc_count=2113 waf_q16=135191 best=18 next=58 settled=0
[987527.940450] NVMeVirt: WATGC_V2 sample ns=0 part=2 epoch=1 window=58 phase=measure evaluated=57 k=10 scale_pct=400 age_ratio=4 host=65559 gc_pages=69678 gc_count=2113 waf_q16=135189 best=18 next=58 settled=0
[987527.947728] NVMeVirt: WATGC_V2 sample ns=0 part=3 epoch=1 window=58 phase=measure evaluated=57 k=10 scale_pct=400 age_ratio=4 host=65555 gc_pages=70001 gc_count=2118 waf_q16=135516 best=18 next=58 settled=0
[987527.973204] NVMeVirt: WATGC_V2 sample ns=0 part=0 epoch=1 window=58 phase=measure evaluated=57 k=10 scale_pct=400 age_ratio=4 host=65562 gc_pages=69226 gc_count=2106 waf_q16=134734 best=18 next=58 settled=0
[987537.746856] NVMeVirt: WATGC_V2 sample ns=0 part=3 epoch=1 window=59 phase=measure evaluated=58 k=10 scale_pct=400 age_ratio=7 host=65547 gc_pages=69943 gc_count=2117 waf_q16=135467 best=18 next=59 settled=0
[987537.752182] NVMeVirt: WATGC_V2 sample ns=0 part=1 epoch=1 window=59 phase=measure evaluated=58 k=10 scale_pct=400 age_ratio=7 host=65536 gc_pages=70019 gc_count=2118 waf_q16=135555 best=18 next=59 settled=0
[987537.779271] NVMeVirt: WATGC_V2 sample ns=0 part=0 epoch=1 window=59 phase=measure evaluated=58 k=10 scale_pct=400 age_ratio=7 host=65539 gc_pages=70399 gc_count=2124 waf_q16=135931 best=18 next=59 settled=0
[987537.813045] NVMeVirt: WATGC_V2 sample ns=0 part=2 epoch=1 window=59 phase=measure evaluated=58 k=10 scale_pct=400 age_ratio=7 host=65550 gc_pages=70901 gc_count=2132 waf_q16=136421 best=18 next=59 settled=0
[987547.580516] NVMeVirt: WATGC_V2 sample ns=0 part=3 epoch=1 window=60 phase=measure evaluated=59 k=10 scale_pct=400 age_ratio=16 host=65541 gc_pages=72313 gc_count=2154 waf_q16=137843 best=18 next=0 settled=0
[987547.586151] NVMeVirt: WATGC_V2 sample ns=0 part=1 epoch=1 window=60 phase=measure evaluated=59 k=10 scale_pct=400 age_ratio=16 host=65539 gc_pages=71291 gc_count=2138 waf_q16=136823 best=18 next=0 settled=0
[987547.602192] NVMeVirt: WATGC_V2 sample ns=0 part=0 epoch=1 window=60 phase=measure evaluated=59 k=10 scale_pct=400 age_ratio=16 host=65561 gc_pages=70117 gc_count=2120 waf_q16=135626 best=18 next=0 settled=0
[987547.604006] NVMeVirt: WATGC_V2 sample ns=0 part=2 epoch=1 window=60 phase=measure evaluated=59 k=10 scale_pct=400 age_ratio=16 host=65550 gc_pages=71472 gc_count=2141 waf_q16=136992 best=18 next=0 settled=0
[987557.380099] NVMeVirt: WATGC_V2 sample ns=0 part=3 epoch=1 window=61 phase=measure evaluated=0 k=2 scale_pct=25 age_ratio=4 host=65543 gc_pages=79286 gc_count=2263 waf_q16=144813 best=18 next=1 settled=0
[987557.433603] NVMeVirt: WATGC_V2 sample ns=0 part=1 epoch=1 window=61 phase=measure evaluated=0 k=2 scale_pct=25 age_ratio=4 host=65537 gc_pages=79741 gc_count=2270 waf_q16=145275 best=18 next=1 settled=0
[987557.440164] NVMeVirt: WATGC_V2 sample ns=0 part=0 epoch=1 window=61 phase=measure evaluated=0 k=2 scale_pct=25 age_ratio=4 host=65560 gc_pages=77990 gc_count=2243 waf_q16=143497 best=18 next=1 settled=0
[987557.441267] NVMeVirt: WATGC_V2 sample ns=0 part=2 epoch=1 window=61 phase=measure evaluated=0 k=2 scale_pct=25 age_ratio=4 host=65536 gc_pages=78845 gc_count=2256 waf_q16=144381 best=18 next=1 settled=0
[987557.705080] mix-mixF-online-324191 phase=A END
[987557.716561] mix-mixF-online-324191 phase=B START
[987561.869191] NVMeVirt: WATGC_V2 sample ns=0 part=0 epoch=1 window=62 phase=measure evaluated=1 k=2 scale_pct=25 age_ratio=7 host=65549 gc_pages=85366 gc_count=2358 waf_q16=150885 best=18 next=2 settled=0
[987561.990840] NVMeVirt: WATGC_V2 sample ns=0 part=3 epoch=1 window=62 phase=measure evaluated=1 k=2 scale_pct=25 age_ratio=7 host=65545 gc_pages=85178 gc_count=2355 waf_q16=150702 best=18 next=2 settled=0
[987562.002347] NVMeVirt: WATGC_V2 sample ns=0 part=1 epoch=1 window=62 phase=measure evaluated=1 k=2 scale_pct=25 age_ratio=7 host=65546 gc_pages=85561 gc_count=2361 waf_q16=151083 best=18 next=2 settled=0
[987562.004065] NVMeVirt: WATGC_V2 sample ns=0 part=2 epoch=1 window=62 phase=measure evaluated=1 k=2 scale_pct=25 age_ratio=7 host=65557 gc_pages=85545 gc_count=2361 waf_q16=151053 best=18 next=2 settled=0
[987564.724477] NVMeVirt: WATGC_V2 sample ns=0 part=0 epoch=1 window=63 phase=measure evaluated=2 k=2 scale_pct=25 age_ratio=16 host=65552 gc_pages=128432 gc_count=3031 waf_q16=193936 best=18 next=3 settled=0
[987564.996105] NVMeVirt: WATGC_V2 sample ns=0 part=3 epoch=1 window=63 phase=measure evaluated=2 k=2 scale_pct=25 age_ratio=16 host=65540 gc_pages=128511 gc_count=3032 waf_q16=194039 best=18 next=3 settled=0
[987565.012870] NVMeVirt: WATGC_V2 sample ns=0 part=1 epoch=1 window=63 phase=measure evaluated=2 k=2 scale_pct=25 age_ratio=16 host=65541 gc_pages=130426 gc_count=3062 waf_q16=195952 best=18 next=3 settled=0
[987565.016829] NVMeVirt: WATGC_V2 sample ns=0 part=2 epoch=1 window=63 phase=measure evaluated=2 k=2 scale_pct=25 age_ratio=16 host=65553 gc_pages=128750 gc_count=3036 waf_q16=194252 best=18 next=3 settled=0
[987568.233026] NVMeVirt: WATGC_V2 sample ns=0 part=0 epoch=1 window=64 phase=measure evaluated=3 k=2 scale_pct=50 age_ratio=4 host=65545 gc_pages=188602 gc_count=3971 waf_q16=254112 best=18 next=4 settled=0
[987568.820214] NVMeVirt: WATGC_V2 sample ns=0 part=3 epoch=1 window=64 phase=measure evaluated=3 k=2 scale_pct=50 age_ratio=4 host=65540 gc_pages=194751 gc_count=4067 waf_q16=260275 best=18 next=4 settled=0
[987568.849359] NVMeVirt: WATGC_V2 sample ns=0 part=1 epoch=1 window=64 phase=measure evaluated=3 k=2 scale_pct=50 age_ratio=4 host=65548 gc_pages=194614 gc_count=4065 waf_q16=260114 best=18 next=4 settled=0
[987568.852532] NVMeVirt: WATGC_V2 sample ns=0 part=2 epoch=1 window=64 phase=measure evaluated=3 k=2 scale_pct=50 age_ratio=4 host=65543 gc_pages=192440 gc_count=4031 waf_q16=257955 best=18 next=4 settled=0
[987572.201192] NVMeVirt: WATGC_V2 discard ns=0 part=0 epoch=1 phase=2 arm=4 host=59055 gc_pages=203080 gc_count=4096 reason=undersized
[987573.031989] NVMeVirt: WATGC_V2 discard ns=0 part=3 epoch=1 phase=2 arm=4 host=59694 gc_pages=202457 gc_count=4096 reason=undersized
[987573.054282] NVMeVirt: WATGC_V2 discard ns=0 part=1 epoch=1 phase=2 arm=4 host=59177 gc_pages=202968 gc_count=4096 reason=undersized
[987573.102230] NVMeVirt: WATGC_V2 discard ns=0 part=2 epoch=1 phase=2 arm=4 host=60173 gc_pages=201974 gc_count=4096 reason=undersized
[987576.214374] NVMeVirt: WATGC_V2 discard ns=0 part=0 epoch=1 phase=2 arm=4 host=56609 gc_pages=205534 gc_count=4096 reason=undersized
[987577.308025] NVMeVirt: WATGC_V2 discard ns=0 part=3 epoch=1 phase=2 arm=4 host=57281 gc_pages=204863 gc_count=4096 reason=undersized
[987577.316925] NVMeVirt: WATGC_V2 discard ns=0 part=1 epoch=1 phase=2 arm=4 host=56828 gc_pages=205313 gc_count=4096 reason=undersized
[987577.419567] NVMeVirt: WATGC_V2 discard ns=0 part=2 epoch=1 phase=2 arm=4 host=57266 gc_pages=204880 gc_count=4096 reason=undersized
[987580.286237] NVMeVirt: WATGC_V2 discard ns=0 part=0 epoch=1 phase=2 arm=4 host=54379 gc_pages=207768 gc_count=4096 reason=undersized
[987581.669071] NVMeVirt: WATGC_V2 discard ns=0 part=3 epoch=1 phase=2 arm=4 host=55129 gc_pages=207016 gc_count=4096 reason=undersized
[987581.691438] NVMeVirt: WATGC_V2 discard ns=0 part=1 epoch=1 phase=2 arm=4 host=55172 gc_pages=206973 gc_count=4096 reason=undersized
[987581.833317] NVMeVirt: WATGC_V2 discard ns=0 part=2 epoch=1 phase=2 arm=4 host=55478 gc_pages=206659 gc_count=4096 reason=undersized
[987584.412282] NVMeVirt: WATGC_V2 discard ns=0 part=0 epoch=1 phase=2 arm=4 host=53610 gc_pages=208533 gc_count=4096 reason=undersized
[987586.089488] NVMeVirt: WATGC_V2 discard ns=0 part=3 epoch=1 phase=2 arm=4 host=54240 gc_pages=207902 gc_count=4096 reason=undersized
[987586.105378] NVMeVirt: WATGC_V2 discard ns=0 part=1 epoch=1 phase=2 arm=4 host=53827 gc_pages=208314 gc_count=4096 reason=undersized
[987586.295948] NVMeVirt: WATGC_V2 discard ns=0 part=2 epoch=1 phase=2 arm=4 host=54337 gc_pages=207808 gc_count=4096 reason=undersized
[987588.591328] NVMeVirt: WATGC_V2 discard ns=0 part=0 epoch=1 phase=2 arm=4 host=53006 gc_pages=209135 gc_count=4096 reason=undersized
[987590.483678] NVMeVirt: WATGC_V2 discard ns=0 part=3 epoch=1 phase=2 arm=4 host=53405 gc_pages=208739 gc_count=4096 reason=undersized
[987590.542194] NVMeVirt: WATGC_V2 discard ns=0 part=1 epoch=1 phase=2 arm=4 host=54053 gc_pages=208090 gc_count=4096 reason=undersized
[987590.718551] NVMeVirt: WATGC_V2 discard ns=0 part=2 epoch=1 phase=2 arm=4 host=53605 gc_pages=208539 gc_count=4096 reason=undersized
[987592.750540] NVMeVirt: WATGC_V2 discard ns=0 part=0 epoch=1 phase=2 arm=4 host=52316 gc_pages=209828 gc_count=4096 reason=undersized
[987594.897230] NVMeVirt: WATGC_V2 discard ns=0 part=3 epoch=1 phase=2 arm=4 host=53129 gc_pages=209015 gc_count=4096 reason=undersized
[987594.964872] NVMeVirt: WATGC_V2 discard ns=0 part=1 epoch=1 phase=2 arm=4 host=52922 gc_pages=209223 gc_count=4096 reason=undersized
[987595.187214] NVMeVirt: WATGC_V2 discard ns=0 part=2 epoch=1 phase=2 arm=4 host=53406 gc_pages=208739 gc_count=4096 reason=undersized
[987596.916920] NVMeVirt: WATGC_V2 discard ns=0 part=0 epoch=1 phase=2 arm=4 host=52183 gc_pages=209969 gc_count=4096 reason=undersized
[987599.329919] NVMeVirt: WATGC_V2 discard ns=0 part=3 epoch=1 phase=2 arm=4 host=52484 gc_pages=209658 gc_count=4096 reason=undersized
[987599.418273] NVMeVirt: WATGC_V2 discard ns=0 part=1 epoch=1 phase=2 arm=4 host=52619 gc_pages=209530 gc_count=4096 reason=undersized
[987599.701432] NVMeVirt: WATGC_V2 discard ns=0 part=2 epoch=1 phase=2 arm=4 host=53173 gc_pages=208979 gc_count=4096 reason=undersized
[987601.130265] NVMeVirt: WATGC_V2 discard ns=0 part=0 epoch=1 phase=2 arm=4 host=51518 gc_pages=210627 gc_count=4096 reason=undersized
[987603.769098] NVMeVirt: WATGC_V2 discard ns=0 part=3 epoch=1 phase=2 arm=4 host=52119 gc_pages=210025 gc_count=4096 reason=undersized
[987603.849475] NVMeVirt: WATGC_V2 discard ns=0 part=1 epoch=1 phase=2 arm=4 host=51848 gc_pages=210296 gc_count=4096 reason=undersized
[987604.177522] NVMeVirt: WATGC_V2 discard ns=0 part=2 epoch=1 phase=2 arm=4 host=52787 gc_pages=209353 gc_count=4096 reason=undersized
[987605.328507] NVMeVirt: WATGC_V2 discard ns=0 part=0 epoch=1 phase=2 arm=4 host=51992 gc_pages=210144 gc_count=4096 reason=undersized
[987608.172413] NVMeVirt: WATGC_V2 discard ns=0 part=3 epoch=1 phase=2 arm=4 host=51848 gc_pages=210291 gc_count=4096 reason=undersized
[987608.250483] NVMeVirt: WATGC_V2 discard ns=0 part=1 epoch=1 phase=2 arm=4 host=51695 gc_pages=210448 gc_count=4096 reason=undersized
[987608.686309] NVMeVirt: WATGC_V2 discard ns=0 part=2 epoch=1 phase=2 arm=4 host=52956 gc_pages=209189 gc_count=4096 reason=undersized
[987609.507763] NVMeVirt: WATGC_V2 discard ns=0 part=0 epoch=1 phase=2 arm=4 host=51463 gc_pages=210680 gc_count=4096 reason=undersized
[987612.640413] NVMeVirt: WATGC_V2 discard ns=0 part=3 epoch=1 phase=2 arm=4 host=52165 gc_pages=209979 gc_count=4096 reason=undersized
[987612.719459] NVMeVirt: WATGC_V2 discard ns=0 part=1 epoch=1 phase=2 arm=4 host=52152 gc_pages=209986 gc_count=4096 reason=undersized
[987613.202608] NVMeVirt: WATGC_V2 discard ns=0 part=2 epoch=1 phase=2 arm=4 host=52597 gc_pages=209546 gc_count=4096 reason=undersized
[987613.715546] NVMeVirt: WATGC_V2 discard ns=0 part=0 epoch=1 phase=2 arm=4 host=51585 gc_pages=210563 gc_count=4096 reason=undersized
[987617.084432] NVMeVirt: WATGC_V2 discard ns=0 part=3 epoch=1 phase=2 arm=4 host=51868 gc_pages=210278 gc_count=4096 reason=undersized
[987617.199753] NVMeVirt: WATGC_V2 discard ns=0 part=1 epoch=1 phase=2 arm=4 host=52045 gc_pages=210099 gc_count=4096 reason=undersized
[987617.698560] NVMeVirt: WATGC_V2 discard ns=0 part=2 epoch=1 phase=2 arm=4 host=52289 gc_pages=209855 gc_count=4096 reason=undersized
[987617.904203] NVMeVirt: WATGC_V2 discard ns=0 part=0 epoch=1 phase=2 arm=4 host=50887 gc_pages=211251 gc_count=4096 reason=undersized
[987621.576722] NVMeVirt: WATGC_V2 discard ns=0 part=3 epoch=1 phase=2 arm=4 host=52479 gc_pages=209665 gc_count=4096 reason=undersized
[987621.655029] NVMeVirt: WATGC_V2 discard ns=0 part=1 epoch=1 phase=2 arm=4 host=51748 gc_pages=210397 gc_count=4096 reason=undersized
[987622.092525] NVMeVirt: WATGC_V2 discard ns=0 part=0 epoch=1 phase=2 arm=4 host=50815 gc_pages=211332 gc_count=4096 reason=undersized
[987622.175550] NVMeVirt: WATGC_V2 discard ns=0 part=2 epoch=1 phase=2 arm=4 host=51749 gc_pages=210396 gc_count=4096 reason=undersized
[987626.050233] NVMeVirt: WATGC_V2 discard ns=0 part=3 epoch=1 phase=2 arm=4 host=51223 gc_pages=210922 gc_count=4096 reason=undersized
[987626.161449] NVMeVirt: WATGC_V2 discard ns=0 part=1 epoch=1 phase=2 arm=4 host=51617 gc_pages=210528 gc_count=4096 reason=undersized
[987626.320824] NVMeVirt: WATGC_V2 discard ns=0 part=0 epoch=1 phase=2 arm=4 host=50419 gc_pages=211723 gc_count=4096 reason=undersized
[987626.723407] NVMeVirt: WATGC_V2 discard ns=0 part=2 epoch=1 phase=2 arm=4 host=51815 gc_pages=210328 gc_count=4096 reason=undersized
[987630.557441] NVMeVirt: WATGC_V2 discard ns=0 part=0 epoch=1 phase=2 arm=4 host=50608 gc_pages=211537 gc_count=4096 reason=undersized
[987630.572954] NVMeVirt: WATGC_V2 discard ns=0 part=3 epoch=1 phase=2 arm=4 host=51532 gc_pages=210607 gc_count=4096 reason=undersized
[987630.637480] NVMeVirt: WATGC_V2 discard ns=0 part=1 epoch=1 phase=2 arm=4 host=50812 gc_pages=211333 gc_count=4096 reason=undersized
[987631.277849] NVMeVirt: WATGC_V2 discard ns=0 part=2 epoch=1 phase=2 arm=4 host=51626 gc_pages=210517 gc_count=4096 reason=undersized
[987634.778032] NVMeVirt: WATGC_V2 discard ns=0 part=0 epoch=1 phase=2 arm=4 host=50810 gc_pages=211334 gc_count=4096 reason=undersized
[987635.040996] NVMeVirt: WATGC_V2 discard ns=0 part=3 epoch=1 phase=2 arm=4 host=51525 gc_pages=210626 gc_count=4096 reason=undersized
[987635.094485] NVMeVirt: WATGC_V2 discard ns=0 part=1 epoch=1 phase=2 arm=4 host=51392 gc_pages=210752 gc_count=4096 reason=undersized
[987635.788700] NVMeVirt: WATGC_V2 discard ns=0 part=2 epoch=1 phase=2 arm=4 host=52001 gc_pages=210143 gc_count=4096 reason=undersized
[987638.993748] NVMeVirt: WATGC_V2 discard ns=0 part=0 epoch=1 phase=2 arm=4 host=50718 gc_pages=211428 gc_count=4096 reason=undersized
[987639.536513] NVMeVirt: WATGC_V2 discard ns=0 part=3 epoch=1 phase=2 arm=4 host=51425 gc_pages=210720 gc_count=4096 reason=undersized
[987639.593142] NVMeVirt: WATGC_V2 discard ns=0 part=1 epoch=1 phase=2 arm=4 host=51731 gc_pages=210413 gc_count=4096 reason=undersized
[987640.295202] NVMeVirt: WATGC_V2 discard ns=0 part=2 epoch=1 phase=2 arm=4 host=51299 gc_pages=210847 gc_count=4096 reason=undersized
[987643.227292] NVMeVirt: WATGC_V2 discard ns=0 part=0 epoch=1 phase=2 arm=4 host=49921 gc_pages=212226 gc_count=4096 reason=undersized
[987644.077930] NVMeVirt: WATGC_V2 discard ns=0 part=3 epoch=1 phase=2 arm=4 host=51711 gc_pages=210432 gc_count=4096 reason=undersized
[987644.127185] NVMeVirt: WATGC_V2 discard ns=0 part=1 epoch=1 phase=2 arm=4 host=51535 gc_pages=210609 gc_count=4096 reason=undersized
[987644.825974] NVMeVirt: WATGC_V2 discard ns=0 part=2 epoch=1 phase=2 arm=4 host=51444 gc_pages=210697 gc_count=4096 reason=undersized
[987647.450864] NVMeVirt: WATGC_V2 discard ns=0 part=0 epoch=1 phase=2 arm=4 host=50030 gc_pages=212113 gc_count=4096 reason=undersized
[987648.595377] NVMeVirt: WATGC_V2 discard ns=0 part=3 epoch=1 phase=2 arm=4 host=51310 gc_pages=210834 gc_count=4096 reason=undersized
[987648.653267] NVMeVirt: WATGC_V2 discard ns=0 part=1 epoch=1 phase=2 arm=4 host=51222 gc_pages=210912 gc_count=4096 reason=undersized
[987649.382338] NVMeVirt: WATGC_V2 discard ns=0 part=2 epoch=1 phase=2 arm=4 host=51211 gc_pages=210932 gc_count=4096 reason=undersized
[987651.721017] NVMeVirt: WATGC_V2 discard ns=0 part=0 epoch=1 phase=2 arm=4 host=50100 gc_pages=212040 gc_count=4096 reason=undersized
[987653.115249] NVMeVirt: WATGC_V2 discard ns=0 part=3 epoch=1 phase=2 arm=4 host=51058 gc_pages=211085 gc_count=4096 reason=undersized
[987653.175214] NVMeVirt: WATGC_V2 discard ns=0 part=1 epoch=1 phase=2 arm=4 host=51001 gc_pages=211144 gc_count=4096 reason=undersized
[987653.950665] NVMeVirt: WATGC_V2 discard ns=0 part=2 epoch=1 phase=2 arm=4 host=50944 gc_pages=211201 gc_count=4096 reason=undersized
[987655.973649] NVMeVirt: WATGC_V2 discard ns=0 part=0 epoch=1 phase=2 arm=4 host=50122 gc_pages=212027 gc_count=4096 reason=undersized
[987657.628161] NVMeVirt: WATGC_V2 discard ns=0 part=3 epoch=1 phase=2 arm=4 host=50607 gc_pages=211541 gc_count=4096 reason=undersized
[987657.687261] NVMeVirt: WATGC_V2 discard ns=0 part=1 epoch=1 phase=2 arm=4 host=50599 gc_pages=211546 gc_count=4096 reason=undersized
[987658.498396] NVMeVirt: WATGC_V2 discard ns=0 part=2 epoch=1 phase=2 arm=4 host=51051 gc_pages=211092 gc_count=4096 reason=undersized
[987660.223873] NVMeVirt: WATGC_V2 discard ns=0 part=0 epoch=1 phase=2 arm=4 host=50638 gc_pages=211511 gc_count=4096 reason=undersized
[987662.074613] NVMeVirt: WATGC_V2 discard ns=0 part=3 epoch=1 phase=2 arm=4 host=50319 gc_pages=211828 gc_count=4096 reason=undersized
[987662.168237] NVMeVirt: WATGC_V2 discard ns=0 part=1 epoch=1 phase=2 arm=4 host=50957 gc_pages=211189 gc_count=4096 reason=undersized
[987663.014198] NVMeVirt: WATGC_V2 discard ns=0 part=2 epoch=1 phase=2 arm=4 host=50816 gc_pages=211320 gc_count=4096 reason=undersized
[987664.469051] NVMeVirt: WATGC_V2 discard ns=0 part=0 epoch=1 phase=2 arm=4 host=49641 gc_pages=212504 gc_count=4096 reason=undersized
[987666.578801] NVMeVirt: WATGC_V2 discard ns=0 part=3 epoch=1 phase=2 arm=4 host=50391 gc_pages=211754 gc_count=4096 reason=undersized
[987666.707208] NVMeVirt: WATGC_V2 discard ns=0 part=1 epoch=1 phase=2 arm=4 host=50828 gc_pages=211324 gc_count=4096 reason=undersized
[987667.550292] NVMeVirt: WATGC_V2 discard ns=0 part=2 epoch=1 phase=2 arm=4 host=50627 gc_pages=211510 gc_count=4096 reason=undersized
[987668.718934] NVMeVirt: WATGC_V2 discard ns=0 part=0 epoch=1 phase=2 arm=4 host=49938 gc_pages=212208 gc_count=4096 reason=undersized
[987671.095988] NVMeVirt: WATGC_V2 discard ns=0 part=3 epoch=1 phase=2 arm=4 host=50914 gc_pages=211222 gc_count=4096 reason=undersized
[987671.217342] NVMeVirt: WATGC_V2 discard ns=0 part=1 epoch=1 phase=2 arm=4 host=50795 gc_pages=211344 gc_count=4096 reason=undersized
[987672.099748] NVMeVirt: WATGC_V2 discard ns=0 part=2 epoch=1 phase=2 arm=4 host=50903 gc_pages=211241 gc_count=4096 reason=undersized
[987672.975999] NVMeVirt: WATGC_V2 discard ns=0 part=0 epoch=1 phase=2 arm=4 host=50185 gc_pages=211963 gc_count=4096 reason=undersized
[987675.627359] NVMeVirt: WATGC_V2 discard ns=0 part=3 epoch=1 phase=2 arm=4 host=50606 gc_pages=211537 gc_count=4096 reason=undersized
[987675.729936] NVMeVirt: WATGC_V2 discard ns=0 part=1 epoch=1 phase=2 arm=4 host=50265 gc_pages=211884 gc_count=4096 reason=undersized
[987676.682931] NVMeVirt: WATGC_V2 discard ns=0 part=2 epoch=1 phase=2 arm=4 host=50776 gc_pages=211368 gc_count=4096 reason=undersized
[987677.252336] NVMeVirt: WATGC_V2 discard ns=0 part=0 epoch=1 phase=2 arm=4 host=49735 gc_pages=212408 gc_count=4096 reason=undersized
[987680.149525] NVMeVirt: WATGC_V2 discard ns=0 part=3 epoch=1 phase=2 arm=4 host=50741 gc_pages=211405 gc_count=4096 reason=undersized
[987680.264728] NVMeVirt: WATGC_V2 discard ns=0 part=1 epoch=1 phase=2 arm=4 host=50769 gc_pages=211376 gc_count=4096 reason=undersized
[987681.220770] NVMeVirt: WATGC_V2 discard ns=0 part=2 epoch=1 phase=2 arm=4 host=50503 gc_pages=211636 gc_count=4096 reason=undersized
[987681.509139] NVMeVirt: WATGC_V2 discard ns=0 part=0 epoch=1 phase=2 arm=4 host=49937 gc_pages=212207 gc_count=4096 reason=undersized
[987684.675323] NVMeVirt: WATGC_V2 discard ns=0 part=3 epoch=1 phase=2 arm=4 host=50588 gc_pages=211557 gc_count=4096 reason=undersized
[987684.815128] NVMeVirt: WATGC_V2 discard ns=0 part=1 epoch=1 phase=2 arm=4 host=51235 gc_pages=210909 gc_count=4096 reason=undersized
[987685.760253] NVMeVirt: WATGC_V2 discard ns=0 part=2 epoch=1 phase=2 arm=4 host=50670 gc_pages=211469 gc_count=4096 reason=undersized
[987685.762858] NVMeVirt: WATGC_V2 discard ns=0 part=0 epoch=1 phase=2 arm=4 host=50070 gc_pages=212074 gc_count=4096 reason=undersized
[987689.194712] NVMeVirt: WATGC_V2 discard ns=0 part=3 epoch=1 phase=2 arm=4 host=50891 gc_pages=211256 gc_count=4096 reason=undersized
[987689.330925] NVMeVirt: WATGC_V2 discard ns=0 part=1 epoch=1 phase=2 arm=4 host=50731 gc_pages=211406 gc_count=4096 reason=undersized
[987690.018036] NVMeVirt: WATGC_V2 discard ns=0 part=0 epoch=1 phase=2 arm=4 host=50224 gc_pages=211919 gc_count=4096 reason=undersized
[987690.291525] NVMeVirt: WATGC_V2 discard ns=0 part=2 epoch=1 phase=2 arm=4 host=50536 gc_pages=211606 gc_count=4096 reason=undersized
[987693.682254] NVMeVirt: WATGC_V2 discard ns=0 part=3 epoch=1 phase=2 arm=4 host=50458 gc_pages=211695 gc_count=4096 reason=undersized
[987693.866086] NVMeVirt: WATGC_V2 discard ns=0 part=1 epoch=1 phase=2 arm=4 host=50977 gc_pages=211174 gc_count=4096 reason=undersized
[987694.254076] NVMeVirt: WATGC_V2 discard ns=0 part=0 epoch=1 phase=2 arm=4 host=49652 gc_pages=212500 gc_count=4096 reason=undersized
[987694.830614] NVMeVirt: WATGC_V2 discard ns=0 part=2 epoch=1 phase=2 arm=4 host=50312 gc_pages=211832 gc_count=4096 reason=undersized
[987698.160886] NVMeVirt: WATGC_V2 discard ns=0 part=3 epoch=1 phase=2 arm=4 host=50257 gc_pages=211885 gc_count=4096 reason=undersized
[987698.341518] NVMeVirt: WATGC_V2 discard ns=0 part=1 epoch=1 phase=2 arm=4 host=50320 gc_pages=211825 gc_count=4096 reason=undersized
[987698.501779] NVMeVirt: WATGC_V2 discard ns=0 part=0 epoch=1 phase=2 arm=4 host=49954 gc_pages=212191 gc_count=4096 reason=undersized
[987699.340165] NVMeVirt: WATGC_V2 discard ns=0 part=2 epoch=1 phase=2 arm=4 host=50406 gc_pages=211738 gc_count=4096 reason=undersized
[987702.653093] NVMeVirt: WATGC_V2 discard ns=0 part=3 epoch=1 phase=2 arm=4 host=49985 gc_pages=212159 gc_count=4096 reason=undersized
[987702.759561] NVMeVirt: WATGC_V2 discard ns=0 part=0 epoch=1 phase=2 arm=4 host=49890 gc_pages=212252 gc_count=4096 reason=undersized
[987702.828937] NVMeVirt: WATGC_V2 discard ns=0 part=1 epoch=1 phase=2 arm=4 host=49960 gc_pages=212186 gc_count=4096 reason=undersized
[987703.922127] NVMeVirt: WATGC_V2 discard ns=0 part=2 epoch=1 phase=2 arm=4 host=50513 gc_pages=211631 gc_count=4096 reason=undersized
[987707.048019] NVMeVirt: WATGC_V2 discard ns=0 part=0 epoch=1 phase=2 arm=4 host=49176 gc_pages=212968 gc_count=4096 reason=undersized
[987707.230872] NVMeVirt: WATGC_V2 discard ns=0 part=3 epoch=1 phase=2 arm=4 host=50702 gc_pages=211442 gc_count=4096 reason=undersized
[987707.456357] NVMeVirt: WATGC_V2 discard ns=0 part=1 epoch=1 phase=2 arm=4 host=51398 gc_pages=210747 gc_count=4096 reason=undersized
[987708.495263] NVMeVirt: WATGC_V2 discard ns=0 part=2 epoch=1 phase=2 arm=4 host=50379 gc_pages=211765 gc_count=4096 reason=undersized
[987711.313349] NVMeVirt: WATGC_V2 discard ns=0 part=0 epoch=1 phase=2 arm=4 host=49920 gc_pages=212218 gc_count=4096 reason=undersized
[987711.724598] NVMeVirt: WATGC_V2 discard ns=0 part=3 epoch=1 phase=2 arm=4 host=50097 gc_pages=212040 gc_count=4096 reason=undersized
[987711.991220] NVMeVirt: WATGC_V2 discard ns=0 part=1 epoch=1 phase=2 arm=4 host=50719 gc_pages=211426 gc_count=4096 reason=undersized
[987713.006307] NVMeVirt: WATGC_V2 discard ns=0 part=2 epoch=1 phase=2 arm=4 host=50034 gc_pages=212111 gc_count=4096 reason=undersized
[987715.586758] NVMeVirt: WATGC_V2 discard ns=0 part=0 epoch=1 phase=2 arm=4 host=49783 gc_pages=212363 gc_count=4096 reason=undersized
[987716.214956] NVMeVirt: WATGC_V2 discard ns=0 part=3 epoch=1 phase=2 arm=4 host=49902 gc_pages=212242 gc_count=4096 reason=undersized
[987716.512691] NVMeVirt: WATGC_V2 discard ns=0 part=1 epoch=1 phase=2 arm=4 host=50432 gc_pages=211711 gc_count=4096 reason=undersized
[987717.518346] NVMeVirt: WATGC_V2 discard ns=0 part=2 epoch=1 phase=2 arm=4 host=49603 gc_pages=212536 gc_count=4096 reason=undersized
[987719.851209] NVMeVirt: WATGC_V2 discard ns=0 part=0 epoch=1 phase=2 arm=4 host=49472 gc_pages=212667 gc_count=4096 reason=undersized
[987720.702725] NVMeVirt: WATGC_V2 discard ns=0 part=3 epoch=1 phase=2 arm=4 host=49745 gc_pages=212393 gc_count=4096 reason=undersized
[987720.994500] NVMeVirt: WATGC_V2 discard ns=0 part=1 epoch=1 phase=2 arm=4 host=49697 gc_pages=212449 gc_count=4096 reason=undersized
[987722.026071] NVMeVirt: WATGC_V2 discard ns=0 part=2 epoch=1 phase=2 arm=4 host=49838 gc_pages=212302 gc_count=4096 reason=undersized
[987724.098550] NVMeVirt: WATGC_V2 discard ns=0 part=0 epoch=1 phase=2 arm=4 host=49744 gc_pages=212401 gc_count=4096 reason=undersized
[987725.190767] NVMeVirt: WATGC_V2 discard ns=0 part=3 epoch=1 phase=2 arm=4 host=49887 gc_pages=212255 gc_count=4096 reason=undersized
[987725.528499] NVMeVirt: WATGC_V2 discard ns=0 part=1 epoch=1 phase=2 arm=4 host=50558 gc_pages=211587 gc_count=4096 reason=undersized
[987726.569079] NVMeVirt: WATGC_V2 discard ns=0 part=2 epoch=1 phase=2 arm=4 host=50563 gc_pages=211584 gc_count=4096 reason=undersized
[987728.356551] NVMeVirt: WATGC_V2 discard ns=0 part=0 epoch=1 phase=2 arm=4 host=49946 gc_pages=212196 gc_count=4096 reason=undersized
[987729.656727] NVMeVirt: WATGC_V2 discard ns=0 part=3 epoch=1 phase=2 arm=4 host=49729 gc_pages=212416 gc_count=4096 reason=undersized
[987730.014850] NVMeVirt: WATGC_V2 discard ns=0 part=1 epoch=1 phase=2 arm=4 host=50150 gc_pages=211988 gc_count=4096 reason=undersized
[987731.055004] NVMeVirt: WATGC_V2 discard ns=0 part=2 epoch=1 phase=2 arm=4 host=49928 gc_pages=212217 gc_count=4096 reason=undersized
[987732.605768] NVMeVirt: WATGC_V2 discard ns=0 part=0 epoch=1 phase=2 arm=4 host=49977 gc_pages=212168 gc_count=4096 reason=undersized
[987734.139913] NVMeVirt: WATGC_V2 discard ns=0 part=3 epoch=1 phase=2 arm=4 host=50073 gc_pages=212072 gc_count=4096 reason=undersized
[987734.501788] NVMeVirt: WATGC_V2 discard ns=0 part=1 epoch=1 phase=2 arm=4 host=50182 gc_pages=211957 gc_count=4096 reason=undersized
[987735.614765] NVMeVirt: WATGC_V2 discard ns=0 part=2 epoch=1 phase=2 arm=4 host=50232 gc_pages=211912 gc_count=4096 reason=undersized
[987736.872348] NVMeVirt: WATGC_V2 discard ns=0 part=0 epoch=1 phase=2 arm=4 host=48608 gc_pages=213535 gc_count=4096 reason=undersized
[987738.751537] NVMeVirt: WATGC_V2 discard ns=0 part=3 epoch=1 phase=2 arm=4 host=52138 gc_pages=210013 gc_count=4096 reason=undersized
[987739.177232] NVMeVirt: WATGC_V2 discard ns=0 part=1 epoch=1 phase=2 arm=4 host=54026 gc_pages=208118 gc_count=4096 reason=undersized
[987740.300449] NVMeVirt: WATGC_V2 discard ns=0 part=2 epoch=1 phase=2 arm=4 host=56301 gc_pages=205834 gc_count=4096 reason=undersized
[987741.093067] NVMeVirt: WATGC_V2 discard ns=0 part=0 epoch=1 phase=2 arm=4 host=54813 gc_pages=207331 gc_count=4096 reason=undersized
[987743.192151] NVMeVirt: WATGC_V2 discard ns=0 part=3 epoch=1 phase=2 arm=4 host=56798 gc_pages=205345 gc_count=4096 reason=undersized
[987743.612562] NVMeVirt: WATGC_V2 discard ns=0 part=1 epoch=1 phase=2 arm=4 host=56486 gc_pages=205664 gc_count=4096 reason=undersized
[987744.739720] NVMeVirt: WATGC_V2 discard ns=0 part=2 epoch=1 phase=2 arm=4 host=55922 gc_pages=206219 gc_count=4096 reason=undersized
[987745.204028] NVMeVirt: WATGC_V2 discard ns=0 part=0 epoch=1 phase=2 arm=4 host=54301 gc_pages=207842 gc_count=4096 reason=undersized
[987747.592525] NVMeVirt: WATGC_V2 discard ns=0 part=3 epoch=1 phase=2 arm=4 host=55261 gc_pages=206884 gc_count=4096 reason=undersized
[987748.035900] NVMeVirt: WATGC_V2 discard ns=0 part=1 epoch=1 phase=2 arm=4 host=55737 gc_pages=206408 gc_count=4096 reason=undersized
[987749.183400] NVMeVirt: WATGC_V2 discard ns=0 part=2 epoch=1 phase=2 arm=4 host=54960 gc_pages=207184 gc_count=4096 reason=undersized
[987749.340662] NVMeVirt: WATGC_V2 discard ns=0 part=0 epoch=1 phase=2 arm=4 host=53933 gc_pages=208211 gc_count=4096 reason=undersized
[987752.075324] NVMeVirt: WATGC_V2 discard ns=0 part=3 epoch=1 phase=2 arm=4 host=54883 gc_pages=207260 gc_count=4096 reason=undersized
[987752.510509] NVMeVirt: WATGC_V2 discard ns=0 part=1 epoch=1 phase=2 arm=4 host=54707 gc_pages=207442 gc_count=4096 reason=undersized
[987753.527667] NVMeVirt: WATGC_V2 discard ns=0 part=0 epoch=1 phase=2 arm=4 host=52852 gc_pages=209292 gc_count=4096 reason=undersized
[987753.719680] NVMeVirt: WATGC_V2 discard ns=0 part=2 epoch=1 phase=2 arm=4 host=54834 gc_pages=207310 gc_count=4096 reason=undersized
[987756.542248] NVMeVirt: WATGC_V2 discard ns=0 part=3 epoch=1 phase=2 arm=4 host=54449 gc_pages=207702 gc_count=4096 reason=undersized
[987757.019563] NVMeVirt: WATGC_V2 discard ns=0 part=1 epoch=1 phase=2 arm=4 host=55095 gc_pages=207058 gc_count=4096 reason=undersized
[987757.698252] NVMeVirt: WATGC_V2 discard ns=0 part=0 epoch=1 phase=2 arm=4 host=52791 gc_pages=209354 gc_count=4096 reason=undersized
[987758.207427] NVMeVirt: WATGC_V2 discard ns=0 part=2 epoch=1 phase=2 arm=4 host=54460 gc_pages=207684 gc_count=4096 reason=undersized
[987761.004681] NVMeVirt: WATGC_V2 discard ns=0 part=3 epoch=1 phase=2 arm=4 host=54442 gc_pages=207703 gc_count=4096 reason=undersized
[987761.513198] NVMeVirt: WATGC_V2 discard ns=0 part=1 epoch=1 phase=2 arm=4 host=54405 gc_pages=207745 gc_count=4096 reason=undersized
[987761.863902] NVMeVirt: WATGC_V2 discard ns=0 part=0 epoch=1 phase=2 arm=4 host=52230 gc_pages=209914 gc_count=4096 reason=undersized
[987762.708723] NVMeVirt: WATGC_V2 discard ns=0 part=2 epoch=1 phase=2 arm=4 host=53739 gc_pages=208407 gc_count=4096 reason=undersized
[987765.505115] NVMeVirt: WATGC_V2 discard ns=0 part=3 epoch=1 phase=2 arm=4 host=54034 gc_pages=208108 gc_count=4096 reason=undersized
[987766.031391] NVMeVirt: WATGC_V2 discard ns=0 part=1 epoch=1 phase=2 arm=4 host=54484 gc_pages=207660 gc_count=4096 reason=undersized
[987766.048298] NVMeVirt: WATGC_V2 discard ns=0 part=0 epoch=1 phase=2 arm=4 host=52351 gc_pages=209794 gc_count=4096 reason=undersized
[987767.251541] NVMeVirt: WATGC_V2 discard ns=0 part=2 epoch=1 phase=2 arm=4 host=54160 gc_pages=207987 gc_count=4096 reason=undersized
[987770.039685] NVMeVirt: WATGC_V2 discard ns=0 part=3 epoch=1 phase=2 arm=4 host=54241 gc_pages=207902 gc_count=4096 reason=undersized
[987770.247180] NVMeVirt: WATGC_V2 discard ns=0 part=0 epoch=1 phase=2 arm=4 host=52112 gc_pages=210032 gc_count=4096 reason=undersized
[987770.539661] NVMeVirt: WATGC_V2 discard ns=0 part=1 epoch=1 phase=2 arm=4 host=53908 gc_pages=208235 gc_count=4096 reason=undersized
[987771.806309] NVMeVirt: WATGC_V2 discard ns=0 part=2 epoch=1 phase=2 arm=4 host=54592 gc_pages=207544 gc_count=4096 reason=undersized
[987774.428797] NVMeVirt: WATGC_V2 discard ns=0 part=0 epoch=1 phase=2 arm=4 host=52529 gc_pages=209617 gc_count=4096 reason=undersized
[987774.504346] NVMeVirt: WATGC_V2 discard ns=0 part=3 epoch=1 phase=2 arm=4 host=53723 gc_pages=208431 gc_count=4096 reason=undersized
[987775.018469] NVMeVirt: WATGC_V2 discard ns=0 part=1 epoch=1 phase=2 arm=4 host=53842 gc_pages=208302 gc_count=4096 reason=undersized
[987776.342795] NVMeVirt: WATGC_V2 discard ns=0 part=2 epoch=1 phase=2 arm=4 host=54382 gc_pages=207761 gc_count=4096 reason=undersized
[987778.610183] NVMeVirt: WATGC_V2 discard ns=0 part=0 epoch=1 phase=2 arm=4 host=52808 gc_pages=209335 gc_count=4096 reason=undersized
[987778.998241] NVMeVirt: WATGC_V2 discard ns=0 part=3 epoch=1 phase=2 arm=4 host=54652 gc_pages=207496 gc_count=4096 reason=undersized
[987779.472880] NVMeVirt: WATGC_V2 discard ns=0 part=1 epoch=1 phase=2 arm=4 host=53918 gc_pages=208226 gc_count=4096 reason=undersized
[987780.820478] NVMeVirt: WATGC_V2 discard ns=0 part=2 epoch=1 phase=2 arm=4 host=54096 gc_pages=208046 gc_count=4096 reason=undersized
[987782.780807] NVMeVirt: WATGC_V2 discard ns=0 part=0 epoch=1 phase=2 arm=4 host=52526 gc_pages=209613 gc_count=4096 reason=undersized
[987783.473262] NVMeVirt: WATGC_V2 discard ns=0 part=3 epoch=1 phase=2 arm=4 host=54342 gc_pages=207810 gc_count=4096 reason=undersized
[987783.927286] NVMeVirt: WATGC_V2 discard ns=0 part=1 epoch=1 phase=2 arm=4 host=54072 gc_pages=208072 gc_count=4096 reason=undersized
[987785.293567] NVMeVirt: WATGC_V2 discard ns=0 part=2 epoch=1 phase=2 arm=4 host=54314 gc_pages=207826 gc_count=4096 reason=undersized
[987786.915973] NVMeVirt: WATGC_V2 discard ns=0 part=0 epoch=1 phase=2 arm=4 host=52820 gc_pages=209325 gc_count=4096 reason=undersized
[987787.902010] NVMeVirt: WATGC_V2 discard ns=0 part=3 epoch=1 phase=2 arm=4 host=54347 gc_pages=207800 gc_count=4096 reason=undersized
[987788.357199] NVMeVirt: WATGC_V2 discard ns=0 part=1 epoch=1 phase=2 arm=4 host=54209 gc_pages=207936 gc_count=4096 reason=undersized
[987789.772808] NVMeVirt: WATGC_V2 discard ns=0 part=2 epoch=1 phase=2 arm=4 host=54240 gc_pages=207905 gc_count=4096 reason=undersized
[987791.119084] NVMeVirt: WATGC_V2 discard ns=0 part=0 epoch=1 phase=2 arm=4 host=52779 gc_pages=209365 gc_count=4096 reason=undersized
[987792.378009] NVMeVirt: WATGC_V2 discard ns=0 part=3 epoch=1 phase=2 arm=4 host=54745 gc_pages=207395 gc_count=4096 reason=undersized
[987792.825549] NVMeVirt: WATGC_V2 discard ns=0 part=1 epoch=1 phase=2 arm=4 host=54409 gc_pages=207735 gc_count=4096 reason=undersized
[987794.198328] NVMeVirt: WATGC_V2 discard ns=0 part=2 epoch=1 phase=2 arm=4 host=53706 gc_pages=208438 gc_count=4096 reason=undersized
[987795.253977] NVMeVirt: WATGC_V2 discard ns=0 part=0 epoch=1 phase=2 arm=4 host=52939 gc_pages=209208 gc_count=4096 reason=undersized
[987796.772241] NVMeVirt: WATGC_V2 discard ns=0 part=3 epoch=1 phase=2 arm=4 host=53938 gc_pages=208210 gc_count=4096 reason=undersized
[987797.258766] NVMeVirt: WATGC_V2 discard ns=0 part=1 epoch=1 phase=2 arm=4 host=54480 gc_pages=207658 gc_count=4096 reason=undersized
[987798.656784] NVMeVirt: WATGC_V2 discard ns=0 part=2 epoch=1 phase=2 arm=4 host=54272 gc_pages=207867 gc_count=4096 reason=undersized
[987799.404121] NVMeVirt: WATGC_V2 discard ns=0 part=0 epoch=1 phase=2 arm=4 host=53088 gc_pages=209056 gc_count=4096 reason=undersized
[987801.261115] NVMeVirt: WATGC_V2 discard ns=0 part=3 epoch=1 phase=2 arm=4 host=54637 gc_pages=207507 gc_count=4096 reason=undersized
[987801.742046] NVMeVirt: WATGC_V2 discard ns=0 part=1 epoch=1 phase=2 arm=4 host=54445 gc_pages=207704 gc_count=4096 reason=undersized
[987803.163862] NVMeVirt: WATGC_V2 discard ns=0 part=2 epoch=1 phase=2 arm=4 host=54160 gc_pages=207982 gc_count=4096 reason=undersized
[987803.580033] NVMeVirt: WATGC_V2 discard ns=0 part=0 epoch=1 phase=2 arm=4 host=52577 gc_pages=209571 gc_count=4096 reason=undersized
[987805.754326] NVMeVirt: WATGC_V2 discard ns=0 part=3 epoch=1 phase=2 arm=4 host=54584 gc_pages=207560 gc_count=4096 reason=undersized
[987806.190153] NVMeVirt: WATGC_V2 discard ns=0 part=1 epoch=1 phase=2 arm=4 host=53816 gc_pages=208326 gc_count=4096 reason=undersized
[987807.638608] NVMeVirt: WATGC_V2 discard ns=0 part=2 epoch=1 phase=2 arm=4 host=53960 gc_pages=208184 gc_count=4096 reason=undersized
[987807.748167] NVMeVirt: WATGC_V2 discard ns=0 part=0 epoch=1 phase=2 arm=4 host=52929 gc_pages=209213 gc_count=4096 reason=undersized
[987810.251065] NVMeVirt: WATGC_V2 discard ns=0 part=3 epoch=1 phase=2 arm=4 host=54417 gc_pages=207721 gc_count=4096 reason=undersized
[987810.673622] NVMeVirt: WATGC_V2 discard ns=0 part=1 epoch=1 phase=2 arm=4 host=53946 gc_pages=208198 gc_count=4096 reason=undersized
[987811.930332] NVMeVirt: WATGC_V2 discard ns=0 part=0 epoch=1 phase=2 arm=4 host=52142 gc_pages=209999 gc_count=4096 reason=undersized
[987812.175746] NVMeVirt: WATGC_V2 discard ns=0 part=2 epoch=1 phase=2 arm=4 host=54061 gc_pages=208073 gc_count=4096 reason=undersized
[987814.766335] NVMeVirt: WATGC_V2 discard ns=0 part=3 epoch=1 phase=2 arm=4 host=54237 gc_pages=207906 gc_count=4096 reason=undersized
[987815.161929] NVMeVirt: WATGC_V2 discard ns=0 part=1 epoch=1 phase=2 arm=4 host=53977 gc_pages=208167 gc_count=4096 reason=undersized
[987816.126669] NVMeVirt: WATGC_V2 discard ns=0 part=0 epoch=1 phase=2 arm=4 host=52697 gc_pages=209452 gc_count=4096 reason=undersized
[987816.712689] NVMeVirt: WATGC_V2 discard ns=0 part=2 epoch=1 phase=2 arm=4 host=53861 gc_pages=208282 gc_count=4096 reason=undersized
[987819.268787] NVMeVirt: WATGC_V2 discard ns=0 part=3 epoch=1 phase=2 arm=4 host=54109 gc_pages=208036 gc_count=4096 reason=undersized
[987819.665995] NVMeVirt: WATGC_V2 discard ns=0 part=1 epoch=1 phase=2 arm=4 host=54067 gc_pages=208077 gc_count=4096 reason=undersized
[987820.320436] NVMeVirt: WATGC_V2 discard ns=0 part=0 epoch=1 phase=2 arm=4 host=52636 gc_pages=209505 gc_count=4096 reason=undersized
[987821.220877] NVMeVirt: WATGC_V2 discard ns=0 part=2 epoch=1 phase=2 arm=4 host=54258 gc_pages=207880 gc_count=4096 reason=undersized
[987823.707526] NVMeVirt: WATGC_V2 discard ns=0 part=3 epoch=1 phase=2 arm=4 host=53805 gc_pages=208335 gc_count=4096 reason=undersized
[987824.098189] NVMeVirt: WATGC_V2 discard ns=0 part=1 epoch=1 phase=2 arm=4 host=53913 gc_pages=208229 gc_count=4096 reason=undersized
[987824.476673] NVMeVirt: WATGC_V2 discard ns=0 part=0 epoch=1 phase=2 arm=4 host=53116 gc_pages=209028 gc_count=4096 reason=undersized
[987825.658137] NVMeVirt: WATGC_V2 discard ns=0 part=2 epoch=1 phase=2 arm=4 host=53698 gc_pages=208446 gc_count=4096 reason=undersized
[987828.168374] NVMeVirt: WATGC_V2 discard ns=0 part=3 epoch=1 phase=2 arm=4 host=53950 gc_pages=208194 gc_count=4096 reason=undersized
[987828.563961] NVMeVirt: WATGC_V2 discard ns=0 part=1 epoch=1 phase=2 arm=4 host=53614 gc_pages=208530 gc_count=4096 reason=undersized
[987828.654811] NVMeVirt: WATGC_V2 discard ns=0 part=0 epoch=1 phase=2 arm=4 host=52200 gc_pages=209944 gc_count=4096 reason=undersized
[987830.166411] NVMeVirt: WATGC_V2 discard ns=0 part=2 epoch=1 phase=2 arm=4 host=53836 gc_pages=208311 gc_count=4096 reason=undersized
[987832.651113] NVMeVirt: WATGC_V2 discard ns=0 part=3 epoch=1 phase=2 arm=4 host=53818 gc_pages=208326 gc_count=4096 reason=undersized
[987832.826705] NVMeVirt: WATGC_V2 discard ns=0 part=0 epoch=1 phase=2 arm=4 host=52068 gc_pages=210068 gc_count=4096 reason=undersized
[987833.039851] NVMeVirt: WATGC_V2 discard ns=0 part=1 epoch=1 phase=2 arm=4 host=53773 gc_pages=208376 gc_count=4096 reason=undersized
[987834.637466] NVMeVirt: WATGC_V2 discard ns=0 part=2 epoch=1 phase=2 arm=4 host=53104 gc_pages=209035 gc_count=4096 reason=undersized
[987837.001893] NVMeVirt: WATGC_V2 discard ns=0 part=0 epoch=1 phase=2 arm=4 host=51805 gc_pages=210343 gc_count=4096 reason=undersized
[987837.122569] NVMeVirt: WATGC_V2 discard ns=0 part=3 epoch=1 phase=2 arm=4 host=53429 gc_pages=208708 gc_count=4096 reason=undersized
[987837.530538] NVMeVirt: WATGC_V2 discard ns=0 part=1 epoch=1 phase=2 arm=4 host=53743 gc_pages=208401 gc_count=4096 reason=undersized
[987839.199464] NVMeVirt: WATGC_V2 discard ns=0 part=2 epoch=1 phase=2 arm=4 host=53823 gc_pages=208329 gc_count=4096 reason=undersized
[987841.212470] NVMeVirt: WATGC_V2 discard ns=0 part=0 epoch=1 phase=2 arm=4 host=51345 gc_pages=210792 gc_count=4096 reason=undersized
[987841.662717] NVMeVirt: WATGC_V2 discard ns=0 part=3 epoch=1 phase=2 arm=4 host=53574 gc_pages=208568 gc_count=4096 reason=undersized
[987842.043127] NVMeVirt: WATGC_V2 discard ns=0 part=1 epoch=1 phase=2 arm=4 host=52996 gc_pages=209147 gc_count=4096 reason=undersized
[987843.715359] NVMeVirt: WATGC_V2 discard ns=0 part=2 epoch=1 phase=2 arm=4 host=53503 gc_pages=208641 gc_count=4096 reason=undersized
[987845.399788] NVMeVirt: WATGC_V2 discard ns=0 part=0 epoch=1 phase=2 arm=4 host=52201 gc_pages=209943 gc_count=4096 reason=undersized
[987846.181553] NVMeVirt: WATGC_V2 discard ns=0 part=3 epoch=1 phase=2 arm=4 host=54375 gc_pages=207773 gc_count=4096 reason=undersized
[987846.486694] NVMeVirt: WATGC_V2 discard ns=0 part=1 epoch=1 phase=2 arm=4 host=52903 gc_pages=209242 gc_count=4096 reason=undersized
[987848.233919] NVMeVirt: WATGC_V2 discard ns=0 part=2 epoch=1 phase=2 arm=4 host=53751 gc_pages=208394 gc_count=4096 reason=undersized
[987849.610556] NVMeVirt: WATGC_V2 discard ns=0 part=0 epoch=1 phase=2 arm=4 host=52583 gc_pages=209559 gc_count=4096 reason=undersized
[987850.624914] NVMeVirt: WATGC_V2 discard ns=0 part=3 epoch=1 phase=2 arm=4 host=53427 gc_pages=208716 gc_count=4096 reason=undersized
[987850.906345] NVMeVirt: WATGC_V2 discard ns=0 part=1 epoch=1 phase=2 arm=4 host=52945 gc_pages=209191 gc_count=4096 reason=undersized
[987852.732966] NVMeVirt: WATGC_V2 discard ns=0 part=2 epoch=1 phase=2 arm=4 host=53786 gc_pages=208359 gc_count=4096 reason=undersized
[987853.773522] NVMeVirt: WATGC_V2 discard ns=0 part=0 epoch=1 phase=2 arm=4 host=51908 gc_pages=210230 gc_count=4096 reason=undersized
[987855.087583] NVMeVirt: WATGC_V2 discard ns=0 part=3 epoch=1 phase=2 arm=4 host=52908 gc_pages=209230 gc_count=4096 reason=undersized
[987855.404613] NVMeVirt: WATGC_V2 discard ns=0 part=1 epoch=1 phase=2 arm=4 host=53559 gc_pages=208580 gc_count=4096 reason=undersized
[987857.235470] NVMeVirt: WATGC_V2 discard ns=0 part=2 epoch=1 phase=2 arm=4 host=53096 gc_pages=209050 gc_count=4096 reason=undersized
[987857.970140] NVMeVirt: WATGC_V2 discard ns=0 part=0 epoch=1 phase=2 arm=4 host=51956 gc_pages=210189 gc_count=4096 reason=undersized
[987861.116505] mix-mixF-online-324191 phase=B END
[987861.119604] NVMeVirt: Measurement: command=stop epoch=1 host_bytes=195259822080 learner_active=0
[987861.170645] EXT4-fs (nvme0n1): unmounting filesystem f2b8cd46-904a-4700-83be-660051afc98c.
[987861.273116] pci_bus 0001:10: busn_res: [bus 10-ff] is released
[987861.273196] NVMeVirt: WATGC_V2 summary ns=0 part=0 epoch=1 windows=64 epoch_windows=64 discarded=69 visited=60 covered=0 settled=0 phase=1 current=4 best=18 k=4 scale_pct=50 age_ratio=4 best_waf_valid=1 best_waf_q16=106788
[987861.273204] NVMeVirt: WATGC_V2 summary ns=0 part=1 epoch=1 windows=64 epoch_windows=64 discarded=64 visited=60 covered=0 settled=0 phase=2 current=4 best=18 k=4 scale_pct=50 age_ratio=4 best_waf_valid=1 best_waf_q16=107070
[987861.273207] NVMeVirt: WATGC_V2 summary ns=0 part=2 epoch=1 windows=64 epoch_windows=64 discarded=64 visited=60 covered=0 settled=0 phase=2 current=4 best=18 k=4 scale_pct=50 age_ratio=4 best_waf_valid=1 best_waf_q16=106764
[987861.273211] NVMeVirt: WATGC_V2 summary ns=0 part=3 epoch=1 windows=64 epoch_windows=64 discarded=64 visited=60 covered=0 settled=0 phase=2 current=4 best=18 k=4 scale_pct=50 age_ratio=4 best_waf_valid=1 best_waf_q16=107036
[987861.273213] NVMeVirt: GC stats: ns=0 policy=watgc-v2 host_pages=47670855 gc_pages=114663006 gc_count=2536466 WAF=3.405 warmup_gc=100-per-part
[987861.348598] NVMeVirt: Virtual NVMe device closed
[987864.752552] iCAT_FIO_START module=fixed50 run=20260923-060947-326154
[987864.905535] NVMeVirt: Version 1.10 for >> Samsung 970 Pro SSD <<
[987864.905541] NVMeVirt: Storage: 0x100100000-0x300000000 (8191 MiB)
[987864.916372] NVMeVirt: Total Capacity(GiB,MiB)=2,2048 chs=2 luns=4 lines=8192 blk-size(MiB,KiB)=0,64 line-size(MiB,KiB)=0,256
[987864.928191] NVMeVirt: [chmodel_init] bandwidth 800 max_credits 26 tx_time 152
[987864.938525] NVMeVirt: [chmodel_init] bandwidth 800 max_credits 26 tx_time 152
[987864.938539] NVMeVirt: [chmodel_init] bandwidth 3360 max_credits 110 tx_time 36
[987864.938542] NVMeVirt: Fixed CAT init ns=0 part=0 arm=50 k=10 scale_pct=50 age_ratio=16
[987864.939541] NVMeVirt: pqueue: Copyright (c) 2014, Volkan Yazıcı <volkan.yazici@gmail.com>. All rights reserved.
[987864.939579] NVMeVirt: Init FTL instance with 2 channels (524288 pages)
[987864.939581] NVMeVirt: GC victim policy: cat-fig7-fixed ns=0 part=0 initial_k=10 initial_scale_pct=50 initial_age_ratio=16 warmup_gc=100
[987864.949707] NVMeVirt: [chmodel_init] bandwidth 800 max_credits 26 tx_time 152
[987864.959982] NVMeVirt: [chmodel_init] bandwidth 800 max_credits 26 tx_time 152
[987864.959995] NVMeVirt: [chmodel_init] bandwidth 3360 max_credits 110 tx_time 36
[987864.959997] NVMeVirt: Fixed CAT init ns=0 part=1 arm=50 k=10 scale_pct=50 age_ratio=16
[987864.960886] NVMeVirt: Init FTL instance with 2 channels (524288 pages)
[987864.960888] NVMeVirt: GC victim policy: cat-fig7-fixed ns=0 part=1 initial_k=10 initial_scale_pct=50 initial_age_ratio=16 warmup_gc=100
[987864.971189] NVMeVirt: [chmodel_init] bandwidth 800 max_credits 26 tx_time 152
[987864.981229] NVMeVirt: [chmodel_init] bandwidth 800 max_credits 26 tx_time 152
[987864.981242] NVMeVirt: [chmodel_init] bandwidth 3360 max_credits 110 tx_time 36
[987864.981244] NVMeVirt: Fixed CAT init ns=0 part=2 arm=50 k=10 scale_pct=50 age_ratio=16
[987864.982165] NVMeVirt: Init FTL instance with 2 channels (524288 pages)
[987864.982167] NVMeVirt: GC victim policy: cat-fig7-fixed ns=0 part=2 initial_k=10 initial_scale_pct=50 initial_age_ratio=16 warmup_gc=100
[987864.992154] NVMeVirt: [chmodel_init] bandwidth 800 max_credits 26 tx_time 152
[987865.002136] NVMeVirt: [chmodel_init] bandwidth 800 max_credits 26 tx_time 152
[987865.002149] NVMeVirt: [chmodel_init] bandwidth 3360 max_credits 110 tx_time 36
[987865.002151] NVMeVirt: Fixed CAT init ns=0 part=3 arm=50 k=10 scale_pct=50 age_ratio=16
[987865.003123] NVMeVirt: Init FTL instance with 2 channels (524288 pages)
[987865.003125] NVMeVirt: GC victim policy: cat-fig7-fixed ns=0 part=3 initial_k=10 initial_scale_pct=50 initial_age_ratio=16 warmup_gc=100
[987865.003132] NVMeVirt: FTL physical space: 8588886016, logical space: 8026996276 (physical/logical * 100 = 107)
[987865.003133] NVMeVirt: ns 0/1: size 7655 MiB
[987865.003186] PCI host bridge to bus 0001:10
[987865.003189] pci_bus 0001:10: root bus resource [io  0x0000-0xffff]
[987865.003191] pci_bus 0001:10: root bus resource [mem 0x00000000-0x7fffffffff]
[987865.003194] pci_bus 0001:10: root bus resource [bus 00-ff]
[987865.003202] pci 0001:10:00.0: [0c51:0110] type 00 class 0x010802 PCIe Endpoint
[987865.003206] pci 0001:10:00.0: BAR 0 [mem 0x100000000-0x100003fff 64bit]
[987865.003208] pci 0001:10:00.0: enabling Extended Tags
[987865.003332] NVMeVirt: Virtual PCI bus created (node 0)
[987865.003582] NVMeVirt: nvmev_io_worker_0 started on cpu 2 (node 0)
[987865.003717] NVMeVirt: Virtual NVMe device created
[987865.003723] NVMeVirt: nvmev_dispatcher started on cpu 1 (node 0)
[987865.005694] nvme nvme0: pci function 0001:10:00.0
[987865.007628] nvme nvme0: 8/0/0 default/read/poll queues
[987865.077159] EXT4-fs (nvme0n1): mounted filesystem e1db5104-71a8-4afb-86e0-5930e55e9fb9 r/w with ordered data mode. Quota mode: none.
[988468.567176] EXT4-fs (nvme0n1): unmounting filesystem e1db5104-71a8-4afb-86e0-5930e55e9fb9.
[988468.631134] pci_bus 0001:10: busn_res: [bus 10-ff] is released
[988468.631184] NVMeVirt: GC stats: ns=0 policy=cat-fig7-fixed host_pages=5500672 gc_pages=3947082 gc_count=147613 WAF=1.717 warmup_gc=100-per-part
[988468.703829] NVMeVirt: Virtual NVMe device closed
[988468.722075] iCAT_FIO_END module=fixed50 run=20260923-060947-326154
[988468.756632] iCAT_FIO_START module=gh-online run=20260923-061951-326572
[988468.804853] NVMeVirt: Version 1.10 for >> Samsung 970 Pro SSD <<
[988468.804860] NVMeVirt: Storage: 0x100100000-0x300000000 (8191 MiB)
[988468.817095] NVMeVirt: Total Capacity(GiB,MiB)=2,2048 chs=2 luns=4 lines=8192 blk-size(MiB,KiB)=0,64 line-size(MiB,KiB)=0,256
[988468.829459] NVMeVirt: [chmodel_init] bandwidth 800 max_credits 26 tx_time 152
[988468.840006] NVMeVirt: [chmodel_init] bandwidth 800 max_credits 26 tx_time 152
[988468.840024] NVMeVirt: [chmodel_init] bandwidth 3360 max_credits 110 tx_time 36
[988468.840027] NVMeVirt: WATGC_V2 init ns=0 part=0 arms=60 initial=37 prior=none gamma_q16=65503 exploration_q16=16384
[988468.840977] NVMeVirt: pqueue: Copyright (c) 2014, Volkan Yazıcı <volkan.yazici@gmail.com>. All rights reserved.
[988468.841030] NVMeVirt: Init FTL instance with 2 channels (524288 pages)
[988468.841032] NVMeVirt: GC victim policy: watgc-v2 ns=0 part=0 initial_k=7 initial_scale_pct=100 initial_age_ratio=7 warmup_gc=100
[988468.851763] NVMeVirt: [chmodel_init] bandwidth 800 max_credits 26 tx_time 152
[988468.862331] NVMeVirt: [chmodel_init] bandwidth 800 max_credits 26 tx_time 152
[988468.862345] NVMeVirt: [chmodel_init] bandwidth 3360 max_credits 110 tx_time 36
[988468.862347] NVMeVirt: WATGC_V2 init ns=0 part=1 arms=60 initial=37 prior=none gamma_q16=65503 exploration_q16=16384
[988468.863574] NVMeVirt: Init FTL instance with 2 channels (524288 pages)
[988468.863578] NVMeVirt: GC victim policy: watgc-v2 ns=0 part=1 initial_k=7 initial_scale_pct=100 initial_age_ratio=7 warmup_gc=100
[988468.873986] NVMeVirt: [chmodel_init] bandwidth 800 max_credits 26 tx_time 152
[988468.884495] NVMeVirt: [chmodel_init] bandwidth 800 max_credits 26 tx_time 152
[988468.884510] NVMeVirt: [chmodel_init] bandwidth 3360 max_credits 110 tx_time 36
[988468.884512] NVMeVirt: WATGC_V2 init ns=0 part=2 arms=60 initial=37 prior=none gamma_q16=65503 exploration_q16=16384
[988468.885551] NVMeVirt: Init FTL instance with 2 channels (524288 pages)
[988468.885553] NVMeVirt: GC victim policy: watgc-v2 ns=0 part=2 initial_k=7 initial_scale_pct=100 initial_age_ratio=7 warmup_gc=100
[988468.895988] NVMeVirt: [chmodel_init] bandwidth 800 max_credits 26 tx_time 152
[988468.906412] NVMeVirt: [chmodel_init] bandwidth 800 max_credits 26 tx_time 152
[988468.906427] NVMeVirt: [chmodel_init] bandwidth 3360 max_credits 110 tx_time 36
[988468.906429] NVMeVirt: WATGC_V2 init ns=0 part=3 arms=60 initial=37 prior=none gamma_q16=65503 exploration_q16=16384
[988468.907463] NVMeVirt: Init FTL instance with 2 channels (524288 pages)
[988468.907466] NVMeVirt: GC victim policy: watgc-v2 ns=0 part=3 initial_k=7 initial_scale_pct=100 initial_age_ratio=7 warmup_gc=100
[988468.907472] NVMeVirt: FTL physical space: 8588886016, logical space: 8026996276 (physical/logical * 100 = 107)
[988468.907474] NVMeVirt: ns 0/1: size 7655 MiB
[988468.907528] PCI host bridge to bus 0001:10
[988468.907530] pci_bus 0001:10: root bus resource [io  0x0000-0xffff]
[988468.907532] pci_bus 0001:10: root bus resource [mem 0x00000000-0x7fffffffff]
[988468.907535] pci_bus 0001:10: root bus resource [bus 00-ff]
[988468.907542] pci 0001:10:00.0: [0c51:0110] type 00 class 0x010802 PCIe Endpoint
[988468.907546] pci 0001:10:00.0: BAR 0 [mem 0x100000000-0x100003fff 64bit]
[988468.907548] pci 0001:10:00.0: enabling Extended Tags
[988468.907677] NVMeVirt: Virtual PCI bus created (node 0)
[988468.907928] NVMeVirt: nvmev_io_worker_0 started on cpu 2 (node 0)
[988468.907945] NVMeVirt: nvmev_dispatcher started on cpu 1 (node 0)
[988468.907978] NVMeVirt: Virtual NVMe device created
[988468.908203] nvme nvme0: pci function 0001:10:00.0
[988468.910526] nvme nvme0: 8/0/0 default/read/poll queues
[988468.987700] EXT4-fs (nvme0n1): mounted filesystem b8adc5c8-ef97-46c3-adb0-c7c3c984be41 r/w with ordered data mode. Quota mode: none.
[988523.645998] NVMeVirt: WATGC_V2 warmup-done ns=0 part=1 gc_count=100
[988523.704088] NVMeVirt: WATGC_V2 warmup-done ns=0 part=0 gc_count=100
[988523.705969] NVMeVirt: WATGC_V2 warmup-done ns=0 part=2 gc_count=100
[988523.754037] NVMeVirt: WATGC_V2 warmup-done ns=0 part=3 gc_count=100
[988561.799710] NVMeVirt: WATGC_V2 sample ns=0 part=1 epoch=1 window=1 phase=measure evaluated=37 k=7 scale_pct=100 age_ratio=7 host=65540 gc_pages=41524 gc_count=1673 waf_q16=107057 best=37 next=0 settled=0
[988561.856585] NVMeVirt: WATGC_V2 sample ns=0 part=3 epoch=1 window=1 phase=measure evaluated=37 k=7 scale_pct=100 age_ratio=7 host=65541 gc_pages=41204 gc_count=1668 waf_q16=106736 best=37 next=0 settled=0
[988561.867758] NVMeVirt: WATGC_V2 sample ns=0 part=0 epoch=1 window=1 phase=measure evaluated=37 k=7 scale_pct=100 age_ratio=7 host=65545 gc_pages=41520 gc_count=1673 waf_q16=107050 best=37 next=0 settled=0
[988561.959748] NVMeVirt: WATGC_V2 sample ns=0 part=2 epoch=1 window=1 phase=measure evaluated=37 k=7 scale_pct=100 age_ratio=7 host=65553 gc_pages=41447 gc_count=1672 waf_q16=106972 best=37 next=0 settled=0
[988600.860823] NVMeVirt: WATGC_V2 sample ns=0 part=0 epoch=1 window=2 phase=measure evaluated=0 k=2 scale_pct=25 age_ratio=4 host=65552 gc_pages=23799 gc_count=1396 waf_q16=89329 best=0 next=1 settled=0
[988600.896440] NVMeVirt: WATGC_V2 sample ns=0 part=1 epoch=1 window=2 phase=measure evaluated=0 k=2 scale_pct=25 age_ratio=4 host=65550 gc_pages=23739 gc_count=1395 waf_q16=89269 best=0 next=1 settled=0
[988600.932439] NVMeVirt: WATGC_V2 sample ns=0 part=2 epoch=1 window=2 phase=measure evaluated=0 k=2 scale_pct=25 age_ratio=4 host=65552 gc_pages=23865 gc_count=1397 waf_q16=89395 best=0 next=1 settled=0
[988601.061094] NVMeVirt: WATGC_V2 sample ns=0 part=3 epoch=1 window=2 phase=measure evaluated=0 k=2 scale_pct=25 age_ratio=4 host=65557 gc_pages=23412 gc_count=1390 waf_q16=88940 best=0 next=1 settled=0
[988640.212585] NVMeVirt: WATGC_V2 sample ns=0 part=0 epoch=1 window=3 phase=measure evaluated=1 k=2 scale_pct=25 age_ratio=7 host=65566 gc_pages=34785 gc_count=1568 waf_q16=100305 best=0 next=2 settled=0
[988640.268072] NVMeVirt: WATGC_V2 sample ns=0 part=1 epoch=1 window=3 phase=measure evaluated=1 k=2 scale_pct=25 age_ratio=7 host=65537 gc_pages=34621 gc_count=1565 waf_q16=100156 best=0 next=2 settled=0
[988640.304923] NVMeVirt: WATGC_V2 sample ns=0 part=3 epoch=1 window=3 phase=measure evaluated=1 k=2 scale_pct=25 age_ratio=7 host=65544 gc_pages=34488 gc_count=1563 waf_q16=100019 best=0 next=2 settled=0
[988640.311574] NVMeVirt: WATGC_V2 sample ns=0 part=2 epoch=1 window=3 phase=measure evaluated=1 k=2 scale_pct=25 age_ratio=7 host=65568 gc_pages=34592 gc_count=1565 waf_q16=100111 best=0 next=2 settled=0
[988679.492989] NVMeVirt: WATGC_V2 sample ns=0 part=0 epoch=1 window=4 phase=measure evaluated=2 k=2 scale_pct=25 age_ratio=16 host=65558 gc_pages=45873 gc_count=1741 waf_q16=111393 best=0 next=3 settled=0
[988679.546000] NVMeVirt: WATGC_V2 sample ns=0 part=1 epoch=1 window=4 phase=measure evaluated=2 k=2 scale_pct=25 age_ratio=16 host=65546 gc_pages=46076 gc_count=1744 waf_q16=111604 best=0 next=3 settled=0
[988679.669517] NVMeVirt: WATGC_V2 sample ns=0 part=3 epoch=1 window=4 phase=measure evaluated=2 k=2 scale_pct=25 age_ratio=16 host=65559 gc_pages=46064 gc_count=1744 waf_q16=111583 best=0 next=3 settled=0
[988679.716961] NVMeVirt: WATGC_V2 sample ns=0 part=2 epoch=1 window=4 phase=measure evaluated=2 k=2 scale_pct=25 age_ratio=16 host=65558 gc_pages=45552 gc_count=1736 waf_q16=111072 best=0 next=3 settled=0
[988718.813719] NVMeVirt: WATGC_V2 sample ns=0 part=0 epoch=1 window=5 phase=measure evaluated=3 k=2 scale_pct=50 age_ratio=4 host=65545 gc_pages=49847 gc_count=1803 waf_q16=115376 best=0 next=4 settled=0
[988718.890053] NVMeVirt: WATGC_V2 sample ns=0 part=1 epoch=1 window=5 phase=measure evaluated=3 k=2 scale_pct=50 age_ratio=4 host=65544 gc_pages=50232 gc_count=1809 waf_q16=115761 best=0 next=4 settled=0
[988719.022883] NVMeVirt: WATGC_V2 sample ns=0 part=3 epoch=1 window=5 phase=measure evaluated=3 k=2 scale_pct=50 age_ratio=4 host=65556 gc_pages=49579 gc_count=1799 waf_q16=115099 best=0 next=4 settled=0
[988719.031265] NVMeVirt: WATGC_V2 sample ns=0 part=2 epoch=1 window=5 phase=measure evaluated=3 k=2 scale_pct=50 age_ratio=4 host=65560 gc_pages=49640 gc_count=1800 waf_q16=115157 best=0 next=4 settled=0
[988758.076365] NVMeVirt: WATGC_V2 sample ns=0 part=0 epoch=1 window=6 phase=measure evaluated=4 k=2 scale_pct=50 age_ratio=7 host=65554 gc_pages=59701 gc_count=1957 waf_q16=125220 best=0 next=5 settled=0
[988758.220186] NVMeVirt: WATGC_V2 sample ns=0 part=1 epoch=1 window=6 phase=measure evaluated=4 k=2 scale_pct=50 age_ratio=7 host=65538 gc_pages=59462 gc_count=1953 waf_q16=124996 best=0 next=5 settled=0
[988758.345538] NVMeVirt: WATGC_V2 sample ns=0 part=2 epoch=1 window=6 phase=measure evaluated=4 k=2 scale_pct=50 age_ratio=7 host=65540 gc_pages=58307 gc_count=1935 waf_q16=123839 best=0 next=5 settled=0
[988758.432498] NVMeVirt: WATGC_V2 sample ns=0 part=3 epoch=1 window=6 phase=measure evaluated=4 k=2 scale_pct=50 age_ratio=7 host=65551 gc_pages=57849 gc_count=1928 waf_q16=123371 best=0 next=5 settled=0
[988797.463909] NVMeVirt: WATGC_V2 sample ns=0 part=0 epoch=1 window=7 phase=measure evaluated=5 k=2 scale_pct=50 age_ratio=16 host=65541 gc_pages=96056 gc_count=2525 waf_q16=161584 best=0 next=6 settled=0
[988797.574821] NVMeVirt: WATGC_V2 sample ns=0 part=1 epoch=1 window=7 phase=measure evaluated=5 k=2 scale_pct=50 age_ratio=16 host=65550 gc_pages=96882 gc_count=2538 waf_q16=162397 best=0 next=6 settled=0
[988797.636249] NVMeVirt: WATGC_V2 sample ns=0 part=2 epoch=1 window=7 phase=measure evaluated=5 k=2 scale_pct=50 age_ratio=16 host=65554 gc_pages=95597 gc_count=2518 waf_q16=161106 best=0 next=6 settled=0
[988797.728850] NVMeVirt: WATGC_V2 sample ns=0 part=3 epoch=1 window=7 phase=measure evaluated=5 k=2 scale_pct=50 age_ratio=16 host=65548 gc_pages=96371 gc_count=2530 waf_q16=161889 best=0 next=6 settled=0
[988836.843154] NVMeVirt: WATGC_V2 sample ns=0 part=1 epoch=1 window=8 phase=measure evaluated=6 k=2 scale_pct=100 age_ratio=4 host=65553 gc_pages=96364 gc_count=2530 waf_q16=161875 best=0 next=7 settled=0
[988836.899875] NVMeVirt: WATGC_V2 sample ns=0 part=0 epoch=1 window=8 phase=measure evaluated=6 k=2 scale_pct=100 age_ratio=4 host=65562 gc_pages=97059 gc_count=2541 waf_q16=162556 best=0 next=7 settled=0
[988836.982207] NVMeVirt: WATGC_V2 sample ns=0 part=2 epoch=1 window=8 phase=measure evaluated=6 k=2 scale_pct=100 age_ratio=4 host=65538 gc_pages=96636 gc_count=2534 waf_q16=162169 best=0 next=7 settled=0
[988837.005544] NVMeVirt: WATGC_V2 sample ns=0 part=3 epoch=1 window=8 phase=measure evaluated=6 k=2 scale_pct=100 age_ratio=4 host=65554 gc_pages=96620 gc_count=2534 waf_q16=162129 best=0 next=7 settled=0
[988876.123975] NVMeVirt: WATGC_V2 sample ns=0 part=0 epoch=1 window=9 phase=measure evaluated=7 k=2 scale_pct=100 age_ratio=7 host=65556 gc_pages=95404 gc_count=2515 waf_q16=160910 best=0 next=8 settled=0
[988876.187102] NVMeVirt: WATGC_V2 sample ns=0 part=1 epoch=1 window=9 phase=measure evaluated=7 k=2 scale_pct=100 age_ratio=7 host=65549 gc_pages=95347 gc_count=2514 waf_q16=160864 best=0 next=8 settled=0
[988876.356315] NVMeVirt: WATGC_V2 sample ns=0 part=3 epoch=1 window=9 phase=measure evaluated=7 k=2 scale_pct=100 age_ratio=7 host=65556 gc_pages=95787 gc_count=2521 waf_q16=161293 best=0 next=8 settled=0
[988876.371768] NVMeVirt: WATGC_V2 sample ns=0 part=2 epoch=1 window=9 phase=measure evaluated=7 k=2 scale_pct=100 age_ratio=7 host=65545 gc_pages=95671 gc_count=2519 waf_q16=161193 best=0 next=8 settled=0
[988915.444567] NVMeVirt: WATGC_V2 sample ns=0 part=1 epoch=1 window=10 phase=measure evaluated=8 k=2 scale_pct=100 age_ratio=16 host=65546 gc_pages=86774 gc_count=2380 waf_q16=152296 best=0 next=9 settled=0
[988915.473864] NVMeVirt: WATGC_V2 sample ns=0 part=0 epoch=1 window=10 phase=measure evaluated=8 k=2 scale_pct=100 age_ratio=16 host=65553 gc_pages=85231 gc_count=2356 waf_q16=150744 best=0 next=9 settled=0
[988915.679239] NVMeVirt: WATGC_V2 sample ns=0 part=2 epoch=1 window=10 phase=measure evaluated=8 k=2 scale_pct=100 age_ratio=16 host=65562 gc_pages=86310 gc_count=2373 waf_q16=151811 best=0 next=9 settled=0
[988915.772888] NVMeVirt: WATGC_V2 sample ns=0 part=3 epoch=1 window=10 phase=measure evaluated=8 k=2 scale_pct=100 age_ratio=16 host=65542 gc_pages=86072 gc_count=2369 waf_q16=151600 best=0 next=9 settled=0
[988954.862155] NVMeVirt: WATGC_V2 sample ns=0 part=1 epoch=1 window=11 phase=measure evaluated=9 k=2 scale_pct=200 age_ratio=4 host=65561 gc_pages=78508 gc_count=2251 waf_q16=144014 best=0 next=10 settled=0
[988954.882500] NVMeVirt: WATGC_V2 sample ns=0 part=0 epoch=1 window=11 phase=measure evaluated=9 k=2 scale_pct=200 age_ratio=4 host=65541 gc_pages=79166 gc_count=2261 waf_q16=144695 best=0 next=10 settled=0
[988954.933950] NVMeVirt: WATGC_V2 sample ns=0 part=2 epoch=1 window=11 phase=measure evaluated=9 k=2 scale_pct=200 age_ratio=4 host=65551 gc_pages=80053 gc_count=2275 waf_q16=145570 best=0 next=10 settled=0
[988955.008314] NVMeVirt: WATGC_V2 sample ns=0 part=3 epoch=1 window=11 phase=measure evaluated=9 k=2 scale_pct=200 age_ratio=4 host=65554 gc_pages=80114 gc_count=2276 waf_q16=145628 best=0 next=10 settled=0
[988994.195261] NVMeVirt: WATGC_V2 sample ns=0 part=0 epoch=1 window=12 phase=measure evaluated=10 k=2 scale_pct=200 age_ratio=7 host=65536 gc_pages=77051 gc_count=2228 waf_q16=142587 best=0 next=11 settled=0
[988994.238259] NVMeVirt: WATGC_V2 sample ns=0 part=2 epoch=1 window=12 phase=measure evaluated=10 k=2 scale_pct=200 age_ratio=7 host=65548 gc_pages=77808 gc_count=2240 waf_q16=143329 best=0 next=11 settled=0
[988994.285929] NVMeVirt: WATGC_V2 sample ns=0 part=1 epoch=1 window=12 phase=measure evaluated=10 k=2 scale_pct=200 age_ratio=7 host=65561 gc_pages=75875 gc_count=2210 waf_q16=141382 best=0 next=11 settled=0
[988994.294752] NVMeVirt: WATGC_V2 sample ns=0 part=3 epoch=1 window=12 phase=measure evaluated=10 k=2 scale_pct=200 age_ratio=7 host=65564 gc_pages=76640 gc_count=2222 waf_q16=142143 best=0 next=11 settled=0
[989033.484175] NVMeVirt: WATGC_V2 sample ns=0 part=0 epoch=1 window=13 phase=measure evaluated=11 k=2 scale_pct=200 age_ratio=16 host=65547 gc_pages=81331 gc_count=2295 waf_q16=146853 best=0 next=12 settled=0
[989033.546512] NVMeVirt: WATGC_V2 sample ns=0 part=1 epoch=1 window=13 phase=measure evaluated=11 k=2 scale_pct=200 age_ratio=16 host=65555 gc_pages=80555 gc_count=2283 waf_q16=146067 best=0 next=12 settled=0
[989033.642345] NVMeVirt: WATGC_V2 sample ns=0 part=2 epoch=1 window=13 phase=measure evaluated=11 k=2 scale_pct=200 age_ratio=16 host=65546 gc_pages=82869 gc_count=2319 waf_q16=148392 best=0 next=12 settled=0
[989033.661868] NVMeVirt: WATGC_V2 sample ns=0 part=3 epoch=1 window=13 phase=measure evaluated=11 k=2 scale_pct=200 age_ratio=16 host=65549 gc_pages=80625 gc_count=2284 waf_q16=146145 best=0 next=12 settled=0
[989072.486348] EXT4-fs (nvme0n1): unmounting filesystem b8adc5c8-ef97-46c3-adb0-c7c3c984be41.
[989072.555271] pci_bus 0001:10: busn_res: [bus 10-ff] is released
[989072.555332] NVMeVirt: WATGC_V2 summary ns=0 part=0 epoch=1 windows=13 epoch_windows=13 discarded=0 visited=13 covered=0 settled=0 phase=2 current=12 best=0 k=2 scale_pct=25 age_ratio=4 best_waf_valid=1 best_waf_q16=89329
[989072.555339] NVMeVirt: WATGC_V2 summary ns=0 part=1 epoch=1 windows=13 epoch_windows=13 discarded=0 visited=13 covered=0 settled=0 phase=2 current=12 best=0 k=2 scale_pct=25 age_ratio=4 best_waf_valid=1 best_waf_q16=89269
[989072.555357] NVMeVirt: WATGC_V2 summary ns=0 part=2 epoch=1 windows=13 epoch_windows=13 discarded=0 visited=13 covered=0 settled=0 phase=2 current=12 best=0 k=2 scale_pct=25 age_ratio=4 best_waf_valid=1 best_waf_q16=89395
[989072.555362] NVMeVirt: WATGC_V2 summary ns=0 part=3 epoch=1 windows=13 epoch_windows=13 discarded=0 visited=13 covered=0 settled=0 phase=2 current=12 best=0 k=2 scale_pct=25 age_ratio=4 best_waf_valid=1 best_waf_q16=88940
[989072.555366] NVMeVirt: GC stats: ns=0 policy=watgc-v2 host_pages=5500691 gc_pages=5585830 gc_count=173217 WAF=2.015 warmup_gc=100-per-part
[989072.638268] NVMeVirt: Virtual NVMe device closed
[989072.656350] iCAT_FIO_END module=gh-online run=20260923-061951-326572
[989072.687505] iCAT_FIO_START module=gh-greedy run=20260923-062955-327036
[989072.732873] NVMeVirt: Version 1.10 for >> Samsung 970 Pro SSD <<
[989072.732880] NVMeVirt: Storage: 0x100100000-0x300000000 (8191 MiB)
[989072.743703] NVMeVirt: Total Capacity(GiB,MiB)=2,2048 chs=2 luns=4 lines=8192 blk-size(MiB,KiB)=0,64 line-size(MiB,KiB)=0,256
[989072.754503] NVMeVirt: [chmodel_init] bandwidth 800 max_credits 26 tx_time 152
[989072.765286] NVMeVirt: [chmodel_init] bandwidth 800 max_credits 26 tx_time 152
[989072.765300] NVMeVirt: [chmodel_init] bandwidth 3360 max_credits 110 tx_time 36
[989072.766366] NVMeVirt: pqueue: Copyright (c) 2014, Volkan Yazıcı <volkan.yazici@gmail.com>. All rights reserved.
[989072.766402] NVMeVirt: Init FTL instance with 2 channels (524288 pages)
[989072.766404] NVMeVirt: GC victim policy: greedy ns=0 part=0 initial_k=7 initial_scale_pct=100 initial_age_ratio=7 warmup_gc=100
[989072.777017] NVMeVirt: [chmodel_init] bandwidth 800 max_credits 26 tx_time 152
[989072.787972] NVMeVirt: [chmodel_init] bandwidth 800 max_credits 26 tx_time 152
[989072.787986] NVMeVirt: [chmodel_init] bandwidth 3360 max_credits 110 tx_time 36
[989072.788933] NVMeVirt: Init FTL instance with 2 channels (524288 pages)
[989072.788935] NVMeVirt: GC victim policy: greedy ns=0 part=1 initial_k=7 initial_scale_pct=100 initial_age_ratio=7 warmup_gc=100
[989072.799888] NVMeVirt: [chmodel_init] bandwidth 800 max_credits 26 tx_time 152
[989072.810548] NVMeVirt: [chmodel_init] bandwidth 800 max_credits 26 tx_time 152
[989072.810562] NVMeVirt: [chmodel_init] bandwidth 3360 max_credits 110 tx_time 36
[989072.811575] NVMeVirt: Init FTL instance with 2 channels (524288 pages)
[989072.811578] NVMeVirt: GC victim policy: greedy ns=0 part=2 initial_k=7 initial_scale_pct=100 initial_age_ratio=7 warmup_gc=100
[989072.822292] NVMeVirt: [chmodel_init] bandwidth 800 max_credits 26 tx_time 152
[989072.832886] NVMeVirt: [chmodel_init] bandwidth 800 max_credits 26 tx_time 152
[989072.832899] NVMeVirt: [chmodel_init] bandwidth 3360 max_credits 110 tx_time 36
[989072.834009] NVMeVirt: Init FTL instance with 2 channels (524288 pages)
[989072.834013] NVMeVirt: GC victim policy: greedy ns=0 part=3 initial_k=7 initial_scale_pct=100 initial_age_ratio=7 warmup_gc=100
[989072.834019] NVMeVirt: FTL physical space: 8588886016, logical space: 8026996276 (physical/logical * 100 = 107)
[989072.834021] NVMeVirt: ns 0/1: size 7655 MiB
[989072.834070] PCI host bridge to bus 0001:10
[989072.834073] pci_bus 0001:10: root bus resource [io  0x0000-0xffff]
[989072.834075] pci_bus 0001:10: root bus resource [mem 0x00000000-0x7fffffffff]
[989072.834078] pci_bus 0001:10: root bus resource [bus 00-ff]
[989072.834085] pci 0001:10:00.0: [0c51:0110] type 00 class 0x010802 PCIe Endpoint
[989072.834089] pci 0001:10:00.0: BAR 0 [mem 0x100000000-0x100003fff 64bit]
[989072.834092] pci 0001:10:00.0: enabling Extended Tags
[989072.834294] NVMeVirt: Virtual PCI bus created (node 0)
[989072.834621] NVMeVirt: nvmev_dispatcher started on cpu 1 (node 0)
[989072.834624] NVMeVirt: nvmev_io_worker_0 started on cpu 2 (node 0)
[989072.834666] NVMeVirt: Virtual NVMe device created
[989072.834861] nvme nvme0: pci function 0001:10:00.0
[989072.838639] nvme nvme0: 8/0/0 default/read/poll queues
[989072.925251] EXT4-fs (nvme0n1): mounted filesystem 6387187a-a271-4a74-8dad-70cd171a97e5 r/w with ordered data mode. Quota mode: none.
[989676.629833] EXT4-fs (nvme0n1): unmounting filesystem 6387187a-a271-4a74-8dad-70cd171a97e5.
[989676.694934] pci_bus 0001:10: busn_res: [bus 10-ff] is released
[989676.695067] NVMeVirt: GC stats: ns=0 policy=greedy host_pages=23503340 gc_pages=14928084 gc_count=600490 WAF=1.635 warmup_gc=100-per-part
[989676.773583] NVMeVirt: Virtual NVMe device closed
[989676.802866] iCAT_FIO_END module=gh-greedy run=20260923-062955-327036
[989676.833651] iCAT_FIO_START module=fixed10 run=20260923-063959-327577
[989676.849959] NVMeVirt: Version 1.10 for >> Samsung 970 Pro SSD <<
[989676.849965] NVMeVirt: Storage: 0x100100000-0x300000000 (8191 MiB)
[989676.861070] NVMeVirt: Total Capacity(GiB,MiB)=2,2048 chs=2 luns=4 lines=8192 blk-size(MiB,KiB)=0,64 line-size(MiB,KiB)=0,256
[989676.872855] NVMeVirt: [chmodel_init] bandwidth 800 max_credits 26 tx_time 152
[989676.883430] NVMeVirt: [chmodel_init] bandwidth 800 max_credits 26 tx_time 152
[989676.883445] NVMeVirt: [chmodel_init] bandwidth 3360 max_credits 110 tx_time 36
[989676.883447] NVMeVirt: Fixed CAT init ns=0 part=0 arm=10 k=2 scale_pct=200 age_ratio=7
[989676.884652] NVMeVirt: pqueue: Copyright (c) 2014, Volkan Yazıcı <volkan.yazici@gmail.com>. All rights reserved.
[989676.884691] NVMeVirt: Init FTL instance with 2 channels (524288 pages)
[989676.884693] NVMeVirt: GC victim policy: cat-fig7-fixed ns=0 part=0 initial_k=2 initial_scale_pct=200 initial_age_ratio=7 warmup_gc=100
[989676.895136] NVMeVirt: [chmodel_init] bandwidth 800 max_credits 26 tx_time 152
[989676.905697] NVMeVirt: [chmodel_init] bandwidth 800 max_credits 26 tx_time 152
[989676.905711] NVMeVirt: [chmodel_init] bandwidth 3360 max_credits 110 tx_time 36
[989676.905714] NVMeVirt: Fixed CAT init ns=0 part=1 arm=10 k=2 scale_pct=200 age_ratio=7
[989676.907034] NVMeVirt: Init FTL instance with 2 channels (524288 pages)
[989676.907037] NVMeVirt: GC victim policy: cat-fig7-fixed ns=0 part=1 initial_k=2 initial_scale_pct=200 initial_age_ratio=7 warmup_gc=100
[989676.917452] NVMeVirt: [chmodel_init] bandwidth 800 max_credits 26 tx_time 152
[989676.928115] NVMeVirt: [chmodel_init] bandwidth 800 max_credits 26 tx_time 152
[989676.928129] NVMeVirt: [chmodel_init] bandwidth 3360 max_credits 110 tx_time 36
[989676.928131] NVMeVirt: Fixed CAT init ns=0 part=2 arm=10 k=2 scale_pct=200 age_ratio=7
[989676.929477] NVMeVirt: Init FTL instance with 2 channels (524288 pages)
[989676.929480] NVMeVirt: GC victim policy: cat-fig7-fixed ns=0 part=2 initial_k=2 initial_scale_pct=200 initial_age_ratio=7 warmup_gc=100
[989676.940149] NVMeVirt: [chmodel_init] bandwidth 800 max_credits 26 tx_time 152
[989676.950533] NVMeVirt: [chmodel_init] bandwidth 800 max_credits 26 tx_time 152
[989676.950548] NVMeVirt: [chmodel_init] bandwidth 3360 max_credits 110 tx_time 36
[989676.950550] NVMeVirt: Fixed CAT init ns=0 part=3 arm=10 k=2 scale_pct=200 age_ratio=7
[989676.951835] NVMeVirt: Init FTL instance with 2 channels (524288 pages)
[989676.951839] NVMeVirt: GC victim policy: cat-fig7-fixed ns=0 part=3 initial_k=2 initial_scale_pct=200 initial_age_ratio=7 warmup_gc=100
[989676.951845] NVMeVirt: FTL physical space: 8588886016, logical space: 8026996276 (physical/logical * 100 = 107)
[989676.951847] NVMeVirt: ns 0/1: size 7655 MiB
[989676.951895] PCI host bridge to bus 0001:10
[989676.951897] pci_bus 0001:10: root bus resource [io  0x0000-0xffff]
[989676.951900] pci_bus 0001:10: root bus resource [mem 0x00000000-0x7fffffffff]
[989676.951902] pci_bus 0001:10: root bus resource [bus 00-ff]
[989676.951909] pci 0001:10:00.0: [0c51:0110] type 00 class 0x010802 PCIe Endpoint
[989676.951913] pci 0001:10:00.0: BAR 0 [mem 0x100000000-0x100003fff 64bit]
[989676.951916] pci 0001:10:00.0: enabling Extended Tags
[989676.952057] NVMeVirt: Virtual PCI bus created (node 0)
[989676.952391] NVMeVirt: nvmev_io_worker_0 started on cpu 2 (node 0)
[989676.952479] NVMeVirt: nvmev_dispatcher started on cpu 1 (node 0)
[989676.952500] NVMeVirt: Virtual NVMe device created
[989676.953150] nvme nvme0: pci function 0001:10:00.0
[989676.955300] nvme nvme0: 8/0/0 default/read/poll queues
[989677.029939] EXT4-fs (nvme0n1): mounted filesystem ccbf1dba-3a8c-44bf-a8c4-4e06cc7d0a77 r/w with ordered data mode. Quota mode: none.
[990281.029648] EXT4-fs (nvme0n1): unmounting filesystem ccbf1dba-3a8c-44bf-a8c4-4e06cc7d0a77.
[990281.101207] pci_bus 0001:10: busn_res: [bus 10-ff] is released
[990281.101329] NVMeVirt: GC stats: ns=0 policy=cat-fig7-fixed host_pages=23502412 gc_pages=14792841 gc_count=598361 WAF=1.629 warmup_gc=100-per-part
[990281.173707] NVMeVirt: Virtual NVMe device closed
[990281.195123] iCAT_FIO_END module=fixed10 run=20260923-063959-327577
[990281.232475] iCAT_FIO_START module=gh-cat37 run=20260923-065003-328030
[990281.278771] NVMeVirt: Version 1.10 for >> Samsung 970 Pro SSD <<
[990281.278777] NVMeVirt: Storage: 0x100100000-0x300000000 (8191 MiB)
[990281.289504] NVMeVirt: Total Capacity(GiB,MiB)=2,2048 chs=2 luns=4 lines=8192 blk-size(MiB,KiB)=0,64 line-size(MiB,KiB)=0,256
[990281.300209] NVMeVirt: [chmodel_init] bandwidth 800 max_credits 26 tx_time 152
[990281.311098] NVMeVirt: [chmodel_init] bandwidth 800 max_credits 26 tx_time 152
[990281.311113] NVMeVirt: [chmodel_init] bandwidth 3360 max_credits 110 tx_time 36
[990281.311984] NVMeVirt: pqueue: Copyright (c) 2014, Volkan Yazıcı <volkan.yazici@gmail.com>. All rights reserved.
[990281.312020] NVMeVirt: Init FTL instance with 2 channels (524288 pages)
[990281.312022] NVMeVirt: GC victim policy: cat-fig7-fixed ns=0 part=0 initial_k=7 initial_scale_pct=100 initial_age_ratio=7 warmup_gc=100
[990281.322552] NVMeVirt: [chmodel_init] bandwidth 800 max_credits 26 tx_time 152
[990281.333235] NVMeVirt: [chmodel_init] bandwidth 800 max_credits 26 tx_time 152
[990281.333249] NVMeVirt: [chmodel_init] bandwidth 3360 max_credits 110 tx_time 36
[990281.334200] NVMeVirt: Init FTL instance with 2 channels (524288 pages)
[990281.334218] NVMeVirt: GC victim policy: cat-fig7-fixed ns=0 part=1 initial_k=7 initial_scale_pct=100 initial_age_ratio=7 warmup_gc=100
[990281.345161] NVMeVirt: [chmodel_init] bandwidth 800 max_credits 26 tx_time 152
[990281.355727] NVMeVirt: [chmodel_init] bandwidth 800 max_credits 26 tx_time 152
[990281.355741] NVMeVirt: [chmodel_init] bandwidth 3360 max_credits 110 tx_time 36
[990281.356770] NVMeVirt: Init FTL instance with 2 channels (524288 pages)
[990281.356773] NVMeVirt: GC victim policy: cat-fig7-fixed ns=0 part=2 initial_k=7 initial_scale_pct=100 initial_age_ratio=7 warmup_gc=100
[990281.367379] NVMeVirt: [chmodel_init] bandwidth 800 max_credits 26 tx_time 152
[990281.378147] NVMeVirt: [chmodel_init] bandwidth 800 max_credits 26 tx_time 152
[990281.378161] NVMeVirt: [chmodel_init] bandwidth 3360 max_credits 110 tx_time 36
[990281.379037] NVMeVirt: Init FTL instance with 2 channels (524288 pages)
[990281.379041] NVMeVirt: GC victim policy: cat-fig7-fixed ns=0 part=3 initial_k=7 initial_scale_pct=100 initial_age_ratio=7 warmup_gc=100
[990281.379047] NVMeVirt: FTL physical space: 8588886016, logical space: 8026996276 (physical/logical * 100 = 107)
[990281.379049] NVMeVirt: ns 0/1: size 7655 MiB
[990281.379137] PCI host bridge to bus 0001:10
[990281.379141] pci_bus 0001:10: root bus resource [io  0x0000-0xffff]
[990281.379144] pci_bus 0001:10: root bus resource [mem 0x00000000-0x7fffffffff]
[990281.379147] pci_bus 0001:10: root bus resource [bus 00-ff]
[990281.379158] pci 0001:10:00.0: [0c51:0110] type 00 class 0x010802 PCIe Endpoint
[990281.379163] pci 0001:10:00.0: BAR 0 [mem 0x100000000-0x100003fff 64bit]
[990281.379167] pci 0001:10:00.0: enabling Extended Tags
[990281.379334] NVMeVirt: Virtual PCI bus created (node 0)
[990281.379694] NVMeVirt: nvmev_io_worker_0 started on cpu 2 (node 0)
[990281.379799] NVMeVirt: Virtual NVMe device created
[990281.379925] NVMeVirt: nvmev_dispatcher started on cpu 1 (node 0)
[990281.380003] nvme nvme0: pci function 0001:10:00.0
[990281.383598] nvme nvme0: 8/0/0 default/read/poll queues
[990281.455148] EXT4-fs (nvme0n1): mounted filesystem bf555187-5821-4789-be48-587eddd30d88 r/w with ordered data mode. Quota mode: none.
[990885.711556] EXT4-fs (nvme0n1): unmounting filesystem bf555187-5821-4789-be48-587eddd30d88.
[990885.787597] pci_bus 0001:10: busn_res: [bus 10-ff] is released
[990885.787717] NVMeVirt: GC stats: ns=0 policy=cat-fig7-fixed host_pages=23502616 gc_pages=14020437 gc_count=586296 WAF=1.596 warmup_gc=100-per-part
[990885.861644] NVMeVirt: Virtual NVMe device closed
[990885.883550] iCAT_FIO_END module=gh-cat37 run=20260923-065003-328030
[990885.919146] iCAT_FIO_START module=fixed47 run=20260923-070008-328561
[990885.969943] NVMeVirt: Version 1.10 for >> Samsung 970 Pro SSD <<
[990885.969949] NVMeVirt: Storage: 0x100100000-0x300000000 (8191 MiB)
[990885.980912] NVMeVirt: Total Capacity(GiB,MiB)=2,2048 chs=2 luns=4 lines=8192 blk-size(MiB,KiB)=0,64 line-size(MiB,KiB)=0,256
[990885.992301] NVMeVirt: [chmodel_init] bandwidth 800 max_credits 26 tx_time 152
[990886.003065] NVMeVirt: [chmodel_init] bandwidth 800 max_credits 26 tx_time 152
[990886.003079] NVMeVirt: [chmodel_init] bandwidth 3360 max_credits 110 tx_time 36
[990886.003082] NVMeVirt: Fixed CAT init ns=0 part=0 arm=47 k=10 scale_pct=25 age_ratio=16
[990886.004046] NVMeVirt: pqueue: Copyright (c) 2014, Volkan Yazıcı <volkan.yazici@gmail.com>. All rights reserved.
[990886.004083] NVMeVirt: Init FTL instance with 2 channels (524288 pages)
[990886.004085] NVMeVirt: GC victim policy: cat-fig7-fixed ns=0 part=0 initial_k=10 initial_scale_pct=25 initial_age_ratio=16 warmup_gc=100
[990886.014850] NVMeVirt: [chmodel_init] bandwidth 800 max_credits 26 tx_time 152
[990886.025363] NVMeVirt: [chmodel_init] bandwidth 800 max_credits 26 tx_time 152
[990886.025407] NVMeVirt: [chmodel_init] bandwidth 3360 max_credits 110 tx_time 36
[990886.025409] NVMeVirt: Fixed CAT init ns=0 part=1 arm=47 k=10 scale_pct=25 age_ratio=16
[990886.026368] NVMeVirt: Init FTL instance with 2 channels (524288 pages)
[990886.026372] NVMeVirt: GC victim policy: cat-fig7-fixed ns=0 part=1 initial_k=10 initial_scale_pct=25 initial_age_ratio=16 warmup_gc=100
[990886.036921] NVMeVirt: [chmodel_init] bandwidth 800 max_credits 26 tx_time 152
[990886.047572] NVMeVirt: [chmodel_init] bandwidth 800 max_credits 26 tx_time 152
[990886.047587] NVMeVirt: [chmodel_init] bandwidth 3360 max_credits 110 tx_time 36
[990886.047589] NVMeVirt: Fixed CAT init ns=0 part=2 arm=47 k=10 scale_pct=25 age_ratio=16
[990886.048499] NVMeVirt: Init FTL instance with 2 channels (524288 pages)
[990886.048502] NVMeVirt: GC victim policy: cat-fig7-fixed ns=0 part=2 initial_k=10 initial_scale_pct=25 initial_age_ratio=16 warmup_gc=100
[990886.058681] NVMeVirt: [chmodel_init] bandwidth 800 max_credits 26 tx_time 152
[990886.069021] NVMeVirt: [chmodel_init] bandwidth 800 max_credits 26 tx_time 152
[990886.069035] NVMeVirt: [chmodel_init] bandwidth 3360 max_credits 110 tx_time 36
[990886.069037] NVMeVirt: Fixed CAT init ns=0 part=3 arm=47 k=10 scale_pct=25 age_ratio=16
[990886.070004] NVMeVirt: Init FTL instance with 2 channels (524288 pages)
[990886.070006] NVMeVirt: GC victim policy: cat-fig7-fixed ns=0 part=3 initial_k=10 initial_scale_pct=25 initial_age_ratio=16 warmup_gc=100
[990886.070013] NVMeVirt: FTL physical space: 8588886016, logical space: 8026996276 (physical/logical * 100 = 107)
[990886.070015] NVMeVirt: ns 0/1: size 7655 MiB
[990886.070063] PCI host bridge to bus 0001:10
[990886.070065] pci_bus 0001:10: root bus resource [io  0x0000-0xffff]
[990886.070068] pci_bus 0001:10: root bus resource [mem 0x00000000-0x7fffffffff]
[990886.070071] pci_bus 0001:10: root bus resource [bus 00-ff]
[990886.070092] pci 0001:10:00.0: [0c51:0110] type 00 class 0x010802 PCIe Endpoint
[990886.070096] pci 0001:10:00.0: BAR 0 [mem 0x100000000-0x100003fff 64bit]
[990886.070099] pci 0001:10:00.0: enabling Extended Tags
[990886.070222] NVMeVirt: Virtual PCI bus created (node 0)
[990886.070479] NVMeVirt: nvmev_io_worker_0 started on cpu 2 (node 0)
[990886.070656] NVMeVirt: Virtual NVMe device created
[990886.071516] nvme nvme0: pci function 0001:10:00.0
[990886.071666] NVMeVirt: nvmev_dispatcher started on cpu 1 (node 0)
[990886.074048] nvme nvme0: 8/0/0 default/read/poll queues
[990886.147000] EXT4-fs (nvme0n1): mounted filesystem dabc1040-2fb7-428b-92fa-989b33c4217b r/w with ordered data mode. Quota mode: none.
[991490.238496] EXT4-fs (nvme0n1): unmounting filesystem dabc1040-2fb7-428b-92fa-989b33c4217b.
[991490.303653] pci_bus 0001:10: busn_res: [bus 10-ff] is released
[991490.303769] NVMeVirt: GC stats: ns=0 policy=cat-fig7-fixed host_pages=23503954 gc_pages=14207853 gc_count=589245 WAF=1.604 warmup_gc=100-per-part
[991490.377950] NVMeVirt: Virtual NVMe device closed
[991490.402533] iCAT_FIO_END module=fixed47 run=20260923-070008-328561
[991490.433350] iCAT_FIO_START module=fixed50 run=20260923-071013-328982
[991490.449881] NVMeVirt: Version 1.10 for >> Samsung 970 Pro SSD <<
[991490.449887] NVMeVirt: Storage: 0x100100000-0x300000000 (8191 MiB)
[991490.460945] NVMeVirt: Total Capacity(GiB,MiB)=2,2048 chs=2 luns=4 lines=8192 blk-size(MiB,KiB)=0,64 line-size(MiB,KiB)=0,256
[991490.472725] NVMeVirt: [chmodel_init] bandwidth 800 max_credits 26 tx_time 152
[991490.483732] NVMeVirt: [chmodel_init] bandwidth 800 max_credits 26 tx_time 152
[991490.483747] NVMeVirt: [chmodel_init] bandwidth 3360 max_credits 110 tx_time 36
[991490.483750] NVMeVirt: Fixed CAT init ns=0 part=0 arm=50 k=10 scale_pct=50 age_ratio=16
[991490.484658] NVMeVirt: pqueue: Copyright (c) 2014, Volkan Yazıcı <volkan.yazici@gmail.com>. All rights reserved.
[991490.484696] NVMeVirt: Init FTL instance with 2 channels (524288 pages)
[991490.484698] NVMeVirt: GC victim policy: cat-fig7-fixed ns=0 part=0 initial_k=10 initial_scale_pct=50 initial_age_ratio=16 warmup_gc=100
[991490.494977] NVMeVirt: [chmodel_init] bandwidth 800 max_credits 26 tx_time 152
[991490.505486] NVMeVirt: [chmodel_init] bandwidth 800 max_credits 26 tx_time 152
[991490.505500] NVMeVirt: [chmodel_init] bandwidth 3360 max_credits 110 tx_time 36
[991490.505502] NVMeVirt: Fixed CAT init ns=0 part=1 arm=50 k=10 scale_pct=50 age_ratio=16
[991490.506392] NVMeVirt: Init FTL instance with 2 channels (524288 pages)
[991490.506395] NVMeVirt: GC victim policy: cat-fig7-fixed ns=0 part=1 initial_k=10 initial_scale_pct=50 initial_age_ratio=16 warmup_gc=100
[991490.516890] NVMeVirt: [chmodel_init] bandwidth 800 max_credits 26 tx_time 152
[991490.527103] NVMeVirt: [chmodel_init] bandwidth 800 max_credits 26 tx_time 152
[991490.527118] NVMeVirt: [chmodel_init] bandwidth 3360 max_credits 110 tx_time 36
[991490.527120] NVMeVirt: Fixed CAT init ns=0 part=2 arm=50 k=10 scale_pct=50 age_ratio=16
[991490.528120] NVMeVirt: Init FTL instance with 2 channels (524288 pages)
[991490.528123] NVMeVirt: GC victim policy: cat-fig7-fixed ns=0 part=2 initial_k=10 initial_scale_pct=50 initial_age_ratio=16 warmup_gc=100
[991490.538727] NVMeVirt: [chmodel_init] bandwidth 800 max_credits 26 tx_time 152
[991490.549165] NVMeVirt: [chmodel_init] bandwidth 800 max_credits 26 tx_time 152
[991490.549177] NVMeVirt: [chmodel_init] bandwidth 3360 max_credits 110 tx_time 36
[991490.549179] NVMeVirt: Fixed CAT init ns=0 part=3 arm=50 k=10 scale_pct=50 age_ratio=16
[991490.550126] NVMeVirt: Init FTL instance with 2 channels (524288 pages)
[991490.550129] NVMeVirt: GC victim policy: cat-fig7-fixed ns=0 part=3 initial_k=10 initial_scale_pct=50 initial_age_ratio=16 warmup_gc=100
[991490.550135] NVMeVirt: FTL physical space: 8588886016, logical space: 8026996276 (physical/logical * 100 = 107)
[991490.550137] NVMeVirt: ns 0/1: size 7655 MiB
[991490.550192] PCI host bridge to bus 0001:10
[991490.550194] pci_bus 0001:10: root bus resource [io  0x0000-0xffff]
[991490.550197] pci_bus 0001:10: root bus resource [mem 0x00000000-0x7fffffffff]
[991490.550200] pci_bus 0001:10: root bus resource [bus 00-ff]
[991490.550207] pci 0001:10:00.0: [0c51:0110] type 00 class 0x010802 PCIe Endpoint
[991490.550211] pci 0001:10:00.0: BAR 0 [mem 0x100000000-0x100003fff 64bit]
[991490.550214] pci 0001:10:00.0: enabling Extended Tags
[991490.550337] NVMeVirt: Virtual PCI bus created (node 0)
[991490.550710] NVMeVirt: nvmev_io_worker_0 started on cpu 2 (node 0)
[991490.550818] NVMeVirt: Virtual NVMe device created
[991490.550851] NVMeVirt: nvmev_dispatcher started on cpu 1 (node 0)
[991490.550966] nvme nvme0: pci function 0001:10:00.0
[991490.555038] nvme nvme0: 8/0/0 default/read/poll queues
[991490.636019] EXT4-fs (nvme0n1): mounted filesystem 8b0e0d2f-f81d-41d7-9307-cc5dfcbef40b r/w with ordered data mode. Quota mode: none.
[992094.751045] EXT4-fs (nvme0n1): unmounting filesystem 8b0e0d2f-f81d-41d7-9307-cc5dfcbef40b.
[992094.824055] pci_bus 0001:10: busn_res: [bus 10-ff] is released
[992094.824200] NVMeVirt: GC stats: ns=0 policy=cat-fig7-fixed host_pages=23503350 gc_pages=13742055 gc_count=581957 WAF=1.584 warmup_gc=100-per-part
[992094.906600] NVMeVirt: Virtual NVMe device closed
[992094.931576] iCAT_FIO_END module=fixed50 run=20260923-071013-328982
[992094.963063] iCAT_FIO_START module=gh-online run=20260923-072017-329400
[992094.979613] NVMeVirt: Version 1.10 for >> Samsung 970 Pro SSD <<
[992094.979620] NVMeVirt: Storage: 0x100100000-0x300000000 (8191 MiB)
[992094.990733] NVMeVirt: Total Capacity(GiB,MiB)=2,2048 chs=2 luns=4 lines=8192 blk-size(MiB,KiB)=0,64 line-size(MiB,KiB)=0,256
[992095.001728] NVMeVirt: [chmodel_init] bandwidth 800 max_credits 26 tx_time 152
[992095.012264] NVMeVirt: [chmodel_init] bandwidth 800 max_credits 26 tx_time 152
[992095.012279] NVMeVirt: [chmodel_init] bandwidth 3360 max_credits 110 tx_time 36
[992095.012281] NVMeVirt: WATGC_V2 init ns=0 part=0 arms=60 initial=37 prior=none gamma_q16=65503 exploration_q16=16384
[992095.013184] NVMeVirt: pqueue: Copyright (c) 2014, Volkan Yazıcı <volkan.yazici@gmail.com>. All rights reserved.
[992095.013222] NVMeVirt: Init FTL instance with 2 channels (524288 pages)
[992095.013224] NVMeVirt: GC victim policy: watgc-v2 ns=0 part=0 initial_k=7 initial_scale_pct=100 initial_age_ratio=7 warmup_gc=100
[992095.023795] NVMeVirt: [chmodel_init] bandwidth 800 max_credits 26 tx_time 152
[992095.034237] NVMeVirt: [chmodel_init] bandwidth 800 max_credits 26 tx_time 152
[992095.034251] NVMeVirt: [chmodel_init] bandwidth 3360 max_credits 110 tx_time 36
[992095.034253] NVMeVirt: WATGC_V2 init ns=0 part=1 arms=60 initial=37 prior=none gamma_q16=65503 exploration_q16=16384
[992095.035216] NVMeVirt: Init FTL instance with 2 channels (524288 pages)
[992095.035218] NVMeVirt: GC victim policy: watgc-v2 ns=0 part=1 initial_k=7 initial_scale_pct=100 initial_age_ratio=7 warmup_gc=100
[992095.046032] NVMeVirt: [chmodel_init] bandwidth 800 max_credits 26 tx_time 152
[992095.056774] NVMeVirt: [chmodel_init] bandwidth 800 max_credits 26 tx_time 152
[992095.056788] NVMeVirt: [chmodel_init] bandwidth 3360 max_credits 110 tx_time 36
[992095.056791] NVMeVirt: WATGC_V2 init ns=0 part=2 arms=60 initial=37 prior=none gamma_q16=65503 exploration_q16=16384
[992095.057763] NVMeVirt: Init FTL instance with 2 channels (524288 pages)
[992095.057766] NVMeVirt: GC victim policy: watgc-v2 ns=0 part=2 initial_k=7 initial_scale_pct=100 initial_age_ratio=7 warmup_gc=100
[992095.068119] NVMeVirt: [chmodel_init] bandwidth 800 max_credits 26 tx_time 152
[992095.078622] NVMeVirt: [chmodel_init] bandwidth 800 max_credits 26 tx_time 152
[992095.078636] NVMeVirt: [chmodel_init] bandwidth 3360 max_credits 110 tx_time 36
[992095.078638] NVMeVirt: WATGC_V2 init ns=0 part=3 arms=60 initial=37 prior=none gamma_q16=65503 exploration_q16=16384
[992095.079570] NVMeVirt: Init FTL instance with 2 channels (524288 pages)
[992095.079573] NVMeVirt: GC victim policy: watgc-v2 ns=0 part=3 initial_k=7 initial_scale_pct=100 initial_age_ratio=7 warmup_gc=100
[992095.079579] NVMeVirt: FTL physical space: 8588886016, logical space: 8026996276 (physical/logical * 100 = 107)
[992095.079581] NVMeVirt: ns 0/1: size 7655 MiB
[992095.079631] PCI host bridge to bus 0001:10
[992095.079633] pci_bus 0001:10: root bus resource [io  0x0000-0xffff]
[992095.079636] pci_bus 0001:10: root bus resource [mem 0x00000000-0x7fffffffff]
[992095.079638] pci_bus 0001:10: root bus resource [bus 00-ff]
[992095.079659] pci 0001:10:00.0: [0c51:0110] type 00 class 0x010802 PCIe Endpoint
[992095.079663] pci 0001:10:00.0: BAR 0 [mem 0x100000000-0x100003fff 64bit]
[992095.079666] pci 0001:10:00.0: enabling Extended Tags
[992095.079789] NVMeVirt: Virtual PCI bus created (node 0)
[992095.080250] NVMeVirt: Virtual NVMe device created
[992095.080334] NVMeVirt: nvmev_dispatcher started on cpu 1 (node 0)
[992095.080507] nvme nvme0: pci function 0001:10:00.0
[992095.083104] NVMeVirt: nvmev_io_worker_0 started on cpu 2 (node 0)
[992095.084665] nvme nvme0: 8/0/0 default/read/poll queues
[992095.160647] EXT4-fs (nvme0n1): mounted filesystem 666c98d0-966e-4c0c-a425-c54e73fdd38d r/w with ordered data mode. Quota mode: none.
[992110.911034] NVMeVirt: WATGC_V2 warmup-done ns=0 part=3 gc_count=100
[992110.914830] NVMeVirt: WATGC_V2 warmup-done ns=0 part=2 gc_count=100
[992110.917845] NVMeVirt: WATGC_V2 warmup-done ns=0 part=1 gc_count=100
[992110.927159] NVMeVirt: WATGC_V2 warmup-done ns=0 part=0 gc_count=100
[992120.736517] NVMeVirt: WATGC_V2 sample ns=0 part=3 epoch=1 window=1 phase=measure evaluated=37 k=7 scale_pct=100 age_ratio=7 host=65536 gc_pages=0 gc_count=1024 waf_q16=65536 best=37 next=0 settled=0
[992120.742893] NVMeVirt: WATGC_V2 sample ns=0 part=0 epoch=1 window=1 phase=measure evaluated=37 k=7 scale_pct=100 age_ratio=7 host=65536 gc_pages=0 gc_count=1024 waf_q16=65536 best=37 next=0 settled=0
[992120.752078] NVMeVirt: WATGC_V2 sample ns=0 part=2 epoch=1 window=1 phase=measure evaluated=37 k=7 scale_pct=100 age_ratio=7 host=65536 gc_pages=0 gc_count=1024 waf_q16=65536 best=37 next=0 settled=0
[992120.769046] NVMeVirt: WATGC_V2 sample ns=0 part=1 epoch=1 window=1 phase=measure evaluated=37 k=7 scale_pct=100 age_ratio=7 host=65536 gc_pages=0 gc_count=1024 waf_q16=65536 best=37 next=0 settled=0
[992130.565622] NVMeVirt: WATGC_V2 sample ns=0 part=3 epoch=1 window=2 phase=measure evaluated=0 k=2 scale_pct=25 age_ratio=4 host=65564 gc_pages=37078 gc_count=1604 waf_q16=102598 best=37 next=1 settled=0
[992130.578995] NVMeVirt: WATGC_V2 sample ns=0 part=0 epoch=1 window=2 phase=measure evaluated=0 k=2 scale_pct=25 age_ratio=4 host=65549 gc_pages=36580 gc_count=1596 waf_q16=102108 best=37 next=1 settled=0
[992130.583398] NVMeVirt: WATGC_V2 sample ns=0 part=1 epoch=1 window=2 phase=measure evaluated=0 k=2 scale_pct=25 age_ratio=4 host=65541 gc_pages=36910 gc_count=1601 waf_q16=102443 best=37 next=1 settled=0
[992130.603372] NVMeVirt: WATGC_V2 sample ns=0 part=2 epoch=1 window=2 phase=measure evaluated=0 k=2 scale_pct=25 age_ratio=4 host=65547 gc_pages=36966 gc_count=1602 waf_q16=102495 best=37 next=1 settled=0
[992140.385636] NVMeVirt: WATGC_V2 sample ns=0 part=3 epoch=1 window=3 phase=measure evaluated=1 k=2 scale_pct=25 age_ratio=7 host=65544 gc_pages=76040 gc_count=2212 waf_q16=141566 best=37 next=2 settled=0
[992140.397887] NVMeVirt: WATGC_V2 sample ns=0 part=1 epoch=1 window=3 phase=measure evaluated=1 k=2 scale_pct=25 age_ratio=7 host=65537 gc_pages=76368 gc_count=2217 waf_q16=141902 best=37 next=2 settled=0
[992140.433479] NVMeVirt: WATGC_V2 sample ns=0 part=2 epoch=1 window=3 phase=measure evaluated=1 k=2 scale_pct=25 age_ratio=7 host=65558 gc_pages=75898 gc_count=2210 waf_q16=141408 best=37 next=2 settled=0
[992140.446445] NVMeVirt: WATGC_V2 sample ns=0 part=0 epoch=1 window=3 phase=measure evaluated=1 k=2 scale_pct=25 age_ratio=7 host=65537 gc_pages=75343 gc_count=2201 waf_q16=140877 best=37 next=2 settled=0
[992150.216791] NVMeVirt: WATGC_V2 sample ns=0 part=1 epoch=1 window=4 phase=measure evaluated=2 k=2 scale_pct=25 age_ratio=16 host=65556 gc_pages=54385 gc_count=1874 waf_q16=119904 best=37 next=3 settled=0
[992150.240084] NVMeVirt: WATGC_V2 sample ns=0 part=3 epoch=1 window=4 phase=measure evaluated=2 k=2 scale_pct=25 age_ratio=16 host=65555 gc_pages=53426 gc_count=1859 waf_q16=118946 best=37 next=3 settled=0
[992150.243857] NVMeVirt: WATGC_V2 sample ns=0 part=0 epoch=1 window=4 phase=measure evaluated=2 k=2 scale_pct=25 age_ratio=16 host=65541 gc_pages=53633 gc_count=1862 waf_q16=119164 best=37 next=3 settled=0
[992150.292618] NVMeVirt: WATGC_V2 sample ns=0 part=2 epoch=1 window=4 phase=measure evaluated=2 k=2 scale_pct=25 age_ratio=16 host=65553 gc_pages=54131 gc_count=1870 waf_q16=119652 best=37 next=3 settled=0
[992160.037677] NVMeVirt: WATGC_V2 sample ns=0 part=1 epoch=1 window=5 phase=measure evaluated=3 k=2 scale_pct=50 age_ratio=4 host=65563 gc_pages=66588 gc_count=2065 waf_q16=132096 best=37 next=4 settled=0
[992160.068954] NVMeVirt: WATGC_V2 sample ns=0 part=0 epoch=1 window=5 phase=measure evaluated=3 k=2 scale_pct=50 age_ratio=4 host=65536 gc_pages=66357 gc_count=2061 waf_q16=131893 best=37 next=4 settled=0
[992160.097657] NVMeVirt: WATGC_V2 sample ns=0 part=2 epoch=1 window=5 phase=measure evaluated=3 k=2 scale_pct=50 age_ratio=4 host=65548 gc_pages=66346 gc_count=2061 waf_q16=131869 best=37 next=4 settled=0
[992160.120456] NVMeVirt: WATGC_V2 sample ns=0 part=3 epoch=1 window=5 phase=measure evaluated=3 k=2 scale_pct=50 age_ratio=4 host=65554 gc_pages=66340 gc_count=2061 waf_q16=131857 best=37 next=4 settled=0
[992169.877253] NVMeVirt: WATGC_V2 sample ns=0 part=1 epoch=1 window=6 phase=measure evaluated=4 k=2 scale_pct=50 age_ratio=7 host=65538 gc_pages=49353 gc_count=1795 waf_q16=114887 best=37 next=5 settled=0
[992169.922273] NVMeVirt: WATGC_V2 sample ns=0 part=0 epoch=1 window=6 phase=measure evaluated=4 k=2 scale_pct=50 age_ratio=7 host=65564 gc_pages=49457 gc_count=1797 waf_q16=114971 best=37 next=5 settled=0
[992169.931212] NVMeVirt: WATGC_V2 sample ns=0 part=2 epoch=1 window=6 phase=measure evaluated=4 k=2 scale_pct=50 age_ratio=7 host=65558 gc_pages=50102 gc_count=1807 waf_q16=115621 best=37 next=5 settled=0
[992169.936217] NVMeVirt: WATGC_V2 sample ns=0 part=3 epoch=1 window=6 phase=measure evaluated=4 k=2 scale_pct=50 age_ratio=7 host=65542 gc_pages=49861 gc_count=1803 waf_q16=115392 best=37 next=5 settled=0
[992179.737679] NVMeVirt: WATGC_V2 sample ns=0 part=1 epoch=1 window=7 phase=measure evaluated=5 k=2 scale_pct=50 age_ratio=16 host=65566 gc_pages=39763 gc_count=1646 waf_q16=105280 best=37 next=6 settled=0
[992179.738397] NVMeVirt: WATGC_V2 sample ns=0 part=2 epoch=1 window=7 phase=measure evaluated=5 k=2 scale_pct=50 age_ratio=16 host=65544 gc_pages=39464 gc_count=1641 waf_q16=104995 best=37 next=6 settled=0
[992179.755431] NVMeVirt: WATGC_V2 sample ns=0 part=0 epoch=1 window=7 phase=measure evaluated=5 k=2 scale_pct=50 age_ratio=16 host=65565 gc_pages=39636 gc_count=1644 waf_q16=105154 best=37 next=6 settled=0
[992179.772031] NVMeVirt: WATGC_V2 sample ns=0 part=3 epoch=1 window=7 phase=measure evaluated=5 k=2 scale_pct=50 age_ratio=16 host=65553 gc_pages=39071 gc_count=1635 waf_q16=104596 best=37 next=6 settled=0
[992189.557887] NVMeVirt: WATGC_V2 sample ns=0 part=1 epoch=1 window=8 phase=measure evaluated=6 k=2 scale_pct=100 age_ratio=4 host=65540 gc_pages=54979 gc_count=1883 waf_q16=120511 best=37 next=7 settled=0
[992189.578504] NVMeVirt: WATGC_V2 sample ns=0 part=0 epoch=1 window=8 phase=measure evaluated=6 k=2 scale_pct=100 age_ratio=4 host=65560 gc_pages=55087 gc_count=1885 waf_q16=120602 best=37 next=7 settled=0
[992189.580767] NVMeVirt: WATGC_V2 sample ns=0 part=2 epoch=1 window=8 phase=measure evaluated=6 k=2 scale_pct=100 age_ratio=4 host=65544 gc_pages=55999 gc_count=1899 waf_q16=121528 best=37 next=7 settled=0
[992189.617516] NVMeVirt: WATGC_V2 sample ns=0 part=3 epoch=1 window=8 phase=measure evaluated=6 k=2 scale_pct=100 age_ratio=4 host=65545 gc_pages=55102 gc_count=1885 waf_q16=120630 best=37 next=7 settled=0
[992199.398223] NVMeVirt: WATGC_V2 sample ns=0 part=2 epoch=1 window=9 phase=measure evaluated=7 k=2 scale_pct=100 age_ratio=7 host=65552 gc_pages=27055 gc_count=1447 waf_q16=92584 best=37 next=8 settled=0
[992199.398933] NVMeVirt: WATGC_V2 sample ns=0 part=1 epoch=1 window=9 phase=measure evaluated=7 k=2 scale_pct=100 age_ratio=7 host=65540 gc_pages=26876 gc_count=1444 waf_q16=92410 best=37 next=8 settled=0
[992199.438712] NVMeVirt: WATGC_V2 sample ns=0 part=0 epoch=1 window=9 phase=measure evaluated=7 k=2 scale_pct=100 age_ratio=7 host=65548 gc_pages=26546 gc_count=1439 waf_q16=92077 best=37 next=8 settled=0
[992199.442467] NVMeVirt: WATGC_V2 sample ns=0 part=3 epoch=1 window=9 phase=measure evaluated=7 k=2 scale_pct=100 age_ratio=7 host=65566 gc_pages=26657 gc_count=1441 waf_q16=92180 best=37 next=8 settled=0
[992209.240732] NVMeVirt: WATGC_V2 sample ns=0 part=2 epoch=1 window=10 phase=measure evaluated=8 k=2 scale_pct=100 age_ratio=16 host=65561 gc_pages=52258 gc_count=1841 waf_q16=117774 best=37 next=9 settled=0
[992209.251822] NVMeVirt: WATGC_V2 sample ns=0 part=1 epoch=1 window=10 phase=measure evaluated=8 k=2 scale_pct=100 age_ratio=16 host=65564 gc_pages=51679 gc_count=1832 waf_q16=117192 best=37 next=9 settled=0
[992209.253646] NVMeVirt: WATGC_V2 sample ns=0 part=3 epoch=1 window=10 phase=measure evaluated=8 k=2 scale_pct=100 age_ratio=16 host=65558 gc_pages=51749 gc_count=1833 waf_q16=117267 best=37 next=9 settled=0
[992209.271070] NVMeVirt: WATGC_V2 sample ns=0 part=0 epoch=1 window=10 phase=measure evaluated=8 k=2 scale_pct=100 age_ratio=16 host=65571 gc_pages=51864 gc_count=1835 waf_q16=117372 best=37 next=9 settled=0
[992216.233538] loop29: detected capacity change from 0 to 453824
[992219.070671] NVMeVirt: WATGC_V2 sample ns=0 part=1 epoch=1 window=11 phase=measure evaluated=9 k=2 scale_pct=200 age_ratio=4 host=65540 gc_pages=27910 gc_count=1460 waf_q16=93444 best=37 next=10 settled=0
[992219.076778] NVMeVirt: WATGC_V2 sample ns=0 part=0 epoch=1 window=11 phase=measure evaluated=9 k=2 scale_pct=200 age_ratio=4 host=65550 gc_pages=27709 gc_count=1457 waf_q16=93239 best=37 next=10 settled=0
[992219.093054] NVMeVirt: WATGC_V2 sample ns=0 part=2 epoch=1 window=11 phase=measure evaluated=9 k=2 scale_pct=200 age_ratio=4 host=65571 gc_pages=28392 gc_count=1468 waf_q16=93912 best=37 next=10 settled=0
[992219.112373] NVMeVirt: WATGC_V2 sample ns=0 part=3 epoch=1 window=11 phase=measure evaluated=9 k=2 scale_pct=200 age_ratio=4 host=65541 gc_pages=27462 gc_count=1453 waf_q16=92995 best=37 next=10 settled=0
[992228.913085] NVMeVirt: WATGC_V2 sample ns=0 part=0 epoch=1 window=12 phase=measure evaluated=10 k=2 scale_pct=200 age_ratio=7 host=65546 gc_pages=37605 gc_count=1612 waf_q16=103135 best=37 next=11 settled=0
[992228.913837] NVMeVirt: WATGC_V2 sample ns=0 part=3 epoch=1 window=12 phase=measure evaluated=10 k=2 scale_pct=200 age_ratio=7 host=65565 gc_pages=37779 gc_count=1615 waf_q16=103298 best=37 next=11 settled=0
[992228.924904] NVMeVirt: WATGC_V2 sample ns=0 part=1 epoch=1 window=12 phase=measure evaluated=10 k=2 scale_pct=200 age_ratio=7 host=65538 gc_pages=37614 gc_count=1612 waf_q16=103148 best=37 next=11 settled=0
[992228.935428] NVMeVirt: WATGC_V2 sample ns=0 part=2 epoch=1 window=12 phase=measure evaluated=10 k=2 scale_pct=200 age_ratio=7 host=65567 gc_pages=37586 gc_count=1612 waf_q16=103104 best=37 next=11 settled=0
[992231.095815] audit: type=1400 audit(1790115753.705:574): apparmor="STATUS" operation="profile_replace" info="same as current profile, skipping" profile="unconfined" name="/snap/snapd/27738/usr/lib/snapd/snap-confine" pid=329828 comm="apparmor_parser"
[992231.399528] audit: type=1400 audit(1790115754.009:575): apparmor="STATUS" operation="profile_replace" profile="unconfined" name="snap-update-ns.slack" pid=329830 comm="apparmor_parser"
[992231.633531] audit: type=1400 audit(1790115754.243:576): apparmor="STATUS" operation="profile_replace" profile="unconfined" name="snap.slack.slack" pid=329831 comm="apparmor_parser"
[992238.724081] NVMeVirt: WATGC_V2 sample ns=0 part=1 epoch=1 window=13 phase=measure evaluated=11 k=2 scale_pct=200 age_ratio=16 host=65536 gc_pages=50765 gc_count=1817 waf_q16=116301 best=37 next=12 settled=0
[992238.739454] NVMeVirt: WATGC_V2 sample ns=0 part=0 epoch=1 window=13 phase=measure evaluated=11 k=2 scale_pct=200 age_ratio=16 host=65566 gc_pages=50415 gc_count=1812 waf_q16=115927 best=37 next=12 settled=0
[992238.780924] NVMeVirt: WATGC_V2 sample ns=0 part=2 epoch=1 window=13 phase=measure evaluated=11 k=2 scale_pct=200 age_ratio=16 host=65555 gc_pages=50810 gc_count=1818 waf_q16=116331 best=37 next=12 settled=0
[992238.782924] NVMeVirt: WATGC_V2 sample ns=0 part=3 epoch=1 window=13 phase=measure evaluated=11 k=2 scale_pct=200 age_ratio=16 host=65561 gc_pages=50613 gc_count=1815 waf_q16=116129 best=37 next=12 settled=0
[992248.583442] NVMeVirt: WATGC_V2 sample ns=0 part=0 epoch=1 window=14 phase=measure evaluated=12 k=2 scale_pct=400 age_ratio=4 host=65554 gc_pages=23852 gc_count=1397 waf_q16=89381 best=37 next=13 settled=0
[992248.584053] NVMeVirt: WATGC_V2 sample ns=0 part=1 epoch=1 window=14 phase=measure evaluated=12 k=2 scale_pct=400 age_ratio=4 host=65558 gc_pages=24106 gc_count=1401 waf_q16=89633 best=37 next=13 settled=0
[992248.591741] NVMeVirt: WATGC_V2 sample ns=0 part=2 epoch=1 window=14 phase=measure evaluated=12 k=2 scale_pct=400 age_ratio=4 host=65555 gc_pages=24492 gc_count=1407 waf_q16=90020 best=37 next=13 settled=0
[992248.608115] NVMeVirt: WATGC_V2 sample ns=0 part=3 epoch=1 window=14 phase=measure evaluated=12 k=2 scale_pct=400 age_ratio=4 host=65561 gc_pages=24166 gc_count=1402 waf_q16=89692 best=37 next=13 settled=0
[992258.386310] NVMeVirt: WATGC_V2 sample ns=0 part=1 epoch=1 window=15 phase=measure evaluated=13 k=2 scale_pct=400 age_ratio=7 host=65558 gc_pages=60258 gc_count=1966 waf_q16=125773 best=37 next=14 settled=0
[992258.415313] NVMeVirt: WATGC_V2 sample ns=0 part=0 epoch=1 window=15 phase=measure evaluated=13 k=2 scale_pct=400 age_ratio=7 host=65547 gc_pages=59693 gc_count=1957 waf_q16=125218 best=37 next=14 settled=0
[992258.436444] NVMeVirt: WATGC_V2 sample ns=0 part=3 epoch=1 window=15 phase=measure evaluated=13 k=2 scale_pct=400 age_ratio=7 host=65570 gc_pages=60054 gc_count=1963 waf_q16=125558 best=37 next=14 settled=0
[992258.469991] NVMeVirt: WATGC_V2 sample ns=0 part=2 epoch=1 window=15 phase=measure evaluated=13 k=2 scale_pct=400 age_ratio=7 host=65567 gc_pages=59929 gc_count=1961 waf_q16=125436 best=37 next=14 settled=0
[992268.236221] NVMeVirt: WATGC_V2 sample ns=0 part=1 epoch=1 window=16 phase=measure evaluated=14 k=2 scale_pct=400 age_ratio=16 host=65565 gc_pages=47540 gc_count=1767 waf_q16=113054 best=37 next=15 settled=0
[992268.246293] NVMeVirt: WATGC_V2 sample ns=0 part=3 epoch=1 window=16 phase=measure evaluated=14 k=2 scale_pct=400 age_ratio=16 host=65552 gc_pages=47233 gc_count=1762 waf_q16=112757 best=37 next=15 settled=0
[992268.249691] NVMeVirt: WATGC_V2 sample ns=0 part=0 epoch=1 window=16 phase=measure evaluated=14 k=2 scale_pct=400 age_ratio=16 host=65558 gc_pages=47291 gc_count=1763 waf_q16=112811 best=37 next=15 settled=0
[992268.305462] NVMeVirt: WATGC_V2 sample ns=0 part=2 epoch=1 window=16 phase=measure evaluated=14 k=2 scale_pct=400 age_ratio=16 host=65542 gc_pages=48204 gc_count=1777 waf_q16=113735 best=37 next=15 settled=0
[992278.074670] NVMeVirt: WATGC_V2 sample ns=0 part=1 epoch=1 window=17 phase=measure evaluated=15 k=4 scale_pct=25 age_ratio=4 host=65536 gc_pages=41328 gc_count=1670 waf_q16=106864 best=37 next=16 settled=0
[992278.075151] NVMeVirt: WATGC_V2 sample ns=0 part=0 epoch=1 window=17 phase=measure evaluated=15 k=4 scale_pct=25 age_ratio=4 host=65560 gc_pages=41369 gc_count=1671 waf_q16=106889 best=37 next=16 settled=0
[992278.090452] NVMeVirt: WATGC_V2 sample ns=0 part=3 epoch=1 window=17 phase=measure evaluated=15 k=4 scale_pct=25 age_ratio=4 host=65556 gc_pages=41491 gc_count=1673 waf_q16=107014 best=37 next=16 settled=0
[992278.137171] NVMeVirt: WATGC_V2 sample ns=0 part=2 epoch=1 window=17 phase=measure evaluated=15 k=4 scale_pct=25 age_ratio=4 host=65560 gc_pages=40537 gc_count=1658 waf_q16=106058 best=37 next=16 settled=0
[992287.882988] NVMeVirt: WATGC_V2 sample ns=0 part=3 epoch=1 window=18 phase=measure evaluated=16 k=4 scale_pct=25 age_ratio=7 host=65552 gc_pages=77431 gc_count=2234 waf_q16=142948 best=37 next=17 settled=0
[992287.896358] NVMeVirt: WATGC_V2 sample ns=0 part=1 epoch=1 window=18 phase=measure evaluated=16 k=4 scale_pct=25 age_ratio=7 host=65552 gc_pages=78072 gc_count=2244 waf_q16=143588 best=37 next=17 settled=0
[992287.938393] NVMeVirt: WATGC_V2 sample ns=0 part=0 epoch=1 window=18 phase=measure evaluated=16 k=4 scale_pct=25 age_ratio=7 host=65547 gc_pages=79224 gc_count=2262 waf_q16=144746 best=37 next=17 settled=0
[992287.986491] NVMeVirt: WATGC_V2 sample ns=0 part=2 epoch=1 window=18 phase=measure evaluated=16 k=4 scale_pct=25 age_ratio=7 host=65552 gc_pages=77878 gc_count=2241 waf_q16=143394 best=37 next=17 settled=0
[992297.728454] NVMeVirt: WATGC_V2 sample ns=0 part=3 epoch=1 window=19 phase=measure evaluated=17 k=4 scale_pct=25 age_ratio=16 host=65553 gc_pages=32988 gc_count=1540 waf_q16=98515 best=37 next=18 settled=0
[992297.739953] NVMeVirt: WATGC_V2 sample ns=0 part=1 epoch=1 window=19 phase=measure evaluated=17 k=4 scale_pct=25 age_ratio=16 host=65557 gc_pages=32356 gc_count=1530 waf_q16=97881 best=37 next=18 settled=0
[992297.760518] NVMeVirt: WATGC_V2 sample ns=0 part=0 epoch=1 window=19 phase=measure evaluated=17 k=4 scale_pct=25 age_ratio=16 host=65539 gc_pages=31848 gc_count=1522 waf_q16=97382 best=37 next=18 settled=0
[992297.810859] NVMeVirt: WATGC_V2 sample ns=0 part=2 epoch=1 window=19 phase=measure evaluated=17 k=4 scale_pct=25 age_ratio=16 host=65544 gc_pages=32178 gc_count=1527 waf_q16=97710 best=37 next=18 settled=0
[992307.572652] NVMeVirt: WATGC_V2 sample ns=0 part=0 epoch=1 window=20 phase=measure evaluated=18 k=4 scale_pct=50 age_ratio=4 host=65545 gc_pages=53682 gc_count=1863 waf_q16=119210 best=37 next=19 settled=0
[992307.589878] NVMeVirt: WATGC_V2 sample ns=0 part=3 epoch=1 window=20 phase=measure evaluated=18 k=4 scale_pct=50 age_ratio=4 host=65536 gc_pages=52732 gc_count=1848 waf_q16=118268 best=37 next=19 settled=0
[992307.602245] NVMeVirt: WATGC_V2 sample ns=0 part=1 epoch=1 window=20 phase=measure evaluated=18 k=4 scale_pct=50 age_ratio=4 host=65556 gc_pages=53864 gc_count=1866 waf_q16=119383 best=37 next=19 settled=0
[992307.610228] NVMeVirt: WATGC_V2 sample ns=0 part=2 epoch=1 window=20 phase=measure evaluated=18 k=4 scale_pct=50 age_ratio=4 host=65538 gc_pages=53753 gc_count=1864 waf_q16=119287 best=37 next=19 settled=0
[992317.408779] NVMeVirt: WATGC_V2 sample ns=0 part=0 epoch=1 window=21 phase=measure evaluated=19 k=4 scale_pct=50 age_ratio=7 host=65547 gc_pages=34179 gc_count=1558 waf_q16=99709 best=37 next=20 settled=0
[992317.409966] NVMeVirt: WATGC_V2 sample ns=0 part=1 epoch=1 window=21 phase=measure evaluated=19 k=4 scale_pct=50 age_ratio=7 host=65540 gc_pages=33930 gc_count=1554 waf_q16=99463 best=37 next=20 settled=0
[992317.431844] NVMeVirt: WATGC_V2 sample ns=0 part=3 epoch=1 window=21 phase=measure evaluated=19 k=4 scale_pct=50 age_ratio=7 host=65557 gc_pages=32889 gc_count=1538 waf_q16=98414 best=37 next=20 settled=0
[992317.460770] NVMeVirt: WATGC_V2 sample ns=0 part=2 epoch=1 window=21 phase=measure evaluated=19 k=4 scale_pct=50 age_ratio=7 host=65556 gc_pages=34489 gc_count=1563 waf_q16=100014 best=37 next=20 settled=0
[992327.247142] NVMeVirt: WATGC_V2 sample ns=0 part=1 epoch=1 window=22 phase=measure evaluated=20 k=4 scale_pct=50 age_ratio=16 host=65568 gc_pages=43344 gc_count=1702 waf_q16=108858 best=37 next=21 settled=0
[992327.262485] NVMeVirt: WATGC_V2 sample ns=0 part=0 epoch=1 window=22 phase=measure evaluated=20 k=4 scale_pct=50 age_ratio=16 host=65556 gc_pages=43420 gc_count=1703 waf_q16=108942 best=37 next=21 settled=0
[992327.267607] NVMeVirt: WATGC_V2 sample ns=0 part=3 epoch=1 window=22 phase=measure evaluated=20 k=4 scale_pct=50 age_ratio=16 host=65575 gc_pages=42952 gc_count=1696 waf_q16=108462 best=37 next=21 settled=0
[992327.273474] NVMeVirt: WATGC_V2 sample ns=0 part=2 epoch=1 window=22 phase=measure evaluated=20 k=4 scale_pct=50 age_ratio=16 host=65567 gc_pages=43280 gc_count=1701 waf_q16=108795 best=37 next=21 settled=0
[992337.085322] NVMeVirt: WATGC_V2 sample ns=0 part=1 epoch=1 window=23 phase=measure evaluated=21 k=4 scale_pct=100 age_ratio=4 host=65548 gc_pages=43521 gc_count=1704 waf_q16=109049 best=37 next=22 settled=0
[992337.085713] NVMeVirt: WATGC_V2 sample ns=0 part=0 epoch=1 window=23 phase=measure evaluated=21 k=4 scale_pct=100 age_ratio=4 host=65541 gc_pages=43591 gc_count=1705 waf_q16=109123 best=37 next=22 settled=0
[992337.107966] NVMeVirt: WATGC_V2 sample ns=0 part=3 epoch=1 window=23 phase=measure evaluated=21 k=4 scale_pct=100 age_ratio=4 host=65564 gc_pages=43504 gc_count=1704 waf_q16=109021 best=37 next=22 settled=0
[992337.110852] NVMeVirt: WATGC_V2 sample ns=0 part=2 epoch=1 window=23 phase=measure evaluated=21 k=4 scale_pct=100 age_ratio=4 host=65568 gc_pages=44012 gc_count=1712 waf_q16=109526 best=37 next=22 settled=0
[992346.905946] NVMeVirt: WATGC_V2 sample ns=0 part=0 epoch=1 window=24 phase=measure evaluated=22 k=4 scale_pct=100 age_ratio=7 host=65559 gc_pages=23203 gc_count=1387 waf_q16=88730 best=37 next=23 settled=0
[992346.920518] NVMeVirt: WATGC_V2 sample ns=0 part=1 epoch=1 window=24 phase=measure evaluated=22 k=4 scale_pct=100 age_ratio=7 host=65567 gc_pages=23452 gc_count=1391 waf_q16=88976 best=37 next=23 settled=0
[992346.939406] NVMeVirt: WATGC_V2 sample ns=0 part=2 epoch=1 window=24 phase=measure evaluated=22 k=4 scale_pct=100 age_ratio=7 host=65568 gc_pages=23259 gc_count=1388 waf_q16=88783 best=37 next=23 settled=0
[992346.963013] NVMeVirt: WATGC_V2 sample ns=0 part=3 epoch=1 window=24 phase=measure evaluated=22 k=4 scale_pct=100 age_ratio=7 host=65576 gc_pages=23058 gc_count=1385 waf_q16=88579 best=37 next=23 settled=0
[992356.754113] NVMeVirt: WATGC_V2 sample ns=0 part=3 epoch=1 window=25 phase=measure evaluated=23 k=4 scale_pct=100 age_ratio=16 host=65557 gc_pages=46825 gc_count=1756 waf_q16=112346 best=37 next=24 settled=0
[992356.762643] NVMeVirt: WATGC_V2 sample ns=0 part=0 epoch=1 window=25 phase=measure evaluated=23 k=4 scale_pct=100 age_ratio=16 host=65541 gc_pages=46650 gc_count=1753 waf_q16=112182 best=37 next=24 settled=0
[992356.767134] NVMeVirt: WATGC_V2 sample ns=0 part=1 epoch=1 window=25 phase=measure evaluated=23 k=4 scale_pct=100 age_ratio=16 host=65569 gc_pages=46621 gc_count=1753 waf_q16=112133 best=37 next=24 settled=0
[992356.780967] NVMeVirt: WATGC_V2 sample ns=0 part=2 epoch=1 window=25 phase=measure evaluated=23 k=4 scale_pct=100 age_ratio=16 host=65560 gc_pages=47654 gc_count=1769 waf_q16=113172 best=37 next=24 settled=0
[992366.574399] NVMeVirt: WATGC_V2 sample ns=0 part=2 epoch=1 window=26 phase=measure evaluated=24 k=4 scale_pct=200 age_ratio=4 host=65563 gc_pages=25651 gc_count=1425 waf_q16=91176 best=37 next=25 settled=0
[992366.593090] NVMeVirt: WATGC_V2 sample ns=0 part=0 epoch=1 window=26 phase=measure evaluated=24 k=4 scale_pct=200 age_ratio=4 host=65539 gc_pages=26058 gc_count=1431 waf_q16=91592 best=37 next=25 settled=0
[992366.597146] NVMeVirt: WATGC_V2 sample ns=0 part=1 epoch=1 window=26 phase=measure evaluated=24 k=4 scale_pct=200 age_ratio=4 host=65541 gc_pages=25543 gc_count=1423 waf_q16=91077 best=37 next=25 settled=0
[992366.644395] NVMeVirt: WATGC_V2 sample ns=0 part=3 epoch=1 window=26 phase=measure evaluated=24 k=4 scale_pct=200 age_ratio=4 host=65567 gc_pages=25389 gc_count=1421 waf_q16=90912 best=37 next=25 settled=0
[992376.399129] NVMeVirt: WATGC_V2 sample ns=0 part=0 epoch=1 window=27 phase=measure evaluated=25 k=4 scale_pct=200 age_ratio=7 host=65546 gc_pages=34790 gc_count=1568 waf_q16=100320 best=37 next=26 settled=0
[992376.416461] NVMeVirt: WATGC_V2 sample ns=0 part=1 epoch=1 window=27 phase=measure evaluated=25 k=4 scale_pct=200 age_ratio=7 host=65582 gc_pages=34497 gc_count=1564 waf_q16=100008 best=37 next=26 settled=0
[992376.442498] NVMeVirt: WATGC_V2 sample ns=0 part=2 epoch=1 window=27 phase=measure evaluated=25 k=4 scale_pct=200 age_ratio=7 host=65543 gc_pages=34089 gc_count=1557 waf_q16=99621 best=37 next=26 settled=0
[992376.489413] NVMeVirt: WATGC_V2 sample ns=0 part=3 epoch=1 window=27 phase=measure evaluated=25 k=4 scale_pct=200 age_ratio=7 host=65540 gc_pages=33964 gc_count=1555 waf_q16=99497 best=37 next=26 settled=0
[992386.233999] NVMeVirt: WATGC_V2 sample ns=0 part=1 epoch=1 window=28 phase=measure evaluated=26 k=4 scale_pct=200 age_ratio=16 host=65549 gc_pages=52737 gc_count=1848 waf_q16=118262 best=37 next=27 settled=0
[992386.258622] NVMeVirt: WATGC_V2 sample ns=0 part=2 epoch=1 window=28 phase=measure evaluated=26 k=4 scale_pct=200 age_ratio=16 host=65538 gc_pages=52493 gc_count=1844 waf_q16=118027 best=37 next=27 settled=0
[992386.263514] NVMeVirt: WATGC_V2 sample ns=0 part=0 epoch=1 window=28 phase=measure evaluated=26 k=4 scale_pct=200 age_ratio=16 host=65553 gc_pages=53565 gc_count=1861 waf_q16=119087 best=37 next=27 settled=0
[992386.329312] NVMeVirt: WATGC_V2 sample ns=0 part=3 epoch=1 window=28 phase=measure evaluated=26 k=4 scale_pct=200 age_ratio=16 host=65568 gc_pages=53166 gc_count=1855 waf_q16=118676 best=37 next=27 settled=0
[992396.074779] NVMeVirt: WATGC_V2 sample ns=0 part=1 epoch=1 window=29 phase=measure evaluated=27 k=4 scale_pct=400 age_ratio=4 host=65556 gc_pages=29230 gc_count=1481 waf_q16=94757 best=37 next=28 settled=0
[992396.080688] NVMeVirt: WATGC_V2 sample ns=0 part=0 epoch=1 window=29 phase=measure evaluated=27 k=4 scale_pct=400 age_ratio=4 host=65547 gc_pages=29239 gc_count=1481 waf_q16=94770 best=37 next=28 settled=0
[992396.113561] NVMeVirt: WATGC_V2 sample ns=0 part=2 epoch=1 window=29 phase=measure evaluated=27 k=4 scale_pct=400 age_ratio=4 host=65558 gc_pages=28396 gc_count=1468 waf_q16=93922 best=37 next=28 settled=0
[992396.144248] NVMeVirt: WATGC_V2 sample ns=0 part=3 epoch=1 window=29 phase=measure evaluated=27 k=4 scale_pct=400 age_ratio=4 host=65542 gc_pages=28926 gc_count=1476 waf_q16=94459 best=37 next=28 settled=0
[992406.212410] NVMeVirt: WATGC_V2 sample ns=0 part=1 epoch=1 window=30 phase=measure evaluated=28 k=4 scale_pct=400 age_ratio=7 host=65548 gc_pages=83318 gc_count=2326 waf_q16=148838 best=37 next=29 settled=0
[992406.243624] NVMeVirt: WATGC_V2 sample ns=0 part=0 epoch=1 window=30 phase=measure evaluated=28 k=4 scale_pct=400 age_ratio=7 host=65542 gc_pages=82683 gc_count=2316 waf_q16=148211 best=37 next=29 settled=0
[992406.266283] NVMeVirt: WATGC_V2 sample ns=0 part=2 epoch=1 window=30 phase=measure evaluated=28 k=4 scale_pct=400 age_ratio=7 host=65536 gc_pages=83266 gc_count=2325 waf_q16=148802 best=37 next=29 settled=0
[992406.330250] NVMeVirt: WATGC_V2 sample ns=0 part=3 epoch=1 window=30 phase=measure evaluated=28 k=4 scale_pct=400 age_ratio=7 host=65541 gc_pages=83068 gc_count=2322 waf_q16=148597 best=37 next=29 settled=0
[992416.064477] NVMeVirt: WATGC_V2 sample ns=0 part=0 epoch=1 window=31 phase=measure evaluated=29 k=4 scale_pct=400 age_ratio=16 host=65551 gc_pages=67117 gc_count=2073 waf_q16=132637 best=37 next=30 settled=0
[992416.075883] NVMeVirt: WATGC_V2 sample ns=0 part=2 epoch=1 window=31 phase=measure evaluated=29 k=4 scale_pct=400 age_ratio=16 host=65557 gc_pages=67111 gc_count=2073 waf_q16=132625 best=37 next=30 settled=0
[992416.083727] NVMeVirt: WATGC_V2 sample ns=0 part=1 epoch=1 window=31 phase=measure evaluated=29 k=4 scale_pct=400 age_ratio=16 host=65559 gc_pages=66789 gc_count=2068 waf_q16=132301 best=37 next=30 settled=0
[992416.166826] NVMeVirt: WATGC_V2 sample ns=0 part=3 epoch=1 window=31 phase=measure evaluated=29 k=4 scale_pct=400 age_ratio=16 host=65567 gc_pages=67614 gc_count=2081 waf_q16=133118 best=37 next=30 settled=0
[992425.901692] NVMeVirt: WATGC_V2 sample ns=0 part=2 epoch=1 window=32 phase=measure evaluated=30 k=7 scale_pct=25 age_ratio=4 host=65554 gc_pages=39137 gc_count=1636 waf_q16=104662 best=37 next=31 settled=0
[992425.919162] NVMeVirt: WATGC_V2 sample ns=0 part=1 epoch=1 window=32 phase=measure evaluated=30 k=7 scale_pct=25 age_ratio=4 host=65560 gc_pages=39646 gc_count=1644 waf_q16=105167 best=37 next=31 settled=0
[992425.938817] NVMeVirt: WATGC_V2 sample ns=0 part=0 epoch=1 window=32 phase=measure evaluated=30 k=7 scale_pct=25 age_ratio=4 host=65554 gc_pages=39779 gc_count=1646 waf_q16=105304 best=37 next=31 settled=0
[992425.969853] NVMeVirt: WATGC_V2 sample ns=0 part=3 epoch=1 window=32 phase=measure evaluated=30 k=7 scale_pct=25 age_ratio=4 host=65560 gc_pages=39329 gc_count=1639 waf_q16=104850 best=37 next=31 settled=0
[992435.729803] NVMeVirt: WATGC_V2 sample ns=0 part=1 epoch=1 window=33 phase=measure evaluated=31 k=7 scale_pct=25 age_ratio=7 host=65542 gc_pages=19390 gc_count=1327 waf_q16=84924 best=37 next=32 settled=0
[992435.751930] NVMeVirt: WATGC_V2 sample ns=0 part=2 epoch=1 window=33 phase=measure evaluated=31 k=7 scale_pct=25 age_ratio=7 host=65556 gc_pages=19632 gc_count=1331 waf_q16=85162 best=37 next=32 settled=0
[992435.773796] NVMeVirt: WATGC_V2 sample ns=0 part=0 epoch=1 window=33 phase=measure evaluated=31 k=7 scale_pct=25 age_ratio=7 host=65562 gc_pages=19367 gc_count=1327 waf_q16=84895 best=37 next=32 settled=0
[992435.813993] NVMeVirt: WATGC_V2 sample ns=0 part=3 epoch=1 window=33 phase=measure evaluated=31 k=7 scale_pct=25 age_ratio=7 host=65542 gc_pages=19324 gc_count=1326 waf_q16=84858 best=37 next=32 settled=0
[992445.541033] NVMeVirt: WATGC_V2 sample ns=0 part=1 epoch=1 window=34 phase=measure evaluated=32 k=7 scale_pct=25 age_ratio=16 host=65545 gc_pages=35414 gc_count=1577 waf_q16=100945 best=37 next=33 settled=0
[992445.568893] NVMeVirt: WATGC_V2 sample ns=0 part=0 epoch=1 window=34 phase=measure evaluated=32 k=7 scale_pct=25 age_ratio=16 host=65546 gc_pages=35462 gc_count=1578 waf_q16=100992 best=37 next=33 settled=0
[992445.619271] NVMeVirt: WATGC_V2 sample ns=0 part=2 epoch=1 window=34 phase=measure evaluated=32 k=7 scale_pct=25 age_ratio=16 host=65563 gc_pages=35643 gc_count=1581 waf_q16=101164 best=37 next=33 settled=0
[992445.675600] NVMeVirt: WATGC_V2 sample ns=0 part=3 epoch=1 window=34 phase=measure evaluated=32 k=7 scale_pct=25 age_ratio=16 host=65545 gc_pages=36816 gc_count=1599 waf_q16=102346 best=37 next=33 settled=0
[992455.380716] NVMeVirt: WATGC_V2 sample ns=0 part=1 epoch=1 window=35 phase=measure evaluated=33 k=7 scale_pct=50 age_ratio=4 host=65546 gc_pages=55598 gc_count=1893 waf_q16=121125 best=37 next=34 settled=0
[992455.422374] NVMeVirt: WATGC_V2 sample ns=0 part=2 epoch=1 window=35 phase=measure evaluated=33 k=7 scale_pct=50 age_ratio=4 host=65571 gc_pages=55509 gc_count=1892 waf_q16=121015 best=37 next=34 settled=0
[992455.432399] NVMeVirt: WATGC_V2 sample ns=0 part=0 epoch=1 window=35 phase=measure evaluated=33 k=7 scale_pct=50 age_ratio=4 host=65549 gc_pages=55403 gc_count=1890 waf_q16=120928 best=37 next=34 settled=0
[992455.503724] NVMeVirt: WATGC_V2 sample ns=0 part=3 epoch=1 window=35 phase=measure evaluated=33 k=7 scale_pct=50 age_ratio=4 host=65560 gc_pages=55264 gc_count=1888 waf_q16=120779 best=37 next=34 settled=0
[992465.252465] NVMeVirt: WATGC_V2 sample ns=0 part=1 epoch=1 window=36 phase=measure evaluated=34 k=7 scale_pct=50 age_ratio=7 host=65544 gc_pages=23025 gc_count=1384 waf_q16=88558 best=37 next=35 settled=0
[992465.254090] NVMeVirt: WATGC_V2 sample ns=0 part=2 epoch=1 window=36 phase=measure evaluated=34 k=7 scale_pct=50 age_ratio=7 host=65545 gc_pages=22833 gc_count=1381 waf_q16=88365 best=37 next=35 settled=0
[992465.259103] NVMeVirt: WATGC_V2 sample ns=0 part=0 epoch=1 window=36 phase=measure evaluated=34 k=7 scale_pct=50 age_ratio=7 host=65571 gc_pages=22998 gc_count=1384 waf_q16=88521 best=37 next=35 settled=0
[992465.308836] NVMeVirt: WATGC_V2 sample ns=0 part=3 epoch=1 window=36 phase=measure evaluated=34 k=7 scale_pct=50 age_ratio=7 host=65571 gc_pages=22871 gc_count=1382 waf_q16=88394 best=37 next=35 settled=0
[992475.068630] NVMeVirt: WATGC_V2 sample ns=0 part=0 epoch=1 window=37 phase=measure evaluated=35 k=7 scale_pct=50 age_ratio=16 host=65557 gc_pages=28209 gc_count=1465 waf_q16=93735 best=37 next=36 settled=0
[992475.075381] NVMeVirt: WATGC_V2 sample ns=0 part=1 epoch=1 window=37 phase=measure evaluated=35 k=7 scale_pct=50 age_ratio=16 host=65570 gc_pages=29018 gc_count=1478 waf_q16=94538 best=37 next=36 settled=0
[992475.129576] NVMeVirt: WATGC_V2 sample ns=0 part=2 epoch=1 window=37 phase=measure evaluated=35 k=7 scale_pct=50 age_ratio=16 host=65552 gc_pages=28660 gc_count=1472 waf_q16=94189 best=37 next=36 settled=0
[992475.139597] NVMeVirt: WATGC_V2 sample ns=0 part=3 epoch=1 window=37 phase=measure evaluated=35 k=7 scale_pct=50 age_ratio=16 host=65539 gc_pages=28994 gc_count=1477 waf_q16=94528 best=37 next=36 settled=0
[992484.893815] NVMeVirt: WATGC_V2 sample ns=0 part=0 epoch=1 window=38 phase=measure evaluated=36 k=7 scale_pct=100 age_ratio=4 host=65568 gc_pages=59928 gc_count=1961 waf_q16=125434 best=37 next=38 settled=0
[992484.910523] NVMeVirt: WATGC_V2 sample ns=0 part=1 epoch=1 window=38 phase=measure evaluated=36 k=7 scale_pct=100 age_ratio=4 host=65552 gc_pages=59752 gc_count=1958 waf_q16=125273 best=37 next=38 settled=0
[992484.965605] NVMeVirt: WATGC_V2 sample ns=0 part=2 epoch=1 window=38 phase=measure evaluated=36 k=7 scale_pct=100 age_ratio=4 host=65553 gc_pages=59879 gc_count=1960 waf_q16=125399 best=37 next=38 settled=0
[992484.984418] NVMeVirt: WATGC_V2 sample ns=0 part=3 epoch=1 window=38 phase=measure evaluated=36 k=7 scale_pct=100 age_ratio=4 host=65539 gc_pages=59700 gc_count=1957 waf_q16=125233 best=37 next=38 settled=0
[992494.715250] NVMeVirt: WATGC_V2 sample ns=0 part=1 epoch=1 window=39 phase=measure evaluated=38 k=7 scale_pct=100 age_ratio=16 host=65586 gc_pages=24581 gc_count=1409 waf_q16=90098 best=37 next=39 settled=0
[992494.743757] NVMeVirt: WATGC_V2 sample ns=0 part=0 epoch=1 window=39 phase=measure evaluated=38 k=7 scale_pct=100 age_ratio=16 host=65551 gc_pages=24489 gc_count=1407 waf_q16=90019 best=37 next=39 settled=0
[992494.787531] NVMeVirt: WATGC_V2 sample ns=0 part=2 epoch=1 window=39 phase=measure evaluated=38 k=7 scale_pct=100 age_ratio=16 host=65546 gc_pages=24302 gc_count=1404 waf_q16=89834 best=37 next=39 settled=0
[992494.841513] NVMeVirt: WATGC_V2 sample ns=0 part=3 epoch=1 window=39 phase=measure evaluated=38 k=7 scale_pct=100 age_ratio=16 host=65556 gc_pages=24355 gc_count=1405 waf_q16=89883 best=37 next=39 settled=0
[992504.563137] NVMeVirt: WATGC_V2 sample ns=0 part=1 epoch=1 window=40 phase=measure evaluated=39 k=7 scale_pct=200 age_ratio=4 host=65578 gc_pages=14491 gc_count=1251 waf_q16=80017 best=37 next=40 settled=0
[992504.598049] NVMeVirt: WATGC_V2 sample ns=0 part=0 epoch=1 window=40 phase=measure evaluated=39 k=7 scale_pct=200 age_ratio=4 host=65560 gc_pages=14381 gc_count=1249 waf_q16=79911 best=37 next=40 settled=0
[992504.608391] NVMeVirt: WATGC_V2 sample ns=0 part=2 epoch=1 window=40 phase=measure evaluated=39 k=7 scale_pct=200 age_ratio=4 host=65550 gc_pages=14646 gc_count=1253 waf_q16=80178 best=37 next=40 settled=0
[992504.668766] NVMeVirt: WATGC_V2 sample ns=0 part=3 epoch=1 window=40 phase=measure evaluated=39 k=7 scale_pct=200 age_ratio=4 host=65571 gc_pages=14754 gc_count=1255 waf_q16=80282 best=37 next=40 settled=0
[992514.408958] NVMeVirt: WATGC_V2 sample ns=0 part=1 epoch=1 window=41 phase=measure evaluated=40 k=7 scale_pct=200 age_ratio=7 host=65551 gc_pages=60604 gc_count=1971 waf_q16=126126 best=37 next=41 settled=0
[992514.413162] NVMeVirt: WATGC_V2 sample ns=0 part=0 epoch=1 window=41 phase=measure evaluated=40 k=7 scale_pct=200 age_ratio=7 host=65549 gc_pages=60351 gc_count=1967 waf_q16=125875 best=37 next=41 settled=0
[992514.464584] NVMeVirt: WATGC_V2 sample ns=0 part=2 epoch=1 window=41 phase=measure evaluated=40 k=7 scale_pct=200 age_ratio=7 host=65558 gc_pages=60726 gc_count=1973 waf_q16=126241 best=37 next=41 settled=0
[992514.490402] NVMeVirt: WATGC_V2 sample ns=0 part=3 epoch=1 window=41 phase=measure evaluated=40 k=7 scale_pct=200 age_ratio=7 host=65559 gc_pages=60533 gc_count=1970 waf_q16=126047 best=37 next=41 settled=0
[992524.251530] NVMeVirt: WATGC_V2 sample ns=0 part=0 epoch=1 window=42 phase=measure evaluated=41 k=7 scale_pct=200 age_ratio=16 host=65571 gc_pages=42772 gc_count=1693 waf_q16=108285 best=37 next=42 settled=0
[992524.271460] NVMeVirt: WATGC_V2 sample ns=0 part=1 epoch=1 window=42 phase=measure evaluated=41 k=7 scale_pct=200 age_ratio=16 host=65567 gc_pages=42905 gc_count=1695 waf_q16=108420 best=37 next=42 settled=0
[992524.281022] NVMeVirt: WATGC_V2 sample ns=0 part=2 epoch=1 window=42 phase=measure evaluated=41 k=7 scale_pct=200 age_ratio=16 host=65562 gc_pages=42782 gc_count=1693 waf_q16=108301 best=37 next=42 settled=0
[992524.309770] NVMeVirt: WATGC_V2 sample ns=0 part=3 epoch=1 window=42 phase=measure evaluated=41 k=7 scale_pct=200 age_ratio=16 host=65559 gc_pages=42593 gc_count=1690 waf_q16=108114 best=37 next=42 settled=0
[992534.086875] NVMeVirt: WATGC_V2 sample ns=0 part=0 epoch=1 window=43 phase=measure evaluated=42 k=7 scale_pct=400 age_ratio=4 host=65583 gc_pages=19280 gc_count=1326 waf_q16=84802 best=37 next=43 settled=0
[992534.090935] NVMeVirt: WATGC_V2 sample ns=0 part=1 epoch=1 window=43 phase=measure evaluated=42 k=7 scale_pct=400 age_ratio=4 host=65555 gc_pages=19628 gc_count=1331 waf_q16=85158 best=37 next=43 settled=0
[992534.123152] NVMeVirt: WATGC_V2 sample ns=0 part=2 epoch=1 window=43 phase=measure evaluated=42 k=7 scale_pct=400 age_ratio=4 host=65572 gc_pages=19355 gc_count=1327 waf_q16=84880 best=37 next=43 settled=0
[992534.159781] NVMeVirt: WATGC_V2 sample ns=0 part=3 epoch=1 window=43 phase=measure evaluated=42 k=7 scale_pct=400 age_ratio=4 host=65546 gc_pages=19317 gc_count=1326 waf_q16=84850 best=37 next=43 settled=0
[992543.934142] NVMeVirt: WATGC_V2 sample ns=0 part=0 epoch=1 window=44 phase=measure evaluated=43 k=7 scale_pct=400 age_ratio=7 host=65549 gc_pages=47619 gc_count=1768 waf_q16=113145 best=37 next=44 settled=0
[992543.941912] NVMeVirt: WATGC_V2 sample ns=0 part=1 epoch=1 window=44 phase=measure evaluated=43 k=7 scale_pct=400 age_ratio=7 host=65539 gc_pages=47884 gc_count=1772 waf_q16=113417 best=37 next=44 settled=0
[992543.947786] NVMeVirt: WATGC_V2 sample ns=0 part=2 epoch=1 window=44 phase=measure evaluated=43 k=7 scale_pct=400 age_ratio=7 host=65551 gc_pages=47425 gc_count=1765 waf_q16=112950 best=37 next=44 settled=0
[992543.967473] NVMeVirt: WATGC_V2 sample ns=0 part=3 epoch=1 window=44 phase=measure evaluated=43 k=7 scale_pct=400 age_ratio=7 host=65538 gc_pages=48462 gc_count=1781 waf_q16=113996 best=37 next=44 settled=0
[992553.731957] NVMeVirt: WATGC_V2 sample ns=0 part=0 epoch=1 window=45 phase=measure evaluated=44 k=7 scale_pct=400 age_ratio=16 host=65542 gc_pages=46065 gc_count=1744 waf_q16=111596 best=37 next=45 settled=0
[992553.767163] NVMeVirt: WATGC_V2 sample ns=0 part=1 epoch=1 window=45 phase=measure evaluated=44 k=7 scale_pct=400 age_ratio=16 host=65545 gc_pages=45869 gc_count=1741 waf_q16=111398 best=37 next=45 settled=0
[992553.793319] NVMeVirt: WATGC_V2 sample ns=0 part=2 epoch=1 window=45 phase=measure evaluated=44 k=7 scale_pct=400 age_ratio=16 host=65539 gc_pages=45876 gc_count=1741 waf_q16=111409 best=37 next=45 settled=0
[992553.837945] NVMeVirt: WATGC_V2 sample ns=0 part=3 epoch=1 window=45 phase=measure evaluated=44 k=7 scale_pct=400 age_ratio=16 host=65569 gc_pages=45461 gc_count=1735 waf_q16=110974 best=37 next=45 settled=0
[992563.583268] NVMeVirt: WATGC_V2 sample ns=0 part=1 epoch=1 window=46 phase=measure evaluated=45 k=10 scale_pct=25 age_ratio=4 host=65546 gc_pages=16050 gc_count=1275 waf_q16=81583 best=37 next=46 settled=0
[992563.595201] NVMeVirt: WATGC_V2 sample ns=0 part=0 epoch=1 window=46 phase=measure evaluated=45 k=10 scale_pct=25 age_ratio=4 host=65553 gc_pages=16233 gc_count=1278 waf_q16=81764 best=37 next=46 settled=0
[992563.614322] NVMeVirt: WATGC_V2 sample ns=0 part=2 epoch=1 window=46 phase=measure evaluated=45 k=10 scale_pct=25 age_ratio=4 host=65554 gc_pages=16038 gc_count=1275 waf_q16=81569 best=37 next=46 settled=0
[992563.679987] NVMeVirt: WATGC_V2 sample ns=0 part=3 epoch=1 window=46 phase=measure evaluated=45 k=10 scale_pct=25 age_ratio=4 host=65577 gc_pages=15824 gc_count=1272 waf_q16=81350 best=37 next=46 settled=0
[992573.432661] NVMeVirt: WATGC_V2 sample ns=0 part=2 epoch=1 window=47 phase=measure evaluated=46 k=10 scale_pct=25 age_ratio=7 host=65547 gc_pages=22013 gc_count=1368 waf_q16=87545 best=37 next=47 settled=0
[992573.442302] NVMeVirt: WATGC_V2 sample ns=0 part=1 epoch=1 window=47 phase=measure evaluated=46 k=10 scale_pct=25 age_ratio=7 host=65567 gc_pages=21989 gc_count=1368 waf_q16=87514 best=37 next=47 settled=0
[992573.456544] NVMeVirt: WATGC_V2 sample ns=0 part=0 epoch=1 window=47 phase=measure evaluated=46 k=10 scale_pct=25 age_ratio=7 host=65576 gc_pages=21918 gc_count=1367 waf_q16=87440 best=37 next=47 settled=0
[992573.476304] NVMeVirt: WATGC_V2 sample ns=0 part=3 epoch=1 window=47 phase=measure evaluated=46 k=10 scale_pct=25 age_ratio=7 host=65571 gc_pages=22320 gc_count=1373 waf_q16=87844 best=37 next=47 settled=0
[992583.267408] NVMeVirt: WATGC_V2 sample ns=0 part=0 epoch=1 window=48 phase=measure evaluated=47 k=10 scale_pct=25 age_ratio=16 host=65559 gc_pages=85086 gc_count=2354 waf_q16=150592 best=37 next=48 settled=0
[992583.272666] NVMeVirt: WATGC_V2 sample ns=0 part=1 epoch=1 window=48 phase=measure evaluated=47 k=10 scale_pct=25 age_ratio=16 host=65555 gc_pages=84518 gc_count=2345 waf_q16=150029 best=37 next=48 settled=0
[992583.285886] NVMeVirt: WATGC_V2 sample ns=0 part=2 epoch=1 window=48 phase=measure evaluated=47 k=10 scale_pct=25 age_ratio=16 host=65550 gc_pages=84909 gc_count=2351 waf_q16=150426 best=37 next=48 settled=0
[992583.316042] NVMeVirt: WATGC_V2 sample ns=0 part=3 epoch=1 window=48 phase=measure evaluated=47 k=10 scale_pct=25 age_ratio=16 host=65576 gc_pages=83981 gc_count=2337 waf_q16=149465 best=37 next=48 settled=0
[992593.096519] NVMeVirt: WATGC_V2 sample ns=0 part=1 epoch=1 window=49 phase=measure evaluated=48 k=10 scale_pct=50 age_ratio=4 host=65553 gc_pages=29672 gc_count=1488 waf_q16=95200 best=37 next=49 settled=0
[992593.102022] NVMeVirt: WATGC_V2 sample ns=0 part=0 epoch=1 window=49 phase=measure evaluated=48 k=10 scale_pct=50 age_ratio=4 host=65581 gc_pages=29644 gc_count=1488 waf_q16=95159 best=37 next=49 settled=0
[992593.110706] NVMeVirt: WATGC_V2 sample ns=0 part=2 epoch=1 window=49 phase=measure evaluated=48 k=10 scale_pct=50 age_ratio=4 host=65574 gc_pages=29587 gc_count=1487 waf_q16=95105 best=37 next=49 settled=0
[992593.180642] NVMeVirt: WATGC_V2 sample ns=0 part=3 epoch=1 window=49 phase=measure evaluated=48 k=10 scale_pct=50 age_ratio=4 host=65560 gc_pages=29409 gc_count=1484 waf_q16=94934 best=37 next=49 settled=0
[992602.919745] NVMeVirt: WATGC_V2 sample ns=0 part=0 epoch=1 window=50 phase=measure evaluated=49 k=10 scale_pct=50 age_ratio=7 host=65542 gc_pages=23745 gc_count=1395 waf_q16=89278 best=37 next=50 settled=0
[992602.928820] NVMeVirt: WATGC_V2 sample ns=0 part=1 epoch=1 window=50 phase=measure evaluated=49 k=10 scale_pct=50 age_ratio=7 host=65544 gc_pages=23802 gc_count=1396 waf_q16=89335 best=37 next=50 settled=0
[992602.964257] NVMeVirt: WATGC_V2 sample ns=0 part=2 epoch=1 window=50 phase=measure evaluated=49 k=10 scale_pct=50 age_ratio=7 host=65575 gc_pages=24157 gc_count=1402 waf_q16=89678 best=37 next=50 settled=0
[992603.015457] NVMeVirt: WATGC_V2 sample ns=0 part=3 epoch=1 window=50 phase=measure evaluated=49 k=10 scale_pct=50 age_ratio=7 host=65556 gc_pages=24108 gc_count=1401 waf_q16=89636 best=37 next=50 settled=0
[992612.752356] NVMeVirt: WATGC_V2 sample ns=0 part=1 epoch=1 window=51 phase=measure evaluated=50 k=10 scale_pct=50 age_ratio=16 host=65564 gc_pages=64925 gc_count=2039 waf_q16=130433 best=37 next=51 settled=0
[992612.772232] NVMeVirt: WATGC_V2 sample ns=0 part=2 epoch=1 window=51 phase=measure evaluated=50 k=10 scale_pct=50 age_ratio=16 host=65555 gc_pages=65003 gc_count=2040 waf_q16=130520 best=37 next=51 settled=0
[992612.775680] NVMeVirt: WATGC_V2 sample ns=0 part=0 epoch=1 window=51 phase=measure evaluated=50 k=10 scale_pct=50 age_ratio=16 host=65541 gc_pages=65541 gc_count=2048 waf_q16=131072 best=37 next=51 settled=0
[992612.865231] NVMeVirt: WATGC_V2 sample ns=0 part=3 epoch=1 window=51 phase=measure evaluated=50 k=10 scale_pct=50 age_ratio=16 host=65550 gc_pages=65917 gc_count=2054 waf_q16=131438 best=37 next=51 settled=0
[992622.570818] NVMeVirt: WATGC_V2 sample ns=0 part=2 epoch=1 window=52 phase=measure evaluated=51 k=10 scale_pct=100 age_ratio=4 host=65550 gc_pages=33577 gc_count=1549 waf_q16=99105 best=37 next=52 settled=0
[992622.609294] NVMeVirt: WATGC_V2 sample ns=0 part=1 epoch=1 window=52 phase=measure evaluated=51 k=10 scale_pct=100 age_ratio=4 host=65555 gc_pages=33508 gc_count=1548 waf_q16=99034 best=37 next=52 settled=0
[992622.645579] NVMeVirt: WATGC_V2 sample ns=0 part=0 epoch=1 window=52 phase=measure evaluated=51 k=10 scale_pct=100 age_ratio=4 host=65571 gc_pages=33237 gc_count=1544 waf_q16=98755 best=37 next=52 settled=0
[992622.682548] NVMeVirt: WATGC_V2 sample ns=0 part=3 epoch=1 window=52 phase=measure evaluated=51 k=10 scale_pct=100 age_ratio=4 host=65560 gc_pages=33119 gc_count=1542 waf_q16=98642 best=37 next=52 settled=0
[992632.409293] NVMeVirt: WATGC_V2 sample ns=0 part=2 epoch=1 window=53 phase=measure evaluated=52 k=10 scale_pct=100 age_ratio=7 host=65575 gc_pages=12120 gc_count=1214 waf_q16=77648 best=37 next=53 settled=0
[992632.433147] NVMeVirt: WATGC_V2 sample ns=0 part=1 epoch=1 window=53 phase=measure evaluated=52 k=10 scale_pct=100 age_ratio=7 host=65559 gc_pages=12264 gc_count=1216 waf_q16=77795 best=37 next=53 settled=0
[992632.465510] NVMeVirt: WATGC_V2 sample ns=0 part=0 epoch=1 window=53 phase=measure evaluated=52 k=10 scale_pct=100 age_ratio=7 host=65581 gc_pages=12243 gc_count=1216 waf_q16=77770 best=37 next=53 settled=0
[992632.548273] NVMeVirt: WATGC_V2 sample ns=0 part=3 epoch=1 window=53 phase=measure evaluated=52 k=10 scale_pct=100 age_ratio=7 host=65563 gc_pages=12325 gc_count=1217 waf_q16=77855 best=37 next=53 settled=0
[992642.239146] NVMeVirt: WATGC_V2 sample ns=0 part=1 epoch=1 window=54 phase=measure evaluated=53 k=10 scale_pct=100 age_ratio=16 host=65563 gc_pages=36411 gc_count=1593 waf_q16=101932 best=37 next=54 settled=0
[992642.258500] NVMeVirt: WATGC_V2 sample ns=0 part=2 epoch=1 window=54 phase=measure evaluated=53 k=10 scale_pct=100 age_ratio=16 host=65563 gc_pages=35834 gc_count=1584 waf_q16=101355 best=37 next=54 settled=0
[992642.283258] NVMeVirt: WATGC_V2 sample ns=0 part=0 epoch=1 window=54 phase=measure evaluated=53 k=10 scale_pct=100 age_ratio=16 host=65548 gc_pages=36169 gc_count=1589 waf_q16=101698 best=37 next=54 settled=0
[992642.408535] NVMeVirt: WATGC_V2 sample ns=0 part=3 epoch=1 window=54 phase=measure evaluated=53 k=10 scale_pct=100 age_ratio=16 host=65538 gc_pages=37202 gc_count=1605 waf_q16=102736 best=37 next=54 settled=0
[992652.070837] NVMeVirt: WATGC_V2 sample ns=0 part=1 epoch=1 window=55 phase=measure evaluated=54 k=10 scale_pct=200 age_ratio=4 host=65542 gc_pages=55538 gc_count=1892 waf_q16=121068 best=37 next=55 settled=0
[992652.124337] NVMeVirt: WATGC_V2 sample ns=0 part=2 epoch=1 window=55 phase=measure evaluated=54 k=10 scale_pct=200 age_ratio=4 host=65562 gc_pages=55582 gc_count=1893 waf_q16=121095 best=37 next=55 settled=0
[992652.136693] NVMeVirt: WATGC_V2 sample ns=0 part=0 epoch=1 window=55 phase=measure evaluated=54 k=10 scale_pct=200 age_ratio=4 host=65543 gc_pages=55601 gc_count=1893 waf_q16=121131 best=37 next=55 settled=0
[992652.189823] NVMeVirt: WATGC_V2 sample ns=0 part=3 epoch=1 window=55 phase=measure evaluated=54 k=10 scale_pct=200 age_ratio=4 host=65558 gc_pages=55266 gc_count=1888 waf_q16=120783 best=37 next=55 settled=0
[992661.935952] NVMeVirt: WATGC_V2 sample ns=0 part=1 epoch=1 window=56 phase=measure evaluated=55 k=10 scale_pct=200 age_ratio=7 host=65585 gc_pages=22792 gc_count=1381 waf_q16=88310 best=37 next=56 settled=0
[992661.943056] NVMeVirt: WATGC_V2 sample ns=0 part=0 epoch=1 window=56 phase=measure evaluated=55 k=10 scale_pct=200 age_ratio=7 host=65548 gc_pages=22702 gc_count=1379 waf_q16=88233 best=37 next=56 settled=0
[992661.973968] NVMeVirt: WATGC_V2 sample ns=0 part=2 epoch=1 window=56 phase=measure evaluated=55 k=10 scale_pct=200 age_ratio=7 host=65575 gc_pages=22866 gc_count=1382 waf_q16=88388 best=37 next=56 settled=0
[992662.018276] NVMeVirt: WATGC_V2 sample ns=0 part=3 epoch=1 window=56 phase=measure evaluated=55 k=10 scale_pct=200 age_ratio=7 host=65573 gc_pages=22740 gc_count=1380 waf_q16=88263 best=37 next=56 settled=0
[992671.757624] NVMeVirt: WATGC_V2 sample ns=0 part=0 epoch=1 window=57 phase=measure evaluated=56 k=10 scale_pct=200 age_ratio=16 host=65565 gc_pages=27883 gc_count=1460 waf_q16=93406 best=37 next=57 settled=0
[992671.783424] NVMeVirt: WATGC_V2 sample ns=0 part=1 epoch=1 window=57 phase=measure evaluated=56 k=10 scale_pct=200 age_ratio=16 host=65565 gc_pages=28139 gc_count=1464 waf_q16=93662 best=37 next=57 settled=0
[992671.820688] NVMeVirt: WATGC_V2 sample ns=0 part=2 epoch=1 window=57 phase=measure evaluated=56 k=10 scale_pct=200 age_ratio=16 host=65549 gc_pages=28027 gc_count=1462 waf_q16=93557 best=37 next=57 settled=0
[992671.848037] NVMeVirt: WATGC_V2 sample ns=0 part=3 epoch=1 window=57 phase=measure evaluated=56 k=10 scale_pct=200 age_ratio=16 host=65568 gc_pages=28072 gc_count=1463 waf_q16=93594 best=37 next=57 settled=0
[992681.578571] NVMeVirt: WATGC_V2 sample ns=0 part=2 epoch=1 window=58 phase=measure evaluated=57 k=10 scale_pct=400 age_ratio=4 host=65548 gc_pages=59692 gc_count=1957 waf_q16=125217 best=37 next=58 settled=0
[992681.610508] NVMeVirt: WATGC_V2 sample ns=0 part=1 epoch=1 window=58 phase=measure evaluated=57 k=10 scale_pct=400 age_ratio=4 host=65548 gc_pages=59565 gc_count=1955 waf_q16=125090 best=37 next=58 settled=0
[992681.652019] NVMeVirt: WATGC_V2 sample ns=0 part=0 epoch=1 window=58 phase=measure evaluated=57 k=10 scale_pct=400 age_ratio=4 host=65563 gc_pages=59357 gc_count=1952 waf_q16=124868 best=37 next=58 settled=0
[992681.703753] NVMeVirt: WATGC_V2 sample ns=0 part=3 epoch=1 window=58 phase=measure evaluated=57 k=10 scale_pct=400 age_ratio=4 host=65559 gc_pages=59041 gc_count=1947 waf_q16=124556 best=37 next=58 settled=0
[992691.431843] NVMeVirt: WATGC_V2 sample ns=0 part=1 epoch=1 window=59 phase=measure evaluated=58 k=10 scale_pct=400 age_ratio=7 host=65563 gc_pages=23964 gc_count=1399 waf_q16=89490 best=37 next=59 settled=0
[992691.455877] NVMeVirt: WATGC_V2 sample ns=0 part=2 epoch=1 window=59 phase=measure evaluated=58 k=10 scale_pct=400 age_ratio=7 host=65562 gc_pages=24092 gc_count=1401 waf_q16=89618 best=37 next=59 settled=0
[992691.469793] NVMeVirt: WATGC_V2 sample ns=0 part=0 epoch=1 window=59 phase=measure evaluated=58 k=10 scale_pct=400 age_ratio=7 host=65574 gc_pages=24208 gc_count=1403 waf_q16=89729 best=37 next=59 settled=0
[992691.533092] NVMeVirt: WATGC_V2 sample ns=0 part=3 epoch=1 window=59 phase=measure evaluated=58 k=10 scale_pct=400 age_ratio=7 host=65577 gc_pages=24079 gc_count=1401 waf_q16=89599 best=37 next=59 settled=0
[992699.239098] EXT4-fs (nvme0n1): unmounting filesystem 666c98d0-966e-4c0c-a425-c54e73fdd38d.
[992699.290220] pci_bus 0001:10: busn_res: [bus 10-ff] is released
[992699.290329] NVMeVirt: WATGC_V2 summary ns=0 part=0 epoch=1 windows=59 epoch_windows=59 discarded=0 visited=59 covered=0 settled=0 phase=2 current=59 best=37 k=7 scale_pct=100 age_ratio=7 best_waf_valid=1 best_waf_q16=65536
[992699.290334] NVMeVirt: WATGC_V2 summary ns=0 part=1 epoch=1 windows=59 epoch_windows=59 discarded=0 visited=59 covered=0 settled=0 phase=2 current=59 best=37 k=7 scale_pct=100 age_ratio=7 best_waf_valid=1 best_waf_q16=65536
[992699.290338] NVMeVirt: WATGC_V2 summary ns=0 part=2 epoch=1 windows=59 epoch_windows=59 discarded=0 visited=59 covered=0 settled=0 phase=2 current=59 best=37 k=7 scale_pct=100 age_ratio=7 best_waf_valid=1 best_waf_q16=65536
[992699.290341] NVMeVirt: WATGC_V2 summary ns=0 part=3 epoch=1 windows=59 epoch_windows=59 discarded=0 visited=59 covered=0 settled=0 phase=2 current=59 best=37 k=7 scale_pct=100 age_ratio=7 best_waf_valid=1 best_waf_q16=65536
[992699.290343] NVMeVirt: GC stats: ns=0 policy=watgc-v2 host_pages=23503330 gc_pages=14562585 gc_count=594779 WAF=1.619 warmup_gc=100-per-part
[992699.368791] NVMeVirt: Virtual NVMe device closed
[992699.396016] iCAT_FIO_END module=gh-online run=20260923-072017-329400
[992701.759947] iCAT_FILEBENCH_START module=gh-greedy workload=webserver run=20260923-073024-330544
[992701.776405] NVMeVirt: Version 1.10 for >> Samsung 970 Pro SSD <<
[992701.776411] NVMeVirt: Storage: 0x100100000-0x300000000 (8191 MiB)
[992701.787477] NVMeVirt: Total Capacity(GiB,MiB)=2,2048 chs=2 luns=4 lines=8192 blk-size(MiB,KiB)=0,64 line-size(MiB,KiB)=0,256
[992701.798008] NVMeVirt: [chmodel_init] bandwidth 800 max_credits 26 tx_time 152
[992701.808569] NVMeVirt: [chmodel_init] bandwidth 800 max_credits 26 tx_time 152
[992701.808583] NVMeVirt: [chmodel_init] bandwidth 3360 max_credits 110 tx_time 36
[992701.809598] NVMeVirt: pqueue: Copyright (c) 2014, Volkan Yazıcı <volkan.yazici@gmail.com>. All rights reserved.
[992701.809633] NVMeVirt: Init FTL instance with 2 channels (524288 pages)
[992701.809635] NVMeVirt: GC victim policy: greedy ns=0 part=0 initial_k=7 initial_scale_pct=100 initial_age_ratio=7 warmup_gc=100
[992701.820008] NVMeVirt: [chmodel_init] bandwidth 800 max_credits 26 tx_time 152
[992701.830429] NVMeVirt: [chmodel_init] bandwidth 800 max_credits 26 tx_time 152
[992701.830443] NVMeVirt: [chmodel_init] bandwidth 3360 max_credits 110 tx_time 36
[992701.831417] NVMeVirt: Init FTL instance with 2 channels (524288 pages)
[992701.831419] NVMeVirt: GC victim policy: greedy ns=0 part=1 initial_k=7 initial_scale_pct=100 initial_age_ratio=7 warmup_gc=100
[992701.841814] NVMeVirt: [chmodel_init] bandwidth 800 max_credits 26 tx_time 152
[992701.852090] NVMeVirt: [chmodel_init] bandwidth 800 max_credits 26 tx_time 152
[992701.852102] NVMeVirt: [chmodel_init] bandwidth 3360 max_credits 110 tx_time 36
[992701.853020] NVMeVirt: Init FTL instance with 2 channels (524288 pages)
[992701.853024] NVMeVirt: GC victim policy: greedy ns=0 part=2 initial_k=7 initial_scale_pct=100 initial_age_ratio=7 warmup_gc=100
[992701.863383] NVMeVirt: [chmodel_init] bandwidth 800 max_credits 26 tx_time 152
[992701.873992] NVMeVirt: [chmodel_init] bandwidth 800 max_credits 26 tx_time 152
[992701.874005] NVMeVirt: [chmodel_init] bandwidth 3360 max_credits 110 tx_time 36
[992701.875028] NVMeVirt: Init FTL instance with 2 channels (524288 pages)
[992701.875031] NVMeVirt: GC victim policy: greedy ns=0 part=3 initial_k=7 initial_scale_pct=100 initial_age_ratio=7 warmup_gc=100
[992701.875036] NVMeVirt: FTL physical space: 8588886016, logical space: 8026996276 (physical/logical * 100 = 107)
[992701.875038] NVMeVirt: ns 0/1: size 7655 MiB
[992701.875109] PCI host bridge to bus 0001:10
[992701.875111] pci_bus 0001:10: root bus resource [io  0x0000-0xffff]
[992701.875114] pci_bus 0001:10: root bus resource [mem 0x00000000-0x7fffffffff]
[992701.875117] pci_bus 0001:10: root bus resource [bus 00-ff]
[992701.875124] pci 0001:10:00.0: [0c51:0110] type 00 class 0x010802 PCIe Endpoint
[992701.875129] pci 0001:10:00.0: BAR 0 [mem 0x100000000-0x100003fff 64bit]
[992701.875131] pci 0001:10:00.0: enabling Extended Tags
[992701.875303] NVMeVirt: Virtual PCI bus created (node 0)
[992701.875569] NVMeVirt: nvmev_io_worker_0 started on cpu 2 (node 0)
[992701.875665] NVMeVirt: Virtual NVMe device created
[992701.875791] NVMeVirt: nvmev_dispatcher started on cpu 1 (node 0)
[992701.875914] nvme nvme0: pci function 0001:10:00.0
[992701.879597] nvme nvme0: 8/0/0 default/read/poll queues
[992701.955699] EXT4-fs (nvme0n1): mounted filesystem 35845efb-7973-45bf-a0ae-57902d0538ed r/w with ordered data mode. Quota mode: none.
[992703.159053] iCAT_FILEBENCH_MEASURE_START run=20260923-073024-330544
[992705.326397] tee (330750): drop_caches: 3
[992711.541774] tee (330755): drop_caches: 3
[992717.424567] tee (330759): drop_caches: 3
[992723.834428] tee (330763): drop_caches: 3
[992730.015160] tee (330774): drop_caches: 3
[992735.756895] tee (330778): drop_caches: 3
[992741.739434] tee (330782): drop_caches: 3
[992748.128001] tee (330786): drop_caches: 3
[992750.910448] iCAT_FILEBENCH_MEASURE_END run=20260923-073024-330544
[992752.927375] EXT4-fs (nvme0n1): unmounting filesystem 35845efb-7973-45bf-a0ae-57902d0538ed.
[992753.318783] pci_bus 0001:10: busn_res: [bus 10-ff] is released
[992753.318900] NVMeVirt: GC stats: ns=0 policy=greedy host_pages=0 gc_pages=0 gc_count=0 WAF=N/A warmup_gc=100-per-part
[992753.390803] NVMeVirt: Virtual NVMe device closed
[992753.410894] iCAT_FILEBENCH_END module=gh-greedy workload=webserver run=20260923-073024-330544
[992755.409156] iCAT_FILEBENCH_START module=fixed10 workload=webserver run=20260923-073117-330833
[992755.526033] NVMeVirt: Version 1.10 for >> Samsung 970 Pro SSD <<
[992755.526039] NVMeVirt: Storage: 0x100100000-0x300000000 (8191 MiB)
[992755.536503] NVMeVirt: Total Capacity(GiB,MiB)=2,2048 chs=2 luns=4 lines=8192 blk-size(MiB,KiB)=0,64 line-size(MiB,KiB)=0,256
[992755.547853] NVMeVirt: [chmodel_init] bandwidth 800 max_credits 26 tx_time 152
[992755.558279] NVMeVirt: [chmodel_init] bandwidth 800 max_credits 26 tx_time 152
[992755.558293] NVMeVirt: [chmodel_init] bandwidth 3360 max_credits 110 tx_time 36
[992755.558295] NVMeVirt: Fixed CAT init ns=0 part=0 arm=10 k=2 scale_pct=200 age_ratio=7
[992755.559511] NVMeVirt: pqueue: Copyright (c) 2014, Volkan Yazıcı <volkan.yazici@gmail.com>. All rights reserved.
[992755.559547] NVMeVirt: Init FTL instance with 2 channels (524288 pages)
[992755.559549] NVMeVirt: GC victim policy: cat-fig7-fixed ns=0 part=0 initial_k=2 initial_scale_pct=200 initial_age_ratio=7 warmup_gc=100
[992755.569863] NVMeVirt: [chmodel_init] bandwidth 800 max_credits 26 tx_time 152
[992755.580046] NVMeVirt: [chmodel_init] bandwidth 800 max_credits 26 tx_time 152
[992755.580060] NVMeVirt: [chmodel_init] bandwidth 3360 max_credits 110 tx_time 36
[992755.580063] NVMeVirt: Fixed CAT init ns=0 part=1 arm=10 k=2 scale_pct=200 age_ratio=7
[992755.581356] NVMeVirt: Init FTL instance with 2 channels (524288 pages)
[992755.581359] NVMeVirt: GC victim policy: cat-fig7-fixed ns=0 part=1 initial_k=2 initial_scale_pct=200 initial_age_ratio=7 warmup_gc=100
[992755.591535] NVMeVirt: [chmodel_init] bandwidth 800 max_credits 26 tx_time 152
[992755.601636] NVMeVirt: [chmodel_init] bandwidth 800 max_credits 26 tx_time 152
[992755.601654] NVMeVirt: [chmodel_init] bandwidth 3360 max_credits 110 tx_time 36
[992755.601656] NVMeVirt: Fixed CAT init ns=0 part=2 arm=10 k=2 scale_pct=200 age_ratio=7
[992755.602954] NVMeVirt: Init FTL instance with 2 channels (524288 pages)
[992755.602957] NVMeVirt: GC victim policy: cat-fig7-fixed ns=0 part=2 initial_k=2 initial_scale_pct=200 initial_age_ratio=7 warmup_gc=100
[992755.613062] NVMeVirt: [chmodel_init] bandwidth 800 max_credits 26 tx_time 152
[992755.623627] NVMeVirt: [chmodel_init] bandwidth 800 max_credits 26 tx_time 152
[992755.623642] NVMeVirt: [chmodel_init] bandwidth 3360 max_credits 110 tx_time 36
[992755.623649] NVMeVirt: Fixed CAT init ns=0 part=3 arm=10 k=2 scale_pct=200 age_ratio=7
[992755.624926] NVMeVirt: Init FTL instance with 2 channels (524288 pages)
[992755.624929] NVMeVirt: GC victim policy: cat-fig7-fixed ns=0 part=3 initial_k=2 initial_scale_pct=200 initial_age_ratio=7 warmup_gc=100
[992755.624935] NVMeVirt: FTL physical space: 8588886016, logical space: 8026996276 (physical/logical * 100 = 107)
[992755.624937] NVMeVirt: ns 0/1: size 7655 MiB
[992755.624987] PCI host bridge to bus 0001:10
[992755.624989] pci_bus 0001:10: root bus resource [io  0x0000-0xffff]
[992755.624992] pci_bus 0001:10: root bus resource [mem 0x00000000-0x7fffffffff]
[992755.624994] pci_bus 0001:10: root bus resource [bus 00-ff]
[992755.625015] pci 0001:10:00.0: [0c51:0110] type 00 class 0x010802 PCIe Endpoint
[992755.625019] pci 0001:10:00.0: BAR 0 [mem 0x100000000-0x100003fff 64bit]
[992755.625022] pci 0001:10:00.0: enabling Extended Tags
[992755.625145] NVMeVirt: Virtual PCI bus created (node 0)
[992755.625462] NVMeVirt: nvmev_io_worker_0 started on cpu 2 (node 0)
[992755.625554] NVMeVirt: Virtual NVMe device created
[992755.625724] nvme nvme0: pci function 0001:10:00.0
[992755.625736] NVMeVirt: nvmev_dispatcher started on cpu 1 (node 0)
[992755.630369] nvme nvme0: 8/0/0 default/read/poll queues
[992756.602108] EXT4-fs (nvme0n1): mounted filesystem 56ce31f8-484f-4b41-b30e-ad83f3f3f695 r/w with ordered data mode. Quota mode: none.
[992758.514511] iCAT_FILEBENCH_MEASURE_START run=20260923-073117-330833
[992759.231665] tee (331037): drop_caches: 3
[992766.025190] tee (331044): drop_caches: 3
[992771.785765] tee (331048): drop_caches: 3
[992778.165358] tee (331052): drop_caches: 3
[992784.281421] tee (331056): drop_caches: 3
[992790.751070] tee (331067): drop_caches: 3
[992796.866260] tee (331071): drop_caches: 3
[992803.180125] tee (331076): drop_caches: 3
[992806.409637] iCAT_FILEBENCH_MEASURE_END run=20260923-073117-330833
[992808.052802] EXT4-fs (nvme0n1): unmounting filesystem 56ce31f8-484f-4b41-b30e-ad83f3f3f695.
[992808.478478] pci_bus 0001:10: busn_res: [bus 10-ff] is released
[992808.478537] NVMeVirt: GC stats: ns=0 policy=cat-fig7-fixed host_pages=0 gc_pages=0 gc_count=0 WAF=N/A warmup_gc=100-per-part
[992808.549798] NVMeVirt: Virtual NVMe device closed
[992808.569422] iCAT_FILEBENCH_END module=fixed10 workload=webserver run=20260923-073117-330833
[992810.575474] iCAT_FILEBENCH_START module=gh-cat37 workload=webserver run=20260923-073212-331125
[992810.646308] NVMeVirt: Version 1.10 for >> Samsung 970 Pro SSD <<
[992810.646315] NVMeVirt: Storage: 0x100100000-0x300000000 (8191 MiB)
[992810.657239] NVMeVirt: Total Capacity(GiB,MiB)=2,2048 chs=2 luns=4 lines=8192 blk-size(MiB,KiB)=0,64 line-size(MiB,KiB)=0,256
[992810.667668] NVMeVirt: [chmodel_init] bandwidth 800 max_credits 26 tx_time 152
[992810.678098] NVMeVirt: [chmodel_init] bandwidth 800 max_credits 26 tx_time 152
[992810.678112] NVMeVirt: [chmodel_init] bandwidth 3360 max_credits 110 tx_time 36
[992810.679027] NVMeVirt: pqueue: Copyright (c) 2014, Volkan Yazıcı <volkan.yazici@gmail.com>. All rights reserved.
[992810.679065] NVMeVirt: Init FTL instance with 2 channels (524288 pages)
[992810.679067] NVMeVirt: GC victim policy: cat-fig7-fixed ns=0 part=0 initial_k=7 initial_scale_pct=100 initial_age_ratio=7 warmup_gc=100
[992810.689271] NVMeVirt: [chmodel_init] bandwidth 800 max_credits 26 tx_time 152
[992810.699453] NVMeVirt: [chmodel_init] bandwidth 800 max_credits 26 tx_time 152
[992810.699466] NVMeVirt: [chmodel_init] bandwidth 3360 max_credits 110 tx_time 36
[992810.700389] NVMeVirt: Init FTL instance with 2 channels (524288 pages)
[992810.700407] NVMeVirt: GC victim policy: cat-fig7-fixed ns=0 part=1 initial_k=7 initial_scale_pct=100 initial_age_ratio=7 warmup_gc=100
[992810.710960] NVMeVirt: [chmodel_init] bandwidth 800 max_credits 26 tx_time 152
[992810.721064] NVMeVirt: [chmodel_init] bandwidth 800 max_credits 26 tx_time 152
[992810.721078] NVMeVirt: [chmodel_init] bandwidth 3360 max_credits 110 tx_time 36
[992810.722030] NVMeVirt: Init FTL instance with 2 channels (524288 pages)
[992810.722032] NVMeVirt: GC victim policy: cat-fig7-fixed ns=0 part=2 initial_k=7 initial_scale_pct=100 initial_age_ratio=7 warmup_gc=100
[992810.732092] NVMeVirt: [chmodel_init] bandwidth 800 max_credits 26 tx_time 152
[992810.742097] NVMeVirt: [chmodel_init] bandwidth 800 max_credits 26 tx_time 152
[992810.742110] NVMeVirt: [chmodel_init] bandwidth 3360 max_credits 110 tx_time 36
[992810.743080] NVMeVirt: Init FTL instance with 2 channels (524288 pages)
[992810.743083] NVMeVirt: GC victim policy: cat-fig7-fixed ns=0 part=3 initial_k=7 initial_scale_pct=100 initial_age_ratio=7 warmup_gc=100
[992810.743089] NVMeVirt: FTL physical space: 8588886016, logical space: 8026996276 (physical/logical * 100 = 107)
[992810.743091] NVMeVirt: ns 0/1: size 7655 MiB
[992810.743140] PCI host bridge to bus 0001:10
[992810.743142] pci_bus 0001:10: root bus resource [io  0x0000-0xffff]
[992810.743145] pci_bus 0001:10: root bus resource [mem 0x00000000-0x7fffffffff]
[992810.743147] pci_bus 0001:10: root bus resource [bus 00-ff]
[992810.743168] pci 0001:10:00.0: [0c51:0110] type 00 class 0x010802 PCIe Endpoint
[992810.743172] pci 0001:10:00.0: BAR 0 [mem 0x100000000-0x100003fff 64bit]
[992810.743175] pci 0001:10:00.0: enabling Extended Tags
[992810.743349] NVMeVirt: Virtual PCI bus created (node 0)
[992810.743693] NVMeVirt: nvmev_io_worker_0 started on cpu 2 (node 0)
[992810.743756] NVMeVirt: Virtual NVMe device created
[992810.744270] NVMeVirt: nvmev_dispatcher started on cpu 1 (node 0)
[992810.744722] nvme nvme0: pci function 0001:10:00.0
[992810.748875] nvme nvme0: 8/0/0 default/read/poll queues
[992811.659497] EXT4-fs (nvme0n1): mounted filesystem 195844e2-bd93-4f86-ab01-976987e1ad37 r/w with ordered data mode. Quota mode: none.
[992813.362647] iCAT_FILEBENCH_MEASURE_START run=20260923-073212-331125
[992814.167579] tee (331322): drop_caches: 3
[992820.611166] tee (331339): drop_caches: 3
[992826.500906] tee (331343): drop_caches: 3
[992832.499349] tee (331347): drop_caches: 3
[992838.389320] tee (331351): drop_caches: 3
[992844.531671] tee (331355): drop_caches: 3
[992850.677746] tee (331366): drop_caches: 3
[992856.940974] tee (331370): drop_caches: 3
[992861.400381] iCAT_FILEBENCH_MEASURE_END run=20260923-073212-331125
[992862.665221] EXT4-fs (nvme0n1): unmounting filesystem 195844e2-bd93-4f86-ab01-976987e1ad37.
[992863.218010] pci_bus 0001:10: busn_res: [bus 10-ff] is released
[992863.218055] NVMeVirt: GC stats: ns=0 policy=cat-fig7-fixed host_pages=0 gc_pages=0 gc_count=0 WAF=N/A warmup_gc=100-per-part
[992863.288713] NVMeVirt: Virtual NVMe device closed
[992863.309088] iCAT_FILEBENCH_END module=gh-cat37 workload=webserver run=20260923-073212-331125
[992865.282546] iCAT_FILEBENCH_START module=fixed47 workload=webserver run=20260923-073306-331416
[992865.371538] NVMeVirt: Version 1.10 for >> Samsung 970 Pro SSD <<
[992865.371544] NVMeVirt: Storage: 0x100100000-0x300000000 (8191 MiB)
[992865.383090] NVMeVirt: Total Capacity(GiB,MiB)=2,2048 chs=2 luns=4 lines=8192 blk-size(MiB,KiB)=0,64 line-size(MiB,KiB)=0,256
[992865.394578] NVMeVirt: [chmodel_init] bandwidth 800 max_credits 26 tx_time 152
[992865.405224] NVMeVirt: [chmodel_init] bandwidth 800 max_credits 26 tx_time 152
[992865.405238] NVMeVirt: [chmodel_init] bandwidth 3360 max_credits 110 tx_time 36
[992865.405240] NVMeVirt: Fixed CAT init ns=0 part=0 arm=47 k=10 scale_pct=25 age_ratio=16
[992865.406171] NVMeVirt: pqueue: Copyright (c) 2014, Volkan Yazıcı <volkan.yazici@gmail.com>. All rights reserved.
[992865.406209] NVMeVirt: Init FTL instance with 2 channels (524288 pages)
[992865.406211] NVMeVirt: GC victim policy: cat-fig7-fixed ns=0 part=0 initial_k=10 initial_scale_pct=25 initial_age_ratio=16 warmup_gc=100
[992865.416468] NVMeVirt: [chmodel_init] bandwidth 800 max_credits 26 tx_time 152
[992865.426444] NVMeVirt: [chmodel_init] bandwidth 800 max_credits 26 tx_time 152
[992865.426457] NVMeVirt: [chmodel_init] bandwidth 3360 max_credits 110 tx_time 36
[992865.426459] NVMeVirt: Fixed CAT init ns=0 part=1 arm=47 k=10 scale_pct=25 age_ratio=16
[992865.427514] NVMeVirt: Init FTL instance with 2 channels (524288 pages)
[992865.427517] NVMeVirt: GC victim policy: cat-fig7-fixed ns=0 part=1 initial_k=10 initial_scale_pct=25 initial_age_ratio=16 warmup_gc=100
[992865.437894] NVMeVirt: [chmodel_init] bandwidth 800 max_credits 26 tx_time 152
[992865.448195] NVMeVirt: [chmodel_init] bandwidth 800 max_credits 26 tx_time 152
[992865.448208] NVMeVirt: [chmodel_init] bandwidth 3360 max_credits 110 tx_time 36
[992865.448210] NVMeVirt: Fixed CAT init ns=0 part=2 arm=47 k=10 scale_pct=25 age_ratio=16
[992865.449184] NVMeVirt: Init FTL instance with 2 channels (524288 pages)
[992865.449187] NVMeVirt: GC victim policy: cat-fig7-fixed ns=0 part=2 initial_k=10 initial_scale_pct=25 initial_age_ratio=16 warmup_gc=100
[992865.459450] NVMeVirt: [chmodel_init] bandwidth 800 max_credits 26 tx_time 152
[992865.469683] NVMeVirt: [chmodel_init] bandwidth 800 max_credits 26 tx_time 152
[992865.469696] NVMeVirt: [chmodel_init] bandwidth 3360 max_credits 110 tx_time 36
[992865.469698] NVMeVirt: Fixed CAT init ns=0 part=3 arm=47 k=10 scale_pct=25 age_ratio=16
[992865.470698] NVMeVirt: Init FTL instance with 2 channels (524288 pages)
[992865.470700] NVMeVirt: GC victim policy: cat-fig7-fixed ns=0 part=3 initial_k=10 initial_scale_pct=25 initial_age_ratio=16 warmup_gc=100
[992865.470706] NVMeVirt: FTL physical space: 8588886016, logical space: 8026996276 (physical/logical * 100 = 107)
[992865.470707] NVMeVirt: ns 0/1: size 7655 MiB
[992865.470758] PCI host bridge to bus 0001:10
[992865.470760] pci_bus 0001:10: root bus resource [io  0x0000-0xffff]
[992865.470762] pci_bus 0001:10: root bus resource [mem 0x00000000-0x7fffffffff]
[992865.470779] pci_bus 0001:10: root bus resource [bus 00-ff]
[992865.470786] pci 0001:10:00.0: [0c51:0110] type 00 class 0x010802 PCIe Endpoint
[992865.470790] pci 0001:10:00.0: BAR 0 [mem 0x100000000-0x100003fff 64bit]
[992865.470793] pci 0001:10:00.0: enabling Extended Tags
[992865.470980] NVMeVirt: Virtual PCI bus created (node 0)
[992865.471367] NVMeVirt: nvmev_dispatcher started on cpu 1 (node 0)
[992865.471396] NVMeVirt: Virtual NVMe device created
[992865.471622] nvme nvme0: pci function 0001:10:00.0
[992865.473654] NVMeVirt: nvmev_io_worker_0 started on cpu 2 (node 0)
[992865.475353] nvme nvme0: 8/0/0 default/read/poll queues
[992866.433474] EXT4-fs (nvme0n1): mounted filesystem 711774fe-f40d-4c70-b422-a75992eda403 r/w with ordered data mode. Quota mode: none.
[992868.321549] iCAT_FILEBENCH_MEASURE_START run=20260923-073306-331416
[992869.255862] tee (331613): drop_caches: 3
[992875.819358] tee (331627): drop_caches: 3
[992882.262642] tee (331633): drop_caches: 3
[992888.056115] tee (331637): drop_caches: 3
[992895.199970] tee (331641): drop_caches: 3
[992901.289876] tee (331646): drop_caches: 3
[992907.157573] tee (331657): drop_caches: 3
[992913.072940] tee (331661): drop_caches: 3
[992916.299561] iCAT_FILEBENCH_MEASURE_END run=20260923-073306-331416
[992917.940610] EXT4-fs (nvme0n1): unmounting filesystem 711774fe-f40d-4c70-b422-a75992eda403.
[992918.347577] pci_bus 0001:10: busn_res: [bus 10-ff] is released
[992918.347623] NVMeVirt: GC stats: ns=0 policy=cat-fig7-fixed host_pages=0 gc_pages=0 gc_count=0 WAF=N/A warmup_gc=100-per-part
[992918.419076] NVMeVirt: Virtual NVMe device closed
[992918.439769] iCAT_FILEBENCH_END module=fixed47 workload=webserver run=20260923-073306-331416
[992920.214711] iCAT_FILEBENCH_START module=fixed50 workload=webserver run=20260923-073402-331707
[992920.333655] NVMeVirt: Version 1.10 for >> Samsung 970 Pro SSD <<
[992920.333661] NVMeVirt: Storage: 0x100100000-0x300000000 (8191 MiB)
[992920.344234] NVMeVirt: Total Capacity(GiB,MiB)=2,2048 chs=2 luns=4 lines=8192 blk-size(MiB,KiB)=0,64 line-size(MiB,KiB)=0,256
[992920.355725] NVMeVirt: [chmodel_init] bandwidth 800 max_credits 26 tx_time 152
[992920.366403] NVMeVirt: [chmodel_init] bandwidth 800 max_credits 26 tx_time 152
[992920.366418] NVMeVirt: [chmodel_init] bandwidth 3360 max_credits 110 tx_time 36
[992920.366430] NVMeVirt: Fixed CAT init ns=0 part=0 arm=50 k=10 scale_pct=50 age_ratio=16
[992920.367484] NVMeVirt: pqueue: Copyright (c) 2014, Volkan Yazıcı <volkan.yazici@gmail.com>. All rights reserved.
[992920.367525] NVMeVirt: Init FTL instance with 2 channels (524288 pages)
[992920.367527] NVMeVirt: GC victim policy: cat-fig7-fixed ns=0 part=0 initial_k=10 initial_scale_pct=50 initial_age_ratio=16 warmup_gc=100
[992920.377806] NVMeVirt: [chmodel_init] bandwidth 800 max_credits 26 tx_time 152
[992920.388389] NVMeVirt: [chmodel_init] bandwidth 800 max_credits 26 tx_time 152
[992920.388409] NVMeVirt: [chmodel_init] bandwidth 3360 max_credits 110 tx_time 36
[992920.388411] NVMeVirt: Fixed CAT init ns=0 part=1 arm=50 k=10 scale_pct=50 age_ratio=16
[992920.389670] NVMeVirt: Init FTL instance with 2 channels (524288 pages)
[992920.389676] NVMeVirt: GC victim policy: cat-fig7-fixed ns=0 part=1 initial_k=10 initial_scale_pct=50 initial_age_ratio=16 warmup_gc=100
[992920.400673] NVMeVirt: [chmodel_init] bandwidth 800 max_credits 26 tx_time 152
[992920.411024] NVMeVirt: [chmodel_init] bandwidth 800 max_credits 26 tx_time 152
[992920.411038] NVMeVirt: [chmodel_init] bandwidth 3360 max_credits 110 tx_time 36
[992920.411040] NVMeVirt: Fixed CAT init ns=0 part=2 arm=50 k=10 scale_pct=50 age_ratio=16
[992920.412015] NVMeVirt: Init FTL instance with 2 channels (524288 pages)
[992920.412018] NVMeVirt: GC victim policy: cat-fig7-fixed ns=0 part=2 initial_k=10 initial_scale_pct=50 initial_age_ratio=16 warmup_gc=100
[992920.422206] NVMeVirt: [chmodel_init] bandwidth 800 max_credits 26 tx_time 152
[992920.432210] NVMeVirt: [chmodel_init] bandwidth 800 max_credits 26 tx_time 152
[992920.432224] NVMeVirt: [chmodel_init] bandwidth 3360 max_credits 110 tx_time 36
[992920.432227] NVMeVirt: Fixed CAT init ns=0 part=3 arm=50 k=10 scale_pct=50 age_ratio=16
[992920.433139] NVMeVirt: Init FTL instance with 2 channels (524288 pages)
[992920.433141] NVMeVirt: GC victim policy: cat-fig7-fixed ns=0 part=3 initial_k=10 initial_scale_pct=50 initial_age_ratio=16 warmup_gc=100
[992920.433148] NVMeVirt: FTL physical space: 8588886016, logical space: 8026996276 (physical/logical * 100 = 107)
[992920.433150] NVMeVirt: ns 0/1: size 7655 MiB
[992920.433200] PCI host bridge to bus 0001:10
[992920.433202] pci_bus 0001:10: root bus resource [io  0x0000-0xffff]
[992920.433206] pci_bus 0001:10: root bus resource [mem 0x00000000-0x7fffffffff]
[992920.433208] pci_bus 0001:10: root bus resource [bus 00-ff]
[992920.433230] pci 0001:10:00.0: [0c51:0110] type 00 class 0x010802 PCIe Endpoint
[992920.433234] pci 0001:10:00.0: BAR 0 [mem 0x100000000-0x100003fff 64bit]
[992920.433236] pci 0001:10:00.0: enabling Extended Tags
[992920.433377] NVMeVirt: Virtual PCI bus created (node 0)
[992920.433694] NVMeVirt: nvmev_io_worker_0 started on cpu 2 (node 0)
[992920.433734] NVMeVirt: nvmev_dispatcher started on cpu 1 (node 0)
[992920.433763] NVMeVirt: Virtual NVMe device created
[992920.433960] nvme nvme0: pci function 0001:10:00.0
[992920.438315] nvme nvme0: 8/0/0 default/read/poll queues
[992921.391104] EXT4-fs (nvme0n1): mounted filesystem 8478d593-b0a0-4269-8ef8-0cd0597ffdf7 r/w with ordered data mode. Quota mode: none.
[992923.152300] iCAT_FILEBENCH_MEASURE_START run=20260923-073402-331707
[992923.917009] tee (331904): drop_caches: 3
[992931.416331] tee (331911): drop_caches: 3
[992937.510167] tee (331922): drop_caches: 3
[992943.581842] tee (331928): drop_caches: 3
[992949.844796] tee (331932): drop_caches: 3
[992956.091961] tee (331936): drop_caches: 3
[992963.220343] tee (331953): drop_caches: 3
[992968.882935] tee (331978): drop_caches: 3
[992971.073614] iCAT_FILEBENCH_MEASURE_END run=20260923-073402-331707
[992973.827311] EXT4-fs (nvme0n1): unmounting filesystem 8478d593-b0a0-4269-8ef8-0cd0597ffdf7.
[992974.319204] pci_bus 0001:10: busn_res: [bus 10-ff] is released
[992974.319250] NVMeVirt: GC stats: ns=0 policy=cat-fig7-fixed host_pages=0 gc_pages=0 gc_count=0 WAF=N/A warmup_gc=100-per-part
[992974.394347] NVMeVirt: Virtual NVMe device closed
[992974.414414] iCAT_FILEBENCH_END module=fixed50 workload=webserver run=20260923-073402-331707
[992976.297164] iCAT_FILEBENCH_START module=gh-online workload=webserver run=20260923-073458-332025
[992976.390898] NVMeVirt: Version 1.10 for >> Samsung 970 Pro SSD <<
[992976.390905] NVMeVirt: Storage: 0x100100000-0x300000000 (8191 MiB)
[992976.401349] NVMeVirt: Total Capacity(GiB,MiB)=2,2048 chs=2 luns=4 lines=8192 blk-size(MiB,KiB)=0,64 line-size(MiB,KiB)=0,256
[992976.411921] NVMeVirt: [chmodel_init] bandwidth 800 max_credits 26 tx_time 152
[992976.422503] NVMeVirt: [chmodel_init] bandwidth 800 max_credits 26 tx_time 152
[992976.422518] NVMeVirt: [chmodel_init] bandwidth 3360 max_credits 110 tx_time 36
[992976.422520] NVMeVirt: WATGC_V2 init ns=0 part=0 arms=60 initial=37 prior=none gamma_q16=65503 exploration_q16=16384
[992976.423503] NVMeVirt: pqueue: Copyright (c) 2014, Volkan Yazıcı <volkan.yazici@gmail.com>. All rights reserved.
[992976.423542] NVMeVirt: Init FTL instance with 2 channels (524288 pages)
[992976.423544] NVMeVirt: GC victim policy: watgc-v2 ns=0 part=0 initial_k=7 initial_scale_pct=100 initial_age_ratio=7 warmup_gc=100
[992976.434028] NVMeVirt: [chmodel_init] bandwidth 800 max_credits 26 tx_time 152
[992976.445723] NVMeVirt: [chmodel_init] bandwidth 800 max_credits 26 tx_time 152
[992976.445744] NVMeVirt: [chmodel_init] bandwidth 3360 max_credits 110 tx_time 36
[992976.445747] NVMeVirt: WATGC_V2 init ns=0 part=1 arms=60 initial=37 prior=none gamma_q16=65503 exploration_q16=16384
[992976.447266] NVMeVirt: Init FTL instance with 2 channels (524288 pages)
[992976.447271] NVMeVirt: GC victim policy: watgc-v2 ns=0 part=1 initial_k=7 initial_scale_pct=100 initial_age_ratio=7 warmup_gc=100
[992976.459164] NVMeVirt: [chmodel_init] bandwidth 800 max_credits 26 tx_time 152
[992976.469472] NVMeVirt: [chmodel_init] bandwidth 800 max_credits 26 tx_time 152
[992976.469485] NVMeVirt: [chmodel_init] bandwidth 3360 max_credits 110 tx_time 36
[992976.469488] NVMeVirt: WATGC_V2 init ns=0 part=2 arms=60 initial=37 prior=none gamma_q16=65503 exploration_q16=16384
[992976.470558] NVMeVirt: Init FTL instance with 2 channels (524288 pages)
[992976.470561] NVMeVirt: GC victim policy: watgc-v2 ns=0 part=2 initial_k=7 initial_scale_pct=100 initial_age_ratio=7 warmup_gc=100
[992976.481023] NVMeVirt: [chmodel_init] bandwidth 800 max_credits 26 tx_time 152
[992976.491234] NVMeVirt: [chmodel_init] bandwidth 800 max_credits 26 tx_time 152
[992976.491247] NVMeVirt: [chmodel_init] bandwidth 3360 max_credits 110 tx_time 36
[992976.491249] NVMeVirt: WATGC_V2 init ns=0 part=3 arms=60 initial=37 prior=none gamma_q16=65503 exploration_q16=16384
[992976.492239] NVMeVirt: Init FTL instance with 2 channels (524288 pages)
[992976.492241] NVMeVirt: GC victim policy: watgc-v2 ns=0 part=3 initial_k=7 initial_scale_pct=100 initial_age_ratio=7 warmup_gc=100
[992976.492248] NVMeVirt: FTL physical space: 8588886016, logical space: 8026996276 (physical/logical * 100 = 107)
[992976.492250] NVMeVirt: ns 0/1: size 7655 MiB
[992976.492302] PCI host bridge to bus 0001:10
[992976.492305] pci_bus 0001:10: root bus resource [io  0x0000-0xffff]
[992976.492308] pci_bus 0001:10: root bus resource [mem 0x00000000-0x7fffffffff]
[992976.492311] pci_bus 0001:10: root bus resource [bus 00-ff]
[992976.492320] pci 0001:10:00.0: [0c51:0110] type 00 class 0x010802 PCIe Endpoint
[992976.492325] pci 0001:10:00.0: BAR 0 [mem 0x100000000-0x100003fff 64bit]
[992976.492328] pci 0001:10:00.0: enabling Extended Tags
[992976.492503] NVMeVirt: Virtual PCI bus created (node 0)
[992976.492804] NVMeVirt: nvmev_io_worker_0 started on cpu 2 (node 0)
[992976.492811] NVMeVirt: nvmev_dispatcher started on cpu 1 (node 0)
[992976.492855] NVMeVirt: Virtual NVMe device created
[992976.495012] nvme nvme0: pci function 0001:10:00.0
[992976.497538] nvme nvme0: 8/0/0 default/read/poll queues
[992977.408014] EXT4-fs (nvme0n1): mounted filesystem 1ef69c6c-4796-4949-b098-03923584b001 r/w with ordered data mode. Quota mode: none.
[992979.427236] iCAT_FILEBENCH_MEASURE_START run=20260923-073458-332025
[992979.955298] tee (332225): drop_caches: 3
[992986.713249] tee (332236): drop_caches: 3
[992992.599014] tee (332240): drop_caches: 3
[992998.412235] tee (332244): drop_caches: 3
[993004.724123] tee (332248): drop_caches: 3
[993011.117297] tee (332253): drop_caches: 3
[993017.279696] tee (332257): drop_caches: 3
[993023.002955] tee (332262): drop_caches: 3
[993027.164440] iCAT_FILEBENCH_MEASURE_END run=20260923-073458-332025
[993028.310857] EXT4-fs (nvme0n1): unmounting filesystem 1ef69c6c-4796-4949-b098-03923584b001.
[993028.642775] pci_bus 0001:10: busn_res: [bus 10-ff] is released
[993028.642824] NVMeVirt: WATGC_V2 summary ns=0 part=0 epoch=1 windows=0 epoch_windows=0 discarded=0 visited=0 covered=0 settled=0 phase=0 current=37 best=37 k=7 scale_pct=100 age_ratio=7 best_waf_valid=0 best_waf_q16=0
[993028.642829] NVMeVirt: WATGC_V2 summary ns=0 part=1 epoch=1 windows=0 epoch_windows=0 discarded=0 visited=0 covered=0 settled=0 phase=0 current=37 best=37 k=7 scale_pct=100 age_ratio=7 best_waf_valid=0 best_waf_q16=0
[993028.642832] NVMeVirt: WATGC_V2 summary ns=0 part=2 epoch=1 windows=0 epoch_windows=0 discarded=0 visited=0 covered=0 settled=0 phase=0 current=37 best=37 k=7 scale_pct=100 age_ratio=7 best_waf_valid=0 best_waf_q16=0
[993028.642834] NVMeVirt: WATGC_V2 summary ns=0 part=3 epoch=1 windows=0 epoch_windows=0 discarded=0 visited=0 covered=0 settled=0 phase=0 current=37 best=37 k=7 scale_pct=100 age_ratio=7 best_waf_valid=0 best_waf_q16=0
[993028.642837] NVMeVirt: GC stats: ns=0 policy=watgc-v2 host_pages=0 gc_pages=0 gc_count=0 WAF=N/A warmup_gc=100-per-part
[993028.715317] NVMeVirt: Virtual NVMe device closed
[993028.734877] iCAT_FILEBENCH_END module=gh-online workload=webserver run=20260923-073458-332025
[993036.462935] iCAT_FILEBENCH_START module=gh-greedy workload=webproxy run=20260923-073558-332405
[993036.527359] NVMeVirt: Version 1.10 for >> Samsung 970 Pro SSD <<
[993036.527365] NVMeVirt: Storage: 0x100100000-0x300000000 (8191 MiB)
[993036.537965] NVMeVirt: Total Capacity(GiB,MiB)=2,2048 chs=2 luns=4 lines=8192 blk-size(MiB,KiB)=0,64 line-size(MiB,KiB)=0,256
[993036.548090] NVMeVirt: [chmodel_init] bandwidth 800 max_credits 26 tx_time 152
[993036.558194] NVMeVirt: [chmodel_init] bandwidth 800 max_credits 26 tx_time 152
[993036.558208] NVMeVirt: [chmodel_init] bandwidth 3360 max_credits 110 tx_time 36
[993036.559236] NVMeVirt: pqueue: Copyright (c) 2014, Volkan Yazıcı <volkan.yazici@gmail.com>. All rights reserved.
[993036.559273] NVMeVirt: Init FTL instance with 2 channels (524288 pages)
[993036.559275] NVMeVirt: GC victim policy: greedy ns=0 part=0 initial_k=7 initial_scale_pct=100 initial_age_ratio=7 warmup_gc=100
[993036.570182] NVMeVirt: [chmodel_init] bandwidth 800 max_credits 26 tx_time 152
[993036.580263] NVMeVirt: [chmodel_init] bandwidth 800 max_credits 26 tx_time 152
[993036.580276] NVMeVirt: [chmodel_init] bandwidth 3360 max_credits 110 tx_time 36
[993036.581253] NVMeVirt: Init FTL instance with 2 channels (524288 pages)
[993036.581256] NVMeVirt: GC victim policy: greedy ns=0 part=1 initial_k=7 initial_scale_pct=100 initial_age_ratio=7 warmup_gc=100
[993036.591347] NVMeVirt: [chmodel_init] bandwidth 800 max_credits 26 tx_time 152
[993036.601387] NVMeVirt: [chmodel_init] bandwidth 800 max_credits 26 tx_time 152
[993036.601401] NVMeVirt: [chmodel_init] bandwidth 3360 max_credits 110 tx_time 36
[993036.602393] NVMeVirt: Init FTL instance with 2 channels (524288 pages)
[993036.602397] NVMeVirt: GC victim policy: greedy ns=0 part=2 initial_k=7 initial_scale_pct=100 initial_age_ratio=7 warmup_gc=100
[993036.612533] NVMeVirt: [chmodel_init] bandwidth 800 max_credits 26 tx_time 152
[993036.622406] NVMeVirt: [chmodel_init] bandwidth 800 max_credits 26 tx_time 152
[993036.622420] NVMeVirt: [chmodel_init] bandwidth 3360 max_credits 110 tx_time 36
[993036.623360] NVMeVirt: Init FTL instance with 2 channels (524288 pages)
[993036.623363] NVMeVirt: GC victim policy: greedy ns=0 part=3 initial_k=7 initial_scale_pct=100 initial_age_ratio=7 warmup_gc=100
[993036.623369] NVMeVirt: FTL physical space: 8588886016, logical space: 8026996276 (physical/logical * 100 = 107)
[993036.623371] NVMeVirt: ns 0/1: size 7655 MiB
[993036.623420] PCI host bridge to bus 0001:10
[993036.623422] pci_bus 0001:10: root bus resource [io  0x0000-0xffff]
[993036.623425] pci_bus 0001:10: root bus resource [mem 0x00000000-0x7fffffffff]
[993036.623427] pci_bus 0001:10: root bus resource [bus 00-ff]
[993036.623448] pci 0001:10:00.0: [0c51:0110] type 00 class 0x010802 PCIe Endpoint
[993036.623452] pci 0001:10:00.0: BAR 0 [mem 0x100000000-0x100003fff 64bit]
[993036.623454] pci 0001:10:00.0: enabling Extended Tags
[993036.623577] NVMeVirt: Virtual PCI bus created (node 0)
[993036.623822] NVMeVirt: nvmev_io_worker_0 started on cpu 2 (node 0)
[993036.623932] NVMeVirt: Virtual NVMe device created
[993036.623947] NVMeVirt: nvmev_dispatcher started on cpu 1 (node 0)
[993036.624816] nvme nvme0: pci function 0001:10:00.0
[993036.627324] nvme nvme0: 8/0/0 default/read/poll queues
[993037.292923] EXT4-fs (nvme0n1): mounted filesystem 17e1768f-b29c-4ac2-a4c5-56a1af6756e4 r/w with ordered data mode. Quota mode: none.
[993039.182806] iCAT_FILEBENCH_MEASURE_START run=20260923-073558-332405
[993040.204022] tee (332604): drop_caches: 3
[993046.758053] tee (332611): drop_caches: 3
[993052.672830] tee (332615): drop_caches: 3
[993058.718365] tee (332622): drop_caches: 3
[993064.802454] tee (332628): drop_caches: 3
[993070.879575] tee (332633): drop_caches: 3
[993077.003477] tee (332637): drop_caches: 3
[993083.427227] tee (332641): drop_caches: 3
[993088.940352] tee (332645): drop_caches: 3
[993095.092878] tee (332649): drop_caches: 3
[993101.145490] tee (332653): drop_caches: 3
[993107.397501] tee (332659): drop_caches: 3
[993113.727566] tee (332663): drop_caches: 3
[993119.955017] tee (332667): drop_caches: 3
[993126.271606] tee (332671): drop_caches: 3
[993132.602446] tee (332675): drop_caches: 3
[993139.219493] tee (332679): drop_caches: 3
[993145.482081] tee (332684): drop_caches: 3
[993151.754745] tee (332688): drop_caches: 3
[993157.484137] tee (332692): drop_caches: 3
[993163.841246] tee (332703): drop_caches: 3
[993170.123498] tee (332707): drop_caches: 3
[993176.228695] tee (332711): drop_caches: 3
[993182.342925] tee (332719): drop_caches: 3
[993188.745173] tee (332723): drop_caches: 3
[993194.997532] tee (332734): drop_caches: 3
[993201.006093] tee (332773): drop_caches: 3
[993206.984039] tee (332777): drop_caches: 3
[993213.028998] tee (332781): drop_caches: 3
[993218.725747] tee (332785): drop_caches: 3
[993225.592800] tee (332789): drop_caches: 3
[993231.925745] tee (332793): drop_caches: 3
[993237.618789] tee (332797): drop_caches: 3
[993243.620968] tee (332801): drop_caches: 3
[993249.884110] tee (332805): drop_caches: 3
[993256.280966] tee (332816): drop_caches: 3
[993262.478719] tee (332820): drop_caches: 3
[993268.575867] tee (332824): drop_caches: 3
[993274.962721] tee (332828): drop_caches: 3
[993281.143382] tee (332840): drop_caches: 3
[993287.952281] tee (332912): drop_caches: 3
[993296.174893] tee (332916): drop_caches: 3
[993302.955930] tee (332951): drop_caches: 3
[993309.208584] tee (332956): drop_caches: 3
[993315.341770] tee (332967): drop_caches: 3
[993321.378930] tee (332971): drop_caches: 3
[993327.366003] tee (332975): drop_caches: 3
[993333.462261] tee (332979): drop_caches: 3
[993339.304140] tee (332983): drop_caches: 3
[993341.109482] iCAT_FILEBENCH_MEASURE_END run=20260923-073558-332405
[993343.978367] EXT4-fs (nvme0n1): unmounting filesystem 17e1768f-b29c-4ac2-a4c5-56a1af6756e4.
[993344.339235] pci_bus 0001:10: busn_res: [bus 10-ff] is released
[993344.339296] NVMeVirt: GC stats: ns=0 policy=greedy host_pages=0 gc_pages=0 gc_count=0 WAF=N/A warmup_gc=100-per-part
[993344.412317] NVMeVirt: Virtual NVMe device closed
[993344.432344] iCAT_FILEBENCH_END module=gh-greedy workload=webproxy run=20260923-073558-332405
[993345.957943] iCAT_FILEBENCH_START module=fixed10 workload=webproxy run=20260923-074107-333044
[993346.083432] NVMeVirt: Version 1.10 for >> Samsung 970 Pro SSD <<
[993346.083438] NVMeVirt: Storage: 0x100100000-0x300000000 (8191 MiB)
[993346.094027] NVMeVirt: Total Capacity(GiB,MiB)=2,2048 chs=2 luns=4 lines=8192 blk-size(MiB,KiB)=0,64 line-size(MiB,KiB)=0,256
[993346.106095] NVMeVirt: [chmodel_init] bandwidth 800 max_credits 26 tx_time 152
[993346.122887] NVMeVirt: [chmodel_init] bandwidth 800 max_credits 26 tx_time 152
[993346.122905] NVMeVirt: [chmodel_init] bandwidth 3360 max_credits 110 tx_time 36
[993346.122909] NVMeVirt: Fixed CAT init ns=0 part=0 arm=10 k=2 scale_pct=200 age_ratio=7
[993346.124614] NVMeVirt: pqueue: Copyright (c) 2014, Volkan Yazıcı <volkan.yazici@gmail.com>. All rights reserved.
[993346.124668] NVMeVirt: Init FTL instance with 2 channels (524288 pages)
[993346.124671] NVMeVirt: GC victim policy: cat-fig7-fixed ns=0 part=0 initial_k=2 initial_scale_pct=200 initial_age_ratio=7 warmup_gc=100
[993346.136226] NVMeVirt: [chmodel_init] bandwidth 800 max_credits 26 tx_time 152
[993346.146464] NVMeVirt: [chmodel_init] bandwidth 800 max_credits 26 tx_time 152
[993346.146479] NVMeVirt: [chmodel_init] bandwidth 3360 max_credits 110 tx_time 36
[993346.146481] NVMeVirt: Fixed CAT init ns=0 part=1 arm=10 k=2 scale_pct=200 age_ratio=7
[993346.148398] NVMeVirt: Init FTL instance with 2 channels (524288 pages)
[993346.148405] NVMeVirt: GC victim policy: cat-fig7-fixed ns=0 part=1 initial_k=2 initial_scale_pct=200 initial_age_ratio=7 warmup_gc=100
[993346.159276] NVMeVirt: [chmodel_init] bandwidth 800 max_credits 26 tx_time 152
[993346.169581] NVMeVirt: [chmodel_init] bandwidth 800 max_credits 26 tx_time 152
[993346.169596] NVMeVirt: [chmodel_init] bandwidth 3360 max_credits 110 tx_time 36
[993346.169598] NVMeVirt: Fixed CAT init ns=0 part=2 arm=10 k=2 scale_pct=200 age_ratio=7
[993346.170832] NVMeVirt: Init FTL instance with 2 channels (524288 pages)
[993346.170835] NVMeVirt: GC victim policy: cat-fig7-fixed ns=0 part=2 initial_k=2 initial_scale_pct=200 initial_age_ratio=7 warmup_gc=100
[993346.181026] NVMeVirt: [chmodel_init] bandwidth 800 max_credits 26 tx_time 152
[993346.190946] NVMeVirt: [chmodel_init] bandwidth 800 max_credits 26 tx_time 152
[993346.190961] NVMeVirt: [chmodel_init] bandwidth 3360 max_credits 110 tx_time 36
[993346.190963] NVMeVirt: Fixed CAT init ns=0 part=3 arm=10 k=2 scale_pct=200 age_ratio=7
[993346.192310] NVMeVirt: Init FTL instance with 2 channels (524288 pages)
[993346.192313] NVMeVirt: GC victim policy: cat-fig7-fixed ns=0 part=3 initial_k=2 initial_scale_pct=200 initial_age_ratio=7 warmup_gc=100
[993346.192320] NVMeVirt: FTL physical space: 8588886016, logical space: 8026996276 (physical/logical * 100 = 107)
[993346.192321] NVMeVirt: ns 0/1: size 7655 MiB
[993346.192372] PCI host bridge to bus 0001:10
[993346.192374] pci_bus 0001:10: root bus resource [io  0x0000-0xffff]
[993346.192377] pci_bus 0001:10: root bus resource [mem 0x00000000-0x7fffffffff]
[993346.192379] pci_bus 0001:10: root bus resource [bus 00-ff]
[993346.192401] pci 0001:10:00.0: [0c51:0110] type 00 class 0x010802 PCIe Endpoint
[993346.192405] pci 0001:10:00.0: BAR 0 [mem 0x100000000-0x100003fff 64bit]
[993346.192408] pci 0001:10:00.0: enabling Extended Tags
[993346.192531] NVMeVirt: Virtual PCI bus created (node 0)
[993346.192831] NVMeVirt: nvmev_io_worker_0 started on cpu 2 (node 0)
[993346.192957] NVMeVirt: nvmev_dispatcher started on cpu 1 (node 0)
[993346.192977] NVMeVirt: Virtual NVMe device created
[993346.195142] nvme nvme0: pci function 0001:10:00.0
[993346.199977] nvme nvme0: 8/0/0 default/read/poll queues
[993347.134610] EXT4-fs (nvme0n1): mounted filesystem b6f3f946-70bf-40e1-af84-b7d46e1c191e r/w with ordered data mode. Quota mode: none.
[993349.148241] iCAT_FILEBENCH_MEASURE_START run=20260923-074107-333044
[993349.876585] tee (333245): drop_caches: 3
[993356.535019] tee (333253): drop_caches: 3
[993362.526581] tee (333257): drop_caches: 3
[993368.728782] tee (333261): drop_caches: 3
[993374.575036] tee (333272): drop_caches: 3
[993380.898688] tee (333276): drop_caches: 3
[993387.196840] tee (333280): drop_caches: 3
[993393.347289] tee (333284): drop_caches: 3
[993399.587614] tee (333288): drop_caches: 3
[993405.711417] tee (333299): drop_caches: 3
[993411.902419] tee (333305): drop_caches: 3
[993417.378588] tee (333310): drop_caches: 3
[993423.557093] tee (333316): drop_caches: 3
[993429.581086] tee (333320): drop_caches: 3
[993435.627542] tee (333331): drop_caches: 3
[993441.880608] tee (333335): drop_caches: 3
[993447.445903] tee (333339): drop_caches: 3
[993453.515538] tee (333343): drop_caches: 3
[993458.886957] tee (333347): drop_caches: 3
[993465.164192] tee (333358): drop_caches: 3
[993471.099135] tee (333362): drop_caches: 3
[993476.875474] tee (333366): drop_caches: 3
[993482.626965] tee (333372): drop_caches: 3
[993488.503343] tee (333376): drop_caches: 3
[993494.947670] tee (333387): drop_caches: 3
[993501.139886] tee (333391): drop_caches: 3
[993507.208609] tee (333395): drop_caches: 3
[993513.237686] tee (333399): drop_caches: 3
[993519.325560] tee (333403): drop_caches: 3
[993524.893251] tee (333414): drop_caches: 3
[993531.451303] tee (333418): drop_caches: 3
[993537.224786] tee (333422): drop_caches: 3
[993543.215384] tee (333428): drop_caches: 3
[993549.276073] tee (333432): drop_caches: 3
[993555.431731] tee (333443): drop_caches: 3
[993561.538470] tee (333447): drop_caches: 3
[993567.734143] tee (333451): drop_caches: 3
[993573.819307] tee (333455): drop_caches: 3
[993579.420874] tee (333460): drop_caches: 3
[993585.516512] tee (333473): drop_caches: 3
[993591.674939] tee (333477): drop_caches: 3
[993597.275144] tee (333481): drop_caches: 3
[993603.419718] tee (333485): drop_caches: 3
[993609.493926] tee (333489): drop_caches: 3
[993615.738522] tee (333500): drop_caches: 3
[993622.025784] tee (333504): drop_caches: 3
[993628.272546] tee (333510): drop_caches: 3
[993634.552889] tee (333514): drop_caches: 3
[993640.747062] tee (333518): drop_caches: 3
[993646.435558] tee (333529): drop_caches: 3
[993651.204626] iCAT_FILEBENCH_MEASURE_END run=20260923-074107-333044
[993651.258116] tee (333541): drop_caches: 3
[993656.594065] EXT4-fs (nvme0n1): unmounting filesystem b6f3f946-70bf-40e1-af84-b7d46e1c191e.
[993656.886729] pci_bus 0001:10: busn_res: [bus 10-ff] is released
[993656.886770] NVMeVirt: GC stats: ns=0 policy=cat-fig7-fixed host_pages=0 gc_pages=0 gc_count=0 WAF=N/A warmup_gc=100-per-part
[993656.956279] NVMeVirt: Virtual NVMe device closed
[993657.012904] iCAT_FILEBENCH_END module=fixed10 workload=webproxy run=20260923-074107-333044
[993658.553161] iCAT_FILEBENCH_START module=gh-cat37 workload=webproxy run=20260923-074620-333597
[993658.657917] NVMeVirt: Version 1.10 for >> Samsung 970 Pro SSD <<
[993658.657925] NVMeVirt: Storage: 0x100100000-0x300000000 (8191 MiB)
[993658.668792] NVMeVirt: Total Capacity(GiB,MiB)=2,2048 chs=2 luns=4 lines=8192 blk-size(MiB,KiB)=0,64 line-size(MiB,KiB)=0,256
[993658.679290] NVMeVirt: [chmodel_init] bandwidth 800 max_credits 26 tx_time 152
[993658.689640] NVMeVirt: [chmodel_init] bandwidth 800 max_credits 26 tx_time 152
[993658.689655] NVMeVirt: [chmodel_init] bandwidth 3360 max_credits 110 tx_time 36
[993658.690565] NVMeVirt: pqueue: Copyright (c) 2014, Volkan Yazıcı <volkan.yazici@gmail.com>. All rights reserved.
[993658.690633] NVMeVirt: Init FTL instance with 2 channels (524288 pages)
[993658.690635] NVMeVirt: GC victim policy: cat-fig7-fixed ns=0 part=0 initial_k=7 initial_scale_pct=100 initial_age_ratio=7 warmup_gc=100
[993658.701129] NVMeVirt: [chmodel_init] bandwidth 800 max_credits 26 tx_time 152
[993658.712070] NVMeVirt: [chmodel_init] bandwidth 800 max_credits 26 tx_time 152
[993658.712085] NVMeVirt: [chmodel_init] bandwidth 3360 max_credits 110 tx_time 36
[993658.713122] NVMeVirt: Init FTL instance with 2 channels (524288 pages)
[993658.713125] NVMeVirt: GC victim policy: cat-fig7-fixed ns=0 part=1 initial_k=7 initial_scale_pct=100 initial_age_ratio=7 warmup_gc=100
[993658.723967] NVMeVirt: [chmodel_init] bandwidth 800 max_credits 26 tx_time 152
[993658.734336] NVMeVirt: [chmodel_init] bandwidth 800 max_credits 26 tx_time 152
[993658.734350] NVMeVirt: [chmodel_init] bandwidth 3360 max_credits 110 tx_time 36
[993658.735267] NVMeVirt: Init FTL instance with 2 channels (524288 pages)
[993658.735270] NVMeVirt: GC victim policy: cat-fig7-fixed ns=0 part=2 initial_k=7 initial_scale_pct=100 initial_age_ratio=7 warmup_gc=100
[993658.745514] NVMeVirt: [chmodel_init] bandwidth 800 max_credits 26 tx_time 152
[993658.755747] NVMeVirt: [chmodel_init] bandwidth 800 max_credits 26 tx_time 152
[993658.755760] NVMeVirt: [chmodel_init] bandwidth 3360 max_credits 110 tx_time 36
[993658.756766] NVMeVirt: Init FTL instance with 2 channels (524288 pages)
[993658.756768] NVMeVirt: GC victim policy: cat-fig7-fixed ns=0 part=3 initial_k=7 initial_scale_pct=100 initial_age_ratio=7 warmup_gc=100
[993658.756775] NVMeVirt: FTL physical space: 8588886016, logical space: 8026996276 (physical/logical * 100 = 107)
[993658.756776] NVMeVirt: ns 0/1: size 7655 MiB
[993658.756826] PCI host bridge to bus 0001:10
[993658.756828] pci_bus 0001:10: root bus resource [io  0x0000-0xffff]
[993658.756830] pci_bus 0001:10: root bus resource [mem 0x00000000-0x7fffffffff]
[993658.756847] pci_bus 0001:10: root bus resource [bus 00-ff]
[993658.756854] pci 0001:10:00.0: [0c51:0110] type 00 class 0x010802 PCIe Endpoint
[993658.756858] pci 0001:10:00.0: BAR 0 [mem 0x100000000-0x100003fff 64bit]
[993658.756861] pci 0001:10:00.0: enabling Extended Tags
[993658.756982] NVMeVirt: Virtual PCI bus created (node 0)
[993658.757216] NVMeVirt: nvmev_io_worker_0 started on cpu 2 (node 0)
[993658.757252] NVMeVirt: nvmev_dispatcher started on cpu 1 (node 0)
[993658.757293] NVMeVirt: Virtual NVMe device created
[993658.757451] nvme nvme0: pci function 0001:10:00.0
[993658.759537] nvme nvme0: 8/0/0 default/read/poll queues
[993659.688392] EXT4-fs (nvme0n1): mounted filesystem 2182803d-8915-487d-a3e6-4f659ff69847 r/w with ordered data mode. Quota mode: none.
[993661.798703] iCAT_FILEBENCH_MEASURE_START run=20260923-074620-333597
[993662.178933] tee (333807): drop_caches: 3
[993668.846248] tee (333812): drop_caches: 3
[993674.796163] tee (333816): drop_caches: 3
[993680.998931] tee (333820): drop_caches: 3
[993687.165175] tee (333825): drop_caches: 3
[993693.348533] tee (333829): drop_caches: 3
[993699.201993] tee (333833): drop_caches: 3
[993705.271027] tee (333837): drop_caches: 3
[993711.209771] tee (333841): drop_caches: 3
[993717.595466] tee (333854): drop_caches: 3
[993723.605687] tee (333858): drop_caches: 3
[993729.731021] tee (333862): drop_caches: 3
[993736.060854] tee (333866): drop_caches: 3
[993742.700970] tee (333870): drop_caches: 3
[993748.860537] tee (333881): drop_caches: 3
[993754.479527] tee (333885): drop_caches: 3
[993760.199506] tee (333889): drop_caches: 3
[993766.351716] tee (333893): drop_caches: 3
[993772.825261] tee (333897): drop_caches: 3
[993778.961849] tee (333911): drop_caches: 3
[993784.885415] tee (333917): drop_caches: 3
[993791.196670] tee (333921): drop_caches: 3
[993797.379707] tee (333925): drop_caches: 3
[993803.145749] tee (333929): drop_caches: 3
[993809.302204] tee (333940): drop_caches: 3
[993815.032783] tee (333944): drop_caches: 3
[993821.215552] tee (333948): drop_caches: 3
[993827.204325] tee (333952): drop_caches: 3
[993833.352081] tee (333956): drop_caches: 3
[993839.498366] tee (333960): drop_caches: 3
[993845.846245] tee (333964): drop_caches: 3
[993852.125535] tee (333968): drop_caches: 3
[993858.404821] tee (333972): drop_caches: 3
[993864.534608] tee (333976): drop_caches: 3
[993870.650669] tee (333987): drop_caches: 3
[993876.318057] tee (333991): drop_caches: 3
[993882.032766] tee (334013): drop_caches: 3
[993888.924982] tee (334074): drop_caches: 3
[993894.799645] tee (334078): drop_caches: 3
[993900.886100] tee (334091): drop_caches: 3
[993906.937157] tee (334097): drop_caches: 3
[993912.352689] tee (334101): drop_caches: 3
[993918.292202] tee (334105): drop_caches: 3
[993924.647271] tee (334109): drop_caches: 3
[993930.756160] tee (334120): drop_caches: 3
[993936.809497] tee (334124): drop_caches: 3
[993942.326218] tee (334128): drop_caches: 3
[993948.077284] tee (334132): drop_caches: 3
[993954.276008] tee (334136): drop_caches: 3
[993960.569551] tee (334147): drop_caches: 3
[993963.749702] iCAT_FILEBENCH_MEASURE_END run=20260923-074620-333597
[993965.344671] EXT4-fs (nvme0n1): unmounting filesystem 2182803d-8915-487d-a3e6-4f659ff69847.
[993965.692552] pci_bus 0001:10: busn_res: [bus 10-ff] is released
[993965.692598] NVMeVirt: GC stats: ns=0 policy=cat-fig7-fixed host_pages=0 gc_pages=0 gc_count=0 WAF=N/A warmup_gc=100-per-part
[993965.764964] NVMeVirt: Virtual NVMe device closed
[993965.780914] iCAT_FILEBENCH_END module=gh-cat37 workload=webproxy run=20260923-074620-333597
[993967.656738] iCAT_FILEBENCH_START module=fixed47 workload=webproxy run=20260923-075129-334202
[993967.754073] NVMeVirt: Version 1.10 for >> Samsung 970 Pro SSD <<
[993967.754080] NVMeVirt: Storage: 0x100100000-0x300000000 (8191 MiB)
[993967.764754] NVMeVirt: Total Capacity(GiB,MiB)=2,2048 chs=2 luns=4 lines=8192 blk-size(MiB,KiB)=0,64 line-size(MiB,KiB)=0,256
[993967.776461] NVMeVirt: [chmodel_init] bandwidth 800 max_credits 26 tx_time 152
[993967.787231] NVMeVirt: [chmodel_init] bandwidth 800 max_credits 26 tx_time 152
[993967.787246] NVMeVirt: [chmodel_init] bandwidth 3360 max_credits 110 tx_time 36
[993967.787249] NVMeVirt: Fixed CAT init ns=0 part=0 arm=47 k=10 scale_pct=25 age_ratio=16
[993967.788169] NVMeVirt: pqueue: Copyright (c) 2014, Volkan Yazıcı <volkan.yazici@gmail.com>. All rights reserved.
[993967.788204] NVMeVirt: Init FTL instance with 2 channels (524288 pages)
[993967.788206] NVMeVirt: GC victim policy: cat-fig7-fixed ns=0 part=0 initial_k=10 initial_scale_pct=25 initial_age_ratio=16 warmup_gc=100
[993967.798664] NVMeVirt: [chmodel_init] bandwidth 800 max_credits 26 tx_time 152
[993967.808993] NVMeVirt: [chmodel_init] bandwidth 800 max_credits 26 tx_time 152
[993967.809006] NVMeVirt: [chmodel_init] bandwidth 3360 max_credits 110 tx_time 36
[993967.809008] NVMeVirt: Fixed CAT init ns=0 part=1 arm=47 k=10 scale_pct=25 age_ratio=16
[993967.810030] NVMeVirt: Init FTL instance with 2 channels (524288 pages)
[993967.810034] NVMeVirt: GC victim policy: cat-fig7-fixed ns=0 part=1 initial_k=10 initial_scale_pct=25 initial_age_ratio=16 warmup_gc=100
[993967.820310] NVMeVirt: [chmodel_init] bandwidth 800 max_credits 26 tx_time 152
[993967.830761] NVMeVirt: [chmodel_init] bandwidth 800 max_credits 26 tx_time 152
[993967.830774] NVMeVirt: [chmodel_init] bandwidth 3360 max_credits 110 tx_time 36
[993967.830777] NVMeVirt: Fixed CAT init ns=0 part=2 arm=47 k=10 scale_pct=25 age_ratio=16
[993967.831733] NVMeVirt: Init FTL instance with 2 channels (524288 pages)
[993967.831735] NVMeVirt: GC victim policy: cat-fig7-fixed ns=0 part=2 initial_k=10 initial_scale_pct=25 initial_age_ratio=16 warmup_gc=100
[993967.841953] NVMeVirt: [chmodel_init] bandwidth 800 max_credits 26 tx_time 152
[993967.852256] NVMeVirt: [chmodel_init] bandwidth 800 max_credits 26 tx_time 152
[993967.852271] NVMeVirt: [chmodel_init] bandwidth 3360 max_credits 110 tx_time 36
[993967.852273] NVMeVirt: Fixed CAT init ns=0 part=3 arm=47 k=10 scale_pct=25 age_ratio=16
[993967.853286] NVMeVirt: Init FTL instance with 2 channels (524288 pages)
[993967.853288] NVMeVirt: GC victim policy: cat-fig7-fixed ns=0 part=3 initial_k=10 initial_scale_pct=25 initial_age_ratio=16 warmup_gc=100
[993967.853295] NVMeVirt: FTL physical space: 8588886016, logical space: 8026996276 (physical/logical * 100 = 107)
[993967.853297] NVMeVirt: ns 0/1: size 7655 MiB
[993967.853347] PCI host bridge to bus 0001:10
[993967.853364] pci_bus 0001:10: root bus resource [io  0x0000-0xffff]
[993967.853368] pci_bus 0001:10: root bus resource [mem 0x00000000-0x7fffffffff]
[993967.853370] pci_bus 0001:10: root bus resource [bus 00-ff]
[993967.853381] pci 0001:10:00.0: [0c51:0110] type 00 class 0x010802 PCIe Endpoint
[993967.853386] pci 0001:10:00.0: BAR 0 [mem 0x100000000-0x100003fff 64bit]
[993967.853389] pci 0001:10:00.0: enabling Extended Tags
[993967.853633] NVMeVirt: Virtual PCI bus created (node 0)
[993967.854010] NVMeVirt: Virtual NVMe device created
[993967.854048] NVMeVirt: nvmev_dispatcher started on cpu 1 (node 0)
[993967.854161] nvme nvme0: pci function 0001:10:00.0
[993967.854198] NVMeVirt: nvmev_io_worker_0 started on cpu 2 (node 0)
[993967.855982] nvme nvme0: 8/0/0 default/read/poll queues
[993968.807843] EXT4-fs (nvme0n1): mounted filesystem 46aabe3a-e390-48aa-af33-f99c516c468b r/w with ordered data mode. Quota mode: none.
[993970.862918] iCAT_FILEBENCH_MEASURE_START run=20260923-075129-334202
[993971.450119] tee (334403): drop_caches: 3
[993978.254454] tee (334408): drop_caches: 3
[993984.049604] tee (334412): drop_caches: 3
[993990.217190] tee (334423): drop_caches: 3
[993996.145007] tee (334427): drop_caches: 3
[994002.581742] tee (334431): drop_caches: 3
[994008.684244] tee (334435): drop_caches: 3
[994014.949603] tee (334441): drop_caches: 3
[994021.107321] tee (334452): drop_caches: 3
[994027.142101] tee (334458): drop_caches: 3
[994033.236874] tee (334462): drop_caches: 3
[994039.220747] tee (334466): drop_caches: 3
[994045.211969] tee (334470): drop_caches: 3
[994051.265622] tee (334481): drop_caches: 3
[994057.361102] tee (334485): drop_caches: 3
[994063.541378] tee (334489): drop_caches: 3
[994069.642836] tee (334493): drop_caches: 3
[994075.847279] tee (334497): drop_caches: 3
[994081.877601] tee (334510): drop_caches: 3
[994087.813737] tee (334514): drop_caches: 3
[994093.403734] tee (334518): drop_caches: 3
[994099.034628] tee (334522): drop_caches: 3
[994105.491236] tee (334526): drop_caches: 3
[994111.700730] tee (334537): drop_caches: 3
[994117.491182] tee (334541): drop_caches: 3
[994123.528103] tee (334545): drop_caches: 3
[994128.931335] tee (334549): drop_caches: 3
[994135.353256] tee (334553): drop_caches: 3
[994141.466366] tee (334566): drop_caches: 3
[994147.886844] tee (334570): drop_caches: 3
[994153.877934] tee (334574): drop_caches: 3
[994159.960871] tee (334578): drop_caches: 3
[994166.320627] tee (334582): drop_caches: 3
[994172.728460] tee (334606): drop_caches: 3
[994178.921505] tee (334610): drop_caches: 3
[994184.862752] tee (334617): drop_caches: 3
[994190.680650] tee (334622): drop_caches: 3
[994196.941779] tee (334633): drop_caches: 3
[994203.139885] tee (334638): drop_caches: 3
[994208.859028] tee (334642): drop_caches: 3
[994214.879553] tee (334646): drop_caches: 3
[994221.142900] tee (334650): drop_caches: 3
[994227.348436] tee (334663): drop_caches: 3
[994233.425224] tee (334667): drop_caches: 3
[994239.300175] tee (334671): drop_caches: 3
[994245.469568] tee (334675): drop_caches: 3
[994251.591040] tee (334679): drop_caches: 3
[994257.685245] tee (334685): drop_caches: 3
[994263.208579] tee (334691): drop_caches: 3
[994268.919303] tee (334704): drop_caches: 3
[994272.761453] iCAT_FILEBENCH_MEASURE_END run=20260923-075129-334202
[994273.939894] EXT4-fs (nvme0n1): unmounting filesystem 46aabe3a-e390-48aa-af33-f99c516c468b.
[994274.203227] pci_bus 0001:10: busn_res: [bus 10-ff] is released
[994274.203272] NVMeVirt: GC stats: ns=0 policy=cat-fig7-fixed host_pages=0 gc_pages=0 gc_count=0 WAF=N/A warmup_gc=100-per-part
[994274.273145] NVMeVirt: Virtual NVMe device closed
[994274.289528] iCAT_FILEBENCH_END module=fixed47 workload=webproxy run=20260923-075129-334202
[994275.743285] iCAT_FILEBENCH_START module=fixed50 workload=webproxy run=20260923-075637-334765
[994275.870699] NVMeVirt: Version 1.10 for >> Samsung 970 Pro SSD <<
[994275.870705] NVMeVirt: Storage: 0x100100000-0x300000000 (8191 MiB)
[994275.881269] NVMeVirt: Total Capacity(GiB,MiB)=2,2048 chs=2 luns=4 lines=8192 blk-size(MiB,KiB)=0,64 line-size(MiB,KiB)=0,256
[994275.892840] NVMeVirt: [chmodel_init] bandwidth 800 max_credits 26 tx_time 152
[994275.903599] NVMeVirt: [chmodel_init] bandwidth 800 max_credits 26 tx_time 152
[994275.903613] NVMeVirt: [chmodel_init] bandwidth 3360 max_credits 110 tx_time 36
[994275.903616] NVMeVirt: Fixed CAT init ns=0 part=0 arm=50 k=10 scale_pct=50 age_ratio=16
[994275.904567] NVMeVirt: pqueue: Copyright (c) 2014, Volkan Yazıcı <volkan.yazici@gmail.com>. All rights reserved.
[994275.904605] NVMeVirt: Init FTL instance with 2 channels (524288 pages)
[994275.904607] NVMeVirt: GC victim policy: cat-fig7-fixed ns=0 part=0 initial_k=10 initial_scale_pct=50 initial_age_ratio=16 warmup_gc=100
[994275.914815] NVMeVirt: [chmodel_init] bandwidth 800 max_credits 26 tx_time 152
[994275.925019] NVMeVirt: [chmodel_init] bandwidth 800 max_credits 26 tx_time 152
[994275.925033] NVMeVirt: [chmodel_init] bandwidth 3360 max_credits 110 tx_time 36
[994275.925035] NVMeVirt: Fixed CAT init ns=0 part=1 arm=50 k=10 scale_pct=50 age_ratio=16
[994275.926100] NVMeVirt: Init FTL instance with 2 channels (524288 pages)
[994275.926104] NVMeVirt: GC victim policy: cat-fig7-fixed ns=0 part=1 initial_k=10 initial_scale_pct=50 initial_age_ratio=16 warmup_gc=100
[994275.936405] NVMeVirt: [chmodel_init] bandwidth 800 max_credits 26 tx_time 152
[994275.946710] NVMeVirt: [chmodel_init] bandwidth 800 max_credits 26 tx_time 152
[994275.946729] NVMeVirt: [chmodel_init] bandwidth 3360 max_credits 110 tx_time 36
[994275.946732] NVMeVirt: Fixed CAT init ns=0 part=2 arm=50 k=10 scale_pct=50 age_ratio=16
[994275.947862] NVMeVirt: Init FTL instance with 2 channels (524288 pages)
[994275.947867] NVMeVirt: GC victim policy: cat-fig7-fixed ns=0 part=2 initial_k=10 initial_scale_pct=50 initial_age_ratio=16 warmup_gc=100
[994275.958001] NVMeVirt: [chmodel_init] bandwidth 800 max_credits 26 tx_time 152
[994275.968875] NVMeVirt: [chmodel_init] bandwidth 800 max_credits 26 tx_time 152
[994275.968892] NVMeVirt: [chmodel_init] bandwidth 3360 max_credits 110 tx_time 36
[994275.968894] NVMeVirt: Fixed CAT init ns=0 part=3 arm=50 k=10 scale_pct=50 age_ratio=16
[994275.970423] NVMeVirt: Init FTL instance with 2 channels (524288 pages)
[994275.970429] NVMeVirt: GC victim policy: cat-fig7-fixed ns=0 part=3 initial_k=10 initial_scale_pct=50 initial_age_ratio=16 warmup_gc=100
[994275.970438] NVMeVirt: FTL physical space: 8588886016, logical space: 8026996276 (physical/logical * 100 = 107)
[994275.970440] NVMeVirt: ns 0/1: size 7655 MiB
[994275.970532] PCI host bridge to bus 0001:10
[994275.970535] pci_bus 0001:10: root bus resource [io  0x0000-0xffff]
[994275.970539] pci_bus 0001:10: root bus resource [mem 0x00000000-0x7fffffffff]
[994275.970542] pci_bus 0001:10: root bus resource [bus 00-ff]
[994275.970552] pci 0001:10:00.0: [0c51:0110] type 00 class 0x010802 PCIe Endpoint
[994275.970558] pci 0001:10:00.0: BAR 0 [mem 0x100000000-0x100003fff 64bit]
[994275.970562] pci 0001:10:00.0: enabling Extended Tags
[994275.970712] NVMeVirt: Virtual PCI bus created (node 0)
[994275.970982] NVMeVirt: nvmev_io_worker_0 started on cpu 2 (node 0)
[994275.971008] NVMeVirt: nvmev_dispatcher started on cpu 1 (node 0)
[994275.971037] NVMeVirt: Virtual NVMe device created
[994275.971213] nvme nvme0: pci function 0001:10:00.0
[994275.973691] nvme nvme0: 8/0/0 default/read/poll queues
[994276.519797] EXT4-fs (nvme0n1): mounted filesystem 0f385b36-ec39-4e70-b5fd-f6df599fcd36 r/w with ordered data mode. Quota mode: none.
[994278.499039] iCAT_FILEBENCH_MEASURE_START run=20260923-075637-334765
[994279.811575] tee (334971): drop_caches: 3
[994286.335288] tee (334976): drop_caches: 3
[994292.453582] tee (334980): drop_caches: 3
[994298.722597] tee (334984): drop_caches: 3
[994304.746318] tee (334988): drop_caches: 3
[994310.693536] tee (334992): drop_caches: 3
[994316.579516] tee (335005): drop_caches: 3
[994322.342753] tee (335009): drop_caches: 3
[994328.446173] tee (335013): drop_caches: 3
[994334.541392] tee (335017): drop_caches: 3
[994340.104910] tee (335021): drop_caches: 3
[994346.052077] tee (335025): drop_caches: 3
[994351.842797] tee (335036): drop_caches: 3
[994357.517704] tee (335040): drop_caches: 3
[994363.287982] tee (335044): drop_caches: 3
[994369.429489] tee (335048): drop_caches: 3
[994375.212286] tee (335052): drop_caches: 3
[994380.999662] tee (335065): drop_caches: 3
[994386.658119] tee (335071): drop_caches: 3
[994392.763723] tee (335075): drop_caches: 3
[994398.414065] tee (335079): drop_caches: 3
[994404.529549] tee (335083): drop_caches: 3
[994410.682810] tee (335094): drop_caches: 3
[994416.588564] tee (335098): drop_caches: 3
[994422.709546] tee (335102): drop_caches: 3
[994428.634225] tee (335106): drop_caches: 3
[994435.044051] tee (335110): drop_caches: 3
[994441.005750] tee (335121): drop_caches: 3
[994447.035272] tee (335125): drop_caches: 3
[994453.008301] tee (335129): drop_caches: 3
[994459.125618] tee (335133): drop_caches: 3
[994465.120011] tee (335137): drop_caches: 3
[994470.779599] tee (335148): drop_caches: 3
[994476.637145] tee (335152): drop_caches: 3
[994482.558474] tee (335178): drop_caches: 3
[994490.457230] tee (335213): drop_caches: 3
[994499.208582] tee (335262): drop_caches: 3
[994508.808851] tee (335301): drop_caches: 3
[994519.662657] tee (335384): drop_caches: 3
[994529.153924] tee (335402): drop_caches: 3
[994535.753851] tee (335406): drop_caches: 3
[994542.012006] tee (335410): drop_caches: 3
[994547.872949] tee (335414): drop_caches: 3
[994553.883398] tee (335418): drop_caches: 3
[994560.096858] tee (335429): drop_caches: 3
[994566.554794] tee (335433): drop_caches: 3
[994572.786989] tee (335437): drop_caches: 3
[994578.611563] tee (335441): drop_caches: 3
[994580.456579] iCAT_FILEBENCH_MEASURE_END run=20260923-075637-334765
[994583.356060] EXT4-fs (nvme0n1): unmounting filesystem 0f385b36-ec39-4e70-b5fd-f6df599fcd36.
[994583.727863] pci_bus 0001:10: busn_res: [bus 10-ff] is released
[994583.727958] NVMeVirt: GC stats: ns=0 policy=cat-fig7-fixed host_pages=0 gc_pages=0 gc_count=0 WAF=N/A warmup_gc=100-per-part
[994583.798630] NVMeVirt: Virtual NVMe device closed
[994583.815092] iCAT_FILEBENCH_END module=fixed50 workload=webproxy run=20260923-075637-334765
[994585.488440] iCAT_FILEBENCH_START module=gh-online workload=webproxy run=20260923-080147-335496
[994585.582089] NVMeVirt: Version 1.10 for >> Samsung 970 Pro SSD <<
[994585.582095] NVMeVirt: Storage: 0x100100000-0x300000000 (8191 MiB)
[994585.592748] NVMeVirt: Total Capacity(GiB,MiB)=2,2048 chs=2 luns=4 lines=8192 blk-size(MiB,KiB)=0,64 line-size(MiB,KiB)=0,256
[994585.603410] NVMeVirt: [chmodel_init] bandwidth 800 max_credits 26 tx_time 152
[994585.616720] NVMeVirt: [chmodel_init] bandwidth 800 max_credits 26 tx_time 152
[994585.616739] NVMeVirt: [chmodel_init] bandwidth 3360 max_credits 110 tx_time 36
[994585.616742] NVMeVirt: WATGC_V2 init ns=0 part=0 arms=60 initial=37 prior=none gamma_q16=65503 exploration_q16=16384
[994585.617996] NVMeVirt: pqueue: Copyright (c) 2014, Volkan Yazıcı <volkan.yazici@gmail.com>. All rights reserved.
[994585.618046] NVMeVirt: Init FTL instance with 2 channels (524288 pages)
[994585.618049] NVMeVirt: GC victim policy: watgc-v2 ns=0 part=0 initial_k=7 initial_scale_pct=100 initial_age_ratio=7 warmup_gc=100
[994585.634726] NVMeVirt: [chmodel_init] bandwidth 800 max_credits 26 tx_time 152
[994585.647046] NVMeVirt: [chmodel_init] bandwidth 800 max_credits 26 tx_time 152
[994585.647061] NVMeVirt: [chmodel_init] bandwidth 3360 max_credits 110 tx_time 36
[994585.647064] NVMeVirt: WATGC_V2 init ns=0 part=1 arms=60 initial=37 prior=none gamma_q16=65503 exploration_q16=16384
[994585.648088] NVMeVirt: Init FTL instance with 2 channels (524288 pages)
[994585.648091] NVMeVirt: GC victim policy: watgc-v2 ns=0 part=1 initial_k=7 initial_scale_pct=100 initial_age_ratio=7 warmup_gc=100
[994585.658594] NVMeVirt: [chmodel_init] bandwidth 800 max_credits 26 tx_time 152
[994585.669085] NVMeVirt: [chmodel_init] bandwidth 800 max_credits 26 tx_time 152
[994585.669100] NVMeVirt: [chmodel_init] bandwidth 3360 max_credits 110 tx_time 36
[994585.669103] NVMeVirt: WATGC_V2 init ns=0 part=2 arms=60 initial=37 prior=none gamma_q16=65503 exploration_q16=16384
[994585.670041] NVMeVirt: Init FTL instance with 2 channels (524288 pages)
[994585.670044] NVMeVirt: GC victim policy: watgc-v2 ns=0 part=2 initial_k=7 initial_scale_pct=100 initial_age_ratio=7 warmup_gc=100
[994585.680263] NVMeVirt: [chmodel_init] bandwidth 800 max_credits 26 tx_time 152
[994585.690542] NVMeVirt: [chmodel_init] bandwidth 800 max_credits 26 tx_time 152
[994585.690556] NVMeVirt: [chmodel_init] bandwidth 3360 max_credits 110 tx_time 36
[994585.690559] NVMeVirt: WATGC_V2 init ns=0 part=3 arms=60 initial=37 prior=none gamma_q16=65503 exploration_q16=16384
[994585.691489] NVMeVirt: Init FTL instance with 2 channels (524288 pages)
[994585.691491] NVMeVirt: GC victim policy: watgc-v2 ns=0 part=3 initial_k=7 initial_scale_pct=100 initial_age_ratio=7 warmup_gc=100
[994585.691497] NVMeVirt: FTL physical space: 8588886016, logical space: 8026996276 (physical/logical * 100 = 107)
[994585.691499] NVMeVirt: ns 0/1: size 7655 MiB
[994585.691548] PCI host bridge to bus 0001:10
[994585.691550] pci_bus 0001:10: root bus resource [io  0x0000-0xffff]
[994585.691553] pci_bus 0001:10: root bus resource [mem 0x00000000-0x7fffffffff]
[994585.691570] pci_bus 0001:10: root bus resource [bus 00-ff]
[994585.691577] pci 0001:10:00.0: [0c51:0110] type 00 class 0x010802 PCIe Endpoint
[994585.691582] pci 0001:10:00.0: BAR 0 [mem 0x100000000-0x100003fff 64bit]
[994585.691584] pci 0001:10:00.0: enabling Extended Tags
[994585.691705] NVMeVirt: Virtual PCI bus created (node 0)
[994585.692072] NVMeVirt: nvmev_io_worker_0 started on cpu 2 (node 0)
[994585.692174] NVMeVirt: nvmev_dispatcher started on cpu 1 (node 0)
[994585.692179] NVMeVirt: Virtual NVMe device created
[994585.694460] nvme nvme0: pci function 0001:10:00.0
[994585.696297] nvme nvme0: 8/0/0 default/read/poll queues
[994586.583539] EXT4-fs (nvme0n1): mounted filesystem 5eceaf91-7e9f-4ca0-b3f9-6a0db76ca1f8 r/w with ordered data mode. Quota mode: none.
[994588.628942] iCAT_FILEBENCH_MEASURE_START run=20260923-080147-335496
[994589.554001] tee (335704): drop_caches: 3
[994596.210775] tee (335711): drop_caches: 3
[994601.851537] tee (335715): drop_caches: 3
[994607.962903] tee (335719): drop_caches: 3
[994614.165688] tee (335723): drop_caches: 3
[994620.256749] tee (335736): drop_caches: 3
[994626.447873] tee (335742): drop_caches: 3
[994632.424157] tee (335746): drop_caches: 3
[994638.591260] tee (335750): drop_caches: 3
[994644.729139] tee (335754): drop_caches: 3
[994650.890376] tee (335765): drop_caches: 3
[994656.885013] tee (335769): drop_caches: 3
[994663.595133] tee (335773): drop_caches: 3
[994669.747225] tee (335777): drop_caches: 3
[994675.451902] tee (335781): drop_caches: 3
[994680.719695] tee (335795): drop_caches: 3
[994686.935487] tee (335799): drop_caches: 3
[994692.997204] tee (335803): drop_caches: 3
[994698.981371] tee (335807): drop_caches: 3
[994704.744229] tee (335811): drop_caches: 3
[994711.230002] tee (335822): drop_caches: 3
[994716.947169] tee (335826): drop_caches: 3
[994722.934867] tee (335830): drop_caches: 3
[994728.991167] tee (335834): drop_caches: 3
[994734.954436] tee (335838): drop_caches: 3
[994740.946237] tee (335849): drop_caches: 3
[994746.904470] tee (335855): drop_caches: 3
[994752.894832] tee (335859): drop_caches: 3
[994759.331967] tee (335864): drop_caches: 3
[994765.806450] tee (335879): drop_caches: 3
[994771.697619] tee (335892): drop_caches: 3
[994777.491422] tee (335896): drop_caches: 3
[994783.117546] tee (335903): drop_caches: 3
[994789.184658] tee (335907): drop_caches: 3
[994795.285840] tee (335911): drop_caches: 3
[994801.551728] tee (335917): drop_caches: 3
[994807.784519] tee (335921): drop_caches: 3
[994813.579851] tee (335925): drop_caches: 3
[994819.566542] tee (335929): drop_caches: 3
[994825.245000] tee (335933): drop_caches: 3
[994831.447492] tee (335939): drop_caches: 3
[994837.199531] tee (335943): drop_caches: 3
[994843.487513] tee (335948): drop_caches: 3
[994849.495687] tee (335952): drop_caches: 3
[994855.546138] tee (335957): drop_caches: 3
[994861.639286] tee (335962): drop_caches: 3
[994867.651176] tee (335968): drop_caches: 3
[994873.540162] tee (335972): drop_caches: 3
[994880.159182] tee (335976): drop_caches: 3
[994885.997619] tee (335980): drop_caches: 3
[994890.601808] iCAT_FILEBENCH_MEASURE_END run=20260923-080147-335496
[994890.655367] tee (335991): drop_caches: 3
[994895.999176] EXT4-fs (nvme0n1): unmounting filesystem 5eceaf91-7e9f-4ca0-b3f9-6a0db76ca1f8.
[994896.298471] pci_bus 0001:10: busn_res: [bus 10-ff] is released
[994896.298569] NVMeVirt: WATGC_V2 summary ns=0 part=0 epoch=1 windows=0 epoch_windows=0 discarded=0 visited=0 covered=0 settled=0 phase=0 current=37 best=37 k=7 scale_pct=100 age_ratio=7 best_waf_valid=0 best_waf_q16=0
[994896.298573] NVMeVirt: WATGC_V2 summary ns=0 part=1 epoch=1 windows=0 epoch_windows=0 discarded=0 visited=0 covered=0 settled=0 phase=0 current=37 best=37 k=7 scale_pct=100 age_ratio=7 best_waf_valid=0 best_waf_q16=0
[994896.298576] NVMeVirt: WATGC_V2 summary ns=0 part=2 epoch=1 windows=0 epoch_windows=0 discarded=0 visited=0 covered=0 settled=0 phase=0 current=37 best=37 k=7 scale_pct=100 age_ratio=7 best_waf_valid=0 best_waf_q16=0
[994896.298579] NVMeVirt: WATGC_V2 summary ns=0 part=3 epoch=1 windows=0 epoch_windows=0 discarded=0 visited=0 covered=0 settled=0 phase=0 current=37 best=37 k=7 scale_pct=100 age_ratio=7 best_waf_valid=0 best_waf_q16=0
[994896.298581] NVMeVirt: GC stats: ns=0 policy=watgc-v2 host_pages=0 gc_pages=0 gc_count=0 WAF=N/A warmup_gc=100-per-part
[994896.370889] NVMeVirt: Virtual NVMe device closed
[994896.443520] iCAT_FILEBENCH_END module=gh-online workload=webproxy run=20260923-080147-335496
[994904.283671] iCAT_FILEBENCH_START module=gh-greedy workload=videoserver run=20260923-080706-336140
[994904.348033] NVMeVirt: Version 1.10 for >> Samsung 970 Pro SSD <<
[994904.348039] NVMeVirt: Storage: 0x100100000-0x300000000 (8191 MiB)
[994904.358632] NVMeVirt: Total Capacity(GiB,MiB)=2,2048 chs=2 luns=4 lines=8192 blk-size(MiB,KiB)=0,64 line-size(MiB,KiB)=0,256
[994904.368844] NVMeVirt: [chmodel_init] bandwidth 800 max_credits 26 tx_time 152
[994904.379057] NVMeVirt: [chmodel_init] bandwidth 800 max_credits 26 tx_time 152
[994904.379072] NVMeVirt: [chmodel_init] bandwidth 3360 max_credits 110 tx_time 36
[994904.379979] NVMeVirt: pqueue: Copyright (c) 2014, Volkan Yazıcı <volkan.yazici@gmail.com>. All rights reserved.
[994904.380015] NVMeVirt: Init FTL instance with 2 channels (524288 pages)
[994904.380016] NVMeVirt: GC victim policy: greedy ns=0 part=0 initial_k=7 initial_scale_pct=100 initial_age_ratio=7 warmup_gc=100
[994904.390217] NVMeVirt: [chmodel_init] bandwidth 800 max_credits 26 tx_time 152
[994904.400396] NVMeVirt: [chmodel_init] bandwidth 800 max_credits 26 tx_time 152
[994904.400411] NVMeVirt: [chmodel_init] bandwidth 3360 max_credits 110 tx_time 36
[994904.401389] NVMeVirt: Init FTL instance with 2 channels (524288 pages)
[994904.401418] NVMeVirt: GC victim policy: greedy ns=0 part=1 initial_k=7 initial_scale_pct=100 initial_age_ratio=7 warmup_gc=100
[994904.411964] NVMeVirt: [chmodel_init] bandwidth 800 max_credits 26 tx_time 152
[994904.422177] NVMeVirt: [chmodel_init] bandwidth 800 max_credits 26 tx_time 152
[994904.422192] NVMeVirt: [chmodel_init] bandwidth 3360 max_credits 110 tx_time 36
[994904.423125] NVMeVirt: Init FTL instance with 2 channels (524288 pages)
[994904.423127] NVMeVirt: GC victim policy: greedy ns=0 part=2 initial_k=7 initial_scale_pct=100 initial_age_ratio=7 warmup_gc=100
[994904.433370] NVMeVirt: [chmodel_init] bandwidth 800 max_credits 26 tx_time 152
[994904.443711] NVMeVirt: [chmodel_init] bandwidth 800 max_credits 26 tx_time 152
[994904.443725] NVMeVirt: [chmodel_init] bandwidth 3360 max_credits 110 tx_time 36
[994904.444670] NVMeVirt: Init FTL instance with 2 channels (524288 pages)
[994904.444673] NVMeVirt: GC victim policy: greedy ns=0 part=3 initial_k=7 initial_scale_pct=100 initial_age_ratio=7 warmup_gc=100
[994904.444679] NVMeVirt: FTL physical space: 8588886016, logical space: 8026996276 (physical/logical * 100 = 107)
[994904.444681] NVMeVirt: ns 0/1: size 7655 MiB
[994904.444731] PCI host bridge to bus 0001:10
[994904.444733] pci_bus 0001:10: root bus resource [io  0x0000-0xffff]
[994904.444737] pci_bus 0001:10: root bus resource [mem 0x00000000-0x7fffffffff]
[994904.444739] pci_bus 0001:10: root bus resource [bus 00-ff]
[994904.444748] pci 0001:10:00.0: [0c51:0110] type 00 class 0x010802 PCIe Endpoint
[994904.444753] pci 0001:10:00.0: BAR 0 [mem 0x100000000-0x100003fff 64bit]
[994904.444756] pci 0001:10:00.0: enabling Extended Tags
[994904.444897] NVMeVirt: Virtual PCI bus created (node 0)
[994904.445206] NVMeVirt: nvmev_io_worker_0 started on cpu 2 (node 0)
[994904.445270] NVMeVirt: nvmev_dispatcher started on cpu 1 (node 0)
[994904.445290] NVMeVirt: Virtual NVMe device created
[994904.445472] nvme nvme0: pci function 0001:10:00.0
[994904.448230] nvme nvme0: 8/0/0 default/read/poll queues
[994905.202350] EXT4-fs (nvme0n1): mounted filesystem c4430ff6-2094-4d49-bd1a-bdf42441ec72 r/w with ordered data mode. Quota mode: none.
[994908.605117] iCAT_FILEBENCH_MEASURE_START run=20260923-080706-336140
[994909.582555] tee (336442): drop_caches: 3
[994915.342021] tee (336449): drop_caches: 3
[994920.692084] tee (336462): drop_caches: 3
[994925.713018] tee (336466): drop_caches: 3
[994930.708102] tee (336470): drop_caches: 3
[994935.646627] tee (336474): drop_caches: 3
[994940.506115] tee (336478): drop_caches: 3
[994945.456028] tee (336482): drop_caches: 3
[994950.324173] tee (336493): drop_caches: 3
[994955.321661] tee (336497): drop_caches: 3
[994960.344090] tee (336501): drop_caches: 3
[994965.321963] tee (336505): drop_caches: 3
[994970.239944] tee (336509): drop_caches: 3
[994975.171519] tee (336513): drop_caches: 3
[994980.081372] tee (336526): drop_caches: 3
[994985.246571] tee (336532): drop_caches: 3
[994990.323975] tee (336537): drop_caches: 3
[994995.236680] tee (336541): drop_caches: 3
[995000.162719] tee (336546): drop_caches: 3
[995005.153414] tee (336550): drop_caches: 3
[995010.207108] tee (336561): drop_caches: 3
[995015.287802] tee (336565): drop_caches: 3
[995020.752923] tee (336569): drop_caches: 3
[995025.771083] tee (336573): drop_caches: 3
[995030.722274] tee (336577): drop_caches: 3
[995035.686647] tee (336581): drop_caches: 3
[995040.621340] tee (336585): drop_caches: 3
[995045.655723] tee (336595): drop_caches: 3
[995051.061407] tee (336609): drop_caches: 3
[995056.145481] tee (336613): drop_caches: 3
[995061.207735] tee (336618): drop_caches: 3
[995066.119874] tee (336622): drop_caches: 3
[995071.090598] tee (336633): drop_caches: 3
[995075.795487] tee (336638): drop_caches: 3
[995080.713789] tee (336651): drop_caches: 3
[995087.977225] tee (336713): drop_caches: 3
[995094.888996] tee (336717): drop_caches: 3
[995100.987758] tee (336736): drop_caches: 3
[995106.237834] tee (336759): drop_caches: 3
[995111.278617] tee (336763): drop_caches: 3
[995116.336544] tee (336767): drop_caches: 3
[995121.335821] tee (336771): drop_caches: 3
[995126.449041] tee (336776): drop_caches: 3
[995131.477013] tee (336787): drop_caches: 3
[995136.345482] tee (336791): drop_caches: 3
[995141.340545] tee (336795): drop_caches: 3
[995146.196628] tee (336799): drop_caches: 3
[995151.126403] tee (336803): drop_caches: 3
[995156.037413] tee (336807): drop_caches: 3
[995160.987296] tee (336818): drop_caches: 3
[995165.937983] tee (336822): drop_caches: 3
[995170.961023] tee (336826): drop_caches: 3
[995175.928064] tee (336830): drop_caches: 3
[995180.810778] tee (336834): drop_caches: 3
[995185.771006] tee (336838): drop_caches: 3
[995190.751267] tee (336842): drop_caches: 3
[995195.752999] tee (336846): drop_caches: 3
[995200.856777] tee (336850): drop_caches: 3
[995205.727695] tee (336854): drop_caches: 3
[995210.121805] iCAT_FILEBENCH_MEASURE_END run=20260923-080706-336140
[995210.158968] tee (336861): drop_caches: 3
[995215.518834] EXT4-fs (nvme0n1): unmounting filesystem c4430ff6-2094-4d49-bd1a-bdf42441ec72.
[995215.794106] pci_bus 0001:10: busn_res: [bus 10-ff] is released
[995215.794236] NVMeVirt: GC stats: ns=0 policy=greedy host_pages=0 gc_pages=0 gc_count=0 WAF=N/A warmup_gc=100-per-part
[995215.864986] NVMeVirt: Virtual NVMe device closed
[995216.005288] iCAT_FILEBENCH_END module=gh-greedy workload=videoserver run=20260923-080706-336140
[995218.020657] iCAT_FILEBENCH_START module=fixed10 workload=videoserver run=20260923-081219-336912
[995218.113107] NVMeVirt: Version 1.10 for >> Samsung 970 Pro SSD <<
[995218.113115] NVMeVirt: Storage: 0x100100000-0x300000000 (8191 MiB)
[995218.123965] NVMeVirt: Total Capacity(GiB,MiB)=2,2048 chs=2 luns=4 lines=8192 blk-size(MiB,KiB)=0,64 line-size(MiB,KiB)=0,256
[995218.135298] NVMeVirt: [chmodel_init] bandwidth 800 max_credits 26 tx_time 152
[995218.145462] NVMeVirt: [chmodel_init] bandwidth 800 max_credits 26 tx_time 152
[995218.145475] NVMeVirt: [chmodel_init] bandwidth 3360 max_credits 110 tx_time 36
[995218.145478] NVMeVirt: Fixed CAT init ns=0 part=0 arm=10 k=2 scale_pct=200 age_ratio=7
[995218.146719] NVMeVirt: pqueue: Copyright (c) 2014, Volkan Yazıcı <volkan.yazici@gmail.com>. All rights reserved.
[995218.146754] NVMeVirt: Init FTL instance with 2 channels (524288 pages)
[995218.146756] NVMeVirt: GC victim policy: cat-fig7-fixed ns=0 part=0 initial_k=2 initial_scale_pct=200 initial_age_ratio=7 warmup_gc=100
[995218.157111] NVMeVirt: [chmodel_init] bandwidth 800 max_credits 26 tx_time 152
[995218.167449] NVMeVirt: [chmodel_init] bandwidth 800 max_credits 26 tx_time 152
[995218.167463] NVMeVirt: [chmodel_init] bandwidth 3360 max_credits 110 tx_time 36
[995218.167465] NVMeVirt: Fixed CAT init ns=0 part=1 arm=10 k=2 scale_pct=200 age_ratio=7
[995218.168754] NVMeVirt: Init FTL instance with 2 channels (524288 pages)
[995218.168756] NVMeVirt: GC victim policy: cat-fig7-fixed ns=0 part=1 initial_k=2 initial_scale_pct=200 initial_age_ratio=7 warmup_gc=100
[995218.178987] NVMeVirt: [chmodel_init] bandwidth 800 max_credits 26 tx_time 152
[995218.189192] NVMeVirt: [chmodel_init] bandwidth 800 max_credits 26 tx_time 152
[995218.189205] NVMeVirt: [chmodel_init] bandwidth 3360 max_credits 110 tx_time 36
[995218.189207] NVMeVirt: Fixed CAT init ns=0 part=2 arm=10 k=2 scale_pct=200 age_ratio=7
[995218.190467] NVMeVirt: Init FTL instance with 2 channels (524288 pages)
[995218.190469] NVMeVirt: GC victim policy: cat-fig7-fixed ns=0 part=2 initial_k=2 initial_scale_pct=200 initial_age_ratio=7 warmup_gc=100
[995218.200611] NVMeVirt: [chmodel_init] bandwidth 800 max_credits 26 tx_time 152
[995218.210839] NVMeVirt: [chmodel_init] bandwidth 800 max_credits 26 tx_time 152
[995218.210853] NVMeVirt: [chmodel_init] bandwidth 3360 max_credits 110 tx_time 36
[995218.210855] NVMeVirt: Fixed CAT init ns=0 part=3 arm=10 k=2 scale_pct=200 age_ratio=7
[995218.212118] NVMeVirt: Init FTL instance with 2 channels (524288 pages)
[995218.212120] NVMeVirt: GC victim policy: cat-fig7-fixed ns=0 part=3 initial_k=2 initial_scale_pct=200 initial_age_ratio=7 warmup_gc=100
[995218.212127] NVMeVirt: FTL physical space: 8588886016, logical space: 8026996276 (physical/logical * 100 = 107)
[995218.212128] NVMeVirt: ns 0/1: size 7655 MiB
[995218.212179] PCI host bridge to bus 0001:10
[995218.212181] pci_bus 0001:10: root bus resource [io  0x0000-0xffff]
[995218.212183] pci_bus 0001:10: root bus resource [mem 0x00000000-0x7fffffffff]
[995218.212186] pci_bus 0001:10: root bus resource [bus 00-ff]
[995218.212207] pci 0001:10:00.0: [0c51:0110] type 00 class 0x010802 PCIe Endpoint
[995218.212211] pci 0001:10:00.0: BAR 0 [mem 0x100000000-0x100003fff 64bit]
[995218.212214] pci 0001:10:00.0: enabling Extended Tags
[995218.212337] NVMeVirt: Virtual PCI bus created (node 0)
[995218.212688] NVMeVirt: nvmev_io_worker_0 started on cpu 2 (node 0)
[995218.212809] NVMeVirt: nvmev_dispatcher started on cpu 1 (node 0)
[995218.212849] NVMeVirt: Virtual NVMe device created
[995218.213043] nvme nvme0: pci function 0001:10:00.0
[995218.217535] nvme nvme0: 8/0/0 default/read/poll queues
[995219.078722] EXT4-fs (nvme0n1): mounted filesystem 04e7330a-84d4-4b3d-ac21-24e0e3ffaaba r/w with ordered data mode. Quota mode: none.
[995222.154306] iCAT_FILEBENCH_MEASURE_START run=20260923-081219-336912
[995222.491942] tee (337214): drop_caches: 3
[995228.592810] tee (337221): drop_caches: 3
[995233.772030] tee (337225): drop_caches: 3
[995238.843991] tee (337229): drop_caches: 3
[995243.817526] tee (337233): drop_caches: 3
[995248.752963] tee (337245): drop_caches: 3
[995254.058472] tee (337249): drop_caches: 3
[995259.107127] tee (337253): drop_caches: 3
[995264.234304] tee (337257): drop_caches: 3
[995269.275164] tee (337261): drop_caches: 3
[995274.201087] tee (337265): drop_caches: 3
[995279.212957] tee (337271): drop_caches: 3
[995284.133692] tee (337275): drop_caches: 3
[995289.410034] tee (337279): drop_caches: 3
[995294.352510] tee (337283): drop_caches: 3
[995299.368044] tee (337287): drop_caches: 3
[995304.319309] tee (337291): drop_caches: 3
[995309.284831] tee (337303): drop_caches: 3
[995314.168721] tee (337307): drop_caches: 3
[995319.189248] tee (337311): drop_caches: 3
[995324.282864] tee (337315): drop_caches: 3
[995329.234849] tee (337319): drop_caches: 3
[995334.284397] tee (337323): drop_caches: 3
[995339.300362] tee (337327): drop_caches: 3
[995344.190386] tee (337333): drop_caches: 3
[995349.217977] tee (337337): drop_caches: 3
[995354.382189] tee (337341): drop_caches: 3
[995359.473200] tee (337345): drop_caches: 3
[995364.458802] tee (337350): drop_caches: 3
[995369.412511] tee (337361): drop_caches: 3
[995374.408596] tee (337365): drop_caches: 3
[995379.347264] tee (337370): drop_caches: 3
[995384.340673] tee (337376): drop_caches: 3
[995389.317112] tee (337380): drop_caches: 3
[995394.290285] tee (337384): drop_caches: 3
[995399.239317] tee (337388): drop_caches: 3
[995404.233953] tee (337392): drop_caches: 3
[995409.142243] tee (337396): drop_caches: 3
[995414.281898] tee (337400): drop_caches: 3
[995419.367477] tee (337404): drop_caches: 3
[995424.314918] tee (337409): drop_caches: 3
[995429.393844] tee (337421): drop_caches: 3
[995434.506069] tee (337425): drop_caches: 3
[995439.478940] tee (337429): drop_caches: 3
[995444.548156] tee (337435): drop_caches: 3
[995449.524811] tee (337439): drop_caches: 3
[995454.391115] tee (337444): drop_caches: 3
[995459.382462] tee (337448): drop_caches: 3
[995464.432630] tee (337454): drop_caches: 3
[995469.867507] tee (337459): drop_caches: 3
[995475.200479] tee (337468): drop_caches: 3
[995480.348341] tee (337472): drop_caches: 3
[995485.355507] tee (337477): drop_caches: 3
[995490.482910] tee (337482): drop_caches: 3
[995495.896312] tee (337486): drop_caches: 3
[995500.972485] tee (337501): drop_caches: 3
[995506.938934] tee (337511): drop_caches: 3
[995512.833011] tee (337515): drop_caches: 3
[995518.784285] tee (337526): drop_caches: 3
[995524.350290] iCAT_FILEBENCH_MEASURE_END run=20260923-081219-336912
[995524.392875] tee (337540): drop_caches: 3
[995530.856326] EXT4-fs (nvme0n1): unmounting filesystem 04e7330a-84d4-4b3d-ac21-24e0e3ffaaba.
[995531.239794] pci_bus 0001:10: busn_res: [bus 10-ff] is released
[995531.239840] NVMeVirt: GC stats: ns=0 policy=cat-fig7-fixed host_pages=0 gc_pages=0 gc_count=0 WAF=N/A warmup_gc=100-per-part
[995531.310743] NVMeVirt: Virtual NVMe device closed
[995531.391920] iCAT_FILEBENCH_END module=fixed10 workload=videoserver run=20260923-081219-336912
[995533.310355] iCAT_FILEBENCH_START module=gh-cat37 workload=videoserver run=20260923-081734-337593
[995533.445282] NVMeVirt: Version 1.10 for >> Samsung 970 Pro SSD <<
[995533.445288] NVMeVirt: Storage: 0x100100000-0x300000000 (8191 MiB)
[995533.455796] NVMeVirt: Total Capacity(GiB,MiB)=2,2048 chs=2 luns=4 lines=8192 blk-size(MiB,KiB)=0,64 line-size(MiB,KiB)=0,256
[995533.466302] NVMeVirt: [chmodel_init] bandwidth 800 max_credits 26 tx_time 152
[995533.476754] NVMeVirt: [chmodel_init] bandwidth 800 max_credits 26 tx_time 152
[995533.476770] NVMeVirt: [chmodel_init] bandwidth 3360 max_credits 110 tx_time 36
[995533.477713] NVMeVirt: pqueue: Copyright (c) 2014, Volkan Yazıcı <volkan.yazici@gmail.com>. All rights reserved.
[995533.477784] NVMeVirt: Init FTL instance with 2 channels (524288 pages)
[995533.477786] NVMeVirt: GC victim policy: cat-fig7-fixed ns=0 part=0 initial_k=7 initial_scale_pct=100 initial_age_ratio=7 warmup_gc=100
[995533.488197] NVMeVirt: [chmodel_init] bandwidth 800 max_credits 26 tx_time 152
[995533.498450] NVMeVirt: [chmodel_init] bandwidth 800 max_credits 26 tx_time 152
[995533.498465] NVMeVirt: [chmodel_init] bandwidth 3360 max_credits 110 tx_time 36
[995533.499450] NVMeVirt: Init FTL instance with 2 channels (524288 pages)
[995533.499453] NVMeVirt: GC victim policy: cat-fig7-fixed ns=0 part=1 initial_k=7 initial_scale_pct=100 initial_age_ratio=7 warmup_gc=100
[995533.509696] NVMeVirt: [chmodel_init] bandwidth 800 max_credits 26 tx_time 152
[995533.519941] NVMeVirt: [chmodel_init] bandwidth 800 max_credits 26 tx_time 152
[995533.519956] NVMeVirt: [chmodel_init] bandwidth 3360 max_credits 110 tx_time 36
[995533.520915] NVMeVirt: Init FTL instance with 2 channels (524288 pages)
[995533.520919] NVMeVirt: GC victim policy: cat-fig7-fixed ns=0 part=2 initial_k=7 initial_scale_pct=100 initial_age_ratio=7 warmup_gc=100
[995533.531237] NVMeVirt: [chmodel_init] bandwidth 800 max_credits 26 tx_time 152
[995533.541448] NVMeVirt: [chmodel_init] bandwidth 800 max_credits 26 tx_time 152
[995533.541463] NVMeVirt: [chmodel_init] bandwidth 3360 max_credits 110 tx_time 36
[995533.542413] NVMeVirt: Init FTL instance with 2 channels (524288 pages)
[995533.542416] NVMeVirt: GC victim policy: cat-fig7-fixed ns=0 part=3 initial_k=7 initial_scale_pct=100 initial_age_ratio=7 warmup_gc=100
[995533.542422] NVMeVirt: FTL physical space: 8588886016, logical space: 8026996276 (physical/logical * 100 = 107)
[995533.542424] NVMeVirt: ns 0/1: size 7655 MiB
[995533.542474] PCI host bridge to bus 0001:10
[995533.542477] pci_bus 0001:10: root bus resource [io  0x0000-0xffff]
[995533.542480] pci_bus 0001:10: root bus resource [mem 0x00000000-0x7fffffffff]
[995533.542483] pci_bus 0001:10: root bus resource [bus 00-ff]
[995533.542492] pci 0001:10:00.0: [0c51:0110] type 00 class 0x010802 PCIe Endpoint
[995533.542496] pci 0001:10:00.0: BAR 0 [mem 0x100000000-0x100003fff 64bit]
[995533.542500] pci 0001:10:00.0: enabling Extended Tags
[995533.542682] NVMeVirt: Virtual PCI bus created (node 0)
[995533.543158] NVMeVirt: nvmev_dispatcher started on cpu 1 (node 0)
[995533.543163] NVMeVirt: Virtual NVMe device created
[995533.543189] NVMeVirt: nvmev_io_worker_0 started on cpu 2 (node 0)
[995533.544176] nvme nvme0: pci function 0001:10:00.0
[995533.546260] nvme nvme0: 8/0/0 default/read/poll queues
[995534.600015] EXT4-fs (nvme0n1): mounted filesystem 97c90329-7149-43b8-8337-d28f0e1a0edc r/w with ordered data mode. Quota mode: none.
[995537.446521] iCAT_FILEBENCH_MEASURE_START run=20260923-081734-337593
[995537.967070] tee (337885): drop_caches: 3
[995545.703511] tee (337893): drop_caches: 3
[995552.159930] tee (337900): drop_caches: 3
[995558.499036] tee (337904): drop_caches: 3
[995564.530413] tee (337912): drop_caches: 3
[995571.284406] tee (337916): drop_caches: 3
[995577.333598] tee (337920): drop_caches: 3
[995583.225437] tee (337935): drop_caches: 3
[995589.442076] tee (337939): drop_caches: 3
[995595.005261] tee (337944): drop_caches: 3
[995600.131164] tee (337948): drop_caches: 3
[995604.977845] tee (337952): drop_caches: 3
[995609.947193] tee (337963): drop_caches: 3
[995614.886816] tee (337967): drop_caches: 3
[995619.794800] tee (337971): drop_caches: 3
[995624.936889] tee (337975): drop_caches: 3
[995629.896099] tee (337979): drop_caches: 3
[995634.828506] tee (337983): drop_caches: 3
[995639.813014] tee (337994): drop_caches: 3
[995644.761307] tee (337998): drop_caches: 3
[995650.222522] tee (338002): drop_caches: 3
[995655.286825] tee (338006): drop_caches: 3
[995660.214033] tee (338010): drop_caches: 3
[995665.088377] tee (338014): drop_caches: 3
[995669.987670] tee (338025): drop_caches: 3
[995674.877616] tee (338029): drop_caches: 3
[995679.853437] tee (338039): drop_caches: 3
[995687.097254] tee (338105): drop_caches: 3
[995694.114468] tee (338109): drop_caches: 3
[995700.189382] tee (338125): drop_caches: 3
[995705.335550] tee (338158): drop_caches: 3
[995710.251926] tee (338162): drop_caches: 3
[995715.538597] tee (338166): drop_caches: 3
[995720.561983] tee (338170): drop_caches: 3
[995725.603478] tee (338174): drop_caches: 3
[995730.617304] tee (338185): drop_caches: 3
[995735.628739] tee (338189): drop_caches: 3
[995740.550247] tee (338193): drop_caches: 3
[995745.662778] tee (338197): drop_caches: 3
[995750.692692] tee (338201): drop_caches: 3
[995755.662528] tee (338205): drop_caches: 3
[995760.644610] tee (338216): drop_caches: 3
[995765.627443] tee (338220): drop_caches: 3
[995770.529487] tee (338224): drop_caches: 3
[995775.417600] tee (338228): drop_caches: 3
[995780.475869] tee (338232): drop_caches: 3
[995785.692486] tee (338236): drop_caches: 3
[995790.692222] tee (338247): drop_caches: 3
[995795.694122] tee (338251): drop_caches: 3
[995800.607228] tee (338255): drop_caches: 3
[995805.602760] tee (338259): drop_caches: 3
[995810.626179] tee (338263): drop_caches: 3
[995815.610839] tee (338267): drop_caches: 3
[995820.517964] tee (338278): drop_caches: 3
[995825.476700] tee (338286): drop_caches: 3
[995830.391566] tee (338290): drop_caches: 3
[995835.368848] tee (338294): drop_caches: 3
[995839.162098] iCAT_FILEBENCH_MEASURE_END run=20260923-081734-337593
[995840.137959] EXT4-fs (nvme0n1): unmounting filesystem 97c90329-7149-43b8-8337-d28f0e1a0edc.
[995840.483570] pci_bus 0001:10: busn_res: [bus 10-ff] is released
[995840.483613] NVMeVirt: GC stats: ns=0 policy=cat-fig7-fixed host_pages=0 gc_pages=0 gc_count=0 WAF=N/A warmup_gc=100-per-part
[995840.555344] NVMeVirt: Virtual NVMe device closed
[995840.571826] iCAT_FILEBENCH_END module=gh-cat37 workload=videoserver run=20260923-081734-337593
[995842.293920] iCAT_FILEBENCH_START module=fixed47 workload=videoserver run=20260923-082244-338343
[995842.383247] NVMeVirt: Version 1.10 for >> Samsung 970 Pro SSD <<
[995842.383253] NVMeVirt: Storage: 0x100100000-0x300000000 (8191 MiB)
[995842.393708] NVMeVirt: Total Capacity(GiB,MiB)=2,2048 chs=2 luns=4 lines=8192 blk-size(MiB,KiB)=0,64 line-size(MiB,KiB)=0,256
[995842.404785] NVMeVirt: [chmodel_init] bandwidth 800 max_credits 26 tx_time 152
[995842.415229] NVMeVirt: [chmodel_init] bandwidth 800 max_credits 26 tx_time 152
[995842.415243] NVMeVirt: [chmodel_init] bandwidth 3360 max_credits 110 tx_time 36
[995842.415246] NVMeVirt: Fixed CAT init ns=0 part=0 arm=47 k=10 scale_pct=25 age_ratio=16
[995842.416153] NVMeVirt: pqueue: Copyright (c) 2014, Volkan Yazıcı <volkan.yazici@gmail.com>. All rights reserved.
[995842.416190] NVMeVirt: Init FTL instance with 2 channels (524288 pages)
[995842.416192] NVMeVirt: GC victim policy: cat-fig7-fixed ns=0 part=0 initial_k=10 initial_scale_pct=25 initial_age_ratio=16 warmup_gc=100
[995842.426342] NVMeVirt: [chmodel_init] bandwidth 800 max_credits 26 tx_time 152
[995842.436520] NVMeVirt: [chmodel_init] bandwidth 800 max_credits 26 tx_time 152
[995842.436533] NVMeVirt: [chmodel_init] bandwidth 3360 max_credits 110 tx_time 36
[995842.436535] NVMeVirt: Fixed CAT init ns=0 part=1 arm=47 k=10 scale_pct=25 age_ratio=16
[995842.437457] NVMeVirt: Init FTL instance with 2 channels (524288 pages)
[995842.437460] NVMeVirt: GC victim policy: cat-fig7-fixed ns=0 part=1 initial_k=10 initial_scale_pct=25 initial_age_ratio=16 warmup_gc=100
[995842.447441] NVMeVirt: [chmodel_init] bandwidth 800 max_credits 26 tx_time 152
[995842.457352] NVMeVirt: [chmodel_init] bandwidth 800 max_credits 26 tx_time 152
[995842.457366] NVMeVirt: [chmodel_init] bandwidth 3360 max_credits 110 tx_time 36
[995842.457368] NVMeVirt: Fixed CAT init ns=0 part=2 arm=47 k=10 scale_pct=25 age_ratio=16
[995842.458430] NVMeVirt: Init FTL instance with 2 channels (524288 pages)
[995842.458432] NVMeVirt: GC victim policy: cat-fig7-fixed ns=0 part=2 initial_k=10 initial_scale_pct=25 initial_age_ratio=16 warmup_gc=100
[995842.468599] NVMeVirt: [chmodel_init] bandwidth 800 max_credits 26 tx_time 152
[995842.478688] NVMeVirt: [chmodel_init] bandwidth 800 max_credits 26 tx_time 152
[995842.478702] NVMeVirt: [chmodel_init] bandwidth 3360 max_credits 110 tx_time 36
[995842.478704] NVMeVirt: Fixed CAT init ns=0 part=3 arm=47 k=10 scale_pct=25 age_ratio=16
[995842.479687] NVMeVirt: Init FTL instance with 2 channels (524288 pages)
[995842.479690] NVMeVirt: GC victim policy: cat-fig7-fixed ns=0 part=3 initial_k=10 initial_scale_pct=25 initial_age_ratio=16 warmup_gc=100
[995842.479696] NVMeVirt: FTL physical space: 8588886016, logical space: 8026996276 (physical/logical * 100 = 107)
[995842.479697] NVMeVirt: ns 0/1: size 7655 MiB
[995842.479746] PCI host bridge to bus 0001:10
[995842.479748] pci_bus 0001:10: root bus resource [io  0x0000-0xffff]
[995842.479750] pci_bus 0001:10: root bus resource [mem 0x00000000-0x7fffffffff]
[995842.479753] pci_bus 0001:10: root bus resource [bus 00-ff]
[995842.479760] pci 0001:10:00.0: [0c51:0110] type 00 class 0x010802 PCIe Endpoint
[995842.479777] pci 0001:10:00.0: BAR 0 [mem 0x100000000-0x100003fff 64bit]
[995842.479780] pci 0001:10:00.0: enabling Extended Tags
[995842.479910] NVMeVirt: Virtual PCI bus created (node 0)
[995842.480326] NVMeVirt: nvmev_io_worker_0 started on cpu 2 (node 0)
[995842.480332] NVMeVirt: nvmev_dispatcher started on cpu 1 (node 0)
[995842.480365] NVMeVirt: Virtual NVMe device created
[995842.480524] nvme nvme0: pci function 0001:10:00.0
[995842.482917] nvme nvme0: 8/0/0 default/read/poll queues
[995843.378816] EXT4-fs (nvme0n1): mounted filesystem 76915257-303c-4991-bdfe-9410ff9e4952 r/w with ordered data mode. Quota mode: none.
[995845.747886] iCAT_FILEBENCH_MEASURE_START run=20260923-082244-338343
[995846.786338] tee (338629): drop_caches: 3
[995852.247134] tee (338643): drop_caches: 3
[995857.322321] tee (338647): drop_caches: 3
[995862.313046] tee (338651): drop_caches: 3
[995867.753060] tee (338655): drop_caches: 3
[995872.924780] tee (338659): drop_caches: 3
[995878.075231] tee (338663): drop_caches: 3
[995882.997607] tee (338676): drop_caches: 3
[995888.058923] tee (338680): drop_caches: 3
[995893.014907] tee (338684): drop_caches: 3
[995898.508266] tee (338688): drop_caches: 3
[995903.622216] tee (338692): drop_caches: 3
[995908.999537] tee (338703): drop_caches: 3
[995914.006696] tee (338707): drop_caches: 3
[995918.880203] tee (338711): drop_caches: 3
[995923.856591] tee (338715): drop_caches: 3
[995929.003869] tee (338719): drop_caches: 3
[995934.023711] tee (338723): drop_caches: 3
[995939.149385] tee (338734): drop_caches: 3
[995944.058236] tee (338740): drop_caches: 3
[995949.091839] tee (338744): drop_caches: 3
[995954.030895] tee (338748): drop_caches: 3
[995959.373933] tee (338752): drop_caches: 3
[995964.297876] tee (338756): drop_caches: 3
[995969.695519] tee (338778): drop_caches: 3
[995975.650591] tee (338798): drop_caches: 3
[995980.648012] tee (338824): drop_caches: 3
[995985.796814] tee (338832): drop_caches: 3
[995990.811749] tee (338836): drop_caches: 3
[995996.025560] tee (338840): drop_caches: 3
[996000.952212] tee (338851): drop_caches: 3
[996006.050165] tee (338857): drop_caches: 3
[996011.091390] tee (338861): drop_caches: 3
[996016.183317] tee (338865): drop_caches: 3
[996021.534195] tee (338869): drop_caches: 3
[996026.716478] tee (338873): drop_caches: 3
[996031.845219] tee (338879): drop_caches: 3
[996036.909019] tee (338883): drop_caches: 3
[996042.099304] tee (338887): drop_caches: 3
[996047.075724] tee (338891): drop_caches: 3
[996052.333443] tee (338895): drop_caches: 3
[996057.283335] tee (338901): drop_caches: 3
[996062.207692] tee (338906): drop_caches: 3
[996067.200600] tee (338912): drop_caches: 3
[996072.223836] tee (338916): drop_caches: 3
[996077.162886] tee (338920): drop_caches: 3
[996082.114312] tee (338924): drop_caches: 3
[996087.042956] tee (338928): drop_caches: 3
[996091.980659] tee (338932): drop_caches: 3
[996096.921580] tee (338936): drop_caches: 3
[996101.901159] tee (338940): drop_caches: 3
[996106.762767] tee (338944): drop_caches: 3
[996111.787566] tee (338948): drop_caches: 3
[996116.839173] tee (338953): drop_caches: 3
[996121.759273] tee (338964): drop_caches: 3
[996126.852526] tee (338970): drop_caches: 3
[996131.761997] tee (338974): drop_caches: 3
[996136.719316] tee (338978): drop_caches: 3
[996141.646405] tee (338982): drop_caches: 3
[996146.621523] tee (338991): drop_caches: 3
[996147.582334] iCAT_FILEBENCH_MEASURE_END run=20260923-082244-338343
[996151.413719] EXT4-fs (nvme0n1): unmounting filesystem 76915257-303c-4991-bdfe-9410ff9e4952.
[996151.748297] pci_bus 0001:10: busn_res: [bus 10-ff] is released
[996151.748340] NVMeVirt: GC stats: ns=0 policy=cat-fig7-fixed host_pages=0 gc_pages=0 gc_count=0 WAF=N/A warmup_gc=100-per-part
[996151.819644] NVMeVirt: Virtual NVMe device closed
[996151.839384] iCAT_FILEBENCH_END module=fixed47 workload=videoserver run=20260923-082244-338343
[996153.522612] iCAT_FILEBENCH_START module=fixed50 workload=videoserver run=20260923-082755-339045
[996153.624787] NVMeVirt: Version 1.10 for >> Samsung 970 Pro SSD <<
[996153.624793] NVMeVirt: Storage: 0x100100000-0x300000000 (8191 MiB)
[996153.635333] NVMeVirt: Total Capacity(GiB,MiB)=2,2048 chs=2 luns=4 lines=8192 blk-size(MiB,KiB)=0,64 line-size(MiB,KiB)=0,256
[996153.646927] NVMeVirt: [chmodel_init] bandwidth 800 max_credits 26 tx_time 152
[996153.657598] NVMeVirt: [chmodel_init] bandwidth 800 max_credits 26 tx_time 152
[996153.657613] NVMeVirt: [chmodel_init] bandwidth 3360 max_credits 110 tx_time 36
[996153.657616] NVMeVirt: Fixed CAT init ns=0 part=0 arm=50 k=10 scale_pct=50 age_ratio=16
[996153.658643] NVMeVirt: pqueue: Copyright (c) 2014, Volkan Yazıcı <volkan.yazici@gmail.com>. All rights reserved.
[996153.658683] NVMeVirt: Init FTL instance with 2 channels (524288 pages)
[996153.658685] NVMeVirt: GC victim policy: cat-fig7-fixed ns=0 part=0 initial_k=10 initial_scale_pct=50 initial_age_ratio=16 warmup_gc=100
[996153.668915] NVMeVirt: [chmodel_init] bandwidth 800 max_credits 26 tx_time 152
[996153.679265] NVMeVirt: [chmodel_init] bandwidth 800 max_credits 26 tx_time 152
[996153.679283] NVMeVirt: [chmodel_init] bandwidth 3360 max_credits 110 tx_time 36
[996153.679285] NVMeVirt: Fixed CAT init ns=0 part=1 arm=50 k=10 scale_pct=50 age_ratio=16
[996153.680502] NVMeVirt: Init FTL instance with 2 channels (524288 pages)
[996153.680505] NVMeVirt: GC victim policy: cat-fig7-fixed ns=0 part=1 initial_k=10 initial_scale_pct=50 initial_age_ratio=16 warmup_gc=100
[996153.691565] NVMeVirt: [chmodel_init] bandwidth 800 max_credits 26 tx_time 152
[996153.701450] NVMeVirt: [chmodel_init] bandwidth 800 max_credits 26 tx_time 152
[996153.701464] NVMeVirt: [chmodel_init] bandwidth 3360 max_credits 110 tx_time 36
[996153.701466] NVMeVirt: Fixed CAT init ns=0 part=2 arm=50 k=10 scale_pct=50 age_ratio=16
[996153.702381] NVMeVirt: Init FTL instance with 2 channels (524288 pages)
[996153.702383] NVMeVirt: GC victim policy: cat-fig7-fixed ns=0 part=2 initial_k=10 initial_scale_pct=50 initial_age_ratio=16 warmup_gc=100
[996153.712318] NVMeVirt: [chmodel_init] bandwidth 800 max_credits 26 tx_time 152
[996153.722238] NVMeVirt: [chmodel_init] bandwidth 800 max_credits 26 tx_time 152
[996153.722251] NVMeVirt: [chmodel_init] bandwidth 3360 max_credits 110 tx_time 36
[996153.722253] NVMeVirt: Fixed CAT init ns=0 part=3 arm=50 k=10 scale_pct=50 age_ratio=16
[996153.723145] NVMeVirt: Init FTL instance with 2 channels (524288 pages)
[996153.723148] NVMeVirt: GC victim policy: cat-fig7-fixed ns=0 part=3 initial_k=10 initial_scale_pct=50 initial_age_ratio=16 warmup_gc=100
[996153.723154] NVMeVirt: FTL physical space: 8588886016, logical space: 8026996276 (physical/logical * 100 = 107)
[996153.723170] NVMeVirt: ns 0/1: size 7655 MiB
[996153.723235] PCI host bridge to bus 0001:10
[996153.723239] pci_bus 0001:10: root bus resource [io  0x0000-0xffff]
[996153.723242] pci_bus 0001:10: root bus resource [mem 0x00000000-0x7fffffffff]
[996153.723244] pci_bus 0001:10: root bus resource [bus 00-ff]
[996153.723252] pci 0001:10:00.0: [0c51:0110] type 00 class 0x010802 PCIe Endpoint
[996153.723256] pci 0001:10:00.0: BAR 0 [mem 0x100000000-0x100003fff 64bit]
[996153.723259] pci 0001:10:00.0: enabling Extended Tags
[996153.723432] NVMeVirt: Virtual PCI bus created (node 0)
[996153.723712] NVMeVirt: nvmev_io_worker_0 started on cpu 2 (node 0)
[996153.723850] NVMeVirt: nvmev_dispatcher started on cpu 1 (node 0)
[996153.723874] NVMeVirt: Virtual NVMe device created
[996153.725855] nvme nvme0: pci function 0001:10:00.0
[996153.727587] nvme nvme0: 8/0/0 default/read/poll queues
[996154.598932] EXT4-fs (nvme0n1): mounted filesystem 0185786a-8f2e-4103-9cc8-96c76005b308 r/w with ordered data mode. Quota mode: none.
[996157.178855] iCAT_FILEBENCH_MEASURE_START run=20260923-082755-339045
[996158.041914] tee (339342): drop_caches: 3
[996163.951137] tee (339349): drop_caches: 3
[996168.966053] tee (339353): drop_caches: 3
[996174.034543] tee (339358): drop_caches: 3
[996179.193137] tee (339371): drop_caches: 3
[996184.228735] tee (339377): drop_caches: 3
[996189.237834] tee (339381): drop_caches: 3
[996194.203153] tee (339385): drop_caches: 3
[996199.187016] tee (339389): drop_caches: 3
[996204.234103] tee (339394): drop_caches: 3
[996209.144435] tee (339398): drop_caches: 3
[996214.261003] tee (339402): drop_caches: 3
[996219.225302] tee (339406): drop_caches: 3
[996224.194536] tee (339410): drop_caches: 3
[996229.068795] tee (339414): drop_caches: 3
[996234.070395] tee (339418): drop_caches: 3
[996238.962955] tee (339423): drop_caches: 3
[996243.908012] tee (339427): drop_caches: 3
[996248.877253] tee (339431): drop_caches: 3
[996254.089220] tee (339436): drop_caches: 3
[996259.085096] tee (339440): drop_caches: 3
[996264.085766] tee (339451): drop_caches: 3
[996269.136227] tee (339455): drop_caches: 3
[996274.176793] tee (339459): drop_caches: 3
[996279.208734] tee (339466): drop_caches: 3
[996284.664253] tee (339497): drop_caches: 3
[996292.211608] tee (339537): drop_caches: 3
[996299.586078] tee (339577): drop_caches: 3
[996310.035760] tee (339640): drop_caches: 3
[996319.329063] tee (339694): drop_caches: 3
[996325.811358] tee (339707): drop_caches: 3
[996331.094055] tee (339711): drop_caches: 3
[996335.978549] tee (339715): drop_caches: 3
[996341.050327] tee (339719): drop_caches: 3
[996346.068953] tee (339723): drop_caches: 3
[996351.103090] tee (339727): drop_caches: 3
[996356.167619] tee (339738): drop_caches: 3
[996361.110777] tee (339742): drop_caches: 3
[996366.152312] tee (339746): drop_caches: 3
[996371.085403] tee (339750): drop_caches: 3
[996376.018051] tee (339754): drop_caches: 3
[996381.026891] tee (339758): drop_caches: 3
[996386.034222] tee (339769): drop_caches: 3
[996390.960247] tee (339773): drop_caches: 3
[996395.966236] tee (339777): drop_caches: 3
[996400.989854] tee (339781): drop_caches: 3
[996406.001538] tee (339785): drop_caches: 3
[996410.942378] tee (339789): drop_caches: 3
[996416.024354] tee (339800): drop_caches: 3
[996420.876000] tee (339804): drop_caches: 3
[996425.823535] tee (339810): drop_caches: 3
[996430.809888] tee (339816): drop_caches: 3
[996435.873928] tee (339820): drop_caches: 3
[996440.818250] tee (339824): drop_caches: 3
[996445.823784] tee (339835): drop_caches: 3
[996450.700231] tee (339839): drop_caches: 3
[996455.665669] tee (339843): drop_caches: 3
[996458.827543] iCAT_FILEBENCH_MEASURE_END run=20260923-082755-339045
[996460.367258] EXT4-fs (nvme0n1): unmounting filesystem 0185786a-8f2e-4103-9cc8-96c76005b308.
[996460.703459] pci_bus 0001:10: busn_res: [bus 10-ff] is released
[996460.703503] NVMeVirt: GC stats: ns=0 policy=cat-fig7-fixed host_pages=0 gc_pages=0 gc_count=0 WAF=N/A warmup_gc=100-per-part
[996460.773844] NVMeVirt: Virtual NVMe device closed
[996460.798576] iCAT_FILEBENCH_END module=fixed50 workload=videoserver run=20260923-082755-339045
[996462.576853] iCAT_FILEBENCH_START module=gh-online workload=videoserver run=20260923-083304-339898
[996462.652972] NVMeVirt: Version 1.10 for >> Samsung 970 Pro SSD <<
[996462.652978] NVMeVirt: Storage: 0x100100000-0x300000000 (8191 MiB)
[996462.663369] NVMeVirt: Total Capacity(GiB,MiB)=2,2048 chs=2 luns=4 lines=8192 blk-size(MiB,KiB)=0,64 line-size(MiB,KiB)=0,256
[996462.673623] NVMeVirt: [chmodel_init] bandwidth 800 max_credits 26 tx_time 152
[996462.684114] NVMeVirt: [chmodel_init] bandwidth 800 max_credits 26 tx_time 152
[996462.684128] NVMeVirt: [chmodel_init] bandwidth 3360 max_credits 110 tx_time 36
[996462.684131] NVMeVirt: WATGC_V2 init ns=0 part=0 arms=60 initial=37 prior=none gamma_q16=65503 exploration_q16=16384
[996462.685133] NVMeVirt: pqueue: Copyright (c) 2014, Volkan Yazıcı <volkan.yazici@gmail.com>. All rights reserved.
[996462.685169] NVMeVirt: Init FTL instance with 2 channels (524288 pages)
[996462.685171] NVMeVirt: GC victim policy: watgc-v2 ns=0 part=0 initial_k=7 initial_scale_pct=100 initial_age_ratio=7 warmup_gc=100
[996462.695431] NVMeVirt: [chmodel_init] bandwidth 800 max_credits 26 tx_time 152
[996462.705643] NVMeVirt: [chmodel_init] bandwidth 800 max_credits 26 tx_time 152
[996462.705656] NVMeVirt: [chmodel_init] bandwidth 3360 max_credits 110 tx_time 36
[996462.705658] NVMeVirt: WATGC_V2 init ns=0 part=1 arms=60 initial=37 prior=none gamma_q16=65503 exploration_q16=16384
[996462.706613] NVMeVirt: Init FTL instance with 2 channels (524288 pages)
[996462.706615] NVMeVirt: GC victim policy: watgc-v2 ns=0 part=1 initial_k=7 initial_scale_pct=100 initial_age_ratio=7 warmup_gc=100
[996462.716747] NVMeVirt: [chmodel_init] bandwidth 800 max_credits 26 tx_time 152
[996462.726823] NVMeVirt: [chmodel_init] bandwidth 800 max_credits 26 tx_time 152
[996462.726837] NVMeVirt: [chmodel_init] bandwidth 3360 max_credits 110 tx_time 36
[996462.726839] NVMeVirt: WATGC_V2 init ns=0 part=2 arms=60 initial=37 prior=none gamma_q16=65503 exploration_q16=16384
[996462.727783] NVMeVirt: Init FTL instance with 2 channels (524288 pages)
[996462.727785] NVMeVirt: GC victim policy: watgc-v2 ns=0 part=2 initial_k=7 initial_scale_pct=100 initial_age_ratio=7 warmup_gc=100
[996462.737816] NVMeVirt: [chmodel_init] bandwidth 800 max_credits 26 tx_time 152
[996462.748235] NVMeVirt: [chmodel_init] bandwidth 800 max_credits 26 tx_time 152
[996462.748248] NVMeVirt: [chmodel_init] bandwidth 3360 max_credits 110 tx_time 36
[996462.748250] NVMeVirt: WATGC_V2 init ns=0 part=3 arms=60 initial=37 prior=none gamma_q16=65503 exploration_q16=16384
[996462.749242] NVMeVirt: Init FTL instance with 2 channels (524288 pages)
[996462.749245] NVMeVirt: GC victim policy: watgc-v2 ns=0 part=3 initial_k=7 initial_scale_pct=100 initial_age_ratio=7 warmup_gc=100
[996462.749251] NVMeVirt: FTL physical space: 8588886016, logical space: 8026996276 (physical/logical * 100 = 107)
[996462.749253] NVMeVirt: ns 0/1: size 7655 MiB
[996462.749302] PCI host bridge to bus 0001:10
[996462.749304] pci_bus 0001:10: root bus resource [io  0x0000-0xffff]
[996462.749307] pci_bus 0001:10: root bus resource [mem 0x00000000-0x7fffffffff]
[996462.749309] pci_bus 0001:10: root bus resource [bus 00-ff]
[996462.749331] pci 0001:10:00.0: [0c51:0110] type 00 class 0x010802 PCIe Endpoint
[996462.749335] pci 0001:10:00.0: BAR 0 [mem 0x100000000-0x100003fff 64bit]
[996462.749337] pci 0001:10:00.0: enabling Extended Tags
[996462.749511] NVMeVirt: Virtual PCI bus created (node 0)
[996462.749801] NVMeVirt: nvmev_io_worker_0 started on cpu 2 (node 0)
[996462.749823] NVMeVirt: nvmev_dispatcher started on cpu 1 (node 0)
[996462.749860] NVMeVirt: Virtual NVMe device created
[996462.750080] nvme nvme0: pci function 0001:10:00.0
[996462.753904] nvme nvme0: 8/0/0 default/read/poll queues
[996463.619124] EXT4-fs (nvme0n1): mounted filesystem d5d7cc26-e396-4478-96e4-dc52fc172110 r/w with ordered data mode. Quota mode: none.
[996466.275872] iCAT_FILEBENCH_MEASURE_START run=20260923-083304-339898
[996467.105267] tee (340188): drop_caches: 3
[996472.750245] tee (340203): drop_caches: 3
[996477.902295] tee (340207): drop_caches: 3
[996482.897353] tee (340213): drop_caches: 3
[996487.855589] tee (340217): drop_caches: 3
[996492.813576] tee (340221): drop_caches: 3
[996498.317823] tee (340225): drop_caches: 3
[996503.426241] tee (340236): drop_caches: 3
[996508.574499] tee (340243): drop_caches: 3
[996513.696749] tee (340247): drop_caches: 3
[996518.811793] tee (340251): drop_caches: 3
[996523.955734] tee (340255): drop_caches: 3
[996529.081219] tee (340259): drop_caches: 3
[996534.164646] tee (340270): drop_caches: 3
[996539.181331] tee (340274): drop_caches: 3
[996544.072166] tee (340280): drop_caches: 3
[996549.024224] tee (340284): drop_caches: 3
[996554.016241] tee (340288): drop_caches: 3
[996558.957530] tee (340292): drop_caches: 3
[996565.096802] tee (340330): drop_caches: 3
[996571.382697] tee (340343): drop_caches: 3
[996576.515650] tee (340361): drop_caches: 3
[996581.382459] tee (340368): drop_caches: 3
[996586.044444] tee (340372): drop_caches: 3
[996591.178103] tee (340383): drop_caches: 3
[996596.401174] tee (340388): drop_caches: 3
[996601.282557] tee (340392): drop_caches: 3
[996606.350987] tee (340396): drop_caches: 3
[996611.259826] tee (340400): drop_caches: 3
[996616.130490] tee (340404): drop_caches: 3
[996621.024988] tee (340408): drop_caches: 3
[996626.069047] tee (340412): drop_caches: 3
[996631.415965] tee (340418): drop_caches: 3
[996636.388618] tee (340422): drop_caches: 3
[996641.619804] tee (340426): drop_caches: 3
[996646.642476] tee (340430): drop_caches: 3
[996651.684145] tee (340434): drop_caches: 3
[996656.688444] tee (340446): drop_caches: 3
[996661.991344] tee (340451): drop_caches: 3
[996666.999432] tee (340457): drop_caches: 3
[996672.205158] tee (340461): drop_caches: 3
[996677.262377] tee (340465): drop_caches: 3
[996682.481150] tee (340469): drop_caches: 3
[996687.564420] tee (340473): drop_caches: 3
[996692.647743] tee (340477): drop_caches: 3
[996697.778813] tee (340481): drop_caches: 3
[996702.947433] tee (340485): drop_caches: 3
[996707.887258] tee (340489): drop_caches: 3
[996713.105204] tee (340493): drop_caches: 3
[996718.966118] tee (340497): drop_caches: 3
[996723.912659] tee (340508): drop_caches: 3
[996729.128468] tee (340512): drop_caches: 3
[996734.119400] tee (340518): drop_caches: 3
[996739.044162] tee (340522): drop_caches: 3
[996743.955296] tee (340526): drop_caches: 3
[996749.170131] tee (340530): drop_caches: 3
[996754.054104] tee (340541): drop_caches: 3
[996758.915365] tee (340545): drop_caches: 3
[996764.021368] tee (340549): drop_caches: 3
[996767.989387] iCAT_FILEBENCH_MEASURE_END run=20260923-083304-339898
[996769.056348] EXT4-fs (nvme0n1): unmounting filesystem d5d7cc26-e396-4478-96e4-dc52fc172110.
[996769.388897] pci_bus 0001:10: busn_res: [bus 10-ff] is released
[996769.388941] NVMeVirt: WATGC_V2 summary ns=0 part=0 epoch=1 windows=0 epoch_windows=0 discarded=0 visited=0 covered=0 settled=0 phase=0 current=37 best=37 k=7 scale_pct=100 age_ratio=7 best_waf_valid=0 best_waf_q16=0
[996769.388945] NVMeVirt: WATGC_V2 summary ns=0 part=1 epoch=1 windows=0 epoch_windows=0 discarded=0 visited=0 covered=0 settled=0 phase=0 current=37 best=37 k=7 scale_pct=100 age_ratio=7 best_waf_valid=0 best_waf_q16=0
[996769.388948] NVMeVirt: WATGC_V2 summary ns=0 part=2 epoch=1 windows=0 epoch_windows=0 discarded=0 visited=0 covered=0 settled=0 phase=0 current=37 best=37 k=7 scale_pct=100 age_ratio=7 best_waf_valid=0 best_waf_q16=0
[996769.388951] NVMeVirt: WATGC_V2 summary ns=0 part=3 epoch=1 windows=0 epoch_windows=0 discarded=0 visited=0 covered=0 settled=0 phase=0 current=37 best=37 k=7 scale_pct=100 age_ratio=7 best_waf_valid=0 best_waf_q16=0
[996769.388953] NVMeVirt: GC stats: ns=0 policy=watgc-v2 host_pages=0 gc_pages=0 gc_count=0 WAF=N/A warmup_gc=100-per-part
[996769.460214] NVMeVirt: Virtual NVMe device closed
[996769.480066] iCAT_FILEBENCH_END module=gh-online workload=videoserver run=20260923-083304-339898
[996781.202559] mix-main-greedy-340703 BEGIN
[996781.244022] NVMeVirt: Version 1.10 for >> Samsung 970 Pro SSD <<
[996781.244028] NVMeVirt: Storage: 0x100100000-0x300000000 (8191 MiB)
[996781.255029] NVMeVirt: Total Capacity(GiB,MiB)=2,2048 chs=2 luns=4 lines=8192 blk-size(MiB,KiB)=0,64 line-size(MiB,KiB)=0,256
[996781.266628] NVMeVirt: [chmodel_init] bandwidth 800 max_credits 26 tx_time 152
[996781.277459] NVMeVirt: [chmodel_init] bandwidth 800 max_credits 26 tx_time 152
[996781.277474] NVMeVirt: [chmodel_init] bandwidth 3360 max_credits 110 tx_time 36
[996781.277476] NVMeVirt: Fixed CAT init ns=0 part=0 arm=37 k=7 scale_pct=100 age_ratio=7
[996781.278417] NVMeVirt: pqueue: Copyright (c) 2014, Volkan Yazıcı <volkan.yazici@gmail.com>. All rights reserved.
[996781.278455] NVMeVirt: Init FTL instance with 2 channels (524288 pages)
[996781.278457] NVMeVirt: GC victim policy: greedy ns=0 part=0 initial_k=7 initial_scale_pct=100 initial_age_ratio=7 warmup_gc=100
[996781.288885] NVMeVirt: [chmodel_init] bandwidth 800 max_credits 26 tx_time 152
[996781.299083] NVMeVirt: [chmodel_init] bandwidth 800 max_credits 26 tx_time 152
[996781.299096] NVMeVirt: [chmodel_init] bandwidth 3360 max_credits 110 tx_time 36
[996781.299098] NVMeVirt: Fixed CAT init ns=0 part=1 arm=37 k=7 scale_pct=100 age_ratio=7
[996781.300027] NVMeVirt: Init FTL instance with 2 channels (524288 pages)
[996781.300031] NVMeVirt: GC victim policy: greedy ns=0 part=1 initial_k=7 initial_scale_pct=100 initial_age_ratio=7 warmup_gc=100
[996781.310251] NVMeVirt: [chmodel_init] bandwidth 800 max_credits 26 tx_time 152
[996781.320207] NVMeVirt: [chmodel_init] bandwidth 800 max_credits 26 tx_time 152
[996781.320221] NVMeVirt: [chmodel_init] bandwidth 3360 max_credits 110 tx_time 36
[996781.320223] NVMeVirt: Fixed CAT init ns=0 part=2 arm=37 k=7 scale_pct=100 age_ratio=7
[996781.321207] NVMeVirt: Init FTL instance with 2 channels (524288 pages)
[996781.321210] NVMeVirt: GC victim policy: greedy ns=0 part=2 initial_k=7 initial_scale_pct=100 initial_age_ratio=7 warmup_gc=100
[996781.331320] NVMeVirt: [chmodel_init] bandwidth 800 max_credits 26 tx_time 152
[996781.341168] NVMeVirt: [chmodel_init] bandwidth 800 max_credits 26 tx_time 152
[996781.341193] NVMeVirt: [chmodel_init] bandwidth 3360 max_credits 110 tx_time 36
[996781.341195] NVMeVirt: Fixed CAT init ns=0 part=3 arm=37 k=7 scale_pct=100 age_ratio=7
[996781.342188] NVMeVirt: Init FTL instance with 2 channels (524288 pages)
[996781.342191] NVMeVirt: GC victim policy: greedy ns=0 part=3 initial_k=7 initial_scale_pct=100 initial_age_ratio=7 warmup_gc=100
[996781.342197] NVMeVirt: FTL physical space: 8588886016, logical space: 8026996276 (physical/logical * 100 = 107)
[996781.342199] NVMeVirt: ns 0/1: size 7655 MiB
[996781.342249] PCI host bridge to bus 0001:10
[996781.342252] pci_bus 0001:10: root bus resource [io  0x0000-0xffff]
[996781.342255] pci_bus 0001:10: root bus resource [mem 0x00000000-0x7fffffffff]
[996781.342257] pci_bus 0001:10: root bus resource [bus 00-ff]
[996781.342265] pci 0001:10:00.0: [0c51:0110] type 00 class 0x010802 PCIe Endpoint
[996781.342269] pci 0001:10:00.0: BAR 0 [mem 0x100000000-0x100003fff 64bit]
[996781.342272] pci 0001:10:00.0: enabling Extended Tags
[996781.342392] NVMeVirt: Virtual PCI bus created (node 0)
[996781.342649] NVMeVirt: nvmev_io_worker_0 started on cpu 2 (node 0)
[996781.342746] NVMeVirt: nvmev_dispatcher started on cpu 1 (node 0)
[996781.342774] NVMeVirt: Virtual NVMe device created
[996781.342941] nvme nvme0: pci function 0001:10:00.0
[996781.347273] nvme nvme0: 8/0/0 default/read/poll queues
[996781.680979] EXT4-fs (nvme0n1): mounted filesystem 226d7f48-b669-476f-8a63-5f5be557742a r/w with ordered data mode. Quota mode: none.
[996863.818378] NVMeVirt: Fixed CAT init ns=0 part=0 arm=37 k=7 scale_pct=100 age_ratio=7
[996863.818394] NVMeVirt: Fixed CAT init ns=0 part=1 arm=37 k=7 scale_pct=100 age_ratio=7
[996863.818397] NVMeVirt: Fixed CAT init ns=0 part=2 arm=37 k=7 scale_pct=100 age_ratio=7
[996863.818399] NVMeVirt: Fixed CAT init ns=0 part=3 arm=37 k=7 scale_pct=100 age_ratio=7
[996863.818401] NVMeVirt: Measurement: command=start epoch=1 host_bytes=0 learner_active=1
[996863.827060] mix-main-greedy-340703 phase=A START
[997464.156113] mix-main-greedy-340703 phase=A END
[997464.524492] mix-main-greedy-340703 phase=B START
[997464.535535] mix-main-greedy-340703 phase=B LOAD
[997661.322167] mix-main-greedy-340703 phase=B RUN
[997665.989837] tee (341644): drop_caches: 3
[997672.066877] tee (341649): drop_caches: 3
[997677.698222] tee (341662): drop_caches: 3
[997683.160224] tee (341681): drop_caches: 3
[997688.515740] tee (341687): drop_caches: 3
[997693.823522] tee (341691): drop_caches: 3
[997699.093269] tee (341695): drop_caches: 3
[997704.261887] tee (341699): drop_caches: 3
[997709.463218] tee (341708): drop_caches: 3
[997714.714613] tee (341727): drop_caches: 3
[997720.050196] tee (341732): drop_caches: 3
[997725.774224] tee (341736): drop_caches: 3
[997730.864708] tee (341740): drop_caches: 3
[997736.103266] tee (341744): drop_caches: 3
[997741.422126] tee (341748): drop_caches: 3
[997746.098299] tee (341761): drop_caches: 3
[997751.527262] tee (341766): drop_caches: 3
[997757.107491] tee (341770): drop_caches: 3
[997762.566867] tee (341774): drop_caches: 3
[997767.807146] tee (341778): drop_caches: 3
[997776.279677] tee (341830): drop_caches: 3
[997780.906634] tee (341850): drop_caches: 3
[997786.701000] tee (341858): drop_caches: 3
[997791.941272] tee (341865): drop_caches: 3
[997793.869811] mix-main-greedy-340703 phase=B END
[997794.294114] NVMeVirt: Measurement: command=stop epoch=1 host_bytes=150660931584 learner_active=0
[997794.716800] EXT4-fs (nvme0n1): unmounting filesystem 226d7f48-b669-476f-8a63-5f5be557742a.
[997795.136481] pci_bus 0001:10: busn_res: [bus 10-ff] is released
[997795.136526] NVMeVirt: GC stats: ns=0 policy=greedy host_pages=36782454 gc_pages=63836268 gc_count=1572167 WAF=2.735 warmup_gc=100-per-part
[997795.208324] NVMeVirt: Virtual NVMe device closed
[997800.419793] mix-main-fixed10-341955 BEGIN
[997800.452975] NVMeVirt: Version 1.10 for >> Samsung 970 Pro SSD <<
[997800.452982] NVMeVirt: Storage: 0x100100000-0x300000000 (8191 MiB)
[997800.464050] NVMeVirt: Total Capacity(GiB,MiB)=2,2048 chs=2 luns=4 lines=8192 blk-size(MiB,KiB)=0,64 line-size(MiB,KiB)=0,256
[997800.475895] NVMeVirt: [chmodel_init] bandwidth 800 max_credits 26 tx_time 152
[997800.486843] NVMeVirt: [chmodel_init] bandwidth 800 max_credits 26 tx_time 152
[997800.486857] NVMeVirt: [chmodel_init] bandwidth 3360 max_credits 110 tx_time 36
[997800.486859] NVMeVirt: Fixed CAT init ns=0 part=0 arm=10 k=2 scale_pct=200 age_ratio=7
[997800.488144] NVMeVirt: pqueue: Copyright (c) 2014, Volkan Yazıcı <volkan.yazici@gmail.com>. All rights reserved.
[997800.488182] NVMeVirt: Init FTL instance with 2 channels (524288 pages)
[997800.488184] NVMeVirt: GC victim policy: cat-fig7-fixed ns=0 part=0 initial_k=2 initial_scale_pct=200 initial_age_ratio=7 warmup_gc=100
[997800.498440] NVMeVirt: [chmodel_init] bandwidth 800 max_credits 26 tx_time 152
[997800.508528] NVMeVirt: [chmodel_init] bandwidth 800 max_credits 26 tx_time 152
[997800.508541] NVMeVirt: [chmodel_init] bandwidth 3360 max_credits 110 tx_time 36
[997800.508543] NVMeVirt: Fixed CAT init ns=0 part=1 arm=10 k=2 scale_pct=200 age_ratio=7
[997800.509828] NVMeVirt: Init FTL instance with 2 channels (524288 pages)
[997800.509830] NVMeVirt: GC victim policy: cat-fig7-fixed ns=0 part=1 initial_k=2 initial_scale_pct=200 initial_age_ratio=7 warmup_gc=100
[997800.519905] NVMeVirt: [chmodel_init] bandwidth 800 max_credits 26 tx_time 152
[997800.530018] NVMeVirt: [chmodel_init] bandwidth 800 max_credits 26 tx_time 152
[997800.530032] NVMeVirt: [chmodel_init] bandwidth 3360 max_credits 110 tx_time 36
[997800.530034] NVMeVirt: Fixed CAT init ns=0 part=2 arm=10 k=2 scale_pct=200 age_ratio=7
[997800.531312] NVMeVirt: Init FTL instance with 2 channels (524288 pages)
[997800.531315] NVMeVirt: GC victim policy: cat-fig7-fixed ns=0 part=2 initial_k=2 initial_scale_pct=200 initial_age_ratio=7 warmup_gc=100
[997800.541239] NVMeVirt: [chmodel_init] bandwidth 800 max_credits 26 tx_time 152
[997800.551237] NVMeVirt: [chmodel_init] bandwidth 800 max_credits 26 tx_time 152
[997800.551250] NVMeVirt: [chmodel_init] bandwidth 3360 max_credits 110 tx_time 36
[997800.551252] NVMeVirt: Fixed CAT init ns=0 part=3 arm=10 k=2 scale_pct=200 age_ratio=7
[997800.552545] NVMeVirt: Init FTL instance with 2 channels (524288 pages)
[997800.552548] NVMeVirt: GC victim policy: cat-fig7-fixed ns=0 part=3 initial_k=2 initial_scale_pct=200 initial_age_ratio=7 warmup_gc=100
[997800.552553] NVMeVirt: FTL physical space: 8588886016, logical space: 8026996276 (physical/logical * 100 = 107)
[997800.552555] NVMeVirt: ns 0/1: size 7655 MiB
[997800.552605] PCI host bridge to bus 0001:10
[997800.552608] pci_bus 0001:10: root bus resource [io  0x0000-0xffff]
[997800.552610] pci_bus 0001:10: root bus resource [mem 0x00000000-0x7fffffffff]
[997800.552612] pci_bus 0001:10: root bus resource [bus 00-ff]
[997800.552634] pci 0001:10:00.0: [0c51:0110] type 00 class 0x010802 PCIe Endpoint
[997800.552638] pci 0001:10:00.0: BAR 0 [mem 0x100000000-0x100003fff 64bit]
[997800.552640] pci 0001:10:00.0: enabling Extended Tags
[997800.552762] NVMeVirt: Virtual PCI bus created (node 0)
[997800.553021] NVMeVirt: nvmev_io_worker_0 started on cpu 2 (node 0)
[997800.553139] NVMeVirt: nvmev_dispatcher started on cpu 1 (node 0)
[997800.553154] NVMeVirt: Virtual NVMe device created
[997800.555485] nvme nvme0: pci function 0001:10:00.0
[997800.558147] nvme nvme0: 8/0/0 default/read/poll queues
[997801.015132] EXT4-fs (nvme0n1): mounted filesystem 4d5e630f-df7a-46b6-8eea-0c06e6a0d851 r/w with ordered data mode. Quota mode: none.
[997883.193653] NVMeVirt: Fixed CAT init ns=0 part=0 arm=10 k=2 scale_pct=200 age_ratio=7
[997883.193660] NVMeVirt: Fixed CAT init ns=0 part=1 arm=10 k=2 scale_pct=200 age_ratio=7
[997883.193663] NVMeVirt: Fixed CAT init ns=0 part=2 arm=10 k=2 scale_pct=200 age_ratio=7
[997883.193665] NVMeVirt: Fixed CAT init ns=0 part=3 arm=10 k=2 scale_pct=200 age_ratio=7
[997883.193667] NVMeVirt: Measurement: command=start epoch=1 host_bytes=0 learner_active=1
[997883.202132] mix-main-fixed10-341955 phase=A START
[998483.506323] mix-main-fixed10-341955 phase=A END
[998483.841817] mix-main-fixed10-341955 phase=B START
[998483.853210] mix-main-fixed10-341955 phase=B LOAD
[998696.663945] mix-main-fixed10-341955 phase=B RUN
[998701.311781] tee (343093): drop_caches: 3
[998706.368568] tee (343107): drop_caches: 3
[998711.597893] tee (343112): drop_caches: 3
[998716.838978] tee (343123): drop_caches: 3
[998722.138752] tee (343127): drop_caches: 3
[998727.292542] tee (343132): drop_caches: 3
[998732.638883] tee (343141): drop_caches: 3
[998737.204444] tee (343148): drop_caches: 3
[998742.359208] tee (343152): drop_caches: 3
[998747.492062] tee (343156): drop_caches: 3
[998752.619328] tee (343160): drop_caches: 3
[998757.710181] tee (343164): drop_caches: 3
[998763.237151] tee (343173): drop_caches: 3
[998767.845817] tee (343180): drop_caches: 3
[998773.183524] tee (343184): drop_caches: 3
[998778.385856] tee (343195): drop_caches: 3
[998783.620324] tee (343199): drop_caches: 3
[998788.948022] tee (343203): drop_caches: 3
[998794.628121] tee (343212): drop_caches: 3
[998799.170423] tee (343219): drop_caches: 3
[998804.607012] tee (343223): drop_caches: 3
[998810.225810] tee (343234): drop_caches: 3
[998815.495295] tee (343238): drop_caches: 3
[998820.660438] tee (343242): drop_caches: 3
[998825.929312] tee (343256): drop_caches: 3
[998827.586693] mix-main-fixed10-341955 phase=B END
[998828.018006] NVMeVirt: Measurement: command=stop epoch=1 host_bytes=150747840512 learner_active=0
[998828.324836] EXT4-fs (nvme0n1): unmounting filesystem 4d5e630f-df7a-46b6-8eea-0c06e6a0d851.
[998828.739951] pci_bus 0001:10: busn_res: [bus 10-ff] is released
[998828.739995] NVMeVirt: GC stats: ns=0 policy=cat-fig7-fixed host_pages=36803672 gc_pages=63625238 gc_count=1569201 WAF=2.728 warmup_gc=100-per-part
[998828.811159] NVMeVirt: Virtual NVMe device closed
[998833.828301] mix-main-fixed37-343349 BEGIN
[998833.861668] NVMeVirt: Version 1.10 for >> Samsung 970 Pro SSD <<
[998833.861675] NVMeVirt: Storage: 0x100100000-0x300000000 (8191 MiB)
[998833.872773] NVMeVirt: Total Capacity(GiB,MiB)=2,2048 chs=2 luns=4 lines=8192 blk-size(MiB,KiB)=0,64 line-size(MiB,KiB)=0,256
[998833.884548] NVMeVirt: [chmodel_init] bandwidth 800 max_credits 26 tx_time 152
[998833.895195] NVMeVirt: [chmodel_init] bandwidth 800 max_credits 26 tx_time 152
[998833.895209] NVMeVirt: [chmodel_init] bandwidth 3360 max_credits 110 tx_time 36
[998833.895212] NVMeVirt: Fixed CAT init ns=0 part=0 arm=37 k=7 scale_pct=100 age_ratio=7
[998833.896522] NVMeVirt: pqueue: Copyright (c) 2014, Volkan Yazıcı <volkan.yazici@gmail.com>. All rights reserved.
[998833.896561] NVMeVirt: Init FTL instance with 2 channels (524288 pages)
[998833.896563] NVMeVirt: GC victim policy: cat-fig7-fixed ns=0 part=0 initial_k=7 initial_scale_pct=100 initial_age_ratio=7 warmup_gc=100
[998833.906697] NVMeVirt: [chmodel_init] bandwidth 800 max_credits 26 tx_time 152
[998833.916723] NVMeVirt: [chmodel_init] bandwidth 800 max_credits 26 tx_time 152
[998833.916737] NVMeVirt: [chmodel_init] bandwidth 3360 max_credits 110 tx_time 36
[998833.916739] NVMeVirt: Fixed CAT init ns=0 part=1 arm=37 k=7 scale_pct=100 age_ratio=7
[998833.918027] NVMeVirt: Init FTL instance with 2 channels (524288 pages)
[998833.918029] NVMeVirt: GC victim policy: cat-fig7-fixed ns=0 part=1 initial_k=7 initial_scale_pct=100 initial_age_ratio=7 warmup_gc=100
[998833.928156] NVMeVirt: [chmodel_init] bandwidth 800 max_credits 26 tx_time 152
[998833.938032] NVMeVirt: [chmodel_init] bandwidth 800 max_credits 26 tx_time 152
[998833.938045] NVMeVirt: [chmodel_init] bandwidth 3360 max_credits 110 tx_time 36
[998833.938047] NVMeVirt: Fixed CAT init ns=0 part=2 arm=37 k=7 scale_pct=100 age_ratio=7
[998833.939274] NVMeVirt: Init FTL instance with 2 channels (524288 pages)
[998833.939277] NVMeVirt: GC victim policy: cat-fig7-fixed ns=0 part=2 initial_k=7 initial_scale_pct=100 initial_age_ratio=7 warmup_gc=100
[998833.949270] NVMeVirt: [chmodel_init] bandwidth 800 max_credits 26 tx_time 152
[998833.959269] NVMeVirt: [chmodel_init] bandwidth 800 max_credits 26 tx_time 152
[998833.959282] NVMeVirt: [chmodel_init] bandwidth 3360 max_credits 110 tx_time 36
[998833.959285] NVMeVirt: Fixed CAT init ns=0 part=3 arm=37 k=7 scale_pct=100 age_ratio=7
[998833.960593] NVMeVirt: Init FTL instance with 2 channels (524288 pages)
[998833.960596] NVMeVirt: GC victim policy: cat-fig7-fixed ns=0 part=3 initial_k=7 initial_scale_pct=100 initial_age_ratio=7 warmup_gc=100
[998833.960602] NVMeVirt: FTL physical space: 8588886016, logical space: 8026996276 (physical/logical * 100 = 107)
[998833.960604] NVMeVirt: ns 0/1: size 7655 MiB
[998833.960653] PCI host bridge to bus 0001:10
[998833.960655] pci_bus 0001:10: root bus resource [io  0x0000-0xffff]
[998833.960657] pci_bus 0001:10: root bus resource [mem 0x00000000-0x7fffffffff]
[998833.960660] pci_bus 0001:10: root bus resource [bus 00-ff]
[998833.960681] pci 0001:10:00.0: [0c51:0110] type 00 class 0x010802 PCIe Endpoint
[998833.960685] pci 0001:10:00.0: BAR 0 [mem 0x100000000-0x100003fff 64bit]
[998833.960688] pci 0001:10:00.0: enabling Extended Tags
[998833.960822] NVMeVirt: Virtual PCI bus created (node 0)
[998833.961227] NVMeVirt: nvmev_io_worker_0 started on cpu 2 (node 0)
[998833.961368] NVMeVirt: Virtual NVMe device created
[998833.961404] NVMeVirt: nvmev_dispatcher started on cpu 1 (node 0)
[998833.963383] nvme nvme0: pci function 0001:10:00.0
[998833.967704] nvme nvme0: 8/0/0 default/read/poll queues
[998834.598420] EXT4-fs (nvme0n1): mounted filesystem 8f8e1702-99af-48bf-a4c5-fca7beb95069 r/w with ordered data mode. Quota mode: none.
[998916.743952] NVMeVirt: Fixed CAT init ns=0 part=0 arm=37 k=7 scale_pct=100 age_ratio=7
[998916.743959] NVMeVirt: Fixed CAT init ns=0 part=1 arm=37 k=7 scale_pct=100 age_ratio=7
[998916.743962] NVMeVirt: Fixed CAT init ns=0 part=2 arm=37 k=7 scale_pct=100 age_ratio=7
[998916.743964] NVMeVirt: Fixed CAT init ns=0 part=3 arm=37 k=7 scale_pct=100 age_ratio=7
[998916.743967] NVMeVirt: Measurement: command=start epoch=1 host_bytes=0 learner_active=1
[998916.752503] mix-main-fixed37-343349 phase=A START
[999517.062502] mix-main-fixed37-343349 phase=A END
[999517.537261] mix-main-fixed37-343349 phase=B START
[999517.548052] mix-main-fixed37-343349 phase=B LOAD
[999741.014139] mix-main-fixed37-343349 phase=B RUN
[999745.649427] tee (344300): drop_caches: 3
[999751.140213] tee (344304): drop_caches: 3
[999756.384220] tee (344316): drop_caches: 3
[999761.389120] tee (344320): drop_caches: 3
[999765.723707] tee (344332): drop_caches: 3
[999770.803939] tee (344336): drop_caches: 3
[999776.047082] tee (344340): drop_caches: 3
[999781.157087] tee (344346): drop_caches: 3
[999786.456428] tee (344359): drop_caches: 3
[999791.653999] tee (344363): drop_caches: 3
[999796.474637] tee (344375): drop_caches: 3
[999802.232585] tee (344381): drop_caches: 3
[999807.619151] tee (344385): drop_caches: 3
[999813.222266] tee (344395): drop_caches: 3
[999818.546558] tee (344406): drop_caches: 3
[999823.664226] tee (344410): drop_caches: 3
[999828.314881] tee (344421): drop_caches: 3
[999833.837775] tee (344427): drop_caches: 3
[999839.060775] tee (344431): drop_caches: 3
[999844.289152] tee (344442): drop_caches: 3
[999849.649601] tee (344446): drop_caches: 3
[999854.894728] tee (344450): drop_caches: 3
[999860.281927] tee (344461): drop_caches: 3
[999865.793172] tee (344469): drop_caches: 3
[999867.569998] mix-main-fixed37-343349 phase=B END
[999867.952747] NVMeVirt: Measurement: command=stop epoch=1 host_bytes=150794493952 learner_active=0
[999868.265705] EXT4-fs (nvme0n1): unmounting filesystem 8f8e1702-99af-48bf-a4c5-fca7beb95069.
[999868.623783] pci_bus 0001:10: busn_res: [bus 10-ff] is released
[999868.623826] NVMeVirt: GC stats: ns=0 policy=cat-fig7-fixed host_pages=36815062 gc_pages=48887482 gc_count=1339101 WAF=2.327 warmup_gc=100-per-part
[999868.695136] NVMeVirt: Virtual NVMe device closed
