[114906.809533] [  67119]  1000 67119   117639      350       72       22       256    73728      107           200 filebench
[114906.809538] [  67121]  1000 67121   117639      371       72       43       256    77824      107           200 filebench
[114906.809544] [  67122]  1000 67122   117639      330       72        2       256    77824      107           200 filebench
[114906.809549] [  67125]  1000 67125   117639      330       72        2       256    73728      107           200 filebench
[114906.809554] [  67126]  1000 67126   117639      368       72       40       256    77824      107           200 filebench
[114906.809560] [  67127]  1000 67127   117639      331       72        3       256    73728      107           200 filebench
[114906.809565] [  67131]  1000 67131   117639      330       72        2       256    77824      107           200 filebench
[114906.809571] [  67133]  1000 67133   117639      364       76       32       256    73728      103           200 filebench
[114906.809576] [  67135]  1000 67135   117639      387       99       32       256    77824       80           200 filebench
[114906.809582] [  67137]  1000 67137   117639      365       72       37       256    77824      107           200 filebench
[114906.809587] [  67139]  1000 67139   117639      331       72        3       256    73728      107           200 filebench
[114906.809593] [  67141]  1000 67141   117639      371       72       43       256    73728      107           200 filebench
[114906.809598] [  67142]  1000 67142   117639      330       72        2       256    77824      107           200 filebench
[114906.809604] [  67144]  1000 67144   117639      360       72       32       256    77824      107           200 filebench
[114906.809609] [  67148]  1000 67148   117639      356       72       28       256    73728      107           200 filebench
[114906.809615] [  67150]  1000 67150   117639      364       72       36       256    73728      107           200 filebench
[114906.809620] [  67151]  1000 67151   117639      360       72       32       256    73728      107           200 filebench
[114906.809626] [  67153]  1000 67153   117639      330       72        2       256    77824      107           200 filebench
[114906.809632] [  67155]  1000 67155   117639      371       72       43       256    77824      107           200 filebench
[114906.809638] [  67157]  1000 67157   117639      351       72       23       256    77824      107           200 filebench
[114906.809643] [  67160]  1000 67160   117639      331       72        3       256    73728      107           200 filebench
[114906.809649] [  67162]  1000 67162   117639      330       72        2       256    73728      107           200 filebench
[114906.809654] [  67163]  1000 67163   117639      367       72       39       256    77824      107           200 filebench
[114906.809660] [  67165]  1000 67165   117639      358       72       30       256    73728      107           200 filebench
[114906.809665] [  67167]  1000 67167   117639      330       72        2       256    77824      107           200 filebench
[114906.809671] [  67168]  1000 67168   117639      331       72        3       256    73728      107           200 filebench
[114906.809676] [  67171]  1000 67171   117639      330       72        2       256    77824      107           200 filebench
[114906.809681] [  67173]  1000 67173   117639      335       72        7       256    73728      107           200 filebench
[114906.809687] [  67174]  1000 67174   117639      331       72        3       256    77824      107           200 filebench
[114906.809693] [  67177]  1000 67177   117639      330       72        2       256    77824      107           200 filebench
[114906.809698] [  67179]  1000 67179   117639      351       72       23       256    73728      107           200 filebench
[114906.809704] [  67181]  1000 67181   117639      358       72       30       256    73728      107           200 filebench
[114906.809710] [  67183]  1000 67183   117639      358       72       30       256    77824      107           200 filebench
[114906.809716] [  67184]  1000 67184   117639      357       72       29       256    73728      107           200 filebench
[114906.809722] [  67187]  1000 67187   117639      330       72        2       256    77824      107           200 filebench
[114906.809728] [  67188]  1000 67188   117639      330       72        2       256    73728      107           200 filebench
[114906.809733] [  67191]  1000 67191   117639      346       72       18       256    77824      107           200 filebench
[114906.809738] [  67192]  1000 67192   117639      331       72        3       256    73728      107           200 filebench
[114906.809744] [  67194]  1000 67194   117639      363       72       35       256    73728      107           200 filebench
[114906.809749] [  67197]  1000 67197   117639      352       72       24       256    77824      107           200 filebench
[114906.809754] [  67198]  1000 67198   117639      352       72       24       256    77824      107           200 filebench
[114906.809760] [  67200]  1000 67200   117639      355       72       27       256    77824      107           200 filebench
[114906.809766] [  67202]  1000 67202   117639      356       72       28       256    73728      107           200 filebench
[114906.809771] [  67204]  1000 67204   117639      359       72       31       256    73728      107           200 filebench
[114906.809777] [  67206]  1000 67206   117639      361       72       33       256    77824      107           200 filebench
[114906.809782] [  67208]  1000 67208   117639      330       72        2       256    73728      107           200 filebench
[114906.809787] [  67211]  1000 67211   117639      346       72       18       256    73728      107           200 filebench
[114906.809793] [  67213]  1000 67213   117639      362       72       34       256    77824      107           200 filebench
[114906.809798] [  67214]  1000 67214   117639      330       72        2       256    77824      107           200 filebench
[114906.809803] [  67217]  1000 67217   117639      362       72       34       256    77824      107           200 filebench
[114906.809809] [  67218]  1000 67218   117639      358       72       30       256    73728      107           200 filebench
[114906.809814] [  67221]  1000 67221   117639      330       72        2       256    73728      107           200 filebench
[114906.809819] [  67223]  1000 67223   117639      330       72        2       256    73728      107           200 filebench
[114906.809825] [  67224]  1000 67224   117639      359       72       31       256    77824      107           200 filebench
[114906.809830] [  67229]  1000 67229   117639      331       72        3       256    77824      107           200 filebench
[114906.809836] [  67230]  1000 67230   117639      357       72       29       256    73728      107           200 filebench
[114906.809841] [  67232]  1000 67232   117639      330       72        2       256    77824      107           200 filebench
[114906.809847] [  67233]  1000 67233   117639      360       72       32       256    73728      107           200 filebench
[114906.809852] [  67235]  1000 67235   117639      330       72        2       256    73728      107           200 filebench
[114906.809858] [  67236]  1000 67236   117639      359       72       31       256    77824      107           200 filebench
[114906.809863] [  67239]  1000 67239   117639      330       72        2       256    77824      107           200 filebench
[114906.809869] [  67241]  1000 67241   117639      330       72        2       256    73728      107           200 filebench
[114906.809874] [  67245]  1000 67245   117639      360       72       32       256    77824      107           200 filebench
[114906.809879] [  67247]  1000 67247   117639      343       72       15       256    77824      107           200 filebench
[114906.809885] [  67248]  1000 67248   117639      331       72        3       256    73728      107           200 filebench
[114906.809890] [  67249]  1000 67249   117639      362       72       34       256    73728      107           200 filebench
[114906.809895] [  67250]  1000 67250   117639      330       72        2       256    77824      107           200 filebench
[114906.809901] [  67252]  1000 67252   117639      331       72        3       256    77824      107           200 filebench
[114906.809906] [  67254]  1000 67254   117639      362       72       34       256    73728      107           200 filebench
[114906.809912] [  67257]  1000 67257   117639      353       72       25       256    73728      107           200 filebench
[114906.809917] [  67258]  1000 67258   117639      330       72        2       256    77824      107           200 filebench
[114906.809923] [  67260]  1000 67260   117639      371       72       43       256    73728      107           200 filebench
[114906.809928] [  67262]  1000 67262   117639      357       72       29       256    73728      107           200 filebench
[114906.809933] [  67264]  1000 67264   117639      330       72        2       256    77824      107           200 filebench
[114906.809939] [  67266]  1000 67266   117639      365       72       37       256    73728      107           200 filebench
[114906.809944] [  67269]  1000 67269   117639      331       72        3       256    77824      107           200 filebench
[114906.809950] [  67270]  1000 67270   117639      331       72        3       256    73728      107           200 filebench
[114906.809956] [  67273]  1000 67273   117639      371       72       43       256    77824      107           200 filebench
[114906.809963] [  67275]  1000 67275   117639      362       72       34       256    73728      107           200 filebench
[114906.809969] [  67277]  1000 67277   117639      360       72       32       256    77824      107           200 filebench
[114906.809975] [  67278]  1000 67278   117639      357       72       29       256    73728      107           200 filebench
[114906.809982] [  67279]  1000 67279   117639      342       72       14       256    77824      107           200 filebench
[114906.809988] [  67281]  1000 67281   117639      364       72       36       256    77824      107           200 filebench
[114906.809994] [  67282]  1000 67282   117639      356       72       28       256    77824      107           200 filebench
[114906.810001] [  67287]  1000 67287   117639      330       72        2       256    73728      107           200 filebench
[114906.810007] [  67289]  1000 67289   117639      359       72       31       256    77824      107           200 filebench
[114906.810012] [  67291]  1000 67291   117639      362       72       34       256    73728      107           200 filebench
[114906.810018] [  67292]  1000 67292   117639      353       72       25       256    77824      107           200 filebench
[114906.810023] [  67293]  1000 67293   117639      358       72       30       256    73728      107           200 filebench
[114906.810029] [  67296]  1000 67296   117639      331       72        3       256    77824      107           200 filebench
[114906.810034] [  67299]  1000 67299   117639      357       72       29       256    73728      107           200 filebench
[114906.810040] [  67300]  1000 67300   117639      368       72       40       256    73728      107           200 filebench
[114906.810045] [  67302]  1000 67302   117639      330       72        2       256    77824      107           200 filebench
[114906.810050] [  67304]  1000 67304   117639      330       72        2       256    73728      107           200 filebench
[114906.810056] [  67307]  1000 67307   117639      364       72       36       256    77824      107           200 filebench
[114906.810061] [  67308]  1000 67308   117639      341       72       13       256    73728      107           200 filebench
[114906.810067] [  67311]  1000 67311   117639      358       72       30       256    73728      107           200 filebench
[114906.810072] [  67313]  1000 67313   117639      343       72       15       256    77824      107           200 filebench
[114906.810078] [  67315]  1000 67315   117639      330       72        2       256    77824      107           200 filebench
[114906.810083] [  67316]  1000 67316   117639      360       72       32       256    77824      107           200 filebench
[114906.810089] [  67318]  1000 67318   117639      330       72        2       256    73728      107           200 filebench
[114906.810095] [  67320]  1000 67320   117639      364       72       36       256    73728      107           200 filebench
[114906.810101] [  67322]  1000 67322   117639      340       72       12       256    77824      107           200 filebench
[114906.810106] [  67324]  1000 67324   117639      364       72       36       256    73728      107           200 filebench
[114906.810112] [  67327]  1000 67327   117639      330       72        2       256    77824      107           200 filebench
[114906.810118] [  67329]  1000 67329   117639      347       72       19       256    73728      107           200 filebench
[114906.810124] [  67331]  1000 67331   117639      330       72        2       256    77824      107           200 filebench
[114906.810130] [  67332]  1000 67332   117639      356       72       28       256    73728      107           200 filebench
[114906.810136] [  67335]  1000 67335   117639      331       72        3       256    77824      107           200 filebench
[114906.810141] [  67336]  1000 67336  1108891   547586   547322        8       256  6164480   200733           200 filebench
[114906.810146] [  67339]  1000 67339  1115054   547605   547339       10       256  6197248   200714           200 filebench
[114906.810152] [  67341]  1000 67341  1108907   547590   547331        3       256  6164480   200734           200 filebench
[114906.810157] [  67343]  1000 67343  1100759   547603   547318       29       256  6201344   200719           200 filebench
[114906.810162] [  67344]  1000 67344  1119128   547677   547415        6       256  6184960   200706           200 filebench
[114906.810168] [  67346]  1000 67346  1137577   547690   547422       12       256  6209536   200742           200 filebench
[114906.810173] [  67349]  1000 67349  1113053   547699   547437        6       256  6205440   200611           200 filebench
[114906.810178] [  67350]  1000 67350  1108899   547653   547382       15       256  6168576   200767           200 filebench
[114906.810188] [  67353]  1000 67353  1141659   547710   547452        2       256  6217728   200772           200 filebench
[114906.810193] [  67355]  1000 67355  1094548   547670   547410        4       256  6172672   200761           200 filebench
[114906.810199] [  67356]  1000 67356   117647     1987     1793        2       192    90112      727           200 filebench
[114906.810204] [ 168266]     0 168266    12183      540      538        2         0   118784        0             0 cupsd
[114906.810210] [ 168268]   115 168268    85562     1006     1004        2         0   163840        0             0 cups-browsed
[114906.810215] [ 168414]     7 168414     4213      231      229        2         0    81920        0             0 dbus
[114906.810220] [ 168415]     7 168415     4213      234      232        2         0    77824        0             0 dbus
[114906.810225] [ 186317]  1000 186317     8191     1282     1280        2         0    81920      290           200 python3
[114906.810231] [ 398563]  1000 398563    79933      145      143        2         0   110592        0           200 xfconfd
[114906.810237] [ 415853]  1000 415853     4675       31       30        1         0    57344        0           200 sleep
[114906.810242] [ 416843]  1000 416843     4675       32       31        1         0    61440        0           200 sleep
[114906.810246] oom-kill:constraint=CONSTRAINT_NONE,nodemask=(null),cpuset=/,mems_allowed=0,global_oom,task_memcg=/user.slice/user-1000.slice/user@1000.service/app.slice/icat-mixO-arm37-tenhour-20261002.service,task=filebench,pid=67353,uid=1000
[114906.810283] Out of memory: Killed process 67353 (filebench) total-vm:4566636kB, anon-rss:2189808kB, file-rss:8kB, shmem-rss:1024kB, UID:1000 pgtables:6072kB oom_score_adj:200
[114908.995548] NVMeVirt: Measurement: command=stop epoch=1 host_bytes=678931316736 learner_active=0
[114909.089146] systemd-journald[376]: Under memory pressure, flushing caches.
[114909.227628] oom_reaper: reaped process 67353 (filebench), now anon-rss:0kB, file-rss:0kB, shmem-rss:0kB
[114909.325153] Aborting journal on device nvme1n1-8.
[114909.325164] Buffer I/O error on dev nvme1n1, logical block 557056, lost sync page write
[114909.325169] JBD2: I/O error when updating journal superblock for nvme1n1-8.
[114909.325252] EXT4-fs (nvme1n1): shut down requested (2)
[114909.570627] pci_bus 0001:10: busn_res: [bus 10-ff] is released
[114909.574881] NVMeVirt: GC stats: ns=0 policy=cat-fig7-fixed host_pages=165754716 gc_pages=55121251 gc_count=3451187 WAF=1.332 warmup_gc=100-per-part
[114909.576122] EXT4-fs warning (device nvme1n1): htree_dirblock_to_tree:1051: inode #2: lblock 0: comm gvfs-udisks2-vo: error -5 reading directory block
[114909.576150] EXT4-fs warning (device nvme1n1): htree_dirblock_to_tree:1051: inode #2: lblock 0: comm gvfs-udisks2-vo: error -5 reading directory block
[114909.576171] EXT4-fs warning (device nvme1n1): htree_dirblock_to_tree:1051: inode #2: lblock 0: comm gvfs-udisks2-vo: error -5 reading directory block
[114909.576246] EXT4-fs warning (device nvme1n1): htree_dirblock_to_tree:1051: inode #2: lblock 0: comm gvfs-udisks2-vo: error -5 reading directory block
[114909.576262] EXT4-fs warning (device nvme1n1): htree_dirblock_to_tree:1051: inode #2: lblock 0: comm gvfs-udisks2-vo: error -5 reading directory block
[114909.576276] EXT4-fs warning (device nvme1n1): htree_dirblock_to_tree:1051: inode #2: lblock 0: comm gvfs-udisks2-vo: error -5 reading directory block
[114909.576289] EXT4-fs warning (device nvme1n1): htree_dirblock_to_tree:1051: inode #2: lblock 0: comm gvfs-udisks2-vo: error -5 reading directory block
[114909.576302] EXT4-fs warning (device nvme1n1): htree_dirblock_to_tree:1051: inode #2: lblock 0: comm gvfs-udisks2-vo: error -5 reading directory block
[114909.576316] EXT4-fs warning (device nvme1n1): htree_dirblock_to_tree:1051: inode #2: lblock 0: comm gvfs-udisks2-vo: error -5 reading directory block
[114909.576329] EXT4-fs warning (device nvme1n1): htree_dirblock_to_tree:1051: inode #2: lblock 0: comm gvfs-udisks2-vo: error -5 reading directory block
[114909.713074] NVMeVirt: Virtual NVMe device closed
[123136.562686] audit: type=1400 audit(1790964039.987:366): apparmor="DENIED" operation="open" class="file" profile="snap.firmware-updater.firmware-notifier" name="/proc/sys/vm/max_map_count" pid=420610 comm="firmware-notifi" requested_mask="r" denied_mask="r" fsuid=1000 ouid=0
[133934.901889] audit: type=1400 audit(1790974838.617:367): apparmor="DENIED" operation="open" class="file" profile="snap.firmware-updater.firmware-notifier" name="/proc/sys/vm/max_map_count" pid=421958 comm="firmware-notifi" requested_mask="r" denied_mask="r" fsuid=1000 ouid=0
[144734.615528] audit: type=1400 audit(1790985638.623:368): apparmor="DENIED" operation="open" class="file" profile="snap.firmware-updater.firmware-notifier" name="/proc/sys/vm/max_map_count" pid=423686 comm="firmware-notifi" requested_mask="r" denied_mask="r" fsuid=1000 ouid=0
[151001.112729] EXT4-fs (nvme1n1): unmounting filesystem 9c624040-f233-4219-8c05-4d5ccf031b6c.
[151318.048770] mix-mixO-fixed37-425247 BEGIN
[151318.068147] NVMeVirt: Version 1.10 for >> Samsung 970 Pro SSD <<
[151318.068158] NVMeVirt: Storage: 0x100100000-0x300000000 (8191 MiB)
[151318.088265] NVMeVirt: Total Capacity(GiB,MiB)=2,2048 chs=2 luns=4 lines=8192 blk-size(MiB,KiB)=0,64 line-size(MiB,KiB)=0,256
[151318.103846] NVMeVirt: [chmodel_init] bandwidth 800 max_credits 26 tx_time 152
[151318.120412] NVMeVirt: [chmodel_init] bandwidth 800 max_credits 26 tx_time 152
[151318.120431] NVMeVirt: [chmodel_init] bandwidth 3360 max_credits 110 tx_time 36
[151318.120435] NVMeVirt: Fixed CAT init ns=0 part=0 arm=37 k=7 scale_pct=100 age_ratio=7
[151318.121855] NVMeVirt: pqueue: Copyright (c) 2014, Volkan Yazıcı <volkan.yazici@gmail.com>. All rights reserved.
[151318.121886] NVMeVirt: Init FTL instance with 2 channels (524288 pages)
[151318.121888] NVMeVirt: GC victim policy: cat-fig7-fixed ns=0 part=0 initial_k=7 initial_scale_pct=100 initial_age_ratio=7 warmup_gc=100
[151318.136630] NVMeVirt: [chmodel_init] bandwidth 800 max_credits 26 tx_time 152
[151318.153892] NVMeVirt: [chmodel_init] bandwidth 800 max_credits 26 tx_time 152
[151318.153911] NVMeVirt: [chmodel_init] bandwidth 3360 max_credits 110 tx_time 36
[151318.153914] NVMeVirt: Fixed CAT init ns=0 part=1 arm=37 k=7 scale_pct=100 age_ratio=7
[151318.155367] NVMeVirt: Init FTL instance with 2 channels (524288 pages)
[151318.155370] NVMeVirt: GC victim policy: cat-fig7-fixed ns=0 part=1 initial_k=7 initial_scale_pct=100 initial_age_ratio=7 warmup_gc=100
[151318.169887] NVMeVirt: [chmodel_init] bandwidth 800 max_credits 26 tx_time 152
[151318.185897] NVMeVirt: [chmodel_init] bandwidth 800 max_credits 26 tx_time 152
[151318.185918] NVMeVirt: [chmodel_init] bandwidth 3360 max_credits 110 tx_time 36
[151318.185922] NVMeVirt: Fixed CAT init ns=0 part=2 arm=37 k=7 scale_pct=100 age_ratio=7
[151318.187656] NVMeVirt: Init FTL instance with 2 channels (524288 pages)
[151318.187660] NVMeVirt: GC victim policy: cat-fig7-fixed ns=0 part=2 initial_k=7 initial_scale_pct=100 initial_age_ratio=7 warmup_gc=100
[151318.202492] NVMeVirt: [chmodel_init] bandwidth 800 max_credits 26 tx_time 152
[151318.219041] NVMeVirt: [chmodel_init] bandwidth 800 max_credits 26 tx_time 152
[151318.219103] NVMeVirt: [chmodel_init] bandwidth 3360 max_credits 110 tx_time 36
[151318.219108] NVMeVirt: Fixed CAT init ns=0 part=3 arm=37 k=7 scale_pct=100 age_ratio=7
[151318.221176] NVMeVirt: Init FTL instance with 2 channels (524288 pages)
[151318.221180] NVMeVirt: GC victim policy: cat-fig7-fixed ns=0 part=3 initial_k=7 initial_scale_pct=100 initial_age_ratio=7 warmup_gc=100
[151318.221189] NVMeVirt: FTL physical space: 8588886016, logical space: 8026996276 (physical/logical * 100 = 107)
[151318.221192] NVMeVirt: ns 0/1: size 7655 MiB
[151318.221278] PCI host bridge to bus 0001:10
[151318.221282] pci_bus 0001:10: root bus resource [io  0x0000-0xffff]
[151318.221287] pci_bus 0001:10: root bus resource [mem 0x00000000-0x7ffffffffff]
[151318.221290] pci_bus 0001:10: root bus resource [bus 00-ff]
[151318.221301] pci 0001:10:00.0: [0c51:0110] type 00 class 0x010802 PCIe Endpoint
[151318.221307] pci 0001:10:00.0: BAR 0 [mem 0x100000000-0x100003fff 64bit]
[151318.221312] pci 0001:10:00.0: enabling Extended Tags
[151318.221574] NVMeVirt: Virtual PCI bus created (node 0)
[151318.221833] NVMeVirt: nvmev_io_worker_0 started on cpu 2 (node 0)
[151318.221873] NVMeVirt: nvmev_dispatcher started on cpu 1 (node 0)
[151318.221899] NVMeVirt: Virtual NVMe device created
[151318.222253] nvme nvme1: pci function 0001:10:00.0
[151318.225447] nvme nvme1: 12/0/0 default/read/poll queues
[151318.331250] EXT4-fs (nvme1n1): mounted filesystem cb9d4733-563b-4f74-a575-2c1e3af5ba05 r/w with ordered data mode. Quota mode: none.
[151400.423273] NVMeVirt: Fixed CAT init ns=0 part=0 arm=37 k=7 scale_pct=100 age_ratio=7
[151400.423285] NVMeVirt: Fixed CAT init ns=0 part=1 arm=37 k=7 scale_pct=100 age_ratio=7
[151400.423290] NVMeVirt: Fixed CAT init ns=0 part=2 arm=37 k=7 scale_pct=100 age_ratio=7
[151400.423295] NVMeVirt: Fixed CAT init ns=0 part=3 arm=37 k=7 scale_pct=100 age_ratio=7
[151400.423300] NVMeVirt: Measurement: command=start epoch=1 host_bytes=0 learner_active=1
[151400.448232] mix-mixO-fixed37-425247 phase=A START
[152306.692056] mix-mixO-fixed37-425247 phase=A chunk=1/20 done
[153211.397517] mix-mixO-fixed37-425247 phase=A chunk=2/20 done
[154115.492728] mix-mixO-fixed37-425247 phase=A chunk=3/20 done
[155020.448269] mix-mixO-fixed37-425247 phase=A chunk=4/20 done
[155534.915989] audit: type=1400 audit(1790996439.223:369): apparmor="DENIED" operation="open" class="file" profile="snap.firmware-updater.firmware-notifier" name="/proc/sys/vm/max_map_count" pid=585205 comm="firmware-notifi" requested_mask="r" denied_mask="r" fsuid=1000 ouid=0
[155925.225510] mix-mixO-fixed37-425247 phase=A chunk=5/20 done
[156830.388805] mix-mixO-fixed37-425247 phase=A chunk=6/20 done
[157735.031363] mix-mixO-fixed37-425247 phase=A chunk=7/20 done
[158639.501982] mix-mixO-fixed37-425247 phase=A chunk=8/20 done
[159544.152945] mix-mixO-fixed37-425247 phase=A chunk=9/20 done
[160448.529743] mix-mixO-fixed37-425247 phase=A chunk=10/20 done
[161352.647399] mix-mixO-fixed37-425247 phase=A chunk=11/20 done
[162257.858061] mix-mixO-fixed37-425247 phase=A chunk=12/20 done
[163161.782544] mix-mixO-fixed37-425247 phase=A chunk=13/20 done
[164067.132821] mix-mixO-fixed37-425247 phase=A chunk=14/20 done
[164972.349525] mix-mixO-fixed37-425247 phase=A chunk=15/20 done
[165876.771264] mix-mixO-fixed37-425247 phase=A chunk=16/20 done
[166334.720750] audit: type=1400 audit(1791007239.348:370): apparmor="DENIED" operation="open" class="file" profile="snap.firmware-updater.firmware-notifier" name="/proc/sys/vm/max_map_count" pid=955520 comm="firmware-notifi" requested_mask="r" denied_mask="r" fsuid=1000 ouid=0
[166781.932518] mix-mixO-fixed37-425247 phase=A chunk=17/20 done
[167686.893938] mix-mixO-fixed37-425247 phase=A chunk=18/20 done
[168592.332623] mix-mixO-fixed37-425247 phase=A chunk=19/20 done
[169497.765848] mix-mixO-fixed37-425247 phase=A chunk=20/20 done
[169497.813769] mix-mixO-fixed37-425247 phase=A END
[169497.827190] mix-mixO-fixed37-425247 phase=B START
[177133.714968] audit: type=1400 audit(1791018038.656:371): apparmor="DENIED" operation="open" class="file" profile="snap.firmware-updater.firmware-notifier" name="/proc/sys/vm/max_map_count" pid=1082234 comm="firmware-notifi" requested_mask="r" denied_mask="r" fsuid=1000 ouid=0
[187501.506819] mix-mixO-fixed37-425247 phase=B chunk=1/1 done
[187502.198089] mix-mixO-fixed37-425247 phase=B END
[187502.202052] NVMeVirt: Measurement: command=stop epoch=1 host_bytes=14139532218368 learner_active=0
[187502.254650] EXT4-fs (nvme1n1): unmounting filesystem cb9d4733-563b-4f74-a575-2c1e3af5ba05.
[187502.388726] pci_bus 0001:10: busn_res: [bus 10-ff] is released
[187502.388835] NVMeVirt: GC stats: ns=0 policy=cat-fig7-fixed host_pages=3452034233 gc_pages=3871572173 gc_count=114431350 WAF=2.121 warmup_gc=100-per-part
[187502.509021] NVMeVirt: Virtual NVMe device closed
[187933.382333] audit: type=1400 audit(1791028838.634:372): apparmor="DENIED" operation="open" class="file" profile="snap.firmware-updater.firmware-notifier" name="/proc/sys/vm/max_map_count" pid=1087973 comm="firmware-notifi" requested_mask="r" denied_mask="r" fsuid=1000 ouid=0
[193255.241139] mix-mixO-fixed50-1089185 BEGIN
[193255.260629] NVMeVirt: Version 1.10 for >> Samsung 970 Pro SSD <<
[193255.260639] NVMeVirt: Storage: 0x100100000-0x300000000 (8191 MiB)
[193255.281426] NVMeVirt: Total Capacity(GiB,MiB)=2,2048 chs=2 luns=4 lines=8192 blk-size(MiB,KiB)=0,64 line-size(MiB,KiB)=0,256
[193255.297605] NVMeVirt: [chmodel_init] bandwidth 800 max_credits 26 tx_time 152
[193255.314235] NVMeVirt: [chmodel_init] bandwidth 800 max_credits 26 tx_time 152
[193255.314266] NVMeVirt: [chmodel_init] bandwidth 3360 max_credits 110 tx_time 36
[193255.314271] NVMeVirt: Fixed CAT init ns=0 part=0 arm=50 k=10 scale_pct=50 age_ratio=16
[193255.316171] NVMeVirt: pqueue: Copyright (c) 2014, Volkan Yazıcı <volkan.yazici@gmail.com>. All rights reserved.
[193255.316222] NVMeVirt: Init FTL instance with 2 channels (524288 pages)
[193255.316226] NVMeVirt: GC victim policy: cat-fig7-fixed ns=0 part=0 initial_k=10 initial_scale_pct=50 initial_age_ratio=16 warmup_gc=100
[193255.331675] NVMeVirt: [chmodel_init] bandwidth 800 max_credits 26 tx_time 152
[193255.346367] NVMeVirt: [chmodel_init] bandwidth 800 max_credits 26 tx_time 152
[193255.346390] NVMeVirt: [chmodel_init] bandwidth 3360 max_credits 110 tx_time 36
[193255.346394] NVMeVirt: Fixed CAT init ns=0 part=1 arm=50 k=10 scale_pct=50 age_ratio=16
[193255.348220] NVMeVirt: Init FTL instance with 2 channels (524288 pages)
[193255.348230] NVMeVirt: GC victim policy: cat-fig7-fixed ns=0 part=1 initial_k=10 initial_scale_pct=50 initial_age_ratio=16 warmup_gc=100
[193255.363085] NVMeVirt: [chmodel_init] bandwidth 800 max_credits 26 tx_time 152
[193255.378378] NVMeVirt: [chmodel_init] bandwidth 800 max_credits 26 tx_time 152
[193255.378397] NVMeVirt: [chmodel_init] bandwidth 3360 max_credits 110 tx_time 36
[193255.378401] NVMeVirt: Fixed CAT init ns=0 part=2 arm=50 k=10 scale_pct=50 age_ratio=16
[193255.379822] NVMeVirt: Init FTL instance with 2 channels (524288 pages)
[193255.379825] NVMeVirt: GC victim policy: cat-fig7-fixed ns=0 part=2 initial_k=10 initial_scale_pct=50 initial_age_ratio=16 warmup_gc=100
[193255.395268] NVMeVirt: [chmodel_init] bandwidth 800 max_credits 26 tx_time 152
[193255.411974] NVMeVirt: [chmodel_init] bandwidth 800 max_credits 26 tx_time 152
[193255.412008] NVMeVirt: [chmodel_init] bandwidth 3360 max_credits 110 tx_time 36
[193255.412013] NVMeVirt: Fixed CAT init ns=0 part=3 arm=50 k=10 scale_pct=50 age_ratio=16
[193255.414000] NVMeVirt: Init FTL instance with 2 channels (524288 pages)
[193255.414009] NVMeVirt: GC victim policy: cat-fig7-fixed ns=0 part=3 initial_k=10 initial_scale_pct=50 initial_age_ratio=16 warmup_gc=100
[193255.414023] NVMeVirt: FTL physical space: 8588886016, logical space: 8026996276 (physical/logical * 100 = 107)
[193255.414025] NVMeVirt: ns 0/1: size 7655 MiB
[193255.414142] PCI host bridge to bus 0001:10
[193255.414147] pci_bus 0001:10: root bus resource [io  0x0000-0xffff]
[193255.414151] pci_bus 0001:10: root bus resource [mem 0x00000000-0x7ffffffffff]
[193255.414154] pci_bus 0001:10: root bus resource [bus 00-ff]
[193255.414169] pci 0001:10:00.0: [0c51:0110] type 00 class 0x010802 PCIe Endpoint
[193255.414175] pci 0001:10:00.0: BAR 0 [mem 0x100000000-0x100003fff 64bit]
[193255.414180] pci 0001:10:00.0: enabling Extended Tags
[193255.414506] NVMeVirt: Virtual PCI bus created (node 0)
[193255.415040] NVMeVirt: Virtual NVMe device created
[193255.415066] NVMeVirt: nvmev_dispatcher started on cpu 1 (node 0)
[193255.415362] nvme nvme1: pci function 0001:10:00.0
[193255.415715] NVMeVirt: nvmev_io_worker_0 started on cpu 2 (node 0)
[193255.418833] nvme nvme1: 12/0/0 default/read/poll queues
[193255.517117] EXT4-fs (nvme1n1): mounted filesystem 22f8b6a7-171b-44a5-84a7-84ea7feddcf6 r/w with ordered data mode. Quota mode: none.
[193337.613700] NVMeVirt: Fixed CAT init ns=0 part=0 arm=50 k=10 scale_pct=50 age_ratio=16
[193337.613711] NVMeVirt: Fixed CAT init ns=0 part=1 arm=50 k=10 scale_pct=50 age_ratio=16
[193337.613715] NVMeVirt: Fixed CAT init ns=0 part=2 arm=50 k=10 scale_pct=50 age_ratio=16
[193337.613718] NVMeVirt: Fixed CAT init ns=0 part=3 arm=50 k=10 scale_pct=50 age_ratio=16
[193337.613720] NVMeVirt: Measurement: command=start epoch=1 host_bytes=0 learner_active=1
[193337.633446] mix-mixO-fixed50-1089185 phase=A START
[194243.870651] mix-mixO-fixed50-1089185 phase=A chunk=1/20 done
[195149.234625] mix-mixO-fixed50-1089185 phase=A chunk=2/20 done
[196054.686096] mix-mixO-fixed50-1089185 phase=A chunk=3/20 done
[196959.906333] mix-mixO-fixed50-1089185 phase=A chunk=4/20 done
[197865.017103] mix-mixO-fixed50-1089185 phase=A chunk=5/20 done
[198703.256393] audit: type=1400 audit(1791039608.817:373): apparmor="DENIED" operation="capable" class="cap" profile="/usr/sbin/cupsd" pid=1268295 comm="cupsd" capability=12  capname="net_admin"
[198703.718407] audit: type=1400 audit(1791039609.279:374): apparmor="DENIED" operation="open" class="file" profile="snap.firmware-updater.firmware-notifier" name="/proc/sys/vm/max_map_count" pid=1268266 comm="firmware-notifi" requested_mask="r" denied_mask="r" fsuid=1000 ouid=0
[198769.973786] mix-mixO-fixed50-1089185 phase=A chunk=6/20 done
[199675.240288] NVMeVirt: Measurement: command=stop epoch=1 host_bytes=1009966759936 learner_active=0
[199734.142529] EXT4-fs (nvme1n1): unmounting filesystem 22f8b6a7-171b-44a5-84a7-84ea7feddcf6.
[199734.245383] pci_bus 0001:10: busn_res: [bus 10-ff] is released
[199734.245623] NVMeVirt: GC stats: ns=0 policy=cat-fig7-fixed host_pages=246573916 gc_pages=60401747 gc_count=4796495 WAF=1.244 warmup_gc=100-per-part
[199734.406811] NVMeVirt: Virtual NVMe device closed
[199734.598453] mix-mixF-fixed37-1306063 BEGIN
[199734.619284] NVMeVirt: Version 1.10 for >> Samsung 970 Pro SSD <<
[199734.619294] NVMeVirt: Storage: 0x100100000-0x300000000 (8191 MiB)
[199734.638426] NVMeVirt: Total Capacity(GiB,MiB)=2,2048 chs=2 luns=4 lines=8192 blk-size(MiB,KiB)=0,64 line-size(MiB,KiB)=0,256
[199734.653920] NVMeVirt: [chmodel_init] bandwidth 800 max_credits 26 tx_time 152
[199734.669569] NVMeVirt: [chmodel_init] bandwidth 800 max_credits 26 tx_time 152
[199734.669589] NVMeVirt: [chmodel_init] bandwidth 3360 max_credits 110 tx_time 36
[199734.669592] NVMeVirt: Fixed CAT init ns=0 part=0 arm=37 k=7 scale_pct=100 age_ratio=7
[199734.670990] NVMeVirt: pqueue: Copyright (c) 2014, Volkan Yazıcı <volkan.yazici@gmail.com>. All rights reserved.
[199734.671021] NVMeVirt: Init FTL instance with 2 channels (524288 pages)
[199734.671024] NVMeVirt: GC victim policy: cat-fig7-fixed ns=0 part=0 initial_k=7 initial_scale_pct=100 initial_age_ratio=7 warmup_gc=100
[199734.685761] NVMeVirt: [chmodel_init] bandwidth 800 max_credits 26 tx_time 152
[199734.701105] NVMeVirt: [chmodel_init] bandwidth 800 max_credits 26 tx_time 152
[199734.701136] NVMeVirt: [chmodel_init] bandwidth 3360 max_credits 110 tx_time 36
[199734.701140] NVMeVirt: Fixed CAT init ns=0 part=1 arm=37 k=7 scale_pct=100 age_ratio=7
[199734.703226] NVMeVirt: Init FTL instance with 2 channels (524288 pages)
[199734.703231] NVMeVirt: GC victim policy: cat-fig7-fixed ns=0 part=1 initial_k=7 initial_scale_pct=100 initial_age_ratio=7 warmup_gc=100
[199734.719187] NVMeVirt: [chmodel_init] bandwidth 800 max_credits 26 tx_time 152
[199734.734245] NVMeVirt: [chmodel_init] bandwidth 800 max_credits 26 tx_time 152
[199734.734276] NVMeVirt: [chmodel_init] bandwidth 3360 max_credits 110 tx_time 36
[199734.734281] NVMeVirt: Fixed CAT init ns=0 part=2 arm=37 k=7 scale_pct=100 age_ratio=7
[199734.736050] NVMeVirt: Init FTL instance with 2 channels (524288 pages)
[199734.736053] NVMeVirt: GC victim policy: cat-fig7-fixed ns=0 part=2 initial_k=7 initial_scale_pct=100 initial_age_ratio=7 warmup_gc=100
[199734.750324] NVMeVirt: [chmodel_init] bandwidth 800 max_credits 26 tx_time 152
[199734.764973] NVMeVirt: [chmodel_init] bandwidth 800 max_credits 26 tx_time 152
[199734.764992] NVMeVirt: [chmodel_init] bandwidth 3360 max_credits 110 tx_time 36
[199734.764995] NVMeVirt: Fixed CAT init ns=0 part=3 arm=37 k=7 scale_pct=100 age_ratio=7
[199734.766618] NVMeVirt: Init FTL instance with 2 channels (524288 pages)
[199734.766621] NVMeVirt: GC victim policy: cat-fig7-fixed ns=0 part=3 initial_k=7 initial_scale_pct=100 initial_age_ratio=7 warmup_gc=100
[199734.766629] NVMeVirt: FTL physical space: 8588886016, logical space: 8026996276 (physical/logical * 100 = 107)
[199734.766632] NVMeVirt: ns 0/1: size 7655 MiB
[199734.766713] PCI host bridge to bus 0001:10
[199734.766717] pci_bus 0001:10: root bus resource [io  0x0000-0xffff]
[199734.766721] pci_bus 0001:10: root bus resource [mem 0x00000000-0x7ffffffffff]
[199734.766724] pci_bus 0001:10: root bus resource [bus 00-ff]
[199734.766737] pci 0001:10:00.0: [0c51:0110] type 00 class 0x010802 PCIe Endpoint
[199734.766743] pci 0001:10:00.0: BAR 0 [mem 0x100000000-0x100003fff 64bit]
[199734.766747] pci 0001:10:00.0: enabling Extended Tags
[199734.767062] NVMeVirt: Virtual PCI bus created (node 0)
[199734.767449] NVMeVirt: nvmev_io_worker_0 started on cpu 2 (node 0)
[199734.767503] NVMeVirt: nvmev_dispatcher started on cpu 1 (node 0)
[199734.767546] NVMeVirt: Virtual NVMe device created
[199734.767998] nvme nvme1: pci function 0001:10:00.0
[199734.773614] nvme nvme1: 12/0/0 default/read/poll queues
[199734.865555] EXT4-fs (nvme1n1): mounted filesystem e552c592-aed5-4452-8f06-49c13a94efb6 r/w with ordered data mode. Quota mode: none.
[199816.919855] NVMeVirt: Fixed CAT init ns=0 part=0 arm=37 k=7 scale_pct=100 age_ratio=7
[199816.919862] NVMeVirt: Fixed CAT init ns=0 part=1 arm=37 k=7 scale_pct=100 age_ratio=7
[199816.919865] NVMeVirt: Fixed CAT init ns=0 part=2 arm=37 k=7 scale_pct=100 age_ratio=7
[199816.919868] NVMeVirt: Fixed CAT init ns=0 part=3 arm=37 k=7 scale_pct=100 age_ratio=7
[199816.919870] NVMeVirt: Measurement: command=start epoch=1 host_bytes=0 learner_active=1
[199816.928502] mix-mixF-fixed37-1306063 phase=A START
[209502.211105] audit: type=1400 audit(1791050408.082:375): apparmor="DENIED" operation="open" class="file" profile="snap.firmware-updater.firmware-notifier" name="/proc/sys/vm/max_map_count" pid=1312163 comm="firmware-notifi" requested_mask="r" denied_mask="r" fsuid=1000 ouid=0
[217816.744926] mix-mixF-fixed37-1306063 phase=A END
[217816.756870] mix-mixF-fixed37-1306063 phase=B START
[220300.173328] audit: type=1400 audit(1791061206.358:376): apparmor="DENIED" operation="open" class="file" profile="snap.firmware-updater.firmware-notifier" name="/proc/sys/vm/max_map_count" pid=1319211 comm="firmware-notifi" requested_mask="r" denied_mask="r" fsuid=1000 ouid=0
[231097.198145] audit: type=1400 audit(1791072003.691:377): apparmor="DENIED" operation="open" class="file" profile="snap.firmware-updater.firmware-notifier" name="/proc/sys/vm/max_map_count" pid=1326031 comm="firmware-notifi" requested_mask="r" denied_mask="r" fsuid=1000 ouid=0
[235820.392830] mix-mixF-fixed37-1306063 phase=B chunk=1/1 done
[235821.103570] mix-mixF-fixed37-1306063 phase=B END
[235821.107261] NVMeVirt: Measurement: command=stop epoch=1 host_bytes=12105020948480 learner_active=0
[235821.157244] EXT4-fs (nvme1n1): unmounting filesystem e552c592-aed5-4452-8f06-49c13a94efb6.
[235821.296738] pci_bus 0001:10: busn_res: [bus 10-ff] is released
[235821.296941] NVMeVirt: GC stats: ns=0 policy=cat-fig7-fixed host_pages=2955327380 gc_pages=4391789899 gc_count=114798707 WAF=2.486 warmup_gc=100-per-part
[235821.418453] NVMeVirt: Virtual NVMe device closed
[235830.251644] mix-mixF-fixed50-1329309 BEGIN
[235830.268789] NVMeVirt: Version 1.10 for >> Samsung 970 Pro SSD <<
[235830.268797] NVMeVirt: Storage: 0x100100000-0x300000000 (8191 MiB)
[235830.287963] NVMeVirt: Total Capacity(GiB,MiB)=2,2048 chs=2 luns=4 lines=8192 blk-size(MiB,KiB)=0,64 line-size(MiB,KiB)=0,256
[235830.302470] NVMeVirt: [chmodel_init] bandwidth 800 max_credits 26 tx_time 152
[235830.317385] NVMeVirt: [chmodel_init] bandwidth 800 max_credits 26 tx_time 152
[235830.317405] NVMeVirt: [chmodel_init] bandwidth 3360 max_credits 110 tx_time 36
[235830.317409] NVMeVirt: Fixed CAT init ns=0 part=0 arm=50 k=10 scale_pct=50 age_ratio=16
[235830.318754] NVMeVirt: pqueue: Copyright (c) 2014, Volkan Yazıcı <volkan.yazici@gmail.com>. All rights reserved.
[235830.318789] NVMeVirt: Init FTL instance with 2 channels (524288 pages)
[235830.318793] NVMeVirt: GC victim policy: cat-fig7-fixed ns=0 part=0 initial_k=10 initial_scale_pct=50 initial_age_ratio=16 warmup_gc=100
[235830.333148] NVMeVirt: [chmodel_init] bandwidth 800 max_credits 26 tx_time 152
[235830.347754] NVMeVirt: [chmodel_init] bandwidth 800 max_credits 26 tx_time 152
[235830.347777] NVMeVirt: [chmodel_init] bandwidth 3360 max_credits 110 tx_time 36
[235830.347781] NVMeVirt: Fixed CAT init ns=0 part=1 arm=50 k=10 scale_pct=50 age_ratio=16
[235830.349478] NVMeVirt: Init FTL instance with 2 channels (524288 pages)
[235830.349484] NVMeVirt: GC victim policy: cat-fig7-fixed ns=0 part=1 initial_k=10 initial_scale_pct=50 initial_age_ratio=16 warmup_gc=100
[235830.363909] NVMeVirt: [chmodel_init] bandwidth 800 max_credits 26 tx_time 152
[235830.378330] NVMeVirt: [chmodel_init] bandwidth 800 max_credits 26 tx_time 152
[235830.378362] NVMeVirt: [chmodel_init] bandwidth 3360 max_credits 110 tx_time 36
[235830.378366] NVMeVirt: Fixed CAT init ns=0 part=2 arm=50 k=10 scale_pct=50 age_ratio=16
[235830.380269] NVMeVirt: Init FTL instance with 2 channels (524288 pages)
[235830.380279] NVMeVirt: GC victim policy: cat-fig7-fixed ns=0 part=2 initial_k=10 initial_scale_pct=50 initial_age_ratio=16 warmup_gc=100
[235830.394758] NVMeVirt: [chmodel_init] bandwidth 800 max_credits 26 tx_time 152
[235830.409020] NVMeVirt: [chmodel_init] bandwidth 800 max_credits 26 tx_time 152
[235830.409045] NVMeVirt: [chmodel_init] bandwidth 3360 max_credits 110 tx_time 36
[235830.409049] NVMeVirt: Fixed CAT init ns=0 part=3 arm=50 k=10 scale_pct=50 age_ratio=16
[235830.410925] NVMeVirt: Init FTL instance with 2 channels (524288 pages)
[235830.410928] NVMeVirt: GC victim policy: cat-fig7-fixed ns=0 part=3 initial_k=10 initial_scale_pct=50 initial_age_ratio=16 warmup_gc=100
[235830.410939] NVMeVirt: FTL physical space: 8588886016, logical space: 8026996276 (physical/logical * 100 = 107)
[235830.410941] NVMeVirt: ns 0/1: size 7655 MiB
[235830.411043] PCI host bridge to bus 0001:10
[235830.411047] pci_bus 0001:10: root bus resource [io  0x0000-0xffff]
[235830.411052] pci_bus 0001:10: root bus resource [mem 0x00000000-0x7ffffffffff]
[235830.411055] pci_bus 0001:10: root bus resource [bus 00-ff]
[235830.411072] pci 0001:10:00.0: [0c51:0110] type 00 class 0x010802 PCIe Endpoint
[235830.411078] pci 0001:10:00.0: BAR 0 [mem 0x100000000-0x100003fff 64bit]
[235830.411082] pci 0001:10:00.0: enabling Extended Tags
[235830.411441] NVMeVirt: Virtual PCI bus created (node 0)
[235830.412005] NVMeVirt: Virtual NVMe device created
[235830.412248] nvme nvme1: pci function 0001:10:00.0
[235830.414339] NVMeVirt: nvmev_dispatcher started on cpu 1 (node 0)
[235830.415266] NVMeVirt: nvmev_io_worker_0 started on cpu 2 (node 0)
[235830.417160] nvme nvme1: 12/0/0 default/read/poll queues
[235830.509510] EXT4-fs (nvme1n1): mounted filesystem 7fbf303d-52bd-4697-86a3-8f1b1ddd7d7d r/w with ordered data mode. Quota mode: none.
[235912.552833] NVMeVirt: Fixed CAT init ns=0 part=0 arm=50 k=10 scale_pct=50 age_ratio=16
[235912.552840] NVMeVirt: Fixed CAT init ns=0 part=1 arm=50 k=10 scale_pct=50 age_ratio=16
[235912.552843] NVMeVirt: Fixed CAT init ns=0 part=2 arm=50 k=10 scale_pct=50 age_ratio=16
[235912.552846] NVMeVirt: Fixed CAT init ns=0 part=3 arm=50 k=10 scale_pct=50 age_ratio=16
[235912.552848] NVMeVirt: Measurement: command=start epoch=1 host_bytes=0 learner_active=1
[235912.560653] mix-mixF-fixed50-1329309 phase=A START
[241931.817326] audit: type=1400 audit(1791082838.623:378): apparmor="DENIED" operation="open" class="file" profile="snap.firmware-updater.firmware-notifier" name="/proc/sys/vm/max_map_count" pid=1332740 comm="firmware-notifi" requested_mask="r" denied_mask="r" fsuid=1000 ouid=0
[252731.520124] audit: type=1400 audit(1791093638.634:379): apparmor="DENIED" operation="open" class="file" profile="snap.firmware-updater.firmware-notifier" name="/proc/sys/vm/max_map_count" pid=1338355 comm="firmware-notifi" requested_mask="r" denied_mask="r" fsuid=1000 ouid=0
[253912.365780] mix-mixF-fixed50-1329309 phase=A END
[253912.377152] mix-mixF-fixed50-1329309 phase=B START
[259530.670528] loop11: detected capacity change from 0 to 26008
[259531.067933] loop12: detected capacity change from 0 to 24232
[259532.399575] audit: type=1400 audit(1791100439.711:380): apparmor="STATUS" operation="profile_replace" info="same as current profile, skipping" profile="unconfined" name="/snap/snapd/28254/usr/lib/snapd/snap-confine" pid=1342627 comm="apparmor_parser"
[259532.596395] audit: type=1400 audit(1791100439.908:381): apparmor="STATUS" operation="profile_replace" profile="unconfined" name="snap.firmware-updater.hook.configure" pid=1342633 comm="apparmor_parser"
[259532.736543] audit: type=1400 audit(1791100440.048:382): apparmor="STATUS" operation="profile_replace" profile="unconfined" name="snap-update-ns.firmware-updater" pid=1342629 comm="apparmor_parser"
[259532.762646] audit: type=1400 audit(1791100440.074:383): apparmor="STATUS" operation="profile_replace" profile="unconfined" name="snap.firmware-updater.firmware-updater" pid=1342631 comm="apparmor_parser"
[259532.818060] audit: type=1400 audit(1791100440.129:384): apparmor="STATUS" operation="profile_replace" profile="unconfined" name="snap.firmware-updater.firmware-notifier" pid=1342630 comm="apparmor_parser"
[259532.832389] audit: type=1400 audit(1791100440.144:385): apparmor="STATUS" operation="profile_replace" profile="unconfined" name="snap.firmware-updater.firmware-updater-app" pid=1342632 comm="apparmor_parser"
[259532.840564] audit: type=1400 audit(1791100440.152:386): apparmor="STATUS" operation="profile_replace" info="same as current profile, skipping" profile="unconfined" name="snap-update-ns.mesa-2404" pid=1342635 comm="apparmor_parser"
[259532.841429] audit: type=1400 audit(1791100440.153:387): apparmor="STATUS" operation="profile_replace" info="same as current profile, skipping" profile="unconfined" name="snap.mesa-2404.component-monitor" pid=1342636 comm="apparmor_parser"
[259532.841885] audit: type=1400 audit(1791100440.153:388): apparmor="STATUS" operation="profile_replace" info="same as current profile, skipping" profile="unconfined" name="snap.mesa-2404.hook.connect-plug-kernel-gpu-2404" pid=1342637 comm="apparmor_parser"
[259532.841932] audit: type=1400 audit(1791100440.153:389): apparmor="STATUS" operation="profile_replace" info="same as current profile, skipping" profile="unconfined" name="snap.mesa-2404.hook.install" pid=1342639 comm="apparmor_parser"
[263531.498622] kauditd_printk_skb: 14 callbacks suppressed
[263531.498627] audit: type=1400 audit(1791104438.924:404): apparmor="DENIED" operation="open" class="file" profile="snap.firmware-updater.firmware-notifier" name="/proc/sys/vm/max_map_count" pid=1344831 comm="firmware-notifi" requested_mask="r" denied_mask="r" fsuid=1000 ouid=0
[271915.955541] mix-mixF-fixed50-1329309 phase=B chunk=1/1 done
[271916.558276] mix-mixF-fixed50-1329309 phase=B END
[271916.560886] NVMeVirt: Measurement: command=stop epoch=1 host_bytes=13382190190592 learner_active=0
[271916.606250] EXT4-fs (nvme1n1): unmounting filesystem 7fbf303d-52bd-4697-86a3-8f1b1ddd7d7d.
[271916.733168] pci_bus 0001:10: busn_res: [bus 10-ff] is released
[271916.733312] NVMeVirt: GC stats: ns=0 policy=cat-fig7-fixed host_pages=3267136277 gc_pages=4399213881 gc_count=119786721 WAF=2.346 warmup_gc=100-per-part
[271916.845350] NVMeVirt: Virtual NVMe device closed
[274330.885100] audit: type=1400 audit(1791115238.626:405): apparmor="DENIED" operation="open" class="file" profile="snap.firmware-updater.firmware-notifier" name="/proc/sys/vm/max_map_count" pid=1349905 comm="firmware-notifi" requested_mask="r" denied_mask="r" fsuid=1000 ouid=0
[276529.462734] mix-mixT-fixed37-1350596 BEGIN
[276529.484414] NVMeVirt: Version 1.10 for >> Samsung 970 Pro SSD <<
[276529.484428] NVMeVirt: Storage: 0x100100000-0x300000000 (8191 MiB)
[276529.503649] NVMeVirt: Total Capacity(GiB,MiB)=2,2048 chs=2 luns=4 lines=8192 blk-size(MiB,KiB)=0,64 line-size(MiB,KiB)=0,256
[276529.520131] NVMeVirt: [chmodel_init] bandwidth 800 max_credits 26 tx_time 152
[276529.537013] NVMeVirt: [chmodel_init] bandwidth 800 max_credits 26 tx_time 152
[276529.537047] NVMeVirt: [chmodel_init] bandwidth 3360 max_credits 110 tx_time 36
[276529.537051] NVMeVirt: Fixed CAT init ns=0 part=0 arm=37 k=7 scale_pct=100 age_ratio=7
[276529.538927] NVMeVirt: pqueue: Copyright (c) 2014, Volkan Yazıcı <volkan.yazici@gmail.com>. All rights reserved.
[276529.538969] NVMeVirt: Init FTL instance with 2 channels (524288 pages)
[276529.538972] NVMeVirt: GC victim policy: cat-fig7-fixed ns=0 part=0 initial_k=7 initial_scale_pct=100 initial_age_ratio=7 warmup_gc=100
[276529.555128] NVMeVirt: [chmodel_init] bandwidth 800 max_credits 26 tx_time 152
[276529.572344] NVMeVirt: [chmodel_init] bandwidth 800 max_credits 26 tx_time 152
[276529.572375] NVMeVirt: [chmodel_init] bandwidth 3360 max_credits 110 tx_time 36
[276529.572379] NVMeVirt: Fixed CAT init ns=0 part=1 arm=37 k=7 scale_pct=100 age_ratio=7
[276529.574294] NVMeVirt: Init FTL instance with 2 channels (524288 pages)
[276529.574297] NVMeVirt: GC victim policy: cat-fig7-fixed ns=0 part=1 initial_k=7 initial_scale_pct=100 initial_age_ratio=7 warmup_gc=100
[276529.590184] NVMeVirt: [chmodel_init] bandwidth 800 max_credits 26 tx_time 152
[276529.607448] NVMeVirt: [chmodel_init] bandwidth 800 max_credits 26 tx_time 152
[276529.607478] NVMeVirt: [chmodel_init] bandwidth 3360 max_credits 110 tx_time 36
[276529.607482] NVMeVirt: Fixed CAT init ns=0 part=2 arm=37 k=7 scale_pct=100 age_ratio=7
[276529.609377] NVMeVirt: Init FTL instance with 2 channels (524288 pages)
[276529.609381] NVMeVirt: GC victim policy: cat-fig7-fixed ns=0 part=2 initial_k=7 initial_scale_pct=100 initial_age_ratio=7 warmup_gc=100
[276529.624798] NVMeVirt: [chmodel_init] bandwidth 800 max_credits 26 tx_time 152
[276529.641162] NVMeVirt: [chmodel_init] bandwidth 800 max_credits 26 tx_time 152
[276529.641196] NVMeVirt: [chmodel_init] bandwidth 3360 max_credits 110 tx_time 36
[276529.641201] NVMeVirt: Fixed CAT init ns=0 part=3 arm=37 k=7 scale_pct=100 age_ratio=7
[276529.643278] NVMeVirt: Init FTL instance with 2 channels (524288 pages)
[276529.643282] NVMeVirt: GC victim policy: cat-fig7-fixed ns=0 part=3 initial_k=7 initial_scale_pct=100 initial_age_ratio=7 warmup_gc=100
[276529.643293] NVMeVirt: FTL physical space: 8588886016, logical space: 8026996276 (physical/logical * 100 = 107)
[276529.643295] NVMeVirt: ns 0/1: size 7655 MiB
[276529.643433] PCI host bridge to bus 0001:10
[276529.643438] pci_bus 0001:10: root bus resource [io  0x0000-0xffff]
[276529.643442] pci_bus 0001:10: root bus resource [mem 0x00000000-0x7ffffffffff]
[276529.643446] pci_bus 0001:10: root bus resource [bus 00-ff]
[276529.643459] pci 0001:10:00.0: [0c51:0110] type 00 class 0x010802 PCIe Endpoint
[276529.643466] pci 0001:10:00.0: BAR 0 [mem 0x100000000-0x100003fff 64bit]
[276529.643470] pci 0001:10:00.0: enabling Extended Tags
[276529.643880] NVMeVirt: Virtual PCI bus created (node 0)
[276529.644526] NVMeVirt: Virtual NVMe device created
[276529.644557] NVMeVirt: nvmev_dispatcher started on cpu 1 (node 0)
[276529.646184] nvme nvme1: pci function 0001:10:00.0
[276529.646758] NVMeVirt: nvmev_io_worker_0 started on cpu 2 (node 0)
[276529.650201] nvme nvme1: 12/0/0 default/read/poll queues
[276529.759766] EXT4-fs (nvme1n1): mounted filesystem 0aad9bcc-c092-4315-9842-4b5280b7c62f r/w with ordered data mode. Quota mode: none.
[276611.855323] NVMeVirt: Fixed CAT init ns=0 part=0 arm=37 k=7 scale_pct=100 age_ratio=7
[276611.855333] NVMeVirt: Fixed CAT init ns=0 part=1 arm=37 k=7 scale_pct=100 age_ratio=7
[276611.855336] NVMeVirt: Fixed CAT init ns=0 part=2 arm=37 k=7 scale_pct=100 age_ratio=7
[276611.855339] NVMeVirt: Fixed CAT init ns=0 part=3 arm=37 k=7 scale_pct=100 age_ratio=7
[276611.855341] NVMeVirt: Measurement: command=start epoch=1 host_bytes=0 learner_active=1
[276611.866138] mix-mixT-fixed37-1350596 phase=A START
[276611.886721] mix-mixT-fixed37-1350596 phase=A LOAD
[276622.973512] mix-mixT-fixed37-1350596 phase=A RUN
[276628.256594] tee (1350976): drop_caches: 3
[276632.401935] tee (1350984): drop_caches: 3
[276636.542740] tee (1350990): drop_caches: 3
[276640.660556] tee (1351006): drop_caches: 3
[276644.784814] tee (1351012): drop_caches: 3
[276648.901067] tee (1351018): drop_caches: 3
[276653.006766] tee (1351034): drop_caches: 3
[276657.164107] tee (1351039): drop_caches: 3
[276661.294538] tee (1351044): drop_caches: 3
[276665.413017] tee (1351049): drop_caches: 3
[276669.543826] tee (1351054): drop_caches: 3
[276673.661984] tee (1351059): drop_caches: 3
[276677.783857] tee (1351064): drop_caches: 3
[276681.883297] tee (1351080): drop_caches: 3
[276686.082820] tee (1351102): drop_caches: 3
[276690.222858] tee (1351107): drop_caches: 3
[276694.343495] tee (1351134): drop_caches: 3
[276698.475594] tee (1351139): drop_caches: 3
[276702.584328] tee (1351148): drop_caches: 3
[276706.678401] tee (1351155): drop_caches: 3
[276710.768798] tee (1351174): drop_caches: 3
[276714.867836] tee (1351180): drop_caches: 3
[276718.992769] tee (1351185): drop_caches: 3
[276723.097854] tee (1351190): drop_caches: 3
[276727.191707] tee (1351196): drop_caches: 3
[276731.285432] tee (1351201): drop_caches: 3
[276735.378737] tee (1351207): drop_caches: 3
[276739.473160] tee (1351212): drop_caches: 3
[276743.556582] tee (1351229): drop_caches: 3
[276747.669888] tee (1351234): drop_caches: 3
[276751.778454] tee (1351239): drop_caches: 3
[276755.872700] tee (1351245): drop_caches: 3
[276759.969071] tee (1351250): drop_caches: 3
[276764.067378] tee (1351257): drop_caches: 3
[276768.168366] tee (1351264): drop_caches: 3
[276772.251856] tee (1351280): drop_caches: 3
[276776.343556] tee (1351286): drop_caches: 3
[276780.478467] tee (1351291): drop_caches: 3
[276784.585280] tee (1351297): drop_caches: 3
[276788.688733] tee (1351302): drop_caches: 3
[276792.791246] tee (1351307): drop_caches: 3
[276796.881371] tee (1351313): drop_caches: 3
[276800.969814] tee (1351329): drop_caches: 3
[276805.067806] tee (1351335): drop_caches: 3
[276809.165324] tee (1351340): drop_caches: 3
[276813.277431] tee (1351345): drop_caches: 3
[276817.370958] tee (1351351): drop_caches: 3
[276821.470535] tee (1351357): drop_caches: 3
[276825.569110] tee (1351363): drop_caches: 3
[276829.664088] tee (1351370): drop_caches: 3
[276833.745954] tee (1351387): drop_caches: 3
[276837.838583] tee (1351392): drop_caches: 3
[276842.039582] tee (1351397): drop_caches: 3
[276846.162368] tee (1351403): drop_caches: 3
[276850.262567] tee (1351408): drop_caches: 3
[276854.362004] tee (1351414): drop_caches: 3
[276858.456673] tee (1351419): drop_caches: 3
[276862.546372] tee (1351435): drop_caches: 3
[276866.645433] tee (1351441): drop_caches: 3
[276870.746779] tee (1351446): drop_caches: 3
[276874.874042] tee (1351452): drop_caches: 3
[276878.979212] tee (1351457): drop_caches: 3
[276883.085444] tee (1351463): drop_caches: 3
[276887.181913] tee (1351471): drop_caches: 3
[276891.264206] tee (1351487): drop_caches: 3
[276895.354814] tee (1351494): drop_caches: 3
[276899.450958] tee (1351499): drop_caches: 3
[276903.552880] tee (1351504): drop_caches: 3
[276907.659492] tee (1351510): drop_caches: 3
[276911.762641] tee (1351515): drop_caches: 3
[276915.861717] tee (1351521): drop_caches: 3
[276919.960911] tee (1351534): drop_caches: 3
[276924.052485] tee (1351543): drop_caches: 3
[276928.148240] tee (1351548): drop_caches: 3
[276932.242147] tee (1351553): drop_caches: 3
[276936.380630] tee (1351559): drop_caches: 3
[276940.483269] tee (1351564): drop_caches: 3
[276944.583380] tee (1351571): drop_caches: 3
[276948.684635] tee (1351578): drop_caches: 3
[276952.770950] tee (1351600): drop_caches: 3
[276956.858875] tee (1351606): drop_caches: 3
[276960.952306] tee (1351613): drop_caches: 3
[276965.051003] tee (1351632): drop_caches: 3
[276969.172109] tee (1351643): drop_caches: 3
[276973.272848] tee (1351648): drop_caches: 3
[276977.366492] tee (1351654): drop_caches: 3
[276981.456920] tee (1351670): drop_caches: 3
[276985.548093] tee (1351676): drop_caches: 3
[276989.649036] tee (1351681): drop_caches: 3
[276993.745795] tee (1351689): drop_caches: 3
[276997.924703] tee (1351695): drop_caches: 3
[277002.039146] tee (1351703): drop_caches: 3
[277006.138409] tee (1351709): drop_caches: 3
[277010.222969] tee (1351727): drop_caches: 3
[277014.320653] tee (1351733): drop_caches: 3
[277018.420076] tee (1351738): drop_caches: 3
[277022.523597] tee (1351743): drop_caches: 3
[277026.625195] tee (1351749): drop_caches: 3
[277030.759703] tee (1351754): drop_caches: 3
[277034.865028] tee (1351760): drop_caches: 3
[277038.971464] tee (1351765): drop_caches: 3
[277043.061924] tee (1351781): drop_caches: 3
[277047.159607] tee (1351787): drop_caches: 3
[277051.254442] tee (1351792): drop_caches: 3
[277055.346954] tee (1351798): drop_caches: 3
[277059.440892] tee (1351803): drop_caches: 3
[277063.558635] tee (1351809): drop_caches: 3
[277067.659710] tee (1351817): drop_caches: 3
[277071.749726] tee (1351833): drop_caches: 3
[277075.848411] tee (1351839): drop_caches: 3
[277079.949593] tee (1351844): drop_caches: 3
[277084.049470] tee (1351849): drop_caches: 3
[277088.142227] tee (1351855): drop_caches: 3
[277092.289822] tee (1351860): drop_caches: 3
[277096.397467] tee (1351866): drop_caches: 3
[277100.483224] tee (1351882): drop_caches: 3
[277104.582668] tee (1351888): drop_caches: 3
[277108.684847] tee (1351893): drop_caches: 3
[277112.787244] tee (1351898): drop_caches: 3
[277116.885168] tee (1351904): drop_caches: 3
[277120.985539] tee (1351909): drop_caches: 3
[277125.106229] tee (1351916): drop_caches: 3
[277129.208191] tee (1351923): drop_caches: 3
[277133.293832] tee (1351939): drop_caches: 3
[277137.386671] tee (1351945): drop_caches: 3
[277141.487811] tee (1351950): drop_caches: 3
[277145.577781] tee (1351957): drop_caches: 3
[277149.677967] tee (1351962): drop_caches: 3
[277153.891725] tee (1351967): drop_caches: 3
[277158.012417] tee (1351974): drop_caches: 3
[277162.104692] tee (1351990): drop_caches: 3
[277166.204501] tee (1351996): drop_caches: 3
[277170.299279] tee (1352001): drop_caches: 3
[277174.389630] tee (1352007): drop_caches: 3
[277178.494245] tee (1352012): drop_caches: 3
[277182.596313] tee (1352018): drop_caches: 3
[277186.725418] tee (1352026): drop_caches: 3
[277190.823027] tee (1352042): drop_caches: 3
[277194.923219] tee (1352048): drop_caches: 3
[277199.022658] tee (1352053): drop_caches: 3
[277203.120267] tee (1352064): drop_caches: 3
[277207.214280] tee (1352070): drop_caches: 3
[277211.309854] tee (1352077): drop_caches: 3
[277215.402937] tee (1352083): drop_caches: 3
[277219.523497] tee (1352088): drop_caches: 3
[277223.612466] tee (1352104): drop_caches: 3
[277227.711003] tee (1352110): drop_caches: 3
[277231.811966] tee (1352115): drop_caches: 3
[277235.911502] tee (1352121): drop_caches: 3
[277240.013079] tee (1352126): drop_caches: 3
[277244.117030] tee (1352132): drop_caches: 3
[277248.268459] tee (1352140): drop_caches: 3
[277252.366004] tee (1352156): drop_caches: 3
[277256.461546] tee (1352162): drop_caches: 3
[277260.570767] tee (1352167): drop_caches: 3
[277264.663848] tee (1352173): drop_caches: 3
[277268.764560] tee (1352182): drop_caches: 3
[277272.873221] tee (1352187): drop_caches: 3
[277276.976958] tee (1352193): drop_caches: 3
[277281.091999] tee (1352209): drop_caches: 3
[277285.186894] tee (1352215): drop_caches: 3
[277289.284020] tee (1352220): drop_caches: 3
[277293.379122] tee (1352225): drop_caches: 3
[277297.477612] tee (1352231): drop_caches: 3
[277301.574965] tee (1352242): drop_caches: 3
[277305.672923] tee (1352248): drop_caches: 3
[277309.772973] tee (1352255): drop_caches: 3
[277313.874189] tee (1352271): drop_caches: 3
[277317.972606] tee (1352277): drop_caches: 3
[277322.073449] tee (1352282): drop_caches: 3
[277326.174496] tee (1352288): drop_caches: 3
[277330.275098] tee (1352293): drop_caches: 3
[277334.375189] tee (1352298): drop_caches: 3
[277338.467519] tee (1352304): drop_caches: 3
[277342.598616] tee (1352320): drop_caches: 3
[277346.728077] tee (1352326): drop_caches: 3
[277350.827068] tee (1352331): drop_caches: 3
[277354.925763] tee (1352337): drop_caches: 3
[277359.026201] tee (1352342): drop_caches: 3
[277363.129228] tee (1352348): drop_caches: 3
[277367.221110] tee (1352356): drop_caches: 3
[277371.308455] tee (1352372): drop_caches: 3
[277375.421643] tee (1352378): drop_caches: 3
[277379.524586] tee (1352383): drop_caches: 3
[277383.626119] tee (1352388): drop_caches: 3
[277387.726129] tee (1352394): drop_caches: 3
[277391.829684] tee (1352399): drop_caches: 3
[277395.929509] tee (1352405): drop_caches: 3
[277400.029708] tee (1352410): drop_caches: 3
[277404.180181] tee (1352426): drop_caches: 3
[277408.296064] tee (1352432): drop_caches: 3
[277412.396075] tee (1352437): drop_caches: 3
[277416.494925] tee (1352443): drop_caches: 3
[277420.587528] tee (1352454): drop_caches: 3
[277424.677948] tee (1352461): drop_caches: 3
[277428.772793] tee (1352468): drop_caches: 3
[277432.860917] tee (1352484): drop_caches: 3
[277436.982216] tee (1352490): drop_caches: 3
[277441.092749] tee (1352495): drop_caches: 3
[277445.186257] tee (1352501): drop_caches: 3
[277449.281925] tee (1352506): drop_caches: 3
[277453.376517] tee (1352511): drop_caches: 3
[277457.470466] tee (1352517): drop_caches: 3
[277461.586312] tee (1352538): drop_caches: 3
[277465.695805] tee (1352544): drop_caches: 3
[277469.858664] tee (1352549): drop_caches: 3
[277473.985127] tee (1352560): drop_caches: 3
[277478.116320] tee (1352568): drop_caches: 3
[277482.216968] tee (1352574): drop_caches: 3
[277486.319329] tee (1352580): drop_caches: 3
[277490.416998] tee (1352594): drop_caches: 3
[277494.505855] tee (1352602): drop_caches: 3
[277498.642122] tee (1352609): drop_caches: 3
[277502.746452] tee (1352614): drop_caches: 3
[277506.840568] tee (1352620): drop_caches: 3
[277510.941729] tee (1352625): drop_caches: 3
[277515.035271] tee (1352631): drop_caches: 3
[277519.128436] tee (1352636): drop_caches: 3
[277523.212796] tee (1352652): drop_caches: 3
[277527.307136] tee (1352658): drop_caches: 3
[277531.423209] tee (1352663): drop_caches: 3
[277535.526535] tee (1352669): drop_caches: 3
[277539.627361] tee (1352674): drop_caches: 3
[277543.729127] tee (1352680): drop_caches: 3
[277547.827234] tee (1352688): drop_caches: 3
[277551.918139] tee (1352704): drop_caches: 3
[277556.032530] tee (1352710): drop_caches: 3
[277560.209981] tee (1352716): drop_caches: 3
[277564.324234] tee (1352721): drop_caches: 3
[277568.429981] tee (1352727): drop_caches: 3
[277572.540265] tee (1352732): drop_caches: 3
[277576.646139] tee (1352738): drop_caches: 3
[277580.741528] tee (1352751): drop_caches: 3
[277584.835654] tee (1352759): drop_caches: 3
[277588.931901] tee (1352765): drop_caches: 3
[277593.056795] tee (1352770): drop_caches: 3
[277597.150879] tee (1352779): drop_caches: 3
[277601.245308] tee (1352786): drop_caches: 3
[277605.337940] tee (1352793): drop_caches: 3
[277609.433288] tee (1352800): drop_caches: 3
[277613.523327] tee (1352816): drop_caches: 3
[277617.627906] tee (1352822): drop_caches: 3
[277621.729581] tee (1352828): drop_caches: 3
[277625.843932] tee (1352834): drop_caches: 3
[277629.945742] tee (1352839): drop_caches: 3
[277634.047755] tee (1352844): drop_caches: 3
[277638.138697] tee (1352850): drop_caches: 3
[277642.220856] tee (1352866): drop_caches: 3
[277646.319948] tee (1352872): drop_caches: 3
[277650.421776] tee (1352877): drop_caches: 3
[277654.569688] tee (1352882): drop_caches: 3
[277658.679878] tee (1352888): drop_caches: 3
[277662.783168] tee (1352894): drop_caches: 3
[277666.875854] tee (1352902): drop_caches: 3
[277670.957598] tee (1352918): drop_caches: 3
[277675.049027] tee (1352924): drop_caches: 3
[277679.141533] tee (1352930): drop_caches: 3
[277683.245471] tee (1352935): drop_caches: 3
[277687.359478] tee (1352941): drop_caches: 3
[277691.459264] tee (1352946): drop_caches: 3
[277695.557356] tee (1352952): drop_caches: 3
[277699.657671] tee (1352958): drop_caches: 3
[277703.740966] tee (1352974): drop_caches: 3
[277707.846550] tee (1352980): drop_caches: 3
[277711.947908] tee (1352985): drop_caches: 3
[277716.145519] tee (1352991): drop_caches: 3
[277720.259962] tee (1352996): drop_caches: 3
[277724.364335] tee (1353002): drop_caches: 3
[277728.457797] tee (1353010): drop_caches: 3
[277732.548407] tee (1353026): drop_caches: 3
[277736.639441] tee (1353032): drop_caches: 3
[277740.739973] tee (1353038): drop_caches: 3
[277744.844679] tee (1353043): drop_caches: 3
[277748.971498] tee (1353049): drop_caches: 3
[277753.072575] tee (1353054): drop_caches: 3
[277757.165522] tee (1353060): drop_caches: 3
[277761.252597] tee (1353076): drop_caches: 3
[277765.346628] tee (1353082): drop_caches: 3
[277769.440735] tee (1353087): drop_caches: 3
[277773.535526] tee (1353092): drop_caches: 3
[277777.633002] tee (1353098): drop_caches: 3
[277781.750131] tee (1353104): drop_caches: 3
[277785.849522] tee (1353110): drop_caches: 3
[277789.951724] tee (1353117): drop_caches: 3
[277794.041385] tee (1353138): drop_caches: 3
[277798.143110] tee (1353144): drop_caches: 3
[277802.243473] tee (1353151): drop_caches: 3
[277806.341803] tee (1353157): drop_caches: 3
[277810.504552] tee (1353162): drop_caches: 3
[277814.612495] tee (1353167): drop_caches: 3
[277818.713504] tee (1353173): drop_caches: 3
[277822.804458] tee (1353189): drop_caches: 3
[277826.903368] tee (1353195): drop_caches: 3
[277831.003812] tee (1353200): drop_caches: 3
[277835.107106] tee (1353205): drop_caches: 3
[277839.198908] tee (1353211): drop_caches: 3
[277843.317143] tee (1353217): drop_caches: 3
[277847.411802] tee (1353225): drop_caches: 3
[277851.502216] tee (1353241): drop_caches: 3
[277855.596598] tee (1353247): drop_caches: 3
[277859.690909] tee (1353252): drop_caches: 3
[277863.791761] tee (1353258): drop_caches: 3
[277867.890538] tee (1353264): drop_caches: 3
[277872.013548] tee (1353269): drop_caches: 3
[277876.126836] tee (1353275): drop_caches: 3
[277880.226254] tee (1353280): drop_caches: 3
[277884.308759] tee (1353296): drop_caches: 3
[277888.401887] tee (1353302): drop_caches: 3
[277892.502570] tee (1353307): drop_caches: 3
[277896.599769] tee (1353317): drop_caches: 3
[277900.707705] tee (1353322): drop_caches: 3
[277904.848833] tee (1353330): drop_caches: 3
[277908.954735] tee (1353338): drop_caches: 3
[277913.075190] tee (1353354): drop_caches: 3
[277917.170974] tee (1353360): drop_caches: 3
[277921.265207] tee (1353365): drop_caches: 3
[277925.357870] tee (1353371): drop_caches: 3
[277929.451487] tee (1353377): drop_caches: 3
[277933.553731] tee (1353382): drop_caches: 3
[277937.664540] tee (1353388): drop_caches: 3
[277941.755005] tee (1353404): drop_caches: 3
[277945.853703] tee (1353410): drop_caches: 3
[277949.954690] tee (1353415): drop_caches: 3
[277954.054269] tee (1353420): drop_caches: 3
[277958.153575] tee (1353426): drop_caches: 3
[277962.254225] tee (1353432): drop_caches: 3
[277966.421692] tee (1353438): drop_caches: 3
[277970.531476] tee (1353453): drop_caches: 3
[277974.625287] tee (1353461): drop_caches: 3
[277978.717772] tee (1353467): drop_caches: 3
[277982.818702] tee (1353473): drop_caches: 3
[277986.916334] tee (1353479): drop_caches: 3
[277991.017406] tee (1353484): drop_caches: 3
[277995.109526] tee (1353489): drop_caches: 3
[277999.234134] tee (1353495): drop_caches: 3
[278003.324677] tee (1353511): drop_caches: 3
[278007.419932] tee (1353517): drop_caches: 3
[278011.525936] tee (1353522): drop_caches: 3
[278015.614945] tee (1353528): drop_caches: 3
[278019.708372] tee (1353539): drop_caches: 3
[278023.812735] tee (1353545): drop_caches: 3
[278027.912273] tee (1353553): drop_caches: 3
[278032.014650] tee (1353569): drop_caches: 3
[278036.118910] tee (1353575): drop_caches: 3
[278040.213461] tee (1353580): drop_caches: 3
[278044.308731] tee (1353586): drop_caches: 3
[278048.410569] tee (1353592): drop_caches: 3
[278052.511557] tee (1353597): drop_caches: 3
[278056.608305] tee (1353603): drop_caches: 3
[278060.754888] tee (1353616): drop_caches: 3
[278064.854454] tee (1353624): drop_caches: 3
[278068.955078] tee (1353630): drop_caches: 3
[278073.056714] tee (1353635): drop_caches: 3
[278077.153405] tee (1353641): drop_caches: 3
[278081.246492] tee (1353646): drop_caches: 3
[278085.346634] tee (1353652): drop_caches: 3
[278089.438763] tee (1353660): drop_caches: 3
[278093.552684] tee (1353676): drop_caches: 3
[278097.653595] tee (1353682): drop_caches: 3
[278101.756101] tee (1353694): drop_caches: 3
[278105.859645] tee (1353821): drop_caches: 3
[278109.960402] tee (1353826): drop_caches: 3
[278114.061479] tee (1353831): drop_caches: 3
[278118.159549] tee (1353837): drop_caches: 3
[278122.320937] tee (1353853): drop_caches: 3
[278126.439840] tee (1353859): drop_caches: 3
[278130.552213] tee (1353865): drop_caches: 3
[278134.654940] tee (1353870): drop_caches: 3
[278138.754419] tee (1353876): drop_caches: 3
[278142.855612] tee (1353882): drop_caches: 3
[278146.954976] tee (1353890): drop_caches: 3
[278151.055434] tee (1353903): drop_caches: 3
[278155.172499] tee (1353911): drop_caches: 3
[278159.271239] tee (1353917): drop_caches: 3
[278163.366920] tee (1353922): drop_caches: 3
[278167.458661] tee (1353929): drop_caches: 3
[278171.558617] tee (1353934): drop_caches: 3
[278175.680966] tee (1353939): drop_caches: 3
[278179.781792] tee (1353945): drop_caches: 3
[278183.871254] tee (1353961): drop_caches: 3
[278187.987035] tee (1353967): drop_caches: 3
[278192.090128] tee (1353972): drop_caches: 3
[278196.175964] tee (1353981): drop_caches: 3
[278200.269076] tee (1353986): drop_caches: 3
[278204.366840] tee (1353994): drop_caches: 3
[278208.465942] tee (1354002): drop_caches: 3
[278212.555394] tee (1354018): drop_caches: 3
[278216.705691] tee (1354025): drop_caches: 3
[278220.810915] tee (1354030): drop_caches: 3
[278224.905185] tee (1354036): drop_caches: 3
[278229.005779] tee (1354042): drop_caches: 3
[278233.106839] tee (1354047): drop_caches: 3
[278237.197699] tee (1354053): drop_caches: 3
[278241.291565] tee (1354067): drop_caches: 3
[278245.374650] tee (1354075): drop_caches: 3
[278249.492031] tee (1354081): drop_caches: 3
[278253.589137] tee (1354086): drop_caches: 3
[278257.687645] tee (1354092): drop_caches: 3
[278261.780250] tee (1354098): drop_caches: 3
[278265.881882] tee (1354103): drop_caches: 3
[278269.985386] tee (1354111): drop_caches: 3
[278274.073565] tee (1354127): drop_caches: 3
[278278.275161] tee (1354133): drop_caches: 3
[278282.390961] tee (1354138): drop_caches: 3
[278286.498033] tee (1354145): drop_caches: 3
[278290.602528] tee (1354150): drop_caches: 3
[278294.709810] tee (1354155): drop_caches: 3
[278298.809548] tee (1354161): drop_caches: 3
[278302.891639] tee (1354177): drop_caches: 3
[278306.986559] tee (1354183): drop_caches: 3
[278311.120723] tee (1354188): drop_caches: 3
[278315.224660] tee (1354193): drop_caches: 3
[278319.319501] tee (1354199): drop_caches: 3
[278323.412315] tee (1354210): drop_caches: 3
[278327.507236] tee (1354218): drop_caches: 3
[278331.599754] tee (1354231): drop_caches: 3
[278335.691654] tee (1354239): drop_caches: 3
[278339.790009] tee (1354245): drop_caches: 3
[278343.902848] tee (1354250): drop_caches: 3
[278348.002619] tee (1354257): drop_caches: 3
[278352.105108] tee (1354262): drop_caches: 3
[278356.200409] tee (1354267): drop_caches: 3
[278360.294814] tee (1354273): drop_caches: 3
[278364.378276] tee (1354289): drop_caches: 3
[278368.478195] tee (1354295): drop_caches: 3
[278372.644415] tee (1354300): drop_caches: 3
[278376.758184] tee (1354306): drop_caches: 3
[278380.862389] tee (1354311): drop_caches: 3
[278384.963453] tee (1354317): drop_caches: 3
[278389.062715] tee (1354325): drop_caches: 3
[278393.146706] tee (1354341): drop_caches: 3
[278397.239485] tee (1354347): drop_caches: 3
[278401.333855] tee (1354353): drop_caches: 3
[278405.463419] tee (1354358): drop_caches: 3
[278409.558881] tee (1354365): drop_caches: 3
[278413.656181] tee (1354370): drop_caches: 3
[278417.755186] tee (1354376): drop_caches: 3
[278421.838947] tee (1354391): drop_caches: 3
[278425.944653] tee (1354397): drop_caches: 3
[278430.043166] tee (1354403): drop_caches: 3
[278434.154339] tee (1354408): drop_caches: 3
[278438.273540] tee (1354414): drop_caches: 3
[278442.376571] tee (1354420): drop_caches: 3
[278446.470532] tee (1354426): drop_caches: 3
[278450.571780] tee (1354433): drop_caches: 3
[278454.673668] tee (1354449): drop_caches: 3
[278458.767463] tee (1354455): drop_caches: 3
[278462.876400] tee (1354460): drop_caches: 3
[278467.008600] tee (1354467): drop_caches: 3
[278471.111072] tee (1354472): drop_caches: 3
[278475.207217] tee (1354477): drop_caches: 3
[278479.298810] tee (1354483): drop_caches: 3
[278483.389945] tee (1354499): drop_caches: 3
[278487.482894] tee (1354505): drop_caches: 3
[278491.578301] tee (1354510): drop_caches: 3
[278495.674066] tee (1354515): drop_caches: 3
[278499.797295] tee (1354521): drop_caches: 3
[278503.901896] tee (1354529): drop_caches: 3
[278508.001594] tee (1354537): drop_caches: 3
[278512.084844] tee (1354556): drop_caches: 3
[278516.180565] tee (1354561): drop_caches: 3
[278520.276697] tee (1354568): drop_caches: 3
[278524.371727] tee (1354573): drop_caches: 3
[278528.536883] tee (1354580): drop_caches: 3
[278532.654526] tee (1354585): drop_caches: 3
[278536.749848] tee (1354591): drop_caches: 3
[278540.844622] tee (1354604): drop_caches: 3
[278544.935403] tee (1354612): drop_caches: 3
[278549.033477] tee (1354618): drop_caches: 3
[278553.131025] tee (1354623): drop_caches: 3
[278557.232488] tee (1354629): drop_caches: 3
[278561.354884] tee (1354634): drop_caches: 3
[278565.454402] tee (1354640): drop_caches: 3
[278569.548505] tee (1354648): drop_caches: 3
[278573.632746] tee (1354664): drop_caches: 3
[278577.724286] tee (1354670): drop_caches: 3
[278581.819017] tee (1354675): drop_caches: 3
[278585.918590] tee (1354680): drop_caches: 3
[278590.017182] tee (1354687): drop_caches: 3
[278594.137733] tee (1354692): drop_caches: 3
[278598.238958] tee (1354698): drop_caches: 3
[278602.324161] tee (1354714): drop_caches: 3
[278606.416908] tee (1354719): drop_caches: 3
[278610.514958] tee (1354725): drop_caches: 3
[278614.616422] tee (1354730): drop_caches: 3
[278618.708136] tee (1354736): drop_caches: 3
[278622.859417] tee (1354748): drop_caches: 3
[278626.964025] tee (1354756): drop_caches: 3
[278631.070501] tee (1354769): drop_caches: 3
[278635.157649] tee (1354777): drop_caches: 3
[278639.251691] tee (1354783): drop_caches: 3
[278643.346975] tee (1354788): drop_caches: 3
[278647.447321] tee (1354794): drop_caches: 3
[278651.547688] tee (1354800): drop_caches: 3
[278655.681878] tee (1354805): drop_caches: 3
[278659.781783] tee (1354811): drop_caches: 3
[278663.864972] tee (1354827): drop_caches: 3
[278667.964155] tee (1354833): drop_caches: 3
[278672.071449] tee (1354838): drop_caches: 3
[278676.163850] tee (1354843): drop_caches: 3
[278680.254716] tee (1354849): drop_caches: 3
[278684.425600] tee (1354855): drop_caches: 3
[278688.548355] tee (1354863): drop_caches: 3
[278692.656060] tee (1354880): drop_caches: 3
[278696.759840] tee (1354885): drop_caches: 3
[278700.859791] tee (1354891): drop_caches: 3
[278704.959875] tee (1354896): drop_caches: 3
[278709.059547] tee (1354902): drop_caches: 3
[278713.154600] tee (1354908): drop_caches: 3
[278717.281545] tee (1354914): drop_caches: 3
[278721.380493] tee (1354927): drop_caches: 3
[278725.471447] tee (1354935): drop_caches: 3
[278729.569586] tee (1354941): drop_caches: 3
[278733.668965] tee (1354946): drop_caches: 3
[278737.767237] tee (1354952): drop_caches: 3
[278741.861606] tee (1354958): drop_caches: 3
[278745.957985] tee (1354963): drop_caches: 3
[278750.064889] tee (1354971): drop_caches: 3
[278754.155763] tee (1354987): drop_caches: 3
[278758.254805] tee (1354993): drop_caches: 3
[278762.356206] tee (1354998): drop_caches: 3
[278766.458502] tee (1355003): drop_caches: 3
[278770.557350] tee (1355010): drop_caches: 3
[278774.658677] tee (1355015): drop_caches: 3
[278778.813926] tee (1355021): drop_caches: 3
[278782.915853] tee (1355038): drop_caches: 3
[278787.022505] tee (1355043): drop_caches: 3
[278791.117471] tee (1355049): drop_caches: 3
[278795.205845] tee (1355057): drop_caches: 3
[278799.298239] tee (1355063): drop_caches: 3
[278803.393169] tee (1355071): drop_caches: 3
[278807.499786] tee (1355079): drop_caches: 3
[278811.623625] tee (1355092): drop_caches: 3
[278815.715409] tee (1355100): drop_caches: 3
[278819.829400] tee (1355106): drop_caches: 3
[278823.926558] tee (1355111): drop_caches: 3
[278828.018773] tee (1355117): drop_caches: 3
[278832.115071] tee (1355123): drop_caches: 3
[278836.214829] tee (1355128): drop_caches: 3
[278840.402474] tee (1355134): drop_caches: 3
[278844.508092] tee (1355150): drop_caches: 3
[278848.619230] tee (1355156): drop_caches: 3
[278852.722022] tee (1355161): drop_caches: 3
[278856.822995] tee (1355166): drop_caches: 3
[278860.944026] tee (1355172): drop_caches: 3
[278865.050942] tee (1355178): drop_caches: 3
[278869.143920] tee (1355186): drop_caches: 3
[278873.265085] tee (1355202): drop_caches: 3
[278877.365810] tee (1355208): drop_caches: 3
[278881.460898] tee (1355213): drop_caches: 3
[278885.556159] tee (1355218): drop_caches: 3
[278889.655602] tee (1355224): drop_caches: 3
[278893.755023] tee (1355230): drop_caches: 3
[278897.852575] tee (1355236): drop_caches: 3
[278901.953044] tee (1355249): drop_caches: 3
[278906.056479] tee (1355257): drop_caches: 3
[278910.148661] tee (1355263): drop_caches: 3
[278914.236705] tee (1355271): drop_caches: 3
[278918.329304] tee (1355277): drop_caches: 3
[278922.425042] tee (1355283): drop_caches: 3
[278926.527044] tee (1355288): drop_caches: 3
[278930.624106] tee (1355296): drop_caches: 3
[278934.772950] tee (1355312): drop_caches: 3
[278938.879581] tee (1355318): drop_caches: 3
[278942.983183] tee (1355323): drop_caches: 3
[278947.084957] tee (1355328): drop_caches: 3
[278951.179375] tee (1355334): drop_caches: 3
[278955.272139] tee (1355340): drop_caches: 3
[278959.366504] tee (1355346): drop_caches: 3
[278963.453627] tee (1355362): drop_caches: 3
[278967.570126] tee (1355368): drop_caches: 3
[278971.673647] tee (1355373): drop_caches: 3
[278975.774950] tee (1355378): drop_caches: 3
[278979.873596] tee (1355384): drop_caches: 3
[278983.974351] tee (1355390): drop_caches: 3
[278988.073677] tee (1355398): drop_caches: 3
[278992.163416] tee (1355422): drop_caches: 3
[278996.250975] tee (1355430): drop_caches: 3
[279000.359017] tee (1355437): drop_caches: 3
[279004.456385] tee (1355442): drop_caches: 3
[279008.552779] tee (1355448): drop_caches: 3
[279012.652159] tee (1355454): drop_caches: 3
[279016.752928] tee (1355459): drop_caches: 3
[279020.855447] tee (1355465): drop_caches: 3
[279024.941824] tee (1355481): drop_caches: 3
[279029.082121] tee (1355487): drop_caches: 3
[279033.185009] tee (1355492): drop_caches: 3
[279037.281301] tee (1355497): drop_caches: 3
[279041.372114] tee (1355504): drop_caches: 3
[279045.467120] tee (1355509): drop_caches: 3
[279049.561751] tee (1355517): drop_caches: 3
[279053.652629] tee (1355533): drop_caches: 3
[279057.744360] tee (1355539): drop_caches: 3
[279061.863330] tee (1355544): drop_caches: 3
[279065.975466] tee (1355549): drop_caches: 3
[279070.075005] tee (1355555): drop_caches: 3
[279074.174698] tee (1355561): drop_caches: 3
[279078.273729] tee (1355567): drop_caches: 3
[279082.364775] tee (1355580): drop_caches: 3
[279086.447022] tee (1355588): drop_caches: 3
[279090.612672] tee (1355594): drop_caches: 3
[279094.730958] tee (1355599): drop_caches: 3
[279098.838397] tee (1355605): drop_caches: 3
[279102.939784] tee (1355613): drop_caches: 3
[279107.041425] tee (1355620): drop_caches: 3
[279111.133302] tee (1355636): drop_caches: 3
[279115.218144] tee (1355644): drop_caches: 3
[279119.312441] tee (1355650): drop_caches: 3
[279123.436790] tee (1355655): drop_caches: 3
[279127.545897] tee (1355660): drop_caches: 3
[279131.647848] tee (1355666): drop_caches: 3
[279135.740859] tee (1355672): drop_caches: 3
[279139.839251] tee (1355679): drop_caches: 3
[279143.929702] tee (1355695): drop_caches: 3
[279148.027837] tee (1355701): drop_caches: 3
[279152.129264] tee (1355706): drop_caches: 3
[279156.250107] tee (1355711): drop_caches: 3
[279160.344384] tee (1355717): drop_caches: 3
[279164.440204] tee (1355723): drop_caches: 3
[279168.536319] tee (1355731): drop_caches: 3
[279172.630809] tee (1355744): drop_caches: 3
[279176.721605] tee (1355752): drop_caches: 3
[279180.814303] tee (1355758): drop_caches: 3
[279184.971695] tee (1355763): drop_caches: 3
[279189.080687] tee (1355769): drop_caches: 3
[279193.180136] tee (1355774): drop_caches: 3
[279197.273096] tee (1355780): drop_caches: 3
[279201.368100] tee (1355794): drop_caches: 3
[279205.458664] tee (1355802): drop_caches: 3
[279209.551609] tee (1355808): drop_caches: 3
[279213.646497] tee (1355813): drop_caches: 3
[279217.773794] tee (1355819): drop_caches: 3
[279221.870534] tee (1355825): drop_caches: 3
[279225.972300] tee (1355830): drop_caches: 3
[279230.071076] tee (1355838): drop_caches: 3
[279234.160745] tee (1355854): drop_caches: 3
[279238.258598] tee (1355860): drop_caches: 3
[279242.358802] tee (1355865): drop_caches: 3
[279246.548765] tee (1355870): drop_caches: 3
[279250.663868] tee (1355876): drop_caches: 3
[279254.764370] tee (1355882): drop_caches: 3
[279258.865898] tee (1355888): drop_caches: 3
[279262.947602] tee (1355904): drop_caches: 3
[279267.048166] tee (1355909): drop_caches: 3
[279271.139614] tee (1355915): drop_caches: 3
[279275.233302] tee (1355920): drop_caches: 3
[279279.361513] tee (1355926): drop_caches: 3
[279283.467778] tee (1355932): drop_caches: 3
[279287.571775] tee (1355939): drop_caches: 3
[279291.670065] tee (1355953): drop_caches: 3
[279295.759522] tee (1355961): drop_caches: 3
[279299.859115] tee (1355967): drop_caches: 3
[279303.974792] tee (1355972): drop_caches: 3
[279308.066006] tee (1355978): drop_caches: 3
[279312.177650] tee (1355983): drop_caches: 3
[279316.275839] tee (1355989): drop_caches: 3
[279320.369413] tee (1355995): drop_caches: 3
[279324.458322] tee (1356011): drop_caches: 3
[279328.558846] tee (1356017): drop_caches: 3
[279332.661077] tee (1356022): drop_caches: 3
[279336.754491] tee (1356027): drop_caches: 3
[279340.900451] tee (1356033): drop_caches: 3
[279345.014284] tee (1356039): drop_caches: 3
[279349.110157] tee (1356047): drop_caches: 3
[279353.194058] tee (1356063): drop_caches: 3
[279357.290639] tee (1356068): drop_caches: 3
[279361.382415] tee (1356074): drop_caches: 3
[279365.477625] tee (1356079): drop_caches: 3
[279369.569511] tee (1356085): drop_caches: 3
[279373.701703] tee (1356090): drop_caches: 3
[279377.805675] tee (1356096): drop_caches: 3
[279381.902402] tee (1356110): drop_caches: 3
[279385.991044] tee (1356118): drop_caches: 3
[279390.089729] tee (1356124): drop_caches: 3
[279394.186393] tee (1356132): drop_caches: 3
[279398.282001] tee (1356138): drop_caches: 3
[279402.457104] tee (1356146): drop_caches: 3
[279406.584309] tee (1356151): drop_caches: 3
[279410.686694] tee (1356159): drop_caches: 3
[279414.778199] tee (1356175): drop_caches: 3
[279418.869658] tee (1356181): drop_caches: 3
[279422.964343] tee (1356186): drop_caches: 3
[279427.060432] tee (1356191): drop_caches: 3
[279431.150329] tee (1356197): drop_caches: 3
[279435.283413] tee (1356202): drop_caches: 3
[279439.382870] tee (1356209): drop_caches: 3
[279443.467086] tee (1356225): drop_caches: 3
[279447.569983] tee (1356231): drop_caches: 3
[279451.668220] tee (1356237): drop_caches: 3
[279455.770771] tee (1356242): drop_caches: 3
[279459.866285] tee (1356248): drop_caches: 3
[279463.966285] tee (1356255): drop_caches: 3
[279468.078428] tee (1356262): drop_caches: 3
[279472.170164] tee (1356276): drop_caches: 3
[279476.255673] tee (1356284): drop_caches: 3
[279480.347102] tee (1356290): drop_caches: 3
[279484.444182] tee (1356295): drop_caches: 3
[279488.535122] tee (1356301): drop_caches: 3
[279492.643212] tee (1356306): drop_caches: 3
[279496.816510] tee (1356311): drop_caches: 3
[279500.930494] tee (1356318): drop_caches: 3
[279505.018179] tee (1356334): drop_caches: 3
[279509.109237] tee (1356340): drop_caches: 3
[279513.201485] tee (1356345): drop_caches: 3
[279517.294966] tee (1356350): drop_caches: 3
[279521.401164] tee (1356362): drop_caches: 3
[279525.496372] tee (1356367): drop_caches: 3
[279529.615567] tee (1356375): drop_caches: 3
[279533.709309] tee (1356391): drop_caches: 3
[279537.803776] tee (1356396): drop_caches: 3
[279541.896499] tee (1356402): drop_caches: 3
[279545.992981] tee (1356407): drop_caches: 3
[279550.091580] tee (1356413): drop_caches: 3
[279554.193204] tee (1356418): drop_caches: 3
[279558.295738] tee (1356424): drop_caches: 3
[279562.414317] tee (1356438): drop_caches: 3
[279566.505103] tee (1356446): drop_caches: 3
[279570.602694] tee (1356452): drop_caches: 3
[279574.696756] tee (1356457): drop_caches: 3
[279578.795798] tee (1356463): drop_caches: 3
[279582.890129] tee (1356469): drop_caches: 3
[279586.984996] tee (1356476): drop_caches: 3
[279591.127088] tee (1356482): drop_caches: 3
[279595.246523] tee (1356498): drop_caches: 3
[279599.342918] tee (1356505): drop_caches: 3
[279603.444105] tee (1356510): drop_caches: 3
[279607.544605] tee (1356515): drop_caches: 3
[279611.642676] tee (1356521): drop_caches: 3
[279615.743434] tee (1356526): drop_caches: 3
[279619.841596] tee (1356533): drop_caches: 3
[279623.952478] tee (1356549): drop_caches: 3
[279628.055436] tee (1356554): drop_caches: 3
[279632.149930] tee (1356560): drop_caches: 3
[279636.244214] tee (1356565): drop_caches: 3
[279640.336311] tee (1356571): drop_caches: 3
[279644.445460] tee (1356577): drop_caches: 3
[279648.553334] tee (1356584): drop_caches: 3
[279652.724827] tee (1356598): drop_caches: 3
[279656.843592] tee (1356606): drop_caches: 3
[279660.954372] tee (1356612): drop_caches: 3
[279665.063079] tee (1356617): drop_caches: 3
[279669.162450] tee (1356623): drop_caches: 3
[279673.257942] tee (1356628): drop_caches: 3
[279677.351086] tee (1356633): drop_caches: 3
[279681.442033] tee (1356648): drop_caches: 3
[279685.562580] tee (1356656): drop_caches: 3
[279689.669125] tee (1356662): drop_caches: 3
[279693.759093] tee (1356669): drop_caches: 3
[279697.853871] tee (1356674): drop_caches: 3
[279701.946856] tee (1356683): drop_caches: 3
[279706.048279] tee (1356688): drop_caches: 3
[279710.147040] tee (1356696): drop_caches: 3
[279714.235858] tee (1356712): drop_caches: 3
[279718.343976] tee (1356720): drop_caches: 3
[279722.444854] tee (1356726): drop_caches: 3
[279726.547053] tee (1356731): drop_caches: 3
[279730.650570] tee (1356737): drop_caches: 3
[279734.751777] tee (1356742): drop_caches: 3
[279738.845995] tee (1356748): drop_caches: 3
[279742.945619] tee (1356762): drop_caches: 3
[279747.091591] tee (1356770): drop_caches: 3
[279751.196326] tee (1356778): drop_caches: 3
[279755.291485] tee (1356783): drop_caches: 3
[279759.383720] tee (1356789): drop_caches: 3
[279763.494034] tee (1356795): drop_caches: 3
[279767.594905] tee (1356802): drop_caches: 3
[279771.693806] tee (1356816): drop_caches: 3
[279775.786903] tee (1356824): drop_caches: 3
[279779.942333] tee (1356830): drop_caches: 3
[279784.049172] tee (1356835): drop_caches: 3
[279788.144289] tee (1356840): drop_caches: 3
[279792.237494] tee (1356846): drop_caches: 3
[279796.332867] tee (1356851): drop_caches: 3
[279800.431222] tee (1356858): drop_caches: 3
[279804.520484] tee (1356874): drop_caches: 3
[279808.708779] tee (1356879): drop_caches: 3
[279812.828117] tee (1356885): drop_caches: 3
[279816.937593] tee (1356890): drop_caches: 3
[279821.037725] tee (1356902): drop_caches: 3
[279825.137178] tee (1356908): drop_caches: 3
[279829.226687] tee (1356916): drop_caches: 3
[279833.321100] tee (1356929): drop_caches: 3
[279837.404572] tee (1356937): drop_caches: 3
[279841.537591] tee (1356943): drop_caches: 3
[279845.645252] tee (1356948): drop_caches: 3
[279849.743293] tee (1356954): drop_caches: 3
[279853.844315] tee (1356959): drop_caches: 3
[279857.939600] tee (1356964): drop_caches: 3
[279862.031418] tee (1356979): drop_caches: 3
[279866.116177] tee (1356987): drop_caches: 3
[279870.214715] tee (1356993): drop_caches: 3
[279874.337989] tee (1356998): drop_caches: 3
[279878.443787] tee (1357003): drop_caches: 3
[279882.540753] tee (1357010): drop_caches: 3
[279886.641675] tee (1357015): drop_caches: 3
[279890.740856] tee (1357023): drop_caches: 3
[279894.829321] tee (1357039): drop_caches: 3
[279898.931528] tee (1357044): drop_caches: 3
[279903.093618] tee (1357050): drop_caches: 3
[279907.201984] tee (1357055): drop_caches: 3
[279911.296393] tee (1357062): drop_caches: 3
[279915.392157] tee (1357067): drop_caches: 3
[279919.483074] tee (1357073): drop_caches: 3
[279923.582363] tee (1357087): drop_caches: 3
[279927.670979] tee (1357095): drop_caches: 3
[279931.771807] tee (1357101): drop_caches: 3
[279935.895102] tee (1357106): drop_caches: 3
[279939.998234] tee (1357112): drop_caches: 3
[279944.093943] tee (1357118): drop_caches: 3
[279948.187668] tee (1357125): drop_caches: 3
[279952.278935] tee (1357139): drop_caches: 3
[279956.362338] tee (1357147): drop_caches: 3
[279960.461387] tee (1357153): drop_caches: 3
[279964.663095] tee (1357158): drop_caches: 3
[279968.785579] tee (1357163): drop_caches: 3
[279972.898360] tee (1357169): drop_caches: 3
[279976.999538] tee (1357174): drop_caches: 3
[279981.092230] tee (1357180): drop_caches: 3
[279985.174429] tee (1357197): drop_caches: 3
[279989.267572] tee (1357203): drop_caches: 3
[279993.361246] tee (1357208): drop_caches: 3
[279997.492501] tee (1357216): drop_caches: 3
[280001.589384] tee (1357225): drop_caches: 3
[280005.691205] tee (1357230): drop_caches: 3
[280009.790302] tee (1357238): drop_caches: 3
[280013.891696] tee (1357252): drop_caches: 3
[280017.985648] tee (1357259): drop_caches: 3
[280022.079016] tee (1357265): drop_caches: 3
[280026.173096] tee (1357270): drop_caches: 3
[280030.289643] tee (1357276): drop_caches: 3
[280034.397233] tee (1357281): drop_caches: 3
[280038.498133] tee (1357286): drop_caches: 3
[280042.597482] tee (1357300): drop_caches: 3
[280046.689541] tee (1357309): drop_caches: 3
[280050.787406] tee (1357315): drop_caches: 3
[280054.887506] tee (1357320): drop_caches: 3
[280059.049599] tee (1357325): drop_caches: 3
[280063.160808] tee (1357332): drop_caches: 3
[280067.259272] tee (1357339): drop_caches: 3
[280071.354098] tee (1357353): drop_caches: 3
[280075.441019] tee (1357361): drop_caches: 3
[280079.534294] tee (1357367): drop_caches: 3
[280083.649438] tee (1357372): drop_caches: 3
[280087.749973] tee (1357377): drop_caches: 3
[280091.875578] tee (1357383): drop_caches: 3
[280095.982594] tee (1357388): drop_caches: 3
[280100.081729] tee (1357394): drop_caches: 3
[280104.165913] tee (1357411): drop_caches: 3
[280108.261628] tee (1357416): drop_caches: 3
[280112.354505] tee (1357422): drop_caches: 3
[280116.455636] tee (1357427): drop_caches: 3
[280120.554228] tee (1357438): drop_caches: 3
[280124.670591] tee (1357444): drop_caches: 3
[280128.773882] tee (1357451): drop_caches: 3
[280132.876178] tee (1357465): drop_caches: 3
[280136.978291] tee (1357473): drop_caches: 3
[280141.074366] tee (1357479): drop_caches: 3
[280145.176874] tee (1357484): drop_caches: 3
[280149.272827] tee (1357489): drop_caches: 3
[280153.414023] tee (1357496): drop_caches: 3
[280157.517741] tee (1357501): drop_caches: 3
[280161.610505] tee (1357515): drop_caches: 3
[280165.700068] tee (1357524): drop_caches: 3
[280169.798364] tee (1357530): drop_caches: 3
[280173.898487] tee (1357535): drop_caches: 3
[280177.999285] tee (1357540): drop_caches: 3
[280182.098488] tee (1357547): drop_caches: 3
[280186.217983] tee (1357552): drop_caches: 3
[280190.311034] tee (1357560): drop_caches: 3
[280194.397969] tee (1357576): drop_caches: 3
[280198.494145] tee (1357581): drop_caches: 3
[280202.593091] tee (1357588): drop_caches: 3
[280206.695210] tee (1357593): drop_caches: 3
[280210.816495] tee (1357599): drop_caches: 3
[280214.980040] tee (1357604): drop_caches: 3
[280219.114915] tee (1357609): drop_caches: 3
[280223.214687] tee (1357623): drop_caches: 3
[280227.300609] tee (1357632): drop_caches: 3
[280231.398233] tee (1357638): drop_caches: 3
[280235.492255] tee (1357643): drop_caches: 3
[280239.585190] tee (1357649): drop_caches: 3
[280243.678453] tee (1357655): drop_caches: 3
[280247.802018] tee (1357662): drop_caches: 3
[280251.898140] tee (1357676): drop_caches: 3
[280255.994923] tee (1357684): drop_caches: 3
[280260.096019] tee (1357690): drop_caches: 3
[280264.191070] tee (1357695): drop_caches: 3
[280268.286902] tee (1357700): drop_caches: 3
[280272.378638] tee (1357706): drop_caches: 3
[280276.478964] tee (1357711): drop_caches: 3
[280280.590942] tee (1357717): drop_caches: 3
[280284.682315] tee (1357733): drop_caches: 3
[280288.783689] tee (1357739): drop_caches: 3
[280292.881963] tee (1357745): drop_caches: 3
[280296.982479] tee (1357750): drop_caches: 3
[280301.072927] tee (1357759): drop_caches: 3
[280305.169119] tee (1357767): drop_caches: 3
[280309.313472] tee (1357774): drop_caches: 3
[280313.421051] tee (1357788): drop_caches: 3
[280317.504779] tee (1357796): drop_caches: 3
[280321.610773] tee (1357802): drop_caches: 3
[280325.705754] tee (1357807): drop_caches: 3
[280329.802217] tee (1357813): drop_caches: 3
[280333.897280] tee (1357818): drop_caches: 3
[280337.995583] tee (1357823): drop_caches: 3
[280342.108135] tee (1357837): drop_caches: 3
[280346.193807] tee (1357846): drop_caches: 3
[280350.294185] tee (1357852): drop_caches: 3
[280354.394672] tee (1357857): drop_caches: 3
[280358.486550] tee (1357862): drop_caches: 3
[280362.579054] tee (1357869): drop_caches: 3
[280366.673421] tee (1357874): drop_caches: 3
[280370.854042] tee (1357882): drop_caches: 3
[280374.964080] tee (1357898): drop_caches: 3
[280379.065194] tee (1357903): drop_caches: 3
[280383.163705] tee (1357909): drop_caches: 3
[280387.259622] tee (1357914): drop_caches: 3
[280391.350892] tee (1357920): drop_caches: 3
[280395.459441] tee (1357925): drop_caches: 3
[280399.560071] tee (1357930): drop_caches: 3
[280403.690973] tee (1357944): drop_caches: 3
[280407.780773] tee (1357954): drop_caches: 3
[280411.875275] tee (1357960): drop_caches: 3
[280415.968925] tee (1357965): drop_caches: 3
[280420.060873] tee (1357977): drop_caches: 3
[280424.154134] tee (1357983): drop_caches: 3
[280428.253664] tee (1357990): drop_caches: 3
[280432.345225] tee (1358004): drop_caches: 3
[280436.451769] tee (1358012): drop_caches: 3
[280440.553231] tee (1358018): drop_caches: 3
[280444.656938] tee (1358023): drop_caches: 3
[280448.761094] tee (1358028): drop_caches: 3
[280452.861689] tee (1358034): drop_caches: 3
[280456.977858] tee (1358039): drop_caches: 3
[280461.074005] tee (1358045): drop_caches: 3
[280465.214506] tee (1358061): drop_caches: 3
[280469.321430] tee (1358067): drop_caches: 3
[280473.415498] tee (1358073): drop_caches: 3
[280477.516596] tee (1358078): drop_caches: 3
[280481.616442] tee (1358085): drop_caches: 3
[280485.717413] tee (1358090): drop_caches: 3
[280489.818964] tee (1358097): drop_caches: 3
[280493.910761] tee (1358111): drop_caches: 3
[280498.017216] tee (1358119): drop_caches: 3
[280502.112759] tee (1358125): drop_caches: 3
[280506.222132] tee (1358130): drop_caches: 3
[280510.320321] tee (1358136): drop_caches: 3
[280514.417198] tee (1358141): drop_caches: 3
[280518.517809] tee (1358146): drop_caches: 3
[280522.615618] tee (1358160): drop_caches: 3
[280526.857830] tee (1358168): drop_caches: 3
[280530.980125] tee (1358175): drop_caches: 3
[280535.083710] tee (1358180): drop_caches: 3
[280539.180208] tee (1358185): drop_caches: 3
[280543.302324] tee (1358192): drop_caches: 3
[280547.410550] tee (1358199): drop_caches: 3
[280551.509262] tee (1358205): drop_caches: 3
[280555.590831] tee (1358221): drop_caches: 3
[280559.729346] tee (1358226): drop_caches: 3
[280563.837189] tee (1358232): drop_caches: 3
[280567.935145] tee (1358237): drop_caches: 3
[280572.026302] tee (1358243): drop_caches: 3
[280576.124962] tee (1358248): drop_caches: 3
[280580.218114] tee (1358254): drop_caches: 3
[280584.313148] tee (1358267): drop_caches: 3
[280588.399121] tee (1358276): drop_caches: 3
[280592.515574] tee (1358282): drop_caches: 3
[280596.612682] tee (1358290): drop_caches: 3
[280600.705564] tee (1358296): drop_caches: 3
[280604.808257] tee (1358304): drop_caches: 3
[280608.912460] tee (1358311): drop_caches: 3
[280613.010406] tee (1358325): drop_caches: 3
[280617.096532] tee (1358333): drop_caches: 3
[280621.253946] tee (1358339): drop_caches: 3
[280625.427037] tee (1358347): drop_caches: 3
[280625.466564] mix-mixT-fixed37-1350596 phase=A END
[280625.481893] mix-mixT-fixed37-1350596 phase=B START
[281630.647754] mix-mixT-fixed37-1350596 phase=B chunk=1/4 done
[282635.768659] mix-mixT-fixed37-1350596 phase=B chunk=2/4 done
[283641.367262] mix-mixT-fixed37-1350596 phase=B chunk=3/4 done
[284646.961690] mix-mixT-fixed37-1350596 phase=B chunk=4/4 done
[284647.001277] mix-mixT-fixed37-1350596 phase=B END
[284647.013959] mix-mixT-fixed37-1350596 phase=C START
[285092.741167] audit: type=1400 audit(1791126000.786:406): apparmor="DENIED" operation="capable" class="cap" profile="/usr/sbin/cupsd" pid=1618304 comm="cupsd" capability=12  capname="net_admin"
[285094.454202] audit: type=1400 audit(1791126002.499:407): apparmor="DENIED" operation="open" class="file" profile="snap.firmware-updater.firmware-notifier" name="/proc/sys/vm/max_map_count" pid=1618275 comm="firmware-notifi" requested_mask="r" denied_mask="r" fsuid=1000 ouid=0
[288650.101863] mix-mixT-fixed37-1350596 phase=C chunk=1/1 done
[288650.737675] mix-mixT-fixed37-1350596 phase=C END
[288650.747086] mix-mixT-fixed37-1350596 phase=D START
[288650.756847] mix-mixT-fixed37-1350596 phase=D RUN
[288654.972903] tee (1620742): drop_caches: 3
[288659.083224] tee (1620756): drop_caches: 3
[288663.197166] tee (1620764): drop_caches: 3
[288667.304809] tee (1620770): drop_caches: 3
[288671.410967] tee (1620775): drop_caches: 3
[288675.502347] tee (1620784): drop_caches: 3
[288679.594431] tee (1620789): drop_caches: 3
[288683.717139] tee (1620798): drop_caches: 3
[288687.810817] tee (1620804): drop_caches: 3
[288691.902286] tee (1620817): drop_caches: 3
[288695.989728] tee (1620823): drop_caches: 3
[288700.082086] tee (1620828): drop_caches: 3
[288704.167928] tee (1620839): drop_caches: 3
[288708.258075] tee (1620847): drop_caches: 3
[288712.355518] tee (1620855): drop_caches: 3
[288716.472603] tee (1620861): drop_caches: 3
[288720.569735] tee (1620874): drop_caches: 3
[288724.668260] tee (1620879): drop_caches: 3
[288728.770854] tee (1620885): drop_caches: 3
[288732.860463] tee (1620890): drop_caches: 3
[288736.939319] tee (1620899): drop_caches: 3
[288741.030036] tee (1620904): drop_caches: 3
[288745.174936] tee (1620909): drop_caches: 3
[288749.280395] tee (1620923): drop_caches: 3
[288753.383307] tee (1620928): drop_caches: 3
[288757.486810] tee (1620934): drop_caches: 3
[288761.583735] tee (1620940): drop_caches: 3
[288765.668859] tee (1620949): drop_caches: 3
[288769.768688] tee (1620956): drop_caches: 3
[288773.858938] tee (1620961): drop_caches: 3
[288777.969097] tee (1620967): drop_caches: 3
[288782.067790] tee (1620980): drop_caches: 3
[288786.163719] tee (1620986): drop_caches: 3
[288790.259711] tee (1620991): drop_caches: 3
[288794.339128] tee (1620999): drop_caches: 3
[288798.433331] tee (1621006): drop_caches: 3
[288802.555656] tee (1621011): drop_caches: 3
[288806.747380] tee (1621017): drop_caches: 3
[288810.857470] tee (1621030): drop_caches: 3
[288814.955482] tee (1621035): drop_caches: 3
[288819.046116] tee (1621047): drop_caches: 3
[288823.136644] tee (1621053): drop_caches: 3
[288827.216793] tee (1621064): drop_caches: 3
[288831.308014] tee (1621069): drop_caches: 3
[288835.396268] tee (1621075): drop_caches: 3
[288839.520379] tee (1621088): drop_caches: 3
[288843.623000] tee (1621093): drop_caches: 3
[288847.720068] tee (1621099): drop_caches: 3
[288851.819236] tee (1621104): drop_caches: 3
[288855.898410] tee (1621113): drop_caches: 3
[288859.988602] tee (1621118): drop_caches: 3
[288864.078885] tee (1621123): drop_caches: 3
[288868.167989] tee (1621129): drop_caches: 3
[288872.273576] tee (1621142): drop_caches: 3
[288876.365124] tee (1621148): drop_caches: 3
[288880.461312] tee (1621153): drop_caches: 3
[288884.541179] tee (1621162): drop_caches: 3
[288888.634913] tee (1621170): drop_caches: 3
[288892.732095] tee (1621175): drop_caches: 3
[288896.819015] tee (1621181): drop_caches: 3
[288900.967603] tee (1621194): drop_caches: 3
[288905.078528] tee (1621326): drop_caches: 3
[288909.170610] tee (1621332): drop_caches: 3
[288913.268275] tee (1621337): drop_caches: 3
[288917.346988] tee (1621346): drop_caches: 3
[288921.437891] tee (1621351): drop_caches: 3
[288925.525831] tee (1621357): drop_caches: 3
[288929.620595] tee (1621370): drop_caches: 3
[288933.742847] tee (1621375): drop_caches: 3
[288937.842183] tee (1621381): drop_caches: 3
[288941.934598] tee (1621387): drop_caches: 3
[288946.013744] tee (1621396): drop_caches: 3
[288950.105709] tee (1621403): drop_caches: 3
[288954.201318] tee (1621408): drop_caches: 3
[288958.289020] tee (1621414): drop_caches: 3
[288962.383947] tee (1621427): drop_caches: 3
[288966.490986] tee (1621433): drop_caches: 3
[288970.589432] tee (1621438): drop_caches: 3
[288974.675760] tee (1621446): drop_caches: 3
[288978.764385] tee (1621452): drop_caches: 3
[288982.854806] tee (1621457): drop_caches: 3
[288986.942936] tee (1621463): drop_caches: 3
[288991.032401] tee (1621476): drop_caches: 3
[288995.161121] tee (1621484): drop_caches: 3
[288999.257273] tee (1621490): drop_caches: 3
[289003.357449] tee (1621498): drop_caches: 3
[289007.443581] tee (1621509): drop_caches: 3
[289011.548478] tee (1621514): drop_caches: 3
[289015.646180] tee (1621520): drop_caches: 3
[289019.734613] tee (1621533): drop_caches: 3
[289023.831117] tee (1621538): drop_caches: 3
[289027.939813] tee (1621544): drop_caches: 3
[289032.034750] tee (1621549): drop_caches: 3
[289036.115135] tee (1621558): drop_caches: 3
[289040.204656] tee (1621563): drop_caches: 3
[289044.295664] tee (1621568): drop_caches: 3
[289048.384436] tee (1621574): drop_caches: 3
[289052.473494] tee (1621587): drop_caches: 3
[289056.651124] tee (1621593): drop_caches: 3
[289060.761859] tee (1621598): drop_caches: 3
[289064.860708] tee (1621607): drop_caches: 3
[289068.950211] tee (1621615): drop_caches: 3
[289073.041780] tee (1621620): drop_caches: 3
[289077.130546] tee (1621626): drop_caches: 3
[289081.220517] tee (1621639): drop_caches: 3
[289085.312130] tee (1621644): drop_caches: 3
[289089.439613] tee (1621650): drop_caches: 3
[289093.542981] tee (1621655): drop_caches: 3
[289097.629005] tee (1621664): drop_caches: 3
[289101.719202] tee (1621669): drop_caches: 3
[289105.812440] tee (1621675): drop_caches: 3
[289109.907532] tee (1621688): drop_caches: 3
[289114.006743] tee (1621693): drop_caches: 3
[289118.110701] tee (1621699): drop_caches: 3
[289122.215891] tee (1621710): drop_caches: 3
[289126.296337] tee (1621719): drop_caches: 3
[289130.387059] tee (1621726): drop_caches: 3
[289134.477929] tee (1621731): drop_caches: 3
[289138.572165] tee (1621738): drop_caches: 3
[289142.662090] tee (1621751): drop_caches: 3
[289146.750136] tee (1621757): drop_caches: 3
[289150.897891] tee (1621762): drop_caches: 3
[289154.990548] tee (1621770): drop_caches: 3
[289159.082364] tee (1621776): drop_caches: 3
[289163.179718] tee (1621781): drop_caches: 3
[289167.274280] tee (1621787): drop_caches: 3
[289171.369896] tee (1621800): drop_caches: 3
[289175.465948] tee (1621805): drop_caches: 3
[289179.560729] tee (1621811): drop_caches: 3
[289183.680553] tee (1621817): drop_caches: 3
[289187.769182] tee (1621828): drop_caches: 3
[289191.860423] tee (1621833): drop_caches: 3
[289195.952205] tee (1621838): drop_caches: 3
[289200.040824] tee (1621854): drop_caches: 3
[289204.142857] tee (1621859): drop_caches: 3
[289208.237202] tee (1621865): drop_caches: 3
[289212.326157] tee (1621870): drop_caches: 3
[289216.417761] tee (1621879): drop_caches: 3
[289220.514038] tee (1621884): drop_caches: 3
[289224.604765] tee (1621889): drop_caches: 3
[289228.701908] tee (1621895): drop_caches: 3
[289232.788958] tee (1621908): drop_caches: 3
[289236.875616] tee (1621915): drop_caches: 3
[289240.964309] tee (1621920): drop_caches: 3
[289245.087187] tee (1621929): drop_caches: 3
[289249.191193] tee (1621937): drop_caches: 3
[289253.290210] tee (1621942): drop_caches: 3
[289257.384626] tee (1621948): drop_caches: 3
[289261.479717] tee (1621962): drop_caches: 3
[289265.582189] tee (1621967): drop_caches: 3
[289269.675792] tee (1621973): drop_caches: 3
[289273.772404] tee (1621978): drop_caches: 3
[289277.909260] tee (1621987): drop_caches: 3
[289282.003295] tee (1621992): drop_caches: 3
[289286.104512] tee (1621997): drop_caches: 3
[289290.198418] tee (1622011): drop_caches: 3
[289294.294641] tee (1622016): drop_caches: 3
[289298.390763] tee (1622022): drop_caches: 3
[289302.481459] tee (1622030): drop_caches: 3
[289306.632182] tee (1622040): drop_caches: 3
[289310.742071] tee (1622047): drop_caches: 3
[289314.833535] tee (1622055): drop_caches: 3
[289318.921217] tee (1622069): drop_caches: 3
[289323.011498] tee (1622075): drop_caches: 3
[289327.099709] tee (1622081): drop_caches: 3
[289331.190705] tee (1622086): drop_caches: 3
[289335.275277] tee (1622094): drop_caches: 3
[289339.405043] tee (1622101): drop_caches: 3
[289343.506572] tee (1622106): drop_caches: 3
[289347.602885] tee (1622112): drop_caches: 3
[289351.697953] tee (1622125): drop_caches: 3
[289355.794902] tee (1622130): drop_caches: 3
[289359.882290] tee (1622136): drop_caches: 3
[289363.973486] tee (1622142): drop_caches: 3
[289368.052002] tee (1622153): drop_caches: 3
[289372.162978] tee (1622158): drop_caches: 3
[289376.262814] tee (1622164): drop_caches: 3
[289380.357666] tee (1622178): drop_caches: 3
[289384.454399] tee (1622183): drop_caches: 3
[289388.547492] tee (1622189): drop_caches: 3
[289392.637579] tee (1622194): drop_caches: 3
[289396.716547] tee (1622203): drop_caches: 3
[289400.859709] tee (1622208): drop_caches: 3
[289404.968185] tee (1622213): drop_caches: 3
[289409.057072] tee (1622227): drop_caches: 3
[289413.158438] tee (1622232): drop_caches: 3
[289417.257881] tee (1622238): drop_caches: 3
[289421.352840] tee (1622250): drop_caches: 3
[289425.437058] tee (1622258): drop_caches: 3
[289429.533128] tee (1622266): drop_caches: 3
[289433.654033] tee (1622271): drop_caches: 3
[289437.751972] tee (1622277): drop_caches: 3
[289441.848035] tee (1622291): drop_caches: 3
[289445.945340] tee (1622296): drop_caches: 3
[289450.039376] tee (1622302): drop_caches: 3
[289454.136536] tee (1622307): drop_caches: 3
[289458.224227] tee (1622316): drop_caches: 3
[289462.350912] tee (1622321): drop_caches: 3
[289466.463099] tee (1622327): drop_caches: 3
[289470.581726] tee (1622340): drop_caches: 3
[289474.672395] tee (1622345): drop_caches: 3
[289478.759703] tee (1622351): drop_caches: 3
[289482.849310] tee (1622357): drop_caches: 3
[289486.928412] tee (1622366): drop_caches: 3
[289491.019488] tee (1622373): drop_caches: 3
[289495.148561] tee (1622378): drop_caches: 3
[289499.242686] tee (1622392): drop_caches: 3
[289503.341324] tee (1622398): drop_caches: 3
[289507.436036] tee (1622404): drop_caches: 3
[289511.533631] tee (1622409): drop_caches: 3
[289515.619187] tee (1622417): drop_caches: 3
[289519.713622] tee (1622423): drop_caches: 3
[289523.810142] tee (1622428): drop_caches: 3
[289527.914755] tee (1622434): drop_caches: 3
[289532.005707] tee (1622447): drop_caches: 3
[289536.096004] tee (1622452): drop_caches: 3
[289540.184388] tee (1622458): drop_caches: 3
[289544.288939] tee (1622464): drop_caches: 3
[289548.382087] tee (1622475): drop_caches: 3
[289552.478822] tee (1622480): drop_caches: 3
[289556.643070] tee (1622485): drop_caches: 3
[289560.747635] tee (1622499): drop_caches: 3
[289564.842109] tee (1622505): drop_caches: 3
[289568.930799] tee (1622511): drop_caches: 3
[289573.023689] tee (1622516): drop_caches: 3
[289577.108186] tee (1622525): drop_caches: 3
[289581.199079] tee (1622530): drop_caches: 3
[289585.295863] tee (1622535): drop_caches: 3
[289589.417288] tee (1622549): drop_caches: 3
[289593.504540] tee (1622557): drop_caches: 3
[289597.599969] tee (1622563): drop_caches: 3
[289601.698533] tee (1622571): drop_caches: 3
[289605.784000] tee (1622579): drop_caches: 3
[289609.878544] tee (1622587): drop_caches: 3
[289613.975601] tee (1622592): drop_caches: 3
[289618.063822] tee (1622598): drop_caches: 3
[289622.166699] tee (1622612): drop_caches: 3
[289626.265531] tee (1622617): drop_caches: 3
[289630.361600] tee (1622623): drop_caches: 3
[289634.438853] tee (1622630): drop_caches: 3
[289638.533502] tee (1622637): drop_caches: 3
[289642.630020] tee (1622642): drop_caches: 3
[289646.727278] tee (1622647): drop_caches: 3
[289650.865048] tee (1622661): drop_caches: 3
[289654.965906] tee (1622666): drop_caches: 3
[289659.056894] tee (1622672): drop_caches: 3
[289663.152481] tee (1622678): drop_caches: 3
[289667.231248] tee (1622689): drop_caches: 3
[289671.328639] tee (1622694): drop_caches: 3
[289675.418949] tee (1622699): drop_caches: 3
[289679.506139] tee (1622713): drop_caches: 3
[289683.624176] tee (1622719): drop_caches: 3
[289687.722171] tee (1622725): drop_caches: 3
[289691.819691] tee (1622730): drop_caches: 3
[289695.898541] tee (1622738): drop_caches: 3
[289699.986961] tee (1622744): drop_caches: 3
[289704.078354] tee (1622749): drop_caches: 3
[289708.173255] tee (1622755): drop_caches: 3
[289712.376173] tee (1622768): drop_caches: 3
[289716.487446] tee (1622776): drop_caches: 3
[289720.594762] tee (1622787): drop_caches: 3
[289724.673653] tee (1622796): drop_caches: 3
[289728.761299] tee (1622804): drop_caches: 3
[289732.851303] tee (1622809): drop_caches: 3
[289736.938540] tee (1622815): drop_caches: 3
[289741.028969] tee (1622828): drop_caches: 3
[289745.159449] tee (1622834): drop_caches: 3
[289749.260243] tee (1622840): drop_caches: 3
[289753.358007] tee (1622845): drop_caches: 3
[289757.443155] tee (1622854): drop_caches: 3
[289761.541116] tee (1622859): drop_caches: 3
[289765.637578] tee (1622864): drop_caches: 3
[289769.731577] tee (1622878): drop_caches: 3
[289773.828782] tee (1622883): drop_caches: 3
[289777.933492] tee (1622889): drop_caches: 3
[289782.032433] tee (1622895): drop_caches: 3
[289786.121218] tee (1622903): drop_caches: 3
[289790.215629] tee (1622911): drop_caches: 3
[289794.312105] tee (1622916): drop_caches: 3
[289798.400006] tee (1622922): drop_caches: 3
[289802.496764] tee (1622936): drop_caches: 3
[289806.647237] tee (1622942): drop_caches: 3
[289810.755582] tee (1622949): drop_caches: 3
[289814.837065] tee (1622957): drop_caches: 3
[289818.925083] tee (1622963): drop_caches: 3
[289823.017891] tee (1622968): drop_caches: 3
[289827.105990] tee (1622974): drop_caches: 3
[289831.202362] tee (1622987): drop_caches: 3
[289835.291751] tee (1622992): drop_caches: 3
[289839.406946] tee (1622998): drop_caches: 3
[289843.506682] tee (1623004): drop_caches: 3
[289847.592669] tee (1623015): drop_caches: 3
[289851.689867] tee (1623020): drop_caches: 3
[289855.786908] tee (1623025): drop_caches: 3
[289859.873055] tee (1623039): drop_caches: 3
[289863.964010] tee (1623044): drop_caches: 3
[289868.070635] tee (1623051): drop_caches: 3
[289872.179399] tee (1623056): drop_caches: 3
[289876.267172] tee (1623064): drop_caches: 3
[289880.356668] tee (1623071): drop_caches: 3
[289884.452967] tee (1623076): drop_caches: 3
[289888.547969] tee (1623082): drop_caches: 3
[289892.644554] tee (1623095): drop_caches: 3
[289896.735184] tee (1623100): drop_caches: 3
[289900.866535] tee (1623106): drop_caches: 3
[289904.953496] tee (1623117): drop_caches: 3
[289909.041041] tee (1623128): drop_caches: 3
[289913.132770] tee (1623134): drop_caches: 3
[289917.221089] tee (1623140): drop_caches: 3
[289921.310751] tee (1623153): drop_caches: 3
[289925.407238] tee (1623159): drop_caches: 3
[289929.508439] tee (1623165): drop_caches: 3
[289933.625478] tee (1623170): drop_caches: 3
[289937.713923] tee (1623179): drop_caches: 3
[289941.805821] tee (1623184): drop_caches: 3
[289945.904187] tee (1623189): drop_caches: 3
[289950.007223] tee (1623203): drop_caches: 3
[289954.103151] tee (1623208): drop_caches: 3
[289958.197822] tee (1623214): drop_caches: 3
[289962.421541] tee (1623220): drop_caches: 3
[289966.531192] tee (1623228): drop_caches: 3
[289970.633943] tee (1623236): drop_caches: 3
[289974.732886] tee (1623241): drop_caches: 3
[289978.821418] tee (1623247): drop_caches: 3
[289982.912823] tee (1623260): drop_caches: 3
[289987.002712] tee (1623266): drop_caches: 3
[289991.091401] tee (1623272): drop_caches: 3
[289995.209727] tee (1623280): drop_caches: 3
[289999.311043] tee (1623286): drop_caches: 3
[290003.408850] tee (1623291): drop_caches: 3
[290007.497793] tee (1623297): drop_caches: 3
[290011.598386] tee (1623310): drop_caches: 3
[290015.695982] tee (1623315): drop_caches: 3
[290019.790683] tee (1623327): drop_caches: 3
[290023.886623] tee (1623333): drop_caches: 3
[290027.981204] tee (1623344): drop_caches: 3
[290032.073957] tee (1623349): drop_caches: 3
[290036.171333] tee (1623354): drop_caches: 3
[290040.265420] tee (1623368): drop_caches: 3
[290044.362435] tee (1623373): drop_caches: 3
[290048.457551] tee (1623380): drop_caches: 3
[290052.555183] tee (1623385): drop_caches: 3
[290056.694838] tee (1623393): drop_caches: 3
[290060.795008] tee (1623399): drop_caches: 3
[290064.888899] tee (1623404): drop_caches: 3
[290068.980758] tee (1623410): drop_caches: 3
[290073.067917] tee (1623423): drop_caches: 3
[290077.164366] tee (1623428): drop_caches: 3
[290081.252123] tee (1623435): drop_caches: 3
[290085.330921] tee (1623443): drop_caches: 3
[290089.448996] tee (1623451): drop_caches: 3
[290093.549257] tee (1623456): drop_caches: 3
[290097.638525] tee (1623462): drop_caches: 3
[290101.734616] tee (1623475): drop_caches: 3
[290105.832170] tee (1623480): drop_caches: 3
[290109.926442] tee (1623487): drop_caches: 3
[290114.023996] tee (1623492): drop_caches: 3
[290118.110002] tee (1623501): drop_caches: 3
[290122.218332] tee (1623506): drop_caches: 3
[290126.317326] tee (1623511): drop_caches: 3
[290130.405507] tee (1623525): drop_caches: 3
[290134.502303] tee (1623530): drop_caches: 3
[290138.598222] tee (1623536): drop_caches: 3
[290142.694057] tee (1623542): drop_caches: 3
[290146.772066] tee (1623550): drop_caches: 3
[290150.900829] tee (1623558): drop_caches: 3
[290154.999235] tee (1623563): drop_caches: 3
[290159.106890] tee (1623577): drop_caches: 3
[290163.198202] tee (1623582): drop_caches: 3
[290167.288512] tee (1623588): drop_caches: 3
[290171.383979] tee (1623594): drop_caches: 3
[290175.469520] tee (1623602): drop_caches: 3
[290179.564507] tee (1623608): drop_caches: 3
[290183.679441] tee (1623613): drop_caches: 3
[290187.770792] tee (1623619): drop_caches: 3
[290191.862709] tee (1623632): drop_caches: 3
[290195.946726] tee (1623640): drop_caches: 3
[290200.034306] tee (1623646): drop_caches: 3
[290204.131586] tee (1623654): drop_caches: 3
[290208.243049] tee (1623665): drop_caches: 3
[290212.411923] tee (1623670): drop_caches: 3
[290216.526989] tee (1623675): drop_caches: 3
[290220.626377] tee (1623689): drop_caches: 3
[290224.724980] tee (1623694): drop_caches: 3
[290228.812860] tee (1623701): drop_caches: 3
[290232.903790] tee (1623706): drop_caches: 3
[290236.982900] tee (1623714): drop_caches: 3
[290241.078803] tee (1623720): drop_caches: 3
[290245.201699] tee (1623725): drop_caches: 3
[290249.293802] tee (1623739): drop_caches: 3
[290253.386879] tee (1623744): drop_caches: 3
[290257.477069] tee (1623749): drop_caches: 3
[290261.564436] tee (1623756): drop_caches: 3
[290265.649031] tee (1623764): drop_caches: 3
[290269.744683] tee (1623772): drop_caches: 3
[290273.840818] tee (1623777): drop_caches: 3
[290277.943230] tee (1623783): drop_caches: 3
[290282.040850] tee (1623796): drop_caches: 3
[290286.137753] tee (1623801): drop_caches: 3
[290290.232201] tee (1623808): drop_caches: 3
[290294.329504] tee (1623813): drop_caches: 3
[290298.415138] tee (1623822): drop_caches: 3
[290302.510897] tee (1623827): drop_caches: 3
[290306.663505] tee (1623832): drop_caches: 3
[290310.761813] tee (1623846): drop_caches: 3
[290314.853597] tee (1623851): drop_caches: 3
[290318.941765] tee (1623857): drop_caches: 3
[290323.032922] tee (1623868): drop_caches: 3
[290327.112766] tee (1623878): drop_caches: 3
[290331.201703] tee (1623884): drop_caches: 3
[290335.292963] tee (1623889): drop_caches: 3
[290339.402910] tee (1623903): drop_caches: 3
[290343.496396] tee (1623908): drop_caches: 3
[290347.587676] tee (1623913): drop_caches: 3
[290351.684220] tee (1623920): drop_caches: 3
[290355.768781] tee (1623928): drop_caches: 3
[290359.860615] tee (1623934): drop_caches: 3
[290363.950930] tee (1623939): drop_caches: 3
[290368.084975] tee (1623946): drop_caches: 3
[290372.201651] tee (1623959): drop_caches: 3
[290376.295848] tee (1623964): drop_caches: 3
[290380.391093] tee (1623970): drop_caches: 3
[290384.488025] tee (1623976): drop_caches: 3
[290388.572991] tee (1623987): drop_caches: 3
[290392.670218] tee (1623992): drop_caches: 3
[290396.759250] tee (1623997): drop_caches: 3
[290400.884244] tee (1624012): drop_caches: 3
[290404.982850] tee (1624017): drop_caches: 3
[290409.072780] tee (1624023): drop_caches: 3
[290413.168874] tee (1624029): drop_caches: 3
[290417.246609] tee (1624037): drop_caches: 3
[290421.333584] tee (1624044): drop_caches: 3
[290425.430425] tee (1624049): drop_caches: 3
[290429.516936] tee (1624063): drop_caches: 3
[290433.623298] tee (1624068): drop_caches: 3
[290437.715563] tee (1624073): drop_caches: 3
[290441.802970] tee (1624080): drop_caches: 3
[290445.886687] tee (1624088): drop_caches: 3
[290449.980911] tee (1624096): drop_caches: 3
[290454.078177] tee (1624101): drop_caches: 3
[290458.165916] tee (1624107): drop_caches: 3
[290462.331347] tee (1624120): drop_caches: 3
[290466.449920] tee (1624125): drop_caches: 3
[290470.546954] tee (1624132): drop_caches: 3
[290474.644456] tee (1624137): drop_caches: 3
[290478.723249] tee (1624146): drop_caches: 3
[290482.812711] tee (1624151): drop_caches: 3
[290486.903048] tee (1624156): drop_caches: 3
[290490.990636] tee (1624170): drop_caches: 3
[290495.107659] tee (1624175): drop_caches: 3
[290499.198060] tee (1624184): drop_caches: 3
[290503.295531] tee (1624192): drop_caches: 3
[290507.380590] tee (1624202): drop_caches: 3
[290511.475419] tee (1624208): drop_caches: 3
[290515.564718] tee (1624213): drop_caches: 3
[290519.658633] tee (1624227): drop_caches: 3
[290523.750194] tee (1624232): drop_caches: 3
[290527.852524] tee (1624237): drop_caches: 3
[290531.943255] tee (1624244): drop_caches: 3
[290536.021708] tee (1624252): drop_caches: 3
[290540.122628] tee (1624258): drop_caches: 3
[290544.214885] tee (1624263): drop_caches: 3
[290548.302360] tee (1624269): drop_caches: 3
[290552.398257] tee (1624282): drop_caches: 3
[290556.578593] tee (1624288): drop_caches: 3
[290560.677341] tee (1624294): drop_caches: 3
[290564.768747] tee (1624300): drop_caches: 3
[290568.851979] tee (1624311): drop_caches: 3
[290572.941353] tee (1624316): drop_caches: 3
[290577.031159] tee (1624321): drop_caches: 3
[290581.123239] tee (1624335): drop_caches: 3
[290585.219164] tee (1624340): drop_caches: 3
[290589.345912] tee (1624346): drop_caches: 3
[290593.445055] tee (1624352): drop_caches: 3
[290597.535127] tee (1624360): drop_caches: 3
[290601.622793] tee (1624366): drop_caches: 3
[290605.712713] tee (1624371): drop_caches: 3
[290609.798422] tee (1624385): drop_caches: 3
[290613.888006] tee (1624390): drop_caches: 3
[290618.081824] tee (1624395): drop_caches: 3
[290622.197273] tee (1624408): drop_caches: 3
[290626.291151] tee (1624416): drop_caches: 3
[290630.387672] tee (1624424): drop_caches: 3
[290634.484190] tee (1624429): drop_caches: 3
[290638.571677] tee (1624435): drop_caches: 3
[290642.660848] tee (1624448): drop_caches: 3
[290646.750080] tee (1624453): drop_caches: 3
[290650.872793] tee (1624459): drop_caches: 3
[290654.968638] tee (1624465): drop_caches: 3
[290659.049744] tee (1624474): drop_caches: 3
[290663.140092] tee (1624479): drop_caches: 3
[290667.237308] tee (1624484): drop_caches: 3
[290671.331074] tee (1624498): drop_caches: 3
[290675.421219] tee (1624503): drop_caches: 3
[290679.515320] tee (1624509): drop_caches: 3
[290683.621139] tee (1624515): drop_caches: 3
[290687.701803] tee (1624525): drop_caches: 3
[290691.789095] tee (1624531): drop_caches: 3
[290695.878532] tee (1624536): drop_caches: 3
[290699.965796] tee (1624550): drop_caches: 3
[290704.057719] tee (1624555): drop_caches: 3
[290708.148969] tee (1624560): drop_caches: 3
[290712.304764] tee (1624566): drop_caches: 3
[290716.413888] tee (1624575): drop_caches: 3
[290720.511885] tee (1624581): drop_caches: 3
[290724.602546] tee (1624586): drop_caches: 3
[290728.689504] tee (1624592): drop_caches: 3
[290732.778237] tee (1624605): drop_caches: 3
[290736.866400] tee (1624610): drop_caches: 3
[290740.955075] tee (1624616): drop_caches: 3
[290745.073020] tee (1624622): drop_caches: 3
[290749.155872] tee (1624633): drop_caches: 3
[290753.252990] tee (1624639): drop_caches: 3
[290757.350605] tee (1624644): drop_caches: 3
[290761.438496] tee (1624658): drop_caches: 3
[290765.528619] tee (1624663): drop_caches: 3
[290769.616679] tee (1624669): drop_caches: 3
[290773.706906] tee (1624675): drop_caches: 3
[290777.798206] tee (1624683): drop_caches: 3
[290781.888243] tee (1624689): drop_caches: 3
[290785.978845] tee (1624694): drop_caches: 3
[290790.066527] tee (1624708): drop_caches: 3
[290794.150014] tee (1624716): drop_caches: 3
[290798.239527] tee (1624721): drop_caches: 3
[290802.332963] tee (1624730): drop_caches: 3
[290806.459399] tee (1624738): drop_caches: 3
[290810.563213] tee (1624746): drop_caches: 3
[290814.661719] tee (1624751): drop_caches: 3
[290818.752612] tee (1624756): drop_caches: 3
[290822.839468] tee (1624770): drop_caches: 3
[290826.929667] tee (1624775): drop_caches: 3
[290831.018163] tee (1624781): drop_caches: 3
[290835.114302] tee (1624787): drop_caches: 3
[290839.220605] tee (1624796): drop_caches: 3
[290843.320641] tee (1624801): drop_caches: 3
[290847.417994] tee (1624806): drop_caches: 3
[290851.505273] tee (1624820): drop_caches: 3
[290855.596046] tee (1624825): drop_caches: 3
[290859.683124] tee (1624831): drop_caches: 3
[290863.768872] tee (1624848): drop_caches: 3
[290867.938594] tee (1624858): drop_caches: 3
[290872.048637] tee (1624864): drop_caches: 3
[290876.146835] tee (1624869): drop_caches: 3
[290880.235842] tee (1624883): drop_caches: 3
[290884.326712] tee (1624888): drop_caches: 3
[290888.418292] tee (1624893): drop_caches: 3
[290892.512228] tee (1624899): drop_caches: 3
[290896.597981] tee (1624908): drop_caches: 3
[290900.726302] tee (1624914): drop_caches: 3
[290904.821214] tee (1624919): drop_caches: 3
[290908.909941] tee (1624925): drop_caches: 3
[290913.000082] tee (1624938): drop_caches: 3
[290917.088926] tee (1624943): drop_caches: 3
[290921.184027] tee (1624955): drop_caches: 3
[290925.280372] tee (1624960): drop_caches: 3
[290929.358337] tee (1624971): drop_caches: 3
[290933.465365] tee (1624976): drop_caches: 3
[290937.564447] tee (1624981): drop_caches: 3
[290941.658939] tee (1624996): drop_caches: 3
[290945.755591] tee (1625001): drop_caches: 3
[290949.848993] tee (1625007): drop_caches: 3
[290953.945069] tee (1625012): drop_caches: 3
[290958.024255] tee (1625021): drop_caches: 3
[290962.179142] tee (1625027): drop_caches: 3
[290966.283034] tee (1625032): drop_caches: 3
[290970.374382] tee (1625046): drop_caches: 3
[290974.473842] tee (1625051): drop_caches: 3
[290978.570328] tee (1625056): drop_caches: 3
[290982.663866] tee (1625063): drop_caches: 3
[290986.741582] tee (1625071): drop_caches: 3
[290990.828493] tee (1625079): drop_caches: 3
[290994.944663] tee (1625084): drop_caches: 3
[290999.038469] tee (1625091): drop_caches: 3
[291003.135218] tee (1625104): drop_caches: 3
[291007.225237] tee (1625109): drop_caches: 3
[291011.313784] tee (1625115): drop_caches: 3
[291015.402632] tee (1625121): drop_caches: 3
[291019.487196] tee (1625130): drop_caches: 3
[291023.584433] tee (1625135): drop_caches: 3
[291027.693943] tee (1625140): drop_caches: 3
[291031.782604] tee (1625154): drop_caches: 3
[291035.872755] tee (1625159): drop_caches: 3
[291039.959597] tee (1625165): drop_caches: 3
[291044.050040] tee (1625171): drop_caches: 3
[291048.134667] tee (1625181): drop_caches: 3
[291052.229833] tee (1625187): drop_caches: 3
[291056.374713] tee (1625192): drop_caches: 3
[291060.472156] tee (1625206): drop_caches: 3
[291064.565223] tee (1625211): drop_caches: 3
[291068.655366] tee (1625216): drop_caches: 3
[291072.742477] tee (1625222): drop_caches: 3
[291076.825449] tee (1625231): drop_caches: 3
[291080.913644] tee (1625237): drop_caches: 3
[291085.003834] tee (1625242): drop_caches: 3
[291089.114970] tee (1625247): drop_caches: 3
[291093.203233] tee (1625261): drop_caches: 3
[291097.304015] tee (1625266): drop_caches: 3
[291101.391423] tee (1625275): drop_caches: 3
[291105.488059] tee (1625280): drop_caches: 3
[291109.567890] tee (1625291): drop_caches: 3
[291113.658775] tee (1625296): drop_caches: 3
[291117.840092] tee (1625301): drop_caches: 3
[291121.955220] tee (1625317): drop_caches: 3
[291126.053624] tee (1625322): drop_caches: 3
[291130.143285] tee (1625328): drop_caches: 3
[291134.239952] tee (1625333): drop_caches: 3
[291138.324806] tee (1625342): drop_caches: 3
[291142.418718] tee (1625348): drop_caches: 3
[291146.508451] tee (1625353): drop_caches: 3
[291150.627724] tee (1625367): drop_caches: 3
[291154.722316] tee (1625372): drop_caches: 3
[291158.813138] tee (1625377): drop_caches: 3
[291162.900537] tee (1625384): drop_caches: 3
[291166.977678] tee (1625394): drop_caches: 3
[291171.064219] tee (1625400): drop_caches: 3
[291175.156504] tee (1625405): drop_caches: 3
[291179.247039] tee (1625410): drop_caches: 3
[291183.357179] tee (1625424): drop_caches: 3
[291187.455856] tee (1625429): drop_caches: 3
[291191.550210] tee (1625435): drop_caches: 3
[291195.641051] tee (1625440): drop_caches: 3
[291199.726042] tee (1625450): drop_caches: 3
[291203.815841] tee (1625455): drop_caches: 3
[291207.906822] tee (1625460): drop_caches: 3
[291212.054821] tee (1625474): drop_caches: 3
[291216.166422] tee (1625479): drop_caches: 3
[291220.256997] tee (1625491): drop_caches: 3
[291224.355103] tee (1625497): drop_caches: 3
[291228.439997] tee (1625507): drop_caches: 3
[291232.535166] tee (1625513): drop_caches: 3
[291236.632245] tee (1625518): drop_caches: 3
[291240.718935] tee (1625532): drop_caches: 3
[291244.834135] tee (1625537): drop_caches: 3
[291248.928730] tee (1625542): drop_caches: 3
[291253.017502] tee (1625548): drop_caches: 3
[291257.096093] tee (1625557): drop_caches: 3
[291261.185023] tee (1625564): drop_caches: 3
[291265.281893] tee (1625569): drop_caches: 3
[291269.380500] tee (1625574): drop_caches: 3
[291273.474401] tee (1625588): drop_caches: 3
[291277.576944] tee (1625593): drop_caches: 3
[291281.675570] tee (1625600): drop_caches: 3
[291285.773556] tee (1625605): drop_caches: 3
[291289.853444] tee (1625616): drop_caches: 3
[291293.963511] tee (1625621): drop_caches: 3
[291298.060682] tee (1625626): drop_caches: 3
[291302.148976] tee (1625640): drop_caches: 3
[291306.288728] tee (1625645): drop_caches: 3
[291310.392181] tee (1625651): drop_caches: 3
[291314.490828] tee (1625656): drop_caches: 3
[291318.569457] tee (1625665): drop_caches: 3
[291322.662994] tee (1625671): drop_caches: 3
[291326.752955] tee (1625676): drop_caches: 3
[291330.839701] tee (1625690): drop_caches: 3
[291334.930575] tee (1625695): drop_caches: 3
[291339.040433] tee (1625700): drop_caches: 3
[291343.135818] tee (1625707): drop_caches: 3
[291347.215168] tee (1625717): drop_caches: 3
[291351.309180] tee (1625723): drop_caches: 3
[291355.406242] tee (1625728): drop_caches: 3
[291359.496989] tee (1625733): drop_caches: 3
[291363.590428] tee (1625747): drop_caches: 3
[291367.766688] tee (1625752): drop_caches: 3
[291371.874825] tee (1625758): drop_caches: 3
[291375.973120] tee (1625763): drop_caches: 3
[291380.058814] tee (1625773): drop_caches: 3
[291384.156461] tee (1625778): drop_caches: 3
[291388.254003] tee (1625783): drop_caches: 3
[291392.349105] tee (1625797): drop_caches: 3
[291396.438859] tee (1625805): drop_caches: 3
[291400.569698] tee (1625811): drop_caches: 3
[291404.673791] tee (1625819): drop_caches: 3
[291408.754441] tee (1625829): drop_caches: 3
[291412.845161] tee (1625835): drop_caches: 3
[291416.936040] tee (1625840): drop_caches: 3
[291421.043097] tee (1625854): drop_caches: 3
[291425.142293] tee (1625859): drop_caches: 3
[291429.239834] tee (1625864): drop_caches: 3
[291433.349002] tee (1625870): drop_caches: 3
[291437.435983] tee (1625878): drop_caches: 3
[291441.530391] tee (1625885): drop_caches: 3
[291445.626719] tee (1625890): drop_caches: 3
[291449.714630] tee (1625903): drop_caches: 3
[291453.802643] tee (1625909): drop_caches: 3
[291457.899631] tee (1625914): drop_caches: 3
[291462.048505] tee (1625921): drop_caches: 3
[291466.156439] tee (1625926): drop_caches: 3
[291470.237542] tee (1625937): drop_caches: 3
[291474.334766] tee (1625942): drop_caches: 3
[291478.425645] tee (1625947): drop_caches: 3
[291482.519756] tee (1625962): drop_caches: 3
[291486.616064] tee (1625967): drop_caches: 3
[291490.711723] tee (1625973): drop_caches: 3
[291494.825191] tee (1625978): drop_caches: 3
[291498.906773] tee (1625986): drop_caches: 3
[291502.995065] tee (1625993): drop_caches: 3
[291507.085323] tee (1625998): drop_caches: 3
[291511.179606] tee (1626012): drop_caches: 3
[291515.269409] tee (1626017): drop_caches: 3
[291519.365848] tee (1626027): drop_caches: 3
[291523.460207] tee (1626034): drop_caches: 3
[291527.558031] tee (1626044): drop_caches: 3
[291531.652489] tee (1626050): drop_caches: 3
[291535.749083] tee (1626055): drop_caches: 3
[291539.837621] tee (1626068): drop_caches: 3
[291543.925006] tee (1626074): drop_caches: 3
[291548.016702] tee (1626079): drop_caches: 3
[291552.111076] tee (1626085): drop_caches: 3
[291556.248308] tee (1626090): drop_caches: 3
[291560.340669] tee (1626099): drop_caches: 3
[291564.438264] tee (1626105): drop_caches: 3
[291568.535820] tee (1626110): drop_caches: 3
[291572.628948] tee (1626124): drop_caches: 3
[291576.719099] tee (1626129): drop_caches: 3
[291580.806695] tee (1626135): drop_caches: 3
[291584.895946] tee (1626141): drop_caches: 3
[291588.993710] tee (1626151): drop_caches: 3
[291593.083732] tee (1626157): drop_caches: 3
[291597.174088] tee (1626162): drop_caches: 3
[291601.267565] tee (1626182): drop_caches: 3
[291605.363541] tee (1626187): drop_caches: 3
[291609.460331] tee (1626192): drop_caches: 3
[291613.555328] tee (1626200): drop_caches: 3
[291617.715046] tee (1626208): drop_caches: 3
[291621.823938] tee (1626215): drop_caches: 3
[291625.926489] tee (1626220): drop_caches: 3
[291630.017871] tee (1626233): drop_caches: 3
[291634.114005] tee (1626239): drop_caches: 3
[291638.211478] tee (1626244): drop_caches: 3
[291642.305246] tee (1626251): drop_caches: 3
[291646.402354] tee (1626256): drop_caches: 3
[291650.516533] tee (1626267): drop_caches: 3
[291654.618559] tee (1626272): drop_caches: 3
[291658.708790] tee (1626277): drop_caches: 3
[291662.795054] tee (1626291): drop_caches: 3
[291666.885374] tee (1626296): drop_caches: 3
[291670.983159] tee (1626302): drop_caches: 3
[291675.073608] tee (1626307): drop_caches: 3
[291679.151413] tee (1626315): drop_caches: 3
[291683.253035] tee (1626322): drop_caches: 3
[291687.350901] tee (1626328): drop_caches: 3
[291691.445679] tee (1626342): drop_caches: 3
[291695.541818] tee (1626347): drop_caches: 3
[291699.639055] tee (1626352): drop_caches: 3
[291703.735214] tee (1626361): drop_caches: 3
[291707.814022] tee (1626371): drop_caches: 3
[291711.955499] tee (1626377): drop_caches: 3
[291716.058173] tee (1626382): drop_caches: 3
[291720.154946] tee (1626398): drop_caches: 3
[291724.249649] tee (1626404): drop_caches: 3
[291728.346714] tee (1626409): drop_caches: 3
[291732.442167] tee (1626415): drop_caches: 3
[291736.540149] tee (1626420): drop_caches: 3
[291740.619384] tee (1626429): drop_caches: 3
[291744.731272] tee (1626435): drop_caches: 3
[291748.825340] tee (1626440): drop_caches: 3
[291752.912892] tee (1626454): drop_caches: 3
[291757.001763] tee (1626459): drop_caches: 3
[291761.087905] tee (1626466): drop_caches: 3
[291765.177982] tee (1626471): drop_caches: 3
[291769.256722] tee (1626481): drop_caches: 3
[291773.351824] tee (1626487): drop_caches: 3
[291777.459961] tee (1626492): drop_caches: 3
[291781.555157] tee (1626506): drop_caches: 3
[291785.653571] tee (1626511): drop_caches: 3
[291789.750962] tee (1626516): drop_caches: 3
[291793.844068] tee (1626522): drop_caches: 3
[291797.928407] tee (1626530): drop_caches: 3
[291802.022586] tee (1626536): drop_caches: 3
[291806.159504] tee (1626542): drop_caches: 3
[291810.266180] tee (1626555): drop_caches: 3
[291814.361503] tee (1626561): drop_caches: 3
[291818.458412] tee (1626566): drop_caches: 3
[291822.553919] tee (1626579): drop_caches: 3
[291826.651794] tee (1626584): drop_caches: 3
[291830.730475] tee (1626595): drop_caches: 3
[291834.820109] tee (1626600): drop_caches: 3
[291838.929946] tee (1626605): drop_caches: 3
[291843.019712] tee (1626619): drop_caches: 3
[291847.109929] tee (1626624): drop_caches: 3
[291851.198351] tee (1626630): drop_caches: 3
[291855.288210] tee (1626635): drop_caches: 3
[291859.372769] tee (1626643): drop_caches: 3
[291863.467717] tee (1626649): drop_caches: 3
[291867.635312] tee (1626655): drop_caches: 3
[291871.749585] tee (1626669): drop_caches: 3
[291875.844273] tee (1626674): drop_caches: 3
[291879.935552] tee (1626679): drop_caches: 3
[291884.023521] tee (1626686): drop_caches: 3
[291888.107991] tee (1626696): drop_caches: 3
[291892.202897] tee (1626702): drop_caches: 3
[291896.300033] tee (1626707): drop_caches: 3
[291900.426819] tee (1626720): drop_caches: 3
[291904.526001] tee (1626726): drop_caches: 3
[291908.623376] tee (1626731): drop_caches: 3
[291912.712627] tee (1626737): drop_caches: 3
[291916.804184] tee (1626742): drop_caches: 3
[291920.883872] tee (1626751): drop_caches: 3
[291924.973148] tee (1626757): drop_caches: 3
[291929.063764] tee (1626762): drop_caches: 3
[291933.164704] tee (1626776): drop_caches: 3
[291937.257737] tee (1626781): drop_caches: 3
[291941.345250] tee (1626788): drop_caches: 3
[291945.436149] tee (1626793): drop_caches: 3
[291949.521057] tee (1626803): drop_caches: 3
[291953.615170] tee (1626809): drop_caches: 3
[291957.711865] tee (1626814): drop_caches: 3
[291961.857646] tee (1626828): drop_caches: 3
[291965.967803] tee (1626833): drop_caches: 3
[291970.067538] tee (1626838): drop_caches: 3
[291974.162430] tee (1626844): drop_caches: 3
[291978.253289] tee (1626852): drop_caches: 3
[291982.347586] tee (1626858): drop_caches: 3
[291986.443674] tee (1626864): drop_caches: 3
[291990.539835] tee (1626877): drop_caches: 3
[291994.650536] tee (1626886): drop_caches: 3
[291998.743580] tee (1626891): drop_caches: 3
[292002.837706] tee (1626900): drop_caches: 3
[292006.929097] tee (1626905): drop_caches: 3
[292011.007508] tee (1626916): drop_caches: 3
[292015.104544] tee (1626921): drop_caches: 3
[292019.200936] tee (1626926): drop_caches: 3
[292023.343033] tee (1626940): drop_caches: 3
[292027.452355] tee (1626945): drop_caches: 3
[292031.544267] tee (1626951): drop_caches: 3
[292035.648457] tee (1626956): drop_caches: 3
[292039.733903] tee (1626964): drop_caches: 3
[292043.821447] tee (1626970): drop_caches: 3
[292047.911234] tee (1626977): drop_caches: 3
[292051.999015] tee (1626991): drop_caches: 3
[292056.131244] tee (1626996): drop_caches: 3
[292060.233898] tee (1627001): drop_caches: 3
[292064.328780] tee (1627008): drop_caches: 3
[292068.417425] tee (1627018): drop_caches: 3
[292072.513032] tee (1627024): drop_caches: 3
[292076.609159] tee (1627029): drop_caches: 3
[292080.697208] tee (1627042): drop_caches: 3
[292084.783818] tee (1627048): drop_caches: 3
[292088.890558] tee (1627053): drop_caches: 3
[292092.979595] tee (1627059): drop_caches: 3
[292097.070194] tee (1627064): drop_caches: 3
[292101.148956] tee (1627073): drop_caches: 3
[292105.245845] tee (1627078): drop_caches: 3
[292109.341725] tee (1627084): drop_caches: 3
[292113.428173] tee (1627098): drop_caches: 3
[292117.583972] tee (1627103): drop_caches: 3
[292121.689324] tee (1627115): drop_caches: 3
[292125.790058] tee (1627120): drop_caches: 3
[292129.875660] tee (1627130): drop_caches: 3
[292133.969889] tee (1627136): drop_caches: 3
[292138.066438] tee (1627141): drop_caches: 3
[292142.159351] tee (1627155): drop_caches: 3
[292146.256062] tee (1627160): drop_caches: 3
[292150.380373] tee (1627165): drop_caches: 3
[292154.479630] tee (1627171): drop_caches: 3
[292158.566097] tee (1627179): drop_caches: 3
[292162.660611] tee (1627185): drop_caches: 3
[292166.750633] tee (1627190): drop_caches: 3
[292170.837606] tee (1627204): drop_caches: 3
[292174.925022] tee (1627210): drop_caches: 3
[292179.015837] tee (1627215): drop_caches: 3
[292183.122228] tee (1627222): drop_caches: 3
[292187.213999] tee (1627229): drop_caches: 3
[292191.292150] tee (1627238): drop_caches: 3
[292195.380715] tee (1627243): drop_caches: 3
[292199.490765] tee (1627249): drop_caches: 3
[292203.576850] tee (1627263): drop_caches: 3
[292207.666915] tee (1627268): drop_caches: 3
[292211.801551] tee (1627274): drop_caches: 3
[292215.901361] tee (1627279): drop_caches: 3
[292219.981489] tee (1627287): drop_caches: 3
[292224.075840] tee (1627293): drop_caches: 3
[292228.172488] tee (1627299): drop_caches: 3
[292232.259915] tee (1627313): drop_caches: 3
[292236.356143] tee (1627318): drop_caches: 3
[292240.445286] tee (1627323): drop_caches: 3
[292244.561638] tee (1627330): drop_caches: 3
[292248.650352] tee (1627340): drop_caches: 3
[292252.738635] tee (1627346): drop_caches: 3
[292256.827680] tee (1627351): drop_caches: 3
[292260.916245] tee (1627364): drop_caches: 3
[292265.004034] tee (1627370): drop_caches: 3
[292269.095078] tee (1627375): drop_caches: 3
[292273.267382] tee (1627381): drop_caches: 3
[292277.387236] tee (1627386): drop_caches: 3
[292281.475335] tee (1627395): drop_caches: 3
[292285.576165] tee (1627400): drop_caches: 3
[292289.672179] tee (1627406): drop_caches: 3
[292293.758539] tee (1627420): drop_caches: 3
[292297.849295] tee (1627425): drop_caches: 3
[292301.937864] tee (1627434): drop_caches: 3
[292306.063208] tee (1627439): drop_caches: 3
[292310.157768] tee (1627449): drop_caches: 3
[292314.250442] tee (1627459): drop_caches: 3
[292318.347236] tee (1627465): drop_caches: 3
[292322.440717] tee (1627479): drop_caches: 3
[292326.537678] tee (1627484): drop_caches: 3
[292330.635076] tee (1627489): drop_caches: 3
[292334.721687] tee (1627495): drop_caches: 3
[292338.816773] tee (1627503): drop_caches: 3
[292342.908442] tee (1627509): drop_caches: 3
[292346.999559] tee (1627514): drop_caches: 3
[292351.094921] tee (1627528): drop_caches: 3
[292355.182766] tee (1627534): drop_caches: 3
[292359.279137] tee (1627539): drop_caches: 3
[292363.374167] tee (1627546): drop_caches: 3
[292367.533738] tee (1627553): drop_caches: 3
[292371.628333] tee (1627562): drop_caches: 3
[292375.727600] tee (1627567): drop_caches: 3
[292379.817882] tee (1627572): drop_caches: 3
[292383.904238] tee (1627586): drop_caches: 3
[292387.998404] tee (1627591): drop_caches: 3
[292392.086383] tee (1627597): drop_caches: 3
[292396.176740] tee (1627602): drop_caches: 3
[292400.289671] tee (1627610): drop_caches: 3
[292404.388166] tee (1627616): drop_caches: 3
[292408.486272] tee (1627621): drop_caches: 3
[292412.579144] tee (1627636): drop_caches: 3
[292416.668648] tee (1627641): drop_caches: 3
[292420.755486] tee (1627652): drop_caches: 3
[292424.843637] tee (1627659): drop_caches: 3
[292428.922533] tee (1627669): drop_caches: 3
[292433.023489] tee (1627675): drop_caches: 3
[292437.115700] tee (1627680): drop_caches: 3
[292441.205179] tee (1627693): drop_caches: 3
[292445.299867] tee (1627699): drop_caches: 3
[292449.396042] tee (1627704): drop_caches: 3
[292453.490091] tee (1627710): drop_caches: 3
[292457.579753] tee (1627715): drop_caches: 3
[292461.704977] tee (1627724): drop_caches: 3
[292465.805266] tee (1627729): drop_caches: 3
[292469.896941] tee (1627735): drop_caches: 3
[292473.983304] tee (1627749): drop_caches: 3
[292478.077715] tee (1627754): drop_caches: 3
[292482.165057] tee (1627761): drop_caches: 3
[292486.256039] tee (1627766): drop_caches: 3
[292490.340650] tee (1627776): drop_caches: 3
[292494.449045] tee (1627782): drop_caches: 3
[292498.543195] tee (1627787): drop_caches: 3
[292502.636997] tee (1627801): drop_caches: 3
[292506.754228] tee (1627934): drop_caches: 3
[292510.845574] tee (1627939): drop_caches: 3
[292514.933902] tee (1627945): drop_caches: 3
[292519.020942] tee (1627953): drop_caches: 3
[292523.210507] tee (1627959): drop_caches: 3
[292527.329664] tee (1627964): drop_caches: 3
[292531.433056] tee (1627978): drop_caches: 3
[292535.537521] tee (1627984): drop_caches: 3
[292539.636027] tee (1627989): drop_caches: 3
[292543.730429] tee (1627996): drop_caches: 3
[292547.820569] tee (1628003): drop_caches: 3
[292551.899473] tee (1628012): drop_caches: 3
[292556.023000] tee (1628017): drop_caches: 3
[292560.119207] tee (1628029): drop_caches: 3
[292564.207731] tee (1628036): drop_caches: 3
[292568.298124] tee (1628041): drop_caches: 3
[292572.392515] tee (1628047): drop_caches: 3
[292576.489925] tee (1628052): drop_caches: 3
[292580.575131] tee (1628060): drop_caches: 3
[292584.695826] tee (1628066): drop_caches: 3
[292588.802769] tee (1628072): drop_caches: 3
[292592.892336] tee (1628086): drop_caches: 3
[292596.976530] tee (1628094): drop_caches: 3
[292601.077386] tee (1628102): drop_caches: 3
[292605.164270] tee (1628108): drop_caches: 3
[292609.249746] tee (1628118): drop_caches: 3
[292613.337770] tee (1628124): drop_caches: 3
[292617.487291] tee (1628129): drop_caches: 3
[292621.596952] tee (1628142): drop_caches: 3
[292625.694790] tee (1628148): drop_caches: 3
[292629.786457] tee (1628153): drop_caches: 3
[292633.880942] tee (1628159): drop_caches: 3
[292637.977731] tee (1628164): drop_caches: 3
[292642.056716] tee (1628173): drop_caches: 3
[292646.152986] tee (1628178): drop_caches: 3
[292650.267943] tee (1628191): drop_caches: 3
[292654.427403] tee (1628201): drop_caches: 3
[292654.465781] mix-mixT-fixed37-1350596 phase=D END
[292654.475898] mix-mixT-fixed37-1350596 phase=E START
[292654.485813] mix-mixT-fixed37-1350596 phase=E RUN
[292658.569930] tee (1628291): drop_caches: 3
[292662.690902] tee (1628298): drop_caches: 3
[292666.809782] tee (1628304): drop_caches: 3
[292670.909432] tee (1628314): drop_caches: 3
[292675.017043] tee (1628320): drop_caches: 3
[292679.127330] tee (1628325): drop_caches: 3
[292683.239652] tee (1628339): drop_caches: 3
[292687.355396] tee (1628346): drop_caches: 3
[292691.487860] tee (1628351): drop_caches: 3
[292695.598763] tee (1628357): drop_caches: 3
[292699.709211] tee (1628365): drop_caches: 3
[292703.819997] tee (1628371): drop_caches: 3
[292707.932999] tee (1628376): drop_caches: 3
[292712.042726] tee (1628390): drop_caches: 3
[292716.152289] tee (1628396): drop_caches: 3
[292720.269293] tee (1628406): drop_caches: 3
[292724.397261] tee (1628413): drop_caches: 3
[292728.516669] tee (1628420): drop_caches: 3
[292732.631319] tee (1628429): drop_caches: 3
[292736.745203] tee (1628434): drop_caches: 3
[292740.860057] tee (1628447): drop_caches: 3
[292744.971748] tee (1628453): drop_caches: 3
[292749.085919] tee (1628458): drop_caches: 3
[292753.228773] tee (1628464): drop_caches: 3
[292757.350435] tee (1628469): drop_caches: 3
[292761.467207] tee (1628477): drop_caches: 3
[292765.589502] tee (1628483): drop_caches: 3
[292769.714633] tee (1628488): drop_caches: 3
[292773.834997] tee (1628503): drop_caches: 3
[292777.955833] tee (1628508): drop_caches: 3
[292782.070989] tee (1628515): drop_caches: 3
[292786.216720] tee (1628520): drop_caches: 3
[292790.335733] tee (1628530): drop_caches: 3
[292794.458566] tee (1628536): drop_caches: 3
[292798.576894] tee (1628541): drop_caches: 3
[292802.692713] tee (1628556): drop_caches: 3
[292806.808724] tee (1628561): drop_caches: 3
[292810.924700] tee (1628566): drop_caches: 3
[292815.070540] tee (1628572): drop_caches: 3
[292819.190631] tee (1628580): drop_caches: 3
[292823.318833] tee (1628586): drop_caches: 3
[292827.449428] tee (1628591): drop_caches: 3
[292831.577489] tee (1628604): drop_caches: 3
[292835.702372] tee (1628611): drop_caches: 3
[292839.839218] tee (1628616): drop_caches: 3
[292843.952196] tee (1628623): drop_caches: 3
[292848.103802] tee (1628630): drop_caches: 3
[292852.218460] tee (1628639): drop_caches: 3
[292856.348772] tee (1628644): drop_caches: 3
[292860.469349] tee (1628658): drop_caches: 3
[292864.586120] tee (1628664): drop_caches: 3
[292868.702999] tee (1628669): drop_caches: 3
[292872.817776] tee (1628675): drop_caches: 3
[292876.975099] tee (1628680): drop_caches: 3
[292881.114668] tee (1628688): drop_caches: 3
[292885.241514] tee (1628694): drop_caches: 3
[292889.374178] tee (1628699): drop_caches: 3
[292893.493666] tee (1628713): drop_caches: 3
[292897.611717] tee (1628722): drop_caches: 3
[292901.731770] tee (1628730): drop_caches: 3
[292905.852270] tee (1628736): drop_caches: 3
[292909.996181] tee (1628746): drop_caches: 3
[292914.129468] tee (1628752): drop_caches: 3
[292918.270319] tee (1628757): drop_caches: 3
[292922.390432] tee (1628771): drop_caches: 3
[292926.522849] tee (1628776): drop_caches: 3
[292930.646570] tee (1628781): drop_caches: 3
[292934.758702] tee (1628787): drop_caches: 3
[292938.858027] tee (1628795): drop_caches: 3
[292943.004776] tee (1628801): drop_caches: 3
[292947.138265] tee (1628806): drop_caches: 3
[292951.268733] tee (1628819): drop_caches: 3
[292955.386825] tee (1628826): drop_caches: 3
[292959.511880] tee (1628831): drop_caches: 3
[292963.640064] tee (1628838): drop_caches: 3
[292967.755438] tee (1628845): drop_caches: 3
[292971.897999] tee (1628853): drop_caches: 3
[292976.025491] tee (1628859): drop_caches: 3
[292980.159610] tee (1628864): drop_caches: 3
[292984.299914] tee (1628878): drop_caches: 3
[292988.428559] tee (1628883): drop_caches: 3
[292992.545752] tee (1628889): drop_caches: 3
[292996.667530] tee (1628894): drop_caches: 3
[293000.767736] tee (1628902): drop_caches: 3
[293004.913653] tee (1628908): drop_caches: 3
[293009.050918] tee (1628913): drop_caches: 3
[293013.173232] tee (1628927): drop_caches: 3
[293017.303572] tee (1628933): drop_caches: 3
[293021.419761] tee (1628945): drop_caches: 3
[293025.532788] tee (1628951): drop_caches: 3
[293029.640119] tee (1628961): drop_caches: 3
[293033.796562] tee (1628967): drop_caches: 3
[293037.933317] tee (1628972): drop_caches: 3
[293042.067598] tee (1628985): drop_caches: 3
[293046.207549] tee (1628991): drop_caches: 3
[293050.339243] tee (1628996): drop_caches: 3
[293054.463003] tee (1629002): drop_caches: 3
[293058.594473] tee (1629007): drop_caches: 3
[293062.695523] tee (1629016): drop_caches: 3
[293066.845612] tee (1629021): drop_caches: 3
[293070.973780] tee (1629034): drop_caches: 3
[293075.103998] tee (1629040): drop_caches: 3
[293079.232593] tee (1629046): drop_caches: 3
[293083.354460] tee (1629053): drop_caches: 3
[293087.475223] tee (1629060): drop_caches: 3
[293091.581752] tee (1629068): drop_caches: 3
[293095.746304] tee (1629074): drop_caches: 3
[293099.880834] tee (1629079): drop_caches: 3
[293104.008548] tee (1629093): drop_caches: 3
[293108.150157] tee (1629098): drop_caches: 3
[293112.282667] tee (1629103): drop_caches: 3
[293116.407922] tee (1629109): drop_caches: 3
[293120.521324] tee (1629117): drop_caches: 3
[293124.632320] tee (1629123): drop_caches: 3
[293128.782089] tee (1629128): drop_caches: 3
[293132.916542] tee (1629143): drop_caches: 3
[293137.042827] tee (1629148): drop_caches: 3
[293141.165931] tee (1629154): drop_caches: 3
[293145.295230] tee (1629160): drop_caches: 3
[293149.409170] tee (1629170): drop_caches: 3
[293153.527290] tee (1629176): drop_caches: 3
[293157.643079] tee (1629181): drop_caches: 3
[293161.791356] tee (1629194): drop_caches: 3
[293165.921212] tee (1629200): drop_caches: 3
[293170.053642] tee (1629205): drop_caches: 3
[293174.179454] tee (1629211): drop_caches: 3
[293178.302526] tee (1629216): drop_caches: 3
[293182.410974] tee (1629224): drop_caches: 3
[293186.524492] tee (1629230): drop_caches: 3
[293190.678667] tee (1629244): drop_caches: 3
[293194.800667] tee (1629253): drop_caches: 3
[293198.925982] tee (1629259): drop_caches: 3
[293203.047882] tee (1629268): drop_caches: 3
[293207.171824] tee (1629275): drop_caches: 3
[293211.283318] tee (1629283): drop_caches: 3
[293215.400649] tee (1629290): drop_caches: 3
[293219.517572] tee (1629295): drop_caches: 3
[293223.670279] tee (1629309): drop_caches: 3
[293227.799621] tee (1629314): drop_caches: 3
[293231.926395] tee (1629319): drop_caches: 3
[293236.045506] tee (1629325): drop_caches: 3
[293240.156874] tee (1629333): drop_caches: 3
[293244.274972] tee (1629339): drop_caches: 3
[293248.393349] tee (1629344): drop_caches: 3
[293252.556176] tee (1629357): drop_caches: 3
[293256.705763] tee (1629363): drop_caches: 3
[293260.833441] tee (1629369): drop_caches: 3
[293264.958375] tee (1629376): drop_caches: 3
[293269.080762] tee (1629382): drop_caches: 3
[293273.186993] tee (1629391): drop_caches: 3
[293277.314602] tee (1629396): drop_caches: 3
[293281.426385] tee (1629409): drop_caches: 3
[293285.579265] tee (1629415): drop_caches: 3
[293289.708151] tee (1629420): drop_caches: 3
[293293.838965] tee (1629426): drop_caches: 3
[293297.961982] tee (1629431): drop_caches: 3
[293302.078980] tee (1629439): drop_caches: 3
[293306.198798] tee (1629445): drop_caches: 3
[293310.309962] tee (1629450): drop_caches: 3
[293314.469164] tee (1629467): drop_caches: 3
[293318.605848] tee (1629473): drop_caches: 3
[293322.736996] tee (1629484): drop_caches: 3
[293326.863765] tee (1629490): drop_caches: 3
[293330.983573] tee (1629499): drop_caches: 3
[293335.101676] tee (1629505): drop_caches: 3
[293339.220722] tee (1629510): drop_caches: 3
[293343.337003] tee (1629524): drop_caches: 3
[293347.493598] tee (1629529): drop_caches: 3
[293351.628045] tee (1629539): drop_caches: 3
[293355.752178] tee (1629545): drop_caches: 3
[293359.865248] tee (1629555): drop_caches: 3
[293363.982589] tee (1629561): drop_caches: 3
[293368.105153] tee (1629566): drop_caches: 3
[293372.222321] tee (1629579): drop_caches: 3
[293376.334330] tee (1629585): drop_caches: 3
[293380.480287] tee (1629596): drop_caches: 3
[293384.611763] tee (1629603): drop_caches: 3
[293388.736830] tee (1629609): drop_caches: 3
[293392.846168] tee (1629619): drop_caches: 3
[293396.962371] tee (1629625): drop_caches: 3
[293401.081235] tee (1629640): drop_caches: 3
[293405.188903] tee (1629646): drop_caches: 3
[293409.342854] tee (1629651): drop_caches: 3
[293413.482517] tee (1629657): drop_caches: 3
[293417.611175] tee (1629662): drop_caches: 3
[293421.726082] tee (1629670): drop_caches: 3
[293425.850184] tee (1629676): drop_caches: 3
[293429.974040] tee (1629681): drop_caches: 3
[293434.085185] tee (1629695): drop_caches: 3
[293438.197158] tee (1629700): drop_caches: 3
[293442.345737] tee (1629707): drop_caches: 3
[293446.479016] tee (1629713): drop_caches: 3
[293450.598866] tee (1629722): drop_caches: 3
[293454.717531] tee (1629728): drop_caches: 3
[293458.836741] tee (1629733): drop_caches: 3
[293462.951513] tee (1629746): drop_caches: 3
[293467.067092] tee (1629752): drop_caches: 3
[293471.231720] tee (1629757): drop_caches: 3
[293475.360132] tee (1629763): drop_caches: 3
[293479.478796] tee (1629770): drop_caches: 3
[293483.608715] tee (1629777): drop_caches: 3
[293487.737361] tee (1629782): drop_caches: 3
[293491.855375] tee (1629795): drop_caches: 3
[293495.967273] tee (1629801): drop_caches: 3
[293500.081825] tee (1629810): drop_caches: 3
[293504.235780] tee (1629819): drop_caches: 3
[293508.371843] tee (1629825): drop_caches: 3
[293512.493112] tee (1629833): drop_caches: 3
[293516.618565] tee (1629839): drop_caches: 3
[293520.736939] tee (1629852): drop_caches: 3
[293524.849520] tee (1629858): drop_caches: 3
[293528.961474] tee (1629863): drop_caches: 3
[293533.126989] tee (1629868): drop_caches: 3
[293537.262767] tee (1629874): drop_caches: 3
[293541.401944] tee (1629882): drop_caches: 3
[293545.526748] tee (1629888): drop_caches: 3
[293549.651533] tee (1629893): drop_caches: 3
[293553.776064] tee (1629907): drop_caches: 3
[293557.898938] tee (1629912): drop_caches: 3
[293562.017687] tee (1629919): drop_caches: 3
[293566.169008] tee (1629925): drop_caches: 3
[293570.306386] tee (1629935): drop_caches: 3
[293574.430679] tee (1629941): drop_caches: 3
[293578.560545] tee (1629946): drop_caches: 3
[293582.677684] tee (1629959): drop_caches: 3
[293586.791019] tee (1629965): drop_caches: 3
[293590.905090] tee (1629970): drop_caches: 3
[293595.012937] tee (1629976): drop_caches: 3
[293599.170259] tee (1629981): drop_caches: 3
[293603.293530] tee (1629989): drop_caches: 3
[293607.422160] tee (1629995): drop_caches: 3
[293611.540610] tee (1630008): drop_caches: 3
[293615.661511] tee (1630014): drop_caches: 3
[293619.773059] tee (1630025): drop_caches: 3
[293623.887586] tee (1630033): drop_caches: 3
[293628.043461] tee (1630039): drop_caches: 3
[293632.171304] tee (1630047): drop_caches: 3
[293636.303136] tee (1630053): drop_caches: 3
[293640.434503] tee (1630058): drop_caches: 3
[293644.558329] tee (1630072): drop_caches: 3
[293648.682230] tee (1630077): drop_caches: 3
[293652.795635] tee (1630082): drop_caches: 3
[293656.904257] tee (1630088): drop_caches: 3
[293661.048182] tee (1630096): drop_caches: 3
[293665.182036] tee (1630102): drop_caches: 3
[293669.312603] tee (1630108): drop_caches: 3
[293673.438375] tee (1630122): drop_caches: 3
[293677.558853] tee (1630128): drop_caches: 3
[293681.671794] tee (1630135): drop_caches: 3
[293685.812888] tee (1630141): drop_caches: 3
[293689.959354] tee (1630150): drop_caches: 3
[293694.089799] tee (1630156): drop_caches: 3
[293698.225562] tee (1630161): drop_caches: 3
[293702.349977] tee (1630174): drop_caches: 3
[293706.469564] tee (1630180): drop_caches: 3
[293710.626063] tee (1630185): drop_caches: 3
[293714.740164] tee (1630191): drop_caches: 3
[293718.854021] tee (1630196): drop_caches: 3
[293722.998390] tee (1630204): drop_caches: 3
[293727.132301] tee (1630210): drop_caches: 3
[293731.263357] tee (1630223): drop_caches: 3
[293735.388613] tee (1630229): drop_caches: 3
[293739.518828] tee (1630234): drop_caches: 3
[293743.639721] tee (1630241): drop_caches: 3
[293747.748489] tee (1630248): drop_caches: 3
[293751.896488] tee (1630256): drop_caches: 3
[293756.026484] tee (1630262): drop_caches: 3
[293760.187963] tee (1630267): drop_caches: 3
[293764.320100] tee (1630281): drop_caches: 3
[293768.450353] tee (1630286): drop_caches: 3
[293772.577090] tee (1630291): drop_caches: 3
[293776.691033] tee (1630297): drop_caches: 3
[293780.794906] tee (1630305): drop_caches: 3
[293784.943590] tee (1630311): drop_caches: 3
[293789.079714] tee (1630316): drop_caches: 3
[293793.205465] tee (1630332): drop_caches: 3
[293797.331416] tee (1630338): drop_caches: 3
[293801.456734] tee (1630346): drop_caches: 3
[293805.575323] tee (1630353): drop_caches: 3
[293809.694216] tee (1630359): drop_caches: 3
[293813.851504] tee (1630367): drop_caches: 3
[293817.986961] tee (1630373): drop_caches: 3
[293822.127745] tee (1630386): drop_caches: 3
[293826.260529] tee (1630392): drop_caches: 3
[293830.392111] tee (1630397): drop_caches: 3
[293834.511690] tee (1630403): drop_caches: 3
[293838.629773] tee (1630408): drop_caches: 3
[293842.732805] tee (1630417): drop_caches: 3
[293846.882424] tee (1630423): drop_caches: 3
[293851.031130] tee (1630436): drop_caches: 3
[293855.161776] tee (1630442): drop_caches: 3
[293859.292642] tee (1630447): drop_caches: 3
[293863.417393] tee (1630454): drop_caches: 3
[293867.538083] tee (1630461): drop_caches: 3
[293871.638880] tee (1630469): drop_caches: 3
[293875.745660] tee (1630475): drop_caches: 3
[293879.896623] tee (1630480): drop_caches: 3
[293884.021502] tee (1630494): drop_caches: 3
[293888.147925] tee (1630499): drop_caches: 3
[293892.281988] tee (1630504): drop_caches: 3
[293896.403073] tee (1630510): drop_caches: 3
[293900.518178] tee (1630518): drop_caches: 3
[293904.632245] tee (1630524): drop_caches: 3
[293908.787089] tee (1630529): drop_caches: 3
[293912.916462] tee (1630542): drop_caches: 3
[293917.050801] tee (1630548): drop_caches: 3
[293921.182514] tee (1630559): drop_caches: 3
[293925.307650] tee (1630566): drop_caches: 3
[293929.435118] tee (1630572): drop_caches: 3
[293933.544411] tee (1630580): drop_caches: 3
[293937.667818] tee (1630586): drop_caches: 3
[293941.815424] tee (1630600): drop_caches: 3
[293945.954169] tee (1630606): drop_caches: 3
[293950.078973] tee (1630611): drop_caches: 3
[293954.197774] tee (1630617): drop_caches: 3
[293958.316776] tee (1630622): drop_caches: 3
[293962.420644] tee (1630630): drop_caches: 3
[293966.536725] tee (1630636): drop_caches: 3
[293970.702780] tee (1630641): drop_caches: 3
[293974.828335] tee (1630655): drop_caches: 3
[293978.958413] tee (1630660): drop_caches: 3
[293983.091657] tee (1630666): drop_caches: 3
[293987.225950] tee (1630674): drop_caches: 3
[293991.342219] tee (1630682): drop_caches: 3
[293995.463088] tee (1630688): drop_caches: 3
[293999.577364] tee (1630694): drop_caches: 3
[294003.731984] tee (1630707): drop_caches: 3
[294007.859645] tee (1630713): drop_caches: 3
[294011.986376] tee (1630718): drop_caches: 3
[294016.113388] tee (1630724): drop_caches: 3
[294020.221011] tee (1630732): drop_caches: 3
[294024.333550] tee (1630738): drop_caches: 3
[294028.446698] tee (1630743): drop_caches: 3
[294032.615154] tee (1630756): drop_caches: 3
[294036.760763] tee (1630762): drop_caches: 3
[294040.892121] tee (1630767): drop_caches: 3
[294045.024197] tee (1630775): drop_caches: 3
[294049.156441] tee (1630781): drop_caches: 3
[294053.273091] tee (1630789): drop_caches: 3
[294057.395316] tee (1630795): drop_caches: 3
[294061.514599] tee (1630808): drop_caches: 3
[294065.677153] tee (1630814): drop_caches: 3
[294069.806822] tee (1630819): drop_caches: 3
[294073.940890] tee (1630824): drop_caches: 3
[294078.062822] tee (1630830): drop_caches: 3
[294082.176844] tee (1630838): drop_caches: 3
[294086.290240] tee (1630844): drop_caches: 3
[294090.403897] tee (1630849): drop_caches: 3
[294094.511053] tee (1630863): drop_caches: 3
[294098.657176] tee (1630871): drop_caches: 3
[294102.785446] tee (1630879): drop_caches: 3
[294106.947387] tee (1630886): drop_caches: 3
[294111.063387] tee (1630895): drop_caches: 3
[294115.184186] tee (1630901): drop_caches: 3
[294119.298528] tee (1630906): drop_caches: 3
[294123.414013] tee (1630919): drop_caches: 3
[294127.574043] tee (1630925): drop_caches: 3
[294131.711741] tee (1630930): drop_caches: 3
[294135.837473] tee (1630936): drop_caches: 3
[294139.963537] tee (1630941): drop_caches: 3
[294144.079541] tee (1630949): drop_caches: 3
[294148.200948] tee (1630955): drop_caches: 3
[294152.332635] tee (1630968): drop_caches: 3
[294156.440141] tee (1630974): drop_caches: 3
[294160.589252] tee (1630979): drop_caches: 3
[294164.715010] tee (1630986): drop_caches: 3
[294168.841393] tee (1630993): drop_caches: 3
[294172.958829] tee (1631002): drop_caches: 3
[294177.091893] tee (1631008): drop_caches: 3
[294181.212067] tee (1631021): drop_caches: 3
[294185.328043] tee (1631027): drop_caches: 3
[294189.481213] tee (1631043): drop_caches: 3
[294193.619415] tee (1631048): drop_caches: 3
[294197.753563] tee (1631054): drop_caches: 3
[294201.869126] tee (1631062): drop_caches: 3
[294205.988129] tee (1631068): drop_caches: 3
[294210.114078] tee (1631073): drop_caches: 3
[294214.234841] tee (1631087): drop_caches: 3
[294218.348194] tee (1631093): drop_caches: 3
[294222.502329] tee (1631105): drop_caches: 3
[294226.628295] tee (1631111): drop_caches: 3
[294230.746419] tee (1631121): drop_caches: 3
[294234.866060] tee (1631127): drop_caches: 3
[294238.990143] tee (1631132): drop_caches: 3
[294243.110479] tee (1631145): drop_caches: 3
[294247.226983] tee (1631151): drop_caches: 3
[294251.394262] tee (1631156): drop_caches: 3
[294255.530451] tee (1631162): drop_caches: 3
[294259.668161] tee (1631167): drop_caches: 3
[294263.784329] tee (1631175): drop_caches: 3
[294267.906995] tee (1631181): drop_caches: 3
[294272.035893] tee (1631194): drop_caches: 3
[294276.156534] tee (1631200): drop_caches: 3
[294280.287508] tee (1631205): drop_caches: 3
[294284.443126] tee (1631211): drop_caches: 3
[294288.576585] tee (1631219): drop_caches: 3
[294292.691563] tee (1631227): drop_caches: 3
[294296.813038] tee (1631233): drop_caches: 3
[294300.933968] tee (1631246): drop_caches: 3
[294305.053747] tee (1631252): drop_caches: 3
[294309.173327] tee (1631257): drop_caches: 3
[294313.289264] tee (1631262): drop_caches: 3
[294317.443169] tee (1631268): drop_caches: 3
[294321.566275] tee (1631276): drop_caches: 3
[294325.695088] tee (1631282): drop_caches: 3
[294329.821056] tee (1631287): drop_caches: 3
[294333.939912] tee (1631300): drop_caches: 3
[294338.057631] tee (1631306): drop_caches: 3
[294342.171594] tee (1631312): drop_caches: 3
[294346.324487] tee (1631318): drop_caches: 3
[294350.460637] tee (1631325): drop_caches: 3
[294354.578026] tee (1631333): drop_caches: 3
[294358.700073] tee (1631339): drop_caches: 3
[294362.819887] tee (1631352): drop_caches: 3
[294366.934438] tee (1631359): drop_caches: 3
[294371.054240] tee (1631364): drop_caches: 3
[294375.163652] tee (1631370): drop_caches: 3
[294379.319952] tee (1631375): drop_caches: 3
[294383.443697] tee (1631383): drop_caches: 3
[294387.572450] tee (1631389): drop_caches: 3
[294391.699595] tee (1631402): drop_caches: 3
[294395.809347] tee (1631411): drop_caches: 3
[294399.923268] tee (1631416): drop_caches: 3
[294404.041774] tee (1631424): drop_caches: 3
[294408.202724] tee (1631432): drop_caches: 3
[294412.323560] tee (1631440): drop_caches: 3
[294416.457148] tee (1631446): drop_caches: 3
[294420.589772] tee (1631451): drop_caches: 3
[294424.710497] tee (1631464): drop_caches: 3
[294428.825691] tee (1631470): drop_caches: 3
[294432.941368] tee (1631475): drop_caches: 3
[294437.057450] tee (1631481): drop_caches: 3
[294441.201262] tee (1631489): drop_caches: 3
[294445.334923] tee (1631495): drop_caches: 3
[294449.466271] tee (1631500): drop_caches: 3
[294453.593988] tee (1631513): drop_caches: 3
[294457.716435] tee (1631519): drop_caches: 3
[294461.837328] tee (1631525): drop_caches: 3
[294465.952714] tee (1631531): drop_caches: 3
[294470.120582] tee (1631538): drop_caches: 3
[294474.241538] tee (1631546): drop_caches: 3
[294478.370880] tee (1631552): drop_caches: 3
[294482.497373] tee (1631566): drop_caches: 3
[294486.626119] tee (1631572): drop_caches: 3
[294490.745782] tee (1631577): drop_caches: 3
[294494.863055] tee (1631582): drop_caches: 3
[294498.975230] tee (1631588): drop_caches: 3
[294503.113821] tee (1631596): drop_caches: 3
[294507.245485] tee (1631602): drop_caches: 3
[294511.376962] tee (1631615): drop_caches: 3
[294515.504717] tee (1631621): drop_caches: 3
[294519.630302] tee (1631631): drop_caches: 3
[294523.745351] tee (1631637): drop_caches: 3
[294527.856090] tee (1631645): drop_caches: 3
[294531.989316] tee (1631653): drop_caches: 3
[294536.143157] tee (1631659): drop_caches: 3
[294540.278642] tee (1631664): drop_caches: 3
[294544.411310] tee (1631677): drop_caches: 3
[294548.537014] tee (1631683): drop_caches: 3
[294552.654247] tee (1631688): drop_caches: 3
[294556.766092] tee (1631694): drop_caches: 3
[294560.863617] tee (1631702): drop_caches: 3
[294565.019121] tee (1631708): drop_caches: 3
[294569.150438] tee (1631714): drop_caches: 3
[294573.284421] tee (1631727): drop_caches: 3
[294577.412760] tee (1631733): drop_caches: 3
[294581.533276] tee (1631739): drop_caches: 3
[294585.658613] tee (1631745): drop_caches: 3
[294589.778684] tee (1631752): drop_caches: 3
[294593.883978] tee (1631760): drop_caches: 3
[294598.037588] tee (1631766): drop_caches: 3
[294602.171674] tee (1631780): drop_caches: 3
[294606.300483] tee (1631786): drop_caches: 3
[294610.424731] tee (1631791): drop_caches: 3
[294614.547949] tee (1631796): drop_caches: 3
[294618.659193] tee (1631802): drop_caches: 3
[294622.758182] tee (1631810): drop_caches: 3
[294626.911573] tee (1631816): drop_caches: 3
[294631.040600] tee (1631829): drop_caches: 3
[294635.165695] tee (1631835): drop_caches: 3
[294639.309692] tee (1631840): drop_caches: 3
[294643.437647] tee (1631846): drop_caches: 3
[294647.554102] tee (1631854): drop_caches: 3
[294651.659703] tee (1631862): drop_caches: 3
[294655.768071] tee (1631868): drop_caches: 3
[294659.919023] tee (1631873): drop_caches: 3
[294664.053036] tee (1631886): drop_caches: 3
[294668.182012] tee (1631892): drop_caches: 3
[294672.313768] tee (1631897): drop_caches: 3
[294676.435682] tee (1631903): drop_caches: 3
[294680.557020] tee (1631908): drop_caches: 3
[294684.691310] tee (1631916): drop_caches: 3
[294688.848567] tee (1631922): drop_caches: 3
[294692.985899] tee (1631935): drop_caches: 3
[294697.114785] tee (1631941): drop_caches: 3
[294701.242639] tee (1631949): drop_caches: 3
[294705.364848] tee (1631955): drop_caches: 3
[294709.492246] tee (1631962): drop_caches: 3
[294713.604318] tee (1631973): drop_caches: 3
[294717.721601] tee (1631979): drop_caches: 3
[294721.876852] tee (1631992): drop_caches: 3
[294726.010556] tee (1631998): drop_caches: 3
[294730.142406] tee (1632003): drop_caches: 3
[294734.276733] tee (1632008): drop_caches: 3
[294738.400799] tee (1632014): drop_caches: 3
[294742.511269] tee (1632022): drop_caches: 3
[294746.627926] tee (1632028): drop_caches: 3
[294750.810103] tee (1632033): drop_caches: 3
[294754.948275] tee (1632047): drop_caches: 3
[294759.119399] tee (1632053): drop_caches: 3
[294763.248268] tee (1632059): drop_caches: 3
[294767.371439] tee (1632067): drop_caches: 3
[294771.491796] tee (1632075): drop_caches: 3
[294775.606747] tee (1632081): drop_caches: 3
[294779.720743] tee (1632086): drop_caches: 3
[294783.869228] tee (1632099): drop_caches: 3
[294787.998730] tee (1632105): drop_caches: 3
[294792.132100] tee (1632110): drop_caches: 3
[294796.258925] tee (1632116): drop_caches: 3
[294800.384855] tee (1632121): drop_caches: 3
[294804.495906] tee (1632129): drop_caches: 3
[294808.612154] tee (1632135): drop_caches: 3
[294812.719624] tee (1632148): drop_caches: 3
[294816.866324] tee (1632154): drop_caches: 3
[294820.999484] tee (1632166): drop_caches: 3
[294825.123321] tee (1632171): drop_caches: 3
[294829.241731] tee (1632179): drop_caches: 3
[294833.347963] tee (1632187): drop_caches: 3
[294837.466040] tee (1632193): drop_caches: 3
[294841.582678] tee (1632206): drop_caches: 3
[294845.736723] tee (1632212): drop_caches: 3
[294849.874228] tee (1632217): drop_caches: 3
[294854.009386] tee (1632222): drop_caches: 3
[294858.138685] tee (1632228): drop_caches: 3
[294862.254792] tee (1632236): drop_caches: 3
[294866.376348] tee (1632242): drop_caches: 3
[294870.496534] tee (1632247): drop_caches: 3
[294874.617735] tee (1632260): drop_caches: 3
[294878.764043] tee (1632266): drop_caches: 3
[294882.892604] tee (1632272): drop_caches: 3
[294887.015882] tee (1632278): drop_caches: 3
[294891.143946] tee (1632285): drop_caches: 3
[294895.252741] tee (1632293): drop_caches: 3
[294899.364167] tee (1632304): drop_caches: 3
[294903.474870] tee (1632317): drop_caches: 3
[294907.637998] tee (1632323): drop_caches: 3
[294911.769668] tee (1632330): drop_caches: 3
[294915.897580] tee (1632341): drop_caches: 3
[294920.024985] tee (1632346): drop_caches: 3
[294924.145527] tee (1632354): drop_caches: 3
[294928.270322] tee (1632362): drop_caches: 3
[294932.391007] tee (1632375): drop_caches: 3
[294936.507173] tee (1632381): drop_caches: 3
[294940.663465] tee (1632386): drop_caches: 3
[294944.793001] tee (1632392): drop_caches: 3
[294948.917947] tee (1632400): drop_caches: 3
[294953.062336] tee (1632408): drop_caches: 3
[294957.186154] tee (1632414): drop_caches: 3
[294961.299669] tee (1632427): drop_caches: 3
[294965.412070] tee (1632432): drop_caches: 3
[294969.570876] tee (1632438): drop_caches: 3
[294973.709402] tee (1632443): drop_caches: 3
[294977.845066] tee (1632449): drop_caches: 3
[294981.970282] tee (1632457): drop_caches: 3
[294986.099587] tee (1632463): drop_caches: 3
[294990.228166] tee (1632468): drop_caches: 3
[294994.345131] tee (1632484): drop_caches: 3
[294998.464191] tee (1632490): drop_caches: 3
[295002.621331] tee (1632498): drop_caches: 3
[295006.754855] tee (1632504): drop_caches: 3
[295010.882466] tee (1632511): drop_caches: 3
[295014.994758] tee (1632519): drop_caches: 3
[295019.117865] tee (1632525): drop_caches: 3
[295023.232715] tee (1632538): drop_caches: 3
[295027.349168] tee (1632544): drop_caches: 3
[295031.457934] tee (1632549): drop_caches: 3
[295035.607087] tee (1632554): drop_caches: 3
[295039.732164] tee (1632560): drop_caches: 3
[295043.853588] tee (1632568): drop_caches: 3
[295047.972965] tee (1632574): drop_caches: 3
[295052.094406] tee (1632587): drop_caches: 3
[295056.212796] tee (1632593): drop_caches: 3
[295060.329062] tee (1632598): drop_caches: 3
[295064.490649] tee (1632604): drop_caches: 3
[295068.624729] tee (1632612): drop_caches: 3
[295072.741042] tee (1632620): drop_caches: 3
[295076.865680] tee (1632626): drop_caches: 3
[295080.993685] tee (1632631): drop_caches: 3
[295085.116681] tee (1632645): drop_caches: 3
[295089.235859] tee (1632651): drop_caches: 3
[295093.353285] tee (1632656): drop_caches: 3
[295097.507844] tee (1632662): drop_caches: 3
[295101.623808] tee (1632670): drop_caches: 3
[295105.748685] tee (1632675): drop_caches: 3
[295109.878419] tee (1632681): drop_caches: 3
[295114.002069] tee (1632694): drop_caches: 3
[295118.120320] tee (1632700): drop_caches: 3
[295122.238118] tee (1632711): drop_caches: 3
[295126.400143] tee (1632717): drop_caches: 3
[295130.538389] tee (1632724): drop_caches: 3
[295134.657410] tee (1632732): drop_caches: 3
[295138.780076] tee (1632738): drop_caches: 3
[295142.902550] tee (1632751): drop_caches: 3
[295147.024977] tee (1632757): drop_caches: 3
[295151.146679] tee (1632762): drop_caches: 3
[295155.264518] tee (1632767): drop_caches: 3
[295159.420556] tee (1632773): drop_caches: 3
[295163.539179] tee (1632781): drop_caches: 3
[295167.661814] tee (1632787): drop_caches: 3
[295171.782467] tee (1632800): drop_caches: 3
[295175.901241] tee (1632805): drop_caches: 3
[295180.013011] tee (1632811): drop_caches: 3
[295184.130849] tee (1632817): drop_caches: 3
[295188.296744] tee (1632825): drop_caches: 3
[295192.423971] tee (1632833): drop_caches: 3
[295196.559857] tee (1632839): drop_caches: 3
[295200.695087] tee (1632850): drop_caches: 3
[295204.819215] tee (1632863): drop_caches: 3
[295208.943583] tee (1632869): drop_caches: 3
[295213.067420] tee (1632875): drop_caches: 3
[295217.185917] tee (1632881): drop_caches: 3
[295221.341259] tee (1632886): drop_caches: 3
[295225.465372] tee (1632894): drop_caches: 3
[295229.597055] tee (1632900): drop_caches: 3
[295233.725987] tee (1632913): drop_caches: 3
[295237.842484] tee (1632920): drop_caches: 3
[295241.957967] tee (1632926): drop_caches: 3
[295246.077206] tee (1632931): drop_caches: 3
[295250.190191] tee (1632939): drop_caches: 3
[295254.334243] tee (1632947): drop_caches: 3
[295258.467165] tee (1632953): drop_caches: 3
[295262.597890] tee (1632966): drop_caches: 3
[295266.716455] tee (1632972): drop_caches: 3
[295270.834114] tee (1632977): drop_caches: 3
[295274.948938] tee (1632982): drop_caches: 3
[295279.066324] tee (1632988): drop_caches: 3
[295283.216146] tee (1632996): drop_caches: 3
[295287.344939] tee (1633002): drop_caches: 3
[295291.473349] tee (1633015): drop_caches: 3
[295295.597257] tee (1633021): drop_caches: 3
[295299.715502] tee (1633027): drop_caches: 3
[295303.832729] tee (1633035): drop_caches: 3
[295307.945271] tee (1633043): drop_caches: 3
[295312.047837] tee (1633051): drop_caches: 3
[295316.204176] tee (1633056): drop_caches: 3
[295320.346746] tee (1633065): drop_caches: 3
[295324.477848] tee (1633078): drop_caches: 3
[295328.603419] tee (1633084): drop_caches: 3
[295332.720942] tee (1633089): drop_caches: 3
[295336.833857] tee (1633095): drop_caches: 3
[295340.962810] tee (1633100): drop_caches: 3
[295345.114321] tee (1633108): drop_caches: 3
[295349.249847] tee (1633114): drop_caches: 3
[295353.384561] tee (1633127): drop_caches: 3
[295357.515489] tee (1633133): drop_caches: 3
[295361.643924] tee (1633139): drop_caches: 3
[295365.762942] tee (1633144): drop_caches: 3
[295369.882167] tee (1633152): drop_caches: 3
[295373.983248] tee (1633160): drop_caches: 3
[295378.131485] tee (1633167): drop_caches: 3
[295382.266286] tee (1633180): drop_caches: 3
[295386.407040] tee (1633185): drop_caches: 3
[295390.532834] tee (1633191): drop_caches: 3
[295394.650896] tee (1633196): drop_caches: 3
[295398.763187] tee (1633202): drop_caches: 3
[295402.861924] tee (1633210): drop_caches: 3
[295407.027348] tee (1633216): drop_caches: 3
[295411.166057] tee (1633221): drop_caches: 3
[295415.302948] tee (1633234): drop_caches: 3
[295419.427986] tee (1633246): drop_caches: 3
[295423.557959] tee (1633252): drop_caches: 3
[295427.682691] tee (1633260): drop_caches: 3
[295431.800784] tee (1633265): drop_caches: 3
[295435.903075] tee (1633273): drop_caches: 3
[295440.050524] tee (1633280): drop_caches: 3
[295444.179733] tee (1633293): drop_caches: 3
[295448.310591] tee (1633300): drop_caches: 3
[295452.441023] tee (1633305): drop_caches: 3
[295456.566902] tee (1633310): drop_caches: 3
[295460.681747] tee (1633316): drop_caches: 3
[295464.782723] tee (1633324): drop_caches: 3
[295468.890425] tee (1633330): drop_caches: 3
[295473.045629] tee (1633343): drop_caches: 3
[295477.177869] tee (1633349): drop_caches: 3
[295481.308535] tee (1633355): drop_caches: 3
[295485.439352] tee (1633360): drop_caches: 3
[295489.560086] tee (1633368): drop_caches: 3
[295493.668897] tee (1633376): drop_caches: 3
[295497.783466] tee (1633382): drop_caches: 3
[295501.943215] tee (1633396): drop_caches: 3
[295506.079850] tee (1633401): drop_caches: 3
[295510.204433] tee (1633407): drop_caches: 3
[295514.328886] tee (1633412): drop_caches: 3
[295518.446750] tee (1633418): drop_caches: 3
[295522.558196] tee (1633426): drop_caches: 3
[295526.672727] tee (1633432): drop_caches: 3
[295530.781677] tee (1633437): drop_caches: 3
[295534.928977] tee (1633450): drop_caches: 3
[295539.062552] tee (1633456): drop_caches: 3
[295543.194388] tee (1633462): drop_caches: 3
[295547.312971] tee (1633470): drop_caches: 3
[295551.440223] tee (1633475): drop_caches: 3
[295555.548244] tee (1633483): drop_caches: 3
[295559.663181] tee (1633490): drop_caches: 3
[295563.818703] tee (1633503): drop_caches: 3
[295567.948936] tee (1633509): drop_caches: 3
[295572.084596] tee (1633514): drop_caches: 3
[295576.212013] tee (1633519): drop_caches: 3
[295580.331707] tee (1633525): drop_caches: 3
[295584.438822] tee (1633533): drop_caches: 3
[295588.558314] tee (1633539): drop_caches: 3
[295592.668613] tee (1633552): drop_caches: 3
[295596.813930] tee (1633561): drop_caches: 3
[295600.949899] tee (1633567): drop_caches: 3
[295605.086456] tee (1633574): drop_caches: 3
[295609.212274] tee (1633582): drop_caches: 3
[295613.326539] tee (1633590): drop_caches: 3
[295617.444490] tee (1633596): drop_caches: 3
[295621.554192] tee (1633610): drop_caches: 3
[295625.720150] tee (1633615): drop_caches: 3
[295629.855963] tee (1633621): drop_caches: 3
[295633.993072] tee (1633626): drop_caches: 3
[295638.118792] tee (1633632): drop_caches: 3
[295642.267870] tee (1633639): drop_caches: 3
[295646.388011] tee (1633645): drop_caches: 3
[295650.502546] tee (1633651): drop_caches: 3
[295654.615675] tee (1633664): drop_caches: 3
[295658.762320] tee (1633670): drop_caches: 3
[295662.891588] tee (1633676): drop_caches: 3
[295667.015782] tee (1633682): drop_caches: 3
[295671.145481] tee (1633689): drop_caches: 3
[295675.259594] tee (1633697): drop_caches: 3
[295679.379015] tee (1633703): drop_caches: 3
[295683.501732] tee (1633718): drop_caches: 3
[295687.662457] tee (1633724): drop_caches: 3
[295691.803686] tee (1633729): drop_caches: 3
[295695.935485] tee (1633734): drop_caches: 3
[295700.068292] tee (1633740): drop_caches: 3
[295704.188020] tee (1633748): drop_caches: 3
[295708.312296] tee (1633754): drop_caches: 3
[295712.434922] tee (1633767): drop_caches: 3
[295716.549212] tee (1633772): drop_caches: 3
[295720.696578] tee (1633783): drop_caches: 3
[295724.826418] tee (1633789): drop_caches: 3
[295728.957939] tee (1633797): drop_caches: 3
[295733.076963] tee (1633805): drop_caches: 3
[295737.196129] tee (1633811): drop_caches: 3
[295741.312483] tee (1633817): drop_caches: 3
[295745.431141] tee (1633830): drop_caches: 3
[295749.546082] tee (1633836): drop_caches: 3
[295753.700985] tee (1633841): drop_caches: 3
[295757.835524] tee (1633848): drop_caches: 3
[295761.967518] tee (1633853): drop_caches: 3
[295766.085589] tee (1633861): drop_caches: 3
[295770.208930] tee (1633867): drop_caches: 3
[295774.328579] tee (1633880): drop_caches: 3
[295778.443342] tee (1633886): drop_caches: 3
[295782.605035] tee (1633892): drop_caches: 3
[295786.736378] tee (1633897): drop_caches: 3
[295790.863290] tee (1633905): drop_caches: 3
[295794.982689] tee (1633913): drop_caches: 3
[295799.101934] tee (1633920): drop_caches: 3
[295803.217954] tee (1633934): drop_caches: 3
[295807.328974] tee (1633940): drop_caches: 3
[295811.458093] tee (1633945): drop_caches: 3
[295815.614079] tee (1633950): drop_caches: 3
[295819.740575] tee (1633956): drop_caches: 3
[295823.853770] tee (1633964): drop_caches: 3
[295827.974806] tee (1633970): drop_caches: 3
[295832.098317] tee (1633983): drop_caches: 3
[295836.217858] tee (1633989): drop_caches: 3
[295840.326066] tee (1633995): drop_caches: 3
[295844.491007] tee (1634001): drop_caches: 3
[295848.628020] tee (1634009): drop_caches: 3
[295852.747295] tee (1634017): drop_caches: 3
[295856.875227] tee (1634022): drop_caches: 3
[295861.003600] tee (1634028): drop_caches: 3
[295865.127735] tee (1634042): drop_caches: 3
[295869.247109] tee (1634048): drop_caches: 3
[295873.366881] tee (1634053): drop_caches: 3
[295877.514287] tee (1634059): drop_caches: 3
[295881.648837] tee (1634064): drop_caches: 3
[295885.769796] tee (1634072): drop_caches: 3
[295889.899069] tee (1634078): drop_caches: 3
[295894.024064] tee (1634091): drop_caches: 3
[295898.146958] tee (1634138): drop_caches: 3
[295898.852124] audit: type=1400 audit(1791136807.205:408): apparmor="DENIED" operation="open" class="file" profile="snap.firmware-updater.firmware-notifier" name="/proc/sys/vm/max_map_count" pid=1634094 comm="firmware-notifi" requested_mask="r" denied_mask="r" fsuid=1000 ouid=0
[295902.273766] tee (1634181): drop_caches: 3
[295906.443458] tee (1634186): drop_caches: 3
[295910.581500] tee (1634194): drop_caches: 3
[295914.700043] tee (1634202): drop_caches: 3
[295918.829524] tee (1634208): drop_caches: 3
[295922.954004] tee (1634221): drop_caches: 3
[295927.081598] tee (1634227): drop_caches: 3
[295931.203559] tee (1634233): drop_caches: 3
[295935.324696] tee (1634238): drop_caches: 3
[295939.483826] tee (1634244): drop_caches: 3
[295943.613210] tee (1634252): drop_caches: 3
[295947.738507] tee (1634258): drop_caches: 3
[295951.863070] tee (1634271): drop_caches: 3
[295955.989273] tee (1634276): drop_caches: 3
[295960.109028] tee (1634282): drop_caches: 3
[295964.231716] tee (1634288): drop_caches: 3
[295968.339189] tee (1634296): drop_caches: 3
[295972.487830] tee (1634301): drop_caches: 3
[295976.611154] tee (1634309): drop_caches: 3
[295980.732697] tee (1634315): drop_caches: 3
[295984.852137] tee (1634329): drop_caches: 3
[295988.966545] tee (1634335): drop_caches: 3
[295993.086246] tee (1634340): drop_caches: 3
[295997.203409] tee (1634345): drop_caches: 3
[296001.362576] tee (1634351): drop_caches: 3
[296005.488213] tee (1634359): drop_caches: 3
[296009.620930] tee (1634365): drop_caches: 3
[296013.752766] tee (1634378): drop_caches: 3
[296017.877927] tee (1634384): drop_caches: 3
[296022.000490] tee (1634396): drop_caches: 3
[296026.120354] tee (1634401): drop_caches: 3
[296030.236813] tee (1634409): drop_caches: 3
[296034.381832] tee (1634417): drop_caches: 3
[296038.514478] tee (1634423): drop_caches: 3
[296042.640795] tee (1634436): drop_caches: 3
[296046.761841] tee (1634442): drop_caches: 3
[296050.878221] tee (1634448): drop_caches: 3
[296054.993302] tee (1634453): drop_caches: 3
[296059.109580] tee (1634459): drop_caches: 3
[296063.264881] tee (1634467): drop_caches: 3
[296067.403126] tee (1634472): drop_caches: 3
[296071.537757] tee (1634478): drop_caches: 3
[296075.670979] tee (1634491): drop_caches: 3
[296079.790727] tee (1634497): drop_caches: 3
[296083.910663] tee (1634503): drop_caches: 3
[296088.030753] tee (1634511): drop_caches: 3
[296092.149250] tee (1634516): drop_caches: 3
[296096.293361] tee (1634524): drop_caches: 3
[296100.420618] tee (1634530): drop_caches: 3
[296104.552278] tee (1634671): drop_caches: 3
[296108.671648] tee (1634677): drop_caches: 3
[296112.800591] tee (1634682): drop_caches: 3
[296116.918117] tee (1634687): drop_caches: 3
[296121.028504] tee (1634693): drop_caches: 3
[296125.184056] tee (1634701): drop_caches: 3
[296129.320096] tee (1634707): drop_caches: 3
[296133.456626] tee (1634720): drop_caches: 3
[296137.591166] tee (1634725): drop_caches: 3
[296141.721322] tee (1634732): drop_caches: 3
[296145.849762] tee (1634737): drop_caches: 3
[296149.968668] tee (1634745): drop_caches: 3
[296154.078040] tee (1634753): drop_caches: 3
[296158.227419] tee (1634759): drop_caches: 3
[296162.371530] tee (1634772): drop_caches: 3
[296166.498234] tee (1634778): drop_caches: 3
[296170.618972] tee (1634784): drop_caches: 3
[296174.747834] tee (1634789): drop_caches: 3
[296178.861517] tee (1634796): drop_caches: 3
[296182.963833] tee (1634803): drop_caches: 3
[296187.074201] tee (1634809): drop_caches: 3
[296191.229563] tee (1634815): drop_caches: 3
[296195.351411] tee (1634831): drop_caches: 3
[296199.481113] tee (1634837): drop_caches: 3
[296203.608148] tee (1634845): drop_caches: 3
[296207.725038] tee (1634852): drop_caches: 3
[296211.837713] tee (1634858): drop_caches: 3
[296215.939020] tee (1634866): drop_caches: 3
[296220.099629] tee (1634872): drop_caches: 3
[296224.237133] tee (1634885): drop_caches: 3
[296228.369459] tee (1634892): drop_caches: 3
[296232.501604] tee (1634897): drop_caches: 3
[296236.625821] tee (1634902): drop_caches: 3
[296240.740817] tee (1634908): drop_caches: 3
[296244.843915] tee (1634916): drop_caches: 3
[296248.955878] tee (1634922): drop_caches: 3
[296253.104434] tee (1634935): drop_caches: 3
[296257.234513] tee (1634940): drop_caches: 3
[296261.357303] tee (1634947): drop_caches: 3
[296265.484795] tee (1634952): drop_caches: 3
[296269.610759] tee (1634960): drop_caches: 3
[296273.720256] tee (1634968): drop_caches: 3
[296277.838634] tee (1634973): drop_caches: 3
[296281.995012] tee (1634987): drop_caches: 3
[296286.134288] tee (1634992): drop_caches: 3
[296290.267373] tee (1634999): drop_caches: 3
[296294.401002] tee (1635004): drop_caches: 3
[296298.529834] tee (1635010): drop_caches: 3
[296302.648838] tee (1635015): drop_caches: 3
[296306.753345] tee (1635023): drop_caches: 3
[296310.863522] tee (1635029): drop_caches: 3
[296315.011656] tee (1635042): drop_caches: 3
[296319.139165] tee (1635053): drop_caches: 3
[296323.276469] tee (1635059): drop_caches: 3
[296327.409950] tee (1635066): drop_caches: 3
[296331.533366] tee (1635072): drop_caches: 3
[296335.643107] tee (1635080): drop_caches: 3
[296339.752440] tee (1635086): drop_caches: 3
[296343.912829] tee (1635099): drop_caches: 3
[296348.046086] tee (1635105): drop_caches: 3
[296352.180707] tee (1635111): drop_caches: 3
[296356.315607] tee (1635116): drop_caches: 3
[296360.446476] tee (1635122): drop_caches: 3
[296364.562117] tee (1635130): drop_caches: 3
[296368.677740] tee (1635136): drop_caches: 3
[296372.790923] tee (1635149): drop_caches: 3
[296376.940401] tee (1635156): drop_caches: 3
[296381.073771] tee (1635163): drop_caches: 3
[296385.202782] tee (1635168): drop_caches: 3
[296389.324359] tee (1635176): drop_caches: 3
[296393.443721] tee (1635184): drop_caches: 3
[296397.565679] tee (1635189): drop_caches: 3
[296401.682013] tee (1635196): drop_caches: 3
[296405.800893] tee (1635209): drop_caches: 3
[296409.953175] tee (1635216): drop_caches: 3
[296414.081250] tee (1635221): drop_caches: 3
[296418.213289] tee (1635226): drop_caches: 3
[296422.343132] tee (1635232): drop_caches: 3
[296426.455545] tee (1635240): drop_caches: 3
[296430.579332] tee (1635246): drop_caches: 3
[296434.688120] tee (1635259): drop_caches: 3
[296438.839886] tee (1635265): drop_caches: 3
[296442.971504] tee (1635271): drop_caches: 3
[296447.106093] tee (1635276): drop_caches: 3
[296451.227077] tee (1635284): drop_caches: 3
[296455.336684] tee (1635292): drop_caches: 3
[296459.452320] tee (1635298): drop_caches: 3
[296463.573985] tee (1635311): drop_caches: 3
[296467.683155] tee (1635316): drop_caches: 3
[296471.830037] tee (1635323): drop_caches: 3
[296475.962327] tee (1635328): drop_caches: 3
[296480.092200] tee (1635334): drop_caches: 3
[296484.208565] tee (1635342): drop_caches: 3
[296488.333476] tee (1635348): drop_caches: 3
[296492.453532] tee (1635361): drop_caches: 3
[296496.557522] tee (1635368): drop_caches: 3
[296500.710590] tee (1635374): drop_caches: 3
[296504.843848] tee (1635382): drop_caches: 3
[296508.977091] tee (1635390): drop_caches: 3
[296513.112614] tee (1635395): drop_caches: 3
[296517.231323] tee (1635403): drop_caches: 3
[296521.346115] tee (1635412): drop_caches: 3
[296525.459585] tee (1635426): drop_caches: 3
[296529.568649] tee (1635433): drop_caches: 3
[296533.725180] tee (1635438): drop_caches: 3
[296537.860761] tee (1635443): drop_caches: 3
[296541.992013] tee (1635449): drop_caches: 3
[296546.115409] tee (1635457): drop_caches: 3
[296550.232891] tee (1635463): drop_caches: 3
[296554.353527] tee (1635476): drop_caches: 3
[296558.466245] tee (1635482): drop_caches: 3
[296562.631971] tee (1635488): drop_caches: 3
[296566.763196] tee (1635493): drop_caches: 3
[296570.900474] tee (1635501): drop_caches: 3
[296575.017019] tee (1635509): drop_caches: 3
[296579.145643] tee (1635515): drop_caches: 3
[296583.271658] tee (1635528): drop_caches: 3
[296587.393992] tee (1635533): drop_caches: 3
[296591.504995] tee (1635540): drop_caches: 3
[296595.656517] tee (1635545): drop_caches: 3
[296599.788329] tee (1635551): drop_caches: 3
[296603.903683] tee (1635559): drop_caches: 3
[296608.033603] tee (1635564): drop_caches: 3
[296612.150213] tee (1635578): drop_caches: 3
[296616.272345] tee (1635583): drop_caches: 3
[296620.382051] tee (1635595): drop_caches: 3
[296624.513519] tee (1635601): drop_caches: 3
[296628.657560] tee (1635609): drop_caches: 3
[296632.786050] tee (1635614): drop_caches: 3
[296636.912833] tee (1635622): drop_caches: 3
[296641.039592] tee (1635628): drop_caches: 3
[296645.164689] tee (1635641): drop_caches: 3
[296649.279028] tee (1635648): drop_caches: 3
[296653.390390] tee (1635653): drop_caches: 3
[296657.557137] tee (1635661): drop_caches: 3
[296657.595360] mix-mixT-fixed37-1350596 phase=E END
[296657.603732] mix-mixT-fixed37-1350596 phase=F START
[300657.856012] mix-mixT-fixed37-1350596 phase=F END
[300657.869265] mix-mixT-fixed37-1350596 phase=G START
[304660.962937] mix-mixT-fixed37-1350596 phase=G chunk=1/1 done
[304661.598385] mix-mixT-fixed37-1350596 phase=G END
[304661.607887] mix-mixT-fixed37-1350596 phase=H START
[304661.617689] mix-mixT-fixed37-1350596 phase=H RUN
[304665.818929] tee (1640765): drop_caches: 3
[304669.938223] tee (1640772): drop_caches: 3
[304674.048694] tee (1640778): drop_caches: 3
[304678.158598] tee (1640783): drop_caches: 3
[304682.257321] tee (1640791): drop_caches: 3
[304686.351938] tee (1640807): drop_caches: 3
[304690.457638] tee (1640812): drop_caches: 3
[304694.578006] tee (1640821): drop_caches: 3
[304698.676772] tee (1640826): drop_caches: 3
[304702.771182] tee (1640831): drop_caches: 3
[304706.871590] tee (1640838): drop_caches: 3
[304710.961934] tee (1640857): drop_caches: 3
[304715.051683] tee (1640871): drop_caches: 3
[304719.142433] tee (1640881): drop_caches: 3
[304723.231452] tee (1640887): drop_caches: 3
[304727.334118] tee (1640893): drop_caches: 3
[304731.427047] tee (1640900): drop_caches: 3
[304735.516057] tee (1640906): drop_caches: 3
[304739.607241] tee (1640911): drop_caches: 3
[304743.686395] tee (1640919): drop_caches: 3
[304747.779657] tee (1640933): drop_caches: 3
[304751.877230] tee (1640938): drop_caches: 3
[304756.018895] tee (1640944): drop_caches: 3
[304760.126218] tee (1640949): drop_caches: 3
[304764.215869] tee (1640956): drop_caches: 3
[304768.311858] tee (1640962): drop_caches: 3
[304772.391155] tee (1640970): drop_caches: 3
[304776.480061] tee (1640984): drop_caches: 3
[304780.569660] tee (1640989): drop_caches: 3
[304784.658295] tee (1640996): drop_caches: 3
[304788.777156] tee (1641003): drop_caches: 3
[304792.877703] tee (1641008): drop_caches: 3
[304796.983334] tee (1641014): drop_caches: 3
[304801.069827] tee (1641023): drop_caches: 3
[304805.157257] tee (1641037): drop_caches: 3
[304809.254109] tee (1641042): drop_caches: 3
[304813.344952] tee (1641047): drop_caches: 3
[304817.517173] tee (1641053): drop_caches: 3
[304821.629543] tee (1641058): drop_caches: 3
[304825.731910] tee (1641064): drop_caches: 3
[304829.832243] tee (1641070): drop_caches: 3
[304833.915727] tee (1641086): drop_caches: 3
[304838.009865] tee (1641092): drop_caches: 3
[304842.106483] tee (1641098): drop_caches: 3
[304846.195419] tee (1641104): drop_caches: 3
[304850.326589] tee (1641111): drop_caches: 3
[304854.421454] tee (1641117): drop_caches: 3
[304858.513118] tee (1641122): drop_caches: 3
[304862.593192] tee (1641130): drop_caches: 3
[304866.679920] tee (1641144): drop_caches: 3
[304870.780681] tee (1641149): drop_caches: 3
[304874.868902] tee (1641155): drop_caches: 3
[304878.964690] tee (1641160): drop_caches: 3
[304883.085463] tee (1641165): drop_caches: 3
[304887.182620] tee (1641171): drop_caches: 3
[304891.268211] tee (1641180): drop_caches: 3
[304895.361334] tee (1641194): drop_caches: 3
[304899.450980] tee (1641199): drop_caches: 3
[304903.540898] tee (1641207): drop_caches: 3
[304907.629516] tee (1641215): drop_caches: 3
[304911.780149] tee (1641220): drop_caches: 3
[304915.889341] tee (1641226): drop_caches: 3
[304919.987634] tee (1641233): drop_caches: 3
[304924.068874] tee (1641249): drop_caches: 3
[304928.158519] tee (1641255): drop_caches: 3
[304932.250033] tee (1641260): drop_caches: 3
[304936.338469] tee (1641266): drop_caches: 3
[304940.430198] tee (1641271): drop_caches: 3
[304944.545152] tee (1641277): drop_caches: 3
[304948.639518] tee (1641283): drop_caches: 3
[304952.726638] tee (1641291): drop_caches: 3
[304956.829702] tee (1641305): drop_caches: 3
[304960.920550] tee (1641311): drop_caches: 3
[304965.014797] tee (1641317): drop_caches: 3
[304969.105654] tee (1641324): drop_caches: 3
[304973.202920] tee (1641329): drop_caches: 3
[304977.311402] tee (1641335): drop_caches: 3
[304981.392202] tee (1641343): drop_caches: 3
[304985.479893] tee (1641357): drop_caches: 3
[304989.577196] tee (1641362): drop_caches: 3
[304993.681105] tee (1641367): drop_caches: 3
[304997.770370] tee (1641373): drop_caches: 3
[305001.861383] tee (1641380): drop_caches: 3
[305006.000927] tee (1641386): drop_caches: 3
[305010.101208] tee (1641392): drop_caches: 3
[305014.188607] tee (1641408): drop_caches: 3
[305018.286544] tee (1641414): drop_caches: 3
[305022.376005] tee (1641426): drop_caches: 3
[305026.463717] tee (1641432): drop_caches: 3
[305030.560411] tee (1641439): drop_caches: 3
[305034.649170] tee (1641445): drop_caches: 3
[305038.769698] tee (1641450): drop_caches: 3
[305042.851988] tee (1641458): drop_caches: 3
[305046.942198] tee (1641472): drop_caches: 3
[305051.039694] tee (1641477): drop_caches: 3
[305055.134694] tee (1641483): drop_caches: 3
[305059.231835] tee (1641488): drop_caches: 3
[305063.322221] tee (1641493): drop_caches: 3
[305067.493051] tee (1641499): drop_caches: 3
[305071.594517] tee (1641508): drop_caches: 3
[305075.689339] tee (1641522): drop_caches: 3
[305079.781227] tee (1641527): drop_caches: 3
[305083.874054] tee (1641533): drop_caches: 3
[305087.962150] tee (1641541): drop_caches: 3
[305092.067725] tee (1641546): drop_caches: 3
[305096.163320] tee (1641552): drop_caches: 3
[305100.292886] tee (1641557): drop_caches: 3
[305104.378300] tee (1641573): drop_caches: 3
[305108.467283] tee (1641579): drop_caches: 3
[305112.558098] tee (1641584): drop_caches: 3
[305116.652638] tee (1641590): drop_caches: 3
[305120.749789] tee (1641595): drop_caches: 3
[305124.838107] tee (1641601): drop_caches: 3
[305128.936513] tee (1641606): drop_caches: 3
[305133.031773] tee (1641615): drop_caches: 3
[305137.128022] tee (1641629): drop_caches: 3
[305141.218390] tee (1641635): drop_caches: 3
[305145.314435] tee (1641641): drop_caches: 3
[305149.411471] tee (1641648): drop_caches: 3
[305153.509692] tee (1641653): drop_caches: 3
[305157.605893] tee (1641659): drop_caches: 3
[305161.745425] tee (1641667): drop_caches: 3
[305165.861528] tee (1641681): drop_caches: 3
[305169.958493] tee (1641686): drop_caches: 3
[305174.050311] tee (1641691): drop_caches: 3
[305178.138828] tee (1641697): drop_caches: 3
[305182.236312] tee (1641702): drop_caches: 3
[305186.325028] tee (1641708): drop_caches: 3
[305190.415006] tee (1641714): drop_caches: 3
[305194.518306] tee (1641733): drop_caches: 3
[305198.610950] tee (1641739): drop_caches: 3
[305202.708823] tee (1641747): drop_caches: 3
[305206.797793] tee (1641753): drop_caches: 3
[305210.887850] tee (1641760): drop_caches: 3
[305214.976597] tee (1641766): drop_caches: 3
[305219.068648] tee (1641771): drop_caches: 3
[305223.154437] tee (1641779): drop_caches: 3
[305227.260733] tee (1641793): drop_caches: 3
[305231.358602] tee (1641798): drop_caches: 3
[305235.448456] tee (1641804): drop_caches: 3
[305239.538985] tee (1641809): drop_caches: 3
[305243.631282] tee (1641814): drop_caches: 3
[305247.726159] tee (1641820): drop_caches: 3
[305251.815127] tee (1641829): drop_caches: 3
[305255.952682] tee (1641843): drop_caches: 3
[305260.057246] tee (1641848): drop_caches: 3
[305264.149110] tee (1641854): drop_caches: 3
[305268.238102] tee (1641862): drop_caches: 3
[305272.328043] tee (1641867): drop_caches: 3
[305276.417111] tee (1641873): drop_caches: 3
[305280.507583] tee (1641878): drop_caches: 3
[305284.590838] tee (1641894): drop_caches: 3
[305288.705685] tee (1641900): drop_caches: 3
[305292.805618] tee (1641905): drop_caches: 3
[305296.900906] tee (1641911): drop_caches: 3
[305300.998033] tee (1641916): drop_caches: 3
[305305.084968] tee (1641923): drop_caches: 3
[305309.183135] tee (1641928): drop_caches: 3
[305313.268706] tee (1641936): drop_caches: 3
[305317.438334] tee (1641951): drop_caches: 3
[305321.553316] tee (1641962): drop_caches: 3
[305325.655666] tee (1641968): drop_caches: 3
[305329.754878] tee (1641975): drop_caches: 3
[305333.851730] tee (1641980): drop_caches: 3
[305337.939462] tee (1641986): drop_caches: 3
[305342.017375] tee (1641994): drop_caches: 3
[305346.111911] tee (1642008): drop_caches: 3
[305350.238928] tee (1642013): drop_caches: 3
[305354.334768] tee (1642018): drop_caches: 3
[305358.423060] tee (1642024): drop_caches: 3
[305362.514204] tee (1642029): drop_caches: 3
[305366.602079] tee (1642035): drop_caches: 3
[305370.699527] tee (1642040): drop_caches: 3
[305374.784656] tee (1642057): drop_caches: 3
[305378.879680] tee (1642063): drop_caches: 3
[305382.990626] tee (1642069): drop_caches: 3
[305387.081274] tee (1642075): drop_caches: 3
[305391.172844] tee (1642082): drop_caches: 3
[305395.259950] tee (1642088): drop_caches: 3
[305399.356370] tee (1642094): drop_caches: 3
[305403.434941] tee (1642102): drop_caches: 3
[305407.522371] tee (1642116): drop_caches: 3
[305411.667274] tee (1642121): drop_caches: 3
[305415.773132] tee (1642127): drop_caches: 3
[305419.873110] tee (1642132): drop_caches: 3
[305423.970777] tee (1642137): drop_caches: 3
[305428.065729] tee (1642143): drop_caches: 3
[305432.150260] tee (1642151): drop_caches: 3
[305436.243906] tee (1642166): drop_caches: 3
[305440.332808] tee (1642171): drop_caches: 3
[305444.445698] tee (1642177): drop_caches: 3
[305448.537323] tee (1642185): drop_caches: 3
[305452.628705] tee (1642190): drop_caches: 3
[305456.722421] tee (1642196): drop_caches: 3
[305460.818737] tee (1642201): drop_caches: 3
[305464.930432] tee (1642217): drop_caches: 3
[305469.025294] tee (1642223): drop_caches: 3
[305473.135945] tee (1642228): drop_caches: 3
[305477.245988] tee (1642234): drop_caches: 3
[305481.338621] tee (1642239): drop_caches: 3
[305485.426245] tee (1642245): drop_caches: 3
[305489.523991] tee (1642250): drop_caches: 3
[305493.610586] tee (1642259): drop_caches: 3
[305497.705024] tee (1642273): drop_caches: 3
[305501.801927] tee (1642281): drop_caches: 3
[305505.936816] tee (1642287): drop_caches: 3
[305510.050314] tee (1642294): drop_caches: 3
[305514.149399] tee (1642299): drop_caches: 3
[305518.252848] tee (1642308): drop_caches: 3
[305522.332972] tee (1642316): drop_caches: 3
[305526.419872] tee (1642330): drop_caches: 3
[305530.520106] tee (1642335): drop_caches: 3
[305534.620396] tee (1642340): drop_caches: 3
[305538.726280] tee (1642346): drop_caches: 3
[305542.826004] tee (1642351): drop_caches: 3
[305546.921287] tee (1642357): drop_caches: 3
[305551.018682] tee (1642362): drop_caches: 3
[305555.104810] tee (1642379): drop_caches: 3
[305559.198713] tee (1642385): drop_caches: 3
[305563.288786] tee (1642391): drop_caches: 3
[305567.442120] tee (1642399): drop_caches: 3
[305571.559456] tee (1642404): drop_caches: 3
[305575.652818] tee (1642410): drop_caches: 3
[305579.759181] tee (1642415): drop_caches: 3
[305583.845924] tee (1642423): drop_caches: 3
[305587.939644] tee (1642437): drop_caches: 3
[305592.030873] tee (1642442): drop_caches: 3
[305596.130166] tee (1642448): drop_caches: 3
[305600.247737] tee (1642453): drop_caches: 3
[305604.343929] tee (1642458): drop_caches: 3
[305608.433851] tee (1642464): drop_caches: 3
[305612.511693] tee (1642472): drop_caches: 3
[305616.598817] tee (1642487): drop_caches: 3
[305620.687432] tee (1642499): drop_caches: 3
[305624.778826] tee (1642504): drop_caches: 3
[305628.873249] tee (1642512): drop_caches: 3
[305632.984298] tee (1642517): drop_caches: 3
[305637.082493] tee (1642523): drop_caches: 3
[305641.180194] tee (1642528): drop_caches: 3
[305645.266431] tee (1642544): drop_caches: 3
[305649.361838] tee (1642550): drop_caches: 3
[305653.460033] tee (1642555): drop_caches: 3
[305657.556095] tee (1642561): drop_caches: 3
[305661.701550] tee (1642566): drop_caches: 3
[305665.800604] tee (1642572): drop_caches: 3
[305669.893020] tee (1642577): drop_caches: 3
[305673.978558] tee (1642585): drop_caches: 3
[305678.071570] tee (1642600): drop_caches: 3
[305682.161874] tee (1642606): drop_caches: 3
[305686.257052] tee (1642612): drop_caches: 3
[305690.348050] tee (1642619): drop_caches: 3
[305694.459327] tee (1642624): drop_caches: 3
[305698.550213] tee (1642630): drop_caches: 3
[305702.631519] tee (1642638): drop_caches: 3
[305706.719693] tee (1642652): drop_caches: 3
[305710.810646] tee (1642657): drop_caches: 3
[305714.907922] tee (1642662): drop_caches: 3
[305719.002338] tee (1642668): drop_caches: 3
[305723.183065] tee (1642673): drop_caches: 3
[305727.301462] tee (1642679): drop_caches: 3
[305731.402482] tee (1642684): drop_caches: 3
[305735.484463] tee (1642701): drop_caches: 3
[305739.573257] tee (1642707): drop_caches: 3
[305743.663559] tee (1642713): drop_caches: 3
[305747.757950] tee (1642721): drop_caches: 3
[305751.854411] tee (1642726): drop_caches: 3
[305755.978264] tee (1642732): drop_caches: 3
[305760.081024] tee (1642737): drop_caches: 3
[305764.170216] tee (1642747): drop_caches: 3
[305768.264508] tee (1642759): drop_caches: 3
[305772.354975] tee (1642764): drop_caches: 3
[305776.443593] tee (1642770): drop_caches: 3
[305780.534760] tee (1642775): drop_caches: 3
[305784.631934] tee (1642780): drop_caches: 3
[305788.741757] tee (1642786): drop_caches: 3
[305792.822510] tee (1642794): drop_caches: 3
[305796.909454] tee (1642812): drop_caches: 3
[305800.999355] tee (1642820): drop_caches: 3
[305805.090238] tee (1642825): drop_caches: 3
[305809.184630] tee (1642833): drop_caches: 3
[305813.282108] tee (1642838): drop_caches: 3
[305817.441437] tee (1642844): drop_caches: 3
[305821.554227] tee (1642849): drop_caches: 3
[305825.637518] tee (1642865): drop_caches: 3
[305829.741073] tee (1642871): drop_caches: 3
[305833.838938] tee (1642876): drop_caches: 3
[305837.933437] tee (1642882): drop_caches: 3
[305842.030687] tee (1642887): drop_caches: 3
[305846.118949] tee (1642894): drop_caches: 3
[305850.241589] tee (1642899): drop_caches: 3
[305854.323498] tee (1642915): drop_caches: 3
[305858.412283] tee (1642922): drop_caches: 3
[305862.512406] tee (1642928): drop_caches: 3
[305866.600668] tee (1642934): drop_caches: 3
[305870.697522] tee (1642941): drop_caches: 3
[305874.794498] tee (1642946): drop_caches: 3
[305878.885895] tee (1642952): drop_caches: 3
[305882.977783] tee (1642960): drop_caches: 3
[305887.067094] tee (1642974): drop_caches: 3
[305891.158851] tee (1642979): drop_caches: 3
[305895.256146] tee (1642984): drop_caches: 3
[305899.350175] tee (1642990): drop_caches: 3
[305903.440632] tee (1642995): drop_caches: 3
[305907.529611] tee (1643001): drop_caches: 3
[305911.669615] tee (1643006): drop_caches: 3
[305915.765987] tee (1643022): drop_caches: 3
[305919.864735] tee (1643034): drop_caches: 3
[305923.961205] tee (1643040): drop_caches: 3
[305928.059500] tee (1643048): drop_caches: 3
[305932.157699] tee (1643053): drop_caches: 3
[305936.246101] tee (1643059): drop_caches: 3
[305940.336055] tee (1643064): drop_caches: 3
[305944.440254] tee (1643080): drop_caches: 3
[305948.531733] tee (1643086): drop_caches: 3
[305952.630395] tee (1643091): drop_caches: 3
[305956.724229] tee (1643097): drop_caches: 3
[305960.820595] tee (1643102): drop_caches: 3
[305964.917746] tee (1643107): drop_caches: 3
[305969.012576] tee (1643113): drop_caches: 3
[305973.171070] tee (1643121): drop_caches: 3
[305977.279069] tee (1643136): drop_caches: 3
[305981.378508] tee (1643143): drop_caches: 3
[305985.476913] tee (1643148): drop_caches: 3
[305989.572168] tee (1643156): drop_caches: 3
[305993.670979] tee (1643161): drop_caches: 3
[305997.774736] tee (1643167): drop_caches: 3
[306001.858358] tee (1643180): drop_caches: 3
[306005.986903] tee (1643194): drop_caches: 3
[306010.095743] tee (1643200): drop_caches: 3
[306014.193998] tee (1643207): drop_caches: 3
[306018.289048] tee (1643213): drop_caches: 3
[306022.379400] tee (1643218): drop_caches: 3
[306026.467968] tee (1643224): drop_caches: 3
[306030.559162] tee (1643229): drop_caches: 3
[306034.645010] tee (1643245): drop_caches: 3
[306038.756031] tee (1643252): drop_caches: 3
[306042.863596] tee (1643258): drop_caches: 3
[306046.958993] tee (1643264): drop_caches: 3
[306051.056426] tee (1643270): drop_caches: 3
[306055.154244] tee (1643275): drop_caches: 3
[306059.249175] tee (1643281): drop_caches: 3
[306063.328460] tee (1643289): drop_caches: 3
[306067.475421] tee (1643303): drop_caches: 3
[306071.578351] tee (1643308): drop_caches: 3
[306075.671914] tee (1643313): drop_caches: 3
[306079.776125] tee (1643319): drop_caches: 3
[306083.873829] tee (1643324): drop_caches: 3
[306087.977894] tee (1643330): drop_caches: 3
[306092.056614] tee (1643338): drop_caches: 3
[306096.152250] tee (1643351): drop_caches: 3
[306100.270377] tee (1643358): drop_caches: 3
[306104.364977] tee (1643366): drop_caches: 3
[306108.454465] tee (1643373): drop_caches: 3
[306112.545174] tee (1643378): drop_caches: 3
[306116.632021] tee (1643387): drop_caches: 3
[306120.729063] tee (1643392): drop_caches: 3
[306124.814121] tee (1643408): drop_caches: 3
[306128.908778] tee (1643414): drop_caches: 3
[306133.018388] tee (1643419): drop_caches: 3
[306137.115964] tee (1643425): drop_caches: 3
[306141.214031] tee (1643430): drop_caches: 3
[306145.311899] tee (1643435): drop_caches: 3
[306149.407548] tee (1643441): drop_caches: 3
[306153.487363] tee (1643449): drop_caches: 3
[306157.575713] tee (1643463): drop_caches: 3
[306161.717995] tee (1643470): drop_caches: 3
[306165.831686] tee (1643475): drop_caches: 3
[306169.927748] tee (1643482): drop_caches: 3
[306174.032981] tee (1643487): drop_caches: 3
[306178.120815] tee (1643493): drop_caches: 3
[306182.202064] tee (1643501): drop_caches: 3
[306186.290600] tee (1643514): drop_caches: 3
[306190.378163] tee (1643520): drop_caches: 3
[306194.486388] tee (1643525): drop_caches: 3
[306198.578735] tee (1643531): drop_caches: 3
[306202.676335] tee (1643536): drop_caches: 3
[306206.764486] tee (1643542): drop_caches: 3
[306210.862203] tee (1643547): drop_caches: 3
[306214.948329] tee (1643563): drop_caches: 3
[306219.042933] tee (1643575): drop_caches: 3
[306223.209963] tee (1643582): drop_caches: 3
[306227.324225] tee (1643588): drop_caches: 3
[306231.430261] tee (1643594): drop_caches: 3
[306235.522613] tee (1643599): drop_caches: 3
[306239.611736] tee (1643605): drop_caches: 3
[306243.690680] tee (1643613): drop_caches: 3
[306247.779040] tee (1643627): drop_caches: 3
[306251.870183] tee (1643632): drop_caches: 3
[306256.005309] tee (1643637): drop_caches: 3
[306260.114036] tee (1643643): drop_caches: 3
[306264.210540] tee (1643648): drop_caches: 3
[306268.297496] tee (1643654): drop_caches: 3
[306272.376414] tee (1643662): drop_caches: 3
[306276.466289] tee (1643675): drop_caches: 3
[306280.553256] tee (1643683): drop_caches: 3
[306284.651612] tee (1643688): drop_caches: 3
[306288.760486] tee (1643695): drop_caches: 3
[306292.860186] tee (1643700): drop_caches: 3
[306296.976267] tee (1643706): drop_caches: 3
[306301.068194] tee (1643714): drop_caches: 3
[306305.147299] tee (1643730): drop_caches: 3
[306309.251288] tee (1643736): drop_caches: 3
[306313.357567] tee (1643741): drop_caches: 3
[306317.501487] tee (1643747): drop_caches: 3
[306321.619628] tee (1643752): drop_caches: 3
[306325.719404] tee (1643757): drop_caches: 3
[306329.808114] tee (1643763): drop_caches: 3
[306333.887575] tee (1643771): drop_caches: 3
[306337.974799] tee (1643785): drop_caches: 3
[306342.064808] tee (1643792): drop_caches: 3
[306346.162878] tee (1643797): drop_caches: 3
[306350.280690] tee (1643804): drop_caches: 3
[306354.375272] tee (1643809): drop_caches: 3
[306358.464032] tee (1643815): drop_caches: 3
[306362.543273] tee (1643823): drop_caches: 3
[306366.632792] tee (1643836): drop_caches: 3
[306370.726981] tee (1643842): drop_caches: 3
[306374.824891] tee (1643847): drop_caches: 3
[306379.012051] tee (1643853): drop_caches: 3
[306383.134585] tee (1643858): drop_caches: 3
[306387.239381] tee (1643865): drop_caches: 3
[306391.338125] tee (1643870): drop_caches: 3
[306395.419057] tee (1643889): drop_caches: 3
[306399.507724] tee (1643895): drop_caches: 3
[306403.599955] tee (1643904): drop_caches: 3
[306407.690141] tee (1643911): drop_caches: 3
[306411.823144] tee (1643916): drop_caches: 3
[306415.919834] tee (1643921): drop_caches: 3
[306420.009610] tee (1643927): drop_caches: 3
[306424.091157] tee (1643935): drop_caches: 3
[306428.192399] tee (1643949): drop_caches: 3
[306432.283180] tee (1643954): drop_caches: 3
[306436.372973] tee (1643959): drop_caches: 3
[306440.461801] tee (1643965): drop_caches: 3
[306444.570246] tee (1643970): drop_caches: 3
[306448.660578] tee (1643976): drop_caches: 3
[306452.744608] tee (1643984): drop_caches: 3
[306456.840799] tee (1643998): drop_caches: 3
[306460.935012] tee (1644005): drop_caches: 3
[306465.033552] tee (1644011): drop_caches: 3
[306469.123212] tee (1644018): drop_caches: 3
[306473.282727] tee (1644023): drop_caches: 3
[306477.385895] tee (1644029): drop_caches: 3
[306481.486824] tee (1644034): drop_caches: 3
[306485.572494] tee (1644050): drop_caches: 3
[306489.661322] tee (1644057): drop_caches: 3
[306493.752237] tee (1644062): drop_caches: 3
[306497.846686] tee (1644068): drop_caches: 3
[306501.963628] tee (1644073): drop_caches: 3
[306506.086030] tee (1644078): drop_caches: 3
[306510.179038] tee (1644084): drop_caches: 3
[306514.272101] tee (1644092): drop_caches: 3
[306518.359321] tee (1644106): drop_caches: 3
[306522.449215] tee (1644118): drop_caches: 3
[306526.566927] tee (1644123): drop_caches: 3
[306530.662117] tee (1644130): drop_caches: 3
[306534.759770] tee (1644135): drop_caches: 3
[306538.866539] tee (1644141): drop_caches: 3
[306542.953270] tee (1644149): drop_caches: 3
[306547.049692] tee (1644162): drop_caches: 3
[306551.145135] tee (1644168): drop_caches: 3
[306555.242749] tee (1644173): drop_caches: 3
[306559.331322] tee (1644179): drop_caches: 3
[306563.421232] tee (1644184): drop_caches: 3
[306567.553748] tee (1644190): drop_caches: 3
[306571.653509] tee (1644195): drop_caches: 3
[306575.766598] tee (1644211): drop_caches: 3
[306579.855119] tee (1644217): drop_caches: 3
[306583.952849] tee (1644224): drop_caches: 3
[306588.047424] tee (1644232): drop_caches: 3
[306592.138802] tee (1644237): drop_caches: 3
[306596.232753] tee (1644242): drop_caches: 3
[306600.340680] tee (1644249): drop_caches: 3
[306604.422495] tee (1644257): drop_caches: 3
[306608.509945] tee (1644271): drop_caches: 3
[306612.601421] tee (1644276): drop_caches: 3
[306616.699463] tee (1644281): drop_caches: 3
[306620.794314] tee (1644287): drop_caches: 3
[306624.894079] tee (1644292): drop_caches: 3
[306629.064290] tee (1644298): drop_caches: 3
[306633.184591] tee (1644306): drop_caches: 3
[306637.288394] tee (1644319): drop_caches: 3
[306641.384391] tee (1644326): drop_caches: 3
[306645.482341] tee (1644332): drop_caches: 3
[306649.576607] tee (1644339): drop_caches: 3
[306653.672937] tee (1644344): drop_caches: 3
[306657.767226] tee (1644351): drop_caches: 3
[306661.896298] tee (1644357): drop_caches: 3
[306665.987130] tee (1644373): drop_caches: 3
[306670.083035] tee (1644379): drop_caches: 3
[306674.181105] tee (1644384): drop_caches: 3
[306678.275813] tee (1644390): drop_caches: 3
[306682.365460] tee (1644395): drop_caches: 3
[306686.457360] tee (1644400): drop_caches: 3
[306690.546228] tee (1644406): drop_caches: 3
[306694.641082] tee (1644422): drop_caches: 3
[306698.741080] tee (1644491): drop_caches: 3
[306699.096643] audit: type=1400 audit(1791147607.761:409): apparmor="DENIED" operation="open" class="file" profile="snap.firmware-updater.firmware-notifier" name="/proc/sys/vm/max_map_count" pid=1644425 comm="firmware-notifi" requested_mask="r" denied_mask="r" fsuid=1000 ouid=0
[306702.845912] tee (1644514): drop_caches: 3
[306706.942277] tee (1644520): drop_caches: 3
[306711.037628] tee (1644527): drop_caches: 3
[306715.135242] tee (1644532): drop_caches: 3
[306719.230411] tee (1644538): drop_caches: 3
[306723.370769] tee (1644546): drop_caches: 3
[306727.473169] tee (1644559): drop_caches: 3
[306731.565263] tee (1644565): drop_caches: 3
[306735.658524] tee (1644570): drop_caches: 3
[306739.752271] tee (1644576): drop_caches: 3
[306743.849695] tee (1644581): drop_caches: 3
[306747.944017] tee (1644587): drop_caches: 3
[306752.034255] tee (1644592): drop_caches: 3
[306756.143510] tee (1644608): drop_caches: 3
[306760.240943] tee (1644614): drop_caches: 3
[306764.335494] tee (1644621): drop_caches: 3
[306768.422896] tee (1644628): drop_caches: 3
[306772.513868] tee (1644633): drop_caches: 3
[306776.605314] tee (1644638): drop_caches: 3
[306780.699968] tee (1644644): drop_caches: 3
[306784.780427] tee (1644660): drop_caches: 3
[306788.887950] tee (1644666): drop_caches: 3
[306792.987197] tee (1644671): drop_caches: 3
[306797.085362] tee (1644676): drop_caches: 3
[306801.179669] tee (1644682): drop_caches: 3
[306805.276433] tee (1644687): drop_caches: 3
[306809.371421] tee (1644693): drop_caches: 3
[306813.457407] tee (1644701): drop_caches: 3
[306817.593398] tee (1644714): drop_caches: 3
[306821.706013] tee (1644727): drop_caches: 3
[306825.804080] tee (1644733): drop_caches: 3
[306829.898916] tee (1644740): drop_caches: 3
[306833.996967] tee (1644745): drop_caches: 3
[306838.086031] tee (1644751): drop_caches: 3
[306842.183342] tee (1644756): drop_caches: 3
[306846.261721] tee (1644772): drop_caches: 3
[306850.368134] tee (1644778): drop_caches: 3
[306854.462268] tee (1644783): drop_caches: 3
[306858.550457] tee (1644789): drop_caches: 3
[306862.641897] tee (1644794): drop_caches: 3
[306866.732738] tee (1644799): drop_caches: 3
[306870.827190] tee (1644805): drop_caches: 3
[306874.906867] tee (1644821): drop_caches: 3
[306879.073221] tee (1644827): drop_caches: 3
[306883.187419] tee (1644833): drop_caches: 3
[306887.290006] tee (1644839): drop_caches: 3
[306891.378519] tee (1644846): drop_caches: 3
[306895.469214] tee (1644851): drop_caches: 3
[306899.559796] tee (1644857): drop_caches: 3
[306903.658324] tee (1644865): drop_caches: 3
[306907.761142] tee (1645006): drop_caches: 3
[306911.883860] tee (1645012): drop_caches: 3
[306915.987026] tee (1645017): drop_caches: 3
[306920.081707] tee (1645023): drop_caches: 3
[306924.177819] tee (1645028): drop_caches: 3
[306928.272153] tee (1645035): drop_caches: 3
[306932.361399] tee (1645040): drop_caches: 3
[306936.441369] tee (1645056): drop_caches: 3
[306940.548684] tee (1645063): drop_caches: 3
[306944.652334] tee (1645068): drop_caches: 3
[306948.742757] tee (1645076): drop_caches: 3
[306952.832488] tee (1645081): drop_caches: 3
[306956.922767] tee (1645086): drop_caches: 3
[306961.017218] tee (1645092): drop_caches: 3
[306965.117184] tee (1645108): drop_caches: 3
[306969.212252] tee (1645114): drop_caches: 3
[306973.352864] tee (1645119): drop_caches: 3
[306977.460958] tee (1645124): drop_caches: 3
[306981.557851] tee (1645130): drop_caches: 3
[306985.655282] tee (1645135): drop_caches: 3
[306989.751121] tee (1645141): drop_caches: 3
[306993.836674] tee (1645152): drop_caches: 3
[306997.932345] tee (1645165): drop_caches: 3
[307002.027304] tee (1645174): drop_caches: 3
[307006.145877] tee (1645179): drop_caches: 3
[307010.243020] tee (1645187): drop_caches: 3
[307014.333409] tee (1645192): drop_caches: 3
[307018.422006] tee (1645198): drop_caches: 3
[307022.513167] tee (1645203): drop_caches: 3
[307026.598134] tee (1645219): drop_caches: 3
[307030.685550] tee (1645225): drop_caches: 3
[307034.880481] tee (1645230): drop_caches: 3
[307038.998739] tee (1645236): drop_caches: 3
[307043.102385] tee (1645241): drop_caches: 3
[307047.194900] tee (1645246): drop_caches: 3
[307051.290060] tee (1645252): drop_caches: 3
[307055.369514] tee (1645268): drop_caches: 3
[307059.456627] tee (1645274): drop_caches: 3
[307063.547608] tee (1645280): drop_caches: 3
[307067.675337] tee (1645287): drop_caches: 3
[307071.777535] tee (1645293): drop_caches: 3
[307075.876941] tee (1645298): drop_caches: 3
[307079.974537] tee (1645304): drop_caches: 3
[307084.063032] tee (1645312): drop_caches: 3
[307088.162177] tee (1645325): drop_caches: 3
[307092.258766] tee (1645331): drop_caches: 3
[307096.349661] tee (1645336): drop_caches: 3
[307100.454574] tee (1645342): drop_caches: 3
[307104.557503] tee (1645347): drop_caches: 3
[307108.653526] tee (1645353): drop_caches: 3
[307112.763889] tee (1645358): drop_caches: 3
[307116.855568] tee (1645374): drop_caches: 3
[307120.943667] tee (1645386): drop_caches: 3
[307125.044794] tee (1645391): drop_caches: 3
[307129.198290] tee (1645400): drop_caches: 3
[307133.309655] tee (1645405): drop_caches: 3
[307137.409464] tee (1645410): drop_caches: 3
[307141.506634] tee (1645416): drop_caches: 3
[307145.592121] tee (1645432): drop_caches: 3
[307149.687751] tee (1645438): drop_caches: 3
[307153.784627] tee (1645444): drop_caches: 3
[307157.889259] tee (1645449): drop_caches: 3
[307162.008767] tee (1645455): drop_caches: 3
[307166.109695] tee (1645460): drop_caches: 3
[307170.206699] tee (1645466): drop_caches: 3
[307174.286746] tee (1645474): drop_caches: 3
[307178.375958] tee (1645488): drop_caches: 3
[307182.477748] tee (1645494): drop_caches: 3
[307186.570442] tee (1645499): drop_caches: 3
[307190.658565] tee (1645507): drop_caches: 3
[307194.767849] tee (1645512): drop_caches: 3
[307198.857805] tee (1645519): drop_caches: 3
[307202.960638] tee (1645524): drop_caches: 3
[307207.042406] tee (1645540): drop_caches: 3
[307211.131230] tee (1645546): drop_caches: 3
[307215.222768] tee (1645551): drop_caches: 3
[307219.321969] tee (1645557): drop_caches: 3
[307223.466652] tee (1645562): drop_caches: 3
[307227.566779] tee (1645567): drop_caches: 3
[307231.667521] tee (1645573): drop_caches: 3
[307235.754086] tee (1645589): drop_caches: 3
[307239.850731] tee (1645595): drop_caches: 3
[307243.949775] tee (1645601): drop_caches: 3
[307248.046773] tee (1645608): drop_caches: 3
[307252.141588] tee (1645614): drop_caches: 3
[307256.258564] tee (1645619): drop_caches: 3
[307260.349152] tee (1645625): drop_caches: 3
[307264.429149] tee (1645633): drop_caches: 3
[307268.516693] tee (1645647): drop_caches: 3
[307272.614105] tee (1645652): drop_caches: 3
[307276.710870] tee (1645657): drop_caches: 3
[307280.805984] tee (1645663): drop_caches: 3
[307284.976668] tee (1645668): drop_caches: 3
[307289.091208] tee (1645674): drop_caches: 3
[307293.186236] tee (1645679): drop_caches: 3
[307297.268520] tee (1645698): drop_caches: 3
[307301.358156] tee (1645707): drop_caches: 3
[307305.449481] tee (1645712): drop_caches: 3
[307309.543563] tee (1645720): drop_caches: 3
[307313.640876] tee (1645725): drop_caches: 3
[307317.769742] tee (1645730): drop_caches: 3
[307321.862175] tee (1645736): drop_caches: 3
[307325.949116] tee (1645752): drop_caches: 3
[307330.044974] tee (1645758): drop_caches: 3
[307334.143683] tee (1645763): drop_caches: 3
[307338.241096] tee (1645768): drop_caches: 3
[307342.328758] tee (1645774): drop_caches: 3
[307346.429515] tee (1645779): drop_caches: 3
[307350.534072] tee (1645785): drop_caches: 3
[307354.622191] tee (1645793): drop_caches: 3
[307358.710456] tee (1645807): drop_caches: 3
[307362.815910] tee (1645813): drop_caches: 3
[307366.913225] tee (1645818): drop_caches: 3
[307371.008348] tee (1645826): drop_caches: 3
[307375.106042] tee (1645831): drop_caches: 3
[307379.252795] tee (1645837): drop_caches: 3
[307383.363752] tee (1645842): drop_caches: 3
[307387.446079] tee (1645858): drop_caches: 3
[307391.535158] tee (1645864): drop_caches: 3
[307395.625930] tee (1645869): drop_caches: 3
[307399.720966] tee (1645875): drop_caches: 3
[307403.817994] tee (1645880): drop_caches: 3
[307407.915773] tee (1645885): drop_caches: 3
[307412.034613] tee (1645891): drop_caches: 3
[307416.122778] tee (1645907): drop_caches: 3
[307420.230924] tee (1645919): drop_caches: 3
[307424.322621] tee (1645925): drop_caches: 3
[307428.413454] tee (1645932): drop_caches: 3
[307432.501833] tee (1645938): drop_caches: 3
[307436.598721] tee (1645943): drop_caches: 3
[307440.736186] tee (1645949): drop_caches: 3
[307444.831399] tee (1645965): drop_caches: 3
[307448.932617] tee (1645971): drop_caches: 3
[307453.029452] tee (1645976): drop_caches: 3
[307457.124002] tee (1645981): drop_caches: 3
[307461.210966] tee (1645987): drop_caches: 3
[307465.307936] tee (1645992): drop_caches: 3
[307469.402619] tee (1645999): drop_caches: 3
[307473.538211] tee (1646004): drop_caches: 3
[307477.624243] tee (1646020): drop_caches: 3
[307481.713784] tee (1646027): drop_caches: 3
[307485.804993] tee (1646032): drop_caches: 3
[307489.899545] tee (1646041): drop_caches: 3
[307493.997089] tee (1646046): drop_caches: 3
[307498.087655] tee (1646051): drop_caches: 3
[307502.191469] tee (1646057): drop_caches: 3
[307506.287548] tee (1646073): drop_caches: 3
[307510.378304] tee (1646079): drop_caches: 3
[307514.470918] tee (1646084): drop_caches: 3
[307518.561184] tee (1646089): drop_caches: 3
[307522.656437] tee (1646095): drop_caches: 3
[307526.755177] tee (1646100): drop_caches: 3
[307530.850566] tee (1646106): drop_caches: 3
[307534.999051] tee (1646122): drop_caches: 3
[307539.114673] tee (1646128): drop_caches: 3
[307543.217012] tee (1646134): drop_caches: 3
[307547.308245] tee (1646139): drop_caches: 3
[307551.397352] tee (1646147): drop_caches: 3
[307555.487377] tee (1646152): drop_caches: 3
[307559.574400] tee (1646158): drop_caches: 3
[307563.663954] tee (1646163): drop_caches: 3
[307567.773998] tee (1646179): drop_caches: 3
[307571.866979] tee (1646185): drop_caches: 3
[307575.964117] tee (1646190): drop_caches: 3
[307580.051892] tee (1646196): drop_caches: 3
[307584.148600] tee (1646201): drop_caches: 3
[307588.245643] tee (1646206): drop_caches: 3
[307592.339624] tee (1646212): drop_caches: 3
[307596.420581] tee (1646231): drop_caches: 3
[307600.522651] tee (1646238): drop_caches: 3
[307604.621981] tee (1646245): drop_caches: 3
[307608.719779] tee (1646252): drop_caches: 3
[307612.813867] tee (1646258): drop_caches: 3
[307616.910127] tee (1646263): drop_caches: 3
[307621.004949] tee (1646269): drop_caches: 3
[307625.084584] tee (1646285): drop_caches: 3
[307629.221252] tee (1646291): drop_caches: 3
[307633.330516] tee (1646296): drop_caches: 3
[307637.431739] tee (1646301): drop_caches: 3
[307641.520452] tee (1646307): drop_caches: 3
[307645.616992] tee (1646312): drop_caches: 3
[307649.738160] tee (1646318): drop_caches: 3
[307653.838131] tee (1646323): drop_caches: 3
[307657.917681] tee (1646339): drop_caches: 3
[307662.026755] tee (1646346): drop_caches: 3
[307666.121464] tee (1646351): drop_caches: 3
[307670.226670] tee (1646359): drop_caches: 3
[307674.316371] tee (1646364): drop_caches: 3
[307678.406672] tee (1646369): drop_caches: 3
[307682.506940] tee (1646375): drop_caches: 3
[307686.592863] tee (1646391): drop_caches: 3
[307690.755640] tee (1646397): drop_caches: 3
[307694.875934] tee (1646402): drop_caches: 3
[307698.979837] tee (1646407): drop_caches: 3
[307703.070422] tee (1646413): drop_caches: 3
[307707.169935] tee (1646418): drop_caches: 3
[307711.265053] tee (1646424): drop_caches: 3
[307715.343976] tee (1646443): drop_caches: 3
[307719.432630] tee (1646454): drop_caches: 3
[307723.556886] tee (1646460): drop_caches: 3
[307727.654488] tee (1646467): drop_caches: 3
[307731.750057] tee (1646473): drop_caches: 3
[307735.848261] tee (1646478): drop_caches: 3
[307739.951896] tee (1646484): drop_caches: 3
[307744.052242] tee (1646489): drop_caches: 3
[307748.134097] tee (1646505): drop_caches: 3
[307752.223262] tee (1646511): drop_caches: 3
[307756.328893] tee (1646516): drop_caches: 3
[307760.419762] tee (1646522): drop_caches: 3
[307764.511430] tee (1646527): drop_caches: 3
[307768.601875] tee (1646532): drop_caches: 3
[307772.696577] tee (1646538): drop_caches: 3
[307776.782448] tee (1646554): drop_caches: 3
[307780.884809] tee (1646561): drop_caches: 3
[307785.046105] tee (1646566): drop_caches: 3
[307789.157987] tee (1646573): drop_caches: 3
[307793.255624] tee (1646579): drop_caches: 3
[307797.352848] tee (1646584): drop_caches: 3
[307801.448809] tee (1646591): drop_caches: 3
[307805.528248] tee (1646607): drop_caches: 3
[307809.617013] tee (1646613): drop_caches: 3
[307813.706419] tee (1646677): drop_caches: 3
[307817.829776] tee (1646683): drop_caches: 3
[307821.922278] tee (1646689): drop_caches: 3
[307826.014406] tee (1646694): drop_caches: 3
[307830.103724] tee (1646700): drop_caches: 3
[307834.199213] tee (1646705): drop_caches: 3
[307838.277604] tee (1646721): drop_caches: 3
[307842.365319] tee (1646728): drop_caches: 3
[307846.456830] tee (1646733): drop_caches: 3
[307850.556798] tee (1646741): drop_caches: 3
[307854.656636] tee (1646746): drop_caches: 3
[307858.747508] tee (1646751): drop_caches: 3
[307862.835579] tee (1646757): drop_caches: 3
[307866.914547] tee (1646773): drop_caches: 3
[307871.009198] tee (1646779): drop_caches: 3
[307875.106839] tee (1646784): drop_caches: 3
[307879.249628] tee (1646789): drop_caches: 3
[307883.347352] tee (1646795): drop_caches: 3
[307887.467267] tee (1646800): drop_caches: 3
[307891.556824] tee (1646806): drop_caches: 3
[307895.643649] tee (1646825): drop_caches: 3
[307899.732006] tee (1646831): drop_caches: 3
[307903.830489] tee (1646839): drop_caches: 3
[307907.922777] tee (1646846): drop_caches: 3
[307912.039929] tee (1646852): drop_caches: 3
[307916.148606] tee (1646857): drop_caches: 3
[307920.245671] tee (1646863): drop_caches: 3
[307924.337310] tee (1646868): drop_caches: 3
[307928.420080] tee (1646884): drop_caches: 3
[307932.508782] tee (1646890): drop_caches: 3
[307936.614712] tee (1646895): drop_caches: 3
[307940.835555] tee (1646901): drop_caches: 3
[307944.952536] tee (1646906): drop_caches: 3
[307949.056295] tee (1646911): drop_caches: 3
[307953.150057] tee (1646917): drop_caches: 3
[307957.236085] tee (1646933): drop_caches: 3
[307961.330354] tee (1646940): drop_caches: 3
[307965.428797] tee (1646945): drop_caches: 3
[307969.526256] tee (1646952): drop_caches: 3
[307973.652768] tee (1646958): drop_caches: 3
[307977.754007] tee (1646963): drop_caches: 3
[307981.842797] tee (1646969): drop_caches: 3
[307985.943484] tee (1646985): drop_caches: 3
[307990.031097] tee (1646991): drop_caches: 3
[307994.128057] tee (1646996): drop_caches: 3
[307998.226046] tee (1647001): drop_caches: 3
[308002.314443] tee (1647007): drop_caches: 3
[308006.418744] tee (1647012): drop_caches: 3
[308010.510180] tee (1647019): drop_caches: 3
[308014.589386] tee (1647027): drop_caches: 3
[308018.710463] tee (1647046): drop_caches: 3
[308022.804471] tee (1647053): drop_caches: 3
[308026.902037] tee (1647058): drop_caches: 3
[308030.997610] tee (1647066): drop_caches: 3
[308035.147831] tee (1647071): drop_caches: 3
[308039.256485] tee (1647076): drop_caches: 3
[308043.347901] tee (1647082): drop_caches: 3
[308047.429264] tee (1647098): drop_caches: 3
[308051.517020] tee (1647104): drop_caches: 3
[308055.608295] tee (1647109): drop_caches: 3
[308059.699996] tee (1647114): drop_caches: 3
[308063.794564] tee (1647120): drop_caches: 3
[308067.914251] tee (1647125): drop_caches: 3
[308072.016807] tee (1647131): drop_caches: 3
[308076.102852] tee (1647147): drop_caches: 3
[308080.191619] tee (1647153): drop_caches: 3
[308084.291390] tee (1647159): drop_caches: 3
[308088.394378] tee (1647166): drop_caches: 3
[308092.482766] tee (1647172): drop_caches: 3
[308096.623076] tee (1647177): drop_caches: 3
[308100.731304] tee (1647183): drop_caches: 3
[308104.814056] tee (1647191): drop_caches: 3
[308108.910577] tee (1647204): drop_caches: 3
[308113.014366] tee (1647210): drop_caches: 3
[308117.111597] tee (1647215): drop_caches: 3
[308121.207457] tee (1647221): drop_caches: 3
[308125.307438] tee (1647226): drop_caches: 3
[308129.441201] tee (1647231): drop_caches: 3
[308133.543544] tee (1647237): drop_caches: 3
[308137.630297] tee (1647253): drop_caches: 3
[308141.733495] tee (1647260): drop_caches: 3
[308145.824750] tee (1647265): drop_caches: 3
[308149.921903] tee (1647272): drop_caches: 3
[308154.017328] tee (1647278): drop_caches: 3
[308158.114913] tee (1647284): drop_caches: 3
[308162.227378] tee (1647290): drop_caches: 3
[308166.309591] tee (1647306): drop_caches: 3
[308170.398518] tee (1647312): drop_caches: 3
[308174.490236] tee (1647317): drop_caches: 3
[308178.581675] tee (1647322): drop_caches: 3
[308182.670542] tee (1647328): drop_caches: 3
[308186.761200] tee (1647333): drop_caches: 3
[308190.914363] tee (1647339): drop_caches: 3
[308195.010480] tee (1647352): drop_caches: 3
[308199.110385] tee (1647365): drop_caches: 3
[308203.205596] tee (1647372): drop_caches: 3
[308207.296774] tee (1647379): drop_caches: 3
[308211.385467] tee (1647387): drop_caches: 3
[308215.476190] tee (1647392): drop_caches: 3
[308219.567103] tee (1647398): drop_caches: 3
[308223.684401] tee (1647404): drop_caches: 3
[308227.769079] tee (1647420): drop_caches: 3
[308231.860078] tee (1647426): drop_caches: 3
[308235.958347] tee (1647431): drop_caches: 3
[308240.064078] tee (1647436): drop_caches: 3
[308244.159387] tee (1647442): drop_caches: 3
[308248.250045] tee (1647447): drop_caches: 3
[308252.338096] tee (1647453): drop_caches: 3
[308256.431359] tee (1647469): drop_caches: 3
[308260.531735] tee (1647476): drop_caches: 3
[308264.623705] tee (1647481): drop_caches: 3
[308268.714463] tee (1647488): drop_caches: 3
[308272.803778] tee (1647494): drop_caches: 3
[308276.894210] tee (1647499): drop_caches: 3
[308280.983420] tee (1647506): drop_caches: 3
[308285.111231] tee (1647514): drop_caches: 3
[308289.214627] tee (1647527): drop_caches: 3
[308293.304782] tee (1647533): drop_caches: 3
[308297.402468] tee (1647538): drop_caches: 3
[308301.497184] tee (1647544): drop_caches: 3
[308305.594794] tee (1647549): drop_caches: 3
[308309.692258] tee (1647554): drop_caches: 3
[308313.796500] tee (1647560): drop_caches: 3
[308317.902516] tee (1647576): drop_caches: 3
[308322.006662] tee (1647588): drop_caches: 3
[308326.103694] tee (1647593): drop_caches: 3
[308330.201355] tee (1647600): drop_caches: 3
[308334.289177] tee (1647606): drop_caches: 3
[308338.380306] tee (1647611): drop_caches: 3
[308342.468712] tee (1647618): drop_caches: 3
[308346.643376] tee (1647634): drop_caches: 3
[308350.754690] tee (1647640): drop_caches: 3
[308354.854565] tee (1647645): drop_caches: 3
[308358.949297] tee (1647650): drop_caches: 3
[308363.049637] tee (1647656): drop_caches: 3
[308367.139872] tee (1647661): drop_caches: 3
[308371.235158] tee (1647667): drop_caches: 3
[308375.312839] tee (1647683): drop_caches: 3
[308379.436669] tee (1647688): drop_caches: 3
[308383.531659] tee (1647695): drop_caches: 3
[308387.622467] tee (1647702): drop_caches: 3
[308391.716472] tee (1647708): drop_caches: 3
[308395.807675] tee (1647713): drop_caches: 3
[308399.904990] tee (1647720): drop_caches: 3
[308403.999712] tee (1647726): drop_caches: 3
[308408.085139] tee (1647742): drop_caches: 3
[308412.195726] tee (1647748): drop_caches: 3
[308416.289079] tee (1647753): drop_caches: 3
[308420.380801] tee (1647758): drop_caches: 3
[308424.470396] tee (1647764): drop_caches: 3
[308428.567734] tee (1647769): drop_caches: 3
[308432.661729] tee (1647775): drop_caches: 3
[308436.742531] tee (1647791): drop_caches: 3
[308440.888831] tee (1647798): drop_caches: 3
[308445.022935] tee (1647803): drop_caches: 3
[308449.116879] tee (1647810): drop_caches: 3
[308453.206208] tee (1647816): drop_caches: 3
[308457.297475] tee (1647821): drop_caches: 3
[308461.385046] tee (1647828): drop_caches: 3
[308465.464014] tee (1647844): drop_caches: 3
[308469.561382] tee (1647850): drop_caches: 3
[308473.675491] tee (1647856): drop_caches: 3
[308477.775494] tee (1647861): drop_caches: 3
[308481.871445] tee (1647867): drop_caches: 3
[308485.967023] tee (1647872): drop_caches: 3
[308490.063453] tee (1647877): drop_caches: 3
[308494.158106] tee (1647883): drop_caches: 3
[308498.236475] tee (1647899): drop_caches: 3
[308502.323675] tee (1647906): drop_caches: 3
[308506.426757] tee (1647911): drop_caches: 3
[308510.519774] tee (1647920): drop_caches: 3
[308514.616172] tee (1647926): drop_caches: 3
[308518.710238] tee (1647934): drop_caches: 3
[308522.805211] tee (1647941): drop_caches: 3
[308526.891004] tee (1647957): drop_caches: 3
[308530.986329] tee (1647963): drop_caches: 3
[308535.121974] tee (1647968): drop_caches: 3
[308539.219400] tee (1647973): drop_caches: 3
[308543.308254] tee (1647979): drop_caches: 3
[308547.399205] tee (1647984): drop_caches: 3
[308551.487356] tee (1647991): drop_caches: 3
[308555.571705] tee (1648007): drop_caches: 3
[308559.661727] tee (1648012): drop_caches: 3
[308563.755768] tee (1648019): drop_caches: 3
[308567.867682] tee (1648026): drop_caches: 3
[308571.965060] tee (1648032): drop_caches: 3
[308576.056252] tee (1648037): drop_caches: 3
[308580.153357] tee (1648042): drop_caches: 3
[308584.241766] tee (1648049): drop_caches: 3
[308588.320599] tee (1648065): drop_caches: 3
[308592.408880] tee (1648071): drop_caches: 3
[308596.582122] tee (1648076): drop_caches: 3
[308600.694468] tee (1648081): drop_caches: 3
[308604.794996] tee (1648087): drop_caches: 3
[308608.894384] tee (1648092): drop_caches: 3
[308612.988809] tee (1648098): drop_caches: 3
[308617.074805] tee (1648114): drop_caches: 3
[308621.163727] tee (1648127): drop_caches: 3
[308625.261798] tee (1648132): drop_caches: 3
[308629.396623] tee (1648139): drop_caches: 3
[308633.491099] tee (1648145): drop_caches: 3
[308637.583181] tee (1648150): drop_caches: 3
[308641.672276] tee (1648157): drop_caches: 3
[308645.759063] tee (1648173): drop_caches: 3
[308649.854953] tee (1648178): drop_caches: 3
[308653.959546] tee (1648184): drop_caches: 3
[308658.056953] tee (1648189): drop_caches: 3
[308662.240954] tee (1648195): drop_caches: 3
[308666.400725] tee (1648203): drop_caches: 3
[308666.439062] mix-mixT-fixed37-1350596 phase=H END
[308666.454512] mix-mixT-fixed37-1350596 phase=I START
[309671.399694] mix-mixT-fixed37-1350596 phase=I chunk=1/4 done
[310676.281692] mix-mixT-fixed37-1350596 phase=I chunk=2/4 done
[311681.534577] mix-mixT-fixed37-1350596 phase=I chunk=3/4 done
[312686.651707] mix-mixT-fixed37-1350596 phase=I chunk=4/4 done
[312686.690847] mix-mixT-fixed37-1350596 phase=I END
[312686.693754] NVMeVirt: Measurement: command=stop epoch=1 host_bytes=6952055250944 learner_active=0
[312686.822437] EXT4-fs (nvme1n1): unmounting filesystem 0aad9bcc-c092-4315-9842-4b5280b7c62f.
[312686.936534] pci_bus 0001:10: busn_res: [bus 10-ff] is released
[312686.936624] NVMeVirt: GC stats: ns=0 policy=cat-fig7-fixed host_pages=1697279114 gc_pages=2257243930 gc_count=61789422 WAF=2.329 warmup_gc=100-per-part
[312687.052719] NVMeVirt: Virtual NVMe device closed
[312705.405990] mix-mixT-fixed50-1972024 BEGIN
[312705.423699] NVMeVirt: Version 1.10 for >> Samsung 970 Pro SSD <<
[312705.423707] NVMeVirt: Storage: 0x100100000-0x300000000 (8191 MiB)
[312705.442342] NVMeVirt: Total Capacity(GiB,MiB)=2,2048 chs=2 luns=4 lines=8192 blk-size(MiB,KiB)=0,64 line-size(MiB,KiB)=0,256
[312705.456772] NVMeVirt: [chmodel_init] bandwidth 800 max_credits 26 tx_time 152
[312705.471160] NVMeVirt: [chmodel_init] bandwidth 800 max_credits 26 tx_time 152
[312705.471177] NVMeVirt: [chmodel_init] bandwidth 3360 max_credits 110 tx_time 36
[312705.471181] NVMeVirt: Fixed CAT init ns=0 part=0 arm=50 k=10 scale_pct=50 age_ratio=16
[312705.472625] NVMeVirt: pqueue: Copyright (c) 2014, Volkan Yazıcı <volkan.yazici@gmail.com>. All rights reserved.
[312705.472661] NVMeVirt: Init FTL instance with 2 channels (524288 pages)
[312705.472663] NVMeVirt: GC victim policy: cat-fig7-fixed ns=0 part=0 initial_k=10 initial_scale_pct=50 initial_age_ratio=16 warmup_gc=100
[312705.486994] NVMeVirt: [chmodel_init] bandwidth 800 max_credits 26 tx_time 152
[312705.501246] NVMeVirt: [chmodel_init] bandwidth 800 max_credits 26 tx_time 152
[312705.501263] NVMeVirt: [chmodel_init] bandwidth 3360 max_credits 110 tx_time 36
[312705.501266] NVMeVirt: Fixed CAT init ns=0 part=1 arm=50 k=10 scale_pct=50 age_ratio=16
[312705.502732] NVMeVirt: Init FTL instance with 2 channels (524288 pages)
[312705.502735] NVMeVirt: GC victim policy: cat-fig7-fixed ns=0 part=1 initial_k=10 initial_scale_pct=50 initial_age_ratio=16 warmup_gc=100
[312705.516873] NVMeVirt: [chmodel_init] bandwidth 800 max_credits 26 tx_time 152
[312705.531066] NVMeVirt: [chmodel_init] bandwidth 800 max_credits 26 tx_time 152
[312705.531084] NVMeVirt: [chmodel_init] bandwidth 3360 max_credits 110 tx_time 36
[312705.531087] NVMeVirt: Fixed CAT init ns=0 part=2 arm=50 k=10 scale_pct=50 age_ratio=16
[312705.532586] NVMeVirt: Init FTL instance with 2 channels (524288 pages)
[312705.532589] NVMeVirt: GC victim policy: cat-fig7-fixed ns=0 part=2 initial_k=10 initial_scale_pct=50 initial_age_ratio=16 warmup_gc=100
[312705.546765] NVMeVirt: [chmodel_init] bandwidth 800 max_credits 26 tx_time 152
[312705.560882] NVMeVirt: [chmodel_init] bandwidth 800 max_credits 26 tx_time 152
[312705.560900] NVMeVirt: [chmodel_init] bandwidth 3360 max_credits 110 tx_time 36
[312705.560903] NVMeVirt: Fixed CAT init ns=0 part=3 arm=50 k=10 scale_pct=50 age_ratio=16
[312705.562401] NVMeVirt: Init FTL instance with 2 channels (524288 pages)
[312705.562404] NVMeVirt: GC victim policy: cat-fig7-fixed ns=0 part=3 initial_k=10 initial_scale_pct=50 initial_age_ratio=16 warmup_gc=100
[312705.562412] NVMeVirt: FTL physical space: 8588886016, logical space: 8026996276 (physical/logical * 100 = 107)
[312705.562415] NVMeVirt: ns 0/1: size 7655 MiB
[312705.562488] PCI host bridge to bus 0001:10
[312705.562491] pci_bus 0001:10: root bus resource [io  0x0000-0xffff]
[312705.562495] pci_bus 0001:10: root bus resource [mem 0x00000000-0x7ffffffffff]
[312705.562499] pci_bus 0001:10: root bus resource [bus 00-ff]
[312705.562510] pci 0001:10:00.0: [0c51:0110] type 00 class 0x010802 PCIe Endpoint
[312705.562516] pci 0001:10:00.0: BAR 0 [mem 0x100000000-0x100003fff 64bit]
[312705.562520] pci 0001:10:00.0: enabling Extended Tags
[312705.562740] NVMeVirt: Virtual PCI bus created (node 0)
[312705.563052] NVMeVirt: nvmev_io_worker_0 started on cpu 2 (node 0)
[312705.563082] NVMeVirt: nvmev_dispatcher started on cpu 1 (node 0)
[312705.563112] NVMeVirt: Virtual NVMe device created
[312705.563294] nvme nvme1: pci function 0001:10:00.0
[312705.568083] nvme nvme1: 12/0/0 default/read/poll queues
[312705.656742] EXT4-fs (nvme1n1): mounted filesystem 68e62558-a868-4b3d-a933-e106a193cdc9 r/w with ordered data mode. Quota mode: none.
[312787.698516] NVMeVirt: Fixed CAT init ns=0 part=0 arm=50 k=10 scale_pct=50 age_ratio=16
[312787.698523] NVMeVirt: Fixed CAT init ns=0 part=1 arm=50 k=10 scale_pct=50 age_ratio=16
[312787.698526] NVMeVirt: Fixed CAT init ns=0 part=2 arm=50 k=10 scale_pct=50 age_ratio=16
[312787.698528] NVMeVirt: Fixed CAT init ns=0 part=3 arm=50 k=10 scale_pct=50 age_ratio=16
[312787.698531] NVMeVirt: Measurement: command=start epoch=1 host_bytes=0 learner_active=1
[312787.708176] mix-mixT-fixed50-1972024 phase=A START
[312787.719834] mix-mixT-fixed50-1972024 phase=A LOAD
[312796.448495] mix-mixT-fixed50-1972024 phase=A RUN
[312800.729994] tee (1972404): drop_caches: 3
[312804.837734] tee (1972409): drop_caches: 3
[312808.935771] tee (1972415): drop_caches: 3
[312813.034209] tee (1972420): drop_caches: 3
[312817.130828] tee (1972425): drop_caches: 3
[312821.218914] tee (1972432): drop_caches: 3
[312825.307951] tee (1972437): drop_caches: 3
[312829.414632] tee (1972456): drop_caches: 3
[312833.509817] tee (1972461): drop_caches: 3
[312837.601088] tee (1972466): drop_caches: 3
[312841.697041] tee (1972471): drop_caches: 3
[312845.791960] tee (1972476): drop_caches: 3
[312849.886432] tee (1972481): drop_caches: 3
[312853.980804] tee (1972486): drop_caches: 3
[312858.057668] tee (1972502): drop_caches: 3
[312862.159504] tee (1972507): drop_caches: 3
[312866.251934] tee (1972512): drop_caches: 3
[312870.341439] tee (1972517): drop_caches: 3
[312874.430124] tee (1972522): drop_caches: 3
[312878.532144] tee (1972528): drop_caches: 3
[312882.625704] tee (1972534): drop_caches: 3
[312886.701020] tee (1972550): drop_caches: 3
[312890.844190] tee (1972556): drop_caches: 3
[312894.945280] tee (1972561): drop_caches: 3
[312899.037443] tee (1972566): drop_caches: 3
[312903.132762] tee (1972571): drop_caches: 3
[312907.219746] tee (1972576): drop_caches: 3
[312911.308981] tee (1972581): drop_caches: 3
[312915.396696] tee (1972586): drop_caches: 3
[312919.472248] tee (1972602): drop_caches: 3
[312923.583456] tee (1972607): drop_caches: 3
[312927.676314] tee (1972612): drop_caches: 3
[312931.766698] tee (1972617): drop_caches: 3
[312935.859992] tee (1972622): drop_caches: 3
[312939.954135] tee (1972627): drop_caches: 3
[312944.048286] tee (1972634): drop_caches: 3
[312948.124539] tee (1972651): drop_caches: 3
[312952.240555] tee (1972656): drop_caches: 3
[312956.345741] tee (1972661): drop_caches: 3
[312960.451766] tee (1972666): drop_caches: 3
[312964.547416] tee (1972671): drop_caches: 3
[312968.640851] tee (1972676): drop_caches: 3
[312972.735403] tee (1972681): drop_caches: 3
[312976.811967] tee (1972697): drop_caches: 3
[312980.900303] tee (1972702): drop_caches: 3
[312985.026983] tee (1972707): drop_caches: 3
[312989.122331] tee (1972712): drop_caches: 3
[312993.218163] tee (1972719): drop_caches: 3
[312997.312251] tee (1972725): drop_caches: 3
[313001.404256] tee (1972731): drop_caches: 3
[313005.497382] tee (1972737): drop_caches: 3
[313009.572959] tee (1972754): drop_caches: 3
[313013.659659] tee (1972759): drop_caches: 3
[313017.764582] tee (1972764): drop_caches: 3
[313021.855551] tee (1972769): drop_caches: 3
[313025.951622] tee (1972774): drop_caches: 3
[313030.046762] tee (1972779): drop_caches: 3
[313034.134631] tee (1972784): drop_caches: 3
[313038.211918] tee (1972800): drop_caches: 3
[313042.300387] tee (1972807): drop_caches: 3
[313046.460590] tee (1972812): drop_caches: 3
[313050.573976] tee (1972817): drop_caches: 3
[313054.683526] tee (1972822): drop_caches: 3
[313058.773512] tee (1972827): drop_caches: 3
[313062.863062] tee (1972833): drop_caches: 3
[313066.946214] tee (1972855): drop_caches: 3
[313071.033518] tee (1972861): drop_caches: 3
[313075.127748] tee (1972868): drop_caches: 3
[313079.244804] tee (1972873): drop_caches: 3
[313083.336512] tee (1972878): drop_caches: 3
[313087.425032] tee (1972883): drop_caches: 3
[313091.524371] tee (1972888): drop_caches: 3
[313095.618331] tee (1972893): drop_caches: 3
[313099.701551] tee (1972909): drop_caches: 3
[313103.788832] tee (1972914): drop_caches: 3
[313107.876700] tee (1972919): drop_caches: 3
[313111.977784] tee (1972924): drop_caches: 3
[313116.066537] tee (1972929): drop_caches: 3
[313120.154181] tee (1972939): drop_caches: 3
[313124.242115] tee (1972946): drop_caches: 3
[313128.318460] tee (1972963): drop_caches: 3
[313132.411672] tee (1972969): drop_caches: 3
[313136.506545] tee (1972974): drop_caches: 3
[313140.652341] tee (1972979): drop_caches: 3
[313144.757852] tee (1972984): drop_caches: 3
[313148.850971] tee (1972990): drop_caches: 3
[313152.947363] tee (1972995): drop_caches: 3
[313157.029841] tee (1973011): drop_caches: 3
[313161.116882] tee (1973016): drop_caches: 3
[313165.205785] tee (1973021): drop_caches: 3
[313169.293247] tee (1973026): drop_caches: 3
[313173.408684] tee (1973031): drop_caches: 3
[313177.505994] tee (1973036): drop_caches: 3
[313181.600348] tee (1973042): drop_caches: 3
[313185.706352] tee (1973048): drop_caches: 3
[313189.789342] tee (1973065): drop_caches: 3
[313193.876894] tee (1973070): drop_caches: 3
[313197.965319] tee (1973075): drop_caches: 3
[313202.084727] tee (1973086): drop_caches: 3
[313206.189458] tee (1973091): drop_caches: 3
[313210.282485] tee (1973097): drop_caches: 3
[313214.370804] tee (1973102): drop_caches: 3
[313218.453780] tee (1973118): drop_caches: 3
[313222.549151] tee (1973123): drop_caches: 3
[313226.643282] tee (1973128): drop_caches: 3
[313230.738155] tee (1973133): drop_caches: 3
[313234.862831] tee (1973138): drop_caches: 3
[313238.964406] tee (1973143): drop_caches: 3
[313243.059834] tee (1973149): drop_caches: 3
[313247.135707] tee (1973166): drop_caches: 3
[313251.223122] tee (1973172): drop_caches: 3
[313255.317594] tee (1973177): drop_caches: 3
[313259.406063] tee (1973182): drop_caches: 3
[313263.499734] tee (1973187): drop_caches: 3
[313267.611658] tee (1973192): drop_caches: 3
[313271.708378] tee (1973197): drop_caches: 3
[313275.806033] tee (1973202): drop_caches: 3
[313279.886408] tee (1973218): drop_caches: 3
[313283.980430] tee (1973223): drop_caches: 3
[313288.067276] tee (1973228): drop_caches: 3
[313292.153191] tee (1973233): drop_caches: 3
[313296.308129] tee (1973238): drop_caches: 3
[313300.419772] tee (1973244): drop_caches: 3
[313304.512530] tee (1973249): drop_caches: 3
[313308.590501] tee (1973269): drop_caches: 3
[313312.684801] tee (1973274): drop_caches: 3
[313316.772631] tee (1973279): drop_caches: 3
[313320.866747] tee (1973284): drop_caches: 3
[313324.961009] tee (1973289): drop_caches: 3
[313329.084177] tee (1973294): drop_caches: 3
[313333.182512] tee (1973299): drop_caches: 3
[313337.259028] tee (1973315): drop_caches: 3
[313341.348804] tee (1973322): drop_caches: 3
[313345.437489] tee (1973327): drop_caches: 3
[313349.525237] tee (1973332): drop_caches: 3
[313353.619060] tee (1973337): drop_caches: 3
[313357.714340] tee (1973342): drop_caches: 3
[313361.821460] tee (1973348): drop_caches: 3
[313365.912823] tee (1973361): drop_caches: 3
[313370.000906] tee (1973371): drop_caches: 3
[313374.087934] tee (1973376): drop_caches: 3
[313378.175438] tee (1973381): drop_caches: 3
[313382.262683] tee (1973386): drop_caches: 3
[313386.350541] tee (1973391): drop_caches: 3
[313390.495628] tee (1973396): drop_caches: 3
[313394.599566] tee (1973401): drop_caches: 3
[313398.683881] tee (1973417): drop_caches: 3
[313402.784496] tee (1973422): drop_caches: 3
[313406.878307] tee (1973427): drop_caches: 3
[313410.972894] tee (1973432): drop_caches: 3
[313415.066466] tee (1973437): drop_caches: 3
[313419.153778] tee (1973449): drop_caches: 3
[313423.264782] tee (1973455): drop_caches: 3
[313427.343740] tee (1973471): drop_caches: 3
[313431.438635] tee (1973477): drop_caches: 3
[313435.532993] tee (1973482): drop_caches: 3
[313439.620372] tee (1973487): drop_caches: 3
[313443.714846] tee (1973492): drop_caches: 3
[313447.809285] tee (1973497): drop_caches: 3
[313451.932229] tee (1973502): drop_caches: 3
[313456.042095] tee (1973515): drop_caches: 3
[313460.120134] tee (1973523): drop_caches: 3
[313464.207750] tee (1973528): drop_caches: 3
[313468.295228] tee (1973533): drop_caches: 3
[313472.381931] tee (1973538): drop_caches: 3
[313476.475910] tee (1973543): drop_caches: 3
[313480.569403] tee (1973549): drop_caches: 3
[313484.710869] tee (1973554): drop_caches: 3
[313488.800941] tee (1973572): drop_caches: 3
[313492.901058] tee (1973577): drop_caches: 3
[313496.996335] tee (1973582): drop_caches: 3
[313501.090178] tee (1973587): drop_caches: 3
[313505.184267] tee (1973592): drop_caches: 3
[313509.279704] tee (1973597): drop_caches: 3
[313513.367152] tee (1973602): drop_caches: 3
[313517.467509] tee (1973618): drop_caches: 3
[313521.557666] tee (1973623): drop_caches: 3
[313525.645560] tee (1973628): drop_caches: 3
[313529.733507] tee (1973633): drop_caches: 3
[313533.826337] tee (1973638): drop_caches: 3
[313537.920743] tee (1973643): drop_caches: 3
[313542.013721] tee (1973649): drop_caches: 3
[313546.166569] tee (1973662): drop_caches: 3
[313550.265503] tee (1973672): drop_caches: 3
[313554.358681] tee (1973677): drop_caches: 3
[313558.446553] tee (1973682): drop_caches: 3
[313562.540114] tee (1973687): drop_caches: 3
[313566.634308] tee (1973692): drop_caches: 3
[313570.734268] tee (1973697): drop_caches: 3
[313574.828546] tee (1973702): drop_caches: 3
[313578.941540] tee (1973718): drop_caches: 3
[313583.040778] tee (1973723): drop_caches: 3
[313587.137014] tee (1973728): drop_caches: 3
[313591.224340] tee (1973733): drop_caches: 3
[313595.304215] tee (1973741): drop_caches: 3
[313599.391345] tee (1973746): drop_caches: 3
[313603.485948] tee (1973752): drop_caches: 3
[313607.568787] tee (1973768): drop_caches: 3
[313611.676200] tee (1973775): drop_caches: 3
[313615.773066] tee (1973780): drop_caches: 3
[313619.867961] tee (1973785): drop_caches: 3
[313623.961733] tee (1973790): drop_caches: 3
[313628.056439] tee (1973795): drop_caches: 3
[313632.143308] tee (1973800): drop_caches: 3
[313636.229364] tee (1973813): drop_caches: 3
[313640.358086] tee (1973821): drop_caches: 3
[313644.458762] tee (1973828): drop_caches: 3
[313648.550709] tee (1973833): drop_caches: 3
[313652.644621] tee (1973838): drop_caches: 3
[313656.738175] tee (1973843): drop_caches: 3
[313660.824189] tee (1973849): drop_caches: 3
[313664.918473] tee (1973854): drop_caches: 3
[313669.001312] tee (1973872): drop_caches: 3
[313673.117657] tee (1973877): drop_caches: 3
[313677.216191] tee (1973882): drop_caches: 3
[313681.310862] tee (1973887): drop_caches: 3
[313685.404933] tee (1973892): drop_caches: 3
[313689.500224] tee (1973898): drop_caches: 3
[313693.593415] tee (1973903): drop_caches: 3
[313697.679706] tee (1973919): drop_caches: 3
[313701.823433] tee (1973924): drop_caches: 3
[313705.930833] tee (1973930): drop_caches: 3
[313710.021546] tee (1973935): drop_caches: 3
[313714.108728] tee (1973940): drop_caches: 3
[313718.195482] tee (1973945): drop_caches: 3
[313722.282403] tee (1973956): drop_caches: 3
[313726.369263] tee (1973969): drop_caches: 3
[313730.445462] tee (1973979): drop_caches: 3
[313734.575802] tee (1973984): drop_caches: 3
[313738.669687] tee (1973989): drop_caches: 3
[313742.766079] tee (1973994): drop_caches: 3
[313746.863529] tee (1973999): drop_caches: 3
[313750.951096] tee (1974004): drop_caches: 3
[313755.044999] tee (1974009): drop_caches: 3
[313759.120942] tee (1974025): drop_caches: 3
[313763.208076] tee (1974030): drop_caches: 3
[313767.312496] tee (1974035): drop_caches: 3
[313771.403556] tee (1974040): drop_caches: 3
[313775.497642] tee (1974045): drop_caches: 3
[313779.591552] tee (1974050): drop_caches: 3
[313783.686737] tee (1974056): drop_caches: 3
[313787.763395] tee (1974074): drop_caches: 3
[313791.857864] tee (1974079): drop_caches: 3
[313796.021560] tee (1974084): drop_caches: 3
[313800.125653] tee (1974090): drop_caches: 3
[313804.217749] tee (1974095): drop_caches: 3
[313808.318028] tee (1974100): drop_caches: 3
[313812.405407] tee (1974105): drop_caches: 3
[313816.492871] tee (1974118): drop_caches: 3
[313820.567949] tee (1974126): drop_caches: 3
[313824.661717] tee (1974131): drop_caches: 3
[313828.784675] tee (1974136): drop_caches: 3
[313832.874961] tee (1974141): drop_caches: 3
[313836.969841] tee (1974146): drop_caches: 3
[313841.059515] tee (1974152): drop_caches: 3
[313845.153208] tee (1974157): drop_caches: 3
[313849.235718] tee (1974175): drop_caches: 3
[313853.328125] tee (1974180): drop_caches: 3
[313857.422493] tee (1974185): drop_caches: 3
[313861.535951] tee (1974190): drop_caches: 3
[313865.630872] tee (1974195): drop_caches: 3
[313869.725543] tee (1974200): drop_caches: 3
[313873.820221] tee (1974205): drop_caches: 3
[313877.902321] tee (1974221): drop_caches: 3
[313881.991309] tee (1974227): drop_caches: 3
[313886.078793] tee (1974232): drop_caches: 3
[313890.216666] tee (1974237): drop_caches: 3
[313894.315068] tee (1974242): drop_caches: 3
[313898.403979] tee (1974247): drop_caches: 3
[313902.490436] tee (1974253): drop_caches: 3
[313906.579615] tee (1974266): drop_caches: 3
[313910.661668] tee (1974276): drop_caches: 3
[313914.752662] tee (1974284): drop_caches: 3
[313918.846919] tee (1974289): drop_caches: 3
[313922.964044] tee (1974294): drop_caches: 3
[313927.061561] tee (1974299): drop_caches: 3
[313931.148826] tee (1974304): drop_caches: 3
[313935.237927] tee (1974309): drop_caches: 3
[313939.326575] tee (1974325): drop_caches: 3
[313943.414244] tee (1974330): drop_caches: 3
[313947.509188] tee (1974337): drop_caches: 3
[313951.646298] tee (1974342): drop_caches: 3
[313955.757414] tee (1974347): drop_caches: 3
[313959.847157] tee (1974353): drop_caches: 3
[313963.934882] tee (1974359): drop_caches: 3
[313968.017391] tee (1974376): drop_caches: 3
[313972.104263] tee (1974381): drop_caches: 3
[313976.191968] tee (1974386): drop_caches: 3
[313980.279993] tee (1974391): drop_caches: 3
[313984.412449] tee (1974396): drop_caches: 3
[313988.507080] tee (1974401): drop_caches: 3
[313992.595539] tee (1974406): drop_caches: 3
[313996.682131] tee (1974419): drop_caches: 3
[314000.765320] tee (1974427): drop_caches: 3
[314004.859996] tee (1974432): drop_caches: 3
[314008.954163] tee (1974437): drop_caches: 3
[314013.047488] tee (1974442): drop_caches: 3
[314017.158894] tee (1974447): drop_caches: 3
[314021.255376] tee (1974459): drop_caches: 3
[314025.348881] tee (1974464): drop_caches: 3
[314029.430780] tee (1974482): drop_caches: 3
[314033.524217] tee (1974487): drop_caches: 3
[314037.618744] tee (1974492): drop_caches: 3
[314041.714042] tee (1974497): drop_caches: 3
[314045.873967] tee (1974502): drop_caches: 3
[314049.986738] tee (1974507): drop_caches: 3
[314054.078410] tee (1974512): drop_caches: 3
[314058.155103] tee (1974528): drop_caches: 3
[314062.269046] tee (1974534): drop_caches: 3
[314066.356983] tee (1974539): drop_caches: 3
[314070.450239] tee (1974544): drop_caches: 3
[314074.537515] tee (1974549): drop_caches: 3
[314078.653666] tee (1974554): drop_caches: 3
[314082.751133] tee (1974560): drop_caches: 3
[314086.837708] tee (1974573): drop_caches: 3
[314090.919973] tee (1974583): drop_caches: 3
[314095.013618] tee (1974588): drop_caches: 3
[314099.101834] tee (1974594): drop_caches: 3
[314103.188458] tee (1974599): drop_caches: 3
[314107.280947] tee (1974732): drop_caches: 3
[314111.382666] tee (1974737): drop_caches: 3
[314115.477627] tee (1974742): drop_caches: 3
[314119.561039] tee (1974758): drop_caches: 3
[314123.656232] tee (1974763): drop_caches: 3
[314127.750774] tee (1974768): drop_caches: 3
[314131.843053] tee (1974773): drop_caches: 3
[314135.937762] tee (1974778): drop_caches: 3
[314140.082497] tee (1974783): drop_caches: 3
[314144.180456] tee (1974789): drop_caches: 3
[314148.258131] tee (1974807): drop_caches: 3
[314152.346296] tee (1974812): drop_caches: 3
[314156.440541] tee (1974817): drop_caches: 3
[314160.534340] tee (1974822): drop_caches: 3
[314164.628912] tee (1974827): drop_caches: 3
[314168.716460] tee (1974832): drop_caches: 3
[314172.826574] tee (1974837): drop_caches: 3
[314176.916221] tee (1974850): drop_caches: 3
[314180.992268] tee (1974858): drop_caches: 3
[314185.099157] tee (1974863): drop_caches: 3
[314189.193922] tee (1974868): drop_caches: 3
[314193.280986] tee (1974876): drop_caches: 3
[314197.378588] tee (1974881): drop_caches: 3
[314201.528231] tee (1974887): drop_caches: 3
[314205.642727] tee (1974892): drop_caches: 3
