[1574811.652748] PCI host bridge to bus 0001:10
[1574811.652765] pci_bus 0001:10: root bus resource [io  0x0000-0xffff]
[1574811.652768] pci_bus 0001:10: root bus resource [mem 0x00000000-0x7fffffffff]
[1574811.652771] pci_bus 0001:10: root bus resource [bus 00-ff]
[1574811.652781] pci 0001:10:00.0: [0c51:0110] type 00 class 0x010802 PCIe Endpoint
[1574811.652785] pci 0001:10:00.0: BAR 0 [mem 0x100000000-0x100003fff 64bit]
[1574811.652788] pci 0001:10:00.0: enabling Extended Tags
[1574811.652933] NVMeVirt: Virtual PCI bus created (node 0)
[1574811.653231] NVMeVirt: nvmev_io_worker_0 started on cpu 2 (node 0)
[1574811.653357] NVMeVirt: Virtual NVMe device created
[1574811.653372] NVMeVirt: nvmev_dispatcher started on cpu 1 (node 0)
[1574811.653574] nvme nvme0: pci function 0001:10:00.0
[1574811.655602] nvme nvme0: 8/0/0 default/read/poll queues
[1574812.131681] EXT4-fs (nvme0n1): mounted filesystem be730bf5-621c-4262-9a20-8c9972ba9e30 r/w with ordered data mode. Quota mode: none.
[1574894.573689] NVMeVirt: Fixed CAT init ns=0 part=0 arm=17 k=4 scale_pct=25 age_ratio=16
[1574894.573703] NVMeVirt: Fixed CAT init ns=0 part=1 arm=17 k=4 scale_pct=25 age_ratio=16
[1574894.573705] NVMeVirt: Fixed CAT init ns=0 part=2 arm=17 k=4 scale_pct=25 age_ratio=16
[1574894.573707] NVMeVirt: Fixed CAT init ns=0 part=3 arm=17 k=4 scale_pct=25 age_ratio=16
[1574894.573709] NVMeVirt: Measurement: command=start epoch=1 host_bytes=0 learner_active=1
[1574894.582296] mix-mixJ-arm17-1759772 phase=A START
[1574894.594425] mix-mixJ-arm17-1759772 phase=A LOAD
[1574923.023682] mix-mixJ-arm17-1759772 phase=A RUN
[1574927.232817] tee (1760101): drop_caches: 3
[1574933.089787] tee (1760111): drop_caches: 3
[1574938.466304] tee (1760127): drop_caches: 3
[1574943.645225] tee (1760131): drop_caches: 3
[1574948.739548] tee (1760135): drop_caches: 3
[1574954.056384] tee (1760139): drop_caches: 3
[1574959.303933] tee (1760143): drop_caches: 3
[1574964.385624] tee (1760161): drop_caches: 3
[1574969.691090] tee (1760169): drop_caches: 3
[1574974.724493] tee (1760173): drop_caches: 3
[1574979.756212] tee (1760177): drop_caches: 3
[1574984.802526] tee (1760181): drop_caches: 3
[1574989.823564] tee (1760188): drop_caches: 3
[1574995.109901] tee (1760204): drop_caches: 3
[1574999.993342] tee (1760211): drop_caches: 3
[1575005.041712] tee (1760215): drop_caches: 3
[1575010.049289] tee (1760219): drop_caches: 3
[1575015.096121] tee (1760223): drop_caches: 3
[1575020.328442] tee (1760227): drop_caches: 3
[1575025.459947] tee (1760236): drop_caches: 3
[1575029.837919] tee (1760243): drop_caches: 3
[1575035.057953] tee (1760247): drop_caches: 3
[1575040.074776] tee (1760251): drop_caches: 3
[1575045.137781] tee (1760255): drop_caches: 3
[1575050.286606] tee (1760259): drop_caches: 3
[1575055.344152] tee (1760277): drop_caches: 3
[1575059.838012] tee (1760284): drop_caches: 3
[1575065.239987] tee (1760289): drop_caches: 3
[1575070.376848] tee (1760293): drop_caches: 3
[1575075.427480] tee (1760297): drop_caches: 3
[1575080.301813] tee (1760306): drop_caches: 3
[1575085.711280] tee (1760322): drop_caches: 3
[1575090.061635] tee (1760333): drop_caches: 3
[1575095.320920] tee (1760337): drop_caches: 3
[1575100.466566] tee (1760341): drop_caches: 3
[1575105.964993] tee (1760347): drop_caches: 3
[1575110.904103] tee (1760362): drop_caches: 3
[1575117.408736] tee (1760395): drop_caches: 3
[1575122.337162] tee (1760402): drop_caches: 3
[1575128.944414] tee (1760406): drop_caches: 3
[1575135.336566] tee (1760410): drop_caches: 3
[1575142.386419] tee (1760414): drop_caches: 3
[1575148.464541] tee (1760430): drop_caches: 3
[1575153.685909] tee (1760435): drop_caches: 3
[1575160.651776] tee (1760441): drop_caches: 3
[1575166.881752] tee (1760445): drop_caches: 3
[1575173.090734] tee (1760449): drop_caches: 3
[1575179.202600] tee (1760467): drop_caches: 3
[1575185.572938] tee (1760477): drop_caches: 3
[1575191.800108] tee (1760482): drop_caches: 3
[1575198.392751] tee (1760486): drop_caches: 3
[1575204.701199] tee (1760497): drop_caches: 3
[1575211.175800] tee (1760508): drop_caches: 3
[1575217.351683] tee (1760520): drop_caches: 3
[1575223.582727] tee (1760525): drop_caches: 3
[1575230.608325] tee (1760529): drop_caches: 3
[1575236.710669] tee (1760540): drop_caches: 3
[1575242.846508] tee (1760549): drop_caches: 3
[1575248.764252] tee (1760555): drop_caches: 3
[1575254.115016] tee (1760561): drop_caches: 3
[1575259.296466] tee (1760565): drop_caches: 3
[1575264.549009] tee (1760576): drop_caches: 3
[1575269.711119] tee (1760587): drop_caches: 3
[1575274.929963] tee (1760591): drop_caches: 3
[1575280.270981] tee (1760596): drop_caches: 3
[1575285.967349] tee (1760602): drop_caches: 3
[1575291.040277] tee (1760653): drop_caches: 3
[1575297.694364] tee (1760689): drop_caches: 3
[1575305.624553] tee (1760698): drop_caches: 3
[1575313.453702] tee (1760704): drop_caches: 3
[1575320.715846] tee (1760709): drop_caches: 3
[1575327.057942] tee (1760743): drop_caches: 3
[1575332.150391] tee (1760755): drop_caches: 3
[1575337.217597] tee (1760759): drop_caches: 3
[1575342.330552] tee (1760763): drop_caches: 3
[1575346.889210] tee (1760770): drop_caches: 3
[1575352.107564] tee (1760774): drop_caches: 3
[1575357.293689] tee (1760786): drop_caches: 3
[1575362.392127] tee (1760795): drop_caches: 3
[1575367.477863] tee (1760799): drop_caches: 3
[1575372.482777] tee (1760803): drop_caches: 3
[1575376.873711] tee (1760810): drop_caches: 3
[1575382.236484] tee (1760814): drop_caches: 3
[1575387.551795] tee (1760825): drop_caches: 3
[1575392.704914] tee (1760834): drop_caches: 3
[1575397.935830] tee (1760838): drop_caches: 3
[1575403.303515] tee (1760842): drop_caches: 3
[1575407.653046] tee (1760851): drop_caches: 3
[1575412.944231] tee (1760855): drop_caches: 3
[1575418.235014] tee (1760861): drop_caches: 3
[1575423.610621] tee (1760870): drop_caches: 3
[1575428.726621] tee (1760874): drop_caches: 3
[1575433.960403] tee (1760878): drop_caches: 3
[1575438.393070] tee (1760885): drop_caches: 3
[1575443.581995] tee (1760889): drop_caches: 3
[1575448.730821] tee (1760900): drop_caches: 3
[1575453.831407] tee (1760911): drop_caches: 3
[1575458.925256] tee (1760915): drop_caches: 3
[1575464.037896] tee (1760919): drop_caches: 3
[1575469.046648] tee (1760924): drop_caches: 3
[1575474.301570] tee (1760937): drop_caches: 3
[1575479.530229] tee (1760941): drop_caches: 3
[1575484.649396] tee (1760950): drop_caches: 3
[1575489.734416] tee (1760954): drop_caches: 3
[1575494.976388] tee (1760958): drop_caches: 3
[1575500.232802] tee (1760963): drop_caches: 3
[1575505.590262] tee (1760976): drop_caches: 3
[1575510.861145] tee (1760980): drop_caches: 3
[1575515.924778] tee (1760989): drop_caches: 3
[1575520.979765] tee (1760998): drop_caches: 3
[1575526.157179] tee (1761002): drop_caches: 3
[1575531.372977] tee (1761008): drop_caches: 3
[1575536.716685] tee (1761022): drop_caches: 3
[1575541.923992] tee (1761026): drop_caches: 3
[1575547.049948] tee (1761035): drop_caches: 3
[1575552.090341] tee (1761039): drop_caches: 3
[1575557.173445] tee (1761043): drop_caches: 3
[1575562.346397] tee (1761048): drop_caches: 3
[1575567.728104] tee (1761062): drop_caches: 3
[1575573.736137] tee (1761073): drop_caches: 3
[1575578.867486] tee (1761077): drop_caches: 3
[1575583.977806] tee (1761081): drop_caches: 3
[1575588.851751] tee (1761088): drop_caches: 3
[1575593.874118] tee (1761093): drop_caches: 3
[1575599.107289] tee (1761106): drop_caches: 3
[1575604.637659] tee (1761115): drop_caches: 3
[1575609.699142] tee (1761119): drop_caches: 3
[1575614.757414] tee (1761123): drop_caches: 3
[1575619.811818] tee (1761127): drop_caches: 3
[1575625.044131] tee (1761133): drop_caches: 3
[1575630.361521] tee (1761138): drop_caches: 3
[1575635.737235] tee (1761147): drop_caches: 3
[1575640.937064] tee (1761151): drop_caches: 3
[1575646.161661] tee (1761155): drop_caches: 3
[1575651.313661] tee (1761159): drop_caches: 3
[1575656.389026] tee (1761174): drop_caches: 3
[1575662.209256] tee (1761180): drop_caches: 3
[1575667.322234] tee (1761189): drop_caches: 3
[1575672.279677] tee (1761193): drop_caches: 3
[1575677.320115] tee (1761197): drop_caches: 3
[1575682.387250] tee (1761201): drop_caches: 3
[1575687.555394] tee (1761214): drop_caches: 3
[1575692.731885] tee (1761221): drop_caches: 3
[1575697.888139] tee (1761230): drop_caches: 3
[1575702.926181] tee (1761234): drop_caches: 3
[1575708.382798] tee (1761240): drop_caches: 3
[1575713.547495] tee (1761244): drop_caches: 3
[1575718.727253] tee (1761257): drop_caches: 3
[1575724.117826] tee (1761262): drop_caches: 3
[1575729.303235] tee (1761271): drop_caches: 3
[1575734.327539] tee (1761275): drop_caches: 3
[1575739.485608] tee (1761279): drop_caches: 3
[1575744.538006] tee (1761290): drop_caches: 3
[1575749.557922] tee (1761295): drop_caches: 3
[1575754.910975] tee (1761301): drop_caches: 3
[1575759.999097] tee (1761310): drop_caches: 3
[1575765.025153] tee (1761314): drop_caches: 3
[1575770.146985] tee (1761318): drop_caches: 3
[1575775.331484] tee (1761331): drop_caches: 3
[1575780.536291] tee (1761336): drop_caches: 3
[1575786.097229] tee (1761342): drop_caches: 3
[1575791.472926] tee (1761351): drop_caches: 3
[1575796.657297] tee (1761355): drop_caches: 3
[1575801.861181] tee (1761359): drop_caches: 3
[1575807.055506] tee (1761370): drop_caches: 3
[1575812.095752] tee (1761377): drop_caches: 3
[1575817.636288] tee (1761394): drop_caches: 3
[1575822.750928] tee (1761398): drop_caches: 3
[1575828.009672] tee (1761402): drop_caches: 3
[1575833.195311] tee (1761406): drop_caches: 3
[1575838.501636] tee (1761417): drop_caches: 3
[1575843.708579] tee (1761423): drop_caches: 3
[1575849.006797] tee (1761433): drop_caches: 3
[1575854.312437] tee (1761437): drop_caches: 3
[1575859.492232] tee (1761441): drop_caches: 3
[1575864.651562] tee (1761452): drop_caches: 3
[1575869.757829] tee (1761457): drop_caches: 3
[1575875.003852] tee (1761463): drop_caches: 3
[1575880.527756] tee (1761473): drop_caches: 3
[1575885.883557] tee (1761477): drop_caches: 3
[1575890.973357] tee (1761504): drop_caches: 3
[1575898.322241] tee (1761544): drop_caches: 3
[1575905.520539] tee (1761578): drop_caches: 3
[1575910.679613] tee (1761602): drop_caches: 3
[1575918.531692] tee (1761639): drop_caches: 3
[1575930.327701] tee (1761699): drop_caches: 3
[1575938.390205] tee (1761733): drop_caches: 3
[1575943.785621] tee (1761747): drop_caches: 3
[1575949.476917] tee (1761752): drop_caches: 3
[1575954.659171] tee (1761763): drop_caches: 3
[1575959.860765] tee (1761767): drop_caches: 3
[1575965.226015] tee (1761771): drop_caches: 3
[1575970.356178] tee (1761775): drop_caches: 3
[1575974.864432] tee (1761787): drop_caches: 3
[1575980.962331] tee (1761803): drop_caches: 3
[1575987.052242] tee (1761817): drop_caches: 3
[1575992.122592] tee (1761821): drop_caches: 3
[1575997.199397] tee (1761825): drop_caches: 3
[1576002.467217] tee (1761835): drop_caches: 3
[1576006.872500] tee (1761842): drop_caches: 3
[1576012.119220] tee (1761848): drop_caches: 3
[1576017.407890] tee (1761856): drop_caches: 3
[1576022.577447] tee (1761860): drop_caches: 3
[1576027.771625] tee (1761864): drop_caches: 3
[1576033.179427] tee (1761873): drop_caches: 3
[1576037.530012] tee (1761880): drop_caches: 3
[1576042.703568] tee (1761884): drop_caches: 3
[1576047.904038] tee (1761888): drop_caches: 3
[1576053.031396] tee (1761894): drop_caches: 3
[1576058.172629] tee (1761898): drop_caches: 3
[1576063.373459] tee (1761907): drop_caches: 3
[1576067.789646] tee (1761915): drop_caches: 3
[1576073.151433] tee (1761919): drop_caches: 3
[1576078.305990] tee (1761930): drop_caches: 3
[1576083.434146] tee (1761934): drop_caches: 3
[1576088.606406] tee (1761938): drop_caches: 3
[1576093.775346] tee (1761947): drop_caches: 3
[1576098.188695] tee (1761953): drop_caches: 3
[1576103.433916] tee (1761958): drop_caches: 3
[1576108.497405] tee (1761969): drop_caches: 3
[1576113.596385] tee (1761973): drop_caches: 3
[1576118.723872] tee (1761982): drop_caches: 3
[1576124.077607] tee (1761991): drop_caches: 3
[1576129.302087] tee (1761996): drop_caches: 3
[1576134.441148] tee (1762009): drop_caches: 3
[1576139.601757] tee (1762016): drop_caches: 3
[1576144.714464] tee (1762020): drop_caches: 3
[1576149.898980] tee (1762024): drop_caches: 3
[1576155.173199] tee (1762033): drop_caches: 3
[1576160.533273] tee (1762038): drop_caches: 3
[1576165.724437] tee (1762052): drop_caches: 3
[1576170.843685] tee (1762058): drop_caches: 3
[1576175.904449] tee (1762062): drop_caches: 3
[1576180.973783] tee (1762066): drop_caches: 3
[1576186.127703] tee (1762075): drop_caches: 3
[1576191.300864] tee (1762083): drop_caches: 3
[1576196.582273] tee (1762089): drop_caches: 3
[1576201.577690] tee (1762093): drop_caches: 3
[1576206.630621] tee (1762097): drop_caches: 3
[1576211.738216] tee (1762101): drop_caches: 3
[1576217.006523] tee (1762110): drop_caches: 3
[1576222.177345] tee (1762116): drop_caches: 3
[1576227.368639] tee (1762128): drop_caches: 3
[1576232.601211] tee (1762132): drop_caches: 3
[1576237.857448] tee (1762136): drop_caches: 3
[1576242.930976] tee (1762140): drop_caches: 3
[1576248.390328] tee (1762149): drop_caches: 3
[1576253.625908] tee (1762155): drop_caches: 3
[1576258.906424] tee (1762169): drop_caches: 3
[1576264.132064] tee (1762177): drop_caches: 3
[1576266.593890] mix-mixJ-arm17-1759772 phase=A END
[1576266.602058] mix-mixJ-arm17-1759772 phase=B START
[1576266.653824] mix-mixJ-arm17-1759772 phase=B RUN
[1576270.889937] tee (1762254): drop_caches: 3
[1576276.636260] tee (1762263): drop_caches: 3
[1576281.788281] tee (1762268): drop_caches: 3
[1576286.145850] tee (1762282): drop_caches: 3
[1576291.294219] tee (1762288): drop_caches: 3
[1576296.393381] tee (1762292): drop_caches: 3
[1576301.690667] tee (1762296): drop_caches: 3
[1576306.992525] tee (1762305): drop_caches: 3
[1576312.387485] tee (1762311): drop_caches: 3
[1576316.900616] tee (1762327): drop_caches: 3
[1576322.081569] tee (1762331): drop_caches: 3
[1576327.358347] tee (1762335): drop_caches: 3
[1576333.540378] tee (1762339): drop_caches: 3
[1576339.195814] tee (1762349): drop_caches: 3
[1576344.218729] tee (1762353): drop_caches: 3
[1576348.913779] tee (1762367): drop_caches: 3
[1576354.112903] tee (1762371): drop_caches: 3
[1576359.304248] tee (1762375): drop_caches: 3
[1576364.617877] tee (1762379): drop_caches: 3
[1576369.882901] tee (1762388): drop_caches: 3
[1576374.822793] tee (1762392): drop_caches: 3
[1576379.201216] tee (1762408): drop_caches: 3
[1576384.977485] tee (1762412): drop_caches: 3
[1576390.537825] tee (1762416): drop_caches: 3
[1576396.627829] tee (1762424): drop_caches: 3
[1576402.995138] tee (1762429): drop_caches: 3
[1576408.398890] tee (1762442): drop_caches: 3
[1576413.752728] tee (1762449): drop_caches: 3
[1576418.872990] tee (1762459): drop_caches: 3
[1576424.252185] tee (1762463): drop_caches: 3
[1576429.959708] tee (1762472): drop_caches: 3
[1576435.644974] tee (1762483): drop_caches: 3
[1576440.135798] tee (1762490): drop_caches: 3
[1576445.565907] tee (1762494): drop_caches: 3
[1576451.021254] tee (1762498): drop_caches: 3
[1576456.418506] tee (1762502): drop_caches: 3
[1576481.242215] tee (1762524): drop_caches: 3
[1576493.135262] mix-mixJ-arm17-1759772 phase=B END
[1576493.679984] NVMeVirt: Measurement: command=stop epoch=1 host_bytes=96600506368 learner_active=0
[1576513.034143] EXT4-fs (nvme0n1): unmounting filesystem be730bf5-621c-4262-9a20-8c9972ba9e30.
[1576513.285935] pci_bus 0001:10: busn_res: [bus 10-ff] is released
[1576513.286036] NVMeVirt: GC stats: ns=0 policy=cat-fig7-fixed host_pages=23584108 gc_pages=4905844 gc_count=445156 WAF=1.208 warmup_gc=100-per-part
[1576513.358785] NVMeVirt: Virtual NVMe device closed
[1576515.886275] tee (1762698): drop_caches: 3
[1576526.343232] mix-mixJ-fixed37-1762700 BEGIN
[1576526.571853] NVMeVirt: Version 1.10 for >> Samsung 970 Pro SSD <<
[1576526.571862] NVMeVirt: Storage: 0x100100000-0x300000000 (8191 MiB)
[1576526.582780] NVMeVirt: Total Capacity(GiB,MiB)=2,2048 chs=2 luns=4 lines=8192 blk-size(MiB,KiB)=0,64 line-size(MiB,KiB)=0,256
[1576526.594179] NVMeVirt: [chmodel_init] bandwidth 800 max_credits 26 tx_time 152
[1576526.605402] NVMeVirt: [chmodel_init] bandwidth 800 max_credits 26 tx_time 152
[1576526.605422] NVMeVirt: [chmodel_init] bandwidth 3360 max_credits 110 tx_time 36
[1576526.605425] NVMeVirt: Fixed CAT init ns=0 part=0 arm=37 k=7 scale_pct=100 age_ratio=7
[1576526.607038] NVMeVirt: pqueue: Copyright (c) 2014, Volkan Yazıcı <volkan.yazici@gmail.com>. All rights reserved.
[1576526.607085] NVMeVirt: Init FTL instance with 2 channels (524288 pages)
[1576526.607087] NVMeVirt: GC victim policy: cat-fig7-fixed ns=0 part=0 initial_k=7 initial_scale_pct=100 initial_age_ratio=7 warmup_gc=100
[1576526.618268] NVMeVirt: [chmodel_init] bandwidth 800 max_credits 26 tx_time 152
[1576526.629162] NVMeVirt: [chmodel_init] bandwidth 800 max_credits 26 tx_time 152
[1576526.629177] NVMeVirt: [chmodel_init] bandwidth 3360 max_credits 110 tx_time 36
[1576526.629179] NVMeVirt: Fixed CAT init ns=0 part=1 arm=37 k=7 scale_pct=100 age_ratio=7
[1576526.630452] NVMeVirt: Init FTL instance with 2 channels (524288 pages)
[1576526.630455] NVMeVirt: GC victim policy: cat-fig7-fixed ns=0 part=1 initial_k=7 initial_scale_pct=100 initial_age_ratio=7 warmup_gc=100
[1576526.641272] NVMeVirt: [chmodel_init] bandwidth 800 max_credits 26 tx_time 152
[1576526.652221] NVMeVirt: [chmodel_init] bandwidth 800 max_credits 26 tx_time 152
[1576526.652235] NVMeVirt: [chmodel_init] bandwidth 3360 max_credits 110 tx_time 36
[1576526.652237] NVMeVirt: Fixed CAT init ns=0 part=2 arm=37 k=7 scale_pct=100 age_ratio=7
[1576526.653509] NVMeVirt: Init FTL instance with 2 channels (524288 pages)
[1576526.653511] NVMeVirt: GC victim policy: cat-fig7-fixed ns=0 part=2 initial_k=7 initial_scale_pct=100 initial_age_ratio=7 warmup_gc=100
[1576526.664071] NVMeVirt: [chmodel_init] bandwidth 800 max_credits 26 tx_time 152
[1576526.674739] NVMeVirt: [chmodel_init] bandwidth 800 max_credits 26 tx_time 152
[1576526.674759] NVMeVirt: [chmodel_init] bandwidth 3360 max_credits 110 tx_time 36
[1576526.674762] NVMeVirt: Fixed CAT init ns=0 part=3 arm=37 k=7 scale_pct=100 age_ratio=7
[1576526.676387] NVMeVirt: Init FTL instance with 2 channels (524288 pages)
[1576526.676394] NVMeVirt: GC victim policy: cat-fig7-fixed ns=0 part=3 initial_k=7 initial_scale_pct=100 initial_age_ratio=7 warmup_gc=100
[1576526.676403] NVMeVirt: FTL physical space: 8588886016, logical space: 8026996276 (physical/logical * 100 = 107)
[1576526.676405] NVMeVirt: ns 0/1: size 7655 MiB
[1576526.676479] PCI host bridge to bus 0001:10
[1576526.676482] pci_bus 0001:10: root bus resource [io  0x0000-0xffff]
[1576526.676485] pci_bus 0001:10: root bus resource [mem 0x00000000-0x7fffffffff]
[1576526.676487] pci_bus 0001:10: root bus resource [bus 00-ff]
[1576526.676496] pci 0001:10:00.0: [0c51:0110] type 00 class 0x010802 PCIe Endpoint
[1576526.676500] pci 0001:10:00.0: BAR 0 [mem 0x100000000-0x100003fff 64bit]
[1576526.676503] pci 0001:10:00.0: enabling Extended Tags
[1576526.676665] NVMeVirt: Virtual PCI bus created (node 0)
[1576526.677071] NVMeVirt: nvmev_dispatcher started on cpu 1 (node 0)
[1576526.677151] NVMeVirt: Virtual NVMe device created
[1576526.677336] nvme nvme0: pci function 0001:10:00.0
[1576526.678908] NVMeVirt: nvmev_io_worker_0 started on cpu 2 (node 0)
[1576526.681447] nvme nvme0: 8/0/0 default/read/poll queues
[1576527.434782] EXT4-fs (nvme0n1): mounted filesystem 56a2fd27-377a-472a-96ac-72e77e49244f r/w with ordered data mode. Quota mode: none.
[1576609.763534] NVMeVirt: Fixed CAT init ns=0 part=0 arm=37 k=7 scale_pct=100 age_ratio=7
[1576609.763544] NVMeVirt: Fixed CAT init ns=0 part=1 arm=37 k=7 scale_pct=100 age_ratio=7
[1576609.763547] NVMeVirt: Fixed CAT init ns=0 part=2 arm=37 k=7 scale_pct=100 age_ratio=7
[1576609.763549] NVMeVirt: Fixed CAT init ns=0 part=3 arm=37 k=7 scale_pct=100 age_ratio=7
[1576609.763551] NVMeVirt: Measurement: command=start epoch=1 host_bytes=0 learner_active=1
[1576609.774293] mix-mixJ-fixed37-1762700 phase=A START
[1576609.785894] mix-mixJ-fixed37-1762700 phase=A LOAD
[1576636.188311] mix-mixJ-fixed37-1762700 phase=A RUN
[1576640.430318] tee (1763056): drop_caches: 3
[1576646.144750] tee (1763067): drop_caches: 3
[1576650.705128] tee (1763081): drop_caches: 3
[1576655.976148] tee (1763085): drop_caches: 3
[1576661.397475] tee (1763090): drop_caches: 3
[1576666.584149] tee (1763094): drop_caches: 3
[1576672.329214] tee (1763099): drop_caches: 3
[1576677.494655] tee (1763110): drop_caches: 3
[1576682.034060] tee (1763122): drop_caches: 3
[1576687.194199] tee (1763126): drop_caches: 3
[1576692.465728] tee (1763130): drop_caches: 3
[1576697.729540] tee (1763134): drop_caches: 3
[1576703.065780] tee (1763138): drop_caches: 3
[1576708.297922] tee (1763149): drop_caches: 3
[1576712.853821] tee (1763161): drop_caches: 3
[1576717.935239] tee (1763165): drop_caches: 3
[1576722.946303] tee (1763169): drop_caches: 3
[1576727.985547] tee (1763173): drop_caches: 3
[1576733.207722] tee (1763177): drop_caches: 3
[1576738.328667] tee (1763190): drop_caches: 3
[1576742.752722] tee (1763202): drop_caches: 3
[1576747.829692] tee (1763206): drop_caches: 3
[1576752.851061] tee (1763210): drop_caches: 3
[1576757.953466] tee (1763214): drop_caches: 3
[1576763.150238] tee (1763218): drop_caches: 3
[1576768.293225] tee (1763230): drop_caches: 3
[1576772.841418] tee (1763244): drop_caches: 3
[1576777.939313] tee (1763248): drop_caches: 3
[1576783.070083] tee (1763252): drop_caches: 3
[1576787.960972] tee (1763259): drop_caches: 3
[1576793.179599] tee (1763263): drop_caches: 3
[1576798.228912] tee (1763267): drop_caches: 3
[1576802.889213] tee (1763277): drop_caches: 3
[1576808.381830] tee (1763283): drop_caches: 3
[1576813.605413] tee (1763287): drop_caches: 3
[1576818.840514] tee (1763291): drop_caches: 3
[1576824.158867] tee (1763295): drop_caches: 3
[1576829.284743] tee (1763306): drop_caches: 3
[1576834.606308] tee (1763322): drop_caches: 3
[1576839.972521] tee (1763333): drop_caches: 3
[1576845.111967] tee (1763337): drop_caches: 3
[1576850.306854] tee (1763341): drop_caches: 3
[1576855.625017] tee (1763352): drop_caches: 3
[1576860.712167] tee (1763358): drop_caches: 3
[1576866.112892] tee (1763369): drop_caches: 3
[1576871.525730] tee (1763375): drop_caches: 3
[1576876.674301] tee (1763379): drop_caches: 3
[1576881.812072] tee (1763383): drop_caches: 3
[1576887.171924] tee (1763394): drop_caches: 3
[1576892.737780] tee (1763405): drop_caches: 3
[1576897.596340] tee (1763410): drop_caches: 3
[1576902.928857] tee (1763416): drop_caches: 3
[1576908.123252] tee (1763421): drop_caches: 3
[1576913.263223] tee (1763425): drop_caches: 3
[1576918.558398] tee (1763438): drop_caches: 3
[1576923.851860] tee (1763447): drop_caches: 3
[1576929.102069] tee (1763452): drop_caches: 3
[1576934.398927] tee (1763458): drop_caches: 3
[1576939.552326] tee (1763462): drop_caches: 3
[1576944.723372] tee (1763466): drop_caches: 3
[1576949.900921] tee (1763477): drop_caches: 3
[1576955.128045] tee (1763486): drop_caches: 3
[1576960.382742] tee (1763491): drop_caches: 3
[1576965.863909] tee (1763497): drop_caches: 3
[1576971.212513] tee (1763501): drop_caches: 3
[1576976.867934] tee (1763514): drop_caches: 3
[1576982.044648] tee (1763518): drop_caches: 3
[1576987.142699] tee (1763527): drop_caches: 3
[1576991.952823] tee (1763533): drop_caches: 3
[1576997.219924] tee (1763539): drop_caches: 3
[1577002.379400] tee (1763543): drop_caches: 3
[1577008.068960] tee (1763554): drop_caches: 3
[1577013.285493] tee (1763560): drop_caches: 3
[1577018.545899] tee (1763575): drop_caches: 3
[1577023.365734] tee (1763581): drop_caches: 3
[1577028.897364] tee (1763586): drop_caches: 3
[1577034.113786] tee (1763590): drop_caches: 3
[1577039.399249] tee (1763601): drop_caches: 3
[1577045.040538] tee (1763610): drop_caches: 3
[1577050.141259] tee (1763614): drop_caches: 3
[1577055.042614] tee (1763619): drop_caches: 3
[1577060.367560] tee (1763625): drop_caches: 3
[1577065.622832] tee (1763637): drop_caches: 3
[1577070.859680] tee (1763641): drop_caches: 3
[1577076.063484] tee (1763650): drop_caches: 3
[1577081.188654] tee (1763654): drop_caches: 3
[1577086.305620] tee (1763660): drop_caches: 3
[1577091.010307] tee (1763691): drop_caches: 3
[1577096.255956] tee (1763744): drop_caches: 3
[1577102.073332] tee (1763750): drop_caches: 3
[1577107.210778] tee (1763759): drop_caches: 3
[1577112.274771] tee (1763763): drop_caches: 3
[1577117.564269] tee (1763768): drop_caches: 3
[1577122.819220] tee (1763774): drop_caches: 3
[1577127.889382] tee (1763778): drop_caches: 3
[1577133.051008] tee (1763784): drop_caches: 3
[1577138.211947] tee (1763793): drop_caches: 3
[1577143.277928] tee (1763797): drop_caches: 3
[1577148.459644] tee (1763802): drop_caches: 3
[1577153.671920] tee (1763815): drop_caches: 3
[1577158.659534] tee (1763819): drop_caches: 3
[1577164.234771] tee (1763823): drop_caches: 3
[1577170.006965] tee (1763839): drop_caches: 3
[1577175.644408] tee (1763844): drop_caches: 3
[1577180.144724] tee (1763851): drop_caches: 3
[1577185.230431] tee (1763862): drop_caches: 3
[1577191.505343] tee (1763868): drop_caches: 3
[1577196.904715] tee (1763872): drop_caches: 3
[1577202.384895] tee (1763881): drop_caches: 3
[1577207.538954] tee (1763885): drop_caches: 3
[1577211.939158] tee (1763892): drop_caches: 3
[1577217.277350] tee (1763903): drop_caches: 3
[1577222.526040] tee (1763911): drop_caches: 3
[1577227.605216] tee (1763915): drop_caches: 3
[1577232.883694] tee (1763924): drop_caches: 3
[1577238.004696] tee (1763928): drop_caches: 3
[1577242.448180] tee (1763942): drop_caches: 3
[1577247.617996] tee (1763946): drop_caches: 3
[1577252.784304] tee (1763952): drop_caches: 3
[1577258.002302] tee (1763956): drop_caches: 3
[1577263.256598] tee (1763965): drop_caches: 3
[1577268.284950] tee (1763969): drop_caches: 3
[1577272.797223] tee (1763983): drop_caches: 3
[1577278.021473] tee (1763987): drop_caches: 3
[1577283.195873] tee (1763991): drop_caches: 3
[1577288.245433] tee (1763995): drop_caches: 3
[1577293.446746] tee (1764004): drop_caches: 3
[1577298.502286] tee (1764008): drop_caches: 3
[1577303.688621] tee (1764020): drop_caches: 3
[1577309.027140] tee (1764026): drop_caches: 3
[1577314.345684] tee (1764030): drop_caches: 3
[1577319.638790] tee (1764043): drop_caches: 3
[1577324.909212] tee (1764048): drop_caches: 3
[1577330.206170] tee (1764052): drop_caches: 3
[1577335.421050] tee (1764065): drop_caches: 3
[1577340.654463] tee (1764073): drop_caches: 3
[1577345.952563] tee (1764077): drop_caches: 3
[1577351.318685] tee (1764086): drop_caches: 3
[1577356.415826] tee (1764090): drop_caches: 3
[1577361.623646] tee (1764094): drop_caches: 3
[1577366.656499] tee (1764108): drop_caches: 3
[1577371.794525] tee (1764115): drop_caches: 3
[1577377.064400] tee (1764119): drop_caches: 3
[1577382.246157] tee (1764128): drop_caches: 3
[1577387.413059] tee (1764135): drop_caches: 3
[1577392.595143] tee (1764146): drop_caches: 3
[1577397.940795] tee (1764151): drop_caches: 3
[1577403.195476] tee (1764157): drop_caches: 3
[1577408.613761] tee (1764161): drop_caches: 3
[1577413.830805] tee (1764170): drop_caches: 3
[1577418.943319] tee (1764174): drop_caches: 3
[1577424.042766] tee (1764178): drop_caches: 3
[1577429.219428] tee (1764184): drop_caches: 3
[1577434.522691] tee (1764189): drop_caches: 3
[1577439.797451] tee (1764193): drop_caches: 3
[1577445.060298] tee (1764202): drop_caches: 3
[1577450.381320] tee (1764206): drop_caches: 3
[1577455.572813] tee (1764217): drop_caches: 3
[1577460.618252] tee (1764224): drop_caches: 3
[1577466.139052] tee (1764231): drop_caches: 3
[1577471.633325] tee (1764235): drop_caches: 3
[1577476.924196] tee (1764244): drop_caches: 3
[1577482.058763] tee (1764248): drop_caches: 3
[1577487.181781] tee (1764259): drop_caches: 3
[1577492.355955] tee (1764266): drop_caches: 3
[1577497.990693] tee (1764272): drop_caches: 3
[1577503.521227] tee (1764281): drop_caches: 3
[1577508.679558] tee (1764285): drop_caches: 3
[1577513.875089] tee (1764296): drop_caches: 3
[1577519.175369] tee (1764300): drop_caches: 3
[1577523.897869] tee (1764308): drop_caches: 3
[1577529.291433] tee (1764313): drop_caches: 3
[1577534.464873] tee (1764322): drop_caches: 3
[1577539.657923] tee (1764326): drop_caches: 3
[1577544.873703] tee (1764337): drop_caches: 3
[1577550.110961] tee (1764341): drop_caches: 3
[1577555.556135] tee (1764346): drop_caches: 3
[1577560.918502] tee (1764352): drop_caches: 3
[1577566.084294] tee (1764361): drop_caches: 3
[1577571.117616] tee (1764365): drop_caches: 3
[1577576.221365] tee (1764376): drop_caches: 3
[1577581.352181] tee (1764382): drop_caches: 3
[1577586.641674] tee (1764387): drop_caches: 3
[1577592.207702] tee (1764393): drop_caches: 3
[1577605.283005] tee (1764412): drop_caches: 3
[1577611.989167] mix-mixJ-fixed37-1762700 phase=A END
[1577611.997953] mix-mixJ-fixed37-1762700 phase=B START
[1577612.056478] mix-mixJ-fixed37-1762700 phase=B RUN
[1577616.264396] tee (1764499): drop_caches: 3
[1577621.100107] tee (1764506): drop_caches: 3
[1577626.285819] tee (1764511): drop_caches: 3
[1577631.283030] tee (1764518): drop_caches: 3
[1577636.472352] tee (1764534): drop_caches: 3
[1577641.576454] tee (1764538): drop_caches: 3
[1577646.688449] tee (1764542): drop_caches: 3
[1577651.066360] tee (1764549): drop_caches: 3
[1577656.344602] tee (1764553): drop_caches: 3
[1577661.594538] tee (1764559): drop_caches: 3
[1577666.795765] tee (1764577): drop_caches: 3
[1577671.872821] tee (1764581): drop_caches: 3
[1577676.942585] tee (1764585): drop_caches: 3
[1577681.373510] tee (1764592): drop_caches: 3
[1577686.908401] tee (1764599): drop_caches: 3
[1577693.198499] tee (1764636): drop_caches: 3
[1577701.095095] tee (1764690): drop_caches: 3
[1577710.431949] tee (1764719): drop_caches: 3
[1577716.803394] tee (1764729): drop_caches: 3
[1577729.100466] tee (1764792): drop_caches: 3
[1577738.395823] tee (1764846): drop_caches: 3
[1577746.892456] tee (1764860): drop_caches: 3
[1577754.904677] tee (1764874): drop_caches: 3
[1577760.195478] tee (1764882): drop_caches: 3
[1577765.566214] tee (1764886): drop_caches: 3
[1577771.066658] tee (1764890): drop_caches: 3
[1577776.653173] tee (1764899): drop_caches: 3
[1577782.485300] tee (1764923): drop_caches: 3
[1577788.166822] tee (1764930): drop_caches: 3
[1577793.650608] tee (1764934): drop_caches: 3
[1577798.882557] tee (1764939): drop_caches: 3
[1577823.861726] tee (1764956): drop_caches: 3
[1577835.210825] mix-mixJ-fixed37-1762700 phase=B END
[1577835.468361] NVMeVirt: Measurement: command=stop epoch=1 host_bytes=97476857856 learner_active=0
[1577857.339682] EXT4-fs (nvme0n1): unmounting filesystem 56a2fd27-377a-472a-96ac-72e77e49244f.
[1577858.027631] pci_bus 0001:10: busn_res: [bus 10-ff] is released
[1577858.027678] NVMeVirt: GC stats: ns=0 policy=cat-fig7-fixed host_pages=23798061 gc_pages=11183404 gc_count=546585 WAF=1.469 warmup_gc=100-per-part
[1577858.105933] NVMeVirt: Virtual NVMe device closed
[1577873.963335] tee (1765167): drop_caches: 3
[1577879.471837] mix-mixP-fixed47-1765169 BEGIN
[1577879.558867] NVMeVirt: Version 1.10 for >> Samsung 970 Pro SSD <<
[1577879.558873] NVMeVirt: Storage: 0x100100000-0x300000000 (8191 MiB)
[1577879.569368] NVMeVirt: Total Capacity(GiB,MiB)=2,2048 chs=2 luns=4 lines=8192 blk-size(MiB,KiB)=0,64 line-size(MiB,KiB)=0,256
[1577879.581490] NVMeVirt: [chmodel_init] bandwidth 800 max_credits 26 tx_time 152
[1577879.593047] NVMeVirt: [chmodel_init] bandwidth 800 max_credits 26 tx_time 152
[1577879.593062] NVMeVirt: [chmodel_init] bandwidth 3360 max_credits 110 tx_time 36
[1577879.593064] NVMeVirt: Fixed CAT init ns=0 part=0 arm=47 k=10 scale_pct=25 age_ratio=16
[1577879.593990] NVMeVirt: pqueue: Copyright (c) 2014, Volkan Yazıcı <volkan.yazici@gmail.com>. All rights reserved.
[1577879.594026] NVMeVirt: Init FTL instance with 2 channels (524288 pages)
[1577879.594028] NVMeVirt: GC victim policy: cat-fig7-fixed ns=0 part=0 initial_k=10 initial_scale_pct=25 initial_age_ratio=16 warmup_gc=100
[1577879.605019] NVMeVirt: [chmodel_init] bandwidth 800 max_credits 26 tx_time 152
[1577879.616319] NVMeVirt: [chmodel_init] bandwidth 800 max_credits 26 tx_time 152
[1577879.616335] NVMeVirt: [chmodel_init] bandwidth 3360 max_credits 110 tx_time 36
[1577879.616337] NVMeVirt: Fixed CAT init ns=0 part=1 arm=47 k=10 scale_pct=25 age_ratio=16
[1577879.617305] NVMeVirt: Init FTL instance with 2 channels (524288 pages)
[1577879.617308] NVMeVirt: GC victim policy: cat-fig7-fixed ns=0 part=1 initial_k=10 initial_scale_pct=25 initial_age_ratio=16 warmup_gc=100
[1577879.628153] NVMeVirt: [chmodel_init] bandwidth 800 max_credits 26 tx_time 152
[1577879.639115] NVMeVirt: [chmodel_init] bandwidth 800 max_credits 26 tx_time 152
[1577879.639129] NVMeVirt: [chmodel_init] bandwidth 3360 max_credits 110 tx_time 36
[1577879.639131] NVMeVirt: Fixed CAT init ns=0 part=2 arm=47 k=10 scale_pct=25 age_ratio=16
[1577879.640357] NVMeVirt: Init FTL instance with 2 channels (524288 pages)
[1577879.640360] NVMeVirt: GC victim policy: cat-fig7-fixed ns=0 part=2 initial_k=10 initial_scale_pct=25 initial_age_ratio=16 warmup_gc=100
[1577879.651555] NVMeVirt: [chmodel_init] bandwidth 800 max_credits 26 tx_time 152
[1577879.662206] NVMeVirt: [chmodel_init] bandwidth 800 max_credits 26 tx_time 152
[1577879.662219] NVMeVirt: [chmodel_init] bandwidth 3360 max_credits 110 tx_time 36
[1577879.662221] NVMeVirt: Fixed CAT init ns=0 part=3 arm=47 k=10 scale_pct=25 age_ratio=16
[1577879.663273] NVMeVirt: Init FTL instance with 2 channels (524288 pages)
[1577879.663276] NVMeVirt: GC victim policy: cat-fig7-fixed ns=0 part=3 initial_k=10 initial_scale_pct=25 initial_age_ratio=16 warmup_gc=100
[1577879.663282] NVMeVirt: FTL physical space: 8588886016, logical space: 8026996276 (physical/logical * 100 = 107)
[1577879.663284] NVMeVirt: ns 0/1: size 7655 MiB
[1577879.663331] PCI host bridge to bus 0001:10
[1577879.663334] pci_bus 0001:10: root bus resource [io  0x0000-0xffff]
[1577879.663337] pci_bus 0001:10: root bus resource [mem 0x00000000-0x7fffffffff]
[1577879.663339] pci_bus 0001:10: root bus resource [bus 00-ff]
[1577879.663360] pci 0001:10:00.0: [0c51:0110] type 00 class 0x010802 PCIe Endpoint
[1577879.663364] pci 0001:10:00.0: BAR 0 [mem 0x100000000-0x100003fff 64bit]
[1577879.663367] pci 0001:10:00.0: enabling Extended Tags
[1577879.663491] NVMeVirt: Virtual PCI bus created (node 0)
[1577879.663767] NVMeVirt: nvmev_io_worker_0 started on cpu 2 (node 0)
[1577879.663924] NVMeVirt: nvmev_dispatcher started on cpu 1 (node 0)
[1577879.663946] NVMeVirt: Virtual NVMe device created
[1577879.664085] nvme nvme0: pci function 0001:10:00.0
[1577879.668601] nvme nvme0: 8/0/0 default/read/poll queues
[1577880.205246] EXT4-fs (nvme0n1): mounted filesystem fe1c7a94-a242-48c2-a09c-04633573e959 r/w with ordered data mode. Quota mode: none.
[1577962.475753] NVMeVirt: Fixed CAT init ns=0 part=0 arm=47 k=10 scale_pct=25 age_ratio=16
[1577962.475759] NVMeVirt: Fixed CAT init ns=0 part=1 arm=47 k=10 scale_pct=25 age_ratio=16
[1577962.475761] NVMeVirt: Fixed CAT init ns=0 part=2 arm=47 k=10 scale_pct=25 age_ratio=16
[1577962.475763] NVMeVirt: Fixed CAT init ns=0 part=3 arm=47 k=10 scale_pct=25 age_ratio=16
[1577962.475764] NVMeVirt: Measurement: command=start epoch=1 host_bytes=0 learner_active=1
[1577962.485535] mix-mixP-fixed47-1765169 phase=A START
[1577962.497125] mix-mixP-fixed47-1765169 phase=A LOAD
[1577974.167175] mix-mixP-fixed47-1765169 phase=A RUN
[1577978.294753] tee (1765481): drop_caches: 3
[1577983.704928] tee (1765485): drop_caches: 3
[1577988.577041] tee (1765493): drop_caches: 3
[1577993.872982] tee (1765501): drop_caches: 3
[1577999.168083] tee (1765505): drop_caches: 3
[1578003.555885] tee (1765517): drop_caches: 3
[1578008.682596] tee (1765522): drop_caches: 3
[1578013.774097] tee (1765526): drop_caches: 3
[1578019.069148] tee (1765530): drop_caches: 3
[1578024.223565] tee (1765535): drop_caches: 3
[1578029.469019] tee (1765539): drop_caches: 3
[1578033.870093] tee (1765551): drop_caches: 3
[1578039.043056] tee (1765555): drop_caches: 3
[1578044.197065] tee (1765559): drop_caches: 3
[1578049.440629] tee (1765563): drop_caches: 3
[1578054.625075] tee (1765568): drop_caches: 3
[1578059.831531] tee (1765572): drop_caches: 3
[1578064.274070] tee (1765587): drop_caches: 3
[1578069.408628] tee (1765591): drop_caches: 3
[1578074.423659] tee (1765595): drop_caches: 3
[1578079.594844] tee (1765599): drop_caches: 3
[1578084.655645] tee (1765604): drop_caches: 3
[1578089.725187] tee (1765608): drop_caches: 3
[1578094.069743] tee (1765620): drop_caches: 3
[1578099.316845] tee (1765626): drop_caches: 3
[1578104.437168] tee (1765630): drop_caches: 3
[1578109.930928] tee (1765634): drop_caches: 3
[1578115.248847] tee (1765639): drop_caches: 3
[1578120.407282] tee (1765643): drop_caches: 3
[1578124.942950] tee (1765656): drop_caches: 3
[1578130.283536] tee (1765662): drop_caches: 3
[1578135.382713] tee (1765666): drop_caches: 3
[1578140.574549] tee (1765670): drop_caches: 3
[1578145.675114] tee (1765674): drop_caches: 3
[1578150.778761] tee (1765678): drop_caches: 3
[1578156.097874] tee (1765688): drop_caches: 3
[1578161.455765] tee (1765694): drop_caches: 3
[1578166.579687] tee (1765698): drop_caches: 3
[1578171.815169] tee (1765704): drop_caches: 3
[1578176.949526] tee (1765708): drop_caches: 3
[1578182.130832] tee (1765715): drop_caches: 3
[1578187.477560] tee (1765736): drop_caches: 3
[1578192.788737] tee (1765742): drop_caches: 3
[1578198.030241] tee (1765746): drop_caches: 3
[1578203.288271] tee (1765751): drop_caches: 3
[1578208.617999] tee (1765758): drop_caches: 3
[1578210.363162] mix-mixP-fixed47-1765169 phase=A END
[1578210.725908] mix-mixP-fixed47-1765169 phase=B START
[1579115.791441] mix-mixP-fixed47-1765169 phase=B END
[1579116.621892] NVMeVirt: Measurement: command=stop epoch=1 host_bytes=107846688768 learner_active=0
[1579117.032094] EXT4-fs (nvme0n1): unmounting filesystem fe1c7a94-a242-48c2-a09c-04633573e959.
[1579117.649006] pci_bus 0001:10: busn_res: [bus 10-ff] is released
[1579117.649077] NVMeVirt: GC stats: ns=0 policy=cat-fig7-fixed host_pages=26329758 gc_pages=3573871 gc_count=467245 WAF=1.135 warmup_gc=100-per-part
[1579117.722021] NVMeVirt: Virtual NVMe device closed
[1579120.705206] tee (1795756): drop_caches: 3
[1579133.335215] mix-mixP-arm46-1795758 BEGIN
[1579133.805463] NVMeVirt: Version 1.10 for >> Samsung 970 Pro SSD <<
[1579133.805469] NVMeVirt: Storage: 0x100100000-0x300000000 (8191 MiB)
[1579133.816132] NVMeVirt: Total Capacity(GiB,MiB)=2,2048 chs=2 luns=4 lines=8192 blk-size(MiB,KiB)=0,64 line-size(MiB,KiB)=0,256
[1579133.827916] NVMeVirt: [chmodel_init] bandwidth 800 max_credits 26 tx_time 152
[1579133.839718] NVMeVirt: [chmodel_init] bandwidth 800 max_credits 26 tx_time 152
[1579133.839732] NVMeVirt: [chmodel_init] bandwidth 3360 max_credits 110 tx_time 36
[1579133.839735] NVMeVirt: Fixed CAT init ns=0 part=0 arm=46 k=10 scale_pct=25 age_ratio=7
[1579133.840640] NVMeVirt: pqueue: Copyright (c) 2014, Volkan Yazıcı <volkan.yazici@gmail.com>. All rights reserved.
[1579133.840675] NVMeVirt: Init FTL instance with 2 channels (524288 pages)
[1579133.840677] NVMeVirt: GC victim policy: cat-fig7-fixed ns=0 part=0 initial_k=10 initial_scale_pct=25 initial_age_ratio=7 warmup_gc=100
[1579133.851387] NVMeVirt: [chmodel_init] bandwidth 800 max_credits 26 tx_time 152
[1579133.862386] NVMeVirt: [chmodel_init] bandwidth 800 max_credits 26 tx_time 152
[1579133.862404] NVMeVirt: [chmodel_init] bandwidth 3360 max_credits 110 tx_time 36
[1579133.862407] NVMeVirt: Fixed CAT init ns=0 part=1 arm=46 k=10 scale_pct=25 age_ratio=7
[1579133.863787] NVMeVirt: Init FTL instance with 2 channels (524288 pages)
[1579133.863792] NVMeVirt: GC victim policy: cat-fig7-fixed ns=0 part=1 initial_k=10 initial_scale_pct=25 initial_age_ratio=7 warmup_gc=100
[1579133.874906] NVMeVirt: [chmodel_init] bandwidth 800 max_credits 26 tx_time 152
[1579133.885647] NVMeVirt: [chmodel_init] bandwidth 800 max_credits 26 tx_time 152
[1579133.885667] NVMeVirt: [chmodel_init] bandwidth 3360 max_credits 110 tx_time 36
[1579133.885669] NVMeVirt: Fixed CAT init ns=0 part=2 arm=46 k=10 scale_pct=25 age_ratio=7
[1579133.886650] NVMeVirt: Init FTL instance with 2 channels (524288 pages)
[1579133.886653] NVMeVirt: GC victim policy: cat-fig7-fixed ns=0 part=2 initial_k=10 initial_scale_pct=25 initial_age_ratio=7 warmup_gc=100
[1579133.898407] NVMeVirt: [chmodel_init] bandwidth 800 max_credits 26 tx_time 152
[1579133.909454] NVMeVirt: [chmodel_init] bandwidth 800 max_credits 26 tx_time 152
[1579133.909469] NVMeVirt: [chmodel_init] bandwidth 3360 max_credits 110 tx_time 36
[1579133.909472] NVMeVirt: Fixed CAT init ns=0 part=3 arm=46 k=10 scale_pct=25 age_ratio=7
[1579133.910389] NVMeVirt: Init FTL instance with 2 channels (524288 pages)
[1579133.910391] NVMeVirt: GC victim policy: cat-fig7-fixed ns=0 part=3 initial_k=10 initial_scale_pct=25 initial_age_ratio=7 warmup_gc=100
[1579133.910398] NVMeVirt: FTL physical space: 8588886016, logical space: 8026996276 (physical/logical * 100 = 107)
[1579133.910400] NVMeVirt: ns 0/1: size 7655 MiB
[1579133.910449] PCI host bridge to bus 0001:10
[1579133.910451] pci_bus 0001:10: root bus resource [io  0x0000-0xffff]
[1579133.910454] pci_bus 0001:10: root bus resource [mem 0x00000000-0x7fffffffff]
[1579133.910456] pci_bus 0001:10: root bus resource [bus 00-ff]
[1579133.910463] pci 0001:10:00.0: [0c51:0110] type 00 class 0x010802 PCIe Endpoint
[1579133.910467] pci 0001:10:00.0: BAR 0 [mem 0x100000000-0x100003fff 64bit]
[1579133.910469] pci 0001:10:00.0: enabling Extended Tags
[1579133.910592] NVMeVirt: Virtual PCI bus created (node 0)
[1579133.910921] NVMeVirt: nvmev_io_worker_0 started on cpu 2 (node 0)
[1579133.910982] NVMeVirt: nvmev_dispatcher started on cpu 1 (node 0)
[1579133.911011] NVMeVirt: Virtual NVMe device created
[1579133.911164] nvme nvme0: pci function 0001:10:00.0
[1579133.913922] nvme nvme0: 8/0/0 default/read/poll queues
[1579134.476702] EXT4-fs (nvme0n1): mounted filesystem a76e0b9e-a1ec-4277-8338-70c3a3e10695 r/w with ordered data mode. Quota mode: none.
[1579216.818391] EXT4-fs (nvme0n1): unmounting filesystem a76e0b9e-a1ec-4277-8338-70c3a3e10695.
[1579216.868335] pci_bus 0001:10: busn_res: [bus 10-ff] is released
[1579216.868408] NVMeVirt: GC stats: ns=0 policy=cat-fig7-fixed host_pages=0 gc_pages=0 gc_count=0 WAF=N/A warmup_gc=100-per-part
[1579216.945105] NVMeVirt: Virtual NVMe device closed
[1579217.192818] tee (1795952): drop_caches: 3
[1579222.650433] mix-mixP-arm31-1795954 BEGIN
[1579222.820733] NVMeVirt: Version 1.10 for >> Samsung 970 Pro SSD <<
[1579222.820740] NVMeVirt: Storage: 0x100100000-0x300000000 (8191 MiB)
[1579222.831485] NVMeVirt: Total Capacity(GiB,MiB)=2,2048 chs=2 luns=4 lines=8192 blk-size(MiB,KiB)=0,64 line-size(MiB,KiB)=0,256
[1579222.843791] NVMeVirt: [chmodel_init] bandwidth 800 max_credits 26 tx_time 152
[1579222.855237] NVMeVirt: [chmodel_init] bandwidth 800 max_credits 26 tx_time 152
[1579222.855252] NVMeVirt: [chmodel_init] bandwidth 3360 max_credits 110 tx_time 36
[1579222.855254] NVMeVirt: Fixed CAT init ns=0 part=0 arm=31 k=7 scale_pct=25 age_ratio=7
[1579222.856608] NVMeVirt: pqueue: Copyright (c) 2014, Volkan Yazıcı <volkan.yazici@gmail.com>. All rights reserved.
[1579222.856644] NVMeVirt: Init FTL instance with 2 channels (524288 pages)
[1579222.856646] NVMeVirt: GC victim policy: cat-fig7-fixed ns=0 part=0 initial_k=7 initial_scale_pct=25 initial_age_ratio=7 warmup_gc=100
[1579222.867832] NVMeVirt: [chmodel_init] bandwidth 800 max_credits 26 tx_time 152
[1579222.878991] NVMeVirt: [chmodel_init] bandwidth 800 max_credits 26 tx_time 152
[1579222.879006] NVMeVirt: [chmodel_init] bandwidth 3360 max_credits 110 tx_time 36
[1579222.879008] NVMeVirt: Fixed CAT init ns=0 part=1 arm=31 k=7 scale_pct=25 age_ratio=7
[1579222.880223] NVMeVirt: Init FTL instance with 2 channels (524288 pages)
[1579222.880225] NVMeVirt: GC victim policy: cat-fig7-fixed ns=0 part=1 initial_k=7 initial_scale_pct=25 initial_age_ratio=7 warmup_gc=100
[1579222.891244] NVMeVirt: [chmodel_init] bandwidth 800 max_credits 26 tx_time 152
[1579222.902488] NVMeVirt: [chmodel_init] bandwidth 800 max_credits 26 tx_time 152
[1579222.902507] NVMeVirt: [chmodel_init] bandwidth 3360 max_credits 110 tx_time 36
[1579222.902510] NVMeVirt: Fixed CAT init ns=0 part=2 arm=31 k=7 scale_pct=25 age_ratio=7
[1579222.904130] NVMeVirt: Init FTL instance with 2 channels (524288 pages)
[1579222.904134] NVMeVirt: GC victim policy: cat-fig7-fixed ns=0 part=2 initial_k=7 initial_scale_pct=25 initial_age_ratio=7 warmup_gc=100
[1579222.915312] NVMeVirt: [chmodel_init] bandwidth 800 max_credits 26 tx_time 152
[1579222.926057] NVMeVirt: [chmodel_init] bandwidth 800 max_credits 26 tx_time 152
[1579222.926070] NVMeVirt: [chmodel_init] bandwidth 3360 max_credits 110 tx_time 36
[1579222.926073] NVMeVirt: Fixed CAT init ns=0 part=3 arm=31 k=7 scale_pct=25 age_ratio=7
[1579222.927330] NVMeVirt: Init FTL instance with 2 channels (524288 pages)
[1579222.927333] NVMeVirt: GC victim policy: cat-fig7-fixed ns=0 part=3 initial_k=7 initial_scale_pct=25 initial_age_ratio=7 warmup_gc=100
[1579222.927339] NVMeVirt: FTL physical space: 8588886016, logical space: 8026996276 (physical/logical * 100 = 107)
[1579222.927341] NVMeVirt: ns 0/1: size 7655 MiB
[1579222.927392] PCI host bridge to bus 0001:10
[1579222.927394] pci_bus 0001:10: root bus resource [io  0x0000-0xffff]
[1579222.927397] pci_bus 0001:10: root bus resource [mem 0x00000000-0x7fffffffff]
[1579222.927413] pci_bus 0001:10: root bus resource [bus 00-ff]
[1579222.927421] pci 0001:10:00.0: [0c51:0110] type 00 class 0x010802 PCIe Endpoint
[1579222.927425] pci 0001:10:00.0: BAR 0 [mem 0x100000000-0x100003fff 64bit]
[1579222.927428] pci 0001:10:00.0: enabling Extended Tags
[1579222.927550] NVMeVirt: Virtual PCI bus created (node 0)
[1579222.927881] NVMeVirt: nvmev_io_worker_0 started on cpu 2 (node 0)
[1579222.928023] NVMeVirt: nvmev_dispatcher started on cpu 1 (node 0)
[1579222.928036] NVMeVirt: Virtual NVMe device created
[1579222.928167] nvme nvme0: pci function 0001:10:00.0
[1579222.929931] nvme nvme0: 8/0/0 default/read/poll queues
[1579223.331268] EXT4-fs (nvme0n1): mounted filesystem df303751-2db5-4732-ba6f-5a02fc293b6f r/w with ordered data mode. Quota mode: none.
[1579305.704996] NVMeVirt: Fixed CAT init ns=0 part=0 arm=31 k=7 scale_pct=25 age_ratio=7
[1579305.705001] NVMeVirt: Fixed CAT init ns=0 part=1 arm=31 k=7 scale_pct=25 age_ratio=7
[1579305.705003] NVMeVirt: Fixed CAT init ns=0 part=2 arm=31 k=7 scale_pct=25 age_ratio=7
[1579305.705005] NVMeVirt: Fixed CAT init ns=0 part=3 arm=31 k=7 scale_pct=25 age_ratio=7
[1579305.705007] NVMeVirt: Measurement: command=start epoch=1 host_bytes=0 learner_active=1
[1579305.714166] mix-mixP-arm31-1795954 phase=A START
[1579305.725522] mix-mixP-arm31-1795954 phase=A LOAD
[1579315.978948] mix-mixP-arm31-1795954 phase=A RUN
[1579320.122201] tee (1796260): drop_caches: 3
[1579325.516468] tee (1796264): drop_caches: 3
[1579330.634327] tee (1796268): drop_caches: 3
[1579335.933409] tee (1796274): drop_caches: 3
[1579341.040205] tee (1796279): drop_caches: 3
[1579345.471011] tee (1796291): drop_caches: 3
[1579350.701886] tee (1796295): drop_caches: 3
[1579355.735934] tee (1796299): drop_caches: 3
[1579360.777012] tee (1796303): drop_caches: 3
[1579366.035000] tee (1796307): drop_caches: 3
[1579370.977707] tee (1796311): drop_caches: 3
[1579375.344327] tee (1796323): drop_caches: 3
[1579380.524410] tee (1796334): drop_caches: 3
[1579385.820293] tee (1796340): drop_caches: 3
[1579390.769056] tee (1796344): drop_caches: 3
[1579395.971281] tee (1796348): drop_caches: 3
[1579401.165798] tee (1796352): drop_caches: 3
[1579405.604967] tee (1796362): drop_caches: 3
[1579411.002297] tee (1796375): drop_caches: 3
[1579416.506759] tee (1796384): drop_caches: 3
[1579422.568432] tee (1796390): drop_caches: 3
[1579428.141521] tee (1796396): drop_caches: 3
[1579433.403008] tee (1796400): drop_caches: 3
[1579437.799394] tee (1796412): drop_caches: 3
[1579442.990244] tee (1796423): drop_caches: 3
[1579447.918801] tee (1796427): drop_caches: 3
[1579452.879765] tee (1796431): drop_caches: 3
[1579457.760865] tee (1796435): drop_caches: 3
[1579463.011427] tee (1796440): drop_caches: 3
[1579468.355265] tee (1796451): drop_caches: 3
[1579473.690997] tee (1796464): drop_caches: 3
[1579478.711841] tee (1796468): drop_caches: 3
[1579484.028337] tee (1796472): drop_caches: 3
[1579488.862735] tee (1796488): drop_caches: 3
[1579496.464654] tee (1796534): drop_caches: 3
[1579501.570297] tee (1796557): drop_caches: 3
[1579509.299439] tee (1796597): drop_caches: 3
[1579522.946977] tee (1796694): drop_caches: 3
[1579530.553888] mix-mixP-arm31-1795954 phase=A END
[1579530.811045] mix-mixP-arm31-1795954 phase=B START
[1580435.849305] mix-mixP-arm31-1795954 phase=B END
[1580436.100610] NVMeVirt: Measurement: command=stop epoch=1 host_bytes=105550934016 learner_active=0
[1580436.474517] EXT4-fs (nvme0n1): unmounting filesystem df303751-2db5-4732-ba6f-5a02fc293b6f.
[1580437.071609] pci_bus 0001:10: busn_res: [bus 10-ff] is released
[1580437.071657] NVMeVirt: GC stats: ns=0 policy=cat-fig7-fixed host_pages=25769271 gc_pages=4891537 gc_count=479075 WAF=1.189 warmup_gc=100-per-part
[1580437.145173] NVMeVirt: Virtual NVMe device closed
[1580440.185350] tee (1805650): drop_caches: 3
[1580449.339232] mix-mixP-arm17-1805652 BEGIN
[1580449.736190] NVMeVirt: Version 1.10 for >> Samsung 970 Pro SSD <<
[1580449.736199] NVMeVirt: Storage: 0x100100000-0x300000000 (8191 MiB)
[1580449.747111] NVMeVirt: Total Capacity(GiB,MiB)=2,2048 chs=2 luns=4 lines=8192 blk-size(MiB,KiB)=0,64 line-size(MiB,KiB)=0,256
[1580449.758852] NVMeVirt: [chmodel_init] bandwidth 800 max_credits 26 tx_time 152
[1580449.771684] NVMeVirt: [chmodel_init] bandwidth 800 max_credits 26 tx_time 152
[1580449.771703] NVMeVirt: [chmodel_init] bandwidth 3360 max_credits 110 tx_time 36
[1580449.771706] NVMeVirt: Fixed CAT init ns=0 part=0 arm=17 k=4 scale_pct=25 age_ratio=16
[1580449.773210] NVMeVirt: pqueue: Copyright (c) 2014, Volkan Yazıcı <volkan.yazici@gmail.com>. All rights reserved.
[1580449.773260] NVMeVirt: Init FTL instance with 2 channels (524288 pages)
[1580449.773263] NVMeVirt: GC victim policy: cat-fig7-fixed ns=0 part=0 initial_k=4 initial_scale_pct=25 initial_age_ratio=16 warmup_gc=100
[1580449.784130] NVMeVirt: [chmodel_init] bandwidth 800 max_credits 26 tx_time 152
[1580449.795148] NVMeVirt: [chmodel_init] bandwidth 800 max_credits 26 tx_time 152
[1580449.795161] NVMeVirt: [chmodel_init] bandwidth 3360 max_credits 110 tx_time 36
[1580449.795163] NVMeVirt: Fixed CAT init ns=0 part=1 arm=17 k=4 scale_pct=25 age_ratio=16
[1580449.796443] NVMeVirt: Init FTL instance with 2 channels (524288 pages)
[1580449.796445] NVMeVirt: GC victim policy: cat-fig7-fixed ns=0 part=1 initial_k=4 initial_scale_pct=25 initial_age_ratio=16 warmup_gc=100
[1580449.808987] NVMeVirt: [chmodel_init] bandwidth 800 max_credits 26 tx_time 152
[1580449.819894] NVMeVirt: [chmodel_init] bandwidth 800 max_credits 26 tx_time 152
[1580449.819907] NVMeVirt: [chmodel_init] bandwidth 3360 max_credits 110 tx_time 36
[1580449.819909] NVMeVirt: Fixed CAT init ns=0 part=2 arm=17 k=4 scale_pct=25 age_ratio=16
[1580449.821212] NVMeVirt: Init FTL instance with 2 channels (524288 pages)
[1580449.821214] NVMeVirt: GC victim policy: cat-fig7-fixed ns=0 part=2 initial_k=4 initial_scale_pct=25 initial_age_ratio=16 warmup_gc=100
[1580449.832039] NVMeVirt: [chmodel_init] bandwidth 800 max_credits 26 tx_time 152
[1580449.844190] NVMeVirt: [chmodel_init] bandwidth 800 max_credits 26 tx_time 152
[1580449.844204] NVMeVirt: [chmodel_init] bandwidth 3360 max_credits 110 tx_time 36
[1580449.844206] NVMeVirt: Fixed CAT init ns=0 part=3 arm=17 k=4 scale_pct=25 age_ratio=16
[1580449.845402] NVMeVirt: Init FTL instance with 2 channels (524288 pages)
[1580449.845405] NVMeVirt: GC victim policy: cat-fig7-fixed ns=0 part=3 initial_k=4 initial_scale_pct=25 initial_age_ratio=16 warmup_gc=100
[1580449.845411] NVMeVirt: FTL physical space: 8588886016, logical space: 8026996276 (physical/logical * 100 = 107)
[1580449.845413] NVMeVirt: ns 0/1: size 7655 MiB
[1580449.845464] PCI host bridge to bus 0001:10
[1580449.845466] pci_bus 0001:10: root bus resource [io  0x0000-0xffff]
[1580449.845469] pci_bus 0001:10: root bus resource [mem 0x00000000-0x7fffffffff]
[1580449.845471] pci_bus 0001:10: root bus resource [bus 00-ff]
[1580449.845492] pci 0001:10:00.0: [0c51:0110] type 00 class 0x010802 PCIe Endpoint
[1580449.845496] pci 0001:10:00.0: BAR 0 [mem 0x100000000-0x100003fff 64bit]
[1580449.845499] pci 0001:10:00.0: enabling Extended Tags
[1580449.845649] NVMeVirt: Virtual PCI bus created (node 0)
[1580449.845967] NVMeVirt: nvmev_io_worker_0 started on cpu 2 (node 0)
[1580449.846132] NVMeVirt: nvmev_dispatcher started on cpu 1 (node 0)
[1580449.846160] NVMeVirt: Virtual NVMe device created
[1580449.846301] nvme nvme0: pci function 0001:10:00.0
[1580449.850488] nvme nvme0: 8/0/0 default/read/poll queues
[1580450.440290] EXT4-fs (nvme0n1): mounted filesystem a64f5ba4-ac85-459c-a8d5-b9c0f187af25 r/w with ordered data mode. Quota mode: none.
[1580532.667516] NVMeVirt: Fixed CAT init ns=0 part=0 arm=17 k=4 scale_pct=25 age_ratio=16
[1580532.667522] NVMeVirt: Fixed CAT init ns=0 part=1 arm=17 k=4 scale_pct=25 age_ratio=16
[1580532.667525] NVMeVirt: Fixed CAT init ns=0 part=2 arm=17 k=4 scale_pct=25 age_ratio=16
[1580532.667527] NVMeVirt: Fixed CAT init ns=0 part=3 arm=17 k=4 scale_pct=25 age_ratio=16
[1580532.667530] NVMeVirt: Measurement: command=start epoch=1 host_bytes=0 learner_active=1
[1580532.677813] mix-mixP-arm17-1805652 phase=A START
[1580532.690009] mix-mixP-arm17-1805652 phase=A LOAD
[1580544.467629] mix-mixP-arm17-1805652 phase=A RUN
[1580548.597833] tee (1805979): drop_caches: 3
[1580554.230870] tee (1805983): drop_caches: 3
[1580559.530698] tee (1805989): drop_caches: 3
[1580564.719135] tee (1805993): drop_caches: 3
[1580569.948852] tee (1805998): drop_caches: 3
[1580575.897197] tee (1806010): drop_caches: 3
[1580580.929105] tee (1806021): drop_caches: 3
[1580585.884961] tee (1806027): drop_caches: 3
[1580591.063859] tee (1806031): drop_caches: 3
[1580596.133740] tee (1806035): drop_caches: 3
[1580601.456540] tee (1806044): drop_caches: 3
[1580606.889925] tee (1806058): drop_caches: 3
[1580612.216972] tee (1806062): drop_caches: 3
[1580617.379492] tee (1806066): drop_caches: 3
[1580622.444229] tee (1806072): drop_caches: 3
[1580627.580396] tee (1806076): drop_caches: 3
[1580632.977954] tee (1806087): drop_caches: 3
[1580638.324996] tee (1806093): drop_caches: 3
[1580643.653134] tee (1806097): drop_caches: 3
[1580648.988591] tee (1806101): drop_caches: 3
[1580654.383118] tee (1806105): drop_caches: 3
[1580659.755325] tee (1806110): drop_caches: 3
[1580664.208002] tee (1806121): drop_caches: 3
[1580669.558471] tee (1806127): drop_caches: 3
[1580675.100697] tee (1806131): drop_caches: 3
[1580680.370351] tee (1806135): drop_caches: 3
[1580685.822056] tee (1806139): drop_caches: 3
[1580690.826347] tee (1806178): drop_caches: 3
[1580695.877878] tee (1806227): drop_caches: 3
[1580701.530931] tee (1806231): drop_caches: 3
[1580706.683888] tee (1806237): drop_caches: 3
[1580712.126061] tee (1806241): drop_caches: 3
[1580717.430520] tee (1806245): drop_caches: 3
[1580722.715218] tee (1806249): drop_caches: 3
[1580727.158160] tee (1806268): drop_caches: 3
[1580732.139211] tee (1806272): drop_caches: 3
[1580737.307257] tee (1806276): drop_caches: 3
[1580742.579761] tee (1806282): drop_caches: 3
[1580747.858805] tee (1806286): drop_caches: 3
[1580753.301297] tee (1806290): drop_caches: 3
[1580758.018962] tee (1806312): drop_caches: 3
[1580759.680625] mix-mixP-arm17-1805652 phase=A END
[1580759.958855] mix-mixP-arm17-1805652 phase=B START
[1581666.213309] mix-mixP-arm17-1805652 phase=B END
[1581666.606078] NVMeVirt: Measurement: command=stop epoch=1 host_bytes=108902117376 learner_active=0
[1581666.982274] EXT4-fs (nvme0n1): unmounting filesystem a64f5ba4-ac85-459c-a8d5-b9c0f187af25.
[1581667.866340] pci_bus 0001:10: busn_res: [bus 10-ff] is released
[1581667.866386] NVMeVirt: GC stats: ns=0 policy=cat-fig7-fixed host_pages=26587431 gc_pages=3264508 gc_count=466438 WAF=1.122 warmup_gc=100-per-part
[1581667.940525] NVMeVirt: Virtual NVMe device closed
[1581670.359792] tee (1829685): drop_caches: 3
[1581681.444360] mix-mixP-fixed37-1829694 BEGIN
[1581681.923136] NVMeVirt: Version 1.10 for >> Samsung 970 Pro SSD <<
[1581681.923144] NVMeVirt: Storage: 0x100100000-0x300000000 (8191 MiB)
[1581681.934033] NVMeVirt: Total Capacity(GiB,MiB)=2,2048 chs=2 luns=4 lines=8192 blk-size(MiB,KiB)=0,64 line-size(MiB,KiB)=0,256
[1581681.946031] NVMeVirt: [chmodel_init] bandwidth 800 max_credits 26 tx_time 152
[1581681.957344] NVMeVirt: [chmodel_init] bandwidth 800 max_credits 26 tx_time 152
[1581681.957365] NVMeVirt: [chmodel_init] bandwidth 3360 max_credits 110 tx_time 36
[1581681.957368] NVMeVirt: Fixed CAT init ns=0 part=0 arm=37 k=7 scale_pct=100 age_ratio=7
[1581681.959122] NVMeVirt: pqueue: Copyright (c) 2014, Volkan Yazıcı <volkan.yazici@gmail.com>. All rights reserved.
[1581681.959177] NVMeVirt: Init FTL instance with 2 channels (524288 pages)
[1581681.959180] NVMeVirt: GC victim policy: cat-fig7-fixed ns=0 part=0 initial_k=7 initial_scale_pct=100 initial_age_ratio=7 warmup_gc=100
[1581681.970388] NVMeVirt: [chmodel_init] bandwidth 800 max_credits 26 tx_time 152
[1581681.981840] NVMeVirt: [chmodel_init] bandwidth 800 max_credits 26 tx_time 152
[1581681.981855] NVMeVirt: [chmodel_init] bandwidth 3360 max_credits 110 tx_time 36
[1581681.981857] NVMeVirt: Fixed CAT init ns=0 part=1 arm=37 k=7 scale_pct=100 age_ratio=7
[1581681.983161] NVMeVirt: Init FTL instance with 2 channels (524288 pages)
[1581681.983164] NVMeVirt: GC victim policy: cat-fig7-fixed ns=0 part=1 initial_k=7 initial_scale_pct=100 initial_age_ratio=7 warmup_gc=100
[1581681.994505] NVMeVirt: [chmodel_init] bandwidth 800 max_credits 26 tx_time 152
[1581682.005492] NVMeVirt: [chmodel_init] bandwidth 800 max_credits 26 tx_time 152
[1581682.005506] NVMeVirt: [chmodel_init] bandwidth 3360 max_credits 110 tx_time 36
[1581682.005509] NVMeVirt: Fixed CAT init ns=0 part=2 arm=37 k=7 scale_pct=100 age_ratio=7
[1581682.006729] NVMeVirt: Init FTL instance with 2 channels (524288 pages)
[1581682.006732] NVMeVirt: GC victim policy: cat-fig7-fixed ns=0 part=2 initial_k=7 initial_scale_pct=100 initial_age_ratio=7 warmup_gc=100
[1581682.017550] NVMeVirt: [chmodel_init] bandwidth 800 max_credits 26 tx_time 152
[1581682.028821] NVMeVirt: [chmodel_init] bandwidth 800 max_credits 26 tx_time 152
[1581682.028842] NVMeVirt: [chmodel_init] bandwidth 3360 max_credits 110 tx_time 36
[1581682.028845] NVMeVirt: Fixed CAT init ns=0 part=3 arm=37 k=7 scale_pct=100 age_ratio=7
[1581682.030380] NVMeVirt: Init FTL instance with 2 channels (524288 pages)
[1581682.030384] NVMeVirt: GC victim policy: cat-fig7-fixed ns=0 part=3 initial_k=7 initial_scale_pct=100 initial_age_ratio=7 warmup_gc=100
[1581682.030391] NVMeVirt: FTL physical space: 8588886016, logical space: 8026996276 (physical/logical * 100 = 107)
[1581682.030403] NVMeVirt: ns 0/1: size 7655 MiB
[1581682.030507] PCI host bridge to bus 0001:10
[1581682.030524] pci_bus 0001:10: root bus resource [io  0x0000-0xffff]
[1581682.030527] pci_bus 0001:10: root bus resource [mem 0x00000000-0x7fffffffff]
[1581682.030529] pci_bus 0001:10: root bus resource [bus 00-ff]
[1581682.030539] pci 0001:10:00.0: [0c51:0110] type 00 class 0x010802 PCIe Endpoint
[1581682.030544] pci 0001:10:00.0: BAR 0 [mem 0x100000000-0x100003fff 64bit]
[1581682.030547] pci 0001:10:00.0: enabling Extended Tags
[1581682.030707] NVMeVirt: Virtual PCI bus created (node 0)
[1581682.030978] NVMeVirt: nvmev_io_worker_0 started on cpu 2 (node 0)
[1581682.031010] NVMeVirt: nvmev_dispatcher started on cpu 1 (node 0)
[1581682.031064] NVMeVirt: Virtual NVMe device created
[1581682.031198] nvme nvme0: pci function 0001:10:00.0
[1581682.033305] nvme nvme0: 8/0/0 default/read/poll queues
[1581683.061359] EXT4-fs (nvme0n1): mounted filesystem ac2f832c-86f7-46b1-b9b9-c1de43ce84bf r/w with ordered data mode. Quota mode: none.
[1581765.883094] NVMeVirt: Fixed CAT init ns=0 part=0 arm=37 k=7 scale_pct=100 age_ratio=7
[1581765.883101] NVMeVirt: Fixed CAT init ns=0 part=1 arm=37 k=7 scale_pct=100 age_ratio=7
[1581765.883104] NVMeVirt: Fixed CAT init ns=0 part=2 arm=37 k=7 scale_pct=100 age_ratio=7
[1581765.883107] NVMeVirt: Fixed CAT init ns=0 part=3 arm=37 k=7 scale_pct=100 age_ratio=7
[1581765.883109] NVMeVirt: Measurement: command=start epoch=1 host_bytes=0 learner_active=1
[1581765.892992] mix-mixP-fixed37-1829694 phase=A START
[1581765.903933] mix-mixP-fixed37-1829694 phase=A LOAD
[1581766.106212] NVMeVirt: Measurement: command=stop epoch=1 host_bytes=167936 learner_active=0
[1581766.204026] EXT4-fs (nvme0n1): unmounting filesystem ac2f832c-86f7-46b1-b9b9-c1de43ce84bf.
[1581766.267731] pci_bus 0001:10: busn_res: [bus 10-ff] is released
[1581766.267794] NVMeVirt: GC stats: ns=0 policy=cat-fig7-fixed host_pages=41 gc_pages=34 gc_count=1 WAF=1.829 warmup_gc=100-per-part
[1581766.349409] NVMeVirt: Virtual NVMe device closed
[1581903.335851] tee (1830257): drop_caches: 3
[1581910.749091] mix-t4-arm31-1830285 BEGIN
[1581910.969444] NVMeVirt: Version 1.10 for >> Samsung 970 Pro SSD <<
[1581910.969450] NVMeVirt: Storage: 0x100100000-0x300000000 (8191 MiB)
[1581910.979976] NVMeVirt: Total Capacity(GiB,MiB)=2,2048 chs=2 luns=4 lines=8192 blk-size(MiB,KiB)=0,64 line-size(MiB,KiB)=0,256
[1581910.992226] NVMeVirt: [chmodel_init] bandwidth 800 max_credits 26 tx_time 152
[1581911.003337] NVMeVirt: [chmodel_init] bandwidth 800 max_credits 26 tx_time 152
[1581911.003350] NVMeVirt: [chmodel_init] bandwidth 3360 max_credits 110 tx_time 36
[1581911.003353] NVMeVirt: Fixed CAT init ns=0 part=0 arm=31 k=7 scale_pct=25 age_ratio=7
[1581911.004533] NVMeVirt: pqueue: Copyright (c) 2014, Volkan Yazıcı <volkan.yazici@gmail.com>. All rights reserved.
[1581911.004575] NVMeVirt: Init FTL instance with 2 channels (524288 pages)
[1581911.004577] NVMeVirt: GC victim policy: cat-fig7-fixed ns=0 part=0 initial_k=7 initial_scale_pct=25 initial_age_ratio=7 warmup_gc=100
[1581911.015098] NVMeVirt: [chmodel_init] bandwidth 800 max_credits 26 tx_time 152
[1581911.026101] NVMeVirt: [chmodel_init] bandwidth 800 max_credits 26 tx_time 152
[1581911.026115] NVMeVirt: [chmodel_init] bandwidth 3360 max_credits 110 tx_time 36
[1581911.026117] NVMeVirt: Fixed CAT init ns=0 part=1 arm=31 k=7 scale_pct=25 age_ratio=7
[1581911.027474] NVMeVirt: Init FTL instance with 2 channels (524288 pages)
[1581911.027477] NVMeVirt: GC victim policy: cat-fig7-fixed ns=0 part=1 initial_k=7 initial_scale_pct=25 initial_age_ratio=7 warmup_gc=100
[1581911.038933] NVMeVirt: [chmodel_init] bandwidth 800 max_credits 26 tx_time 152
[1581911.049700] NVMeVirt: [chmodel_init] bandwidth 800 max_credits 26 tx_time 152
[1581911.049713] NVMeVirt: [chmodel_init] bandwidth 3360 max_credits 110 tx_time 36
[1581911.049715] NVMeVirt: Fixed CAT init ns=0 part=2 arm=31 k=7 scale_pct=25 age_ratio=7
[1581911.050970] NVMeVirt: Init FTL instance with 2 channels (524288 pages)
[1581911.050973] NVMeVirt: GC victim policy: cat-fig7-fixed ns=0 part=2 initial_k=7 initial_scale_pct=25 initial_age_ratio=7 warmup_gc=100
[1581911.061598] NVMeVirt: [chmodel_init] bandwidth 800 max_credits 26 tx_time 152
[1581911.072933] NVMeVirt: [chmodel_init] bandwidth 800 max_credits 26 tx_time 152
[1581911.072946] NVMeVirt: [chmodel_init] bandwidth 3360 max_credits 110 tx_time 36
[1581911.072949] NVMeVirt: Fixed CAT init ns=0 part=3 arm=31 k=7 scale_pct=25 age_ratio=7
[1581911.074282] NVMeVirt: Init FTL instance with 2 channels (524288 pages)
[1581911.074302] NVMeVirt: GC victim policy: cat-fig7-fixed ns=0 part=3 initial_k=7 initial_scale_pct=25 initial_age_ratio=7 warmup_gc=100
[1581911.074308] NVMeVirt: FTL physical space: 8588886016, logical space: 8026996276 (physical/logical * 100 = 107)
[1581911.074310] NVMeVirt: ns 0/1: size 7655 MiB
[1581911.074362] PCI host bridge to bus 0001:10
[1581911.074364] pci_bus 0001:10: root bus resource [io  0x0000-0xffff]
[1581911.074367] pci_bus 0001:10: root bus resource [mem 0x00000000-0x7fffffffff]
[1581911.074369] pci_bus 0001:10: root bus resource [bus 00-ff]
[1581911.074375] pci 0001:10:00.0: [0c51:0110] type 00 class 0x010802 PCIe Endpoint
[1581911.074398] pci 0001:10:00.0: BAR 0 [mem 0x100000000-0x100003fff 64bit]
[1581911.074401] pci 0001:10:00.0: enabling Extended Tags
[1581911.074532] NVMeVirt: Virtual PCI bus created (node 0)
[1581911.074895] NVMeVirt: nvmev_io_worker_0 started on cpu 2 (node 0)
[1581911.075057] NVMeVirt: nvmev_dispatcher started on cpu 1 (node 0)
[1581911.075061] NVMeVirt: Virtual NVMe device created
[1581911.075315] nvme nvme0: pci function 0001:10:00.0
[1581911.079481] nvme nvme0: 8/0/0 default/read/poll queues
[1581911.490599] EXT4-fs (nvme0n1): mounted filesystem ec1df792-de3c-476a-be8b-c0cdef5f2245 r/w with ordered data mode. Quota mode: none.
[1581993.785882] NVMeVirt: Fixed CAT init ns=0 part=0 arm=31 k=7 scale_pct=25 age_ratio=7
[1581993.785889] NVMeVirt: Fixed CAT init ns=0 part=1 arm=31 k=7 scale_pct=25 age_ratio=7
[1581993.785891] NVMeVirt: Fixed CAT init ns=0 part=2 arm=31 k=7 scale_pct=25 age_ratio=7
[1581993.785894] NVMeVirt: Fixed CAT init ns=0 part=3 arm=31 k=7 scale_pct=25 age_ratio=7
[1581993.785896] NVMeVirt: Measurement: command=start epoch=1 host_bytes=0 learner_active=1
[1581993.794913] mix-t4-arm31-1830285 phase=A START
[1582594.112124] mix-t4-arm31-1830285 phase=A END
[1582594.146040] NVMeVirt: Measurement: command=stop epoch=1 host_bytes=98306707456 learner_active=0
[1582594.255847] EXT4-fs (nvme0n1): unmounting filesystem ec1df792-de3c-476a-be8b-c0cdef5f2245.
[1582594.317282] pci_bus 0001:10: busn_res: [bus 10-ff] is released
[1582594.317370] NVMeVirt: GC stats: ns=0 policy=cat-fig7-fixed host_pages=24000661 gc_pages=19116795 gc_count=673710 WAF=1.796 warmup_gc=100-per-part
[1582594.396637] NVMeVirt: Virtual NVMe device closed
[1582594.645666] tee (1831013): drop_caches: 3
[1582599.871260] mix-t4-arm46-1831015 BEGIN
[1582600.391935] NVMeVirt: Version 1.10 for >> Samsung 970 Pro SSD <<
[1582600.391943] NVMeVirt: Storage: 0x100100000-0x300000000 (8191 MiB)
[1582600.402499] NVMeVirt: Total Capacity(GiB,MiB)=2,2048 chs=2 luns=4 lines=8192 blk-size(MiB,KiB)=0,64 line-size(MiB,KiB)=0,256
[1582600.413811] NVMeVirt: [chmodel_init] bandwidth 800 max_credits 26 tx_time 152
[1582600.425514] NVMeVirt: [chmodel_init] bandwidth 800 max_credits 26 tx_time 152
[1582600.425527] NVMeVirt: [chmodel_init] bandwidth 3360 max_credits 110 tx_time 36
[1582600.425530] NVMeVirt: Fixed CAT init ns=0 part=0 arm=46 k=10 scale_pct=25 age_ratio=7
[1582600.426436] NVMeVirt: pqueue: Copyright (c) 2014, Volkan Yazıcı <volkan.yazici@gmail.com>. All rights reserved.
[1582600.426472] NVMeVirt: Init FTL instance with 2 channels (524288 pages)
[1582600.426474] NVMeVirt: GC victim policy: cat-fig7-fixed ns=0 part=0 initial_k=10 initial_scale_pct=25 initial_age_ratio=7 warmup_gc=100
[1582600.436950] NVMeVirt: [chmodel_init] bandwidth 800 max_credits 26 tx_time 152
[1582600.447284] NVMeVirt: [chmodel_init] bandwidth 800 max_credits 26 tx_time 152
[1582600.447298] NVMeVirt: [chmodel_init] bandwidth 3360 max_credits 110 tx_time 36
[1582600.447300] NVMeVirt: Fixed CAT init ns=0 part=1 arm=46 k=10 scale_pct=25 age_ratio=7
[1582600.448179] NVMeVirt: Init FTL instance with 2 channels (524288 pages)
[1582600.448182] NVMeVirt: GC victim policy: cat-fig7-fixed ns=0 part=1 initial_k=10 initial_scale_pct=25 initial_age_ratio=7 warmup_gc=100
[1582600.459263] NVMeVirt: [chmodel_init] bandwidth 800 max_credits 26 tx_time 152
[1582600.469997] NVMeVirt: [chmodel_init] bandwidth 800 max_credits 26 tx_time 152
[1582600.470011] NVMeVirt: [chmodel_init] bandwidth 3360 max_credits 110 tx_time 36
[1582600.470012] NVMeVirt: Fixed CAT init ns=0 part=2 arm=46 k=10 scale_pct=25 age_ratio=7
[1582600.470954] NVMeVirt: Init FTL instance with 2 channels (524288 pages)
[1582600.470957] NVMeVirt: GC victim policy: cat-fig7-fixed ns=0 part=2 initial_k=10 initial_scale_pct=25 initial_age_ratio=7 warmup_gc=100
[1582600.482055] NVMeVirt: [chmodel_init] bandwidth 800 max_credits 26 tx_time 152
[1582600.493146] NVMeVirt: [chmodel_init] bandwidth 800 max_credits 26 tx_time 152
[1582600.493160] NVMeVirt: [chmodel_init] bandwidth 3360 max_credits 110 tx_time 36
[1582600.493163] NVMeVirt: Fixed CAT init ns=0 part=3 arm=46 k=10 scale_pct=25 age_ratio=7
[1582600.494089] NVMeVirt: Init FTL instance with 2 channels (524288 pages)
[1582600.494092] NVMeVirt: GC victim policy: cat-fig7-fixed ns=0 part=3 initial_k=10 initial_scale_pct=25 initial_age_ratio=7 warmup_gc=100
[1582600.494099] NVMeVirt: FTL physical space: 8588886016, logical space: 8026996276 (physical/logical * 100 = 107)
[1582600.494101] NVMeVirt: ns 0/1: size 7655 MiB
[1582600.494154] PCI host bridge to bus 0001:10
[1582600.494156] pci_bus 0001:10: root bus resource [io  0x0000-0xffff]
[1582600.494159] pci_bus 0001:10: root bus resource [mem 0x00000000-0x7fffffffff]
[1582600.494161] pci_bus 0001:10: root bus resource [bus 00-ff]
[1582600.494168] pci 0001:10:00.0: [0c51:0110] type 00 class 0x010802 PCIe Endpoint
[1582600.494172] pci 0001:10:00.0: BAR 0 [mem 0x100000000-0x100003fff 64bit]
[1582600.494175] pci 0001:10:00.0: enabling Extended Tags
[1582600.494338] NVMeVirt: Virtual PCI bus created (node 0)
[1582600.494675] NVMeVirt: nvmev_io_worker_0 started on cpu 2 (node 0)
[1582600.494773] NVMeVirt: Virtual NVMe device created
[1582600.494801] NVMeVirt: nvmev_dispatcher started on cpu 1 (node 0)
[1582600.494971] nvme nvme0: pci function 0001:10:00.0
[1582600.496974] nvme nvme0: 8/0/0 default/read/poll queues
[1582601.080177] EXT4-fs (nvme0n1): mounted filesystem bf3591cc-6264-4d07-acb8-1b0d3fc0518e r/w with ordered data mode. Quota mode: none.
[1582683.426185] NVMeVirt: Fixed CAT init ns=0 part=0 arm=46 k=10 scale_pct=25 age_ratio=7
[1582683.426193] NVMeVirt: Fixed CAT init ns=0 part=1 arm=46 k=10 scale_pct=25 age_ratio=7
[1582683.426195] NVMeVirt: Fixed CAT init ns=0 part=2 arm=46 k=10 scale_pct=25 age_ratio=7
[1582683.426198] NVMeVirt: Fixed CAT init ns=0 part=3 arm=46 k=10 scale_pct=25 age_ratio=7
[1582683.426200] NVMeVirt: Measurement: command=start epoch=1 host_bytes=0 learner_active=1
[1582683.435254] mix-t4-arm46-1831015 phase=A START
[1583283.755033] mix-t4-arm46-1831015 phase=A END
[1583283.784964] NVMeVirt: Measurement: command=stop epoch=1 host_bytes=98310901760 learner_active=0
[1583283.887383] EXT4-fs (nvme0n1): unmounting filesystem bf3591cc-6264-4d07-acb8-1b0d3fc0518e.
[1583283.938085] pci_bus 0001:10: busn_res: [bus 10-ff] is released
[1583283.938249] NVMeVirt: GC stats: ns=0 policy=cat-fig7-fixed host_pages=24001685 gc_pages=18833396 gc_count=669298 WAF=1.784 warmup_gc=100-per-part
[1583284.015124] NVMeVirt: Virtual NVMe device closed
[1583284.359976] tee (1831879): drop_caches: 3
[1583289.485379] mix-t4-arm32-1831881 BEGIN
[1583289.622215] NVMeVirt: Version 1.10 for >> Samsung 970 Pro SSD <<
[1583289.622221] NVMeVirt: Storage: 0x100100000-0x300000000 (8191 MiB)
[1583289.633643] NVMeVirt: Total Capacity(GiB,MiB)=2,2048 chs=2 luns=4 lines=8192 blk-size(MiB,KiB)=0,64 line-size(MiB,KiB)=0,256
[1583289.645470] NVMeVirt: [chmodel_init] bandwidth 800 max_credits 26 tx_time 152
[1583289.656864] NVMeVirt: [chmodel_init] bandwidth 800 max_credits 26 tx_time 152
[1583289.656878] NVMeVirt: [chmodel_init] bandwidth 3360 max_credits 110 tx_time 36
[1583289.656881] NVMeVirt: Fixed CAT init ns=0 part=0 arm=32 k=7 scale_pct=25 age_ratio=16
[1583289.658207] NVMeVirt: pqueue: Copyright (c) 2014, Volkan Yazıcı <volkan.yazici@gmail.com>. All rights reserved.
[1583289.658243] NVMeVirt: Init FTL instance with 2 channels (524288 pages)
[1583289.658245] NVMeVirt: GC victim policy: cat-fig7-fixed ns=0 part=0 initial_k=7 initial_scale_pct=25 initial_age_ratio=16 warmup_gc=100
[1583289.669418] NVMeVirt: [chmodel_init] bandwidth 800 max_credits 26 tx_time 152
[1583289.680552] NVMeVirt: [chmodel_init] bandwidth 800 max_credits 26 tx_time 152
[1583289.680566] NVMeVirt: [chmodel_init] bandwidth 3360 max_credits 110 tx_time 36
[1583289.680568] NVMeVirt: Fixed CAT init ns=0 part=1 arm=32 k=7 scale_pct=25 age_ratio=16
[1583289.681827] NVMeVirt: Init FTL instance with 2 channels (524288 pages)
[1583289.681830] NVMeVirt: GC victim policy: cat-fig7-fixed ns=0 part=1 initial_k=7 initial_scale_pct=25 initial_age_ratio=16 warmup_gc=100
[1583289.692440] NVMeVirt: [chmodel_init] bandwidth 800 max_credits 26 tx_time 152
[1583289.703857] NVMeVirt: [chmodel_init] bandwidth 800 max_credits 26 tx_time 152
[1583289.703873] NVMeVirt: [chmodel_init] bandwidth 3360 max_credits 110 tx_time 36
[1583289.703876] NVMeVirt: Fixed CAT init ns=0 part=2 arm=32 k=7 scale_pct=25 age_ratio=16
[1583289.705177] NVMeVirt: Init FTL instance with 2 channels (524288 pages)
[1583289.705182] NVMeVirt: GC victim policy: cat-fig7-fixed ns=0 part=2 initial_k=7 initial_scale_pct=25 initial_age_ratio=16 warmup_gc=100
[1583289.716173] NVMeVirt: [chmodel_init] bandwidth 800 max_credits 26 tx_time 152
[1583289.727138] NVMeVirt: [chmodel_init] bandwidth 800 max_credits 26 tx_time 152
[1583289.727152] NVMeVirt: [chmodel_init] bandwidth 3360 max_credits 110 tx_time 36
[1583289.727155] NVMeVirt: Fixed CAT init ns=0 part=3 arm=32 k=7 scale_pct=25 age_ratio=16
[1583289.728773] NVMeVirt: Init FTL instance with 2 channels (524288 pages)
[1583289.728777] NVMeVirt: GC victim policy: cat-fig7-fixed ns=0 part=3 initial_k=7 initial_scale_pct=25 initial_age_ratio=16 warmup_gc=100
[1583289.728786] NVMeVirt: FTL physical space: 8588886016, logical space: 8026996276 (physical/logical * 100 = 107)
[1583289.728788] NVMeVirt: ns 0/1: size 7655 MiB
[1583289.728857] PCI host bridge to bus 0001:10
[1583289.728860] pci_bus 0001:10: root bus resource [io  0x0000-0xffff]
[1583289.728863] pci_bus 0001:10: root bus resource [mem 0x00000000-0x7fffffffff]
[1583289.728865] pci_bus 0001:10: root bus resource [bus 00-ff]
[1583289.728874] pci 0001:10:00.0: [0c51:0110] type 00 class 0x010802 PCIe Endpoint
[1583289.728878] pci 0001:10:00.0: BAR 0 [mem 0x100000000-0x100003fff 64bit]
[1583289.728881] pci 0001:10:00.0: enabling Extended Tags
[1583289.729076] NVMeVirt: Virtual PCI bus created (node 0)
[1583289.729446] NVMeVirt: nvmev_io_worker_0 started on cpu 2 (node 0)
[1583289.729605] NVMeVirt: Virtual NVMe device created
[1583289.729829] nvme nvme0: pci function 0001:10:00.0
[1583289.730915] NVMeVirt: nvmev_dispatcher started on cpu 1 (node 0)
[1583289.731787] nvme nvme0: 8/0/0 default/read/poll queues
[1583290.474824] EXT4-fs (nvme0n1): mounted filesystem 52fff900-1d81-4a5a-a85e-d5da28d7d828 r/w with ordered data mode. Quota mode: none.
[1583372.897190] NVMeVirt: Fixed CAT init ns=0 part=0 arm=32 k=7 scale_pct=25 age_ratio=16
[1583372.897199] NVMeVirt: Fixed CAT init ns=0 part=1 arm=32 k=7 scale_pct=25 age_ratio=16
[1583372.897202] NVMeVirt: Fixed CAT init ns=0 part=2 arm=32 k=7 scale_pct=25 age_ratio=16
[1583372.897204] NVMeVirt: Fixed CAT init ns=0 part=3 arm=32 k=7 scale_pct=25 age_ratio=16
[1583372.897207] NVMeVirt: Measurement: command=start epoch=1 host_bytes=0 learner_active=1
[1583372.908689] mix-t4-arm32-1831881 phase=A START
[1583973.224575] mix-t4-arm32-1831881 phase=A END
[1583973.265589] NVMeVirt: Measurement: command=stop epoch=1 host_bytes=98306695168 learner_active=0
[1583973.391120] EXT4-fs (nvme0n1): unmounting filesystem 52fff900-1d81-4a5a-a85e-d5da28d7d828.
[1583973.461394] pci_bus 0001:10: busn_res: [bus 10-ff] is released
[1583973.461474] NVMeVirt: GC stats: ns=0 policy=cat-fig7-fixed host_pages=24000658 gc_pages=19092515 gc_count=673330 WAF=1.795 warmup_gc=100-per-part
[1583973.558429] NVMeVirt: Virtual NVMe device closed
[1583973.836813] tee (1832540): drop_caches: 3
[1583979.040960] mix-t4-arm34-1832542 BEGIN
[1583979.286355] NVMeVirt: Version 1.10 for >> Samsung 970 Pro SSD <<
[1583979.286361] NVMeVirt: Storage: 0x100100000-0x300000000 (8191 MiB)
[1583979.297012] NVMeVirt: Total Capacity(GiB,MiB)=2,2048 chs=2 luns=4 lines=8192 blk-size(MiB,KiB)=0,64 line-size(MiB,KiB)=0,256
[1583979.310380] NVMeVirt: [chmodel_init] bandwidth 800 max_credits 26 tx_time 152
[1583979.321662] NVMeVirt: [chmodel_init] bandwidth 800 max_credits 26 tx_time 152
[1583979.321676] NVMeVirt: [chmodel_init] bandwidth 3360 max_credits 110 tx_time 36
[1583979.321678] NVMeVirt: Fixed CAT init ns=0 part=0 arm=34 k=7 scale_pct=50 age_ratio=7
[1583979.323020] NVMeVirt: pqueue: Copyright (c) 2014, Volkan Yazıcı <volkan.yazici@gmail.com>. All rights reserved.
[1583979.323058] NVMeVirt: Init FTL instance with 2 channels (524288 pages)
[1583979.323060] NVMeVirt: GC victim policy: cat-fig7-fixed ns=0 part=0 initial_k=7 initial_scale_pct=50 initial_age_ratio=7 warmup_gc=100
[1583979.334072] NVMeVirt: [chmodel_init] bandwidth 800 max_credits 26 tx_time 152
[1583979.346112] NVMeVirt: [chmodel_init] bandwidth 800 max_credits 26 tx_time 152
[1583979.346126] NVMeVirt: [chmodel_init] bandwidth 3360 max_credits 110 tx_time 36
[1583979.346128] NVMeVirt: Fixed CAT init ns=0 part=1 arm=34 k=7 scale_pct=50 age_ratio=7
[1583979.347402] NVMeVirt: Init FTL instance with 2 channels (524288 pages)
[1583979.347404] NVMeVirt: GC victim policy: cat-fig7-fixed ns=0 part=1 initial_k=7 initial_scale_pct=50 initial_age_ratio=7 warmup_gc=100
[1583979.357842] NVMeVirt: [chmodel_init] bandwidth 800 max_credits 26 tx_time 152
[1583979.368923] NVMeVirt: [chmodel_init] bandwidth 800 max_credits 26 tx_time 152
[1583979.368951] NVMeVirt: [chmodel_init] bandwidth 3360 max_credits 110 tx_time 36
[1583979.368954] NVMeVirt: Fixed CAT init ns=0 part=2 arm=34 k=7 scale_pct=50 age_ratio=7
[1583979.371175] NVMeVirt: Init FTL instance with 2 channels (524288 pages)
[1583979.371181] NVMeVirt: GC victim policy: cat-fig7-fixed ns=0 part=2 initial_k=7 initial_scale_pct=50 initial_age_ratio=7 warmup_gc=100
[1583979.383033] NVMeVirt: [chmodel_init] bandwidth 800 max_credits 26 tx_time 152
[1583979.393953] NVMeVirt: [chmodel_init] bandwidth 800 max_credits 26 tx_time 152
[1583979.393968] NVMeVirt: [chmodel_init] bandwidth 3360 max_credits 110 tx_time 36
[1583979.393970] NVMeVirt: Fixed CAT init ns=0 part=3 arm=34 k=7 scale_pct=50 age_ratio=7
[1583979.395196] NVMeVirt: Init FTL instance with 2 channels (524288 pages)
[1583979.395200] NVMeVirt: GC victim policy: cat-fig7-fixed ns=0 part=3 initial_k=7 initial_scale_pct=50 initial_age_ratio=7 warmup_gc=100
[1583979.395206] NVMeVirt: FTL physical space: 8588886016, logical space: 8026996276 (physical/logical * 100 = 107)
[1583979.395208] NVMeVirt: ns 0/1: size 7655 MiB
[1583979.395265] PCI host bridge to bus 0001:10
[1583979.395268] pci_bus 0001:10: root bus resource [io  0x0000-0xffff]
[1583979.395272] pci_bus 0001:10: root bus resource [mem 0x00000000-0x7fffffffff]
[1583979.395274] pci_bus 0001:10: root bus resource [bus 00-ff]
[1583979.395283] pci 0001:10:00.0: [0c51:0110] type 00 class 0x010802 PCIe Endpoint
[1583979.395289] pci 0001:10:00.0: BAR 0 [mem 0x100000000-0x100003fff 64bit]
[1583979.395292] pci 0001:10:00.0: enabling Extended Tags
[1583979.395444] NVMeVirt: Virtual PCI bus created (node 0)
[1583979.395722] NVMeVirt: nvmev_io_worker_0 started on cpu 2 (node 0)
[1583979.395894] NVMeVirt: nvmev_dispatcher started on cpu 1 (node 0)
[1583979.395903] NVMeVirt: Virtual NVMe device created
[1583979.396059] nvme nvme0: pci function 0001:10:00.0
[1583979.400145] nvme nvme0: 8/0/0 default/read/poll queues
[1583979.799248] EXT4-fs (nvme0n1): mounted filesystem 2467cc35-9952-4bfc-a0c9-fd401ec57132 r/w with ordered data mode. Quota mode: none.
[1584062.161154] NVMeVirt: Fixed CAT init ns=0 part=0 arm=34 k=7 scale_pct=50 age_ratio=7
[1584062.161161] NVMeVirt: Fixed CAT init ns=0 part=1 arm=34 k=7 scale_pct=50 age_ratio=7
[1584062.161164] NVMeVirt: Fixed CAT init ns=0 part=2 arm=34 k=7 scale_pct=50 age_ratio=7
[1584062.161166] NVMeVirt: Fixed CAT init ns=0 part=3 arm=34 k=7 scale_pct=50 age_ratio=7
[1584062.161168] NVMeVirt: Measurement: command=start epoch=1 host_bytes=0 learner_active=1
[1584062.172442] mix-t4-arm34-1832542 phase=A START
[1584662.493184] mix-t4-arm34-1832542 phase=A END
[1584662.597620] NVMeVirt: Measurement: command=stop epoch=1 host_bytes=98306695168 learner_active=0
[1584662.736816] EXT4-fs (nvme0n1): unmounting filesystem 2467cc35-9952-4bfc-a0c9-fd401ec57132.
[1584662.792612] pci_bus 0001:10: busn_res: [bus 10-ff] is released
[1584662.792828] NVMeVirt: GC stats: ns=0 policy=cat-fig7-fixed host_pages=24000658 gc_pages=20476013 gc_count=694948 WAF=1.853 warmup_gc=100-per-part
[1584662.870513] NVMeVirt: Virtual NVMe device closed
[1584663.150196] tee (1833217): drop_caches: 3
[1584668.346524] mix-t4-arm16-1833219 BEGIN
[1584668.558737] NVMeVirt: Version 1.10 for >> Samsung 970 Pro SSD <<
[1584668.558744] NVMeVirt: Storage: 0x100100000-0x300000000 (8191 MiB)
[1584668.569675] NVMeVirt: Total Capacity(GiB,MiB)=2,2048 chs=2 luns=4 lines=8192 blk-size(MiB,KiB)=0,64 line-size(MiB,KiB)=0,256
[1584668.582074] NVMeVirt: [chmodel_init] bandwidth 800 max_credits 26 tx_time 152
[1584668.594248] NVMeVirt: [chmodel_init] bandwidth 800 max_credits 26 tx_time 152
[1584668.594263] NVMeVirt: [chmodel_init] bandwidth 3360 max_credits 110 tx_time 36
[1584668.594265] NVMeVirt: Fixed CAT init ns=0 part=0 arm=16 k=4 scale_pct=25 age_ratio=7
[1584668.595435] NVMeVirt: pqueue: Copyright (c) 2014, Volkan Yazıcı <volkan.yazici@gmail.com>. All rights reserved.
[1584668.595487] NVMeVirt: Init FTL instance with 2 channels (524288 pages)
[1584668.595489] NVMeVirt: GC victim policy: cat-fig7-fixed ns=0 part=0 initial_k=4 initial_scale_pct=25 initial_age_ratio=7 warmup_gc=100
[1584668.606404] NVMeVirt: [chmodel_init] bandwidth 800 max_credits 26 tx_time 152
[1584668.617406] NVMeVirt: [chmodel_init] bandwidth 800 max_credits 26 tx_time 152
[1584668.617427] NVMeVirt: [chmodel_init] bandwidth 3360 max_credits 110 tx_time 36
[1584668.617430] NVMeVirt: Fixed CAT init ns=0 part=1 arm=16 k=4 scale_pct=25 age_ratio=7
[1584668.619054] NVMeVirt: Init FTL instance with 2 channels (524288 pages)
[1584668.619060] NVMeVirt: GC victim policy: cat-fig7-fixed ns=0 part=1 initial_k=4 initial_scale_pct=25 initial_age_ratio=7 warmup_gc=100
[1584668.630302] NVMeVirt: [chmodel_init] bandwidth 800 max_credits 26 tx_time 152
[1584668.640968] NVMeVirt: [chmodel_init] bandwidth 800 max_credits 26 tx_time 152
[1584668.640982] NVMeVirt: [chmodel_init] bandwidth 3360 max_credits 110 tx_time 36
[1584668.640984] NVMeVirt: Fixed CAT init ns=0 part=2 arm=16 k=4 scale_pct=25 age_ratio=7
[1584668.642241] NVMeVirt: Init FTL instance with 2 channels (524288 pages)
[1584668.642247] NVMeVirt: GC victim policy: cat-fig7-fixed ns=0 part=2 initial_k=4 initial_scale_pct=25 initial_age_ratio=7 warmup_gc=100
[1584668.653167] NVMeVirt: [chmodel_init] bandwidth 800 max_credits 26 tx_time 152
[1584668.664047] NVMeVirt: [chmodel_init] bandwidth 800 max_credits 26 tx_time 152
[1584668.664062] NVMeVirt: [chmodel_init] bandwidth 3360 max_credits 110 tx_time 36
[1584668.664064] NVMeVirt: Fixed CAT init ns=0 part=3 arm=16 k=4 scale_pct=25 age_ratio=7
[1584668.665289] NVMeVirt: Init FTL instance with 2 channels (524288 pages)
[1584668.665292] NVMeVirt: GC victim policy: cat-fig7-fixed ns=0 part=3 initial_k=4 initial_scale_pct=25 initial_age_ratio=7 warmup_gc=100
[1584668.665298] NVMeVirt: FTL physical space: 8588886016, logical space: 8026996276 (physical/logical * 100 = 107)
[1584668.665300] NVMeVirt: ns 0/1: size 7655 MiB
[1584668.665351] PCI host bridge to bus 0001:10
[1584668.665354] pci_bus 0001:10: root bus resource [io  0x0000-0xffff]
[1584668.665357] pci_bus 0001:10: root bus resource [mem 0x00000000-0x7fffffffff]
[1584668.665360] pci_bus 0001:10: root bus resource [bus 00-ff]
[1584668.665368] pci 0001:10:00.0: [0c51:0110] type 00 class 0x010802 PCIe Endpoint
[1584668.665373] pci 0001:10:00.0: BAR 0 [mem 0x100000000-0x100003fff 64bit]
[1584668.665377] pci 0001:10:00.0: enabling Extended Tags
[1584668.665527] NVMeVirt: Virtual PCI bus created (node 0)
[1584668.665791] NVMeVirt: nvmev_io_worker_0 started on cpu 2 (node 0)
[1584668.665931] NVMeVirt: Virtual NVMe device created
[1584668.665937] NVMeVirt: nvmev_dispatcher started on cpu 1 (node 0)
[1584668.666115] nvme nvme0: pci function 0001:10:00.0
[1584668.670265] nvme nvme0: 8/0/0 default/read/poll queues
[1584669.169215] EXT4-fs (nvme0n1): mounted filesystem ac87cc38-cfd1-4b8a-b25c-63c13aea4c6f r/w with ordered data mode. Quota mode: none.
[1584751.467269] NVMeVirt: Fixed CAT init ns=0 part=0 arm=16 k=4 scale_pct=25 age_ratio=7
[1584751.467274] NVMeVirt: Fixed CAT init ns=0 part=1 arm=16 k=4 scale_pct=25 age_ratio=7
[1584751.467276] NVMeVirt: Fixed CAT init ns=0 part=2 arm=16 k=4 scale_pct=25 age_ratio=7
[1584751.467278] NVMeVirt: Fixed CAT init ns=0 part=3 arm=16 k=4 scale_pct=25 age_ratio=7
[1584751.467279] NVMeVirt: Measurement: command=start epoch=1 host_bytes=0 learner_active=1
[1584751.475782] mix-t4-arm16-1833219 phase=A START
[1585351.804542] mix-t4-arm16-1833219 phase=A END
[1585351.901790] NVMeVirt: Measurement: command=stop epoch=1 host_bytes=98306695168 learner_active=0
[1585352.021099] EXT4-fs (nvme0n1): unmounting filesystem ac87cc38-cfd1-4b8a-b25c-63c13aea4c6f.
[1585352.088125] pci_bus 0001:10: busn_res: [bus 10-ff] is released
[1585352.088256] NVMeVirt: GC stats: ns=0 policy=cat-fig7-fixed host_pages=24000658 gc_pages=20001612 gc_count=687536 WAF=1.833 warmup_gc=100-per-part
[1585352.167028] NVMeVirt: Virtual NVMe device closed
[1585352.529952] tee (1834051): drop_caches: 3
[1585358.260354] mix-t4-arm45-1834053 BEGIN
[1585358.414258] NVMeVirt: Version 1.10 for >> Samsung 970 Pro SSD <<
[1585358.414266] NVMeVirt: Storage: 0x100100000-0x300000000 (8191 MiB)
[1585358.424910] NVMeVirt: Total Capacity(GiB,MiB)=2,2048 chs=2 luns=4 lines=8192 blk-size(MiB,KiB)=0,64 line-size(MiB,KiB)=0,256
[1585358.436492] NVMeVirt: [chmodel_init] bandwidth 800 max_credits 26 tx_time 152
[1585358.448431] NVMeVirt: [chmodel_init] bandwidth 800 max_credits 26 tx_time 152
[1585358.448448] NVMeVirt: [chmodel_init] bandwidth 3360 max_credits 110 tx_time 36
[1585358.448451] NVMeVirt: Fixed CAT init ns=0 part=0 arm=45 k=10 scale_pct=25 age_ratio=4
[1585358.449485] NVMeVirt: pqueue: Copyright (c) 2014, Volkan Yazıcı <volkan.yazici@gmail.com>. All rights reserved.
[1585358.449523] NVMeVirt: Init FTL instance with 2 channels (524288 pages)
[1585358.449525] NVMeVirt: GC victim policy: cat-fig7-fixed ns=0 part=0 initial_k=10 initial_scale_pct=25 initial_age_ratio=4 warmup_gc=100
[1585358.460347] NVMeVirt: [chmodel_init] bandwidth 800 max_credits 26 tx_time 152
[1585358.471046] NVMeVirt: [chmodel_init] bandwidth 800 max_credits 26 tx_time 152
[1585358.471075] NVMeVirt: [chmodel_init] bandwidth 3360 max_credits 110 tx_time 36
[1585358.471090] NVMeVirt: Fixed CAT init ns=0 part=1 arm=45 k=10 scale_pct=25 age_ratio=4
[1585358.472024] NVMeVirt: Init FTL instance with 2 channels (524288 pages)
[1585358.472029] NVMeVirt: GC victim policy: cat-fig7-fixed ns=0 part=1 initial_k=10 initial_scale_pct=25 initial_age_ratio=4 warmup_gc=100
[1585358.483220] NVMeVirt: [chmodel_init] bandwidth 800 max_credits 26 tx_time 152
[1585358.494206] NVMeVirt: [chmodel_init] bandwidth 800 max_credits 26 tx_time 152
[1585358.494219] NVMeVirt: [chmodel_init] bandwidth 3360 max_credits 110 tx_time 36
[1585358.494221] NVMeVirt: Fixed CAT init ns=0 part=2 arm=45 k=10 scale_pct=25 age_ratio=4
[1585358.495263] NVMeVirt: Init FTL instance with 2 channels (524288 pages)
[1585358.495267] NVMeVirt: GC victim policy: cat-fig7-fixed ns=0 part=2 initial_k=10 initial_scale_pct=25 initial_age_ratio=4 warmup_gc=100
[1585358.506483] NVMeVirt: [chmodel_init] bandwidth 800 max_credits 26 tx_time 152
[1585358.517527] NVMeVirt: [chmodel_init] bandwidth 800 max_credits 26 tx_time 152
[1585358.517542] NVMeVirt: [chmodel_init] bandwidth 3360 max_credits 110 tx_time 36
[1585358.517544] NVMeVirt: Fixed CAT init ns=0 part=3 arm=45 k=10 scale_pct=25 age_ratio=4
[1585358.518499] NVMeVirt: Init FTL instance with 2 channels (524288 pages)
[1585358.518502] NVMeVirt: GC victim policy: cat-fig7-fixed ns=0 part=3 initial_k=10 initial_scale_pct=25 initial_age_ratio=4 warmup_gc=100
[1585358.518509] NVMeVirt: FTL physical space: 8588886016, logical space: 8026996276 (physical/logical * 100 = 107)
[1585358.518511] NVMeVirt: ns 0/1: size 7655 MiB
[1585358.518561] PCI host bridge to bus 0001:10
[1585358.518563] pci_bus 0001:10: root bus resource [io  0x0000-0xffff]
[1585358.518566] pci_bus 0001:10: root bus resource [mem 0x00000000-0x7fffffffff]
[1585358.518568] pci_bus 0001:10: root bus resource [bus 00-ff]
[1585358.518575] pci 0001:10:00.0: [0c51:0110] type 00 class 0x010802 PCIe Endpoint
[1585358.518593] pci 0001:10:00.0: BAR 0 [mem 0x100000000-0x100003fff 64bit]
[1585358.518596] pci 0001:10:00.0: enabling Extended Tags
[1585358.518719] NVMeVirt: Virtual PCI bus created (node 0)
[1585358.518926] NVMeVirt: nvmev_io_worker_0 started on cpu 2 (node 0)
[1585358.518997] NVMeVirt: nvmev_dispatcher started on cpu 1 (node 0)
[1585358.519028] NVMeVirt: Virtual NVMe device created
[1585358.519165] nvme nvme0: pci function 0001:10:00.0
[1585358.523939] nvme nvme0: 8/0/0 default/read/poll queues
[1585359.241806] EXT4-fs (nvme0n1): mounted filesystem bc45ad5d-ae68-4175-b563-f08f70618f74 r/w with ordered data mode. Quota mode: none.
[1585441.822146] NVMeVirt: Fixed CAT init ns=0 part=0 arm=45 k=10 scale_pct=25 age_ratio=4
[1585441.822152] NVMeVirt: Fixed CAT init ns=0 part=1 arm=45 k=10 scale_pct=25 age_ratio=4
[1585441.822154] NVMeVirt: Fixed CAT init ns=0 part=2 arm=45 k=10 scale_pct=25 age_ratio=4
[1585441.822155] NVMeVirt: Fixed CAT init ns=0 part=3 arm=45 k=10 scale_pct=25 age_ratio=4
[1585441.822157] NVMeVirt: Measurement: command=start epoch=1 host_bytes=0 learner_active=1
[1585441.829994] mix-t4-arm45-1834053 phase=A START
[1586042.149609] mix-t4-arm45-1834053 phase=A END
[1586042.182366] NVMeVirt: Measurement: command=stop epoch=1 host_bytes=98407395328 learner_active=0
[1586042.302309] EXT4-fs (nvme0n1): unmounting filesystem bc45ad5d-ae68-4175-b563-f08f70618f74.
[1586042.360889] pci_bus 0001:10: busn_res: [bus 10-ff] is released
[1586042.361035] NVMeVirt: GC stats: ns=0 policy=cat-fig7-fixed host_pages=24025243 gc_pages=19540330 gc_count=680712 WAF=1.813 warmup_gc=100-per-part
[1586042.440840] NVMeVirt: Virtual NVMe device closed
[1586042.700986] tee (1834760): drop_caches: 3
[1586048.432599] mix-t4-arm49-1834762 BEGIN
[1586048.636369] NVMeVirt: Version 1.10 for >> Samsung 970 Pro SSD <<
[1586048.636375] NVMeVirt: Storage: 0x100100000-0x300000000 (8191 MiB)
[1586048.646984] NVMeVirt: Total Capacity(GiB,MiB)=2,2048 chs=2 luns=4 lines=8192 blk-size(MiB,KiB)=0,64 line-size(MiB,KiB)=0,256
[1586048.662247] NVMeVirt: [chmodel_init] bandwidth 800 max_credits 26 tx_time 152
[1586048.673634] NVMeVirt: [chmodel_init] bandwidth 800 max_credits 26 tx_time 152
[1586048.673647] NVMeVirt: [chmodel_init] bandwidth 3360 max_credits 110 tx_time 36
[1586048.673649] NVMeVirt: Fixed CAT init ns=0 part=0 arm=49 k=10 scale_pct=50 age_ratio=7
[1586048.674575] NVMeVirt: pqueue: Copyright (c) 2014, Volkan Yazıcı <volkan.yazici@gmail.com>. All rights reserved.
[1586048.674613] NVMeVirt: Init FTL instance with 2 channels (524288 pages)
[1586048.674615] NVMeVirt: GC victim policy: cat-fig7-fixed ns=0 part=0 initial_k=10 initial_scale_pct=50 initial_age_ratio=7 warmup_gc=100
[1586048.688147] NVMeVirt: [chmodel_init] bandwidth 800 max_credits 26 tx_time 152
[1586048.699911] NVMeVirt: [chmodel_init] bandwidth 800 max_credits 26 tx_time 152
[1586048.699926] NVMeVirt: [chmodel_init] bandwidth 3360 max_credits 110 tx_time 36
[1586048.699928] NVMeVirt: Fixed CAT init ns=0 part=1 arm=49 k=10 scale_pct=50 age_ratio=7
[1586048.700814] NVMeVirt: Init FTL instance with 2 channels (524288 pages)
[1586048.700816] NVMeVirt: GC victim policy: cat-fig7-fixed ns=0 part=1 initial_k=10 initial_scale_pct=50 initial_age_ratio=7 warmup_gc=100
[1586048.712025] NVMeVirt: [chmodel_init] bandwidth 800 max_credits 26 tx_time 152
[1586048.726143] NVMeVirt: [chmodel_init] bandwidth 800 max_credits 26 tx_time 152
[1586048.726157] NVMeVirt: [chmodel_init] bandwidth 3360 max_credits 110 tx_time 36
[1586048.726160] NVMeVirt: Fixed CAT init ns=0 part=2 arm=49 k=10 scale_pct=50 age_ratio=7
[1586048.727125] NVMeVirt: Init FTL instance with 2 channels (524288 pages)
[1586048.727128] NVMeVirt: GC victim policy: cat-fig7-fixed ns=0 part=2 initial_k=10 initial_scale_pct=50 initial_age_ratio=7 warmup_gc=100
[1586048.737584] NVMeVirt: [chmodel_init] bandwidth 800 max_credits 26 tx_time 152
[1586048.748529] NVMeVirt: [chmodel_init] bandwidth 800 max_credits 26 tx_time 152
[1586048.748547] NVMeVirt: [chmodel_init] bandwidth 3360 max_credits 110 tx_time 36
[1586048.748550] NVMeVirt: Fixed CAT init ns=0 part=3 arm=49 k=10 scale_pct=50 age_ratio=7
[1586048.749795] NVMeVirt: Init FTL instance with 2 channels (524288 pages)
[1586048.749801] NVMeVirt: GC victim policy: cat-fig7-fixed ns=0 part=3 initial_k=10 initial_scale_pct=50 initial_age_ratio=7 warmup_gc=100
[1586048.749818] NVMeVirt: FTL physical space: 8588886016, logical space: 8026996276 (physical/logical * 100 = 107)
[1586048.749820] NVMeVirt: ns 0/1: size 7655 MiB
[1586048.749942] PCI host bridge to bus 0001:10
[1586048.749945] pci_bus 0001:10: root bus resource [io  0x0000-0xffff]
[1586048.749948] pci_bus 0001:10: root bus resource [mem 0x00000000-0x7fffffffff]
[1586048.749951] pci_bus 0001:10: root bus resource [bus 00-ff]
[1586048.749960] pci 0001:10:00.0: [0c51:0110] type 00 class 0x010802 PCIe Endpoint
[1586048.749964] pci 0001:10:00.0: BAR 0 [mem 0x100000000-0x100003fff 64bit]
[1586048.749967] pci 0001:10:00.0: enabling Extended Tags
[1586048.750129] NVMeVirt: Virtual PCI bus created (node 0)
[1586048.750521] NVMeVirt: nvmev_io_worker_0 started on cpu 2 (node 0)
[1586048.750599] NVMeVirt: nvmev_dispatcher started on cpu 1 (node 0)
[1586048.750614] NVMeVirt: Virtual NVMe device created
[1586048.750750] nvme nvme0: pci function 0001:10:00.0
[1586048.754735] nvme nvme0: 8/0/0 default/read/poll queues
[1586049.391554] EXT4-fs (nvme0n1): mounted filesystem a696e805-5f2e-477a-8a8f-360741d41251 r/w with ordered data mode. Quota mode: none.
[1586131.770618] NVMeVirt: Fixed CAT init ns=0 part=0 arm=49 k=10 scale_pct=50 age_ratio=7
[1586131.770627] NVMeVirt: Fixed CAT init ns=0 part=1 arm=49 k=10 scale_pct=50 age_ratio=7
[1586131.770629] NVMeVirt: Fixed CAT init ns=0 part=2 arm=49 k=10 scale_pct=50 age_ratio=7
[1586131.770632] NVMeVirt: Fixed CAT init ns=0 part=3 arm=49 k=10 scale_pct=50 age_ratio=7
[1586131.770634] NVMeVirt: Measurement: command=start epoch=1 host_bytes=0 learner_active=1
[1586131.779619] mix-t4-arm49-1834762 phase=A START
[1586732.119573] mix-t4-arm49-1834762 phase=A END
[1586732.179467] NVMeVirt: Measurement: command=stop epoch=1 host_bytes=98407395328 learner_active=0
[1586732.297786] EXT4-fs (nvme0n1): unmounting filesystem a696e805-5f2e-477a-8a8f-360741d41251.
[1586732.359091] pci_bus 0001:10: busn_res: [bus 10-ff] is released
[1586732.359175] NVMeVirt: GC stats: ns=0 policy=cat-fig7-fixed host_pages=24025243 gc_pages=19695939 gc_count=683143 WAF=1.819 warmup_gc=100-per-part
[1586732.438405] NVMeVirt: Virtual NVMe device closed
[1586732.770067] tee (1835662): drop_caches: 3
[1586741.996375] mix-t4-arm30-1835664 BEGIN
[1586742.358443] NVMeVirt: Version 1.10 for >> Samsung 970 Pro SSD <<
[1586742.358449] NVMeVirt: Storage: 0x100100000-0x300000000 (8191 MiB)
[1586742.369348] NVMeVirt: Total Capacity(GiB,MiB)=2,2048 chs=2 luns=4 lines=8192 blk-size(MiB,KiB)=0,64 line-size(MiB,KiB)=0,256
[1586742.382319] NVMeVirt: [chmodel_init] bandwidth 800 max_credits 26 tx_time 152
[1586742.393979] NVMeVirt: [chmodel_init] bandwidth 800 max_credits 26 tx_time 152
[1586742.393994] NVMeVirt: [chmodel_init] bandwidth 3360 max_credits 110 tx_time 36
[1586742.393996] NVMeVirt: Fixed CAT init ns=0 part=0 arm=30 k=7 scale_pct=25 age_ratio=4
[1586742.395305] NVMeVirt: pqueue: Copyright (c) 2014, Volkan Yazıcı <volkan.yazici@gmail.com>. All rights reserved.
[1586742.395343] NVMeVirt: Init FTL instance with 2 channels (524288 pages)
[1586742.395345] NVMeVirt: GC victim policy: cat-fig7-fixed ns=0 part=0 initial_k=7 initial_scale_pct=25 initial_age_ratio=4 warmup_gc=100
[1586742.406470] NVMeVirt: [chmodel_init] bandwidth 800 max_credits 26 tx_time 152
[1586742.417859] NVMeVirt: [chmodel_init] bandwidth 800 max_credits 26 tx_time 152
[1586742.417872] NVMeVirt: [chmodel_init] bandwidth 3360 max_credits 110 tx_time 36
[1586742.417874] NVMeVirt: Fixed CAT init ns=0 part=1 arm=30 k=7 scale_pct=25 age_ratio=4
[1586742.419217] NVMeVirt: Init FTL instance with 2 channels (524288 pages)
[1586742.419220] NVMeVirt: GC victim policy: cat-fig7-fixed ns=0 part=1 initial_k=7 initial_scale_pct=25 initial_age_ratio=4 warmup_gc=100
[1586742.430098] NVMeVirt: [chmodel_init] bandwidth 800 max_credits 26 tx_time 152
[1586742.440672] NVMeVirt: [chmodel_init] bandwidth 800 max_credits 26 tx_time 152
[1586742.440692] NVMeVirt: [chmodel_init] bandwidth 3360 max_credits 110 tx_time 36
[1586742.440695] NVMeVirt: Fixed CAT init ns=0 part=2 arm=30 k=7 scale_pct=25 age_ratio=4
[1586742.442315] NVMeVirt: Init FTL instance with 2 channels (524288 pages)
[1586742.442319] NVMeVirt: GC victim policy: cat-fig7-fixed ns=0 part=2 initial_k=7 initial_scale_pct=25 initial_age_ratio=4 warmup_gc=100
[1586742.453072] NVMeVirt: [chmodel_init] bandwidth 800 max_credits 26 tx_time 152
[1586742.463765] NVMeVirt: [chmodel_init] bandwidth 800 max_credits 26 tx_time 152
[1586742.463779] NVMeVirt: [chmodel_init] bandwidth 3360 max_credits 110 tx_time 36
[1586742.463781] NVMeVirt: Fixed CAT init ns=0 part=3 arm=30 k=7 scale_pct=25 age_ratio=4
[1586742.465003] NVMeVirt: Init FTL instance with 2 channels (524288 pages)
[1586742.465037] NVMeVirt: GC victim policy: cat-fig7-fixed ns=0 part=3 initial_k=7 initial_scale_pct=25 initial_age_ratio=4 warmup_gc=100
[1586742.465043] NVMeVirt: FTL physical space: 8588886016, logical space: 8026996276 (physical/logical * 100 = 107)
[1586742.465045] NVMeVirt: ns 0/1: size 7655 MiB
[1586742.465112] PCI host bridge to bus 0001:10
[1586742.465115] pci_bus 0001:10: root bus resource [io  0x0000-0xffff]
[1586742.465117] pci_bus 0001:10: root bus resource [mem 0x00000000-0x7fffffffff]
[1586742.465119] pci_bus 0001:10: root bus resource [bus 00-ff]
[1586742.465141] pci 0001:10:00.0: [0c51:0110] type 00 class 0x010802 PCIe Endpoint
[1586742.465145] pci 0001:10:00.0: BAR 0 [mem 0x100000000-0x100003fff 64bit]
[1586742.465148] pci 0001:10:00.0: enabling Extended Tags
[1586742.465272] NVMeVirt: Virtual PCI bus created (node 0)
[1586742.465561] NVMeVirt: nvmev_io_worker_0 started on cpu 2 (node 0)
[1586742.465665] NVMeVirt: Virtual NVMe device created
[1586742.465709] NVMeVirt: nvmev_dispatcher started on cpu 1 (node 0)
[1586742.465872] nvme nvme0: pci function 0001:10:00.0
[1586742.467795] nvme nvme0: 8/0/0 default/read/poll queues
[1586743.063268] EXT4-fs (nvme0n1): mounted filesystem c25e8fbd-18ff-448b-aef6-ef46af0de3ce r/w with ordered data mode. Quota mode: none.
[1586825.249850] NVMeVirt: Fixed CAT init ns=0 part=0 arm=30 k=7 scale_pct=25 age_ratio=4
[1586825.249856] NVMeVirt: Fixed CAT init ns=0 part=1 arm=30 k=7 scale_pct=25 age_ratio=4
[1586825.249859] NVMeVirt: Fixed CAT init ns=0 part=2 arm=30 k=7 scale_pct=25 age_ratio=4
[1586825.249861] NVMeVirt: Fixed CAT init ns=0 part=3 arm=30 k=7 scale_pct=25 age_ratio=4
[1586825.249863] NVMeVirt: Measurement: command=start epoch=1 host_bytes=0 learner_active=1
[1586825.258477] mix-t4-arm30-1835664 phase=A START
[1587425.580144] mix-t4-arm30-1835664 phase=A END
[1587425.686377] NVMeVirt: Measurement: command=stop epoch=1 host_bytes=98306781184 learner_active=0
[1587425.811076] EXT4-fs (nvme0n1): unmounting filesystem c25e8fbd-18ff-448b-aef6-ef46af0de3ce.
[1587425.882253] pci_bus 0001:10: busn_res: [bus 10-ff] is released
[1587425.882336] NVMeVirt: GC stats: ns=0 policy=cat-fig7-fixed host_pages=24000679 gc_pages=20074248 gc_count=688670 WAF=1.836 warmup_gc=100-per-part
[1587425.960620] NVMeVirt: Virtual NVMe device closed
[1587426.280846] tee (1836398): drop_caches: 3
[1587431.326838] mix-t4-arm35-1836400 BEGIN
[1587431.439264] NVMeVirt: Version 1.10 for >> Samsung 970 Pro SSD <<
[1587431.439273] NVMeVirt: Storage: 0x100100000-0x300000000 (8191 MiB)
[1587431.450115] NVMeVirt: Total Capacity(GiB,MiB)=2,2048 chs=2 luns=4 lines=8192 blk-size(MiB,KiB)=0,64 line-size(MiB,KiB)=0,256
[1587431.461320] NVMeVirt: [chmodel_init] bandwidth 800 max_credits 26 tx_time 152
[1587431.472583] NVMeVirt: [chmodel_init] bandwidth 800 max_credits 26 tx_time 152
[1587431.472603] NVMeVirt: [chmodel_init] bandwidth 3360 max_credits 110 tx_time 36
[1587431.472606] NVMeVirt: Fixed CAT init ns=0 part=0 arm=35 k=7 scale_pct=50 age_ratio=16
[1587431.474246] NVMeVirt: pqueue: Copyright (c) 2014, Volkan Yazıcı <volkan.yazici@gmail.com>. All rights reserved.
[1587431.474290] NVMeVirt: Init FTL instance with 2 channels (524288 pages)
[1587431.474293] NVMeVirt: GC victim policy: cat-fig7-fixed ns=0 part=0 initial_k=7 initial_scale_pct=50 initial_age_ratio=16 warmup_gc=100
[1587431.485519] NVMeVirt: [chmodel_init] bandwidth 800 max_credits 26 tx_time 152
[1587431.496233] NVMeVirt: [chmodel_init] bandwidth 800 max_credits 26 tx_time 152
[1587431.496248] NVMeVirt: [chmodel_init] bandwidth 3360 max_credits 110 tx_time 36
[1587431.496250] NVMeVirt: Fixed CAT init ns=0 part=1 arm=35 k=7 scale_pct=50 age_ratio=16
[1587431.497471] NVMeVirt: Init FTL instance with 2 channels (524288 pages)
[1587431.497474] NVMeVirt: GC victim policy: cat-fig7-fixed ns=0 part=1 initial_k=7 initial_scale_pct=50 initial_age_ratio=16 warmup_gc=100
[1587431.508288] NVMeVirt: [chmodel_init] bandwidth 800 max_credits 26 tx_time 152
[1587431.519206] NVMeVirt: [chmodel_init] bandwidth 800 max_credits 26 tx_time 152
[1587431.519220] NVMeVirt: [chmodel_init] bandwidth 3360 max_credits 110 tx_time 36
[1587431.519222] NVMeVirt: Fixed CAT init ns=0 part=2 arm=35 k=7 scale_pct=50 age_ratio=16
[1587431.520445] NVMeVirt: Init FTL instance with 2 channels (524288 pages)
[1587431.520447] NVMeVirt: GC victim policy: cat-fig7-fixed ns=0 part=2 initial_k=7 initial_scale_pct=50 initial_age_ratio=16 warmup_gc=100
[1587431.531107] NVMeVirt: [chmodel_init] bandwidth 800 max_credits 26 tx_time 152
[1587431.542404] NVMeVirt: [chmodel_init] bandwidth 800 max_credits 26 tx_time 152
[1587431.542423] NVMeVirt: [chmodel_init] bandwidth 3360 max_credits 110 tx_time 36
[1587431.542425] NVMeVirt: Fixed CAT init ns=0 part=3 arm=35 k=7 scale_pct=50 age_ratio=16
[1587431.544111] NVMeVirt: Init FTL instance with 2 channels (524288 pages)
[1587431.544116] NVMeVirt: GC victim policy: cat-fig7-fixed ns=0 part=3 initial_k=7 initial_scale_pct=50 initial_age_ratio=16 warmup_gc=100
[1587431.544124] NVMeVirt: FTL physical space: 8588886016, logical space: 8026996276 (physical/logical * 100 = 107)
[1587431.544126] NVMeVirt: ns 0/1: size 7655 MiB
[1587431.544187] PCI host bridge to bus 0001:10
[1587431.544190] pci_bus 0001:10: root bus resource [io  0x0000-0xffff]
[1587431.544194] pci_bus 0001:10: root bus resource [mem 0x00000000-0x7fffffffff]
[1587431.544197] pci_bus 0001:10: root bus resource [bus 00-ff]
[1587431.544207] pci 0001:10:00.0: [0c51:0110] type 00 class 0x010802 PCIe Endpoint
[1587431.544212] pci 0001:10:00.0: BAR 0 [mem 0x100000000-0x100003fff 64bit]
[1587431.544215] pci 0001:10:00.0: enabling Extended Tags
[1587431.544384] NVMeVirt: Virtual PCI bus created (node 0)
[1587431.544649] NVMeVirt: nvmev_io_worker_0 started on cpu 2 (node 0)
[1587431.544793] NVMeVirt: nvmev_dispatcher started on cpu 1 (node 0)
[1587431.544799] NVMeVirt: Virtual NVMe device created
[1587431.545233] nvme nvme0: pci function 0001:10:00.0
[1587431.547933] nvme nvme0: 8/0/0 default/read/poll queues
[1587432.141565] EXT4-fs (nvme0n1): mounted filesystem 47a029b5-a4de-43f0-8a5e-a5c8170e2adf r/w with ordered data mode. Quota mode: none.
[1587514.497039] NVMeVirt: Fixed CAT init ns=0 part=0 arm=35 k=7 scale_pct=50 age_ratio=16
[1587514.497045] NVMeVirt: Fixed CAT init ns=0 part=1 arm=35 k=7 scale_pct=50 age_ratio=16
[1587514.497048] NVMeVirt: Fixed CAT init ns=0 part=2 arm=35 k=7 scale_pct=50 age_ratio=16
[1587514.497050] NVMeVirt: Fixed CAT init ns=0 part=3 arm=35 k=7 scale_pct=50 age_ratio=16
[1587514.497053] NVMeVirt: Measurement: command=start epoch=1 host_bytes=0 learner_active=1
[1587514.505592] mix-t4-arm35-1836400 phase=A START
[1588114.835895] mix-t4-arm35-1836400 phase=A END
[1588114.940462] NVMeVirt: Measurement: command=stop epoch=1 host_bytes=98386415616 learner_active=0
[1588115.095537] EXT4-fs (nvme0n1): unmounting filesystem 47a029b5-a4de-43f0-8a5e-a5c8170e2adf.
[1588115.159282] pci_bus 0001:10: busn_res: [bus 10-ff] is released
[1588115.159461] NVMeVirt: GC stats: ns=0 policy=cat-fig7-fixed host_pages=24020121 gc_pages=20251247 gc_count=691740 WAF=1.843 warmup_gc=100-per-part
[1588115.238199] NVMeVirt: Virtual NVMe device closed
[1588115.525230] tee (1837093): drop_caches: 3
[1588121.040723] mix-t4-arm17-1837100 BEGIN
[1588121.361250] NVMeVirt: Version 1.10 for >> Samsung 970 Pro SSD <<
[1588121.361256] NVMeVirt: Storage: 0x100100000-0x300000000 (8191 MiB)
[1588121.371907] NVMeVirt: Total Capacity(GiB,MiB)=2,2048 chs=2 luns=4 lines=8192 blk-size(MiB,KiB)=0,64 line-size(MiB,KiB)=0,256
[1588121.383654] NVMeVirt: [chmodel_init] bandwidth 800 max_credits 26 tx_time 152
[1588121.395500] NVMeVirt: [chmodel_init] bandwidth 800 max_credits 26 tx_time 152
[1588121.395517] NVMeVirt: [chmodel_init] bandwidth 3360 max_credits 110 tx_time 36
[1588121.395519] NVMeVirt: Fixed CAT init ns=0 part=0 arm=17 k=4 scale_pct=25 age_ratio=16
[1588121.396861] NVMeVirt: pqueue: Copyright (c) 2014, Volkan Yazıcı <volkan.yazici@gmail.com>. All rights reserved.
[1588121.396898] NVMeVirt: Init FTL instance with 2 channels (524288 pages)
[1588121.396900] NVMeVirt: GC victim policy: cat-fig7-fixed ns=0 part=0 initial_k=4 initial_scale_pct=25 initial_age_ratio=16 warmup_gc=100
[1588121.407865] NVMeVirt: [chmodel_init] bandwidth 800 max_credits 26 tx_time 152
[1588121.418796] NVMeVirt: [chmodel_init] bandwidth 800 max_credits 26 tx_time 152
[1588121.418810] NVMeVirt: [chmodel_init] bandwidth 3360 max_credits 110 tx_time 36
[1588121.418812] NVMeVirt: Fixed CAT init ns=0 part=1 arm=17 k=4 scale_pct=25 age_ratio=16
[1588121.420145] NVMeVirt: Init FTL instance with 2 channels (524288 pages)
[1588121.420156] NVMeVirt: GC victim policy: cat-fig7-fixed ns=0 part=1 initial_k=4 initial_scale_pct=25 initial_age_ratio=16 warmup_gc=100
[1588121.431720] NVMeVirt: [chmodel_init] bandwidth 800 max_credits 26 tx_time 152
[1588121.442496] NVMeVirt: [chmodel_init] bandwidth 800 max_credits 26 tx_time 152
[1588121.442510] NVMeVirt: [chmodel_init] bandwidth 3360 max_credits 110 tx_time 36
[1588121.442512] NVMeVirt: Fixed CAT init ns=0 part=2 arm=17 k=4 scale_pct=25 age_ratio=16
[1588121.443826] NVMeVirt: Init FTL instance with 2 channels (524288 pages)
[1588121.443829] NVMeVirt: GC victim policy: cat-fig7-fixed ns=0 part=2 initial_k=4 initial_scale_pct=25 initial_age_ratio=16 warmup_gc=100
[1588121.454806] NVMeVirt: [chmodel_init] bandwidth 800 max_credits 26 tx_time 152
[1588121.465975] NVMeVirt: [chmodel_init] bandwidth 800 max_credits 26 tx_time 152
[1588121.465990] NVMeVirt: [chmodel_init] bandwidth 3360 max_credits 110 tx_time 36
[1588121.465992] NVMeVirt: Fixed CAT init ns=0 part=3 arm=17 k=4 scale_pct=25 age_ratio=16
[1588121.467268] NVMeVirt: Init FTL instance with 2 channels (524288 pages)
[1588121.467271] NVMeVirt: GC victim policy: cat-fig7-fixed ns=0 part=3 initial_k=4 initial_scale_pct=25 initial_age_ratio=16 warmup_gc=100
[1588121.467278] NVMeVirt: FTL physical space: 8588886016, logical space: 8026996276 (physical/logical * 100 = 107)
[1588121.467280] NVMeVirt: ns 0/1: size 7655 MiB
[1588121.467331] PCI host bridge to bus 0001:10
[1588121.467333] pci_bus 0001:10: root bus resource [io  0x0000-0xffff]
[1588121.467335] pci_bus 0001:10: root bus resource [mem 0x00000000-0x7fffffffff]
[1588121.467338] pci_bus 0001:10: root bus resource [bus 00-ff]
[1588121.467359] pci 0001:10:00.0: [0c51:0110] type 00 class 0x010802 PCIe Endpoint
[1588121.467363] pci 0001:10:00.0: BAR 0 [mem 0x100000000-0x100003fff 64bit]
[1588121.467366] pci 0001:10:00.0: enabling Extended Tags
[1588121.467491] NVMeVirt: Virtual PCI bus created (node 0)
[1588121.467833] NVMeVirt: nvmev_io_worker_0 started on cpu 2 (node 0)
[1588121.467980] NVMeVirt: nvmev_dispatcher started on cpu 1 (node 0)
[1588121.467995] NVMeVirt: Virtual NVMe device created
[1588121.468199] nvme nvme0: pci function 0001:10:00.0
[1588121.470855] nvme nvme0: 8/0/0 default/read/poll queues
[1588121.907527] EXT4-fs (nvme0n1): mounted filesystem 11f9c3d6-f862-4b3c-acc9-bd4e49bf0646 r/w with ordered data mode. Quota mode: none.
[1588204.544889] NVMeVirt: Fixed CAT init ns=0 part=0 arm=17 k=4 scale_pct=25 age_ratio=16
[1588204.544894] NVMeVirt: Fixed CAT init ns=0 part=1 arm=17 k=4 scale_pct=25 age_ratio=16
[1588204.544896] NVMeVirt: Fixed CAT init ns=0 part=2 arm=17 k=4 scale_pct=25 age_ratio=16
[1588204.544898] NVMeVirt: Fixed CAT init ns=0 part=3 arm=17 k=4 scale_pct=25 age_ratio=16
[1588204.544899] NVMeVirt: Measurement: command=start epoch=1 host_bytes=0 learner_active=1
[1588204.552718] mix-t4-arm17-1837100 phase=A START
[1588804.869348] mix-t4-arm17-1837100 phase=A END
[1588804.904319] NVMeVirt: Measurement: command=stop epoch=1 host_bytes=98306695168 learner_active=0
[1588805.099037] EXT4-fs (nvme0n1): unmounting filesystem 11f9c3d6-f862-4b3c-acc9-bd4e49bf0646.
[1588805.168296] pci_bus 0001:10: busn_res: [bus 10-ff] is released
[1588805.168424] NVMeVirt: GC stats: ns=0 policy=cat-fig7-fixed host_pages=24000658 gc_pages=20941797 gc_count=702225 WAF=1.872 warmup_gc=100-per-part
[1588805.245358] NVMeVirt: Virtual NVMe device closed
[1588805.576734] tee (1837961): drop_caches: 3
[1588811.179600] mix-t4-arm15-1837963 BEGIN
[1588811.266665] NVMeVirt: Version 1.10 for >> Samsung 970 Pro SSD <<
[1588811.266671] NVMeVirt: Storage: 0x100100000-0x300000000 (8191 MiB)
[1588811.277435] NVMeVirt: Total Capacity(GiB,MiB)=2,2048 chs=2 luns=4 lines=8192 blk-size(MiB,KiB)=0,64 line-size(MiB,KiB)=0,256
[1588811.290827] NVMeVirt: [chmodel_init] bandwidth 800 max_credits 26 tx_time 152
[1588811.301979] NVMeVirt: [chmodel_init] bandwidth 800 max_credits 26 tx_time 152
[1588811.301996] NVMeVirt: [chmodel_init] bandwidth 3360 max_credits 110 tx_time 36
[1588811.301998] NVMeVirt: Fixed CAT init ns=0 part=0 arm=15 k=4 scale_pct=25 age_ratio=4
[1588811.305104] NVMeVirt: pqueue: Copyright (c) 2014, Volkan Yazıcı <volkan.yazici@gmail.com>. All rights reserved.
[1588811.305242] NVMeVirt: Init FTL instance with 2 channels (524288 pages)
[1588811.305247] NVMeVirt: GC victim policy: cat-fig7-fixed ns=0 part=0 initial_k=4 initial_scale_pct=25 initial_age_ratio=4 warmup_gc=100
[1588811.316957] NVMeVirt: [chmodel_init] bandwidth 800 max_credits 26 tx_time 152
[1588811.327899] NVMeVirt: [chmodel_init] bandwidth 800 max_credits 26 tx_time 152
[1588811.327912] NVMeVirt: [chmodel_init] bandwidth 3360 max_credits 110 tx_time 36
[1588811.327914] NVMeVirt: Fixed CAT init ns=0 part=1 arm=15 k=4 scale_pct=25 age_ratio=4
[1588811.329307] NVMeVirt: Init FTL instance with 2 channels (524288 pages)
[1588811.329311] NVMeVirt: GC victim policy: cat-fig7-fixed ns=0 part=1 initial_k=4 initial_scale_pct=25 initial_age_ratio=4 warmup_gc=100
[1588811.339715] NVMeVirt: [chmodel_init] bandwidth 800 max_credits 26 tx_time 152
[1588811.350793] NVMeVirt: [chmodel_init] bandwidth 800 max_credits 26 tx_time 152
[1588811.350806] NVMeVirt: [chmodel_init] bandwidth 3360 max_credits 110 tx_time 36
[1588811.350808] NVMeVirt: Fixed CAT init ns=0 part=2 arm=15 k=4 scale_pct=25 age_ratio=4
[1588811.352221] NVMeVirt: Init FTL instance with 2 channels (524288 pages)
[1588811.352225] NVMeVirt: GC victim policy: cat-fig7-fixed ns=0 part=2 initial_k=4 initial_scale_pct=25 initial_age_ratio=4 warmup_gc=100
[1588811.363491] NVMeVirt: [chmodel_init] bandwidth 800 max_credits 26 tx_time 152
[1588811.374479] NVMeVirt: [chmodel_init] bandwidth 800 max_credits 26 tx_time 152
[1588811.374492] NVMeVirt: [chmodel_init] bandwidth 3360 max_credits 110 tx_time 36
[1588811.374494] NVMeVirt: Fixed CAT init ns=0 part=3 arm=15 k=4 scale_pct=25 age_ratio=4
[1588811.375844] NVMeVirt: Init FTL instance with 2 channels (524288 pages)
[1588811.375847] NVMeVirt: GC victim policy: cat-fig7-fixed ns=0 part=3 initial_k=4 initial_scale_pct=25 initial_age_ratio=4 warmup_gc=100
[1588811.375854] NVMeVirt: FTL physical space: 8588886016, logical space: 8026996276 (physical/logical * 100 = 107)
[1588811.375855] NVMeVirt: ns 0/1: size 7655 MiB
[1588811.375905] PCI host bridge to bus 0001:10
[1588811.375907] pci_bus 0001:10: root bus resource [io  0x0000-0xffff]
[1588811.375909] pci_bus 0001:10: root bus resource [mem 0x00000000-0x7fffffffff]
[1588811.375926] pci_bus 0001:10: root bus resource [bus 00-ff]
[1588811.375934] pci 0001:10:00.0: [0c51:0110] type 00 class 0x010802 PCIe Endpoint
[1588811.375938] pci 0001:10:00.0: BAR 0 [mem 0x100000000-0x100003fff 64bit]
[1588811.375940] pci 0001:10:00.0: enabling Extended Tags
[1588811.376064] NVMeVirt: Virtual PCI bus created (node 0)
[1588811.376353] NVMeVirt: nvmev_io_worker_0 started on cpu 2 (node 0)
[1588811.376467] NVMeVirt: Virtual NVMe device created
[1588811.376472] NVMeVirt: nvmev_dispatcher started on cpu 1 (node 0)
[1588811.376647] nvme nvme0: pci function 0001:10:00.0
[1588811.381125] nvme nvme0: 8/0/0 default/read/poll queues
[1588812.162928] EXT4-fs (nvme0n1): mounted filesystem b88c8a9b-1f26-4436-b387-e4b70c601615 r/w with ordered data mode. Quota mode: none.
[1588894.808758] NVMeVirt: Fixed CAT init ns=0 part=0 arm=15 k=4 scale_pct=25 age_ratio=4
[1588894.808763] NVMeVirt: Fixed CAT init ns=0 part=1 arm=15 k=4 scale_pct=25 age_ratio=4
[1588894.808765] NVMeVirt: Fixed CAT init ns=0 part=2 arm=15 k=4 scale_pct=25 age_ratio=4
[1588894.808767] NVMeVirt: Fixed CAT init ns=0 part=3 arm=15 k=4 scale_pct=25 age_ratio=4
[1588894.808768] NVMeVirt: Measurement: command=start epoch=1 host_bytes=0 learner_active=1
[1588894.816560] mix-t4-arm15-1837963 phase=A START
[1589495.140251] mix-t4-arm15-1837963 phase=A END
[1589495.193394] NVMeVirt: Measurement: command=stop epoch=1 host_bytes=98306695168 learner_active=0
[1589495.334816] EXT4-fs (nvme0n1): unmounting filesystem b88c8a9b-1f26-4436-b387-e4b70c601615.
[1589495.389621] pci_bus 0001:10: busn_res: [bus 10-ff] is released
[1589495.389691] NVMeVirt: GC stats: ns=0 policy=cat-fig7-fixed host_pages=24000658 gc_pages=21052975 gc_count=703963 WAF=1.877 warmup_gc=100-per-part
[1589495.486831] NVMeVirt: Virtual NVMe device closed
[1589495.749464] tee (1838657): drop_caches: 3
[1589501.418416] mix-t4-arm33-1838659 BEGIN
[1589501.655524] NVMeVirt: Version 1.10 for >> Samsung 970 Pro SSD <<
[1589501.655530] NVMeVirt: Storage: 0x100100000-0x300000000 (8191 MiB)
[1589501.665974] NVMeVirt: Total Capacity(GiB,MiB)=2,2048 chs=2 luns=4 lines=8192 blk-size(MiB,KiB)=0,64 line-size(MiB,KiB)=0,256
[1589501.677341] NVMeVirt: [chmodel_init] bandwidth 800 max_credits 26 tx_time 152
[1589501.689429] NVMeVirt: [chmodel_init] bandwidth 800 max_credits 26 tx_time 152
[1589501.689444] NVMeVirt: [chmodel_init] bandwidth 3360 max_credits 110 tx_time 36
[1589501.689446] NVMeVirt: Fixed CAT init ns=0 part=0 arm=33 k=7 scale_pct=50 age_ratio=4
[1589501.690768] NVMeVirt: pqueue: Copyright (c) 2014, Volkan Yazıcı <volkan.yazici@gmail.com>. All rights reserved.
[1589501.690803] NVMeVirt: Init FTL instance with 2 channels (524288 pages)
[1589501.690805] NVMeVirt: GC victim policy: cat-fig7-fixed ns=0 part=0 initial_k=7 initial_scale_pct=50 initial_age_ratio=4 warmup_gc=100
[1589501.701643] NVMeVirt: [chmodel_init] bandwidth 800 max_credits 26 tx_time 152
[1589501.712478] NVMeVirt: [chmodel_init] bandwidth 800 max_credits 26 tx_time 152
[1589501.712498] NVMeVirt: [chmodel_init] bandwidth 3360 max_credits 110 tx_time 36
[1589501.712500] NVMeVirt: Fixed CAT init ns=0 part=1 arm=33 k=7 scale_pct=50 age_ratio=4
[1589501.714132] NVMeVirt: Init FTL instance with 2 channels (524288 pages)
[1589501.714138] NVMeVirt: GC victim policy: cat-fig7-fixed ns=0 part=1 initial_k=7 initial_scale_pct=50 initial_age_ratio=4 warmup_gc=100
[1589501.725061] NVMeVirt: [chmodel_init] bandwidth 800 max_credits 26 tx_time 152
[1589501.736471] NVMeVirt: [chmodel_init] bandwidth 800 max_credits 26 tx_time 152
[1589501.736485] NVMeVirt: [chmodel_init] bandwidth 3360 max_credits 110 tx_time 36
[1589501.736488] NVMeVirt: Fixed CAT init ns=0 part=2 arm=33 k=7 scale_pct=50 age_ratio=4
[1589501.737848] NVMeVirt: Init FTL instance with 2 channels (524288 pages)
[1589501.737851] NVMeVirt: GC victim policy: cat-fig7-fixed ns=0 part=2 initial_k=7 initial_scale_pct=50 initial_age_ratio=4 warmup_gc=100
[1589501.749349] NVMeVirt: [chmodel_init] bandwidth 800 max_credits 26 tx_time 152
[1589501.760463] NVMeVirt: [chmodel_init] bandwidth 800 max_credits 26 tx_time 152
[1589501.760478] NVMeVirt: [chmodel_init] bandwidth 3360 max_credits 110 tx_time 36
[1589501.760480] NVMeVirt: Fixed CAT init ns=0 part=3 arm=33 k=7 scale_pct=50 age_ratio=4
[1589501.761748] NVMeVirt: Init FTL instance with 2 channels (524288 pages)
[1589501.761752] NVMeVirt: GC victim policy: cat-fig7-fixed ns=0 part=3 initial_k=7 initial_scale_pct=50 initial_age_ratio=4 warmup_gc=100
[1589501.761758] NVMeVirt: FTL physical space: 8588886016, logical space: 8026996276 (physical/logical * 100 = 107)
[1589501.761760] NVMeVirt: ns 0/1: size 7655 MiB
[1589501.761810] PCI host bridge to bus 0001:10
[1589501.761812] pci_bus 0001:10: root bus resource [io  0x0000-0xffff]
[1589501.761814] pci_bus 0001:10: root bus resource [mem 0x00000000-0x7fffffffff]
[1589501.761830] pci_bus 0001:10: root bus resource [bus 00-ff]
[1589501.761838] pci 0001:10:00.0: [0c51:0110] type 00 class 0x010802 PCIe Endpoint
[1589501.761842] pci 0001:10:00.0: BAR 0 [mem 0x100000000-0x100003fff 64bit]
[1589501.761844] pci 0001:10:00.0: enabling Extended Tags
[1589501.761967] NVMeVirt: Virtual PCI bus created (node 0)
[1589501.762310] NVMeVirt: nvmev_io_worker_0 started on cpu 2 (node 0)
[1589501.762403] NVMeVirt: nvmev_dispatcher started on cpu 1 (node 0)
[1589501.762430] NVMeVirt: Virtual NVMe device created
[1589501.762679] nvme nvme0: pci function 0001:10:00.0
[1589501.764938] nvme nvme0: 8/0/0 default/read/poll queues
[1589502.143305] EXT4-fs (nvme0n1): mounted filesystem 790aa1ae-5f71-425b-a7dc-2da93ab3135a r/w with ordered data mode. Quota mode: none.
[1589584.488726] NVMeVirt: Fixed CAT init ns=0 part=0 arm=33 k=7 scale_pct=50 age_ratio=4
[1589584.488731] NVMeVirt: Fixed CAT init ns=0 part=1 arm=33 k=7 scale_pct=50 age_ratio=4
[1589584.488733] NVMeVirt: Fixed CAT init ns=0 part=2 arm=33 k=7 scale_pct=50 age_ratio=4
[1589584.488735] NVMeVirt: Fixed CAT init ns=0 part=3 arm=33 k=7 scale_pct=50 age_ratio=4
[1589584.488736] NVMeVirt: Measurement: command=start epoch=1 host_bytes=0 learner_active=1
[1589584.496572] mix-t4-arm33-1838659 phase=A START
[1590184.816942] mix-t4-arm33-1838659 phase=A END
[1590184.858101] NVMeVirt: Measurement: command=stop epoch=1 host_bytes=98306732032 learner_active=0
[1590184.975965] EXT4-fs (nvme0n1): unmounting filesystem 790aa1ae-5f71-425b-a7dc-2da93ab3135a.
[1590185.043350] pci_bus 0001:10: busn_res: [bus 10-ff] is released
[1590185.043405] NVMeVirt: GC stats: ns=0 policy=cat-fig7-fixed host_pages=24000667 gc_pages=21961797 gc_count=718164 WAF=1.915 warmup_gc=100-per-part
[1590185.128678] NVMeVirt: Virtual NVMe device closed
[1590185.392878] tee (1839373): drop_caches: 3
[1590191.249047] mix-t4-greedy-1839375 BEGIN
[1590191.336068] NVMeVirt: Version 1.10 for >> Samsung 970 Pro SSD <<
[1590191.336074] NVMeVirt: Storage: 0x100100000-0x300000000 (8191 MiB)
[1590191.346723] NVMeVirt: Total Capacity(GiB,MiB)=2,2048 chs=2 luns=4 lines=8192 blk-size(MiB,KiB)=0,64 line-size(MiB,KiB)=0,256
[1590191.358936] NVMeVirt: [chmodel_init] bandwidth 800 max_credits 26 tx_time 152
[1590191.369814] NVMeVirt: [chmodel_init] bandwidth 800 max_credits 26 tx_time 152
[1590191.369828] NVMeVirt: [chmodel_init] bandwidth 3360 max_credits 110 tx_time 36
[1590191.369831] NVMeVirt: Fixed CAT init ns=0 part=0 arm=37 k=7 scale_pct=100 age_ratio=7
[1590191.370732] NVMeVirt: pqueue: Copyright (c) 2014, Volkan Yazıcı <volkan.yazici@gmail.com>. All rights reserved.
[1590191.370768] NVMeVirt: Init FTL instance with 2 channels (524288 pages)
[1590191.370769] NVMeVirt: GC victim policy: greedy ns=0 part=0 initial_k=7 initial_scale_pct=100 initial_age_ratio=7 warmup_gc=100
[1590191.381556] NVMeVirt: [chmodel_init] bandwidth 800 max_credits 26 tx_time 152
[1590191.392546] NVMeVirt: [chmodel_init] bandwidth 800 max_credits 26 tx_time 152
[1590191.392561] NVMeVirt: [chmodel_init] bandwidth 3360 max_credits 110 tx_time 36
[1590191.392563] NVMeVirt: Fixed CAT init ns=0 part=1 arm=37 k=7 scale_pct=100 age_ratio=7
[1590191.393534] NVMeVirt: Init FTL instance with 2 channels (524288 pages)
[1590191.393537] NVMeVirt: GC victim policy: greedy ns=0 part=1 initial_k=7 initial_scale_pct=100 initial_age_ratio=7 warmup_gc=100
[1590191.404956] NVMeVirt: [chmodel_init] bandwidth 800 max_credits 26 tx_time 152
[1590191.416042] NVMeVirt: [chmodel_init] bandwidth 800 max_credits 26 tx_time 152
[1590191.416063] NVMeVirt: [chmodel_init] bandwidth 3360 max_credits 110 tx_time 36
[1590191.416066] NVMeVirt: Fixed CAT init ns=0 part=2 arm=37 k=7 scale_pct=100 age_ratio=7
[1590191.417371] NVMeVirt: Init FTL instance with 2 channels (524288 pages)
[1590191.417378] NVMeVirt: GC victim policy: greedy ns=0 part=2 initial_k=7 initial_scale_pct=100 initial_age_ratio=7 warmup_gc=100
[1590191.428518] NVMeVirt: [chmodel_init] bandwidth 800 max_credits 26 tx_time 152
[1590191.439199] NVMeVirt: [chmodel_init] bandwidth 800 max_credits 26 tx_time 152
[1590191.439228] NVMeVirt: [chmodel_init] bandwidth 3360 max_credits 110 tx_time 36
[1590191.439231] NVMeVirt: Fixed CAT init ns=0 part=3 arm=37 k=7 scale_pct=100 age_ratio=7
[1590191.440117] NVMeVirt: Init FTL instance with 2 channels (524288 pages)
[1590191.440120] NVMeVirt: GC victim policy: greedy ns=0 part=3 initial_k=7 initial_scale_pct=100 initial_age_ratio=7 warmup_gc=100
[1590191.440127] NVMeVirt: FTL physical space: 8588886016, logical space: 8026996276 (physical/logical * 100 = 107)
[1590191.440129] NVMeVirt: ns 0/1: size 7655 MiB
[1590191.440216] PCI host bridge to bus 0001:10
[1590191.440219] pci_bus 0001:10: root bus resource [io  0x0000-0xffff]
[1590191.440223] pci_bus 0001:10: root bus resource [mem 0x00000000-0x7fffffffff]
[1590191.440225] pci_bus 0001:10: root bus resource [bus 00-ff]
[1590191.440236] pci 0001:10:00.0: [0c51:0110] type 00 class 0x010802 PCIe Endpoint
[1590191.440241] pci 0001:10:00.0: BAR 0 [mem 0x100000000-0x100003fff 64bit]
[1590191.440244] pci 0001:10:00.0: enabling Extended Tags
[1590191.440399] NVMeVirt: Virtual PCI bus created (node 0)
[1590191.440722] NVMeVirt: nvmev_io_worker_0 started on cpu 2 (node 0)
[1590191.440867] NVMeVirt: nvmev_dispatcher started on cpu 1 (node 0)
[1590191.440881] NVMeVirt: Virtual NVMe device created
[1590191.440989] nvme nvme0: pci function 0001:10:00.0
[1590191.445135] nvme nvme0: 8/0/0 default/read/poll queues
[1590192.140793] EXT4-fs (nvme0n1): mounted filesystem 6c7d4e9d-7cb7-472b-bd2c-31bf189af879 r/w with ordered data mode. Quota mode: none.
[1590274.562210] NVMeVirt: Fixed CAT init ns=0 part=0 arm=37 k=7 scale_pct=100 age_ratio=7
[1590274.562217] NVMeVirt: Fixed CAT init ns=0 part=1 arm=37 k=7 scale_pct=100 age_ratio=7
[1590274.562219] NVMeVirt: Fixed CAT init ns=0 part=2 arm=37 k=7 scale_pct=100 age_ratio=7
[1590274.562221] NVMeVirt: Fixed CAT init ns=0 part=3 arm=37 k=7 scale_pct=100 age_ratio=7
[1590274.562223] NVMeVirt: Measurement: command=start epoch=1 host_bytes=0 learner_active=1
[1590274.570645] mix-t4-greedy-1839375 phase=A START
[1590874.887133] mix-t4-greedy-1839375 phase=A END
[1590874.971044] NVMeVirt: Measurement: command=stop epoch=1 host_bytes=98375864320 learner_active=0
[1590875.080184] EXT4-fs (nvme0n1): unmounting filesystem 6c7d4e9d-7cb7-472b-bd2c-31bf189af879.
[1590875.148194] pci_bus 0001:10: busn_res: [bus 10-ff] is released
[1590875.148338] NVMeVirt: GC stats: ns=0 policy=greedy host_pages=24017545 gc_pages=29904930 gc_count=842538 WAF=2.245 warmup_gc=100-per-part
[1590875.230660] NVMeVirt: Virtual NVMe device closed
[1590875.582445] tee (1840250): drop_caches: 3
[1590881.162794] mix-t4-fixed37-1840252 BEGIN
[1590881.316639] NVMeVirt: Version 1.10 for >> Samsung 970 Pro SSD <<
[1590881.316646] NVMeVirt: Storage: 0x100100000-0x300000000 (8191 MiB)
[1590881.327474] NVMeVirt: Total Capacity(GiB,MiB)=2,2048 chs=2 luns=4 lines=8192 blk-size(MiB,KiB)=0,64 line-size(MiB,KiB)=0,256
[1590881.339144] NVMeVirt: [chmodel_init] bandwidth 800 max_credits 26 tx_time 152
[1590881.350361] NVMeVirt: [chmodel_init] bandwidth 800 max_credits 26 tx_time 152
[1590881.350375] NVMeVirt: [chmodel_init] bandwidth 3360 max_credits 110 tx_time 36
[1590881.350378] NVMeVirt: Fixed CAT init ns=0 part=0 arm=37 k=7 scale_pct=100 age_ratio=7
[1590881.351628] NVMeVirt: pqueue: Copyright (c) 2014, Volkan Yazıcı <volkan.yazici@gmail.com>. All rights reserved.
[1590881.351663] NVMeVirt: Init FTL instance with 2 channels (524288 pages)
[1590881.351665] NVMeVirt: GC victim policy: cat-fig7-fixed ns=0 part=0 initial_k=7 initial_scale_pct=100 initial_age_ratio=7 warmup_gc=100
[1590881.362806] NVMeVirt: [chmodel_init] bandwidth 800 max_credits 26 tx_time 152
[1590881.373608] NVMeVirt: [chmodel_init] bandwidth 800 max_credits 26 tx_time 152
[1590881.373623] NVMeVirt: [chmodel_init] bandwidth 3360 max_credits 110 tx_time 36
[1590881.373625] NVMeVirt: Fixed CAT init ns=0 part=1 arm=37 k=7 scale_pct=100 age_ratio=7
[1590881.374941] NVMeVirt: Init FTL instance with 2 channels (524288 pages)
[1590881.374944] NVMeVirt: GC victim policy: cat-fig7-fixed ns=0 part=1 initial_k=7 initial_scale_pct=100 initial_age_ratio=7 warmup_gc=100
[1590881.385861] NVMeVirt: [chmodel_init] bandwidth 800 max_credits 26 tx_time 152
[1590881.396806] NVMeVirt: [chmodel_init] bandwidth 800 max_credits 26 tx_time 152
[1590881.396820] NVMeVirt: [chmodel_init] bandwidth 3360 max_credits 110 tx_time 36
[1590881.396822] NVMeVirt: Fixed CAT init ns=0 part=2 arm=37 k=7 scale_pct=100 age_ratio=7
[1590881.398149] NVMeVirt: Init FTL instance with 2 channels (524288 pages)
[1590881.398152] NVMeVirt: GC victim policy: cat-fig7-fixed ns=0 part=2 initial_k=7 initial_scale_pct=100 initial_age_ratio=7 warmup_gc=100
[1590881.409345] NVMeVirt: [chmodel_init] bandwidth 800 max_credits 26 tx_time 152
[1590881.420361] NVMeVirt: [chmodel_init] bandwidth 800 max_credits 26 tx_time 152
[1590881.420399] NVMeVirt: [chmodel_init] bandwidth 3360 max_credits 110 tx_time 36
[1590881.420414] NVMeVirt: Fixed CAT init ns=0 part=3 arm=37 k=7 scale_pct=100 age_ratio=7
[1590881.422003] NVMeVirt: Init FTL instance with 2 channels (524288 pages)
[1590881.422007] NVMeVirt: GC victim policy: cat-fig7-fixed ns=0 part=3 initial_k=7 initial_scale_pct=100 initial_age_ratio=7 warmup_gc=100
[1590881.422016] NVMeVirt: FTL physical space: 8588886016, logical space: 8026996276 (physical/logical * 100 = 107)
[1590881.422018] NVMeVirt: ns 0/1: size 7655 MiB
[1590881.422138] PCI host bridge to bus 0001:10
[1590881.422141] pci_bus 0001:10: root bus resource [io  0x0000-0xffff]
[1590881.422145] pci_bus 0001:10: root bus resource [mem 0x00000000-0x7fffffffff]
[1590881.422147] pci_bus 0001:10: root bus resource [bus 00-ff]
[1590881.422158] pci 0001:10:00.0: [0c51:0110] type 00 class 0x010802 PCIe Endpoint
[1590881.422163] pci 0001:10:00.0: BAR 0 [mem 0x100000000-0x100003fff 64bit]
[1590881.422166] pci 0001:10:00.0: enabling Extended Tags
[1590881.422329] NVMeVirt: Virtual PCI bus created (node 0)
[1590881.422694] NVMeVirt: nvmev_io_worker_0 started on cpu 2 (node 0)
[1590881.422799] NVMeVirt: nvmev_dispatcher started on cpu 1 (node 0)
[1590881.422844] NVMeVirt: Virtual NVMe device created
[1590881.423003] nvme nvme0: pci function 0001:10:00.0
[1590881.428961] nvme nvme0: 8/0/0 default/read/poll queues
[1590882.154953] EXT4-fs (nvme0n1): mounted filesystem ed48981f-67e1-434c-85ce-b08431dcaa6a r/w with ordered data mode. Quota mode: none.
[1590964.549609] NVMeVirt: Fixed CAT init ns=0 part=0 arm=37 k=7 scale_pct=100 age_ratio=7
[1590964.549616] NVMeVirt: Fixed CAT init ns=0 part=1 arm=37 k=7 scale_pct=100 age_ratio=7
[1590964.549618] NVMeVirt: Fixed CAT init ns=0 part=2 arm=37 k=7 scale_pct=100 age_ratio=7
[1590964.549621] NVMeVirt: Fixed CAT init ns=0 part=3 arm=37 k=7 scale_pct=100 age_ratio=7
[1590964.549623] NVMeVirt: Measurement: command=start epoch=1 host_bytes=0 learner_active=1
[1590964.558145] mix-t4-fixed37-1840252 phase=A START
[1591564.878092] mix-t4-fixed37-1840252 phase=A END
[1591564.919536] NVMeVirt: Measurement: command=stop epoch=1 host_bytes=98306695168 learner_active=0
[1591565.060899] EXT4-fs (nvme0n1): unmounting filesystem ed48981f-67e1-434c-85ce-b08431dcaa6a.
[1591565.127970] pci_bus 0001:10: busn_res: [bus 10-ff] is released
[1591565.128126] NVMeVirt: GC stats: ns=0 policy=cat-fig7-fixed host_pages=24000658 gc_pages=23370844 gc_count=740180 WAF=1.973 warmup_gc=100-per-part
[1591565.210932] NVMeVirt: Virtual NVMe device closed
[1591659.732447] tee (1841251): drop_caches: 3
[1591665.358499] mix-mixO-onlinev4-1841252 BEGIN
[1591665.520797] NVMeVirt: Version 1.10 for >> Samsung 970 Pro SSD <<
[1591665.520803] NVMeVirt: Storage: 0x100100000-0x300000000 (8191 MiB)
[1591665.531344] NVMeVirt: Total Capacity(GiB,MiB)=2,2048 chs=2 luns=4 lines=8192 blk-size(MiB,KiB)=0,64 line-size(MiB,KiB)=0,256
[1591665.544581] NVMeVirt: [chmodel_init] bandwidth 800 max_credits 26 tx_time 152
[1591665.555452] NVMeVirt: [chmodel_init] bandwidth 800 max_credits 26 tx_time 152
[1591665.555466] NVMeVirt: [chmodel_init] bandwidth 3360 max_credits 110 tx_time 36
[1591665.555468] NVMeVirt: WATGC_V2 init ns=0 part=0 arms=60 initial=37 prior=none gamma_q16=65503 exploration_q16=16384
[1591665.556545] NVMeVirt: pqueue: Copyright (c) 2014, Volkan Yazıcı <volkan.yazici@gmail.com>. All rights reserved.
[1591665.556584] NVMeVirt: Init FTL instance with 2 channels (524288 pages)
[1591665.556586] NVMeVirt: GC victim policy: watgc-v2 ns=0 part=0 initial_k=7 initial_scale_pct=100 initial_age_ratio=7 warmup_gc=100
[1591665.567360] NVMeVirt: [chmodel_init] bandwidth 800 max_credits 26 tx_time 152
[1591665.581748] NVMeVirt: [chmodel_init] bandwidth 800 max_credits 26 tx_time 152
[1591665.581762] NVMeVirt: [chmodel_init] bandwidth 3360 max_credits 110 tx_time 36
[1591665.581765] NVMeVirt: WATGC_V2 init ns=0 part=1 arms=60 initial=37 prior=none gamma_q16=65503 exploration_q16=16384
[1591665.582700] NVMeVirt: Init FTL instance with 2 channels (524288 pages)
[1591665.582703] NVMeVirt: GC victim policy: watgc-v2 ns=0 part=1 initial_k=7 initial_scale_pct=100 initial_age_ratio=7 warmup_gc=100
[1591665.593135] NVMeVirt: [chmodel_init] bandwidth 800 max_credits 26 tx_time 152
[1591665.603751] NVMeVirt: [chmodel_init] bandwidth 800 max_credits 26 tx_time 152
[1591665.603773] NVMeVirt: [chmodel_init] bandwidth 3360 max_credits 110 tx_time 36
[1591665.603776] NVMeVirt: WATGC_V2 init ns=0 part=2 arms=60 initial=37 prior=none gamma_q16=65503 exploration_q16=16384
[1591665.605703] NVMeVirt: Init FTL instance with 2 channels (524288 pages)
[1591665.605714] NVMeVirt: GC victim policy: watgc-v2 ns=0 part=2 initial_k=7 initial_scale_pct=100 initial_age_ratio=7 warmup_gc=100
[1591665.619404] NVMeVirt: [chmodel_init] bandwidth 800 max_credits 26 tx_time 152
[1591665.629998] NVMeVirt: [chmodel_init] bandwidth 800 max_credits 26 tx_time 152
[1591665.630010] NVMeVirt: [chmodel_init] bandwidth 3360 max_credits 110 tx_time 36
[1591665.630012] NVMeVirt: WATGC_V2 init ns=0 part=3 arms=60 initial=37 prior=none gamma_q16=65503 exploration_q16=16384
[1591665.630918] NVMeVirt: Init FTL instance with 2 channels (524288 pages)
[1591665.630921] NVMeVirt: GC victim policy: watgc-v2 ns=0 part=3 initial_k=7 initial_scale_pct=100 initial_age_ratio=7 warmup_gc=100
[1591665.630929] NVMeVirt: FTL physical space: 8588886016, logical space: 8026996276 (physical/logical * 100 = 107)
[1591665.630931] NVMeVirt: ns 0/1: size 7655 MiB
[1591665.630986] PCI host bridge to bus 0001:10
[1591665.630989] pci_bus 0001:10: root bus resource [io  0x0000-0xffff]
[1591665.630992] pci_bus 0001:10: root bus resource [mem 0x00000000-0x7fffffffff]
[1591665.630994] pci_bus 0001:10: root bus resource [bus 00-ff]
[1591665.631002] pci 0001:10:00.0: [0c51:0110] type 00 class 0x010802 PCIe Endpoint
[1591665.631006] pci 0001:10:00.0: BAR 0 [mem 0x100000000-0x100003fff 64bit]
[1591665.631009] pci 0001:10:00.0: enabling Extended Tags
[1591665.631193] NVMeVirt: Virtual PCI bus created (node 0)
[1591665.631585] NVMeVirt: nvmev_io_worker_0 started on cpu 2 (node 0)
[1591665.631611] NVMeVirt: nvmev_dispatcher started on cpu 1 (node 0)
[1591665.631649] NVMeVirt: Virtual NVMe device created
[1591665.631792] nvme nvme0: pci function 0001:10:00.0
[1591665.635330] nvme nvme0: 8/0/0 default/read/poll queues
[1591666.225345] EXT4-fs (nvme0n1): mounted filesystem 29f417b0-f2ee-42d9-8404-ca896360cab1 r/w with ordered data mode. Quota mode: none.
[1591748.696747] NVMeVirt: WATGC_V2 init ns=0 part=0 arms=60 initial=37 prior=none gamma_q16=65503 exploration_q16=16384
[1591748.696753] NVMeVirt: WATGC_V2 init ns=0 part=1 arms=60 initial=37 prior=none gamma_q16=65503 exploration_q16=16384
[1591748.696755] NVMeVirt: WATGC_V2 init ns=0 part=2 arms=60 initial=37 prior=none gamma_q16=65503 exploration_q16=16384
[1591748.696757] NVMeVirt: WATGC_V2 init ns=0 part=3 arms=60 initial=37 prior=none gamma_q16=65503 exploration_q16=16384
[1591748.696758] NVMeVirt: Measurement: command=start epoch=1 host_bytes=0 learner_active=1
[1591748.764957] mix-mixO-onlinev4-1841252 phase=A START
[1591749.126409] NVMeVirt: WATGC_V2 warmup-done ns=0 part=1 gc_count=2816
[1591749.126689] NVMeVirt: WATGC_V2 warmup-done ns=0 part=3 gc_count=2822
[1591749.127096] NVMeVirt: WATGC_V2 warmup-done ns=0 part=0 gc_count=2835
[1591749.127370] NVMeVirt: WATGC_V2 warmup-done ns=0 part=2 gc_count=2816
[1591769.859181] NVMeVirt: WATGC_V2 sample ns=0 part=3 epoch=1 window=1 phase=measure evaluated=37 k=7 scale_pct=100 age_ratio=7 host=131079 gc_pages=109159 gc_count=3754 waf_q16=120112 best=37 next=15 settled=0 active=45
[1591769.867469] NVMeVirt: WATGC_V2 sample ns=0 part=1 epoch=1 window=1 phase=measure evaluated=37 k=7 scale_pct=100 age_ratio=7 host=131089 gc_pages=109410 gc_count=3758 waf_q16=120233 best=37 next=15 settled=0 active=45
[1591769.940895] NVMeVirt: WATGC_V2 sample ns=0 part=0 epoch=1 window=1 phase=measure evaluated=37 k=7 scale_pct=100 age_ratio=7 host=131099 gc_pages=109209 gc_count=3755 waf_q16=120129 best=37 next=15 settled=0 active=45
[1591769.969380] NVMeVirt: WATGC_V2 sample ns=0 part=2 epoch=1 window=1 phase=measure evaluated=37 k=7 scale_pct=100 age_ratio=7 host=131088 gc_pages=109155 gc_count=3754 waf_q16=120106 best=37 next=15 settled=0 active=45
[1591792.950598] NVMeVirt: WATGC_V2 sample ns=0 part=0 epoch=1 window=2 phase=measure evaluated=15 k=4 scale_pct=25 age_ratio=4 host=131092 gc_pages=53868 gc_count=2890 waf_q16=92465 best=15 next=16 settled=0 active=45
[1591793.049688] NVMeVirt: WATGC_V2 sample ns=0 part=1 epoch=1 window=2 phase=measure evaluated=15 k=4 scale_pct=25 age_ratio=4 host=131082 gc_pages=48952 gc_count=2813 waf_q16=90010 best=15 next=16 settled=0 active=45
[1591793.240350] NVMeVirt: WATGC_V2 sample ns=0 part=2 epoch=1 window=2 phase=measure evaluated=15 k=4 scale_pct=25 age_ratio=4 host=131087 gc_pages=50863 gc_count=2843 waf_q16=90964 best=15 next=16 settled=0 active=45
[1591793.430811] NVMeVirt: WATGC_V2 sample ns=0 part=3 epoch=1 window=2 phase=measure evaluated=15 k=4 scale_pct=25 age_ratio=4 host=131078 gc_pages=48314 gc_count=2803 waf_q16=89691 best=15 next=16 settled=0 active=45
[1591817.407491] NVMeVirt: WATGC_V2 sample ns=0 part=0 epoch=1 window=3 phase=measure evaluated=16 k=4 scale_pct=25 age_ratio=7 host=131113 gc_pages=42973 gc_count=2720 waf_q16=87015 best=16 next=17 settled=0 active=45
[1591817.634938] NVMeVirt: WATGC_V2 sample ns=0 part=1 epoch=1 window=3 phase=measure evaluated=16 k=4 scale_pct=25 age_ratio=7 host=131103 gc_pages=43487 gc_count=2728 waf_q16=87274 best=16 next=17 settled=0 active=45
[1591817.824027] NVMeVirt: WATGC_V2 sample ns=0 part=3 epoch=1 window=3 phase=measure evaluated=16 k=4 scale_pct=25 age_ratio=7 host=131076 gc_pages=43125 gc_count=2722 waf_q16=87097 best=16 next=17 settled=0 active=45
[1591817.884795] NVMeVirt: WATGC_V2 sample ns=0 part=2 epoch=1 window=3 phase=measure evaluated=16 k=4 scale_pct=25 age_ratio=7 host=131080 gc_pages=43126 gc_count=2722 waf_q16=87097 best=16 next=17 settled=0 active=45
[1591840.767608] NVMeVirt: WATGC_V2 sample ns=0 part=1 epoch=1 window=4 phase=measure evaluated=17 k=4 scale_pct=25 age_ratio=16 host=131073 gc_pages=51198 gc_count=2848 waf_q16=91134 best=16 next=18 settled=0 active=45
[1591840.902989] NVMeVirt: WATGC_V2 sample ns=0 part=2 epoch=1 window=4 phase=measure evaluated=17 k=4 scale_pct=25 age_ratio=16 host=131114 gc_pages=47702 gc_count=2794 waf_q16=89379 best=16 next=18 settled=0 active=45
[1591841.153588] NVMeVirt: WATGC_V2 sample ns=0 part=0 epoch=1 window=4 phase=measure evaluated=17 k=4 scale_pct=25 age_ratio=16 host=131114 gc_pages=50453 gc_count=2837 waf_q16=90754 best=16 next=18 settled=0 active=45
[1591841.335830] NVMeVirt: WATGC_V2 sample ns=0 part=3 epoch=1 window=4 phase=measure evaluated=17 k=4 scale_pct=25 age_ratio=16 host=131079 gc_pages=48439 gc_count=2805 waf_q16=89754 best=16 next=18 settled=0 active=45
[1591863.837859] NVMeVirt: WATGC_V2 sample ns=0 part=1 epoch=1 window=5 phase=measure evaluated=18 k=4 scale_pct=50 age_ratio=4 host=131078 gc_pages=31547 gc_count=2541 waf_q16=81308 best=18 next=19 settled=0 active=45
[1591864.100553] NVMeVirt: WATGC_V2 sample ns=0 part=2 epoch=1 window=5 phase=measure evaluated=18 k=4 scale_pct=50 age_ratio=4 host=131092 gc_pages=31856 gc_count=2546 waf_q16=81461 best=18 next=19 settled=0 active=45
[1591864.103393] NVMeVirt: WATGC_V2 sample ns=0 part=0 epoch=1 window=5 phase=measure evaluated=18 k=4 scale_pct=50 age_ratio=4 host=131076 gc_pages=32124 gc_count=2550 waf_q16=81597 best=18 next=19 settled=0 active=45
[1591864.362541] NVMeVirt: WATGC_V2 sample ns=0 part=3 epoch=1 window=5 phase=measure evaluated=18 k=4 scale_pct=50 age_ratio=4 host=131103 gc_pages=31717 gc_count=2544 waf_q16=81390 best=18 next=19 settled=0 active=45
[1591886.529731] NVMeVirt: WATGC_V2 sample ns=0 part=1 epoch=1 window=6 phase=measure evaluated=19 k=4 scale_pct=50 age_ratio=7 host=131074 gc_pages=35902 gc_count=2609 waf_q16=83486 best=18 next=20 settled=0 active=45
[1591886.888946] NVMeVirt: WATGC_V2 sample ns=0 part=3 epoch=1 window=6 phase=measure evaluated=19 k=4 scale_pct=50 age_ratio=7 host=131107 gc_pages=36003 gc_count=2611 waf_q16=83532 best=18 next=20 settled=0 active=45
[1591886.889076] NVMeVirt: WATGC_V2 sample ns=0 part=2 epoch=1 window=6 phase=measure evaluated=19 k=4 scale_pct=50 age_ratio=7 host=131075 gc_pages=35454 gc_count=2602 waf_q16=83262 best=18 next=20 settled=0 active=45
[1591886.890444] NVMeVirt: WATGC_V2 sample ns=0 part=0 epoch=1 window=6 phase=measure evaluated=19 k=4 scale_pct=50 age_ratio=7 host=131113 gc_pages=36183 gc_count=2614 waf_q16=83621 best=18 next=20 settled=0 active=45
[1591910.122195] NVMeVirt: WATGC_V2 sample ns=0 part=1 epoch=1 window=7 phase=measure evaluated=20 k=4 scale_pct=50 age_ratio=16 host=131076 gc_pages=34861 gc_count=2593 waf_q16=82965 best=18 next=21 settled=0 active=45
[1591910.692188] NVMeVirt: WATGC_V2 sample ns=0 part=2 epoch=1 window=7 phase=measure evaluated=20 k=4 scale_pct=50 age_ratio=16 host=131079 gc_pages=34745 gc_count=2591 waf_q16=82907 best=18 next=21 settled=0 active=45
[1591910.784317] NVMeVirt: WATGC_V2 sample ns=0 part=3 epoch=1 window=7 phase=measure evaluated=20 k=4 scale_pct=50 age_ratio=16 host=131120 gc_pages=34063 gc_count=2581 waf_q16=82561 best=18 next=21 settled=0 active=45
[1591910.790677] NVMeVirt: WATGC_V2 sample ns=0 part=0 epoch=1 window=7 phase=measure evaluated=20 k=4 scale_pct=50 age_ratio=16 host=131074 gc_pages=35389 gc_count=2601 waf_q16=83230 best=18 next=21 settled=0 active=45
[1591933.358635] NVMeVirt: WATGC_V2 sample ns=0 part=1 epoch=1 window=8 phase=measure evaluated=21 k=4 scale_pct=100 age_ratio=4 host=131095 gc_pages=32617 gc_count=2558 waf_q16=81841 best=18 next=22 settled=0 active=45
[1591934.316878] NVMeVirt: WATGC_V2 sample ns=0 part=3 epoch=1 window=8 phase=measure evaluated=21 k=4 scale_pct=100 age_ratio=4 host=131085 gc_pages=32309 gc_count=2553 waf_q16=81688 best=18 next=22 settled=0 active=45
[1591934.331169] NVMeVirt: WATGC_V2 sample ns=0 part=2 epoch=1 window=8 phase=measure evaluated=21 k=4 scale_pct=100 age_ratio=4 host=131110 gc_pages=32601 gc_count=2558 waf_q16=81831 best=18 next=22 settled=0 active=45
[1591934.548551] NVMeVirt: WATGC_V2 sample ns=0 part=0 epoch=1 window=8 phase=measure evaluated=21 k=4 scale_pct=100 age_ratio=4 host=131091 gc_pages=32812 gc_count=2561 waf_q16=81939 best=18 next=22 settled=0 active=45
[1591957.366730] NVMeVirt: WATGC_V2 sample ns=0 part=1 epoch=1 window=9 phase=measure evaluated=22 k=4 scale_pct=100 age_ratio=7 host=131108 gc_pages=34010 gc_count=2580 waf_q16=82536 best=18 next=23 settled=0 active=45
[1591958.074670] NVMeVirt: WATGC_V2 sample ns=0 part=2 epoch=1 window=9 phase=measure evaluated=22 k=4 scale_pct=100 age_ratio=7 host=131113 gc_pages=34711 gc_count=2591 waf_q16=82886 best=18 next=23 settled=0 active=45
[1591958.094527] NVMeVirt: WATGC_V2 sample ns=0 part=3 epoch=1 window=9 phase=measure evaluated=22 k=4 scale_pct=100 age_ratio=7 host=131080 gc_pages=34414 gc_count=2586 waf_q16=82741 best=18 next=23 settled=0 active=45
[1591958.397622] NVMeVirt: WATGC_V2 sample ns=0 part=0 epoch=1 window=9 phase=measure evaluated=22 k=4 scale_pct=100 age_ratio=7 host=131114 gc_pages=35159 gc_count=2598 waf_q16=83109 best=18 next=23 settled=0 active=45
[1591980.736142] NVMeVirt: WATGC_V2 sample ns=0 part=1 epoch=1 window=10 phase=measure evaluated=23 k=4 scale_pct=100 age_ratio=16 host=131113 gc_pages=34134 gc_count=2582 waf_q16=82597 best=18 next=24 settled=0 active=45
[1591981.454506] NVMeVirt: WATGC_V2 sample ns=0 part=3 epoch=1 window=10 phase=measure evaluated=23 k=4 scale_pct=100 age_ratio=16 host=131077 gc_pages=34107 gc_count=2581 waf_q16=82588 best=18 next=24 settled=0 active=45
[1591981.653330] NVMeVirt: WATGC_V2 sample ns=0 part=0 epoch=1 window=10 phase=measure evaluated=23 k=4 scale_pct=100 age_ratio=16 host=131120 gc_pages=35197 gc_count=2599 waf_q16=83128 best=18 next=24 settled=0 active=45
[1591981.807781] NVMeVirt: WATGC_V2 sample ns=0 part=2 epoch=1 window=10 phase=measure evaluated=23 k=4 scale_pct=100 age_ratio=16 host=131109 gc_pages=34072 gc_count=2581 waf_q16=82567 best=18 next=24 settled=0 active=45
[1592003.448779] NVMeVirt: WATGC_V2 sample ns=0 part=1 epoch=1 window=11 phase=measure evaluated=24 k=4 scale_pct=200 age_ratio=4 host=131077 gc_pages=32763 gc_count=2560 waf_q16=81916 best=18 next=25 settled=0 active=45
[1592004.585266] NVMeVirt: WATGC_V2 sample ns=0 part=3 epoch=1 window=11 phase=measure evaluated=24 k=4 scale_pct=200 age_ratio=4 host=131110 gc_pages=32416 gc_count=2555 waf_q16=81739 best=18 next=25 settled=0 active=45
[1592004.612708] NVMeVirt: WATGC_V2 sample ns=0 part=0 epoch=1 window=11 phase=measure evaluated=24 k=4 scale_pct=200 age_ratio=4 host=131109 gc_pages=32987 gc_count=2564 waf_q16=82024 best=18 next=25 settled=0 active=45
[1592004.856100] NVMeVirt: WATGC_V2 sample ns=0 part=2 epoch=1 window=11 phase=measure evaluated=24 k=4 scale_pct=200 age_ratio=4 host=131113 gc_pages=32664 gc_count=2559 waf_q16=81862 best=18 next=25 settled=0 active=45
[1592026.963596] NVMeVirt: WATGC_V2 sample ns=0 part=1 epoch=1 window=12 phase=measure evaluated=25 k=4 scale_pct=200 age_ratio=7 host=131080 gc_pages=34104 gc_count=2581 waf_q16=82586 best=18 next=26 settled=0 active=45
[1592028.352948] NVMeVirt: WATGC_V2 sample ns=0 part=0 epoch=1 window=12 phase=measure evaluated=25 k=4 scale_pct=200 age_ratio=7 host=131095 gc_pages=34669 gc_count=2590 waf_q16=82867 best=18 next=26 settled=0 active=45
[1592028.355278] NVMeVirt: WATGC_V2 sample ns=0 part=3 epoch=1 window=12 phase=measure evaluated=25 k=4 scale_pct=200 age_ratio=7 host=131080 gc_pages=33721 gc_count=2575 waf_q16=82395 best=18 next=26 settled=0 active=45
[1592028.584113] NVMeVirt: WATGC_V2 sample ns=0 part=2 epoch=1 window=12 phase=measure evaluated=25 k=4 scale_pct=200 age_ratio=7 host=131084 gc_pages=33909 gc_count=2578 waf_q16=82488 best=18 next=26 settled=0 active=45
[1592051.574091] NVMeVirt: WATGC_V2 sample ns=0 part=1 epoch=1 window=13 phase=measure evaluated=26 k=4 scale_pct=200 age_ratio=16 host=131107 gc_pages=34907 gc_count=2594 waf_q16=82984 best=18 next=27 settled=0 active=45
[1592052.510549] NVMeVirt: WATGC_V2 sample ns=0 part=0 epoch=1 window=13 phase=measure evaluated=26 k=4 scale_pct=200 age_ratio=16 host=131088 gc_pages=34799 gc_count=2592 waf_q16=82933 best=18 next=27 settled=0 active=45
[1592052.521737] NVMeVirt: WATGC_V2 sample ns=0 part=3 epoch=1 window=13 phase=measure evaluated=26 k=4 scale_pct=200 age_ratio=16 host=131091 gc_pages=34477 gc_count=2587 waf_q16=82772 best=18 next=27 settled=0 active=45
[1592053.010039] NVMeVirt: WATGC_V2 sample ns=0 part=2 epoch=1 window=13 phase=measure evaluated=26 k=4 scale_pct=200 age_ratio=16 host=131103 gc_pages=34146 gc_count=2582 waf_q16=82604 best=18 next=27 settled=0 active=45
[1592074.718201] NVMeVirt: WATGC_V2 sample ns=0 part=1 epoch=1 window=14 phase=measure evaluated=27 k=4 scale_pct=400 age_ratio=4 host=131112 gc_pages=33751 gc_count=2576 waf_q16=82406 best=18 next=28 settled=0 active=45
[1592075.323889] NVMeVirt: WATGC_V2 sample ns=0 part=0 epoch=1 window=14 phase=measure evaluated=27 k=4 scale_pct=400 age_ratio=4 host=131114 gc_pages=34581 gc_count=2589 waf_q16=82820 best=18 next=28 settled=0 active=45
[1592075.432744] NVMeVirt: WATGC_V2 sample ns=0 part=3 epoch=1 window=14 phase=measure evaluated=27 k=4 scale_pct=400 age_ratio=4 host=131111 gc_pages=33945 gc_count=2579 waf_q16=82503 best=18 next=28 settled=0 active=45
[1592075.672923] NVMeVirt: WATGC_V2 sample ns=0 part=2 epoch=1 window=14 phase=measure evaluated=27 k=4 scale_pct=400 age_ratio=4 host=131124 gc_pages=34056 gc_count=2581 waf_q16=82557 best=18 next=28 settled=0 active=45
[1592098.177149] NVMeVirt: WATGC_V2 sample ns=0 part=1 epoch=1 window=15 phase=measure evaluated=28 k=4 scale_pct=400 age_ratio=7 host=131086 gc_pages=34931 gc_count=2594 waf_q16=82999 best=18 next=29 settled=0 active=45
[1592098.507579] NVMeVirt: WATGC_V2 sample ns=0 part=0 epoch=1 window=15 phase=measure evaluated=28 k=4 scale_pct=400 age_ratio=7 host=131115 gc_pages=35732 gc_count=2607 waf_q16=83396 best=18 next=29 settled=0 active=45
[1592098.689578] NVMeVirt: WATGC_V2 sample ns=0 part=3 epoch=1 window=15 phase=measure evaluated=28 k=4 scale_pct=400 age_ratio=7 host=131114 gc_pages=34837 gc_count=2593 waf_q16=82948 best=18 next=29 settled=0 active=45
[1592098.832407] NVMeVirt: WATGC_V2 sample ns=0 part=2 epoch=1 window=15 phase=measure evaluated=28 k=4 scale_pct=400 age_ratio=7 host=131108 gc_pages=35036 gc_count=2596 waf_q16=83049 best=18 next=29 settled=0 active=45
[1592123.438914] NVMeVirt: WATGC_V2 sample ns=0 part=1 epoch=1 window=16 phase=measure evaluated=29 k=4 scale_pct=400 age_ratio=16 host=131094 gc_pages=33705 gc_count=2575 waf_q16=82385 best=18 next=30 settled=0 active=45
[1592123.684324] NVMeVirt: WATGC_V2 sample ns=0 part=2 epoch=1 window=16 phase=measure evaluated=29 k=4 scale_pct=400 age_ratio=16 host=131099 gc_pages=34085 gc_count=2581 waf_q16=82574 best=18 next=30 settled=0 active=45
[1592123.719079] NVMeVirt: WATGC_V2 sample ns=0 part=0 epoch=1 window=16 phase=measure evaluated=29 k=4 scale_pct=400 age_ratio=16 host=131075 gc_pages=34940 gc_count=2594 waf_q16=83005 best=18 next=30 settled=0 active=45
[1592123.963498] NVMeVirt: WATGC_V2 sample ns=0 part=3 epoch=1 window=16 phase=measure evaluated=29 k=4 scale_pct=400 age_ratio=16 host=131074 gc_pages=33915 gc_count=2578 waf_q16=82493 best=18 next=30 settled=0 active=45
[1592147.436969] NVMeVirt: WATGC_V2 sample ns=0 part=0 epoch=1 window=17 phase=measure evaluated=30 k=7 scale_pct=25 age_ratio=4 host=131087 gc_pages=31408 gc_count=2539 waf_q16=81238 best=18 next=31 settled=0 active=45
[1592147.445856] NVMeVirt: WATGC_V2 sample ns=0 part=1 epoch=1 window=17 phase=measure evaluated=30 k=7 scale_pct=25 age_ratio=4 host=131075 gc_pages=30974 gc_count=2532 waf_q16=81022 best=18 next=31 settled=0 active=45
[1592147.818610] NVMeVirt: WATGC_V2 sample ns=0 part=3 epoch=1 window=17 phase=measure evaluated=30 k=7 scale_pct=25 age_ratio=4 host=131116 gc_pages=30800 gc_count=2530 waf_q16=80930 best=30 next=31 settled=0 active=45
[1592147.834201] NVMeVirt: WATGC_V2 sample ns=0 part=2 epoch=1 window=17 phase=measure evaluated=30 k=7 scale_pct=25 age_ratio=4 host=131106 gc_pages=31323 gc_count=2538 waf_q16=81193 best=18 next=31 settled=0 active=45
[1592171.512294] NVMeVirt: WATGC_V2 sample ns=0 part=1 epoch=1 window=18 phase=measure evaluated=31 k=7 scale_pct=25 age_ratio=7 host=131084 gc_pages=31860 gc_count=2546 waf_q16=81464 best=18 next=32 settled=0 active=45
[1592171.533832] NVMeVirt: WATGC_V2 sample ns=0 part=0 epoch=1 window=18 phase=measure evaluated=31 k=7 scale_pct=25 age_ratio=7 host=131101 gc_pages=32099 gc_count=2550 waf_q16=81581 best=18 next=32 settled=0 active=45
[1592171.656770] NVMeVirt: WATGC_V2 sample ns=0 part=3 epoch=1 window=18 phase=measure evaluated=31 k=7 scale_pct=25 age_ratio=7 host=131090 gc_pages=31339 gc_count=2538 waf_q16=81203 best=30 next=32 settled=0 active=45
[1592171.696936] NVMeVirt: WATGC_V2 sample ns=0 part=2 epoch=1 window=18 phase=measure evaluated=31 k=7 scale_pct=25 age_ratio=7 host=131104 gc_pages=31710 gc_count=2544 waf_q16=81387 best=18 next=32 settled=0 active=45
[1592195.030158] NVMeVirt: WATGC_V2 sample ns=0 part=0 epoch=1 window=19 phase=measure evaluated=32 k=7 scale_pct=25 age_ratio=16 host=131124 gc_pages=32385 gc_count=2555 waf_q16=81722 best=18 next=33 settled=0 active=45
[1592195.090844] NVMeVirt: WATGC_V2 sample ns=0 part=3 epoch=1 window=19 phase=measure evaluated=32 k=7 scale_pct=25 age_ratio=16 host=131072 gc_pages=32444 gc_count=2555 waf_q16=81758 best=30 next=33 settled=0 active=45
[1592195.120863] NVMeVirt: WATGC_V2 sample ns=0 part=1 epoch=1 window=19 phase=measure evaluated=32 k=7 scale_pct=25 age_ratio=16 host=131077 gc_pages=32311 gc_count=2553 waf_q16=81690 best=18 next=33 settled=0 active=45
[1592195.583922] NVMeVirt: WATGC_V2 sample ns=0 part=2 epoch=1 window=19 phase=measure evaluated=32 k=7 scale_pct=25 age_ratio=16 host=131076 gc_pages=32322 gc_count=2553 waf_q16=81696 best=18 next=33 settled=0 active=45
[1592218.473651] NVMeVirt: WATGC_V2 sample ns=0 part=0 epoch=1 window=20 phase=measure evaluated=33 k=7 scale_pct=50 age_ratio=4 host=131120 gc_pages=30353 gc_count=2523 waf_q16=80706 best=33 next=34 settled=0 active=45
[1592218.488085] NVMeVirt: WATGC_V2 sample ns=0 part=3 epoch=1 window=20 phase=measure evaluated=33 k=7 scale_pct=50 age_ratio=4 host=131080 gc_pages=29753 gc_count=2513 waf_q16=80411 best=33 next=34 settled=0 active=45
[1592218.489019] NVMeVirt: WATGC_V2 sample ns=0 part=1 epoch=1 window=20 phase=measure evaluated=33 k=7 scale_pct=50 age_ratio=4 host=131114 gc_pages=30100 gc_count=2519 waf_q16=80581 best=33 next=34 settled=0 active=45
[1592219.019853] NVMeVirt: WATGC_V2 sample ns=0 part=2 epoch=1 window=20 phase=measure evaluated=33 k=7 scale_pct=50 age_ratio=4 host=131084 gc_pages=30518 gc_count=2525 waf_q16=80793 best=33 next=34 settled=0 active=45
[1592241.870078] NVMeVirt: WATGC_V2 sample ns=0 part=1 epoch=1 window=21 phase=measure evaluated=34 k=7 scale_pct=50 age_ratio=7 host=131080 gc_pages=30457 gc_count=2524 waf_q16=80763 best=33 next=35 settled=0 active=45
[1592242.091471] NVMeVirt: WATGC_V2 sample ns=0 part=3 epoch=1 window=21 phase=measure evaluated=34 k=7 scale_pct=50 age_ratio=7 host=131081 gc_pages=30519 gc_count=2525 waf_q16=80794 best=33 next=35 settled=0 active=45
[1592242.121070] NVMeVirt: WATGC_V2 sample ns=0 part=0 epoch=1 window=21 phase=measure evaluated=34 k=7 scale_pct=50 age_ratio=7 host=131103 gc_pages=30689 gc_count=2528 waf_q16=80876 best=33 next=35 settled=0 active=45
[1592242.412461] NVMeVirt: WATGC_V2 sample ns=0 part=2 epoch=1 window=21 phase=measure evaluated=34 k=7 scale_pct=50 age_ratio=7 host=131081 gc_pages=30455 gc_count=2524 waf_q16=80762 best=33 next=35 settled=0 active=45
[1592265.029059] NVMeVirt: WATGC_V2 sample ns=0 part=1 epoch=1 window=22 phase=measure evaluated=35 k=7 scale_pct=50 age_ratio=16 host=131109 gc_pages=29980 gc_count=2517 waf_q16=80521 best=33 next=36 settled=0 active=45
[1592265.171624] NVMeVirt: WATGC_V2 sample ns=0 part=0 epoch=1 window=22 phase=measure evaluated=35 k=7 scale_pct=50 age_ratio=16 host=131123 gc_pages=31823 gc_count=2546 waf_q16=81441 best=33 next=36 settled=0 active=45
[1592265.480664] NVMeVirt: WATGC_V2 sample ns=0 part=3 epoch=1 window=22 phase=measure evaluated=35 k=7 scale_pct=50 age_ratio=16 host=131118 gc_pages=30224 gc_count=2521 waf_q16=80642 best=33 next=36 settled=0 active=45
[1592265.619393] NVMeVirt: WATGC_V2 sample ns=0 part=2 epoch=1 window=22 phase=measure evaluated=35 k=7 scale_pct=50 age_ratio=16 host=131086 gc_pages=30577 gc_count=2526 waf_q16=80822 best=33 next=36 settled=0 active=45
[1592289.702255] NVMeVirt: WATGC_V2 sample ns=0 part=1 epoch=1 window=23 phase=measure evaluated=36 k=7 scale_pct=100 age_ratio=4 host=131074 gc_pages=29495 gc_count=2509 waf_q16=80283 best=33 next=38 settled=0 active=45
[1592289.803889] NVMeVirt: WATGC_V2 sample ns=0 part=0 epoch=1 window=23 phase=measure evaluated=36 k=7 scale_pct=100 age_ratio=4 host=131101 gc_pages=29409 gc_count=2508 waf_q16=80237 best=36 next=38 settled=0 active=45
[1592289.892450] NVMeVirt: WATGC_V2 sample ns=0 part=3 epoch=1 window=23 phase=measure evaluated=36 k=7 scale_pct=100 age_ratio=4 host=131100 gc_pages=29476 gc_count=2509 waf_q16=80270 best=33 next=38 settled=0 active=45
[1592290.176916] NVMeVirt: WATGC_V2 sample ns=0 part=2 epoch=1 window=23 phase=measure evaluated=36 k=7 scale_pct=100 age_ratio=4 host=131119 gc_pages=29648 gc_count=2512 waf_q16=80354 best=36 next=38 settled=0 active=45
[1592313.555992] NVMeVirt: WATGC_V2 sample ns=0 part=0 epoch=1 window=24 phase=measure evaluated=38 k=7 scale_pct=100 age_ratio=16 host=131091 gc_pages=29932 gc_count=2516 waf_q16=80499 best=36 next=39 settled=0 active=45
[1592313.678585] NVMeVirt: WATGC_V2 sample ns=0 part=3 epoch=1 window=24 phase=measure evaluated=38 k=7 scale_pct=100 age_ratio=16 host=131100 gc_pages=29810 gc_count=2514 waf_q16=80437 best=33 next=39 settled=0 active=45
[1592313.785011] NVMeVirt: WATGC_V2 sample ns=0 part=1 epoch=1 window=24 phase=measure evaluated=38 k=7 scale_pct=100 age_ratio=16 host=131096 gc_pages=29864 gc_count=2515 waf_q16=80465 best=33 next=39 settled=0 active=45
[1592314.326072] NVMeVirt: WATGC_V2 sample ns=0 part=2 epoch=1 window=24 phase=measure evaluated=38 k=7 scale_pct=100 age_ratio=16 host=131109 gc_pages=29531 gc_count=2510 waf_q16=80297 best=36 next=39 settled=0 active=45
[1592337.148015] NVMeVirt: WATGC_V2 sample ns=0 part=1 epoch=1 window=25 phase=measure evaluated=39 k=7 scale_pct=200 age_ratio=4 host=131123 gc_pages=29452 gc_count=2509 waf_q16=80256 best=33 next=40 settled=0 active=45
[1592337.432460] NVMeVirt: WATGC_V2 sample ns=0 part=3 epoch=1 window=25 phase=measure evaluated=39 k=7 scale_pct=200 age_ratio=4 host=131091 gc_pages=29165 gc_count=2504 waf_q16=80116 best=33 next=40 settled=0 active=45
[1592337.599708] NVMeVirt: WATGC_V2 sample ns=0 part=0 epoch=1 window=25 phase=measure evaluated=39 k=7 scale_pct=200 age_ratio=4 host=131089 gc_pages=29359 gc_count=2507 waf_q16=80213 best=36 next=40 settled=0 active=45
[1592337.749847] NVMeVirt: WATGC_V2 sample ns=0 part=2 epoch=1 window=25 phase=measure evaluated=39 k=7 scale_pct=200 age_ratio=4 host=131078 gc_pages=29497 gc_count=2509 waf_q16=80283 best=36 next=40 settled=0 active=45
[1592360.023928] NVMeVirt: WATGC_V2 sample ns=0 part=1 epoch=1 window=26 phase=measure evaluated=40 k=7 scale_pct=200 age_ratio=7 host=131106 gc_pages=29982 gc_count=2517 waf_q16=80523 best=33 next=41 settled=0 active=45
[1592360.451636] NVMeVirt: WATGC_V2 sample ns=0 part=3 epoch=1 window=26 phase=measure evaluated=40 k=7 scale_pct=200 age_ratio=7 host=131111 gc_pages=29786 gc_count=2514 waf_q16=80424 best=33 next=41 settled=0 active=45
[1592360.589637] NVMeVirt: WATGC_V2 sample ns=0 part=2 epoch=1 window=26 phase=measure evaluated=40 k=7 scale_pct=200 age_ratio=7 host=131098 gc_pages=30119 gc_count=2519 waf_q16=80592 best=36 next=41 settled=0 active=45
[1592360.669393] NVMeVirt: WATGC_V2 sample ns=0 part=0 epoch=1 window=26 phase=measure evaluated=40 k=7 scale_pct=200 age_ratio=7 host=131122 gc_pages=30031 gc_count=2518 waf_q16=80545 best=36 next=41 settled=0 active=45
[1592384.706286] NVMeVirt: WATGC_V2 sample ns=0 part=1 epoch=1 window=27 phase=measure evaluated=41 k=7 scale_pct=200 age_ratio=16 host=131115 gc_pages=30100 gc_count=2519 waf_q16=80581 best=33 next=42 settled=0 active=45
[1592385.042395] NVMeVirt: WATGC_V2 sample ns=0 part=2 epoch=1 window=27 phase=measure evaluated=41 k=7 scale_pct=200 age_ratio=16 host=131076 gc_pages=30203 gc_count=2520 waf_q16=80637 best=36 next=42 settled=0 active=45
[1592385.102169] NVMeVirt: WATGC_V2 sample ns=0 part=3 epoch=1 window=27 phase=measure evaluated=41 k=7 scale_pct=200 age_ratio=16 host=131111 gc_pages=30299 gc_count=2522 waf_q16=80680 best=33 next=42 settled=0 active=45
[1592385.439709] NVMeVirt: WATGC_V2 sample ns=0 part=0 epoch=1 window=27 phase=measure evaluated=41 k=7 scale_pct=200 age_ratio=16 host=131082 gc_pages=30064 gc_count=2518 waf_q16=80566 best=36 next=42 settled=0 active=45
[1592407.939046] NVMeVirt: WATGC_V2 sample ns=0 part=1 epoch=1 window=28 phase=measure evaluated=42 k=7 scale_pct=400 age_ratio=4 host=131087 gc_pages=29681 gc_count=2512 waf_q16=80374 best=33 next=43 settled=0 active=45
[1592408.321041] NVMeVirt: WATGC_V2 sample ns=0 part=3 epoch=1 window=28 phase=measure evaluated=42 k=7 scale_pct=400 age_ratio=4 host=131103 gc_pages=29595 gc_count=2511 waf_q16=80330 best=33 next=43 settled=0 active=45
[1592408.390571] NVMeVirt: WATGC_V2 sample ns=0 part=2 epoch=1 window=28 phase=measure evaluated=42 k=7 scale_pct=400 age_ratio=4 host=131096 gc_pages=29680 gc_count=2512 waf_q16=80373 best=36 next=43 settled=0 active=45
[1592408.894393] NVMeVirt: WATGC_V2 sample ns=0 part=0 epoch=1 window=28 phase=measure evaluated=42 k=7 scale_pct=400 age_ratio=4 host=131090 gc_pages=29614 gc_count=2511 waf_q16=80340 best=36 next=43 settled=0 active=45
[1592431.678402] NVMeVirt: WATGC_V2 sample ns=0 part=1 epoch=1 window=29 phase=measure evaluated=43 k=7 scale_pct=400 age_ratio=7 host=131124 gc_pages=30028 gc_count=2518 waf_q16=80544 best=33 next=44 settled=0 active=45
[1592431.973510] NVMeVirt: WATGC_V2 sample ns=0 part=3 epoch=1 window=29 phase=measure evaluated=43 k=7 scale_pct=400 age_ratio=7 host=131102 gc_pages=30306 gc_count=2522 waf_q16=80685 best=33 next=44 settled=0 active=45
[1592432.046983] NVMeVirt: WATGC_V2 sample ns=0 part=2 epoch=1 window=29 phase=measure evaluated=43 k=7 scale_pct=400 age_ratio=7 host=131091 gc_pages=30248 gc_count=2521 waf_q16=80657 best=36 next=44 settled=0 active=45
[1592432.436318] NVMeVirt: WATGC_V2 sample ns=0 part=0 epoch=1 window=29 phase=measure evaluated=43 k=7 scale_pct=400 age_ratio=7 host=131074 gc_pages=29950 gc_count=2516 waf_q16=80510 best=36 next=44 settled=0 active=45
[1592454.656549] NVMeVirt: WATGC_V2 sample ns=0 part=2 epoch=1 window=30 phase=measure evaluated=44 k=7 scale_pct=400 age_ratio=16 host=131114 gc_pages=30102 gc_count=2519 waf_q16=80582 best=36 next=45 settled=0 active=45
[1592454.705034] NVMeVirt: WATGC_V2 sample ns=0 part=1 epoch=1 window=30 phase=measure evaluated=44 k=7 scale_pct=400 age_ratio=16 host=131102 gc_pages=29985 gc_count=2517 waf_q16=80525 best=33 next=45 settled=0 active=45
[1592454.885360] NVMeVirt: WATGC_V2 sample ns=0 part=3 epoch=1 window=30 phase=measure evaluated=44 k=7 scale_pct=400 age_ratio=16 host=131094 gc_pages=30314 gc_count=2522 waf_q16=80690 best=33 next=45 settled=0 active=45
[1592455.843170] NVMeVirt: WATGC_V2 sample ns=0 part=0 epoch=1 window=30 phase=measure evaluated=44 k=7 scale_pct=400 age_ratio=16 host=131116 gc_pages=30100 gc_count=2519 waf_q16=80580 best=36 next=45 settled=0 active=45
[1592479.943931] NVMeVirt: WATGC_V2 sample ns=0 part=2 epoch=1 window=31 phase=measure evaluated=45 k=10 scale_pct=25 age_ratio=4 host=131093 gc_pages=29224 gc_count=2505 waf_q16=80145 best=36 next=46 settled=0 active=45
[1592480.014534] NVMeVirt: WATGC_V2 sample ns=0 part=1 epoch=1 window=31 phase=measure evaluated=45 k=10 scale_pct=25 age_ratio=4 host=131106 gc_pages=29150 gc_count=2504 waf_q16=80107 best=45 next=46 settled=0 active=45
[1592480.129591] NVMeVirt: WATGC_V2 sample ns=0 part=3 epoch=1 window=31 phase=measure evaluated=45 k=10 scale_pct=25 age_ratio=4 host=131074 gc_pages=28993 gc_count=2501 waf_q16=80032 best=33 next=46 settled=0 active=45
[1592481.211655] NVMeVirt: WATGC_V2 sample ns=0 part=0 epoch=1 window=31 phase=measure evaluated=45 k=10 scale_pct=25 age_ratio=4 host=131074 gc_pages=29304 gc_count=2506 waf_q16=80187 best=36 next=46 settled=0 active=45
[1592503.918019] NVMeVirt: WATGC_V2 sample ns=0 part=1 epoch=1 window=32 phase=measure evaluated=46 k=10 scale_pct=25 age_ratio=7 host=131120 gc_pages=29839 gc_count=2515 waf_q16=80450 best=45 next=47 settled=0 active=45
[1592504.000915] NVMeVirt: WATGC_V2 sample ns=0 part=2 epoch=1 window=32 phase=measure evaluated=46 k=10 scale_pct=25 age_ratio=7 host=131076 gc_pages=29877 gc_count=2515 waf_q16=80474 best=36 next=47 settled=0 active=45
[1592504.131520] NVMeVirt: WATGC_V2 sample ns=0 part=3 epoch=1 window=32 phase=measure evaluated=46 k=10 scale_pct=25 age_ratio=7 host=131088 gc_pages=30002 gc_count=2517 waf_q16=80535 best=33 next=47 settled=0 active=45
[1592505.265852] NVMeVirt: WATGC_V2 sample ns=0 part=0 epoch=1 window=32 phase=measure evaluated=46 k=10 scale_pct=25 age_ratio=7 host=131073 gc_pages=29890 gc_count=2515 waf_q16=80480 best=36 next=47 settled=0 active=45
[1592527.472365] NVMeVirt: WATGC_V2 sample ns=0 part=1 epoch=1 window=33 phase=measure evaluated=47 k=10 scale_pct=25 age_ratio=16 host=131108 gc_pages=30500 gc_count=2525 waf_q16=80781 best=45 next=48 settled=0 active=45
[1592527.501989] NVMeVirt: WATGC_V2 sample ns=0 part=2 epoch=1 window=33 phase=measure evaluated=47 k=10 scale_pct=25 age_ratio=16 host=131116 gc_pages=30678 gc_count=2528 waf_q16=80869 best=36 next=48 settled=0 active=45
[1592528.240448] NVMeVirt: WATGC_V2 sample ns=0 part=3 epoch=1 window=33 phase=measure evaluated=47 k=10 scale_pct=25 age_ratio=16 host=131078 gc_pages=30450 gc_count=2524 waf_q16=80760 best=33 next=48 settled=0 active=45
[1592528.999074] NVMeVirt: WATGC_V2 sample ns=0 part=0 epoch=1 window=33 phase=measure evaluated=47 k=10 scale_pct=25 age_ratio=16 host=131087 gc_pages=30449 gc_count=2524 waf_q16=80758 best=36 next=48 settled=0 active=45
[1592551.322985] NVMeVirt: WATGC_V2 sample ns=0 part=1 epoch=1 window=34 phase=measure evaluated=48 k=10 scale_pct=50 age_ratio=4 host=131085 gc_pages=29296 gc_count=2506 waf_q16=80182 best=45 next=49 settled=0 active=45
[1592551.535577] NVMeVirt: WATGC_V2 sample ns=0 part=2 epoch=1 window=34 phase=measure evaluated=48 k=10 scale_pct=50 age_ratio=4 host=131075 gc_pages=29311 gc_count=2506 waf_q16=80191 best=36 next=49 settled=0 active=45
[1592551.947271] NVMeVirt: WATGC_V2 sample ns=0 part=3 epoch=1 window=34 phase=measure evaluated=48 k=10 scale_pct=50 age_ratio=4 host=131094 gc_pages=29419 gc_count=2508 waf_q16=80243 best=33 next=49 settled=0 active=45
[1592552.847442] NVMeVirt: WATGC_V2 sample ns=0 part=0 epoch=1 window=34 phase=measure evaluated=48 k=10 scale_pct=50 age_ratio=4 host=131087 gc_pages=29296 gc_count=2506 waf_q16=80182 best=36 next=49 settled=0 active=45
[1592575.937906] NVMeVirt: WATGC_V2 sample ns=0 part=2 epoch=1 window=35 phase=measure evaluated=49 k=10 scale_pct=50 age_ratio=7 host=131075 gc_pages=29368 gc_count=2507 waf_q16=80219 best=36 next=50 settled=0 active=45
[1592575.986634] NVMeVirt: WATGC_V2 sample ns=0 part=1 epoch=1 window=35 phase=measure evaluated=49 k=10 scale_pct=50 age_ratio=7 host=131081 gc_pages=29817 gc_count=2514 waf_q16=80443 best=45 next=50 settled=0 active=45
[1592576.364163] NVMeVirt: WATGC_V2 sample ns=0 part=3 epoch=1 window=35 phase=measure evaluated=49 k=10 scale_pct=50 age_ratio=7 host=131083 gc_pages=29554 gc_count=2510 waf_q16=80311 best=33 next=50 settled=0 active=45
[1592577.086284] NVMeVirt: WATGC_V2 sample ns=0 part=0 epoch=1 window=35 phase=measure evaluated=49 k=10 scale_pct=50 age_ratio=7 host=131103 gc_pages=29286 gc_count=2506 waf_q16=80175 best=36 next=50 settled=0 active=45
[1592600.448334] NVMeVirt: WATGC_V2 sample ns=0 part=2 epoch=1 window=36 phase=measure evaluated=50 k=10 scale_pct=50 age_ratio=16 host=131119 gc_pages=29973 gc_count=2517 waf_q16=80517 best=36 next=51 settled=0 active=45
[1592600.535528] NVMeVirt: WATGC_V2 sample ns=0 part=1 epoch=1 window=36 phase=measure evaluated=50 k=10 scale_pct=50 age_ratio=16 host=131107 gc_pages=29590 gc_count=2511 waf_q16=80327 best=45 next=51 settled=0 active=45
[1592601.040731] NVMeVirt: WATGC_V2 sample ns=0 part=3 epoch=1 window=36 phase=measure evaluated=50 k=10 scale_pct=50 age_ratio=16 host=131107 gc_pages=30165 gc_count=2520 waf_q16=80614 best=33 next=51 settled=0 active=45
[1592601.839847] NVMeVirt: WATGC_V2 sample ns=0 part=0 epoch=1 window=36 phase=measure evaluated=50 k=10 scale_pct=50 age_ratio=16 host=131102 gc_pages=30211 gc_count=2521 waf_q16=80638 best=36 next=51 settled=0 active=45
[1592624.279883] NVMeVirt: WATGC_V2 sample ns=0 part=2 epoch=1 window=37 phase=measure evaluated=51 k=10 scale_pct=100 age_ratio=4 host=131104 gc_pages=29024 gc_count=2502 waf_q16=80044 best=36 next=52 settled=0 active=45
[1592624.370365] NVMeVirt: WATGC_V2 sample ns=0 part=1 epoch=1 window=37 phase=measure evaluated=51 k=10 scale_pct=100 age_ratio=4 host=131094 gc_pages=28907 gc_count=2500 waf_q16=79987 best=45 next=52 settled=0 active=45
[1592624.925701] NVMeVirt: WATGC_V2 sample ns=0 part=3 epoch=1 window=37 phase=measure evaluated=51 k=10 scale_pct=100 age_ratio=4 host=131073 gc_pages=28862 gc_count=2499 waf_q16=79966 best=51 next=52 settled=0 active=45
[1592625.789738] NVMeVirt: WATGC_V2 sample ns=0 part=0 epoch=1 window=37 phase=measure evaluated=51 k=10 scale_pct=100 age_ratio=4 host=131102 gc_pages=28900 gc_count=2500 waf_q16=79982 best=36 next=52 settled=0 active=45
[1592647.602701] NVMeVirt: WATGC_V2 sample ns=0 part=2 epoch=1 window=38 phase=measure evaluated=52 k=10 scale_pct=100 age_ratio=7 host=131085 gc_pages=29363 gc_count=2507 waf_q16=80216 best=36 next=53 settled=0 active=45
[1592647.992642] NVMeVirt: WATGC_V2 sample ns=0 part=1 epoch=1 window=38 phase=measure evaluated=52 k=10 scale_pct=100 age_ratio=7 host=131094 gc_pages=29044 gc_count=2502 waf_q16=80055 best=45 next=53 settled=0 active=45
[1592648.396143] NVMeVirt: WATGC_V2 sample ns=0 part=3 epoch=1 window=38 phase=measure evaluated=52 k=10 scale_pct=100 age_ratio=7 host=131091 gc_pages=29293 gc_count=2506 waf_q16=80180 best=51 next=53 settled=0 active=45
[1592649.434981] NVMeVirt: WATGC_V2 sample ns=0 part=0 epoch=1 window=38 phase=measure evaluated=52 k=10 scale_pct=100 age_ratio=7 host=131077 gc_pages=29307 gc_count=2506 waf_q16=80188 best=36 next=53 settled=0 active=45
[1592669.454605] mix-mixO-onlinev4-1841252 phase=A END
[1592669.579835] mix-mixO-onlinev4-1841252 phase=B START
[1592674.675230] NVMeVirt: WATGC_V2 sample ns=0 part=2 epoch=1 window=39 phase=measure evaluated=53 k=10 scale_pct=100 age_ratio=16 host=131083 gc_pages=60921 gc_count=3000 waf_q16=95993 best=36 next=54 settled=0 active=45
[1592674.746470] NVMeVirt: WATGC_V2 sample ns=0 part=1 epoch=1 window=39 phase=measure evaluated=53 k=10 scale_pct=100 age_ratio=16 host=131078 gc_pages=60287 gc_count=2990 waf_q16=95678 best=45 next=54 settled=0 active=45
[1592674.815827] NVMeVirt: WATGC_V2 sample ns=0 part=3 epoch=1 window=39 phase=measure evaluated=53 k=10 scale_pct=100 age_ratio=16 host=131079 gc_pages=60093 gc_count=2987 waf_q16=95580 best=51 next=54 settled=0 active=45
[1592674.821280] NVMeVirt: WATGC_V2 sample ns=0 part=0 epoch=1 window=39 phase=measure evaluated=53 k=10 scale_pct=100 age_ratio=16 host=131078 gc_pages=61943 gc_count=3016 waf_q16=96506 best=36 next=54 settled=0 active=45
[1592678.525802] NVMeVirt: WATGC_V2 sample ns=0 part=0 epoch=1 window=40 phase=measure evaluated=54 k=10 scale_pct=200 age_ratio=4 host=131086 gc_pages=56627 gc_count=2933 waf_q16=93846 best=36 next=55 settled=0 active=45
[1592678.602984] NVMeVirt: WATGC_V2 sample ns=0 part=2 epoch=1 window=40 phase=measure evaluated=54 k=10 scale_pct=200 age_ratio=4 host=131091 gc_pages=59757 gc_count=2982 waf_q16=95410 best=36 next=55 settled=0 active=45
[1592678.676017] NVMeVirt: WATGC_V2 sample ns=0 part=1 epoch=1 window=40 phase=measure evaluated=54 k=10 scale_pct=200 age_ratio=4 host=131111 gc_pages=60060 gc_count=2987 waf_q16=95557 best=45 next=55 settled=0 active=45
[1592678.746245] NVMeVirt: WATGC_V2 sample ns=0 part=3 epoch=1 window=40 phase=measure evaluated=54 k=10 scale_pct=200 age_ratio=4 host=131079 gc_pages=59963 gc_count=2985 waf_q16=95515 best=51 next=55 settled=0 active=45
[1592682.351503] NVMeVirt: WATGC_V2 sample ns=0 part=0 epoch=1 window=41 phase=measure evaluated=55 k=10 scale_pct=200 age_ratio=7 host=131080 gc_pages=73474 gc_count=3196 waf_q16=102270 best=36 next=56 settled=0 active=45
[1592682.777518] NVMeVirt: WATGC_V2 sample ns=0 part=2 epoch=1 window=41 phase=measure evaluated=55 k=10 scale_pct=200 age_ratio=7 host=131101 gc_pages=73058 gc_count=3190 waf_q16=102056 best=36 next=56 settled=0 active=45
[1592682.854925] NVMeVirt: WATGC_V2 sample ns=0 part=1 epoch=1 window=41 phase=measure evaluated=55 k=10 scale_pct=200 age_ratio=7 host=131072 gc_pages=72707 gc_count=3184 waf_q16=101889 best=45 next=56 settled=0 active=45
[1592682.967817] NVMeVirt: WATGC_V2 sample ns=0 part=3 epoch=1 window=41 phase=measure evaluated=55 k=10 scale_pct=200 age_ratio=7 host=131094 gc_pages=73899 gc_count=3203 waf_q16=102479 best=51 next=56 settled=0 active=45
[1592686.541436] NVMeVirt: WATGC_V2 sample ns=0 part=0 epoch=1 window=42 phase=measure evaluated=56 k=10 scale_pct=200 age_ratio=16 host=131083 gc_pages=122727 gc_count=3966 waf_q16=126894 best=36 next=57 settled=0 active=45
[1592687.117834] NVMeVirt: WATGC_V2 sample ns=0 part=2 epoch=1 window=42 phase=measure evaluated=56 k=10 scale_pct=200 age_ratio=16 host=131107 gc_pages=119144 gc_count=3910 waf_q16=125092 best=36 next=57 settled=0 active=45
[1592687.163338] NVMeVirt: WATGC_V2 sample ns=0 part=1 epoch=1 window=42 phase=measure evaluated=56 k=10 scale_pct=200 age_ratio=16 host=131105 gc_pages=117937 gc_count=3891 waf_q16=124489 best=45 next=57 settled=0 active=45
[1592687.223375] NVMeVirt: WATGC_V2 sample ns=0 part=3 epoch=1 window=42 phase=measure evaluated=56 k=10 scale_pct=200 age_ratio=16 host=131080 gc_pages=115516 gc_count=3853 waf_q16=123290 best=51 next=57 settled=0 active=45
[1592690.381826] NVMeVirt: WATGC_V2 sample ns=0 part=0 epoch=1 window=43 phase=measure evaluated=57 k=10 scale_pct=400 age_ratio=4 host=131072 gc_pages=131970 gc_count=4110 waf_q16=131521 best=36 next=58 settled=0 active=45
[1592691.196599] NVMeVirt: WATGC_V2 sample ns=0 part=2 epoch=1 window=43 phase=measure evaluated=57 k=10 scale_pct=400 age_ratio=4 host=131099 gc_pages=123496 gc_count=3978 waf_q16=127271 best=36 next=58 settled=0 active=45
[1592691.228891] NVMeVirt: WATGC_V2 sample ns=0 part=1 epoch=1 window=43 phase=measure evaluated=57 k=10 scale_pct=400 age_ratio=4 host=131075 gc_pages=122938 gc_count=3969 waf_q16=127003 best=45 next=58 settled=0 active=45
[1592691.288047] NVMeVirt: WATGC_V2 sample ns=0 part=3 epoch=1 window=43 phase=measure evaluated=57 k=10 scale_pct=400 age_ratio=4 host=131073 gc_pages=120575 gc_count=3932 waf_q16=125823 best=51 next=58 settled=0 active=45
[1592694.232659] NVMeVirt: WATGC_V2 sample ns=0 part=0 epoch=1 window=44 phase=measure evaluated=58 k=10 scale_pct=400 age_ratio=7 host=131072 gc_pages=140029 gc_count=4236 waf_q16=135550 best=36 next=59 settled=0 active=45
[1592695.306589] NVMeVirt: WATGC_V2 sample ns=0 part=2 epoch=1 window=44 phase=measure evaluated=58 k=10 scale_pct=400 age_ratio=7 host=131098 gc_pages=130919 gc_count=4094 waf_q16=130982 best=36 next=59 settled=0 active=45
[1592695.318699] NVMeVirt: WATGC_V2 sample ns=0 part=1 epoch=1 window=44 phase=measure evaluated=58 k=10 scale_pct=400 age_ratio=7 host=131088 gc_pages=129774 gc_count=4076 waf_q16=130415 best=45 next=59 settled=0 active=45
[1592695.374035] NVMeVirt: WATGC_V2 sample ns=0 part=3 epoch=1 window=44 phase=measure evaluated=58 k=10 scale_pct=400 age_ratio=7 host=131091 gc_pages=127719 gc_count=4044 waf_q16=129386 best=51 next=59 settled=0 active=45
[1592698.083269] NVMeVirt: WATGC_V2 sample ns=0 part=0 epoch=1 window=45 phase=measure evaluated=59 k=10 scale_pct=400 age_ratio=16 host=131099 gc_pages=143214 gc_count=4286 waf_q16=137128 best=36 next=51 settled=0 active=37
[1592699.402506] NVMeVirt: WATGC_V2 sample ns=0 part=1 epoch=1 window=45 phase=measure evaluated=59 k=10 scale_pct=400 age_ratio=16 host=131080 gc_pages=129793 gc_count=4076 waf_q16=130428 best=45 next=51 settled=0 active=38
[1592699.411892] NVMeVirt: WATGC_V2 sample ns=0 part=2 epoch=1 window=45 phase=measure evaluated=59 k=10 scale_pct=400 age_ratio=16 host=131088 gc_pages=131888 gc_count=4109 waf_q16=131471 best=36 next=51 settled=0 active=38
[1592699.454321] NVMeVirt: WATGC_V2 sample ns=0 part=3 epoch=1 window=45 phase=measure evaluated=59 k=10 scale_pct=400 age_ratio=16 host=131101 gc_pages=128228 gc_count=4052 waf_q16=129635 best=51 next=45 settled=0 active=38
[1592701.945990] NVMeVirt: WATGC_V2 sample ns=0 part=0 epoch=1 window=46 phase=measure evaluated=51 k=10 scale_pct=100 age_ratio=4 host=131083 gc_pages=140595 gc_count=4245 waf_q16=135827 best=36 next=39 settled=0 active=36
[1592703.499223] NVMeVirt: WATGC_V2 sample ns=0 part=1 epoch=1 window=46 phase=measure evaluated=51 k=10 scale_pct=100 age_ratio=4 host=131089 gc_pages=127463 gc_count=4040 waf_q16=129259 best=45 next=45 settled=0 active=37
[1592703.523704] NVMeVirt: WATGC_V2 sample ns=0 part=2 epoch=1 window=46 phase=measure evaluated=51 k=10 scale_pct=100 age_ratio=4 host=131099 gc_pages=127911 gc_count=4047 waf_q16=129478 best=36 next=45 settled=0 active=37
[1592703.558130] NVMeVirt: WATGC_V2 sample ns=0 part=3 epoch=1 window=46 phase=measure evaluated=45 k=10 scale_pct=25 age_ratio=4 host=131090 gc_pages=123745 gc_count=3982 waf_q16=127400 best=51 next=51 settled=0 active=37
[1592705.814412] NVMeVirt: WATGC_V2 sample ns=0 part=0 epoch=1 window=47 phase=measure evaluated=39 k=7 scale_pct=200 age_ratio=4 host=131086 gc_pages=144422 gc_count=4305 waf_q16=137739 best=36 next=36 settled=0 active=35
[1592707.631368] NVMeVirt: WATGC_V2 sample ns=0 part=1 epoch=1 window=47 phase=measure evaluated=45 k=10 scale_pct=25 age_ratio=4 host=131079 gc_pages=124294 gc_count=3990 waf_q16=127679 best=52 next=52 settled=0 active=36
[1592707.668837] NVMeVirt: WATGC_V2 sample ns=0 part=2 epoch=1 window=47 phase=measure evaluated=45 k=10 scale_pct=25 age_ratio=4 host=131078 gc_pages=125677 gc_count=4012 waf_q16=128371 best=36 next=39 settled=0 active=36
[1592707.684752] NVMeVirt: WATGC_V2 sample ns=0 part=3 epoch=1 window=47 phase=measure evaluated=51 k=10 scale_pct=100 age_ratio=4 host=131089 gc_pages=124847 gc_count=3999 waf_q16=127951 best=39 next=39 settled=0 active=36
[1592709.718192] NVMeVirt: WATGC_V2 sample ns=0 part=0 epoch=1 window=48 phase=measure evaluated=36 k=7 scale_pct=100 age_ratio=4 host=131094 gc_pages=143593 gc_count=4292 waf_q16=137320 best=49 next=45 settled=0 active=34
[1592711.732767] NVMeVirt: WATGC_V2 sample ns=0 part=1 epoch=1 window=48 phase=measure evaluated=52 k=10 scale_pct=100 age_ratio=7 host=131079 gc_pages=128040 gc_count=4049 waf_q16=129552 best=48 next=39 settled=0 active=35
[1592711.791290] NVMeVirt: WATGC_V2 sample ns=0 part=3 epoch=1 window=48 phase=measure evaluated=39 k=7 scale_pct=200 age_ratio=4 host=131080 gc_pages=128053 gc_count=4049 waf_q16=129558 best=52 next=36 settled=0 active=35
[1592711.803963] NVMeVirt: WATGC_V2 sample ns=0 part=2 epoch=1 window=48 phase=measure evaluated=39 k=7 scale_pct=200 age_ratio=4 host=131076 gc_pages=128763 gc_count=4060 waf_q16=129915 best=36 next=38 settled=0 active=35
[1592713.562061] NVMeVirt: WATGC_V2 sample ns=0 part=0 epoch=1 window=49 phase=measure evaluated=45 k=10 scale_pct=25 age_ratio=4 host=131081 gc_pages=133368 gc_count=4132 waf_q16=132215 best=49 next=48 settled=0 active=33
[1592715.784630] NVMeVirt: WATGC_V2 sample ns=0 part=1 epoch=1 window=49 phase=measure evaluated=39 k=7 scale_pct=200 age_ratio=4 host=131072 gc_pages=125641 gc_count=4011 waf_q16=128356 best=48 next=36 settled=0 active=34
[1592715.843929] NVMeVirt: WATGC_V2 sample ns=0 part=3 epoch=1 window=49 phase=measure evaluated=36 k=7 scale_pct=100 age_ratio=4 host=131076 gc_pages=125950 gc_count=4016 waf_q16=128509 best=52 next=52 settled=0 active=34
[1592715.881929] NVMeVirt: WATGC_V2 sample ns=0 part=2 epoch=1 window=49 phase=measure evaluated=38 k=7 scale_pct=100 age_ratio=16 host=131081 gc_pages=124794 gc_count=3998 waf_q16=127928 best=36 next=48 settled=0 active=34
[1592717.374724] NVMeVirt: WATGC_V2 sample ns=0 part=0 epoch=1 window=50 phase=measure evaluated=48 k=10 scale_pct=50 age_ratio=4 host=131074 gc_pages=136584 gc_count=4182 waf_q16=133826 best=49 next=49 settled=0 active=32
[1592719.861060] NVMeVirt: WATGC_V2 sample ns=0 part=1 epoch=1 window=50 phase=measure evaluated=36 k=7 scale_pct=100 age_ratio=4 host=131092 gc_pages=127276 gc_count=4037 waf_q16=129164 best=48 next=48 settled=0 active=33
[1592719.938426] NVMeVirt: WATGC_V2 sample ns=0 part=3 epoch=1 window=50 phase=measure evaluated=52 k=10 scale_pct=100 age_ratio=7 host=131089 gc_pages=126576 gc_count=4026 waf_q16=128815 best=48 next=48 settled=0 active=33
[1592719.993983] NVMeVirt: WATGC_V2 sample ns=0 part=2 epoch=1 window=50 phase=measure evaluated=48 k=10 scale_pct=50 age_ratio=4 host=131096 gc_pages=126747 gc_count=4029 waf_q16=128897 best=36 next=49 settled=0 active=33
[1592721.244620] NVMeVirt: WATGC_V2 sample ns=0 part=0 epoch=1 window=51 phase=measure evaluated=49 k=10 scale_pct=50 age_ratio=7 host=131099 gc_pages=132905 gc_count=4125 waf_q16=131974 best=52 next=52 settled=0 active=31
[1592723.988779] NVMeVirt: WATGC_V2 sample ns=0 part=1 epoch=1 window=51 phase=measure evaluated=48 k=10 scale_pct=50 age_ratio=4 host=131077 gc_pages=127676 gc_count=4043 waf_q16=129371 best=50 next=42 settled=0 active=32
[1592724.060331] NVMeVirt: WATGC_V2 sample ns=0 part=3 epoch=1 window=51 phase=measure evaluated=48 k=10 scale_pct=50 age_ratio=4 host=131095 gc_pages=128299 gc_count=4053 waf_q16=129674 best=49 next=33 settled=0 active=32
[1592724.133975] NVMeVirt: WATGC_V2 sample ns=0 part=2 epoch=1 window=51 phase=measure evaluated=49 k=10 scale_pct=50 age_ratio=7 host=131072 gc_pages=126860 gc_count=4030 waf_q16=128966 best=36 next=36 settled=0 active=32
[1592725.126381] NVMeVirt: WATGC_V2 sample ns=0 part=0 epoch=1 window=52 phase=measure evaluated=52 k=10 scale_pct=100 age_ratio=7 host=131095 gc_pages=140057 gc_count=4237 waf_q16=135552 best=42 next=42 settled=0 active=30
[1592728.042530] NVMeVirt: WATGC_V2 sample ns=0 part=1 epoch=1 window=52 phase=measure evaluated=42 k=7 scale_pct=400 age_ratio=4 host=131074 gc_pages=124487 gc_count=3993 waf_q16=127778 best=50 next=50 settled=0 active=31
[1592728.124495] NVMeVirt: WATGC_V2 sample ns=0 part=3 epoch=1 window=52 phase=measure evaluated=33 k=7 scale_pct=50 age_ratio=4 host=131085 gc_pages=123380 gc_count=3976 waf_q16=127219 best=49 next=42 settled=0 active=31
[1592728.211886] NVMeVirt: WATGC_V2 sample ns=0 part=2 epoch=1 window=52 phase=measure evaluated=36 k=7 scale_pct=100 age_ratio=4 host=131088 gc_pages=125930 gc_count=4016 waf_q16=128493 best=52 next=52 settled=0 active=31
[1592728.938848] NVMeVirt: WATGC_V2 sample ns=0 part=0 epoch=1 window=53 phase=measure evaluated=42 k=7 scale_pct=400 age_ratio=4 host=131089 gc_pages=136805 gc_count=4186 waf_q16=133929 best=46 next=38 settled=0 active=29
[1592732.125783] NVMeVirt: WATGC_V2 sample ns=0 part=1 epoch=1 window=53 phase=measure evaluated=50 k=10 scale_pct=50 age_ratio=16 host=131085 gc_pages=124583 gc_count=3995 waf_q16=127821 best=49 next=38 settled=0 active=30
[1592732.205033] NVMeVirt: WATGC_V2 sample ns=0 part=3 epoch=1 window=53 phase=measure evaluated=42 k=7 scale_pct=400 age_ratio=4 host=131088 gc_pages=125749 gc_count=4013 waf_q16=128402 best=49 next=49 settled=0 active=30
[1592732.310219] NVMeVirt: WATGC_V2 sample ns=0 part=2 epoch=1 window=53 phase=measure evaluated=52 k=10 scale_pct=100 age_ratio=7 host=131077 gc_pages=128512 gc_count=4056 waf_q16=129789 best=42 next=42 settled=0 active=30
[1592732.797521] NVMeVirt: WATGC_V2 sample ns=0 part=0 epoch=1 window=54 phase=measure evaluated=38 k=7 scale_pct=100 age_ratio=16 host=131107 gc_pages=137448 gc_count=4196 waf_q16=134241 best=46 next=43 settled=0 active=28
[1592736.190694] NVMeVirt: WATGC_V2 sample ns=0 part=1 epoch=1 window=54 phase=measure evaluated=38 k=7 scale_pct=100 age_ratio=16 host=131079 gc_pages=124473 gc_count=3993 waf_q16=127769 best=49 next=35 settled=0 active=29
[1592736.277145] NVMeVirt: WATGC_V2 sample ns=0 part=3 epoch=1 window=54 phase=measure evaluated=49 k=10 scale_pct=50 age_ratio=7 host=131086 gc_pages=123935 gc_count=3985 waf_q16=127496 best=40 next=38 settled=0 active=29
[1592736.408841] NVMeVirt: WATGC_V2 sample ns=0 part=2 epoch=1 window=54 phase=measure evaluated=42 k=7 scale_pct=400 age_ratio=4 host=131089 gc_pages=128826 gc_count=4061 waf_q16=129940 best=46 next=46 settled=0 active=29
[1592736.646087] NVMeVirt: WATGC_V2 sample ns=0 part=0 epoch=1 window=55 phase=measure evaluated=43 k=7 scale_pct=400 age_ratio=7 host=131083 gc_pages=138922 gc_count=4219 waf_q16=134991 best=46 next=40 settled=0 active=27
[1592740.257383] NVMeVirt: WATGC_V2 sample ns=0 part=1 epoch=1 window=55 phase=measure evaluated=35 k=7 scale_pct=50 age_ratio=16 host=131079 gc_pages=124603 gc_count=3995 waf_q16=127834 best=49 next=46 settled=0 active=28
[1592740.338411] NVMeVirt: WATGC_V2 sample ns=0 part=3 epoch=1 window=55 phase=measure evaluated=38 k=7 scale_pct=100 age_ratio=16 host=131074 gc_pages=124433 gc_count=3992 waf_q16=127751 best=40 next=40 settled=0 active=28
[1592740.465252] NVMeVirt: WATGC_V2 sample ns=0 part=0 epoch=1 window=56 phase=measure evaluated=40 k=7 scale_pct=200 age_ratio=7 host=131091 gc_pages=140592 gc_count=4245 waf_q16=135821 best=46 next=46 settled=0 active=26
[1592740.486948] NVMeVirt: WATGC_V2 sample ns=0 part=2 epoch=1 window=55 phase=measure evaluated=46 k=10 scale_pct=25 age_ratio=7 host=131075 gc_pages=123015 gc_count=3970 waf_q16=127042 best=50 next=40 settled=0 active=28
[1592744.266119] NVMeVirt: WATGC_V2 sample ns=0 part=0 epoch=1 window=57 phase=measure evaluated=46 k=10 scale_pct=25 age_ratio=7 host=131090 gc_pages=130222 gc_count=4083 waf_q16=130638 best=41 next=41 settled=0 active=25
[1592744.299702] NVMeVirt: WATGC_V2 sample ns=0 part=1 epoch=1 window=56 phase=measure evaluated=46 k=10 scale_pct=25 age_ratio=7 host=131079 gc_pages=120825 gc_count=3936 waf_q16=125945 best=49 next=33 settled=0 active=27
[1592744.381373] NVMeVirt: WATGC_V2 sample ns=0 part=3 epoch=1 window=56 phase=measure evaluated=40 k=7 scale_pct=200 age_ratio=7 host=131089 gc_pages=126578 gc_count=4026 waf_q16=128816 best=46 next=35 settled=0 active=27
[1592744.546715] NVMeVirt: WATGC_V2 sample ns=0 part=2 epoch=1 window=56 phase=measure evaluated=40 k=7 scale_pct=200 age_ratio=7 host=131093 gc_pages=126123 gc_count=4019 waf_q16=128587 best=50 next=50 settled=0 active=27
[1592748.089666] NVMeVirt: WATGC_V2 sample ns=0 part=0 epoch=1 window=58 phase=measure evaluated=41 k=7 scale_pct=200 age_ratio=16 host=131075 gc_pages=135100 gc_count=4159 waf_q16=133084 best=44 next=44 settled=0 active=24
[1592748.353596] NVMeVirt: WATGC_V2 sample ns=0 part=1 epoch=1 window=57 phase=measure evaluated=33 k=7 scale_pct=50 age_ratio=4 host=131093 gc_pages=124587 gc_count=3995 waf_q16=127819 best=49 next=40 settled=0 active=26
[1592748.437523] NVMeVirt: WATGC_V2 sample ns=0 part=3 epoch=1 window=57 phase=measure evaluated=35 k=7 scale_pct=50 age_ratio=16 host=131083 gc_pages=125745 gc_count=4013 waf_q16=128403 best=46 next=46 settled=0 active=26
[1592748.624697] NVMeVirt: WATGC_V2 sample ns=0 part=2 epoch=1 window=57 phase=measure evaluated=50 k=10 scale_pct=50 age_ratio=16 host=131077 gc_pages=126060 gc_count=4018 waf_q16=128563 best=44 next=44 settled=0 active=26
[1592751.909780] NVMeVirt: WATGC_V2 sample ns=0 part=0 epoch=1 window=59 phase=measure evaluated=44 k=7 scale_pct=400 age_ratio=16 host=131097 gc_pages=136246 gc_count=4177 waf_q16=133646 best=50 next=33 settled=0 active=23
[1592752.410345] NVMeVirt: WATGC_V2 sample ns=0 part=1 epoch=1 window=58 phase=measure evaluated=40 k=7 scale_pct=200 age_ratio=7 host=131091 gc_pages=125753 gc_count=4013 waf_q16=128403 best=49 next=49 settled=0 active=25
[1592752.479997] NVMeVirt: WATGC_V2 sample ns=0 part=3 epoch=1 window=58 phase=measure evaluated=46 k=10 scale_pct=25 age_ratio=7 host=131097 gc_pages=120172 gc_count=3926 waf_q16=125610 best=50 next=41 settled=0 active=25
[1592752.692729] NVMeVirt: WATGC_V2 sample ns=0 part=2 epoch=1 window=58 phase=measure evaluated=44 k=7 scale_pct=400 age_ratio=16 host=131094 gc_pages=126842 gc_count=4030 waf_q16=128946 best=41 next=41 settled=0 active=25
[1592755.743238] NVMeVirt: WATGC_V2 sample ns=0 part=0 epoch=1 window=60 phase=measure evaluated=33 k=7 scale_pct=50 age_ratio=4 host=131088 gc_pages=137008 gc_count=4189 waf_q16=134031 best=50 next=50 settled=0 active=22
[1592756.535265] NVMeVirt: WATGC_V2 sample ns=0 part=1 epoch=1 window=59 phase=measure evaluated=49 k=10 scale_pct=50 age_ratio=7 host=131097 gc_pages=124377 gc_count=3992 waf_q16=127712 best=44 next=44 settled=0 active=24
[1592756.620171] NVMeVirt: WATGC_V2 sample ns=0 part=3 epoch=1 window=59 phase=measure evaluated=41 k=7 scale_pct=200 age_ratio=16 host=131073 gc_pages=124351 gc_count=3991 waf_q16=127711 best=50 next=43 settled=0 active=24
[1592756.845867] NVMeVirt: WATGC_V2 sample ns=0 part=2 epoch=1 window=59 phase=measure evaluated=41 k=7 scale_pct=200 age_ratio=16 host=131082 gc_pages=128643 gc_count=4058 waf_q16=129852 best=43 next=43 settled=0 active=24
[1592759.614235] NVMeVirt: WATGC_V2 sample ns=0 part=0 epoch=1 window=61 phase=measure evaluated=50 k=10 scale_pct=50 age_ratio=16 host=131087 gc_pages=135789 gc_count=4170 waf_q16=133422 best=47 next=34 settled=0 active=21
[1592760.601121] NVMeVirt: WATGC_V2 sample ns=0 part=1 epoch=1 window=60 phase=measure evaluated=44 k=7 scale_pct=400 age_ratio=16 host=131083 gc_pages=126899 gc_count=4031 waf_q16=128980 best=43 next=43 settled=0 active=23
[1592760.678436] NVMeVirt: WATGC_V2 sample ns=0 part=3 epoch=1 window=60 phase=measure evaluated=43 k=7 scale_pct=400 age_ratio=7 host=131089 gc_pages=128496 gc_count=4056 waf_q16=129775 best=50 next=50 settled=0 active=23
[1592760.938169] NVMeVirt: WATGC_V2 sample ns=0 part=2 epoch=1 window=60 phase=measure evaluated=43 k=7 scale_pct=400 age_ratio=7 host=131077 gc_pages=130552 gc_count=4088 waf_q16=130809 best=34 next=34 settled=0 active=23
[1592763.405757] NVMeVirt: WATGC_V2 sample ns=0 part=0 epoch=1 window=62 phase=measure evaluated=34 k=7 scale_pct=50 age_ratio=7 host=131073 gc_pages=133563 gc_count=4135 waf_q16=132316 best=47 next=47 settled=0 active=20
[1592764.629240] NVMeVirt: WATGC_V2 sample ns=0 part=1 epoch=1 window=61 phase=measure evaluated=43 k=7 scale_pct=400 age_ratio=7 host=131106 gc_pages=125151 gc_count=4004 waf_q16=128095 best=41 next=41 settled=0 active=22
[1592764.699750] NVMeVirt: WATGC_V2 sample ns=0 part=3 epoch=1 window=61 phase=measure evaluated=50 k=10 scale_pct=50 age_ratio=16 host=131087 gc_pages=124412 gc_count=3992 waf_q16=127734 best=44 next=44 settled=0 active=22
[1592764.989147] NVMeVirt: WATGC_V2 sample ns=0 part=2 epoch=1 window=61 phase=measure evaluated=34 k=7 scale_pct=50 age_ratio=7 host=131097 gc_pages=126640 gc_count=4027 waf_q16=128843 best=33 next=33 settled=0 active=22
[1592767.226208] NVMeVirt: WATGC_V2 sample ns=0 part=0 epoch=1 window=63 phase=measure evaluated=47 k=10 scale_pct=25 age_ratio=16 host=131103 gc_pages=128034 gc_count=4049 waf_q16=129537 best=30 next=30 settled=0 active=19
[1592768.707489] NVMeVirt: WATGC_V2 sample ns=0 part=1 epoch=1 window=62 phase=measure evaluated=41 k=7 scale_pct=200 age_ratio=16 host=131112 gc_pages=125349 gc_count=4007 waf_q16=128191 best=34 next=34 settled=0 active=21
[1592768.787749] NVMeVirt: WATGC_V2 sample ns=0 part=3 epoch=1 window=62 phase=measure evaluated=44 k=7 scale_pct=400 age_ratio=16 host=131079 gc_pages=122802 gc_count=3967 waf_q16=126933 best=47 next=34 settled=0 active=21
[1592769.085690] NVMeVirt: WATGC_V2 sample ns=0 part=2 epoch=1 window=62 phase=measure evaluated=33 k=7 scale_pct=50 age_ratio=4 host=131083 gc_pages=126708 gc_count=4028 waf_q16=128884 best=35 next=35 settled=0 active=21
[1592771.066570] NVMeVirt: WATGC_V2 sample ns=0 part=0 epoch=1 window=64 phase=measure evaluated=30 k=7 scale_pct=25 age_ratio=4 host=131080 gc_pages=135618 gc_count=4167 waf_q16=133340 best=35 next=18 settled=0 active=18
[1592772.762314] NVMeVirt: WATGC_V2 sample ns=0 part=1 epoch=1 window=63 phase=measure evaluated=34 k=7 scale_pct=50 age_ratio=7 host=131091 gc_pages=127724 gc_count=4044 waf_q16=129388 best=47 next=47 settled=0 active=20
[1592772.838243] NVMeVirt: WATGC_V2 sample ns=0 part=3 epoch=1 window=63 phase=measure evaluated=34 k=7 scale_pct=50 age_ratio=7 host=131100 gc_pages=127717 gc_count=4044 waf_q16=129380 best=47 next=47 settled=0 active=20
[1592773.159317] NVMeVirt: WATGC_V2 sample ns=0 part=2 epoch=1 window=63 phase=measure evaluated=35 k=7 scale_pct=50 age_ratio=16 host=131082 gc_pages=127798 gc_count=4045 waf_q16=129430 best=47 next=47 settled=0 active=20
[1592774.865201] NVMeVirt: WATGC_V2 sample ns=0 part=0 epoch=1 window=65 phase=measure evaluated=18 k=4 scale_pct=50 age_ratio=4 host=131072 gc_pages=138889 gc_count=4218 waf_q16=134980 best=35 next=35 settled=0 active=17
[1592776.830073] NVMeVirt: WATGC_V2 sample ns=0 part=1 epoch=1 window=64 phase=measure evaluated=47 k=10 scale_pct=25 age_ratio=16 host=131075 gc_pages=117620 gc_count=3886 waf_q16=124344 best=30 next=30 settled=0 active=19
[1592776.906813] NVMeVirt: WATGC_V2 sample ns=0 part=3 epoch=1 window=64 phase=measure evaluated=47 k=10 scale_pct=25 age_ratio=16 host=131082 gc_pages=117942 gc_count=3891 waf_q16=124502 best=30 next=30 settled=0 active=19
[1592777.252229] NVMeVirt: WATGC_V2 sample ns=0 part=2 epoch=1 window=64 phase=measure evaluated=47 k=10 scale_pct=25 age_ratio=16 host=131087 gc_pages=119987 gc_count=3923 waf_q16=125522 best=30 next=30 settled=0 active=19
[1592778.685546] NVMeVirt: WATGC_V2 sample ns=0 part=0 epoch=1 window=66 phase=measure evaluated=35 k=7 scale_pct=50 age_ratio=16 host=131084 gc_pages=136760 gc_count=4185 waf_q16=133909 best=31 next=31 settled=0 active=16
[1592780.853206] NVMeVirt: WATGC_V2 sample ns=0 part=1 epoch=1 window=65 phase=measure evaluated=30 k=7 scale_pct=25 age_ratio=4 host=131090 gc_pages=123684 gc_count=3981 waf_q16=127369 best=18 next=18 settled=0 active=18
[1592780.925125] NVMeVirt: WATGC_V2 sample ns=0 part=3 epoch=1 window=65 phase=measure evaluated=30 k=7 scale_pct=25 age_ratio=4 host=131089 gc_pages=123617 gc_count=3980 waf_q16=127336 best=31 next=31 settled=0 active=18
[1592781.304162] NVMeVirt: WATGC_V2 sample ns=0 part=2 epoch=1 window=65 phase=measure evaluated=30 k=7 scale_pct=25 age_ratio=4 host=131097 gc_pages=124070 gc_count=3987 waf_q16=127559 best=31 next=18 settled=0 active=18
[1592782.517463] NVMeVirt: WATGC_V2 sample ns=0 part=0 epoch=1 window=67 phase=measure evaluated=31 k=7 scale_pct=25 age_ratio=7 host=131087 gc_pages=135153 gc_count=4160 waf_q16=133104 best=32 next=32 settled=0 active=15
[1592784.915186] NVMeVirt: WATGC_V2 sample ns=0 part=1 epoch=1 window=66 phase=measure evaluated=18 k=4 scale_pct=50 age_ratio=4 host=131100 gc_pages=128100 gc_count=4050 waf_q16=129572 best=31 next=31 settled=0 active=17
[1592784.981215] NVMeVirt: WATGC_V2 sample ns=0 part=3 epoch=1 window=66 phase=measure evaluated=31 k=7 scale_pct=25 age_ratio=7 host=131079 gc_pages=125883 gc_count=4015 waf_q16=128474 best=18 next=18 settled=0 active=17
[1592785.372407] NVMeVirt: WATGC_V2 sample ns=0 part=2 epoch=1 window=66 phase=measure evaluated=18 k=4 scale_pct=50 age_ratio=4 host=131111 gc_pages=126617 gc_count=4027 waf_q16=128825 best=31 next=31 settled=0 active=17
[1592786.307655] NVMeVirt: WATGC_V2 sample ns=0 part=0 epoch=1 window=68 phase=measure evaluated=32 k=7 scale_pct=25 age_ratio=16 host=131097 gc_pages=135403 gc_count=4164 waf_q16=133224 best=21 next=21 settled=0 active=14
[1592788.937816] NVMeVirt: WATGC_V2 sample ns=0 part=1 epoch=1 window=67 phase=measure evaluated=31 k=7 scale_pct=25 age_ratio=7 host=131083 gc_pages=122918 gc_count=3969 waf_q16=126989 best=32 next=32 settled=0 active=16
[1592789.004973] NVMeVirt: WATGC_V2 sample ns=0 part=3 epoch=1 window=67 phase=measure evaluated=18 k=4 scale_pct=50 age_ratio=4 host=131094 gc_pages=123498 gc_count=3978 waf_q16=127274 best=21 next=21 settled=0 active=16
[1592789.419200] NVMeVirt: WATGC_V2 sample ns=0 part=2 epoch=1 window=67 phase=measure evaluated=31 k=7 scale_pct=25 age_ratio=7 host=131081 gc_pages=126646 gc_count=4027 waf_q16=128854 best=32 next=32 settled=0 active=16
[1592790.088497] NVMeVirt: WATGC_V2 sample ns=0 part=0 epoch=1 window=69 phase=measure evaluated=21 k=4 scale_pct=100 age_ratio=4 host=131095 gc_pages=135786 gc_count=4170 waf_q16=133417 best=24 next=24 settled=0 active=13
[1592792.957595] NVMeVirt: WATGC_V2 sample ns=0 part=1 epoch=1 window=68 phase=measure evaluated=32 k=7 scale_pct=25 age_ratio=16 host=131094 gc_pages=122853 gc_count=3968 waf_q16=126952 best=21 next=21 settled=0 active=15
[1592793.033357] NVMeVirt: WATGC_V2 sample ns=0 part=3 epoch=1 window=68 phase=measure evaluated=21 k=4 scale_pct=100 age_ratio=4 host=131099 gc_pages=125595 gc_count=4011 waf_q16=128320 best=24 next=24 settled=0 active=15
[1592793.469251] NVMeVirt: WATGC_V2 sample ns=0 part=2 epoch=1 window=68 phase=measure evaluated=32 k=7 scale_pct=25 age_ratio=16 host=131096 gc_pages=124781 gc_count=3998 waf_q16=127915 best=21 next=21 settled=0 active=15
[1592793.901248] NVMeVirt: WATGC_V2 sample ns=0 part=0 epoch=1 window=70 phase=measure evaluated=24 k=4 scale_pct=200 age_ratio=4 host=131097 gc_pages=134873 gc_count=4156 waf_q16=132959 best=27 next=27 settled=0 active=12
[1592797.013863] NVMeVirt: WATGC_V2 sample ns=0 part=1 epoch=1 window=69 phase=measure evaluated=21 k=4 scale_pct=100 age_ratio=4 host=131075 gc_pages=126459 gc_count=4024 waf_q16=128764 best=24 next=24 settled=0 active=14
[1592797.081769] NVMeVirt: WATGC_V2 sample ns=0 part=3 epoch=1 window=69 phase=measure evaluated=24 k=4 scale_pct=200 age_ratio=4 host=131098 gc_pages=128362 gc_count=4054 waf_q16=129704 best=32 next=32 settled=0 active=14
[1592797.541150] NVMeVirt: WATGC_V2 sample ns=0 part=2 epoch=1 window=69 phase=measure evaluated=21 k=4 scale_pct=100 age_ratio=4 host=131073 gc_pages=129488 gc_count=4071 waf_q16=130279 best=24 next=24 settled=0 active=14
[1592797.714900] NVMeVirt: WATGC_V2 sample ns=0 part=0 epoch=1 window=71 phase=measure evaluated=27 k=4 scale_pct=400 age_ratio=4 host=131079 gc_pages=135160 gc_count=4160 waf_q16=133112 best=25 next=25 settled=0 active=11
[1592801.025429] NVMeVirt: WATGC_V2 sample ns=0 part=1 epoch=1 window=70 phase=measure evaluated=24 k=4 scale_pct=200 age_ratio=4 host=131089 gc_pages=125612 gc_count=4011 waf_q16=128333 best=29 next=29 settled=0 active=13
[1592801.087645] NVMeVirt: WATGC_V2 sample ns=0 part=3 epoch=1 window=70 phase=measure evaluated=32 k=7 scale_pct=25 age_ratio=16 host=131078 gc_pages=121851 gc_count=3952 waf_q16=126458 best=25 next=25 settled=0 active=13
[1592801.483834] NVMeVirt: WATGC_V2 sample ns=0 part=0 epoch=1 window=72 phase=measure evaluated=25 k=4 scale_pct=200 age_ratio=7 host=131074 gc_pages=135413 gc_count=4164 waf_q16=133241 best=26 next=26 settled=0 active=10
[1592801.573314] NVMeVirt: WATGC_V2 sample ns=0 part=2 epoch=1 window=70 phase=measure evaluated=24 k=4 scale_pct=200 age_ratio=4 host=131097 gc_pages=127270 gc_count=4037 waf_q16=129158 best=25 next=25 settled=0 active=13
[1592805.044154] NVMeVirt: WATGC_V2 sample ns=0 part=1 epoch=1 window=71 phase=measure evaluated=29 k=4 scale_pct=400 age_ratio=16 host=131113 gc_pages=125968 gc_count=4017 waf_q16=128500 best=27 next=27 settled=0 active=12
[1592805.111841] NVMeVirt: WATGC_V2 sample ns=0 part=3 epoch=1 window=71 phase=measure evaluated=25 k=4 scale_pct=200 age_ratio=7 host=131096 gc_pages=123367 gc_count=3976 waf_q16=127208 best=29 next=20 settled=0 active=12
[1592805.276041] NVMeVirt: WATGC_V2 sample ns=0 part=0 epoch=1 window=73 phase=measure evaluated=26 k=4 scale_pct=200 age_ratio=16 host=131074 gc_pages=135945 gc_count=4172 waf_q16=133507 best=29 next=29 settled=0 active=9
[1592805.625442] NVMeVirt: WATGC_V2 sample ns=0 part=2 epoch=1 window=71 phase=measure evaluated=25 k=4 scale_pct=200 age_ratio=7 host=131076 gc_pages=126271 gc_count=4021 waf_q16=128669 best=27 next=23 settled=0 active=12
[1592809.098715] NVMeVirt: WATGC_V2 sample ns=0 part=0 epoch=1 window=74 phase=measure evaluated=29 k=4 scale_pct=400 age_ratio=16 host=131086 gc_pages=139495 gc_count=4228 waf_q16=135276 best=22 next=22 settled=0 active=8
[1592809.105292] NVMeVirt: WATGC_V2 sample ns=0 part=1 epoch=1 window=72 phase=measure evaluated=27 k=4 scale_pct=400 age_ratio=4 host=131114 gc_pages=128992 gc_count=4064 waf_q16=130011 best=22 next=22 settled=0 active=11
[1592809.181580] NVMeVirt: WATGC_V2 sample ns=0 part=3 epoch=1 window=72 phase=measure evaluated=20 k=4 scale_pct=50 age_ratio=16 host=131085 gc_pages=126196 gc_count=4020 waf_q16=128627 best=29 next=27 settled=0 active=11
[1592809.718334] NVMeVirt: WATGC_V2 sample ns=0 part=2 epoch=1 window=72 phase=measure evaluated=23 k=4 scale_pct=100 age_ratio=16 host=131081 gc_pages=130159 gc_count=4082 waf_q16=130611 best=27 next=27 settled=0 active=11
[1592812.924825] NVMeVirt: WATGC_V2 sample ns=0 part=0 epoch=1 window=75 phase=measure evaluated=22 k=4 scale_pct=100 age_ratio=7 host=131090 gc_pages=137321 gc_count=4194 waf_q16=134187 best=23 next=23 settled=0 active=7
[1592813.165975] NVMeVirt: WATGC_V2 sample ns=0 part=1 epoch=1 window=73 phase=measure evaluated=22 k=4 scale_pct=100 age_ratio=7 host=131081 gc_pages=126086 gc_count=4018 waf_q16=128574 best=25 next=23 settled=0 active=10
[1592813.246494] NVMeVirt: WATGC_V2 sample ns=0 part=3 epoch=1 window=73 phase=measure evaluated=27 k=4 scale_pct=400 age_ratio=4 host=131091 gc_pages=124794 gc_count=3998 waf_q16=127923 best=29 next=29 settled=0 active=10
[1592813.795559] NVMeVirt: WATGC_V2 sample ns=0 part=2 epoch=1 window=73 phase=measure evaluated=27 k=4 scale_pct=400 age_ratio=4 host=131080 gc_pages=129527 gc_count=4072 waf_q16=130295 best=29 next=29 settled=0 active=10
[1592816.711833] NVMeVirt: WATGC_V2 sample ns=0 part=0 epoch=1 window=76 phase=measure evaluated=23 k=4 scale_pct=100 age_ratio=16 host=131082 gc_pages=136058 gc_count=4174 waf_q16=133559 best=20 next=20 settled=0 active=6
[1592817.190597] NVMeVirt: WATGC_V2 sample ns=0 part=1 epoch=1 window=74 phase=measure evaluated=23 k=4 scale_pct=100 age_ratio=16 host=131102 gc_pages=126772 gc_count=4029 waf_q16=128907 best=25 next=25 settled=0 active=9
[1592817.264286] NVMeVirt: WATGC_V2 sample ns=0 part=3 epoch=1 window=74 phase=measure evaluated=29 k=4 scale_pct=400 age_ratio=16 host=131080 gc_pages=123783 gc_count=3982 waf_q16=127423 best=23 next=23 settled=0 active=9
[1592817.842734] NVMeVirt: WATGC_V2 sample ns=0 part=2 epoch=1 window=74 phase=measure evaluated=29 k=4 scale_pct=400 age_ratio=16 host=131097 gc_pages=124778 gc_count=3998 waf_q16=127913 best=26 next=26 settled=0 active=9
[1592820.518726] NVMeVirt: WATGC_V2 sample ns=0 part=0 epoch=1 window=77 phase=measure evaluated=20 k=4 scale_pct=50 age_ratio=16 host=131089 gc_pages=138913 gc_count=4219 waf_q16=134983 best=28 next=28 settled=0 active=5
[1592821.236753] NVMeVirt: WATGC_V2 sample ns=0 part=1 epoch=1 window=75 phase=measure evaluated=25 k=4 scale_pct=200 age_ratio=7 host=131102 gc_pages=127830 gc_count=4046 waf_q16=129436 best=20 next=20 settled=0 active=8
[1592821.310902] NVMeVirt: WATGC_V2 sample ns=0 part=3 epoch=1 window=75 phase=measure evaluated=23 k=4 scale_pct=100 age_ratio=16 host=131086 gc_pages=125889 gc_count=4015 waf_q16=128473 best=22 next=22 settled=0 active=8
[1592821.919982] NVMeVirt: WATGC_V2 sample ns=0 part=2 epoch=1 window=75 phase=measure evaluated=26 k=4 scale_pct=200 age_ratio=16 host=131101 gc_pages=128547 gc_count=4057 waf_q16=129795 best=22 next=22 settled=0 active=8
[1592824.338926] NVMeVirt: WATGC_V2 sample ns=0 part=0 epoch=1 window=78 phase=measure evaluated=28 k=4 scale_pct=400 age_ratio=7 host=131085 gc_pages=135976 gc_count=4173 waf_q16=133517 best=19 next=19 settled=0 active=4
[1592825.260493] NVMeVirt: WATGC_V2 sample ns=0 part=1 epoch=1 window=76 phase=measure evaluated=20 k=4 scale_pct=50 age_ratio=16 host=131078 gc_pages=127293 gc_count=4037 waf_q16=129179 best=26 next=26 settled=0 active=7
[1592825.332682] NVMeVirt: WATGC_V2 sample ns=0 part=3 epoch=1 window=76 phase=measure evaluated=22 k=4 scale_pct=100 age_ratio=7 host=131074 gc_pages=125745 gc_count=4013 waf_q16=128407 best=26 next=26 settled=0 active=7
[1592825.960901] NVMeVirt: WATGC_V2 sample ns=0 part=2 epoch=1 window=76 phase=measure evaluated=22 k=4 scale_pct=100 age_ratio=7 host=131077 gc_pages=126536 gc_count=4025 waf_q16=128801 best=20 next=20 settled=0 active=7
[1592828.121115] NVMeVirt: WATGC_V2 sample ns=0 part=0 epoch=1 window=79 phase=measure evaluated=19 k=4 scale_pct=50 age_ratio=7 host=131105 gc_pages=135839 gc_count=4171 waf_q16=133438 best=16 next=16 settled=0 active=3
[1592829.283052] NVMeVirt: WATGC_V2 sample ns=0 part=1 epoch=1 window=77 phase=measure evaluated=26 k=4 scale_pct=200 age_ratio=16 host=131102 gc_pages=126958 gc_count=4032 waf_q16=129000 best=28 next=28 settled=0 active=6
[1592829.343835] NVMeVirt: WATGC_V2 sample ns=0 part=3 epoch=1 window=77 phase=measure evaluated=26 k=4 scale_pct=200 age_ratio=16 host=131076 gc_pages=124554 gc_count=3994 waf_q16=127811 best=28 next=28 settled=0 active=6
[1592830.017237] NVMeVirt: WATGC_V2 sample ns=0 part=2 epoch=1 window=77 phase=measure evaluated=20 k=4 scale_pct=50 age_ratio=16 host=131097 gc_pages=127323 gc_count=4038 waf_q16=129185 best=28 next=28 settled=0 active=6
[1592831.943044] NVMeVirt: WATGC_V2 sample ns=0 part=0 epoch=1 window=80 phase=measure evaluated=16 k=4 scale_pct=25 age_ratio=7 host=131075 gc_pages=136185 gc_count=4176 waf_q16=133626 best=17 next=17 settled=0 active=2
[1592833.337530] NVMeVirt: WATGC_V2 sample ns=0 part=1 epoch=1 window=78 phase=measure evaluated=28 k=4 scale_pct=400 age_ratio=7 host=131076 gc_pages=127550 gc_count=4041 waf_q16=129309 best=19 next=19 settled=0 active=5
[1592833.392874] NVMeVirt: WATGC_V2 sample ns=0 part=3 epoch=1 window=78 phase=measure evaluated=28 k=4 scale_pct=400 age_ratio=7 host=131091 gc_pages=127399 gc_count=4039 waf_q16=129226 best=19 next=19 settled=0 active=5
[1592834.075538] NVMeVirt: WATGC_V2 sample ns=0 part=2 epoch=1 window=78 phase=measure evaluated=28 k=4 scale_pct=400 age_ratio=7 host=131087 gc_pages=127781 gc_count=4045 waf_q16=129419 best=19 next=19 settled=0 active=5
[1592835.730406] NVMeVirt: WATGC_V2 sample ns=0 part=0 epoch=1 window=81 phase=measure evaluated=17 k=4 scale_pct=25 age_ratio=16 host=131075 gc_pages=135617 gc_count=4167 waf_q16=133342 best=16 next=16 settled=0 active=2
[1592837.363959] NVMeVirt: WATGC_V2 sample ns=0 part=1 epoch=1 window=79 phase=measure evaluated=19 k=4 scale_pct=50 age_ratio=7 host=131076 gc_pages=126140 gc_count=4019 waf_q16=128604 best=16 next=16 settled=0 active=4
[1592837.417100] NVMeVirt: WATGC_V2 sample ns=0 part=3 epoch=1 window=79 phase=measure evaluated=19 k=4 scale_pct=50 age_ratio=7 host=131104 gc_pages=123628 gc_count=3980 waf_q16=127334 best=16 next=16 settled=0 active=4
[1592838.133526] NVMeVirt: WATGC_V2 sample ns=0 part=2 epoch=1 window=79 phase=measure evaluated=19 k=4 scale_pct=50 age_ratio=7 host=131096 gc_pages=126759 gc_count=4029 waf_q16=128903 best=16 next=16 settled=0 active=4
[1592839.520556] NVMeVirt: WATGC_V2 sample ns=0 part=0 epoch=1 window=82 phase=measure evaluated=16 k=4 scale_pct=25 age_ratio=7 host=131103 gc_pages=137244 gc_count=4193 waf_q16=134141 best=17 next=17 settled=0 active=2
[1592841.396870] NVMeVirt: WATGC_V2 sample ns=0 part=1 epoch=1 window=80 phase=measure evaluated=16 k=4 scale_pct=25 age_ratio=7 host=131076 gc_pages=127293 gc_count=4037 waf_q16=129180 best=15 next=15 settled=0 active=3
[1592841.461124] NVMeVirt: WATGC_V2 sample ns=0 part=3 epoch=1 window=80 phase=measure evaluated=16 k=4 scale_pct=25 age_ratio=7 host=131076 gc_pages=126413 gc_count=4023 waf_q16=128740 best=15 next=15 settled=0 active=3
[1592842.198305] NVMeVirt: WATGC_V2 sample ns=0 part=2 epoch=1 window=80 phase=measure evaluated=16 k=4 scale_pct=25 age_ratio=7 host=131084 gc_pages=130741 gc_count=4091 waf_q16=130900 best=17 next=17 settled=0 active=3
[1592843.337263] NVMeVirt: WATGC_V2 sample ns=0 part=0 epoch=1 window=83 phase=measure evaluated=17 k=4 scale_pct=25 age_ratio=16 host=131080 gc_pages=137794 gc_count=4201 waf_q16=134428 best=16 next=16 settled=0 active=2
[1592845.449145] NVMeVirt: WATGC_V2 sample ns=0 part=1 epoch=1 window=81 phase=measure evaluated=15 k=4 scale_pct=25 age_ratio=4 host=131097 gc_pages=125621 gc_count=4011 waf_q16=128334 best=17 next=17 settled=0 active=2
[1592845.502972] NVMeVirt: WATGC_V2 sample ns=0 part=3 epoch=1 window=81 phase=measure evaluated=15 k=4 scale_pct=25 age_ratio=4 host=131080 gc_pages=126517 gc_count=4025 waf_q16=128790 best=17 next=17 settled=0 active=2
[1592846.259918] NVMeVirt: WATGC_V2 sample ns=0 part=2 epoch=1 window=81 phase=measure evaluated=17 k=4 scale_pct=25 age_ratio=16 host=131099 gc_pages=128562 gc_count=4057 waf_q16=129803 best=15 next=15 settled=0 active=2
[1592847.147977] NVMeVirt: WATGC_V2 sample ns=0 part=0 epoch=1 window=84 phase=measure evaluated=16 k=4 scale_pct=25 age_ratio=7 host=131075 gc_pages=136371 gc_count=4179 waf_q16=133719 best=17 next=17 settled=0 active=2
[1592849.486521] NVMeVirt: WATGC_V2 sample ns=0 part=1 epoch=1 window=82 phase=measure evaluated=17 k=4 scale_pct=25 age_ratio=16 host=131082 gc_pages=124836 gc_count=3999 waf_q16=127949 best=17 next=15 settled=0 active=2
[1592849.537509] NVMeVirt: WATGC_V2 sample ns=0 part=3 epoch=1 window=82 phase=measure evaluated=17 k=4 scale_pct=25 age_ratio=16 host=131076 gc_pages=128827 gc_count=4061 waf_q16=129947 best=15 next=15 settled=0 active=2
[1592850.327527] NVMeVirt: WATGC_V2 sample ns=0 part=2 epoch=1 window=82 phase=measure evaluated=15 k=4 scale_pct=25 age_ratio=4 host=131093 gc_pages=129015 gc_count=4064 waf_q16=130033 best=17 next=17 settled=0 active=2
[1592850.937908] NVMeVirt: WATGC_V2 sample ns=0 part=0 epoch=1 window=85 phase=measure evaluated=17 k=4 scale_pct=25 age_ratio=16 host=131081 gc_pages=138289 gc_count=4209 waf_q16=134675 best=16 next=16 settled=0 active=2
[1592853.508367] NVMeVirt: WATGC_V2 sample ns=0 part=1 epoch=1 window=83 phase=measure evaluated=15 k=4 scale_pct=25 age_ratio=4 host=131087 gc_pages=126243 gc_count=4021 waf_q16=128650 best=17 next=17 settled=0 active=2
[1592853.555265] NVMeVirt: WATGC_V2 sample ns=0 part=3 epoch=1 window=83 phase=measure evaluated=15 k=4 scale_pct=25 age_ratio=4 host=131099 gc_pages=124344 gc_count=3991 waf_q16=127695 best=17 next=17 settled=0 active=2
[1592854.373920] NVMeVirt: WATGC_V2 sample ns=0 part=2 epoch=1 window=83 phase=measure evaluated=17 k=4 scale_pct=25 age_ratio=16 host=131092 gc_pages=126878 gc_count=4031 waf_q16=128965 best=15 next=15 settled=0 active=2
[1592854.726032] NVMeVirt: WATGC_V2 sample ns=0 part=0 epoch=1 window=86 phase=measure evaluated=16 k=4 scale_pct=25 age_ratio=7 host=131083 gc_pages=135414 gc_count=4164 waf_q16=133237 best=17 next=17 settled=0 active=2
[1592857.526154] NVMeVirt: WATGC_V2 sample ns=0 part=1 epoch=1 window=84 phase=measure evaluated=17 k=4 scale_pct=25 age_ratio=16 host=131078 gc_pages=126965 gc_count=4032 waf_q16=129015 best=17 next=15 settled=0 active=2
[1592857.570231] NVMeVirt: WATGC_V2 sample ns=0 part=3 epoch=1 window=84 phase=measure evaluated=17 k=4 scale_pct=25 age_ratio=16 host=131079 gc_pages=126395 gc_count=4023 waf_q16=128730 best=15 next=15 settled=0 active=2
[1592858.416869] NVMeVirt: WATGC_V2 sample ns=0 part=2 epoch=1 window=84 phase=measure evaluated=15 k=4 scale_pct=25 age_ratio=4 host=131073 gc_pages=127544 gc_count=4041 waf_q16=129307 best=17 next=17 settled=0 active=2
[1592858.510300] NVMeVirt: WATGC_V2 sample ns=0 part=0 epoch=1 window=87 phase=measure evaluated=17 k=4 scale_pct=25 age_ratio=16 host=131082 gc_pages=135029 gc_count=4158 waf_q16=133045 best=16 next=16 settled=0 active=2
[1592861.551911] NVMeVirt: WATGC_V2 sample ns=0 part=1 epoch=1 window=85 phase=measure evaluated=15 k=4 scale_pct=25 age_ratio=4 host=131081 gc_pages=126457 gc_count=4024 waf_q16=128760 best=17 next=17 settled=0 active=2
[1592861.597397] NVMeVirt: WATGC_V2 sample ns=0 part=3 epoch=1 window=85 phase=measure evaluated=15 k=4 scale_pct=25 age_ratio=4 host=131080 gc_pages=125689 gc_count=4012 waf_q16=128376 best=17 next=17 settled=0 active=2
[1592862.295284] NVMeVirt: WATGC_V2 sample ns=0 part=0 epoch=1 window=88 phase=measure evaluated=16 k=4 scale_pct=25 age_ratio=7 host=131100 gc_pages=135148 gc_count=4160 waf_q16=133095 best=16 next=17 settled=0 active=2
[1592862.466200] NVMeVirt: WATGC_V2 sample ns=0 part=2 epoch=1 window=85 phase=measure evaluated=17 k=4 scale_pct=25 age_ratio=16 host=131094 gc_pages=129123 gc_count=4066 waf_q16=130086 best=15 next=15 settled=0 active=2
[1592865.591471] NVMeVirt: WATGC_V2 sample ns=0 part=1 epoch=1 window=86 phase=measure evaluated=17 k=4 scale_pct=25 age_ratio=16 host=131078 gc_pages=124793 gc_count=3998 waf_q16=127929 best=17 next=15 settled=0 active=2
[1592865.629502] NVMeVirt: WATGC_V2 sample ns=0 part=3 epoch=1 window=86 phase=measure evaluated=17 k=4 scale_pct=25 age_ratio=16 host=131093 gc_pages=125804 gc_count=4014 waf_q16=128427 best=17 next=15 settled=0 active=2
[1592866.096198] NVMeVirt: WATGC_V2 sample ns=0 part=0 epoch=1 window=89 phase=measure evaluated=17 k=4 scale_pct=25 age_ratio=16 host=131079 gc_pages=137734 gc_count=4200 waf_q16=134399 best=16 next=16 settled=0 active=2
[1592866.527886] NVMeVirt: WATGC_V2 sample ns=0 part=2 epoch=1 window=86 phase=measure evaluated=15 k=4 scale_pct=25 age_ratio=4 host=131100 gc_pages=129329 gc_count=4069 waf_q16=130186 best=15 next=17 settled=0 active=2
[1592869.608016] NVMeVirt: WATGC_V2 sample ns=0 part=1 epoch=1 window=87 phase=measure evaluated=15 k=4 scale_pct=25 age_ratio=4 host=131099 gc_pages=124917 gc_count=4000 waf_q16=127981 best=17 next=17 settled=0 active=2
[1592869.646454] NVMeVirt: WATGC_V2 sample ns=0 part=3 epoch=1 window=87 phase=measure evaluated=15 k=4 scale_pct=25 age_ratio=4 host=131086 gc_pages=125551 gc_count=4010 waf_q16=128304 best=17 next=17 settled=0 active=2
[1592869.876382] NVMeVirt: WATGC_V2 sample ns=0 part=0 epoch=1 window=90 phase=measure evaluated=16 k=4 scale_pct=25 age_ratio=7 host=131094 gc_pages=137193 gc_count=4192 waf_q16=134120 best=16 next=17 settled=0 active=2
[1592870.557984] NVMeVirt: WATGC_V2 sample ns=0 part=2 epoch=1 window=87 phase=measure evaluated=17 k=4 scale_pct=25 age_ratio=16 host=131082 gc_pages=127353 gc_count=4038 waf_q16=129207 best=15 next=15 settled=0 active=2
[1592873.621521] NVMeVirt: WATGC_V2 sample ns=0 part=1 epoch=1 window=88 phase=measure evaluated=17 k=4 scale_pct=25 age_ratio=16 host=131090 gc_pages=124069 gc_count=3987 waf_q16=127561 best=17 next=17 settled=0 active=2
[1592873.650124] NVMeVirt: WATGC_V2 sample ns=0 part=0 epoch=1 window=91 phase=measure evaluated=17 k=4 scale_pct=25 age_ratio=16 host=131072 gc_pages=136211 gc_count=4176 waf_q16=133641 best=16 next=16 settled=0 active=2
[1592873.663949] NVMeVirt: WATGC_V2 sample ns=0 part=3 epoch=1 window=88 phase=measure evaluated=17 k=4 scale_pct=25 age_ratio=16 host=131104 gc_pages=124128 gc_count=3988 waf_q16=127584 best=17 next=15 settled=0 active=2
[1592874.602040] NVMeVirt: WATGC_V2 sample ns=0 part=2 epoch=1 window=88 phase=measure evaluated=15 k=4 scale_pct=25 age_ratio=4 host=131101 gc_pages=126436 gc_count=4024 waf_q16=128740 best=15 next=17 settled=0 active=2
[1592876.854010] NVMeVirt: WATGC_V2 sample ns=0 part=1 epoch=1 window=89 phase=measure evaluated=17 k=4 scale_pct=25 age_ratio=16 host=131094 gc_pages=127088 gc_count=4034 waf_q16=129069 best=15 next=15 settled=0 active=2
[1592877.451106] NVMeVirt: WATGC_V2 sample ns=0 part=0 epoch=1 window=92 phase=measure evaluated=16 k=4 scale_pct=25 age_ratio=7 host=131106 gc_pages=136872 gc_count=4187 waf_q16=133954 best=16 next=17 settled=0 active=2
[1592877.705363] NVMeVirt: WATGC_V2 sample ns=0 part=3 epoch=1 window=89 phase=measure evaluated=15 k=4 scale_pct=25 age_ratio=4 host=131082 gc_pages=127041 gc_count=4033 waf_q16=129051 best=17 next=17 settled=0 active=2
[1592878.674436] NVMeVirt: WATGC_V2 sample ns=0 part=2 epoch=1 window=89 phase=measure evaluated=17 k=4 scale_pct=25 age_ratio=16 host=131105 gc_pages=130222 gc_count=4083 waf_q16=130630 best=15 next=15 settled=0 active=2
[1592880.879261] NVMeVirt: WATGC_V2 sample ns=0 part=1 epoch=1 window=90 phase=measure evaluated=15 k=4 scale_pct=25 age_ratio=4 host=131089 gc_pages=126827 gc_count=4030 waf_q16=128941 best=15 next=17 settled=0 active=2
[1592881.239015] NVMeVirt: WATGC_V2 sample ns=0 part=0 epoch=1 window=93 phase=measure evaluated=17 k=4 scale_pct=25 age_ratio=16 host=131092 gc_pages=135724 gc_count=4169 waf_q16=133387 best=16 next=16 settled=0 active=2
[1592881.712579] NVMeVirt: WATGC_V2 sample ns=0 part=3 epoch=1 window=90 phase=measure evaluated=17 k=4 scale_pct=25 age_ratio=16 host=131096 gc_pages=124193 gc_count=3989 waf_q16=127621 best=17 next=15 settled=0 active=2
[1592882.721276] NVMeVirt: WATGC_V2 sample ns=0 part=2 epoch=1 window=90 phase=measure evaluated=15 k=4 scale_pct=25 age_ratio=4 host=131095 gc_pages=127524 gc_count=4041 waf_q16=129286 best=15 next=17 settled=0 active=2
[1592884.906101] NVMeVirt: WATGC_V2 sample ns=0 part=1 epoch=1 window=91 phase=measure evaluated=17 k=4 scale_pct=25 age_ratio=16 host=131072 gc_pages=126212 gc_count=4020 waf_q16=128642 best=15 next=15 settled=0 active=2
[1592885.060370] NVMeVirt: WATGC_V2 sample ns=0 part=0 epoch=1 window=94 phase=measure evaluated=16 k=4 scale_pct=25 age_ratio=7 host=131098 gc_pages=137640 gc_count=4199 waf_q16=134342 best=16 next=17 settled=0 active=2
[1592885.767061] NVMeVirt: WATGC_V2 sample ns=0 part=3 epoch=1 window=91 phase=measure evaluated=15 k=4 scale_pct=25 age_ratio=4 host=131092 gc_pages=125729 gc_count=4013 waf_q16=128390 best=17 next=17 settled=0 active=2
[1592886.784169] NVMeVirt: WATGC_V2 sample ns=0 part=2 epoch=1 window=91 phase=measure evaluated=17 k=4 scale_pct=25 age_ratio=16 host=131096 gc_pages=129255 gc_count=4068 waf_q16=130151 best=15 next=15 settled=0 active=2
[1592888.864987] NVMeVirt: WATGC_V2 sample ns=0 part=0 epoch=1 window=95 phase=measure evaluated=17 k=4 scale_pct=25 age_ratio=16 host=131077 gc_pages=135940 gc_count=4172 waf_q16=133503 best=16 next=16 settled=0 active=2
[1592888.944106] NVMeVirt: WATGC_V2 sample ns=0 part=1 epoch=1 window=92 phase=measure evaluated=15 k=4 scale_pct=25 age_ratio=4 host=131078 gc_pages=127421 gc_count=4039 waf_q16=129243 best=15 next=17 settled=0 active=2
[1592889.791503] NVMeVirt: WATGC_V2 sample ns=0 part=3 epoch=1 window=92 phase=measure evaluated=17 k=4 scale_pct=25 age_ratio=16 host=131080 gc_pages=126147 gc_count=4019 waf_q16=128605 best=17 next=15 settled=0 active=2
[1592890.836541] NVMeVirt: WATGC_V2 sample ns=0 part=2 epoch=1 window=92 phase=measure evaluated=15 k=4 scale_pct=25 age_ratio=4 host=131080 gc_pages=126824 gc_count=4030 waf_q16=128944 best=15 next=15 settled=0 active=2
[1592892.642345] NVMeVirt: WATGC_V2 sample ns=0 part=0 epoch=1 window=96 phase=measure evaluated=16 k=4 scale_pct=25 age_ratio=7 host=131081 gc_pages=135469 gc_count=4165 waf_q16=133265 best=16 next=17 settled=0 active=2
[1592892.952713] NVMeVirt: WATGC_V2 sample ns=0 part=1 epoch=1 window=93 phase=measure evaluated=17 k=4 scale_pct=25 age_ratio=16 host=131098 gc_pages=125917 gc_count=4016 waf_q16=128482 best=15 next=15 settled=0 active=2
[1592893.813090] NVMeVirt: WATGC_V2 sample ns=0 part=3 epoch=1 window=93 phase=measure evaluated=15 k=4 scale_pct=25 age_ratio=4 host=131104 gc_pages=127009 gc_count=4033 waf_q16=129024 best=17 next=17 settled=0 active=2
[1592894.069787] NVMeVirt: WATGC_V2 sample ns=0 part=2 epoch=1 window=93 phase=measure evaluated=15 k=4 scale_pct=25 age_ratio=4 host=131093 gc_pages=126650 gc_count=4027 waf_q16=128850 best=15 next=17 settled=0 active=2
[1592896.430754] NVMeVirt: WATGC_V2 sample ns=0 part=0 epoch=1 window=97 phase=measure evaluated=17 k=4 scale_pct=25 age_ratio=16 host=131094 gc_pages=136932 gc_count=4188 waf_q16=133990 best=16 next=16 settled=0 active=2
[1592896.977964] NVMeVirt: WATGC_V2 sample ns=0 part=1 epoch=1 window=94 phase=measure evaluated=15 k=4 scale_pct=25 age_ratio=4 host=131076 gc_pages=127043 gc_count=4033 waf_q16=129055 best=15 next=17 settled=0 active=2
[1592897.829185] NVMeVirt: WATGC_V2 sample ns=0 part=3 epoch=1 window=94 phase=measure evaluated=17 k=4 scale_pct=25 age_ratio=16 host=131112 gc_pages=125588 gc_count=4011 waf_q16=128310 best=17 next=17 settled=0 active=2
[1592898.124707] NVMeVirt: WATGC_V2 sample ns=0 part=2 epoch=1 window=94 phase=measure evaluated=17 k=4 scale_pct=25 age_ratio=16 host=131088 gc_pages=129396 gc_count=4070 waf_q16=130226 best=15 next=15 settled=0 active=2
[1592900.225886] NVMeVirt: WATGC_V2 sample ns=0 part=0 epoch=1 window=98 phase=measure evaluated=16 k=4 scale_pct=25 age_ratio=7 host=131078 gc_pages=136764 gc_count=4185 waf_q16=133914 best=16 next=17 settled=0 active=2
[1592901.001164] NVMeVirt: WATGC_V2 sample ns=0 part=1 epoch=1 window=95 phase=measure evaluated=17 k=4 scale_pct=25 age_ratio=16 host=131084 gc_pages=127236 gc_count=4036 waf_q16=129148 best=15 next=15 settled=0 active=2
[1592901.059439] NVMeVirt: WATGC_V2 sample ns=0 part=3 epoch=1 window=95 phase=measure evaluated=17 k=4 scale_pct=25 age_ratio=16 host=131087 gc_pages=127082 gc_count=4034 waf_q16=129069 best=17 next=15 settled=0 active=2
[1592902.184034] NVMeVirt: WATGC_V2 sample ns=0 part=2 epoch=1 window=95 phase=measure evaluated=15 k=4 scale_pct=25 age_ratio=4 host=131076 gc_pages=130812 gc_count=4092 waf_q16=130940 best=15 next=17 settled=0 active=2
[1592904.014738] NVMeVirt: WATGC_V2 settled ns=0 part=0 epoch=1 window=99 best=16 waf_q16=129657 meaning=empirical-stability
[1592904.014744] NVMeVirt: WATGC_V2 sample ns=0 part=0 epoch=1 window=99 phase=measure evaluated=17 k=4 scale_pct=25 age_ratio=16 host=131081 gc_pages=136890 gc_count=4187 waf_q16=133976 best=16 next=16 settled=1 active=2
[1592905.032176] NVMeVirt: WATGC_V2 sample ns=0 part=1 epoch=1 window=96 phase=measure evaluated=15 k=4 scale_pct=25 age_ratio=4 host=131078 gc_pages=126215 gc_count=4020 waf_q16=128640 best=15 next=17 settled=0 active=2
[1592905.091875] NVMeVirt: WATGC_V2 sample ns=0 part=3 epoch=1 window=96 phase=measure evaluated=15 k=4 scale_pct=25 age_ratio=4 host=131080 gc_pages=124280 gc_count=3990 waf_q16=127672 best=17 next=15 settled=0 active=2
[1592906.245048] NVMeVirt: WATGC_V2 sample ns=0 part=2 epoch=1 window=96 phase=measure evaluated=17 k=4 scale_pct=25 age_ratio=16 host=131094 gc_pages=130212 gc_count=4083 waf_q16=130631 best=15 next=15 settled=0 active=2
[1592907.831189] NVMeVirt: WATGC_V2 sample ns=0 part=0 epoch=1 window=100 phase=measure evaluated=16 k=4 scale_pct=25 age_ratio=7 host=131094 gc_pages=138867 gc_count=4218 waf_q16=134957 best=16 next=16 settled=1 active=2
[1592908.323232] NVMeVirt: WATGC_V2 settled ns=0 part=3 epoch=1 window=97 best=17 waf_q16=124388 meaning=empirical-stability
[1592908.323238] NVMeVirt: WATGC_V2 sample ns=0 part=3 epoch=1 window=97 phase=measure evaluated=15 k=4 scale_pct=25 age_ratio=4 host=131101 gc_pages=127011 gc_count=4033 waf_q16=129027 best=17 next=17 settled=1 active=2
[1592909.062570] NVMeVirt: WATGC_V2 sample ns=0 part=1 epoch=1 window=97 phase=measure evaluated=17 k=4 scale_pct=25 age_ratio=16 host=131101 gc_pages=125667 gc_count=4012 waf_q16=128355 best=15 next=15 settled=0 active=2
[1592910.303485] NVMeVirt: WATGC_V2 settled ns=0 part=2 epoch=1 window=97 best=15 waf_q16=125873 meaning=empirical-stability
[1592910.303491] NVMeVirt: WATGC_V2 sample ns=0 part=2 epoch=1 window=97 phase=measure evaluated=15 k=4 scale_pct=25 age_ratio=4 host=131077 gc_pages=128873 gc_count=4062 waf_q16=129970 best=15 next=15 settled=1 active=2
[1592910.855142] NVMeVirt: WATGC_V2 sample ns=0 part=0 epoch=1 window=101 phase=measure evaluated=16 k=4 scale_pct=25 age_ratio=7 host=131078 gc_pages=135673 gc_count=4168 waf_q16=133369 best=16 next=16 settled=1 active=2
[1592912.339368] NVMeVirt: WATGC_V2 sample ns=0 part=3 epoch=1 window=98 phase=measure evaluated=17 k=4 scale_pct=25 age_ratio=16 host=131112 gc_pages=126806 gc_count=4030 waf_q16=128919 best=17 next=17 settled=1 active=2
[1592913.097549] NVMeVirt: WATGC_V2 sample ns=0 part=1 epoch=1 window=98 phase=measure evaluated=15 k=4 scale_pct=25 age_ratio=4 host=131075 gc_pages=126917 gc_count=4031 waf_q16=128993 best=15 next=17 settled=0 active=2
[1592913.541425] NVMeVirt: WATGC_V2 sample ns=0 part=2 epoch=1 window=98 phase=measure evaluated=15 k=4 scale_pct=25 age_ratio=4 host=131081 gc_pages=128136 gc_count=4050 waf_q16=129599 best=15 next=15 settled=1 active=2
[1592913.899977] NVMeVirt: WATGC_V2 sample ns=0 part=0 epoch=1 window=102 phase=measure evaluated=16 k=4 scale_pct=25 age_ratio=7 host=131080 gc_pages=137209 gc_count=4192 waf_q16=134136 best=16 next=16 settled=1 active=2
[1592915.554592] NVMeVirt: WATGC_V2 sample ns=0 part=3 epoch=1 window=99 phase=measure evaluated=17 k=4 scale_pct=25 age_ratio=16 host=131095 gc_pages=125159 gc_count=4004 waf_q16=128104 best=17 next=17 settled=1 active=2
[1592916.777995] NVMeVirt: WATGC_V2 sample ns=0 part=2 epoch=1 window=99 phase=measure evaluated=15 k=4 scale_pct=25 age_ratio=4 host=131083 gc_pages=128306 gc_count=4053 waf_q16=129683 best=17 next=17 settled=0 active=2
[1592916.934729] NVMeVirt: WATGC_V2 sample ns=0 part=0 epoch=1 window=103 phase=measure evaluated=16 k=4 scale_pct=25 age_ratio=7 host=131093 gc_pages=135147 gc_count=4160 waf_q16=133098 best=17 next=17 settled=0 active=2
[1592917.121097] NVMeVirt: WATGC_V2 sample ns=0 part=1 epoch=1 window=99 phase=measure evaluated=17 k=4 scale_pct=25 age_ratio=16 host=131079 gc_pages=127673 gc_count=4043 waf_q16=129369 best=15 next=15 settled=0 active=2
[1592918.774924] NVMeVirt: WATGC_V2 sample ns=0 part=3 epoch=1 window=100 phase=measure evaluated=17 k=4 scale_pct=25 age_ratio=16 host=131100 gc_pages=123943 gc_count=3985 waf_q16=127494 best=17 next=17 settled=1 active=2
[1592920.728029] NVMeVirt: WATGC_V2 sample ns=0 part=0 epoch=1 window=104 phase=measure evaluated=17 k=4 scale_pct=25 age_ratio=16 host=131084 gc_pages=134761 gc_count=4154 waf_q16=132910 best=17 next=17 settled=0 active=2
[1592920.822362] NVMeVirt: WATGC_V2 sample ns=0 part=2 epoch=1 window=100 phase=measure evaluated=17 k=4 scale_pct=25 age_ratio=16 host=131081 gc_pages=128005 gc_count=4048 waf_q16=129534 best=17 next=17 settled=0 active=2
[1592921.138368] NVMeVirt: WATGC_V2 sample ns=0 part=1 epoch=1 window=100 phase=measure evaluated=15 k=4 scale_pct=25 age_ratio=4 host=131081 gc_pages=126911 gc_count=4031 waf_q16=128987 best=15 next=17 settled=0 active=2
[1592921.988291] NVMeVirt: WATGC_V2 sample ns=0 part=3 epoch=1 window=101 phase=measure evaluated=17 k=4 scale_pct=25 age_ratio=16 host=131096 gc_pages=124776 gc_count=3998 waf_q16=127912 best=15 next=15 settled=0 active=2
[1592923.762878] NVMeVirt: WATGC_V2 sample ns=0 part=0 epoch=1 window=105 phase=measure evaluated=17 k=4 scale_pct=25 age_ratio=16 host=131074 gc_pages=137224 gc_count=4192 waf_q16=134146 best=17 next=17 settled=0 active=2
[1592924.070512] NVMeVirt: WATGC_V2 sample ns=0 part=2 epoch=1 window=101 phase=measure evaluated=17 k=4 scale_pct=25 age_ratio=16 host=131075 gc_pages=128445 gc_count=4055 waf_q16=129757 best=17 next=17 settled=0 active=2
[1592925.184098] NVMeVirt: WATGC_V2 settled ns=0 part=1 epoch=1 window=101 best=15 waf_q16=125377 meaning=empirical-stability
[1592925.184104] NVMeVirt: WATGC_V2 sample ns=0 part=1 epoch=1 window=101 phase=measure evaluated=17 k=4 scale_pct=25 age_ratio=16 host=131102 gc_pages=126514 gc_count=4025 waf_q16=128778 best=15 next=15 settled=1 active=2
[1592926.024632] NVMeVirt: WATGC_V2 sample ns=0 part=3 epoch=1 window=102 phase=measure evaluated=15 k=4 scale_pct=25 age_ratio=4 host=131082 gc_pages=127094 gc_count=4034 waf_q16=129078 best=15 next=15 settled=0 active=2
[1592926.803269] NVMeVirt: WATGC_V2 sample ns=0 part=0 epoch=1 window=106 phase=measure evaluated=17 k=4 scale_pct=25 age_ratio=16 host=131107 gc_pages=139426 gc_count=4227 waf_q16=135230 best=17 next=17 settled=0 active=2
[1592927.312107] NVMeVirt: WATGC_V2 sample ns=0 part=2 epoch=1 window=102 phase=measure evaluated=17 k=4 scale_pct=25 age_ratio=16 host=131093 gc_pages=127850 gc_count=4046 waf_q16=129450 best=17 next=15 settled=0 active=2
[1592929.218402] NVMeVirt: WATGC_V2 sample ns=0 part=1 epoch=1 window=102 phase=measure evaluated=15 k=4 scale_pct=25 age_ratio=4 host=131080 gc_pages=126520 gc_count=4025 waf_q16=128792 best=15 next=15 settled=1 active=2
[1592929.252610] NVMeVirt: WATGC_V2 sample ns=0 part=3 epoch=1 window=103 phase=measure evaluated=15 k=4 scale_pct=25 age_ratio=4 host=131076 gc_pages=126386 gc_count=4023 waf_q16=128727 best=15 next=15 settled=0 active=2
[1592929.858358] NVMeVirt: WATGC_V2 sample ns=0 part=0 epoch=1 window=107 phase=measure evaluated=17 k=4 scale_pct=25 age_ratio=16 host=131097 gc_pages=135331 gc_count=4163 waf_q16=133188 best=17 next=16 settled=0 active=2
[1592931.390019] NVMeVirt: WATGC_V2 sample ns=0 part=2 epoch=1 window=103 phase=measure evaluated=15 k=4 scale_pct=25 age_ratio=4 host=131090 gc_pages=130477 gc_count=4087 waf_q16=130765 best=17 next=17 settled=0 active=2
[1592932.462589] NVMeVirt: WATGC_V2 sample ns=0 part=1 epoch=1 window=103 phase=measure evaluated=15 k=4 scale_pct=25 age_ratio=4 host=131102 gc_pages=127586 gc_count=4042 waf_q16=129314 best=15 next=15 settled=1 active=2
[1592932.495987] NVMeVirt: WATGC_V2 sample ns=0 part=3 epoch=1 window=104 phase=measure evaluated=15 k=4 scale_pct=25 age_ratio=4 host=131077 gc_pages=125445 gc_count=4008 waf_q16=128256 best=15 next=17 settled=0 active=2
[1592933.676086] NVMeVirt: WATGC_V2 sample ns=0 part=0 epoch=1 window=108 phase=measure evaluated=16 k=4 scale_pct=25 age_ratio=7 host=131090 gc_pages=137574 gc_count=4198 waf_q16=134313 best=17 next=17 settled=0 active=2
[1592935.453982] NVMeVirt: WATGC_V2 sample ns=0 part=2 epoch=1 window=104 phase=measure evaluated=17 k=4 scale_pct=25 age_ratio=16 host=131088 gc_pages=128559 gc_count=4057 waf_q16=129807 best=17 next=15 settled=0 active=2
[1592935.698344] NVMeVirt: WATGC_V2 sample ns=0 part=1 epoch=1 window=104 phase=measure evaluated=15 k=4 scale_pct=25 age_ratio=4 host=131105 gc_pages=127774 gc_count=4045 waf_q16=129406 best=15 next=15 settled=1 active=2
[1592936.529948] NVMeVirt: WATGC_V2 sample ns=0 part=3 epoch=1 window=105 phase=measure evaluated=17 k=4 scale_pct=25 age_ratio=16 host=131087 gc_pages=127022 gc_count=4033 waf_q16=129039 best=15 next=15 settled=0 active=2
[1592937.466969] NVMeVirt: WATGC_V2 sample ns=0 part=0 epoch=1 window=109 phase=measure evaluated=17 k=4 scale_pct=25 age_ratio=16 host=131091 gc_pages=134961 gc_count=4157 waf_q16=133006 best=17 next=16 settled=0 active=2
[1592938.907711] NVMeVirt: WATGC_V2 sample ns=0 part=1 epoch=1 window=105 phase=measure evaluated=15 k=4 scale_pct=25 age_ratio=4 host=131086 gc_pages=126963 gc_count=4032 waf_q16=129010 best=17 next=17 settled=0 active=2
[1592939.487822] NVMeVirt: WATGC_V2 sample ns=0 part=2 epoch=1 window=105 phase=measure evaluated=15 k=4 scale_pct=25 age_ratio=4 host=131088 gc_pages=127017 gc_count=4033 waf_q16=129036 best=17 next=17 settled=0 active=2
[1592940.551554] NVMeVirt: WATGC_V2 sample ns=0 part=3 epoch=1 window=106 phase=measure evaluated=15 k=4 scale_pct=25 age_ratio=4 host=131086 gc_pages=124790 gc_count=3998 waf_q16=127924 best=15 next=17 settled=0 active=2
[1592941.274397] NVMeVirt: WATGC_V2 sample ns=0 part=0 epoch=1 window=110 phase=measure evaluated=16 k=4 scale_pct=25 age_ratio=7 host=131090 gc_pages=136865 gc_count=4187 waf_q16=133959 best=17 next=17 settled=0 active=2
[1592942.947980] NVMeVirt: WATGC_V2 sample ns=0 part=1 epoch=1 window=106 phase=measure evaluated=17 k=4 scale_pct=25 age_ratio=16 host=131072 gc_pages=127922 gc_count=4047 waf_q16=129497 best=17 next=17 settled=0 active=2
[1592943.555199] NVMeVirt: WATGC_V2 sample ns=0 part=2 epoch=1 window=106 phase=measure evaluated=17 k=4 scale_pct=25 age_ratio=16 host=131077 gc_pages=127552 gc_count=4041 waf_q16=129309 best=17 next=15 settled=0 active=2
[1592944.581439] NVMeVirt: WATGC_V2 sample ns=0 part=3 epoch=1 window=107 phase=measure evaluated=17 k=4 scale_pct=25 age_ratio=16 host=131088 gc_pages=126074 gc_count=4018 waf_q16=128565 best=15 next=15 settled=0 active=2
[1592945.075331] NVMeVirt: WATGC_V2 sample ns=0 part=0 epoch=1 window=111 phase=measure evaluated=17 k=4 scale_pct=25 age_ratio=16 host=131095 gc_pages=137322 gc_count=4194 waf_q16=134184 best=17 next=16 settled=0 active=2
[1592946.162097] NVMeVirt: WATGC_V2 sample ns=0 part=1 epoch=1 window=107 phase=measure evaluated=17 k=4 scale_pct=25 age_ratio=16 host=131089 gc_pages=125360 gc_count=4007 waf_q16=128207 best=17 next=17 settled=0 active=2
[1592947.600268] NVMeVirt: WATGC_V2 sample ns=0 part=2 epoch=1 window=107 phase=measure evaluated=15 k=4 scale_pct=25 age_ratio=4 host=131100 gc_pages=128614 gc_count=4058 waf_q16=129829 best=17 next=17 settled=0 active=2
[1592948.599097] NVMeVirt: WATGC_V2 sample ns=0 part=3 epoch=1 window=108 phase=measure evaluated=15 k=4 scale_pct=25 age_ratio=4 host=131103 gc_pages=125216 gc_count=4005 waf_q16=128129 best=15 next=17 settled=0 active=2
[1592948.869778] NVMeVirt: WATGC_V2 sample ns=0 part=0 epoch=1 window=112 phase=measure evaluated=16 k=4 scale_pct=25 age_ratio=7 host=131091 gc_pages=134704 gc_count=4153 waf_q16=132878 best=17 next=17 settled=0 active=2
[1592949.377945] NVMeVirt: WATGC_V2 sample ns=0 part=1 epoch=1 window=108 phase=measure evaluated=17 k=4 scale_pct=25 age_ratio=16 host=131085 gc_pages=125375 gc_count=4007 waf_q16=128217 best=17 next=17 settled=0 active=2
[1592951.656715] NVMeVirt: WATGC_V2 sample ns=0 part=2 epoch=1 window=108 phase=measure evaluated=17 k=4 scale_pct=25 age_ratio=16 host=131089 gc_pages=130022 gc_count=4080 waf_q16=130538 best=17 next=15 settled=0 active=2
[1592952.614394] NVMeVirt: WATGC_V2 sample ns=0 part=1 epoch=1 window=109 phase=measure evaluated=17 k=4 scale_pct=25 age_ratio=16 host=131072 gc_pages=127424 gc_count=4039 waf_q16=129248 best=17 next=15 settled=0 active=2
[1592952.636055] NVMeVirt: WATGC_V2 sample ns=0 part=3 epoch=1 window=109 phase=measure evaluated=17 k=4 scale_pct=25 age_ratio=16 host=131078 gc_pages=127539 gc_count=4041 waf_q16=129302 best=15 next=15 settled=0 active=2
[1592952.680897] NVMeVirt: WATGC_V2 sample ns=0 part=0 epoch=1 window=113 phase=measure evaluated=17 k=4 scale_pct=25 age_ratio=16 host=131077 gc_pages=138364 gc_count=4210 waf_q16=134715 best=17 next=16 settled=0 active=2
[1592955.721675] NVMeVirt: WATGC_V2 sample ns=0 part=2 epoch=1 window=109 phase=measure evaluated=15 k=4 scale_pct=25 age_ratio=4 host=131096 gc_pages=129456 gc_count=4071 waf_q16=130252 best=17 next=17 settled=0 active=2
[1592956.482823] NVMeVirt: WATGC_V2 sample ns=0 part=0 epoch=1 window=114 phase=measure evaluated=16 k=4 scale_pct=25 age_ratio=7 host=131096 gc_pages=136297 gc_count=4178 waf_q16=133672 best=17 next=17 settled=0 active=2
[1592956.637214] NVMeVirt: WATGC_V2 sample ns=0 part=1 epoch=1 window=110 phase=measure evaluated=15 k=4 scale_pct=25 age_ratio=4 host=131098 gc_pages=125982 gc_count=4017 waf_q16=128514 best=17 next=17 settled=0 active=2
[1592956.659901] NVMeVirt: WATGC_V2 sample ns=0 part=3 epoch=1 window=110 phase=measure evaluated=15 k=4 scale_pct=25 age_ratio=4 host=131085 gc_pages=124905 gc_count=4000 waf_q16=127982 best=15 next=15 settled=0 active=2
[1592959.768591] NVMeVirt: WATGC_V2 sample ns=0 part=2 epoch=1 window=110 phase=measure evaluated=17 k=4 scale_pct=25 age_ratio=16 host=131090 gc_pages=126449 gc_count=4024 waf_q16=128751 best=17 next=17 settled=0 active=2
[1592959.879281] NVMeVirt: WATGC_V2 sample ns=0 part=3 epoch=1 window=111 phase=measure evaluated=15 k=4 scale_pct=25 age_ratio=4 host=131097 gc_pages=127075 gc_count=4034 waf_q16=129061 best=15 next=17 settled=0 active=2
[1592960.273504] NVMeVirt: WATGC_V2 settled ns=0 part=0 epoch=1 window=115 best=17 waf_q16=131696 meaning=empirical-stability
[1592960.273511] NVMeVirt: WATGC_V2 sample ns=0 part=0 epoch=1 window=115 phase=measure evaluated=17 k=4 scale_pct=25 age_ratio=16 host=131088 gc_pages=136568 gc_count=4182 waf_q16=133811 best=17 next=17 settled=1 active=2
[1592960.666499] NVMeVirt: WATGC_V2 sample ns=0 part=1 epoch=1 window=111 phase=measure evaluated=17 k=4 scale_pct=25 age_ratio=16 host=131106 gc_pages=128925 gc_count=4063 waf_q16=129981 best=17 next=15 settled=0 active=2
[1592963.024373] NVMeVirt: WATGC_V2 settled ns=0 part=2 epoch=1 window=111 best=17 waf_q16=127519 meaning=empirical-stability
[1592963.024380] NVMeVirt: WATGC_V2 sample ns=0 part=2 epoch=1 window=111 phase=measure evaluated=17 k=4 scale_pct=25 age_ratio=16 host=131080 gc_pages=128691 gc_count=4059 waf_q16=129877 best=17 next=17 settled=1 active=2
[1592963.338977] NVMeVirt: WATGC_V2 sample ns=0 part=0 epoch=1 window=116 phase=measure evaluated=17 k=4 scale_pct=25 age_ratio=16 host=131087 gc_pages=136945 gc_count=4188 waf_q16=134000 best=17 next=17 settled=1 active=2
[1592963.932187] NVMeVirt: WATGC_V2 sample ns=0 part=3 epoch=1 window=112 phase=measure evaluated=17 k=4 scale_pct=25 age_ratio=16 host=131090 gc_pages=127917 gc_count=4047 waf_q16=129485 best=15 next=15 settled=0 active=2
[1592964.739303] NVMeVirt: WATGC_V2 sample ns=0 part=1 epoch=1 window=112 phase=measure evaluated=15 k=4 scale_pct=25 age_ratio=4 host=131093 gc_pages=127787 gc_count=4045 waf_q16=129419 best=17 next=17 settled=0 active=2
[1592966.309125] NVMeVirt: WATGC_V2 sample ns=0 part=2 epoch=1 window=112 phase=measure evaluated=17 k=4 scale_pct=25 age_ratio=16 host=131087 gc_pages=129655 gc_count=4074 waf_q16=130356 best=17 next=17 settled=1 active=2
[1592966.410845] NVMeVirt: WATGC_V2 sample ns=0 part=0 epoch=1 window=117 phase=measure evaluated=17 k=4 scale_pct=25 age_ratio=16 host=131094 gc_pages=138469 gc_count=4212 waf_q16=134758 best=17 next=17 settled=1 active=2
[1592967.989965] NVMeVirt: WATGC_V2 settled ns=0 part=3 epoch=1 window=113 best=15 waf_q16=126469 meaning=empirical-stability
[1592967.989971] NVMeVirt: WATGC_V2 sample ns=0 part=3 epoch=1 window=113 phase=measure evaluated=15 k=4 scale_pct=25 age_ratio=4 host=131090 gc_pages=127981 gc_count=4048 waf_q16=129517 best=15 next=15 settled=1 active=2
[1592968.793097] NVMeVirt: WATGC_V2 sample ns=0 part=1 epoch=1 window=113 phase=measure evaluated=17 k=4 scale_pct=25 age_ratio=16 host=131082 gc_pages=126459 gc_count=4024 waf_q16=128760 best=17 next=15 settled=0 active=2
[1592969.449403] NVMeVirt: WATGC_V2 sample ns=0 part=0 epoch=1 window=118 phase=measure evaluated=17 k=4 scale_pct=25 age_ratio=16 host=131108 gc_pages=136800 gc_count=4186 waf_q16=133917 best=17 next=17 settled=1 active=2
[1592969.555930] NVMeVirt: WATGC_V2 sample ns=0 part=2 epoch=1 window=113 phase=measure evaluated=17 k=4 scale_pct=25 age_ratio=16 host=131088 gc_pages=128061 gc_count=4049 waf_q16=129558 best=17 next=17 settled=1 active=2
[1592971.199830] NVMeVirt: WATGC_V2 sample ns=0 part=3 epoch=1 window=114 phase=measure evaluated=15 k=4 scale_pct=25 age_ratio=4 host=131104 gc_pages=125658 gc_count=4012 waf_q16=128349 best=15 next=15 settled=1 active=2
[1592972.473483] NVMeVirt: WATGC_V2 sample ns=0 part=0 epoch=1 window=119 phase=measure evaluated=17 k=4 scale_pct=25 age_ratio=16 host=131074 gc_pages=136447 gc_count=4180 waf_q16=133758 best=16 next=16 settled=0 active=2
[1592972.777389] NVMeVirt: WATGC_V2 sample ns=0 part=2 epoch=1 window=114 phase=measure evaluated=17 k=4 scale_pct=25 age_ratio=16 host=131104 gc_pages=126238 gc_count=4021 waf_q16=128639 best=17 next=17 settled=1 active=2
[1592972.801661] NVMeVirt: WATGC_V2 sample ns=0 part=1 epoch=1 window=114 phase=measure evaluated=15 k=4 scale_pct=25 age_ratio=4 host=131077 gc_pages=124604 gc_count=3995 waf_q16=127835 best=17 next=17 settled=0 active=2
[1592974.416075] NVMeVirt: WATGC_V2 sample ns=0 part=3 epoch=1 window=115 phase=measure evaluated=15 k=4 scale_pct=25 age_ratio=4 host=131105 gc_pages=124894 gc_count=4000 waf_q16=127967 best=15 next=15 settled=1 active=2
[1592976.020259] NVMeVirt: WATGC_V2 sample ns=0 part=2 epoch=1 window=115 phase=measure evaluated=17 k=4 scale_pct=25 age_ratio=16 host=131087 gc_pages=129651 gc_count=4074 waf_q16=130354 best=17 next=17 settled=1 active=2
[1592976.261781] NVMeVirt: WATGC_V2 sample ns=0 part=0 epoch=1 window=120 phase=measure evaluated=16 k=4 scale_pct=25 age_ratio=7 host=131095 gc_pages=138538 gc_count=4213 waf_q16=134792 best=16 next=16 settled=0 active=2
[1592976.811187] NVMeVirt: WATGC_V2 sample ns=0 part=1 epoch=1 window=115 phase=measure evaluated=17 k=4 scale_pct=25 age_ratio=16 host=131075 gc_pages=126906 gc_count=4031 waf_q16=128987 best=17 next=15 settled=0 active=2
[1592977.619243] NVMeVirt: WATGC_V2 sample ns=0 part=3 epoch=1 window=116 phase=measure evaluated=15 k=4 scale_pct=25 age_ratio=4 host=131081 gc_pages=127357 gc_count=4038 waf_q16=129210 best=15 next=15 settled=1 active=2
[1592979.255619] NVMeVirt: WATGC_V2 sample ns=0 part=2 epoch=1 window=116 phase=measure evaluated=17 k=4 scale_pct=25 age_ratio=16 host=131095 gc_pages=127960 gc_count=4048 waf_q16=129504 best=17 next=17 settled=1 active=2
[1592979.298745] NVMeVirt: WATGC_V2 sample ns=0 part=0 epoch=1 window=121 phase=measure evaluated=16 k=4 scale_pct=25 age_ratio=7 host=131086 gc_pages=136241 gc_count=4177 waf_q16=133649 best=16 next=16 settled=0 active=2
[1592980.858072] NVMeVirt: WATGC_V2 sample ns=0 part=3 epoch=1 window=117 phase=measure evaluated=15 k=4 scale_pct=25 age_ratio=4 host=131109 gc_pages=127837 gc_count=4046 waf_q16=129436 best=15 next=15 settled=1 active=2
[1592980.858586] NVMeVirt: WATGC_V2 sample ns=0 part=1 epoch=1 window=116 phase=measure evaluated=15 k=4 scale_pct=25 age_ratio=4 host=131098 gc_pages=127644 gc_count=4043 waf_q16=129345 best=17 next=17 settled=0 active=2
[1592982.363925] NVMeVirt: WATGC_V2 sample ns=0 part=0 epoch=1 window=122 phase=measure evaluated=16 k=4 scale_pct=25 age_ratio=7 host=131094 gc_pages=141482 gc_count=4259 waf_q16=136265 best=16 next=16 settled=0 active=2
[1592982.531679] NVMeVirt: WATGC_V2 sample ns=0 part=2 epoch=1 window=117 phase=measure evaluated=17 k=4 scale_pct=25 age_ratio=16 host=131096 gc_pages=131442 gc_count=4102 waf_q16=131244 best=15 next=15 settled=0 active=2
[1592984.093311] NVMeVirt: WATGC_V2 sample ns=0 part=3 epoch=1 window=118 phase=measure evaluated=15 k=4 scale_pct=25 age_ratio=4 host=131074 gc_pages=125806 gc_count=4014 waf_q16=128438 best=15 next=15 settled=1 active=2
[1592984.895967] NVMeVirt: WATGC_V2 settled ns=0 part=1 epoch=1 window=117 best=17 waf_q16=126960 meaning=empirical-stability
[1592984.895974] NVMeVirt: WATGC_V2 sample ns=0 part=1 epoch=1 window=117 phase=measure evaluated=17 k=4 scale_pct=25 age_ratio=16 host=131102 gc_pages=127257 gc_count=4037 waf_q16=129149 best=17 next=17 settled=1 active=2
[1592985.388702] NVMeVirt: WATGC_V2 sample ns=0 part=0 epoch=1 window=123 phase=measure evaluated=16 k=4 scale_pct=25 age_ratio=7 host=131088 gc_pages=135856 gc_count=4171 waf_q16=133455 best=16 next=16 settled=0 active=2
[1592986.574047] NVMeVirt: WATGC_V2 sample ns=0 part=2 epoch=1 window=118 phase=measure evaluated=15 k=4 scale_pct=25 age_ratio=4 host=131080 gc_pages=128699 gc_count=4059 waf_q16=129881 best=15 next=15 settled=0 active=2
[1592987.298865] NVMeVirt: WATGC_V2 sample ns=0 part=3 epoch=1 window=119 phase=measure evaluated=15 k=4 scale_pct=25 age_ratio=4 host=131089 gc_pages=125054 gc_count=4002 waf_q16=128054 best=15 next=15 settled=1 active=2
[1592988.113716] NVMeVirt: WATGC_V2 sample ns=0 part=1 epoch=1 window=118 phase=measure evaluated=17 k=4 scale_pct=25 age_ratio=16 host=131098 gc_pages=126255 gc_count=4021 waf_q16=128650 best=17 next=17 settled=1 active=2
[1592988.421836] NVMeVirt: WATGC_V2 sample ns=0 part=0 epoch=1 window=124 phase=measure evaluated=16 k=4 scale_pct=25 age_ratio=7 host=131090 gc_pages=134316 gc_count=4147 waf_q16=132684 best=16 next=17 settled=0 active=2
[1592989.822275] NVMeVirt: WATGC_V2 sample ns=0 part=2 epoch=1 window=119 phase=measure evaluated=15 k=4 scale_pct=25 age_ratio=4 host=131086 gc_pages=128498 gc_count=4056 waf_q16=129778 best=15 next=15 settled=0 active=2
[1592990.533492] NVMeVirt: WATGC_V2 sample ns=0 part=3 epoch=1 window=120 phase=measure evaluated=15 k=4 scale_pct=25 age_ratio=4 host=131089 gc_pages=127471 gc_count=4040 waf_q16=129263 best=17 next=17 settled=0 active=2
[1592991.342746] NVMeVirt: WATGC_V2 sample ns=0 part=1 epoch=1 window=119 phase=measure evaluated=17 k=4 scale_pct=25 age_ratio=16 host=131098 gc_pages=127463 gc_count=4040 waf_q16=129254 best=17 next=17 settled=1 active=2
[1592992.244621] NVMeVirt: WATGC_V2 sample ns=0 part=0 epoch=1 window=125 phase=measure evaluated=17 k=4 scale_pct=25 age_ratio=16 host=131090 gc_pages=138356 gc_count=4210 waf_q16=134704 best=16 next=16 settled=0 active=2
[1592993.063189] NVMeVirt: WATGC_V2 sample ns=0 part=2 epoch=1 window=120 phase=measure evaluated=15 k=4 scale_pct=25 age_ratio=4 host=131097 gc_pages=128471 gc_count=4056 waf_q16=129759 best=15 next=15 settled=0 active=2
[1592994.561680] NVMeVirt: WATGC_V2 sample ns=0 part=1 epoch=1 window=120 phase=measure evaluated=17 k=4 scale_pct=25 age_ratio=16 host=131099 gc_pages=126564 gc_count=4026 waf_q16=128804 best=17 next=17 settled=1 active=2
[1592994.562183] NVMeVirt: WATGC_V2 sample ns=0 part=3 epoch=1 window=121 phase=measure evaluated=17 k=4 scale_pct=25 age_ratio=16 host=131075 gc_pages=126344 gc_count=4022 waf_q16=128706 best=17 next=17 settled=0 active=2
[1592996.041581] NVMeVirt: WATGC_V2 sample ns=0 part=0 epoch=1 window=126 phase=measure evaluated=16 k=4 scale_pct=25 age_ratio=7 host=131098 gc_pages=137373 gc_count=4195 waf_q16=134208 best=16 next=17 settled=0 active=2
[1592996.317348] NVMeVirt: WATGC_V2 sample ns=0 part=2 epoch=1 window=121 phase=measure evaluated=15 k=4 scale_pct=25 age_ratio=4 host=131084 gc_pages=128963 gc_count=4063 waf_q16=130011 best=15 next=15 settled=0 active=2
[1592997.791749] NVMeVirt: WATGC_V2 sample ns=0 part=3 epoch=1 window=122 phase=measure evaluated=17 k=4 scale_pct=25 age_ratio=16 host=131095 gc_pages=128164 gc_count=4051 waf_q16=129606 best=17 next=17 settled=0 active=2
[1592997.801883] NVMeVirt: WATGC_V2 sample ns=0 part=1 epoch=1 window=121 phase=measure evaluated=17 k=4 scale_pct=25 age_ratio=16 host=131098 gc_pages=126692 gc_count=4028 waf_q16=128869 best=17 next=17 settled=1 active=2
[1592999.532354] NVMeVirt: WATGC_V2 sample ns=0 part=2 epoch=1 window=122 phase=measure evaluated=15 k=4 scale_pct=25 age_ratio=4 host=131093 gc_pages=127659 gc_count=4043 waf_q16=129355 best=15 next=15 settled=0 active=2
[1592999.818741] NVMeVirt: WATGC_V2 sample ns=0 part=0 epoch=1 window=127 phase=measure evaluated=17 k=4 scale_pct=25 age_ratio=16 host=131076 gc_pages=137341 gc_count=4194 waf_q16=134204 best=16 next=16 settled=0 active=2
[1593000.984665] NVMeVirt: WATGC_V2 sample ns=0 part=3 epoch=1 window=123 phase=measure evaluated=17 k=4 scale_pct=25 age_ratio=16 host=131079 gc_pages=125624 gc_count=4011 waf_q16=128344 best=17 next=17 settled=0 active=2
[1593000.998162] NVMeVirt: WATGC_V2 sample ns=0 part=1 epoch=1 window=122 phase=measure evaluated=17 k=4 scale_pct=25 age_ratio=16 host=131082 gc_pages=125302 gc_count=4006 waf_q16=128182 best=17 next=17 settled=1 active=2
[1593002.773999] NVMeVirt: WATGC_V2 sample ns=0 part=2 epoch=1 window=123 phase=measure evaluated=15 k=4 scale_pct=25 age_ratio=4 host=131095 gc_pages=128283 gc_count=4053 waf_q16=129666 best=15 next=15 settled=0 active=2
[1593003.601376] NVMeVirt: WATGC_V2 sample ns=0 part=0 epoch=1 window=128 phase=measure evaluated=16 k=4 scale_pct=25 age_ratio=7 host=131104 gc_pages=137314 gc_count=4194 waf_q16=134176 best=16 next=17 settled=0 active=2
[1593004.208635] NVMeVirt: WATGC_V2 sample ns=0 part=3 epoch=1 window=124 phase=measure evaluated=17 k=4 scale_pct=25 age_ratio=16 host=131073 gc_pages=125956 gc_count=4016 waf_q16=128513 best=17 next=17 settled=0 active=2
[1593004.223030] NVMeVirt: WATGC_V2 sample ns=0 part=1 epoch=1 window=123 phase=measure evaluated=17 k=4 scale_pct=25 age_ratio=16 host=131072 gc_pages=125434 gc_count=4008 waf_q16=128253 best=17 next=17 settled=1 active=2
[1593006.011469] NVMeVirt: WATGC_V2 sample ns=0 part=2 epoch=1 window=124 phase=measure evaluated=15 k=4 scale_pct=25 age_ratio=4 host=131085 gc_pages=128513 gc_count=4056 waf_q16=129786 best=15 next=15 settled=0 active=2
[1593007.372043] NVMeVirt: WATGC_V2 sample ns=0 part=0 epoch=1 window=129 phase=measure evaluated=17 k=4 scale_pct=25 age_ratio=16 host=131075 gc_pages=134397 gc_count=4148 waf_q16=132732 best=16 next=16 settled=0 active=2
[1593007.407269] NVMeVirt: WATGC_V2 sample ns=0 part=3 epoch=1 window=125 phase=measure evaluated=17 k=4 scale_pct=25 age_ratio=16 host=131094 gc_pages=125418 gc_count=4008 waf_q16=128234 best=17 next=17 settled=0 active=2
[1593007.417915] NVMeVirt: WATGC_V2 sample ns=0 part=1 epoch=1 window=124 phase=measure evaluated=17 k=4 scale_pct=25 age_ratio=16 host=131085 gc_pages=124859 gc_count=3999 waf_q16=127959 best=17 next=32 settled=1 active=3
[1593009.222560] NVMeVirt: WATGC_V2 sample ns=0 part=2 epoch=1 window=125 phase=measure evaluated=15 k=4 scale_pct=25 age_ratio=4 host=131093 gc_pages=126699 gc_count=4028 waf_q16=128875 best=15 next=17 settled=0 active=2
[1593010.627559] NVMeVirt: WATGC_V2 sample ns=0 part=3 epoch=1 window=126 phase=measure evaluated=17 k=4 scale_pct=25 age_ratio=16 host=131089 gc_pages=125424 gc_count=4008 waf_q16=128239 best=17 next=17 settled=0 active=2
[1593011.168700] NVMeVirt: WATGC_V2 sample ns=0 part=0 epoch=1 window=130 phase=measure evaluated=16 k=4 scale_pct=25 age_ratio=7 host=131081 gc_pages=136113 gc_count=4175 waf_q16=133587 best=16 next=17 settled=0 active=2
[1593011.444216] NVMeVirt: WATGC_V2 sample ns=0 part=1 epoch=1 window=125 phase=measure evaluated=32 k=7 scale_pct=25 age_ratio=16 host=131084 gc_pages=126401 gc_count=4023 waf_q16=128730 best=32 next=32 settled=0 active=3
[1593013.277629] NVMeVirt: WATGC_V2 sample ns=0 part=2 epoch=1 window=126 phase=measure evaluated=17 k=4 scale_pct=25 age_ratio=16 host=131083 gc_pages=128938 gc_count=4063 waf_q16=129999 best=15 next=15 settled=0 active=2
[1593013.854853] NVMeVirt: WATGC_V2 sample ns=0 part=3 epoch=1 window=127 phase=measure evaluated=17 k=4 scale_pct=25 age_ratio=16 host=131099 gc_pages=126045 gc_count=4018 waf_q16=128545 best=17 next=17 settled=0 active=2
[1593014.664205] NVMeVirt: WATGC_V2 sample ns=0 part=1 epoch=1 window=126 phase=measure evaluated=32 k=7 scale_pct=25 age_ratio=16 host=131107 gc_pages=126047 gc_count=4018 waf_q16=128542 best=32 next=32 settled=0 active=3
[1593014.963345] NVMeVirt: WATGC_V2 settled ns=0 part=0 epoch=1 window=131 best=16 waf_q16=132219 meaning=empirical-stability
[1593014.963351] NVMeVirt: WATGC_V2 sample ns=0 part=0 epoch=1 window=131 phase=measure evaluated=17 k=4 scale_pct=25 age_ratio=16 host=131089 gc_pages=137439 gc_count=4196 waf_q16=134246 best=16 next=16 settled=1 active=2
[1593017.083969] NVMeVirt: WATGC_V2 sample ns=0 part=3 epoch=1 window=128 phase=measure evaluated=17 k=4 scale_pct=25 age_ratio=16 host=131072 gc_pages=127041 gc_count=4033 waf_q16=129056 best=17 next=15 settled=0 active=2
[1593017.346198] NVMeVirt: WATGC_V2 sample ns=0 part=2 epoch=1 window=127 phase=measure evaluated=15 k=4 scale_pct=25 age_ratio=4 host=131100 gc_pages=131681 gc_count=4106 waf_q16=131362 best=15 next=17 settled=0 active=2
[1593017.907161] NVMeVirt: WATGC_V2 sample ns=0 part=1 epoch=1 window=127 phase=measure evaluated=32 k=7 scale_pct=25 age_ratio=16 host=131074 gc_pages=126334 gc_count=4022 waf_q16=128702 best=32 next=32 settled=0 active=3
[1593018.776407] NVMeVirt: WATGC_V2 sample ns=0 part=0 epoch=1 window=132 phase=measure evaluated=16 k=4 scale_pct=25 age_ratio=7 host=131109 gc_pages=138713 gc_count=4216 waf_q16=134872 best=16 next=16 settled=1 active=2
[1593021.109783] NVMeVirt: WATGC_V2 sample ns=0 part=3 epoch=1 window=129 phase=measure evaluated=15 k=4 scale_pct=25 age_ratio=4 host=131089 gc_pages=127855 gc_count=4046 waf_q16=129455 best=17 next=17 settled=0 active=2
[1593021.120558] NVMeVirt: WATGC_V2 sample ns=0 part=1 epoch=1 window=128 phase=measure evaluated=32 k=7 scale_pct=25 age_ratio=16 host=131089 gc_pages=125422 gc_count=4008 waf_q16=128238 best=32 next=32 settled=0 active=3
[1593021.390526] NVMeVirt: WATGC_V2 sample ns=0 part=2 epoch=1 window=128 phase=measure evaluated=17 k=4 scale_pct=25 age_ratio=16 host=131073 gc_pages=128311 gc_count=4053 waf_q16=129691 best=15 next=15 settled=0 active=2
[1593021.792759] NVMeVirt: WATGC_V2 sample ns=0 part=0 epoch=1 window=133 phase=measure evaluated=16 k=4 scale_pct=25 age_ratio=7 host=131092 gc_pages=136236 gc_count=4177 waf_q16=133643 best=16 next=16 settled=1 active=2
[1593024.341050] NVMeVirt: WATGC_V2 sample ns=0 part=1 epoch=1 window=129 phase=measure evaluated=32 k=7 scale_pct=25 age_ratio=16 host=131111 gc_pages=125585 gc_count=4011 waf_q16=128309 best=32 next=32 settled=0 active=3
[1593024.832002] NVMeVirt: WATGC_V2 sample ns=0 part=0 epoch=1 window=134 phase=measure evaluated=16 k=4 scale_pct=25 age_ratio=7 host=131094 gc_pages=136429 gc_count=4180 waf_q16=133739 best=16 next=16 settled=1 active=2
[1593025.128822] NVMeVirt: WATGC_V2 sample ns=0 part=3 epoch=1 window=130 phase=measure evaluated=17 k=4 scale_pct=25 age_ratio=16 host=131074 gc_pages=126705 gc_count=4028 waf_q16=128887 best=17 next=15 settled=0 active=2
[1593025.433685] NVMeVirt: WATGC_V2 settled ns=0 part=2 epoch=1 window=129 best=15 waf_q16=128300 meaning=empirical-stability
[1593025.433691] NVMeVirt: WATGC_V2 sample ns=0 part=2 epoch=1 window=129 phase=measure evaluated=15 k=4 scale_pct=25 age_ratio=4 host=131074 gc_pages=126971 gc_count=4032 waf_q16=129020 best=15 next=15 settled=1 active=2
[1593027.548562] NVMeVirt: WATGC_V2 sample ns=0 part=1 epoch=1 window=130 phase=measure evaluated=32 k=7 scale_pct=25 age_ratio=16 host=131090 gc_pages=125428 gc_count=4008 waf_q16=128241 best=32 next=32 settled=0 active=3
[1593027.858020] NVMeVirt: WATGC_V2 sample ns=0 part=0 epoch=1 window=135 phase=measure evaluated=16 k=4 scale_pct=25 age_ratio=7 host=131101 gc_pages=136418 gc_count=4180 waf_q16=133729 best=16 next=16 settled=1 active=2
[1593028.680139] NVMeVirt: WATGC_V2 sample ns=0 part=2 epoch=1 window=130 phase=measure evaluated=15 k=4 scale_pct=25 age_ratio=4 host=131089 gc_pages=128490 gc_count=4056 waf_q16=129772 best=15 next=15 settled=1 active=2
[1593029.151763] NVMeVirt: WATGC_V2 sample ns=0 part=3 epoch=1 window=131 phase=measure evaluated=15 k=4 scale_pct=25 age_ratio=4 host=131080 gc_pages=125627 gc_count=4011 waf_q16=128345 best=17 next=17 settled=0 active=2
[1593030.786516] NVMeVirt: WATGC_V2 sample ns=0 part=1 epoch=1 window=131 phase=measure evaluated=32 k=7 scale_pct=25 age_ratio=16 host=131091 gc_pages=124069 gc_count=3987 waf_q16=127561 best=32 next=32 settled=0 active=3
[1593030.910717] NVMeVirt: WATGC_V2 sample ns=0 part=0 epoch=1 window=136 phase=measure evaluated=16 k=4 scale_pct=25 age_ratio=7 host=131092 gc_pages=136671 gc_count=4184 waf_q16=133861 best=16 next=16 settled=1 active=2
[1593031.936502] NVMeVirt: WATGC_V2 sample ns=0 part=2 epoch=1 window=131 phase=measure evaluated=15 k=4 scale_pct=25 age_ratio=4 host=131098 gc_pages=130728 gc_count=4091 waf_q16=130887 best=15 next=15 settled=1 active=2
[1593033.211457] NVMeVirt: WATGC_V2 settled ns=0 part=3 epoch=1 window=132 best=17 waf_q16=127269 meaning=empirical-stability
[1593033.211463] NVMeVirt: WATGC_V2 sample ns=0 part=3 epoch=1 window=132 phase=measure evaluated=17 k=4 scale_pct=25 age_ratio=16 host=131090 gc_pages=127601 gc_count=4042 waf_q16=129327 best=17 next=17 settled=1 active=2
[1593033.974709] NVMeVirt: WATGC_V2 sample ns=0 part=0 epoch=1 window=137 phase=measure evaluated=16 k=4 scale_pct=25 age_ratio=7 host=131074 gc_pages=135372 gc_count=4163 waf_q16=133220 best=16 next=16 settled=1 active=2
[1593034.034502] NVMeVirt: WATGC_V2 sample ns=0 part=1 epoch=1 window=132 phase=measure evaluated=32 k=7 scale_pct=25 age_ratio=16 host=131104 gc_pages=126187 gc_count=4020 waf_q16=128614 best=32 next=32 settled=0 active=3
[1593035.220393] NVMeVirt: WATGC_V2 sample ns=0 part=2 epoch=1 window=132 phase=measure evaluated=15 k=4 scale_pct=25 age_ratio=4 host=131079 gc_pages=130301 gc_count=4084 waf_q16=130683 best=15 next=15 settled=1 active=2
[1593036.480254] NVMeVirt: WATGC_V2 sample ns=0 part=3 epoch=1 window=133 phase=measure evaluated=17 k=4 scale_pct=25 age_ratio=16 host=131081 gc_pages=128053 gc_count=4049 waf_q16=129558 best=17 next=17 settled=1 active=2
[1593037.033010] NVMeVirt: WATGC_V2 sample ns=0 part=0 epoch=1 window=138 phase=measure evaluated=16 k=4 scale_pct=25 age_ratio=7 host=131081 gc_pages=138421 gc_count=4211 waf_q16=134741 best=16 next=16 settled=1 active=2
[1593037.281585] NVMeVirt: WATGC_V2 sample ns=0 part=1 epoch=1 window=133 phase=measure evaluated=32 k=7 scale_pct=25 age_ratio=16 host=131078 gc_pages=128621 gc_count=4058 waf_q16=129843 best=32 next=32 settled=0 active=3
[1593038.456808] NVMeVirt: WATGC_V2 sample ns=0 part=2 epoch=1 window=133 phase=measure evaluated=15 k=4 scale_pct=25 age_ratio=4 host=131085 gc_pages=129138 gc_count=4066 waf_q16=130098 best=15 next=15 settled=1 active=2
[1593039.701467] NVMeVirt: WATGC_V2 sample ns=0 part=3 epoch=1 window=134 phase=measure evaluated=17 k=4 scale_pct=25 age_ratio=16 host=131087 gc_pages=125478 gc_count=4009 waf_q16=128267 best=17 next=17 settled=1 active=2
[1593040.081191] NVMeVirt: WATGC_V2 sample ns=0 part=0 epoch=1 window=139 phase=measure evaluated=16 k=4 scale_pct=25 age_ratio=7 host=131078 gc_pages=137596 gc_count=4198 waf_q16=134330 best=16 next=31 settled=1 active=3
[1593040.519060] NVMeVirt: WATGC_V2 sample ns=0 part=1 epoch=1 window=134 phase=measure evaluated=32 k=7 scale_pct=25 age_ratio=16 host=131100 gc_pages=126639 gc_count=4027 waf_q16=128841 best=32 next=32 settled=0 active=3
[1593041.720776] NVMeVirt: WATGC_V2 sample ns=0 part=2 epoch=1 window=134 phase=measure evaluated=15 k=4 scale_pct=25 age_ratio=4 host=131077 gc_pages=128511 gc_count=4056 waf_q16=129789 best=15 next=15 settled=1 active=2
[1593042.935119] NVMeVirt: WATGC_V2 sample ns=0 part=3 epoch=1 window=135 phase=measure evaluated=17 k=4 scale_pct=25 age_ratio=16 host=131082 gc_pages=127298 gc_count=4037 waf_q16=129180 best=17 next=17 settled=1 active=2
[1593043.751191] NVMeVirt: WATGC_V2 sample ns=0 part=1 epoch=1 window=135 phase=measure evaluated=32 k=7 scale_pct=25 age_ratio=16 host=131077 gc_pages=125241 gc_count=4005 waf_q16=128154 best=32 next=32 settled=0 active=3
[1593043.889694] NVMeVirt: WATGC_V2 sample ns=0 part=0 epoch=1 window=140 phase=measure evaluated=31 k=7 scale_pct=25 age_ratio=7 host=131074 gc_pages=135358 gc_count=4163 waf_q16=133213 best=31 next=31 settled=0 active=3
[1593044.972092] NVMeVirt: WATGC_V2 sample ns=0 part=2 epoch=1 window=135 phase=measure evaluated=15 k=4 scale_pct=25 age_ratio=4 host=131085 gc_pages=129651 gc_count=4074 waf_q16=130355 best=15 next=15 settled=1 active=2
[1593046.179581] NVMeVirt: WATGC_V2 sample ns=0 part=3 epoch=1 window=136 phase=measure evaluated=17 k=4 scale_pct=25 age_ratio=16 host=131077 gc_pages=125995 gc_count=4017 waf_q16=128531 best=17 next=17 settled=1 active=2
[1593046.926192] NVMeVirt: WATGC_V2 sample ns=0 part=0 epoch=1 window=141 phase=measure evaluated=31 k=7 scale_pct=25 age_ratio=7 host=131087 gc_pages=135277 gc_count=4162 waf_q16=133166 best=31 next=31 settled=0 active=3
[1593046.982884] NVMeVirt: WATGC_V2 sample ns=0 part=1 epoch=1 window=136 phase=measure evaluated=32 k=7 scale_pct=25 age_ratio=16 host=131107 gc_pages=125594 gc_count=4011 waf_q16=128316 best=32 next=32 settled=0 active=3
[1593048.233915] NVMeVirt: WATGC_V2 sample ns=0 part=2 epoch=1 window=136 phase=measure evaluated=15 k=4 scale_pct=25 age_ratio=4 host=131093 gc_pages=128551 gc_count=4057 waf_q16=129801 best=15 next=30 settled=1 active=3
[1593049.414724] NVMeVirt: WATGC_V2 sample ns=0 part=3 epoch=1 window=137 phase=measure evaluated=17 k=4 scale_pct=25 age_ratio=16 host=131081 gc_pages=126087 gc_count=4018 waf_q16=128575 best=17 next=17 settled=1 active=2
[1593049.980663] NVMeVirt: WATGC_V2 sample ns=0 part=0 epoch=1 window=142 phase=measure evaluated=31 k=7 scale_pct=25 age_ratio=7 host=131080 gc_pages=137656 gc_count=4199 waf_q16=134359 best=31 next=31 settled=0 active=3
[1593050.221570] NVMeVirt: WATGC_V2 settled ns=0 part=1 epoch=1 window=137 best=32 waf_q16=125444 meaning=empirical-stability
[1593050.221576] NVMeVirt: WATGC_V2 sample ns=0 part=1 epoch=1 window=137 phase=measure evaluated=32 k=7 scale_pct=25 age_ratio=16 host=131085 gc_pages=126081 gc_count=4018 waf_q16=128570 best=32 next=32 settled=1 active=3
[1593052.327857] NVMeVirt: WATGC_V2 sample ns=0 part=2 epoch=1 window=137 phase=measure evaluated=30 k=7 scale_pct=25 age_ratio=4 host=131088 gc_pages=127582 gc_count=4042 waf_q16=129319 best=30 next=30 settled=0 active=3
[1593052.675333] NVMeVirt: WATGC_V2 sample ns=0 part=3 epoch=1 window=138 phase=measure evaluated=17 k=4 scale_pct=25 age_ratio=16 host=131097 gc_pages=127391 gc_count=4039 waf_q16=129219 best=17 next=17 settled=1 active=2
[1593053.049563] NVMeVirt: WATGC_V2 sample ns=0 part=0 epoch=1 window=143 phase=measure evaluated=31 k=7 scale_pct=25 age_ratio=7 host=131089 gc_pages=135411 gc_count=4164 waf_q16=133232 best=31 next=31 settled=0 active=3
[1593053.466660] NVMeVirt: WATGC_V2 sample ns=0 part=1 epoch=1 window=138 phase=measure evaluated=32 k=7 scale_pct=25 age_ratio=16 host=131086 gc_pages=125924 gc_count=4016 waf_q16=128491 best=32 next=32 settled=1 active=3
[1593055.569834] NVMeVirt: WATGC_V2 sample ns=0 part=2 epoch=1 window=138 phase=measure evaluated=30 k=7 scale_pct=25 age_ratio=4 host=131095 gc_pages=127917 gc_count=4047 waf_q16=129483 best=30 next=30 settled=0 active=3
[1593055.910816] NVMeVirt: WATGC_V2 sample ns=0 part=3 epoch=1 window=139 phase=measure evaluated=17 k=4 scale_pct=25 age_ratio=16 host=131081 gc_pages=127231 gc_count=4036 waf_q16=129147 best=17 next=32 settled=1 active=3
[1593056.105257] NVMeVirt: WATGC_V2 sample ns=0 part=0 epoch=1 window=144 phase=measure evaluated=31 k=7 scale_pct=25 age_ratio=7 host=131094 gc_pages=137118 gc_count=4191 waf_q16=134083 best=31 next=31 settled=0 active=3
[1593056.710235] NVMeVirt: WATGC_V2 sample ns=0 part=1 epoch=1 window=139 phase=measure evaluated=32 k=7 scale_pct=25 age_ratio=16 host=131103 gc_pages=124840 gc_count=3999 waf_q16=127941 best=32 next=32 settled=1 active=3
[1593058.846048] NVMeVirt: WATGC_V2 sample ns=0 part=2 epoch=1 window=139 phase=measure evaluated=30 k=7 scale_pct=25 age_ratio=4 host=131088 gc_pages=130103 gc_count=4081 waf_q16=130579 best=30 next=30 settled=0 active=3
[1593059.164199] NVMeVirt: WATGC_V2 sample ns=0 part=0 epoch=1 window=145 phase=measure evaluated=31 k=7 scale_pct=25 age_ratio=7 host=131098 gc_pages=137909 gc_count=4203 waf_q16=134476 best=31 next=31 settled=0 active=3
[1593059.943729] NVMeVirt: WATGC_V2 sample ns=0 part=1 epoch=1 window=140 phase=measure evaluated=32 k=7 scale_pct=25 age_ratio=16 host=131095 gc_pages=126810 gc_count=4030 waf_q16=128929 best=32 next=32 settled=1 active=3
[1593059.957892] NVMeVirt: WATGC_V2 sample ns=0 part=3 epoch=1 window=140 phase=measure evaluated=32 k=7 scale_pct=25 age_ratio=16 host=131082 gc_pages=126710 gc_count=4028 waf_q16=128886 best=32 next=32 settled=0 active=3
[1593062.116827] NVMeVirt: WATGC_V2 sample ns=0 part=2 epoch=1 window=140 phase=measure evaluated=30 k=7 scale_pct=25 age_ratio=4 host=131102 gc_pages=125289 gc_count=4006 waf_q16=128166 best=30 next=30 settled=0 active=3
[1593062.234993] NVMeVirt: WATGC_V2 sample ns=0 part=0 epoch=1 window=146 phase=measure evaluated=31 k=7 scale_pct=25 age_ratio=7 host=131097 gc_pages=135901 gc_count=4172 waf_q16=133473 best=31 next=31 settled=0 active=3
[1593063.204309] NVMeVirt: WATGC_V2 sample ns=0 part=1 epoch=1 window=141 phase=measure evaluated=32 k=7 scale_pct=25 age_ratio=16 host=131090 gc_pages=124925 gc_count=4000 waf_q16=127989 best=32 next=32 settled=1 active=3
[1593063.220515] NVMeVirt: WATGC_V2 sample ns=0 part=3 epoch=1 window=141 phase=measure evaluated=32 k=7 scale_pct=25 age_ratio=16 host=131087 gc_pages=123184 gc_count=3973 waf_q16=127120 best=32 next=32 settled=0 active=3
[1593065.289036] NVMeVirt: WATGC_V2 sample ns=0 part=0 epoch=1 window=147 phase=measure evaluated=31 k=7 scale_pct=25 age_ratio=7 host=131104 gc_pages=136097 gc_count=4175 waf_q16=133567 best=31 next=31 settled=0 active=3
[1593065.379891] NVMeVirt: WATGC_V2 sample ns=0 part=2 epoch=1 window=141 phase=measure evaluated=30 k=7 scale_pct=25 age_ratio=4 host=131079 gc_pages=129081 gc_count=4065 waf_q16=130073 best=30 next=30 settled=0 active=3
[1593066.461344] NVMeVirt: WATGC_V2 sample ns=0 part=1 epoch=1 window=142 phase=measure evaluated=32 k=7 scale_pct=25 age_ratio=16 host=131098 gc_pages=125659 gc_count=4012 waf_q16=128353 best=32 next=32 settled=1 active=3
[1593066.470471] NVMeVirt: WATGC_V2 sample ns=0 part=3 epoch=1 window=142 phase=measure evaluated=32 k=7 scale_pct=25 age_ratio=16 host=131074 gc_pages=127673 gc_count=4043 waf_q16=129371 best=32 next=32 settled=0 active=3
[1593068.347699] NVMeVirt: WATGC_V2 sample ns=0 part=0 epoch=1 window=148 phase=measure evaluated=31 k=7 scale_pct=25 age_ratio=7 host=131097 gc_pages=136032 gc_count=4174 waf_q16=133539 best=31 next=31 settled=0 active=3
[1593068.641532] NVMeVirt: WATGC_V2 sample ns=0 part=2 epoch=1 window=142 phase=measure evaluated=30 k=7 scale_pct=25 age_ratio=4 host=131087 gc_pages=124777 gc_count=3998 waf_q16=127917 best=30 next=30 settled=0 active=3
[1593069.697119] NVMeVirt: WATGC_V2 sample ns=0 part=1 epoch=1 window=143 phase=measure evaluated=32 k=7 scale_pct=25 age_ratio=16 host=131075 gc_pages=123449 gc_count=3977 waf_q16=127259 best=32 next=32 settled=1 active=3
[1593069.711080] NVMeVirt: WATGC_V2 sample ns=0 part=3 epoch=1 window=143 phase=measure evaluated=32 k=7 scale_pct=25 age_ratio=16 host=131073 gc_pages=125764 gc_count=4013 waf_q16=128417 best=32 next=32 settled=0 active=3
[1593071.388939] NVMeVirt: WATGC_V2 sample ns=0 part=0 epoch=1 window=149 phase=measure evaluated=31 k=7 scale_pct=25 age_ratio=7 host=131084 gc_pages=135424 gc_count=4164 waf_q16=133241 best=31 next=31 settled=0 active=3
[1593071.893531] NVMeVirt: WATGC_V2 sample ns=0 part=2 epoch=1 window=143 phase=measure evaluated=30 k=7 scale_pct=25 age_ratio=4 host=131088 gc_pages=127660 gc_count=4043 waf_q16=129358 best=30 next=30 settled=0 active=3
[1593072.924895] NVMeVirt: WATGC_V2 sample ns=0 part=1 epoch=1 window=144 phase=measure evaluated=32 k=7 scale_pct=25 age_ratio=16 host=131082 gc_pages=125956 gc_count=4016 waf_q16=128509 best=32 next=35 settled=1 active=4
[1593072.942426] NVMeVirt: WATGC_V2 sample ns=0 part=3 epoch=1 window=144 phase=measure evaluated=32 k=7 scale_pct=25 age_ratio=16 host=131077 gc_pages=126589 gc_count=4026 waf_q16=128828 best=32 next=32 settled=0 active=3
[1593074.441184] NVMeVirt: WATGC_V2 sample ns=0 part=0 epoch=1 window=150 phase=measure evaluated=31 k=7 scale_pct=25 age_ratio=7 host=131101 gc_pages=137316 gc_count=4194 waf_q16=134178 best=31 next=31 settled=0 active=3
[1593075.130462] NVMeVirt: WATGC_V2 sample ns=0 part=2 epoch=1 window=144 phase=measure evaluated=30 k=7 scale_pct=25 age_ratio=4 host=131097 gc_pages=126067 gc_count=4018 waf_q16=128557 best=30 next=30 settled=0 active=3
[1593076.174461] NVMeVirt: WATGC_V2 sample ns=0 part=3 epoch=1 window=145 phase=measure evaluated=32 k=7 scale_pct=25 age_ratio=16 host=131079 gc_pages=124588 gc_count=3995 waf_q16=127826 best=32 next=32 settled=0 active=3
[1593076.964341] NVMeVirt: WATGC_V2 sample ns=0 part=1 epoch=1 window=145 phase=measure evaluated=35 k=7 scale_pct=50 age_ratio=16 host=131082 gc_pages=127157 gc_count=4035 waf_q16=129109 best=35 next=35 settled=0 active=4
[1593077.498806] NVMeVirt: WATGC_V2 sample ns=0 part=0 epoch=1 window=151 phase=measure evaluated=31 k=7 scale_pct=25 age_ratio=7 host=131075 gc_pages=136252 gc_count=4177 waf_q16=133660 best=31 next=31 settled=0 active=3
[1593078.396019] NVMeVirt: WATGC_V2 sample ns=0 part=2 epoch=1 window=145 phase=measure evaluated=30 k=7 scale_pct=25 age_ratio=4 host=131081 gc_pages=127863 gc_count=4046 waf_q16=129463 best=30 next=30 settled=0 active=3
[1593079.402443] NVMeVirt: WATGC_V2 sample ns=0 part=3 epoch=1 window=146 phase=measure evaluated=32 k=7 scale_pct=25 age_ratio=16 host=131088 gc_pages=124860 gc_count=3999 waf_q16=127958 best=32 next=32 settled=0 active=3
[1593080.206409] NVMeVirt: WATGC_V2 sample ns=0 part=1 epoch=1 window=146 phase=measure evaluated=35 k=7 scale_pct=50 age_ratio=16 host=131093 gc_pages=127136 gc_count=4035 waf_q16=129093 best=35 next=35 settled=0 active=4
[1593080.552617] NVMeVirt: WATGC_V2 settled ns=0 part=0 epoch=1 window=152 best=31 waf_q16=130384 meaning=empirical-stability
[1593080.552624] NVMeVirt: WATGC_V2 sample ns=0 part=0 epoch=1 window=152 phase=measure evaluated=31 k=7 scale_pct=25 age_ratio=7 host=131079 gc_pages=136826 gc_count=4186 waf_q16=133945 best=31 next=31 settled=1 active=3
[1593081.654534] NVMeVirt: WATGC_V2 sample ns=0 part=2 epoch=1 window=146 phase=measure evaluated=30 k=7 scale_pct=25 age_ratio=4 host=131086 gc_pages=127665 gc_count=4043 waf_q16=129361 best=30 next=30 settled=0 active=3
