unix_timestamp,iso_time,elapsed_measured_seconds,phase,epoch,active,host_bytes,host_pages,gc_pages,cumulative_waf,sample_status,source
1791117437,2026-10-04T21:37:17+09:00,,preparation,0,0,0,0,0,,inactive_or_zero,/home/oy/iCAT/result/mixT-fixed37-tenhour-20261004/mixT-fixed37-rep1/control-series.txt
1791117467,2026-10-04T21:37:47+09:00,,preparation,0,0,0,0,0,,inactive_or_zero,/home/oy/iCAT/result/mixT-fixed37-tenhour-20261004/mixT-fixed37-rep1/control-series.txt
1791117497,2026-10-04T21:38:17+09:00,,preparation,0,0,0,0,0,,inactive_or_zero,/home/oy/iCAT/result/mixT-fixed37-tenhour-20261004/mixT-fixed37-rep1/control-series.txt
1791117527,2026-10-04T21:38:47+09:00,8.0,A_YCSB-A,1,1,1597104128,389918,193711,1.4967993270379927,active_cumulative,/home/oy/iCAT/result/mixT-fixed37-tenhour-20261004/mixT-fixed37-rep1/control-series.txt
1791117557,2026-10-04T21:39:17+09:00,38.0,A_YCSB-A,1,1,2369069056,578386,269750,1.4663840411074958,active_cumulative,/home/oy/iCAT/result/mixT-fixed37-tenhour-20261004/mixT-fixed37-rep1/control-series.txt
1791117587,2026-10-04T21:39:47+09:00,68.0,A_YCSB-A,1,1,2785300480,680005,376776,1.5540782788361849,active_cumulative,/home/oy/iCAT/result/mixT-fixed37-tenhour-20261004/mixT-fixed37-rep1/control-series.txt
1791117617,2026-10-04T21:40:17+09:00,98.0,A_YCSB-A,1,1,3210743808,783873,380777,1.4857636377321326,active_cumulative,/home/oy/iCAT/result/mixT-fixed37-tenhour-20261004/mixT-fixed37-rep1/control-series.txt
1791117647,2026-10-04T21:40:47+09:00,128.0,A_YCSB-A,1,1,3645882368,890108,382926,1.430201728329596,active_cumulative,/home/oy/iCAT/result/mixT-fixed37-tenhour-20261004/mixT-fixed37-rep1/control-series.txt
1791117677,2026-10-04T21:41:17+09:00,158.0,A_YCSB-A,1,1,4058361856,990811,383186,1.3867397515772433,active_cumulative,/home/oy/iCAT/result/mixT-fixed37-tenhour-20261004/mixT-fixed37-rep1/control-series.txt
1791117707,2026-10-04T21:41:47+09:00,188.0,A_YCSB-A,1,1,4497199104,1097949,383760,1.3495244314626635,active_cumulative,/home/oy/iCAT/result/mixT-fixed37-tenhour-20261004/mixT-fixed37-rep1/control-series.txt
1791117737,2026-10-04T21:42:17+09:00,218.0,A_YCSB-A,1,1,4934692864,1204759,384237,1.3189326662012901,active_cumulative,/home/oy/iCAT/result/mixT-fixed37-tenhour-20261004/mixT-fixed37-rep1/control-series.txt
1791117767,2026-10-04T21:42:47+09:00,248.0,A_YCSB-A,1,1,5374504960,1312135,384298,1.2928799247028697,active_cumulative,/home/oy/iCAT/result/mixT-fixed37-tenhour-20261004/mixT-fixed37-rep1/control-series.txt
1791117797,2026-10-04T21:43:17+09:00,278.0,A_YCSB-A,,,,,,,inactive_or_zero,/home/oy/iCAT/result/mixT-fixed37-tenhour-20261004/mixT-fixed37-rep1/control-series.txt
1791117827,2026-10-04T21:43:47+09:00,308.0,A_YCSB-A,1,1,6223519744,1519414,384816,1.2532660617843459,active_cumulative,/home/oy/iCAT/result/mixT-fixed37-tenhour-20261004/mixT-fixed37-rep1/control-series.txt
1791117857,2026-10-04T21:44:17+09:00,338.0,A_YCSB-A,1,1,6665302016,1627271,384991,1.2365868991704516,active_cumulative,/home/oy/iCAT/result/mixT-fixed37-tenhour-20261004/mixT-fixed37-rep1/control-series.txt
1791117887,2026-10-04T21:44:47+09:00,368.0,A_YCSB-A,1,1,7105323008,1734698,385418,1.2221816131684016,active_cumulative,/home/oy/iCAT/result/mixT-fixed37-tenhour-20261004/mixT-fixed37-rep1/control-series.txt
1791117917,2026-10-04T21:45:17+09:00,398.0,A_YCSB-A,1,1,7549079552,1843037,385649,1.2092464774174365,active_cumulative,/home/oy/iCAT/result/mixT-fixed37-tenhour-20261004/mixT-fixed37-rep1/control-series.txt
1791117947,2026-10-04T21:45:47+09:00,428.0,A_YCSB-A,1,1,7992659968,1951333,385930,1.1977776217590743,active_cumulative,/home/oy/iCAT/result/mixT-fixed37-tenhour-20261004/mixT-fixed37-rep1/control-series.txt
1791117977,2026-10-04T21:46:17+09:00,458.0,A_YCSB-A,1,1,8427376640,2057465,386102,1.1876590853307347,active_cumulative,/home/oy/iCAT/result/mixT-fixed37-tenhour-20261004/mixT-fixed37-rep1/control-series.txt
1791118007,2026-10-04T21:46:47+09:00,488.0,A_YCSB-A,1,1,8858542080,2162730,386102,1.1785252897957674,active_cumulative,/home/oy/iCAT/result/mixT-fixed37-tenhour-20261004/mixT-fixed37-rep1/control-series.txt
1791118037,2026-10-04T21:47:17+09:00,518.0,A_YCSB-A,1,1,9298075648,2270038,386102,1.1700861395271798,active_cumulative,/home/oy/iCAT/result/mixT-fixed37-tenhour-20261004/mixT-fixed37-rep1/control-series.txt
1791118067,2026-10-04T21:47:47+09:00,548.0,A_YCSB-A,1,1,9721692160,2373460,386105,1.1626760088646955,active_cumulative,/home/oy/iCAT/result/mixT-fixed37-tenhour-20261004/mixT-fixed37-rep1/control-series.txt
1791118097,2026-10-04T21:48:17+09:00,578.0,A_YCSB-A,1,1,10153410560,2478860,386105,1.155759098940642,active_cumulative,/home/oy/iCAT/result/mixT-fixed37-tenhour-20261004/mixT-fixed37-rep1/control-series.txt
1791118127,2026-10-04T21:48:47+09:00,608.0,A_YCSB-A,1,1,10585116672,2584257,386105,1.1494065799183286,active_cumulative,/home/oy/iCAT/result/mixT-fixed37-tenhour-20261004/mixT-fixed37-rep1/control-series.txt
1791118157,2026-10-04T21:49:17+09:00,638.0,A_YCSB-A,1,1,11025678336,2691816,386143,1.1434507410610533,active_cumulative,/home/oy/iCAT/result/mixT-fixed37-tenhour-20261004/mixT-fixed37-rep1/control-series.txt
1791118187,2026-10-04T21:49:47+09:00,668.0,A_YCSB-A,1,1,11460636672,2798007,386190,1.1380232429725874,active_cumulative,/home/oy/iCAT/result/mixT-fixed37-tenhour-20261004/mixT-fixed37-rep1/control-series.txt
1791118217,2026-10-04T21:50:17+09:00,698.0,A_YCSB-A,1,1,11873361920,2898770,386190,1.1332254714930816,active_cumulative,/home/oy/iCAT/result/mixT-fixed37-tenhour-20261004/mixT-fixed37-rep1/control-series.txt
1791118247,2026-10-04T21:50:47+09:00,728.0,A_YCSB-A,1,1,11873435648,2898788,386190,1.1332246442306233,active_cumulative,/home/oy/iCAT/result/mixT-fixed37-tenhour-20261004/mixT-fixed37-rep1/control-series.txt
1791118277,2026-10-04T21:51:17+09:00,758.0,A_YCSB-A,1,1,12308623360,3005035,386190,1.128514310149466,active_cumulative,/home/oy/iCAT/result/mixT-fixed37-tenhour-20261004/mixT-fixed37-rep1/control-series.txt
1791118307,2026-10-04T21:51:47+09:00,788.0,A_YCSB-A,1,1,12744810496,3111526,386190,1.1241159482517582,active_cumulative,/home/oy/iCAT/result/mixT-fixed37-tenhour-20261004/mixT-fixed37-rep1/control-series.txt
1791118337,2026-10-04T21:52:17+09:00,818.0,A_YCSB-A,1,1,13190004736,3220216,386429,1.1200009564575792,active_cumulative,/home/oy/iCAT/result/mixT-fixed37-tenhour-20261004/mixT-fixed37-rep1/control-series.txt
1791118367,2026-10-04T21:52:47+09:00,848.0,A_YCSB-A,1,1,13634592768,3328758,386648,1.1161538327508338,active_cumulative,/home/oy/iCAT/result/mixT-fixed37-tenhour-20261004/mixT-fixed37-rep1/control-series.txt
1791118397,2026-10-04T21:53:17+09:00,878.0,A_YCSB-A,1,1,14048817152,3429887,386755,1.11276027460963,active_cumulative,/home/oy/iCAT/result/mixT-fixed37-tenhour-20261004/mixT-fixed37-rep1/control-series.txt
1791118427,2026-10-04T21:53:47+09:00,908.0,A_YCSB-A,1,1,14483574784,3536029,386755,1.1093755169994364,active_cumulative,/home/oy/iCAT/result/mixT-fixed37-tenhour-20261004/mixT-fixed37-rep1/control-series.txt
1791118457,2026-10-04T21:54:17+09:00,938.0,A_YCSB-A,1,1,14919929856,3642561,386755,1.10617667075445,active_cumulative,/home/oy/iCAT/result/mixT-fixed37-tenhour-20261004/mixT-fixed37-rep1/control-series.txt
1791118487,2026-10-04T21:54:47+09:00,968.0,A_YCSB-A,1,1,15367729152,3751887,387308,1.1032301879027806,active_cumulative,/home/oy/iCAT/result/mixT-fixed37-tenhour-20261004/mixT-fixed37-rep1/control-series.txt
1791118517,2026-10-04T21:55:17+09:00,998.0,A_YCSB-A,1,1,15807684608,3859298,387346,1.1003669579286182,active_cumulative,/home/oy/iCAT/result/mixT-fixed37-tenhour-20261004/mixT-fixed37-rep1/control-series.txt
1791118547,2026-10-04T21:55:47+09:00,1028.0,A_YCSB-A,1,1,16243359744,3965664,387346,1.097674941699549,active_cumulative,/home/oy/iCAT/result/mixT-fixed37-tenhour-20261004/mixT-fixed37-rep1/control-series.txt
1791118578,2026-10-04T21:56:18+09:00,1059.0,A_YCSB-A,1,1,16680165376,4072306,387346,1.095117115462345,active_cumulative,/home/oy/iCAT/result/mixT-fixed37-tenhour-20261004/mixT-fixed37-rep1/control-series.txt
1791118608,2026-10-04T21:56:48+09:00,1089.0,A_YCSB-A,1,1,17112363008,4177823,387346,1.0927147942840088,active_cumulative,/home/oy/iCAT/result/mixT-fixed37-tenhour-20261004/mixT-fixed37-rep1/control-series.txt
1791118638,2026-10-04T21:57:18+09:00,1119.0,A_YCSB-A,1,1,17548324864,4284259,387346,1.0904114340426196,active_cumulative,/home/oy/iCAT/result/mixT-fixed37-tenhour-20261004/mixT-fixed37-rep1/control-series.txt
1791118668,2026-10-04T21:57:48+09:00,1149.0,A_YCSB-A,1,1,17987809280,4391555,387356,1.0882047475210945,active_cumulative,/home/oy/iCAT/result/mixT-fixed37-tenhour-20261004/mixT-fixed37-rep1/control-series.txt
1791118698,2026-10-04T21:58:18+09:00,1179.0,A_YCSB-A,1,1,18417074176,4496356,387360,1.0861497621629603,active_cumulative,/home/oy/iCAT/result/mixT-fixed37-tenhour-20261004/mixT-fixed37-rep1/control-series.txt
1791118728,2026-10-04T21:58:48+09:00,1209.0,A_YCSB-A,1,1,18852577280,4602680,387360,1.0841596635003954,active_cumulative,/home/oy/iCAT/result/mixT-fixed37-tenhour-20261004/mixT-fixed37-rep1/control-series.txt
1791118758,2026-10-04T21:59:18+09:00,1239.0,A_YCSB-A,1,1,19289464832,4709342,387360,1.082253529261625,active_cumulative,/home/oy/iCAT/result/mixT-fixed37-tenhour-20261004/mixT-fixed37-rep1/control-series.txt
1791118788,2026-10-04T21:59:48+09:00,1269.0,A_YCSB-A,1,1,19701903360,4810035,387370,1.080533717530122,active_cumulative,/home/oy/iCAT/result/mixT-fixed37-tenhour-20261004/mixT-fixed37-rep1/control-series.txt
1791118818,2026-10-04T22:00:18+09:00,1299.0,A_YCSB-A,1,1,20137369600,4916350,387370,1.078792193395507,active_cumulative,/home/oy/iCAT/result/mixT-fixed37-tenhour-20261004/mixT-fixed37-rep1/control-series.txt
1791118848,2026-10-04T22:00:48+09:00,1329.0,A_YCSB-A,1,1,20584824832,5025592,387613,1.0771278289204536,active_cumulative,/home/oy/iCAT/result/mixT-fixed37-tenhour-20261004/mixT-fixed37-rep1/control-series.txt
1791118878,2026-10-04T22:01:18+09:00,1359.0,A_YCSB-A,1,1,21018542080,5131480,387902,1.075592616555068,active_cumulative,/home/oy/iCAT/result/mixT-fixed37-tenhour-20261004/mixT-fixed37-rep1/control-series.txt
1791118908,2026-10-04T22:01:48+09:00,1389.0,A_YCSB-A,1,1,21453631488,5237703,387902,1.0740595638966166,active_cumulative,/home/oy/iCAT/result/mixT-fixed37-tenhour-20261004/mixT-fixed37-rep1/control-series.txt
1791118938,2026-10-04T22:02:18+09:00,1419.0,A_YCSB-A,1,1,21868044288,5338878,387902,1.0726560899125246,active_cumulative,/home/oy/iCAT/result/mixT-fixed37-tenhour-20261004/mixT-fixed37-rep1/control-series.txt
1791118968,2026-10-04T22:02:48+09:00,1449.0,A_YCSB-A,1,1,22299975680,5444330,387902,1.071248803801386,active_cumulative,/home/oy/iCAT/result/mixT-fixed37-tenhour-20261004/mixT-fixed37-rep1/control-series.txt
1791118998,2026-10-04T22:03:18+09:00,1479.0,A_YCSB-A,1,1,22300049408,5444348,387902,1.0712485682399435,active_cumulative,/home/oy/iCAT/result/mixT-fixed37-tenhour-20261004/mixT-fixed37-rep1/control-series.txt
1791119028,2026-10-04T22:03:48+09:00,1509.0,A_YCSB-A,1,1,22733004800,5550050,387902,1.0698916225979946,active_cumulative,/home/oy/iCAT/result/mixT-fixed37-tenhour-20261004/mixT-fixed37-rep1/control-series.txt
1791119058,2026-10-04T22:04:18+09:00,1539.0,A_YCSB-A,1,1,23173853184,5657679,387902,1.0685620375422502,active_cumulative,/home/oy/iCAT/result/mixT-fixed37-tenhour-20261004/mixT-fixed37-rep1/control-series.txt
1791119088,2026-10-04T22:04:48+09:00,1569.0,A_YCSB-A,1,1,23607824384,5763629,387902,1.0673016948176226,active_cumulative,/home/oy/iCAT/result/mixT-fixed37-tenhour-20261004/mixT-fixed37-rep1/control-series.txt
1791119118,2026-10-04T22:05:18+09:00,1599.0,A_YCSB-A,1,1,24042639360,5869785,387902,1.0660845329087862,active_cumulative,/home/oy/iCAT/result/mixT-fixed37-tenhour-20261004/mixT-fixed37-rep1/control-series.txt
1791119148,2026-10-04T22:05:48+09:00,1629.0,A_YCSB-A,1,1,24476676096,5975751,387902,1.0649126779211517,active_cumulative,/home/oy/iCAT/result/mixT-fixed37-tenhour-20261004/mixT-fixed37-rep1/control-series.txt
1791119178,2026-10-04T22:06:18+09:00,1659.0,A_YCSB-A,1,1,24914677760,6082685,387921,1.063774632419729,active_cumulative,/home/oy/iCAT/result/mixT-fixed37-tenhour-20261004/mixT-fixed37-rep1/control-series.txt
1791119208,2026-10-04T22:06:48+09:00,1689.0,A_YCSB-A,1,1,25346256896,6188051,387930,1.0626901749840136,active_cumulative,/home/oy/iCAT/result/mixT-fixed37-tenhour-20261004/mixT-fixed37-rep1/control-series.txt
1791119238,2026-10-04T22:07:18+09:00,1719.0,A_YCSB-A,1,1,25788383232,6295992,388021,1.0616298432399534,active_cumulative,/home/oy/iCAT/result/mixT-fixed37-tenhour-20261004/mixT-fixed37-rep1/control-series.txt
1791119268,2026-10-04T22:07:48+09:00,1749.0,A_YCSB-A,1,1,26221879296,6401826,388039,1.0606137998752232,active_cumulative,/home/oy/iCAT/result/mixT-fixed37-tenhour-20261004/mixT-fixed37-rep1/control-series.txt
1791119298,2026-10-04T22:08:18+09:00,1779.0,A_YCSB-A,1,1,26658168832,6508342,388039,1.0596217900042746,active_cumulative,/home/oy/iCAT/result/mixT-fixed37-tenhour-20261004/mixT-fixed37-rep1/control-series.txt
1791119328,2026-10-04T22:08:48+09:00,1809.0,A_YCSB-A,1,1,27096453120,6615345,388039,1.0586574094019283,active_cumulative,/home/oy/iCAT/result/mixT-fixed37-tenhour-20261004/mixT-fixed37-rep1/control-series.txt
1791119358,2026-10-04T22:09:18+09:00,1839.0,A_YCSB-A,1,1,27508633600,6715975,388053,1.0577805903089277,active_cumulative,/home/oy/iCAT/result/mixT-fixed37-tenhour-20261004/mixT-fixed37-rep1/control-series.txt
1791119388,2026-10-04T22:09:48+09:00,1869.0,A_YCSB-A,1,1,27943235584,6822079,388053,1.0568819270489245,active_cumulative,/home/oy/iCAT/result/mixT-fixed37-tenhour-20261004/mixT-fixed37-rep1/control-series.txt
1791119418,2026-10-04T22:10:18+09:00,1899.0,A_YCSB-A,1,1,28379406336,6928566,388053,1.0560076933668525,active_cumulative,/home/oy/iCAT/result/mixT-fixed37-tenhour-20261004/mixT-fixed37-rep1/control-series.txt
1791119448,2026-10-04T22:10:48+09:00,1929.0,A_YCSB-A,1,1,28820914176,7036356,388115,1.055158522394262,active_cumulative,/home/oy/iCAT/result/mixT-fixed37-tenhour-20261004/mixT-fixed37-rep1/control-series.txt
1791119478,2026-10-04T22:11:18+09:00,1959.0,A_YCSB-A,1,1,29264097280,7144555,388181,1.0543324251825341,active_cumulative,/home/oy/iCAT/result/mixT-fixed37-tenhour-20261004/mixT-fixed37-rep1/control-series.txt
1791119508,2026-10-04T22:11:48+09:00,1989.0,A_YCSB-A,1,1,29682733056,7246761,388204,1.0535693118622236,active_cumulative,/home/oy/iCAT/result/mixT-fixed37-tenhour-20261004/mixT-fixed37-rep1/control-series.txt
1791119538,2026-10-04T22:12:18+09:00,2019.0,A_YCSB-A,1,1,30119686144,7353439,388204,1.0527921697589386,active_cumulative,/home/oy/iCAT/result/mixT-fixed37-tenhour-20261004/mixT-fixed37-rep1/control-series.txt
1791119568,2026-10-04T22:12:48+09:00,2049.0,A_YCSB-A,1,1,30554140672,7459507,388204,1.0520415089093689,active_cumulative,/home/oy/iCAT/result/mixT-fixed37-tenhour-20261004/mixT-fixed37-rep1/control-series.txt
1791119598,2026-10-04T22:13:18+09:00,2079.0,A_YCSB-A,1,1,30987857920,7565395,388204,1.051313117160439,active_cumulative,/home/oy/iCAT/result/mixT-fixed37-tenhour-20261004/mixT-fixed37-rep1/control-series.txt
1791119628,2026-10-04T22:13:48+09:00,2109.0,A_YCSB-A,1,1,31433527296,7674201,388340,1.0506033136218351,active_cumulative,/home/oy/iCAT/result/mixT-fixed37-tenhour-20261004/mixT-fixed37-rep1/control-series.txt
1791119658,2026-10-04T22:14:18+09:00,2139.0,A_YCSB-A,1,1,31866830848,7779988,388372,1.0499193572020933,active_cumulative,/home/oy/iCAT/result/mixT-fixed37-tenhour-20261004/mixT-fixed37-rep1/control-series.txt
1791119688,2026-10-04T22:14:48+09:00,2169.0,A_YCSB-A,1,1,32307482624,7887569,388372,1.0492384916062223,active_cumulative,/home/oy/iCAT/result/mixT-fixed37-tenhour-20261004/mixT-fixed37-rep1/control-series.txt
1791119718,2026-10-04T22:15:18+09:00,2199.0,A_YCSB-A,1,1,32744026112,7994147,388372,1.0485820438378228,active_cumulative,/home/oy/iCAT/result/mixT-fixed37-tenhour-20261004/mixT-fixed37-rep1/control-series.txt
1791119748,2026-10-04T22:15:48+09:00,2229.0,A_YCSB-A,1,1,33171869696,8098601,388372,1.0479554431685176,active_cumulative,/home/oy/iCAT/result/mixT-fixed37-tenhour-20261004/mixT-fixed37-rep1/control-series.txt
1791119778,2026-10-04T22:16:18+09:00,2259.0,A_YCSB-A,1,1,33171943424,8098619,388372,1.047955336582694,active_cumulative,/home/oy/iCAT/result/mixT-fixed37-tenhour-20261004/mixT-fixed37-rep1/control-series.txt
1791119808,2026-10-04T22:16:48+09:00,2289.0,A_YCSB-A,1,1,33609494528,8205443,388372,1.0473310216157738,active_cumulative,/home/oy/iCAT/result/mixT-fixed37-tenhour-20261004/mixT-fixed37-rep1/control-series.txt
1791119838,2026-10-04T22:17:18+09:00,2319.0,A_YCSB-A,1,1,34051108864,8313259,388404,1.0467210272168832,active_cumulative,/home/oy/iCAT/result/mixT-fixed37-tenhour-20261004/mixT-fixed37-rep1/control-series.txt
1791119868,2026-10-04T22:17:48+09:00,2349.0,A_YCSB-A,1,1,34485641216,8419346,388405,1.0461324430662429,active_cumulative,/home/oy/iCAT/result/mixT-fixed37-tenhour-20261004/mixT-fixed37-rep1/control-series.txt
1791119898,2026-10-04T22:18:18+09:00,2379.0,A_YCSB-A,1,1,34927603712,8527247,388436,1.0455523335960597,active_cumulative,/home/oy/iCAT/result/mixT-fixed37-tenhour-20261004/mixT-fixed37-rep1/control-series.txt
1791119928,2026-10-04T22:18:48+09:00,2409.0,A_YCSB-A,1,1,35340095488,8627953,388470,1.0450245846262722,active_cumulative,/home/oy/iCAT/result/mixT-fixed37-tenhour-20261004/mixT-fixed37-rep1/control-series.txt
1791119958,2026-10-04T22:19:18+09:00,2439.0,A_YCSB-A,1,1,35773554688,8733778,388470,1.0444790330141205,active_cumulative,/home/oy/iCAT/result/mixT-fixed37-tenhour-20261004/mixT-fixed37-rep1/control-series.txt
1791119988,2026-10-04T22:19:48+09:00,2469.0,A_YCSB-A,1,1,36211466240,8840690,388470,1.0439411403408558,active_cumulative,/home/oy/iCAT/result/mixT-fixed37-tenhour-20261004/mixT-fixed37-rep1/control-series.txt
1791120018,2026-10-04T22:20:18+09:00,2499.0,A_YCSB-A,1,1,36660588544,8950339,388771,1.0434364553119162,active_cumulative,/home/oy/iCAT/result/mixT-fixed37-tenhour-20261004/mixT-fixed37-rep1/control-series.txt
1791120048,2026-10-04T22:20:48+09:00,2529.0,A_YCSB-A,1,1,37093158912,9055947,389084,1.0429644740632869,active_cumulative,/home/oy/iCAT/result/mixT-fixed37-tenhour-20261004/mixT-fixed37-rep1/control-series.txt
1791120078,2026-10-04T22:21:18+09:00,2559.0,A_YCSB-A,1,1,37523873792,9161102,389084,1.0424713096743166,active_cumulative,/home/oy/iCAT/result/mixT-fixed37-tenhour-20261004/mixT-fixed37-rep1/control-series.txt
1791120108,2026-10-04T22:21:48+09:00,2589.0,A_YCSB-A,1,1,37960413184,9267679,389084,1.0419828956095696,active_cumulative,/home/oy/iCAT/result/mixT-fixed37-tenhour-20261004/mixT-fixed37-rep1/control-series.txt
1791120138,2026-10-04T22:22:18+09:00,2619.0,A_YCSB-A,1,1,38398267392,9374577,389084,1.0415041660013034,active_cumulative,/home/oy/iCAT/result/mixT-fixed37-tenhour-20261004/mixT-fixed37-rep1/control-series.txt
1791120168,2026-10-04T22:22:48+09:00,2649.0,A_YCSB-A,1,1,38831394816,9480321,389084,1.0410412263466606,active_cumulative,/home/oy/iCAT/result/mixT-fixed37-tenhour-20261004/mixT-fixed37-rep1/control-series.txt
1791120198,2026-10-04T22:23:18+09:00,2679.0,A_YCSB-A,1,1,39269183488,9587203,389084,1.0405836822272356,active_cumulative,/home/oy/iCAT/result/mixT-fixed37-tenhour-20261004/mixT-fixed37-rep1/control-series.txt
1791120228,2026-10-04T22:23:48+09:00,2709.0,A_YCSB-A,1,1,39702323200,9692950,389084,1.0401409271687154,active_cumulative,/home/oy/iCAT/result/mixT-fixed37-tenhour-20261004/mixT-fixed37-rep1/control-series.txt
1791120258,2026-10-04T22:24:18+09:00,2739.0,A_YCSB-A,1,1,40142053376,9800306,389086,1.0397014134048468,active_cumulative,/home/oy/iCAT/result/mixT-fixed37-tenhour-20261004/mixT-fixed37-rep1/control-series.txt
1791120288,2026-10-04T22:24:48+09:00,2769.0,A_YCSB-A,1,1,40582443008,9907823,389088,1.0392707863271275,active_cumulative,/home/oy/iCAT/result/mixT-fixed37-tenhour-20261004/mixT-fixed37-rep1/control-series.txt
1791120318,2026-10-04T22:25:18+09:00,2799.0,A_YCSB-A,1,1,40999477248,10009638,389109,1.0388734337845185,active_cumulative,/home/oy/iCAT/result/mixT-fixed37-tenhour-20261004/mixT-fixed37-rep1/control-series.txt
1791120348,2026-10-04T22:25:48+09:00,2829.0,A_YCSB-A,1,1,41437216768,10116508,389109,1.0384627778676199,active_cumulative,/home/oy/iCAT/result/mixT-fixed37-tenhour-20261004/mixT-fixed37-rep1/control-series.txt
1791120378,2026-10-04T22:26:18+09:00,2859.0,A_YCSB-A,1,1,41871106048,10222438,389111,1.0380644030318404,active_cumulative,/home/oy/iCAT/result/mixT-fixed37-tenhour-20261004/mixT-fixed37-rep1/control-series.txt
1791120408,2026-10-04T22:26:48+09:00,2889.0,A_YCSB-A,1,1,42318200832,10331592,389272,1.0376778331935679,active_cumulative,/home/oy/iCAT/result/mixT-fixed37-tenhour-20261004/mixT-fixed37-rep1/control-series.txt
1791120438,2026-10-04T22:27:18+09:00,2919.0,A_YCSB-A,1,1,42749399040,10436865,389307,1.0373011435905322,active_cumulative,/home/oy/iCAT/result/mixT-fixed37-tenhour-20261004/mixT-fixed37-rep1/control-series.txt
1791120468,2026-10-04T22:27:48+09:00,2949.0,A_YCSB-A,1,1,43162906624,10537819,389307,1.0369437926386855,active_cumulative,/home/oy/iCAT/result/mixT-fixed37-tenhour-20261004/mixT-fixed37-rep1/control-series.txt
1791120498,2026-10-04T22:28:18+09:00,2979.0,A_YCSB-A,1,1,43597860864,10644009,389307,1.036575222737974,active_cumulative,/home/oy/iCAT/result/mixT-fixed37-tenhour-20261004/mixT-fixed37-rep1/control-series.txt
1791120528,2026-10-04T22:28:48+09:00,3009.0,A_YCSB-A,1,1,43995320320,10741045,389307,1.036244797410308,active_cumulative,/home/oy/iCAT/result/mixT-fixed37-tenhour-20261004/mixT-fixed37-rep1/control-series.txt
1791120558,2026-10-04T22:29:18+09:00,3039.0,A_YCSB-A,1,1,44029919232,10749492,389307,1.0362163160826576,active_cumulative,/home/oy/iCAT/result/mixT-fixed37-tenhour-20261004/mixT-fixed37-rep1/control-series.txt
1791120588,2026-10-04T22:29:48+09:00,3069.0,A_YCSB-A,1,1,44466925568,10856183,389307,1.0358603940261508,active_cumulative,/home/oy/iCAT/result/mixT-fixed37-tenhour-20261004/mixT-fixed37-rep1/control-series.txt
1791120619,2026-10-04T22:30:19+09:00,3100.0,A_YCSB-A,1,1,44915724288,10965753,389427,1.0355130194889488,active_cumulative,/home/oy/iCAT/result/mixT-fixed37-tenhour-20261004/mixT-fixed37-rep1/control-series.txt
1791120649,2026-10-04T22:30:49+09:00,3130.0,A_YCSB-A,1,1,45351034880,11072030,389480,1.0351769278081797,active_cumulative,/home/oy/iCAT/result/mixT-fixed37-tenhour-20261004/mixT-fixed37-rep1/control-series.txt
1791120679,2026-10-04T22:31:19+09:00,3160.0,A_YCSB-A,1,1,45789032448,11178963,389480,1.0348404409246188,active_cumulative,/home/oy/iCAT/result/mixT-fixed37-tenhour-20261004/mixT-fixed37-rep1/control-series.txt
1791120709,2026-10-04T22:31:49+09:00,3190.0,A_YCSB-A,1,1,46222999552,11284912,389480,1.0345133395812036,active_cumulative,/home/oy/iCAT/result/mixT-fixed37-tenhour-20261004/mixT-fixed37-rep1/control-series.txt
1791120739,2026-10-04T22:32:19+09:00,3220.0,A_YCSB-A,1,1,46657130496,11390901,389480,1.0341922030575106,active_cumulative,/home/oy/iCAT/result/mixT-fixed37-tenhour-20261004/mixT-fixed37-rep1/control-series.txt
1791120769,2026-10-04T22:32:49+09:00,3250.0,A_YCSB-A,1,1,47089246208,11496398,389480,1.0338784374027412,active_cumulative,/home/oy/iCAT/result/mixT-fixed37-tenhour-20261004/mixT-fixed37-rep1/control-series.txt
1791120799,2026-10-04T22:33:19+09:00,3280.0,A_YCSB-A,1,1,47529877504,11603974,389480,1.0335643633810279,active_cumulative,/home/oy/iCAT/result/mixT-fixed37-tenhour-20261004/mixT-fixed37-rep1/control-series.txt
1791120829,2026-10-04T22:33:49+09:00,3310.0,A_YCSB-A,1,1,47977648128,11713293,389563,1.0332581964781382,active_cumulative,/home/oy/iCAT/result/mixT-fixed37-tenhour-20261004/mixT-fixed37-rep1/control-series.txt
1791120859,2026-10-04T22:34:19+09:00,3340.0,A_YCSB-A,1,1,48411705344,11819264,389597,1.0329628816142866,active_cumulative,/home/oy/iCAT/result/mixT-fixed37-tenhour-20261004/mixT-fixed37-rep1/control-series.txt
1791120889,2026-10-04T22:34:49+09:00,3370.0,A_YCSB-A,1,1,48832126976,11921906,389597,1.0326790867165032,active_cumulative,/home/oy/iCAT/result/mixT-fixed37-tenhour-20261004/mixT-fixed37-rep1/control-series.txt
1791120919,2026-10-04T22:35:19+09:00,3400.0,A_YCSB-A,1,1,49269346304,12028649,389597,1.032389090412398,active_cumulative,/home/oy/iCAT/result/mixT-fixed37-tenhour-20261004/mixT-fixed37-rep1/control-series.txt
1791120949,2026-10-04T22:35:49+09:00,3430.0,A_YCSB-A,1,1,49708470272,12135857,389597,1.0321029656166845,active_cumulative,/home/oy/iCAT/result/mixT-fixed37-tenhour-20261004/mixT-fixed37-rep1/control-series.txt
1791120979,2026-10-04T22:36:19+09:00,3460.0,A_YCSB-A,1,1,50141016064,12241459,389597,1.0318260266198662,active_cumulative,/home/oy/iCAT/result/mixT-fixed37-tenhour-20261004/mixT-fixed37-rep1/control-series.txt
1791121009,2026-10-04T22:36:49+09:00,3490.0,A_YCSB-A,,,,,,,inactive_or_zero,/home/oy/iCAT/result/mixT-fixed37-tenhour-20261004/mixT-fixed37-rep1/control-series.txt
1791121039,2026-10-04T22:37:19+09:00,3520.0,A_YCSB-A,1,1,50990092288,12448753,389597,1.0312960663610242,active_cumulative,/home/oy/iCAT/result/mixT-fixed37-tenhour-20261004/mixT-fixed37-rep1/control-series.txt
1791121069,2026-10-04T22:37:49+09:00,3550.0,A_YCSB-A,1,1,51434520576,12557256,389669,1.0310313813782246,active_cumulative,/home/oy/iCAT/result/mixT-fixed37-tenhour-20261004/mixT-fixed37-rep1/control-series.txt
1791121099,2026-10-04T22:38:19+09:00,3580.0,A_YCSB-A,1,1,51873665024,12664469,389691,1.0307704176148247,active_cumulative,/home/oy/iCAT/result/mixT-fixed37-tenhour-20261004/mixT-fixed37-rep1/control-series.txt
1791121129,2026-10-04T22:38:49+09:00,3610.0,A_YCSB-A,1,1,52313350144,12771814,389691,1.030511797306162,active_cumulative,/home/oy/iCAT/result/mixT-fixed37-tenhour-20261004/mixT-fixed37-rep1/control-series.txt
1791121159,2026-10-04T22:39:19+09:00,3640.0,A_YCSB-A,1,1,52748779520,12878120,389691,1.0302599292443306,active_cumulative,/home/oy/iCAT/result/mixT-fixed37-tenhour-20261004/mixT-fixed37-rep1/control-series.txt
1791121189,2026-10-04T22:39:49+09:00,3670.0,A_YCSB-A,1,1,53163290624,12979319,389691,1.030023994325126,active_cumulative,/home/oy/iCAT/result/mixT-fixed37-tenhour-20261004/mixT-fixed37-rep1/control-series.txt
1791121219,2026-10-04T22:40:19+09:00,3700.0,A_YCSB-A,1,1,53603217408,13086723,389694,1.029777813742982,active_cumulative,/home/oy/iCAT/result/mixT-fixed37-tenhour-20261004/mixT-fixed37-rep1/control-series.txt
1791121249,2026-10-04T22:40:49+09:00,3730.0,A_YCSB-A,1,1,54041243648,13193663,389718,1.029538271517167,active_cumulative,/home/oy/iCAT/result/mixT-fixed37-tenhour-20261004/mixT-fixed37-rep1/control-series.txt
1791121279,2026-10-04T22:41:19+09:00,3760.0,A_YCSB-A,1,1,54479896576,13300756,389722,1.0293007404992618,active_cumulative,/home/oy/iCAT/result/mixT-fixed37-tenhour-20261004/mixT-fixed37-rep1/control-series.txt
1791121309,2026-10-04T22:41:49+09:00,3790.0,A_YCSB-A,1,1,54479970304,13300774,389722,1.0293007008464319,active_cumulative,/home/oy/iCAT/result/mixT-fixed37-tenhour-20261004/mixT-fixed37-rep1/control-series.txt
1791121339,2026-10-04T22:42:19+09:00,3820.0,A_YCSB-A,1,1,54915403776,13407081,389723,1.0290684452491934,active_cumulative,/home/oy/iCAT/result/mixT-fixed37-tenhour-20261004/mixT-fixed37-rep1/control-series.txt
1791121369,2026-10-04T22:42:49+09:00,3850.0,A_YCSB-A,1,1,55349501952,13513062,389724,1.0288405396201097,active_cumulative,/home/oy/iCAT/result/mixT-fixed37-tenhour-20261004/mixT-fixed37-rep1/control-series.txt
1791121399,2026-10-04T22:43:19+09:00,3880.0,A_YCSB-A,1,1,55783141376,13618931,389724,1.0286163429420414,active_cumulative,/home/oy/iCAT/result/mixT-fixed37-tenhour-20261004/mixT-fixed37-rep1/control-series.txt
1791121429,2026-10-04T22:43:49+09:00,3910.0,A_YCSB-A,1,1,56232030208,13728523,389970,1.02840582340868,active_cumulative,/home/oy/iCAT/result/mixT-fixed37-tenhour-20261004/mixT-fixed37-rep1/control-series.txt
1791121459,2026-10-04T22:44:19+09:00,3940.0,A_YCSB-A,1,1,56652013568,13831058,390086,1.0282036269387345,active_cumulative,/home/oy/iCAT/result/mixT-fixed37-tenhour-20261004/mixT-fixed37-rep1/control-series.txt
1791121489,2026-10-04T22:44:49+09:00,3970.0,A_YCSB-A,1,1,57089384448,13937838,390086,1.0279875544542847,active_cumulative,/home/oy/iCAT/result/mixT-fixed37-tenhour-20261004/mixT-fixed37-rep1/control-series.txt
1791121519,2026-10-04T22:45:19+09:00,4000.0,A_YCSB-A,1,1,57524129792,14043977,390086,1.0277760352356031,active_cumulative,/home/oy/iCAT/result/mixT-fixed37-tenhour-20261004/mixT-fixed37-rep1/control-series.txt
1791121549,2026-10-04T22:45:49+09:00,4030.0,B_OLTP,1,1,61503614976,15015531,685297,1.0456392118267412,active_cumulative,/home/oy/iCAT/result/mixT-fixed37-tenhour-20261004/mixT-fixed37-rep1/control-series.txt
1791121579,2026-10-04T22:46:19+09:00,4060.0,B_OLTP,1,1,66393124864,16209259,921713,1.0568633643277585,active_cumulative,/home/oy/iCAT/result/mixT-fixed37-tenhour-20261004/mixT-fixed37-rep1/control-series.txt
1791121609,2026-10-04T22:46:49+09:00,4090.0,B_OLTP,1,1,71215566848,17386613,1154220,1.0663855576701453,active_cumulative,/home/oy/iCAT/result/mixT-fixed37-tenhour-20261004/mixT-fixed37-rep1/control-series.txt
1791121639,2026-10-04T22:47:19+09:00,4120.0,B_OLTP,1,1,75870748672,18523132,1378316,1.0744105262544152,active_cumulative,/home/oy/iCAT/result/mixT-fixed37-tenhour-20261004/mixT-fixed37-rep1/control-series.txt
1791121669,2026-10-04T22:47:49+09:00,4150.0,B_OLTP,1,1,80737595392,19711327,1611418,1.081750863348774,active_cumulative,/home/oy/iCAT/result/mixT-fixed37-tenhour-20261004/mixT-fixed37-rep1/control-series.txt
1791121699,2026-10-04T22:48:19+09:00,4180.0,B_OLTP,1,1,85587267584,20895329,1841213,1.0881160090850925,active_cumulative,/home/oy/iCAT/result/mixT-fixed37-tenhour-20261004/mixT-fixed37-rep1/control-series.txt
1791121729,2026-10-04T22:48:49+09:00,4210.0,B_OLTP,1,1,90582917120,22114970,2083857,1.0942283439679095,active_cumulative,/home/oy/iCAT/result/mixT-fixed37-tenhour-20261004/mixT-fixed37-rep1/control-series.txt
1791121759,2026-10-04T22:49:19+09:00,4240.0,B_OLTP,1,1,95568355328,23332118,2323824,1.0995976447573255,active_cumulative,/home/oy/iCAT/result/mixT-fixed37-tenhour-20261004/mixT-fixed37-rep1/control-series.txt
1791121789,2026-10-04T22:49:49+09:00,4270.0,B_OLTP,1,1,100519809024,24540969,2560769,1.1043466947046794,active_cumulative,/home/oy/iCAT/result/mixT-fixed37-tenhour-20261004/mixT-fixed37-rep1/control-series.txt
1791121819,2026-10-04T22:50:19+09:00,4300.0,B_OLTP,1,1,105568735232,25773617,2798833,1.108592946034699,active_cumulative,/home/oy/iCAT/result/mixT-fixed37-tenhour-20261004/mixT-fixed37-rep1/control-series.txt
1791121849,2026-10-04T22:50:49+09:00,4330.0,B_OLTP,1,1,110463127552,26968537,3030169,1.1123594134898753,active_cumulative,/home/oy/iCAT/result/mixT-fixed37-tenhour-20261004/mixT-fixed37-rep1/control-series.txt
1791121879,2026-10-04T22:51:19+09:00,4360.0,B_OLTP,1,1,115369394176,28166356,3268009,1.1160252678763274,active_cumulative,/home/oy/iCAT/result/mixT-fixed37-tenhour-20261004/mixT-fixed37-rep1/control-series.txt
1791121909,2026-10-04T22:51:49+09:00,4390.0,B_OLTP,1,1,120389267456,29391911,3510085,1.119423503970191,active_cumulative,/home/oy/iCAT/result/mixT-fixed37-tenhour-20261004/mixT-fixed37-rep1/control-series.txt
1791121940,2026-10-04T22:52:20+09:00,4421.0,B_OLTP,1,1,125382807552,30611037,3751128,1.1225416832497377,active_cumulative,/home/oy/iCAT/result/mixT-fixed37-tenhour-20261004/mixT-fixed37-rep1/control-series.txt
1791121970,2026-10-04T22:52:50+09:00,4451.0,B_OLTP,1,1,130346315776,31822831,3990028,1.1253825594586477,active_cumulative,/home/oy/iCAT/result/mixT-fixed37-tenhour-20261004/mixT-fixed37-rep1/control-series.txt
1791122000,2026-10-04T22:53:20+09:00,4481.0,B_OLTP,1,1,135372103680,33049830,4226841,1.1278929725205848,active_cumulative,/home/oy/iCAT/result/mixT-fixed37-tenhour-20261004/mixT-fixed37-rep1/control-series.txt
1791122030,2026-10-04T22:53:50+09:00,4511.0,B_OLTP,1,1,140272668672,34246257,4452933,1.130026852277608,active_cumulative,/home/oy/iCAT/result/mixT-fixed37-tenhour-20261004/mixT-fixed37-rep1/control-series.txt
1791122060,2026-10-04T22:54:20+09:00,4541.0,B_OLTP,1,1,145196359680,35448330,4682729,1.1321001299638094,active_cumulative,/home/oy/iCAT/result/mixT-fixed37-tenhour-20261004/mixT-fixed37-rep1/control-series.txt
1791122090,2026-10-04T22:54:50+09:00,4571.0,B_OLTP,1,1,150160318464,36660234,4913376,1.1340246764382356,active_cumulative,/home/oy/iCAT/result/mixT-fixed37-tenhour-20261004/mixT-fixed37-rep1/control-series.txt
1791122120,2026-10-04T22:55:20+09:00,4601.0,B_OLTP,1,1,155168591872,37882957,5150179,1.1359497623166006,active_cumulative,/home/oy/iCAT/result/mixT-fixed37-tenhour-20261004/mixT-fixed37-rep1/control-series.txt
1791122150,2026-10-04T22:55:50+09:00,4631.0,B_OLTP,1,1,160201424896,39111676,5386943,1.137732348774826,active_cumulative,/home/oy/iCAT/result/mixT-fixed37-tenhour-20261004/mixT-fixed37-rep1/control-series.txt
1791122180,2026-10-04T22:56:20+09:00,4661.0,B_OLTP,1,1,165149442048,40319688,5619923,1.1393840894800575,active_cumulative,/home/oy/iCAT/result/mixT-fixed37-tenhour-20261004/mixT-fixed37-rep1/control-series.txt
1791122210,2026-10-04T22:56:50+09:00,4691.0,B_OLTP,1,1,169953382400,41492525,5840024,1.1407488216250998,active_cumulative,/home/oy/iCAT/result/mixT-fixed37-tenhour-20261004/mixT-fixed37-rep1/control-series.txt
1791122240,2026-10-04T22:57:20+09:00,4721.0,B_OLTP,,,,,,,inactive_or_zero,/home/oy/iCAT/result/mixT-fixed37-tenhour-20261004/mixT-fixed37-rep1/control-series.txt
1791122270,2026-10-04T22:57:50+09:00,4751.0,B_OLTP,1,1,179573923840,43841290,6277935,1.1431968584866001,active_cumulative,/home/oy/iCAT/result/mixT-fixed37-tenhour-20261004/mixT-fixed37-rep1/control-series.txt
1791122300,2026-10-04T22:58:20+09:00,4781.0,B_OLTP,1,1,184373071872,45012957,6496574,1.144326754627562,active_cumulative,/home/oy/iCAT/result/mixT-fixed37-tenhour-20261004/mixT-fixed37-rep1/control-series.txt
1791122330,2026-10-04T22:58:50+09:00,4811.0,B_OLTP,1,1,189152247808,46179748,6708794,1.1452756736567726,active_cumulative,/home/oy/iCAT/result/mixT-fixed37-tenhour-20261004/mixT-fixed37-rep1/control-series.txt
1791122360,2026-10-04T22:59:20+09:00,4841.0,B_OLTP,1,1,193964474368,47354608,6926567,1.1462701792400014,active_cumulative,/home/oy/iCAT/result/mixT-fixed37-tenhour-20261004/mixT-fixed37-rep1/control-series.txt
1791122390,2026-10-04T22:59:50+09:00,4871.0,B_OLTP,1,1,198948610048,48571438,7159512,1.1474016890337897,active_cumulative,/home/oy/iCAT/result/mixT-fixed37-tenhour-20261004/mixT-fixed37-rep1/control-series.txt
1791122420,2026-10-04T23:00:20+09:00,4901.0,B_OLTP,1,1,203932581888,49788228,7388890,1.1484063662599118,active_cumulative,/home/oy/iCAT/result/mixT-fixed37-tenhour-20261004/mixT-fixed37-rep1/control-series.txt
1791122450,2026-10-04T23:00:50+09:00,4931.0,B_OLTP,1,1,208987463680,51022330,7618358,1.1493141924329995,active_cumulative,/home/oy/iCAT/result/mixT-fixed37-tenhour-20261004/mixT-fixed37-rep1/control-series.txt
1791122480,2026-10-04T23:01:20+09:00,4961.0,B_OLTP,1,1,213982367744,52241789,7845385,1.150174508763473,active_cumulative,/home/oy/iCAT/result/mixT-fixed37-tenhour-20261004/mixT-fixed37-rep1/control-series.txt
1791122510,2026-10-04T23:01:50+09:00,4991.0,B_OLTP,1,1,218751467520,53406120,8057152,1.1508657060276988,active_cumulative,/home/oy/iCAT/result/mixT-fixed37-tenhour-20261004/mixT-fixed37-rep1/control-series.txt
1791122540,2026-10-04T23:02:20+09:00,5021.0,B_OLTP,1,1,223213457408,54495473,8259120,1.1515560751257266,active_cumulative,/home/oy/iCAT/result/mixT-fixed37-tenhour-20261004/mixT-fixed37-rep1/control-series.txt
1791122570,2026-10-04T23:02:50+09:00,5051.0,B_OLTP,1,1,227970572288,55656878,8452772,1.1518729095800164,active_cumulative,/home/oy/iCAT/result/mixT-fixed37-tenhour-20261004/mixT-fixed37-rep1/control-series.txt
1791122600,2026-10-04T23:03:20+09:00,5081.0,B_OLTP,1,1,232920453120,56865345,8653598,1.1521770069275057,active_cumulative,/home/oy/iCAT/result/mixT-fixed37-tenhour-20261004/mixT-fixed37-rep1/control-series.txt
1791122630,2026-10-04T23:03:50+09:00,5111.0,B_OLTP,1,1,237933953024,58089344,8870293,1.1527008636902494,active_cumulative,/home/oy/iCAT/result/mixT-fixed37-tenhour-20261004/mixT-fixed37-rep1/control-series.txt
1791122660,2026-10-04T23:04:20+09:00,5141.0,B_OLTP,1,1,242845589504,59288474,9079664,1.1531438302831003,active_cumulative,/home/oy/iCAT/result/mixT-fixed37-tenhour-20261004/mixT-fixed37-rep1/control-series.txt
1791122691,2026-10-04T23:04:51+09:00,5172.0,B_OLTP,1,1,247876988928,60516843,9289627,1.153504818484996,active_cumulative,/home/oy/iCAT/result/mixT-fixed37-tenhour-20261004/mixT-fixed37-rep1/control-series.txt
1791122721,2026-10-04T23:05:21+09:00,5202.0,B_OLTP,1,1,252881838080,61738730,9497855,1.1538394942688326,active_cumulative,/home/oy/iCAT/result/mixT-fixed37-tenhour-20261004/mixT-fixed37-rep1/control-series.txt
1791122751,2026-10-04T23:05:51+09:00,5232.0,B_OLTP,1,1,257819615232,62944242,9703056,1.1541531948228085,active_cumulative,/home/oy/iCAT/result/mixT-fixed37-tenhour-20261004/mixT-fixed37-rep1/control-series.txt
1791122781,2026-10-04T23:06:21+09:00,5262.0,B_OLTP,1,1,262795214848,64158988,9909083,1.154445749674231,active_cumulative,/home/oy/iCAT/result/mixT-fixed37-tenhour-20261004/mixT-fixed37-rep1/control-series.txt
1791122811,2026-10-04T23:06:51+09:00,5292.0,B_OLTP,1,1,267674058752,65350112,10115281,1.1547859780255618,active_cumulative,/home/oy/iCAT/result/mixT-fixed37-tenhour-20261004/mixT-fixed37-rep1/control-series.txt
1791122841,2026-10-04T23:07:21+09:00,5322.0,B_OLTP,1,1,272506834944,66529989,10312152,1.155000055689172,active_cumulative,/home/oy/iCAT/result/mixT-fixed37-tenhour-20261004/mixT-fixed37-rep1/control-series.txt
1791122871,2026-10-04T23:07:51+09:00,5352.0,B_OLTP,1,1,277358977024,67714594,10513190,1.1552573733219165,active_cumulative,/home/oy/iCAT/result/mixT-fixed37-tenhour-20261004/mixT-fixed37-rep1/control-series.txt
1791122901,2026-10-04T23:08:21+09:00,5382.0,B_OLTP,1,1,282250170368,68908733,10712165,1.1554543892136284,active_cumulative,/home/oy/iCAT/result/mixT-fixed37-tenhour-20261004/mixT-fixed37-rep1/control-series.txt
1791122931,2026-10-04T23:08:51+09:00,5412.0,B_OLTP,1,1,287208140800,70119175,10916933,1.155691121579796,active_cumulative,/home/oy/iCAT/result/mixT-fixed37-tenhour-20261004/mixT-fixed37-rep1/control-series.txt
1791122961,2026-10-04T23:09:21+09:00,5442.0,B_OLTP,1,1,292267741184,71354429,11124611,1.1559063838910406,active_cumulative,/home/oy/iCAT/result/mixT-fixed37-tenhour-20261004/mixT-fixed37-rep1/control-series.txt
1791122991,2026-10-04T23:09:51+09:00,5472.0,B_OLTP,1,1,297236434944,72567489,11326181,1.1560778959845228,active_cumulative,/home/oy/iCAT/result/mixT-fixed37-tenhour-20261004/mixT-fixed37-rep1/control-series.txt
1791123021,2026-10-04T23:10:21+09:00,5502.0,B_OLTP,1,1,302144200704,73765674,11523983,1.15622419446747,active_cumulative,/home/oy/iCAT/result/mixT-fixed37-tenhour-20261004/mixT-fixed37-rep1/control-series.txt
1791123051,2026-10-04T23:10:51+09:00,5532.0,B_OLTP,1,1,307157680128,74989668,11733307,1.1564656480410074,active_cumulative,/home/oy/iCAT/result/mixT-fixed37-tenhour-20261004/mixT-fixed37-rep1/control-series.txt
1791123081,2026-10-04T23:11:21+09:00,5562.0,B_OLTP,1,1,312152739840,76209165,11935079,1.1566094970335916,active_cumulative,/home/oy/iCAT/result/mixT-fixed37-tenhour-20261004/mixT-fixed37-rep1/control-series.txt
1791123111,2026-10-04T23:11:51+09:00,5592.0,B_OLTP,1,1,317002833920,77393270,12136686,1.1568183641807614,active_cumulative,/home/oy/iCAT/result/mixT-fixed37-tenhour-20261004/mixT-fixed37-rep1/control-series.txt
1791123141,2026-10-04T23:12:21+09:00,5622.0,B_OLTP,1,1,321691676672,78538007,12330549,1.1570010428199433,active_cumulative,/home/oy/iCAT/result/mixT-fixed37-tenhour-20261004/mixT-fixed37-rep1/control-series.txt
1791123171,2026-10-04T23:12:51+09:00,5652.0,B_OLTP,1,1,326623674368,79742108,12531396,1.1571490435141243,active_cumulative,/home/oy/iCAT/result/mixT-fixed37-tenhour-20261004/mixT-fixed37-rep1/control-series.txt
1791123201,2026-10-04T23:13:21+09:00,5682.0,B_OLTP,1,1,331468500992,80924927,12727893,1.1572802530918564,active_cumulative,/home/oy/iCAT/result/mixT-fixed37-tenhour-20261004/mixT-fixed37-rep1/control-series.txt
1791123231,2026-10-04T23:13:51+09:00,5712.0,B_OLTP,1,1,336376422400,82123150,12924785,1.1573829669222382,active_cumulative,/home/oy/iCAT/result/mixT-fixed37-tenhour-20261004/mixT-fixed37-rep1/control-series.txt
1791123261,2026-10-04T23:14:21+09:00,5742.0,B_OLTP,1,1,341233979392,83309077,13121056,1.1574985160380542,active_cumulative,/home/oy/iCAT/result/mixT-fixed37-tenhour-20261004/mixT-fixed37-rep1/control-series.txt
1791123291,2026-10-04T23:14:51+09:00,5772.0,B_OLTP,1,1,346128601088,84504053,13318169,1.1576039080634393,active_cumulative,/home/oy/iCAT/result/mixT-fixed37-tenhour-20261004/mixT-fixed37-rep1/control-series.txt
1791123321,2026-10-04T23:15:21+09:00,5802.0,B_OLTP,1,1,350930575360,85676410,13514473,1.1577385537045728,active_cumulative,/home/oy/iCAT/result/mixT-fixed37-tenhour-20261004/mixT-fixed37-rep1/control-series.txt
1791123351,2026-10-04T23:15:51+09:00,5832.0,B_OLTP,1,1,355787743232,86862242,13716307,1.1579087378380124,active_cumulative,/home/oy/iCAT/result/mixT-fixed37-tenhour-20261004/mixT-fixed37-rep1/control-series.txt
1791123381,2026-10-04T23:16:21+09:00,5862.0,B_OLTP,1,1,360632893440,88045140,13919243,1.1580921218365943,active_cumulative,/home/oy/iCAT/result/mixT-fixed37-tenhour-20261004/mixT-fixed37-rep1/control-series.txt
1791123412,2026-10-04T23:16:52+09:00,5893.0,B_OLTP,1,1,365514395648,89236913,14123250,1.1582669046384426,active_cumulative,/home/oy/iCAT/result/mixT-fixed37-tenhour-20261004/mixT-fixed37-rep1/control-series.txt
1791123442,2026-10-04T23:17:22+09:00,5923.0,B_OLTP,1,1,370311045120,90407970,14315200,1.1583400224559848,active_cumulative,/home/oy/iCAT/result/mixT-fixed37-tenhour-20261004/mixT-fixed37-rep1/control-series.txt
1791123472,2026-10-04T23:17:52+09:00,5953.0,B_OLTP,1,1,375108837376,91579306,14503497,1.1583708987705148,active_cumulative,/home/oy/iCAT/result/mixT-fixed37-tenhour-20261004/mixT-fixed37-rep1/control-series.txt
1791123502,2026-10-04T23:18:22+09:00,5983.0,B_OLTP,1,1,379952660480,92761880,14701999,1.1584918179752286,active_cumulative,/home/oy/iCAT/result/mixT-fixed37-tenhour-20261004/mixT-fixed37-rep1/control-series.txt
1791123532,2026-10-04T23:18:52+09:00,6013.0,B_OLTP,1,1,384836001792,93954102,14897340,1.158559761446073,active_cumulative,/home/oy/iCAT/result/mixT-fixed37-tenhour-20261004/mixT-fixed37-rep1/control-series.txt
1791123562,2026-10-04T23:19:22+09:00,6043.0,B_OLTP,1,1,389151830016,95007771,15081261,1.1587371310921504,active_cumulative,/home/oy/iCAT/result/mixT-fixed37-tenhour-20261004/mixT-fixed37-rep1/control-series.txt
1791123592,2026-10-04T23:19:52+09:00,6073.0,B_OLTP,1,1,394127745024,96222594,15299975,1.159006054232959,active_cumulative,/home/oy/iCAT/result/mixT-fixed37-tenhour-20261004/mixT-fixed37-rep1/control-series.txt
1791123622,2026-10-04T23:20:22+09:00,6103.0,B_OLTP,1,1,399073628160,97430085,15519985,1.1592935590685363,active_cumulative,/home/oy/iCAT/result/mixT-fixed37-tenhour-20261004/mixT-fixed37-rep1/control-series.txt
1791123652,2026-10-04T23:20:52+09:00,6133.0,B_OLTP,1,1,404127461376,98663931,15746279,1.1595950905300945,active_cumulative,/home/oy/iCAT/result/mixT-fixed37-tenhour-20261004/mixT-fixed37-rep1/control-series.txt
1791123682,2026-10-04T23:21:22+09:00,6163.0,B_OLTP,1,1,409122037760,99883310,15969058,1.1598771406354074,active_cumulative,/home/oy/iCAT/result/mixT-fixed37-tenhour-20261004/mixT-fixed37-rep1/control-series.txt
1791123712,2026-10-04T23:21:52+09:00,6193.0,B_OLTP,1,1,414134652928,101107093,16193108,1.1601579821902308,active_cumulative,/home/oy/iCAT/result/mixT-fixed37-tenhour-20261004/mixT-fixed37-rep1/control-series.txt
1791123742,2026-10-04T23:22:22+09:00,6223.0,B_OLTP,1,1,419112030208,102322273,16415143,1.1604259025793924,active_cumulative,/home/oy/iCAT/result/mixT-fixed37-tenhour-20261004/mixT-fixed37-rep1/control-series.txt
1791123772,2026-10-04T23:22:52+09:00,6253.0,B_OLTP,1,1,424133988352,103548337,16638946,1.1606877182392605,active_cumulative,/home/oy/iCAT/result/mixT-fixed37-tenhour-20261004/mixT-fixed37-rep1/control-series.txt
1791123802,2026-10-04T23:23:22+09:00,6283.0,B_OLTP,1,1,429125038080,104766855,16857964,1.160909325759564,active_cumulative,/home/oy/iCAT/result/mixT-fixed37-tenhour-20261004/mixT-fixed37-rep1/control-series.txt
1791123832,2026-10-04T23:23:52+09:00,6313.0,B_OLTP,1,1,434180685824,106001144,17082618,1.1611550343267993,active_cumulative,/home/oy/iCAT/result/mixT-fixed37-tenhour-20261004/mixT-fixed37-rep1/control-series.txt
1791123862,2026-10-04T23:24:22+09:00,6343.0,B_OLTP,1,1,439114051584,107205579,17300543,1.161377263770946,active_cumulative,/home/oy/iCAT/result/mixT-fixed37-tenhour-20261004/mixT-fixed37-rep1/control-series.txt
1791123892,2026-10-04T23:24:52+09:00,6373.0,B_OLTP,1,1,444117065728,108427018,17524151,1.161621626447386,active_cumulative,/home/oy/iCAT/result/mixT-fixed37-tenhour-20261004/mixT-fixed37-rep1/control-series.txt
1791123922,2026-10-04T23:25:22+09:00,6403.0,B_OLTP,1,1,449148743680,109655455,17749565,1.1618666850636843,active_cumulative,/home/oy/iCAT/result/mixT-fixed37-tenhour-20261004/mixT-fixed37-rep1/control-series.txt
1791123952,2026-10-04T23:25:52+09:00,6433.0,B_OLTP,1,1,454086369280,110860930,17970819,1.1621023655493419,active_cumulative,/home/oy/iCAT/result/mixT-fixed37-tenhour-20261004/mixT-fixed37-rep1/control-series.txt
1791123982,2026-10-04T23:26:22+09:00,6463.0,B_OLTP,1,1,459096694784,112084154,18198049,1.1623605866713327,active_cumulative,/home/oy/iCAT/result/mixT-fixed37-tenhour-20261004/mixT-fixed37-rep1/control-series.txt
1791124012,2026-10-04T23:26:52+09:00,6493.0,B_OLTP,1,1,464021565440,113286515,18415466,1.1625565584747664,active_cumulative,/home/oy/iCAT/result/mixT-fixed37-tenhour-20261004/mixT-fixed37-rep1/control-series.txt
1791124042,2026-10-04T23:27:22+09:00,6523.0,B_OLTP,1,1,469006327808,114503498,18630794,1.1627093872712955,active_cumulative,/home/oy/iCAT/result/mixT-fixed37-tenhour-20261004/mixT-fixed37-rep1/control-series.txt
1791124072,2026-10-04T23:27:52+09:00,6553.0,B_OLTP,1,1,474028720128,115729668,18854367,1.1629173169320766,active_cumulative,/home/oy/iCAT/result/mixT-fixed37-tenhour-20261004/mixT-fixed37-rep1/control-series.txt
1791124103,2026-10-04T23:28:23+09:00,6584.0,B_OLTP,1,1,478393368576,116795256,19041130,1.1630299949854128,active_cumulative,/home/oy/iCAT/result/mixT-fixed37-tenhour-20261004/mixT-fixed37-rep1/control-series.txt
1791124133,2026-10-04T23:28:53+09:00,6614.0,B_OLTP,1,1,482925707264,117901784,19233785,1.1631339607210693,active_cumulative,/home/oy/iCAT/result/mixT-fixed37-tenhour-20261004/mixT-fixed37-rep1/control-series.txt
1791124163,2026-10-04T23:29:23+09:00,6644.0,B_OLTP,1,1,487771152384,119084754,19445831,1.163294043501152,active_cumulative,/home/oy/iCAT/result/mixT-fixed37-tenhour-20261004/mixT-fixed37-rep1/control-series.txt
1791124193,2026-10-04T23:29:53+09:00,6674.0,B_OLTP,1,1,492743696384,120298754,19667320,1.163487312595108,active_cumulative,/home/oy/iCAT/result/mixT-fixed37-tenhour-20261004/mixT-fixed37-rep1/control-series.txt
1791124223,2026-10-04T23:30:23+09:00,6704.0,B_OLTP,1,1,497711988736,121511716,19889891,1.1636870225748437,active_cumulative,/home/oy/iCAT/result/mixT-fixed37-tenhour-20261004/mixT-fixed37-rep1/control-series.txt
1791124253,2026-10-04T23:30:53+09:00,6734.0,B_OLTP,1,1,502702497792,122730102,20111882,1.1638708163055222,active_cumulative,/home/oy/iCAT/result/mixT-fixed37-tenhour-20261004/mixT-fixed37-rep1/control-series.txt
1791124283,2026-10-04T23:31:23+09:00,6764.0,B_OLTP,1,1,507624841216,123931846,20330737,1.1640477218422132,active_cumulative,/home/oy/iCAT/result/mixT-fixed37-tenhour-20261004/mixT-fixed37-rep1/control-series.txt
1791124313,2026-10-04T23:31:53+09:00,6794.0,B_OLTP,1,1,512646942720,125157945,20548564,1.164181059380609,active_cumulative,/home/oy/iCAT/result/mixT-fixed37-tenhour-20261004/mixT-fixed37-rep1/control-series.txt
1791124343,2026-10-04T23:32:23+09:00,6824.0,B_OLTP,1,1,517607391232,126368992,20771966,1.1643754980652217,active_cumulative,/home/oy/iCAT/result/mixT-fixed37-tenhour-20261004/mixT-fixed37-rep1/control-series.txt
1791124373,2026-10-04T23:32:53+09:00,6854.0,B_OLTP,1,1,522579324928,127582843,20994126,1.1645528936833616,active_cumulative,/home/oy/iCAT/result/mixT-fixed37-tenhour-20261004/mixT-fixed37-rep1/control-series.txt
1791124403,2026-10-04T23:33:23+09:00,6884.0,B_OLTP,1,1,527561252864,128799134,21212425,1.1646938480191955,active_cumulative,/home/oy/iCAT/result/mixT-fixed37-tenhour-20261004/mixT-fixed37-rep1/control-series.txt
1791124433,2026-10-04T23:33:53+09:00,6914.0,B_OLTP,1,1,532596867072,130028532,21437134,1.1648648467399447,active_cumulative,/home/oy/iCAT/result/mixT-fixed37-tenhour-20261004/mixT-fixed37-rep1/control-series.txt
1791124463,2026-10-04T23:34:23+09:00,6944.0,B_OLTP,1,1,537570918400,131242900,21655306,1.1650017334271034,active_cumulative,/home/oy/iCAT/result/mixT-fixed37-tenhour-20261004/mixT-fixed37-rep1/control-series.txt
1791124493,2026-10-04T23:34:53+09:00,6974.0,B_OLTP,1,1,542498635776,132445956,21873043,1.165146929816415,active_cumulative,/home/oy/iCAT/result/mixT-fixed37-tenhour-20261004/mixT-fixed37-rep1/control-series.txt
1791124523,2026-10-04T23:35:23+09:00,7004.0,B_OLTP,1,1,547488378880,133664155,22092413,1.165283003509804,active_cumulative,/home/oy/iCAT/result/mixT-fixed37-tenhour-20261004/mixT-fixed37-rep1/control-series.txt
1791124553,2026-10-04T23:35:53+09:00,7034.0,B_OLTP,1,1,551715803136,134696241,22277432,1.16539015368662,active_cumulative,/home/oy/iCAT/result/mixT-fixed37-tenhour-20261004/mixT-fixed37-rep1/control-series.txt
1791124583,2026-10-04T23:36:23+09:00,7064.0,B_OLTP,1,1,556812775424,135940619,22488947,1.165432136218241,active_cumulative,/home/oy/iCAT/result/mixT-fixed37-tenhour-20261004/mixT-fixed37-rep1/control-series.txt
1791124613,2026-10-04T23:36:53+09:00,7094.0,B_OLTP,1,1,561806835712,137159872,22697630,1.1654830211565086,active_cumulative,/home/oy/iCAT/result/mixT-fixed37-tenhour-20261004/mixT-fixed37-rep1/control-series.txt
1791124643,2026-10-04T23:37:23+09:00,7124.0,B_OLTP,1,1,566778085376,138373556,22904478,1.1655264102629552,active_cumulative,/home/oy/iCAT/result/mixT-fixed37-tenhour-20261004/mixT-fixed37-rep1/control-series.txt
1791124673,2026-10-04T23:37:53+09:00,7154.0,B_OLTP,1,1,571800121344,139599639,23116194,1.1655892104420127,active_cumulative,/home/oy/iCAT/result/mixT-fixed37-tenhour-20261004/mixT-fixed37-rep1/control-series.txt
1791124703,2026-10-04T23:38:23+09:00,7184.0,B_OLTP,1,1,576777871360,140814910,23322516,1.1656253304426356,active_cumulative,/home/oy/iCAT/result/mixT-fixed37-tenhour-20261004/mixT-fixed37-rep1/control-series.txt
1791124734,2026-10-04T23:38:54+09:00,7215.0,B_OLTP,1,1,581673754624,142010194,23528009,1.1656783103894641,active_cumulative,/home/oy/iCAT/result/mixT-fixed37-tenhour-20261004/mixT-fixed37-rep1/control-series.txt
1791124764,2026-10-04T23:39:24+09:00,7245.0,B_OLTP,1,1,585833668608,143025798,23693660,1.1656600440712102,active_cumulative,/home/oy/iCAT/result/mixT-fixed37-tenhour-20261004/mixT-fixed37-rep1/control-series.txt
1791124794,2026-10-04T23:39:54+09:00,7275.0,B_OLTP,1,1,589954936832,144031967,23859471,1.1656539967964195,active_cumulative,/home/oy/iCAT/result/mixT-fixed37-tenhour-20261004/mixT-fixed37-rep1/control-series.txt
1791124824,2026-10-04T23:40:24+09:00,7305.0,B_OLTP,1,1,594947457024,145250844,24064688,1.1656767515925759,active_cumulative,/home/oy/iCAT/result/mixT-fixed37-tenhour-20261004/mixT-fixed37-rep1/control-series.txt
1791124854,2026-10-04T23:40:54+09:00,7335.0,B_OLTP,1,1,599952805888,146472853,24272926,1.1657162095422555,active_cumulative,/home/oy/iCAT/result/mixT-fixed37-tenhour-20261004/mixT-fixed37-rep1/control-series.txt
1791124884,2026-10-04T23:41:24+09:00,7365.0,B_OLTP,1,1,604920987648,147685788,24480592,1.165761325659853,active_cumulative,/home/oy/iCAT/result/mixT-fixed37-tenhour-20261004/mixT-fixed37-rep1/control-series.txt
1791124914,2026-10-04T23:41:54+09:00,7395.0,B_OLTP,1,1,609898696704,148901049,24688397,1.1658040501783167,active_cumulative,/home/oy/iCAT/result/mixT-fixed37-tenhour-20261004/mixT-fixed37-rep1/control-series.txt
1791124944,2026-10-04T23:42:24+09:00,7425.0,B_OLTP,1,1,614922526720,150127570,24896629,1.1658364882612835,active_cumulative,/home/oy/iCAT/result/mixT-fixed37-tenhour-20261004/mixT-fixed37-rep1/control-series.txt
1791124974,2026-10-04T23:42:54+09:00,7455.0,B_OLTP,1,1,619900956672,151343007,25104405,1.1658775353921704,active_cumulative,/home/oy/iCAT/result/mixT-fixed37-tenhour-20261004/mixT-fixed37-rep1/control-series.txt
1791125004,2026-10-04T23:43:24+09:00,7485.0,B_OLTP,1,1,624831381504,152546724,25311257,1.1659246186106231,active_cumulative,/home/oy/iCAT/result/mixT-fixed37-tenhour-20261004/mixT-fixed37-rep1/control-series.txt
1791125034,2026-10-04T23:43:54+09:00,7515.0,B_OLTP,1,1,629828837376,153766806,25516492,1.16594278481664,active_cumulative,/home/oy/iCAT/result/mixT-fixed37-tenhour-20261004/mixT-fixed37-rep1/control-series.txt
1791125064,2026-10-04T23:44:24+09:00,7545.0,B_OLTP,1,1,634776637440,154974765,25719390,1.1659585675125883,active_cumulative,/home/oy/iCAT/result/mixT-fixed37-tenhour-20261004/mixT-fixed37-rep1/control-series.txt
1791125094,2026-10-04T23:44:54+09:00,7575.0,B_OLTP,1,1,639774887936,156195041,25927311,1.165993176441498,active_cumulative,/home/oy/iCAT/result/mixT-fixed37-tenhour-20261004/mixT-fixed37-rep1/control-series.txt
1791125124,2026-10-04T23:45:24+09:00,7605.0,B_OLTP,1,1,644749848576,157409631,26133084,1.1660196001602976,active_cumulative,/home/oy/iCAT/result/mixT-fixed37-tenhour-20261004/mixT-fixed37-rep1/control-series.txt
1791125154,2026-10-04T23:45:54+09:00,7635.0,B_OLTP,1,1,649611087872,158596457,26329385,1.166014963373362,active_cumulative,/home/oy/iCAT/result/mixT-fixed37-tenhour-20261004/mixT-fixed37-rep1/control-series.txt
1791125184,2026-10-04T23:46:24+09:00,7665.0,B_OLTP,1,1,654838583296,159872701,26546545,1.1660480171658576,active_cumulative,/home/oy/iCAT/result/mixT-fixed37-tenhour-20261004/mixT-fixed37-rep1/control-series.txt
1791125214,2026-10-04T23:46:54+09:00,7695.0,B_OLTP,1,1,660178255872,161176332,26773354,1.1661121931971996,active_cumulative,/home/oy/iCAT/result/mixT-fixed37-tenhour-20261004/mixT-fixed37-rep1/control-series.txt
1791125244,2026-10-04T23:47:24+09:00,7725.0,B_OLTP,1,1,665595977728,162499018,27001022,1.1661611395091631,active_cumulative,/home/oy/iCAT/result/mixT-fixed37-tenhour-20261004/mixT-fixed37-rep1/control-series.txt
1791125274,2026-10-04T23:47:54+09:00,7755.0,B_OLTP,1,1,670974038016,163812021,27229841,1.1662261464926313,active_cumulative,/home/oy/iCAT/result/mixT-fixed37-tenhour-20261004/mixT-fixed37-rep1/control-series.txt
1791125304,2026-10-04T23:48:24+09:00,7785.0,B_OLTP,1,1,676264558592,165103652,27456176,1.1662966001503103,active_cumulative,/home/oy/iCAT/result/mixT-fixed37-tenhour-20261004/mixT-fixed37-rep1/control-series.txt
1791125335,2026-10-04T23:48:55+09:00,7816.0,B_OLTP,1,1,681464573952,166373187,27677075,1.1663553815315204,active_cumulative,/home/oy/iCAT/result/mixT-fixed37-tenhour-20261004/mixT-fixed37-rep1/control-series.txt
1791125365,2026-10-04T23:49:25+09:00,7846.0,B_OLTP,1,1,686843772928,167686468,27907830,1.1664286351359014,active_cumulative,/home/oy/iCAT/result/mixT-fixed37-tenhour-20261004/mixT-fixed37-rep1/control-series.txt
1791125395,2026-10-04T23:49:55+09:00,7876.0,B_OLTP,1,1,692151529472,168982307,28136411,1.1665050708533646,active_cumulative,/home/oy/iCAT/result/mixT-fixed37-tenhour-20261004/mixT-fixed37-rep1/control-series.txt
1791125425,2026-10-04T23:50:25+09:00,7906.0,B_OLTP,1,1,697512792064,170291209,28369477,1.1665939020962615,active_cumulative,/home/oy/iCAT/result/mixT-fixed37-tenhour-20261004/mixT-fixed37-rep1/control-series.txt
1791125455,2026-10-04T23:50:55+09:00,7936.0,B_OLTP,1,1,702520573952,171513812,28576980,1.1666162023149482,active_cumulative,/home/oy/iCAT/result/mixT-fixed37-tenhour-20261004/mixT-fixed37-rep1/control-series.txt
1791125485,2026-10-04T23:51:25+09:00,7966.0,B_OLTP,1,1,707759894528,172792943,28794344,1.166640740646451,active_cumulative,/home/oy/iCAT/result/mixT-fixed37-tenhour-20261004/mixT-fixed37-rep1/control-series.txt
1791125515,2026-10-04T23:51:55+09:00,7996.0,B_OLTP,1,1,713055584256,174085836,29026277,1.166735431594791,active_cumulative,/home/oy/iCAT/result/mixT-fixed37-tenhour-20261004/mixT-fixed37-rep1/control-series.txt
1791125545,2026-10-04T23:52:25+09:00,8026.0,B_OLTP,1,1,718407479296,175392451,29256601,1.1668065006971138,active_cumulative,/home/oy/iCAT/result/mixT-fixed37-tenhour-20261004/mixT-fixed37-rep1/control-series.txt
1791125575,2026-10-04T23:52:55+09:00,8056.0,C_Varmail,1,1,732466786304,178824899,31433981,1.1757807843078945,active_cumulative,/home/oy/iCAT/result/mixT-fixed37-tenhour-20261004/mixT-fixed37-rep1/control-series.txt
1791125605,2026-10-04T23:53:25+09:00,8086.0,C_Varmail,1,1,752617611264,183744534,36086975,1.1963975429059566,active_cumulative,/home/oy/iCAT/result/mixT-fixed37-tenhour-20261004/mixT-fixed37-rep1/control-series.txt
1791125635,2026-10-04T23:53:55+09:00,8116.0,C_Varmail,1,1,772668870656,188639861,40803094,1.216301548271391,active_cumulative,/home/oy/iCAT/result/mixT-fixed37-tenhour-20261004/mixT-fixed37-rep1/control-series.txt
1791125665,2026-10-04T23:54:25+09:00,8146.0,C_Varmail,1,1,792711409664,193533059,45574448,1.2354866307363022,active_cumulative,/home/oy/iCAT/result/mixT-fixed37-tenhour-20261004/mixT-fixed37-rep1/control-series.txt
1791125695,2026-10-04T23:54:55+09:00,8176.0,C_Varmail,1,1,812803723264,198438409,50381265,1.2538886763600288,active_cumulative,/home/oy/iCAT/result/mixT-fixed37-tenhour-20261004/mixT-fixed37-rep1/control-series.txt
1791125725,2026-10-04T23:55:25+09:00,8206.0,C_Varmail,1,1,832918441984,203349229,55200118,1.27145476907611,active_cumulative,/home/oy/iCAT/result/mixT-fixed37-tenhour-20261004/mixT-fixed37-rep1/control-series.txt
1791125755,2026-10-04T23:55:55+09:00,8236.0,C_Varmail,1,1,853030346752,208259362,60013647,1.2881678231588936,active_cumulative,/home/oy/iCAT/result/mixT-fixed37-tenhour-20261004/mixT-fixed37-rep1/control-series.txt
1791125785,2026-10-04T23:56:25+09:00,8266.0,C_Varmail,1,1,873160486912,213173947,64861036,1.3042634285886727,active_cumulative,/home/oy/iCAT/result/mixT-fixed37-tenhour-20261004/mixT-fixed37-rep1/control-series.txt
1791125815,2026-10-04T23:56:55+09:00,8296.0,C_Varmail,1,1,893314711552,218094412,69697906,1.319576762012591,active_cumulative,/home/oy/iCAT/result/mixT-fixed37-tenhour-20261004/mixT-fixed37-rep1/control-series.txt
1791125845,2026-10-04T23:57:25+09:00,8326.0,C_Varmail,1,1,913468325888,223014728,74529272,1.3341899105425898,active_cumulative,/home/oy/iCAT/result/mixT-fixed37-tenhour-20261004/mixT-fixed37-rep1/control-series.txt
1791125875,2026-10-04T23:57:55+09:00,8356.0,C_Varmail,1,1,933600669696,227929851,79364866,1.3481986481884727,active_cumulative,/home/oy/iCAT/result/mixT-fixed37-tenhour-20261004/mixT-fixed37-rep1/control-series.txt
1791125905,2026-10-04T23:58:25+09:00,8386.0,C_Varmail,1,1,953792294912,232859447,84204583,1.361611195443576,active_cumulative,/home/oy/iCAT/result/mixT-fixed37-tenhour-20261004/mixT-fixed37-rep1/control-series.txt
1791125935,2026-10-04T23:58:55+09:00,8416.0,C_Varmail,1,1,973928525824,237775519,89022829,1.3743986318456947,active_cumulative,/home/oy/iCAT/result/mixT-fixed37-tenhour-20261004/mixT-fixed37-rep1/control-series.txt
1791125965,2026-10-04T23:59:25+09:00,8446.0,C_Varmail,1,1,994117111808,242704373,93836051,1.3866269480031166,active_cumulative,/home/oy/iCAT/result/mixT-fixed37-tenhour-20261004/mixT-fixed37-rep1/control-series.txt
1791125995,2026-10-04T23:59:55+09:00,8476.0,C_Varmail,1,1,1014302797824,247632519,98659760,1.398411971086883,active_cumulative,/home/oy/iCAT/result/mixT-fixed37-tenhour-20261004/mixT-fixed37-rep1/control-series.txt
1791126025,2026-10-05T00:00:25+09:00,8506.0,C_Varmail,1,1,1034461999104,252554199,103479606,1.4097322729526267,active_cumulative,/home/oy/iCAT/result/mixT-fixed37-tenhour-20261004/mixT-fixed37-rep1/control-series.txt
1791126055,2026-10-05T00:00:55+09:00,8536.0,C_Varmail,1,1,1054686814208,257491898,108300924,1.420599346391862,active_cumulative,/home/oy/iCAT/result/mixT-fixed37-tenhour-20261004/mixT-fixed37-rep1/control-series.txt
1791126085,2026-10-05T00:01:25+09:00,8566.0,C_Varmail,1,1,1074827862016,262409146,113099749,1.431005362137797,active_cumulative,/home/oy/iCAT/result/mixT-fixed37-tenhour-20261004/mixT-fixed37-rep1/control-series.txt
1791126115,2026-10-05T00:01:55+09:00,8596.0,C_Varmail,1,1,1095012667392,267337077,117900799,1.4410192567490367,active_cumulative,/home/oy/iCAT/result/mixT-fixed37-tenhour-20261004/mixT-fixed37-rep1/control-series.txt
1791126145,2026-10-05T00:02:25+09:00,8626.0,C_Varmail,1,1,1115153588224,272254294,122680297,1.4506092271220523,active_cumulative,/home/oy/iCAT/result/mixT-fixed37-tenhour-20261004/mixT-fixed37-rep1/control-series.txt
1791126175,2026-10-05T00:02:55+09:00,8656.0,C_Varmail,1,1,1135302041600,277173350,127464756,1.459873779351442,active_cumulative,/home/oy/iCAT/result/mixT-fixed37-tenhour-20261004/mixT-fixed37-rep1/control-series.txt
1791126205,2026-10-05T00:03:25+09:00,8686.0,C_Varmail,1,1,1155473563648,282098038,132257369,1.4688347708394909,active_cumulative,/home/oy/iCAT/result/mixT-fixed37-tenhour-20261004/mixT-fixed37-rep1/control-series.txt
1791126235,2026-10-05T00:03:55+09:00,8716.0,C_Varmail,1,1,1175648296960,287023510,137026113,1.4774037952500825,active_cumulative,/home/oy/iCAT/result/mixT-fixed37-tenhour-20261004/mixT-fixed37-rep1/control-series.txt
1791126265,2026-10-05T00:04:25+09:00,8746.0,C_Varmail,1,1,1195835166720,291951945,141814035,1.4857444433192593,active_cumulative,/home/oy/iCAT/result/mixT-fixed37-tenhour-20261004/mixT-fixed37-rep1/control-series.txt
1791126295,2026-10-05T00:04:55+09:00,8776.0,C_Varmail,1,1,1216061157376,296889931,146590468,1.493753585735449,active_cumulative,/home/oy/iCAT/result/mixT-fixed37-tenhour-20261004/mixT-fixed37-rep1/control-series.txt
1791126325,2026-10-05T00:05:25+09:00,8806.0,C_Varmail,1,1,1236239667200,301816325,151360069,1.5014972897837784,active_cumulative,/home/oy/iCAT/result/mixT-fixed37-tenhour-20261004/mixT-fixed37-rep1/control-series.txt
1791126355,2026-10-05T00:05:55+09:00,8836.0,C_Varmail,1,1,1256429977600,306745600,156126562,1.5089773480043398,active_cumulative,/home/oy/iCAT/result/mixT-fixed37-tenhour-20261004/mixT-fixed37-rep1/control-series.txt
1791126385,2026-10-05T00:06:25+09:00,8866.0,C_Varmail,1,1,1276618158080,311674355,160866598,1.5161367800055285,active_cumulative,/home/oy/iCAT/result/mixT-fixed37-tenhour-20261004/mixT-fixed37-rep1/control-series.txt
1791126415,2026-10-05T00:06:55+09:00,8896.0,C_Varmail,1,1,1296806445056,316603136,165606754,1.5230736375270775,active_cumulative,/home/oy/iCAT/result/mixT-fixed37-tenhour-20261004/mixT-fixed37-rep1/control-series.txt
1791126445,2026-10-05T00:07:25+09:00,8926.0,C_Varmail,1,1,1317033586688,321541403,170359094,1.5298200866530398,active_cumulative,/home/oy/iCAT/result/mixT-fixed37-tenhour-20261004/mixT-fixed37-rep1/control-series.txt
1791126475,2026-10-05T00:07:55+09:00,8956.0,C_Varmail,1,1,1337267064832,326481217,175085929,1.536281782483064,active_cumulative,/home/oy/iCAT/result/mixT-fixed37-tenhour-20261004/mixT-fixed37-rep1/control-series.txt
1791126505,2026-10-05T00:08:25+09:00,8986.0,C_Varmail,1,1,1357532700672,331428882,179817747,1.542553038573144,active_cumulative,/home/oy/iCAT/result/mixT-fixed37-tenhour-20261004/mixT-fixed37-rep1/control-series.txt
1791126535,2026-10-05T00:08:55+09:00,9016.0,C_Varmail,1,1,1377775824896,336371051,184539315,1.5486183024709816,active_cumulative,/home/oy/iCAT/result/mixT-fixed37-tenhour-20261004/mixT-fixed37-rep1/control-series.txt
1791126565,2026-10-05T00:09:25+09:00,9046.0,C_Varmail,1,1,1398024495104,341314574,189251444,1.5544780633949724,active_cumulative,/home/oy/iCAT/result/mixT-fixed37-tenhour-20261004/mixT-fixed37-rep1/control-series.txt
1791126595,2026-10-05T00:09:55+09:00,9076.0,C_Varmail,1,1,1418263023616,346255621,193959487,1.5601627099650752,active_cumulative,/home/oy/iCAT/result/mixT-fixed37-tenhour-20261004/mixT-fixed37-rep1/control-series.txt
1791126625,2026-10-05T00:10:25+09:00,9106.0,C_Varmail,1,1,1438516928512,351200422,198683727,1.565727472275076,active_cumulative,/home/oy/iCAT/result/mixT-fixed37-tenhour-20261004/mixT-fixed37-rep1/control-series.txt
1791126655,2026-10-05T00:10:55+09:00,9136.0,C_Varmail,1,1,1458789580800,356149800,203388662,1.5710761651417466,active_cumulative,/home/oy/iCAT/result/mixT-fixed37-tenhour-20261004/mixT-fixed37-rep1/control-series.txt
1791126685,2026-10-05T00:11:25+09:00,9166.0,C_Varmail,1,1,1479011340288,361086753,208076969,1.5762520149832249,active_cumulative,/home/oy/iCAT/result/mixT-fixed37-tenhour-20261004/mixT-fixed37-rep1/control-series.txt
1791126715,2026-10-05T00:11:55+09:00,9196.0,C_Varmail,1,1,1499264995328,366031493,212766668,1.581279676937525,active_cumulative,/home/oy/iCAT/result/mixT-fixed37-tenhour-20261004/mixT-fixed37-rep1/control-series.txt
1791126745,2026-10-05T00:12:25+09:00,9226.0,C_Varmail,1,1,1519526486016,370978146,217447671,1.5861468481218837,active_cumulative,/home/oy/iCAT/result/mixT-fixed37-tenhour-20261004/mixT-fixed37-rep1/control-series.txt
1791126775,2026-10-05T00:12:55+09:00,9256.0,C_Varmail,1,1,1539790233600,375925350,222127291,1.5908813837640903,active_cumulative,/home/oy/iCAT/result/mixT-fixed37-tenhour-20261004/mixT-fixed37-rep1/control-series.txt
1791126805,2026-10-05T00:13:25+09:00,9286.0,C_Varmail,1,1,1560032624640,380867340,226799310,1.5954811194890062,active_cumulative,/home/oy/iCAT/result/mixT-fixed37-tenhour-20261004/mixT-fixed37-rep1/control-series.txt
1791126835,2026-10-05T00:13:55+09:00,9316.0,C_Varmail,1,1,1580325834752,385821737,231480005,1.5999662092651872,active_cumulative,/home/oy/iCAT/result/mixT-fixed37-tenhour-20261004/mixT-fixed37-rep1/control-series.txt
1791126865,2026-10-05T00:14:25+09:00,9346.0,C_Varmail,1,1,1600529256448,390754213,236123741,1.6042768910593934,active_cumulative,/home/oy/iCAT/result/mixT-fixed37-tenhour-20261004/mixT-fixed37-rep1/control-series.txt
1791126895,2026-10-05T00:14:55+09:00,9376.0,C_Varmail,1,1,1620774338560,395696860,240762972,1.608453076933691,active_cumulative,/home/oy/iCAT/result/mixT-fixed37-tenhour-20261004/mixT-fixed37-rep1/control-series.txt
1791126925,2026-10-05T00:15:25+09:00,9406.0,C_Varmail,1,1,1641051922432,400647442,245390900,1.6124858772965784,active_cumulative,/home/oy/iCAT/result/mixT-fixed37-tenhour-20261004/mixT-fixed37-rep1/control-series.txt
1791126955,2026-10-05T00:15:55+09:00,9436.0,C_Varmail,1,1,1661348446208,405602648,250030895,1.6164429552738029,active_cumulative,/home/oy/iCAT/result/mixT-fixed37-tenhour-20261004/mixT-fixed37-rep1/control-series.txt
1791126985,2026-10-05T00:16:25+09:00,9466.0,C_Varmail,1,1,1681621258240,410552065,254672453,1.6203170674589105,active_cumulative,/home/oy/iCAT/result/mixT-fixed37-tenhour-20261004/mixT-fixed37-rep1/control-series.txt
1791127015,2026-10-05T00:16:55+09:00,9496.0,C_Varmail,1,1,1701851160576,415491006,259301408,1.6240842864357936,active_cumulative,/home/oy/iCAT/result/mixT-fixed37-tenhour-20261004/mixT-fixed37-rep1/control-series.txt
1791127045,2026-10-05T00:17:25+09:00,9526.0,C_Varmail,1,1,1722107060224,420436294,263935096,1.6277647761779577,active_cumulative,/home/oy/iCAT/result/mixT-fixed37-tenhour-20261004/mixT-fixed37-rep1/control-series.txt
1791127075,2026-10-05T00:17:55+09:00,9556.0,C_Varmail,1,1,1742298890240,425365940,268565570,1.6313753517735812,active_cumulative,/home/oy/iCAT/result/mixT-fixed37-tenhour-20261004/mixT-fixed37-rep1/control-series.txt
1791127105,2026-10-05T00:18:25+09:00,9586.0,C_Varmail,1,1,1762503737344,430298764,273193602,1.6348928345980562,active_cumulative,/home/oy/iCAT/result/mixT-fixed37-tenhour-20261004/mixT-fixed37-rep1/control-series.txt
1791127135,2026-10-05T00:18:55+09:00,9616.0,C_Varmail,1,1,1782761218048,435244438,277832139,1.6383358746103034,active_cumulative,/home/oy/iCAT/result/mixT-fixed37-tenhour-20261004/mixT-fixed37-rep1/control-series.txt
1791127165,2026-10-05T00:19:25+09:00,9646.0,C_Varmail,1,1,1802999201792,440185352,282448077,1.641657146737586,active_cumulative,/home/oy/iCAT/result/mixT-fixed37-tenhour-20261004/mixT-fixed37-rep1/control-series.txt
1791127195,2026-10-05T00:19:55+09:00,9676.0,C_Varmail,1,1,1823227105280,445123805,287065064,1.6449106086339282,active_cumulative,/home/oy/iCAT/result/mixT-fixed37-tenhour-20261004/mixT-fixed37-rep1/control-series.txt
1791127226,2026-10-05T00:20:26+09:00,9707.0,C_Varmail,1,1,1843481927680,450068830,291679782,1.6480781661773822,active_cumulative,/home/oy/iCAT/result/mixT-fixed37-tenhour-20261004/mixT-fixed37-rep1/control-series.txt
1791127256,2026-10-05T00:20:56+09:00,9737.0,C_Varmail,1,1,1863769751552,455021912,296292778,1.651161559885494,active_cumulative,/home/oy/iCAT/result/mixT-fixed37-tenhour-20261004/mixT-fixed37-rep1/control-series.txt
1791127286,2026-10-05T00:21:26+09:00,9767.0,C_Varmail,1,1,1883993985024,459959469,300884411,1.6541541837461335,active_cumulative,/home/oy/iCAT/result/mixT-fixed37-tenhour-20261004/mixT-fixed37-rep1/control-series.txt
1791127316,2026-10-05T00:21:56+09:00,9797.0,C_Varmail,1,1,1904286687232,464913742,305489950,1.6570895252220788,active_cumulative,/home/oy/iCAT/result/mixT-fixed37-tenhour-20261004/mixT-fixed37-rep1/control-series.txt
1791127346,2026-10-05T00:22:26+09:00,9827.0,C_Varmail,1,1,1924577574912,469867572,310073244,1.6599162455075747,active_cumulative,/home/oy/iCAT/result/mixT-fixed37-tenhour-20261004/mixT-fixed37-rep1/control-series.txt
1791127376,2026-10-05T00:22:56+09:00,9857.0,C_Varmail,1,1,1944865669120,474820720,314678923,1.662732079172956,active_cumulative,/home/oy/iCAT/result/mixT-fixed37-tenhour-20261004/mixT-fixed37-rep1/control-series.txt
1791127406,2026-10-05T00:23:26+09:00,9887.0,C_Varmail,1,1,1965135314944,479769364,319283138,1.665492967992012,active_cumulative,/home/oy/iCAT/result/mixT-fixed37-tenhour-20261004/mixT-fixed37-rep1/control-series.txt
1791127436,2026-10-05T00:23:56+09:00,9917.0,C_Varmail,1,1,1985387929600,484713850,323863278,1.6681535466750126,active_cumulative,/home/oy/iCAT/result/mixT-fixed37-tenhour-20261004/mixT-fixed37-rep1/control-series.txt
1791127466,2026-10-05T00:24:26+09:00,9947.0,C_Varmail,1,1,2005624664064,489654459,328432215,1.6707428247886127,active_cumulative,/home/oy/iCAT/result/mixT-fixed37-tenhour-20261004/mixT-fixed37-rep1/control-series.txt
1791127496,2026-10-05T00:24:56+09:00,9977.0,C_Varmail,1,1,2025893105664,494602809,333002131,1.6732718151626995,active_cumulative,/home/oy/iCAT/result/mixT-fixed37-tenhour-20261004/mixT-fixed37-rep1/control-series.txt
1791127526,2026-10-05T00:25:26+09:00,10007.0,C_Varmail,1,1,2046123880448,499541963,337570537,1.675760120276422,active_cumulative,/home/oy/iCAT/result/mixT-fixed37-tenhour-20261004/mixT-fixed37-rep1/control-series.txt
1791127556,2026-10-05T00:25:56+09:00,10037.0,C_Varmail,1,1,2066364981248,504483638,342120704,1.678160158684869,active_cumulative,/home/oy/iCAT/result/mixT-fixed37-tenhour-20261004/mixT-fixed37-rep1/control-series.txt
1791127586,2026-10-05T00:26:26+09:00,10067.0,C_Varmail,1,1,2086626635776,509430331,346693670,1.6805516847013178,active_cumulative,/home/oy/iCAT/result/mixT-fixed37-tenhour-20261004/mixT-fixed37-rep1/control-series.txt
1791127616,2026-10-05T00:26:56+09:00,10097.0,C_Varmail,1,1,2106932039680,514387705,351263135,1.6828762266003228,active_cumulative,/home/oy/iCAT/result/mixT-fixed37-tenhour-20261004/mixT-fixed37-rep1/control-series.txt
1791127646,2026-10-05T00:27:26+09:00,10127.0,C_Varmail,1,1,2127167606784,519328029,355817981,1.6851507354323831,active_cumulative,/home/oy/iCAT/result/mixT-fixed37-tenhour-20261004/mixT-fixed37-rep1/control-series.txt
1791127676,2026-10-05T00:27:56+09:00,10157.0,C_Varmail,1,1,2147426906112,524274147,360372852,1.6873748287267731,active_cumulative,/home/oy/iCAT/result/mixT-fixed37-tenhour-20261004/mixT-fixed37-rep1/control-series.txt
1791127706,2026-10-05T00:28:26+09:00,10187.0,C_Varmail,1,1,2167697399808,529222998,364928857,1.6895559308252133,active_cumulative,/home/oy/iCAT/result/mixT-fixed37-tenhour-20261004/mixT-fixed37-rep1/control-series.txt
1791127736,2026-10-05T00:28:56+09:00,10217.0,C_Varmail,1,1,2188002742272,534180357,369468798,1.6916555301190157,active_cumulative,/home/oy/iCAT/result/mixT-fixed37-tenhour-20261004/mixT-fixed37-rep1/control-series.txt
1791127766,2026-10-05T00:29:26+09:00,10247.0,C_Varmail,1,1,2208282144768,539131383,374021537,1.6937484049226643,active_cumulative,/home/oy/iCAT/result/mixT-fixed37-tenhour-20261004/mixT-fixed37-rep1/control-series.txt
1791127796,2026-10-05T00:29:56+09:00,10277.0,C_Varmail,1,1,2228559233024,544081844,378575915,1.6958069253272123,active_cumulative,/home/oy/iCAT/result/mixT-fixed37-tenhour-20261004/mixT-fixed37-rep1/control-series.txt
1791127826,2026-10-05T00:30:26+09:00,10307.0,C_Varmail,1,1,2248782430208,549019148,383115591,1.6978182680797866,active_cumulative,/home/oy/iCAT/result/mixT-fixed37-tenhour-20261004/mixT-fixed37-rep1/control-series.txt
1791127856,2026-10-05T00:30:56+09:00,10337.0,C_Varmail,1,1,2269031346176,553962731,387652653,1.6997811067546347,active_cumulative,/home/oy/iCAT/result/mixT-fixed37-tenhour-20261004/mixT-fixed37-rep1/control-series.txt
1791127886,2026-10-05T00:31:26+09:00,10367.0,C_Varmail,1,1,2289320140800,558916050,392202785,1.701720383588913,active_cumulative,/home/oy/iCAT/result/mixT-fixed37-tenhour-20261004/mixT-fixed37-rep1/control-series.txt
1791127916,2026-10-05T00:31:56+09:00,10397.0,C_Varmail,1,1,2309636481024,563876094,396765512,1.703639533971802,active_cumulative,/home/oy/iCAT/result/mixT-fixed37-tenhour-20261004/mixT-fixed37-rep1/control-series.txt
1791127946,2026-10-05T00:32:26+09:00,10427.0,C_Varmail,1,1,2329902452736,568823841,401300615,1.7054919046545378,active_cumulative,/home/oy/iCAT/result/mixT-fixed37-tenhour-20261004/mixT-fixed37-rep1/control-series.txt
1791127976,2026-10-05T00:32:56+09:00,10457.0,C_Varmail,1,1,2350186020864,573775884,405835972,1.7073074754741695,active_cumulative,/home/oy/iCAT/result/mixT-fixed37-tenhour-20261004/mixT-fixed37-rep1/control-series.txt
1791128006,2026-10-05T00:33:26+09:00,10487.0,C_Varmail,1,1,2370461155328,578725868,410385561,1.7091190902149203,active_cumulative,/home/oy/iCAT/result/mixT-fixed37-tenhour-20261004/mixT-fixed37-rep1/control-series.txt
1791128036,2026-10-05T00:33:56+09:00,10517.0,C_Varmail,1,1,2390766415872,583683207,414916180,1.7108585188403407,active_cumulative,/home/oy/iCAT/result/mixT-fixed37-tenhour-20261004/mixT-fixed37-rep1/control-series.txt
1791128066,2026-10-05T00:34:26+09:00,10547.0,C_Varmail,1,1,2411035992064,588631834,419445967,1.71257778253291,active_cumulative,/home/oy/iCAT/result/mixT-fixed37-tenhour-20261004/mixT-fixed37-rep1/control-series.txt
1791128096,2026-10-05T00:34:56+09:00,10577.0,C_Varmail,1,1,2431339532288,593588753,423981119,1.7142674399695035,active_cumulative,/home/oy/iCAT/result/mixT-fixed37-tenhour-20261004/mixT-fixed37-rep1/control-series.txt
1791128126,2026-10-05T00:35:26+09:00,10607.0,C_Varmail,1,1,2451675070464,598553484,428525732,1.715935573770714,active_cumulative,/home/oy/iCAT/result/mixT-fixed37-tenhour-20261004/mixT-fixed37-rep1/control-series.txt
1791128156,2026-10-05T00:35:56+09:00,10637.0,C_Varmail,1,1,2471977181184,603510054,433062701,1.717573299947046,active_cumulative,/home/oy/iCAT/result/mixT-fixed37-tenhour-20261004/mixT-fixed37-rep1/control-series.txt
1791128186,2026-10-05T00:36:26+09:00,10667.0,C_Varmail,1,1,2492271202304,608464649,437579435,1.7191534228309786,active_cumulative,/home/oy/iCAT/result/mixT-fixed37-tenhour-20261004/mixT-fixed37-rep1/control-series.txt
1791128216,2026-10-05T00:36:56+09:00,10697.0,C_Varmail,1,1,2512586547200,613424450,442105141,1.7207165299655076,active_cumulative,/home/oy/iCAT/result/mixT-fixed37-tenhour-20261004/mixT-fixed37-rep1/control-series.txt
1791128246,2026-10-05T00:37:26+09:00,10727.0,C_Varmail,1,1,2532897329152,618383137,446629222,1.7222532363459322,active_cumulative,/home/oy/iCAT/result/mixT-fixed37-tenhour-20261004/mixT-fixed37-rep1/control-series.txt
1791128276,2026-10-05T00:37:56+09:00,10757.0,C_Varmail,1,1,2553178681344,623334639,451137516,1.7237485096668919,active_cumulative,/home/oy/iCAT/result/mixT-fixed37-tenhour-20261004/mixT-fixed37-rep1/control-series.txt
1791128306,2026-10-05T00:38:26+09:00,10787.0,C_Varmail,1,1,2573497667584,628295329,455655398,1.7252248695294692,active_cumulative,/home/oy/iCAT/result/mixT-fixed37-tenhour-20261004/mixT-fixed37-rep1/control-series.txt
1791128336,2026-10-05T00:38:56+09:00,10817.0,C_Varmail,1,1,2593810649088,633254553,460170619,1.7266755790700175,active_cumulative,/home/oy/iCAT/result/mixT-fixed37-tenhour-20261004/mixT-fixed37-rep1/control-series.txt
1791128366,2026-10-05T00:39:26+09:00,10847.0,C_Varmail,1,1,2614108639232,638210117,464679062,1.7280972984011784,active_cumulative,/home/oy/iCAT/result/mixT-fixed37-tenhour-20261004/mixT-fixed37-rep1/control-series.txt
1791128396,2026-10-05T00:39:56+09:00,10877.0,C_Varmail,1,1,2634426748928,643170593,469183501,1.7294853124604843,active_cumulative,/home/oy/iCAT/result/mixT-fixed37-tenhour-20261004/mixT-fixed37-rep1/control-series.txt
1791128426,2026-10-05T00:40:26+09:00,10907.0,C_Varmail,1,1,2654731632640,648127840,473693026,1.7308635685206795,active_cumulative,/home/oy/iCAT/result/mixT-fixed37-tenhour-20261004/mixT-fixed37-rep1/control-series.txt
1791128456,2026-10-05T00:40:56+09:00,10937.0,C_Varmail,1,1,2675012734976,653079281,478184790,1.7322002150608724,active_cumulative,/home/oy/iCAT/result/mixT-fixed37-tenhour-20261004/mixT-fixed37-rep1/control-series.txt
1791128486,2026-10-05T00:41:26+09:00,10967.0,C_Varmail,1,1,2695318147072,658036657,482673407,1.7335053478639262,active_cumulative,/home/oy/iCAT/result/mixT-fixed37-tenhour-20261004/mixT-fixed37-rep1/control-series.txt
1791128516,2026-10-05T00:41:56+09:00,10997.0,C_Varmail,1,1,2715667210240,663004690,487178978,1.7348047236287272,active_cumulative,/home/oy/iCAT/result/mixT-fixed37-tenhour-20261004/mixT-fixed37-rep1/control-series.txt
1791128546,2026-10-05T00:42:26+09:00,11027.0,C_Varmail,1,1,2736027365376,667975431,491710012,1.7361199067814217,active_cumulative,/home/oy/iCAT/result/mixT-fixed37-tenhour-20261004/mixT-fixed37-rep1/control-series.txt
1791128576,2026-10-05T00:42:56+09:00,11057.0,C_Varmail,1,1,2756357955584,672938954,496210277,1.737377846906452,active_cumulative,/home/oy/iCAT/result/mixT-fixed37-tenhour-20261004/mixT-fixed37-rep1/control-series.txt
1791128606,2026-10-05T00:43:26+09:00,11087.0,C_Varmail,1,1,2776687857664,677902309,500718190,1.7386288309574116,active_cumulative,/home/oy/iCAT/result/mixT-fixed37-tenhour-20261004/mixT-fixed37-rep1/control-series.txt
1791128636,2026-10-05T00:43:56+09:00,11117.0,C_Varmail,1,1,2797019885568,682866183,505200127,1.739823027669244,active_cumulative,/home/oy/iCAT/result/mixT-fixed37-tenhour-20261004/mixT-fixed37-rep1/control-series.txt
1791128666,2026-10-05T00:44:26+09:00,11147.0,C_Varmail,1,1,2817312960512,687820547,509672787,1.7409967457689222,active_cumulative,/home/oy/iCAT/result/mixT-fixed37-tenhour-20261004/mixT-fixed37-rep1/control-series.txt
1791128696,2026-10-05T00:44:56+09:00,11177.0,C_Varmail,1,1,2837612892160,692776585,514146790,1.7421538214949917,active_cumulative,/home/oy/iCAT/result/mixT-fixed37-tenhour-20261004/mixT-fixed37-rep1/control-series.txt
1791128726,2026-10-05T00:45:26+09:00,11207.0,C_Varmail,1,1,2857933205504,697737599,518625998,1.743296618590279,active_cumulative,/home/oy/iCAT/result/mixT-fixed37-tenhour-20261004/mixT-fixed37-rep1/control-series.txt
1791128756,2026-10-05T00:45:56+09:00,11237.0,C_Varmail,1,1,2878219022336,702690191,523088609,1.744408582473012,active_cumulative,/home/oy/iCAT/result/mixT-fixed37-tenhour-20261004/mixT-fixed37-rep1/control-series.txt
1791128786,2026-10-05T00:46:26+09:00,11267.0,C_Varmail,1,1,2898477989888,707636228,527547094,1.7455060568210479,active_cumulative,/home/oy/iCAT/result/mixT-fixed37-tenhour-20261004/mixT-fixed37-rep1/control-series.txt
1791128816,2026-10-05T00:46:56+09:00,11297.0,C_Varmail,1,1,2918779969536,712592766,532008854,1.746581889943014,active_cumulative,/home/oy/iCAT/result/mixT-fixed37-tenhour-20261004/mixT-fixed37-rep1/control-series.txt
1791128846,2026-10-05T00:47:26+09:00,11327.0,C_Varmail,1,1,2939103375360,717554535,536508616,1.7476903703214697,active_cumulative,/home/oy/iCAT/result/mixT-fixed37-tenhour-20261004/mixT-fixed37-rep1/control-series.txt
1791128876,2026-10-05T00:47:56+09:00,11357.0,C_Varmail,1,1,2959436943360,722518785,540987847,1.7487526390057804,active_cumulative,/home/oy/iCAT/result/mixT-fixed37-tenhour-20261004/mixT-fixed37-rep1/control-series.txt
1791128906,2026-10-05T00:48:26+09:00,11387.0,C_Varmail,1,1,2979786645504,727486974,545469031,1.7497990348896613,active_cumulative,/home/oy/iCAT/result/mixT-fixed37-tenhour-20261004/mixT-fixed37-rep1/control-series.txt
1791128936,2026-10-05T00:48:56+09:00,11417.0,C_Varmail,1,1,3000061321216,732436846,549922522,1.7508122031315723,active_cumulative,/home/oy/iCAT/result/mixT-fixed37-tenhour-20261004/mixT-fixed37-rep1/control-series.txt
1791128966,2026-10-05T00:49:26+09:00,11447.0,C_Varmail,1,1,3020384546816,737398571,554404422,1.7518382104377581,active_cumulative,/home/oy/iCAT/result/mixT-fixed37-tenhour-20261004/mixT-fixed37-rep1/control-series.txt
1791128996,2026-10-05T00:49:56+09:00,11477.0,C_Varmail,1,1,3040721084416,742363546,558885182,1.7528456711154294,active_cumulative,/home/oy/iCAT/result/mixT-fixed37-tenhour-20261004/mixT-fixed37-rep1/control-series.txt
1791129026,2026-10-05T00:50:26+09:00,11507.0,C_Varmail,1,1,3061096443904,747337999,563363777,1.7538272879926182,active_cumulative,/home/oy/iCAT/result/mixT-fixed37-tenhour-20261004/mixT-fixed37-rep1/control-series.txt
1791129056,2026-10-05T00:50:56+09:00,11537.0,C_Varmail,1,1,3081404055552,752295912,567834134,1.7548015680297888,active_cumulative,/home/oy/iCAT/result/mixT-fixed37-tenhour-20261004/mixT-fixed37-rep1/control-series.txt
1791129086,2026-10-05T00:51:26+09:00,11567.0,C_Varmail,1,1,3101746372608,757262298,572306658,1.755757495799692,active_cumulative,/home/oy/iCAT/result/mixT-fixed37-tenhour-20261004/mixT-fixed37-rep1/control-series.txt
1791129116,2026-10-05T00:51:56+09:00,11597.0,C_Varmail,1,1,3122112610304,762234524,576772856,1.7566868697750038,active_cumulative,/home/oy/iCAT/result/mixT-fixed37-tenhour-20261004/mixT-fixed37-rep1/control-series.txt
1791129146,2026-10-05T00:52:26+09:00,11627.0,C_Varmail,1,1,3142476926976,767206281,581240553,1.7576066142764022,active_cumulative,/home/oy/iCAT/result/mixT-fixed37-tenhour-20261004/mixT-fixed37-rep1/control-series.txt
1791129176,2026-10-05T00:52:56+09:00,11657.0,C_Varmail,1,1,3162845544448,772179088,585675988,1.7584717031342345,active_cumulative,/home/oy/iCAT/result/mixT-fixed37-tenhour-20261004/mixT-fixed37-rep1/control-series.txt
1791129206,2026-10-05T00:53:26+09:00,11687.0,C_Varmail,1,1,3183180910592,777143777,590113134,1.7593358545287558,active_cumulative,/home/oy/iCAT/result/mixT-fixed37-tenhour-20261004/mixT-fixed37-rep1/control-series.txt
1791129236,2026-10-05T00:53:56+09:00,11717.0,C_Varmail,1,1,3203534544896,782112926,594574585,1.7602157760527795,active_cumulative,/home/oy/iCAT/result/mixT-fixed37-tenhour-20261004/mixT-fixed37-rep1/control-series.txt
1791129266,2026-10-05T00:54:26+09:00,11747.0,C_Varmail,1,1,3223900078080,787084980,599022224,1.761064229684576,active_cumulative,/home/oy/iCAT/result/mixT-fixed37-tenhour-20261004/mixT-fixed37-rep1/control-series.txt
1791129296,2026-10-05T00:54:56+09:00,11777.0,C_Varmail,1,1,3244222328832,792046467,603466334,1.7619077404457384,active_cumulative,/home/oy/iCAT/result/mixT-fixed37-tenhour-20261004/mixT-fixed37-rep1/control-series.txt
1791129326,2026-10-05T00:55:26+09:00,11807.0,C_Varmail,1,1,3264564215808,797012748,607915638,1.7627426782388178,active_cumulative,/home/oy/iCAT/result/mixT-fixed37-tenhour-20261004/mixT-fixed37-rep1/control-series.txt
1791129356,2026-10-05T00:55:56+09:00,11837.0,C_Varmail,1,1,3284858642432,801967442,612351323,1.76356132547336,active_cumulative,/home/oy/iCAT/result/mixT-fixed37-tenhour-20261004/mixT-fixed37-rep1/control-series.txt
1791129386,2026-10-05T00:56:26+09:00,11867.0,C_Varmail,1,1,3305166348288,806925378,616779152,1.7643571125854467,active_cumulative,/home/oy/iCAT/result/mixT-fixed37-tenhour-20261004/mixT-fixed37-rep1/control-series.txt
1791129416,2026-10-05T00:56:56+09:00,11897.0,C_Varmail,1,1,3325438058496,811874526,621203215,1.7651468239317563,active_cumulative,/home/oy/iCAT/result/mixT-fixed37-tenhour-20261004/mixT-fixed37-rep1/control-series.txt
1791129446,2026-10-05T00:57:26+09:00,11927.0,C_Varmail,1,1,3345741250560,816831360,625626933,1.7659193361528138,active_cumulative,/home/oy/iCAT/result/mixT-fixed37-tenhour-20261004/mixT-fixed37-rep1/control-series.txt
1791129476,2026-10-05T00:57:56+09:00,11957.0,C_Varmail,1,1,3366068678656,821794111,630059790,1.7666881297473789,active_cumulative,/home/oy/iCAT/result/mixT-fixed37-tenhour-20261004/mixT-fixed37-rep1/control-series.txt
1791129506,2026-10-05T00:58:26+09:00,11987.0,C_Varmail,1,1,3386335035392,826741952,634457385,1.7674188825971178,active_cumulative,/home/oy/iCAT/result/mixT-fixed37-tenhour-20261004/mixT-fixed37-rep1/control-series.txt
1791129536,2026-10-05T00:58:56+09:00,12017.0,C_Varmail,1,1,3406649131008,831701448,638863855,1.7681408473392486,active_cumulative,/home/oy/iCAT/result/mixT-fixed37-tenhour-20261004/mixT-fixed37-rep1/control-series.txt
1791129566,2026-10-05T00:59:26+09:00,12047.0,D_YCSB-A,1,1,3420650229760,835119685,641905973,1.7686394950683026,active_cumulative,/home/oy/iCAT/result/mixT-fixed37-tenhour-20261004/mixT-fixed37-rep1/control-series.txt
1791129596,2026-10-05T00:59:56+09:00,12077.0,D_YCSB-A,1,1,3421073031168,835222908,642005272,1.7686633901569184,active_cumulative,/home/oy/iCAT/result/mixT-fixed37-tenhour-20261004/mixT-fixed37-rep1/control-series.txt
1791129626,2026-10-05T01:00:26+09:00,12107.0,D_YCSB-A,1,1,3421508886528,835329318,642008035,1.7685687801993322,active_cumulative,/home/oy/iCAT/result/mixT-fixed37-tenhour-20261004/mixT-fixed37-rep1/control-series.txt
1791129656,2026-10-05T01:00:56+09:00,12137.0,D_YCSB-A,1,1,3421947473920,835436395,642008671,1.7684710348296473,active_cumulative,/home/oy/iCAT/result/mixT-fixed37-tenhour-20261004/mixT-fixed37-rep1/control-series.txt
1791129686,2026-10-05T01:01:26+09:00,12167.0,D_YCSB-A,1,1,3422387679232,835543867,642009045,1.768372637698985,active_cumulative,/home/oy/iCAT/result/mixT-fixed37-tenhour-20261004/mixT-fixed37-rep1/control-series.txt
1791129716,2026-10-05T01:01:56+09:00,12197.0,D_YCSB-A,1,1,3422827483136,835651241,642009208,1.7682741034785348,active_cumulative,/home/oy/iCAT/result/mixT-fixed37-tenhour-20261004/mixT-fixed37-rep1/control-series.txt
1791129746,2026-10-05T01:02:26+09:00,12227.0,D_YCSB-A,1,1,3423268134912,835758822,642009248,1.7681752571437408,active_cumulative,/home/oy/iCAT/result/mixT-fixed37-tenhour-20261004/mixT-fixed37-rep1/control-series.txt
1791129776,2026-10-05T01:02:56+09:00,12257.0,D_YCSB-A,1,1,3423268208640,835758840,642009253,1.7681752465818967,active_cumulative,/home/oy/iCAT/result/mixT-fixed37-tenhour-20261004/mixT-fixed37-rep1/control-series.txt
1791129806,2026-10-05T01:03:26+09:00,12287.0,D_YCSB-A,1,1,3423708000256,835866211,642009395,1.7680767406926563,active_cumulative,/home/oy/iCAT/result/mixT-fixed37-tenhour-20261004/mixT-fixed37-rep1/control-series.txt
1791129836,2026-10-05T01:03:56+09:00,12317.0,D_YCSB-A,1,1,3424143687680,835972580,642009428,1.7679790502219581,active_cumulative,/home/oy/iCAT/result/mixT-fixed37-tenhour-20261004/mixT-fixed37-rep1/control-series.txt
1791129866,2026-10-05T01:04:26+09:00,12347.0,D_YCSB-A,1,1,3424582381568,836079683,642009430,1.7678806734022743,active_cumulative,/home/oy/iCAT/result/mixT-fixed37-tenhour-20261004/mixT-fixed37-rep1/control-series.txt
1791129896,2026-10-05T01:04:56+09:00,12377.0,D_YCSB-A,1,1,3424995569664,836180559,642009465,1.7677880788902676,active_cumulative,/home/oy/iCAT/result/mixT-fixed37-tenhour-20261004/mixT-fixed37-rep1/control-series.txt
1791129926,2026-10-05T01:05:26+09:00,12407.0,D_YCSB-A,1,1,3425439932416,836289046,642009909,1.7676890090462813,active_cumulative,/home/oy/iCAT/result/mixT-fixed37-tenhour-20261004/mixT-fixed37-rep1/control-series.txt
1791129956,2026-10-05T01:05:56+09:00,12437.0,D_YCSB-A,1,1,3425882386432,836397067,642010081,1.7675900673621086,active_cumulative,/home/oy/iCAT/result/mixT-fixed37-tenhour-20261004/mixT-fixed37-rep1/control-series.txt
1791129986,2026-10-05T01:06:26+09:00,12467.0,D_YCSB-A,1,1,3426310275072,836501532,642010082,1.7674942094427628,active_cumulative,/home/oy/iCAT/result/mixT-fixed37-tenhour-20261004/mixT-fixed37-rep1/control-series.txt
1791130016,2026-10-05T01:06:56+09:00,12497.0,D_YCSB-A,1,1,3426748354560,836608485,642010082,1.7673960920919898,active_cumulative,/home/oy/iCAT/result/mixT-fixed37-tenhour-20261004/mixT-fixed37-rep1/control-series.txt
1791130046,2026-10-05T01:07:26+09:00,12527.0,D_YCSB-A,1,1,3427179126784,836713654,642010083,1.7672996370153653,active_cumulative,/home/oy/iCAT/result/mixT-fixed37-tenhour-20261004/mixT-fixed37-rep1/control-series.txt
1791130076,2026-10-05T01:07:56+09:00,12557.0,D_YCSB-A,1,1,3427623919616,836822246,642010169,1.767200169532778,active_cumulative,/home/oy/iCAT/result/mixT-fixed37-tenhour-20261004/mixT-fixed37-rep1/control-series.txt
1791130106,2026-10-05T01:08:26+09:00,12587.0,D_YCSB-A,1,1,3428056084480,836927755,642010356,1.7671036743189381,active_cumulative,/home/oy/iCAT/result/mixT-fixed37-tenhour-20261004/mixT-fixed37-rep1/control-series.txt
1791130136,2026-10-05T01:08:56+09:00,12617.0,D_YCSB-A,1,1,3428468432896,837028426,642010356,1.767011413301751,active_cumulative,/home/oy/iCAT/result/mixT-fixed37-tenhour-20261004/mixT-fixed37-rep1/control-series.txt
1791130166,2026-10-05T01:09:26+09:00,12647.0,D_YCSB-A,1,1,3428904742912,837134947,642010356,1.7669138151509998,active_cumulative,/home/oy/iCAT/result/mixT-fixed37-tenhour-20261004/mixT-fixed37-rep1/control-series.txt
1791130196,2026-10-05T01:09:56+09:00,12677.0,D_YCSB-A,1,1,3429346467840,837242790,642010364,1.7668150405929444,active_cumulative,/home/oy/iCAT/result/mixT-fixed37-tenhour-20261004/mixT-fixed37-rep1/control-series.txt
1791130226,2026-10-05T01:10:26+09:00,12707.0,D_YCSB-A,1,1,3429782663168,837349283,642010380,1.7667175371546833,active_cumulative,/home/oy/iCAT/result/mixT-fixed37-tenhour-20261004/mixT-fixed37-rep1/control-series.txt
1791130256,2026-10-05T01:10:56+09:00,12737.0,D_YCSB-A,1,1,3430219243520,837455870,642010380,1.7666199533594529,active_cumulative,/home/oy/iCAT/result/mixT-fixed37-tenhour-20261004/mixT-fixed37-rep1/control-series.txt
1791130286,2026-10-05T01:11:26+09:00,12767.0,D_YCSB-A,1,1,3430658895872,837563207,642010393,1.7665217235360244,active_cumulative,/home/oy/iCAT/result/mixT-fixed37-tenhour-20261004/mixT-fixed37-rep1/control-series.txt
1791130316,2026-10-05T01:11:56+09:00,12797.0,D_YCSB-A,1,1,3431097507840,837670290,642010418,1.766423765608304,active_cumulative,/home/oy/iCAT/result/mixT-fixed37-tenhour-20261004/mixT-fixed37-rep1/control-series.txt
1791130346,2026-10-05T01:12:26+09:00,12827.0,D_YCSB-A,1,1,3431537569792,837777727,642010440,1.7663255053329916,active_cumulative,/home/oy/iCAT/result/mixT-fixed37-tenhour-20261004/mixT-fixed37-rep1/control-series.txt
1791130376,2026-10-05T01:12:56+09:00,12857.0,D_YCSB-A,1,1,3431950405632,837878517,642010474,1.7662333631594949,active_cumulative,/home/oy/iCAT/result/mixT-fixed37-tenhour-20261004/mixT-fixed37-rep1/control-series.txt
1791130406,2026-10-05T01:13:26+09:00,12887.0,D_YCSB-A,1,1,3432390447104,837985949,642010483,1.766135140769526,active_cumulative,/home/oy/iCAT/result/mixT-fixed37-tenhour-20261004/mixT-fixed37-rep1/control-series.txt
1791130436,2026-10-05T01:13:56+09:00,12917.0,D_YCSB-A,1,1,3432832765952,838093937,642010563,1.7660365200804453,active_cumulative,/home/oy/iCAT/result/mixT-fixed37-tenhour-20261004/mixT-fixed37-rep1/control-series.txt
1791130466,2026-10-05T01:14:26+09:00,12947.0,D_YCSB-A,1,1,3433278898176,838202856,642010666,1.7659371015075616,active_cumulative,/home/oy/iCAT/result/mixT-fixed37-tenhour-20261004/mixT-fixed37-rep1/control-series.txt
1791130496,2026-10-05T01:14:56+09:00,12977.0,D_YCSB-A,1,1,3433718865920,838310270,642010813,1.7658391361470498,active_cumulative,/home/oy/iCAT/result/mixT-fixed37-tenhour-20261004/mixT-fixed37-rep1/control-series.txt
1791130526,2026-10-05T01:15:26+09:00,13007.0,D_YCSB-A,1,1,3434152136704,838416049,642010813,1.7657425138339642,active_cumulative,/home/oy/iCAT/result/mixT-fixed37-tenhour-20261004/mixT-fixed37-rep1/control-series.txt
1791130556,2026-10-05T01:15:56+09:00,13037.0,D_YCSB-A,1,1,3434152210432,838416067,642010813,1.7657424973941964,active_cumulative,/home/oy/iCAT/result/mixT-fixed37-tenhour-20261004/mixT-fixed37-rep1/control-series.txt
1791130587,2026-10-05T01:16:27+09:00,13068.0,D_YCSB-A,1,1,3434595897344,838524389,642010814,1.7656435786747284,active_cumulative,/home/oy/iCAT/result/mixT-fixed37-tenhour-20261004/mixT-fixed37-rep1/control-series.txt
1791130617,2026-10-05T01:16:57+09:00,13098.0,D_YCSB-A,1,1,3435036712960,838632010,642010833,1.765545346879855,active_cumulative,/home/oy/iCAT/result/mixT-fixed37-tenhour-20261004/mixT-fixed37-rep1/control-series.txt
1791130647,2026-10-05T01:17:27+09:00,13128.0,D_YCSB-A,1,1,3435460964352,838735587,642010833,1.7654508082771978,active_cumulative,/home/oy/iCAT/result/mixT-fixed37-tenhour-20261004/mixT-fixed37-rep1/control-series.txt
1791130677,2026-10-05T01:17:57+09:00,13158.0,D_YCSB-A,1,1,3435895967744,838841789,642010833,1.7653538979803973,active_cumulative,/home/oy/iCAT/result/mixT-fixed37-tenhour-20261004/mixT-fixed37-rep1/control-series.txt
1791130707,2026-10-05T01:18:27+09:00,13188.0,D_YCSB-A,1,1,3436339838976,838950156,642010889,1.7652551041423252,active_cumulative,/home/oy/iCAT/result/mixT-fixed37-tenhour-20261004/mixT-fixed37-rep1/control-series.txt
1791130737,2026-10-05T01:18:57+09:00,13218.0,D_YCSB-A,1,1,3436774850560,839056360,642010916,1.7651582737541016,active_cumulative,/home/oy/iCAT/result/mixT-fixed37-tenhour-20261004/mixT-fixed37-rep1/control-series.txt
1791130767,2026-10-05T01:19:27+09:00,13248.0,D_YCSB-A,1,1,3437214072832,839163592,642010916,1.7650604984778702,active_cumulative,/home/oy/iCAT/result/mixT-fixed37-tenhour-20261004/mixT-fixed37-rep1/control-series.txt
1791130797,2026-10-05T01:19:57+09:00,13278.0,D_YCSB-A,1,1,3437627703296,839264576,642010919,1.7649684466129547,active_cumulative,/home/oy/iCAT/result/mixT-fixed37-tenhour-20261004/mixT-fixed37-rep1/control-series.txt
1791130827,2026-10-05T01:20:27+09:00,13308.0,D_YCSB-A,1,1,3438064619520,839371245,642010919,1.7648712328714573,active_cumulative,/home/oy/iCAT/result/mixT-fixed37-tenhour-20261004/mixT-fixed37-rep1/control-series.txt
1791130857,2026-10-05T01:20:57+09:00,13338.0,D_YCSB-A,1,1,3438501384192,839477877,642010919,1.7647740775424867,active_cumulative,/home/oy/iCAT/result/mixT-fixed37-tenhour-20261004/mixT-fixed37-rep1/control-series.txt
1791130887,2026-10-05T01:21:27+09:00,13368.0,D_YCSB-A,1,1,3438937309184,839584304,642010922,1.7646771371752563,active_cumulative,/home/oy/iCAT/result/mixT-fixed37-tenhour-20261004/mixT-fixed37-rep1/control-series.txt
1791130917,2026-10-05T01:21:57+09:00,13398.0,D_YCSB-A,1,1,3439381446656,839692736,642011050,1.7645785445975324,active_cumulative,/home/oy/iCAT/result/mixT-fixed37-tenhour-20261004/mixT-fixed37-rep1/control-series.txt
1791130947,2026-10-05T01:22:27+09:00,13428.0,D_YCSB-A,1,1,3439823167488,839800578,642011083,1.7644804014412099,active_cumulative,/home/oy/iCAT/result/mixT-fixed37-tenhour-20261004/mixT-fixed37-rep1/control-series.txt
1791130977,2026-10-05T01:22:57+09:00,13458.0,D_YCSB-A,1,1,3440259100672,839907007,642011085,1.7643835325212378,active_cumulative,/home/oy/iCAT/result/mixT-fixed37-tenhour-20261004/mixT-fixed37-rep1/control-series.txt
1791131007,2026-10-05T01:23:27+09:00,13488.0,D_YCSB-A,1,1,3440694595584,840013329,642011085,1.7642867831207951,active_cumulative,/home/oy/iCAT/result/mixT-fixed37-tenhour-20261004/mixT-fixed37-rep1/control-series.txt
1791131037,2026-10-05T01:23:57+09:00,13518.0,D_YCSB-A,1,1,3441106948096,840114001,642011085,1.764195197599141,active_cumulative,/home/oy/iCAT/result/mixT-fixed37-tenhour-20261004/mixT-fixed37-rep1/control-series.txt
1791131067,2026-10-05T01:24:27+09:00,13548.0,D_YCSB-A,1,1,3441547636736,840221591,642011094,1.7640973534563693,active_cumulative,/home/oy/iCAT/result/mixT-fixed37-tenhour-20261004/mixT-fixed37-rep1/control-series.txt
1791131097,2026-10-05T01:24:57+09:00,13578.0,D_YCSB-A,1,1,3441992617984,840330229,642011211,1.7639987100832952,active_cumulative,/home/oy/iCAT/result/mixT-fixed37-tenhour-20261004/mixT-fixed37-rep1/control-series.txt
1791131127,2026-10-05T01:25:27+09:00,13608.0,D_YCSB-A,1,1,3442436870144,840438689,642011245,1.763900155243805,active_cumulative,/home/oy/iCAT/result/mixT-fixed37-tenhour-20261004/mixT-fixed37-rep1/control-series.txt
1791131157,2026-10-05T01:25:57+09:00,13638.0,D_YCSB-A,1,1,3442872430592,840545027,642011261,1.7638035326809447,active_cumulative,/home/oy/iCAT/result/mixT-fixed37-tenhour-20261004/mixT-fixed37-rep1/control-series.txt
1791131187,2026-10-05T01:26:27+09:00,13668.0,D_YCSB-A,1,1,3443306696704,840651049,642011261,1.7637072026064884,active_cumulative,/home/oy/iCAT/result/mixT-fixed37-tenhour-20261004/mixT-fixed37-rep1/control-series.txt
1791131217,2026-10-05T01:26:57+09:00,13698.0,D_YCSB-A,1,1,3443746537472,840758432,642011261,1.7636096607116751,active_cumulative,/home/oy/iCAT/result/mixT-fixed37-tenhour-20261004/mixT-fixed37-rep1/control-series.txt
1791131247,2026-10-05T01:27:27+09:00,13728.0,D_YCSB-A,1,1,3444183560192,840865127,642011267,1.763512775575006,active_cumulative,/home/oy/iCAT/result/mixT-fixed37-tenhour-20261004/mixT-fixed37-rep1/control-series.txt
1791131277,2026-10-05T01:27:57+09:00,13758.0,D_YCSB-A,1,1,3444596678656,840965986,642011267,1.7634212057180634,active_cumulative,/home/oy/iCAT/result/mixT-fixed37-tenhour-20261004/mixT-fixed37-rep1/control-series.txt
1791131307,2026-10-05T01:28:27+09:00,13788.0,D_YCSB-A,1,1,3444596752384,840966004,642011267,1.7634211893778289,active_cumulative,/home/oy/iCAT/result/mixT-fixed37-tenhour-20261004/mixT-fixed37-rep1/control-series.txt
1791131337,2026-10-05T01:28:57+09:00,13818.0,D_YCSB-A,1,1,3445041471488,841074578,642011366,1.7633227573310388,active_cumulative,/home/oy/iCAT/result/mixT-fixed37-tenhour-20261004/mixT-fixed37-rep1/control-series.txt
1791131367,2026-10-05T01:29:27+09:00,13848.0,D_YCSB-A,1,1,3445478141952,841181187,642011393,1.7632260479929158,active_cumulative,/home/oy/iCAT/result/mixT-fixed37-tenhour-20261004/mixT-fixed37-rep1/control-series.txt
1791131397,2026-10-05T01:29:57+09:00,13878.0,D_YCSB-A,1,1,3445912666112,841287272,642011393,1.7631298063903196,active_cumulative,/home/oy/iCAT/result/mixT-fixed37-tenhour-20261004/mixT-fixed37-rep1/control-series.txt
1791131427,2026-10-05T01:30:27+09:00,13908.0,D_YCSB-A,1,1,3446348705792,841393727,642011393,1.763033253515093,active_cumulative,/home/oy/iCAT/result/mixT-fixed37-tenhour-20261004/mixT-fixed37-rep1/control-series.txt
1791131457,2026-10-05T01:30:57+09:00,13938.0,D_YCSB-A,1,1,3446779879424,841498994,642011393,1.7629378021573725,active_cumulative,/home/oy/iCAT/result/mixT-fixed37-tenhour-20261004/mixT-fixed37-rep1/control-series.txt
1791131487,2026-10-05T01:31:27+09:00,13968.0,D_YCSB-A,1,1,3447217340416,841605796,642011393,1.7628409833337222,active_cumulative,/home/oy/iCAT/result/mixT-fixed37-tenhour-20261004/mixT-fixed37-rep1/control-series.txt
1791131517,2026-10-05T01:31:57+09:00,13998.0,D_YCSB-A,1,1,3447655477248,841712763,642011399,1.7627440466885256,active_cumulative,/home/oy/iCAT/result/mixT-fixed37-tenhour-20261004/mixT-fixed37-rep1/control-series.txt
1791131547,2026-10-05T01:32:27+09:00,14028.0,D_YCSB-A,1,1,3448080658432,841816567,642011427,1.7626500263447535,active_cumulative,/home/oy/iCAT/result/mixT-fixed37-tenhour-20261004/mixT-fixed37-rep1/control-series.txt
1791131577,2026-10-05T01:32:57+09:00,14058.0,D_YCSB-A,1,1,3448516890624,841923069,642011427,1.7625535522652367,active_cumulative,/home/oy/iCAT/result/mixT-fixed37-tenhour-20261004/mixT-fixed37-rep1/control-series.txt
1791131607,2026-10-05T01:33:27+09:00,14088.0,D_YCSB-A,1,1,3448957972480,842030755,642011480,1.7624560934238085,active_cumulative,/home/oy/iCAT/result/mixT-fixed37-tenhour-20261004/mixT-fixed37-rep1/control-series.txt
1791131637,2026-10-05T01:33:57+09:00,14118.0,D_YCSB-A,1,1,3449397137408,842137973,642011536,1.7623590867336416,active_cumulative,/home/oy/iCAT/result/mixT-fixed37-tenhour-20261004/mixT-fixed37-rep1/control-series.txt
1791131667,2026-10-05T01:34:27+09:00,14148.0,D_YCSB-A,1,1,3449838424064,842245709,642011542,1.762261576568032,active_cumulative,/home/oy/iCAT/result/mixT-fixed37-tenhour-20261004/mixT-fixed37-rep1/control-series.txt
1791131697,2026-10-05T01:34:57+09:00,14178.0,D_YCSB-A,1,1,3450252746752,842346862,642011560,1.7621700619572083,active_cumulative,/home/oy/iCAT/result/mixT-fixed37-tenhour-20261004/mixT-fixed37-rep1/control-series.txt
1791131727,2026-10-05T01:35:27+09:00,14208.0,D_YCSB-A,1,1,3450686713856,842452811,642011560,1.762074209519137,active_cumulative,/home/oy/iCAT/result/mixT-fixed37-tenhour-20261004/mixT-fixed37-rep1/control-series.txt
1791131757,2026-10-05T01:35:57+09:00,14238.0,D_YCSB-A,1,1,3451125055488,842559828,642011564,1.7619774200770464,active_cumulative,/home/oy/iCAT/result/mixT-fixed37-tenhour-20261004/mixT-fixed37-rep1/control-series.txt
1791131787,2026-10-05T01:36:27+09:00,14268.0,D_YCSB-A,1,1,3451551203328,842663868,642011590,1.761883372932278,active_cumulative,/home/oy/iCAT/result/mixT-fixed37-tenhour-20261004/mixT-fixed37-rep1/control-series.txt
1791131817,2026-10-05T01:36:57+09:00,14298.0,D_YCSB-A,1,1,3451985465344,842769889,642011590,1.7617875275085915,active_cumulative,/home/oy/iCAT/result/mixT-fixed37-tenhour-20261004/mixT-fixed37-rep1/control-series.txt
1791131847,2026-10-05T01:37:27+09:00,14328.0,D_YCSB-A,1,1,3452429459456,842878286,642011732,1.7616897275249062,active_cumulative,/home/oy/iCAT/result/mixT-fixed37-tenhour-20261004/mixT-fixed37-rep1/control-series.txt
1791131877,2026-10-05T01:37:57+09:00,14358.0,D_YCSB-A,1,1,3452872081408,842986348,642011763,1.7615921236722092,active_cumulative,/home/oy/iCAT/result/mixT-fixed37-tenhour-20261004/mixT-fixed37-rep1/control-series.txt
1791131907,2026-10-05T01:38:27+09:00,14388.0,D_YCSB-A,1,1,3453305106432,843092067,642011777,1.7614966409119348,active_cumulative,/home/oy/iCAT/result/mixT-fixed37-tenhour-20261004/mixT-fixed37-rep1/control-series.txt
1791131937,2026-10-05T01:38:57+09:00,14418.0,D_YCSB-A,1,1,3453719339008,843193198,642011777,1.7614053084427277,active_cumulative,/home/oy/iCAT/result/mixT-fixed37-tenhour-20261004/mixT-fixed37-rep1/control-series.txt
1791131967,2026-10-05T01:39:27+09:00,14448.0,D_YCSB-A,1,1,3454159527936,843300666,642011779,1.761308279341499,active_cumulative,/home/oy/iCAT/result/mixT-fixed37-tenhour-20261004/mixT-fixed37-rep1/control-series.txt
1791131997,2026-10-05T01:39:57+09:00,14478.0,D_YCSB-A,1,1,3454601719808,843408623,642011819,1.761210878679859,active_cumulative,/home/oy/iCAT/result/mixT-fixed37-tenhour-20261004/mixT-fixed37-rep1/control-series.txt
1791132027,2026-10-05T01:40:27+09:00,14508.0,D_YCSB-A,1,1,3455036915712,843514872,642011842,1.7611150239447113,active_cumulative,/home/oy/iCAT/result/mixT-fixed37-tenhour-20261004/mixT-fixed37-rep1/control-series.txt
1791132057,2026-10-05T01:40:57+09:00,14538.0,D_YCSB-A,1,1,3455475421184,843621929,642011842,1.761018437205655,active_cumulative,/home/oy/iCAT/result/mixT-fixed37-tenhour-20261004/mixT-fixed37-rep1/control-series.txt
1791132087,2026-10-05T01:41:27+09:00,14568.0,D_YCSB-A,1,1,3455475494912,843621947,642011842,1.7610184209681305,active_cumulative,/home/oy/iCAT/result/mixT-fixed37-tenhour-20261004/mixT-fixed37-rep1/control-series.txt
1791132117,2026-10-05T01:41:57+09:00,14598.0,D_YCSB-A,1,1,3455914573824,843729144,642011848,1.760921739595616,active_cumulative,/home/oy/iCAT/result/mixT-fixed37-tenhour-20261004/mixT-fixed37-rep1/control-series.txt
1791132147,2026-10-05T01:42:27+09:00,14628.0,D_YCSB-A,1,1,3456349749248,843835388,642011868,1.7608259586287938,active_cumulative,/home/oy/iCAT/result/mixT-fixed37-tenhour-20261004/mixT-fixed37-rep1/control-series.txt
1791132177,2026-10-05T01:42:57+09:00,14658.0,D_YCSB-A,1,1,3456786411520,843941995,642011868,1.7607298508708529,active_cumulative,/home/oy/iCAT/result/mixT-fixed37-tenhour-20261004/mixT-fixed37-rep1/control-series.txt
1791132207,2026-10-05T01:43:27+09:00,14688.0,D_YCSB-A,1,1,3457199517696,844042851,642011873,1.760638955995375,active_cumulative,/home/oy/iCAT/result/mixT-fixed37-tenhour-20261004/mixT-fixed37-rep1/control-series.txt
1791132237,2026-10-05T01:43:57+09:00,14718.0,D_YCSB-A,1,1,3457633865728,844148893,642011873,1.7605434045152506,active_cumulative,/home/oy/iCAT/result/mixT-fixed37-tenhour-20261004/mixT-fixed37-rep1/control-series.txt
1791132267,2026-10-05T01:44:27+09:00,14748.0,D_YCSB-A,1,1,3458077016064,844257084,642012007,1.7604461000886313,active_cumulative,/home/oy/iCAT/result/mixT-fixed37-tenhour-20261004/mixT-fixed37-rep1/control-series.txt
1791132297,2026-10-05T01:44:57+09:00,14778.0,D_YCSB-A,1,1,3458513768448,844363713,642012070,1.7603501430905286,active_cumulative,/home/oy/iCAT/result/mixT-fixed37-tenhour-20261004/mixT-fixed37-rep1/control-series.txt
1791132327,2026-10-05T01:45:27+09:00,14808.0,D_YCSB-A,1,1,3458949328896,844470051,642012070,1.7602543977015475,active_cumulative,/home/oy/iCAT/result/mixT-fixed37-tenhour-20261004/mixT-fixed37-rep1/control-series.txt
1791132357,2026-10-05T01:45:57+09:00,14838.0,D_YCSB-A,1,1,3459389046784,844577404,642012070,1.7601577628756926,active_cumulative,/home/oy/iCAT/result/mixT-fixed37-tenhour-20261004/mixT-fixed37-rep1/control-series.txt
1791132387,2026-10-05T01:46:27+09:00,14868.0,D_YCSB-A,1,1,3459829854208,844685023,642012075,1.7600609191812318,active_cumulative,/home/oy/iCAT/result/mixT-fixed37-tenhour-20261004/mixT-fixed37-rep1/control-series.txt
1791132417,2026-10-05T01:46:57+09:00,14898.0,D_YCSB-A,1,1,3460264038400,844791025,642012103,1.7599655820207132,active_cumulative,/home/oy/iCAT/result/mixT-fixed37-tenhour-20261004/mixT-fixed37-rep1/control-series.txt
1791132447,2026-10-05T01:47:27+09:00,14928.0,D_YCSB-A,1,1,3460676550656,844891736,642012103,1.7598749942087255,active_cumulative,/home/oy/iCAT/result/mixT-fixed37-tenhour-20261004/mixT-fixed37-rep1/control-series.txt
1791132477,2026-10-05T01:47:57+09:00,14958.0,D_YCSB-A,1,1,3461113196544,844998339,642012103,1.7597791301693908,active_cumulative,/home/oy/iCAT/result/mixT-fixed37-tenhour-20261004/mixT-fixed37-rep1/control-series.txt
1791132507,2026-10-05T01:48:27+09:00,14988.0,D_YCSB-A,1,1,3461549817856,845104936,642012108,1.759683301624924,active_cumulative,/home/oy/iCAT/result/mixT-fixed37-tenhour-20261004/mixT-fixed37-rep1/control-series.txt
1791132537,2026-10-05T01:48:57+09:00,15018.0,D_YCSB-A,1,1,3461994364928,845213468,642012237,1.7595859049893892,active_cumulative,/home/oy/iCAT/result/mixT-fixed37-tenhour-20261004/mixT-fixed37-rep1/control-series.txt
1791132567,2026-10-05T01:49:27+09:00,15048.0,D_YCSB-A,1,1,3462430224384,845319879,642012289,1.759490347913609,active_cumulative,/home/oy/iCAT/result/mixT-fixed37-tenhour-20261004/mixT-fixed37-rep1/control-series.txt
1791132597,2026-10-05T01:49:57+09:00,15078.0,D_YCSB-A,1,1,3462864781312,845425972,642012289,1.7593950390253683,active_cumulative,/home/oy/iCAT/result/mixT-fixed37-tenhour-20261004/mixT-fixed37-rep1/control-series.txt
1791132627,2026-10-05T01:50:27+09:00,15108.0,D_YCSB-A,1,1,3463299899392,845532202,642012289,1.7592996310269446,active_cumulative,/home/oy/iCAT/result/mixT-fixed37-tenhour-20261004/mixT-fixed37-rep1/control-series.txt
1791132657,2026-10-05T01:50:57+09:00,15138.0,D_YCSB-A,1,1,3463741251584,845639954,642012299,1.7592028923931378,active_cumulative,/home/oy/iCAT/result/mixT-fixed37-tenhour-20261004/mixT-fixed37-rep1/control-series.txt
1791132687,2026-10-05T01:51:27+09:00,15168.0,D_YCSB-A,1,1,3464153604096,845740626,642012336,1.759112565085646,active_cumulative,/home/oy/iCAT/result/mixT-fixed37-tenhour-20261004/mixT-fixed37-rep1/control-series.txt
1791132717,2026-10-05T01:51:57+09:00,15198.0,D_YCSB-A,1,1,3464592728064,845847834,642012336,1.7590163504515162,active_cumulative,/home/oy/iCAT/result/mixT-fixed37-tenhour-20261004/mixT-fixed37-rep1/control-series.txt
1791132747,2026-10-05T01:52:27+09:00,15228.0,D_YCSB-A,1,1,3465030475776,845954706,642012340,1.7589204663635973,active_cumulative,/home/oy/iCAT/result/mixT-fixed37-tenhour-20261004/mixT-fixed37-rep1/control-series.txt
1791132778,2026-10-05T01:52:58+09:00,15259.0,D_YCSB-A,1,1,3465469313024,846061844,642012341,1.7588243643806256,active_cumulative,/home/oy/iCAT/result/mixT-fixed37-tenhour-20261004/mixT-fixed37-rep1/control-series.txt
1791132808,2026-10-05T01:53:28+09:00,15289.0,D_YCSB-A,1,1,3465904988160,846168210,642012360,1.7587290002303444,active_cumulative,/home/oy/iCAT/result/mixT-fixed37-tenhour-20261004/mixT-fixed37-rep1/control-series.txt
1791132838,2026-10-05T01:53:58+09:00,15319.0,D_YCSB-A,1,1,3466344407040,846275490,642012375,1.7586328359811059,active_cumulative,/home/oy/iCAT/result/mixT-fixed37-tenhour-20261004/mixT-fixed37-rep1/control-series.txt
1791132868,2026-10-05T01:54:28+09:00,15349.0,D_YCSB-A,1,1,3466344480768,846275508,642012375,1.7586328198452366,active_cumulative,/home/oy/iCAT/result/mixT-fixed37-tenhour-20261004/mixT-fixed37-rep1/control-series.txt
1791132898,2026-10-05T01:54:58+09:00,15379.0,D_YCSB-A,1,1,3466789384192,846384127,642012499,1.7585356087378514,active_cumulative,/home/oy/iCAT/result/mixT-fixed37-tenhour-20261004/mixT-fixed37-rep1/control-series.txt
1791132928,2026-10-05T01:55:28+09:00,15409.0,D_YCSB-A,1,1,3467233959936,846492666,642012558,1.7584384174688172,active_cumulative,/home/oy/iCAT/result/mixT-fixed37-tenhour-20261004/mixT-fixed37-rep1/control-series.txt
1791132958,2026-10-05T01:55:58+09:00,15439.0,D_YCSB-A,1,1,3467647873024,846593719,642012574,1.7583479059570013,active_cumulative,/home/oy/iCAT/result/mixT-fixed37-tenhour-20261004/mixT-fixed37-rep1/control-series.txt
1791132988,2026-10-05T01:56:28+09:00,15469.0,D_YCSB-A,1,1,3468086190080,846700730,642012574,1.7582520615046593,active_cumulative,/home/oy/iCAT/result/mixT-fixed37-tenhour-20261004/mixT-fixed37-rep1/control-series.txt
1791133018,2026-10-05T01:56:58+09:00,15499.0,D_YCSB-A,1,1,3468523106304,846807399,642012574,1.758156547472491,active_cumulative,/home/oy/iCAT/result/mixT-fixed37-tenhour-20261004/mixT-fixed37-rep1/control-series.txt
1791133048,2026-10-05T01:57:28+09:00,15529.0,D_YCSB-A,1,1,3468959780864,846914009,642012574,1.7580611103104329,active_cumulative,/home/oy/iCAT/result/mixT-fixed37-tenhour-20261004/mixT-fixed37-rep1/control-series.txt
1791133078,2026-10-05T01:57:58+09:00,15559.0,D_YCSB-A,1,1,3469402284032,847022042,642012607,1.757964462747712,active_cumulative,/home/oy/iCAT/result/mixT-fixed37-tenhour-20261004/mixT-fixed37-rep1/control-series.txt
1791133108,2026-10-05T01:58:28+09:00,15589.0,D_YCSB-A,1,1,3469831516160,847126835,642012631,1.7578707278231835,active_cumulative,/home/oy/iCAT/result/mixT-fixed37-tenhour-20261004/mixT-fixed37-rep1/control-series.txt
1791133138,2026-10-05T01:58:58+09:00,15619.0,D_YCSB-A,1,1,3470268215296,847233451,642012631,1.7577753572433013,active_cumulative,/home/oy/iCAT/result/mixT-fixed37-tenhour-20261004/mixT-fixed37-rep1/control-series.txt
1791133168,2026-10-05T01:59:28+09:00,15649.0,D_YCSB-A,1,1,3470704005120,847339845,642012631,1.7576802091727435,active_cumulative,/home/oy/iCAT/result/mixT-fixed37-tenhour-20261004/mixT-fixed37-rep1/control-series.txt
1791133198,2026-10-05T01:59:58+09:00,15679.0,D_YCSB-A,1,1,3471122300928,847441968,642012631,1.7575889031259306,active_cumulative,/home/oy/iCAT/result/mixT-fixed37-tenhour-20261004/mixT-fixed37-rep1/control-series.txt
1791133228,2026-10-05T02:00:28+09:00,15709.0,D_YCSB-A,1,1,3471565447168,847550158,642012724,1.7574923064317334,active_cumulative,/home/oy/iCAT/result/mixT-fixed37-tenhour-20261004/mixT-fixed37-rep1/control-series.txt
1791133258,2026-10-05T02:00:58+09:00,15739.0,D_YCSB-A,1,1,3472005644288,847657628,642012768,1.7573963199208065,active_cumulative,/home/oy/iCAT/result/mixT-fixed37-tenhour-20261004/mixT-fixed37-rep1/control-series.txt
1791133288,2026-10-05T02:01:28+09:00,15769.0,D_YCSB-A,1,1,3472441847808,847764123,642012769,1.7573011779834424,active_cumulative,/home/oy/iCAT/result/mixT-fixed37-tenhour-20261004/mixT-fixed37-rep1/control-series.txt
1791133318,2026-10-05T02:01:58+09:00,15799.0,D_YCSB-A,1,1,3472874811392,847869827,642012769,1.7572067651842502,active_cumulative,/home/oy/iCAT/result/mixT-fixed37-tenhour-20261004/mixT-fixed37-rep1/control-series.txt
1791133348,2026-10-05T02:02:28+09:00,15829.0,D_YCSB-A,1,1,3473294073856,847972186,642012769,1.7571153625078924,active_cumulative,/home/oy/iCAT/result/mixT-fixed37-tenhour-20261004/mixT-fixed37-rep1/control-series.txt
1791133378,2026-10-05T02:02:58+09:00,15859.0,D_YCSB-A,1,1,3473728319488,848078203,642012769,1.75702071663785,active_cumulative,/home/oy/iCAT/result/mixT-fixed37-tenhour-20261004/mixT-fixed37-rep1/control-series.txt
1791133408,2026-10-05T02:03:28+09:00,15889.0,D_YCSB-A,1,1,3474162720768,848184258,642012769,1.7569260605164403,active_cumulative,/home/oy/iCAT/result/mixT-fixed37-tenhour-20261004/mixT-fixed37-rep1/control-series.txt
1791133438,2026-10-05T02:03:58+09:00,15919.0,D_YCSB-A,1,1,3474597744640,848290465,642012769,1.7568312924512242,active_cumulative,/home/oy/iCAT/result/mixT-fixed37-tenhour-20261004/mixT-fixed37-rep1/control-series.txt
1791133468,2026-10-05T02:04:28+09:00,15949.0,D_YCSB-A,1,1,3475034185728,848397018,642012789,1.7567362630687606,active_cumulative,/home/oy/iCAT/result/mixT-fixed37-tenhour-20261004/mixT-fixed37-rep1/control-series.txt
1791133498,2026-10-05T02:04:58+09:00,15979.0,D_YCSB-A,1,1,3475473711104,848504324,642012850,1.75664063439705,active_cumulative,/home/oy/iCAT/result/mixT-fixed37-tenhour-20261004/mixT-fixed37-rep1/control-series.txt
1791133528,2026-10-05T02:05:28+09:00,16009.0,D_YCSB-A,1,1,3475918671872,848612957,642012988,1.756543937615131,active_cumulative,/home/oy/iCAT/result/mixT-fixed37-tenhour-20261004/mixT-fixed37-rep1/control-series.txt
1791133558,2026-10-05T02:05:58+09:00,16039.0,D_YCSB-A,1,1,3476358549504,848720349,642013021,1.7564482479493373,active_cumulative,/home/oy/iCAT/result/mixT-fixed37-tenhour-20261004/mixT-fixed37-rep1/control-series.txt
1791133588,2026-10-05T02:06:28+09:00,16069.0,E_YCSB-B,1,1,3477179994112,848920897,642013021,1.7562695455710993,active_cumulative,/home/oy/iCAT/result/mixT-fixed37-tenhour-20261004/mixT-fixed37-rep1/control-series.txt
1791133618,2026-10-05T02:06:58+09:00,16099.0,E_YCSB-B,1,1,3477280698368,848945483,642023661,1.756260176720912,active_cumulative,/home/oy/iCAT/result/mixT-fixed37-tenhour-20261004/mixT-fixed37-rep1/control-series.txt
1791133648,2026-10-05T02:07:28+09:00,16129.0,E_YCSB-B,1,1,3477399949312,848974597,642044724,1.7562590521186112,active_cumulative,/home/oy/iCAT/result/mixT-fixed37-tenhour-20261004/mixT-fixed37-rep1/control-series.txt
1791133678,2026-10-05T02:07:58+09:00,16159.0,E_YCSB-B,1,1,3477542297600,849009350,642063679,1.7562504217415273,active_cumulative,/home/oy/iCAT/result/mixT-fixed37-tenhour-20261004/mixT-fixed37-rep1/control-series.txt
1791133708,2026-10-05T02:08:28+09:00,16189.0,E_YCSB-B,1,1,3477702205440,849048390,642082081,1.7562373223509675,active_cumulative,/home/oy/iCAT/result/mixT-fixed37-tenhour-20261004/mixT-fixed37-rep1/control-series.txt
1791133738,2026-10-05T02:08:58+09:00,16219.0,E_YCSB-B,1,1,3477885210624,849093069,642102361,1.7562214136975838,active_cumulative,/home/oy/iCAT/result/mixT-fixed37-tenhour-20261004/mixT-fixed37-rep1/control-series.txt
1791133768,2026-10-05T02:09:28+09:00,16249.0,E_YCSB-B,1,1,3478070530048,849138313,642121856,1.7562040790874076,active_cumulative,/home/oy/iCAT/result/mixT-fixed37-tenhour-20261004/mixT-fixed37-rep1/control-series.txt
1791133798,2026-10-05T02:09:58+09:00,16279.0,E_YCSB-B,1,1,3478281900032,849189917,642140068,1.7561795720191058,active_cumulative,/home/oy/iCAT/result/mixT-fixed37-tenhour-20261004/mixT-fixed37-rep1/control-series.txt
1791133828,2026-10-05T02:10:28+09:00,16309.0,E_YCSB-B,1,1,3478481813504,849238724,642156780,1.756155792066778,active_cumulative,/home/oy/iCAT/result/mixT-fixed37-tenhour-20261004/mixT-fixed37-rep1/control-series.txt
1791133858,2026-10-05T02:10:58+09:00,16339.0,E_YCSB-B,1,1,3478712881152,849295137,642173652,1.7561254315765615,active_cumulative,/home/oy/iCAT/result/mixT-fixed37-tenhour-20261004/mixT-fixed37-rep1/control-series.txt
1791133888,2026-10-05T02:11:28+09:00,16369.0,E_YCSB-B,1,1,3478952161280,849353555,642188941,1.7560914264967078,active_cumulative,/home/oy/iCAT/result/mixT-fixed37-tenhour-20261004/mixT-fixed37-rep1/control-series.txt
1791133918,2026-10-05T02:11:58+09:00,16399.0,E_YCSB-B,1,1,3479186649088,849410803,642205117,1.7560595117601772,active_cumulative,/home/oy/iCAT/result/mixT-fixed37-tenhour-20261004/mixT-fixed37-rep1/control-series.txt
1791133948,2026-10-05T02:12:28+09:00,16429.0,E_YCSB-B,1,1,3479440347136,849472741,642219959,1.7560218568567345,active_cumulative,/home/oy/iCAT/result/mixT-fixed37-tenhour-20261004/mixT-fixed37-rep1/control-series.txt
1791133978,2026-10-05T02:12:58+09:00,16459.0,E_YCSB-B,1,1,3479672123392,849529327,642234622,1.7559887594086554,active_cumulative,/home/oy/iCAT/result/mixT-fixed37-tenhour-20261004/mixT-fixed37-rep1/control-series.txt
1791134008,2026-10-05T02:13:28+09:00,16489.0,E_YCSB-B,1,1,3479929425920,849592145,642249491,1.7559503636889204,active_cumulative,/home/oy/iCAT/result/mixT-fixed37-tenhour-20261004/mixT-fixed37-rep1/control-series.txt
1791134038,2026-10-05T02:13:58+09:00,16519.0,E_YCSB-B,1,1,3480150745088,849646178,642261901,1.755916895326751,active_cumulative,/home/oy/iCAT/result/mixT-fixed37-tenhour-20261004/mixT-fixed37-rep1/control-series.txt
1791134068,2026-10-05T02:14:28+09:00,16549.0,E_YCSB-B,1,1,3480404041728,849708018,642275781,1.7558782162745228,active_cumulative,/home/oy/iCAT/result/mixT-fixed37-tenhour-20261004/mixT-fixed37-rep1/control-series.txt
1791134098,2026-10-05T02:14:58+09:00,16579.0,E_YCSB-B,1,1,3480661921792,849770977,642287400,1.7558358868262456,active_cumulative,/home/oy/iCAT/result/mixT-fixed37-tenhour-20261004/mixT-fixed37-rep1/control-series.txt
1791134128,2026-10-05T02:15:28+09:00,16609.0,E_YCSB-B,1,1,3480783015936,849800541,642292119,1.7558151448623285,active_cumulative,/home/oy/iCAT/result/mixT-fixed37-tenhour-20261004/mixT-fixed37-rep1/control-series.txt
1791134158,2026-10-05T02:15:58+09:00,16639.0,E_YCSB-B,1,1,3480911306752,849831862,642297811,1.7557939866933348,active_cumulative,/home/oy/iCAT/result/mixT-fixed37-tenhour-20261004/mixT-fixed37-rep1/control-series.txt
1791134188,2026-10-05T02:16:28+09:00,16669.0,E_YCSB-B,1,1,3481175625728,849896393,642308190,1.7557488127849954,active_cumulative,/home/oy/iCAT/result/mixT-fixed37-tenhour-20261004/mixT-fixed37-rep1/control-series.txt
1791134218,2026-10-05T02:16:58+09:00,16699.0,E_YCSB-B,1,1,3481411915776,849954081,642318194,1.755709288723328,active_cumulative,/home/oy/iCAT/result/mixT-fixed37-tenhour-20261004/mixT-fixed37-rep1/control-series.txt
1791134248,2026-10-05T02:17:28+09:00,16729.0,E_YCSB-B,1,1,3481675128832,850018342,642329527,1.7556654900983302,active_cumulative,/home/oy/iCAT/result/mixT-fixed37-tenhour-20261004/mixT-fixed37-rep1/control-series.txt
1791134278,2026-10-05T02:17:58+09:00,16759.0,E_YCSB-B,1,1,3481904570368,850074358,642339695,1.7556276565161375,active_cumulative,/home/oy/iCAT/result/mixT-fixed37-tenhour-20261004/mixT-fixed37-rep1/control-series.txt
1791134308,2026-10-05T02:18:28+09:00,16789.0,E_YCSB-B,1,1,3482160427008,850136823,642352079,1.7555867027771364,active_cumulative,/home/oy/iCAT/result/mixT-fixed37-tenhour-20261004/mixT-fixed37-rep1/control-series.txt
1791134338,2026-10-05T02:18:58+09:00,16819.0,E_YCSB-B,1,1,3482419478528,850200068,642362061,1.7555422366774027,active_cumulative,/home/oy/iCAT/result/mixT-fixed37-tenhour-20261004/mixT-fixed37-rep1/control-series.txt
1791134368,2026-10-05T02:19:28+09:00,16849.0,E_YCSB-B,1,1,3482669633536,850261141,642371490,1.7554990567303839,active_cumulative,/home/oy/iCAT/result/mixT-fixed37-tenhour-20261004/mixT-fixed37-rep1/control-series.txt
1791134398,2026-10-05T02:19:58+09:00,16879.0,E_YCSB-B,1,1,3482933018624,850325444,642380866,1.7554529510233026,active_cumulative,/home/oy/iCAT/result/mixT-fixed37-tenhour-20261004/mixT-fixed37-rep1/control-series.txt
1791134428,2026-10-05T02:20:28+09:00,16909.0,E_YCSB-B,1,1,3483173965824,850384269,642389860,1.7554112692552641,active_cumulative,/home/oy/iCAT/result/mixT-fixed37-tenhour-20261004/mixT-fixed37-rep1/control-series.txt
1791134458,2026-10-05T02:20:58+09:00,16939.0,E_YCSB-B,1,1,3483435122688,850448028,642399661,1.7553661597766679,active_cumulative,/home/oy/iCAT/result/mixT-fixed37-tenhour-20261004/mixT-fixed37-rep1/control-series.txt
1791134488,2026-10-05T02:21:28+09:00,16969.0,E_YCSB-B,1,1,3483665907712,850504372,642409183,1.7553273141786976,active_cumulative,/home/oy/iCAT/result/mixT-fixed37-tenhour-20261004/mixT-fixed37-rep1/control-series.txt
1791134518,2026-10-05T02:21:58+09:00,16999.0,E_YCSB-B,1,1,3483924275200,850567450,642419261,1.7552831477386066,active_cumulative,/home/oy/iCAT/result/mixT-fixed37-tenhour-20261004/mixT-fixed37-rep1/control-series.txt
1791134548,2026-10-05T02:22:28+09:00,17029.0,E_YCSB-B,1,1,3484184244224,850630919,642428471,1.755237620277473,active_cumulative,/home/oy/iCAT/result/mixT-fixed37-tenhour-20261004/mixT-fixed37-rep1/control-series.txt
1791134578,2026-10-05T02:22:58+09:00,17059.0,E_YCSB-B,1,1,3484435124224,850692169,642437703,1.7551940953625964,active_cumulative,/home/oy/iCAT/result/mixT-fixed37-tenhour-20261004/mixT-fixed37-rep1/control-series.txt
1791134608,2026-10-05T02:23:28+09:00,17089.0,E_YCSB-B,1,1,3484699963392,850756827,642448263,1.7551491126617784,active_cumulative,/home/oy/iCAT/result/mixT-fixed37-tenhour-20261004/mixT-fixed37-rep1/control-series.txt
1791134638,2026-10-05T02:23:58+09:00,17119.0,E_YCSB-B,1,1,3484940787712,850815622,642457504,1.7551077899695642,active_cumulative,/home/oy/iCAT/result/mixT-fixed37-tenhour-20261004/mixT-fixed37-rep1/control-series.txt
1791134668,2026-10-05T02:24:28+09:00,17149.0,E_YCSB-B,1,1,3485203394560,850879735,642466806,1.7550618255116865,active_cumulative,/home/oy/iCAT/result/mixT-fixed37-tenhour-20261004/mixT-fixed37-rep1/control-series.txt
1791134698,2026-10-05T02:24:58+09:00,17179.0,E_YCSB-B,1,1,3485437267968,850936833,642476702,1.7550227902756679,active_cumulative,/home/oy/iCAT/result/mixT-fixed37-tenhour-20261004/mixT-fixed37-rep1/control-series.txt
1791134728,2026-10-05T02:25:28+09:00,17209.0,E_YCSB-B,1,1,3485697654784,851000404,642486734,1.754978177425166,active_cumulative,/home/oy/iCAT/result/mixT-fixed37-tenhour-20261004/mixT-fixed37-rep1/control-series.txt
1791134758,2026-10-05T02:25:58+09:00,17239.0,E_YCSB-B,1,1,3485929619456,851057036,642496119,1.7549389662762862,active_cumulative,/home/oy/iCAT/result/mixT-fixed37-tenhour-20261004/mixT-fixed37-rep1/control-series.txt
1791134788,2026-10-05T02:26:28+09:00,17269.0,E_YCSB-B,1,1,3486183202816,851118946,642506451,1.7548961916775379,active_cumulative,/home/oy/iCAT/result/mixT-fixed37-tenhour-20261004/mixT-fixed37-rep1/control-series.txt
1791134818,2026-10-05T02:26:58+09:00,17299.0,E_YCSB-B,1,1,3486444605440,851182765,642516111,1.7548509408552229,active_cumulative,/home/oy/iCAT/result/mixT-fixed37-tenhour-20261004/mixT-fixed37-rep1/control-series.txt
1791134848,2026-10-05T02:27:28+09:00,17329.0,E_YCSB-B,1,1,3486690893824,851242894,642525566,1.7548087279539746,active_cumulative,/home/oy/iCAT/result/mixT-fixed37-tenhour-20261004/mixT-fixed37-rep1/control-series.txt
1791134878,2026-10-05T02:27:58+09:00,17359.0,E_YCSB-B,1,1,3486952497152,851306762,642535343,1.7547635842695208,active_cumulative,/home/oy/iCAT/result/mixT-fixed37-tenhour-20261004/mixT-fixed37-rep1/control-series.txt
1791134908,2026-10-05T02:28:28+09:00,17389.0,E_YCSB-B,1,1,3486952570880,851306780,642535343,1.754763568310827,active_cumulative,/home/oy/iCAT/result/mixT-fixed37-tenhour-20261004/mixT-fixed37-rep1/control-series.txt
1791134938,2026-10-05T02:28:58+09:00,17419.0,E_YCSB-B,1,1,3487187939328,851364243,642544722,1.754723641829059,active_cumulative,/home/oy/iCAT/result/mixT-fixed37-tenhour-20261004/mixT-fixed37-rep1/control-series.txt
1791134968,2026-10-05T02:29:28+09:00,17449.0,E_YCSB-B,1,1,3487451865088,851428678,642555123,1.7546787412767886,active_cumulative,/home/oy/iCAT/result/mixT-fixed37-tenhour-20261004/mixT-fixed37-rep1/control-series.txt
1791134999,2026-10-05T02:29:59+09:00,17480.0,E_YCSB-B,1,1,3487678283776,851483956,642564216,1.754640426836181,active_cumulative,/home/oy/iCAT/result/mixT-fixed37-tenhour-20261004/mixT-fixed37-rep1/control-series.txt
1791135029,2026-10-05T02:30:29+09:00,17510.0,E_YCSB-B,1,1,3487932076032,851545917,642574983,1.7545981610290546,active_cumulative,/home/oy/iCAT/result/mixT-fixed37-tenhour-20261004/mixT-fixed37-rep1/control-series.txt
1791135059,2026-10-05T02:30:59+09:00,17540.0,E_YCSB-B,1,1,3488193114112,851609647,642584976,1.754553425109333,active_cumulative,/home/oy/iCAT/result/mixT-fixed37-tenhour-20261004/mixT-fixed37-rep1/control-series.txt
1791135089,2026-10-05T02:31:29+09:00,17570.0,E_YCSB-B,1,1,3488441663488,851670328,642593784,1.7545100056603122,active_cumulative,/home/oy/iCAT/result/mixT-fixed37-tenhour-20261004/mixT-fixed37-rep1/control-series.txt
1791135119,2026-10-05T02:31:59+09:00,17600.0,E_YCSB-B,1,1,3488704012288,851734378,642603320,1.7544644628633272,active_cumulative,/home/oy/iCAT/result/mixT-fixed37-tenhour-20261004/mixT-fixed37-rep1/control-series.txt
1791135149,2026-10-05T02:32:29+09:00,17630.0,E_YCSB-B,1,1,3488942157824,851792519,642612634,1.754423899794781,active_cumulative,/home/oy/iCAT/result/mixT-fixed37-tenhour-20261004/mixT-fixed37-rep1/control-series.txt
1791135179,2026-10-05T02:32:59+09:00,17660.0,E_YCSB-B,1,1,3489204961280,851856680,642621951,1.754378014620957,active_cumulative,/home/oy/iCAT/result/mixT-fixed37-tenhour-20261004/mixT-fixed37-rep1/control-series.txt
1791135209,2026-10-05T02:33:29+09:00,17690.0,E_YCSB-B,1,1,3489430544384,851911754,642631210,1.7543401144339652,active_cumulative,/home/oy/iCAT/result/mixT-fixed37-tenhour-20261004/mixT-fixed37-rep1/control-series.txt
1791135239,2026-10-05T02:33:59+09:00,17720.0,E_YCSB-B,1,1,3489687474176,851974481,642641792,1.75429699636743,active_cumulative,/home/oy/iCAT/result/mixT-fixed37-tenhour-20261004/mixT-fixed37-rep1/control-series.txt
1791135269,2026-10-05T02:34:29+09:00,17750.0,E_YCSB-B,1,1,3489947684864,852038009,642651475,1.7542521204591002,active_cumulative,/home/oy/iCAT/result/mixT-fixed37-tenhour-20261004/mixT-fixed37-rep1/control-series.txt
1791135299,2026-10-05T02:34:59+09:00,17780.0,E_YCSB-B,1,1,3490196779008,852098823,642660896,1.754209345973947,active_cumulative,/home/oy/iCAT/result/mixT-fixed37-tenhour-20261004/mixT-fixed37-rep1/control-series.txt
1791135329,2026-10-05T02:35:29+09:00,17810.0,E_YCSB-B,1,1,3490458341376,852162681,642670649,1.7541642732416254,active_cumulative,/home/oy/iCAT/result/mixT-fixed37-tenhour-20261004/mixT-fixed37-rep1/control-series.txt
1791135359,2026-10-05T02:35:59+09:00,17840.0,E_YCSB-B,1,1,3490698919936,852221416,642679934,1.7541231913843385,active_cumulative,/home/oy/iCAT/result/mixT-fixed37-tenhour-20261004/mixT-fixed37-rep1/control-series.txt
1791135389,2026-10-05T02:36:29+09:00,17870.0,E_YCSB-B,1,1,3490963369984,852285979,642689306,1.7540770607936986,active_cumulative,/home/oy/iCAT/result/mixT-fixed37-tenhour-20261004/mixT-fixed37-rep1/control-series.txt
1791135419,2026-10-05T02:36:59+09:00,17900.0,E_YCSB-B,1,1,3491194314752,852342362,642698328,1.7540377630555923,active_cumulative,/home/oy/iCAT/result/mixT-fixed37-tenhour-20261004/mixT-fixed37-rep1/control-series.txt
1791135449,2026-10-05T02:37:29+09:00,17930.0,E_YCSB-B,1,1,3491452411904,852405374,642708375,1.7539938092882084,active_cumulative,/home/oy/iCAT/result/mixT-fixed37-tenhour-20261004/mixT-fixed37-rep1/control-series.txt
1791135479,2026-10-05T02:37:59+09:00,17960.0,E_YCSB-B,1,1,3491712921600,852468975,642717867,1.753948690038837,active_cumulative,/home/oy/iCAT/result/mixT-fixed37-tenhour-20261004/mixT-fixed37-rep1/control-series.txt
1791135509,2026-10-05T02:38:29+09:00,17990.0,E_YCSB-B,1,1,3491965235200,852530575,642726790,1.753904679606359,active_cumulative,/home/oy/iCAT/result/mixT-fixed37-tenhour-20261004/mixT-fixed37-rep1/control-series.txt
1791135539,2026-10-05T02:38:59+09:00,18020.0,E_YCSB-B,1,1,3492228501504,852594849,642735640,1.7538582255732114,active_cumulative,/home/oy/iCAT/result/mixT-fixed37-tenhour-20261004/mixT-fixed37-rep1/control-series.txt
1791135569,2026-10-05T02:39:29+09:00,18050.0,E_YCSB-B,1,1,3492470071296,852653826,642744803,1.7538168285894726,active_cumulative,/home/oy/iCAT/result/mixT-fixed37-tenhour-20261004/mixT-fixed37-rep1/control-series.txt
1791135599,2026-10-05T02:39:59+09:00,18080.0,E_YCSB-B,1,1,3492732743680,852717955,642755033,1.753772134421633,active_cumulative,/home/oy/iCAT/result/mixT-fixed37-tenhour-20261004/mixT-fixed37-rep1/control-series.txt
1791135629,2026-10-05T02:40:29+09:00,18110.0,E_YCSB-B,1,1,3492966555648,852775038,642764069,1.7537322744665047,active_cumulative,/home/oy/iCAT/result/mixT-fixed37-tenhour-20261004/mixT-fixed37-rep1/control-series.txt
1791135659,2026-10-05T02:40:59+09:00,18140.0,E_YCSB-B,1,1,3493226115072,852838407,642773804,1.753687684236763,active_cumulative,/home/oy/iCAT/result/mixT-fixed37-tenhour-20261004/mixT-fixed37-rep1/control-series.txt
1791135689,2026-10-05T02:41:29+09:00,18170.0,E_YCSB-B,1,1,3493226188800,852838425,642773811,1.753687676537323,active_cumulative,/home/oy/iCAT/result/mixT-fixed37-tenhour-20261004/mixT-fixed37-rep1/control-series.txt
1791135719,2026-10-05T02:41:59+09:00,18200.0,E_YCSB-B,1,1,3493450067968,852893083,642782513,1.7536495790762556,active_cumulative,/home/oy/iCAT/result/mixT-fixed37-tenhour-20261004/mixT-fixed37-rep1/control-series.txt
1791135749,2026-10-05T02:42:29+09:00,18230.0,E_YCSB-B,1,1,3493705179136,852955366,642791688,1.753605304125609,active_cumulative,/home/oy/iCAT/result/mixT-fixed37-tenhour-20261004/mixT-fixed37-rep1/control-series.txt
1791135779,2026-10-05T02:42:59+09:00,18260.0,E_YCSB-B,1,1,3493966893056,853019261,642800959,1.7535597241338259,active_cumulative,/home/oy/iCAT/result/mixT-fixed37-tenhour-20261004/mixT-fixed37-rep1/control-series.txt
1791135809,2026-10-05T02:43:29+09:00,18290.0,E_YCSB-B,1,1,3494212308992,853079177,642809697,1.7535170407752199,active_cumulative,/home/oy/iCAT/result/mixT-fixed37-tenhour-20261004/mixT-fixed37-rep1/control-series.txt
1791135839,2026-10-05T02:43:59+09:00,18320.0,E_YCSB-B,1,1,3494473007104,853142824,642819161,1.753471919257449,active_cumulative,/home/oy/iCAT/result/mixT-fixed37-tenhour-20261004/mixT-fixed37-rep1/control-series.txt
1791135869,2026-10-05T02:44:29+09:00,18350.0,E_YCSB-B,1,1,3494708408320,853200295,642828407,1.7534320027397552,active_cumulative,/home/oy/iCAT/result/mixT-fixed37-tenhour-20261004/mixT-fixed37-rep1/control-series.txt
1791135899,2026-10-05T02:44:59+09:00,18380.0,E_YCSB-B,1,1,3494970773504,853264349,642837338,1.753385909950868,active_cumulative,/home/oy/iCAT/result/mixT-fixed37-tenhour-20261004/mixT-fixed37-rep1/control-series.txt
1791135929,2026-10-05T02:45:29+09:00,18410.0,E_YCSB-B,1,1,3495196438528,853319443,642846113,1.7533475514632098,active_cumulative,/home/oy/iCAT/result/mixT-fixed37-tenhour-20261004/mixT-fixed37-rep1/control-series.txt
1791135959,2026-10-05T02:45:59+09:00,18440.0,E_YCSB-B,1,1,3495451762688,853381778,642856306,1.7533044676751932,active_cumulative,/home/oy/iCAT/result/mixT-fixed37-tenhour-20261004/mixT-fixed37-rep1/control-series.txt
1791135989,2026-10-05T02:46:29+09:00,18470.0,E_YCSB-B,1,1,3495713869824,853445769,642865266,1.7532584838439806,active_cumulative,/home/oy/iCAT/result/mixT-fixed37-tenhour-20261004/mixT-fixed37-rep1/control-series.txt
1791136019,2026-10-05T02:46:59+09:00,18500.0,E_YCSB-B,1,1,3495962116096,853506376,642874297,1.7532155764469648,active_cumulative,/home/oy/iCAT/result/mixT-fixed37-tenhour-20261004/mixT-fixed37-rep1/control-series.txt
1791136049,2026-10-05T02:47:29+09:00,18530.0,E_YCSB-B,1,1,3496226172928,853570843,642883268,1.7531691988687106,active_cumulative,/home/oy/iCAT/result/mixT-fixed37-tenhour-20261004/mixT-fixed37-rep1/control-series.txt
1791136079,2026-10-05T02:47:59+09:00,18560.0,E_YCSB-B,1,1,3496465391616,853629246,642892210,1.7531281443466384,active_cumulative,/home/oy/iCAT/result/mixT-fixed37-tenhour-20261004/mixT-fixed37-rep1/control-series.txt
1791136109,2026-10-05T02:48:29+09:00,18590.0,E_YCSB-B,1,1,3496728276992,853693427,642901651,1.7530825828883887,active_cumulative,/home/oy/iCAT/result/mixT-fixed37-tenhour-20261004/mixT-fixed37-rep1/control-series.txt
1791136139,2026-10-05T02:48:59+09:00,18620.0,E_YCSB-B,1,1,3496956616704,853749174,642910527,1.7530438055803028,active_cumulative,/home/oy/iCAT/result/mixT-fixed37-tenhour-20261004/mixT-fixed37-rep1/control-series.txt
1791136169,2026-10-05T02:49:29+09:00,18650.0,E_YCSB-B,1,1,3497212682240,853811690,642920585,1.75300044790907,active_cumulative,/home/oy/iCAT/result/mixT-fixed37-tenhour-20261004/mixT-fixed37-rep1/control-series.txt
1791136199,2026-10-05T02:49:59+09:00,18680.0,E_YCSB-B,1,1,3497472237568,853875058,642930012,1.752955606299019,active_cumulative,/home/oy/iCAT/result/mixT-fixed37-tenhour-20261004/mixT-fixed37-rep1/control-series.txt
1791136229,2026-10-05T02:50:29+09:00,18710.0,E_YCSB-B,1,1,3497720958976,853935781,642939253,1.7529128856119451,active_cumulative,/home/oy/iCAT/result/mixT-fixed37-tenhour-20261004/mixT-fixed37-rep1/control-series.txt
1791136259,2026-10-05T02:50:59+09:00,18740.0,E_YCSB-B,1,1,3497984425984,854000104,642948994,1.7528675827889595,active_cumulative,/home/oy/iCAT/result/mixT-fixed37-tenhour-20261004/mixT-fixed37-rep1/control-series.txt
1791136289,2026-10-05T02:51:29+09:00,18770.0,E_YCSB-B,1,1,3498225782784,854059029,642958136,1.7528263435758373,active_cumulative,/home/oy/iCAT/result/mixT-fixed37-tenhour-20261004/mixT-fixed37-rep1/control-series.txt
1791136319,2026-10-05T02:51:59+09:00,18800.0,E_YCSB-B,1,1,3498487058432,854122817,642968203,1.752781907007643,active_cumulative,/home/oy/iCAT/result/mixT-fixed37-tenhour-20261004/mixT-fixed37-rep1/control-series.txt
1791136349,2026-10-05T02:52:29+09:00,18830.0,E_YCSB-B,1,1,3498715238400,854178525,642977527,1.752743727665127,active_cumulative,/home/oy/iCAT/result/mixT-fixed37-tenhour-20261004/mixT-fixed37-rep1/control-series.txt
1791136379,2026-10-05T02:52:59+09:00,18860.0,E_YCSB-B,1,1,3498971443200,854241075,642986901,1.7526995830772947,active_cumulative,/home/oy/iCAT/result/mixT-fixed37-tenhour-20261004/mixT-fixed37-rep1/control-series.txt
1791136409,2026-10-05T02:53:29+09:00,18890.0,E_YCSB-B,1,1,3499230822400,854304400,642996298,1.7526547890892288,active_cumulative,/home/oy/iCAT/result/mixT-fixed37-tenhour-20261004/mixT-fixed37-rep1/control-series.txt
1791136439,2026-10-05T02:53:59+09:00,18920.0,E_YCSB-B,1,1,3499230896128,854304418,642996298,1.7526547732309632,active_cumulative,/home/oy/iCAT/result/mixT-fixed37-tenhour-20261004/mixT-fixed37-rep1/control-series.txt
1791136469,2026-10-05T02:54:29+09:00,18950.0,E_YCSB-B,1,1,3499481395200,854365575,643005252,1.7526113771613514,active_cumulative,/home/oy/iCAT/result/mixT-fixed37-tenhour-20261004/mixT-fixed37-rep1/control-series.txt
1791136499,2026-10-05T02:54:59+09:00,18980.0,E_YCSB-B,1,1,3499744751616,854429871,643014769,1.7525658814425977,active_cumulative,/home/oy/iCAT/result/mixT-fixed37-tenhour-20261004/mixT-fixed37-rep1/control-series.txt
1791136529,2026-10-05T02:55:29+09:00,19010.0,E_YCSB-B,1,1,3499986423808,854488873,643023927,1.752524634688836,active_cumulative,/home/oy/iCAT/result/mixT-fixed37-tenhour-20261004/mixT-fixed37-rep1/control-series.txt
1791136559,2026-10-05T02:55:59+09:00,19040.0,E_YCSB-B,1,1,3500249501696,854553101,643033448,1.7524792166192138,active_cumulative,/home/oy/iCAT/result/mixT-fixed37-tenhour-20261004/mixT-fixed37-rep1/control-series.txt
1791136589,2026-10-05T02:56:29+09:00,19070.0,E_YCSB-B,1,1,3500479414272,854609232,643042349,1.7524402088368736,active_cumulative,/home/oy/iCAT/result/mixT-fixed37-tenhour-20261004/mixT-fixed37-rep1/control-series.txt
1791136619,2026-10-05T02:56:59+09:00,19100.0,E_YCSB-B,1,1,3500739031040,854672615,643051649,1.7523952888089203,active_cumulative,/home/oy/iCAT/result/mixT-fixed37-tenhour-20261004/mixT-fixed37-rep1/control-series.txt
1791136649,2026-10-05T02:57:29+09:00,19130.0,E_YCSB-B,1,1,3500974374912,854730072,643060912,1.7523555483373703,active_cumulative,/home/oy/iCAT/result/mixT-fixed37-tenhour-20261004/mixT-fixed37-rep1/control-series.txt
1791136679,2026-10-05T02:57:59+09:00,19160.0,E_YCSB-B,1,1,3501225046016,854791271,643070790,1.7523132392866936,active_cumulative,/home/oy/iCAT/result/mixT-fixed37-tenhour-20261004/mixT-fixed37-rep1/control-series.txt
1791136709,2026-10-05T02:58:29+09:00,19190.0,E_YCSB-B,1,1,3501487869952,854855437,643080177,1.7522677509741333,active_cumulative,/home/oy/iCAT/result/mixT-fixed37-tenhour-20261004/mixT-fixed37-rep1/control-series.txt
1791136739,2026-10-05T02:58:59+09:00,19220.0,E_YCSB-B,1,1,3501734760448,854915713,643088896,1.7522249108550425,active_cumulative,/home/oy/iCAT/result/mixT-fixed37-tenhour-20261004/mixT-fixed37-rep1/control-series.txt
1791136769,2026-10-05T02:59:29+09:00,19250.0,E_YCSB-B,1,1,3502000517120,854980595,643098131,1.7521786281009102,active_cumulative,/home/oy/iCAT/result/mixT-fixed37-tenhour-20261004/mixT-fixed37-rep1/control-series.txt
1791136799,2026-10-05T02:59:59+09:00,19280.0,E_YCSB-B,1,1,3502234279936,855037666,643106505,1.7521382163297587,active_cumulative,/home/oy/iCAT/result/mixT-fixed37-tenhour-20261004/mixT-fixed37-rep1/control-series.txt
1791136829,2026-10-05T03:00:29+09:00,19310.0,E_YCSB-B,1,1,3502494302208,855101148,643115314,1.7520926799176744,active_cumulative,/home/oy/iCAT/result/mixT-fixed37-tenhour-20261004/mixT-fixed37-rep1/control-series.txt
1791136859,2026-10-05T03:00:59+09:00,19340.0,E_YCSB-B,1,1,3502717362176,855155606,643124123,1.7520550862178408,active_cumulative,/home/oy/iCAT/result/mixT-fixed37-tenhour-20261004/mixT-fixed37-rep1/control-series.txt
1791136889,2026-10-05T03:01:29+09:00,19370.0,E_YCSB-B,1,1,3502973345792,855218102,643134716,1.7520125152823298,active_cumulative,/home/oy/iCAT/result/mixT-fixed37-tenhour-20261004/mixT-fixed37-rep1/control-series.txt
1791136919,2026-10-05T03:01:59+09:00,19400.0,E_YCSB-B,1,1,3503236075520,855282245,643144192,1.751967196513006,active_cumulative,/home/oy/iCAT/result/mixT-fixed37-tenhour-20261004/mixT-fixed37-rep1/control-series.txt
1791136949,2026-10-05T03:02:29+09:00,19430.0,E_YCSB-B,1,1,3503482687488,855342453,643152677,1.751924185154411,active_cumulative,/home/oy/iCAT/result/mixT-fixed37-tenhour-20261004/mixT-fixed37-rep1/control-series.txt
1791136979,2026-10-05T03:02:59+09:00,19460.0,E_YCSB-B,1,1,3503745548288,855406628,643162208,1.7518789157663623,active_cumulative,/home/oy/iCAT/result/mixT-fixed37-tenhour-20261004/mixT-fixed37-rep1/control-series.txt
1791137009,2026-10-05T03:03:29+09:00,19490.0,E_YCSB-B,1,1,3503982399488,855464453,643170247,1.7518374898506741,active_cumulative,/home/oy/iCAT/result/mixT-fixed37-tenhour-20261004/mixT-fixed37-rep1/control-series.txt
1791137039,2026-10-05T03:03:59+09:00,19520.0,E_YCSB-B,1,1,3504245882880,855528780,643178820,1.7517909800766724,active_cumulative,/home/oy/iCAT/result/mixT-fixed37-tenhour-20261004/mixT-fixed37-rep1/control-series.txt
1791137069,2026-10-05T03:04:29+09:00,19550.0,E_YCSB-B,1,1,3504473960448,855584463,643187318,1.751751984537849,active_cumulative,/home/oy/iCAT/result/mixT-fixed37-tenhour-20261004/mixT-fixed37-rep1/control-series.txt
1791137099,2026-10-05T03:04:59+09:00,19580.0,E_YCSB-B,1,1,3504731521024,855647344,643197089,1.7517081581684897,active_cumulative,/home/oy/iCAT/result/mixT-fixed37-tenhour-20261004/mixT-fixed37-rep1/control-series.txt
1791137130,2026-10-05T03:05:30+09:00,19611.0,E_YCSB-B,1,1,3504994103296,855711451,643206381,1.7516627015430695,active_cumulative,/home/oy/iCAT/result/mixT-fixed37-tenhour-20261004/mixT-fixed37-rep1/control-series.txt
1791137160,2026-10-05T03:06:00+09:00,19641.0,E_YCSB-B,1,1,3505242398720,855772070,643215577,1.751620203029061,active_cumulative,/home/oy/iCAT/result/mixT-fixed37-tenhour-20261004/mixT-fixed37-rep1/control-series.txt
1791137190,2026-10-05T03:06:30+09:00,19671.0,E_YCSB-B,1,1,3505503657984,855835854,643225169,1.7515753938020924,active_cumulative,/home/oy/iCAT/result/mixT-fixed37-tenhour-20261004/mixT-fixed37-rep1/control-series.txt
1791137220,2026-10-05T03:07:00+09:00,19701.0,E_YCSB-B,1,1,3505503731712,855835872,643225176,1.7515753861740444,active_cumulative,/home/oy/iCAT/result/mixT-fixed37-tenhour-20261004/mixT-fixed37-rep1/control-series.txt
1791137250,2026-10-05T03:07:30+09:00,19731.0,E_YCSB-B,1,1,3505744343040,855894615,643234303,1.7515344666586086,active_cumulative,/home/oy/iCAT/result/mixT-fixed37-tenhour-20261004/mixT-fixed37-rep1/control-series.txt
1791137280,2026-10-05T03:08:00+09:00,19761.0,E_YCSB-B,1,1,3506006257664,855958559,643243960,1.7514896057018108,active_cumulative,/home/oy/iCAT/result/mixT-fixed37-tenhour-20261004/mixT-fixed37-rep1/control-series.txt
1791137310,2026-10-05T03:08:30+09:00,19791.0,E_YCSB-B,1,1,3506236424192,856014752,643252667,1.7514504457979247,active_cumulative,/home/oy/iCAT/result/mixT-fixed37-tenhour-20261004/mixT-fixed37-rep1/control-series.txt
1791137340,2026-10-05T03:09:00+09:00,19821.0,E_YCSB-B,1,1,3506491731968,856077083,643261862,1.7514064735219643,active_cumulative,/home/oy/iCAT/result/mixT-fixed37-tenhour-20261004/mixT-fixed37-rep1/control-series.txt
1791137370,2026-10-05T03:09:30+09:00,19851.0,E_YCSB-B,1,1,3506752135168,856140658,643271072,1.751361433415302,active_cumulative,/home/oy/iCAT/result/mixT-fixed37-tenhour-20261004/mixT-fixed37-rep1/control-series.txt
1791137400,2026-10-05T03:10:00+09:00,19881.0,E_YCSB-B,1,1,3507002331136,856201741,643279622,1.7513178158790965,active_cumulative,/home/oy/iCAT/result/mixT-fixed37-tenhour-20261004/mixT-fixed37-rep1/control-series.txt
1791137430,2026-10-05T03:10:30+09:00,19911.0,E_YCSB-B,1,1,3507264417792,856265727,643288068,1.7512715360613749,active_cumulative,/home/oy/iCAT/result/mixT-fixed37-tenhour-20261004/mixT-fixed37-rep1/control-series.txt
1791137460,2026-10-05T03:11:00+09:00,19941.0,E_YCSB-B,1,1,3507505676288,856324628,643296325,1.7512295033513856,active_cumulative,/home/oy/iCAT/result/mixT-fixed37-tenhour-20261004/mixT-fixed37-rep1/control-series.txt
1791137490,2026-10-05T03:11:30+09:00,19971.0,E_YCSB-B,1,1,3507768471552,856388787,643305551,1.751183995826886,active_cumulative,/home/oy/iCAT/result/mixT-fixed37-tenhour-20261004/mixT-fixed37-rep1/control-series.txt
1791137520,2026-10-05T03:12:00+09:00,20001.0,E_YCSB-B,1,1,3508001533952,856445687,643314262,1.75114426024309,active_cumulative,/home/oy/iCAT/result/mixT-fixed37-tenhour-20261004/mixT-fixed37-rep1/control-series.txt
1791137550,2026-10-05T03:12:30+09:00,20031.0,E_YCSB-B,1,1,3508258418688,856508403,643323817,1.7511004150650464,active_cumulative,/home/oy/iCAT/result/mixT-fixed37-tenhour-20261004/mixT-fixed37-rep1/control-series.txt
1791137580,2026-10-05T03:13:00+09:00,20061.0,F_FIO-Fast,1,1,3511360790528,857265818,645083616,1.7524896041055027,active_cumulative,/home/oy/iCAT/result/mixT-fixed37-tenhour-20261004/mixT-fixed37-rep1/control-series.txt
1791137610,2026-10-05T03:13:30+09:00,20091.0,F_FIO-Fast,1,1,3516277661696,858466226,650652416,1.7579243030115432,active_cumulative,/home/oy/iCAT/result/mixT-fixed37-tenhour-20261004/mixT-fixed37-rep1/control-series.txt
1791137640,2026-10-05T03:14:00+09:00,20121.0,F_FIO-Fast,1,1,3521194557440,859666640,656273976,1.76340519157519,active_cumulative,/home/oy/iCAT/result/mixT-fixed37-tenhour-20261004/mixT-fixed37-rep1/control-series.txt
1791137670,2026-10-05T03:14:30+09:00,20151.0,F_FIO-Fast,1,1,3526111080448,860866963,661902827,1.7688793454140255,active_cumulative,/home/oy/iCAT/result/mixT-fixed37-tenhour-20261004/mixT-fixed37-rep1/control-series.txt
1791137700,2026-10-05T03:15:00+09:00,20181.0,F_FIO-Fast,1,1,3531027841024,862067344,667538867,1.774346542234872,active_cumulative,/home/oy/iCAT/result/mixT-fixed37-tenhour-20261004/mixT-fixed37-rep1/control-series.txt
1791137730,2026-10-05T03:15:30+09:00,20211.0,F_FIO-Fast,1,1,3535944327168,863267658,673165495,1.7797876924516962,active_cumulative,/home/oy/iCAT/result/mixT-fixed37-tenhour-20261004/mixT-fixed37-rep1/control-series.txt
1791137760,2026-10-05T03:16:00+09:00,20241.0,F_FIO-Fast,1,1,3540861005824,864468019,678810125,1.7852345142683643,active_cumulative,/home/oy/iCAT/result/mixT-fixed37-tenhour-20261004/mixT-fixed37-rep1/control-series.txt
1791137790,2026-10-05T03:16:30+09:00,20271.0,F_FIO-Fast,1,1,3545777426432,865668317,684439322,1.7906484603386494,active_cumulative,/home/oy/iCAT/result/mixT-fixed37-tenhour-20261004/mixT-fixed37-rep1/control-series.txt
1791137820,2026-10-05T03:17:00+09:00,20301.0,F_FIO-Fast,1,1,3550693928960,866868635,690069971,1.7960490703415517,active_cumulative,/home/oy/iCAT/result/mixT-fixed37-tenhour-20261004/mixT-fixed37-rep1/control-series.txt
1791137850,2026-10-05T03:17:30+09:00,20331.0,F_FIO-Fast,1,1,3555610460160,868068960,695680094,1.8014110929620153,active_cumulative,/home/oy/iCAT/result/mixT-fixed37-tenhour-20261004/mixT-fixed37-rep1/control-series.txt
1791137880,2026-10-05T03:18:00+09:00,20361.0,F_FIO-Fast,1,1,3560526929920,869269270,701317860,1.8067901215465723,active_cumulative,/home/oy/iCAT/result/mixT-fixed37-tenhour-20261004/mixT-fixed37-rep1/control-series.txt
1791137910,2026-10-05T03:18:30+09:00,20391.0,F_FIO-Fast,1,1,3565443473408,870469598,706966235,1.8121664864853786,active_cumulative,/home/oy/iCAT/result/mixT-fixed37-tenhour-20261004/mixT-fixed37-rep1/control-series.txt
1791137940,2026-10-05T03:19:00+09:00,20421.0,F_FIO-Fast,1,1,3570360422400,871670025,712641260,1.8175585250852238,active_cumulative,/home/oy/iCAT/result/mixT-fixed37-tenhour-20261004/mixT-fixed37-rep1/control-series.txt
1791137970,2026-10-05T03:19:30+09:00,20451.0,F_FIO-Fast,1,1,3575277142016,872870396,718296185,1.8229127580585285,active_cumulative,/home/oy/iCAT/result/mixT-fixed37-tenhour-20261004/mixT-fixed37-rep1/control-series.txt
1791138000,2026-10-05T03:20:00+09:00,20481.0,F_FIO-Fast,1,1,3580193841152,874070762,723951307,1.8282525150978566,active_cumulative,/home/oy/iCAT/result/mixT-fixed37-tenhour-20261004/mixT-fixed37-rep1/control-series.txt
1791138030,2026-10-05T03:20:30+09:00,20511.0,F_FIO-Fast,1,1,3585110458368,875271108,729580089,1.8335475515318849,active_cumulative,/home/oy/iCAT/result/mixT-fixed37-tenhour-20261004/mixT-fixed37-rep1/control-series.txt
1791138060,2026-10-05T03:21:00+09:00,20541.0,F_FIO-Fast,1,1,3590027001856,876471436,735227634,1.8388495092953605,active_cumulative,/home/oy/iCAT/result/mixT-fixed37-tenhour-20261004/mixT-fixed37-rep1/control-series.txt
1791138090,2026-10-05T03:21:30+09:00,20571.0,F_FIO-Fast,1,1,3594943614976,877671781,740866385,1.8441269288114437,active_cumulative,/home/oy/iCAT/result/mixT-fixed37-tenhour-20261004/mixT-fixed37-rep1/control-series.txt
1791138120,2026-10-05T03:22:00+09:00,20601.0,F_FIO-Fast,1,1,3599860072448,878872088,746509071,1.8493944468060066,active_cumulative,/home/oy/iCAT/result/mixT-fixed37-tenhour-20261004/mixT-fixed37-rep1/control-series.txt
1791138150,2026-10-05T03:22:30+09:00,20631.0,F_FIO-Fast,1,1,3604776673280,880072430,752152906,1.854648867934654,active_cumulative,/home/oy/iCAT/result/mixT-fixed37-tenhour-20261004/mixT-fixed37-rep1/control-series.txt
1791138180,2026-10-05T03:23:00+09:00,20661.0,F_FIO-Fast,1,1,3609693192192,881272752,757828238,1.8599247353105501,active_cumulative,/home/oy/iCAT/result/mixT-fixed37-tenhour-20261004/mixT-fixed37-rep1/control-series.txt
1791138210,2026-10-05T03:23:30+09:00,20691.0,F_FIO-Fast,1,1,3614609809408,882473098,763485538,1.8651657934166284,active_cumulative,/home/oy/iCAT/result/mixT-fixed37-tenhour-20261004/mixT-fixed37-rep1/control-series.txt
1791138240,2026-10-05T03:24:00+09:00,20721.0,F_FIO-Fast,1,1,3619526488064,883673459,769149578,1.870400225520409,active_cumulative,/home/oy/iCAT/result/mixT-fixed37-tenhour-20261004/mixT-fixed37-rep1/control-series.txt
1791138270,2026-10-05T03:24:30+09:00,20751.0,F_FIO-Fast,1,1,3624443252736,884873841,774805836,1.8756116410045396,active_cumulative,/home/oy/iCAT/result/mixT-fixed37-tenhour-20261004/mixT-fixed37-rep1/control-series.txt
1791138300,2026-10-05T03:25:00+09:00,20781.0,F_FIO-Fast,1,1,3629360062464,886074234,780458374,1.8808047272481687,active_cumulative,/home/oy/iCAT/result/mixT-fixed37-tenhour-20261004/mixT-fixed37-rep1/control-series.txt
1791138330,2026-10-05T03:25:30+09:00,20811.0,F_FIO-Fast,1,1,3634276626432,887274567,786088058,1.8859580644330585,active_cumulative,/home/oy/iCAT/result/mixT-fixed37-tenhour-20261004/mixT-fixed37-rep1/control-series.txt
1791138360,2026-10-05T03:26:00+09:00,20841.0,F_FIO-Fast,1,1,3639193329664,888474934,791738959,1.8911213234069697,active_cumulative,/home/oy/iCAT/result/mixT-fixed37-tenhour-20261004/mixT-fixed37-rep1/control-series.txt
1791138390,2026-10-05T03:26:30+09:00,20871.0,F_FIO-Fast,1,1,3644109791232,889675242,797365636,1.8962434811690534,active_cumulative,/home/oy/iCAT/result/mixT-fixed37-tenhour-20261004/mixT-fixed37-rep1/control-series.txt
1791138420,2026-10-05T03:27:00+09:00,20901.0,F_FIO-Fast,1,1,3649026260992,890875552,803014924,1.901377215029917,active_cumulative,/home/oy/iCAT/result/mixT-fixed37-tenhour-20261004/mixT-fixed37-rep1/control-series.txt
1791138450,2026-10-05T03:27:30+09:00,20931.0,F_FIO-Fast,1,1,3653942841344,892075889,808683716,1.9065189699348548,active_cumulative,/home/oy/iCAT/result/mixT-fixed37-tenhour-20261004/mixT-fixed37-rep1/control-series.txt
1791138480,2026-10-05T03:28:00+09:00,20961.0,F_FIO-Fast,1,1,3658859692032,893276292,814355059,1.9116496948292454,active_cumulative,/home/oy/iCAT/result/mixT-fixed37-tenhour-20261004/mixT-fixed37-rep1/control-series.txt
1791138510,2026-10-05T03:28:30+09:00,20991.0,F_FIO-Fast,1,1,3663776256000,894476625,820013659,1.9167524741074145,active_cumulative,/home/oy/iCAT/result/mixT-fixed37-tenhour-20261004/mixT-fixed37-rep1/control-series.txt
1791138540,2026-10-05T03:29:00+09:00,21021.0,F_FIO-Fast,1,1,3668692660224,895676919,825673850,1.9218433929522751,active_cumulative,/home/oy/iCAT/result/mixT-fixed37-tenhour-20261004/mixT-fixed37-rep1/control-series.txt
1791138570,2026-10-05T03:29:30+09:00,21051.0,F_FIO-Fast,1,1,3673609048064,896877209,831318565,1.926903434113242,active_cumulative,/home/oy/iCAT/result/mixT-fixed37-tenhour-20261004/mixT-fixed37-rep1/control-series.txt
1791138600,2026-10-05T03:30:00+09:00,21081.0,F_FIO-Fast,1,1,3678525579264,898077534,836964896,1.9319517127571304,active_cumulative,/home/oy/iCAT/result/mixT-fixed37-tenhour-20261004/mixT-fixed37-rep1/control-series.txt
1791138630,2026-10-05T03:30:30+09:00,21111.0,F_FIO-Fast,1,1,3683442102272,899277857,842595668,1.9369692152889293,active_cumulative,/home/oy/iCAT/result/mixT-fixed37-tenhour-20261004/mixT-fixed37-rep1/control-series.txt
1791138660,2026-10-05T03:31:00+09:00,21141.0,F_FIO-Fast,1,1,3688359026688,900478278,848243386,1.9419920576918126,active_cumulative,/home/oy/iCAT/result/mixT-fixed37-tenhour-20261004/mixT-fixed37-rep1/control-series.txt
1791138690,2026-10-05T03:31:30+09:00,21171.0,F_FIO-Fast,1,1,3693275840512,901678672,853903264,1.947015040408985,active_cumulative,/home/oy/iCAT/result/mixT-fixed37-tenhour-20261004/mixT-fixed37-rep1/control-series.txt
1791138720,2026-10-05T03:32:00+09:00,21201.0,F_FIO-Fast,1,1,3698192429056,902879011,859562699,1.9520242341750484,active_cumulative,/home/oy/iCAT/result/mixT-fixed37-tenhour-20261004/mixT-fixed37-rep1/control-series.txt
1791138750,2026-10-05T03:32:30+09:00,21231.0,F_FIO-Fast,1,1,3703109038080,904079355,865218688,1.95701630970215,active_cumulative,/home/oy/iCAT/result/mixT-fixed37-tenhour-20261004/mixT-fixed37-rep1/control-series.txt
1791138780,2026-10-05T03:33:00+09:00,21261.0,F_FIO-Fast,1,1,3708025597952,905279687,870876723,1.9619974196990901,active_cumulative,/home/oy/iCAT/result/mixT-fixed37-tenhour-20261004/mixT-fixed37-rep1/control-series.txt
1791138810,2026-10-05T03:33:30+09:00,21291.0,F_FIO-Fast,1,1,3712942260224,906480044,876528534,1.9669584452539808,active_cumulative,/home/oy/iCAT/result/mixT-fixed37-tenhour-20261004/mixT-fixed37-rep1/control-series.txt
1791138840,2026-10-05T03:34:00+09:00,21321.0,F_FIO-Fast,1,1,3717858836480,907680380,882193913,1.9719213199254124,active_cumulative,/home/oy/iCAT/result/mixT-fixed37-tenhour-20261004/mixT-fixed37-rep1/control-series.txt
1791138870,2026-10-05T03:34:30+09:00,21351.0,F_FIO-Fast,1,1,3722775539712,908880747,887830686,1.9768395787131796,active_cumulative,/home/oy/iCAT/result/mixT-fixed37-tenhour-20261004/mixT-fixed37-rep1/control-series.txt
1791138900,2026-10-05T03:35:00+09:00,21381.0,F_FIO-Fast,1,1,3727692337152,910081137,893468743,1.9817462495104983,active_cumulative,/home/oy/iCAT/result/mixT-fixed37-tenhour-20261004/mixT-fixed37-rep1/control-series.txt
1791138930,2026-10-05T03:35:30+09:00,21411.0,F_FIO-Fast,1,1,3732608774144,911281439,899108827,1.9866423132535678,active_cumulative,/home/oy/iCAT/result/mixT-fixed37-tenhour-20261004/mixT-fixed37-rep1/control-series.txt
1791138960,2026-10-05T03:36:00+09:00,21441.0,F_FIO-Fast,1,1,3737525391360,912481785,904777478,1.9915567552945728,active_cumulative,/home/oy/iCAT/result/mixT-fixed37-tenhour-20261004/mixT-fixed37-rep1/control-series.txt
1791138990,2026-10-05T03:36:30+09:00,21471.0,F_FIO-Fast,1,1,3742442029056,913682136,910432095,1.9964429194005824,active_cumulative,/home/oy/iCAT/result/mixT-fixed37-tenhour-20261004/mixT-fixed37-rep1/control-series.txt
1791139020,2026-10-05T03:37:00+09:00,21501.0,F_FIO-Fast,1,1,3747358502912,914882447,916095526,2.0013259397466614,active_cumulative,/home/oy/iCAT/result/mixT-fixed37-tenhour-20261004/mixT-fixed37-rep1/control-series.txt
1791139050,2026-10-05T03:37:30+09:00,21531.0,F_FIO-Fast,1,1,3752275312640,916082840,921749029,2.0061852364792685,active_cumulative,/home/oy/iCAT/result/mixT-fixed37-tenhour-20261004/mixT-fixed37-rep1/control-series.txt
1791139080,2026-10-05T03:38:00+09:00,21561.0,F_FIO-Fast,1,1,3757191794688,917283153,927394843,2.011023520890937,active_cumulative,/home/oy/iCAT/result/mixT-fixed37-tenhour-20261004/mixT-fixed37-rep1/control-series.txt
1791139110,2026-10-05T03:38:30+09:00,21591.0,F_FIO-Fast,1,1,3762108436480,918483505,933027198,2.015834462917219,active_cumulative,/home/oy/iCAT/result/mixT-fixed37-tenhour-20261004/mixT-fixed37-rep1/control-series.txt
1791139140,2026-10-05T03:39:00+09:00,21621.0,F_FIO-Fast,1,1,3767025016832,919683842,938672823,2.0206472921810885,active_cumulative,/home/oy/iCAT/result/mixT-fixed37-tenhour-20261004/mixT-fixed37-rep1/control-series.txt
1791139170,2026-10-05T03:39:30+09:00,21651.0,F_FIO-Fast,1,1,3771941773312,920884222,944313399,2.0254420441139884,active_cumulative,/home/oy/iCAT/result/mixT-fixed37-tenhour-20261004/mixT-fixed37-rep1/control-series.txt
1791139200,2026-10-05T03:40:00+09:00,21681.0,F_FIO-Fast,1,1,3776858382336,922084566,949980970,2.03025362860265,active_cumulative,/home/oy/iCAT/result/mixT-fixed37-tenhour-20261004/mixT-fixed37-rep1/control-series.txt
1791139230,2026-10-05T03:40:30+09:00,21711.0,F_FIO-Fast,1,1,3781774987264,923284909,955659726,2.035064817679155,active_cumulative,/home/oy/iCAT/result/mixT-fixed37-tenhour-20261004/mixT-fixed37-rep1/control-series.txt
1791139260,2026-10-05T03:41:00+09:00,21741.0,F_FIO-Fast,1,1,3786691702784,924485279,961329825,2.039854118650601,active_cumulative,/home/oy/iCAT/result/mixT-fixed37-tenhour-20261004/mixT-fixed37-rep1/control-series.txt
1791139290,2026-10-05T03:41:30+09:00,21771.0,F_FIO-Fast,1,1,3791608258560,925685610,966982985,2.0446127438450725,active_cumulative,/home/oy/iCAT/result/mixT-fixed37-tenhour-20261004/mixT-fixed37-rep1/control-series.txt
1791139320,2026-10-05T03:42:00+09:00,21801.0,F_FIO-Fast,1,1,3796524908544,926885964,972641400,2.0493646875420803,active_cumulative,/home/oy/iCAT/result/mixT-fixed37-tenhour-20261004/mixT-fixed37-rep1/control-series.txt
1791139350,2026-10-05T03:42:30+09:00,21831.0,F_FIO-Fast,1,1,3801442275328,928086493,978283601,2.054086670131078,active_cumulative,/home/oy/iCAT/result/mixT-fixed37-tenhour-20261004/mixT-fixed37-rep1/control-series.txt
1791139380,2026-10-05T03:43:00+09:00,21861.0,F_FIO-Fast,1,1,3806359031808,929286873,983947422,2.058819887150176,active_cumulative,/home/oy/iCAT/result/mixT-fixed37-tenhour-20261004/mixT-fixed37-rep1/control-series.txt
1791139410,2026-10-05T03:43:30+09:00,21891.0,F_FIO-Fast,1,1,3811275628544,930487214,989587970,2.063515924894805,active_cumulative,/home/oy/iCAT/result/mixT-fixed37-tenhour-20261004/mixT-fixed37-rep1/control-series.txt
1791139440,2026-10-05T03:44:00+09:00,21921.0,F_FIO-Fast,1,1,3816192385024,931687594,995228371,2.0681996598529357,active_cumulative,/home/oy/iCAT/result/mixT-fixed37-tenhour-20261004/mixT-fixed37-rep1/control-series.txt
1791139470,2026-10-05T03:44:30+09:00,21951.0,F_FIO-Fast,1,1,3821108940800,932887925,1000881024,2.072884531118784,active_cumulative,/home/oy/iCAT/result/mixT-fixed37-tenhour-20261004/mixT-fixed37-rep1/control-series.txt
1791139500,2026-10-05T03:45:00+09:00,21981.0,F_FIO-Fast,1,1,3826025811968,934088333,1006555952,2.077581119943182,active_cumulative,/home/oy/iCAT/result/mixT-fixed37-tenhour-20261004/mixT-fixed37-rep1/control-series.txt
1791139530,2026-10-05T03:45:30+09:00,22011.0,F_FIO-Fast,1,1,3830942560256,935288711,1012221292,2.0822554363109385,active_cumulative,/home/oy/iCAT/result/mixT-fixed37-tenhour-20261004/mixT-fixed37-rep1/control-series.txt
1791139560,2026-10-05T03:46:00+09:00,22041.0,F_FIO-Fast,1,1,3835859279872,936489082,1017894599,2.086926285169441,active_cumulative,/home/oy/iCAT/result/mixT-fixed37-tenhour-20261004/mixT-fixed37-rep1/control-series.txt
1791139590,2026-10-05T03:46:30+09:00,22071.0,F_FIO-Fast,1,1,3840775856128,937689418,1023553330,2.091569671526356,active_cumulative,/home/oy/iCAT/result/mixT-fixed37-tenhour-20261004/mixT-fixed37-rep1/control-series.txt
1791139620,2026-10-05T03:47:00+09:00,22101.0,F_FIO-Fast,1,1,3845692669952,938889812,1029204138,2.0961926786782517,active_cumulative,/home/oy/iCAT/result/mixT-fixed37-tenhour-20261004/mixT-fixed37-rep1/control-series.txt
1791139650,2026-10-05T03:47:30+09:00,22131.0,F_FIO-Fast,1,1,3850609197056,940090136,1034849380,2.1007980409231735,active_cumulative,/home/oy/iCAT/result/mixT-fixed37-tenhour-20261004/mixT-fixed37-rep1/control-series.txt
1791139680,2026-10-05T03:48:00+09:00,22161.0,F_FIO-Fast,1,1,3855526080512,941290547,1040483144,2.1053793616818295,active_cumulative,/home/oy/iCAT/result/mixT-fixed37-tenhour-20261004/mixT-fixed37-rep1/control-series.txt
1791139710,2026-10-05T03:48:30+09:00,22191.0,F_FIO-Fast,1,1,3860442759168,942490908,1046138145,2.1099716040974266,active_cumulative,/home/oy/iCAT/result/mixT-fixed37-tenhour-20261004/mixT-fixed37-rep1/control-series.txt
1791139740,2026-10-05T03:49:00+09:00,22221.0,F_FIO-Fast,1,1,3865359310848,943691238,1051810391,2.1145704745856717,active_cumulative,/home/oy/iCAT/result/mixT-fixed37-tenhour-20261004/mixT-fixed37-rep1/control-series.txt
1791139770,2026-10-05T03:49:30+09:00,22251.0,F_FIO-Fast,1,1,3870275973120,944891595,1057466296,2.1191403348232765,active_cumulative,/home/oy/iCAT/result/mixT-fixed37-tenhour-20261004/mixT-fixed37-rep1/control-series.txt
1791139800,2026-10-05T03:50:00+09:00,22281.0,F_FIO-Fast,1,1,3875192713216,946091971,1063128250,2.1237049701164836,active_cumulative,/home/oy/iCAT/result/mixT-fixed37-tenhour-20261004/mixT-fixed37-rep1/control-series.txt
1791139830,2026-10-05T03:50:30+09:00,22311.0,F_FIO-Fast,1,1,3880109621248,947292388,1068799653,2.128267963027272,active_cumulative,/home/oy/iCAT/result/mixT-fixed37-tenhour-20261004/mixT-fixed37-rep1/control-series.txt
1791139860,2026-10-05T03:51:00+09:00,22341.0,F_FIO-Fast,1,1,3885026410496,948492776,1074472343,2.132820797572421,active_cumulative,/home/oy/iCAT/result/mixT-fixed37-tenhour-20261004/mixT-fixed37-rep1/control-series.txt
1791139890,2026-10-05T03:51:30+09:00,22371.0,F_FIO-Fast,1,1,3889942917120,949693095,1080121100,2.137337004645696,active_cumulative,/home/oy/iCAT/result/mixT-fixed37-tenhour-20261004/mixT-fixed37-rep1/control-series.txt
1791139920,2026-10-05T03:52:00+09:00,22401.0,F_FIO-Fast,1,1,3894859513856,950893436,1085783353,2.1418559765933645,active_cumulative,/home/oy/iCAT/result/mixT-fixed37-tenhour-20261004/mixT-fixed37-rep1/control-series.txt
1791139950,2026-10-05T03:52:30+09:00,22431.0,F_FIO-Fast,1,1,3899776192512,952093797,1091435104,2.1463524995531507,active_cumulative,/home/oy/iCAT/result/mixT-fixed37-tenhour-20261004/mixT-fixed37-rep1/control-series.txt
1791139980,2026-10-05T03:53:00+09:00,22461.0,F_FIO-Fast,1,1,3904692805632,953294142,1097089673,2.1508406741053907,active_cumulative,/home/oy/iCAT/result/mixT-fixed37-tenhour-20261004/mixT-fixed37-rep1/control-series.txt
1791140010,2026-10-05T03:53:30+09:00,22491.0,F_FIO-Fast,1,1,3909609877504,954494599,1102750648,2.1553241360981237,active_cumulative,/home/oy/iCAT/result/mixT-fixed37-tenhour-20261004/mixT-fixed37-rep1/control-series.txt
1791140040,2026-10-05T03:54:00+09:00,22521.0,F_FIO-Fast,1,1,3914526392320,955694920,1108414081,2.1597990716535356,active_cumulative,/home/oy/iCAT/result/mixT-fixed37-tenhour-20261004/mixT-fixed37-rep1/control-series.txt
1791140070,2026-10-05T03:54:30+09:00,22551.0,F_FIO-Fast,1,1,3919443152896,956895301,1114083366,2.1642688231781797,active_cumulative,/home/oy/iCAT/result/mixT-fixed37-tenhour-20261004/mixT-fixed37-rep1/control-series.txt
1791140100,2026-10-05T03:55:00+09:00,22581.0,F_FIO-Fast,1,1,3924359806976,958095656,1119738131,2.1687122512117933,active_cumulative,/home/oy/iCAT/result/mixT-fixed37-tenhour-20261004/mixT-fixed37-rep1/control-series.txt
1791140130,2026-10-05T03:55:30+09:00,22611.0,F_FIO-Fast,1,1,3929276289024,959295969,1125398626,2.173150583727721,active_cumulative,/home/oy/iCAT/result/mixT-fixed37-tenhour-20261004/mixT-fixed37-rep1/control-series.txt
1791140160,2026-10-05T03:56:00+09:00,22641.0,F_FIO-Fast,1,1,3934192910336,960496316,1131042421,2.177560394724096,active_cumulative,/home/oy/iCAT/result/mixT-fixed37-tenhour-20261004/mixT-fixed37-rep1/control-series.txt
1791140190,2026-10-05T03:56:30+09:00,22671.0,F_FIO-Fast,1,1,3939109535744,961696664,1136705115,2.1819788479582374,active_cumulative,/home/oy/iCAT/result/mixT-fixed37-tenhour-20261004/mixT-fixed37-rep1/control-series.txt
1791140220,2026-10-05T03:57:00+09:00,22701.0,F_FIO-Fast,1,1,3944026107904,962896999,1142355086,2.1863730878654444,active_cumulative,/home/oy/iCAT/result/mixT-fixed37-tenhour-20261004/mixT-fixed37-rep1/control-series.txt
1791140250,2026-10-05T03:57:30+09:00,22731.0,F_FIO-Fast,1,1,3948942864384,964097379,1148024717,2.190776722358458,active_cumulative,/home/oy/iCAT/result/mixT-fixed37-tenhour-20261004/mixT-fixed37-rep1/control-series.txt
1791140280,2026-10-05T03:58:00+09:00,22761.0,F_FIO-Fast,1,1,3953859584000,965297750,1153690912,2.195165856338109,active_cumulative,/home/oy/iCAT/result/mixT-fixed37-tenhour-20261004/mixT-fixed37-rep1/control-series.txt
1791140310,2026-10-05T03:58:30+09:00,22791.0,F_FIO-Fast,1,1,3958776164352,966498087,1159369697,2.1995571564954375,active_cumulative,/home/oy/iCAT/result/mixT-fixed37-tenhour-20261004/mixT-fixed37-rep1/control-series.txt
1791140340,2026-10-05T03:59:00+09:00,22821.0,F_FIO-Fast,1,1,3963692986368,967698483,1165049040,2.2039380659027032,active_cumulative,/home/oy/iCAT/result/mixT-fixed37-tenhour-20261004/mixT-fixed37-rep1/control-series.txt
1791140370,2026-10-05T03:59:30+09:00,22851.0,F_FIO-Fast,1,1,3968609693696,968898851,1170727884,2.208307639947857,active_cumulative,/home/oy/iCAT/result/mixT-fixed37-tenhour-20261004/mixT-fixed37-rep1/control-series.txt
1791140400,2026-10-05T04:00:00+09:00,22881.0,F_FIO-Fast,1,1,3973526343680,970099205,1176374775,2.212633480098564,active_cumulative,/home/oy/iCAT/result/mixT-fixed37-tenhour-20261004/mixT-fixed37-rep1/control-series.txt
1791140430,2026-10-05T04:00:30+09:00,22911.0,F_FIO-Fast,1,1,3978442960896,971299551,1182025239,2.216952316906816,active_cumulative,/home/oy/iCAT/result/mixT-fixed37-tenhour-20261004/mixT-fixed37-rep1/control-series.txt
1791140460,2026-10-05T04:01:00+09:00,22941.0,F_FIO-Fast,1,1,3983359602688,972499903,1187664504,2.2212489691117225,active_cumulative,/home/oy/iCAT/result/mixT-fixed37-tenhour-20261004/mixT-fixed37-rep1/control-series.txt
1791140490,2026-10-05T04:01:30+09:00,22971.0,F_FIO-Fast,1,1,3988276318208,973700273,1193325771,2.225557601337963,active_cumulative,/home/oy/iCAT/result/mixT-fixed37-tenhour-20261004/mixT-fixed37-rep1/control-series.txt
1791140521,2026-10-05T04:02:01+09:00,23002.0,F_FIO-Fast,1,1,3993192894464,974900609,1198987069,2.2298556980386497,active_cumulative,/home/oy/iCAT/result/mixT-fixed37-tenhour-20261004/mixT-fixed37-rep1/control-series.txt
1791140551,2026-10-05T04:02:31+09:00,23032.0,F_FIO-Fast,1,1,3998109626368,976100983,1204673408,2.234168829845344,active_cumulative,/home/oy/iCAT/result/mixT-fixed37-tenhour-20261004/mixT-fixed37-rep1/control-series.txt
1791140581,2026-10-05T04:03:01+09:00,23062.0,F_FIO-Fast,1,1,4003026690048,977301438,1210337219,2.2384482125360385,active_cumulative,/home/oy/iCAT/result/mixT-fixed37-tenhour-20261004/mixT-fixed37-rep1/control-series.txt
1791140611,2026-10-05T04:03:31+09:00,23092.0,F_FIO-Fast,1,1,4007943360512,978501797,1216021650,2.2427382900350463,active_cumulative,/home/oy/iCAT/result/mixT-fixed37-tenhour-20261004/mixT-fixed37-rep1/control-series.txt
1791140641,2026-10-05T04:04:01+09:00,23122.0,F_FIO-Fast,1,1,4012860059648,979702163,1221679980,2.2469912042033533,active_cumulative,/home/oy/iCAT/result/mixT-fixed37-tenhour-20261004/mixT-fixed37-rep1/control-series.txt
1791140671,2026-10-05T04:04:31+09:00,23152.0,F_FIO-Fast,1,1,4017776795648,980902538,1227330674,2.2512259133332977,active_cumulative,/home/oy/iCAT/result/mixT-fixed37-tenhour-20261004/mixT-fixed37-rep1/control-series.txt
1791140701,2026-10-05T04:05:01+09:00,23182.0,F_FIO-Fast,1,1,4022693396480,982102880,1232974756,2.2554435804118604,active_cumulative,/home/oy/iCAT/result/mixT-fixed37-tenhour-20261004/mixT-fixed37-rep1/control-series.txt
1791140731,2026-10-05T04:05:31+09:00,23212.0,F_FIO-Fast,1,1,4027609821184,983303179,1238634860,2.2596672994179348,active_cumulative,/home/oy/iCAT/result/mixT-fixed37-tenhour-20261004/mixT-fixed37-rep1/control-series.txt
1791140761,2026-10-05T04:06:01+09:00,23242.0,F_FIO-Fast,1,1,4032526655488,984503578,1244284374,2.2638698343054675,active_cumulative,/home/oy/iCAT/result/mixT-fixed37-tenhour-20261004/mixT-fixed37-rep1/control-series.txt
1791140791,2026-10-05T04:06:31+09:00,23272.0,F_FIO-Fast,1,1,4037443215360,985703910,1249956818,2.268085482180952,active_cumulative,/home/oy/iCAT/result/mixT-fixed37-tenhour-20261004/mixT-fixed37-rep1/control-series.txt
1791140821,2026-10-05T04:07:01+09:00,23302.0,F_FIO-Fast,1,1,4042359705600,986904225,1255640796,2.2723025843769187,active_cumulative,/home/oy/iCAT/result/mixT-fixed37-tenhour-20261004/mixT-fixed37-rep1/control-series.txt
1791140851,2026-10-05T04:07:31+09:00,23332.0,F_FIO-Fast,1,1,4047276290048,988104563,1261315013,2.2764995327726263,active_cumulative,/home/oy/iCAT/result/mixT-fixed37-tenhour-20261004/mixT-fixed37-rep1/control-series.txt
1791140881,2026-10-05T04:08:01+09:00,23362.0,F_FIO-Fast,1,1,4052192858112,989304897,1266971898,2.2806687825381298,active_cumulative,/home/oy/iCAT/result/mixT-fixed37-tenhour-20261004/mixT-fixed37-rep1/control-series.txt
1791140911,2026-10-05T04:08:31+09:00,23392.0,F_FIO-Fast,1,1,4057109487616,990505246,1272637406,2.284836613576098,active_cumulative,/home/oy/iCAT/result/mixT-fixed37-tenhour-20261004/mixT-fixed37-rep1/control-series.txt
1791140941,2026-10-05T04:09:01+09:00,23422.0,F_FIO-Fast,1,1,4062025949184,991705554,1278287852,2.2889792205398902,active_cumulative,/home/oy/iCAT/result/mixT-fixed37-tenhour-20261004/mixT-fixed37-rep1/control-series.txt
1791140971,2026-10-05T04:09:31+09:00,23452.0,F_FIO-Fast,1,1,4066942922752,992905987,1283942070,2.293115447797174,active_cumulative,/home/oy/iCAT/result/mixT-fixed37-tenhour-20261004/mixT-fixed37-rep1/control-series.txt
1791141001,2026-10-05T04:10:01+09:00,23482.0,F_FIO-Fast,1,1,4071859527680,994106330,1289590746,2.2972362282412986,active_cumulative,/home/oy/iCAT/result/mixT-fixed37-tenhour-20261004/mixT-fixed37-rep1/control-series.txt
1791141031,2026-10-05T04:10:31+09:00,23512.0,F_FIO-Fast,1,1,4076776161280,995306680,1295269946,2.3013777281189354,active_cumulative,/home/oy/iCAT/result/mixT-fixed37-tenhour-20261004/mixT-fixed37-rep1/control-series.txt
1791141061,2026-10-05T04:11:01+09:00,23542.0,F_FIO-Fast,1,1,4081692766208,996507023,1300936867,2.3054969377772263,active_cumulative,/home/oy/iCAT/result/mixT-fixed37-tenhour-20261004/mixT-fixed37-rep1/control-series.txt
1791141091,2026-10-05T04:11:31+09:00,23572.0,F_FIO-Fast,1,1,4086609555456,997707411,1306623963,2.309626398074335,active_cumulative,/home/oy/iCAT/result/mixT-fixed37-tenhour-20261004/mixT-fixed37-rep1/control-series.txt
1791141121,2026-10-05T04:12:01+09:00,23602.0,F_FIO-Fast,1,1,4091526225920,998907770,1312281346,2.313716226273823,active_cumulative,/home/oy/iCAT/result/mixT-fixed37-tenhour-20261004/mixT-fixed37-rep1/control-series.txt
1791141151,2026-10-05T04:12:31+09:00,23632.0,F_FIO-Fast,1,1,4096442646528,1000108068,1317955476,2.3178130625779536,active_cumulative,/home/oy/iCAT/result/mixT-fixed37-tenhour-20261004/mixT-fixed37-rep1/control-series.txt
1791141181,2026-10-05T04:13:01+09:00,23662.0,F_FIO-Fast,1,1,4101359423488,1001308453,1323605263,2.321875650839033,active_cumulative,/home/oy/iCAT/result/mixT-fixed37-tenhour-20261004/mixT-fixed37-rep1/control-series.txt
1791141211,2026-10-05T04:13:31+09:00,23692.0,F_FIO-Fast,1,1,4106276134912,1002508822,1329259364,2.325932834534198,active_cumulative,/home/oy/iCAT/result/mixT-fixed37-tenhour-20261004/mixT-fixed37-rep1/control-series.txt
1791141241,2026-10-05T04:14:01+09:00,23722.0,F_FIO-Fast,1,1,4111192694784,1003709154,1334893196,2.3299601689196114,active_cumulative,/home/oy/iCAT/result/mixT-fixed37-tenhour-20261004/mixT-fixed37-rep1/control-series.txt
1791141271,2026-10-05T04:14:31+09:00,23752.0,F_FIO-Fast,1,1,4116109238272,1004909482,1340545153,2.333995924022936,active_cumulative,/home/oy/iCAT/result/mixT-fixed37-tenhour-20261004/mixT-fixed37-rep1/control-series.txt
1791141301,2026-10-05T04:15:01+09:00,23782.0,F_FIO-Fast,1,1,4121026052096,1006109876,1346226303,2.3380509774461253,active_cumulative,/home/oy/iCAT/result/mixT-fixed37-tenhour-20261004/mixT-fixed37-rep1/control-series.txt
1791141331,2026-10-05T04:15:31+09:00,23812.0,F_FIO-Fast,1,1,4125942611968,1007310208,1351913536,2.342102487657903,active_cumulative,/home/oy/iCAT/result/mixT-fixed37-tenhour-20261004/mixT-fixed37-rep1/control-series.txt
1791141361,2026-10-05T04:16:01+09:00,23842.0,F_FIO-Fast,1,1,4130859368448,1008510588,1357593972,2.3461375499212904,active_cumulative,/home/oy/iCAT/result/mixT-fixed37-tenhour-20261004/mixT-fixed37-rep1/control-series.txt
1791141391,2026-10-05T04:16:31+09:00,23872.0,F_FIO-Fast,1,1,4135776018432,1009710942,1363262867,2.3501516228988235,active_cumulative,/home/oy/iCAT/result/mixT-fixed37-tenhour-20261004/mixT-fixed37-rep1/control-series.txt
1791141421,2026-10-05T04:17:01+09:00,23902.0,F_FIO-Fast,1,1,4140692684800,1010911300,1368924274,2.354148750736093,active_cumulative,/home/oy/iCAT/result/mixT-fixed37-tenhour-20261004/mixT-fixed37-rep1/control-series.txt
1791141451,2026-10-05T04:17:31+09:00,23932.0,F_FIO-Fast,1,1,4145609338880,1012111655,1374593683,2.358144307704865,active_cumulative,/home/oy/iCAT/result/mixT-fixed37-tenhour-20261004/mixT-fixed37-rep1/control-series.txt
1791141481,2026-10-05T04:18:01+09:00,23962.0,F_FIO-Fast,1,1,4150526021632,1013312017,1380241176,2.3621087610174865,active_cumulative,/home/oy/iCAT/result/mixT-fixed37-tenhour-20261004/mixT-fixed37-rep1/control-series.txt
1791141511,2026-10-05T04:18:31+09:00,23992.0,F_FIO-Fast,1,1,4155442733056,1014512386,1385892150,2.3660672546978643,active_cumulative,/home/oy/iCAT/result/mixT-fixed37-tenhour-20261004/mixT-fixed37-rep1/control-series.txt
1791141541,2026-10-05T04:19:01+09:00,24022.0,F_FIO-Fast,1,1,4160359849984,1015712854,1391532314,2.3700056157800677,active_cumulative,/home/oy/iCAT/result/mixT-fixed37-tenhour-20261004/mixT-fixed37-rep1/control-series.txt
1791141571,2026-10-05T04:19:31+09:00,24052.0,G_Varmail,1,1,4165448429568,1016955183,1397222855,2.3739276600943384,active_cumulative,/home/oy/iCAT/result/mixT-fixed37-tenhour-20261004/mixT-fixed37-rep1/control-series.txt
1791141601,2026-10-05T04:20:01+09:00,24082.0,G_Varmail,1,1,4176556032000,1019667000,1406195773,2.3790735338105478,active_cumulative,/home/oy/iCAT/result/mixT-fixed37-tenhour-20261004/mixT-fixed37-rep1/control-series.txt
1791141631,2026-10-05T04:20:31+09:00,24112.0,G_Varmail,1,1,4188327706624,1022540944,1414916908,2.383726408514357,active_cumulative,/home/oy/iCAT/result/mixT-fixed37-tenhour-20261004/mixT-fixed37-rep1/control-series.txt
1791141661,2026-10-05T04:21:01+09:00,24142.0,G_Varmail,1,1,4200502517760,1025513310,1423468350,2.3880544856116983,active_cumulative,/home/oy/iCAT/result/mixT-fixed37-tenhour-20261004/mixT-fixed37-rep1/control-series.txt
1791141691,2026-10-05T04:21:31+09:00,24172.0,G_Varmail,1,1,4213112705024,1028591969,1431953455,2.3921491691133356,active_cumulative,/home/oy/iCAT/result/mixT-fixed37-tenhour-20261004/mixT-fixed37-rep1/control-series.txt
1791141721,2026-10-05T04:22:01+09:00,24202.0,G_Varmail,1,1,4226015473664,1031742059,1440417165,2.3961020125476926,active_cumulative,/home/oy/iCAT/result/mixT-fixed37-tenhour-20261004/mixT-fixed37-rep1/control-series.txt
1791141751,2026-10-05T04:22:31+09:00,24232.0,G_Varmail,1,1,4239060598784,1034926904,1448750195,2.399857506265003,active_cumulative,/home/oy/iCAT/result/mixT-fixed37-tenhour-20261004/mixT-fixed37-rep1/control-series.txt
1791141781,2026-10-05T04:23:01+09:00,24262.0,G_Varmail,1,1,4251945369600,1038072600,1456760954,2.403332439368884,active_cumulative,/home/oy/iCAT/result/mixT-fixed37-tenhour-20261004/mixT-fixed37-rep1/control-series.txt
1791141811,2026-10-05T04:23:31+09:00,24292.0,G_Varmail,1,1,4265196924928,1041307843,1464785515,2.406678654008755,active_cumulative,/home/oy/iCAT/result/mixT-fixed37-tenhour-20261004/mixT-fixed37-rep1/control-series.txt
1791141841,2026-10-05T04:24:01+09:00,24322.0,G_Varmail,1,1,4278626017280,1044586430,1472676510,2.4098177687412616,active_cumulative,/home/oy/iCAT/result/mixT-fixed37-tenhour-20261004/mixT-fixed37-rep1/control-series.txt
1791141871,2026-10-05T04:24:31+09:00,24352.0,G_Varmail,1,1,4292154773504,1047889349,1480464676,2.4128063019371333,active_cumulative,/home/oy/iCAT/result/mixT-fixed37-tenhour-20261004/mixT-fixed37-rep1/control-series.txt
1791141901,2026-10-05T04:25:01+09:00,24382.0,G_Varmail,1,1,4305827127296,1051227326,1488144933,2.4156261887355086,active_cumulative,/home/oy/iCAT/result/mixT-fixed37-tenhour-20261004/mixT-fixed37-rep1/control-series.txt
1791141931,2026-10-05T04:25:31+09:00,24412.0,G_Varmail,1,1,4319407316992,1054542802,1495596558,2.4182416827117086,active_cumulative,/home/oy/iCAT/result/mixT-fixed37-tenhour-20261004/mixT-fixed37-rep1/control-series.txt
1791141961,2026-10-05T04:26:01+09:00,24442.0,G_Varmail,1,1,4332761800704,1057803174,1502779512,2.4206608081136274,active_cumulative,/home/oy/iCAT/result/mixT-fixed37-tenhour-20261004/mixT-fixed37-rep1/control-series.txt
1791141991,2026-10-05T04:26:31+09:00,24472.0,G_Varmail,1,1,4346275778560,1061102485,1509933782,2.422985812722887,active_cumulative,/home/oy/iCAT/result/mixT-fixed37-tenhour-20261004/mixT-fixed37-rep1/control-series.txt
1791142021,2026-10-05T04:27:01+09:00,24502.0,G_Varmail,1,1,4360019972096,1064458001,1517077728,2.42521144711655,active_cumulative,/home/oy/iCAT/result/mixT-fixed37-tenhour-20261004/mixT-fixed37-rep1/control-series.txt
1791142051,2026-10-05T04:27:31+09:00,24532.0,G_Varmail,1,1,4373858512896,1067836551,1524155740,2.427330557820548,active_cumulative,/home/oy/iCAT/result/mixT-fixed37-tenhour-20261004/mixT-fixed37-rep1/control-series.txt
1791142081,2026-10-05T04:28:01+09:00,24562.0,G_Varmail,1,1,4387860504576,1071255006,1531199000,2.429350613461684,active_cumulative,/home/oy/iCAT/result/mixT-fixed37-tenhour-20261004/mixT-fixed37-rep1/control-series.txt
1791142111,2026-10-05T04:28:31+09:00,24592.0,G_Varmail,1,1,4401985531904,1074703499,1538203151,2.4312814208116764,active_cumulative,/home/oy/iCAT/result/mixT-fixed37-tenhour-20261004/mixT-fixed37-rep1/control-series.txt
1791142141,2026-10-05T04:29:01+09:00,24622.0,G_Varmail,1,1,4416185786368,1078170358,1545150179,2.4331224815587076,active_cumulative,/home/oy/iCAT/result/mixT-fixed37-tenhour-20261004/mixT-fixed37-rep1/control-series.txt
1791142171,2026-10-05T04:29:31+09:00,24652.0,G_Varmail,1,1,4430420721664,1081645684,1552013163,2.434862807625274,active_cumulative,/home/oy/iCAT/result/mixT-fixed37-tenhour-20261004/mixT-fixed37-rep1/control-series.txt
1791142201,2026-10-05T04:30:01+09:00,24682.0,G_Varmail,1,1,4444790341632,1085153892,1558793850,2.4364726159964785,active_cumulative,/home/oy/iCAT/result/mixT-fixed37-tenhour-20261004/mixT-fixed37-rep1/control-series.txt
1791142231,2026-10-05T04:30:31+09:00,24712.0,G_Varmail,1,1,4459209748480,1088674255,1565511821,2.4379983854766545,active_cumulative,/home/oy/iCAT/result/mixT-fixed37-tenhour-20261004/mixT-fixed37-rep1/control-series.txt
1791142261,2026-10-05T04:31:01+09:00,24742.0,G_Varmail,1,1,4473687461888,1092208853,1572178267,2.439448382680341,active_cumulative,/home/oy/iCAT/result/mixT-fixed37-tenhour-20261004/mixT-fixed37-rep1/control-series.txt
1791142291,2026-10-05T04:31:31+09:00,24772.0,G_Varmail,1,1,4488234713088,1095760428,1578799393,2.440825341613815,active_cumulative,/home/oy/iCAT/result/mixT-fixed37-tenhour-20261004/mixT-fixed37-rep1/control-series.txt
1791142321,2026-10-05T04:32:01+09:00,24802.0,G_Varmail,1,1,4502830751744,1099323914,1585375710,2.442137016952039,active_cumulative,/home/oy/iCAT/result/mixT-fixed37-tenhour-20261004/mixT-fixed37-rep1/control-series.txt
1791142351,2026-10-05T04:32:31+09:00,24832.0,G_Varmail,1,1,4517517938688,1102909653,1591894288,2.443358740826979,active_cumulative,/home/oy/iCAT/result/mixT-fixed37-tenhour-20261004/mixT-fixed37-rep1/control-series.txt
1791142381,2026-10-05T04:33:01+09:00,24862.0,G_Varmail,1,1,4532210188288,1106496628,1598343733,2.4445084535765975,active_cumulative,/home/oy/iCAT/result/mixT-fixed37-tenhour-20261004/mixT-fixed37-rep1/control-series.txt
1791142411,2026-10-05T04:33:31+09:00,24892.0,G_Varmail,1,1,4546934784000,1110091500,1604750451,2.445601962540926,active_cumulative,/home/oy/iCAT/result/mixT-fixed37-tenhour-20261004/mixT-fixed37-rep1/control-series.txt
1791142441,2026-10-05T04:34:01+09:00,24922.0,G_Varmail,1,1,4561717125120,1113700470,1611139246,2.4466540056322326,active_cumulative,/home/oy/iCAT/result/mixT-fixed37-tenhour-20261004/mixT-fixed37-rep1/control-series.txt
1791142471,2026-10-05T04:34:31+09:00,24952.0,G_Varmail,1,1,4576563564544,1117325089,1617512071,2.447664683201256,active_cumulative,/home/oy/iCAT/result/mixT-fixed37-tenhour-20261004/mixT-fixed37-rep1/control-series.txt
1791142501,2026-10-05T04:35:01+09:00,24982.0,G_Varmail,1,1,4591444611072,1120958157,1623857617,2.4486335701824062,active_cumulative,/home/oy/iCAT/result/mixT-fixed37-tenhour-20261004/mixT-fixed37-rep1/control-series.txt
1791142531,2026-10-05T04:35:31+09:00,25012.0,G_Varmail,1,1,4606396768256,1124608586,1630186636,2.449559123319729,active_cumulative,/home/oy/iCAT/result/mixT-fixed37-tenhour-20261004/mixT-fixed37-rep1/control-series.txt
1791142561,2026-10-05T04:36:01+09:00,25042.0,G_Varmail,1,1,4621371006976,1128264406,1636474116,2.450434939981613,active_cumulative,/home/oy/iCAT/result/mixT-fixed37-tenhour-20261004/mixT-fixed37-rep1/control-series.txt
1791142591,2026-10-05T04:36:31+09:00,25072.0,G_Varmail,1,1,4636347351040,1131920740,1642736128,2.4512819404651953,active_cumulative,/home/oy/iCAT/result/mixT-fixed37-tenhour-20261004/mixT-fixed37-rep1/control-series.txt
1791142621,2026-10-05T04:37:01+09:00,25102.0,G_Varmail,1,1,4651404017664,1135596684,1648982179,2.4520843555052156,active_cumulative,/home/oy/iCAT/result/mixT-fixed37-tenhour-20261004/mixT-fixed37-rep1/control-series.txt
1791142651,2026-10-05T04:37:31+09:00,25132.0,G_Varmail,1,1,4666454634496,1139271151,1655198647,2.452857509423584,active_cumulative,/home/oy/iCAT/result/mixT-fixed37-tenhour-20261004/mixT-fixed37-rep1/control-series.txt
1791142681,2026-10-05T04:38:01+09:00,25162.0,G_Varmail,1,1,4681548636160,1142956210,1661396181,2.4535956552526192,active_cumulative,/home/oy/iCAT/result/mixT-fixed37-tenhour-20261004/mixT-fixed37-rep1/control-series.txt
1791142711,2026-10-05T04:38:31+09:00,25192.0,G_Varmail,1,1,4696608423936,1146632916,1667497141,2.4542554271135195,active_cumulative,/home/oy/iCAT/result/mixT-fixed37-tenhour-20261004/mixT-fixed37-rep1/control-series.txt
1791142741,2026-10-05T04:39:01+09:00,25222.0,G_Varmail,1,1,4711728893952,1150324437,1673540103,2.4548418247677373,active_cumulative,/home/oy/iCAT/result/mixT-fixed37-tenhour-20261004/mixT-fixed37-rep1/control-series.txt
1791142771,2026-10-05T04:39:31+09:00,25252.0,G_Varmail,1,1,4726843260928,1154014468,1679585189,2.455428190524211,active_cumulative,/home/oy/iCAT/result/mixT-fixed37-tenhour-20261004/mixT-fixed37-rep1/control-series.txt
1791142801,2026-10-05T04:40:01+09:00,25282.0,G_Varmail,1,1,4742048169984,1157726604,1685600738,2.455957505145144,active_cumulative,/home/oy/iCAT/result/mixT-fixed37-tenhour-20261004/mixT-fixed37-rep1/control-series.txt
1791142831,2026-10-05T04:40:31+09:00,25312.0,G_Varmail,1,1,4757225164800,1161431925,1691584107,2.4564642753383934,active_cumulative,/home/oy/iCAT/result/mixT-fixed37-tenhour-20261004/mixT-fixed37-rep1/control-series.txt
1791142861,2026-10-05T04:41:01+09:00,25342.0,G_Varmail,1,1,4772392525824,1165134894,1697514759,2.4569255180164573,active_cumulative,/home/oy/iCAT/result/mixT-fixed37-tenhour-20261004/mixT-fixed37-rep1/control-series.txt
1791142891,2026-10-05T04:41:31+09:00,25372.0,G_Varmail,1,1,4787573280768,1168841133,1703445067,2.45737946664134,active_cumulative,/home/oy/iCAT/result/mixT-fixed37-tenhour-20261004/mixT-fixed37-rep1/control-series.txt
1791142921,2026-10-05T04:42:01+09:00,25402.0,G_Varmail,1,1,4802808483840,1172560665,1709369307,2.45780884351941,active_cumulative,/home/oy/iCAT/result/mixT-fixed37-tenhour-20261004/mixT-fixed37-rep1/control-series.txt
1791142951,2026-10-05T04:42:31+09:00,25432.0,G_Varmail,1,1,4818096590848,1176293113,1715268707,2.4581983759348933,active_cumulative,/home/oy/iCAT/result/mixT-fixed37-tenhour-20261004/mixT-fixed37-rep1/control-series.txt
1791142981,2026-10-05T04:43:01+09:00,25462.0,G_Varmail,1,1,4833491320832,1180051592,1721158873,2.458545443833442,active_cumulative,/home/oy/iCAT/result/mixT-fixed37-tenhour-20261004/mixT-fixed37-rep1/control-series.txt
1791143011,2026-10-05T04:43:31+09:00,25492.0,G_Varmail,1,1,4848881147904,1183808874,1727019554,2.458866876174473,active_cumulative,/home/oy/iCAT/result/mixT-fixed37-tenhour-20261004/mixT-fixed37-rep1/control-series.txt
1791143041,2026-10-05T04:44:01+09:00,25522.0,G_Varmail,1,1,4864304562176,1187574356,1732827924,2.4591321505430015,active_cumulative,/home/oy/iCAT/result/mixT-fixed37-tenhour-20261004/mixT-fixed37-rep1/control-series.txt
1791143071,2026-10-05T04:44:31+09:00,25552.0,G_Varmail,1,1,4879763263488,1191348453,1738576811,2.4593352655320904,active_cumulative,/home/oy/iCAT/result/mixT-fixed37-tenhour-20261004/mixT-fixed37-rep1/control-series.txt
1791143101,2026-10-05T04:45:01+09:00,25582.0,G_Varmail,1,1,4895288836096,1195138876,1744306348,2.4595009693250076,active_cumulative,/home/oy/iCAT/result/mixT-fixed37-tenhour-20261004/mixT-fixed37-rep1/control-series.txt
1791143131,2026-10-05T04:45:31+09:00,25612.0,G_Varmail,1,1,4910897573888,1198949603,1750039275,2.4596437336657595,active_cumulative,/home/oy/iCAT/result/mixT-fixed37-tenhour-20261004/mixT-fixed37-rep1/control-series.txt
1791143161,2026-10-05T04:46:01+09:00,25642.0,G_Varmail,1,1,4926449991680,1202746580,1755721981,2.459760526610685,active_cumulative,/home/oy/iCAT/result/mixT-fixed37-tenhour-20261004/mixT-fixed37-rep1/control-series.txt
1791143191,2026-10-05T04:46:31+09:00,25672.0,G_Varmail,1,1,4942056886272,1206556857,1761373707,2.4598348157247263,active_cumulative,/home/oy/iCAT/result/mixT-fixed37-tenhour-20261004/mixT-fixed37-rep1/control-series.txt
1791143221,2026-10-05T04:47:01+09:00,25702.0,G_Varmail,1,1,4957696147456,1210375036,1767007861,2.459884588201305,active_cumulative,/home/oy/iCAT/result/mixT-fixed37-tenhour-20261004/mixT-fixed37-rep1/control-series.txt
1791143251,2026-10-05T04:47:31+09:00,25732.0,G_Varmail,1,1,4973416329216,1214212971,1772642251,2.4599104879764955,active_cumulative,/home/oy/iCAT/result/mixT-fixed37-tenhour-20261004/mixT-fixed37-rep1/control-series.txt
1791143281,2026-10-05T04:48:01+09:00,25762.0,G_Varmail,1,1,4989140299776,1218051831,1778252004,2.459914889286842,active_cumulative,/home/oy/iCAT/result/mixT-fixed37-tenhour-20261004/mixT-fixed37-rep1/control-series.txt
1791143311,2026-10-05T04:48:31+09:00,25792.0,G_Varmail,1,1,5004905738240,1221900815,1783819018,2.459872189380609,active_cumulative,/home/oy/iCAT/result/mixT-fixed37-tenhour-20261004/mixT-fixed37-rep1/control-series.txt
1791143341,2026-10-05T04:49:01+09:00,25822.0,G_Varmail,1,1,5020688744448,1225754088,1789378347,2.4598183799816136,active_cumulative,/home/oy/iCAT/result/mixT-fixed37-tenhour-20261004/mixT-fixed37-rep1/control-series.txt
1791143371,2026-10-05T04:49:31+09:00,25852.0,G_Varmail,1,1,5036509167616,1229616496,1794935908,2.459752625179485,active_cumulative,/home/oy/iCAT/result/mixT-fixed37-tenhour-20261004/mixT-fixed37-rep1/control-series.txt
1791143401,2026-10-05T04:50:01+09:00,25882.0,G_Varmail,1,1,5052322807808,1233477248,1800470942,2.4596709788683513,active_cumulative,/home/oy/iCAT/result/mixT-fixed37-tenhour-20261004/mixT-fixed37-rep1/control-series.txt
1791143431,2026-10-05T04:50:31+09:00,25912.0,G_Varmail,1,1,5068153262080,1237342105,1806002045,2.459581822765176,active_cumulative,/home/oy/iCAT/result/mixT-fixed37-tenhour-20261004/mixT-fixed37-rep1/control-series.txt
1791143461,2026-10-05T04:51:01+09:00,25942.0,G_Varmail,1,1,5083979190272,1241205857,1811503627,2.4594707370930493,active_cumulative,/home/oy/iCAT/result/mixT-fixed37-tenhour-20261004/mixT-fixed37-rep1/control-series.txt
1791143491,2026-10-05T04:51:31+09:00,25972.0,G_Varmail,1,1,5099840299008,1245078198,1816987187,2.4593357990836813,active_cumulative,/home/oy/iCAT/result/mixT-fixed37-tenhour-20261004/mixT-fixed37-rep1/control-series.txt
1791143521,2026-10-05T04:52:01+09:00,26002.0,G_Varmail,1,1,5115720990720,1248955320,1822471569,2.4591967701454687,active_cumulative,/home/oy/iCAT/result/mixT-fixed37-tenhour-20261004/mixT-fixed37-rep1/control-series.txt
1791143551,2026-10-05T04:52:31+09:00,26032.0,G_Varmail,1,1,5131608354816,1252834071,1827950063,2.459052004820517,active_cumulative,/home/oy/iCAT/result/mixT-fixed37-tenhour-20261004/mixT-fixed37-rep1/control-series.txt
1791143581,2026-10-05T04:53:01+09:00,26062.0,G_Varmail,1,1,5147507904512,1256715797,1833404719,2.458885710975112,active_cumulative,/home/oy/iCAT/result/mixT-fixed37-tenhour-20261004/mixT-fixed37-rep1/control-series.txt
1791143611,2026-10-05T04:53:31+09:00,26092.0,G_Varmail,1,1,5163435511808,1260604373,1838851374,2.45870616775974,active_cumulative,/home/oy/iCAT/result/mixT-fixed37-tenhour-20261004/mixT-fixed37-rep1/control-series.txt
1791143641,2026-10-05T04:54:01+09:00,26122.0,G_Varmail,1,1,5179434950656,1264510486,1844315395,2.458521234437592,active_cumulative,/home/oy/iCAT/result/mixT-fixed37-tenhour-20261004/mixT-fixed37-rep1/control-series.txt
1791143671,2026-10-05T04:54:31+09:00,26152.0,G_Varmail,1,1,5195416342528,1268412193,1849730575,2.4583040002359864,active_cumulative,/home/oy/iCAT/result/mixT-fixed37-tenhour-20261004/mixT-fixed37-rep1/control-series.txt
1791143701,2026-10-05T04:55:01+09:00,26182.0,G_Varmail,1,1,5211372273664,1272307684,1855137438,2.458088685095138,active_cumulative,/home/oy/iCAT/result/mixT-fixed37-tenhour-20261004/mixT-fixed37-rep1/control-series.txt
1791143731,2026-10-05T04:55:31+09:00,26212.0,G_Varmail,1,1,5227379818496,1276215776,1860556680,2.4578699895338074,active_cumulative,/home/oy/iCAT/result/mixT-fixed37-tenhour-20261004/mixT-fixed37-rep1/control-series.txt
1791143761,2026-10-05T04:56:01+09:00,26242.0,G_Varmail,1,1,5243392286720,1280125070,1865969774,2.4576464579355513,active_cumulative,/home/oy/iCAT/result/mixT-fixed37-tenhour-20261004/mixT-fixed37-rep1/control-series.txt
1791143791,2026-10-05T04:56:31+09:00,26272.0,G_Varmail,1,1,5259426918400,1284039775,1871385531,2.4574202197124304,active_cumulative,/home/oy/iCAT/result/mixT-fixed37-tenhour-20261004/mixT-fixed37-rep1/control-series.txt
1791143821,2026-10-05T04:57:01+09:00,26302.0,G_Varmail,1,1,5275494789120,1287962595,1876793052,2.457179780908156,active_cumulative,/home/oy/iCAT/result/mixT-fixed37-tenhour-20261004/mixT-fixed37-rep1/control-series.txt
1791143851,2026-10-05T04:57:31+09:00,26332.0,G_Varmail,1,1,5291558481920,1291884395,1882181175,2.4569269373363705,active_cumulative,/home/oy/iCAT/result/mixT-fixed37-tenhour-20261004/mixT-fixed37-rep1/control-series.txt
1791143881,2026-10-05T04:58:01+09:00,26362.0,G_Varmail,1,1,5307664953344,1295816639,1887570688,2.4566649564375598,active_cumulative,/home/oy/iCAT/result/mixT-fixed37-tenhour-20261004/mixT-fixed37-rep1/control-series.txt
1791143911,2026-10-05T04:58:31+09:00,26392.0,G_Varmail,1,1,5323744186368,1299742233,1892937925,2.456394873490273,active_cumulative,/home/oy/iCAT/result/mixT-fixed37-tenhour-20261004/mixT-fixed37-rep1/control-series.txt
1791143941,2026-10-05T04:59:01+09:00,26422.0,G_Varmail,1,1,5339773915136,1303655741,1898297439,2.4561339925093,active_cumulative,/home/oy/iCAT/result/mixT-fixed37-tenhour-20261004/mixT-fixed37-rep1/control-series.txt
1791143971,2026-10-05T04:59:31+09:00,26452.0,G_Varmail,1,1,5355825254400,1307574525,1903638868,2.4558549678076664,active_cumulative,/home/oy/iCAT/result/mixT-fixed37-tenhour-20261004/mixT-fixed37-rep1/control-series.txt
1791144001,2026-10-05T05:00:01+09:00,26482.0,G_Varmail,1,1,5371909554176,1311501356,1908964571,2.455556688726748,active_cumulative,/home/oy/iCAT/result/mixT-fixed37-tenhour-20261004/mixT-fixed37-rep1/control-series.txt
1791144031,2026-10-05T05:00:31+09:00,26512.0,G_Varmail,1,1,5387991879680,1315427705,1914288335,2.4552592496901986,active_cumulative,/home/oy/iCAT/result/mixT-fixed37-tenhour-20261004/mixT-fixed37-rep1/control-series.txt
1791144061,2026-10-05T05:01:01+09:00,26542.0,G_Varmail,1,1,5404077424640,1319354840,1919610407,2.454961431755539,active_cumulative,/home/oy/iCAT/result/mixT-fixed37-tenhour-20261004/mixT-fixed37-rep1/control-series.txt
1791144091,2026-10-05T05:01:31+09:00,26572.0,G_Varmail,1,1,5420198989824,1323290769,1924901946,2.454632640908266,active_cumulative,/home/oy/iCAT/result/mixT-fixed37-tenhour-20261004/mixT-fixed37-rep1/control-series.txt
1791144121,2026-10-05T05:02:01+09:00,26602.0,G_Varmail,1,1,5436348497920,1327233520,1930205679,2.454307512516712,active_cumulative,/home/oy/iCAT/result/mixT-fixed37-tenhour-20261004/mixT-fixed37-rep1/control-series.txt
1791144151,2026-10-05T05:02:31+09:00,26632.0,G_Varmail,1,1,5452440662016,1331162271,1935463659,2.45396523111043,active_cumulative,/home/oy/iCAT/result/mixT-fixed37-tenhour-20261004/mixT-fixed37-rep1/control-series.txt
1791144181,2026-10-05T05:03:01+09:00,26662.0,G_Varmail,1,1,5468586409984,1335104104,1940753165,2.4536343339710083,active_cumulative,/home/oy/iCAT/result/mixT-fixed37-tenhour-20261004/mixT-fixed37-rep1/control-series.txt
1791144211,2026-10-05T05:03:31+09:00,26692.0,G_Varmail,1,1,5484769427456,1339055036,1946041035,2.453294287898111,active_cumulative,/home/oy/iCAT/result/mixT-fixed37-tenhour-20261004/mixT-fixed37-rep1/control-series.txt
1791144241,2026-10-05T05:04:01+09:00,26722.0,G_Varmail,1,1,5500956278784,1343006904,1951296098,2.452930801910457,active_cumulative,/home/oy/iCAT/result/mixT-fixed37-tenhour-20261004/mixT-fixed37-rep1/control-series.txt
1791144271,2026-10-05T05:04:31+09:00,26752.0,G_Varmail,1,1,5517145161728,1346959268,1956558449,2.4525743246157314,active_cumulative,/home/oy/iCAT/result/mixT-fixed37-tenhour-20261004/mixT-fixed37-rep1/control-series.txt
1791144301,2026-10-05T05:05:01+09:00,26782.0,G_Varmail,1,1,5533350416384,1350915629,1961839909,2.452229781701637,active_cumulative,/home/oy/iCAT/result/mixT-fixed37-tenhour-20261004/mixT-fixed37-rep1/control-series.txt
1791144331,2026-10-05T05:05:31+09:00,26812.0,G_Varmail,1,1,5549565956096,1354874501,1967097270,2.451866773304932,active_cumulative,/home/oy/iCAT/result/mixT-fixed37-tenhour-20261004/mixT-fixed37-rep1/control-series.txt
1791144361,2026-10-05T05:06:01+09:00,26842.0,G_Varmail,1,1,5565767634944,1358829989,1972333899,2.4514942376650772,active_cumulative,/home/oy/iCAT/result/mixT-fixed37-tenhour-20261004/mixT-fixed37-rep1/control-series.txt
1791144391,2026-10-05T05:06:31+09:00,26872.0,G_Varmail,1,1,5581956784128,1362782418,1977551174,2.4511129200670387,active_cumulative,/home/oy/iCAT/result/mixT-fixed37-tenhour-20261004/mixT-fixed37-rep1/control-series.txt
1791144421,2026-10-05T05:07:01+09:00,26902.0,G_Varmail,1,1,5598203625472,1366748932,1982773133,2.4507222845226995,active_cumulative,/home/oy/iCAT/result/mixT-fixed37-tenhour-20261004/mixT-fixed37-rep1/control-series.txt
1791144451,2026-10-05T05:07:31+09:00,26932.0,G_Varmail,1,1,5614419542016,1370707896,1987973656,2.4503262597387123,active_cumulative,/home/oy/iCAT/result/mixT-fixed37-tenhour-20261004/mixT-fixed37-rep1/control-series.txt
1791144481,2026-10-05T05:08:01+09:00,26962.0,G_Varmail,1,1,5630643576832,1374668842,1993176714,2.4499322695785666,active_cumulative,/home/oy/iCAT/result/mixT-fixed37-tenhour-20261004/mixT-fixed37-rep1/control-series.txt
1791144511,2026-10-05T05:08:31+09:00,26992.0,G_Varmail,1,1,5646879387648,1378632663,1998378996,2.4495369576195802,active_cumulative,/home/oy/iCAT/result/mixT-fixed37-tenhour-20261004/mixT-fixed37-rep1/control-series.txt
1791144541,2026-10-05T05:09:01+09:00,27022.0,G_Varmail,1,1,5663101300736,1382593091,2003555274,2.449128660516357,active_cumulative,/home/oy/iCAT/result/mixT-fixed37-tenhour-20261004/mixT-fixed37-rep1/control-series.txt
1791144571,2026-10-05T05:09:31+09:00,27052.0,G_Varmail,1,1,5679351685120,1386560470,2008728428,2.4487131801759787,active_cumulative,/home/oy/iCAT/result/mixT-fixed37-tenhour-20261004/mixT-fixed37-rep1/control-series.txt
1791144602,2026-10-05T05:10:02+09:00,27083.0,G_Varmail,1,1,5695615221760,1390531060,2013894524,2.448291650529547,active_cumulative,/home/oy/iCAT/result/mixT-fixed37-tenhour-20261004/mixT-fixed37-rep1/control-series.txt
1791144632,2026-10-05T05:10:32+09:00,27113.0,G_Varmail,1,1,5711894638592,1394505527,2019049898,2.4478608072236057,active_cumulative,/home/oy/iCAT/result/mixT-fixed37-tenhour-20261004/mixT-fixed37-rep1/control-series.txt
1791144662,2026-10-05T05:11:02+09:00,27143.0,G_Varmail,1,1,5728159178752,1398476362,2024185786,2.447422238231582,active_cumulative,/home/oy/iCAT/result/mixT-fixed37-tenhour-20261004/mixT-fixed37-rep1/control-series.txt
1791144692,2026-10-05T05:11:32+09:00,27173.0,G_Varmail,1,1,5744434188288,1402449753,2029318969,2.4469815867977127,active_cumulative,/home/oy/iCAT/result/mixT-fixed37-tenhour-20261004/mixT-fixed37-rep1/control-series.txt
1791144722,2026-10-05T05:12:02+09:00,27203.0,G_Varmail,1,1,5760677564416,1406415421,2034449401,2.446549412515294,active_cumulative,/home/oy/iCAT/result/mixT-fixed37-tenhour-20261004/mixT-fixed37-rep1/control-series.txt
1791144752,2026-10-05T05:12:32+09:00,27233.0,G_Varmail,1,1,5776981663744,1410395914,2039581837,2.44610588895963,active_cumulative,/home/oy/iCAT/result/mixT-fixed37-tenhour-20261004/mixT-fixed37-rep1/control-series.txt
1791144782,2026-10-05T05:13:02+09:00,27263.0,G_Varmail,1,1,5793269182464,1414372359,2044700537,2.445659287661461,active_cumulative,/home/oy/iCAT/result/mixT-fixed37-tenhour-20261004/mixT-fixed37-rep1/control-series.txt
1791144812,2026-10-05T05:13:32+09:00,27293.0,G_Varmail,1,1,5809572409344,1418352639,2049788375,2.4451895238445003,active_cumulative,/home/oy/iCAT/result/mixT-fixed37-tenhour-20261004/mixT-fixed37-rep1/control-series.txt
1791144842,2026-10-05T05:14:02+09:00,27323.0,G_Varmail,1,1,5825793363968,1422312833,2054870111,2.444738501491113,active_cumulative,/home/oy/iCAT/result/mixT-fixed37-tenhour-20261004/mixT-fixed37-rep1/control-series.txt
1791144872,2026-10-05T05:14:32+09:00,27353.0,G_Varmail,1,1,5842053754880,1426282655,2059929951,2.444264882405094,active_cumulative,/home/oy/iCAT/result/mixT-fixed37-tenhour-20261004/mixT-fixed37-rep1/control-series.txt
1791144902,2026-10-05T05:15:02+09:00,27383.0,G_Varmail,1,1,5858261823488,1430239703,2064981753,2.4438011675026194,active_cumulative,/home/oy/iCAT/result/mixT-fixed37-tenhour-20261004/mixT-fixed37-rep1/control-series.txt
1791144932,2026-10-05T05:15:32+09:00,27413.0,G_Varmail,1,1,5874574319616,1434222246,2070044409,2.4433219222287814,active_cumulative,/home/oy/iCAT/result/mixT-fixed37-tenhour-20261004/mixT-fixed37-rep1/control-series.txt
1791144962,2026-10-05T05:16:02+09:00,27443.0,G_Varmail,1,1,5890918977536,1438212641,2075121087,2.442847203426854,active_cumulative,/home/oy/iCAT/result/mixT-fixed37-tenhour-20261004/mixT-fixed37-rep1/control-series.txt
1791144992,2026-10-05T05:16:32+09:00,27473.0,G_Varmail,1,1,5907260657664,1442202309,2080165657,2.4423535755135166,active_cumulative,/home/oy/iCAT/result/mixT-fixed37-tenhour-20261004/mixT-fixed37-rep1/control-series.txt
1791145022,2026-10-05T05:17:02+09:00,27503.0,G_Varmail,1,1,5923562872832,1446182342,2085215342,2.4418758143017074,active_cumulative,/home/oy/iCAT/result/mixT-fixed37-tenhour-20261004/mixT-fixed37-rep1/control-series.txt
1791145052,2026-10-05T05:17:32+09:00,27533.0,G_Varmail,1,1,5939876433920,1450165145,2090243900,2.4413833536179768,active_cumulative,/home/oy/iCAT/result/mixT-fixed37-tenhour-20261004/mixT-fixed37-rep1/control-series.txt
1791145082,2026-10-05T05:18:02+09:00,27563.0,G_Varmail,1,1,5956218888192,1454155002,2095263666,2.44088055476771,active_cumulative,/home/oy/iCAT/result/mixT-fixed37-tenhour-20261004/mixT-fixed37-rep1/control-series.txt
1791145112,2026-10-05T05:18:32+09:00,27593.0,G_Varmail,1,1,5972532129792,1458137727,2100277314,2.4403833568733937,active_cumulative,/home/oy/iCAT/result/mixT-fixed37-tenhour-20261004/mixT-fixed37-rep1/control-series.txt
1791145142,2026-10-05T05:19:02+09:00,27623.0,G_Varmail,1,1,5988871122944,1462126739,2105274287,2.43987127165178,active_cumulative,/home/oy/iCAT/result/mixT-fixed37-tenhour-20261004/mixT-fixed37-rep1/control-series.txt
1791145172,2026-10-05T05:19:32+09:00,27653.0,G_Varmail,1,1,6005209157632,1466115517,2110267701,2.4393597752229503,active_cumulative,/home/oy/iCAT/result/mixT-fixed37-tenhour-20261004/mixT-fixed37-rep1/control-series.txt
1791145202,2026-10-05T05:20:02+09:00,27683.0,G_Varmail,1,1,6021531766784,1470100529,2115247331,2.4388453641594463,active_cumulative,/home/oy/iCAT/result/mixT-fixed37-tenhour-20261004/mixT-fixed37-rep1/control-series.txt
1791145232,2026-10-05T05:20:32+09:00,27713.0,G_Varmail,1,1,6037868933120,1474089095,2120230611,2.4383327427030457,active_cumulative,/home/oy/iCAT/result/mixT-fixed37-tenhour-20261004/mixT-fixed37-rep1/control-series.txt
1791145262,2026-10-05T05:21:02+09:00,27743.0,G_Varmail,1,1,6054214320128,1478079668,2125218627,2.4378241396660627,active_cumulative,/home/oy/iCAT/result/mixT-fixed37-tenhour-20261004/mixT-fixed37-rep1/control-series.txt
1791145292,2026-10-05T05:21:32+09:00,27773.0,G_Varmail,1,1,6070567288832,1482072092,2130219562,2.437325197268474,active_cumulative,/home/oy/iCAT/result/mixT-fixed37-tenhour-20261004/mixT-fixed37-rep1/control-series.txt
1791145322,2026-10-05T05:22:02+09:00,27803.0,G_Varmail,1,1,6086913884160,1486062960,2135217099,2.4368281536335443,active_cumulative,/home/oy/iCAT/result/mixT-fixed37-tenhour-20261004/mixT-fixed37-rep1/control-series.txt
1791145352,2026-10-05T05:22:32+09:00,27833.0,G_Varmail,1,1,6103282532352,1490059212,2140210108,2.4363255438200664,active_cumulative,/home/oy/iCAT/result/mixT-fixed37-tenhour-20261004/mixT-fixed37-rep1/control-series.txt
1791145382,2026-10-05T05:23:02+09:00,27863.0,G_Varmail,1,1,6119691038720,1494065195,2145201837,2.4358154143333755,active_cumulative,/home/oy/iCAT/result/mixT-fixed37-tenhour-20261004/mixT-fixed37-rep1/control-series.txt
1791145412,2026-10-05T05:23:32+09:00,27893.0,G_Varmail,1,1,6136075132928,1498065218,2150160491,2.4352916449596123,active_cumulative,/home/oy/iCAT/result/mixT-fixed37-tenhour-20261004/mixT-fixed37-rep1/control-series.txt
1791145442,2026-10-05T05:24:02+09:00,27923.0,G_Varmail,1,1,6152488415232,1502072367,2155117887,2.4347630209750073,active_cumulative,/home/oy/iCAT/result/mixT-fixed37-tenhour-20261004/mixT-fixed37-rep1/control-series.txt
1791145472,2026-10-05T05:24:32+09:00,27953.0,G_Varmail,1,1,6168907485184,1506080929,2160079090,2.434238392112327,active_cumulative,/home/oy/iCAT/result/mixT-fixed37-tenhour-20261004/mixT-fixed37-rep1/control-series.txt
1791145502,2026-10-05T05:25:02+09:00,27983.0,G_Varmail,1,1,6185288392704,1510080174,2165036835,2.4337231044263747,active_cumulative,/home/oy/iCAT/result/mixT-fixed37-tenhour-20261004/mixT-fixed37-rep1/control-series.txt
1791145532,2026-10-05T05:25:32+09:00,28013.0,G_Varmail,1,1,6201710821376,1514089556,2169994018,2.433200572185969,active_cumulative,/home/oy/iCAT/result/mixT-fixed37-tenhour-20261004/mixT-fixed37-rep1/control-series.txt
1791145562,2026-10-05T05:26:02+09:00,28043.0,G_Varmail,1,1,6218124546048,1518096813,2174933137,2.4326709063448906,active_cumulative,/home/oy/iCAT/result/mixT-fixed37-tenhour-20261004/mixT-fixed37-rep1/control-series.txt
1791145592,2026-10-05T05:26:32+09:00,28073.0,H_YCSB-A,1,1,6221584560128,1518941543,2175978609,2.4325624439123,active_cumulative,/home/oy/iCAT/result/mixT-fixed37-tenhour-20261004/mixT-fixed37-rep1/control-series.txt
1791145622,2026-10-05T05:27:02+09:00,28103.0,H_YCSB-A,1,1,6222006644736,1519044591,2176106517,2.4325494655607516,active_cumulative,/home/oy/iCAT/result/mixT-fixed37-tenhour-20261004/mixT-fixed37-rep1/control-series.txt
1791145652,2026-10-05T05:27:32+09:00,28133.0,H_YCSB-A,1,1,6222445735936,1519151791,2176111132,2.432451414593369,active_cumulative,/home/oy/iCAT/result/mixT-fixed37-tenhour-20261004/mixT-fixed37-rep1/control-series.txt
1791145682,2026-10-05T05:28:02+09:00,28163.0,H_YCSB-A,1,1,6222888570880,1519259905,2176112197,2.4323501790827553,active_cumulative,/home/oy/iCAT/result/mixT-fixed37-tenhour-20261004/mixT-fixed37-rep1/control-series.txt
1791145712,2026-10-05T05:28:32+09:00,28193.0,H_YCSB-A,1,1,6223327473664,1519367059,2176112513,2.4322493699661027,active_cumulative,/home/oy/iCAT/result/mixT-fixed37-tenhour-20261004/mixT-fixed37-rep1/control-series.txt
1791145742,2026-10-05T05:29:02+09:00,28223.0,H_YCSB-A,1,1,6223764180992,1519473677,2176112515,2.432148873612899,active_cumulative,/home/oy/iCAT/result/mixT-fixed37-tenhour-20261004/mixT-fixed37-rep1/control-series.txt
1791145772,2026-10-05T05:29:32+09:00,28253.0,H_YCSB-A,1,1,6224204537856,1519581186,2176112529,2.432047559583302,active_cumulative,/home/oy/iCAT/result/mixT-fixed37-tenhour-20261004/mixT-fixed37-rep1/control-series.txt
1791145802,2026-10-05T05:30:02+09:00,28283.0,H_YCSB-A,1,1,6224646995968,1519689208,2176112607,2.431945818621619,active_cumulative,/home/oy/iCAT/result/mixT-fixed37-tenhour-20261004/mixT-fixed37-rep1/control-series.txt
1791145832,2026-10-05T05:30:32+09:00,28313.0,H_YCSB-A,1,1,6225087078400,1519796650,2176112710,2.431844655006971,active_cumulative,/home/oy/iCAT/result/mixT-fixed37-tenhour-20261004/mixT-fixed37-rep1/control-series.txt
1791145862,2026-10-05T05:31:02+09:00,28343.0,H_YCSB-A,1,1,6225538547712,1519906872,2176114434,2.4317419534635807,active_cumulative,/home/oy/iCAT/result/mixT-fixed37-tenhour-20261004/mixT-fixed37-rep1/control-series.txt
1791145892,2026-10-05T05:31:32+09:00,28373.0,H_YCSB-A,1,1,6225953165312,1520008097,2176114734,2.4316468039183086,active_cumulative,/home/oy/iCAT/result/mixT-fixed37-tenhour-20261004/mixT-fixed37-rep1/control-series.txt
1791145922,2026-10-05T05:32:02+09:00,28403.0,H_YCSB-A,1,1,6226399326208,1520117023,2176114734,2.4315442173691126,active_cumulative,/home/oy/iCAT/result/mixT-fixed37-tenhour-20261004/mixT-fixed37-rep1/control-series.txt
1791145952,2026-10-05T05:32:32+09:00,28433.0,H_YCSB-A,1,1,6226845523968,1520225958,2176114741,2.4314416416510105,active_cumulative,/home/oy/iCAT/result/mixT-fixed37-tenhour-20261004/mixT-fixed37-rep1/control-series.txt
1791145982,2026-10-05T05:33:02+09:00,28463.0,H_YCSB-A,1,1,6227291348992,1520334802,2176114742,2.4313391623590555,active_cumulative,/home/oy/iCAT/result/mixT-fixed37-tenhour-20261004/mixT-fixed37-rep1/control-series.txt
1791146012,2026-10-05T05:33:32+09:00,28493.0,H_YCSB-A,1,1,6227731017728,1520442143,2176114744,2.4312381132150716,active_cumulative,/home/oy/iCAT/result/mixT-fixed37-tenhour-20261004/mixT-fixed37-rep1/control-series.txt
1791146042,2026-10-05T05:34:02+09:00,28523.0,H_YCSB-A,1,1,6228171882496,1520549776,2176114744,2.431136802193051,active_cumulative,/home/oy/iCAT/result/mixT-fixed37-tenhour-20261004/mixT-fixed37-rep1/control-series.txt
1791146072,2026-10-05T05:34:32+09:00,28553.0,H_YCSB-A,1,1,6228607438848,1520656113,2176114744,2.431036725132344,active_cumulative,/home/oy/iCAT/result/mixT-fixed37-tenhour-20261004/mixT-fixed37-rep1/control-series.txt
1791146102,2026-10-05T05:35:02+09:00,28583.0,H_YCSB-A,1,1,6229041135616,1520761996,2176114744,2.4309370892511444,active_cumulative,/home/oy/iCAT/result/mixT-fixed37-tenhour-20261004/mixT-fixed37-rep1/control-series.txt
1791146132,2026-10-05T05:35:32+09:00,28613.0,H_YCSB-A,1,1,6229454258176,1520862856,2176114744,2.4308421929136785,active_cumulative,/home/oy/iCAT/result/mixT-fixed37-tenhour-20261004/mixT-fixed37-rep1/control-series.txt
1791146162,2026-10-05T05:36:02+09:00,28643.0,H_YCSB-A,1,1,6229454331904,1520862874,2176114744,2.430842175979108,active_cumulative,/home/oy/iCAT/result/mixT-fixed37-tenhour-20261004/mixT-fixed37-rep1/control-series.txt
1791146192,2026-10-05T05:36:32+09:00,28673.0,H_YCSB-A,1,1,6229907378176,1520973481,2176115103,2.4307383594678202,active_cumulative,/home/oy/iCAT/result/mixT-fixed37-tenhour-20261004/mixT-fixed37-rep1/control-series.txt
1791146222,2026-10-05T05:37:02+09:00,28703.0,H_YCSB-A,1,1,6230342987776,1521079831,2176115384,2.4306385106489525,active_cumulative,/home/oy/iCAT/result/mixT-fixed37-tenhour-20261004/mixT-fixed37-rep1/control-series.txt
1791146252,2026-10-05T05:37:32+09:00,28733.0,H_YCSB-A,1,1,6230790279168,1521189033,2176115384,2.430535809023283,active_cumulative,/home/oy/iCAT/result/mixT-fixed37-tenhour-20261004/mixT-fixed37-rep1/control-series.txt
1791146282,2026-10-05T05:38:02+09:00,28763.0,H_YCSB-A,1,1,6231233753088,1521297303,2176115384,2.430433998475313,active_cumulative,/home/oy/iCAT/result/mixT-fixed37-tenhour-20261004/mixT-fixed37-rep1/control-series.txt
1791146312,2026-10-05T05:38:32+09:00,28793.0,H_YCSB-A,1,1,6231670714368,1521403983,2176115384,2.430333697239966,active_cumulative,/home/oy/iCAT/result/mixT-fixed37-tenhour-20261004/mixT-fixed37-rep1/control-series.txt
1791146342,2026-10-05T05:39:02+09:00,28823.0,H_YCSB-A,1,1,6232106459136,1521510366,2176115384,2.430233689252433,active_cumulative,/home/oy/iCAT/result/mixT-fixed37-tenhour-20261004/mixT-fixed37-rep1/control-series.txt
1791146372,2026-10-05T05:39:32+09:00,28853.0,H_YCSB-A,1,1,6232539226112,1521616022,2176115384,2.4301343785403438,active_cumulative,/home/oy/iCAT/result/mixT-fixed37-tenhour-20261004/mixT-fixed37-rep1/control-series.txt
1791146402,2026-10-05T05:40:02+09:00,28883.0,H_YCSB-A,1,1,6232952328192,1521716877,2176115384,2.4300395933638583,active_cumulative,/home/oy/iCAT/result/mixT-fixed37-tenhour-20261004/mixT-fixed37-rep1/control-series.txt
1791146432,2026-10-05T05:40:32+09:00,28913.0,H_YCSB-A,1,1,6233400508416,1521826296,2176115428,2.429936802721669,active_cumulative,/home/oy/iCAT/result/mixT-fixed37-tenhour-20261004/mixT-fixed37-rep1/control-series.txt
1791146462,2026-10-05T05:41:02+09:00,28943.0,H_YCSB-A,1,1,6233837920256,1521933086,2176115460,2.4298364888822714,active_cumulative,/home/oy/iCAT/result/mixT-fixed37-tenhour-20261004/mixT-fixed37-rep1/control-series.txt
1791146492,2026-10-05T05:41:32+09:00,28973.0,H_YCSB-A,1,1,6234270023680,1522038580,2176115460,2.4297373855004385,active_cumulative,/home/oy/iCAT/result/mixT-fixed37-tenhour-20261004/mixT-fixed37-rep1/control-series.txt
1791146522,2026-10-05T05:42:02+09:00,29003.0,H_YCSB-A,1,1,6234708869120,1522145720,2176115460,2.4296367498901486,active_cumulative,/home/oy/iCAT/result/mixT-fixed37-tenhour-20261004/mixT-fixed37-rep1/control-series.txt
1791146552,2026-10-05T05:42:32+09:00,29033.0,H_YCSB-A,1,1,6235148369920,1522253020,2176115460,2.429535978191063,active_cumulative,/home/oy/iCAT/result/mixT-fixed37-tenhour-20261004/mixT-fixed37-rep1/control-series.txt
1791146582,2026-10-05T05:43:02+09:00,29063.0,H_YCSB-A,1,1,6235588968448,1522360588,2176115460,2.429434969056096,active_cumulative,/home/oy/iCAT/result/mixT-fixed37-tenhour-20261004/mixT-fixed37-rep1/control-series.txt
1791146612,2026-10-05T05:43:32+09:00,29093.0,H_YCSB-A,1,1,6236028497920,1522467895,2176115460,2.4293342192283145,active_cumulative,/home/oy/iCAT/result/mixT-fixed37-tenhour-20261004/mixT-fixed37-rep1/control-series.txt
1791146642,2026-10-05T05:44:02+09:00,29123.0,H_YCSB-A,1,1,6236455280640,1522572090,2176115461,2.4292364054827775,active_cumulative,/home/oy/iCAT/result/mixT-fixed37-tenhour-20261004/mixT-fixed37-rep1/control-series.txt
1791146672,2026-10-05T05:44:32+09:00,29153.0,H_YCSB-A,1,1,6236891152384,1522678504,2176115461,2.4291365217828016,active_cumulative,/home/oy/iCAT/result/mixT-fixed37-tenhour-20261004/mixT-fixed37-rep1/control-series.txt
1791146702,2026-10-05T05:45:02+09:00,29183.0,H_YCSB-A,1,1,6237325430784,1522784529,2176115463,2.429037018408006,active_cumulative,/home/oy/iCAT/result/mixT-fixed37-tenhour-20261004/mixT-fixed37-rep1/control-series.txt
1791146732,2026-10-05T05:45:32+09:00,29213.0,H_YCSB-A,1,1,6237774561280,1522894180,2176115663,2.428934256613943,active_cumulative,/home/oy/iCAT/result/mixT-fixed37-tenhour-20261004/mixT-fixed37-rep1/control-series.txt
1791146762,2026-10-05T05:46:02+09:00,29243.0,H_YCSB-A,1,1,6238223368192,1523003752,2176115705,2.428831479989683,active_cumulative,/home/oy/iCAT/result/mixT-fixed37-tenhour-20261004/mixT-fixed37-rep1/control-series.txt
1791146792,2026-10-05T05:46:32+09:00,29273.0,H_YCSB-A,1,1,6238638485504,1523105099,2176115724,2.4287364184052276,active_cumulative,/home/oy/iCAT/result/mixT-fixed37-tenhour-20261004/mixT-fixed37-rep1/control-series.txt
1791146822,2026-10-05T05:47:02+09:00,29303.0,H_YCSB-A,1,1,6239080534016,1523213021,2176115724,2.428635190218742,active_cumulative,/home/oy/iCAT/result/mixT-fixed37-tenhour-20261004/mixT-fixed37-rep1/control-series.txt
1791146852,2026-10-05T05:47:32+09:00,29333.0,H_YCSB-A,1,1,6239523024896,1523321051,2176115724,2.428533875095776,active_cumulative,/home/oy/iCAT/result/mixT-fixed37-tenhour-20261004/mixT-fixed37-rep1/control-series.txt
1791146882,2026-10-05T05:48:02+09:00,29363.0,H_YCSB-A,1,1,6239959924736,1523427716,2176115724,2.428433854225611,active_cumulative,/home/oy/iCAT/result/mixT-fixed37-tenhour-20261004/mixT-fixed37-rep1/control-series.txt
1791146912,2026-10-05T05:48:32+09:00,29393.0,H_YCSB-A,1,1,6240335892480,1523519505,2176115724,2.4283477939457034,active_cumulative,/home/oy/iCAT/result/mixT-fixed37-tenhour-20261004/mixT-fixed37-rep1/control-series.txt
1791146942,2026-10-05T05:49:02+09:00,29423.0,H_YCSB-A,1,1,6240406581248,1523536763,2176115751,2.428331631929252,active_cumulative,/home/oy/iCAT/result/mixT-fixed37-tenhour-20261004/mixT-fixed37-rep1/control-series.txt
1791146972,2026-10-05T05:49:32+09:00,29453.0,H_YCSB-A,1,1,6240846860288,1523644253,2176115790,2.428230891637144,active_cumulative,/home/oy/iCAT/result/mixT-fixed37-tenhour-20261004/mixT-fixed37-rep1/control-series.txt
1791147002,2026-10-05T05:50:02+09:00,29483.0,H_YCSB-A,1,1,6241283162112,1523750772,2176115790,2.428131050029749,active_cumulative,/home/oy/iCAT/result/mixT-fixed37-tenhour-20261004/mixT-fixed37-rep1/control-series.txt
1791147032,2026-10-05T05:50:32+09:00,29513.0,H_YCSB-A,1,1,6241724190720,1523858445,2176115790,2.4280301409492138,active_cumulative,/home/oy/iCAT/result/mixT-fixed37-tenhour-20261004/mixT-fixed37-rep1/control-series.txt
1791147062,2026-10-05T05:51:02+09:00,29543.0,H_YCSB-A,1,1,6242136690688,1523959153,2176115791,2.4279357728953515,active_cumulative,/home/oy/iCAT/result/mixT-fixed37-tenhour-20261004/mixT-fixed37-rep1/control-series.txt
1791147092,2026-10-05T05:51:32+09:00,29573.0,H_YCSB-A,1,1,6242581458944,1524067739,2176115803,2.427834043930248,active_cumulative,/home/oy/iCAT/result/mixT-fixed37-tenhour-20261004/mixT-fixed37-rep1/control-series.txt
1791147122,2026-10-05T05:52:02+09:00,29603.0,H_YCSB-A,1,1,6243026403328,1524176368,2176115860,2.4277323187049964,active_cumulative,/home/oy/iCAT/result/mixT-fixed37-tenhour-20261004/mixT-fixed37-rep1/control-series.txt
1791147152,2026-10-05T05:52:32+09:00,29633.0,H_YCSB-A,1,1,6243465342976,1524283531,2176115871,2.4276319508434026,active_cumulative,/home/oy/iCAT/result/mixT-fixed37-tenhour-20261004/mixT-fixed37-rep1/control-series.txt
1791147182,2026-10-05T05:53:02+09:00,29663.0,H_YCSB-A,1,1,6243910651904,1524392249,2176115883,2.4275301415547936,active_cumulative,/home/oy/iCAT/result/mixT-fixed37-tenhour-20261004/mixT-fixed37-rep1/control-series.txt
1791147212,2026-10-05T05:53:32+09:00,29693.0,H_YCSB-A,1,1,6244344446976,1524498156,2176115911,2.427430989296651,active_cumulative,/home/oy/iCAT/result/mixT-fixed37-tenhour-20261004/mixT-fixed37-rep1/control-series.txt
1791147242,2026-10-05T05:54:02+09:00,29723.0,H_YCSB-A,1,1,6244780150784,1524604529,2176115911,2.4273313961800516,active_cumulative,/home/oy/iCAT/result/mixT-fixed37-tenhour-20261004/mixT-fixed37-rep1/control-series.txt
1791147272,2026-10-05T05:54:32+09:00,29753.0,H_YCSB-A,1,1,6245223202816,1524712696,2176115928,2.4272301488069985,active_cumulative,/home/oy/iCAT/result/mixT-fixed37-tenhour-20261004/mixT-fixed37-rep1/control-series.txt
1791147302,2026-10-05T05:55:02+09:00,29783.0,H_YCSB-A,1,1,6245643694080,1524815355,2176115938,2.4271340663407734,active_cumulative,/home/oy/iCAT/result/mixT-fixed37-tenhour-20261004/mixT-fixed37-rep1/control-series.txt
1791147333,2026-10-05T05:55:33+09:00,29814.0,H_YCSB-A,1,1,6246096379904,1524925874,2176116264,2.427030848582742,active_cumulative,/home/oy/iCAT/result/mixT-fixed37-tenhour-20261004/mixT-fixed37-rep1/control-series.txt
1791147363,2026-10-05T05:56:03+09:00,29844.0,H_YCSB-A,1,1,6246531170304,1525032024,2176116341,2.4269315704546806,active_cumulative,/home/oy/iCAT/result/mixT-fixed37-tenhour-20261004/mixT-fixed37-rep1/control-series.txt
1791147393,2026-10-05T05:56:33+09:00,29874.0,H_YCSB-A,1,1,6246966632448,1525138338,2176116341,2.426832102229929,active_cumulative,/home/oy/iCAT/result/mixT-fixed37-tenhour-20261004/mixT-fixed37-rep1/control-series.txt
1791147423,2026-10-05T05:57:03+09:00,29904.0,H_YCSB-A,1,1,6247404015616,1525245121,2176116341,2.426732209163382,active_cumulative,/home/oy/iCAT/result/mixT-fixed37-tenhour-20261004/mixT-fixed37-rep1/control-series.txt
1791147453,2026-10-05T05:57:33+09:00,29934.0,H_YCSB-A,1,1,6247816970240,1525345940,2176116341,2.426637908119387,active_cumulative,/home/oy/iCAT/result/mixT-fixed37-tenhour-20261004/mixT-fixed37-rep1/control-series.txt
1791147483,2026-10-05T05:58:03+09:00,29964.0,H_YCSB-A,1,1,6248250286080,1525451730,2176116341,2.426538970852916,active_cumulative,/home/oy/iCAT/result/mixT-fixed37-tenhour-20261004/mixT-fixed37-rep1/control-series.txt
1791147513,2026-10-05T05:58:33+09:00,29994.0,H_YCSB-A,1,1,6248691474432,1525559442,2176116341,2.4264382501852064,active_cumulative,/home/oy/iCAT/result/mixT-fixed37-tenhour-20261004/mixT-fixed37-rep1/control-series.txt
1791147543,2026-10-05T05:59:03+09:00,30024.0,H_YCSB-A,1,1,6249131155456,1525666786,2176116341,2.4263378877804316,active_cumulative,/home/oy/iCAT/result/mixT-fixed37-tenhour-20261004/mixT-fixed37-rep1/control-series.txt
1791147573,2026-10-05T05:59:33+09:00,30054.0,H_YCSB-A,1,1,6249575342080,1525775230,2176116343,2.426236512569417,active_cumulative,/home/oy/iCAT/result/mixT-fixed37-tenhour-20261004/mixT-fixed37-rep1/control-series.txt
1791147603,2026-10-05T06:00:03+09:00,30084.0,H_YCSB-A,1,1,6250019561472,1525883682,2176116378,2.4261351659175814,active_cumulative,/home/oy/iCAT/result/mixT-fixed37-tenhour-20261004/mixT-fixed37-rep1/control-series.txt
1791147633,2026-10-05T06:00:33+09:00,30114.0,H_YCSB-A,1,1,6250457038848,1525990488,2176116400,2.426035363334454,active_cumulative,/home/oy/iCAT/result/mixT-fixed37-tenhour-20261004/mixT-fixed37-rep1/control-series.txt
1791147663,2026-10-05T06:01:03+09:00,30144.0,H_YCSB-A,1,1,6250896449536,1526097766,2176116400,2.4259351192838325,active_cumulative,/home/oy/iCAT/result/mixT-fixed37-tenhour-20261004/mixT-fixed37-rep1/control-series.txt
1791147693,2026-10-05T06:01:33+09:00,30174.0,H_YCSB-A,1,1,6250896523264,1526097784,2176116400,2.42593510246523,active_cumulative,/home/oy/iCAT/result/mixT-fixed37-tenhour-20261004/mixT-fixed37-rep1/control-series.txt
1791147723,2026-10-05T06:02:03+09:00,30204.0,H_YCSB-A,1,1,6251308949504,1526198474,2176116400,2.4258410272791293,active_cumulative,/home/oy/iCAT/result/mixT-fixed37-tenhour-20261004/mixT-fixed37-rep1/control-series.txt
1791147753,2026-10-05T06:02:33+09:00,30234.0,H_YCSB-A,1,1,6251752050688,1526306653,2176116422,2.4257399833269284,active_cumulative,/home/oy/iCAT/result/mixT-fixed37-tenhour-20261004/mixT-fixed37-rep1/control-series.txt
1791147783,2026-10-05T06:03:03+09:00,30264.0,H_YCSB-A,1,1,6252195823616,1526414996,2176116441,2.425638798559078,active_cumulative,/home/oy/iCAT/result/mixT-fixed37-tenhour-20261004/mixT-fixed37-rep1/control-series.txt
1791147813,2026-10-05T06:03:33+09:00,30294.0,H_YCSB-A,1,1,6252636889088,1526522678,2176116495,2.425538268354504,active_cumulative,/home/oy/iCAT/result/mixT-fixed37-tenhour-20261004/mixT-fixed37-rep1/control-series.txt
1791147843,2026-10-05T06:04:03+09:00,30324.0,H_YCSB-A,1,1,6253073838080,1526629355,2176116496,2.425438655999118,active_cumulative,/home/oy/iCAT/result/mixT-fixed37-tenhour-20261004/mixT-fixed37-rep1/control-series.txt
1791147873,2026-10-05T06:04:33+09:00,30354.0,H_YCSB-A,1,1,6253511606272,1526736232,2176116496,2.425338870191953,active_cumulative,/home/oy/iCAT/result/mixT-fixed37-tenhour-20261004/mixT-fixed37-rep1/control-series.txt
1791147903,2026-10-05T06:05:03+09:00,30384.0,H_YCSB-A,1,1,6253960318976,1526845781,2176116619,2.4252366847257902,active_cumulative,/home/oy/iCAT/result/mixT-fixed37-tenhour-20261004/mixT-fixed37-rep1/control-series.txt
1791147933,2026-10-05T06:05:33+09:00,30414.0,H_YCSB-A,1,1,6254398750720,1526952820,2176116646,2.42513679368299,active_cumulative,/home/oy/iCAT/result/mixT-fixed37-tenhour-20261004/mixT-fixed37-rep1/control-series.txt
1791147963,2026-10-05T06:06:03+09:00,30444.0,H_YCSB-A,1,1,6254820880384,1527055879,2176116646,2.4250406130684885,active_cumulative,/home/oy/iCAT/result/mixT-fixed37-tenhour-20261004/mixT-fixed37-rep1/control-series.txt
1791147993,2026-10-05T06:06:33+09:00,30474.0,H_YCSB-A,1,1,6255271284736,1527165841,2176116717,2.424938050981458,active_cumulative,/home/oy/iCAT/result/mixT-fixed37-tenhour-20261004/mixT-fixed37-rep1/control-series.txt
1791148023,2026-10-05T06:07:03+09:00,30504.0,H_YCSB-A,1,1,6255708139520,1527272495,2176116753,2.4248385668727703,active_cumulative,/home/oy/iCAT/result/mixT-fixed37-tenhour-20261004/mixT-fixed37-rep1/control-series.txt
1791148053,2026-10-05T06:07:33+09:00,30534.0,H_YCSB-A,1,1,6256142020608,1527378423,2176116753,2.4247397503008985,active_cumulative,/home/oy/iCAT/result/mixT-fixed37-tenhour-20261004/mixT-fixed37-rep1/control-series.txt
1791148083,2026-10-05T06:08:03+09:00,30564.0,H_YCSB-A,1,1,6256577568768,1527484758,2176116753,2.424640567837339,active_cumulative,/home/oy/iCAT/result/mixT-fixed37-tenhour-20261004/mixT-fixed37-rep1/control-series.txt
1791148113,2026-10-05T06:08:33+09:00,30594.0,H_YCSB-A,1,1,6256990195712,1527585497,2176116753,2.4245466177007047,active_cumulative,/home/oy/iCAT/result/mixT-fixed37-tenhour-20261004/mixT-fixed37-rep1/control-series.txt
1791148143,2026-10-05T06:09:03+09:00,30624.0,H_YCSB-A,1,1,6257432211456,1527693411,2176116753,2.4244459898374204,active_cumulative,/home/oy/iCAT/result/mixT-fixed37-tenhour-20261004/mixT-fixed37-rep1/control-series.txt
1791148173,2026-10-05T06:09:33+09:00,30654.0,H_YCSB-A,1,1,6257870721024,1527800469,2176116753,2.424346174225451,active_cumulative,/home/oy/iCAT/result/mixT-fixed37-tenhour-20261004/mixT-fixed37-rep1/control-series.txt
1791148203,2026-10-05T06:10:03+09:00,30684.0,H_YCSB-A,1,1,6258308272128,1527907293,2176116753,2.42424659072558,active_cumulative,/home/oy/iCAT/result/mixT-fixed37-tenhour-20261004/mixT-fixed37-rep1/control-series.txt
1791148233,2026-10-05T06:10:33+09:00,30714.0,H_YCSB-A,1,1,6258749448192,1528015002,2176116759,2.424146200234754,active_cumulative,/home/oy/iCAT/result/mixT-fixed37-tenhour-20261004/mixT-fixed37-rep1/control-series.txt
1791148263,2026-10-05T06:11:03+09:00,30744.0,H_YCSB-A,1,1,6259182321664,1528120684,2176116764,2.4240477121897266,active_cumulative,/home/oy/iCAT/result/mixT-fixed37-tenhour-20261004/mixT-fixed37-rep1/control-series.txt
1791148293,2026-10-05T06:11:33+09:00,30774.0,H_YCSB-A,1,1,6259625091072,1528228782,2176116780,2.423946993821243,active_cumulative,/home/oy/iCAT/result/mixT-fixed37-tenhour-20261004/mixT-fixed37-rep1/control-series.txt
1791148323,2026-10-05T06:12:03+09:00,30804.0,H_YCSB-A,1,1,6260065902592,1528336402,2176116834,2.423846759883692,active_cumulative,/home/oy/iCAT/result/mixT-fixed37-tenhour-20261004/mixT-fixed37-rep1/control-series.txt
1791148353,2026-10-05T06:12:33+09:00,30834.0,H_YCSB-A,1,1,6260479229952,1528437312,2176116835,2.4237527557819787,active_cumulative,/home/oy/iCAT/result/mixT-fixed37-tenhour-20261004/mixT-fixed37-rep1/control-series.txt
1791148383,2026-10-05T06:13:03+09:00,30864.0,H_YCSB-A,1,1,6260921405440,1528545265,2176116846,2.4236522109144083,active_cumulative,/home/oy/iCAT/result/mixT-fixed37-tenhour-20261004/mixT-fixed37-rep1/control-series.txt
1791148413,2026-10-05T06:13:33+09:00,30894.0,H_YCSB-A,1,1,6261358698496,1528652026,2176116871,2.4235527994518224,active_cumulative,/home/oy/iCAT/result/mixT-fixed37-tenhour-20261004/mixT-fixed37-rep1/control-series.txt
1791148443,2026-10-05T06:14:03+09:00,30924.0,H_YCSB-A,1,1,6261797203968,1528759083,2176116871,2.4234531099103207,active_cumulative,/home/oy/iCAT/result/mixT-fixed37-tenhour-20261004/mixT-fixed37-rep1/control-series.txt
1791148473,2026-10-05T06:14:33+09:00,30954.0,H_YCSB-A,1,1,6261797277696,1528759101,2176116871,2.4234530931502203,active_cumulative,/home/oy/iCAT/result/mixT-fixed37-tenhour-20261004/mixT-fixed37-rep1/control-series.txt
1791148503,2026-10-05T06:15:03+09:00,30984.0,H_YCSB-A,1,1,6262237704192,1528866627,2176116885,2.423352990097023,active_cumulative,/home/oy/iCAT/result/mixT-fixed37-tenhour-20261004/mixT-fixed37-rep1/control-series.txt
1791148533,2026-10-05T06:15:33+09:00,31014.0,H_YCSB-A,1,1,6262676025344,1528973639,2176116893,2.4232533756587546,active_cumulative,/home/oy/iCAT/result/mixT-fixed37-tenhour-20261004/mixT-fixed37-rep1/control-series.txt
1791148563,2026-10-05T06:16:03+09:00,31044.0,H_YCSB-A,1,1,6263118499840,1529081665,2176116940,2.423152856914284,active_cumulative,/home/oy/iCAT/result/mixT-fixed37-tenhour-20261004/mixT-fixed37-rep1/control-series.txt
1791148593,2026-10-05T06:16:33+09:00,31074.0,H_YCSB-A,1,1,6263559700480,1529189380,2176116987,2.4230526417859375,active_cumulative,/home/oy/iCAT/result/mixT-fixed37-tenhour-20261004/mixT-fixed37-rep1/control-series.txt
1791148623,2026-10-05T06:17:03+09:00,31104.0,H_YCSB-A,1,1,6263987617792,1529293852,2176117004,2.4229554386516945,active_cumulative,/home/oy/iCAT/result/mixT-fixed37-tenhour-20261004/mixT-fixed37-rep1/control-series.txt
1791148653,2026-10-05T06:17:33+09:00,31134.0,H_YCSB-A,1,1,6264424927232,1529400617,2176117004,2.422856104418585,active_cumulative,/home/oy/iCAT/result/mixT-fixed37-tenhour-20261004/mixT-fixed37-rep1/control-series.txt
1791148683,2026-10-05T06:18:03+09:00,31164.0,H_YCSB-A,1,1,6264869130240,1529509065,2176117062,2.422755256439098,active_cumulative,/home/oy/iCAT/result/mixT-fixed37-tenhour-20261004/mixT-fixed37-rep1/control-series.txt
1791148713,2026-10-05T06:18:33+09:00,31194.0,H_YCSB-A,1,1,6265317097472,1529618432,2176117154,2.422653590251716,active_cumulative,/home/oy/iCAT/result/mixT-fixed37-tenhour-20261004/mixT-fixed37-rep1/control-series.txt
1791148743,2026-10-05T06:19:03+09:00,31224.0,H_YCSB-A,1,1,6265761386496,1529726901,2176117199,2.4225527429617975,active_cumulative,/home/oy/iCAT/result/mixT-fixed37-tenhour-20261004/mixT-fixed37-rep1/control-series.txt
1791148773,2026-10-05T06:19:33+09:00,31254.0,H_YCSB-A,1,1,6266175586304,1529828024,2176117199,2.4224587109537747,active_cumulative,/home/oy/iCAT/result/mixT-fixed37-tenhour-20261004/mixT-fixed37-rep1/control-series.txt
1791148803,2026-10-05T06:20:03+09:00,31284.0,H_YCSB-A,1,1,6266611073024,1529934344,2176117199,2.422359859777094,active_cumulative,/home/oy/iCAT/result/mixT-fixed37-tenhour-20261004/mixT-fixed37-rep1/control-series.txt
1791148833,2026-10-05T06:20:33+09:00,31314.0,H_YCSB-A,1,1,6267057815552,1530043412,2176117218,2.422258480336504,active_cumulative,/home/oy/iCAT/result/mixT-fixed37-tenhour-20261004/mixT-fixed37-rep1/control-series.txt
1791148863,2026-10-05T06:21:03+09:00,31344.0,H_YCSB-A,1,1,6267496738816,1530150571,2176117247,2.4221588961521876,active_cumulative,/home/oy/iCAT/result/mixT-fixed37-tenhour-20261004/mixT-fixed37-rep1/control-series.txt
1791148893,2026-10-05T06:21:33+09:00,31374.0,H_YCSB-A,1,1,6267937951744,1530258289,2176117247,2.4220587874887833,active_cumulative,/home/oy/iCAT/result/mixT-fixed37-tenhour-20261004/mixT-fixed37-rep1/control-series.txt
1791148923,2026-10-05T06:22:03+09:00,31404.0,H_YCSB-A,1,1,6268375760896,1530365176,2176117247,2.4219594650525424,active_cumulative,/home/oy/iCAT/result/mixT-fixed37-tenhour-20261004/mixT-fixed37-rep1/control-series.txt
1791148953,2026-10-05T06:22:33+09:00,31434.0,H_YCSB-A,1,1,6268821442560,1530473985,2176117281,2.4218583931042774,active_cumulative,/home/oy/iCAT/result/mixT-fixed37-tenhour-20261004/mixT-fixed37-rep1/control-series.txt
1791148983,2026-10-05T06:23:03+09:00,31464.0,H_YCSB-A,1,1,6269262671872,1530581707,2176117317,2.4217583465473886,active_cumulative,/home/oy/iCAT/result/mixT-fixed37-tenhour-20261004/mixT-fixed37-rep1/control-series.txt
1791149013,2026-10-05T06:23:33+09:00,31494.0,H_YCSB-A,1,1,6269678166016,1530683146,2176117317,2.4216641260385314,active_cumulative,/home/oy/iCAT/result/mixT-fixed37-tenhour-20261004/mixT-fixed37-rep1/control-series.txt
1791149043,2026-10-05T06:24:03+09:00,31524.0,H_YCSB-A,1,1,6270126084096,1530792501,2176117391,2.4215626151672662,active_cumulative,/home/oy/iCAT/result/mixT-fixed37-tenhour-20261004/mixT-fixed37-rep1/control-series.txt
1791149073,2026-10-05T06:24:33+09:00,31554.0,H_YCSB-A,1,1,6270563434496,1530899276,2176117426,2.4214634888886053,active_cumulative,/home/oy/iCAT/result/mixT-fixed37-tenhour-20261004/mixT-fixed37-rep1/control-series.txt
1791149103,2026-10-05T06:25:03+09:00,31584.0,H_YCSB-A,1,1,6271001337856,1531006186,2176117426,2.421364228243556,active_cumulative,/home/oy/iCAT/result/mixT-fixed37-tenhour-20261004/mixT-fixed37-rep1/control-series.txt
1791149133,2026-10-05T06:25:33+09:00,31614.0,H_YCSB-A,1,1,6271444987904,1531114499,2176117427,2.4212636797713456,active_cumulative,/home/oy/iCAT/result/mixT-fixed37-tenhour-20261004/mixT-fixed37-rep1/control-series.txt
1791149163,2026-10-05T06:26:03+09:00,31644.0,H_YCSB-A,1,1,6271872622592,1531218902,2176117432,2.4211667771065697,active_cumulative,/home/oy/iCAT/result/mixT-fixed37-tenhour-20261004/mixT-fixed37-rep1/control-series.txt
1791149193,2026-10-05T06:26:33+09:00,31674.0,H_YCSB-A,1,1,6272307834880,1531325155,2176117432,2.421068167589789,active_cumulative,/home/oy/iCAT/result/mixT-fixed37-tenhour-20261004/mixT-fixed37-rep1/control-series.txt
1791149223,2026-10-05T06:27:03+09:00,31704.0,H_YCSB-A,1,1,6272307908608,1531325173,2176117432,2.421068150885808,active_cumulative,/home/oy/iCAT/result/mixT-fixed37-tenhour-20261004/mixT-fixed37-rep1/control-series.txt
1791149253,2026-10-05T06:27:33+09:00,31734.0,H_YCSB-A,1,1,6272752336896,1531433676,2176117454,2.42096748171548,active_cumulative,/home/oy/iCAT/result/mixT-fixed37-tenhour-20261004/mixT-fixed37-rep1/control-series.txt
1791149283,2026-10-05T06:28:03+09:00,31764.0,H_YCSB-A,1,1,6273185292288,1531539378,2176117501,2.4208694417258396,active_cumulative,/home/oy/iCAT/result/mixT-fixed37-tenhour-20261004/mixT-fixed37-rep1/control-series.txt
1791149313,2026-10-05T06:28:33+09:00,31794.0,H_YCSB-A,1,1,6273625067520,1531646745,2176117501,2.4207698401108804,active_cumulative,/home/oy/iCAT/result/mixT-fixed37-tenhour-20261004/mixT-fixed37-rep1/control-series.txt
1791149343,2026-10-05T06:29:03+09:00,31824.0,H_YCSB-A,1,1,6274066718720,1531754570,2176117502,2.4206698283263486,active_cumulative,/home/oy/iCAT/result/mixT-fixed37-tenhour-20261004/mixT-fixed37-rep1/control-series.txt
1791149373,2026-10-05T06:29:33+09:00,31854.0,H_YCSB-A,1,1,6274502938624,1531861069,2176117504,2.420571060938686,active_cumulative,/home/oy/iCAT/result/mixT-fixed37-tenhour-20261004/mixT-fixed37-rep1/control-series.txt
1791149403,2026-10-05T06:30:03+09:00,31884.0,H_YCSB-A,1,1,6274942517248,1531968388,2176117504,2.4204715456569854,active_cumulative,/home/oy/iCAT/result/mixT-fixed37-tenhour-20261004/mixT-fixed37-rep1/control-series.txt
1791149433,2026-10-05T06:30:33+09:00,31914.0,H_YCSB-A,1,1,6275358019584,1532069829,2176117515,2.420377500952667,active_cumulative,/home/oy/iCAT/result/mixT-fixed37-tenhour-20261004/mixT-fixed37-rep1/control-series.txt
1791149463,2026-10-05T06:31:03+09:00,31944.0,H_YCSB-A,1,1,6275799941120,1532177720,2176117550,2.420277505405835,active_cumulative,/home/oy/iCAT/result/mixT-fixed37-tenhour-20261004/mixT-fixed37-rep1/control-series.txt
1791149493,2026-10-05T06:31:33+09:00,31974.0,H_YCSB-A,1,1,6276246990848,1532286863,2176117672,2.420176420320847,active_cumulative,/home/oy/iCAT/result/mixT-fixed37-tenhour-20261004/mixT-fixed37-rep1/control-series.txt
1791149523,2026-10-05T06:32:03+09:00,32004.0,H_YCSB-A,1,1,6276689186816,1532394821,2176117704,2.420076389046997,active_cumulative,/home/oy/iCAT/result/mixT-fixed37-tenhour-20261004/mixT-fixed37-rep1/control-series.txt
1791149553,2026-10-05T06:32:33+09:00,32034.0,H_YCSB-A,1,1,6277133078528,1532503193,2176117705,2.4199759680370203,active_cumulative,/home/oy/iCAT/result/mixT-fixed37-tenhour-20261004/mixT-fixed37-rep1/control-series.txt
1791149583,2026-10-05T06:33:03+09:00,32064.0,I_OLTP,1,1,6279951314944,1533191239,2176422035,2.4195372238231267,active_cumulative,/home/oy/iCAT/result/mixT-fixed37-tenhour-20261004/mixT-fixed37-rep1/control-series.txt
1791149613,2026-10-05T06:33:33+09:00,32094.0,I_OLTP,1,1,6284942553088,1534409803,2177290146,2.418975648971398,active_cumulative,/home/oy/iCAT/result/mixT-fixed37-tenhour-20261004/mixT-fixed37-rep1/control-series.txt
1791149644,2026-10-05T06:34:04+09:00,32125.0,I_OLTP,1,1,6289939615744,1535629789,2178036472,2.4183343456877937,active_cumulative,/home/oy/iCAT/result/mixT-fixed37-tenhour-20261004/mixT-fixed37-rep1/control-series.txt
1791149674,2026-10-05T06:34:34+09:00,32155.0,I_OLTP,1,1,6294961213440,1536855765,2178767381,2.41767850348663,active_cumulative,/home/oy/iCAT/result/mixT-fixed37-tenhour-20261004/mixT-fixed37-rep1/control-series.txt
1791149704,2026-10-05T06:35:04+09:00,32185.0,I_OLTP,1,1,6299917123584,1538065704,2179477961,2.417025264481159,active_cumulative,/home/oy/iCAT/result/mixT-fixed37-tenhour-20261004/mixT-fixed37-rep1/control-series.txt
1791149734,2026-10-05T06:35:34+09:00,32215.0,I_OLTP,1,1,6304904564736,1539283341,2180187935,2.416365575413578,active_cumulative,/home/oy/iCAT/result/mixT-fixed37-tenhour-20261004/mixT-fixed37-rep1/control-series.txt
1791149764,2026-10-05T06:36:04+09:00,32245.0,I_OLTP,1,1,6309946884096,1540514376,2180900674,2.4156964115211865,active_cumulative,/home/oy/iCAT/result/mixT-fixed37-tenhour-20261004/mixT-fixed37-rep1/control-series.txt
1791149794,2026-10-05T06:36:34+09:00,32275.0,I_OLTP,1,1,6314973888512,1541741672,2181599789,2.415022911179377,active_cumulative,/home/oy/iCAT/result/mixT-fixed37-tenhour-20261004/mixT-fixed37-rep1/control-series.txt
1791149824,2026-10-05T06:37:04+09:00,32305.0,I_OLTP,1,1,6319956058112,1542958022,2182285264,2.414351675732109,active_cumulative,/home/oy/iCAT/result/mixT-fixed37-tenhour-20261004/mixT-fixed37-rep1/control-series.txt
1791149854,2026-10-05T06:37:34+09:00,32335.0,I_OLTP,1,1,6324912930816,1544168196,2182966156,2.4136841839216325,active_cumulative,/home/oy/iCAT/result/mixT-fixed37-tenhour-20261004/mixT-fixed37-rep1/control-series.txt
1791149884,2026-10-05T06:38:04+09:00,32365.0,I_OLTP,1,1,6329893609472,1545384182,2183640071,2.4130079086056027,active_cumulative,/home/oy/iCAT/result/mixT-fixed37-tenhour-20261004/mixT-fixed37-rep1/control-series.txt
1791149914,2026-10-05T06:38:34+09:00,32395.0,I_OLTP,1,1,6334970339328,1546623618,2184326859,2.4123196061266925,active_cumulative,/home/oy/iCAT/result/mixT-fixed37-tenhour-20261004/mixT-fixed37-rep1/control-series.txt
1791149944,2026-10-05T06:39:04+09:00,32425.0,I_OLTP,1,1,6340005257216,1547852846,2185004312,2.411635684649573,active_cumulative,/home/oy/iCAT/result/mixT-fixed37-tenhour-20261004/mixT-fixed37-rep1/control-series.txt
1791149974,2026-10-05T06:39:34+09:00,32455.0,I_OLTP,1,1,6345070682112,1549089522,2185687834,2.4109499825278657,active_cumulative,/home/oy/iCAT/result/mixT-fixed37-tenhour-20261004/mixT-fixed37-rep1/control-series.txt
1791150004,2026-10-05T06:40:04+09:00,32485.0,I_OLTP,1,1,6350100791296,1550317576,2186357345,2.4102641799630864,active_cumulative,/home/oy/iCAT/result/mixT-fixed37-tenhour-20261004/mixT-fixed37-rep1/control-series.txt
1791150034,2026-10-05T06:40:34+09:00,32515.0,I_OLTP,1,1,6355182923776,1551558331,2187026598,2.4095677579781563,active_cumulative,/home/oy/iCAT/result/mixT-fixed37-tenhour-20261004/mixT-fixed37-rep1/control-series.txt
1791150064,2026-10-05T06:41:04+09:00,32545.0,I_OLTP,1,1,6360148746240,1552770690,2187677665,2.408886501457598,active_cumulative,/home/oy/iCAT/result/mixT-fixed37-tenhour-20261004/mixT-fixed37-rep1/control-series.txt
1791150094,2026-10-05T06:41:34+09:00,32575.0,I_OLTP,1,1,6365232123904,1554011749,2188343585,2.4081898585439845,active_cumulative,/home/oy/iCAT/result/mixT-fixed37-tenhour-20261004/mixT-fixed37-rep1/control-series.txt
1791150124,2026-10-05T06:42:04+09:00,32605.0,I_OLTP,1,1,6370303127552,1555249787,2189010756,2.4074978658074557,active_cumulative,/home/oy/iCAT/result/mixT-fixed37-tenhour-20261004/mixT-fixed37-rep1/control-series.txt
1791150154,2026-10-05T06:42:34+09:00,32635.0,I_OLTP,1,1,6375344517120,1556480595,2189671531,2.4068093993809154,active_cumulative,/home/oy/iCAT/result/mixT-fixed37-tenhour-20261004/mixT-fixed37-rep1/control-series.txt
1791150184,2026-10-05T06:43:04+09:00,32665.0,I_OLTP,1,1,6380305739776,1557691831,2190310646,2.406125783296863,active_cumulative,/home/oy/iCAT/result/mixT-fixed37-tenhour-20261004/mixT-fixed37-rep1/control-series.txt
1791150214,2026-10-05T06:43:34+09:00,32695.0,I_OLTP,1,1,6385202065408,1558887223,2190933092,2.405446821087968,active_cumulative,/home/oy/iCAT/result/mixT-fixed37-tenhour-20261004/mixT-fixed37-rep1/control-series.txt
1791150245,2026-10-05T06:44:05+09:00,32726.0,I_OLTP,1,1,6390251614208,1560120023,2191582952,2.404752788048795,active_cumulative,/home/oy/iCAT/result/mixT-fixed37-tenhour-20261004/mixT-fixed37-rep1/control-series.txt
1791150275,2026-10-05T06:44:35+09:00,32756.0,I_OLTP,1,1,6395275661312,1561346597,2192219853,2.404057149906479,active_cumulative,/home/oy/iCAT/result/mixT-fixed37-tenhour-20261004/mixT-fixed37-rep1/control-series.txt
1791150305,2026-10-05T06:45:05+09:00,32786.0,I_OLTP,1,1,6400358010880,1562587405,2192868823,2.4033575440216737,active_cumulative,/home/oy/iCAT/result/mixT-fixed37-tenhour-20261004/mixT-fixed37-rep1/control-series.txt
1791150335,2026-10-05T06:45:35+09:00,32816.0,I_OLTP,1,1,6405362409472,1563809182,2193506470,2.4026688775382827,active_cumulative,/home/oy/iCAT/result/mixT-fixed37-tenhour-20261004/mixT-fixed37-rep1/control-series.txt
1791150365,2026-10-05T06:46:05+09:00,32846.0,I_OLTP,1,1,6410463051776,1565054456,2194150608,2.4019643850654613,active_cumulative,/home/oy/iCAT/result/mixT-fixed37-tenhour-20261004/mixT-fixed37-rep1/control-series.txt
1791150395,2026-10-05T06:46:35+09:00,32876.0,I_OLTP,1,1,6415462158336,1566274941,2194793210,2.401282209494278,active_cumulative,/home/oy/iCAT/result/mixT-fixed37-tenhour-20261004/mixT-fixed37-rep1/control-series.txt
1791150425,2026-10-05T06:47:05+09:00,32906.0,I_OLTP,1,1,6420564213760,1567520560,2195439485,2.400580981853278,active_cumulative,/home/oy/iCAT/result/mixT-fixed37-tenhour-20261004/mixT-fixed37-rep1/control-series.txt
1791150455,2026-10-05T06:47:35+09:00,32936.0,I_OLTP,1,1,6425594896384,1568748754,2196069605,2.3998861190489906,active_cumulative,/home/oy/iCAT/result/mixT-fixed37-tenhour-20261004/mixT-fixed37-rep1/control-series.txt
1791150485,2026-10-05T06:48:05+09:00,32966.0,I_OLTP,1,1,6430616965120,1569974845,2196699828,2.3991942832689146,active_cumulative,/home/oy/iCAT/result/mixT-fixed37-tenhour-20261004/mixT-fixed37-rep1/control-series.txt
1791150515,2026-10-05T06:48:35+09:00,32996.0,I_OLTP,1,1,6435628933120,1571198470,2197322324,2.3985008042936804,active_cumulative,/home/oy/iCAT/result/mixT-fixed37-tenhour-20261004/mixT-fixed37-rep1/control-series.txt
1791150545,2026-10-05T06:49:05+09:00,33026.0,I_OLTP,1,1,6440753070080,1572449480,2197962830,2.3977955145496948,active_cumulative,/home/oy/iCAT/result/mixT-fixed37-tenhour-20261004/mixT-fixed37-rep1/control-series.txt
1791150575,2026-10-05T06:49:35+09:00,33056.0,I_OLTP,1,1,6445826375680,1573688080,2198594877,2.3970969882417865,active_cumulative,/home/oy/iCAT/result/mixT-fixed37-tenhour-20261004/mixT-fixed37-rep1/control-series.txt
1791150605,2026-10-05T06:50:05+09:00,33086.0,I_OLTP,1,1,6450183057408,1574751723,2199117421,2.3964851658079436,active_cumulative,/home/oy/iCAT/result/mixT-fixed37-tenhour-20261004/mixT-fixed37-rep1/control-series.txt
1791150635,2026-10-05T06:50:35+09:00,33116.0,I_OLTP,1,1,6455398756352,1576025087,2199756636,2.395762449560551,active_cumulative,/home/oy/iCAT/result/mixT-fixed37-tenhour-20261004/mixT-fixed37-rep1/control-series.txt
1791150665,2026-10-05T06:51:05+09:00,33146.0,I_OLTP,1,1,6460580818944,1577290239,2200392704,2.3950461681643613,active_cumulative,/home/oy/iCAT/result/mixT-fixed37-tenhour-20261004/mixT-fixed37-rep1/control-series.txt
1791150695,2026-10-05T06:51:35+09:00,33176.0,I_OLTP,1,1,6465732136960,1578547885,2201025372,2.3943355110827063,active_cumulative,/home/oy/iCAT/result/mixT-fixed37-tenhour-20261004/mixT-fixed37-rep1/control-series.txt
1791150725,2026-10-05T06:52:05+09:00,33206.0,I_OLTP,1,1,6470904692736,1579810716,2201650251,2.393616481203815,active_cumulative,/home/oy/iCAT/result/mixT-fixed37-tenhour-20261004/mixT-fixed37-rep1/control-series.txt
1791150755,2026-10-05T06:52:35+09:00,33236.0,I_OLTP,1,1,6476008964096,1581056876,2202266052,2.392907545218506,active_cumulative,/home/oy/iCAT/result/mixT-fixed37-tenhour-20261004/mixT-fixed37-rep1/control-series.txt
1791150785,2026-10-05T06:53:05+09:00,33266.0,I_OLTP,1,1,6481147400192,1582311377,2202885740,2.3921948435816622,active_cumulative,/home/oy/iCAT/result/mixT-fixed37-tenhour-20261004/mixT-fixed37-rep1/control-series.txt
1791150815,2026-10-05T06:53:35+09:00,33296.0,I_OLTP,1,1,6486303404032,1583570167,2203515700,2.39148598901333,active_cumulative,/home/oy/iCAT/result/mixT-fixed37-tenhour-20261004/mixT-fixed37-rep1/control-series.txt
1791150845,2026-10-05T06:54:05+09:00,33326.0,I_OLTP,1,1,6491460378624,1584829194,2204146206,2.390778397031472,active_cumulative,/home/oy/iCAT/result/mixT-fixed37-tenhour-20261004/mixT-fixed37-rep1/control-series.txt
1791150875,2026-10-05T06:54:35+09:00,33356.0,I_OLTP,1,1,6496574742528,1586077818,2204770486,2.390077120415286,active_cumulative,/home/oy/iCAT/result/mixT-fixed37-tenhour-20261004/mixT-fixed37-rep1/control-series.txt
1791150906,2026-10-05T06:55:06+09:00,33387.0,I_OLTP,1,1,6501704769536,1587330266,2205395104,2.3893738128974853,active_cumulative,/home/oy/iCAT/result/mixT-fixed37-tenhour-20261004/mixT-fixed37-rep1/control-series.txt
1791150936,2026-10-05T06:55:36+09:00,33417.0,I_OLTP,1,1,6506827067392,1588580827,2206003550,2.3886630837449987,active_cumulative,/home/oy/iCAT/result/mixT-fixed37-tenhour-20261004/mixT-fixed37-rep1/control-series.txt
1791150966,2026-10-05T06:56:06+09:00,33447.0,I_OLTP,1,1,6511940263936,1589829166,2206613109,2.3879561126380793,active_cumulative,/home/oy/iCAT/result/mixT-fixed37-tenhour-20261004/mixT-fixed37-rep1/control-series.txt
1791150996,2026-10-05T06:56:36+09:00,33477.0,I_OLTP,1,1,6516959326208,1591054523,2207204748,2.3872590260692155,active_cumulative,/home/oy/iCAT/result/mixT-fixed37-tenhour-20261004/mixT-fixed37-rep1/control-series.txt
1791151026,2026-10-05T06:57:06+09:00,33507.0,I_OLTP,1,1,6522055581696,1592298726,2207809582,2.3865548881937624,active_cumulative,/home/oy/iCAT/result/mixT-fixed37-tenhour-20261004/mixT-fixed37-rep1/control-series.txt
1791151056,2026-10-05T06:57:36+09:00,33537.0,I_OLTP,1,1,6527145168896,1593541301,2208416025,2.385854275389126,active_cumulative,/home/oy/iCAT/result/mixT-fixed37-tenhour-20261004/mixT-fixed37-rep1/control-series.txt
1791151086,2026-10-05T06:58:06+09:00,33567.0,I_OLTP,1,1,6532198940672,1594775132,2209018609,2.385159929243241,active_cumulative,/home/oy/iCAT/result/mixT-fixed37-tenhour-20261004/mixT-fixed37-rep1/control-series.txt
1791151116,2026-10-05T06:58:36+09:00,33597.0,I_OLTP,1,1,6537259204608,1596010548,2209628224,2.3844696871013413,active_cumulative,/home/oy/iCAT/result/mixT-fixed37-tenhour-20261004/mixT-fixed37-rep1/control-series.txt
1791151146,2026-10-05T06:59:06+09:00,33627.0,I_OLTP,1,1,6542243774464,1597227484,2210231041,2.383792267000585,active_cumulative,/home/oy/iCAT/result/mixT-fixed37-tenhour-20261004/mixT-fixed37-rep1/control-series.txt
1791151176,2026-10-05T06:59:36+09:00,33657.0,I_OLTP,1,1,6547349598208,1598474023,2210849755,2.383100208817094,active_cumulative,/home/oy/iCAT/result/mixT-fixed37-tenhour-20261004/mixT-fixed37-rep1/control-series.txt
1791151206,2026-10-05T07:00:06+09:00,33687.0,I_OLTP,1,1,6552465174528,1599722943,2211462666,2.3824035441117006,active_cumulative,/home/oy/iCAT/result/mixT-fixed37-tenhour-20261004/mixT-fixed37-rep1/control-series.txt
1791151236,2026-10-05T07:00:36+09:00,33717.0,I_OLTP,1,1,6557573914624,1600970194,2212074470,2.381708715309162,active_cumulative,/home/oy/iCAT/result/mixT-fixed37-tenhour-20261004/mixT-fixed37-rep1/control-series.txt
1791151266,2026-10-05T07:01:06+09:00,33747.0,I_OLTP,1,1,6562625409024,1602203469,2212663103,2.3810125529069115,active_cumulative,/home/oy/iCAT/result/mixT-fixed37-tenhour-20261004/mixT-fixed37-rep1/control-series.txt
1791151296,2026-10-05T07:01:36+09:00,33777.0,I_OLTP,1,1,6567739256832,1603451967,2213268594,2.380314870386136,active_cumulative,/home/oy/iCAT/result/mixT-fixed37-tenhour-20261004/mixT-fixed37-rep1/control-series.txt
1791151326,2026-10-05T07:02:06+09:00,33807.0,I_OLTP,1,1,6572923957248,1604717763,2213881874,2.3796082557602998,active_cumulative,/home/oy/iCAT/result/mixT-fixed37-tenhour-20261004/mixT-fixed37-rep1/control-series.txt
1791151356,2026-10-05T07:02:36+09:00,33837.0,I_OLTP,1,1,6578096054272,1605980482,2214486708,2.378900137841152,active_cumulative,/home/oy/iCAT/result/mixT-fixed37-tenhour-20261004/mixT-fixed37-rep1/control-series.txt
1791151386,2026-10-05T07:03:06+09:00,33867.0,I_OLTP,1,1,6583324901376,1607257056,2215102009,2.3781877645090272,active_cumulative,/home/oy/iCAT/result/mixT-fixed37-tenhour-20261004/mixT-fixed37-rep1/control-series.txt
1791151416,2026-10-05T07:03:36+09:00,33897.0,I_OLTP,1,1,6588528619520,1608527495,2215717305,2.3774817725450195,active_cumulative,/home/oy/iCAT/result/mixT-fixed37-tenhour-20261004/mixT-fixed37-rep1/control-series.txt
1791151446,2026-10-05T07:04:06+09:00,33927.0,I_OLTP,1,1,6593660850176,1609780481,2216323758,2.3767863284211357,active_cumulative,/home/oy/iCAT/result/mixT-fixed37-tenhour-20261004/mixT-fixed37-rep1/control-series.txt
1791151476,2026-10-05T07:04:36+09:00,33957.0,I_OLTP,1,1,6598745427968,1611021833,2216906771,2.3760873537459997,active_cumulative,/home/oy/iCAT/result/mixT-fixed37-tenhour-20261004/mixT-fixed37-rep1/control-series.txt
1791151506,2026-10-05T07:05:06+09:00,33987.0,I_OLTP,1,1,6603777703936,1612250416,2217502801,2.3754084222856857,active_cumulative,/home/oy/iCAT/result/mixT-fixed37-tenhour-20261004/mixT-fixed37-rep1/control-series.txt
1791151536,2026-10-05T07:05:36+09:00,34017.0,I_OLTP,1,1,6608858750976,1613490906,2218108410,2.3747263165547707,active_cumulative,/home/oy/iCAT/result/mixT-fixed37-tenhour-20261004/mixT-fixed37-rep1/control-series.txt
1791151566,2026-10-05T07:06:06+09:00,34047.0,I_OLTP,1,1,6613885489152,1614718137,2218703767,2.374050192513568,active_cumulative,/home/oy/iCAT/result/mixT-fixed37-tenhour-20261004/mixT-fixed37-rep1/control-series.txt
1791151596,2026-10-05T07:06:36+09:00,34077.0,I_OLTP,1,1,6618324926464,1615801984,2219205598,2.373439084723887,active_cumulative,/home/oy/iCAT/result/mixT-fixed37-tenhour-20261004/mixT-fixed37-rep1/control-series.txt
1791151626,2026-10-05T07:07:06+09:00,34107.0,I_OLTP,1,1,6623367700480,1617033130,2219789252,2.3727543430108944,active_cumulative,/home/oy/iCAT/result/mixT-fixed37-tenhour-20261004/mixT-fixed37-rep1/control-series.txt
1791151656,2026-10-05T07:07:36+09:00,34137.0,I_OLTP,1,1,6628316954624,1618241444,2220357177,2.372080282106531,active_cumulative,/home/oy/iCAT/result/mixT-fixed37-tenhour-20261004/mixT-fixed37-rep1/control-series.txt
1791151687,2026-10-05T07:08:07+09:00,34168.0,I_OLTP,1,1,6633361207296,1619472951,2220945791,2.3714003618452533,active_cumulative,/home/oy/iCAT/result/mixT-fixed37-tenhour-20261004/mixT-fixed37-rep1/control-series.txt
1791151717,2026-10-05T07:08:37+09:00,34198.0,I_OLTP,1,1,6638415224832,1620706842,2221526753,2.370714737193662,active_cumulative,/home/oy/iCAT/result/mixT-fixed37-tenhour-20261004/mixT-fixed37-rep1/control-series.txt
1791151747,2026-10-05T07:09:07+09:00,34228.0,I_OLTP,1,1,6643470934016,1621941146,2222117337,2.370035739262268,active_cumulative,/home/oy/iCAT/result/mixT-fixed37-tenhour-20261004/mixT-fixed37-rep1/control-series.txt
1791151777,2026-10-05T07:09:37+09:00,34258.0,I_OLTP,1,1,6648465178624,1623160444,2222700595,2.369365920181332,active_cumulative,/home/oy/iCAT/result/mixT-fixed37-tenhour-20261004/mixT-fixed37-rep1/control-series.txt
1791151807,2026-10-05T07:10:07+09:00,34288.0,I_OLTP,1,1,6653587656704,1624411049,2223289433,2.3686741630874,active_cumulative,/home/oy/iCAT/result/mixT-fixed37-tenhour-20261004/mixT-fixed37-rep1/control-series.txt
1791151837,2026-10-05T07:10:37+09:00,34318.0,I_OLTP,1,1,6658536075264,1625619159,2223857701,2.3680065768713052,active_cumulative,/home/oy/iCAT/result/mixT-fixed37-tenhour-20261004/mixT-fixed37-rep1/control-series.txt
1791151867,2026-10-05T07:11:07+09:00,34348.0,I_OLTP,1,1,6663651119104,1626867949,2224452688,2.3673222152832514,active_cumulative,/home/oy/iCAT/result/mixT-fixed37-tenhour-20261004/mixT-fixed37-rep1/control-series.txt
1791151897,2026-10-05T07:11:37+09:00,34378.0,I_OLTP,1,1,6668670210048,1628093313,2225027129,2.3666459478910715,active_cumulative,/home/oy/iCAT/result/mixT-fixed37-tenhour-20261004/mixT-fixed37-rep1/control-series.txt
1791151927,2026-10-05T07:12:07+09:00,34408.0,I_OLTP,1,1,6673720324096,1629326251,2225608561,2.3659686386529595,active_cumulative,/home/oy/iCAT/result/mixT-fixed37-tenhour-20261004/mixT-fixed37-rep1/control-series.txt
1791151957,2026-10-05T07:12:37+09:00,34438.0,I_OLTP,1,1,6678770880512,1630559297,2226192924,2.3652940608145205,active_cumulative,/home/oy/iCAT/result/mixT-fixed37-tenhour-20261004/mixT-fixed37-rep1/control-series.txt
1791151987,2026-10-05T07:13:07+09:00,34468.0,I_OLTP,1,1,6683798626304,1631786774,2226771851,2.3646218283418934,active_cumulative,/home/oy/iCAT/result/mixT-fixed37-tenhour-20261004/mixT-fixed37-rep1/control-series.txt
1791152017,2026-10-05T07:13:37+09:00,34498.0,I_OLTP,,,,,,,inactive_or_zero,/home/oy/iCAT/result/mixT-fixed37-tenhour-20261004/mixT-fixed37-rep1/control-series.txt
1791152047,2026-10-05T07:14:07+09:00,34528.0,I_OLTP,1,1,6693967863808,1634269498,2227946471,2.3632674866211083,active_cumulative,/home/oy/iCAT/result/mixT-fixed37-tenhour-20261004/mixT-fixed37-rep1/control-series.txt
1791152077,2026-10-05T07:14:37+09:00,34558.0,I_OLTP,1,1,6699047510016,1635509646,2228535243,2.3625937630208265,active_cumulative,/home/oy/iCAT/result/mixT-fixed37-tenhour-20261004/mixT-fixed37-rep1/control-series.txt
1791152107,2026-10-05T07:15:07+09:00,34588.0,I_OLTP,1,1,6704094298112,1636741772,2229123505,2.361927423820891,active_cumulative,/home/oy/iCAT/result/mixT-fixed37-tenhour-20261004/mixT-fixed37-rep1/control-series.txt
1791152137,2026-10-05T07:15:37+09:00,34618.0,I_OLTP,1,1,6709195796480,1637987255,2229707477,2.3612483675887943,active_cumulative,/home/oy/iCAT/result/mixT-fixed37-tenhour-20261004/mixT-fixed37-rep1/control-series.txt
1791152167,2026-10-05T07:16:07+09:00,34648.0,I_OLTP,1,1,6714261262336,1639223941,2230299141,2.3605823372976227,active_cumulative,/home/oy/iCAT/result/mixT-fixed37-tenhour-20261004/mixT-fixed37-rep1/control-series.txt
1791152197,2026-10-05T07:16:37+09:00,34678.0,I_OLTP,1,1,6719320363008,1640459073,2230877430,2.3599104462388496,active_cumulative,/home/oy/iCAT/result/mixT-fixed37-tenhour-20261004/mixT-fixed37-rep1/control-series.txt
1791152227,2026-10-05T07:17:07+09:00,34708.0,I_OLTP,1,1,6724286681088,1641671553,2231443534,2.359250898830675,active_cumulative,/home/oy/iCAT/result/mixT-fixed37-tenhour-20261004/mixT-fixed37-rep1/control-series.txt
1791152257,2026-10-05T07:17:37+09:00,34738.0,I_OLTP,1,1,6729327865856,1642902311,2232024815,2.3585864479315353,active_cumulative,/home/oy/iCAT/result/mixT-fixed37-tenhour-20261004/mixT-fixed37-rep1/control-series.txt
1791152288,2026-10-05T07:18:08+09:00,34769.0,I_OLTP,1,1,6734395899904,1644139624,2232612043,2.357921195018897,active_cumulative,/home/oy/iCAT/result/mixT-fixed37-tenhour-20261004/mixT-fixed37-rep1/control-series.txt
1791152318,2026-10-05T07:18:38+09:00,34799.0,I_OLTP,1,1,6739456925696,1645375226,2233198496,2.3572578830113002,active_cumulative,/home/oy/iCAT/result/mixT-fixed37-tenhour-20261004/mixT-fixed37-rep1/control-series.txt
1791152348,2026-10-05T07:19:08+09:00,34829.0,I_OLTP,1,1,6744486178816,1646603071,2233773292,2.3565948778678063,active_cumulative,/home/oy/iCAT/result/mixT-fixed37-tenhour-20261004/mixT-fixed37-rep1/control-series.txt
1791152378,2026-10-05T07:19:38+09:00,34859.0,I_OLTP,1,1,6749476073472,1647821307,2234348764,2.3559411779107426,active_cumulative,/home/oy/iCAT/result/mixT-fixed37-tenhour-20261004/mixT-fixed37-rep1/control-series.txt
1791152408,2026-10-05T07:20:08+09:00,34889.0,I_OLTP,1,1,6754606530560,1649073860,2234933020,2.355265567061987,active_cumulative,/home/oy/iCAT/result/mixT-fixed37-tenhour-20261004/mixT-fixed37-rep1/control-series.txt
1791152438,2026-10-05T07:20:38+09:00,34919.0,I_OLTP,1,1,6759591055360,1650290785,2235502166,2.3546110699515297,active_cumulative,/home/oy/iCAT/result/mixT-fixed37-tenhour-20261004/mixT-fixed37-rep1/control-series.txt
1791152468,2026-10-05T07:21:08+09:00,34949.0,I_OLTP,1,1,6764680450048,1651533313,2236086927,2.353946002420116,active_cumulative,/home/oy/iCAT/result/mixT-fixed37-tenhour-20261004/mixT-fixed37-rep1/control-series.txt
1791152498,2026-10-05T07:21:38+09:00,34979.0,I_OLTP,1,1,6769729712128,1652766043,2236661184,2.353283602039735,active_cumulative,/home/oy/iCAT/result/mixT-fixed37-tenhour-20261004/mixT-fixed37-rep1/control-series.txt
1791152528,2026-10-05T07:22:08+09:00,35009.0,I_OLTP,1,1,6774781407232,1653999367,2237239351,2.3526240672376266,active_cumulative,/home/oy/iCAT/result/mixT-fixed37-tenhour-20261004/mixT-fixed37-rep1/control-series.txt
1791152558,2026-10-05T07:22:38+09:00,35039.0,I_OLTP,1,1,6779863089152,1655240012,2237823387,2.351963081351612,active_cumulative,/home/oy/iCAT/result/mixT-fixed37-tenhour-20261004/mixT-fixed37-rep1/control-series.txt
1791152588,2026-10-05T07:23:08+09:00,35069.0,I_OLTP,1,1,6784770965504,1656438224,2238392817,2.351328884209569,active_cumulative,/home/oy/iCAT/result/mixT-fixed37-tenhour-20261004/mixT-fixed37-rep1/control-series.txt
1791152618,2026-10-05T07:23:38+09:00,35099.0,I_OLTP,1,1,6789173862400,1657513150,2238878174,2.350745346424552,active_cumulative,/home/oy/iCAT/result/mixT-fixed37-tenhour-20261004/mixT-fixed37-rep1/control-series.txt
1791152648,2026-10-05T07:24:08+09:00,35129.0,I_OLTP,1,1,6794146287616,1658727121,2239446517,2.3500994157796735,active_cumulative,/home/oy/iCAT/result/mixT-fixed37-tenhour-20261004/mixT-fixed37-rep1/control-series.txt
1791152678,2026-10-05T07:24:38+09:00,35159.0,I_OLTP,1,1,6799113682944,1659939864,2240017679,2.3494571264781676,active_cumulative,/home/oy/iCAT/result/mixT-fixed37-tenhour-20261004/mixT-fixed37-rep1/control-series.txt
1791152708,2026-10-05T07:25:08+09:00,35189.0,I_OLTP,1,1,6804085714944,1661153739,2240591876,2.348816682885003,active_cumulative,/home/oy/iCAT/result/mixT-fixed37-tenhour-20261004/mixT-fixed37-rep1/control-series.txt
1791152738,2026-10-05T07:25:38+09:00,35219.0,I_OLTP,1,1,6808981295104,1662348949,2241148591,2.3481817956140807,active_cumulative,/home/oy/iCAT/result/mixT-fixed37-tenhour-20261004/mixT-fixed37-rep1/control-series.txt
1791152768,2026-10-05T07:26:08+09:00,35249.0,I_OLTP,1,1,6813938728960,1663559260,2241709786,2.3475382812632715,active_cumulative,/home/oy/iCAT/result/mixT-fixed37-tenhour-20261004/mixT-fixed37-rep1/control-series.txt
1791152798,2026-10-05T07:26:38+09:00,35279.0,I_OLTP,1,1,6818838278144,1664755439,2242256217,2.3468982677400945,active_cumulative,/home/oy/iCAT/result/mixT-fixed37-tenhour-20261004/mixT-fixed37-rep1/control-series.txt
1791152828,2026-10-05T07:27:08+09:00,35309.0,I_OLTP,1,1,6823915810816,1665995071,2242822230,2.3462358136832684,active_cumulative,/home/oy/iCAT/result/mixT-fixed37-tenhour-20261004/mixT-fixed37-rep1/control-series.txt
1791152858,2026-10-05T07:27:38+09:00,35339.0,I_OLTP,1,1,6829050609664,1667248684,2243408883,2.345575440862066,active_cumulative,/home/oy/iCAT/result/mixT-fixed37-tenhour-20261004/mixT-fixed37-rep1/control-series.txt
1791152888,2026-10-05T07:28:08+09:00,35369.0,I_OLTP,1,1,6834188177408,1668502973,2243990732,2.34491263624497,active_cumulative,/home/oy/iCAT/result/mixT-fixed37-tenhour-20261004/mixT-fixed37-rep1/control-series.txt
1791152918,2026-10-05T07:28:38+09:00,35399.0,I_OLTP,1,1,6839248969728,1669738518,2244569618,2.3442641430399105,active_cumulative,/home/oy/iCAT/result/mixT-fixed37-tenhour-20261004/mixT-fixed37-rep1/control-series.txt
1791152948,2026-10-05T07:29:08+09:00,35429.0,I_OLTP,1,1,6844352323584,1670984454,2245156281,2.3436129077236765,active_cumulative,/home/oy/iCAT/result/mixT-fixed37-tenhour-20261004/mixT-fixed37-rep1/control-series.txt
1791152978,2026-10-05T07:29:38+09:00,35459.0,I_OLTP,1,1,6849240285184,1672177804,2245709243,2.3429847218567676,active_cumulative,/home/oy/iCAT/result/mixT-fixed37-tenhour-20261004/mixT-fixed37-rep1/control-series.txt
1791153009,2026-10-05T07:30:09+09:00,35490.0,I_OLTP,1,1,6854207119360,1673390410,2246251232,2.3423354278694593,active_cumulative,/home/oy/iCAT/result/mixT-fixed37-tenhour-20261004/mixT-fixed37-rep1/control-series.txt
1791153039,2026-10-05T07:30:39+09:00,35520.0,I_OLTP,1,1,6859263651840,1674624915,2246816011,2.3416831380416907,active_cumulative,/home/oy/iCAT/result/mixT-fixed37-tenhour-20261004/mixT-fixed37-rep1/control-series.txt
1791153069,2026-10-05T07:31:09+09:00,35550.0,I_OLTP,1,1,6864384774144,1675875189,2247396630,2.341028642676564,active_cumulative,/home/oy/iCAT/result/mixT-fixed37-tenhour-20261004/mixT-fixed37-rep1/control-series.txt
1791153099,2026-10-05T07:31:39+09:00,35580.0,I_OLTP,1,1,6869417291776,1677103831,2247966765,2.340386160622872,active_cumulative,/home/oy/iCAT/result/mixT-fixed37-tenhour-20261004/mixT-fixed37-rep1/control-series.txt
1791153129,2026-10-05T07:32:09+09:00,35610.0,I_OLTP,,,,,,,inactive_or_zero,/home/oy/iCAT/result/mixT-fixed37-tenhour-20261004/mixT-fixed37-rep1/control-series.txt
1791153159,2026-10-05T07:32:39+09:00,35640.0,I_OLTP,,,,,,,inactive_or_zero,/home/oy/iCAT/result/mixT-fixed37-tenhour-20261004/mixT-fixed37-rep1/control-series.txt
1791153189,2026-10-05T07:33:09+09:00,35670.0,I_OLTP,1,1,6884656758784,1680824404,2249691949,2.338445553054928,active_cumulative,/home/oy/iCAT/result/mixT-fixed37-tenhour-20261004/mixT-fixed37-rep1/control-series.txt
1791153219,2026-10-05T07:33:39+09:00,35700.0,I_OLTP,1,1,6889770360832,1682072842,2250258767,2.3377891318454567,active_cumulative,/home/oy/iCAT/result/mixT-fixed37-tenhour-20261004/mixT-fixed37-rep1/control-series.txt
1791153249,2026-10-05T07:34:09+09:00,35730.0,I_OLTP,1,1,6894759985152,1683291012,2250825057,2.337157414228503,active_cumulative,/home/oy/iCAT/result/mixT-fixed37-tenhour-20261004/mixT-fixed37-rep1/control-series.txt
1791153279,2026-10-05T07:34:39+09:00,35760.0,I_OLTP,1,1,6899836796928,1684530468,2251398528,2.336513984619719,active_cumulative,/home/oy/iCAT/result/mixT-fixed37-tenhour-20261004/mixT-fixed37-rep1/control-series.txt
1791153309,2026-10-05T07:35:09+09:00,35790.0,I_OLTP,1,1,6904874831872,1685760457,2251969978,2.3358778043753814,active_cumulative,/home/oy/iCAT/result/mixT-fixed37-tenhour-20261004/mixT-fixed37-rep1/control-series.txt
1791153339,2026-10-05T07:35:39+09:00,35820.0,I_OLTP,1,1,6909956681728,1687001143,2252525257,2.335224499607823,active_cumulative,/home/oy/iCAT/result/mixT-fixed37-tenhour-20261004/mixT-fixed37-rep1/control-series.txt
1791153369,2026-10-05T07:36:09+09:00,35850.0,I_OLTP,1,1,6915036602368,1688241358,2253092461,2.334579590959174,active_cumulative,/home/oy/iCAT/result/mixT-fixed37-tenhour-20261004/mixT-fixed37-rep1/control-series.txt
1791153399,2026-10-05T07:36:39+09:00,35880.0,I_OLTP,1,1,6920196870144,1689501189,2253676053,2.3339298413479836,active_cumulative,/home/oy/iCAT/result/mixT-fixed37-tenhour-20261004/mixT-fixed37-rep1/control-series.txt
1791153429,2026-10-05T07:37:09+09:00,35910.0,I_OLTP,1,1,6925312598016,1690750146,2254259732,2.3332896864348402,active_cumulative,/home/oy/iCAT/result/mixT-fixed37-tenhour-20261004/mixT-fixed37-rep1/control-series.txt
1791153459,2026-10-05T07:37:39+09:00,35940.0,I_OLTP,1,1,6930187497472,1691940307,2254795552,2.332668500579672,active_cumulative,/home/oy/iCAT/result/mixT-fixed37-tenhour-20261004/mixT-fixed37-rep1/control-series.txt
1791153489,2026-10-05T07:38:09+09:00,35970.0,I_OLTP,1,1,6935163887616,1693155246,2255348932,2.3320390657195533,active_cumulative,/home/oy/iCAT/result/mixT-fixed37-tenhour-20261004/mixT-fixed37-rep1/control-series.txt
1791153519,2026-10-05T07:38:39+09:00,36000.0,I_OLTP,1,1,6940024741888,1694341978,2255891461,2.3314262942731623,active_cumulative,/home/oy/iCAT/result/mixT-fixed37-tenhour-20261004/mixT-fixed37-rep1/control-series.txt
1791153549,2026-10-05T07:39:09+09:00,36030.0,I_OLTP,1,1,6944962830336,1695547566,2256432520,2.330798713788487,active_cumulative,/home/oy/iCAT/result/mixT-fixed37-tenhour-20261004/mixT-fixed37-rep1/control-series.txt
1791153579,2026-10-05T07:39:39+09:00,36060.0,I_OLTP,1,1,6949887381504,1696749849,2256997754,2.330188863921331,active_cumulative,/home/oy/iCAT/result/mixT-fixed37-tenhour-20261004/mixT-fixed37-rep1/control-series.txt
