[1283240.378713] mix-mixR-online-717505 BEGIN
[1283240.411976] NVMeVirt: Version 1.10 for >> Samsung 970 Pro SSD <<
[1283240.411981] NVMeVirt: Storage: 0x100100000-0x300000000 (8191 MiB)
[1283240.422941] NVMeVirt: Total Capacity(GiB,MiB)=2,2048 chs=2 luns=4 lines=8192 blk-size(MiB,KiB)=0,64 line-size(MiB,KiB)=0,256
[1283240.433791] NVMeVirt: [chmodel_init] bandwidth 800 max_credits 26 tx_time 152
[1283240.443735] NVMeVirt: [chmodel_init] bandwidth 800 max_credits 26 tx_time 152
[1283240.443749] NVMeVirt: [chmodel_init] bandwidth 3360 max_credits 110 tx_time 36
[1283240.443752] NVMeVirt: WATGC_V2 init ns=0 part=0 arms=60 initial=37 prior=none gamma_q16=65503 exploration_q16=16384
[1283240.444969] NVMeVirt: pqueue: Copyright (c) 2014, Volkan Yazıcı <volkan.yazici@gmail.com>. All rights reserved.
[1283240.445006] NVMeVirt: Init FTL instance with 2 channels (524288 pages)
[1283240.445008] NVMeVirt: GC victim policy: watgc-v2 ns=0 part=0 initial_k=7 initial_scale_pct=100 initial_age_ratio=7 warmup_gc=100
[1283240.455145] NVMeVirt: [chmodel_init] bandwidth 800 max_credits 26 tx_time 152
[1283240.465662] NVMeVirt: [chmodel_init] bandwidth 800 max_credits 26 tx_time 152
[1283240.465675] NVMeVirt: [chmodel_init] bandwidth 3360 max_credits 110 tx_time 36
[1283240.465677] NVMeVirt: WATGC_V2 init ns=0 part=1 arms=60 initial=37 prior=none gamma_q16=65503 exploration_q16=16384
[1283240.466917] NVMeVirt: Init FTL instance with 2 channels (524288 pages)
[1283240.466919] NVMeVirt: GC victim policy: watgc-v2 ns=0 part=1 initial_k=7 initial_scale_pct=100 initial_age_ratio=7 warmup_gc=100
[1283240.477057] NVMeVirt: [chmodel_init] bandwidth 800 max_credits 26 tx_time 152
[1283240.487309] NVMeVirt: [chmodel_init] bandwidth 800 max_credits 26 tx_time 152
[1283240.487322] NVMeVirt: [chmodel_init] bandwidth 3360 max_credits 110 tx_time 36
[1283240.487324] NVMeVirt: WATGC_V2 init ns=0 part=2 arms=60 initial=37 prior=none gamma_q16=65503 exploration_q16=16384
[1283240.488934] NVMeVirt: Init FTL instance with 2 channels (524288 pages)
[1283240.488937] NVMeVirt: GC victim policy: watgc-v2 ns=0 part=2 initial_k=7 initial_scale_pct=100 initial_age_ratio=7 warmup_gc=100
[1283240.499345] NVMeVirt: [chmodel_init] bandwidth 800 max_credits 26 tx_time 152
[1283240.509256] NVMeVirt: [chmodel_init] bandwidth 800 max_credits 26 tx_time 152
[1283240.509270] NVMeVirt: [chmodel_init] bandwidth 3360 max_credits 110 tx_time 36
[1283240.509272] NVMeVirt: WATGC_V2 init ns=0 part=3 arms=60 initial=37 prior=none gamma_q16=65503 exploration_q16=16384
[1283240.510527] NVMeVirt: Init FTL instance with 2 channels (524288 pages)
[1283240.510529] NVMeVirt: GC victim policy: watgc-v2 ns=0 part=3 initial_k=7 initial_scale_pct=100 initial_age_ratio=7 warmup_gc=100
[1283240.510536] NVMeVirt: FTL physical space: 8588886016, logical space: 8026996276 (physical/logical * 100 = 107)
[1283240.510538] NVMeVirt: ns 0/1: size 7655 MiB
[1283240.510587] PCI host bridge to bus 0001:10
[1283240.510589] pci_bus 0001:10: root bus resource [io  0x0000-0xffff]
[1283240.510592] pci_bus 0001:10: root bus resource [mem 0x00000000-0x7fffffffff]
[1283240.510594] pci_bus 0001:10: root bus resource [bus 00-ff]
[1283240.510616] pci 0001:10:00.0: [0c51:0110] type 00 class 0x010802 PCIe Endpoint
[1283240.510620] pci 0001:10:00.0: BAR 0 [mem 0x100000000-0x100003fff 64bit]
[1283240.510622] pci 0001:10:00.0: enabling Extended Tags
[1283240.510747] NVMeVirt: Virtual PCI bus created (node 0)
[1283240.510971] NVMeVirt: nvmev_io_worker_0 started on cpu 2 (node 0)
[1283240.511070] NVMeVirt: nvmev_dispatcher started on cpu 1 (node 0)
[1283240.511127] NVMeVirt: Virtual NVMe device created
[1283240.512005] nvme nvme0: pci function 0001:10:00.0
[1283240.514626] nvme nvme0: 8/0/0 default/read/poll queues
[1283240.924252] EXT4-fs (nvme0n1): mounted filesystem 1e41e894-0110-4ecb-8b8f-4fd62f1d0379 r/w with ordered data mode. Quota mode: none.
[1283323.113146] NVMeVirt: WATGC_V2 init ns=0 part=0 arms=60 initial=37 prior=none gamma_q16=65503 exploration_q16=16384
[1283323.113153] NVMeVirt: WATGC_V2 init ns=0 part=1 arms=60 initial=37 prior=none gamma_q16=65503 exploration_q16=16384
[1283323.113156] NVMeVirt: WATGC_V2 init ns=0 part=2 arms=60 initial=37 prior=none gamma_q16=65503 exploration_q16=16384
[1283323.113159] NVMeVirt: WATGC_V2 init ns=0 part=3 arms=60 initial=37 prior=none gamma_q16=65503 exploration_q16=16384
[1283323.113161] NVMeVirt: Measurement: command=start epoch=1 host_bytes=0 learner_active=1
[1283323.121768] mix-mixR-online-717505 phase=A START
[1283323.716666] NVMeVirt: WATGC_V2 warmup-done ns=0 part=1 gc_count=2824
[1283323.718847] NVMeVirt: WATGC_V2 warmup-done ns=0 part=2 gc_count=2817
[1283323.723259] NVMeVirt: WATGC_V2 warmup-done ns=0 part=0 gc_count=2841
[1283323.725900] NVMeVirt: WATGC_V2 warmup-done ns=0 part=3 gc_count=2820
[1283333.535159] NVMeVirt: WATGC_V2 sample ns=0 part=3 epoch=1 window=1 phase=measure evaluated=37 k=7 scale_pct=100 age_ratio=7 host=65552 gc_pages=62638 gc_count=2003 waf_q16=128158 best=37 next=0 settled=0
[1283333.555350] NVMeVirt: WATGC_V2 sample ns=0 part=2 epoch=1 window=1 phase=measure evaluated=37 k=7 scale_pct=100 age_ratio=7 host=65568 gc_pages=62499 gc_count=2001 waf_q16=128004 best=37 next=0 settled=0
[1283333.562903] NVMeVirt: WATGC_V2 sample ns=0 part=1 epoch=1 window=1 phase=measure evaluated=37 k=7 scale_pct=100 age_ratio=7 host=65567 gc_pages=62501 gc_count=2001 waf_q16=128007 best=37 next=0 settled=0
[1283333.567817] NVMeVirt: WATGC_V2 sample ns=0 part=0 epoch=1 window=1 phase=measure evaluated=37 k=7 scale_pct=100 age_ratio=7 host=65552 gc_pages=62639 gc_count=2003 waf_q16=128159 best=37 next=0 settled=0
[1283343.370256] NVMeVirt: WATGC_V2 sample ns=0 part=3 epoch=1 window=2 phase=measure evaluated=0 k=2 scale_pct=25 age_ratio=4 host=65553 gc_pages=60978 gc_count=1977 waf_q16=126498 best=0 next=1 settled=0
[1283343.388559] NVMeVirt: WATGC_V2 sample ns=0 part=1 epoch=1 window=2 phase=measure evaluated=0 k=2 scale_pct=25 age_ratio=4 host=65545 gc_pages=61690 gc_count=1988 waf_q16=127217 best=0 next=1 settled=0
[1283343.396886] NVMeVirt: WATGC_V2 sample ns=0 part=0 epoch=1 window=2 phase=measure evaluated=0 k=2 scale_pct=25 age_ratio=4 host=65557 gc_pages=61038 gc_count=1978 waf_q16=126554 best=0 next=1 settled=0
[1283343.398801] NVMeVirt: WATGC_V2 sample ns=0 part=2 epoch=1 window=2 phase=measure evaluated=0 k=2 scale_pct=25 age_ratio=4 host=65555 gc_pages=61232 gc_count=1981 waf_q16=126750 best=0 next=1 settled=0
[1283353.218256] NVMeVirt: WATGC_V2 sample ns=0 part=2 epoch=1 window=3 phase=measure evaluated=1 k=2 scale_pct=25 age_ratio=7 host=65544 gc_pages=75067 gc_count=2197 waf_q16=140593 best=0 next=2 settled=0
[1283353.219856] NVMeVirt: WATGC_V2 sample ns=0 part=1 epoch=1 window=3 phase=measure evaluated=1 k=2 scale_pct=25 age_ratio=7 host=65539 gc_pages=75199 gc_count=2199 waf_q16=140731 best=0 next=2 settled=0
[1283353.224293] NVMeVirt: WATGC_V2 sample ns=0 part=0 epoch=1 window=3 phase=measure evaluated=1 k=2 scale_pct=25 age_ratio=7 host=65563 gc_pages=75047 gc_count=2197 waf_q16=140552 best=0 next=2 settled=0
[1283353.226220] NVMeVirt: WATGC_V2 sample ns=0 part=3 epoch=1 window=3 phase=measure evaluated=1 k=2 scale_pct=25 age_ratio=7 host=65541 gc_pages=74941 gc_count=2195 waf_q16=140471 best=0 next=2 settled=0
[1283363.043954] NVMeVirt: WATGC_V2 sample ns=0 part=3 epoch=1 window=4 phase=measure evaluated=2 k=2 scale_pct=25 age_ratio=16 host=65537 gc_pages=73156 gc_count=2167 waf_q16=138690 best=0 next=3 settled=0
[1283363.052156] NVMeVirt: WATGC_V2 sample ns=0 part=0 epoch=1 window=4 phase=measure evaluated=2 k=2 scale_pct=25 age_ratio=16 host=65557 gc_pages=73392 gc_count=2171 waf_q16=138904 best=0 next=3 settled=0
[1283363.060235] NVMeVirt: WATGC_V2 sample ns=0 part=2 epoch=1 window=4 phase=measure evaluated=2 k=2 scale_pct=25 age_ratio=16 host=65541 gc_pages=73280 gc_count=2169 waf_q16=138810 best=0 next=3 settled=0
[1283363.062356] NVMeVirt: WATGC_V2 sample ns=0 part=1 epoch=1 window=4 phase=measure evaluated=2 k=2 scale_pct=25 age_ratio=16 host=65538 gc_pages=73731 gc_count=2176 waf_q16=139264 best=0 next=3 settled=0
[1283372.875112] NVMeVirt: WATGC_V2 sample ns=0 part=1 epoch=1 window=5 phase=measure evaluated=3 k=2 scale_pct=50 age_ratio=4 host=65541 gc_pages=73597 gc_count=2174 waf_q16=139127 best=0 next=4 settled=0
[1283372.882261] NVMeVirt: WATGC_V2 sample ns=0 part=3 epoch=1 window=5 phase=measure evaluated=3 k=2 scale_pct=50 age_ratio=4 host=65542 gc_pages=72313 gc_count=2154 waf_q16=137842 best=0 next=4 settled=0
[1283372.892155] NVMeVirt: WATGC_V2 sample ns=0 part=2 epoch=1 window=5 phase=measure evaluated=3 k=2 scale_pct=50 age_ratio=4 host=65551 gc_pages=73203 gc_count=2168 waf_q16=138722 best=0 next=4 settled=0
[1283372.901480] NVMeVirt: WATGC_V2 sample ns=0 part=0 epoch=1 window=5 phase=measure evaluated=3 k=2 scale_pct=50 age_ratio=4 host=65541 gc_pages=73085 gc_count=2166 waf_q16=138615 best=0 next=4 settled=0
[1283382.706702] NVMeVirt: WATGC_V2 sample ns=0 part=3 epoch=1 window=6 phase=measure evaluated=4 k=2 scale_pct=50 age_ratio=7 host=65544 gc_pages=70965 gc_count=2133 waf_q16=136492 best=0 next=5 settled=0
[1283382.722035] NVMeVirt: WATGC_V2 sample ns=0 part=0 epoch=1 window=6 phase=measure evaluated=4 k=2 scale_pct=50 age_ratio=7 host=65559 gc_pages=72230 gc_count=2153 waf_q16=137740 best=0 next=5 settled=0
[1283382.727308] NVMeVirt: WATGC_V2 sample ns=0 part=1 epoch=1 window=6 phase=measure evaluated=4 k=2 scale_pct=50 age_ratio=7 host=65539 gc_pages=72121 gc_count=2151 waf_q16=137653 best=0 next=5 settled=0
[1283382.728745] NVMeVirt: WATGC_V2 sample ns=0 part=2 epoch=1 window=6 phase=measure evaluated=4 k=2 scale_pct=50 age_ratio=7 host=65561 gc_pages=72099 gc_count=2151 waf_q16=137607 best=0 next=5 settled=0
[1283392.537520] NVMeVirt: WATGC_V2 sample ns=0 part=1 epoch=1 window=7 phase=measure evaluated=5 k=2 scale_pct=50 age_ratio=16 host=65540 gc_pages=75643 gc_count=2206 waf_q16=141174 best=0 next=6 settled=0
[1283392.543498] NVMeVirt: WATGC_V2 sample ns=0 part=2 epoch=1 window=7 phase=measure evaluated=5 k=2 scale_pct=50 age_ratio=16 host=65551 gc_pages=75375 gc_count=2202 waf_q16=140893 best=0 next=6 settled=0
[1283392.559072] NVMeVirt: WATGC_V2 sample ns=0 part=3 epoch=1 window=7 phase=measure evaluated=5 k=2 scale_pct=50 age_ratio=16 host=65560 gc_pages=74725 gc_count=2192 waf_q16=140233 best=0 next=6 settled=0
[1283392.575410] NVMeVirt: WATGC_V2 sample ns=0 part=0 epoch=1 window=7 phase=measure evaluated=5 k=2 scale_pct=50 age_ratio=16 host=65537 gc_pages=75325 gc_count=2201 waf_q16=140859 best=0 next=6 settled=0
[1283402.372350] NVMeVirt: WATGC_V2 sample ns=0 part=2 epoch=1 window=8 phase=measure evaluated=6 k=2 scale_pct=100 age_ratio=4 host=65542 gc_pages=79419 gc_count=2265 waf_q16=144947 best=0 next=7 settled=0
[1283402.373611] NVMeVirt: WATGC_V2 sample ns=0 part=0 epoch=1 window=8 phase=measure evaluated=6 k=2 scale_pct=100 age_ratio=4 host=65538 gc_pages=79999 gc_count=2274 waf_q16=145532 best=0 next=7 settled=0
[1283402.397096] NVMeVirt: WATGC_V2 sample ns=0 part=1 epoch=1 window=8 phase=measure evaluated=6 k=2 scale_pct=100 age_ratio=4 host=65545 gc_pages=79735 gc_count=2270 waf_q16=145260 best=0 next=7 settled=0
[1283402.404362] NVMeVirt: WATGC_V2 sample ns=0 part=3 epoch=1 window=8 phase=measure evaluated=6 k=2 scale_pct=100 age_ratio=4 host=65547 gc_pages=79541 gc_count=2267 waf_q16=145063 best=0 next=7 settled=0
[1283412.190284] NVMeVirt: WATGC_V2 sample ns=0 part=0 epoch=1 window=9 phase=measure evaluated=7 k=2 scale_pct=100 age_ratio=7 host=65546 gc_pages=78393 gc_count=2249 waf_q16=143917 best=0 next=8 settled=0
[1283412.191383] NVMeVirt: WATGC_V2 sample ns=0 part=2 epoch=1 window=9 phase=measure evaluated=7 k=2 scale_pct=100 age_ratio=7 host=65539 gc_pages=78400 gc_count=2249 waf_q16=143932 best=0 next=8 settled=0
[1283412.235260] NVMeVirt: WATGC_V2 sample ns=0 part=3 epoch=1 window=9 phase=measure evaluated=7 k=2 scale_pct=100 age_ratio=7 host=65562 gc_pages=77928 gc_count=2242 waf_q16=143433 best=0 next=8 settled=0
[1283412.257498] NVMeVirt: WATGC_V2 sample ns=0 part=1 epoch=1 window=9 phase=measure evaluated=7 k=2 scale_pct=100 age_ratio=7 host=65551 gc_pages=77556 gc_count=2236 waf_q16=143074 best=0 next=8 settled=0
[1283422.022364] NVMeVirt: WATGC_V2 sample ns=0 part=2 epoch=1 window=10 phase=measure evaluated=8 k=2 scale_pct=100 age_ratio=16 host=65547 gc_pages=78648 gc_count=2253 waf_q16=144170 best=0 next=9 settled=0
[1283422.045542] NVMeVirt: WATGC_V2 sample ns=0 part=0 epoch=1 window=10 phase=measure evaluated=8 k=2 scale_pct=100 age_ratio=16 host=65555 gc_pages=79665 gc_count=2269 waf_q16=145177 best=0 next=9 settled=0
[1283422.069191] NVMeVirt: WATGC_V2 sample ns=0 part=1 epoch=1 window=10 phase=measure evaluated=8 k=2 scale_pct=100 age_ratio=16 host=65549 gc_pages=78519 gc_count=2251 waf_q16=144039 best=0 next=9 settled=0
[1283422.074363] NVMeVirt: WATGC_V2 sample ns=0 part=3 epoch=1 window=10 phase=measure evaluated=8 k=2 scale_pct=100 age_ratio=16 host=65560 gc_pages=80044 gc_count=2275 waf_q16=145550 best=0 next=9 settled=0
[1283431.847111] NVMeVirt: WATGC_V2 sample ns=0 part=2 epoch=1 window=11 phase=measure evaluated=9 k=2 scale_pct=200 age_ratio=4 host=65565 gc_pages=83680 gc_count=2332 waf_q16=149178 best=0 next=10 settled=0
[1283431.879526] NVMeVirt: WATGC_V2 sample ns=0 part=0 epoch=1 window=11 phase=measure evaluated=9 k=2 scale_pct=200 age_ratio=4 host=65550 gc_pages=82993 gc_count=2321 waf_q16=148511 best=0 next=10 settled=0
[1283431.909757] NVMeVirt: WATGC_V2 sample ns=0 part=1 epoch=1 window=11 phase=measure evaluated=9 k=2 scale_pct=200 age_ratio=4 host=65564 gc_pages=83041 gc_count=2322 waf_q16=148541 best=0 next=10 settled=0
[1283431.911866] NVMeVirt: WATGC_V2 sample ns=0 part=3 epoch=1 window=11 phase=measure evaluated=9 k=2 scale_pct=200 age_ratio=4 host=65559 gc_pages=83878 gc_count=2335 waf_q16=149384 best=0 next=10 settled=0
[1283441.663207] NVMeVirt: WATGC_V2 sample ns=0 part=2 epoch=1 window=12 phase=measure evaluated=10 k=2 scale_pct=200 age_ratio=7 host=65544 gc_pages=84727 gc_count=2348 waf_q16=150252 best=0 next=11 settled=0
[1283441.732401] NVMeVirt: WATGC_V2 sample ns=0 part=0 epoch=1 window=12 phase=measure evaluated=10 k=2 scale_pct=200 age_ratio=7 host=65554 gc_pages=83757 gc_count=2333 waf_q16=149270 best=0 next=11 settled=0
[1283441.735123] NVMeVirt: WATGC_V2 sample ns=0 part=3 epoch=1 window=12 phase=measure evaluated=10 k=2 scale_pct=200 age_ratio=7 host=65544 gc_pages=83062 gc_count=2322 waf_q16=148587 best=0 next=11 settled=0
[1283441.747492] NVMeVirt: WATGC_V2 sample ns=0 part=1 epoch=1 window=12 phase=measure evaluated=10 k=2 scale_pct=200 age_ratio=7 host=65539 gc_pages=83003 gc_count=2321 waf_q16=148535 best=0 next=11 settled=0
[1283451.524183] NVMeVirt: WATGC_V2 sample ns=0 part=2 epoch=1 window=13 phase=measure evaluated=11 k=2 scale_pct=200 age_ratio=16 host=65541 gc_pages=85436 gc_count=2359 waf_q16=150965 best=0 next=12 settled=0
[1283451.556466] NVMeVirt: WATGC_V2 sample ns=0 part=1 epoch=1 window=13 phase=measure evaluated=11 k=2 scale_pct=200 age_ratio=16 host=65546 gc_pages=84086 gc_count=2338 waf_q16=149609 best=0 next=12 settled=0
[1283451.561650] NVMeVirt: WATGC_V2 sample ns=0 part=3 epoch=1 window=13 phase=measure evaluated=11 k=2 scale_pct=200 age_ratio=16 host=65540 gc_pages=85244 gc_count=2356 waf_q16=150774 best=0 next=12 settled=0
[1283451.567764] NVMeVirt: WATGC_V2 sample ns=0 part=0 epoch=1 window=13 phase=measure evaluated=11 k=2 scale_pct=200 age_ratio=16 host=65555 gc_pages=84972 gc_count=2352 waf_q16=150483 best=0 next=12 settled=0
[1283461.354469] NVMeVirt: WATGC_V2 sample ns=0 part=2 epoch=1 window=14 phase=measure evaluated=12 k=2 scale_pct=400 age_ratio=4 host=65552 gc_pages=85170 gc_count=2355 waf_q16=150685 best=0 next=13 settled=0
[1283461.374747] NVMeVirt: WATGC_V2 sample ns=0 part=3 epoch=1 window=14 phase=measure evaluated=12 k=2 scale_pct=400 age_ratio=4 host=65540 gc_pages=83773 gc_count=2333 waf_q16=149303 best=0 next=13 settled=0
[1283461.398756] NVMeVirt: WATGC_V2 sample ns=0 part=1 epoch=1 window=14 phase=measure evaluated=12 k=2 scale_pct=400 age_ratio=4 host=65545 gc_pages=84281 gc_count=2341 waf_q16=149805 best=0 next=13 settled=0
[1283461.408452] NVMeVirt: WATGC_V2 sample ns=0 part=0 epoch=1 window=14 phase=measure evaluated=12 k=2 scale_pct=400 age_ratio=4 host=65541 gc_pages=84669 gc_count=2347 waf_q16=150198 best=0 next=13 settled=0
[1283471.195906] NVMeVirt: WATGC_V2 sample ns=0 part=2 epoch=1 window=15 phase=measure evaluated=13 k=2 scale_pct=400 age_ratio=7 host=65539 gc_pages=80063 gc_count=2275 waf_q16=145595 best=0 next=14 settled=0
[1283471.205661] NVMeVirt: WATGC_V2 sample ns=0 part=3 epoch=1 window=15 phase=measure evaluated=13 k=2 scale_pct=400 age_ratio=7 host=65553 gc_pages=79217 gc_count=2262 waf_q16=144732 best=0 next=14 settled=0
[1283471.227636] NVMeVirt: WATGC_V2 sample ns=0 part=0 epoch=1 window=15 phase=measure evaluated=13 k=2 scale_pct=400 age_ratio=7 host=65558 gc_pages=78637 gc_count=2253 waf_q16=144146 best=0 next=14 settled=0
[1283471.246237] NVMeVirt: WATGC_V2 sample ns=0 part=1 epoch=1 window=15 phase=measure evaluated=13 k=2 scale_pct=400 age_ratio=7 host=65537 gc_pages=79234 gc_count=2262 waf_q16=144768 best=0 next=14 settled=0
[1283481.033828] NVMeVirt: WATGC_V2 sample ns=0 part=2 epoch=1 window=16 phase=measure evaluated=14 k=2 scale_pct=400 age_ratio=16 host=65562 gc_pages=83554 gc_count=2330 waf_q16=149056 best=0 next=15 settled=0
[1283481.056770] NVMeVirt: WATGC_V2 sample ns=0 part=1 epoch=1 window=16 phase=measure evaluated=14 k=2 scale_pct=400 age_ratio=16 host=65540 gc_pages=81592 gc_count=2299 waf_q16=147123 best=0 next=15 settled=0
[1283481.060032] NVMeVirt: WATGC_V2 sample ns=0 part=3 epoch=1 window=16 phase=measure evaluated=14 k=2 scale_pct=400 age_ratio=16 host=65555 gc_pages=81769 gc_count=2302 waf_q16=147281 best=0 next=15 settled=0
[1283481.060594] NVMeVirt: WATGC_V2 sample ns=0 part=0 epoch=1 window=16 phase=measure evaluated=14 k=2 scale_pct=400 age_ratio=16 host=65561 gc_pages=83426 gc_count=2328 waf_q16=148930 best=0 next=15 settled=0
[1283490.875665] NVMeVirt: WATGC_V2 sample ns=0 part=2 epoch=1 window=17 phase=measure evaluated=15 k=4 scale_pct=25 age_ratio=4 host=65546 gc_pages=71205 gc_count=2137 waf_q16=136730 best=0 next=16 settled=0
[1283490.881038] NVMeVirt: WATGC_V2 sample ns=0 part=0 epoch=1 window=17 phase=measure evaluated=15 k=4 scale_pct=25 age_ratio=4 host=65538 gc_pages=70643 gc_count=2128 waf_q16=136176 best=0 next=16 settled=0
[1283490.891672] NVMeVirt: WATGC_V2 sample ns=0 part=1 epoch=1 window=17 phase=measure evaluated=15 k=4 scale_pct=25 age_ratio=4 host=65541 gc_pages=69232 gc_count=2106 waf_q16=134762 best=0 next=16 settled=0
[1283490.894375] NVMeVirt: WATGC_V2 sample ns=0 part=3 epoch=1 window=17 phase=measure evaluated=15 k=4 scale_pct=25 age_ratio=4 host=65544 gc_pages=69611 gc_count=2112 waf_q16=135138 best=0 next=16 settled=0
[1283500.699064] NVMeVirt: WATGC_V2 sample ns=0 part=3 epoch=1 window=18 phase=measure evaluated=16 k=4 scale_pct=25 age_ratio=7 host=65554 gc_pages=65512 gc_count=2048 waf_q16=131030 best=0 next=17 settled=0
[1283500.707835] NVMeVirt: WATGC_V2 sample ns=0 part=2 epoch=1 window=18 phase=measure evaluated=16 k=4 scale_pct=25 age_ratio=7 host=65543 gc_pages=64365 gc_count=2030 waf_q16=129894 best=0 next=17 settled=0
[1283500.714879] NVMeVirt: WATGC_V2 sample ns=0 part=1 epoch=1 window=18 phase=measure evaluated=16 k=4 scale_pct=25 age_ratio=7 host=65545 gc_pages=66510 gc_count=2063 waf_q16=132036 best=0 next=17 settled=0
[1283500.752357] NVMeVirt: WATGC_V2 sample ns=0 part=0 epoch=1 window=18 phase=measure evaluated=16 k=4 scale_pct=25 age_ratio=7 host=65550 gc_pages=65894 gc_count=2054 waf_q16=131415 best=0 next=17 settled=0
[1283510.513486] NVMeVirt: WATGC_V2 sample ns=0 part=2 epoch=1 window=19 phase=measure evaluated=17 k=4 scale_pct=25 age_ratio=16 host=65563 gc_pages=61948 gc_count=1992 waf_q16=127458 best=0 next=18 settled=0
[1283510.541822] NVMeVirt: WATGC_V2 sample ns=0 part=3 epoch=1 window=19 phase=measure evaluated=17 k=4 scale_pct=25 age_ratio=16 host=65563 gc_pages=62478 gc_count=2001 waf_q16=127988 best=0 next=18 settled=0
[1283510.556745] NVMeVirt: WATGC_V2 sample ns=0 part=1 epoch=1 window=19 phase=measure evaluated=17 k=4 scale_pct=25 age_ratio=16 host=65555 gc_pages=61871 gc_count=1991 waf_q16=127389 best=0 next=18 settled=0
[1283510.601306] NVMeVirt: WATGC_V2 sample ns=0 part=0 epoch=1 window=19 phase=measure evaluated=17 k=4 scale_pct=25 age_ratio=16 host=65562 gc_pages=61172 gc_count=1980 waf_q16=126683 best=0 next=18 settled=0
[1283520.361659] NVMeVirt: WATGC_V2 sample ns=0 part=2 epoch=1 window=20 phase=measure evaluated=18 k=4 scale_pct=50 age_ratio=4 host=65547 gc_pages=43058 gc_count=1697 waf_q16=108586 best=18 next=19 settled=0
[1283520.382485] NVMeVirt: WATGC_V2 sample ns=0 part=3 epoch=1 window=20 phase=measure evaluated=18 k=4 scale_pct=50 age_ratio=4 host=65554 gc_pages=42615 gc_count=1690 waf_q16=108139 best=18 next=19 settled=0
[1283520.391458] NVMeVirt: WATGC_V2 sample ns=0 part=1 epoch=1 window=20 phase=measure evaluated=18 k=4 scale_pct=50 age_ratio=4 host=65544 gc_pages=42871 gc_count=1694 waf_q16=108401 best=18 next=19 settled=0
[1283520.405825] NVMeVirt: WATGC_V2 sample ns=0 part=0 epoch=1 window=20 phase=measure evaluated=18 k=4 scale_pct=50 age_ratio=4 host=65573 gc_pages=42394 gc_count=1687 waf_q16=107906 best=18 next=19 settled=0
[1283530.200171] NVMeVirt: WATGC_V2 sample ns=0 part=2 epoch=1 window=21 phase=measure evaluated=19 k=4 scale_pct=50 age_ratio=7 host=65572 gc_pages=49323 gc_count=1795 waf_q16=114831 best=18 next=20 settled=0
[1283530.204376] NVMeVirt: WATGC_V2 sample ns=0 part=1 epoch=1 window=21 phase=measure evaluated=19 k=4 scale_pct=50 age_ratio=7 host=65551 gc_pages=49972 gc_count=1805 waf_q16=115496 best=18 next=20 settled=0
[1283530.223240] NVMeVirt: WATGC_V2 sample ns=0 part=3 epoch=1 window=21 phase=measure evaluated=19 k=4 scale_pct=50 age_ratio=7 host=65563 gc_pages=49122 gc_count=1792 waf_q16=114637 best=18 next=20 settled=0
[1283530.254710] NVMeVirt: WATGC_V2 sample ns=0 part=0 epoch=1 window=21 phase=measure evaluated=19 k=4 scale_pct=50 age_ratio=7 host=65555 gc_pages=49469 gc_count=1797 waf_q16=114990 best=18 next=20 settled=0
[1283540.035431] NVMeVirt: WATGC_V2 sample ns=0 part=2 epoch=1 window=22 phase=measure evaluated=20 k=4 scale_pct=50 age_ratio=16 host=65555 gc_pages=63984 gc_count=2024 waf_q16=129501 best=18 next=21 settled=0
[1283540.035638] NVMeVirt: WATGC_V2 sample ns=0 part=1 epoch=1 window=22 phase=measure evaluated=20 k=4 scale_pct=50 age_ratio=16 host=65565 gc_pages=64166 gc_count=2027 waf_q16=129673 best=18 next=21 settled=0
[1283540.070087] NVMeVirt: WATGC_V2 sample ns=0 part=0 epoch=1 window=22 phase=measure evaluated=20 k=4 scale_pct=50 age_ratio=16 host=65554 gc_pages=63207 gc_count=2012 waf_q16=128725 best=18 next=21 settled=0
[1283540.078340] NVMeVirt: WATGC_V2 sample ns=0 part=3 epoch=1 window=22 phase=measure evaluated=20 k=4 scale_pct=50 age_ratio=16 host=65537 gc_pages=63632 gc_count=2018 waf_q16=129167 best=18 next=21 settled=0
[1283549.868577] NVMeVirt: WATGC_V2 sample ns=0 part=2 epoch=1 window=23 phase=measure evaluated=21 k=4 scale_pct=100 age_ratio=4 host=65544 gc_pages=50936 gc_count=1820 waf_q16=116465 best=18 next=22 settled=0
[1283549.889202] NVMeVirt: WATGC_V2 sample ns=0 part=1 epoch=1 window=23 phase=measure evaluated=21 k=4 scale_pct=100 age_ratio=4 host=65551 gc_pages=49776 gc_count=1802 waf_q16=115300 best=18 next=22 settled=0
[1283549.899005] NVMeVirt: WATGC_V2 sample ns=0 part=0 epoch=1 window=23 phase=measure evaluated=21 k=4 scale_pct=100 age_ratio=4 host=65554 gc_pages=50990 gc_count=1821 waf_q16=116511 best=18 next=22 settled=0
[1283549.902329] NVMeVirt: WATGC_V2 sample ns=0 part=3 epoch=1 window=23 phase=measure evaluated=21 k=4 scale_pct=100 age_ratio=4 host=65555 gc_pages=49964 gc_count=1805 waf_q16=115485 best=18 next=22 settled=0
[1283559.708959] NVMeVirt: WATGC_V2 sample ns=0 part=3 epoch=1 window=24 phase=measure evaluated=22 k=4 scale_pct=100 age_ratio=7 host=65559 gc_pages=49837 gc_count=1803 waf_q16=115355 best=18 next=23 settled=0
[1283559.726527] NVMeVirt: WATGC_V2 sample ns=0 part=2 epoch=1 window=24 phase=measure evaluated=22 k=4 scale_pct=100 age_ratio=7 host=65543 gc_pages=50237 gc_count=1809 waf_q16=115767 best=18 next=23 settled=0
[1283559.728636] NVMeVirt: WATGC_V2 sample ns=0 part=0 epoch=1 window=24 phase=measure evaluated=22 k=4 scale_pct=100 age_ratio=7 host=65558 gc_pages=50414 gc_count=1812 waf_q16=115933 best=18 next=23 settled=0
[1283559.730201] NVMeVirt: WATGC_V2 sample ns=0 part=1 epoch=1 window=24 phase=measure evaluated=22 k=4 scale_pct=100 age_ratio=7 host=65569 gc_pages=49058 gc_count=1791 waf_q16=114569 best=18 next=23 settled=0
[1283569.537085] NVMeVirt: WATGC_V2 sample ns=0 part=0 epoch=1 window=25 phase=measure evaluated=23 k=4 scale_pct=100 age_ratio=16 host=65558 gc_pages=65002 gc_count=2040 waf_q16=130516 best=18 next=24 settled=0
[1283569.555617] NVMeVirt: WATGC_V2 sample ns=0 part=3 epoch=1 window=25 phase=measure evaluated=23 k=4 scale_pct=100 age_ratio=16 host=65555 gc_pages=65389 gc_count=2046 waf_q16=130906 best=18 next=24 settled=0
[1283569.557748] NVMeVirt: WATGC_V2 sample ns=0 part=2 epoch=1 window=25 phase=measure evaluated=23 k=4 scale_pct=100 age_ratio=16 host=65557 gc_pages=65131 gc_count=2042 waf_q16=130646 best=18 next=24 settled=0
[1283569.583579] NVMeVirt: WATGC_V2 sample ns=0 part=1 epoch=1 window=25 phase=measure evaluated=23 k=4 scale_pct=100 age_ratio=16 host=65567 gc_pages=64097 gc_count=2026 waf_q16=129602 best=18 next=24 settled=0
[1283579.388513] NVMeVirt: WATGC_V2 sample ns=0 part=2 epoch=1 window=26 phase=measure evaluated=24 k=4 scale_pct=200 age_ratio=4 host=65547 gc_pages=60593 gc_count=1971 waf_q16=126118 best=18 next=25 settled=0
[1283579.388653] NVMeVirt: WATGC_V2 sample ns=0 part=0 epoch=1 window=26 phase=measure evaluated=24 k=4 scale_pct=200 age_ratio=4 host=65557 gc_pages=58918 gc_count=1945 waf_q16=124435 best=18 next=25 settled=0
[1283579.390818] NVMeVirt: WATGC_V2 sample ns=0 part=3 epoch=1 window=26 phase=measure evaluated=24 k=4 scale_pct=200 age_ratio=4 host=65543 gc_pages=59700 gc_count=1957 waf_q16=125229 best=18 next=25 settled=0
[1283579.403174] NVMeVirt: WATGC_V2 sample ns=0 part=1 epoch=1 window=26 phase=measure evaluated=24 k=4 scale_pct=200 age_ratio=4 host=65542 gc_pages=59381 gc_count=1952 waf_q16=124911 best=18 next=25 settled=0
[1283589.218965] NVMeVirt: WATGC_V2 sample ns=0 part=3 epoch=1 window=27 phase=measure evaluated=25 k=4 scale_pct=200 age_ratio=7 host=65539 gc_pages=63485 gc_count=2016 waf_q16=129018 best=18 next=26 settled=0
[1283589.219808] NVMeVirt: WATGC_V2 sample ns=0 part=2 epoch=1 window=27 phase=measure evaluated=25 k=4 scale_pct=200 age_ratio=7 host=65555 gc_pages=63852 gc_count=2022 waf_q16=129369 best=18 next=26 settled=0
[1283589.228146] NVMeVirt: WATGC_V2 sample ns=0 part=1 epoch=1 window=27 phase=measure evaluated=25 k=4 scale_pct=200 age_ratio=7 host=65538 gc_pages=62399 gc_count=1999 waf_q16=127933 best=18 next=26 settled=0
[1283589.234324] NVMeVirt: WATGC_V2 sample ns=0 part=0 epoch=1 window=27 phase=measure evaluated=25 k=4 scale_pct=200 age_ratio=7 host=65557 gc_pages=62763 gc_count=2005 waf_q16=128278 best=18 next=26 settled=0
[1283599.039618] NVMeVirt: WATGC_V2 sample ns=0 part=3 epoch=1 window=28 phase=measure evaluated=26 k=4 scale_pct=200 age_ratio=16 host=65542 gc_pages=73394 gc_count=2171 waf_q16=138923 best=18 next=27 settled=0
[1283599.047691] NVMeVirt: WATGC_V2 sample ns=0 part=2 epoch=1 window=28 phase=measure evaluated=26 k=4 scale_pct=200 age_ratio=16 host=65541 gc_pages=72316 gc_count=2154 waf_q16=137846 best=18 next=27 settled=0
[1283599.064023] NVMeVirt: WATGC_V2 sample ns=0 part=0 epoch=1 window=28 phase=measure evaluated=26 k=4 scale_pct=200 age_ratio=16 host=65544 gc_pages=71737 gc_count=2145 waf_q16=137264 best=18 next=27 settled=0
[1283599.074038] NVMeVirt: WATGC_V2 sample ns=0 part=1 epoch=1 window=28 phase=measure evaluated=26 k=4 scale_pct=200 age_ratio=16 host=65539 gc_pages=71742 gc_count=2145 waf_q16=137274 best=18 next=27 settled=0
[1283608.872507] NVMeVirt: WATGC_V2 sample ns=0 part=3 epoch=1 window=29 phase=measure evaluated=27 k=4 scale_pct=400 age_ratio=4 host=65553 gc_pages=67569 gc_count=2080 waf_q16=133087 best=18 next=28 settled=0
[1283608.884862] NVMeVirt: WATGC_V2 sample ns=0 part=0 epoch=1 window=29 phase=measure evaluated=27 k=4 scale_pct=400 age_ratio=4 host=65539 gc_pages=66623 gc_count=2065 waf_q16=132155 best=18 next=28 settled=0
[1283608.898643] NVMeVirt: WATGC_V2 sample ns=0 part=2 epoch=1 window=29 phase=measure evaluated=27 k=4 scale_pct=400 age_ratio=4 host=65548 gc_pages=66614 gc_count=2065 waf_q16=132137 best=18 next=28 settled=0
[1283608.903704] NVMeVirt: WATGC_V2 sample ns=0 part=1 epoch=1 window=29 phase=measure evaluated=27 k=4 scale_pct=400 age_ratio=4 host=65549 gc_pages=66485 gc_count=2063 waf_q16=132007 best=18 next=28 settled=0
[1283618.700031] NVMeVirt: WATGC_V2 sample ns=0 part=0 epoch=1 window=30 phase=measure evaluated=28 k=4 scale_pct=400 age_ratio=7 host=65538 gc_pages=66686 gc_count=2066 waf_q16=132219 best=18 next=29 settled=0
[1283618.725805] NVMeVirt: WATGC_V2 sample ns=0 part=3 epoch=1 window=30 phase=measure evaluated=28 k=4 scale_pct=400 age_ratio=7 host=65544 gc_pages=67895 gc_count=2085 waf_q16=133422 best=18 next=29 settled=0
[1283618.728472] NVMeVirt: WATGC_V2 sample ns=0 part=2 epoch=1 window=30 phase=measure evaluated=28 k=4 scale_pct=400 age_ratio=7 host=65563 gc_pages=66917 gc_count=2070 waf_q16=132425 best=18 next=29 settled=0
[1283618.735824] NVMeVirt: WATGC_V2 sample ns=0 part=1 epoch=1 window=30 phase=measure evaluated=28 k=4 scale_pct=400 age_ratio=7 host=65540 gc_pages=67003 gc_count=2071 waf_q16=132534 best=18 next=29 settled=0
[1283628.538913] NVMeVirt: WATGC_V2 sample ns=0 part=0 epoch=1 window=31 phase=measure evaluated=29 k=4 scale_pct=400 age_ratio=16 host=65547 gc_pages=75123 gc_count=2198 waf_q16=140646 best=18 next=30 settled=0
[1283628.556933] NVMeVirt: WATGC_V2 sample ns=0 part=1 epoch=1 window=31 phase=measure evaluated=29 k=4 scale_pct=400 age_ratio=16 host=65541 gc_pages=75577 gc_count=2205 waf_q16=141107 best=18 next=30 settled=0
[1283628.564153] NVMeVirt: WATGC_V2 sample ns=0 part=2 epoch=1 window=31 phase=measure evaluated=29 k=4 scale_pct=400 age_ratio=16 host=65567 gc_pages=75358 gc_count=2202 waf_q16=140858 best=18 next=30 settled=0
[1283628.570174] NVMeVirt: WATGC_V2 sample ns=0 part=3 epoch=1 window=31 phase=measure evaluated=29 k=4 scale_pct=400 age_ratio=16 host=65554 gc_pages=76204 gc_count=2215 waf_q16=141719 best=18 next=30 settled=0
[1283638.377326] NVMeVirt: WATGC_V2 sample ns=0 part=3 epoch=1 window=32 phase=measure evaluated=30 k=7 scale_pct=25 age_ratio=4 host=65541 gc_pages=64568 gc_count=2033 waf_q16=130099 best=18 next=31 settled=0
[1283638.380603] NVMeVirt: WATGC_V2 sample ns=0 part=0 epoch=1 window=32 phase=measure evaluated=30 k=7 scale_pct=25 age_ratio=4 host=65554 gc_pages=62829 gc_count=2006 waf_q16=128347 best=18 next=31 settled=0
[1283638.391148] NVMeVirt: WATGC_V2 sample ns=0 part=2 epoch=1 window=32 phase=measure evaluated=30 k=7 scale_pct=25 age_ratio=4 host=65541 gc_pages=63603 gc_count=2018 waf_q16=129134 best=18 next=31 settled=0
[1283638.410627] NVMeVirt: WATGC_V2 sample ns=0 part=1 epoch=1 window=32 phase=measure evaluated=30 k=7 scale_pct=25 age_ratio=4 host=65559 gc_pages=63917 gc_count=2023 waf_q16=129430 best=18 next=31 settled=0
[1283648.186246] NVMeVirt: WATGC_V2 sample ns=0 part=0 epoch=1 window=33 phase=measure evaluated=31 k=7 scale_pct=25 age_ratio=7 host=65544 gc_pages=49464 gc_count=1797 waf_q16=114993 best=18 next=32 settled=0
[1283648.214005] NVMeVirt: WATGC_V2 sample ns=0 part=3 epoch=1 window=33 phase=measure evaluated=31 k=7 scale_pct=25 age_ratio=7 host=65558 gc_pages=50200 gc_count=1809 waf_q16=115719 best=18 next=32 settled=0
[1283648.243090] NVMeVirt: WATGC_V2 sample ns=0 part=1 epoch=1 window=33 phase=measure evaluated=31 k=7 scale_pct=25 age_ratio=7 host=65553 gc_pages=50415 gc_count=1812 waf_q16=115937 best=18 next=32 settled=0
[1283648.252238] NVMeVirt: WATGC_V2 sample ns=0 part=2 epoch=1 window=33 phase=measure evaluated=31 k=7 scale_pct=25 age_ratio=7 host=65570 gc_pages=48730 gc_count=1786 waf_q16=114240 best=18 next=32 settled=0
[1283658.026288] NVMeVirt: WATGC_V2 sample ns=0 part=0 epoch=1 window=34 phase=measure evaluated=32 k=7 scale_pct=25 age_ratio=16 host=65576 gc_pages=59202 gc_count=1950 waf_q16=124701 best=18 next=33 settled=0
[1283658.050576] NVMeVirt: WATGC_V2 sample ns=0 part=3 epoch=1 window=34 phase=measure evaluated=32 k=7 scale_pct=25 age_ratio=16 host=65552 gc_pages=60829 gc_count=1975 waf_q16=126350 best=18 next=33 settled=0
[1283658.053435] NVMeVirt: WATGC_V2 sample ns=0 part=2 epoch=1 window=34 phase=measure evaluated=32 k=7 scale_pct=25 age_ratio=16 host=65543 gc_pages=59612 gc_count=1956 waf_q16=125141 best=18 next=33 settled=0
[1283658.097324] NVMeVirt: WATGC_V2 sample ns=0 part=1 epoch=1 window=34 phase=measure evaluated=32 k=7 scale_pct=25 age_ratio=16 host=65541 gc_pages=60702 gc_count=1973 waf_q16=126233 best=18 next=33 settled=0
[1283667.867793] NVMeVirt: WATGC_V2 sample ns=0 part=0 epoch=1 window=35 phase=measure evaluated=33 k=7 scale_pct=50 age_ratio=4 host=65536 gc_pages=46788 gc_count=1755 waf_q16=112324 best=18 next=34 settled=0
[1283667.879875] NVMeVirt: WATGC_V2 sample ns=0 part=2 epoch=1 window=35 phase=measure evaluated=33 k=7 scale_pct=50 age_ratio=4 host=65568 gc_pages=46437 gc_count=1750 waf_q16=111950 best=18 next=34 settled=0
[1283667.908756] NVMeVirt: WATGC_V2 sample ns=0 part=1 epoch=1 window=35 phase=measure evaluated=33 k=7 scale_pct=50 age_ratio=4 host=65569 gc_pages=45476 gc_count=1735 waf_q16=110989 best=18 next=34 settled=0
[1283667.910397] NVMeVirt: WATGC_V2 sample ns=0 part=3 epoch=1 window=35 phase=measure evaluated=33 k=7 scale_pct=50 age_ratio=4 host=65538 gc_pages=45379 gc_count=1733 waf_q16=110913 best=18 next=34 settled=0
[1283677.698767] NVMeVirt: WATGC_V2 sample ns=0 part=0 epoch=1 window=36 phase=measure evaluated=34 k=7 scale_pct=50 age_ratio=7 host=65539 gc_pages=57400 gc_count=1921 waf_q16=122933 best=18 next=35 settled=0
[1283677.710727] NVMeVirt: WATGC_V2 sample ns=0 part=2 epoch=1 window=36 phase=measure evaluated=34 k=7 scale_pct=50 age_ratio=7 host=65548 gc_pages=57518 gc_count=1923 waf_q16=123043 best=18 next=35 settled=0
[1283677.735772] NVMeVirt: WATGC_V2 sample ns=0 part=3 epoch=1 window=36 phase=measure evaluated=34 k=7 scale_pct=50 age_ratio=7 host=65561 gc_pages=56806 gc_count=1912 waf_q16=122320 best=18 next=35 settled=0
[1283677.749390] NVMeVirt: WATGC_V2 sample ns=0 part=1 epoch=1 window=36 phase=measure evaluated=34 k=7 scale_pct=50 age_ratio=7 host=65538 gc_pages=58937 gc_count=1945 waf_q16=124471 best=18 next=35 settled=0
[1283687.532108] NVMeVirt: WATGC_V2 sample ns=0 part=0 epoch=1 window=37 phase=measure evaluated=35 k=7 scale_pct=50 age_ratio=16 host=65567 gc_pages=60823 gc_count=1975 waf_q16=126330 best=18 next=36 settled=0
[1283687.553944] NVMeVirt: WATGC_V2 sample ns=0 part=2 epoch=1 window=37 phase=measure evaluated=35 k=7 scale_pct=50 age_ratio=16 host=65548 gc_pages=62583 gc_count=2002 waf_q16=128107 best=18 next=36 settled=0
[1283687.565265] NVMeVirt: WATGC_V2 sample ns=0 part=3 epoch=1 window=37 phase=measure evaluated=35 k=7 scale_pct=50 age_ratio=16 host=65563 gc_pages=61329 gc_count=1983 waf_q16=126839 best=18 next=36 settled=0
[1283687.579475] NVMeVirt: WATGC_V2 sample ns=0 part=1 epoch=1 window=37 phase=measure evaluated=35 k=7 scale_pct=50 age_ratio=16 host=65565 gc_pages=62731 gc_count=2005 waf_q16=128239 best=18 next=36 settled=0
[1283697.374659] NVMeVirt: WATGC_V2 sample ns=0 part=0 epoch=1 window=38 phase=measure evaluated=36 k=7 scale_pct=100 age_ratio=4 host=65566 gc_pages=51626 gc_count=1831 waf_q16=117138 best=18 next=38 settled=0
[1283697.386936] NVMeVirt: WATGC_V2 sample ns=0 part=1 epoch=1 window=38 phase=measure evaluated=36 k=7 scale_pct=100 age_ratio=4 host=65539 gc_pages=52614 gc_count=1846 waf_q16=118147 best=18 next=38 settled=0
[1283697.398184] NVMeVirt: WATGC_V2 sample ns=0 part=2 epoch=1 window=38 phase=measure evaluated=36 k=7 scale_pct=100 age_ratio=4 host=65558 gc_pages=51570 gc_count=1830 waf_q16=117088 best=18 next=38 settled=0
[1283697.412339] NVMeVirt: WATGC_V2 sample ns=0 part=3 epoch=1 window=38 phase=measure evaluated=36 k=7 scale_pct=100 age_ratio=4 host=65546 gc_pages=51711 gc_count=1832 waf_q16=117239 best=18 next=38 settled=0
[1283707.205676] NVMeVirt: WATGC_V2 sample ns=0 part=0 epoch=1 window=39 phase=measure evaluated=38 k=7 scale_pct=100 age_ratio=16 host=65548 gc_pages=64245 gc_count=2028 waf_q16=129769 best=18 next=39 settled=0
[1283707.225068] NVMeVirt: WATGC_V2 sample ns=0 part=2 epoch=1 window=39 phase=measure evaluated=38 k=7 scale_pct=100 age_ratio=16 host=65555 gc_pages=64751 gc_count=2036 waf_q16=130268 best=18 next=39 settled=0
[1283707.230123] NVMeVirt: WATGC_V2 sample ns=0 part=1 epoch=1 window=39 phase=measure evaluated=38 k=7 scale_pct=100 age_ratio=16 host=65553 gc_pages=66352 gc_count=2061 waf_q16=131870 best=18 next=39 settled=0
[1283707.251051] NVMeVirt: WATGC_V2 sample ns=0 part=3 epoch=1 window=39 phase=measure evaluated=38 k=7 scale_pct=100 age_ratio=16 host=65539 gc_pages=65165 gc_count=2042 waf_q16=130698 best=18 next=39 settled=0
[1283717.043573] NVMeVirt: WATGC_V2 sample ns=0 part=0 epoch=1 window=40 phase=measure evaluated=39 k=7 scale_pct=200 age_ratio=4 host=65550 gc_pages=52465 gc_count=1844 waf_q16=117989 best=18 next=40 settled=0
[1283717.060973] NVMeVirt: WATGC_V2 sample ns=0 part=1 epoch=1 window=40 phase=measure evaluated=39 k=7 scale_pct=200 age_ratio=4 host=65562 gc_pages=53926 gc_count=1867 waf_q16=119440 best=18 next=40 settled=0
[1283717.070002] NVMeVirt: WATGC_V2 sample ns=0 part=3 epoch=1 window=40 phase=measure evaluated=39 k=7 scale_pct=200 age_ratio=4 host=65571 gc_pages=52892 gc_count=1851 waf_q16=118399 best=18 next=40 settled=0
[1283717.070697] NVMeVirt: WATGC_V2 sample ns=0 part=2 epoch=1 window=40 phase=measure evaluated=39 k=7 scale_pct=200 age_ratio=4 host=65557 gc_pages=52267 gc_count=1841 waf_q16=117786 best=18 next=40 settled=0
[1283726.883431] NVMeVirt: WATGC_V2 sample ns=0 part=2 epoch=1 window=41 phase=measure evaluated=40 k=7 scale_pct=200 age_ratio=7 host=65536 gc_pages=66312 gc_count=2060 waf_q16=131848 best=18 next=41 settled=0
[1283726.887212] NVMeVirt: WATGC_V2 sample ns=0 part=0 epoch=1 window=41 phase=measure evaluated=40 k=7 scale_pct=200 age_ratio=7 host=65549 gc_pages=66544 gc_count=2064 waf_q16=132066 best=18 next=41 settled=0
[1283726.890926] NVMeVirt: WATGC_V2 sample ns=0 part=1 epoch=1 window=41 phase=measure evaluated=40 k=7 scale_pct=200 age_ratio=7 host=65547 gc_pages=67891 gc_count=2085 waf_q16=133415 best=18 next=41 settled=0
[1283726.914553] NVMeVirt: WATGC_V2 sample ns=0 part=3 epoch=1 window=41 phase=measure evaluated=40 k=7 scale_pct=200 age_ratio=7 host=65565 gc_pages=67105 gc_count=2073 waf_q16=132611 best=18 next=41 settled=0
[1283736.707740] NVMeVirt: WATGC_V2 sample ns=0 part=1 epoch=1 window=42 phase=measure evaluated=41 k=7 scale_pct=200 age_ratio=16 host=65548 gc_pages=79792 gc_count=2271 waf_q16=145313 best=18 next=42 settled=0
[1283736.718720] NVMeVirt: WATGC_V2 sample ns=0 part=0 epoch=1 window=42 phase=measure evaluated=41 k=7 scale_pct=200 age_ratio=16 host=65537 gc_pages=79227 gc_count=2262 waf_q16=144761 best=18 next=42 settled=0
[1283736.719184] NVMeVirt: WATGC_V2 sample ns=0 part=2 epoch=1 window=42 phase=measure evaluated=41 k=7 scale_pct=200 age_ratio=16 host=65550 gc_pages=78318 gc_count=2248 waf_q16=143837 best=18 next=42 settled=0
[1283736.766282] NVMeVirt: WATGC_V2 sample ns=0 part=3 epoch=1 window=42 phase=measure evaluated=41 k=7 scale_pct=200 age_ratio=16 host=65563 gc_pages=79265 gc_count=2263 waf_q16=144768 best=18 next=42 settled=0
[1283746.542536] NVMeVirt: WATGC_V2 sample ns=0 part=2 epoch=1 window=43 phase=measure evaluated=42 k=7 scale_pct=400 age_ratio=4 host=65561 gc_pages=67690 gc_count=2082 waf_q16=133200 best=18 next=43 settled=0
[1283746.542784] NVMeVirt: WATGC_V2 sample ns=0 part=0 epoch=1 window=43 phase=measure evaluated=42 k=7 scale_pct=400 age_ratio=4 host=65541 gc_pages=68286 gc_count=2091 waf_q16=133816 best=18 next=43 settled=0
[1283746.567634] NVMeVirt: WATGC_V2 sample ns=0 part=1 epoch=1 window=43 phase=measure evaluated=42 k=7 scale_pct=400 age_ratio=4 host=65538 gc_pages=68289 gc_count=2091 waf_q16=133822 best=18 next=43 settled=0
[1283746.587601] NVMeVirt: WATGC_V2 sample ns=0 part=3 epoch=1 window=43 phase=measure evaluated=42 k=7 scale_pct=400 age_ratio=4 host=65537 gc_pages=69697 gc_count=2113 waf_q16=135231 best=18 next=43 settled=0
[1283756.392297] NVMeVirt: WATGC_V2 sample ns=0 part=3 epoch=1 window=44 phase=measure evaluated=43 k=7 scale_pct=400 age_ratio=7 host=65544 gc_pages=72444 gc_count=2156 waf_q16=137971 best=18 next=44 settled=0
[1283756.394535] NVMeVirt: WATGC_V2 sample ns=0 part=0 epoch=1 window=44 phase=measure evaluated=43 k=7 scale_pct=400 age_ratio=7 host=65549 gc_pages=70009 gc_count=2118 waf_q16=135531 best=18 next=44 settled=0
[1283756.394742] NVMeVirt: WATGC_V2 sample ns=0 part=1 epoch=1 window=44 phase=measure evaluated=43 k=7 scale_pct=400 age_ratio=7 host=65555 gc_pages=70195 gc_count=2121 waf_q16=135710 best=18 next=44 settled=0
[1283756.395226] NVMeVirt: WATGC_V2 sample ns=0 part=2 epoch=1 window=44 phase=measure evaluated=43 k=7 scale_pct=400 age_ratio=7 host=65563 gc_pages=68906 gc_count=2101 waf_q16=134413 best=18 next=44 settled=0
[1283766.218358] NVMeVirt: WATGC_V2 sample ns=0 part=0 epoch=1 window=45 phase=measure evaluated=44 k=7 scale_pct=400 age_ratio=16 host=65542 gc_pages=70650 gc_count=2128 waf_q16=136179 best=18 next=45 settled=0
[1283766.219897] NVMeVirt: WATGC_V2 sample ns=0 part=2 epoch=1 window=45 phase=measure evaluated=44 k=7 scale_pct=400 age_ratio=16 host=65563 gc_pages=70630 gc_count=2128 waf_q16=136136 best=18 next=45 settled=0
[1283766.235173] NVMeVirt: WATGC_V2 sample ns=0 part=3 epoch=1 window=45 phase=measure evaluated=44 k=7 scale_pct=400 age_ratio=16 host=65541 gc_pages=71934 gc_count=2148 waf_q16=137464 best=18 next=45 settled=0
[1283766.238455] NVMeVirt: WATGC_V2 sample ns=0 part=1 epoch=1 window=45 phase=measure evaluated=44 k=7 scale_pct=400 age_ratio=16 host=65565 gc_pages=71269 gc_count=2138 waf_q16=136773 best=18 next=45 settled=0
[1283776.052906] NVMeVirt: WATGC_V2 sample ns=0 part=3 epoch=1 window=46 phase=measure evaluated=45 k=10 scale_pct=25 age_ratio=4 host=65568 gc_pages=54425 gc_count=1875 waf_q16=119934 best=18 next=46 settled=0
[1283776.054632] NVMeVirt: WATGC_V2 sample ns=0 part=0 epoch=1 window=46 phase=measure evaluated=45 k=10 scale_pct=25 age_ratio=4 host=65546 gc_pages=53939 gc_count=1867 waf_q16=119466 best=18 next=46 settled=0
[1283776.065831] NVMeVirt: WATGC_V2 sample ns=0 part=2 epoch=1 window=46 phase=measure evaluated=45 k=10 scale_pct=25 age_ratio=4 host=65549 gc_pages=52901 gc_count=1851 waf_q16=118426 best=18 next=46 settled=0
[1283776.075770] NVMeVirt: WATGC_V2 sample ns=0 part=1 epoch=1 window=46 phase=measure evaluated=45 k=10 scale_pct=25 age_ratio=4 host=65573 gc_pages=54297 gc_count=1873 waf_q16=119802 best=18 next=46 settled=0
[1283785.888108] NVMeVirt: WATGC_V2 sample ns=0 part=3 epoch=1 window=47 phase=measure evaluated=46 k=10 scale_pct=25 age_ratio=7 host=65548 gc_pages=50425 gc_count=1812 waf_q16=115951 best=18 next=47 settled=0
[1283785.891098] NVMeVirt: WATGC_V2 sample ns=0 part=2 epoch=1 window=47 phase=measure evaluated=46 k=10 scale_pct=25 age_ratio=7 host=65563 gc_pages=50540 gc_count=1814 waf_q16=116055 best=18 next=47 settled=0
[1283785.893994] NVMeVirt: WATGC_V2 sample ns=0 part=1 epoch=1 window=47 phase=measure evaluated=46 k=10 scale_pct=25 age_ratio=7 host=65550 gc_pages=49135 gc_count=1792 waf_q16=114660 best=18 next=47 settled=0
[1283785.910024] NVMeVirt: WATGC_V2 sample ns=0 part=0 epoch=1 window=47 phase=measure evaluated=46 k=10 scale_pct=25 age_ratio=7 host=65536 gc_pages=48762 gc_count=1786 waf_q16=114298 best=18 next=47 settled=0
[1283795.704023] NVMeVirt: WATGC_V2 sample ns=0 part=1 epoch=1 window=48 phase=measure evaluated=47 k=10 scale_pct=25 age_ratio=16 host=65540 gc_pages=51780 gc_count=1833 waf_q16=117312 best=18 next=48 settled=0
[1283795.720386] NVMeVirt: WATGC_V2 sample ns=0 part=2 epoch=1 window=48 phase=measure evaluated=47 k=10 scale_pct=25 age_ratio=16 host=65554 gc_pages=51956 gc_count=1836 waf_q16=117477 best=18 next=48 settled=0
[1283795.731035] NVMeVirt: WATGC_V2 sample ns=0 part=0 epoch=1 window=48 phase=measure evaluated=47 k=10 scale_pct=25 age_ratio=16 host=65546 gc_pages=51581 gc_count=1830 waf_q16=117109 best=18 next=48 settled=0
[1283795.765320] NVMeVirt: WATGC_V2 sample ns=0 part=3 epoch=1 window=48 phase=measure evaluated=47 k=10 scale_pct=25 age_ratio=16 host=65569 gc_pages=50151 gc_count=1808 waf_q16=115661 best=18 next=48 settled=0
[1283805.534097] NVMeVirt: WATGC_V2 sample ns=0 part=1 epoch=1 window=49 phase=measure evaluated=48 k=10 scale_pct=50 age_ratio=4 host=65561 gc_pages=49001 gc_count=1790 waf_q16=114518 best=18 next=49 settled=0
[1283805.560986] NVMeVirt: WATGC_V2 sample ns=0 part=2 epoch=1 window=49 phase=measure evaluated=48 k=10 scale_pct=50 age_ratio=4 host=65555 gc_pages=49454 gc_count=1797 waf_q16=114975 best=18 next=49 settled=0
[1283805.570766] NVMeVirt: WATGC_V2 sample ns=0 part=3 epoch=1 window=49 phase=measure evaluated=48 k=10 scale_pct=50 age_ratio=4 host=65557 gc_pages=49261 gc_count=1794 waf_q16=114781 best=18 next=49 settled=0
[1283805.595288] NVMeVirt: WATGC_V2 sample ns=0 part=0 epoch=1 window=49 phase=measure evaluated=48 k=10 scale_pct=50 age_ratio=4 host=65566 gc_pages=49316 gc_count=1795 waf_q16=114829 best=18 next=49 settled=0
[1283815.382341] NVMeVirt: WATGC_V2 sample ns=0 part=1 epoch=1 window=50 phase=measure evaluated=49 k=10 scale_pct=50 age_ratio=7 host=65549 gc_pages=42986 gc_count=1696 waf_q16=108513 best=18 next=50 settled=0
[1283815.383404] NVMeVirt: WATGC_V2 sample ns=0 part=2 epoch=1 window=50 phase=measure evaluated=49 k=10 scale_pct=50 age_ratio=7 host=65568 gc_pages=43359 gc_count=1702 waf_q16=108873 best=18 next=50 settled=0
[1283815.409975] NVMeVirt: WATGC_V2 sample ns=0 part=0 epoch=1 window=50 phase=measure evaluated=49 k=10 scale_pct=50 age_ratio=7 host=65541 gc_pages=42682 gc_count=1691 waf_q16=108214 best=18 next=50 settled=0
[1283815.422513] NVMeVirt: WATGC_V2 sample ns=0 part=3 epoch=1 window=50 phase=measure evaluated=49 k=10 scale_pct=50 age_ratio=7 host=65573 gc_pages=43610 gc_count=1706 waf_q16=109121 best=18 next=50 settled=0
[1283825.214574] NVMeVirt: WATGC_V2 sample ns=0 part=1 epoch=1 window=51 phase=measure evaluated=50 k=10 scale_pct=50 age_ratio=16 host=65551 gc_pages=51821 gc_count=1834 waf_q16=117345 best=18 next=51 settled=0
[1283825.220752] NVMeVirt: WATGC_V2 sample ns=0 part=0 epoch=1 window=51 phase=measure evaluated=50 k=10 scale_pct=50 age_ratio=16 host=65541 gc_pages=52106 gc_count=1838 waf_q16=117638 best=18 next=51 settled=0
[1283825.232159] NVMeVirt: WATGC_V2 sample ns=0 part=3 epoch=1 window=51 phase=measure evaluated=50 k=10 scale_pct=50 age_ratio=16 host=65573 gc_pages=51882 gc_count=1835 waf_q16=117388 best=18 next=51 settled=0
[1283825.265266] NVMeVirt: WATGC_V2 sample ns=0 part=2 epoch=1 window=51 phase=measure evaluated=50 k=10 scale_pct=50 age_ratio=16 host=65538 gc_pages=52401 gc_count=1843 waf_q16=117935 best=18 next=51 settled=0
[1283835.033920] NVMeVirt: WATGC_V2 sample ns=0 part=0 epoch=1 window=52 phase=measure evaluated=51 k=10 scale_pct=100 age_ratio=4 host=65543 gc_pages=51517 gc_count=1829 waf_q16=117047 best=18 next=52 settled=0
[1283835.052652] NVMeVirt: WATGC_V2 sample ns=0 part=1 epoch=1 window=52 phase=measure evaluated=51 k=10 scale_pct=100 age_ratio=4 host=65549 gc_pages=51387 gc_count=1827 waf_q16=116912 best=18 next=52 settled=0
[1283835.087836] NVMeVirt: WATGC_V2 sample ns=0 part=3 epoch=1 window=52 phase=measure evaluated=51 k=10 scale_pct=100 age_ratio=4 host=65548 gc_pages=52216 gc_count=1840 waf_q16=117742 best=18 next=52 settled=0
[1283835.095890] NVMeVirt: WATGC_V2 sample ns=0 part=2 epoch=1 window=52 phase=measure evaluated=51 k=10 scale_pct=100 age_ratio=4 host=65562 gc_pages=50411 gc_count=1812 waf_q16=115927 best=18 next=52 settled=0
[1283844.892904] NVMeVirt: WATGC_V2 sample ns=0 part=0 epoch=1 window=53 phase=measure evaluated=52 k=10 scale_pct=100 age_ratio=7 host=65564 gc_pages=49315 gc_count=1795 waf_q16=114829 best=18 next=53 settled=0
[1283844.893176] NVMeVirt: WATGC_V2 sample ns=0 part=1 epoch=1 window=53 phase=measure evaluated=52 k=10 scale_pct=100 age_ratio=7 host=65572 gc_pages=48724 gc_count=1786 waf_q16=114233 best=18 next=53 settled=0
[1283844.907511] NVMeVirt: WATGC_V2 sample ns=0 part=3 epoch=1 window=53 phase=measure evaluated=52 k=10 scale_pct=100 age_ratio=7 host=65536 gc_pages=48960 gc_count=1789 waf_q16=114496 best=18 next=53 settled=0
[1283844.913975] NVMeVirt: WATGC_V2 sample ns=0 part=2 epoch=1 window=53 phase=measure evaluated=52 k=10 scale_pct=100 age_ratio=7 host=65537 gc_pages=48317 gc_count=1779 waf_q16=113852 best=18 next=53 settled=0
[1283854.708202] NVMeVirt: WATGC_V2 sample ns=0 part=2 epoch=1 window=54 phase=measure evaluated=53 k=10 scale_pct=100 age_ratio=16 host=65566 gc_pages=53662 gc_count=1863 waf_q16=119173 best=18 next=54 settled=0
[1283854.743872] NVMeVirt: WATGC_V2 sample ns=0 part=1 epoch=1 window=54 phase=measure evaluated=53 k=10 scale_pct=100 age_ratio=16 host=65563 gc_pages=52897 gc_count=1851 waf_q16=118411 best=18 next=54 settled=0
[1283854.747509] NVMeVirt: WATGC_V2 sample ns=0 part=3 epoch=1 window=54 phase=measure evaluated=53 k=10 scale_pct=100 age_ratio=16 host=65549 gc_pages=54271 gc_count=1872 waf_q16=119796 best=18 next=54 settled=0
[1283854.750888] NVMeVirt: WATGC_V2 sample ns=0 part=0 epoch=1 window=54 phase=measure evaluated=53 k=10 scale_pct=100 age_ratio=16 host=65561 gc_pages=53812 gc_count=1865 waf_q16=119327 best=18 next=54 settled=0
[1283864.530947] NVMeVirt: WATGC_V2 sample ns=0 part=2 epoch=1 window=55 phase=measure evaluated=54 k=10 scale_pct=200 age_ratio=4 host=65552 gc_pages=56562 gc_count=1908 waf_q16=122084 best=18 next=55 settled=0
[1283864.581090] NVMeVirt: WATGC_V2 sample ns=0 part=1 epoch=1 window=55 phase=measure evaluated=54 k=10 scale_pct=200 age_ratio=4 host=65561 gc_pages=55018 gc_count=1884 waf_q16=120533 best=18 next=55 settled=0
[1283864.582414] NVMeVirt: WATGC_V2 sample ns=0 part=0 epoch=1 window=55 phase=measure evaluated=54 k=10 scale_pct=200 age_ratio=4 host=65550 gc_pages=55476 gc_count=1891 waf_q16=121000 best=18 next=55 settled=0
[1283864.588576] NVMeVirt: WATGC_V2 sample ns=0 part=3 epoch=1 window=55 phase=measure evaluated=54 k=10 scale_pct=200 age_ratio=4 host=65544 gc_pages=55674 gc_count=1894 waf_q16=121203 best=18 next=55 settled=0
[1283874.390088] NVMeVirt: WATGC_V2 sample ns=0 part=0 epoch=1 window=56 phase=measure evaluated=55 k=10 scale_pct=200 age_ratio=7 host=65537 gc_pages=56442 gc_count=1906 waf_q16=121977 best=18 next=56 settled=0
[1283874.397159] NVMeVirt: WATGC_V2 sample ns=0 part=1 epoch=1 window=56 phase=measure evaluated=55 k=10 scale_pct=200 age_ratio=7 host=65565 gc_pages=56030 gc_count=1900 waf_q16=121541 best=18 next=56 settled=0
[1283874.412302] NVMeVirt: WATGC_V2 sample ns=0 part=2 epoch=1 window=56 phase=measure evaluated=55 k=10 scale_pct=200 age_ratio=7 host=65548 gc_pages=56751 gc_count=1911 waf_q16=122276 best=18 next=56 settled=0
[1283874.414533] NVMeVirt: WATGC_V2 sample ns=0 part=3 epoch=1 window=56 phase=measure evaluated=55 k=10 scale_pct=200 age_ratio=7 host=65542 gc_pages=56245 gc_count=1903 waf_q16=121775 best=18 next=56 settled=0
[1283884.216214] NVMeVirt: WATGC_V2 sample ns=0 part=0 epoch=1 window=57 phase=measure evaluated=56 k=10 scale_pct=200 age_ratio=16 host=65541 gc_pages=61357 gc_count=1983 waf_q16=126888 best=18 next=57 settled=0
[1283884.234129] NVMeVirt: WATGC_V2 sample ns=0 part=2 epoch=1 window=57 phase=measure evaluated=56 k=10 scale_pct=200 age_ratio=16 host=65540 gc_pages=61371 gc_count=1983 waf_q16=126903 best=18 next=57 settled=0
[1283884.249277] NVMeVirt: WATGC_V2 sample ns=0 part=3 epoch=1 window=57 phase=measure evaluated=56 k=10 scale_pct=200 age_ratio=16 host=65547 gc_pages=61879 gc_count=1991 waf_q16=127404 best=18 next=57 settled=0
[1283884.250513] NVMeVirt: WATGC_V2 sample ns=0 part=1 epoch=1 window=57 phase=measure evaluated=56 k=10 scale_pct=200 age_ratio=16 host=65551 gc_pages=60723 gc_count=1973 waf_q16=126245 best=18 next=57 settled=0
[1283894.061123] NVMeVirt: WATGC_V2 sample ns=0 part=0 epoch=1 window=58 phase=measure evaluated=57 k=10 scale_pct=400 age_ratio=4 host=65545 gc_pages=73978 gc_count=2180 waf_q16=139503 best=18 next=58 settled=0
[1283894.071648] NVMeVirt: WATGC_V2 sample ns=0 part=3 epoch=1 window=58 phase=measure evaluated=57 k=10 scale_pct=400 age_ratio=4 host=65547 gc_pages=74679 gc_count=2191 waf_q16=140202 best=18 next=58 settled=0
[1283894.074496] NVMeVirt: WATGC_V2 sample ns=0 part=2 epoch=1 window=58 phase=measure evaluated=57 k=10 scale_pct=400 age_ratio=4 host=65554 gc_pages=73456 gc_count=2172 waf_q16=138971 best=18 next=58 settled=0
[1283894.075643] NVMeVirt: WATGC_V2 sample ns=0 part=1 epoch=1 window=58 phase=measure evaluated=57 k=10 scale_pct=400 age_ratio=4 host=65554 gc_pages=73712 gc_count=2176 waf_q16=139227 best=18 next=58 settled=0
[1283903.869498] NVMeVirt: WATGC_V2 sample ns=0 part=0 epoch=1 window=59 phase=measure evaluated=58 k=10 scale_pct=400 age_ratio=7 host=65541 gc_pages=74300 gc_count=2185 waf_q16=139830 best=18 next=59 settled=0
[1283903.885320] NVMeVirt: WATGC_V2 sample ns=0 part=1 epoch=1 window=59 phase=measure evaluated=58 k=10 scale_pct=400 age_ratio=7 host=65560 gc_pages=73577 gc_count=2174 waf_q16=139086 best=18 next=59 settled=0
[1283903.920124] NVMeVirt: WATGC_V2 sample ns=0 part=3 epoch=1 window=59 phase=measure evaluated=58 k=10 scale_pct=400 age_ratio=7 host=65538 gc_pages=74816 gc_count=2193 waf_q16=140349 best=18 next=59 settled=0
[1283903.939634] NVMeVirt: WATGC_V2 sample ns=0 part=2 epoch=1 window=59 phase=measure evaluated=58 k=10 scale_pct=400 age_ratio=7 host=65538 gc_pages=73087 gc_count=2166 waf_q16=138620 best=18 next=59 settled=0
[1283913.710542] NVMeVirt: WATGC_V2 sample ns=0 part=0 epoch=1 window=60 phase=measure evaluated=59 k=10 scale_pct=400 age_ratio=16 host=65555 gc_pages=76145 gc_count=2214 waf_q16=141658 best=18 next=0 settled=0
[1283913.718108] NVMeVirt: WATGC_V2 sample ns=0 part=1 epoch=1 window=60 phase=measure evaluated=59 k=10 scale_pct=400 age_ratio=16 host=65547 gc_pages=75000 gc_count=2196 waf_q16=140523 best=18 next=0 settled=0
[1283913.761061] NVMeVirt: WATGC_V2 sample ns=0 part=3 epoch=1 window=60 phase=measure evaluated=59 k=10 scale_pct=400 age_ratio=16 host=65559 gc_pages=76781 gc_count=2224 waf_q16=142290 best=18 next=0 settled=0
[1283913.764260] NVMeVirt: WATGC_V2 sample ns=0 part=2 epoch=1 window=60 phase=measure evaluated=59 k=10 scale_pct=400 age_ratio=16 host=65550 gc_pages=74165 gc_count=2183 waf_q16=139685 best=18 next=0 settled=0
[1283923.529549] NVMeVirt: WATGC_V2 sample ns=0 part=0 epoch=1 window=61 phase=measure evaluated=0 k=2 scale_pct=25 age_ratio=4 host=65561 gc_pages=81189 gc_count=2293 waf_q16=146694 best=18 next=1 settled=0
[1283923.582165] NVMeVirt: WATGC_V2 sample ns=0 part=1 epoch=1 window=61 phase=measure evaluated=0 k=2 scale_pct=25 age_ratio=4 host=65558 gc_pages=81640 gc_count=2300 waf_q16=147148 best=18 next=1 settled=0
[1283923.587102] NVMeVirt: WATGC_V2 sample ns=0 part=2 epoch=1 window=61 phase=measure evaluated=0 k=2 scale_pct=25 age_ratio=4 host=65551 gc_pages=80175 gc_count=2277 waf_q16=145692 best=18 next=1 settled=0
[1283923.589842] NVMeVirt: WATGC_V2 sample ns=0 part=3 epoch=1 window=61 phase=measure evaluated=0 k=2 scale_pct=25 age_ratio=4 host=65551 gc_pages=81646 gc_count=2300 waf_q16=147163 best=18 next=1 settled=0
[1283933.369280] NVMeVirt: WATGC_V2 sample ns=0 part=0 epoch=1 window=62 phase=measure evaluated=1 k=2 scale_pct=25 age_ratio=7 host=65546 gc_pages=83700 gc_count=2332 waf_q16=149223 best=18 next=2 settled=0
[1283933.376027] NVMeVirt: WATGC_V2 sample ns=0 part=1 epoch=1 window=62 phase=measure evaluated=1 k=2 scale_pct=25 age_ratio=7 host=65540 gc_pages=84473 gc_count=2344 waf_q16=150003 best=18 next=2 settled=0
[1283933.418350] NVMeVirt: WATGC_V2 sample ns=0 part=2 epoch=1 window=62 phase=measure evaluated=1 k=2 scale_pct=25 age_ratio=7 host=65543 gc_pages=82806 gc_count=2318 waf_q16=148333 best=18 next=2 settled=0
[1283933.451850] NVMeVirt: WATGC_V2 sample ns=0 part=3 epoch=1 window=62 phase=measure evaluated=1 k=2 scale_pct=25 age_ratio=7 host=65538 gc_pages=83771 gc_count=2333 waf_q16=149304 best=18 next=2 settled=0
[1283943.194848] NVMeVirt: WATGC_V2 sample ns=0 part=0 epoch=1 window=63 phase=measure evaluated=2 k=2 scale_pct=25 age_ratio=16 host=65550 gc_pages=85234 gc_count=2356 waf_q16=150751 best=18 next=3 settled=0
[1283943.224601] NVMeVirt: WATGC_V2 sample ns=0 part=1 epoch=1 window=63 phase=measure evaluated=2 k=2 scale_pct=25 age_ratio=16 host=65547 gc_pages=86389 gc_count=2374 waf_q16=151910 best=18 next=3 settled=0
[1283943.249450] NVMeVirt: WATGC_V2 sample ns=0 part=2 epoch=1 window=63 phase=measure evaluated=2 k=2 scale_pct=25 age_ratio=16 host=65555 gc_pages=85806 gc_count=2365 waf_q16=151317 best=18 next=3 settled=0
[1283943.284202] NVMeVirt: WATGC_V2 sample ns=0 part=3 epoch=1 window=63 phase=measure evaluated=2 k=2 scale_pct=25 age_ratio=16 host=65552 gc_pages=86065 gc_count=2369 waf_q16=151579 best=18 next=3 settled=0
[1283953.040387] NVMeVirt: WATGC_V2 sample ns=0 part=0 epoch=1 window=64 phase=measure evaluated=3 k=2 scale_pct=50 age_ratio=4 host=65560 gc_pages=85801 gc_count=2365 waf_q16=151305 best=18 next=4 settled=0
[1283953.067887] NVMeVirt: WATGC_V2 sample ns=0 part=1 epoch=1 window=64 phase=measure evaluated=3 k=2 scale_pct=50 age_ratio=4 host=65536 gc_pages=85313 gc_count=2357 waf_q16=150849 best=18 next=4 settled=0
[1283953.076187] NVMeVirt: WATGC_V2 sample ns=0 part=2 epoch=1 window=64 phase=measure evaluated=3 k=2 scale_pct=50 age_ratio=4 host=65551 gc_pages=85874 gc_count=2366 waf_q16=151390 best=18 next=4 settled=0
[1283953.094443] NVMeVirt: WATGC_V2 sample ns=0 part=3 epoch=1 window=64 phase=measure evaluated=3 k=2 scale_pct=50 age_ratio=4 host=65542 gc_pages=85818 gc_count=2365 waf_q16=151346 best=18 next=4 settled=0
[1283962.884179] NVMeVirt: WATGC_V2 sample ns=0 part=0 epoch=1 window=65 phase=measure evaluated=4 k=2 scale_pct=50 age_ratio=7 host=65564 gc_pages=79335 gc_count=2264 waf_q16=144837 best=18 next=5 settled=0
[1283962.900354] NVMeVirt: WATGC_V2 sample ns=0 part=1 epoch=1 window=65 phase=measure evaluated=4 k=2 scale_pct=50 age_ratio=7 host=65538 gc_pages=79489 gc_count=2266 waf_q16=145022 best=18 next=5 settled=0
[1283962.913702] NVMeVirt: WATGC_V2 sample ns=0 part=2 epoch=1 window=65 phase=measure evaluated=4 k=2 scale_pct=50 age_ratio=7 host=65553 gc_pages=79026 gc_count=2259 waf_q16=144541 best=18 next=5 settled=0
[1283962.918996] NVMeVirt: WATGC_V2 sample ns=0 part=3 epoch=1 window=65 phase=measure evaluated=4 k=2 scale_pct=50 age_ratio=7 host=65545 gc_pages=79738 gc_count=2270 waf_q16=145263 best=18 next=5 settled=0
[1283972.708312] NVMeVirt: WATGC_V2 sample ns=0 part=0 epoch=1 window=66 phase=measure evaluated=5 k=2 scale_pct=50 age_ratio=16 host=65536 gc_pages=81341 gc_count=2295 waf_q16=146877 best=18 next=6 settled=0
[1283972.733461] NVMeVirt: WATGC_V2 sample ns=0 part=1 epoch=1 window=66 phase=measure evaluated=5 k=2 scale_pct=50 age_ratio=16 host=65562 gc_pages=80546 gc_count=2283 waf_q16=146050 best=18 next=6 settled=0
[1283972.748580] NVMeVirt: WATGC_V2 sample ns=0 part=2 epoch=1 window=66 phase=measure evaluated=5 k=2 scale_pct=50 age_ratio=16 host=65553 gc_pages=80619 gc_count=2284 waf_q16=146134 best=18 next=6 settled=0
[1283972.760112] NVMeVirt: WATGC_V2 sample ns=0 part=3 epoch=1 window=66 phase=measure evaluated=5 k=2 scale_pct=50 age_ratio=16 host=65556 gc_pages=80809 gc_count=2287 waf_q16=146320 best=18 next=6 settled=0
[1283982.541190] NVMeVirt: WATGC_V2 sample ns=0 part=0 epoch=1 window=67 phase=measure evaluated=6 k=2 scale_pct=100 age_ratio=4 host=65541 gc_pages=84217 gc_count=2340 waf_q16=149746 best=18 next=7 settled=0
[1283982.578812] NVMeVirt: WATGC_V2 sample ns=0 part=1 epoch=1 window=67 phase=measure evaluated=6 k=2 scale_pct=100 age_ratio=4 host=65545 gc_pages=84467 gc_count=2344 waf_q16=149991 best=18 next=7 settled=0
[1283982.581903] NVMeVirt: WATGC_V2 sample ns=0 part=2 epoch=1 window=67 phase=measure evaluated=6 k=2 scale_pct=100 age_ratio=4 host=65555 gc_pages=83689 gc_count=2332 waf_q16=149200 best=18 next=7 settled=0
[1283982.584039] NVMeVirt: WATGC_V2 sample ns=0 part=3 epoch=1 window=67 phase=measure evaluated=6 k=2 scale_pct=100 age_ratio=4 host=65556 gc_pages=82984 gc_count=2321 waf_q16=148494 best=18 next=7 settled=0
[1283992.382225] NVMeVirt: WATGC_V2 sample ns=0 part=0 epoch=1 window=68 phase=measure evaluated=7 k=2 scale_pct=100 age_ratio=7 host=65561 gc_pages=84966 gc_count=2352 waf_q16=150469 best=18 next=8 settled=0
[1283992.393268] NVMeVirt: WATGC_V2 sample ns=0 part=2 epoch=1 window=68 phase=measure evaluated=7 k=2 scale_pct=100 age_ratio=7 host=65541 gc_pages=84475 gc_count=2344 waf_q16=150004 best=18 next=8 settled=0
[1283992.409922] NVMeVirt: WATGC_V2 sample ns=0 part=1 epoch=1 window=68 phase=measure evaluated=7 k=2 scale_pct=100 age_ratio=7 host=65554 gc_pages=84718 gc_count=2348 waf_q16=150230 best=18 next=8 settled=0
[1283992.427050] NVMeVirt: WATGC_V2 sample ns=0 part=3 epoch=1 window=68 phase=measure evaluated=7 k=2 scale_pct=100 age_ratio=7 host=65554 gc_pages=84398 gc_count=2343 waf_q16=149910 best=18 next=8 settled=0
[1284002.218277] NVMeVirt: WATGC_V2 sample ns=0 part=0 epoch=1 window=69 phase=measure evaluated=8 k=2 scale_pct=100 age_ratio=16 host=65555 gc_pages=84335 gc_count=2342 waf_q16=149846 best=18 next=9 settled=0
[1284002.228316] NVMeVirt: WATGC_V2 sample ns=0 part=2 epoch=1 window=69 phase=measure evaluated=8 k=2 scale_pct=100 age_ratio=16 host=65541 gc_pages=82878 gc_count=2319 waf_q16=148407 best=18 next=9 settled=0
[1284002.243786] NVMeVirt: WATGC_V2 sample ns=0 part=1 epoch=1 window=69 phase=measure evaluated=8 k=2 scale_pct=100 age_ratio=16 host=65551 gc_pages=84786 gc_count=2349 waf_q16=150302 best=18 next=9 settled=0
[1284002.255666] NVMeVirt: WATGC_V2 sample ns=0 part=3 epoch=1 window=69 phase=measure evaluated=8 k=2 scale_pct=100 age_ratio=16 host=65545 gc_pages=83833 gc_count=2334 waf_q16=149357 best=18 next=9 settled=0
[1284012.040475] NVMeVirt: WATGC_V2 sample ns=0 part=2 epoch=1 window=70 phase=measure evaluated=9 k=2 scale_pct=200 age_ratio=4 host=65555 gc_pages=81713 gc_count=2301 waf_q16=147225 best=18 next=10 settled=0
[1284012.071841] NVMeVirt: WATGC_V2 sample ns=0 part=0 epoch=1 window=70 phase=measure evaluated=9 k=2 scale_pct=200 age_ratio=4 host=65545 gc_pages=81724 gc_count=2301 waf_q16=147248 best=18 next=10 settled=0
[1284012.077041] NVMeVirt: WATGC_V2 sample ns=0 part=3 epoch=1 window=70 phase=measure evaluated=9 k=2 scale_pct=200 age_ratio=4 host=65558 gc_pages=81967 gc_count=2305 waf_q16=147475 best=18 next=10 settled=0
[1284012.092108] NVMeVirt: WATGC_V2 sample ns=0 part=1 epoch=1 window=70 phase=measure evaluated=9 k=2 scale_pct=200 age_ratio=4 host=65558 gc_pages=81712 gc_count=2301 waf_q16=147220 best=18 next=10 settled=0
[1284021.880769] NVMeVirt: WATGC_V2 sample ns=0 part=2 epoch=1 window=71 phase=measure evaluated=10 k=2 scale_pct=200 age_ratio=7 host=65562 gc_pages=83363 gc_count=2327 waf_q16=148865 best=18 next=11 settled=0
[1284021.904271] NVMeVirt: WATGC_V2 sample ns=0 part=0 epoch=1 window=71 phase=measure evaluated=10 k=2 scale_pct=200 age_ratio=7 host=65558 gc_pages=83497 gc_count=2329 waf_q16=149004 best=18 next=11 settled=0
[1284021.909803] NVMeVirt: WATGC_V2 sample ns=0 part=3 epoch=1 window=71 phase=measure evaluated=10 k=2 scale_pct=200 age_ratio=7 host=65546 gc_pages=83315 gc_count=2326 waf_q16=148838 best=18 next=11 settled=0
[1284021.920791] NVMeVirt: WATGC_V2 sample ns=0 part=1 epoch=1 window=71 phase=measure evaluated=10 k=2 scale_pct=200 age_ratio=7 host=65539 gc_pages=82747 gc_count=2317 waf_q16=148279 best=18 next=11 settled=0
[1284031.699931] NVMeVirt: WATGC_V2 sample ns=0 part=2 epoch=1 window=72 phase=measure evaluated=11 k=2 scale_pct=200 age_ratio=16 host=65555 gc_pages=83818 gc_count=2334 waf_q16=149329 best=18 next=12 settled=0
[1284031.737048] NVMeVirt: WATGC_V2 sample ns=0 part=0 epoch=1 window=72 phase=measure evaluated=11 k=2 scale_pct=200 age_ratio=16 host=65564 gc_pages=83489 gc_count=2329 waf_q16=148989 best=18 next=12 settled=0
[1284031.753101] NVMeVirt: WATGC_V2 sample ns=0 part=3 epoch=1 window=72 phase=measure evaluated=11 k=2 scale_pct=200 age_ratio=16 host=65548 gc_pages=83441 gc_count=2328 waf_q16=148961 best=18 next=12 settled=0
[1284031.760776] NVMeVirt: WATGC_V2 sample ns=0 part=1 epoch=1 window=72 phase=measure evaluated=11 k=2 scale_pct=200 age_ratio=16 host=65555 gc_pages=83371 gc_count=2327 waf_q16=148882 best=18 next=12 settled=0
[1284041.557319] NVMeVirt: WATGC_V2 sample ns=0 part=2 epoch=1 window=73 phase=measure evaluated=12 k=2 scale_pct=400 age_ratio=4 host=65552 gc_pages=86192 gc_count=2371 waf_q16=151706 best=18 next=13 settled=0
[1284041.562984] NVMeVirt: WATGC_V2 sample ns=0 part=0 epoch=1 window=73 phase=measure evaluated=12 k=2 scale_pct=400 age_ratio=4 host=65551 gc_pages=87538 gc_count=2392 waf_q16=153053 best=18 next=13 settled=0
[1284041.575070] NVMeVirt: WATGC_V2 sample ns=0 part=3 epoch=1 window=73 phase=measure evaluated=12 k=2 scale_pct=400 age_ratio=4 host=65557 gc_pages=86956 gc_count=2383 waf_q16=152464 best=18 next=13 settled=0
[1284041.585435] NVMeVirt: WATGC_V2 sample ns=0 part=1 epoch=1 window=73 phase=measure evaluated=12 k=2 scale_pct=400 age_ratio=4 host=65539 gc_pages=85949 gc_count=2367 waf_q16=151481 best=18 next=13 settled=0
[1284051.377803] NVMeVirt: WATGC_V2 sample ns=0 part=2 epoch=1 window=74 phase=measure evaluated=13 k=2 scale_pct=400 age_ratio=7 host=65543 gc_pages=87290 gc_count=2388 waf_q16=152816 best=18 next=14 settled=0
[1284051.391595] NVMeVirt: WATGC_V2 sample ns=0 part=1 epoch=1 window=74 phase=measure evaluated=13 k=2 scale_pct=400 age_ratio=7 host=65557 gc_pages=87020 gc_count=2384 waf_q16=152528 best=18 next=14 settled=0
[1284051.412806] NVMeVirt: WATGC_V2 sample ns=0 part=0 epoch=1 window=74 phase=measure evaluated=13 k=2 scale_pct=400 age_ratio=7 host=65544 gc_pages=88057 gc_count=2400 waf_q16=153582 best=18 next=14 settled=0
[1284051.428298] NVMeVirt: WATGC_V2 sample ns=0 part=3 epoch=1 window=74 phase=measure evaluated=13 k=2 scale_pct=400 age_ratio=7 host=65544 gc_pages=86648 gc_count=2378 waf_q16=152173 best=18 next=14 settled=0
[1284061.206890] NVMeVirt: WATGC_V2 sample ns=0 part=1 epoch=1 window=75 phase=measure evaluated=14 k=2 scale_pct=400 age_ratio=16 host=65536 gc_pages=82308 gc_count=2310 waf_q16=147844 best=18 next=15 settled=0
[1284061.236288] NVMeVirt: WATGC_V2 sample ns=0 part=0 epoch=1 window=75 phase=measure evaluated=14 k=2 scale_pct=400 age_ratio=16 host=65552 gc_pages=81524 gc_count=2298 waf_q16=147040 best=18 next=15 settled=0
[1284061.247094] NVMeVirt: WATGC_V2 sample ns=0 part=3 epoch=1 window=75 phase=measure evaluated=14 k=2 scale_pct=400 age_ratio=16 host=65553 gc_pages=82036 gc_count=2306 waf_q16=147550 best=18 next=15 settled=0
[1284061.261831] NVMeVirt: WATGC_V2 sample ns=0 part=2 epoch=1 window=75 phase=measure evaluated=14 k=2 scale_pct=400 age_ratio=16 host=65554 gc_pages=81778 gc_count=2302 waf_q16=147291 best=18 next=15 settled=0
[1284071.054925] NVMeVirt: WATGC_V2 sample ns=0 part=1 epoch=1 window=76 phase=measure evaluated=15 k=4 scale_pct=25 age_ratio=4 host=65571 gc_pages=64023 gc_count=2025 waf_q16=129524 best=18 next=16 settled=0
[1284071.075657] NVMeVirt: WATGC_V2 sample ns=0 part=0 epoch=1 window=76 phase=measure evaluated=15 k=4 scale_pct=25 age_ratio=4 host=65561 gc_pages=64290 gc_count=2029 waf_q16=129801 best=18 next=16 settled=0
[1284071.077430] NVMeVirt: WATGC_V2 sample ns=0 part=2 epoch=1 window=76 phase=measure evaluated=15 k=4 scale_pct=25 age_ratio=4 host=65546 gc_pages=64567 gc_count=2033 waf_q16=130093 best=18 next=16 settled=0
[1284071.078459] NVMeVirt: WATGC_V2 sample ns=0 part=3 epoch=1 window=76 phase=measure evaluated=15 k=4 scale_pct=25 age_ratio=4 host=65538 gc_pages=64195 gc_count=2027 waf_q16=129729 best=18 next=16 settled=0
[1284080.880446] NVMeVirt: WATGC_V2 sample ns=0 part=1 epoch=1 window=77 phase=measure evaluated=16 k=4 scale_pct=25 age_ratio=7 host=65548 gc_pages=59373 gc_count=1952 waf_q16=124898 best=18 next=17 settled=0
[1284080.903010] NVMeVirt: WATGC_V2 sample ns=0 part=0 epoch=1 window=77 phase=measure evaluated=16 k=4 scale_pct=25 age_ratio=7 host=65537 gc_pages=60477 gc_count=1969 waf_q16=126012 best=18 next=17 settled=0
[1284080.909445] NVMeVirt: WATGC_V2 sample ns=0 part=3 epoch=1 window=77 phase=measure evaluated=16 k=4 scale_pct=25 age_ratio=7 host=65539 gc_pages=58031 gc_count=1931 waf_q16=123564 best=18 next=17 settled=0
[1284080.917423] NVMeVirt: WATGC_V2 sample ns=0 part=2 epoch=1 window=77 phase=measure evaluated=16 k=4 scale_pct=25 age_ratio=7 host=65554 gc_pages=59998 gc_count=1962 waf_q16=125517 best=18 next=17 settled=0
[1284090.726746] NVMeVirt: WATGC_V2 sample ns=0 part=1 epoch=1 window=78 phase=measure evaluated=17 k=4 scale_pct=25 age_ratio=16 host=65544 gc_pages=63724 gc_count=2020 waf_q16=129252 best=18 next=18 settled=0
[1284090.736593] NVMeVirt: WATGC_V2 sample ns=0 part=0 epoch=1 window=78 phase=measure evaluated=17 k=4 scale_pct=25 age_ratio=16 host=65536 gc_pages=63406 gc_count=2015 waf_q16=128942 best=18 next=18 settled=0
[1284090.742494] NVMeVirt: WATGC_V2 sample ns=0 part=3 epoch=1 window=78 phase=measure evaluated=17 k=4 scale_pct=25 age_ratio=16 host=65564 gc_pages=63081 gc_count=2010 waf_q16=128590 best=18 next=18 settled=0
[1284090.744442] NVMeVirt: WATGC_V2 sample ns=0 part=2 epoch=1 window=78 phase=measure evaluated=17 k=4 scale_pct=25 age_ratio=16 host=65547 gc_pages=62516 gc_count=2001 waf_q16=128041 best=18 next=18 settled=0
[1284100.536598] NVMeVirt: WATGC_V2 sample ns=0 part=0 epoch=1 window=79 phase=measure evaluated=18 k=4 scale_pct=50 age_ratio=4 host=65556 gc_pages=46829 gc_count=1756 waf_q16=112350 best=49 next=19 settled=0
[1284100.572805] NVMeVirt: WATGC_V2 sample ns=0 part=1 epoch=1 window=79 phase=measure evaluated=18 k=4 scale_pct=50 age_ratio=4 host=65570 gc_pages=46558 gc_count=1752 waf_q16=112069 best=49 next=19 settled=0
[1284100.589861] NVMeVirt: WATGC_V2 sample ns=0 part=3 epoch=1 window=79 phase=measure evaluated=18 k=4 scale_pct=50 age_ratio=4 host=65538 gc_pages=46783 gc_count=1755 waf_q16=112317 best=49 next=19 settled=0
[1284100.594058] NVMeVirt: WATGC_V2 sample ns=0 part=2 epoch=1 window=79 phase=measure evaluated=18 k=4 scale_pct=50 age_ratio=4 host=65571 gc_pages=46814 gc_count=1756 waf_q16=112325 best=49 next=19 settled=0
[1284110.378596] NVMeVirt: WATGC_V2 sample ns=0 part=0 epoch=1 window=80 phase=measure evaluated=19 k=4 scale_pct=50 age_ratio=7 host=65539 gc_pages=44798 gc_count=1724 waf_q16=110331 best=49 next=20 settled=0
[1284110.413096] NVMeVirt: WATGC_V2 sample ns=0 part=1 epoch=1 window=80 phase=measure evaluated=19 k=4 scale_pct=50 age_ratio=7 host=65569 gc_pages=44831 gc_count=1725 waf_q16=110344 best=49 next=20 settled=0
[1284110.417818] NVMeVirt: WATGC_V2 sample ns=0 part=3 epoch=1 window=80 phase=measure evaluated=19 k=4 scale_pct=50 age_ratio=7 host=65550 gc_pages=45106 gc_count=1729 waf_q16=110632 best=49 next=20 settled=0
[1284110.421720] NVMeVirt: WATGC_V2 sample ns=0 part=2 epoch=1 window=80 phase=measure evaluated=19 k=4 scale_pct=50 age_ratio=7 host=65564 gc_pages=45156 gc_count=1730 waf_q16=110672 best=49 next=20 settled=0
[1284120.235192] NVMeVirt: WATGC_V2 sample ns=0 part=3 epoch=1 window=81 phase=measure evaluated=20 k=4 scale_pct=50 age_ratio=16 host=65539 gc_pages=60539 gc_count=1970 waf_q16=126072 best=49 next=21 settled=0
[1284120.236705] NVMeVirt: WATGC_V2 sample ns=0 part=1 epoch=1 window=81 phase=measure evaluated=20 k=4 scale_pct=50 age_ratio=16 host=65571 gc_pages=60634 gc_count=1972 waf_q16=126137 best=49 next=21 settled=0
[1284120.248156] NVMeVirt: WATGC_V2 sample ns=0 part=2 epoch=1 window=81 phase=measure evaluated=20 k=4 scale_pct=50 age_ratio=16 host=65550 gc_pages=59823 gc_count=1959 waf_q16=125346 best=49 next=21 settled=0
[1284120.248943] NVMeVirt: WATGC_V2 sample ns=0 part=0 epoch=1 window=81 phase=measure evaluated=20 k=4 scale_pct=50 age_ratio=16 host=65557 gc_pages=61032 gc_count=1978 waf_q16=126548 best=49 next=21 settled=0
[1284130.056991] NVMeVirt: WATGC_V2 sample ns=0 part=3 epoch=1 window=82 phase=measure evaluated=21 k=4 scale_pct=100 age_ratio=4 host=65547 gc_pages=60404 gc_count=1968 waf_q16=125929 best=49 next=22 settled=0
[1284130.070475] NVMeVirt: WATGC_V2 sample ns=0 part=2 epoch=1 window=82 phase=measure evaluated=21 k=4 scale_pct=100 age_ratio=4 host=65553 gc_pages=60464 gc_count=1969 waf_q16=125984 best=49 next=22 settled=0
[1284130.083056] NVMeVirt: WATGC_V2 sample ns=0 part=0 epoch=1 window=82 phase=measure evaluated=21 k=4 scale_pct=100 age_ratio=4 host=65542 gc_pages=60538 gc_count=1970 waf_q16=126068 best=49 next=22 settled=0
[1284130.092509] NVMeVirt: WATGC_V2 sample ns=0 part=1 epoch=1 window=82 phase=measure evaluated=21 k=4 scale_pct=100 age_ratio=4 host=65565 gc_pages=60388 gc_count=1968 waf_q16=125897 best=49 next=22 settled=0
[1284139.900083] NVMeVirt: WATGC_V2 sample ns=0 part=0 epoch=1 window=83 phase=measure evaluated=22 k=4 scale_pct=100 age_ratio=7 host=65542 gc_pages=54395 gc_count=1874 waf_q16=119926 best=49 next=23 settled=0
[1284139.900590] NVMeVirt: WATGC_V2 sample ns=0 part=1 epoch=1 window=83 phase=measure evaluated=22 k=4 scale_pct=100 age_ratio=7 host=65548 gc_pages=54261 gc_count=1872 waf_q16=119787 best=49 next=23 settled=0
[1284139.916638] NVMeVirt: WATGC_V2 sample ns=0 part=2 epoch=1 window=83 phase=measure evaluated=22 k=4 scale_pct=100 age_ratio=7 host=65550 gc_pages=55028 gc_count=1884 waf_q16=120552 best=49 next=23 settled=0
[1284139.922510] NVMeVirt: WATGC_V2 sample ns=0 part=3 epoch=1 window=83 phase=measure evaluated=22 k=4 scale_pct=100 age_ratio=7 host=65552 gc_pages=54386 gc_count=1874 waf_q16=119908 best=49 next=23 settled=0
[1284149.712057] NVMeVirt: WATGC_V2 sample ns=0 part=0 epoch=1 window=84 phase=measure evaluated=23 k=4 scale_pct=100 age_ratio=16 host=65545 gc_pages=57469 gc_count=1922 waf_q16=122997 best=49 next=24 settled=0
[1284149.718384] NVMeVirt: WATGC_V2 sample ns=0 part=1 epoch=1 window=84 phase=measure evaluated=23 k=4 scale_pct=100 age_ratio=16 host=65563 gc_pages=57579 gc_count=1924 waf_q16=123091 best=49 next=24 settled=0
[1284149.764520] NVMeVirt: WATGC_V2 sample ns=0 part=2 epoch=1 window=84 phase=measure evaluated=23 k=4 scale_pct=100 age_ratio=16 host=65540 gc_pages=59331 gc_count=1951 waf_q16=124863 best=49 next=24 settled=0
[1284149.778419] NVMeVirt: WATGC_V2 sample ns=0 part=3 epoch=1 window=84 phase=measure evaluated=23 k=4 scale_pct=100 age_ratio=16 host=65545 gc_pages=58303 gc_count=1935 waf_q16=123830 best=49 next=24 settled=0
[1284159.560870] NVMeVirt: WATGC_V2 sample ns=0 part=1 epoch=1 window=85 phase=measure evaluated=24 k=4 scale_pct=200 age_ratio=4 host=65546 gc_pages=70713 gc_count=2129 waf_q16=136238 best=49 next=25 settled=0
[1284159.562574] NVMeVirt: WATGC_V2 sample ns=0 part=0 epoch=1 window=85 phase=measure evaluated=24 k=4 scale_pct=200 age_ratio=4 host=65536 gc_pages=71556 gc_count=2142 waf_q16=137092 best=49 next=25 settled=0
[1284159.581434] NVMeVirt: WATGC_V2 sample ns=0 part=3 epoch=1 window=85 phase=measure evaluated=24 k=4 scale_pct=200 age_ratio=4 host=65547 gc_pages=72441 gc_count=2156 waf_q16=137964 best=49 next=25 settled=0
[1284159.598868] NVMeVirt: WATGC_V2 sample ns=0 part=2 epoch=1 window=85 phase=measure evaluated=24 k=4 scale_pct=200 age_ratio=4 host=65548 gc_pages=71736 gc_count=2145 waf_q16=137258 best=49 next=25 settled=0
[1284169.386370] NVMeVirt: WATGC_V2 sample ns=0 part=0 epoch=1 window=86 phase=measure evaluated=25 k=4 scale_pct=200 age_ratio=7 host=65565 gc_pages=72736 gc_count=2161 waf_q16=138239 best=49 next=26 settled=0
[1284169.391930] NVMeVirt: WATGC_V2 sample ns=0 part=1 epoch=1 window=86 phase=measure evaluated=25 k=4 scale_pct=200 age_ratio=7 host=65562 gc_pages=71202 gc_count=2137 waf_q16=136709 best=49 next=26 settled=0
[1284169.426965] NVMeVirt: WATGC_V2 sample ns=0 part=3 epoch=1 window=86 phase=measure evaluated=25 k=4 scale_pct=200 age_ratio=7 host=65554 gc_pages=72427 gc_count=2156 waf_q16=137943 best=49 next=26 settled=0
[1284169.433029] NVMeVirt: WATGC_V2 sample ns=0 part=2 epoch=1 window=86 phase=measure evaluated=25 k=4 scale_pct=200 age_ratio=7 host=65567 gc_pages=72926 gc_count=2164 waf_q16=138427 best=49 next=26 settled=0
[1284179.214084] NVMeVirt: WATGC_V2 sample ns=0 part=1 epoch=1 window=87 phase=measure evaluated=26 k=4 scale_pct=200 age_ratio=16 host=65543 gc_pages=78773 gc_count=2255 waf_q16=144300 best=49 next=27 settled=0
[1284179.220586] NVMeVirt: WATGC_V2 sample ns=0 part=0 epoch=1 window=87 phase=measure evaluated=26 k=4 scale_pct=200 age_ratio=16 host=65542 gc_pages=79607 gc_count=2268 waf_q16=145135 best=49 next=27 settled=0
[1284179.266717] NVMeVirt: WATGC_V2 sample ns=0 part=2 epoch=1 window=87 phase=measure evaluated=26 k=4 scale_pct=200 age_ratio=16 host=65558 gc_pages=79399 gc_count=2265 waf_q16=144908 best=49 next=27 settled=0
[1284179.275723] NVMeVirt: WATGC_V2 sample ns=0 part=3 epoch=1 window=87 phase=measure evaluated=26 k=4 scale_pct=200 age_ratio=16 host=65558 gc_pages=79527 gc_count=2267 waf_q16=145036 best=49 next=27 settled=0
[1284189.043354] NVMeVirt: WATGC_V2 sample ns=0 part=1 epoch=1 window=88 phase=measure evaluated=27 k=4 scale_pct=400 age_ratio=4 host=65547 gc_pages=84597 gc_count=2346 waf_q16=150118 best=49 next=28 settled=0
[1284189.048366] NVMeVirt: WATGC_V2 sample ns=0 part=0 epoch=1 window=88 phase=measure evaluated=27 k=4 scale_pct=400 age_ratio=4 host=65544 gc_pages=84792 gc_count=2349 waf_q16=150317 best=49 next=28 settled=0
[1284189.082789] NVMeVirt: WATGC_V2 sample ns=0 part=2 epoch=1 window=88 phase=measure evaluated=27 k=4 scale_pct=400 age_ratio=4 host=65542 gc_pages=86137 gc_count=2370 waf_q16=151665 best=49 next=28 settled=0
[1284189.128770] NVMeVirt: WATGC_V2 sample ns=0 part=3 epoch=1 window=88 phase=measure evaluated=27 k=4 scale_pct=400 age_ratio=4 host=65547 gc_pages=85749 gc_count=2364 waf_q16=151270 best=49 next=28 settled=0
[1284198.880292] NVMeVirt: WATGC_V2 sample ns=0 part=0 epoch=1 window=89 phase=measure evaluated=28 k=4 scale_pct=400 age_ratio=7 host=65541 gc_pages=84157 gc_count=2339 waf_q16=149686 best=49 next=29 settled=0
[1284198.904296] NVMeVirt: WATGC_V2 sample ns=0 part=1 epoch=1 window=89 phase=measure evaluated=28 k=4 scale_pct=400 age_ratio=7 host=65555 gc_pages=83823 gc_count=2334 waf_q16=149334 best=49 next=29 settled=0
[1284198.925439] NVMeVirt: WATGC_V2 sample ns=0 part=2 epoch=1 window=89 phase=measure evaluated=28 k=4 scale_pct=400 age_ratio=7 host=65559 gc_pages=84586 gc_count=2346 waf_q16=150092 best=49 next=29 settled=0
[1284198.930801] NVMeVirt: WATGC_V2 sample ns=0 part=3 epoch=1 window=89 phase=measure evaluated=28 k=4 scale_pct=400 age_ratio=7 host=65537 gc_pages=85377 gc_count=2358 waf_q16=150911 best=49 next=29 settled=0
[1284208.724658] NVMeVirt: WATGC_V2 sample ns=0 part=0 epoch=1 window=90 phase=measure evaluated=29 k=4 scale_pct=400 age_ratio=16 host=65538 gc_pages=83074 gc_count=2322 waf_q16=148607 best=49 next=30 settled=0
[1284208.735640] NVMeVirt: WATGC_V2 sample ns=0 part=1 epoch=1 window=90 phase=measure evaluated=29 k=4 scale_pct=400 age_ratio=16 host=65549 gc_pages=82231 gc_count=2309 waf_q16=147750 best=49 next=30 settled=0
[1284208.745413] NVMeVirt: WATGC_V2 sample ns=0 part=2 epoch=1 window=90 phase=measure evaluated=29 k=4 scale_pct=400 age_ratio=16 host=65547 gc_pages=83706 gc_count=2332 waf_q16=149227 best=49 next=30 settled=0
[1284208.763420] NVMeVirt: WATGC_V2 sample ns=0 part=3 epoch=1 window=90 phase=measure evaluated=29 k=4 scale_pct=400 age_ratio=16 host=65542 gc_pages=83711 gc_count=2332 waf_q16=149239 best=49 next=30 settled=0
[1284218.567825] NVMeVirt: WATGC_V2 sample ns=0 part=0 epoch=1 window=91 phase=measure evaluated=30 k=7 scale_pct=25 age_ratio=4 host=65572 gc_pages=66456 gc_count=2063 waf_q16=131955 best=49 next=31 settled=0
[1284218.575859] NVMeVirt: WATGC_V2 sample ns=0 part=1 epoch=1 window=91 phase=measure evaluated=30 k=7 scale_pct=25 age_ratio=4 host=65557 gc_pages=66216 gc_count=2059 waf_q16=131730 best=49 next=31 settled=0
[1284218.578219] NVMeVirt: WATGC_V2 sample ns=0 part=3 epoch=1 window=91 phase=measure evaluated=30 k=7 scale_pct=25 age_ratio=4 host=65571 gc_pages=66074 gc_count=2057 waf_q16=131574 best=49 next=31 settled=0
[1284218.584658] NVMeVirt: WATGC_V2 sample ns=0 part=2 epoch=1 window=91 phase=measure evaluated=30 k=7 scale_pct=25 age_ratio=4 host=65567 gc_pages=65941 gc_count=2055 waf_q16=131445 best=49 next=31 settled=0
[1284228.370137] NVMeVirt: WATGC_V2 sample ns=0 part=0 epoch=1 window=92 phase=measure evaluated=31 k=7 scale_pct=25 age_ratio=7 host=65561 gc_pages=62368 gc_count=1999 waf_q16=127880 best=49 next=32 settled=0
[1284228.407574] NVMeVirt: WATGC_V2 sample ns=0 part=1 epoch=1 window=92 phase=measure evaluated=31 k=7 scale_pct=25 age_ratio=7 host=65536 gc_pages=60873 gc_count=1975 waf_q16=126409 best=49 next=32 settled=0
[1284228.413970] NVMeVirt: WATGC_V2 sample ns=0 part=3 epoch=1 window=92 phase=measure evaluated=31 k=7 scale_pct=25 age_ratio=7 host=65549 gc_pages=63021 gc_count=2009 waf_q16=128544 best=49 next=32 settled=0
[1284228.451183] NVMeVirt: WATGC_V2 sample ns=0 part=2 epoch=1 window=92 phase=measure evaluated=31 k=7 scale_pct=25 age_ratio=7 host=65560 gc_pages=60706 gc_count=1973 waf_q16=126219 best=49 next=32 settled=0
[1284238.203682] NVMeVirt: WATGC_V2 sample ns=0 part=0 epoch=1 window=93 phase=measure evaluated=32 k=7 scale_pct=25 age_ratio=16 host=65538 gc_pages=46974 gc_count=1758 waf_q16=112508 best=49 next=33 settled=0
[1284238.251701] NVMeVirt: WATGC_V2 sample ns=0 part=1 epoch=1 window=93 phase=measure evaluated=32 k=7 scale_pct=25 age_ratio=16 host=65554 gc_pages=47252 gc_count=1763 waf_q16=112775 best=49 next=33 settled=0
[1284238.258303] NVMeVirt: WATGC_V2 sample ns=0 part=3 epoch=1 window=93 phase=measure evaluated=32 k=7 scale_pct=25 age_ratio=16 host=65572 gc_pages=48150 gc_count=1777 waf_q16=113659 best=49 next=33 settled=0
[1284238.267424] NVMeVirt: WATGC_V2 sample ns=0 part=2 epoch=1 window=93 phase=measure evaluated=32 k=7 scale_pct=25 age_ratio=16 host=65553 gc_pages=47513 gc_count=1767 waf_q16=113036 best=49 next=33 settled=0
[1284248.052246] NVMeVirt: WATGC_V2 sample ns=0 part=0 epoch=1 window=94 phase=measure evaluated=33 k=7 scale_pct=50 age_ratio=4 host=65559 gc_pages=38629 gc_count=1628 waf_q16=104151 best=49 next=34 settled=0
[1284248.066630] NVMeVirt: WATGC_V2 sample ns=0 part=3 epoch=1 window=94 phase=measure evaluated=33 k=7 scale_pct=50 age_ratio=4 host=65567 gc_pages=38301 gc_count=1623 waf_q16=103818 best=33 next=34 settled=0
[1284248.080486] NVMeVirt: WATGC_V2 sample ns=0 part=2 epoch=1 window=94 phase=measure evaluated=33 k=7 scale_pct=50 age_ratio=4 host=65536 gc_pages=38460 gc_count=1625 waf_q16=103996 best=33 next=34 settled=0
[1284248.118773] NVMeVirt: WATGC_V2 sample ns=0 part=1 epoch=1 window=94 phase=measure evaluated=33 k=7 scale_pct=50 age_ratio=4 host=65574 gc_pages=38166 gc_count=1621 waf_q16=103679 best=33 next=34 settled=0
[1284257.888461] NVMeVirt: WATGC_V2 sample ns=0 part=2 epoch=1 window=95 phase=measure evaluated=34 k=7 scale_pct=50 age_ratio=7 host=65547 gc_pages=58872 gc_count=1944 waf_q16=124398 best=33 next=35 settled=0
[1284257.904327] NVMeVirt: WATGC_V2 sample ns=0 part=3 epoch=1 window=95 phase=measure evaluated=34 k=7 scale_pct=50 age_ratio=7 host=65546 gc_pages=57592 gc_count=1924 waf_q16=123119 best=33 next=35 settled=0
[1284257.913961] NVMeVirt: WATGC_V2 sample ns=0 part=0 epoch=1 window=95 phase=measure evaluated=34 k=7 scale_pct=50 age_ratio=7 host=65538 gc_pages=57153 gc_count=1917 waf_q16=122687 best=49 next=35 settled=0
[1284257.940990] NVMeVirt: WATGC_V2 sample ns=0 part=1 epoch=1 window=95 phase=measure evaluated=34 k=7 scale_pct=50 age_ratio=7 host=65562 gc_pages=58599 gc_count=1940 waf_q16=124111 best=33 next=35 settled=0
[1284267.729046] NVMeVirt: WATGC_V2 sample ns=0 part=3 epoch=1 window=96 phase=measure evaluated=35 k=7 scale_pct=50 age_ratio=16 host=65571 gc_pages=63898 gc_count=2023 waf_q16=129399 best=33 next=36 settled=0
[1284267.739964] NVMeVirt: WATGC_V2 sample ns=0 part=2 epoch=1 window=96 phase=measure evaluated=35 k=7 scale_pct=50 age_ratio=16 host=65570 gc_pages=64842 gc_count=2038 waf_q16=130344 best=33 next=36 settled=0
[1284267.747709] NVMeVirt: WATGC_V2 sample ns=0 part=0 epoch=1 window=96 phase=measure evaluated=35 k=7 scale_pct=50 age_ratio=16 host=65566 gc_pages=64799 gc_count=2037 waf_q16=130305 best=49 next=36 settled=0
[1284267.775216] NVMeVirt: WATGC_V2 sample ns=0 part=1 epoch=1 window=96 phase=measure evaluated=35 k=7 scale_pct=50 age_ratio=16 host=65540 gc_pages=64441 gc_count=2031 waf_q16=129973 best=33 next=36 settled=0
[1284277.572108] NVMeVirt: WATGC_V2 sample ns=0 part=0 epoch=1 window=97 phase=measure evaluated=36 k=7 scale_pct=100 age_ratio=4 host=65557 gc_pages=42861 gc_count=1694 waf_q16=108383 best=49 next=37 settled=0
[1284277.582945] NVMeVirt: WATGC_V2 sample ns=0 part=1 epoch=1 window=97 phase=measure evaluated=36 k=7 scale_pct=100 age_ratio=4 host=65569 gc_pages=43873 gc_count=1710 waf_q16=109386 best=33 next=37 settled=0
[1284277.585501] NVMeVirt: WATGC_V2 sample ns=0 part=2 epoch=1 window=97 phase=measure evaluated=36 k=7 scale_pct=100 age_ratio=4 host=65551 gc_pages=42996 gc_count=1696 waf_q16=108522 best=33 next=37 settled=0
[1284277.586718] NVMeVirt: WATGC_V2 sample ns=0 part=3 epoch=1 window=97 phase=measure evaluated=36 k=7 scale_pct=100 age_ratio=4 host=65557 gc_pages=43629 gc_count=1706 waf_q16=109151 best=33 next=37 settled=0
[1284287.394609] NVMeVirt: WATGC_V2 sample ns=0 part=2 epoch=1 window=98 phase=measure evaluated=37 k=7 scale_pct=100 age_ratio=7 host=65552 gc_pages=55874 gc_count=1897 waf_q16=121396 best=33 next=38 settled=0
[1284287.403396] NVMeVirt: WATGC_V2 sample ns=0 part=3 epoch=1 window=98 phase=measure evaluated=37 k=7 scale_pct=100 age_ratio=7 host=65564 gc_pages=57836 gc_count=1928 waf_q16=123347 best=33 next=38 settled=0
[1284287.418725] NVMeVirt: WATGC_V2 sample ns=0 part=0 epoch=1 window=98 phase=measure evaluated=37 k=7 scale_pct=100 age_ratio=7 host=65558 gc_pages=56433 gc_count=1906 waf_q16=121950 best=49 next=38 settled=0
[1284287.449742] NVMeVirt: WATGC_V2 sample ns=0 part=1 epoch=1 window=98 phase=measure evaluated=37 k=7 scale_pct=100 age_ratio=7 host=65556 gc_pages=58611 gc_count=1940 waf_q16=124129 best=33 next=38 settled=0
[1284297.220939] NVMeVirt: WATGC_V2 sample ns=0 part=2 epoch=1 window=99 phase=measure evaluated=38 k=7 scale_pct=100 age_ratio=16 host=65561 gc_pages=67305 gc_count=2076 waf_q16=132815 best=33 next=39 settled=0
[1284297.240524] NVMeVirt: WATGC_V2 sample ns=0 part=0 epoch=1 window=99 phase=measure evaluated=38 k=7 scale_pct=100 age_ratio=16 host=65536 gc_pages=67009 gc_count=2071 waf_q16=132545 best=49 next=39 settled=0
[1284297.265610] NVMeVirt: WATGC_V2 sample ns=0 part=3 epoch=1 window=99 phase=measure evaluated=38 k=7 scale_pct=100 age_ratio=16 host=65541 gc_pages=66668 gc_count=2066 waf_q16=132198 best=33 next=39 settled=0
[1284297.270350] NVMeVirt: WATGC_V2 sample ns=0 part=1 epoch=1 window=99 phase=measure evaluated=38 k=7 scale_pct=100 age_ratio=16 host=65557 gc_pages=66860 gc_count=2069 waf_q16=132374 best=33 next=39 settled=0
[1284307.069893] NVMeVirt: WATGC_V2 sample ns=0 part=2 epoch=1 window=100 phase=measure evaluated=39 k=7 scale_pct=200 age_ratio=4 host=65570 gc_pages=51551 gc_count=1830 waf_q16=117060 best=33 next=40 settled=0
[1284307.076497] NVMeVirt: WATGC_V2 sample ns=0 part=0 epoch=1 window=100 phase=measure evaluated=39 k=7 scale_pct=200 age_ratio=4 host=65539 gc_pages=51196 gc_count=1824 waf_q16=116729 best=49 next=40 settled=0
[1284307.082167] NVMeVirt: WATGC_V2 sample ns=0 part=3 epoch=1 window=100 phase=measure evaluated=39 k=7 scale_pct=200 age_ratio=4 host=65553 gc_pages=51503 gc_count=1829 waf_q16=117025 best=33 next=40 settled=0
[1284307.106997] NVMeVirt: WATGC_V2 sample ns=0 part=1 epoch=1 window=100 phase=measure evaluated=39 k=7 scale_pct=200 age_ratio=4 host=65556 gc_pages=51308 gc_count=1826 waf_q16=116828 best=33 next=40 settled=0
[1284316.889252] NVMeVirt: WATGC_V2 sample ns=0 part=3 epoch=1 window=101 phase=measure evaluated=40 k=7 scale_pct=200 age_ratio=7 host=65549 gc_pages=61809 gc_count=1990 waf_q16=127332 best=33 next=41 settled=0
[1284316.913586] NVMeVirt: WATGC_V2 sample ns=0 part=0 epoch=1 window=101 phase=measure evaluated=40 k=7 scale_pct=200 age_ratio=7 host=65540 gc_pages=60346 gc_count=1967 waf_q16=125878 best=49 next=41 settled=0
[1284316.920370] NVMeVirt: WATGC_V2 sample ns=0 part=2 epoch=1 window=101 phase=measure evaluated=40 k=7 scale_pct=200 age_ratio=7 host=65551 gc_pages=60335 gc_count=1967 waf_q16=125857 best=33 next=41 settled=0
[1284316.945262] NVMeVirt: WATGC_V2 sample ns=0 part=1 epoch=1 window=101 phase=measure evaluated=40 k=7 scale_pct=200 age_ratio=7 host=65542 gc_pages=60280 gc_count=1966 waf_q16=125810 best=33 next=41 settled=0
[1284326.712043] NVMeVirt: WATGC_V2 sample ns=0 part=0 epoch=1 window=102 phase=measure evaluated=41 k=7 scale_pct=200 age_ratio=16 host=65537 gc_pages=74364 gc_count=2186 waf_q16=139898 best=49 next=42 settled=0
[1284326.735729] NVMeVirt: WATGC_V2 sample ns=0 part=3 epoch=1 window=102 phase=measure evaluated=41 k=7 scale_pct=200 age_ratio=16 host=65556 gc_pages=74601 gc_count=2190 waf_q16=140114 best=33 next=42 settled=0
[1284326.771073] NVMeVirt: WATGC_V2 sample ns=0 part=1 epoch=1 window=102 phase=measure evaluated=41 k=7 scale_pct=200 age_ratio=16 host=65539 gc_pages=74745 gc_count=2192 waf_q16=140277 best=33 next=42 settled=0
[1284326.782183] NVMeVirt: WATGC_V2 sample ns=0 part=2 epoch=1 window=102 phase=measure evaluated=41 k=7 scale_pct=200 age_ratio=16 host=65564 gc_pages=72033 gc_count=2150 waf_q16=137538 best=33 next=42 settled=0
[1284336.563435] NVMeVirt: WATGC_V2 sample ns=0 part=0 epoch=1 window=103 phase=measure evaluated=42 k=7 scale_pct=400 age_ratio=4 host=65549 gc_pages=58421 gc_count=1937 waf_q16=123945 best=49 next=43 settled=0
[1284336.580276] NVMeVirt: WATGC_V2 sample ns=0 part=3 epoch=1 window=103 phase=measure evaluated=42 k=7 scale_pct=400 age_ratio=4 host=65557 gc_pages=58605 gc_count=1940 waf_q16=124122 best=33 next=43 settled=0
[1284336.592376] NVMeVirt: WATGC_V2 sample ns=0 part=1 epoch=1 window=103 phase=measure evaluated=42 k=7 scale_pct=400 age_ratio=4 host=65563 gc_pages=59751 gc_count=1958 waf_q16=125262 best=33 next=43 settled=0
[1284336.603927] NVMeVirt: WATGC_V2 sample ns=0 part=2 epoch=1 window=103 phase=measure evaluated=42 k=7 scale_pct=400 age_ratio=4 host=65545 gc_pages=58425 gc_count=1937 waf_q16=123952 best=33 next=43 settled=0
[1284346.383896] NVMeVirt: WATGC_V2 sample ns=0 part=0 epoch=1 window=104 phase=measure evaluated=43 k=7 scale_pct=400 age_ratio=7 host=65564 gc_pages=62635 gc_count=2003 waf_q16=128144 best=49 next=44 settled=0
[1284346.427981] NVMeVirt: WATGC_V2 sample ns=0 part=2 epoch=1 window=104 phase=measure evaluated=43 k=7 scale_pct=400 age_ratio=7 host=65537 gc_pages=61700 gc_count=1988 waf_q16=127235 best=33 next=44 settled=0
[1284346.431363] NVMeVirt: WATGC_V2 sample ns=0 part=3 epoch=1 window=104 phase=measure evaluated=43 k=7 scale_pct=400 age_ratio=7 host=65546 gc_pages=62010 gc_count=1993 waf_q16=127536 best=33 next=44 settled=0
[1284346.432614] NVMeVirt: WATGC_V2 sample ns=0 part=1 epoch=1 window=104 phase=measure evaluated=43 k=7 scale_pct=400 age_ratio=7 host=65559 gc_pages=63087 gc_count=2010 waf_q16=128600 best=33 next=44 settled=0
[1284356.210823] NVMeVirt: WATGC_V2 sample ns=0 part=0 epoch=1 window=105 phase=measure evaluated=44 k=7 scale_pct=400 age_ratio=16 host=65539 gc_pages=68800 gc_count=2099 waf_q16=134332 best=49 next=45 settled=0
[1284356.245530] NVMeVirt: WATGC_V2 sample ns=0 part=1 epoch=1 window=105 phase=measure evaluated=44 k=7 scale_pct=400 age_ratio=16 host=65566 gc_pages=67621 gc_count=2081 waf_q16=133126 best=33 next=45 settled=0
[1284356.260347] NVMeVirt: WATGC_V2 sample ns=0 part=3 epoch=1 window=105 phase=measure evaluated=44 k=7 scale_pct=400 age_ratio=16 host=65542 gc_pages=67581 gc_count=2080 waf_q16=133110 best=33 next=45 settled=0
[1284356.291277] NVMeVirt: WATGC_V2 sample ns=0 part=2 epoch=1 window=105 phase=measure evaluated=44 k=7 scale_pct=400 age_ratio=16 host=65566 gc_pages=67749 gc_count=2083 waf_q16=133254 best=33 next=45 settled=0
[1284366.047711] NVMeVirt: WATGC_V2 sample ns=0 part=0 epoch=1 window=106 phase=measure evaluated=45 k=10 scale_pct=25 age_ratio=4 host=65556 gc_pages=51111 gc_count=1823 waf_q16=116631 best=49 next=46 settled=0
[1284366.100321] NVMeVirt: WATGC_V2 sample ns=0 part=1 epoch=1 window=106 phase=measure evaluated=45 k=10 scale_pct=25 age_ratio=4 host=65574 gc_pages=51092 gc_count=1823 waf_q16=116598 best=33 next=46 settled=0
[1284366.102153] NVMeVirt: WATGC_V2 sample ns=0 part=3 epoch=1 window=106 phase=measure evaluated=45 k=10 scale_pct=25 age_ratio=4 host=65563 gc_pages=50204 gc_count=1809 waf_q16=115719 best=33 next=46 settled=0
[1284366.102614] NVMeVirt: WATGC_V2 sample ns=0 part=2 epoch=1 window=106 phase=measure evaluated=45 k=10 scale_pct=25 age_ratio=4 host=65575 gc_pages=50201 gc_count=1809 waf_q16=115707 best=33 next=46 settled=0
[1284375.895232] NVMeVirt: WATGC_V2 sample ns=0 part=0 epoch=1 window=107 phase=measure evaluated=46 k=10 scale_pct=25 age_ratio=7 host=65542 gc_pages=48320 gc_count=1779 waf_q16=113851 best=49 next=47 settled=0
[1284375.922091] NVMeVirt: WATGC_V2 sample ns=0 part=1 epoch=1 window=107 phase=measure evaluated=46 k=10 scale_pct=25 age_ratio=7 host=65573 gc_pages=48722 gc_count=1786 waf_q16=114230 best=33 next=47 settled=0
[1284375.935491] NVMeVirt: WATGC_V2 sample ns=0 part=2 epoch=1 window=107 phase=measure evaluated=46 k=10 scale_pct=25 age_ratio=7 host=65556 gc_pages=47856 gc_count=1772 waf_q16=113377 best=33 next=47 settled=0
[1284375.938948] NVMeVirt: WATGC_V2 sample ns=0 part=3 epoch=1 window=107 phase=measure evaluated=46 k=10 scale_pct=25 age_ratio=7 host=65550 gc_pages=48443 gc_count=1781 waf_q16=113968 best=33 next=47 settled=0
[1284385.730798] NVMeVirt: WATGC_V2 sample ns=0 part=0 epoch=1 window=108 phase=measure evaluated=47 k=10 scale_pct=25 age_ratio=16 host=65569 gc_pages=48547 gc_count=1783 waf_q16=114058 best=49 next=48 settled=0
[1284385.744723] NVMeVirt: WATGC_V2 sample ns=0 part=3 epoch=1 window=108 phase=measure evaluated=47 k=10 scale_pct=25 age_ratio=16 host=65536 gc_pages=48647 gc_count=1784 waf_q16=114183 best=33 next=48 settled=0
[1284385.770645] NVMeVirt: WATGC_V2 sample ns=0 part=1 epoch=1 window=108 phase=measure evaluated=47 k=10 scale_pct=25 age_ratio=16 host=65546 gc_pages=48189 gc_count=1777 waf_q16=113717 best=33 next=48 settled=0
[1284385.781545] NVMeVirt: WATGC_V2 sample ns=0 part=2 epoch=1 window=108 phase=measure evaluated=47 k=10 scale_pct=25 age_ratio=16 host=65572 gc_pages=48802 gc_count=1787 waf_q16=114311 best=33 next=48 settled=0
[1284395.580535] NVMeVirt: WATGC_V2 sample ns=0 part=0 epoch=1 window=109 phase=measure evaluated=48 k=10 scale_pct=50 age_ratio=4 host=65557 gc_pages=47468 gc_count=1766 waf_q16=112988 best=49 next=49 settled=0
[1284395.581896] NVMeVirt: WATGC_V2 sample ns=0 part=1 epoch=1 window=109 phase=measure evaluated=48 k=10 scale_pct=50 age_ratio=4 host=65567 gc_pages=47969 gc_count=1774 waf_q16=113482 best=33 next=49 settled=0
[1284395.602637] NVMeVirt: WATGC_V2 sample ns=0 part=3 epoch=1 window=109 phase=measure evaluated=48 k=10 scale_pct=50 age_ratio=4 host=65569 gc_pages=48032 gc_count=1775 waf_q16=113543 best=33 next=49 settled=0
[1284395.602806] NVMeVirt: WATGC_V2 sample ns=0 part=2 epoch=1 window=109 phase=measure evaluated=48 k=10 scale_pct=50 age_ratio=4 host=65566 gc_pages=48035 gc_count=1775 waf_q16=113549 best=33 next=49 settled=0
[1284405.408183] NVMeVirt: WATGC_V2 sample ns=0 part=0 epoch=1 window=110 phase=measure evaluated=49 k=10 scale_pct=50 age_ratio=7 host=65546 gc_pages=43125 gc_count=1698 waf_q16=108654 best=49 next=50 settled=0
[1284405.416927] NVMeVirt: WATGC_V2 sample ns=0 part=3 epoch=1 window=110 phase=measure evaluated=49 k=10 scale_pct=50 age_ratio=7 host=65541 gc_pages=42498 gc_count=1688 waf_q16=108030 best=33 next=50 settled=0
[1284405.431820] NVMeVirt: WATGC_V2 sample ns=0 part=2 epoch=1 window=110 phase=measure evaluated=49 k=10 scale_pct=50 age_ratio=7 host=65569 gc_pages=42847 gc_count=1694 waf_q16=108361 best=33 next=50 settled=0
[1284405.446176] NVMeVirt: WATGC_V2 sample ns=0 part=1 epoch=1 window=110 phase=measure evaluated=49 k=10 scale_pct=50 age_ratio=7 host=65565 gc_pages=43307 gc_count=1701 waf_q16=108823 best=33 next=50 settled=0
[1284415.247743] NVMeVirt: WATGC_V2 sample ns=0 part=0 epoch=1 window=111 phase=measure evaluated=50 k=10 scale_pct=50 age_ratio=16 host=65566 gc_pages=51990 gc_count=1837 waf_q16=117502 best=49 next=51 settled=0
[1284415.259837] NVMeVirt: WATGC_V2 sample ns=0 part=2 epoch=1 window=111 phase=measure evaluated=50 k=10 scale_pct=50 age_ratio=16 host=65556 gc_pages=51881 gc_count=1835 waf_q16=117401 best=33 next=51 settled=0
[1284415.263189] NVMeVirt: WATGC_V2 sample ns=0 part=1 epoch=1 window=111 phase=measure evaluated=50 k=10 scale_pct=50 age_ratio=16 host=65570 gc_pages=50988 gc_count=1821 waf_q16=116497 best=33 next=51 settled=0
[1284415.274415] NVMeVirt: WATGC_V2 sample ns=0 part=3 epoch=1 window=111 phase=measure evaluated=50 k=10 scale_pct=50 age_ratio=16 host=65562 gc_pages=52447 gc_count=1844 waf_q16=117962 best=33 next=51 settled=0
[1284425.082500] NVMeVirt: WATGC_V2 sample ns=0 part=1 epoch=1 window=112 phase=measure evaluated=51 k=10 scale_pct=100 age_ratio=4 host=65562 gc_pages=57386 gc_count=1921 waf_q16=122899 best=33 next=52 settled=0
[1284425.086309] NVMeVirt: WATGC_V2 sample ns=0 part=0 epoch=1 window=112 phase=measure evaluated=51 k=10 scale_pct=100 age_ratio=4 host=65548 gc_pages=56441 gc_count=1906 waf_q16=121966 best=49 next=52 settled=0
[1284425.107046] NVMeVirt: WATGC_V2 sample ns=0 part=2 epoch=1 window=112 phase=measure evaluated=51 k=10 scale_pct=100 age_ratio=4 host=65564 gc_pages=56808 gc_count=1912 waf_q16=122319 best=33 next=52 settled=0
[1284425.108921] NVMeVirt: WATGC_V2 sample ns=0 part=3 epoch=1 window=112 phase=measure evaluated=51 k=10 scale_pct=100 age_ratio=4 host=65540 gc_pages=56129 gc_count=1901 waf_q16=121661 best=33 next=52 settled=0
[1284434.913049] NVMeVirt: WATGC_V2 sample ns=0 part=0 epoch=1 window=113 phase=measure evaluated=52 k=10 scale_pct=100 age_ratio=7 host=65554 gc_pages=54199 gc_count=1871 waf_q16=119720 best=49 next=53 settled=0
[1284434.925730] NVMeVirt: WATGC_V2 sample ns=0 part=1 epoch=1 window=113 phase=measure evaluated=52 k=10 scale_pct=100 age_ratio=7 host=65540 gc_pages=53628 gc_count=1862 waf_q16=119160 best=33 next=53 settled=0
[1284434.927829] NVMeVirt: WATGC_V2 sample ns=0 part=3 epoch=1 window=113 phase=measure evaluated=52 k=10 scale_pct=100 age_ratio=7 host=65553 gc_pages=53551 gc_count=1861 waf_q16=119073 best=33 next=53 settled=0
[1284434.950860] NVMeVirt: WATGC_V2 sample ns=0 part=2 epoch=1 window=113 phase=measure evaluated=52 k=10 scale_pct=100 age_ratio=7 host=65543 gc_pages=53497 gc_count=1860 waf_q16=119027 best=33 next=53 settled=0
[1284444.750494] NVMeVirt: WATGC_V2 sample ns=0 part=1 epoch=1 window=114 phase=measure evaluated=53 k=10 scale_pct=100 age_ratio=16 host=65544 gc_pages=62016 gc_count=1993 waf_q16=127544 best=33 next=54 settled=0
[1284444.755458] NVMeVirt: WATGC_V2 sample ns=0 part=2 epoch=1 window=114 phase=measure evaluated=53 k=10 scale_pct=100 age_ratio=16 host=65542 gc_pages=62904 gc_count=2007 waf_q16=128434 best=33 next=54 settled=0
[1284444.766418] NVMeVirt: WATGC_V2 sample ns=0 part=0 epoch=1 window=114 phase=measure evaluated=53 k=10 scale_pct=100 age_ratio=16 host=65551 gc_pages=62518 gc_count=2001 waf_q16=128039 best=49 next=54 settled=0
[1284444.778121] NVMeVirt: WATGC_V2 sample ns=0 part=3 epoch=1 window=114 phase=measure evaluated=53 k=10 scale_pct=100 age_ratio=16 host=65537 gc_pages=63756 gc_count=2020 waf_q16=129291 best=33 next=54 settled=0
[1284454.582335] NVMeVirt: WATGC_V2 sample ns=0 part=0 epoch=1 window=115 phase=measure evaluated=54 k=10 scale_pct=200 age_ratio=4 host=65563 gc_pages=71404 gc_count=2140 waf_q16=136910 best=49 next=55 settled=0
[1284454.591113] NVMeVirt: WATGC_V2 sample ns=0 part=1 epoch=1 window=115 phase=measure evaluated=54 k=10 scale_pct=200 age_ratio=4 host=65560 gc_pages=70893 gc_count=2132 waf_q16=136403 best=33 next=55 settled=0
[1284454.599347] NVMeVirt: WATGC_V2 sample ns=0 part=3 epoch=1 window=115 phase=measure evaluated=54 k=10 scale_pct=200 age_ratio=4 host=65563 gc_pages=70571 gc_count=2127 waf_q16=136077 best=33 next=55 settled=0
[1284454.611172] NVMeVirt: WATGC_V2 sample ns=0 part=2 epoch=1 window=115 phase=measure evaluated=54 k=10 scale_pct=200 age_ratio=4 host=65546 gc_pages=72125 gc_count=2151 waf_q16=137649 best=33 next=55 settled=0
[1284464.420700] NVMeVirt: WATGC_V2 sample ns=0 part=1 epoch=1 window=116 phase=measure evaluated=55 k=10 scale_pct=200 age_ratio=7 host=65551 gc_pages=72684 gc_count=2160 waf_q16=138203 best=33 next=56 settled=0
[1284464.425401] NVMeVirt: WATGC_V2 sample ns=0 part=3 epoch=1 window=116 phase=measure evaluated=55 k=10 scale_pct=200 age_ratio=7 host=65564 gc_pages=71585 gc_count=2143 waf_q16=137090 best=33 next=56 settled=0
[1284464.437881] NVMeVirt: WATGC_V2 sample ns=0 part=0 epoch=1 window=116 phase=measure evaluated=55 k=10 scale_pct=200 age_ratio=7 host=65558 gc_pages=73062 gc_count=2166 waf_q16=138573 best=49 next=56 settled=0
[1284464.438173] NVMeVirt: WATGC_V2 sample ns=0 part=2 epoch=1 window=116 phase=measure evaluated=55 k=10 scale_pct=200 age_ratio=7 host=65543 gc_pages=73645 gc_count=2175 waf_q16=139173 best=33 next=56 settled=0
[1284474.241274] NVMeVirt: WATGC_V2 sample ns=0 part=0 epoch=1 window=117 phase=measure evaluated=56 k=10 scale_pct=200 age_ratio=16 host=65540 gc_pages=74552 gc_count=2189 waf_q16=140083 best=49 next=57 settled=0
[1284474.265832] NVMeVirt: WATGC_V2 sample ns=0 part=1 epoch=1 window=117 phase=measure evaluated=56 k=10 scale_pct=200 age_ratio=16 host=65537 gc_pages=75892 gc_count=2210 waf_q16=141426 best=33 next=57 settled=0
[1284474.274446] NVMeVirt: WATGC_V2 sample ns=0 part=2 epoch=1 window=117 phase=measure evaluated=56 k=10 scale_pct=200 age_ratio=16 host=65549 gc_pages=75055 gc_count=2197 waf_q16=140576 best=33 next=57 settled=0
[1284474.276102] NVMeVirt: WATGC_V2 sample ns=0 part=3 epoch=1 window=117 phase=measure evaluated=56 k=10 scale_pct=200 age_ratio=16 host=65547 gc_pages=74609 gc_count=2190 waf_q16=140132 best=33 next=57 settled=0
[1284484.051218] NVMeVirt: WATGC_V2 sample ns=0 part=0 epoch=1 window=118 phase=measure evaluated=57 k=10 scale_pct=400 age_ratio=4 host=65537 gc_pages=80895 gc_count=2288 waf_q16=146429 best=49 next=58 settled=0
[1284484.104922] NVMeVirt: WATGC_V2 sample ns=0 part=1 epoch=1 window=118 phase=measure evaluated=57 k=10 scale_pct=400 age_ratio=4 host=65558 gc_pages=81450 gc_count=2297 waf_q16=146958 best=33 next=58 settled=0
[1284484.111080] NVMeVirt: WATGC_V2 sample ns=0 part=3 epoch=1 window=118 phase=measure evaluated=57 k=10 scale_pct=400 age_ratio=4 host=65539 gc_pages=81085 gc_count=2291 waf_q16=146617 best=33 next=58 settled=0
[1284484.123540] NVMeVirt: WATGC_V2 sample ns=0 part=2 epoch=1 window=118 phase=measure evaluated=57 k=10 scale_pct=400 age_ratio=4 host=65553 gc_pages=81583 gc_count=2299 waf_q16=147097 best=33 next=58 settled=0
[1284493.903284] NVMeVirt: WATGC_V2 sample ns=0 part=0 epoch=1 window=119 phase=measure evaluated=58 k=10 scale_pct=400 age_ratio=7 host=65536 gc_pages=76673 gc_count=2222 waf_q16=142209 best=49 next=59 settled=0
[1284493.923042] NVMeVirt: WATGC_V2 sample ns=0 part=3 epoch=1 window=119 phase=measure evaluated=58 k=10 scale_pct=400 age_ratio=7 host=65548 gc_pages=76854 gc_count=2225 waf_q16=142375 best=33 next=59 settled=0
[1284493.932925] NVMeVirt: WATGC_V2 sample ns=0 part=1 epoch=1 window=119 phase=measure evaluated=58 k=10 scale_pct=400 age_ratio=7 host=65550 gc_pages=77684 gc_count=2238 waf_q16=143203 best=33 next=59 settled=0
[1284493.959099] NVMeVirt: WATGC_V2 sample ns=0 part=2 epoch=1 window=119 phase=measure evaluated=58 k=10 scale_pct=400 age_ratio=7 host=65538 gc_pages=78015 gc_count=2243 waf_q16=143548 best=33 next=59 settled=0
[1284503.737316] NVMeVirt: WATGC_V2 sample ns=0 part=0 epoch=1 window=120 phase=measure evaluated=59 k=10 scale_pct=400 age_ratio=16 host=65545 gc_pages=71291 gc_count=2138 waf_q16=136817 best=49 next=0 settled=0
[1284503.767314] NVMeVirt: WATGC_V2 sample ns=0 part=2 epoch=1 window=120 phase=measure evaluated=59 k=10 scale_pct=400 age_ratio=16 host=65565 gc_pages=72680 gc_count=2160 waf_q16=138183 best=33 next=0 settled=0
[1284503.769525] NVMeVirt: WATGC_V2 sample ns=0 part=1 epoch=1 window=120 phase=measure evaluated=59 k=10 scale_pct=400 age_ratio=16 host=65553 gc_pages=72693 gc_count=2160 waf_q16=138210 best=33 next=0 settled=0
[1284503.777476] NVMeVirt: WATGC_V2 sample ns=0 part=3 epoch=1 window=120 phase=measure evaluated=59 k=10 scale_pct=400 age_ratio=16 host=65545 gc_pages=72316 gc_count=2154 waf_q16=137842 best=33 next=0 settled=0
[1284513.562873] NVMeVirt: WATGC_V2 sample ns=0 part=0 epoch=1 window=121 phase=measure evaluated=0 k=2 scale_pct=25 age_ratio=4 host=65565 gc_pages=76257 gc_count=2216 waf_q16=141759 best=49 next=1 settled=0
[1284513.590769] NVMeVirt: WATGC_V2 sample ns=0 part=1 epoch=1 window=121 phase=measure evaluated=0 k=2 scale_pct=25 age_ratio=4 host=65546 gc_pages=75573 gc_count=2205 waf_q16=141097 best=33 next=1 settled=0
[1284513.592745] NVMeVirt: WATGC_V2 sample ns=0 part=2 epoch=1 window=121 phase=measure evaluated=0 k=2 scale_pct=25 age_ratio=4 host=65552 gc_pages=76143 gc_count=2214 waf_q16=141660 best=33 next=1 settled=0
[1284513.642647] NVMeVirt: WATGC_V2 sample ns=0 part=3 epoch=1 window=121 phase=measure evaluated=0 k=2 scale_pct=25 age_ratio=4 host=65551 gc_pages=74990 gc_count=2196 waf_q16=140508 best=33 next=1 settled=0
[1284523.377676] NVMeVirt: WATGC_V2 sample ns=0 part=0 epoch=1 window=122 phase=measure evaluated=1 k=2 scale_pct=25 age_ratio=7 host=65549 gc_pages=76977 gc_count=2227 waf_q16=142497 best=49 next=2 settled=0
[1284523.427852] NVMeVirt: WATGC_V2 sample ns=0 part=2 epoch=1 window=122 phase=measure evaluated=1 k=2 scale_pct=25 age_ratio=7 host=65550 gc_pages=76143 gc_count=2214 waf_q16=141662 best=33 next=2 settled=0
[1284523.434757] NVMeVirt: WATGC_V2 sample ns=0 part=1 epoch=1 window=122 phase=measure evaluated=1 k=2 scale_pct=25 age_ratio=7 host=65548 gc_pages=76529 gc_count=2220 waf_q16=142050 best=33 next=2 settled=0
[1284523.478644] NVMeVirt: WATGC_V2 sample ns=0 part=3 epoch=1 window=122 phase=measure evaluated=1 k=2 scale_pct=25 age_ratio=7 host=65552 gc_pages=77165 gc_count=2230 waf_q16=142682 best=33 next=2 settled=0
[1284533.225531] NVMeVirt: WATGC_V2 sample ns=0 part=0 epoch=1 window=123 phase=measure evaluated=2 k=2 scale_pct=25 age_ratio=16 host=65553 gc_pages=80239 gc_count=2278 waf_q16=145754 best=49 next=3 settled=0
[1284533.263064] NVMeVirt: WATGC_V2 sample ns=0 part=3 epoch=1 window=123 phase=measure evaluated=2 k=2 scale_pct=25 age_ratio=16 host=65552 gc_pages=78641 gc_count=2253 waf_q16=144157 best=33 next=3 settled=0
[1284533.275808] NVMeVirt: WATGC_V2 sample ns=0 part=1 epoch=1 window=123 phase=measure evaluated=2 k=2 scale_pct=25 age_ratio=16 host=65562 gc_pages=79847 gc_count=2272 waf_q16=145351 best=33 next=3 settled=0
[1284533.292754] NVMeVirt: WATGC_V2 sample ns=0 part=2 epoch=1 window=123 phase=measure evaluated=2 k=2 scale_pct=25 age_ratio=16 host=65549 gc_pages=78388 gc_count=2249 waf_q16=143908 best=33 next=3 settled=0
[1284543.038434] NVMeVirt: WATGC_V2 sample ns=0 part=0 epoch=1 window=124 phase=measure evaluated=3 k=2 scale_pct=50 age_ratio=4 host=65543 gc_pages=81402 gc_count=2296 waf_q16=146929 best=49 next=4 settled=0
[1284543.106949] NVMeVirt: WATGC_V2 sample ns=0 part=1 epoch=1 window=124 phase=measure evaluated=3 k=2 scale_pct=50 age_ratio=4 host=65548 gc_pages=81014 gc_count=2290 waf_q16=146535 best=33 next=4 settled=0
[1284543.111538] NVMeVirt: WATGC_V2 sample ns=0 part=3 epoch=1 window=124 phase=measure evaluated=3 k=2 scale_pct=50 age_ratio=4 host=65559 gc_pages=80619 gc_count=2284 waf_q16=146126 best=33 next=4 settled=0
[1284543.132870] NVMeVirt: WATGC_V2 sample ns=0 part=2 epoch=1 window=124 phase=measure evaluated=3 k=2 scale_pct=50 age_ratio=4 host=65556 gc_pages=81390 gc_count=2296 waf_q16=146901 best=33 next=4 settled=0
[1284552.873352] NVMeVirt: WATGC_V2 sample ns=0 part=0 epoch=1 window=125 phase=measure evaluated=4 k=2 scale_pct=50 age_ratio=7 host=65563 gc_pages=78250 gc_count=2247 waf_q16=143753 best=49 next=5 settled=0
[1284552.939685] NVMeVirt: WATGC_V2 sample ns=0 part=3 epoch=1 window=125 phase=measure evaluated=4 k=2 scale_pct=50 age_ratio=7 host=65538 gc_pages=77058 gc_count=2228 waf_q16=142591 best=33 next=5 settled=0
[1284552.957154] NVMeVirt: WATGC_V2 sample ns=0 part=1 epoch=1 window=125 phase=measure evaluated=4 k=2 scale_pct=50 age_ratio=7 host=65538 gc_pages=78914 gc_count=2257 waf_q16=144447 best=33 next=5 settled=0
[1284552.960744] NVMeVirt: WATGC_V2 sample ns=0 part=2 epoch=1 window=125 phase=measure evaluated=4 k=2 scale_pct=50 age_ratio=7 host=65564 gc_pages=78248 gc_count=2247 waf_q16=143750 best=33 next=5 settled=0
[1284562.703886] NVMeVirt: WATGC_V2 sample ns=0 part=0 epoch=1 window=126 phase=measure evaluated=5 k=2 scale_pct=50 age_ratio=16 host=65538 gc_pages=79546 gc_count=2267 waf_q16=145079 best=49 next=6 settled=0
[1284562.776339] NVMeVirt: WATGC_V2 sample ns=0 part=3 epoch=1 window=126 phase=measure evaluated=5 k=2 scale_pct=50 age_ratio=16 host=65558 gc_pages=77478 gc_count=2235 waf_q16=142987 best=33 next=6 settled=0
[1284562.783142] NVMeVirt: WATGC_V2 sample ns=0 part=1 epoch=1 window=126 phase=measure evaluated=5 k=2 scale_pct=50 age_ratio=16 host=65559 gc_pages=79397 gc_count=2265 waf_q16=144905 best=33 next=6 settled=0
[1284562.801096] NVMeVirt: WATGC_V2 sample ns=0 part=2 epoch=1 window=126 phase=measure evaluated=5 k=2 scale_pct=50 age_ratio=16 host=65567 gc_pages=78367 gc_count=2249 waf_q16=143865 best=33 next=6 settled=0
[1284572.575350] NVMeVirt: WATGC_V2 sample ns=0 part=0 epoch=1 window=127 phase=measure evaluated=6 k=2 scale_pct=100 age_ratio=4 host=65554 gc_pages=82538 gc_count=2314 waf_q16=148051 best=49 next=7 settled=0
[1284572.588108] NVMeVirt: WATGC_V2 sample ns=0 part=1 epoch=1 window=127 phase=measure evaluated=6 k=2 scale_pct=100 age_ratio=4 host=65537 gc_pages=82300 gc_count=2310 waf_q16=147834 best=33 next=7 settled=0
[1284572.595870] NVMeVirt: WATGC_V2 sample ns=0 part=3 epoch=1 window=127 phase=measure evaluated=6 k=2 scale_pct=100 age_ratio=4 host=65559 gc_pages=80805 gc_count=2287 waf_q16=146312 best=33 next=7 settled=0
[1284572.637090] NVMeVirt: WATGC_V2 sample ns=0 part=2 epoch=1 window=127 phase=measure evaluated=6 k=2 scale_pct=100 age_ratio=4 host=65549 gc_pages=82286 gc_count=2310 waf_q16=147805 best=33 next=7 settled=0
[1284582.403923] NVMeVirt: WATGC_V2 sample ns=0 part=1 epoch=1 window=128 phase=measure evaluated=7 k=2 scale_pct=100 age_ratio=7 host=65543 gc_pages=84793 gc_count=2349 waf_q16=150319 best=33 next=8 settled=0
[1284582.413864] NVMeVirt: WATGC_V2 sample ns=0 part=0 epoch=1 window=128 phase=measure evaluated=7 k=2 scale_pct=100 age_ratio=7 host=65551 gc_pages=84080 gc_count=2338 waf_q16=149596 best=49 next=8 settled=0
[1284582.439054] NVMeVirt: WATGC_V2 sample ns=0 part=3 epoch=1 window=128 phase=measure evaluated=7 k=2 scale_pct=100 age_ratio=7 host=65548 gc_pages=83572 gc_count=2330 waf_q16=149092 best=33 next=8 settled=0
[1284582.469922] NVMeVirt: WATGC_V2 sample ns=0 part=2 epoch=1 window=128 phase=measure evaluated=7 k=2 scale_pct=100 age_ratio=7 host=65551 gc_pages=84912 gc_count=2351 waf_q16=150428 best=33 next=8 settled=0
[1284592.231070] NVMeVirt: WATGC_V2 sample ns=0 part=0 epoch=1 window=129 phase=measure evaluated=8 k=2 scale_pct=100 age_ratio=16 host=65545 gc_pages=83960 gc_count=2336 waf_q16=149484 best=49 next=9 settled=0
[1284592.252075] NVMeVirt: WATGC_V2 sample ns=0 part=1 epoch=1 window=129 phase=measure evaluated=8 k=2 scale_pct=100 age_ratio=16 host=65541 gc_pages=84093 gc_count=2338 waf_q16=149622 best=33 next=9 settled=0
[1284592.286474] NVMeVirt: WATGC_V2 sample ns=0 part=3 epoch=1 window=129 phase=measure evaluated=8 k=2 scale_pct=100 age_ratio=16 host=65557 gc_pages=81582 gc_count=2299 waf_q16=147091 best=33 next=9 settled=0
[1284592.290966] NVMeVirt: WATGC_V2 sample ns=0 part=2 epoch=1 window=129 phase=measure evaluated=8 k=2 scale_pct=100 age_ratio=16 host=65549 gc_pages=84021 gc_count=2337 waf_q16=149540 best=33 next=9 settled=0
[1284602.066179] NVMeVirt: WATGC_V2 sample ns=0 part=0 epoch=1 window=130 phase=measure evaluated=9 k=2 scale_pct=200 age_ratio=4 host=65544 gc_pages=81725 gc_count=2301 waf_q16=147251 best=49 next=10 settled=0
[1284602.088494] NVMeVirt: WATGC_V2 sample ns=0 part=1 epoch=1 window=130 phase=measure evaluated=9 k=2 scale_pct=200 age_ratio=4 host=65543 gc_pages=81022 gc_count=2290 waf_q16=146549 best=33 next=10 settled=0
[1284602.111517] NVMeVirt: WATGC_V2 sample ns=0 part=3 epoch=1 window=130 phase=measure evaluated=9 k=2 scale_pct=200 age_ratio=4 host=65557 gc_pages=80688 gc_count=2285 waf_q16=146198 best=33 next=10 settled=0
[1284602.125299] NVMeVirt: WATGC_V2 sample ns=0 part=2 epoch=1 window=130 phase=measure evaluated=9 k=2 scale_pct=200 age_ratio=4 host=65557 gc_pages=81521 gc_count=2298 waf_q16=147030 best=33 next=10 settled=0
[1284611.883599] NVMeVirt: WATGC_V2 sample ns=0 part=0 epoch=1 window=131 phase=measure evaluated=10 k=2 scale_pct=200 age_ratio=7 host=65548 gc_pages=82867 gc_count=2319 waf_q16=148387 best=49 next=11 settled=0
[1284611.924637] NVMeVirt: WATGC_V2 sample ns=0 part=1 epoch=1 window=131 phase=measure evaluated=10 k=2 scale_pct=200 age_ratio=7 host=65554 gc_pages=81453 gc_count=2297 waf_q16=146966 best=33 next=11 settled=0
[1284611.955049] NVMeVirt: WATGC_V2 sample ns=0 part=2 epoch=1 window=131 phase=measure evaluated=10 k=2 scale_pct=200 age_ratio=7 host=65560 gc_pages=82021 gc_count=2306 waf_q16=147526 best=33 next=11 settled=0
[1284611.960606] NVMeVirt: WATGC_V2 sample ns=0 part=3 epoch=1 window=131 phase=measure evaluated=10 k=2 scale_pct=200 age_ratio=7 host=65563 gc_pages=82404 gc_count=2312 waf_q16=147906 best=33 next=11 settled=0
[1284621.729445] NVMeVirt: WATGC_V2 sample ns=0 part=0 epoch=1 window=132 phase=measure evaluated=11 k=2 scale_pct=200 age_ratio=16 host=65543 gc_pages=83063 gc_count=2322 waf_q16=148590 best=49 next=12 settled=0
[1284621.755781] NVMeVirt: WATGC_V2 sample ns=0 part=1 epoch=1 window=132 phase=measure evaluated=11 k=2 scale_pct=200 age_ratio=16 host=65561 gc_pages=81508 gc_count=2298 waf_q16=147012 best=33 next=12 settled=0
[1284621.782631] NVMeVirt: WATGC_V2 sample ns=0 part=3 epoch=1 window=132 phase=measure evaluated=11 k=2 scale_pct=200 age_ratio=16 host=65561 gc_pages=83237 gc_count=2325 waf_q16=148741 best=33 next=12 settled=0
[1284621.794076] NVMeVirt: WATGC_V2 sample ns=0 part=2 epoch=1 window=132 phase=measure evaluated=11 k=2 scale_pct=200 age_ratio=16 host=65548 gc_pages=81776 gc_count=2302 waf_q16=147297 best=33 next=12 settled=0
[1284631.558363] NVMeVirt: WATGC_V2 sample ns=0 part=0 epoch=1 window=133 phase=measure evaluated=12 k=2 scale_pct=400 age_ratio=4 host=65554 gc_pages=86702 gc_count=2379 waf_q16=152214 best=49 next=13 settled=0
[1284631.602185] NVMeVirt: WATGC_V2 sample ns=0 part=1 epoch=1 window=133 phase=measure evaluated=12 k=2 scale_pct=400 age_ratio=4 host=65556 gc_pages=84652 gc_count=2347 waf_q16=150162 best=33 next=13 settled=0
[1284631.603358] NVMeVirt: WATGC_V2 sample ns=0 part=3 epoch=1 window=133 phase=measure evaluated=12 k=2 scale_pct=400 age_ratio=4 host=65536 gc_pages=85056 gc_count=2353 waf_q16=150592 best=33 next=13 settled=0
[1284631.631442] NVMeVirt: WATGC_V2 sample ns=0 part=2 epoch=1 window=133 phase=measure evaluated=12 k=2 scale_pct=400 age_ratio=4 host=65548 gc_pages=84404 gc_count=2343 waf_q16=149924 best=33 next=13 settled=0
[1284641.379718] NVMeVirt: WATGC_V2 sample ns=0 part=0 epoch=1 window=134 phase=measure evaluated=13 k=2 scale_pct=400 age_ratio=7 host=65539 gc_pages=86526 gc_count=2376 waf_q16=152058 best=49 next=14 settled=0
[1284641.434010] NVMeVirt: WATGC_V2 sample ns=0 part=3 epoch=1 window=134 phase=measure evaluated=13 k=2 scale_pct=400 age_ratio=7 host=65539 gc_pages=86526 gc_count=2376 waf_q16=152058 best=33 next=14 settled=0
[1284641.448177] NVMeVirt: WATGC_V2 sample ns=0 part=1 epoch=1 window=134 phase=measure evaluated=13 k=2 scale_pct=400 age_ratio=7 host=65559 gc_pages=85610 gc_count=2362 waf_q16=151115 best=33 next=14 settled=0
[1284641.464298] NVMeVirt: WATGC_V2 sample ns=0 part=2 epoch=1 window=134 phase=measure evaluated=13 k=2 scale_pct=400 age_ratio=7 host=65546 gc_pages=86518 gc_count=2376 waf_q16=152040 best=33 next=14 settled=0
[1284651.250158] NVMeVirt: WATGC_V2 sample ns=0 part=0 epoch=1 window=135 phase=measure evaluated=14 k=2 scale_pct=400 age_ratio=16 host=65554 gc_pages=81970 gc_count=2305 waf_q16=147483 best=49 next=15 settled=0
[1284651.262380] NVMeVirt: WATGC_V2 sample ns=0 part=1 epoch=1 window=135 phase=measure evaluated=14 k=2 scale_pct=400 age_ratio=16 host=65553 gc_pages=81331 gc_count=2295 waf_q16=146845 best=33 next=15 settled=0
[1284651.275529] NVMeVirt: WATGC_V2 sample ns=0 part=3 epoch=1 window=135 phase=measure evaluated=14 k=2 scale_pct=400 age_ratio=16 host=65563 gc_pages=80873 gc_count=2288 waf_q16=146375 best=33 next=15 settled=0
[1284651.276235] NVMeVirt: WATGC_V2 sample ns=0 part=2 epoch=1 window=135 phase=measure evaluated=14 k=2 scale_pct=400 age_ratio=16 host=65558 gc_pages=80559 gc_count=2283 waf_q16=146067 best=33 next=15 settled=0
[1284661.081236] NVMeVirt: WATGC_V2 sample ns=0 part=0 epoch=1 window=136 phase=measure evaluated=15 k=4 scale_pct=25 age_ratio=4 host=65554 gc_pages=63720 gc_count=2020 waf_q16=129238 best=49 next=16 settled=0
[1284661.099565] NVMeVirt: WATGC_V2 sample ns=0 part=3 epoch=1 window=136 phase=measure evaluated=15 k=4 scale_pct=25 age_ratio=4 host=65547 gc_pages=62832 gc_count=2006 waf_q16=128357 best=33 next=16 settled=0
[1284661.103479] NVMeVirt: WATGC_V2 sample ns=0 part=1 epoch=1 window=136 phase=measure evaluated=15 k=4 scale_pct=25 age_ratio=4 host=65569 gc_pages=63448 gc_count=2016 waf_q16=128952 best=33 next=16 settled=0
[1284661.112742] NVMeVirt: WATGC_V2 sample ns=0 part=2 epoch=1 window=136 phase=measure evaluated=15 k=4 scale_pct=25 age_ratio=4 host=65545 gc_pages=62567 gc_count=2002 waf_q16=128094 best=33 next=16 settled=0
[1284670.911661] NVMeVirt: WATGC_V2 sample ns=0 part=3 epoch=1 window=137 phase=measure evaluated=16 k=4 scale_pct=25 age_ratio=7 host=65550 gc_pages=60353 gc_count=1967 waf_q16=125876 best=33 next=17 settled=0
[1284670.930408] NVMeVirt: WATGC_V2 sample ns=0 part=2 epoch=1 window=137 phase=measure evaluated=16 k=4 scale_pct=25 age_ratio=7 host=65549 gc_pages=60769 gc_count=1974 waf_q16=126292 best=33 next=17 settled=0
[1284670.933763] NVMeVirt: WATGC_V2 sample ns=0 part=0 epoch=1 window=137 phase=measure evaluated=16 k=4 scale_pct=25 age_ratio=7 host=65551 gc_pages=62009 gc_count=1993 waf_q16=127530 best=49 next=17 settled=0
[1284670.952238] NVMeVirt: WATGC_V2 sample ns=0 part=1 epoch=1 window=137 phase=measure evaluated=16 k=4 scale_pct=25 age_ratio=7 host=65542 gc_pages=61361 gc_count=1983 waf_q16=126891 best=33 next=17 settled=0
[1284680.751805] NVMeVirt: WATGC_V2 sample ns=0 part=3 epoch=1 window=138 phase=measure evaluated=17 k=4 scale_pct=25 age_ratio=16 host=65548 gc_pages=66282 gc_count=2060 waf_q16=131805 best=33 next=18 settled=0
[1284680.760401] NVMeVirt: WATGC_V2 sample ns=0 part=0 epoch=1 window=138 phase=measure evaluated=17 k=4 scale_pct=25 age_ratio=16 host=65559 gc_pages=67877 gc_count=2085 waf_q16=133389 best=49 next=18 settled=0
[1284680.768577] NVMeVirt: WATGC_V2 sample ns=0 part=2 epoch=1 window=138 phase=measure evaluated=17 k=4 scale_pct=25 age_ratio=16 host=65554 gc_pages=68979 gc_count=2102 waf_q16=134496 best=33 next=18 settled=0
[1284680.785594] NVMeVirt: WATGC_V2 sample ns=0 part=1 epoch=1 window=138 phase=measure evaluated=17 k=4 scale_pct=25 age_ratio=16 host=65558 gc_pages=69460 gc_count=2110 waf_q16=134972 best=33 next=18 settled=0
[1284690.570338] NVMeVirt: WATGC_V2 sample ns=0 part=3 epoch=1 window=139 phase=measure evaluated=18 k=4 scale_pct=50 age_ratio=4 host=65552 gc_pages=47729 gc_count=1770 waf_q16=113253 best=33 next=19 settled=0
[1284690.596305] NVMeVirt: WATGC_V2 sample ns=0 part=0 epoch=1 window=139 phase=measure evaluated=18 k=4 scale_pct=50 age_ratio=4 host=65537 gc_pages=47167 gc_count=1761 waf_q16=112702 best=49 next=19 settled=0
[1284690.607899] NVMeVirt: WATGC_V2 sample ns=0 part=2 epoch=1 window=139 phase=measure evaluated=18 k=4 scale_pct=50 age_ratio=4 host=65558 gc_pages=47210 gc_count=1762 waf_q16=112730 best=33 next=19 settled=0
[1284690.626535] NVMeVirt: WATGC_V2 sample ns=0 part=1 epoch=1 window=139 phase=measure evaluated=18 k=4 scale_pct=50 age_ratio=4 host=65560 gc_pages=47145 gc_count=1761 waf_q16=112663 best=33 next=19 settled=0
[1284700.407529] NVMeVirt: WATGC_V2 sample ns=0 part=3 epoch=1 window=140 phase=measure evaluated=19 k=4 scale_pct=50 age_ratio=7 host=65573 gc_pages=47709 gc_count=1770 waf_q16=113218 best=33 next=20 settled=0
[1284700.432577] NVMeVirt: WATGC_V2 sample ns=0 part=0 epoch=1 window=140 phase=measure evaluated=19 k=4 scale_pct=50 age_ratio=7 host=65556 gc_pages=47469 gc_count=1766 waf_q16=112990 best=49 next=20 settled=0
[1284700.438785] NVMeVirt: WATGC_V2 sample ns=0 part=1 epoch=1 window=140 phase=measure evaluated=19 k=4 scale_pct=50 age_ratio=7 host=65537 gc_pages=47105 gc_count=1760 waf_q16=112640 best=33 next=20 settled=0
[1284700.461081] NVMeVirt: WATGC_V2 sample ns=0 part=2 epoch=1 window=140 phase=measure evaluated=19 k=4 scale_pct=50 age_ratio=7 host=65574 gc_pages=47259 gc_count=1763 waf_q16=112767 best=33 next=20 settled=0
[1284710.225124] NVMeVirt: WATGC_V2 sample ns=0 part=3 epoch=1 window=141 phase=measure evaluated=20 k=4 scale_pct=50 age_ratio=16 host=65559 gc_pages=68838 gc_count=2100 waf_q16=134349 best=33 next=21 settled=0
[1284710.269256] NVMeVirt: WATGC_V2 sample ns=0 part=0 epoch=1 window=141 phase=measure evaluated=20 k=4 scale_pct=50 age_ratio=16 host=65571 gc_pages=68249 gc_count=2091 waf_q16=133748 best=49 next=21 settled=0
[1284710.282858] NVMeVirt: WATGC_V2 sample ns=0 part=1 epoch=1 window=141 phase=measure evaluated=20 k=4 scale_pct=50 age_ratio=16 host=65560 gc_pages=66981 gc_count=2071 waf_q16=132492 best=33 next=21 settled=0
[1284710.300716] NVMeVirt: WATGC_V2 sample ns=0 part=2 epoch=1 window=141 phase=measure evaluated=20 k=4 scale_pct=50 age_ratio=16 host=65560 gc_pages=67195 gc_count=2074 waf_q16=132706 best=33 next=21 settled=0
[1284720.041073] NVMeVirt: WATGC_V2 sample ns=0 part=3 epoch=1 window=142 phase=measure evaluated=21 k=4 scale_pct=100 age_ratio=4 host=65562 gc_pages=70244 gc_count=2122 waf_q16=135752 best=33 next=22 settled=0
[1284720.124739] NVMeVirt: WATGC_V2 sample ns=0 part=0 epoch=1 window=142 phase=measure evaluated=21 k=4 scale_pct=100 age_ratio=4 host=65557 gc_pages=69929 gc_count=2117 waf_q16=135442 best=49 next=22 settled=0
[1284720.126381] NVMeVirt: WATGC_V2 sample ns=0 part=1 epoch=1 window=142 phase=measure evaluated=21 k=4 scale_pct=100 age_ratio=4 host=65541 gc_pages=69689 gc_count=2113 waf_q16=135219 best=33 next=22 settled=0
[1284720.127501] NVMeVirt: WATGC_V2 sample ns=0 part=2 epoch=1 window=142 phase=measure evaluated=21 k=4 scale_pct=100 age_ratio=4 host=65564 gc_pages=68961 gc_count=2102 waf_q16=134467 best=33 next=22 settled=0
[1284729.886695] NVMeVirt: WATGC_V2 sample ns=0 part=3 epoch=1 window=143 phase=measure evaluated=22 k=4 scale_pct=100 age_ratio=7 host=65556 gc_pages=69678 gc_count=2113 waf_q16=135192 best=33 next=23 settled=0
[1284729.940243] NVMeVirt: WATGC_V2 sample ns=0 part=1 epoch=1 window=143 phase=measure evaluated=22 k=4 scale_pct=100 age_ratio=7 host=65548 gc_pages=68536 gc_count=2095 waf_q16=134059 best=33 next=23 settled=0
[1284729.947168] NVMeVirt: WATGC_V2 sample ns=0 part=0 epoch=1 window=143 phase=measure evaluated=22 k=4 scale_pct=100 age_ratio=7 host=65551 gc_pages=68660 gc_count=2097 waf_q16=134180 best=49 next=23 settled=0
[1284729.976975] NVMeVirt: WATGC_V2 sample ns=0 part=2 epoch=1 window=143 phase=measure evaluated=22 k=4 scale_pct=100 age_ratio=7 host=65563 gc_pages=67368 gc_count=2077 waf_q16=132876 best=33 next=23 settled=0
[1284739.727438] NVMeVirt: WATGC_V2 sample ns=0 part=3 epoch=1 window=144 phase=measure evaluated=23 k=4 scale_pct=100 age_ratio=16 host=65537 gc_pages=75332 gc_count=2201 waf_q16=140866 best=33 next=24 settled=0
[1284739.764321] NVMeVirt: WATGC_V2 sample ns=0 part=0 epoch=1 window=144 phase=measure evaluated=23 k=4 scale_pct=100 age_ratio=16 host=65546 gc_pages=74426 gc_count=2187 waf_q16=139950 best=49 next=24 settled=0
[1284739.786831] NVMeVirt: WATGC_V2 sample ns=0 part=1 epoch=1 window=144 phase=measure evaluated=23 k=4 scale_pct=100 age_ratio=16 host=65557 gc_pages=74927 gc_count=2195 waf_q16=140438 best=33 next=24 settled=0
[1284739.797840] NVMeVirt: WATGC_V2 sample ns=0 part=2 epoch=1 window=144 phase=measure evaluated=23 k=4 scale_pct=100 age_ratio=16 host=65544 gc_pages=73981 gc_count=2180 waf_q16=139507 best=33 next=24 settled=0
[1284749.554166] NVMeVirt: WATGC_V2 sample ns=0 part=3 epoch=1 window=145 phase=measure evaluated=24 k=4 scale_pct=200 age_ratio=4 host=65540 gc_pages=78848 gc_count=2256 waf_q16=144379 best=33 next=25 settled=0
[1284749.603714] NVMeVirt: WATGC_V2 sample ns=0 part=1 epoch=1 window=145 phase=measure evaluated=24 k=4 scale_pct=200 age_ratio=4 host=65546 gc_pages=80250 gc_count=2278 waf_q16=145773 best=33 next=25 settled=0
[1284749.614129] NVMeVirt: WATGC_V2 sample ns=0 part=0 epoch=1 window=145 phase=measure evaluated=24 k=4 scale_pct=200 age_ratio=4 host=65538 gc_pages=78851 gc_count=2256 waf_q16=144384 best=49 next=25 settled=0
[1284749.647638] NVMeVirt: WATGC_V2 sample ns=0 part=2 epoch=1 window=145 phase=measure evaluated=24 k=4 scale_pct=200 age_ratio=4 host=65539 gc_pages=78529 gc_count=2251 waf_q16=144061 best=33 next=25 settled=0
[1284759.390441] NVMeVirt: WATGC_V2 sample ns=0 part=3 epoch=1 window=146 phase=measure evaluated=25 k=4 scale_pct=200 age_ratio=7 host=65539 gc_pages=75961 gc_count=2211 waf_q16=141493 best=33 next=26 settled=0
[1284759.444200] NVMeVirt: WATGC_V2 sample ns=0 part=0 epoch=1 window=146 phase=measure evaluated=25 k=4 scale_pct=200 age_ratio=7 host=65566 gc_pages=75615 gc_count=2206 waf_q16=141116 best=49 next=26 settled=0
[1284759.447154] NVMeVirt: WATGC_V2 sample ns=0 part=2 epoch=1 window=146 phase=measure evaluated=25 k=4 scale_pct=200 age_ratio=7 host=65550 gc_pages=75886 gc_count=2210 waf_q16=141405 best=33 next=26 settled=0
[1284759.465086] NVMeVirt: WATGC_V2 sample ns=0 part=1 epoch=1 window=146 phase=measure evaluated=25 k=4 scale_pct=200 age_ratio=7 host=65544 gc_pages=76533 gc_count=2220 waf_q16=142059 best=33 next=26 settled=0
[1284769.226537] NVMeVirt: WATGC_V2 sample ns=0 part=3 epoch=1 window=147 phase=measure evaluated=26 k=4 scale_pct=200 age_ratio=16 host=65565 gc_pages=79007 gc_count=2259 waf_q16=144508 best=33 next=27 settled=0
[1284769.271271] NVMeVirt: WATGC_V2 sample ns=0 part=0 epoch=1 window=147 phase=measure evaluated=26 k=4 scale_pct=200 age_ratio=16 host=65542 gc_pages=79286 gc_count=2263 waf_q16=144814 best=49 next=27 settled=0
[1284769.289256] NVMeVirt: WATGC_V2 sample ns=0 part=1 epoch=1 window=147 phase=measure evaluated=26 k=4 scale_pct=200 age_ratio=16 host=65553 gc_pages=79979 gc_count=2274 waf_q16=145494 best=33 next=27 settled=0
[1284769.297520] NVMeVirt: WATGC_V2 sample ns=0 part=2 epoch=1 window=147 phase=measure evaluated=26 k=4 scale_pct=200 age_ratio=16 host=65552 gc_pages=78827 gc_count=2256 waf_q16=144343 best=33 next=27 settled=0
[1284779.077954] NVMeVirt: WATGC_V2 sample ns=0 part=3 epoch=1 window=148 phase=measure evaluated=27 k=4 scale_pct=400 age_ratio=4 host=65559 gc_pages=80425 gc_count=2281 waf_q16=145932 best=33 next=28 settled=0
[1284779.097953] NVMeVirt: WATGC_V2 sample ns=0 part=0 epoch=1 window=148 phase=measure evaluated=27 k=4 scale_pct=400 age_ratio=4 host=65537 gc_pages=81022 gc_count=2290 waf_q16=146556 best=49 next=28 settled=0
[1284779.114622] NVMeVirt: WATGC_V2 sample ns=0 part=1 epoch=1 window=148 phase=measure evaluated=27 k=4 scale_pct=400 age_ratio=4 host=65557 gc_pages=80811 gc_count=2287 waf_q16=146321 best=33 next=28 settled=0
[1284779.121449] NVMeVirt: WATGC_V2 sample ns=0 part=2 epoch=1 window=148 phase=measure evaluated=27 k=4 scale_pct=400 age_ratio=4 host=65546 gc_pages=81013 gc_count=2290 waf_q16=146536 best=33 next=28 settled=0
[1284788.907195] NVMeVirt: WATGC_V2 sample ns=0 part=0 epoch=1 window=149 phase=measure evaluated=28 k=4 scale_pct=400 age_ratio=7 host=65555 gc_pages=79855 gc_count=2272 waf_q16=145367 best=49 next=29 settled=0
[1284788.913201] NVMeVirt: WATGC_V2 sample ns=0 part=3 epoch=1 window=149 phase=measure evaluated=28 k=4 scale_pct=400 age_ratio=7 host=65538 gc_pages=78401 gc_count=2249 waf_q16=143934 best=33 next=29 settled=0
[1284788.948142] NVMeVirt: WATGC_V2 sample ns=0 part=2 epoch=1 window=149 phase=measure evaluated=28 k=4 scale_pct=400 age_ratio=7 host=65543 gc_pages=78587 gc_count=2252 waf_q16=144114 best=33 next=29 settled=0
[1284788.977862] NVMeVirt: WATGC_V2 sample ns=0 part=1 epoch=1 window=149 phase=measure evaluated=28 k=4 scale_pct=400 age_ratio=7 host=65562 gc_pages=79273 gc_count=2263 waf_q16=144777 best=33 next=29 settled=0
[1284798.758800] NVMeVirt: WATGC_V2 sample ns=0 part=3 epoch=1 window=150 phase=measure evaluated=29 k=4 scale_pct=400 age_ratio=16 host=65558 gc_pages=79279 gc_count=2263 waf_q16=144788 best=33 next=30 settled=0
[1284798.761309] NVMeVirt: WATGC_V2 sample ns=0 part=2 epoch=1 window=150 phase=measure evaluated=29 k=4 scale_pct=400 age_ratio=16 host=65552 gc_pages=78582 gc_count=2252 waf_q16=144098 best=33 next=30 settled=0
[1284798.764309] NVMeVirt: WATGC_V2 sample ns=0 part=0 epoch=1 window=150 phase=measure evaluated=29 k=4 scale_pct=400 age_ratio=16 host=65555 gc_pages=79219 gc_count=2262 waf_q16=144732 best=49 next=30 settled=0
[1284798.799252] NVMeVirt: WATGC_V2 sample ns=0 part=1 epoch=1 window=150 phase=measure evaluated=29 k=4 scale_pct=400 age_ratio=16 host=65545 gc_pages=79421 gc_count=2265 waf_q16=144946 best=33 next=30 settled=0
[1284808.582238] NVMeVirt: WATGC_V2 sample ns=0 part=0 epoch=1 window=151 phase=measure evaluated=30 k=7 scale_pct=25 age_ratio=4 host=65573 gc_pages=65431 gc_count=2047 waf_q16=130930 best=49 next=31 settled=0
[1284808.594919] NVMeVirt: WATGC_V2 sample ns=0 part=2 epoch=1 window=151 phase=measure evaluated=30 k=7 scale_pct=25 age_ratio=4 host=65537 gc_pages=64956 gc_count=2039 waf_q16=130491 best=33 next=31 settled=0
[1284808.616712] NVMeVirt: WATGC_V2 sample ns=0 part=3 epoch=1 window=151 phase=measure evaluated=30 k=7 scale_pct=25 age_ratio=4 host=65559 gc_pages=64677 gc_count=2035 waf_q16=130190 best=33 next=31 settled=0
[1284808.624192] NVMeVirt: WATGC_V2 sample ns=0 part=1 epoch=1 window=151 phase=measure evaluated=30 k=7 scale_pct=25 age_ratio=4 host=65548 gc_pages=65777 gc_count=2052 waf_q16=131300 best=33 next=31 settled=0
[1284818.414295] NVMeVirt: WATGC_V2 sample ns=0 part=2 epoch=1 window=152 phase=measure evaluated=31 k=7 scale_pct=25 age_ratio=7 host=65553 gc_pages=60328 gc_count=1967 waf_q16=125848 best=33 next=32 settled=0
[1284818.427877] NVMeVirt: WATGC_V2 sample ns=0 part=3 epoch=1 window=152 phase=measure evaluated=31 k=7 scale_pct=25 age_ratio=7 host=65570 gc_pages=60767 gc_count=1974 waf_q16=126271 best=33 next=32 settled=0
[1284818.439773] NVMeVirt: WATGC_V2 sample ns=0 part=1 epoch=1 window=152 phase=measure evaluated=31 k=7 scale_pct=25 age_ratio=7 host=65538 gc_pages=62783 gc_count=2005 waf_q16=128317 best=33 next=32 settled=0
[1284818.469869] NVMeVirt: WATGC_V2 sample ns=0 part=0 epoch=1 window=152 phase=measure evaluated=31 k=7 scale_pct=25 age_ratio=7 host=65555 gc_pages=61343 gc_count=1983 waf_q16=126861 best=49 next=32 settled=0
[1284828.261408] NVMeVirt: WATGC_V2 sample ns=0 part=0 epoch=1 window=153 phase=measure evaluated=32 k=7 scale_pct=25 age_ratio=16 host=65547 gc_pages=45732 gc_count=1739 waf_q16=111260 best=49 next=33 settled=0
[1284828.269329] NVMeVirt: WATGC_V2 sample ns=0 part=1 epoch=1 window=153 phase=measure evaluated=32 k=7 scale_pct=25 age_ratio=16 host=65539 gc_pages=46440 gc_count=1750 waf_q16=111973 best=33 next=33 settled=0
[1284828.271473] NVMeVirt: WATGC_V2 sample ns=0 part=2 epoch=1 window=153 phase=measure evaluated=32 k=7 scale_pct=25 age_ratio=16 host=65564 gc_pages=46502 gc_count=1751 waf_q16=112018 best=33 next=33 settled=0
[1284828.286677] NVMeVirt: WATGC_V2 sample ns=0 part=3 epoch=1 window=153 phase=measure evaluated=32 k=7 scale_pct=25 age_ratio=16 host=65555 gc_pages=45870 gc_count=1741 waf_q16=111392 best=33 next=33 settled=0
[1284838.082560] NVMeVirt: WATGC_V2 sample ns=0 part=0 epoch=1 window=154 phase=measure evaluated=33 k=7 scale_pct=50 age_ratio=4 host=65559 gc_pages=37674 gc_count=1613 waf_q16=103196 best=33 next=34 settled=0
[1284838.103338] NVMeVirt: WATGC_V2 sample ns=0 part=3 epoch=1 window=154 phase=measure evaluated=33 k=7 scale_pct=50 age_ratio=4 host=65576 gc_pages=37273 gc_count=1607 waf_q16=102786 best=33 next=34 settled=0
[1284838.112682] NVMeVirt: WATGC_V2 sample ns=0 part=2 epoch=1 window=154 phase=measure evaluated=33 k=7 scale_pct=50 age_ratio=4 host=65537 gc_pages=37120 gc_count=1604 waf_q16=102655 best=33 next=34 settled=0
[1284838.119268] NVMeVirt: WATGC_V2 sample ns=0 part=1 epoch=1 window=154 phase=measure evaluated=33 k=7 scale_pct=50 age_ratio=4 host=65536 gc_pages=37627 gc_count=1612 waf_q16=103163 best=33 next=34 settled=0
[1284847.922933] NVMeVirt: WATGC_V2 sample ns=0 part=0 epoch=1 window=155 phase=measure evaluated=34 k=7 scale_pct=50 age_ratio=7 host=65556 gc_pages=55342 gc_count=1889 waf_q16=120861 best=33 next=35 settled=0
[1284847.935894] NVMeVirt: WATGC_V2 sample ns=0 part=3 epoch=1 window=155 phase=measure evaluated=34 k=7 scale_pct=50 age_ratio=7 host=65549 gc_pages=55734 gc_count=1895 waf_q16=121258 best=33 next=35 settled=0
[1284847.945039] NVMeVirt: WATGC_V2 sample ns=0 part=1 epoch=1 window=155 phase=measure evaluated=34 k=7 scale_pct=50 age_ratio=7 host=65542 gc_pages=55229 gc_count=1887 waf_q16=120759 best=33 next=35 settled=0
[1284847.952801] NVMeVirt: WATGC_V2 sample ns=0 part=2 epoch=1 window=155 phase=measure evaluated=34 k=7 scale_pct=50 age_ratio=7 host=65554 gc_pages=55025 gc_count=1884 waf_q16=120545 best=33 next=35 settled=0
[1284857.738646] NVMeVirt: WATGC_V2 sample ns=0 part=0 epoch=1 window=156 phase=measure evaluated=35 k=7 scale_pct=50 age_ratio=16 host=65560 gc_pages=60827 gc_count=1975 waf_q16=126340 best=33 next=36 settled=0
[1284857.764248] NVMeVirt: WATGC_V2 sample ns=0 part=1 epoch=1 window=156 phase=measure evaluated=35 k=7 scale_pct=50 age_ratio=16 host=65537 gc_pages=59326 gc_count=1951 waf_q16=124861 best=33 next=36 settled=0
[1284857.781241] NVMeVirt: WATGC_V2 sample ns=0 part=3 epoch=1 window=156 phase=measure evaluated=35 k=7 scale_pct=50 age_ratio=16 host=65554 gc_pages=58348 gc_count=1936 waf_q16=123867 best=33 next=36 settled=0
[1284857.808024] NVMeVirt: WATGC_V2 sample ns=0 part=2 epoch=1 window=156 phase=measure evaluated=35 k=7 scale_pct=50 age_ratio=16 host=65558 gc_pages=60713 gc_count=1973 waf_q16=126228 best=33 next=36 settled=0
[1284867.597006] NVMeVirt: WATGC_V2 sample ns=0 part=0 epoch=1 window=157 phase=measure evaluated=36 k=7 scale_pct=100 age_ratio=4 host=65549 gc_pages=42870 gc_count=1694 waf_q16=108397 best=33 next=37 settled=0
[1284867.602631] NVMeVirt: WATGC_V2 sample ns=0 part=1 epoch=1 window=157 phase=measure evaluated=36 k=7 scale_pct=100 age_ratio=4 host=65538 gc_pages=42560 gc_count=1689 waf_q16=108094 best=33 next=37 settled=0
[1284867.613714] NVMeVirt: WATGC_V2 sample ns=0 part=3 epoch=1 window=157 phase=measure evaluated=36 k=7 scale_pct=100 age_ratio=4 host=65570 gc_pages=42528 gc_count=1689 waf_q16=108041 best=33 next=37 settled=0
[1284867.619313] NVMeVirt: WATGC_V2 sample ns=0 part=2 epoch=1 window=157 phase=measure evaluated=36 k=7 scale_pct=100 age_ratio=4 host=65569 gc_pages=42144 gc_count=1683 waf_q16=107658 best=33 next=37 settled=0
[1284877.416232] NVMeVirt: WATGC_V2 sample ns=0 part=0 epoch=1 window=158 phase=measure evaluated=37 k=7 scale_pct=100 age_ratio=7 host=65566 gc_pages=51368 gc_count=1827 waf_q16=116880 best=33 next=38 settled=0
[1284877.437881] NVMeVirt: WATGC_V2 sample ns=0 part=3 epoch=1 window=158 phase=measure evaluated=37 k=7 scale_pct=100 age_ratio=7 host=65540 gc_pages=51521 gc_count=1829 waf_q16=117053 best=33 next=38 settled=0
[1284877.449143] NVMeVirt: WATGC_V2 sample ns=0 part=2 epoch=1 window=158 phase=measure evaluated=37 k=7 scale_pct=100 age_ratio=7 host=65544 gc_pages=50696 gc_count=1816 waf_q16=116225 best=33 next=38 settled=0
[1284877.461671] NVMeVirt: WATGC_V2 sample ns=0 part=1 epoch=1 window=158 phase=measure evaluated=37 k=7 scale_pct=100 age_ratio=7 host=65560 gc_pages=51437 gc_count=1828 waf_q16=116954 best=33 next=38 settled=0
[1284887.250246] NVMeVirt: WATGC_V2 sample ns=0 part=0 epoch=1 window=159 phase=measure evaluated=38 k=7 scale_pct=100 age_ratio=16 host=65537 gc_pages=62079 gc_count=1994 waf_q16=127614 best=33 next=39 settled=0
[1284887.256845] NVMeVirt: WATGC_V2 sample ns=0 part=1 epoch=1 window=159 phase=measure evaluated=38 k=7 scale_pct=100 age_ratio=16 host=65536 gc_pages=61248 gc_count=1981 waf_q16=126784 best=33 next=39 settled=0
[1284887.287778] NVMeVirt: WATGC_V2 sample ns=0 part=3 epoch=1 window=159 phase=measure evaluated=38 k=7 scale_pct=100 age_ratio=16 host=65569 gc_pages=61279 gc_count=1982 waf_q16=126784 best=33 next=39 settled=0
[1284887.305899] NVMeVirt: WATGC_V2 sample ns=0 part=2 epoch=1 window=159 phase=measure evaluated=38 k=7 scale_pct=100 age_ratio=16 host=65571 gc_pages=61853 gc_count=1991 waf_q16=127355 best=33 next=39 settled=0
[1284897.072557] NVMeVirt: WATGC_V2 sample ns=0 part=0 epoch=1 window=160 phase=measure evaluated=39 k=7 scale_pct=200 age_ratio=4 host=65538 gc_pages=46784 gc_count=1755 waf_q16=112318 best=33 next=40 settled=0
[1284897.101320] NVMeVirt: WATGC_V2 sample ns=0 part=1 epoch=1 window=160 phase=measure evaluated=39 k=7 scale_pct=200 age_ratio=4 host=65542 gc_pages=46268 gc_count=1747 waf_q16=111799 best=33 next=40 settled=0
[1284897.122302] NVMeVirt: WATGC_V2 sample ns=0 part=3 epoch=1 window=160 phase=measure evaluated=39 k=7 scale_pct=200 age_ratio=4 host=65536 gc_pages=46338 gc_count=1748 waf_q16=111874 best=33 next=40 settled=0
[1284897.140016] NVMeVirt: WATGC_V2 sample ns=0 part=2 epoch=1 window=160 phase=measure evaluated=39 k=7 scale_pct=200 age_ratio=4 host=65552 gc_pages=47089 gc_count=1760 waf_q16=112613 best=33 next=40 settled=0
[1284906.929394] NVMeVirt: WATGC_V2 sample ns=0 part=1 epoch=1 window=161 phase=measure evaluated=40 k=7 scale_pct=200 age_ratio=7 host=65539 gc_pages=54332 gc_count=1873 waf_q16=119865 best=33 next=41 settled=0
[1284906.936439] NVMeVirt: WATGC_V2 sample ns=0 part=0 epoch=1 window=161 phase=measure evaluated=40 k=7 scale_pct=200 age_ratio=7 host=65546 gc_pages=54260 gc_count=1872 waf_q16=119787 best=33 next=41 settled=0
[1284906.948597] NVMeVirt: WATGC_V2 sample ns=0 part=2 epoch=1 window=161 phase=measure evaluated=40 k=7 scale_pct=200 age_ratio=7 host=65548 gc_pages=54707 gc_count=1879 waf_q16=120232 best=33 next=41 settled=0
[1284906.950974] NVMeVirt: WATGC_V2 sample ns=0 part=3 epoch=1 window=161 phase=measure evaluated=40 k=7 scale_pct=200 age_ratio=7 host=65553 gc_pages=53679 gc_count=1863 waf_q16=119201 best=33 next=41 settled=0
[1284916.732313] NVMeVirt: WATGC_V2 sample ns=0 part=0 epoch=1 window=162 phase=measure evaluated=41 k=7 scale_pct=200 age_ratio=16 host=65550 gc_pages=68015 gc_count=2087 waf_q16=133536 best=33 next=42 settled=0
[1284916.766455] NVMeVirt: WATGC_V2 sample ns=0 part=3 epoch=1 window=162 phase=measure evaluated=41 k=7 scale_pct=200 age_ratio=16 host=65554 gc_pages=68012 gc_count=2087 waf_q16=133529 best=33 next=42 settled=0
[1284916.788606] NVMeVirt: WATGC_V2 sample ns=0 part=1 epoch=1 window=162 phase=measure evaluated=41 k=7 scale_pct=200 age_ratio=16 host=65550 gc_pages=68080 gc_count=2088 waf_q16=133601 best=33 next=42 settled=0
[1284916.814573] NVMeVirt: WATGC_V2 sample ns=0 part=2 epoch=1 window=162 phase=measure evaluated=41 k=7 scale_pct=200 age_ratio=16 host=65538 gc_pages=68794 gc_count=2099 waf_q16=134327 best=33 next=42 settled=0
[1284926.556222] NVMeVirt: WATGC_V2 sample ns=0 part=0 epoch=1 window=163 phase=measure evaluated=42 k=7 scale_pct=400 age_ratio=4 host=65543 gc_pages=64124 gc_count=2026 waf_q16=129653 best=33 next=43 settled=0
[1284926.605125] NVMeVirt: WATGC_V2 sample ns=0 part=1 epoch=1 window=163 phase=measure evaluated=42 k=7 scale_pct=400 age_ratio=4 host=65536 gc_pages=63490 gc_count=2016 waf_q16=129026 best=33 next=43 settled=0
[1284926.616107] NVMeVirt: WATGC_V2 sample ns=0 part=3 epoch=1 window=163 phase=measure evaluated=42 k=7 scale_pct=400 age_ratio=4 host=65557 gc_pages=64429 gc_count=2031 waf_q16=129944 best=33 next=43 settled=0
[1284926.654351] NVMeVirt: WATGC_V2 sample ns=0 part=2 epoch=1 window=163 phase=measure evaluated=42 k=7 scale_pct=400 age_ratio=4 host=65548 gc_pages=62775 gc_count=2005 waf_q16=128299 best=33 next=43 settled=0
[1284936.396489] NVMeVirt: WATGC_V2 sample ns=0 part=0 epoch=1 window=164 phase=measure evaluated=43 k=7 scale_pct=400 age_ratio=7 host=65563 gc_pages=69547 gc_count=2111 waf_q16=135054 best=33 next=44 settled=0
[1284936.427992] NVMeVirt: WATGC_V2 sample ns=0 part=1 epoch=1 window=164 phase=measure evaluated=43 k=7 scale_pct=400 age_ratio=7 host=65544 gc_pages=69756 gc_count=2114 waf_q16=135283 best=33 next=44 settled=0
[1284936.459563] NVMeVirt: WATGC_V2 sample ns=0 part=3 epoch=1 window=164 phase=measure evaluated=43 k=7 scale_pct=400 age_ratio=7 host=65556 gc_pages=70513 gc_count=2126 waf_q16=136027 best=33 next=44 settled=0
[1284936.481530] NVMeVirt: WATGC_V2 sample ns=0 part=2 epoch=1 window=164 phase=measure evaluated=43 k=7 scale_pct=400 age_ratio=7 host=65544 gc_pages=68350 gc_count=2092 waf_q16=133877 best=33 next=44 settled=0
[1284946.221898] NVMeVirt: WATGC_V2 sample ns=0 part=0 epoch=1 window=165 phase=measure evaluated=44 k=7 scale_pct=400 age_ratio=16 host=65563 gc_pages=74538 gc_count=2189 waf_q16=140043 best=33 next=45 settled=0
[1284946.291064] NVMeVirt: WATGC_V2 sample ns=0 part=3 epoch=1 window=165 phase=measure evaluated=44 k=7 scale_pct=400 age_ratio=16 host=65545 gc_pages=72828 gc_count=2162 waf_q16=138353 best=33 next=45 settled=0
[1284946.291184] NVMeVirt: WATGC_V2 sample ns=0 part=1 epoch=1 window=165 phase=measure evaluated=44 k=7 scale_pct=400 age_ratio=16 host=65554 gc_pages=74099 gc_count=2182 waf_q16=139614 best=33 next=45 settled=0
[1284946.294960] NVMeVirt: WATGC_V2 sample ns=0 part=2 epoch=1 window=165 phase=measure evaluated=44 k=7 scale_pct=400 age_ratio=16 host=65537 gc_pages=74883 gc_count=2194 waf_q16=140417 best=33 next=45 settled=0
[1284956.038352] NVMeVirt: WATGC_V2 sample ns=0 part=0 epoch=1 window=166 phase=measure evaluated=45 k=10 scale_pct=25 age_ratio=4 host=65563 gc_pages=56531 gc_count=1908 waf_q16=122043 best=33 next=46 settled=0
[1284956.120871] NVMeVirt: WATGC_V2 sample ns=0 part=3 epoch=1 window=166 phase=measure evaluated=45 k=10 scale_pct=25 age_ratio=4 host=65569 gc_pages=55322 gc_count=1889 waf_q16=120830 best=33 next=46 settled=0
[1284956.128122] NVMeVirt: WATGC_V2 sample ns=0 part=1 epoch=1 window=166 phase=measure evaluated=45 k=10 scale_pct=25 age_ratio=4 host=65566 gc_pages=55387 gc_count=1890 waf_q16=120897 best=33 next=46 settled=0
[1284956.150774] NVMeVirt: WATGC_V2 sample ns=0 part=2 epoch=1 window=166 phase=measure evaluated=45 k=10 scale_pct=25 age_ratio=4 host=65558 gc_pages=55392 gc_count=1890 waf_q16=120909 best=33 next=46 settled=0
[1284965.895354] NVMeVirt: WATGC_V2 sample ns=0 part=0 epoch=1 window=167 phase=measure evaluated=46 k=10 scale_pct=25 age_ratio=7 host=65557 gc_pages=54261 gc_count=1872 waf_q16=119779 best=33 next=47 settled=0
[1284965.935359] NVMeVirt: WATGC_V2 sample ns=0 part=1 epoch=1 window=167 phase=measure evaluated=46 k=10 scale_pct=25 age_ratio=7 host=65557 gc_pages=54445 gc_count=1875 waf_q16=119963 best=33 next=47 settled=0
[1284965.966166] NVMeVirt: WATGC_V2 sample ns=0 part=3 epoch=1 window=167 phase=measure evaluated=46 k=10 scale_pct=25 age_ratio=7 host=65559 gc_pages=54577 gc_count=1877 waf_q16=120093 best=33 next=47 settled=0
[1284965.980555] NVMeVirt: WATGC_V2 sample ns=0 part=2 epoch=1 window=167 phase=measure evaluated=46 k=10 scale_pct=25 age_ratio=7 host=65544 gc_pages=54719 gc_count=1879 waf_q16=120248 best=33 next=47 settled=0
[1284975.749303] NVMeVirt: WATGC_V2 sample ns=0 part=0 epoch=1 window=168 phase=measure evaluated=47 k=10 scale_pct=25 age_ratio=16 host=65545 gc_pages=56892 gc_count=1913 waf_q16=122420 best=33 next=48 settled=0
[1284975.776241] NVMeVirt: WATGC_V2 sample ns=0 part=3 epoch=1 window=168 phase=measure evaluated=47 k=10 scale_pct=25 age_ratio=16 host=65571 gc_pages=57122 gc_count=1917 waf_q16=122627 best=33 next=48 settled=0
[1284975.792104] NVMeVirt: WATGC_V2 sample ns=0 part=2 epoch=1 window=168 phase=measure evaluated=47 k=10 scale_pct=25 age_ratio=16 host=65567 gc_pages=58021 gc_count=1931 waf_q16=123529 best=33 next=48 settled=0
[1284975.797895] NVMeVirt: WATGC_V2 sample ns=0 part=1 epoch=1 window=168 phase=measure evaluated=47 k=10 scale_pct=25 age_ratio=16 host=65547 gc_pages=56891 gc_count=1913 waf_q16=122417 best=33 next=48 settled=0
[1284985.570120] NVMeVirt: WATGC_V2 sample ns=0 part=0 epoch=1 window=169 phase=measure evaluated=48 k=10 scale_pct=50 age_ratio=4 host=65562 gc_pages=50984 gc_count=1821 waf_q16=116499 best=33 next=49 settled=0
[1284985.598849] NVMeVirt: WATGC_V2 sample ns=0 part=3 epoch=1 window=169 phase=measure evaluated=48 k=10 scale_pct=50 age_ratio=4 host=65565 gc_pages=51492 gc_count=1829 waf_q16=117005 best=33 next=49 settled=0
[1284985.637853] NVMeVirt: WATGC_V2 sample ns=0 part=1 epoch=1 window=169 phase=measure evaluated=48 k=10 scale_pct=50 age_ratio=4 host=65552 gc_pages=51186 gc_count=1824 waf_q16=116709 best=33 next=49 settled=0
[1284985.645699] NVMeVirt: WATGC_V2 sample ns=0 part=2 epoch=1 window=169 phase=measure evaluated=48 k=10 scale_pct=50 age_ratio=4 host=65559 gc_pages=50666 gc_count=1816 waf_q16=116184 best=33 next=49 settled=0
[1284995.388392] NVMeVirt: WATGC_V2 sample ns=0 part=0 epoch=1 window=170 phase=measure evaluated=49 k=10 scale_pct=50 age_ratio=7 host=65554 gc_pages=48495 gc_count=1782 waf_q16=114017 best=33 next=50 settled=0
[1284995.435594] NVMeVirt: WATGC_V2 sample ns=0 part=1 epoch=1 window=170 phase=measure evaluated=49 k=10 scale_pct=50 age_ratio=7 host=65539 gc_pages=48062 gc_count=1775 waf_q16=113595 best=33 next=50 settled=0
[1284995.465360] NVMeVirt: WATGC_V2 sample ns=0 part=3 epoch=1 window=170 phase=measure evaluated=49 k=10 scale_pct=50 age_ratio=7 host=65563 gc_pages=47281 gc_count=1763 waf_q16=112797 best=33 next=50 settled=0
[1284995.502177] NVMeVirt: WATGC_V2 sample ns=0 part=2 epoch=1 window=170 phase=measure evaluated=49 k=10 scale_pct=50 age_ratio=7 host=65559 gc_pages=47338 gc_count=1764 waf_q16=112857 best=33 next=50 settled=0
[1285005.230220] NVMeVirt: WATGC_V2 sample ns=0 part=0 epoch=1 window=171 phase=measure evaluated=50 k=10 scale_pct=50 age_ratio=16 host=65540 gc_pages=56392 gc_count=1905 waf_q16=121924 best=33 next=51 settled=0
[1285005.281143] NVMeVirt: WATGC_V2 sample ns=0 part=1 epoch=1 window=171 phase=measure evaluated=50 k=10 scale_pct=50 age_ratio=16 host=65538 gc_pages=58675 gc_count=1941 waf_q16=124209 best=33 next=51 settled=0
[1285005.284773] NVMeVirt: WATGC_V2 sample ns=0 part=3 epoch=1 window=171 phase=measure evaluated=50 k=10 scale_pct=50 age_ratio=16 host=65543 gc_pages=57322 gc_count=1920 waf_q16=122851 best=33 next=51 settled=0
[1285005.320136] NVMeVirt: WATGC_V2 sample ns=0 part=2 epoch=1 window=171 phase=measure evaluated=50 k=10 scale_pct=50 age_ratio=16 host=65550 gc_pages=56306 gc_count=1904 waf_q16=121829 best=33 next=51 settled=0
[1285015.085384] NVMeVirt: WATGC_V2 sample ns=0 part=0 epoch=1 window=172 phase=measure evaluated=51 k=10 scale_pct=100 age_ratio=4 host=65559 gc_pages=58028 gc_count=1931 waf_q16=123543 best=33 next=52 settled=0
[1285015.106188] NVMeVirt: WATGC_V2 sample ns=0 part=1 epoch=1 window=172 phase=measure evaluated=51 k=10 scale_pct=100 age_ratio=4 host=65536 gc_pages=57859 gc_count=1928 waf_q16=123395 best=33 next=52 settled=0
[1285015.120538] NVMeVirt: WATGC_V2 sample ns=0 part=2 epoch=1 window=172 phase=measure evaluated=51 k=10 scale_pct=100 age_ratio=4 host=65557 gc_pages=57582 gc_count=1924 waf_q16=123099 best=33 next=52 settled=0
[1285015.136864] NVMeVirt: WATGC_V2 sample ns=0 part=3 epoch=1 window=172 phase=measure evaluated=51 k=10 scale_pct=100 age_ratio=4 host=65538 gc_pages=57601 gc_count=1924 waf_q16=123135 best=33 next=52 settled=0
[1285024.906719] NVMeVirt: WATGC_V2 sample ns=0 part=0 epoch=1 window=173 phase=measure evaluated=52 k=10 scale_pct=100 age_ratio=7 host=65538 gc_pages=55416 gc_count=1890 waf_q16=120950 best=33 next=53 settled=0
[1285024.957414] NVMeVirt: WATGC_V2 sample ns=0 part=2 epoch=1 window=173 phase=measure evaluated=52 k=10 scale_pct=100 age_ratio=7 host=65558 gc_pages=54886 gc_count=1882 waf_q16=120403 best=33 next=53 settled=0
[1285024.962716] NVMeVirt: WATGC_V2 sample ns=0 part=1 epoch=1 window=173 phase=measure evaluated=52 k=10 scale_pct=100 age_ratio=7 host=65568 gc_pages=54433 gc_count=1875 waf_q16=119942 best=33 next=53 settled=0
[1285024.963446] NVMeVirt: WATGC_V2 sample ns=0 part=3 epoch=1 window=173 phase=measure evaluated=52 k=10 scale_pct=100 age_ratio=7 host=65548 gc_pages=55093 gc_count=1885 waf_q16=120618 best=33 next=53 settled=0
[1285034.733646] NVMeVirt: WATGC_V2 sample ns=0 part=0 epoch=1 window=174 phase=measure evaluated=53 k=10 scale_pct=100 age_ratio=16 host=65575 gc_pages=62230 gc_count=1997 waf_q16=127728 best=33 next=54 settled=0
[1285034.782263] NVMeVirt: WATGC_V2 sample ns=0 part=1 epoch=1 window=174 phase=measure evaluated=53 k=10 scale_pct=100 age_ratio=16 host=65544 gc_pages=62213 gc_count=1996 waf_q16=127741 best=33 next=54 settled=0
[1285034.800025] NVMeVirt: WATGC_V2 sample ns=0 part=3 epoch=1 window=174 phase=measure evaluated=53 k=10 scale_pct=100 age_ratio=16 host=65555 gc_pages=62122 gc_count=1995 waf_q16=127639 best=33 next=54 settled=0
[1285034.802161] NVMeVirt: WATGC_V2 sample ns=0 part=2 epoch=1 window=174 phase=measure evaluated=53 k=10 scale_pct=100 age_ratio=16 host=65564 gc_pages=62811 gc_count=2006 waf_q16=128320 best=33 next=54 settled=0
[1285044.579513] NVMeVirt: WATGC_V2 sample ns=0 part=0 epoch=1 window=175 phase=measure evaluated=54 k=10 scale_pct=200 age_ratio=4 host=65540 gc_pages=64832 gc_count=2037 waf_q16=130364 best=33 next=55 settled=0
[1285044.593727] NVMeVirt: WATGC_V2 sample ns=0 part=1 epoch=1 window=175 phase=measure evaluated=54 k=10 scale_pct=200 age_ratio=4 host=65561 gc_pages=64813 gc_count=2037 waf_q16=130324 best=33 next=55 settled=0
[1285044.631267] NVMeVirt: WATGC_V2 sample ns=0 part=3 epoch=1 window=175 phase=measure evaluated=54 k=10 scale_pct=200 age_ratio=4 host=65557 gc_pages=64368 gc_count=2030 waf_q16=129883 best=33 next=55 settled=0
[1285044.652475] NVMeVirt: WATGC_V2 sample ns=0 part=2 epoch=1 window=175 phase=measure evaluated=54 k=10 scale_pct=200 age_ratio=4 host=65553 gc_pages=64245 gc_count=2028 waf_q16=129764 best=33 next=55 settled=0
[1285054.421754] NVMeVirt: WATGC_V2 sample ns=0 part=1 epoch=1 window=176 phase=measure evaluated=55 k=10 scale_pct=200 age_ratio=7 host=65564 gc_pages=63007 gc_count=2009 waf_q16=128516 best=33 next=56 settled=0
[1285054.423431] NVMeVirt: WATGC_V2 sample ns=0 part=0 epoch=1 window=176 phase=measure evaluated=55 k=10 scale_pct=200 age_ratio=7 host=65547 gc_pages=63024 gc_count=2009 waf_q16=128549 best=33 next=56 settled=0
[1285054.462479] NVMeVirt: WATGC_V2 sample ns=0 part=2 epoch=1 window=176 phase=measure evaluated=55 k=10 scale_pct=200 age_ratio=7 host=65543 gc_pages=62068 gc_count=1994 waf_q16=127597 best=33 next=56 settled=0
[1285054.482905] NVMeVirt: WATGC_V2 sample ns=0 part=3 epoch=1 window=176 phase=measure evaluated=55 k=10 scale_pct=200 age_ratio=7 host=65562 gc_pages=61473 gc_count=1985 waf_q16=126984 best=33 next=56 settled=0
[1285064.258342] NVMeVirt: WATGC_V2 sample ns=0 part=0 epoch=1 window=177 phase=measure evaluated=56 k=10 scale_pct=200 age_ratio=16 host=65563 gc_pages=66978 gc_count=2071 waf_q16=132486 best=33 next=57 settled=0
[1285064.268829] NVMeVirt: WATGC_V2 sample ns=0 part=1 epoch=1 window=177 phase=measure evaluated=56 k=10 scale_pct=200 age_ratio=16 host=65552 gc_pages=66606 gc_count=2065 waf_q16=132125 best=33 next=57 settled=0
[1285064.284778] NVMeVirt: WATGC_V2 sample ns=0 part=2 epoch=1 window=177 phase=measure evaluated=56 k=10 scale_pct=200 age_ratio=16 host=65543 gc_pages=65079 gc_count=2041 waf_q16=130608 best=33 next=57 settled=0
[1285064.311594] NVMeVirt: WATGC_V2 sample ns=0 part=3 epoch=1 window=177 phase=measure evaluated=56 k=10 scale_pct=200 age_ratio=16 host=65553 gc_pages=64933 gc_count=2039 waf_q16=130452 best=33 next=57 settled=0
[1285074.092459] NVMeVirt: WATGC_V2 sample ns=0 part=0 epoch=1 window=178 phase=measure evaluated=57 k=10 scale_pct=400 age_ratio=4 host=65536 gc_pages=73472 gc_count=2172 waf_q16=139008 best=33 next=58 settled=0
[1285074.108823] NVMeVirt: WATGC_V2 sample ns=0 part=2 epoch=1 window=178 phase=measure evaluated=57 k=10 scale_pct=400 age_ratio=4 host=65562 gc_pages=73191 gc_count=2168 waf_q16=138697 best=33 next=58 settled=0
[1285074.124000] NVMeVirt: WATGC_V2 sample ns=0 part=1 epoch=1 window=178 phase=measure evaluated=57 k=10 scale_pct=400 age_ratio=4 host=65550 gc_pages=72563 gc_count=2158 waf_q16=138083 best=33 next=58 settled=0
[1285074.137755] NVMeVirt: WATGC_V2 sample ns=0 part=3 epoch=1 window=178 phase=measure evaluated=57 k=10 scale_pct=400 age_ratio=4 host=65562 gc_pages=73447 gc_count=2172 waf_q16=138953 best=33 next=58 settled=0
[1285083.941102] NVMeVirt: WATGC_V2 sample ns=0 part=0 epoch=1 window=179 phase=measure evaluated=58 k=10 scale_pct=400 age_ratio=7 host=65536 gc_pages=67712 gc_count=2082 waf_q16=133248 best=33 next=59 settled=0
[1285083.943502] NVMeVirt: WATGC_V2 sample ns=0 part=1 epoch=1 window=179 phase=measure evaluated=58 k=10 scale_pct=400 age_ratio=7 host=65554 gc_pages=66990 gc_count=2071 waf_q16=132507 best=33 next=59 settled=0
[1285083.947262] NVMeVirt: WATGC_V2 sample ns=0 part=3 epoch=1 window=179 phase=measure evaluated=58 k=10 scale_pct=400 age_ratio=7 host=65541 gc_pages=68219 gc_count=2090 waf_q16=133749 best=33 next=59 settled=0
[1285083.961463] NVMeVirt: WATGC_V2 sample ns=0 part=2 epoch=1 window=179 phase=measure evaluated=58 k=10 scale_pct=400 age_ratio=7 host=65538 gc_pages=68926 gc_count=2101 waf_q16=134459 best=33 next=59 settled=0
[1285093.761358] NVMeVirt: WATGC_V2 sample ns=0 part=0 epoch=1 window=180 phase=measure evaluated=59 k=10 scale_pct=400 age_ratio=16 host=65568 gc_pages=61027 gc_count=1978 waf_q16=126533 best=33 next=33 settled=0
[1285093.769834] NVMeVirt: WATGC_V2 sample ns=0 part=1 epoch=1 window=180 phase=measure evaluated=59 k=10 scale_pct=400 age_ratio=16 host=65541 gc_pages=60031 gc_count=1962 waf_q16=125562 best=33 next=33 settled=0
[1285093.783074] NVMeVirt: WATGC_V2 sample ns=0 part=2 epoch=1 window=180 phase=measure evaluated=59 k=10 scale_pct=400 age_ratio=16 host=65548 gc_pages=62009 gc_count=1993 waf_q16=127533 best=33 next=33 settled=0
[1285093.816202] NVMeVirt: WATGC_V2 sample ns=0 part=3 epoch=1 window=180 phase=measure evaluated=59 k=10 scale_pct=400 age_ratio=16 host=65540 gc_pages=61185 gc_count=1980 waf_q16=126717 best=33 next=33 settled=0
[1285103.593753] NVMeVirt: WATGC_V2 sample ns=0 part=0 epoch=1 window=181 phase=measure evaluated=33 k=7 scale_pct=50 age_ratio=4 host=65545 gc_pages=61876 gc_count=1991 waf_q16=127403 best=49 next=49 settled=0
[1285103.620388] NVMeVirt: WATGC_V2 sample ns=0 part=2 epoch=1 window=181 phase=measure evaluated=33 k=7 scale_pct=50 age_ratio=4 host=65558 gc_pages=62305 gc_count=1998 waf_q16=127820 best=49 next=49 settled=0
[1285103.625576] NVMeVirt: WATGC_V2 sample ns=0 part=3 epoch=1 window=181 phase=measure evaluated=33 k=7 scale_pct=50 age_ratio=4 host=65568 gc_pages=60957 gc_count=1977 waf_q16=126463 best=49 next=49 settled=0
[1285103.628115] NVMeVirt: WATGC_V2 sample ns=0 part=1 epoch=1 window=181 phase=measure evaluated=33 k=7 scale_pct=50 age_ratio=4 host=65544 gc_pages=60917 gc_count=1976 waf_q16=126445 best=49 next=49 settled=0
[1285113.447634] NVMeVirt: WATGC_V2 sample ns=0 part=1 epoch=1 window=182 phase=measure evaluated=49 k=10 scale_pct=50 age_ratio=7 host=65556 gc_pages=58602 gc_count=1940 waf_q16=124120 best=18 next=18 settled=0
[1285113.448718] NVMeVirt: WATGC_V2 sample ns=0 part=3 epoch=1 window=182 phase=measure evaluated=49 k=10 scale_pct=50 age_ratio=7 host=65550 gc_pages=57392 gc_count=1921 waf_q16=122915 best=33 next=18 settled=0
[1285113.450054] NVMeVirt: WATGC_V2 sample ns=0 part=0 epoch=1 window=182 phase=measure evaluated=49 k=10 scale_pct=50 age_ratio=7 host=65557 gc_pages=57590 gc_count=1924 waf_q16=123107 best=18 next=18 settled=0
[1285113.455807] NVMeVirt: WATGC_V2 sample ns=0 part=2 epoch=1 window=182 phase=measure evaluated=49 k=10 scale_pct=50 age_ratio=7 host=65536 gc_pages=57914 gc_count=1929 waf_q16=123450 best=36 next=36 settled=0
[1285123.265239] NVMeVirt: WATGC_V2 sample ns=0 part=0 epoch=1 window=183 phase=measure evaluated=18 k=4 scale_pct=50 age_ratio=4 host=65547 gc_pages=46967 gc_count=1758 waf_q16=112495 best=18 next=36 settled=0
[1285123.281862] NVMeVirt: WATGC_V2 sample ns=0 part=3 epoch=1 window=183 phase=measure evaluated=18 k=4 scale_pct=50 age_ratio=4 host=65570 gc_pages=46880 gc_count=1757 waf_q16=112391 best=33 next=36 settled=0
[1285123.287982] NVMeVirt: WATGC_V2 sample ns=0 part=1 epoch=1 window=183 phase=measure evaluated=18 k=4 scale_pct=50 age_ratio=4 host=65553 gc_pages=47025 gc_count=1759 waf_q16=112548 best=18 next=36 settled=0
[1285123.304450] NVMeVirt: WATGC_V2 sample ns=0 part=2 epoch=1 window=183 phase=measure evaluated=36 k=7 scale_pct=100 age_ratio=4 host=65556 gc_pages=46574 gc_count=1752 waf_q16=112095 best=36 next=18 settled=0
[1285123.524918] mix-mixR-online-717505 phase=A END
[1285123.532907] mix-mixR-online-717505 phase=B START
[1285123.548204] mix-mixR-online-717505 phase=B LOAD
[1285132.069134] NVMeVirt: WATGC_V2 sample ns=0 part=0 epoch=1 window=184 phase=measure evaluated=36 k=7 scale_pct=100 age_ratio=4 host=65544 gc_pages=43529 gc_count=1704 waf_q16=109059 best=36 next=19 settled=0
[1285132.197771] NVMeVirt: WATGC_V2 sample ns=0 part=1 epoch=1 window=184 phase=measure evaluated=36 k=7 scale_pct=100 age_ratio=4 host=65547 gc_pages=44184 gc_count=1714 waf_q16=109712 best=18 next=19 settled=0
[1285132.208789] NVMeVirt: WATGC_V2 sample ns=0 part=2 epoch=1 window=184 phase=measure evaluated=18 k=4 scale_pct=50 age_ratio=4 host=65583 gc_pages=39815 gc_count=1647 waf_q16=105322 best=18 next=19 settled=0
[1285132.417827] NVMeVirt: WATGC_V2 sample ns=0 part=3 epoch=1 window=184 phase=measure evaluated=36 k=7 scale_pct=100 age_ratio=4 host=65539 gc_pages=44275 gc_count=1716 waf_q16=109808 best=33 next=19 settled=0
[1285138.680208] NVMeVirt: WATGC_V2 sample ns=0 part=0 epoch=1 window=185 phase=measure evaluated=19 k=4 scale_pct=50 age_ratio=7 host=65554 gc_pages=38552 gc_count=1627 waf_q16=104077 best=36 next=19 settled=0
[1285138.846260] NVMeVirt: WATGC_V2 sample ns=0 part=1 epoch=1 window=185 phase=measure evaluated=19 k=4 scale_pct=50 age_ratio=7 host=65536 gc_pages=40770 gc_count=1661 waf_q16=106306 best=18 next=48 settled=0
[1285139.018140] NVMeVirt: WATGC_V2 sample ns=0 part=2 epoch=1 window=185 phase=measure evaluated=19 k=4 scale_pct=50 age_ratio=7 host=65568 gc_pages=36084 gc_count=1588 waf_q16=101602 best=18 next=18 settled=0
[1285139.222699] NVMeVirt: WATGC_V2 sample ns=0 part=3 epoch=1 window=185 phase=measure evaluated=19 k=4 scale_pct=50 age_ratio=7 host=65563 gc_pages=38906 gc_count=1632 waf_q16=104425 best=33 next=19 settled=0
[1285142.896210] NVMeVirt: WATGC_V2 sample ns=0 part=0 epoch=1 window=186 phase=measure evaluated=19 k=4 scale_pct=50 age_ratio=7 host=65573 gc_pages=45013 gc_count=1728 waf_q16=110523 best=36 next=48 settled=0
[1285143.462378] NVMeVirt: WATGC_V2 sample ns=0 part=3 epoch=1 window=186 phase=measure evaluated=19 k=4 scale_pct=50 age_ratio=7 host=65549 gc_pages=44587 gc_count=1721 waf_q16=110114 best=19 next=48 settled=0
[1285145.061685] NVMeVirt: WATGC_V2 sample ns=0 part=1 epoch=1 window=186 phase=measure evaluated=48 k=10 scale_pct=50 age_ratio=4 host=65542 gc_pages=55206 gc_count=1887 waf_q16=120736 best=18 next=19 settled=0
[1285145.215658] NVMeVirt: WATGC_V2 sample ns=0 part=2 epoch=1 window=186 phase=measure evaluated=18 k=4 scale_pct=50 age_ratio=4 host=65556 gc_pages=58225 gc_count=1934 waf_q16=123743 best=19 next=19 settled=0
[1285149.498329] mix-mixR-online-717505 phase=B RUN
[1285151.396970] NVMeVirt: WATGC_V2 sample ns=0 part=0 epoch=1 window=187 phase=measure evaluated=48 k=10 scale_pct=50 age_ratio=4 host=65545 gc_pages=65015 gc_count=2040 waf_q16=130542 best=36 next=36 settled=0
[1285152.552194] NVMeVirt: WATGC_V2 sample ns=0 part=3 epoch=1 window=187 phase=measure evaluated=48 k=10 scale_pct=50 age_ratio=4 host=65545 gc_pages=70539 gc_count=2126 waf_q16=136065 best=19 next=36 settled=0
[1285154.000439] tee (719810): drop_caches: 3
[1285156.401287] NVMeVirt: WATGC_V2 sample ns=0 part=1 epoch=1 window=187 phase=measure evaluated=19 k=4 scale_pct=50 age_ratio=7 host=65543 gc_pages=76251 gc_count=2216 waf_q16=141778 best=18 next=33 settled=0
[1285156.864945] NVMeVirt: WATGC_V2 sample ns=0 part=2 epoch=1 window=187 phase=measure evaluated=19 k=4 scale_pct=50 age_ratio=7 host=65536 gc_pages=77833 gc_count=2240 waf_q16=143369 best=36 next=48 settled=0
[1285159.566718] tee (719814): drop_caches: 3
[1285164.000982] tee (719828): drop_caches: 3
[1285169.103714] tee (719832): drop_caches: 3
[1285169.536227] NVMeVirt: WATGC_V2 sample ns=0 part=0 epoch=1 window=188 phase=measure evaluated=36 k=7 scale_pct=100 age_ratio=4 host=65563 gc_pages=84509 gc_count=2345 waf_q16=150010 best=19 next=39 settled=0
[1285171.677230] NVMeVirt: WATGC_V2 sample ns=0 part=3 epoch=1 window=188 phase=measure evaluated=36 k=7 scale_pct=100 age_ratio=4 host=65563 gc_pages=81443 gc_count=2297 waf_q16=146945 best=19 next=33 settled=0
[1285174.093636] tee (719844): drop_caches: 3
[1285176.516061] NVMeVirt: WATGC_V2 sample ns=0 part=1 epoch=1 window=188 phase=measure evaluated=33 k=7 scale_pct=50 age_ratio=4 host=65547 gc_pages=67186 gc_count=2074 waf_q16=132710 best=18 next=36 settled=0
[1285176.856634] NVMeVirt: WATGC_V2 sample ns=0 part=2 epoch=1 window=188 phase=measure evaluated=48 k=10 scale_pct=50 age_ratio=4 host=65560 gc_pages=63256 gc_count=2013 waf_q16=128768 best=36 next=36 settled=0
[1285179.435510] tee (719848): drop_caches: 3
[1285184.234622] tee (719855): drop_caches: 3
[1285189.129152] NVMeVirt: WATGC_V2 sample ns=0 part=0 epoch=1 window=189 phase=measure evaluated=39 k=7 scale_pct=200 age_ratio=4 host=65538 gc_pages=61246 gc_count=1981 waf_q16=126780 best=19 next=18 settled=0
[1285189.451542] tee (719859): drop_caches: 3
[1285191.422288] NVMeVirt: WATGC_V2 sample ns=0 part=3 epoch=1 window=189 phase=measure evaluated=33 k=7 scale_pct=50 age_ratio=4 host=65544 gc_pages=50115 gc_count=1807 waf_q16=115644 best=19 next=39 settled=0
[1285194.171098] tee (719872): drop_caches: 3
[1285196.221593] NVMeVirt: WATGC_V2 sample ns=0 part=1 epoch=1 window=189 phase=measure evaluated=36 k=7 scale_pct=100 age_ratio=4 host=65556 gc_pages=49247 gc_count=1794 waf_q16=114767 best=18 next=18 settled=0
[1285196.372241] NVMeVirt: WATGC_V2 sample ns=0 part=2 epoch=1 window=189 phase=measure evaluated=36 k=7 scale_pct=100 age_ratio=4 host=65568 gc_pages=50726 gc_count=1817 waf_q16=116237 best=33 next=39 settled=0
[1285199.472102] tee (719887): drop_caches: 3
[1285204.541526] tee (719891): drop_caches: 3
[1285208.921290] NVMeVirt: WATGC_V2 sample ns=0 part=0 epoch=1 window=190 phase=measure evaluated=18 k=4 scale_pct=50 age_ratio=4 host=65555 gc_pages=60202 gc_count=1965 waf_q16=125720 best=19 next=32 settled=0
[1285209.610148] tee (719895): drop_caches: 3
[1285211.004954] NVMeVirt: WATGC_V2 sample ns=0 part=3 epoch=1 window=190 phase=measure evaluated=39 k=7 scale_pct=200 age_ratio=4 host=65575 gc_pages=51550 gc_count=1830 waf_q16=117055 best=19 next=18 settled=0
[1285215.538209] tee (719901): drop_caches: 3
[1285215.904129] NVMeVirt: WATGC_V2 sample ns=0 part=1 epoch=1 window=190 phase=measure evaluated=18 k=4 scale_pct=50 age_ratio=4 host=65564 gc_pages=52503 gc_count=1845 waf_q16=118016 best=36 next=39 settled=0
[1285215.922121] NVMeVirt: WATGC_V2 sample ns=0 part=2 epoch=1 window=190 phase=measure evaluated=39 k=7 scale_pct=200 age_ratio=4 host=65538 gc_pages=60414 gc_count=1968 waf_q16=125948 best=33 next=33 settled=0
[1285220.730405] tee (719905): drop_caches: 3
[1285225.639851] tee (719915): drop_caches: 3
[1285228.702672] NVMeVirt: WATGC_V2 sample ns=0 part=0 epoch=1 window=191 phase=measure evaluated=32 k=7 scale_pct=25 age_ratio=16 host=65569 gc_pages=40498 gc_count=1657 waf_q16=106013 best=19 next=46 settled=0
[1285230.145536] NVMeVirt: WATGC_V2 sample ns=0 part=3 epoch=1 window=191 phase=measure evaluated=18 k=4 scale_pct=50 age_ratio=4 host=65564 gc_pages=51599 gc_count=1831 waf_q16=117112 best=19 next=46 settled=0
[1285230.855740] tee (719928): drop_caches: 3
[1285235.067606] NVMeVirt: WATGC_V2 sample ns=0 part=2 epoch=1 window=191 phase=measure evaluated=33 k=7 scale_pct=50 age_ratio=4 host=65562 gc_pages=50774 gc_count=1818 waf_q16=116289 best=33 next=32 settled=0
[1285235.227568] NVMeVirt: WATGC_V2 sample ns=0 part=1 epoch=1 window=191 phase=measure evaluated=39 k=7 scale_pct=200 age_ratio=4 host=65569 gc_pages=54305 gc_count=1873 waf_q16=119813 best=36 next=46 settled=0
[1285235.896136] tee (719934): drop_caches: 3
[1285241.544490] tee (719938): drop_caches: 3
[1285246.711507] tee (719942): drop_caches: 3
[1285248.276715] NVMeVirt: WATGC_V2 sample ns=0 part=0 epoch=1 window=192 phase=measure evaluated=46 k=10 scale_pct=25 age_ratio=7 host=65559 gc_pages=29403 gc_count=1484 waf_q16=94928 best=19 next=46 settled=0
[1285249.798649] NVMeVirt: WATGC_V2 sample ns=0 part=3 epoch=1 window=192 phase=measure evaluated=46 k=10 scale_pct=25 age_ratio=7 host=65570 gc_pages=37797 gc_count=1615 waf_q16=103313 best=19 next=32 settled=0
[1285252.179298] tee (719950): drop_caches: 3
[1285254.512091] NVMeVirt: WATGC_V2 sample ns=0 part=2 epoch=1 window=192 phase=measure evaluated=32 k=7 scale_pct=25 age_ratio=16 host=65558 gc_pages=37464 gc_count=1610 waf_q16=102987 best=33 next=46 settled=0
[1285254.830379] NVMeVirt: WATGC_V2 sample ns=0 part=1 epoch=1 window=192 phase=measure evaluated=46 k=10 scale_pct=25 age_ratio=7 host=65569 gc_pages=38497 gc_count=1626 waf_q16=104013 best=36 next=32 settled=0
[1285256.976982] tee (719959): drop_caches: 3
[1285261.168203] NVMeVirt: WATGC_V2 sample ns=0 part=0 epoch=1 window=193 phase=measure evaluated=46 k=10 scale_pct=25 age_ratio=7 host=65568 gc_pages=31132 gc_count=1511 waf_q16=96652 best=46 next=46 settled=0
[1285262.386352] tee (719979): drop_caches: 3
[1285267.561693] tee (719983): drop_caches: 3
[1285269.020943] NVMeVirt: WATGC_V2 sample ns=0 part=3 epoch=1 window=193 phase=measure evaluated=32 k=7 scale_pct=25 age_ratio=16 host=65582 gc_pages=33360 gc_count=1546 waf_q16=98872 best=19 next=32 settled=0
[1285272.784041] tee (719995): drop_caches: 3
[1285273.573845] NVMeVirt: WATGC_V2 sample ns=0 part=2 epoch=1 window=193 phase=measure evaluated=46 k=10 scale_pct=25 age_ratio=7 host=65565 gc_pages=28890 gc_count=1476 waf_q16=94413 best=46 next=46 settled=0
[1285273.991994] NVMeVirt: WATGC_V2 sample ns=0 part=0 epoch=1 window=194 phase=measure evaluated=46 k=10 scale_pct=25 age_ratio=7 host=65544 gc_pages=31803 gc_count=1521 waf_q16=97335 best=46 next=46 settled=0
[1285274.085860] NVMeVirt: WATGC_V2 sample ns=0 part=1 epoch=1 window=193 phase=measure evaluated=32 k=7 scale_pct=25 age_ratio=16 host=65557 gc_pages=34153 gc_count=1558 waf_q16=99678 best=36 next=32 settled=0
[1285278.133701] tee (720004): drop_caches: 3
[1285281.628208] NVMeVirt: WATGC_V2 sample ns=0 part=3 epoch=1 window=194 phase=measure evaluated=32 k=7 scale_pct=25 age_ratio=16 host=65554 gc_pages=33912 gc_count=1554 waf_q16=99438 best=32 next=32 settled=0
[1285284.083468] tee (720013): drop_caches: 3
[1285286.075040] NVMeVirt: WATGC_V2 sample ns=0 part=2 epoch=1 window=194 phase=measure evaluated=46 k=10 scale_pct=25 age_ratio=7 host=65567 gc_pages=30170 gc_count=1496 waf_q16=95691 best=46 next=46 settled=0
[1285286.557254] NVMeVirt: WATGC_V2 sample ns=0 part=0 epoch=1 window=195 phase=measure evaluated=46 k=10 scale_pct=25 age_ratio=7 host=65570 gc_pages=30896 gc_count=1507 waf_q16=96415 best=46 next=46 settled=0
[1285286.630893] NVMeVirt: WATGC_V2 sample ns=0 part=1 epoch=1 window=194 phase=measure evaluated=32 k=7 scale_pct=25 age_ratio=16 host=65555 gc_pages=35694 gc_count=1582 waf_q16=101219 best=32 next=32 settled=0
[1285288.509253] tee (720028): drop_caches: 3
[1285293.858612] NVMeVirt: WATGC_V2 sample ns=0 part=3 epoch=1 window=195 phase=measure evaluated=32 k=7 scale_pct=25 age_ratio=16 host=65540 gc_pages=35892 gc_count=1585 waf_q16=101425 best=32 next=47 settled=0
[1285293.983541] tee (720033): drop_caches: 3
[1285298.399207] NVMeVirt: WATGC_V2 sample ns=0 part=2 epoch=1 window=195 phase=measure evaluated=46 k=10 scale_pct=25 age_ratio=7 host=65540 gc_pages=30766 gc_count=1505 waf_q16=96300 best=46 next=46 settled=0
[1285298.931625] NVMeVirt: WATGC_V2 sample ns=0 part=1 epoch=1 window=195 phase=measure evaluated=32 k=7 scale_pct=25 age_ratio=16 host=65552 gc_pages=34157 gc_count=1558 waf_q16=99684 best=32 next=46 settled=0
[1285298.974091] NVMeVirt: WATGC_V2 sample ns=0 part=0 epoch=1 window=196 phase=measure evaluated=46 k=10 scale_pct=25 age_ratio=7 host=65583 gc_pages=31104 gc_count=1511 waf_q16=96617 best=46 next=46 settled=0
[1285299.122260] tee (720038): drop_caches: 3
[1285304.370910] tee (720043): drop_caches: 3
[1285310.277287] tee (720047): drop_caches: 3
[1285311.002863] NVMeVirt: WATGC_V2 sample ns=0 part=2 epoch=1 window=196 phase=measure evaluated=46 k=10 scale_pct=25 age_ratio=7 host=65589 gc_pages=30808 gc_count=1506 waf_q16=96319 best=46 next=46 settled=0
[1285311.894219] NVMeVirt: WATGC_V2 sample ns=0 part=0 epoch=1 window=197 phase=measure evaluated=46 k=10 scale_pct=25 age_ratio=7 host=65563 gc_pages=31725 gc_count=1520 waf_q16=97247 best=46 next=33 settled=0
[1285312.991962] NVMeVirt: WATGC_V2 sample ns=0 part=3 epoch=1 window=196 phase=measure evaluated=47 k=10 scale_pct=25 age_ratio=16 host=65545 gc_pages=32564 gc_count=1533 waf_q16=98095 best=32 next=47 settled=0
[1285315.740536] tee (720056): drop_caches: 3
[1285318.087406] NVMeVirt: WATGC_V2 sample ns=0 part=1 epoch=1 window=196 phase=measure evaluated=46 k=10 scale_pct=25 age_ratio=7 host=65575 gc_pages=29537 gc_count=1486 waf_q16=95055 best=32 next=46 settled=0
[1285320.184875] tee (720070): drop_caches: 3
[1285323.696798] NVMeVirt: WATGC_V2 sample ns=0 part=2 epoch=1 window=197 phase=measure evaluated=46 k=10 scale_pct=25 age_ratio=7 host=65584 gc_pages=30694 gc_count=1504 waf_q16=96207 best=46 next=46 settled=0
[1285325.318059] tee (720074): drop_caches: 3
[1285325.486320] NVMeVirt: WATGC_V2 sample ns=0 part=3 epoch=1 window=197 phase=measure evaluated=47 k=10 scale_pct=25 age_ratio=16 host=65577 gc_pages=31556 gc_count=1518 waf_q16=97072 best=32 next=47 settled=0
[1285330.351814] tee (720078): drop_caches: 3
[1285330.812243] NVMeVirt: WATGC_V2 sample ns=0 part=1 epoch=1 window=197 phase=measure evaluated=46 k=10 scale_pct=25 age_ratio=7 host=65542 gc_pages=30525 gc_count=1501 waf_q16=96058 best=46 next=46 settled=0
[1285331.000606] NVMeVirt: WATGC_V2 sample ns=0 part=0 epoch=1 window=198 phase=measure evaluated=33 k=7 scale_pct=50 age_ratio=4 host=65551 gc_pages=33397 gc_count=1546 waf_q16=98925 best=46 next=46 settled=0
[1285335.557332] tee (720082): drop_caches: 3
[1285336.462418] NVMeVirt: WATGC_V2 sample ns=0 part=2 epoch=1 window=198 phase=measure evaluated=46 k=10 scale_pct=25 age_ratio=7 host=65536 gc_pages=31783 gc_count=1521 waf_q16=97319 best=46 next=46 settled=0
[1285338.604706] NVMeVirt: WATGC_V2 sample ns=0 part=3 epoch=1 window=198 phase=measure evaluated=47 k=10 scale_pct=25 age_ratio=16 host=65581 gc_pages=33747 gc_count=1552 waf_q16=99259 best=47 next=47 settled=0
[1285341.199843] tee (720086): drop_caches: 3
[1285343.679744] NVMeVirt: WATGC_V2 sample ns=0 part=1 epoch=1 window=198 phase=measure evaluated=46 k=10 scale_pct=25 age_ratio=7 host=65541 gc_pages=30325 gc_count=1498 waf_q16=95858 best=46 next=46 settled=0
[1285346.426907] tee (720095): drop_caches: 3
[1285348.996108] NVMeVirt: WATGC_V2 sample ns=0 part=2 epoch=1 window=199 phase=measure evaluated=46 k=10 scale_pct=25 age_ratio=7 host=65550 gc_pages=30462 gc_count=1500 waf_q16=95991 best=46 next=46 settled=0
[1285350.032817] NVMeVirt: WATGC_V2 sample ns=0 part=0 epoch=1 window=199 phase=measure evaluated=46 k=10 scale_pct=25 age_ratio=7 host=65575 gc_pages=30948 gc_count=1508 waf_q16=96465 best=46 next=33 settled=0
[1285350.803856] NVMeVirt: WATGC_V2 sample ns=0 part=3 epoch=1 window=199 phase=measure evaluated=47 k=10 scale_pct=25 age_ratio=16 host=65563 gc_pages=32038 gc_count=1525 waf_q16=97560 best=47 next=47 settled=0
[1285350.870963] tee (720109): drop_caches: 3
[1285355.923174] tee (720117): drop_caches: 3
[1285356.074098] NVMeVirt: WATGC_V2 sample ns=0 part=1 epoch=1 window=199 phase=measure evaluated=46 k=10 scale_pct=25 age_ratio=7 host=65560 gc_pages=30781 gc_count=1505 waf_q16=96305 best=46 next=46 settled=0
[1285361.023922] tee (720121): drop_caches: 3
[1285361.413804] NVMeVirt: WATGC_V2 sample ns=0 part=2 epoch=1 window=200 phase=measure evaluated=46 k=10 scale_pct=25 age_ratio=7 host=65550 gc_pages=30690 gc_count=1504 waf_q16=96219 best=46 next=46 settled=0
[1285363.601803] NVMeVirt: WATGC_V2 sample ns=0 part=3 epoch=1 window=200 phase=measure evaluated=47 k=10 scale_pct=25 age_ratio=16 host=65559 gc_pages=32934 gc_count=1539 waf_q16=98458 best=47 next=46 settled=0
[1285366.165353] tee (720132): drop_caches: 3
[1285368.918478] NVMeVirt: WATGC_V2 sample ns=0 part=1 epoch=1 window=200 phase=measure evaluated=46 k=10 scale_pct=25 age_ratio=7 host=65563 gc_pages=30544 gc_count=1502 waf_q16=96067 best=46 next=46 settled=0
[1285369.203103] NVMeVirt: WATGC_V2 sample ns=0 part=0 epoch=1 window=200 phase=measure evaluated=33 k=7 scale_pct=50 age_ratio=4 host=65542 gc_pages=33922 gc_count=1554 waf_q16=99454 best=46 next=46 settled=0
[1285371.839515] tee (720136): drop_caches: 3
[1285374.060895] NVMeVirt: WATGC_V2 sample ns=0 part=2 epoch=1 window=201 phase=measure evaluated=46 k=10 scale_pct=25 age_ratio=7 host=65547 gc_pages=30720 gc_count=1504 waf_q16=96250 best=46 next=46 settled=0
[1285376.948499] tee (720145): drop_caches: 3
[1285381.407992] NVMeVirt: WATGC_V2 sample ns=0 part=1 epoch=1 window=201 phase=measure evaluated=46 k=10 scale_pct=25 age_ratio=7 host=65542 gc_pages=31035 gc_count=1509 waf_q16=96568 best=46 next=46 settled=0
[1285381.553727] tee (720158): drop_caches: 3
[1285382.613719] NVMeVirt: WATGC_V2 sample ns=0 part=3 epoch=1 window=201 phase=measure evaluated=46 k=10 scale_pct=25 age_ratio=7 host=65566 gc_pages=29296 gc_count=1482 waf_q16=94818 best=47 next=46 settled=0
[1285386.542892] NVMeVirt: WATGC_V2 sample ns=0 part=2 epoch=1 window=202 phase=measure evaluated=46 k=10 scale_pct=25 age_ratio=7 host=65554 gc_pages=30435 gc_count=1500 waf_q16=95962 best=46 next=46 settled=0
[1285386.772384] tee (720163): drop_caches: 3
[1285388.275167] NVMeVirt: WATGC_V2 sample ns=0 part=0 epoch=1 window=201 phase=measure evaluated=46 k=10 scale_pct=25 age_ratio=7 host=65539 gc_pages=30658 gc_count=1503 waf_q16=96192 best=46 next=46 settled=0
[1285391.797285] tee (720167): drop_caches: 3
[1285394.241751] NVMeVirt: WATGC_V2 sample ns=0 part=1 epoch=1 window=202 phase=measure evaluated=46 k=10 scale_pct=25 age_ratio=7 host=65558 gc_pages=31082 gc_count=1510 waf_q16=96607 best=46 next=46 settled=0
[1285395.158623] NVMeVirt: WATGC_V2 sample ns=0 part=3 epoch=1 window=202 phase=measure evaluated=46 k=10 scale_pct=25 age_ratio=7 host=65565 gc_pages=29782 gc_count=1490 waf_q16=95304 best=47 next=46 settled=0
[1285396.904192] tee (720178): drop_caches: 3
[1285399.474376] NVMeVirt: WATGC_V2 sample ns=0 part=2 epoch=1 window=203 phase=measure evaluated=46 k=10 scale_pct=25 age_ratio=7 host=65575 gc_pages=31004 gc_count=1509 waf_q16=96521 best=46 next=32 settled=0
[1285400.959032] NVMeVirt: WATGC_V2 sample ns=0 part=0 epoch=1 window=202 phase=measure evaluated=46 k=10 scale_pct=25 age_ratio=7 host=65536 gc_pages=29821 gc_count=1490 waf_q16=95357 best=46 next=33 settled=0
[1285402.286595] tee (720182): drop_caches: 3
[1285406.761464] NVMeVirt: WATGC_V2 sample ns=0 part=1 epoch=1 window=203 phase=measure evaluated=46 k=10 scale_pct=25 age_ratio=7 host=65539 gc_pages=30786 gc_count=1505 waf_q16=96320 best=46 next=46 settled=0
[1285407.565024] tee (720193): drop_caches: 3
[1285407.700219] NVMeVirt: WATGC_V2 sample ns=0 part=3 epoch=1 window=203 phase=measure evaluated=46 k=10 scale_pct=25 age_ratio=7 host=65565 gc_pages=29926 gc_count=1492 waf_q16=95448 best=47 next=46 settled=0
[1285412.975394] tee (720211): drop_caches: 3
[1285417.789819] NVMeVirt: WATGC_V2 sample ns=0 part=2 epoch=1 window=204 phase=measure evaluated=32 k=7 scale_pct=25 age_ratio=16 host=65544 gc_pages=31030 gc_count=1509 waf_q16=96562 best=46 next=32 settled=0
[1285418.475902] tee (720217): drop_caches: 3
[1285419.244025] NVMeVirt: WATGC_V2 sample ns=0 part=1 epoch=1 window=204 phase=measure evaluated=46 k=10 scale_pct=25 age_ratio=7 host=65542 gc_pages=30453 gc_count=1500 waf_q16=95986 best=46 next=32 settled=0
[1285419.760556] NVMeVirt: WATGC_V2 sample ns=0 part=0 epoch=1 window=203 phase=measure evaluated=33 k=7 scale_pct=50 age_ratio=4 host=65559 gc_pages=33644 gc_count=1550 waf_q16=99168 best=46 next=46 settled=0
[1285420.276580] NVMeVirt: WATGC_V2 sample ns=0 part=3 epoch=1 window=204 phase=measure evaluated=46 k=10 scale_pct=25 age_ratio=7 host=65541 gc_pages=30794 gc_count=1505 waf_q16=96327 best=46 next=46 settled=0
[1285423.669936] tee (720221): drop_caches: 3
[1285428.814624] tee (720232): drop_caches: 3
[1285430.553597] NVMeVirt: WATGC_V2 settled ns=0 part=2 epoch=1 window=205 best=46 waf_q16=100345 meaning=empirical-stability
[1285430.553603] NVMeVirt: WATGC_V2 sample ns=0 part=2 epoch=1 window=205 phase=measure evaluated=32 k=7 scale_pct=25 age_ratio=16 host=65554 gc_pages=31135 gc_count=1511 waf_q16=96662 best=46 next=46 settled=1
[1285432.732868] NVMeVirt: WATGC_V2 sample ns=0 part=3 epoch=1 window=205 phase=measure evaluated=46 k=10 scale_pct=25 age_ratio=7 host=65552 gc_pages=29424 gc_count=1484 waf_q16=94952 best=46 next=46 settled=0
[1285434.003400] tee (720236): drop_caches: 3
[1285438.134381] NVMeVirt: WATGC_V2 sample ns=0 part=1 epoch=1 window=205 phase=measure evaluated=32 k=7 scale_pct=25 age_ratio=16 host=65540 gc_pages=31190 gc_count=1511 waf_q16=96724 best=46 next=32 settled=0
[1285438.525449] NVMeVirt: WATGC_V2 sample ns=0 part=0 epoch=1 window=204 phase=measure evaluated=46 k=10 scale_pct=25 age_ratio=7 host=65574 gc_pages=29849 gc_count=1491 waf_q16=95367 best=46 next=46 settled=0
[1285439.144168] tee (720254): drop_caches: 3
[1285444.216510] tee (720259): drop_caches: 3
[1285445.383023] NVMeVirt: WATGC_V2 sample ns=0 part=3 epoch=1 window=206 phase=measure evaluated=46 k=10 scale_pct=25 age_ratio=7 host=65555 gc_pages=30042 gc_count=1494 waf_q16=95569 best=46 next=46 settled=0
[1285449.023463] NVMeVirt: WATGC_V2 sample ns=0 part=2 epoch=1 window=206 phase=measure evaluated=46 k=10 scale_pct=25 age_ratio=7 host=65558 gc_pages=27366 gc_count=1452 waf_q16=92892 best=46 next=46 settled=1
[1285449.401522] tee (720265): drop_caches: 3
[1285450.852841] NVMeVirt: WATGC_V2 sample ns=0 part=1 epoch=1 window=206 phase=measure evaluated=32 k=7 scale_pct=25 age_ratio=16 host=65566 gc_pages=31117 gc_count=1511 waf_q16=96638 best=46 next=32 settled=0
[1285451.337210] NVMeVirt: WATGC_V2 settled ns=0 part=0 epoch=1 window=205 best=46 waf_q16=100298 meaning=empirical-stability
[1285451.337217] NVMeVirt: WATGC_V2 sample ns=0 part=0 epoch=1 window=205 phase=measure evaluated=46 k=10 scale_pct=25 age_ratio=7 host=65542 gc_pages=30089 gc_count=1494 waf_q16=95622 best=46 next=46 settled=1
[1285454.603335] tee (720269): drop_caches: 3
[1285457.862348] NVMeVirt: WATGC_V2 sample ns=0 part=3 epoch=1 window=207 phase=measure evaluated=46 k=10 scale_pct=25 age_ratio=7 host=65582 gc_pages=28682 gc_count=1473 waf_q16=94197 best=46 next=46 settled=0
[1285459.780719] tee (720273): drop_caches: 3
[1285461.701460] NVMeVirt: WATGC_V2 sample ns=0 part=2 epoch=1 window=207 phase=measure evaluated=46 k=10 scale_pct=25 age_ratio=7 host=65570 gc_pages=29214 gc_count=1481 waf_q16=94734 best=46 next=46 settled=1
[1285463.260037] NVMeVirt: WATGC_V2 sample ns=0 part=1 epoch=1 window=207 phase=measure evaluated=32 k=7 scale_pct=25 age_ratio=16 host=65546 gc_pages=32117 gc_count=1526 waf_q16=97648 best=46 next=46 settled=0
[1285463.756113] NVMeVirt: WATGC_V2 sample ns=0 part=0 epoch=1 window=206 phase=measure evaluated=46 k=10 scale_pct=25 age_ratio=7 host=65545 gc_pages=29811 gc_count=1490 waf_q16=95342 best=46 next=46 settled=1
[1285464.970763] tee (720279): drop_caches: 3
[1285470.115737] tee (720295): drop_caches: 3
[1285470.190320] NVMeVirt: WATGC_V2 sample ns=0 part=3 epoch=1 window=208 phase=measure evaluated=46 k=10 scale_pct=25 age_ratio=7 host=65581 gc_pages=29084 gc_count=1479 waf_q16=94600 best=46 next=46 settled=0
[1285474.004826] NVMeVirt: WATGC_V2 sample ns=0 part=2 epoch=1 window=208 phase=measure evaluated=46 k=10 scale_pct=25 age_ratio=7 host=65569 gc_pages=28645 gc_count=1472 waf_q16=94166 best=46 next=46 settled=1
[1285475.381999] tee (720302): drop_caches: 3
[1285476.373907] NVMeVirt: WATGC_V2 sample ns=0 part=0 epoch=1 window=207 phase=measure evaluated=46 k=10 scale_pct=25 age_ratio=7 host=65547 gc_pages=31469 gc_count=1516 waf_q16=96999 best=46 next=46 settled=1
[1285480.646183] tee (720308): drop_caches: 3
[1285482.088317] NVMeVirt: WATGC_V2 sample ns=0 part=1 epoch=1 window=208 phase=measure evaluated=46 k=10 scale_pct=25 age_ratio=7 host=65557 gc_pages=28258 gc_count=1466 waf_q16=93784 best=46 next=47 settled=0
[1285482.855720] NVMeVirt: WATGC_V2 sample ns=0 part=3 epoch=1 window=209 phase=measure evaluated=46 k=10 scale_pct=25 age_ratio=7 host=65543 gc_pages=29624 gc_count=1487 waf_q16=95156 best=46 next=46 settled=0
[1285485.488196] tee (720337): drop_caches: 3
[1285486.598269] NVMeVirt: WATGC_V2 sample ns=0 part=2 epoch=1 window=209 phase=measure evaluated=46 k=10 scale_pct=25 age_ratio=7 host=65560 gc_pages=29427 gc_count=1484 waf_q16=94952 best=46 next=46 settled=1
[1285488.977978] NVMeVirt: WATGC_V2 sample ns=0 part=0 epoch=1 window=208 phase=measure evaluated=46 k=10 scale_pct=25 age_ratio=7 host=65538 gc_pages=29706 gc_count=1488 waf_q16=95241 best=46 next=46 settled=1
[1285491.167354] tee (720391): drop_caches: 3
[1285495.277959] NVMeVirt: WATGC_V2 sample ns=0 part=3 epoch=1 window=210 phase=measure evaluated=46 k=10 scale_pct=25 age_ratio=7 host=65551 gc_pages=29174 gc_count=1480 waf_q16=94703 best=46 next=46 settled=0
[1285496.797460] tee (720402): drop_caches: 3
[1285498.987408] NVMeVirt: WATGC_V2 sample ns=0 part=2 epoch=1 window=210 phase=measure evaluated=46 k=10 scale_pct=25 age_ratio=7 host=65581 gc_pages=28296 gc_count=1467 waf_q16=93812 best=46 next=46 settled=1
[1285500.780237] NVMeVirt: WATGC_V2 settled ns=0 part=1 epoch=1 window=209 best=46 waf_q16=100676 meaning=empirical-stability
[1285500.780246] NVMeVirt: WATGC_V2 sample ns=0 part=1 epoch=1 window=209 phase=measure evaluated=47 k=10 scale_pct=25 age_ratio=16 host=65556 gc_pages=30314 gc_count=1498 waf_q16=95840 best=46 next=46 settled=1
[1285501.445037] NVMeVirt: WATGC_V2 sample ns=0 part=0 epoch=1 window=209 phase=measure evaluated=46 k=10 scale_pct=25 age_ratio=7 host=65538 gc_pages=29550 gc_count=1486 waf_q16=95085 best=46 next=46 settled=1
[1285501.913800] tee (720415): drop_caches: 3
[1285506.763922] tee (720421): drop_caches: 3
[1285507.897246] NVMeVirt: WATGC_V2 sample ns=0 part=3 epoch=1 window=211 phase=measure evaluated=46 k=10 scale_pct=25 age_ratio=7 host=65575 gc_pages=30425 gc_count=1500 waf_q16=95942 best=46 next=46 settled=0
[1285511.178616] NVMeVirt: WATGC_V2 sample ns=0 part=2 epoch=1 window=211 phase=measure evaluated=46 k=10 scale_pct=25 age_ratio=7 host=65560 gc_pages=28135 gc_count=1464 waf_q16=93660 best=46 next=46 settled=1
[1285512.197787] tee (720428): drop_caches: 3
[1285514.265033] NVMeVirt: WATGC_V2 sample ns=0 part=0 epoch=1 window=210 phase=measure evaluated=46 k=10 scale_pct=25 age_ratio=7 host=65556 gc_pages=30510 gc_count=1501 waf_q16=96036 best=46 next=46 settled=1
[1285517.287112] tee (720432): drop_caches: 3
[1285519.919371] NVMeVirt: WATGC_V2 sample ns=0 part=1 epoch=1 window=210 phase=measure evaluated=46 k=10 scale_pct=25 age_ratio=7 host=65545 gc_pages=29159 gc_count=1480 waf_q16=94690 best=46 next=46 settled=1
[1285520.520013] NVMeVirt: WATGC_V2 sample ns=0 part=3 epoch=1 window=212 phase=measure evaluated=46 k=10 scale_pct=25 age_ratio=7 host=65552 gc_pages=28781 gc_count=1474 waf_q16=94309 best=46 next=32 settled=0
[1285522.560686] tee (720439): drop_caches: 3
[1285524.285862] NVMeVirt: WATGC_V2 sample ns=0 part=2 epoch=1 window=212 phase=measure evaluated=46 k=10 scale_pct=25 age_ratio=7 host=65566 gc_pages=29664 gc_count=1488 waf_q16=95186 best=46 next=46 settled=1
[1285527.049899] NVMeVirt: WATGC_V2 sample ns=0 part=0 epoch=1 window=211 phase=measure evaluated=46 k=10 scale_pct=25 age_ratio=7 host=65563 gc_pages=29287 gc_count=1482 waf_q16=94810 best=46 next=46 settled=1
[1285528.329106] tee (720457): drop_caches: 3
[1285532.442233] NVMeVirt: WATGC_V2 sample ns=0 part=1 epoch=1 window=211 phase=measure evaluated=46 k=10 scale_pct=25 age_ratio=7 host=65555 gc_pages=29176 gc_count=1480 waf_q16=94703 best=46 next=46 settled=1
[1285533.297465] tee (720461): drop_caches: 3
[1285536.595661] NVMeVirt: WATGC_V2 sample ns=0 part=2 epoch=1 window=213 phase=measure evaluated=46 k=10 scale_pct=25 age_ratio=7 host=65562 gc_pages=29090 gc_count=1479 waf_q16=94614 best=46 next=0 settled=1
[1285538.310552] tee (720467): drop_caches: 3
[1285539.412730] NVMeVirt: WATGC_V2 sample ns=0 part=3 epoch=1 window=213 phase=measure evaluated=32 k=7 scale_pct=25 age_ratio=16 host=65537 gc_pages=30195 gc_count=1496 waf_q16=95730 best=46 next=32 settled=0
[1285539.749644] NVMeVirt: WATGC_V2 sample ns=0 part=0 epoch=1 window=212 phase=measure evaluated=46 k=10 scale_pct=25 age_ratio=7 host=65541 gc_pages=30152 gc_count=1495 waf_q16=95685 best=46 next=0 settled=1
[1285543.643868] tee (720473): drop_caches: 3
[1285545.137211] NVMeVirt: WATGC_V2 sample ns=0 part=1 epoch=1 window=212 phase=measure evaluated=46 k=10 scale_pct=25 age_ratio=7 host=65544 gc_pages=28978 gc_count=1477 waf_q16=94510 best=46 next=46 settled=1
[1285548.899981] tee (720477): drop_caches: 3
[1285551.836063] NVMeVirt: WATGC_V2 sample ns=0 part=3 epoch=1 window=214 phase=measure evaluated=32 k=7 scale_pct=25 age_ratio=16 host=65543 gc_pages=30915 gc_count=1507 waf_q16=96447 best=46 next=32 settled=0
[1285554.689669] tee (720492): drop_caches: 3
[1285555.145081] NVMeVirt: WATGC_V2 sample ns=0 part=2 epoch=1 window=214 phase=measure evaluated=0 k=2 scale_pct=25 age_ratio=4 host=65559 gc_pages=32555 gc_count=1533 waf_q16=98079 best=46 next=46 settled=1
[1285557.656671] NVMeVirt: WATGC_V2 sample ns=0 part=1 epoch=1 window=213 phase=measure evaluated=46 k=10 scale_pct=25 age_ratio=7 host=65545 gc_pages=28539 gc_count=1470 waf_q16=94071 best=46 next=46 settled=1
[1285558.537342] NVMeVirt: WATGC_V2 sample ns=0 part=0 epoch=1 window=213 phase=measure evaluated=0 k=2 scale_pct=25 age_ratio=4 host=65554 gc_pages=36016 gc_count=1587 waf_q16=101542 best=46 next=46 settled=1
[1285559.979443] tee (720501): drop_caches: 3
[1285564.369040] NVMeVirt: WATGC_V2 sample ns=0 part=3 epoch=1 window=215 phase=measure evaluated=32 k=7 scale_pct=25 age_ratio=16 host=65568 gc_pages=29396 gc_count=1484 waf_q16=94917 best=46 next=32 settled=0
[1285565.047502] tee (720505): drop_caches: 3
[1285569.729574] tee (720510): drop_caches: 3
[1285570.284773] NVMeVirt: WATGC_V2 sample ns=0 part=1 epoch=1 window=214 phase=measure evaluated=46 k=10 scale_pct=25 age_ratio=7 host=65551 gc_pages=28278 gc_count=1466 waf_q16=93807 best=46 next=46 settled=1
[1285574.038959] NVMeVirt: WATGC_V2 sample ns=0 part=2 epoch=1 window=215 phase=measure evaluated=46 k=10 scale_pct=25 age_ratio=7 host=65576 gc_pages=28054 gc_count=1463 waf_q16=93572 best=46 next=46 settled=1
[1285575.191508] tee (720516): drop_caches: 3
[1285577.199226] NVMeVirt: WATGC_V2 settled ns=0 part=3 epoch=1 window=216 best=46 waf_q16=99515 meaning=empirical-stability
[1285577.199232] NVMeVirt: WATGC_V2 sample ns=0 part=3 epoch=1 window=216 phase=measure evaluated=32 k=7 scale_pct=25 age_ratio=16 host=65570 gc_pages=31026 gc_count=1509 waf_q16=96545 best=46 next=46 settled=1
[1285577.695409] NVMeVirt: WATGC_V2 sample ns=0 part=0 epoch=1 window=214 phase=measure evaluated=46 k=10 scale_pct=25 age_ratio=7 host=65572 gc_pages=29851 gc_count=1491 waf_q16=95370 best=46 next=46 settled=1
[1285580.373209] tee (720520): drop_caches: 3
[1285583.007795] NVMeVirt: WATGC_V2 sample ns=0 part=1 epoch=1 window=215 phase=measure evaluated=46 k=10 scale_pct=25 age_ratio=7 host=65558 gc_pages=28831 gc_count=1475 waf_q16=94357 best=46 next=46 settled=1
[1285585.758922] tee (720531): drop_caches: 3
[1285586.807729] NVMeVirt: WATGC_V2 sample ns=0 part=2 epoch=1 window=216 phase=measure evaluated=46 k=10 scale_pct=25 age_ratio=7 host=65571 gc_pages=28522 gc_count=1470 waf_q16=94042 best=46 next=46 settled=1
[1285590.138087] NVMeVirt: WATGC_V2 sample ns=0 part=0 epoch=1 window=215 phase=measure evaluated=46 k=10 scale_pct=25 age_ratio=7 host=65556 gc_pages=28920 gc_count=1476 waf_q16=94447 best=46 next=46 settled=1
[1285591.002132] tee (720540): drop_caches: 3
[1285595.365310] NVMeVirt: WATGC_V2 sample ns=0 part=1 epoch=1 window=216 phase=measure evaluated=46 k=10 scale_pct=25 age_ratio=7 host=65546 gc_pages=28293 gc_count=1466 waf_q16=93824 best=46 next=46 settled=1
[1285595.752479] NVMeVirt: WATGC_V2 sample ns=0 part=3 epoch=1 window=217 phase=measure evaluated=46 k=10 scale_pct=25 age_ratio=7 host=65545 gc_pages=26549 gc_count=1439 waf_q16=92081 best=46 next=46 settled=1
[1285596.050608] tee (720546): drop_caches: 3
[1285599.013570] NVMeVirt: WATGC_V2 sample ns=0 part=2 epoch=1 window=217 phase=measure evaluated=46 k=10 scale_pct=25 age_ratio=7 host=65565 gc_pages=28181 gc_count=1465 waf_q16=93704 best=46 next=46 settled=1
[1285601.237368] tee (720552): drop_caches: 3
[1285602.670079] NVMeVirt: WATGC_V2 sample ns=0 part=0 epoch=1 window=216 phase=measure evaluated=46 k=10 scale_pct=25 age_ratio=7 host=65562 gc_pages=30492 gc_count=1501 waf_q16=96015 best=46 next=46 settled=1
[1285606.592649] tee (720557): drop_caches: 3
[1285608.003510] NVMeVirt: WATGC_V2 sample ns=0 part=1 epoch=1 window=217 phase=measure evaluated=46 k=10 scale_pct=25 age_ratio=7 host=65539 gc_pages=29238 gc_count=1481 waf_q16=94772 best=46 next=0 settled=1
[1285608.402412] NVMeVirt: WATGC_V2 sample ns=0 part=3 epoch=1 window=218 phase=measure evaluated=46 k=10 scale_pct=25 age_ratio=7 host=65540 gc_pages=28347 gc_count=1467 waf_q16=93881 best=46 next=46 settled=1
[1285611.196964] NVMeVirt: WATGC_V2 sample ns=0 part=2 epoch=1 window=218 phase=measure evaluated=46 k=10 scale_pct=25 age_ratio=7 host=65584 gc_pages=28050 gc_count=1463 waf_q16=93565 best=46 next=46 settled=1
[1285611.632232] tee (720568): drop_caches: 3
[1285615.266218] NVMeVirt: WATGC_V2 sample ns=0 part=0 epoch=1 window=217 phase=measure evaluated=46 k=10 scale_pct=25 age_ratio=7 host=65581 gc_pages=29341 gc_count=1483 waf_q16=94856 best=46 next=46 settled=1
[1285616.751460] tee (720579): drop_caches: 3
[1285621.012530] NVMeVirt: WATGC_V2 sample ns=0 part=3 epoch=1 window=219 phase=measure evaluated=46 k=10 scale_pct=25 age_ratio=7 host=65565 gc_pages=28126 gc_count=1464 waf_q16=93649 best=46 next=46 settled=1
[1285622.032305] tee (720588): drop_caches: 3
[1285624.219005] NVMeVirt: WATGC_V2 sample ns=0 part=2 epoch=1 window=219 phase=measure evaluated=46 k=10 scale_pct=25 age_ratio=7 host=65541 gc_pages=29505 gc_count=1485 waf_q16=95038 best=46 next=46 settled=1
[1285626.811373] NVMeVirt: WATGC_V2 sample ns=0 part=1 epoch=1 window=218 phase=measure evaluated=0 k=2 scale_pct=25 age_ratio=4 host=65559 gc_pages=31662 gc_count=1519 waf_q16=97186 best=46 next=46 settled=1
[1285626.995207] tee (720592): drop_caches: 3
[1285628.149537] NVMeVirt: WATGC_V2 sample ns=0 part=0 epoch=1 window=218 phase=measure evaluated=46 k=10 scale_pct=25 age_ratio=7 host=65536 gc_pages=30212 gc_count=1496 waf_q16=95748 best=46 next=46 settled=1
[1285632.058365] tee (720596): drop_caches: 3
[1285633.721554] NVMeVirt: WATGC_V2 sample ns=0 part=3 epoch=1 window=220 phase=measure evaluated=46 k=10 scale_pct=25 age_ratio=7 host=65538 gc_pages=28418 gc_count=1468 waf_q16=93953 best=46 next=46 settled=1
[1285636.453725] NVMeVirt: WATGC_V2 sample ns=0 part=2 epoch=1 window=220 phase=measure evaluated=46 k=10 scale_pct=25 age_ratio=7 host=65539 gc_pages=27508 gc_count=1454 waf_q16=93042 best=46 next=46 settled=1
[1285636.896364] tee (720603): drop_caches: 3
[1285640.631030] NVMeVirt: WATGC_V2 sample ns=0 part=0 epoch=1 window=219 phase=measure evaluated=46 k=10 scale_pct=25 age_ratio=7 host=65571 gc_pages=28877 gc_count=1476 waf_q16=94397 best=46 next=46 settled=1
[1285641.661960] tee (720614): drop_caches: 3
[1285645.894672] NVMeVirt: WATGC_V2 sample ns=0 part=1 epoch=1 window=219 phase=measure evaluated=46 k=10 scale_pct=25 age_ratio=7 host=65566 gc_pages=28180 gc_count=1465 waf_q16=93703 best=46 next=46 settled=1
[1285646.160600] NVMeVirt: WATGC_V2 sample ns=0 part=3 epoch=1 window=221 phase=measure evaluated=46 k=10 scale_pct=25 age_ratio=7 host=65543 gc_pages=26999 gc_count=1446 waf_q16=92532 best=46 next=46 settled=1
[1285646.774259] tee (720625): drop_caches: 3
[1285649.438468] NVMeVirt: WATGC_V2 sample ns=0 part=2 epoch=1 window=221 phase=measure evaluated=46 k=10 scale_pct=25 age_ratio=7 host=65558 gc_pages=29042 gc_count=1478 waf_q16=94568 best=46 next=46 settled=1
[1285651.986997] tee (720636): drop_caches: 3
[1285653.575087] NVMeVirt: WATGC_V2 sample ns=0 part=0 epoch=1 window=220 phase=measure evaluated=46 k=10 scale_pct=25 age_ratio=7 host=65588 gc_pages=29772 gc_count=1490 waf_q16=95284 best=46 next=46 settled=1
[1285657.099425] tee (720640): drop_caches: 3
[1285658.791179] NVMeVirt: WATGC_V2 sample ns=0 part=1 epoch=1 window=220 phase=measure evaluated=46 k=10 scale_pct=25 age_ratio=7 host=65570 gc_pages=28703 gc_count=1473 waf_q16=94224 best=46 next=46 settled=1
[1285658.967231] NVMeVirt: WATGC_V2 sample ns=0 part=3 epoch=1 window=222 phase=measure evaluated=46 k=10 scale_pct=25 age_ratio=7 host=65545 gc_pages=28084 gc_count=1463 waf_q16=93616 best=46 next=46 settled=1
[1285661.545290] NVMeVirt: WATGC_V2 sample ns=0 part=2 epoch=1 window=222 phase=measure evaluated=46 k=10 scale_pct=25 age_ratio=7 host=65539 gc_pages=27650 gc_count=1456 waf_q16=93184 best=46 next=1 settled=1
[1285662.233106] tee (720644): drop_caches: 3
[1285665.884038] NVMeVirt: WATGC_V2 sample ns=0 part=0 epoch=1 window=221 phase=measure evaluated=46 k=10 scale_pct=25 age_ratio=7 host=65538 gc_pages=27852 gc_count=1459 waf_q16=93387 best=46 next=1 settled=1
[1285666.762898] tee (720651): drop_caches: 3
[1285671.252111] NVMeVirt: WATGC_V2 sample ns=0 part=1 epoch=1 window=221 phase=measure evaluated=46 k=10 scale_pct=25 age_ratio=7 host=65540 gc_pages=27575 gc_count=1455 waf_q16=93109 best=46 next=46 settled=1
[1285671.412666] NVMeVirt: WATGC_V2 sample ns=0 part=3 epoch=1 window=223 phase=measure evaluated=46 k=10 scale_pct=25 age_ratio=7 host=65571 gc_pages=27050 gc_count=1447 waf_q16=92571 best=46 next=46 settled=1
[1285671.962687] tee (720662): drop_caches: 3
[1285677.454117] tee (720680): drop_caches: 3
[1285680.746962] NVMeVirt: WATGC_V2 sample ns=0 part=2 epoch=1 window=223 phase=measure evaluated=1 k=2 scale_pct=25 age_ratio=7 host=65549 gc_pages=37492 gc_count=1610 waf_q16=103020 best=46 next=46 settled=1
[1285682.917758] tee (720694): drop_caches: 3
[1285684.145887] NVMeVirt: WATGC_V2 sample ns=0 part=1 epoch=1 window=222 phase=measure evaluated=46 k=10 scale_pct=25 age_ratio=7 host=65552 gc_pages=28545 gc_count=1470 waf_q16=94074 best=46 next=46 settled=1
[1285684.289976] NVMeVirt: WATGC_V2 sample ns=0 part=3 epoch=1 window=224 phase=measure evaluated=46 k=10 scale_pct=25 age_ratio=7 host=65582 gc_pages=28354 gc_count=1468 waf_q16=93870 best=46 next=0 settled=1
[1285685.274026] NVMeVirt: WATGC_V2 sample ns=0 part=0 epoch=1 window=222 phase=measure evaluated=1 k=2 scale_pct=25 age_ratio=7 host=65551 gc_pages=30766 gc_count=1505 waf_q16=96294 best=46 next=46 settled=1
[1285688.032066] tee (720698): drop_caches: 3
[1285693.194059] tee (720702): drop_caches: 3
[1285696.596307] NVMeVirt: WATGC_V2 sample ns=0 part=1 epoch=1 window=223 phase=measure evaluated=46 k=10 scale_pct=25 age_ratio=7 host=65552 gc_pages=27696 gc_count=1457 waf_q16=93225 best=46 next=46 settled=1
[1285697.726826] tee (720709): drop_caches: 3
[1285699.585245] NVMeVirt: WATGC_V2 sample ns=0 part=2 epoch=1 window=224 phase=measure evaluated=46 k=10 scale_pct=25 age_ratio=7 host=65559 gc_pages=28074 gc_count=1463 waf_q16=93600 best=46 next=46 settled=1
[1285702.750753] NVMeVirt: WATGC_V2 sample ns=0 part=3 epoch=1 window=225 phase=measure evaluated=0 k=2 scale_pct=25 age_ratio=4 host=65574 gc_pages=30812 gc_count=1506 waf_q16=96330 best=46 next=46 settled=1
[1285702.833080] tee (720720): drop_caches: 3
[1285704.132466] NVMeVirt: WATGC_V2 sample ns=0 part=0 epoch=1 window=223 phase=measure evaluated=46 k=10 scale_pct=25 age_ratio=7 host=65539 gc_pages=28407 gc_count=1468 waf_q16=93941 best=46 next=46 settled=1
[1285707.912177] tee (720731): drop_caches: 3
[1285709.253115] NVMeVirt: WATGC_V2 sample ns=0 part=1 epoch=1 window=224 phase=measure evaluated=46 k=10 scale_pct=25 age_ratio=7 host=65548 gc_pages=28966 gc_count=1477 waf_q16=94496 best=46 next=46 settled=1
[1285711.878374] NVMeVirt: WATGC_V2 sample ns=0 part=2 epoch=1 window=225 phase=measure evaluated=46 k=10 scale_pct=25 age_ratio=7 host=65569 gc_pages=26511 gc_count=1439 waf_q16=92033 best=46 next=46 settled=1
[1285713.023868] tee (720747): drop_caches: 3
[1285716.644837] NVMeVirt: WATGC_V2 sample ns=0 part=0 epoch=1 window=224 phase=measure evaluated=46 k=10 scale_pct=25 age_ratio=7 host=65560 gc_pages=26784 gc_count=1443 waf_q16=92310 best=46 next=46 settled=1
[1285718.030470] tee (720752): drop_caches: 3
[1285721.625936] NVMeVirt: WATGC_V2 sample ns=0 part=3 epoch=1 window=226 phase=measure evaluated=46 k=10 scale_pct=25 age_ratio=7 host=65566 gc_pages=26975 gc_count=1446 waf_q16=92498 best=46 next=46 settled=1
[1285721.635713] NVMeVirt: WATGC_V2 sample ns=0 part=1 epoch=1 window=225 phase=measure evaluated=46 k=10 scale_pct=25 age_ratio=7 host=65557 gc_pages=27960 gc_count=1461 waf_q16=93487 best=46 next=46 settled=1
[1285723.062881] tee (720756): drop_caches: 3
[1285724.367633] NVMeVirt: WATGC_V2 sample ns=0 part=2 epoch=1 window=226 phase=measure evaluated=46 k=10 scale_pct=25 age_ratio=7 host=65547 gc_pages=28617 gc_count=1471 waf_q16=94148 best=46 next=46 settled=1
[1285727.513192] tee (720763): drop_caches: 3
[1285729.525203] NVMeVirt: WATGC_V2 sample ns=0 part=0 epoch=1 window=225 phase=measure evaluated=46 k=10 scale_pct=25 age_ratio=7 host=65564 gc_pages=28593 gc_count=1471 waf_q16=94116 best=46 next=46 settled=1
[1285732.795128] tee (720774): drop_caches: 3
[1285734.444920] NVMeVirt: WATGC_V2 sample ns=0 part=3 epoch=1 window=227 phase=measure evaluated=46 k=10 scale_pct=25 age_ratio=7 host=65551 gc_pages=28163 gc_count=1464 waf_q16=93692 best=46 next=46 settled=1
[1285734.482196] NVMeVirt: WATGC_V2 sample ns=0 part=1 epoch=1 window=226 phase=measure evaluated=46 k=10 scale_pct=25 age_ratio=7 host=65555 gc_pages=29600 gc_count=1487 waf_q16=95127 best=46 next=1 settled=1
[1285736.867615] NVMeVirt: WATGC_V2 sample ns=0 part=2 epoch=1 window=227 phase=measure evaluated=46 k=10 scale_pct=25 age_ratio=7 host=65549 gc_pages=26909 gc_count=1445 waf_q16=92439 best=46 next=46 settled=1
[1285737.952099] tee (720785): drop_caches: 3
[1285742.033041] NVMeVirt: WATGC_V2 sample ns=0 part=0 epoch=1 window=226 phase=measure evaluated=46 k=10 scale_pct=25 age_ratio=7 host=65546 gc_pages=28027 gc_count=1462 waf_q16=93558 best=46 next=46 settled=1
[1285743.501635] tee (720794): drop_caches: 3
[1285746.925014] NVMeVirt: WATGC_V2 sample ns=0 part=3 epoch=1 window=228 phase=measure evaluated=46 k=10 scale_pct=25 age_ratio=7 host=65560 gc_pages=27675 gc_count=1457 waf_q16=93200 best=46 next=46 settled=1
[1285748.601288] tee (720798): drop_caches: 3
[1285749.497634] NVMeVirt: WATGC_V2 sample ns=0 part=2 epoch=1 window=228 phase=measure evaluated=46 k=10 scale_pct=25 age_ratio=7 host=65538 gc_pages=27858 gc_count=1459 waf_q16=93393 best=46 next=46 settled=1
[1285753.141984] NVMeVirt: WATGC_V2 sample ns=0 part=1 epoch=1 window=227 phase=measure evaluated=1 k=2 scale_pct=25 age_ratio=7 host=65541 gc_pages=34037 gc_count=1556 waf_q16=99570 best=46 next=46 settled=1
[1285753.614499] tee (720802): drop_caches: 3
[1285754.842735] NVMeVirt: WATGC_V2 sample ns=0 part=0 epoch=1 window=227 phase=measure evaluated=46 k=10 scale_pct=25 age_ratio=7 host=65572 gc_pages=28428 gc_count=1469 waf_q16=93948 best=46 next=46 settled=1
[1285757.993240] tee (720809): drop_caches: 3
[1285759.615387] NVMeVirt: WATGC_V2 sample ns=0 part=3 epoch=1 window=229 phase=measure evaluated=46 k=10 scale_pct=25 age_ratio=7 host=65580 gc_pages=27924 gc_count=1461 waf_q16=93441 best=46 next=46 settled=1
[1285762.092223] NVMeVirt: WATGC_V2 sample ns=0 part=2 epoch=1 window=229 phase=measure evaluated=46 k=10 scale_pct=25 age_ratio=7 host=65573 gc_pages=27221 gc_count=1450 waf_q16=92741 best=46 next=46 settled=1
[1285763.216204] tee (720822): drop_caches: 3
[1285767.297580] NVMeVirt: WATGC_V2 sample ns=0 part=0 epoch=1 window=228 phase=measure evaluated=46 k=10 scale_pct=25 age_ratio=7 host=65570 gc_pages=26927 gc_count=1445 waf_q16=92449 best=46 next=46 settled=1
[1285768.301055] tee (720833): drop_caches: 3
[1285771.950378] NVMeVirt: WATGC_V2 sample ns=0 part=3 epoch=1 window=230 phase=measure evaluated=46 k=10 scale_pct=25 age_ratio=7 host=65568 gc_pages=27616 gc_count=1456 waf_q16=93138 best=46 next=46 settled=1
[1285772.203877] NVMeVirt: WATGC_V2 sample ns=0 part=1 epoch=1 window=228 phase=measure evaluated=46 k=10 scale_pct=25 age_ratio=7 host=65557 gc_pages=26664 gc_count=1441 waf_q16=92191 best=46 next=46 settled=1
[1285773.637295] tee (720842): drop_caches: 3
[1285774.805559] NVMeVirt: WATGC_V2 sample ns=0 part=2 epoch=1 window=230 phase=measure evaluated=46 k=10 scale_pct=25 age_ratio=7 host=65579 gc_pages=27468 gc_count=1454 waf_q16=92985 best=46 next=46 settled=1
[1285778.764547] tee (720846): drop_caches: 3
[1285780.202368] NVMeVirt: WATGC_V2 sample ns=0 part=0 epoch=1 window=229 phase=measure evaluated=46 k=10 scale_pct=25 age_ratio=7 host=65540 gc_pages=28138 gc_count=1464 waf_q16=93672 best=46 next=46 settled=1
[1285783.774547] tee (720851): drop_caches: 3
[1285784.547951] NVMeVirt: WATGC_V2 sample ns=0 part=3 epoch=1 window=231 phase=measure evaluated=46 k=10 scale_pct=25 age_ratio=7 host=65557 gc_pages=28208 gc_count=1465 waf_q16=93734 best=46 next=46 settled=1
[1285784.943670] NVMeVirt: WATGC_V2 sample ns=0 part=1 epoch=1 window=229 phase=measure evaluated=46 k=10 scale_pct=25 age_ratio=7 host=65567 gc_pages=28268 gc_count=1466 waf_q16=93790 best=46 next=46 settled=1
[1285787.231758] NVMeVirt: WATGC_V2 sample ns=0 part=2 epoch=1 window=231 phase=measure evaluated=46 k=10 scale_pct=25 age_ratio=7 host=65550 gc_pages=27374 gc_count=1452 waf_q16=92904 best=46 next=2 settled=1
[1285788.281457] tee (720860): drop_caches: 3
[1285792.862925] NVMeVirt: WATGC_V2 sample ns=0 part=0 epoch=1 window=230 phase=measure evaluated=46 k=10 scale_pct=25 age_ratio=7 host=65584 gc_pages=27680 gc_count=1457 waf_q16=93195 best=46 next=2 settled=1
[1285793.690345] tee (720865): drop_caches: 3
[1285797.476574] NVMeVirt: WATGC_V2 sample ns=0 part=3 epoch=1 window=232 phase=measure evaluated=46 k=10 scale_pct=25 age_ratio=7 host=65573 gc_pages=27925 gc_count=1461 waf_q16=93445 best=46 next=46 settled=1
[1285797.809117] NVMeVirt: WATGC_V2 sample ns=0 part=1 epoch=1 window=230 phase=measure evaluated=46 k=10 scale_pct=25 age_ratio=7 host=65545 gc_pages=27433 gc_count=1453 waf_q16=92965 best=46 next=46 settled=1
[1285798.742232] tee (720878): drop_caches: 3
[1285804.441673] tee (720889): drop_caches: 3
[1285806.592267] NVMeVirt: WATGC_V2 sample ns=0 part=2 epoch=1 window=232 phase=measure evaluated=2 k=2 scale_pct=25 age_ratio=16 host=65554 gc_pages=47280 gc_count=1763 waf_q16=112803 best=46 next=46 settled=1
[1285809.659969] tee (720893): drop_caches: 3
[1285810.027168] NVMeVirt: WATGC_V2 sample ns=0 part=3 epoch=1 window=233 phase=measure evaluated=46 k=10 scale_pct=25 age_ratio=7 host=65549 gc_pages=27006 gc_count=1446 waf_q16=92536 best=46 next=1 settled=1
[1285810.606875] NVMeVirt: WATGC_V2 sample ns=0 part=1 epoch=1 window=231 phase=measure evaluated=46 k=10 scale_pct=25 age_ratio=7 host=65559 gc_pages=28282 gc_count=1466 waf_q16=93808 best=46 next=46 settled=1
[1285812.209682] NVMeVirt: WATGC_V2 sample ns=0 part=0 epoch=1 window=231 phase=measure evaluated=2 k=2 scale_pct=25 age_ratio=16 host=65568 gc_pages=50618 gc_count=1816 waf_q16=116129 best=46 next=46 settled=1
[1285814.796335] tee (720899): drop_caches: 3
[1285819.232944] tee (720906): drop_caches: 3
[1285823.050076] NVMeVirt: WATGC_V2 sample ns=0 part=1 epoch=1 window=232 phase=measure evaluated=46 k=10 scale_pct=25 age_ratio=7 host=65553 gc_pages=27870 gc_count=1460 waf_q16=93398 best=46 next=46 settled=1
[1285824.420477] tee (720917): drop_caches: 3
[1285825.138107] NVMeVirt: WATGC_V2 sample ns=0 part=2 epoch=1 window=233 phase=measure evaluated=46 k=10 scale_pct=25 age_ratio=7 host=65552 gc_pages=23599 gc_count=1393 waf_q16=89129 best=46 next=46 settled=1
[1285828.641135] NVMeVirt: WATGC_V2 sample ns=0 part=3 epoch=1 window=234 phase=measure evaluated=1 k=2 scale_pct=25 age_ratio=7 host=65551 gc_pages=31793 gc_count=1521 waf_q16=97321 best=46 next=46 settled=1
[1285829.549464] tee (720928): drop_caches: 3
[1285831.002332] NVMeVirt: WATGC_V2 sample ns=0 part=0 epoch=1 window=232 phase=measure evaluated=46 k=10 scale_pct=25 age_ratio=7 host=65571 gc_pages=24489 gc_count=1407 waf_q16=90011 best=46 next=46 settled=1
[1285834.809727] tee (720939): drop_caches: 3
[1285835.545132] NVMeVirt: WATGC_V2 sample ns=0 part=1 epoch=1 window=233 phase=measure evaluated=46 k=10 scale_pct=25 age_ratio=7 host=65540 gc_pages=27149 gc_count=1448 waf_q16=92683 best=46 next=46 settled=1
[1285837.605799] NVMeVirt: WATGC_V2 sample ns=0 part=2 epoch=1 window=234 phase=measure evaluated=46 k=10 scale_pct=25 age_ratio=7 host=65580 gc_pages=24411 gc_count=1406 waf_q16=89930 best=46 next=46 settled=1
[1285839.985703] tee (720943): drop_caches: 3
[1285843.633530] NVMeVirt: WATGC_V2 sample ns=0 part=0 epoch=1 window=233 phase=measure evaluated=46 k=10 scale_pct=25 age_ratio=7 host=65550 gc_pages=24435 gc_count=1406 waf_q16=89965 best=46 next=46 settled=1
[1285844.995897] tee (720947): drop_caches: 3
[1285847.668282] NVMeVirt: WATGC_V2 sample ns=0 part=3 epoch=1 window=235 phase=measure evaluated=46 k=10 scale_pct=25 age_ratio=7 host=65536 gc_pages=27254 gc_count=1450 waf_q16=92790 best=46 next=46 settled=1
[1285848.217534] NVMeVirt: WATGC_V2 sample ns=0 part=1 epoch=1 window=234 phase=measure evaluated=46 k=10 scale_pct=25 age_ratio=7 host=65536 gc_pages=27956 gc_count=1461 waf_q16=93492 best=46 next=46 settled=1
[1285849.381057] tee (720954): drop_caches: 3
[1285850.282557] NVMeVirt: WATGC_V2 sample ns=0 part=2 epoch=1 window=235 phase=measure evaluated=46 k=10 scale_pct=25 age_ratio=7 host=65546 gc_pages=24118 gc_count=1401 waf_q16=89650 best=46 next=46 settled=1
[1285855.236673] tee (720967): drop_caches: 3
[1285856.384723] NVMeVirt: WATGC_V2 sample ns=0 part=0 epoch=1 window=234 phase=measure evaluated=46 k=10 scale_pct=25 age_ratio=7 host=65574 gc_pages=24228 gc_count=1403 waf_q16=89749 best=46 next=46 settled=1
[1285860.119673] NVMeVirt: WATGC_V2 sample ns=0 part=3 epoch=1 window=236 phase=measure evaluated=46 k=10 scale_pct=25 age_ratio=7 host=65546 gc_pages=26165 gc_count=1433 waf_q16=91697 best=46 next=46 settled=1
[1285860.510924] tee (720979): drop_caches: 3
[1285860.793925] NVMeVirt: WATGC_V2 sample ns=0 part=1 epoch=1 window=235 phase=measure evaluated=46 k=10 scale_pct=25 age_ratio=7 host=65547 gc_pages=27379 gc_count=1452 waf_q16=92910 best=46 next=2 settled=1
[1285863.017714] NVMeVirt: WATGC_V2 sample ns=0 part=2 epoch=1 window=236 phase=measure evaluated=46 k=10 scale_pct=25 age_ratio=7 host=65549 gc_pages=24359 gc_count=1405 waf_q16=89890 best=46 next=46 settled=1
[1285865.889068] tee (720988): drop_caches: 3
[1285869.558631] NVMeVirt: WATGC_V2 sample ns=0 part=0 epoch=1 window=235 phase=measure evaluated=46 k=10 scale_pct=25 age_ratio=7 host=65548 gc_pages=25571 gc_count=1424 waf_q16=91102 best=46 next=46 settled=1
[1285871.091696] tee (720992): drop_caches: 3
[1285873.445435] NVMeVirt: WATGC_V2 sample ns=0 part=3 epoch=1 window=237 phase=measure evaluated=46 k=10 scale_pct=25 age_ratio=7 host=65556 gc_pages=28084 gc_count=1463 waf_q16=93611 best=46 next=46 settled=1
[1285875.810179] NVMeVirt: WATGC_V2 sample ns=0 part=2 epoch=1 window=237 phase=measure evaluated=46 k=10 scale_pct=25 age_ratio=7 host=65568 gc_pages=24097 gc_count=1401 waf_q16=89621 best=46 next=46 settled=1
[1285876.189618] tee (720996): drop_caches: 3
[1285880.322407] NVMeVirt: WATGC_V2 sample ns=0 part=1 epoch=1 window=236 phase=measure evaluated=2 k=2 scale_pct=25 age_ratio=16 host=65549 gc_pages=53812 gc_count=1865 waf_q16=119337 best=46 next=46 settled=1
[1285880.672836] tee (721003): drop_caches: 3
[1285882.432214] NVMeVirt: WATGC_V2 sample ns=0 part=0 epoch=1 window=236 phase=measure evaluated=46 k=10 scale_pct=25 age_ratio=7 host=65563 gc_pages=25197 gc_count=1418 waf_q16=90722 best=46 next=46 settled=1
[1285885.898128] tee (721014): drop_caches: 3
[1285885.974492] NVMeVirt: WATGC_V2 sample ns=0 part=3 epoch=1 window=238 phase=measure evaluated=46 k=10 scale_pct=25 age_ratio=7 host=65553 gc_pages=26534 gc_count=1439 waf_q16=92063 best=46 next=46 settled=1
[1285888.638355] NVMeVirt: WATGC_V2 sample ns=0 part=2 epoch=1 window=238 phase=measure evaluated=46 k=10 scale_pct=25 age_ratio=7 host=65537 gc_pages=24963 gc_count=1414 waf_q16=90498 best=46 next=46 settled=1
[1285891.039118] tee (721018): drop_caches: 3
[1285894.727137] NVMeVirt: WATGC_V2 sample ns=0 part=0 epoch=1 window=237 phase=measure evaluated=46 k=10 scale_pct=25 age_ratio=7 host=65569 gc_pages=24726 gc_count=1411 waf_q16=90249 best=46 next=46 settled=1
[1285896.232327] tee (721027): drop_caches: 3
[1285898.693073] NVMeVirt: WATGC_V2 sample ns=0 part=3 epoch=1 window=239 phase=measure evaluated=46 k=10 scale_pct=25 age_ratio=7 host=65571 gc_pages=27997 gc_count=1462 waf_q16=93518 best=46 next=46 settled=1
[1285899.255425] NVMeVirt: WATGC_V2 sample ns=0 part=1 epoch=1 window=237 phase=measure evaluated=46 k=10 scale_pct=25 age_ratio=7 host=65564 gc_pages=23648 gc_count=1394 waf_q16=89173 best=46 next=46 settled=1
[1285900.845701] NVMeVirt: WATGC_V2 sample ns=0 part=2 epoch=1 window=239 phase=measure evaluated=46 k=10 scale_pct=25 age_ratio=7 host=65564 gc_pages=23726 gc_count=1395 waf_q16=89251 best=46 next=46 settled=1
[1285901.274826] tee (721032): drop_caches: 3
[1285906.325280] tee (721036): drop_caches: 3
[1285907.441957] NVMeVirt: WATGC_V2 sample ns=0 part=0 epoch=1 window=238 phase=measure evaluated=46 k=10 scale_pct=25 age_ratio=7 host=65562 gc_pages=24884 gc_count=1413 waf_q16=90410 best=46 next=46 settled=1
[1285910.793063] tee (721041): drop_caches: 3
[1285911.132452] NVMeVirt: WATGC_V2 sample ns=0 part=3 epoch=1 window=240 phase=measure evaluated=46 k=10 scale_pct=25 age_ratio=7 host=65541 gc_pages=26762 gc_count=1442 waf_q16=92295 best=46 next=46 settled=1
[1285911.888076] NVMeVirt: WATGC_V2 sample ns=0 part=1 epoch=1 window=238 phase=measure evaluated=46 k=10 scale_pct=25 age_ratio=7 host=65561 gc_pages=24484 gc_count=1407 waf_q16=90010 best=46 next=46 settled=1
[1285913.541839] NVMeVirt: WATGC_V2 sample ns=0 part=2 epoch=1 window=240 phase=measure evaluated=46 k=10 scale_pct=25 age_ratio=7 host=65551 gc_pages=24683 gc_count=1410 waf_q16=90213 best=46 next=3 settled=1
[1285916.345868] tee (721061): drop_caches: 3
[1285919.809450] NVMeVirt: WATGC_V2 sample ns=0 part=0 epoch=1 window=239 phase=measure evaluated=46 k=10 scale_pct=25 age_ratio=7 host=65585 gc_pages=24388 gc_count=1406 waf_q16=89905 best=46 next=3 settled=1
[1285921.577047] tee (721065): drop_caches: 3
[1285923.453462] NVMeVirt: WATGC_V2 sample ns=0 part=3 epoch=1 window=241 phase=measure evaluated=46 k=10 scale_pct=25 age_ratio=7 host=65550 gc_pages=27315 gc_count=1451 waf_q16=92845 best=46 next=46 settled=1
[1285924.101918] NVMeVirt: WATGC_V2 sample ns=0 part=1 epoch=1 window=239 phase=measure evaluated=46 k=10 scale_pct=25 age_ratio=7 host=65567 gc_pages=24550 gc_count=1408 waf_q16=90074 best=46 next=46 settled=1
[1285926.767645] tee (721074): drop_caches: 3
[1285931.753974] NVMeVirt: WATGC_V2 sample ns=0 part=2 epoch=1 window=241 phase=measure evaluated=3 k=2 scale_pct=50 age_ratio=4 host=65560 gc_pages=23266 gc_count=1388 waf_q16=88793 best=46 next=46 settled=1
[1285931.803847] tee (721078): drop_caches: 3
[1285935.761079] NVMeVirt: WATGC_V2 sample ns=0 part=3 epoch=1 window=242 phase=measure evaluated=46 k=10 scale_pct=25 age_ratio=7 host=65582 gc_pages=26945 gc_count=1446 waf_q16=92462 best=46 next=2 settled=1
[1285936.392857] NVMeVirt: WATGC_V2 sample ns=0 part=1 epoch=1 window=240 phase=measure evaluated=46 k=10 scale_pct=25 age_ratio=7 host=65542 gc_pages=24437 gc_count=1406 waf_q16=89970 best=46 next=46 settled=1
[1285936.757666] tee (721082): drop_caches: 3
[1285938.810224] NVMeVirt: WATGC_V2 sample ns=0 part=0 epoch=1 window=240 phase=measure evaluated=3 k=2 scale_pct=50 age_ratio=4 host=65536 gc_pages=24706 gc_count=1410 waf_q16=90242 best=46 next=46 settled=1
[1285941.959533] tee (721095): drop_caches: 3
[1285947.230066] tee (721108): drop_caches: 3
[1285949.378167] NVMeVirt: WATGC_V2 sample ns=0 part=1 epoch=1 window=241 phase=measure evaluated=46 k=10 scale_pct=25 age_ratio=7 host=65546 gc_pages=25157 gc_count=1417 waf_q16=90689 best=46 next=46 settled=1
[1285950.815530] NVMeVirt: WATGC_V2 sample ns=0 part=2 epoch=1 window=242 phase=measure evaluated=46 k=10 scale_pct=25 age_ratio=7 host=65563 gc_pages=24039 gc_count=1400 waf_q16=89565 best=46 next=46 settled=1
[1285952.493203] tee (721120): drop_caches: 3
[1285954.954412] NVMeVirt: WATGC_V2 sample ns=0 part=3 epoch=1 window=243 phase=measure evaluated=2 k=2 scale_pct=25 age_ratio=16 host=65572 gc_pages=39072 gc_count=1635 waf_q16=104586 best=46 next=46 settled=1
[1285957.647016] NVMeVirt: WATGC_V2 sample ns=0 part=0 epoch=1 window=241 phase=measure evaluated=46 k=10 scale_pct=25 age_ratio=7 host=65542 gc_pages=24175 gc_count=1402 waf_q16=89708 best=46 next=46 settled=1
[1285957.673891] tee (721125): drop_caches: 3
[1285962.002964] NVMeVirt: WATGC_V2 sample ns=0 part=1 epoch=1 window=242 phase=measure evaluated=46 k=10 scale_pct=25 age_ratio=7 host=65540 gc_pages=24698 gc_count=1410 waf_q16=90232 best=46 next=46 settled=1
[1285962.906985] tee (721129): drop_caches: 3
[1285963.522491] NVMeVirt: WATGC_V2 sample ns=0 part=2 epoch=1 window=243 phase=measure evaluated=46 k=10 scale_pct=25 age_ratio=7 host=65545 gc_pages=23928 gc_count=1398 waf_q16=89460 best=46 next=46 settled=1
[1285968.025036] tee (721133): drop_caches: 3
[1285970.797627] NVMeVirt: WATGC_V2 sample ns=0 part=0 epoch=1 window=242 phase=measure evaluated=46 k=10 scale_pct=25 age_ratio=7 host=65546 gc_pages=25146 gc_count=1417 waf_q16=90678 best=46 next=46 settled=1
[1285973.267901] tee (721139): drop_caches: 3
[1285973.912200] NVMeVirt: WATGC_V2 sample ns=0 part=3 epoch=1 window=244 phase=measure evaluated=46 k=10 scale_pct=25 age_ratio=7 host=65549 gc_pages=23799 gc_count=1396 waf_q16=89330 best=46 next=46 settled=1
[1285974.802799] NVMeVirt: WATGC_V2 sample ns=0 part=1 epoch=1 window=243 phase=measure evaluated=46 k=10 scale_pct=25 age_ratio=7 host=65563 gc_pages=25116 gc_count=1417 waf_q16=90641 best=46 next=46 settled=1
[1285976.044162] NVMeVirt: WATGC_V2 sample ns=0 part=2 epoch=1 window=244 phase=measure evaluated=46 k=10 scale_pct=25 age_ratio=7 host=65570 gc_pages=24217 gc_count=1403 waf_q16=89740 best=46 next=46 settled=1
[1285978.457075] tee (721151): drop_caches: 3
[1285982.886672] NVMeVirt: WATGC_V2 sample ns=0 part=0 epoch=1 window=243 phase=measure evaluated=46 k=10 scale_pct=25 age_ratio=7 host=65574 gc_pages=23447 gc_count=1391 waf_q16=88969 best=46 next=46 settled=1
[1285984.200607] tee (721160): drop_caches: 3
[1285986.168307] NVMeVirt: WATGC_V2 sample ns=0 part=3 epoch=1 window=245 phase=measure evaluated=46 k=10 scale_pct=25 age_ratio=7 host=65554 gc_pages=24055 gc_count=1400 waf_q16=89584 best=46 next=46 settled=1
[1285987.069648] NVMeVirt: WATGC_V2 sample ns=0 part=1 epoch=1 window=244 phase=measure evaluated=46 k=10 scale_pct=25 age_ratio=7 host=65538 gc_pages=24453 gc_count=1406 waf_q16=89988 best=46 next=3 settled=1
[1285988.128622] NVMeVirt: WATGC_V2 sample ns=0 part=2 epoch=1 window=245 phase=measure evaluated=46 k=10 scale_pct=25 age_ratio=7 host=65538 gc_pages=24003 gc_count=1399 waf_q16=89538 best=46 next=46 settled=1
[1285989.290463] tee (721164): drop_caches: 3
[1285994.339451] tee (721168): drop_caches: 3
[1285995.935619] NVMeVirt: WATGC_V2 sample ns=0 part=0 epoch=1 window=244 phase=measure evaluated=46 k=10 scale_pct=25 age_ratio=7 host=65571 gc_pages=24744 gc_count=1411 waf_q16=90266 best=46 next=46 settled=1
[1285998.690060] NVMeVirt: WATGC_V2 sample ns=0 part=3 epoch=1 window=246 phase=measure evaluated=46 k=10 scale_pct=25 age_ratio=7 host=65563 gc_pages=23515 gc_count=1392 waf_q16=89041 best=46 next=46 settled=1
[1285999.449667] tee (721172): drop_caches: 3
[1286000.897734] NVMeVirt: WATGC_V2 sample ns=0 part=2 epoch=1 window=246 phase=measure evaluated=46 k=10 scale_pct=25 age_ratio=7 host=65578 gc_pages=23897 gc_count=1398 waf_q16=89417 best=46 next=46 settled=1
[1286004.472275] tee (721178): drop_caches: 3
[1286006.036474] NVMeVirt: WATGC_V2 sample ns=0 part=1 epoch=1 window=245 phase=measure evaluated=3 k=2 scale_pct=50 age_ratio=4 host=65574 gc_pages=23642 gc_count=1394 waf_q16=89164 best=46 next=46 settled=1
[1286008.187010] NVMeVirt: WATGC_V2 sample ns=0 part=0 epoch=1 window=245 phase=measure evaluated=46 k=10 scale_pct=25 age_ratio=7 host=65538 gc_pages=23996 gc_count=1399 waf_q16=89531 best=46 next=46 settled=1
[1286010.108419] tee (721197): drop_caches: 3
[1286011.055513] NVMeVirt: WATGC_V2 sample ns=0 part=3 epoch=1 window=247 phase=measure evaluated=46 k=10 scale_pct=25 age_ratio=7 host=65562 gc_pages=24040 gc_count=1400 waf_q16=89566 best=46 next=46 settled=1
[1286013.060137] NVMeVirt: WATGC_V2 sample ns=0 part=2 epoch=1 window=247 phase=measure evaluated=46 k=10 scale_pct=25 age_ratio=7 host=65553 gc_pages=24427 gc_count=1406 waf_q16=89956 best=46 next=46 settled=1
[1286015.171572] tee (721212): drop_caches: 3
[1286020.272301] NVMeVirt: WATGC_V2 sample ns=0 part=0 epoch=1 window=246 phase=measure evaluated=46 k=10 scale_pct=25 age_ratio=7 host=65549 gc_pages=24434 gc_count=1406 waf_q16=89965 best=46 next=46 settled=1
[1286020.477655] tee (721216): drop_caches: 3
[1286023.509133] NVMeVirt: WATGC_V2 sample ns=0 part=3 epoch=1 window=248 phase=measure evaluated=46 k=10 scale_pct=25 age_ratio=7 host=65554 gc_pages=24807 gc_count=1412 waf_q16=90336 best=46 next=46 settled=1
[1286024.427889] NVMeVirt: WATGC_V2 sample ns=0 part=1 epoch=1 window=246 phase=measure evaluated=46 k=10 scale_pct=25 age_ratio=7 host=65553 gc_pages=23853 gc_count=1397 waf_q16=89382 best=46 next=46 settled=1
[1286025.265856] NVMeVirt: WATGC_V2 sample ns=0 part=2 epoch=1 window=248 phase=measure evaluated=46 k=10 scale_pct=25 age_ratio=7 host=65575 gc_pages=23513 gc_count=1392 waf_q16=89035 best=46 next=46 settled=1
[1286025.550278] tee (721220): drop_caches: 3
[1286030.596934] tee (721224): drop_caches: 3
[1286033.159457] NVMeVirt: WATGC_V2 sample ns=0 part=0 epoch=1 window=247 phase=measure evaluated=46 k=10 scale_pct=25 age_ratio=7 host=65571 gc_pages=25366 gc_count=1421 waf_q16=90888 best=46 next=46 settled=1
[1286035.646220] NVMeVirt: WATGC_V2 sample ns=0 part=3 epoch=1 window=249 phase=measure evaluated=46 k=10 scale_pct=25 age_ratio=7 host=65569 gc_pages=23901 gc_count=1398 waf_q16=89424 best=46 next=46 settled=1
[1286035.776835] tee (721245): drop_caches: 3
[1286036.935295] NVMeVirt: WATGC_V2 sample ns=0 part=1 epoch=1 window=247 phase=measure evaluated=46 k=10 scale_pct=25 age_ratio=7 host=65574 gc_pages=23783 gc_count=1396 waf_q16=89305 best=46 next=46 settled=1
[1286037.850546] NVMeVirt: WATGC_V2 sample ns=0 part=2 epoch=1 window=249 phase=measure evaluated=46 k=10 scale_pct=25 age_ratio=7 host=65552 gc_pages=23991 gc_count=1399 waf_q16=89521 best=46 next=4 settled=1
[1286041.030600] tee (721250): drop_caches: 3
[1286045.435810] NVMeVirt: WATGC_V2 sample ns=0 part=0 epoch=1 window=248 phase=measure evaluated=46 k=10 scale_pct=25 age_ratio=7 host=65553 gc_pages=23861 gc_count=1397 waf_q16=89390 best=46 next=4 settled=1
[1286046.078145] tee (721259): drop_caches: 3
[1286048.334314] NVMeVirt: WATGC_V2 sample ns=0 part=3 epoch=1 window=250 phase=measure evaluated=46 k=10 scale_pct=25 age_ratio=7 host=65583 gc_pages=24410 gc_count=1406 waf_q16=89928 best=46 next=46 settled=1
[1286049.242656] NVMeVirt: WATGC_V2 sample ns=0 part=1 epoch=1 window=248 phase=measure evaluated=46 k=10 scale_pct=25 age_ratio=7 host=65571 gc_pages=24467 gc_count=1407 waf_q16=89989 best=46 next=46 settled=1
[1286051.294335] tee (721263): drop_caches: 3
[1286055.961582] NVMeVirt: WATGC_V2 sample ns=0 part=2 epoch=1 window=250 phase=measure evaluated=4 k=2 scale_pct=50 age_ratio=7 host=65540 gc_pages=23686 gc_count=1394 waf_q16=89220 best=46 next=46 settled=1
[1286056.362387] tee (721267): drop_caches: 3
[1286060.410175] NVMeVirt: WATGC_V2 sample ns=0 part=3 epoch=1 window=251 phase=measure evaluated=46 k=10 scale_pct=25 age_ratio=7 host=65537 gc_pages=23733 gc_count=1395 waf_q16=89268 best=46 next=3 settled=1
[1286061.355739] NVMeVirt: WATGC_V2 sample ns=0 part=1 epoch=1 window=249 phase=measure evaluated=46 k=10 scale_pct=25 age_ratio=7 host=65575 gc_pages=23773 gc_count=1396 waf_q16=89294 best=46 next=46 settled=1
[1286061.399567] tee (721273): drop_caches: 3
[1286064.171399] NVMeVirt: WATGC_V2 sample ns=0 part=0 epoch=1 window=249 phase=measure evaluated=4 k=2 scale_pct=50 age_ratio=7 host=65547 gc_pages=24942 gc_count=1414 waf_q16=90473 best=46 next=46 settled=1
[1286066.542943] tee (721286): drop_caches: 3
[1286071.879957] tee (721291): drop_caches: 3
[1286073.919480] NVMeVirt: WATGC_V2 sample ns=0 part=1 epoch=1 window=250 phase=measure evaluated=46 k=10 scale_pct=25 age_ratio=7 host=65542 gc_pages=25156 gc_count=1417 waf_q16=90689 best=46 next=46 settled=1
[1286074.579878] NVMeVirt: WATGC_V2 sample ns=0 part=2 epoch=1 window=251 phase=measure evaluated=46 k=10 scale_pct=25 age_ratio=7 host=65575 gc_pages=23834 gc_count=1397 waf_q16=89355 best=46 next=46 settled=1
[1286077.127837] tee (721302): drop_caches: 3
[1286078.999994] NVMeVirt: WATGC_V2 sample ns=0 part=3 epoch=1 window=252 phase=measure evaluated=3 k=2 scale_pct=50 age_ratio=4 host=65555 gc_pages=23921 gc_count=1398 waf_q16=89450 best=46 next=46 settled=1
[1286082.279742] tee (721306): drop_caches: 3
[1286082.526869] NVMeVirt: WATGC_V2 sample ns=0 part=0 epoch=1 window=250 phase=measure evaluated=46 k=10 scale_pct=25 age_ratio=7 host=65570 gc_pages=22495 gc_count=1376 waf_q16=88019 best=46 next=46 settled=1
[1286086.227159] NVMeVirt: WATGC_V2 sample ns=0 part=1 epoch=1 window=251 phase=measure evaluated=46 k=10 scale_pct=25 age_ratio=7 host=65570 gc_pages=23824 gc_count=1397 waf_q16=89347 best=46 next=46 settled=1
[1286086.776399] NVMeVirt: WATGC_V2 sample ns=0 part=2 epoch=1 window=252 phase=measure evaluated=46 k=10 scale_pct=25 age_ratio=7 host=65554 gc_pages=23207 gc_count=1387 waf_q16=88736 best=46 next=46 settled=1
[1286087.363327] tee (721338): drop_caches: 3
[1286094.596998] NVMeVirt: WATGC_V2 sample ns=0 part=0 epoch=1 window=251 phase=measure evaluated=46 k=10 scale_pct=25 age_ratio=7 host=65552 gc_pages=22707 gc_count=1379 waf_q16=88237 best=46 next=46 settled=1
[1286095.528824] tee (721380): drop_caches: 3
[1286097.027183] NVMeVirt: WATGC_V2 sample ns=0 part=3 epoch=1 window=253 phase=measure evaluated=46 k=10 scale_pct=25 age_ratio=7 host=65566 gc_pages=22504 gc_count=1376 waf_q16=88029 best=46 next=46 settled=1
[1286098.193898] NVMeVirt: WATGC_V2 sample ns=0 part=1 epoch=1 window=252 phase=measure evaluated=46 k=10 scale_pct=25 age_ratio=7 host=65563 gc_pages=23527 gc_count=1392 waf_q16=89053 best=46 next=46 settled=1
[1286098.649871] NVMeVirt: WATGC_V2 sample ns=0 part=2 epoch=1 window=253 phase=measure evaluated=46 k=10 scale_pct=25 age_ratio=7 host=65560 gc_pages=23480 gc_count=1391 waf_q16=89007 best=46 next=46 settled=1
[1286101.795722] tee (721403): drop_caches: 3
[1286106.731409] NVMeVirt: WATGC_V2 sample ns=0 part=0 epoch=1 window=252 phase=measure evaluated=46 k=10 scale_pct=25 age_ratio=7 host=65544 gc_pages=23532 gc_count=1392 waf_q16=89065 best=46 next=46 settled=1
[1286108.688370] NVMeVirt: WATGC_V2 sample ns=0 part=3 epoch=1 window=254 phase=measure evaluated=46 k=10 scale_pct=25 age_ratio=7 host=65552 gc_pages=23087 gc_count=1385 waf_q16=88617 best=46 next=46 settled=1
[1286109.727352] NVMeVirt: WATGC_V2 sample ns=0 part=1 epoch=1 window=253 phase=measure evaluated=46 k=10 scale_pct=25 age_ratio=7 host=65580 gc_pages=23123 gc_count=1386 waf_q16=88643 best=46 next=4 settled=1
[1286110.017275] NVMeVirt: WATGC_V2 sample ns=0 part=2 epoch=1 window=254 phase=measure evaluated=46 k=10 scale_pct=25 age_ratio=7 host=65576 gc_pages=22607 gc_count=1378 waf_q16=88129 best=46 next=46 settled=1
[1286110.123564] tee (721463): drop_caches: 3
[1286118.276513] NVMeVirt: WATGC_V2 sample ns=0 part=0 epoch=1 window=253 phase=measure evaluated=46 k=10 scale_pct=25 age_ratio=7 host=65556 gc_pages=22509 gc_count=1376 waf_q16=88038 best=46 next=46 settled=1
[1286120.116548] NVMeVirt: WATGC_V2 sample ns=0 part=3 epoch=1 window=255 phase=measure evaluated=46 k=10 scale_pct=25 age_ratio=7 host=65545 gc_pages=23284 gc_count=1388 waf_q16=88816 best=46 next=46 settled=1
[1286121.156852] tee (721508): drop_caches: 3
[1286121.685376] NVMeVirt: WATGC_V2 sample ns=0 part=2 epoch=1 window=255 phase=measure evaluated=46 k=10 scale_pct=25 age_ratio=7 host=65579 gc_pages=22868 gc_count=1382 waf_q16=88389 best=46 next=46 settled=1
[1286127.287237] NVMeVirt: WATGC_V2 sample ns=0 part=1 epoch=1 window=254 phase=measure evaluated=4 k=2 scale_pct=50 age_ratio=7 host=65555 gc_pages=23718 gc_count=1395 waf_q16=89247 best=46 next=46 settled=1
[1286129.742557] NVMeVirt: WATGC_V2 sample ns=0 part=0 epoch=1 window=254 phase=measure evaluated=46 k=10 scale_pct=25 age_ratio=7 host=65563 gc_pages=23021 gc_count=1384 waf_q16=88547 best=46 next=46 settled=1
[1286131.233797] tee (721569): drop_caches: 3
[1286131.824184] NVMeVirt: WATGC_V2 sample ns=0 part=3 epoch=1 window=256 phase=measure evaluated=46 k=10 scale_pct=25 age_ratio=7 host=65564 gc_pages=23396 gc_count=1390 waf_q16=88922 best=46 next=46 settled=1
[1286133.489813] NVMeVirt: WATGC_V2 sample ns=0 part=2 epoch=1 window=256 phase=measure evaluated=46 k=10 scale_pct=25 age_ratio=7 host=65560 gc_pages=23597 gc_count=1393 waf_q16=89124 best=46 next=46 settled=1
[1286138.124790] tee (721583): drop_caches: 3
[1286142.080806] NVMeVirt: WATGC_V2 sample ns=0 part=0 epoch=1 window=255 phase=measure evaluated=46 k=10 scale_pct=25 age_ratio=7 host=65557 gc_pages=24353 gc_count=1405 waf_q16=89881 best=46 next=46 settled=1
[1286143.885505] NVMeVirt: WATGC_V2 sample ns=0 part=3 epoch=1 window=257 phase=measure evaluated=46 k=10 scale_pct=25 age_ratio=7 host=65540 gc_pages=23873 gc_count=1397 waf_q16=89407 best=46 next=46 settled=1
[1286144.833829] tee (721613): drop_caches: 3
[1286145.371916] NVMeVirt: WATGC_V2 sample ns=0 part=1 epoch=1 window=255 phase=measure evaluated=46 k=10 scale_pct=25 age_ratio=7 host=65572 gc_pages=22873 gc_count=1382 waf_q16=88396 best=46 next=46 settled=1
[1286145.551120] NVMeVirt: WATGC_V2 sample ns=0 part=2 epoch=1 window=257 phase=measure evaluated=46 k=10 scale_pct=25 age_ratio=7 host=65568 gc_pages=22884 gc_count=1382 waf_q16=88408 best=46 next=46 settled=1
[1286150.086787] tee (721636): drop_caches: 3
[1286154.454476] NVMeVirt: WATGC_V2 sample ns=0 part=0 epoch=1 window=256 phase=measure evaluated=46 k=10 scale_pct=25 age_ratio=7 host=65561 gc_pages=23659 gc_count=1394 waf_q16=89185 best=46 next=46 settled=1
[1286156.164885] NVMeVirt: WATGC_V2 sample ns=0 part=3 epoch=1 window=258 phase=measure evaluated=46 k=10 scale_pct=25 age_ratio=7 host=65589 gc_pages=23505 gc_count=1392 waf_q16=89022 best=46 next=46 settled=1
[1286156.649778] tee (721646): drop_caches: 3
[1286157.743922] NVMeVirt: WATGC_V2 sample ns=0 part=1 epoch=1 window=256 phase=measure evaluated=46 k=10 scale_pct=25 age_ratio=7 host=65551 gc_pages=23290 gc_count=1388 waf_q16=88820 best=46 next=46 settled=1
[1286157.806638] NVMeVirt: WATGC_V2 sample ns=0 part=2 epoch=1 window=258 phase=measure evaluated=46 k=10 scale_pct=25 age_ratio=7 host=65569 gc_pages=23385 gc_count=1390 waf_q16=88909 best=46 next=5 settled=1
[1286161.847551] tee (721657): drop_caches: 3
[1286166.387883] tee (721668): drop_caches: 3
[1286167.023978] NVMeVirt: WATGC_V2 sample ns=0 part=0 epoch=1 window=257 phase=measure evaluated=46 k=10 scale_pct=25 age_ratio=7 host=65541 gc_pages=23420 gc_count=1390 waf_q16=88954 best=46 next=5 settled=1
[1286168.859471] NVMeVirt: WATGC_V2 sample ns=0 part=3 epoch=1 window=259 phase=measure evaluated=46 k=10 scale_pct=25 age_ratio=7 host=65559 gc_pages=24485 gc_count=1407 waf_q16=90012 best=46 next=46 settled=1
[1286170.266192] NVMeVirt: WATGC_V2 sample ns=0 part=1 epoch=1 window=257 phase=measure evaluated=46 k=10 scale_pct=25 age_ratio=7 host=65540 gc_pages=24126 gc_count=1401 waf_q16=89660 best=46 next=46 settled=1
[1286171.770502] tee (721675): drop_caches: 3
[1286176.331234] NVMeVirt: WATGC_V2 sample ns=0 part=2 epoch=1 window=259 phase=measure evaluated=5 k=2 scale_pct=50 age_ratio=16 host=65545 gc_pages=22326 gc_count=1373 waf_q16=87858 best=46 next=46 settled=1
[1286176.910138] tee (721679): drop_caches: 3
[1286181.067022] NVMeVirt: WATGC_V2 sample ns=0 part=3 epoch=1 window=260 phase=measure evaluated=46 k=10 scale_pct=25 age_ratio=7 host=65546 gc_pages=23469 gc_count=1391 waf_q16=89001 best=46 next=4 settled=1
[1286181.970573] tee (721683): drop_caches: 3
[1286182.768028] NVMeVirt: WATGC_V2 sample ns=0 part=1 epoch=1 window=258 phase=measure evaluated=46 k=10 scale_pct=25 age_ratio=7 host=65552 gc_pages=23976 gc_count=1399 waf_q16=89506 best=46 next=46 settled=1
[1286185.690325] NVMeVirt: WATGC_V2 sample ns=0 part=0 epoch=1 window=258 phase=measure evaluated=5 k=2 scale_pct=50 age_ratio=16 host=65537 gc_pages=22661 gc_count=1378 waf_q16=88196 best=46 next=46 settled=1
[1286187.010198] tee (721687): drop_caches: 3
[1286192.257657] tee (721692): drop_caches: 3
[1286195.093915] NVMeVirt: WATGC_V2 sample ns=0 part=2 epoch=1 window=260 phase=measure evaluated=46 k=10 scale_pct=25 age_ratio=7 host=65538 gc_pages=23102 gc_count=1385 waf_q16=88637 best=46 next=46 settled=1
[1286195.351839] NVMeVirt: WATGC_V2 sample ns=0 part=1 epoch=1 window=259 phase=measure evaluated=46 k=10 scale_pct=25 age_ratio=7 host=65544 gc_pages=24375 gc_count=1405 waf_q16=89908 best=46 next=46 settled=1
[1286196.999243] tee (721706): drop_caches: 3
[1286200.032054] NVMeVirt: WATGC_V2 sample ns=0 part=3 epoch=1 window=261 phase=measure evaluated=4 k=2 scale_pct=50 age_ratio=7 host=65545 gc_pages=24882 gc_count=1413 waf_q16=90414 best=46 next=46 settled=1
[1286202.266851] tee (721710): drop_caches: 3
[1286204.852017] NVMeVirt: WATGC_V2 sample ns=0 part=0 epoch=1 window=259 phase=measure evaluated=46 k=10 scale_pct=25 age_ratio=7 host=65566 gc_pages=23454 gc_count=1391 waf_q16=88979 best=46 next=46 settled=1
[1286207.295625] tee (721715): drop_caches: 3
[1286207.460515] NVMeVirt: WATGC_V2 sample ns=0 part=2 epoch=1 window=261 phase=measure evaluated=46 k=10 scale_pct=25 age_ratio=7 host=65576 gc_pages=22352 gc_count=1374 waf_q16=87874 best=46 next=46 settled=1
[1286207.916746] NVMeVirt: WATGC_V2 sample ns=0 part=1 epoch=1 window=260 phase=measure evaluated=46 k=10 scale_pct=25 age_ratio=7 host=65556 gc_pages=23346 gc_count=1389 waf_q16=88874 best=46 next=46 settled=1
[1286212.430255] tee (721720): drop_caches: 3
[1286216.971868] NVMeVirt: WATGC_V2 sample ns=0 part=0 epoch=1 window=260 phase=measure evaluated=46 k=10 scale_pct=25 age_ratio=7 host=65557 gc_pages=22958 gc_count=1383 waf_q16=88486 best=46 next=46 settled=1
[1286217.481916] tee (721731): drop_caches: 3
[1286218.598774] NVMeVirt: WATGC_V2 sample ns=0 part=3 epoch=1 window=262 phase=measure evaluated=46 k=10 scale_pct=25 age_ratio=7 host=65559 gc_pages=22375 gc_count=1374 waf_q16=87903 best=46 next=46 settled=1
[1286219.902267] NVMeVirt: WATGC_V2 sample ns=0 part=2 epoch=1 window=262 phase=measure evaluated=46 k=10 scale_pct=25 age_ratio=7 host=65547 gc_pages=23154 gc_count=1386 waf_q16=88686 best=46 next=46 settled=1
[1286220.286861] NVMeVirt: WATGC_V2 sample ns=0 part=1 epoch=1 window=261 phase=measure evaluated=46 k=10 scale_pct=25 age_ratio=7 host=65546 gc_pages=24118 gc_count=1401 waf_q16=89650 best=46 next=46 settled=1
[1286222.504588] tee (721735): drop_caches: 3
[1286226.964856] tee (721748): drop_caches: 3
[1286229.802665] NVMeVirt: WATGC_V2 sample ns=0 part=0 epoch=1 window=261 phase=measure evaluated=46 k=10 scale_pct=25 age_ratio=7 host=65553 gc_pages=23930 gc_count=1398 waf_q16=89459 best=46 next=46 settled=1
[1286231.033183] NVMeVirt: WATGC_V2 sample ns=0 part=3 epoch=1 window=263 phase=measure evaluated=46 k=10 scale_pct=25 age_ratio=7 host=65573 gc_pages=23700 gc_count=1395 waf_q16=89222 best=46 next=46 settled=1
[1286232.093779] NVMeVirt: WATGC_V2 sample ns=0 part=2 epoch=1 window=263 phase=measure evaluated=46 k=10 scale_pct=25 age_ratio=7 host=65555 gc_pages=22318 gc_count=1373 waf_q16=87847 best=46 next=46 settled=1
[1286232.211494] tee (721752): drop_caches: 3
[1286232.774357] NVMeVirt: WATGC_V2 sample ns=0 part=1 epoch=1 window=262 phase=measure evaluated=46 k=10 scale_pct=25 age_ratio=7 host=65546 gc_pages=23281 gc_count=1388 waf_q16=88813 best=46 next=5 settled=1
[1286237.212765] tee (721756): drop_caches: 3
[1286242.036644] NVMeVirt: WATGC_V2 sample ns=0 part=0 epoch=1 window=262 phase=measure evaluated=46 k=10 scale_pct=25 age_ratio=7 host=65585 gc_pages=22595 gc_count=1378 waf_q16=88114 best=46 next=46 settled=1
[1286242.287249] tee (721760): drop_caches: 3
[1286243.587054] NVMeVirt: WATGC_V2 sample ns=0 part=3 epoch=1 window=264 phase=measure evaluated=46 k=10 scale_pct=25 age_ratio=7 host=65568 gc_pages=23583 gc_count=1393 waf_q16=89107 best=46 next=46 settled=1
[1286244.847105] NVMeVirt: WATGC_V2 sample ns=0 part=2 epoch=1 window=264 phase=measure evaluated=46 k=10 scale_pct=25 age_ratio=7 host=65572 gc_pages=23330 gc_count=1389 waf_q16=88853 best=46 next=46 settled=1
[1286247.297242] tee (721764): drop_caches: 3
[1286251.389899] NVMeVirt: WATGC_V2 sample ns=0 part=1 epoch=1 window=263 phase=measure evaluated=5 k=2 scale_pct=50 age_ratio=16 host=65544 gc_pages=22903 gc_count=1382 waf_q16=88436 best=46 next=46 settled=1
[1286252.298230] tee (721770): drop_caches: 3
[1286254.795082] NVMeVirt: WATGC_V2 sample ns=0 part=0 epoch=1 window=263 phase=measure evaluated=46 k=10 scale_pct=25 age_ratio=7 host=65539 gc_pages=23232 gc_count=1387 waf_q16=88766 best=46 next=46 settled=1
[1286255.987464] NVMeVirt: WATGC_V2 sample ns=0 part=3 epoch=1 window=265 phase=measure evaluated=46 k=10 scale_pct=25 age_ratio=7 host=65580 gc_pages=23960 gc_count=1399 waf_q16=89479 best=46 next=46 settled=1
[1286256.871994] tee (721786): drop_caches: 3
[1286257.202387] NVMeVirt: WATGC_V2 sample ns=0 part=2 epoch=1 window=265 phase=measure evaluated=46 k=10 scale_pct=25 age_ratio=7 host=65584 gc_pages=23180 gc_count=1387 waf_q16=88699 best=46 next=46 settled=1
[1286262.318097] tee (721793): drop_caches: 3
[1286267.133962] NVMeVirt: WATGC_V2 sample ns=0 part=0 epoch=1 window=264 phase=measure evaluated=46 k=10 scale_pct=25 age_ratio=7 host=65548 gc_pages=23089 gc_count=1385 waf_q16=88620 best=46 next=46 settled=1
[1286267.323414] tee (721797): drop_caches: 3
[1286268.606858] NVMeVirt: WATGC_V2 sample ns=0 part=3 epoch=1 window=266 phase=measure evaluated=46 k=10 scale_pct=25 age_ratio=7 host=65552 gc_pages=24045 gc_count=1400 waf_q16=89575 best=46 next=46 settled=1
[1286269.746834] NVMeVirt: WATGC_V2 sample ns=0 part=2 epoch=1 window=266 phase=measure evaluated=46 k=10 scale_pct=25 age_ratio=7 host=65569 gc_pages=23198 gc_count=1387 waf_q16=88722 best=46 next=46 settled=1
[1286270.392917] NVMeVirt: WATGC_V2 sample ns=0 part=1 epoch=1 window=264 phase=measure evaluated=46 k=10 scale_pct=25 age_ratio=7 host=65544 gc_pages=23344 gc_count=1389 waf_q16=88877 best=46 next=46 settled=1
[1286272.394879] tee (721801): drop_caches: 3
[1286277.476667] tee (721812): drop_caches: 3
[1286279.927127] NVMeVirt: WATGC_V2 sample ns=0 part=0 epoch=1 window=265 phase=measure evaluated=46 k=10 scale_pct=25 age_ratio=7 host=65564 gc_pages=23265 gc_count=1388 waf_q16=88791 best=46 next=46 settled=1
[1286280.887629] NVMeVirt: WATGC_V2 sample ns=0 part=3 epoch=1 window=267 phase=measure evaluated=46 k=10 scale_pct=25 age_ratio=7 host=65573 gc_pages=24222 gc_count=1403 waf_q16=89744 best=46 next=46 settled=1
[1286281.735447] NVMeVirt: WATGC_V2 sample ns=0 part=2 epoch=1 window=267 phase=measure evaluated=46 k=10 scale_pct=25 age_ratio=7 host=65537 gc_pages=22977 gc_count=1383 waf_q16=88512 best=46 next=6 settled=1
[1286282.400422] NVMeVirt: WATGC_V2 sample ns=0 part=1 epoch=1 window=265 phase=measure evaluated=46 k=10 scale_pct=25 age_ratio=7 host=65581 gc_pages=22549 gc_count=1377 waf_q16=88069 best=46 next=46 settled=1
[1286282.569444] tee (721823): drop_caches: 3
[1286288.134511] tee (721832): drop_caches: 3
[1286292.069680] NVMeVirt: WATGC_V2 sample ns=0 part=0 epoch=1 window=266 phase=measure evaluated=46 k=10 scale_pct=25 age_ratio=7 host=65568 gc_pages=22881 gc_count=1382 waf_q16=88405 best=46 next=6 settled=1
[1286292.852596] NVMeVirt: WATGC_V2 sample ns=0 part=3 epoch=1 window=268 phase=measure evaluated=46 k=10 scale_pct=25 age_ratio=7 host=65541 gc_pages=23159 gc_count=1386 waf_q16=88693 best=46 next=46 settled=1
[1286293.755396] tee (721841): drop_caches: 3
[1286294.925937] NVMeVirt: WATGC_V2 sample ns=0 part=1 epoch=1 window=266 phase=measure evaluated=46 k=10 scale_pct=25 age_ratio=7 host=65555 gc_pages=23147 gc_count=1386 waf_q16=88676 best=46 next=46 settled=1
[1286299.128851] tee (721845): drop_caches: 3
[1286300.052283] NVMeVirt: WATGC_V2 sample ns=0 part=2 epoch=1 window=268 phase=measure evaluated=6 k=2 scale_pct=100 age_ratio=4 host=65575 gc_pages=22292 gc_count=1373 waf_q16=87814 best=46 next=46 settled=1
[1286304.320562] tee (721849): drop_caches: 3
[1286305.222786] NVMeVirt: WATGC_V2 sample ns=0 part=3 epoch=1 window=269 phase=measure evaluated=46 k=10 scale_pct=25 age_ratio=7 host=65561 gc_pages=23530 gc_count=1392 waf_q16=89057 best=46 next=5 settled=1
[1286307.232102] NVMeVirt: WATGC_V2 sample ns=0 part=1 epoch=1 window=267 phase=measure evaluated=46 k=10 scale_pct=25 age_ratio=7 host=65559 gc_pages=23599 gc_count=1393 waf_q16=89126 best=46 next=46 settled=1
[1286309.496850] tee (721860): drop_caches: 3
[1286310.800242] NVMeVirt: WATGC_V2 sample ns=0 part=0 epoch=1 window=267 phase=measure evaluated=6 k=2 scale_pct=100 age_ratio=4 host=65566 gc_pages=22820 gc_count=1381 waf_q16=88345 best=46 next=46 settled=1
[1286314.653539] tee (721873): drop_caches: 3
[1286318.816631] NVMeVirt: WATGC_V2 sample ns=0 part=2 epoch=1 window=269 phase=measure evaluated=46 k=10 scale_pct=25 age_ratio=7 host=65579 gc_pages=22804 gc_count=1381 waf_q16=88325 best=46 next=46 settled=1
[1286319.637721] NVMeVirt: WATGC_V2 sample ns=0 part=1 epoch=1 window=268 phase=measure evaluated=46 k=10 scale_pct=25 age_ratio=7 host=65544 gc_pages=23290 gc_count=1388 waf_q16=88823 best=46 next=46 settled=1
[1286320.177569] tee (721883): drop_caches: 3
[1286323.906480] NVMeVirt: WATGC_V2 sample ns=0 part=3 epoch=1 window=270 phase=measure evaluated=5 k=2 scale_pct=50 age_ratio=16 host=65556 gc_pages=22498 gc_count=1376 waf_q16=88027 best=46 next=46 settled=1
[1286325.509425] tee (721889): drop_caches: 3
[1286329.442024] NVMeVirt: WATGC_V2 sample ns=0 part=0 epoch=1 window=268 phase=measure evaluated=46 k=10 scale_pct=25 age_ratio=7 host=65540 gc_pages=23034 gc_count=1384 waf_q16=88568 best=46 next=46 settled=1
[1286330.682363] tee (721894): drop_caches: 3
[1286330.904727] NVMeVirt: WATGC_V2 sample ns=0 part=2 epoch=1 window=270 phase=measure evaluated=46 k=10 scale_pct=25 age_ratio=7 host=65537 gc_pages=21817 gc_count=1365 waf_q16=87352 best=46 next=46 settled=1
[1286332.115961] NVMeVirt: WATGC_V2 sample ns=0 part=1 epoch=1 window=269 phase=measure evaluated=46 k=10 scale_pct=25 age_ratio=7 host=65549 gc_pages=23289 gc_count=1388 waf_q16=88820 best=46 next=46 settled=1
[1286335.851099] tee (721898): drop_caches: 3
[1286340.967294] tee (721909): drop_caches: 3
[1286341.958658] NVMeVirt: WATGC_V2 sample ns=0 part=0 epoch=1 window=269 phase=measure evaluated=46 k=10 scale_pct=25 age_ratio=7 host=65563 gc_pages=22558 gc_count=1377 waf_q16=88084 best=46 next=46 settled=1
[1286342.578971] NVMeVirt: WATGC_V2 sample ns=0 part=3 epoch=1 window=271 phase=measure evaluated=46 k=10 scale_pct=25 age_ratio=7 host=65568 gc_pages=23068 gc_count=1385 waf_q16=88592 best=46 next=46 settled=1
[1286343.394180] NVMeVirt: WATGC_V2 sample ns=0 part=2 epoch=1 window=271 phase=measure evaluated=46 k=10 scale_pct=25 age_ratio=7 host=65564 gc_pages=23417 gc_count=1390 waf_q16=88942 best=46 next=46 settled=1
[1286344.489809] NVMeVirt: WATGC_V2 sample ns=0 part=1 epoch=1 window=270 phase=measure evaluated=46 k=10 scale_pct=25 age_ratio=7 host=65561 gc_pages=23703 gc_count=1395 waf_q16=89229 best=46 next=46 settled=1
[1286346.061287] tee (721913): drop_caches: 3
[1286351.382288] tee (721924): drop_caches: 3
[1286354.419907] NVMeVirt: WATGC_V2 sample ns=0 part=0 epoch=1 window=270 phase=measure evaluated=46 k=10 scale_pct=25 age_ratio=7 host=65567 gc_pages=23650 gc_count=1394 waf_q16=89174 best=46 next=46 settled=1
[1286354.834176] NVMeVirt: WATGC_V2 sample ns=0 part=3 epoch=1 window=272 phase=measure evaluated=46 k=10 scale_pct=25 age_ratio=7 host=65579 gc_pages=23137 gc_count=1386 waf_q16=88657 best=46 next=46 settled=1
[1286355.557967] NVMeVirt: WATGC_V2 sample ns=0 part=2 epoch=1 window=272 phase=measure evaluated=46 k=10 scale_pct=25 age_ratio=7 host=65553 gc_pages=23267 gc_count=1388 waf_q16=88796 best=46 next=46 settled=1
[1286356.724234] NVMeVirt: WATGC_V2 sample ns=0 part=1 epoch=1 window=271 phase=measure evaluated=46 k=10 scale_pct=25 age_ratio=7 host=65548 gc_pages=23681 gc_count=1394 waf_q16=89212 best=46 next=6 settled=1
[1286356.931388] tee (721930): drop_caches: 3
[1286362.336397] tee (721936): drop_caches: 3
[1286366.417065] NVMeVirt: WATGC_V2 sample ns=0 part=0 epoch=1 window=271 phase=measure evaluated=46 k=10 scale_pct=25 age_ratio=7 host=65563 gc_pages=23135 gc_count=1386 waf_q16=88661 best=46 next=46 settled=1
[1286366.743601] NVMeVirt: WATGC_V2 sample ns=0 part=3 epoch=1 window=273 phase=measure evaluated=46 k=10 scale_pct=25 age_ratio=7 host=65542 gc_pages=22704 gc_count=1379 waf_q16=88237 best=46 next=46 settled=1
[1286367.433274] tee (721947): drop_caches: 3
[1286367.574722] NVMeVirt: WATGC_V2 sample ns=0 part=2 epoch=1 window=273 phase=measure evaluated=46 k=10 scale_pct=25 age_ratio=7 host=65571 gc_pages=22684 gc_count=1379 waf_q16=88207 best=46 next=46 settled=1
[1286372.524307] tee (721951): drop_caches: 3
[1286375.221150] NVMeVirt: WATGC_V2 sample ns=0 part=1 epoch=1 window=272 phase=measure evaluated=6 k=2 scale_pct=100 age_ratio=4 host=65570 gc_pages=22304 gc_count=1373 waf_q16=87828 best=46 next=46 settled=1
[1286378.454860] NVMeVirt: WATGC_V2 sample ns=0 part=0 epoch=1 window=272 phase=measure evaluated=46 k=10 scale_pct=25 age_ratio=7 host=65576 gc_pages=23067 gc_count=1385 waf_q16=88588 best=46 next=46 settled=1
[1286378.791127] NVMeVirt: WATGC_V2 sample ns=0 part=3 epoch=1 window=274 phase=measure evaluated=46 k=10 scale_pct=25 age_ratio=7 host=65565 gc_pages=22381 gc_count=1374 waf_q16=87907 best=46 next=46 settled=1
[1286378.889096] tee (721962): drop_caches: 3
[1286379.776350] NVMeVirt: WATGC_V2 sample ns=0 part=2 epoch=1 window=274 phase=measure evaluated=46 k=10 scale_pct=25 age_ratio=7 host=65555 gc_pages=22701 gc_count=1379 waf_q16=88230 best=46 next=46 settled=1
[1286383.790236] tee (721995): drop_caches: 3
[1286391.012236] NVMeVirt: WATGC_V2 sample ns=0 part=0 epoch=1 window=273 phase=measure evaluated=46 k=10 scale_pct=25 age_ratio=7 host=65546 gc_pages=22780 gc_count=1380 waf_q16=88312 best=46 next=46 settled=1
[1286391.140880] NVMeVirt: WATGC_V2 sample ns=0 part=3 epoch=1 window=275 phase=measure evaluated=46 k=10 scale_pct=25 age_ratio=7 host=65536 gc_pages=23029 gc_count=1384 waf_q16=88565 best=46 next=46 settled=1
[1286391.788105] NVMeVirt: WATGC_V2 sample ns=0 part=2 epoch=1 window=275 phase=measure evaluated=46 k=10 scale_pct=25 age_ratio=7 host=65561 gc_pages=22377 gc_count=1374 waf_q16=87904 best=46 next=46 settled=1
[1286392.277316] tee (722010): drop_caches: 3
[1286393.529330] NVMeVirt: WATGC_V2 sample ns=0 part=1 epoch=1 window=273 phase=measure evaluated=46 k=10 scale_pct=25 age_ratio=7 host=65569 gc_pages=22112 gc_count=1370 waf_q16=87636 best=46 next=46 settled=1
[1286398.037121] tee (722033): drop_caches: 3
[1286403.014296] NVMeVirt: WATGC_V2 sample ns=0 part=0 epoch=1 window=274 phase=measure evaluated=46 k=10 scale_pct=25 age_ratio=7 host=65558 gc_pages=22507 gc_count=1376 waf_q16=88035 best=46 next=46 settled=1
[1286403.120789] NVMeVirt: WATGC_V2 sample ns=0 part=3 epoch=1 window=276 phase=measure evaluated=46 k=10 scale_pct=25 age_ratio=7 host=65565 gc_pages=22767 gc_count=1380 waf_q16=88292 best=46 next=46 settled=1
[1286403.681059] tee (722043): drop_caches: 3
[1286403.715271] NVMeVirt: WATGC_V2 sample ns=0 part=2 epoch=1 window=276 phase=measure evaluated=46 k=10 scale_pct=25 age_ratio=7 host=65558 gc_pages=22816 gc_count=1381 waf_q16=88344 best=46 next=7 settled=1
[1286405.529130] NVMeVirt: WATGC_V2 sample ns=0 part=1 epoch=1 window=274 phase=measure evaluated=46 k=10 scale_pct=25 age_ratio=7 host=65564 gc_pages=22757 gc_count=1380 waf_q16=88283 best=46 next=46 settled=1
[1286408.900850] tee (722047): drop_caches: 3
[1286414.144212] tee (722062): drop_caches: 3
[1286415.360779] NVMeVirt: WATGC_V2 sample ns=0 part=0 epoch=1 window=275 phase=measure evaluated=46 k=10 scale_pct=25 age_ratio=7 host=65572 gc_pages=23320 gc_count=1389 waf_q16=88843 best=46 next=7 settled=1
[1286415.450741] NVMeVirt: WATGC_V2 sample ns=0 part=3 epoch=1 window=277 phase=measure evaluated=46 k=10 scale_pct=25 age_ratio=7 host=65563 gc_pages=23831 gc_count=1397 waf_q16=89357 best=46 next=46 settled=1
[1286417.618428] NVMeVirt: WATGC_V2 sample ns=0 part=1 epoch=1 window=275 phase=measure evaluated=46 k=10 scale_pct=25 age_ratio=7 host=65544 gc_pages=23348 gc_count=1389 waf_q16=88881 best=46 next=46 settled=1
[1286419.947680] tee (722067): drop_caches: 3
[1286422.130109] NVMeVirt: WATGC_V2 sample ns=0 part=2 epoch=1 window=277 phase=measure evaluated=7 k=2 scale_pct=100 age_ratio=7 host=65541 gc_pages=22531 gc_count=1376 waf_q16=88065 best=46 next=46 settled=1
[1286424.995677] tee (722071): drop_caches: 3
[1286427.813266] NVMeVirt: WATGC_V2 sample ns=0 part=3 epoch=1 window=278 phase=measure evaluated=46 k=10 scale_pct=25 age_ratio=7 host=65554 gc_pages=23350 gc_count=1389 waf_q16=88879 best=46 next=6 settled=1
[1286429.800263] NVMeVirt: WATGC_V2 sample ns=0 part=1 epoch=1 window=276 phase=measure evaluated=46 k=10 scale_pct=25 age_ratio=7 host=65549 gc_pages=22892 gc_count=1382 waf_q16=88423 best=46 next=46 settled=1
[1286429.955370] tee (722075): drop_caches: 3
[1286433.892701] NVMeVirt: WATGC_V2 sample ns=0 part=0 epoch=1 window=276 phase=measure evaluated=7 k=2 scale_pct=100 age_ratio=7 host=65556 gc_pages=22451 gc_count=1375 waf_q16=87980 best=46 next=46 settled=1
[1286435.527380] tee (722081): drop_caches: 3
[1286440.280340] NVMeVirt: WATGC_V2 sample ns=0 part=2 epoch=1 window=278 phase=measure evaluated=46 k=10 scale_pct=25 age_ratio=7 host=65561 gc_pages=21663 gc_count=1363 waf_q16=87190 best=46 next=46 settled=1
[1286440.633256] tee (722085): drop_caches: 3
[1286442.409366] NVMeVirt: WATGC_V2 sample ns=0 part=1 epoch=1 window=277 phase=measure evaluated=46 k=10 scale_pct=25 age_ratio=7 host=65547 gc_pages=22843 gc_count=1381 waf_q16=88375 best=46 next=46 settled=1
[1286445.649859] tee (722096): drop_caches: 3
[1286446.126363] NVMeVirt: WATGC_V2 sample ns=0 part=3 epoch=1 window=279 phase=measure evaluated=6 k=2 scale_pct=100 age_ratio=4 host=65544 gc_pages=21824 gc_count=1365 waf_q16=87357 best=46 next=46 settled=1
[1286451.017747] tee (722101): drop_caches: 3
[1286452.676049] NVMeVirt: WATGC_V2 sample ns=0 part=0 epoch=1 window=277 phase=measure evaluated=46 k=10 scale_pct=25 age_ratio=7 host=65567 gc_pages=22424 gc_count=1375 waf_q16=87949 best=46 next=46 settled=1
[1286452.880094] NVMeVirt: WATGC_V2 sample ns=0 part=2 epoch=1 window=279 phase=measure evaluated=46 k=10 scale_pct=25 age_ratio=7 host=65563 gc_pages=22567 gc_count=1377 waf_q16=88093 best=46 next=46 settled=1
[1286454.733417] NVMeVirt: WATGC_V2 sample ns=0 part=1 epoch=1 window=278 phase=measure evaluated=46 k=10 scale_pct=25 age_ratio=7 host=65568 gc_pages=23393 gc_count=1390 waf_q16=88917 best=46 next=46 settled=1
[1286456.133846] tee (722105): drop_caches: 3
[1286461.682549] tee (722119): drop_caches: 3
[1286464.734162] NVMeVirt: WATGC_V2 sample ns=0 part=3 epoch=1 window=280 phase=measure evaluated=46 k=10 scale_pct=25 age_ratio=7 host=65584 gc_pages=22788 gc_count=1381 waf_q16=88307 best=46 next=46 settled=1
[1286464.964371] NVMeVirt: WATGC_V2 sample ns=0 part=0 epoch=1 window=278 phase=measure evaluated=46 k=10 scale_pct=25 age_ratio=7 host=65540 gc_pages=22406 gc_count=1374 waf_q16=87940 best=46 next=46 settled=1
[1286464.990826] NVMeVirt: WATGC_V2 sample ns=0 part=2 epoch=1 window=280 phase=measure evaluated=46 k=10 scale_pct=25 age_ratio=7 host=65572 gc_pages=22428 gc_count=1375 waf_q16=87951 best=46 next=46 settled=1
[1286466.767000] NVMeVirt: WATGC_V2 sample ns=0 part=1 epoch=1 window=279 phase=measure evaluated=46 k=10 scale_pct=25 age_ratio=7 host=65556 gc_pages=22761 gc_count=1380 waf_q16=88290 best=46 next=46 settled=1
[1286466.917037] tee (722124): drop_caches: 3
[1286472.566231] tee (722133): drop_caches: 3
[1286476.766487] NVMeVirt: WATGC_V2 sample ns=0 part=3 epoch=1 window=281 phase=measure evaluated=46 k=10 scale_pct=25 age_ratio=7 host=65572 gc_pages=22752 gc_count=1380 waf_q16=88275 best=46 next=46 settled=1
[1286476.985623] NVMeVirt: WATGC_V2 sample ns=0 part=2 epoch=1 window=281 phase=measure evaluated=46 k=10 scale_pct=25 age_ratio=7 host=65557 gc_pages=22510 gc_count=1376 waf_q16=88038 best=46 next=46 settled=1
[1286477.069534] NVMeVirt: WATGC_V2 sample ns=0 part=0 epoch=1 window=279 phase=measure evaluated=46 k=10 scale_pct=25 age_ratio=7 host=65557 gc_pages=22499 gc_count=1376 waf_q16=88027 best=46 next=46 settled=1
[1286477.142407] tee (722145): drop_caches: 3
[1286479.324995] NVMeVirt: WATGC_V2 sample ns=0 part=1 epoch=1 window=280 phase=measure evaluated=46 k=10 scale_pct=25 age_ratio=7 host=65570 gc_pages=23523 gc_count=1392 waf_q16=89046 best=46 next=7 settled=1
[1286482.575739] tee (722151): drop_caches: 3
[1286487.641882] tee (722162): drop_caches: 3
[1286489.263145] NVMeVirt: WATGC_V2 sample ns=0 part=3 epoch=1 window=282 phase=measure evaluated=46 k=10 scale_pct=25 age_ratio=7 host=65559 gc_pages=22759 gc_count=1380 waf_q16=88287 best=46 next=46 settled=1
[1286489.537667] NVMeVirt: WATGC_V2 sample ns=0 part=2 epoch=1 window=282 phase=measure evaluated=46 k=10 scale_pct=25 age_ratio=7 host=65569 gc_pages=22499 gc_count=1376 waf_q16=88023 best=46 next=46 settled=1
[1286489.678915] NVMeVirt: WATGC_V2 sample ns=0 part=0 epoch=1 window=280 phase=measure evaluated=46 k=10 scale_pct=25 age_ratio=7 host=65582 gc_pages=23511 gc_count=1392 waf_q16=89030 best=46 next=46 settled=1
[1286492.573456] tee (722166): drop_caches: 3
[1286497.659379] NVMeVirt: WATGC_V2 sample ns=0 part=1 epoch=1 window=281 phase=measure evaluated=7 k=2 scale_pct=100 age_ratio=7 host=65551 gc_pages=21937 gc_count=1367 waf_q16=87467 best=46 next=46 settled=1
[1286497.815946] tee (722170): drop_caches: 3
[1286501.536505] NVMeVirt: WATGC_V2 sample ns=0 part=3 epoch=1 window=283 phase=measure evaluated=46 k=10 scale_pct=25 age_ratio=7 host=65560 gc_pages=23336 gc_count=1389 waf_q16=88863 best=46 next=46 settled=1
[1286501.725316] NVMeVirt: WATGC_V2 sample ns=0 part=2 epoch=1 window=283 phase=measure evaluated=46 k=10 scale_pct=25 age_ratio=7 host=65561 gc_pages=22817 gc_count=1381 waf_q16=88344 best=46 next=46 settled=1
[1286501.947577] NVMeVirt: WATGC_V2 sample ns=0 part=0 epoch=1 window=281 phase=measure evaluated=46 k=10 scale_pct=25 age_ratio=7 host=65544 gc_pages=22769 gc_count=1380 waf_q16=88302 best=46 next=46 settled=1
[1286503.350316] tee (722179): drop_caches: 3
[1286508.686698] tee (722192): drop_caches: 3
[1286513.532611] NVMeVirt: WATGC_V2 sample ns=0 part=3 epoch=1 window=284 phase=measure evaluated=46 k=10 scale_pct=25 age_ratio=7 host=65554 gc_pages=22767 gc_count=1380 waf_q16=88296 best=46 next=46 settled=1
[1286513.654920] NVMeVirt: WATGC_V2 sample ns=0 part=2 epoch=1 window=284 phase=measure evaluated=46 k=10 scale_pct=25 age_ratio=7 host=65543 gc_pages=22263 gc_count=1372 waf_q16=87796 best=46 next=46 settled=1
[1286513.883062] tee (722197): drop_caches: 3
[1286514.185880] NVMeVirt: WATGC_V2 sample ns=0 part=0 epoch=1 window=282 phase=measure evaluated=46 k=10 scale_pct=25 age_ratio=7 host=65567 gc_pages=22692 gc_count=1379 waf_q16=88217 best=46 next=46 settled=1
[1286516.329609] NVMeVirt: WATGC_V2 sample ns=0 part=1 epoch=1 window=282 phase=measure evaluated=46 k=10 scale_pct=25 age_ratio=7 host=65577 gc_pages=22358 gc_count=1374 waf_q16=87880 best=46 next=46 settled=1
[1286518.891468] tee (722208): drop_caches: 3
[1286523.859401] tee (722212): drop_caches: 3
[1286526.224683] NVMeVirt: WATGC_V2 sample ns=0 part=3 epoch=1 window=285 phase=measure evaluated=46 k=10 scale_pct=25 age_ratio=7 host=65550 gc_pages=23157 gc_count=1386 waf_q16=88688 best=46 next=46 settled=1
[1286526.288997] NVMeVirt: WATGC_V2 sample ns=0 part=2 epoch=1 window=285 phase=measure evaluated=46 k=10 scale_pct=25 age_ratio=7 host=65538 gc_pages=23103 gc_count=1385 waf_q16=88638 best=46 next=8 settled=1
[1286526.756080] NVMeVirt: WATGC_V2 sample ns=0 part=0 epoch=1 window=283 phase=measure evaluated=46 k=10 scale_pct=25 age_ratio=7 host=65566 gc_pages=23716 gc_count=1395 waf_q16=89241 best=46 next=46 settled=1
[1286528.592114] NVMeVirt: WATGC_V2 sample ns=0 part=1 epoch=1 window=283 phase=measure evaluated=46 k=10 scale_pct=25 age_ratio=7 host=65542 gc_pages=22662 gc_count=1378 waf_q16=88195 best=46 next=46 settled=1
[1286528.954250] tee (722216): drop_caches: 3
[1286534.132865] tee (722225): drop_caches: 3
[1286538.379610] NVMeVirt: WATGC_V2 sample ns=0 part=3 epoch=1 window=286 phase=measure evaluated=46 k=10 scale_pct=25 age_ratio=7 host=65548 gc_pages=23086 gc_count=1385 waf_q16=88617 best=46 next=46 settled=1
[1286538.922467] NVMeVirt: WATGC_V2 sample ns=0 part=0 epoch=1 window=284 phase=measure evaluated=46 k=10 scale_pct=25 age_ratio=7 host=65580 gc_pages=22418 gc_count=1375 waf_q16=87938 best=46 next=8 settled=1
[1286539.558927] tee (722231): drop_caches: 3
[1286541.167143] NVMeVirt: WATGC_V2 sample ns=0 part=1 epoch=1 window=284 phase=measure evaluated=46 k=10 scale_pct=25 age_ratio=7 host=65557 gc_pages=23273 gc_count=1388 waf_q16=88801 best=46 next=46 settled=1
[1286544.505980] NVMeVirt: WATGC_V2 sample ns=0 part=2 epoch=1 window=286 phase=measure evaluated=8 k=2 scale_pct=100 age_ratio=16 host=65576 gc_pages=21658 gc_count=1363 waf_q16=87180 best=46 next=46 settled=1
[1286544.958297] tee (722236): drop_caches: 3
[1286550.234104] tee (722247): drop_caches: 3
[1286550.783822] NVMeVirt: WATGC_V2 sample ns=0 part=3 epoch=1 window=287 phase=measure evaluated=46 k=10 scale_pct=25 age_ratio=7 host=65574 gc_pages=22623 gc_count=1378 waf_q16=88145 best=46 next=7 settled=1
[1286553.384012] NVMeVirt: WATGC_V2 sample ns=0 part=1 epoch=1 window=285 phase=measure evaluated=46 k=10 scale_pct=25 age_ratio=7 host=65586 gc_pages=23555 gc_count=1393 waf_q16=89073 best=46 next=46 settled=1
[1286555.344622] tee (722255): drop_caches: 3
[1286557.684234] NVMeVirt: WATGC_V2 sample ns=0 part=0 epoch=1 window=285 phase=measure evaluated=8 k=2 scale_pct=100 age_ratio=16 host=65574 gc_pages=22303 gc_count=1373 waf_q16=87826 best=46 next=46 settled=1
[1286560.780572] tee (722259): drop_caches: 3
[1286563.135294] NVMeVirt: WATGC_V2 sample ns=0 part=2 epoch=1 window=287 phase=measure evaluated=46 k=10 scale_pct=25 age_ratio=7 host=65542 gc_pages=22526 gc_count=1376 waf_q16=88059 best=46 next=46 settled=1
[1286565.675286] NVMeVirt: WATGC_V2 sample ns=0 part=1 epoch=1 window=286 phase=measure evaluated=46 k=10 scale_pct=25 age_ratio=7 host=65557 gc_pages=22383 gc_count=1374 waf_q16=87911 best=46 next=46 settled=1
[1286565.887163] tee (722275): drop_caches: 3
[1286569.317397] NVMeVirt: WATGC_V2 sample ns=0 part=3 epoch=1 window=288 phase=measure evaluated=7 k=2 scale_pct=100 age_ratio=7 host=65537 gc_pages=22848 gc_count=1381 waf_q16=88383 best=46 next=46 settled=1
[1286570.979760] tee (722280): drop_caches: 3
[1286575.307266] NVMeVirt: WATGC_V2 sample ns=0 part=2 epoch=1 window=288 phase=measure evaluated=46 k=10 scale_pct=25 age_ratio=7 host=65555 gc_pages=22068 gc_count=1369 waf_q16=87597 best=46 next=46 settled=1
[1286576.116200] NVMeVirt: WATGC_V2 sample ns=0 part=0 epoch=1 window=286 phase=measure evaluated=46 k=10 scale_pct=25 age_ratio=7 host=65538 gc_pages=21953 gc_count=1367 waf_q16=87488 best=46 next=46 settled=1
[1286576.287431] tee (722286): drop_caches: 3
[1286578.385522] NVMeVirt: WATGC_V2 sample ns=0 part=1 epoch=1 window=287 phase=measure evaluated=46 k=10 scale_pct=25 age_ratio=7 host=65543 gc_pages=23042 gc_count=1384 waf_q16=88575 best=46 next=46 settled=1
[1286581.353435] tee (722297): drop_caches: 3
[1286586.474304] tee (722301): drop_caches: 3
[1286587.550209] NVMeVirt: WATGC_V2 sample ns=0 part=2 epoch=1 window=289 phase=measure evaluated=46 k=10 scale_pct=25 age_ratio=7 host=65553 gc_pages=22450 gc_count=1375 waf_q16=87980 best=46 next=46 settled=1
[1286587.631815] NVMeVirt: WATGC_V2 sample ns=0 part=3 epoch=1 window=289 phase=measure evaluated=46 k=10 scale_pct=25 age_ratio=7 host=65570 gc_pages=22173 gc_count=1371 waf_q16=87697 best=46 next=46 settled=1
[1286588.622997] NVMeVirt: WATGC_V2 sample ns=0 part=0 epoch=1 window=287 phase=measure evaluated=46 k=10 scale_pct=25 age_ratio=7 host=65537 gc_pages=22453 gc_count=1375 waf_q16=87988 best=46 next=46 settled=1
[1286590.410561] NVMeVirt: WATGC_V2 sample ns=0 part=1 epoch=1 window=288 phase=measure evaluated=46 k=10 scale_pct=25 age_ratio=7 host=65545 gc_pages=22641 gc_count=1378 waf_q16=88173 best=46 next=46 settled=1
[1286591.553801] tee (722305): drop_caches: 3
[1286596.622472] tee (722321): drop_caches: 3
[1286599.816631] NVMeVirt: WATGC_V2 sample ns=0 part=2 epoch=1 window=290 phase=measure evaluated=46 k=10 scale_pct=25 age_ratio=7 host=65554 gc_pages=22431 gc_count=1375 waf_q16=87960 best=46 next=46 settled=1
[1286599.875334] NVMeVirt: WATGC_V2 sample ns=0 part=3 epoch=1 window=290 phase=measure evaluated=46 k=10 scale_pct=25 age_ratio=7 host=65545 gc_pages=22904 gc_count=1382 waf_q16=88436 best=46 next=46 settled=1
[1286600.826346] NVMeVirt: WATGC_V2 sample ns=0 part=0 epoch=1 window=288 phase=measure evaluated=46 k=10 scale_pct=25 age_ratio=7 host=65537 gc_pages=22145 gc_count=1370 waf_q16=87680 best=46 next=46 settled=1
[1286601.776452] tee (722325): drop_caches: 3
[1286602.952464] NVMeVirt: WATGC_V2 sample ns=0 part=1 epoch=1 window=289 phase=measure evaluated=46 k=10 scale_pct=25 age_ratio=7 host=65570 gc_pages=22436 gc_count=1375 waf_q16=87960 best=46 next=8 settled=1
[1286606.819037] tee (722339): drop_caches: 3
[1286611.457140] tee (722343): drop_caches: 3
[1286612.372661] NVMeVirt: WATGC_V2 sample ns=0 part=2 epoch=1 window=291 phase=measure evaluated=46 k=10 scale_pct=25 age_ratio=7 host=65538 gc_pages=22474 gc_count=1375 waf_q16=88009 best=46 next=46 settled=1
[1286612.476570] NVMeVirt: WATGC_V2 sample ns=0 part=3 epoch=1 window=291 phase=measure evaluated=46 k=10 scale_pct=25 age_ratio=7 host=65564 gc_pages=22754 gc_count=1380 waf_q16=88280 best=46 next=46 settled=1
[1286613.686298] NVMeVirt: WATGC_V2 sample ns=0 part=0 epoch=1 window=289 phase=measure evaluated=46 k=10 scale_pct=25 age_ratio=7 host=65549 gc_pages=23355 gc_count=1389 waf_q16=88886 best=46 next=46 settled=1
[1286617.330393] tee (722353): drop_caches: 3
[1286621.470809] NVMeVirt: WATGC_V2 sample ns=0 part=1 epoch=1 window=290 phase=measure evaluated=8 k=2 scale_pct=100 age_ratio=16 host=65545 gc_pages=22399 gc_count=1374 waf_q16=87931 best=46 next=46 settled=1
[1286622.394283] tee (722357): drop_caches: 3
[1286624.787832] NVMeVirt: WATGC_V2 sample ns=0 part=2 epoch=1 window=292 phase=measure evaluated=46 k=10 scale_pct=25 age_ratio=7 host=65551 gc_pages=22895 gc_count=1382 waf_q16=88425 best=46 next=46 settled=1
[1286624.911781] NVMeVirt: WATGC_V2 sample ns=0 part=3 epoch=1 window=292 phase=measure evaluated=46 k=10 scale_pct=25 age_ratio=7 host=65577 gc_pages=23513 gc_count=1392 waf_q16=89034 best=46 next=46 settled=1
[1286626.135249] NVMeVirt: WATGC_V2 sample ns=0 part=0 epoch=1 window=290 phase=measure evaluated=46 k=10 scale_pct=25 age_ratio=7 host=65588 gc_pages=22665 gc_count=1379 waf_q16=88183 best=46 next=46 settled=1
[1286627.425648] tee (722373): drop_caches: 3
[1286632.448976] tee (722377): drop_caches: 3
[1286636.841355] tee (722391): drop_caches: 3
[1286637.224369] NVMeVirt: WATGC_V2 sample ns=0 part=2 epoch=1 window=293 phase=measure evaluated=46 k=10 scale_pct=25 age_ratio=7 host=65547 gc_pages=22638 gc_count=1378 waf_q16=88170 best=46 next=46 settled=1
[1286637.417832] NVMeVirt: WATGC_V2 sample ns=0 part=3 epoch=1 window=293 phase=measure evaluated=46 k=10 scale_pct=25 age_ratio=7 host=65568 gc_pages=22482 gc_count=1376 waf_q16=88007 best=46 next=46 settled=1
[1286638.907072] NVMeVirt: WATGC_V2 sample ns=0 part=0 epoch=1 window=291 phase=measure evaluated=46 k=10 scale_pct=25 age_ratio=7 host=65565 gc_pages=22690 gc_count=1379 waf_q16=88215 best=46 next=46 settled=1
[1286640.553142] NVMeVirt: WATGC_V2 sample ns=0 part=1 epoch=1 window=291 phase=measure evaluated=46 k=10 scale_pct=25 age_ratio=7 host=65563 gc_pages=22568 gc_count=1377 waf_q16=88094 best=46 next=46 settled=1
[1286642.181451] tee (722395): drop_caches: 3
[1286647.135906] tee (722399): drop_caches: 3
[1286649.565509] NVMeVirt: WATGC_V2 sample ns=0 part=2 epoch=1 window=294 phase=measure evaluated=46 k=10 scale_pct=25 age_ratio=7 host=65544 gc_pages=22843 gc_count=1381 waf_q16=88376 best=46 next=9 settled=1
[1286649.708966] NVMeVirt: WATGC_V2 sample ns=0 part=3 epoch=1 window=294 phase=measure evaluated=46 k=10 scale_pct=25 age_ratio=7 host=65554 gc_pages=23039 gc_count=1384 waf_q16=88568 best=46 next=46 settled=1
[1286651.054256] NVMeVirt: WATGC_V2 sample ns=0 part=0 epoch=1 window=292 phase=measure evaluated=46 k=10 scale_pct=25 age_ratio=7 host=65562 gc_pages=22562 gc_count=1377 waf_q16=88089 best=46 next=46 settled=1
[1286652.411394] NVMeVirt: WATGC_V2 sample ns=0 part=1 epoch=1 window=292 phase=measure evaluated=46 k=10 scale_pct=25 age_ratio=7 host=65573 gc_pages=21913 gc_count=1367 waf_q16=87436 best=46 next=46 settled=1
[1286652.665264] tee (722403): drop_caches: 3
[1286657.807488] tee (722419): drop_caches: 3
[1286661.872252] NVMeVirt: WATGC_V2 sample ns=0 part=3 epoch=1 window=295 phase=measure evaluated=46 k=10 scale_pct=25 age_ratio=7 host=65576 gc_pages=23006 gc_count=1384 waf_q16=88527 best=46 next=46 settled=1
[1286662.725821] tee (722424): drop_caches: 3
[1286663.666487] NVMeVirt: WATGC_V2 sample ns=0 part=0 epoch=1 window=293 phase=measure evaluated=46 k=10 scale_pct=25 age_ratio=7 host=65548 gc_pages=22578 gc_count=1377 waf_q16=88109 best=46 next=9 settled=1
[1286665.254715] NVMeVirt: WATGC_V2 sample ns=0 part=1 epoch=1 window=293 phase=measure evaluated=46 k=10 scale_pct=25 age_ratio=7 host=65555 gc_pages=23792 gc_count=1396 waf_q16=89321 best=46 next=46 settled=1
[1286667.109990] tee (722438): drop_caches: 3
[1286668.088261] NVMeVirt: WATGC_V2 sample ns=0 part=2 epoch=1 window=295 phase=measure evaluated=9 k=2 scale_pct=200 age_ratio=4 host=65559 gc_pages=21096 gc_count=1354 waf_q16=86624 best=46 next=46 settled=1
[1286672.269810] tee (722442): drop_caches: 3
[1286674.429113] NVMeVirt: WATGC_V2 sample ns=0 part=3 epoch=1 window=296 phase=measure evaluated=46 k=10 scale_pct=25 age_ratio=7 host=65585 gc_pages=23363 gc_count=1390 waf_q16=88881 best=46 next=8 settled=1
[1286677.251597] NVMeVirt: WATGC_V2 sample ns=0 part=1 epoch=1 window=294 phase=measure evaluated=46 k=10 scale_pct=25 age_ratio=7 host=65555 gc_pages=22566 gc_count=1377 waf_q16=88095 best=46 next=46 settled=1
[1286677.275759] tee (722448): drop_caches: 3
[1286681.984814] NVMeVirt: WATGC_V2 sample ns=0 part=0 epoch=1 window=294 phase=measure evaluated=9 k=2 scale_pct=200 age_ratio=4 host=65536 gc_pages=21239 gc_count=1356 waf_q16=86775 best=46 next=46 settled=1
[1286682.342126] tee (722452): drop_caches: 3
[1286686.441782] NVMeVirt: WATGC_V2 sample ns=0 part=2 epoch=1 window=296 phase=measure evaluated=46 k=10 scale_pct=25 age_ratio=7 host=65582 gc_pages=22285 gc_count=1373 waf_q16=87805 best=46 next=46 settled=1
[1286687.433486] tee (722515): drop_caches: 3
[1286690.017768] NVMeVirt: WATGC_V2 sample ns=0 part=1 epoch=1 window=295 phase=measure evaluated=46 k=10 scale_pct=25 age_ratio=7 host=65566 gc_pages=23398 gc_count=1390 waf_q16=88923 best=46 next=46 settled=1
[1286692.626295] NVMeVirt: WATGC_V2 sample ns=0 part=3 epoch=1 window=297 phase=measure evaluated=8 k=2 scale_pct=100 age_ratio=16 host=65555 gc_pages=21412 gc_count=1359 waf_q16=86941 best=46 next=46 settled=1
[1286694.117377] tee (722542): drop_caches: 3
[1286698.381867] NVMeVirt: WATGC_V2 sample ns=0 part=2 epoch=1 window=297 phase=measure evaluated=46 k=10 scale_pct=25 age_ratio=7 host=65546 gc_pages=22130 gc_count=1370 waf_q16=87662 best=46 next=46 settled=1
[1286699.704141] tee (722551): drop_caches: 3
[1286700.539898] NVMeVirt: WATGC_V2 sample ns=0 part=0 epoch=1 window=295 phase=measure evaluated=46 k=10 scale_pct=25 age_ratio=7 host=65536 gc_pages=21823 gc_count=1365 waf_q16=87359 best=46 next=46 settled=1
[1286701.993177] NVMeVirt: WATGC_V2 sample ns=0 part=1 epoch=1 window=296 phase=measure evaluated=46 k=10 scale_pct=25 age_ratio=7 host=65537 gc_pages=22218 gc_count=1371 waf_q16=87753 best=46 next=46 settled=1
[1286707.509766] tee (722557): drop_caches: 3
[1286710.075682] NVMeVirt: WATGC_V2 sample ns=0 part=2 epoch=1 window=298 phase=measure evaluated=46 k=10 scale_pct=25 age_ratio=7 host=65552 gc_pages=21809 gc_count=1365 waf_q16=87339 best=46 next=46 settled=1
[1286710.339895] NVMeVirt: WATGC_V2 sample ns=0 part=3 epoch=1 window=298 phase=measure evaluated=46 k=10 scale_pct=25 age_ratio=7 host=65537 gc_pages=21505 gc_count=1360 waf_q16=87040 best=46 next=46 settled=1
[1286712.089833] NVMeVirt: WATGC_V2 sample ns=0 part=0 epoch=1 window=296 phase=measure evaluated=46 k=10 scale_pct=25 age_ratio=7 host=65572 gc_pages=21453 gc_count=1360 waf_q16=86977 best=46 next=46 settled=1
[1286713.243472] NVMeVirt: WATGC_V2 sample ns=0 part=1 epoch=1 window=297 phase=measure evaluated=46 k=10 scale_pct=25 age_ratio=7 host=65552 gc_pages=21547 gc_count=1361 waf_q16=87077 best=46 next=46 settled=1
[1286714.834650] tee (722575): drop_caches: 3
[1286720.576246] tee (722611): drop_caches: 3
[1286722.068876] NVMeVirt: WATGC_V2 reset ns=0 part=2 epoch=1 window=299 arm=46 reason=waf-drift reference_q16=100345 sample_q16=87436
[1286722.068883] NVMeVirt: WATGC_V2 sample ns=0 part=2 epoch=2 window=299 phase=measure evaluated=46 k=10 scale_pct=25 age_ratio=7 host=65576 gc_pages=21914 gc_count=1367 waf_q16=87436 best=46 next=0 settled=0
[1286722.426169] NVMeVirt: WATGC_V2 sample ns=0 part=3 epoch=1 window=299 phase=measure evaluated=46 k=10 scale_pct=25 age_ratio=7 host=65547 gc_pages=22142 gc_count=1370 waf_q16=87674 best=46 next=46 settled=1
[1286724.302980] NVMeVirt: WATGC_V2 sample ns=0 part=0 epoch=1 window=297 phase=measure evaluated=46 k=10 scale_pct=25 age_ratio=7 host=65554 gc_pages=22528 gc_count=1376 waf_q16=88057 best=46 next=46 settled=1
[1286725.430823] NVMeVirt: WATGC_V2 sample ns=0 part=1 epoch=1 window=298 phase=measure evaluated=46 k=10 scale_pct=25 age_ratio=7 host=65561 gc_pages=22686 gc_count=1379 waf_q16=88213 best=46 next=9 settled=1
[1286725.781005] tee (722615): drop_caches: 3
[1286730.178112] tee (722631): drop_caches: 3
[1286734.549168] NVMeVirt: WATGC_V2 sample ns=0 part=3 epoch=1 window=300 phase=measure evaluated=46 k=10 scale_pct=25 age_ratio=7 host=65543 gc_pages=22707 gc_count=1379 waf_q16=88240 best=46 next=46 settled=1
[1286735.206637] tee (722635): drop_caches: 3
[1286736.833160] NVMeVirt: WATGC_V2 sample ns=0 part=0 epoch=1 window=298 phase=measure evaluated=46 k=10 scale_pct=25 age_ratio=7 host=65578 gc_pages=22599 gc_count=1378 waf_q16=88120 best=46 next=46 settled=1
[1286740.189900] tee (722639): drop_caches: 3
[1286740.310905] NVMeVirt: WATGC_V2 sample ns=0 part=2 epoch=2 window=300 phase=measure evaluated=0 k=2 scale_pct=25 age_ratio=4 host=65577 gc_pages=21723 gc_count=1364 waf_q16=87245 best=46 next=1 settled=0
[1286744.149608] NVMeVirt: WATGC_V2 sample ns=0 part=1 epoch=1 window=299 phase=measure evaluated=9 k=2 scale_pct=200 age_ratio=4 host=65568 gc_pages=22038 gc_count=1369 waf_q16=87563 best=46 next=46 settled=1
[1286745.098379] tee (722651): drop_caches: 3
[1286747.155765] NVMeVirt: WATGC_V2 sample ns=0 part=3 epoch=1 window=301 phase=measure evaluated=46 k=10 scale_pct=25 age_ratio=7 host=65553 gc_pages=22444 gc_count=1375 waf_q16=87974 best=46 next=46 settled=1
[1286749.139931] NVMeVirt: WATGC_V2 sample ns=0 part=0 epoch=1 window=299 phase=measure evaluated=46 k=10 scale_pct=25 age_ratio=7 host=65574 gc_pages=23005 gc_count=1384 waf_q16=88527 best=46 next=46 settled=1
[1286750.081981] tee (722660): drop_caches: 3
[1286755.002303] tee (722664): drop_caches: 3
[1286758.927122] NVMeVirt: WATGC_V2 sample ns=0 part=2 epoch=2 window=301 phase=measure evaluated=1 k=2 scale_pct=25 age_ratio=7 host=65572 gc_pages=21980 gc_count=1368 waf_q16=87503 best=46 next=2 settled=0
[1286759.326623] NVMeVirt: WATGC_V2 sample ns=0 part=3 epoch=1 window=302 phase=measure evaluated=46 k=10 scale_pct=25 age_ratio=7 host=65557 gc_pages=22761 gc_count=1380 waf_q16=88289 best=46 next=46 settled=1
[1286759.798608] tee (722680): drop_caches: 3
[1286761.730432] NVMeVirt: WATGC_V2 sample ns=0 part=0 epoch=1 window=300 phase=measure evaluated=46 k=10 scale_pct=25 age_ratio=7 host=65538 gc_pages=22658 gc_count=1378 waf_q16=88193 best=46 next=46 settled=1
[1286762.890277] NVMeVirt: WATGC_V2 sample ns=0 part=1 epoch=1 window=300 phase=measure evaluated=46 k=10 scale_pct=25 age_ratio=7 host=65559 gc_pages=22941 gc_count=1383 waf_q16=88468 best=46 next=46 settled=1
[1286765.040964] tee (722686): drop_caches: 3
[1286770.089029] tee (722690): drop_caches: 3
[1286771.872933] NVMeVirt: WATGC_V2 sample ns=0 part=3 epoch=1 window=303 phase=measure evaluated=46 k=10 scale_pct=25 age_ratio=7 host=65539 gc_pages=22844 gc_count=1381 waf_q16=88378 best=46 next=46 settled=1
[1286774.012806] NVMeVirt: WATGC_V2 sample ns=0 part=0 epoch=1 window=301 phase=measure evaluated=46 k=10 scale_pct=25 age_ratio=7 host=65579 gc_pages=22870 gc_count=1382 waf_q16=88391 best=46 next=46 settled=1
[1286775.033558] tee (722694): drop_caches: 3
[1286775.098503] NVMeVirt: WATGC_V2 sample ns=0 part=1 epoch=1 window=301 phase=measure evaluated=46 k=10 scale_pct=25 age_ratio=7 host=65579 gc_pages=22615 gc_count=1378 waf_q16=88136 best=46 next=46 settled=1
[1286777.455899] NVMeVirt: WATGC_V2 sample ns=0 part=2 epoch=2 window=302 phase=measure evaluated=2 k=2 scale_pct=25 age_ratio=16 host=65586 gc_pages=21640 gc_count=1363 waf_q16=87159 best=46 next=3 settled=0
[1286780.151064] tee (722703): drop_caches: 3
[1286783.999476] NVMeVirt: WATGC_V2 sample ns=0 part=3 epoch=1 window=304 phase=measure evaluated=46 k=10 scale_pct=25 age_ratio=7 host=65549 gc_pages=22837 gc_count=1381 waf_q16=88368 best=46 next=46 settled=1
[1286785.153811] tee (722707): drop_caches: 3
[1286786.398077] NVMeVirt: WATGC_V2 sample ns=0 part=0 epoch=1 window=302 phase=measure evaluated=46 k=10 scale_pct=25 age_ratio=7 host=65543 gc_pages=22328 gc_count=1373 waf_q16=87861 best=46 next=10 settled=1
[1286787.539012] NVMeVirt: WATGC_V2 sample ns=0 part=1 epoch=1 window=302 phase=measure evaluated=46 k=10 scale_pct=25 age_ratio=7 host=65568 gc_pages=22884 gc_count=1382 waf_q16=88408 best=46 next=46 settled=1
[1286790.310003] tee (722712): drop_caches: 3
[1286794.689853] tee (722720): drop_caches: 3
[1286795.788233] NVMeVirt: WATGC_V2 sample ns=0 part=2 epoch=2 window=303 phase=measure evaluated=3 k=2 scale_pct=50 age_ratio=4 host=65548 gc_pages=20978 gc_count=1352 waf_q16=86510 best=3 next=4 settled=0
[1286796.495114] NVMeVirt: WATGC_V2 sample ns=0 part=3 epoch=1 window=305 phase=measure evaluated=46 k=10 scale_pct=25 age_ratio=7 host=65579 gc_pages=22807 gc_count=1381 waf_q16=88328 best=46 next=9 settled=1
[1286799.745597] NVMeVirt: WATGC_V2 sample ns=0 part=1 epoch=1 window=303 phase=measure evaluated=46 k=10 scale_pct=25 age_ratio=7 host=65556 gc_pages=22831 gc_count=1381 waf_q16=88360 best=46 next=46 settled=1
[1286800.372072] tee (722724): drop_caches: 3
[1286804.744138] NVMeVirt: WATGC_V2 sample ns=0 part=0 epoch=1 window=303 phase=measure evaluated=10 k=2 scale_pct=200 age_ratio=7 host=65573 gc_pages=21595 gc_count=1362 waf_q16=87118 best=46 next=46 settled=1
[1286805.297157] tee (722728): drop_caches: 3
[1286810.272369] tee (722737): drop_caches: 3
[1286812.328510] NVMeVirt: WATGC_V2 sample ns=0 part=1 epoch=1 window=304 phase=measure evaluated=46 k=10 scale_pct=25 age_ratio=7 host=65575 gc_pages=22868 gc_count=1382 waf_q16=88390 best=46 next=46 settled=1
[1286814.051354] NVMeVirt: WATGC_V2 sample ns=0 part=2 epoch=2 window=304 phase=measure evaluated=4 k=2 scale_pct=50 age_ratio=7 host=65551 gc_pages=21873 gc_count=1366 waf_q16=87403 best=3 next=5 settled=0
[1286814.639732] NVMeVirt: WATGC_V2 sample ns=0 part=3 epoch=1 window=306 phase=measure evaluated=9 k=2 scale_pct=200 age_ratio=4 host=65555 gc_pages=22248 gc_count=1372 waf_q16=87777 best=46 next=46 settled=1
[1286815.268431] tee (722741): drop_caches: 3
[1286820.410535] tee (722759): drop_caches: 3
[1286823.528756] NVMeVirt: WATGC_V2 sample ns=0 part=0 epoch=1 window=304 phase=measure evaluated=46 k=10 scale_pct=25 age_ratio=7 host=65579 gc_pages=22363 gc_count=1374 waf_q16=87884 best=46 next=46 settled=1
[1286824.440313] NVMeVirt: WATGC_V2 sample ns=0 part=1 epoch=1 window=305 phase=measure evaluated=46 k=10 scale_pct=25 age_ratio=7 host=65584 gc_pages=22927 gc_count=1383 waf_q16=88446 best=46 next=46 settled=1
[1286824.781587] tee (722766): drop_caches: 3
[1286829.851714] tee (722770): drop_caches: 3
[1286832.797915] NVMeVirt: WATGC_V2 sample ns=0 part=2 epoch=2 window=305 phase=measure evaluated=5 k=2 scale_pct=50 age_ratio=16 host=65582 gc_pages=21970 gc_count=1368 waf_q16=87490 best=3 next=6 settled=0
[1286833.536348] NVMeVirt: WATGC_V2 sample ns=0 part=3 epoch=1 window=307 phase=measure evaluated=46 k=10 scale_pct=25 age_ratio=7 host=65536 gc_pages=22980 gc_count=1383 waf_q16=88516 best=46 next=46 settled=1
[1286835.010267] tee (722774): drop_caches: 3
[1286836.326899] NVMeVirt: WATGC_V2 sample ns=0 part=0 epoch=1 window=305 phase=measure evaluated=46 k=10 scale_pct=25 age_ratio=7 host=65553 gc_pages=22637 gc_count=1378 waf_q16=88167 best=46 next=46 settled=1
[1286837.254508] NVMeVirt: WATGC_V2 sample ns=0 part=1 epoch=1 window=306 phase=measure evaluated=46 k=10 scale_pct=25 age_ratio=7 host=65563 gc_pages=22765 gc_count=1380 waf_q16=88291 best=46 next=46 settled=1
[1286839.938251] tee (722783): drop_caches: 3
[1286844.811408] tee (722787): drop_caches: 3
[1286846.107103] NVMeVirt: WATGC_V2 sample ns=0 part=3 epoch=1 window=308 phase=measure evaluated=46 k=10 scale_pct=25 age_ratio=7 host=65546 gc_pages=22263 gc_count=1372 waf_q16=87795 best=46 next=46 settled=1
[1286848.682386] NVMeVirt: WATGC_V2 sample ns=0 part=0 epoch=1 window=306 phase=measure evaluated=46 k=10 scale_pct=25 age_ratio=7 host=65572 gc_pages=22743 gc_count=1380 waf_q16=88266 best=46 next=46 settled=1
[1286849.415156] NVMeVirt: WATGC_V2 sample ns=0 part=1 epoch=1 window=307 phase=measure evaluated=46 k=10 scale_pct=25 age_ratio=7 host=65541 gc_pages=23028 gc_count=1384 waf_q16=88562 best=46 next=10 settled=1
[1286849.945874] tee (722805): drop_caches: 3
[1286851.357831] NVMeVirt: WATGC_V2 sample ns=0 part=2 epoch=2 window=306 phase=measure evaluated=6 k=2 scale_pct=100 age_ratio=4 host=65585 gc_pages=21645 gc_count=1363 waf_q16=87164 best=3 next=7 settled=0
[1286854.340307] tee (722814): drop_caches: 3
[1286858.498391] NVMeVirt: WATGC_V2 sample ns=0 part=3 epoch=1 window=309 phase=measure evaluated=46 k=10 scale_pct=25 age_ratio=7 host=65539 gc_pages=23226 gc_count=1387 waf_q16=88760 best=46 next=46 settled=1
[1286859.371185] tee (722818): drop_caches: 3
[1286861.429378] NVMeVirt: WATGC_V2 sample ns=0 part=0 epoch=1 window=307 phase=measure evaluated=46 k=10 scale_pct=25 age_ratio=7 host=65574 gc_pages=22565 gc_count=1377 waf_q16=88087 best=46 next=46 settled=1
[1286864.367549] tee (722822): drop_caches: 3
[1286868.315285] NVMeVirt: WATGC_V2 sample ns=0 part=1 epoch=1 window=308 phase=measure evaluated=10 k=2 scale_pct=200 age_ratio=7 host=65577 gc_pages=21779 gc_count=1365 waf_q16=87301 best=46 next=46 settled=1
[1286869.388121] tee (722831): drop_caches: 3
[1286870.083160] NVMeVirt: WATGC_V2 sample ns=0 part=2 epoch=2 window=307 phase=measure evaluated=7 k=2 scale_pct=100 age_ratio=7 host=65561 gc_pages=21605 gc_count=1362 waf_q16=87132 best=3 next=8 settled=0
[1286871.010831] NVMeVirt: WATGC_V2 sample ns=0 part=3 epoch=1 window=310 phase=measure evaluated=46 k=10 scale_pct=25 age_ratio=7 host=65550 gc_pages=22778 gc_count=1380 waf_q16=88309 best=46 next=46 settled=1
[1286873.678719] NVMeVirt: WATGC_V2 sample ns=0 part=0 epoch=1 window=308 phase=measure evaluated=46 k=10 scale_pct=25 age_ratio=7 host=65561 gc_pages=22625 gc_count=1378 waf_q16=88152 best=46 next=46 settled=1
[1286874.384083] tee (722835): drop_caches: 3
[1286879.354215] tee (722854): drop_caches: 3
[1286883.196000] NVMeVirt: WATGC_V2 sample ns=0 part=3 epoch=1 window=311 phase=measure evaluated=46 k=10 scale_pct=25 age_ratio=7 host=65547 gc_pages=23157 gc_count=1386 waf_q16=88689 best=46 next=46 settled=1
[1286883.734746] tee (722861): drop_caches: 3
[1286886.413769] NVMeVirt: WATGC_V2 sample ns=0 part=0 epoch=1 window=309 phase=measure evaluated=46 k=10 scale_pct=25 age_ratio=7 host=65559 gc_pages=22570 gc_count=1377 waf_q16=88098 best=46 next=46 settled=1
[1286887.032156] NVMeVirt: WATGC_V2 sample ns=0 part=1 epoch=1 window=309 phase=measure evaluated=46 k=10 scale_pct=25 age_ratio=7 host=65550 gc_pages=22508 gc_count=1376 waf_q16=88039 best=46 next=46 settled=1
[1286888.395285] NVMeVirt: WATGC_V2 sample ns=0 part=2 epoch=2 window=308 phase=measure evaluated=8 k=2 scale_pct=100 age_ratio=16 host=65546 gc_pages=21751 gc_count=1364 waf_q16=87283 best=3 next=9 settled=0
[1286889.025509] tee (722865): drop_caches: 3
[1286893.990779] tee (722869): drop_caches: 3
[1286895.687709] NVMeVirt: WATGC_V2 sample ns=0 part=3 epoch=1 window=312 phase=measure evaluated=46 k=10 scale_pct=25 age_ratio=7 host=65576 gc_pages=22548 gc_count=1377 waf_q16=88070 best=46 next=46 settled=1
[1286898.631973] NVMeVirt: WATGC_V2 sample ns=0 part=0 epoch=1 window=310 phase=measure evaluated=46 k=10 scale_pct=25 age_ratio=7 host=65548 gc_pages=22704 gc_count=1379 waf_q16=88235 best=46 next=46 settled=1
[1286899.119563] tee (722878): drop_caches: 3
[1286899.322824] NVMeVirt: WATGC_V2 sample ns=0 part=1 epoch=1 window=310 phase=measure evaluated=46 k=10 scale_pct=25 age_ratio=7 host=65569 gc_pages=21801 gc_count=1365 waf_q16=87326 best=46 next=46 settled=1
[1286904.127387] tee (722882): drop_caches: 3
[1286907.185109] NVMeVirt: WATGC_V2 sample ns=0 part=2 epoch=2 window=309 phase=measure evaluated=9 k=2 scale_pct=200 age_ratio=4 host=65546 gc_pages=22324 gc_count=1373 waf_q16=87856 best=3 next=10 settled=0
[1286908.053041] NVMeVirt: WATGC_V2 sample ns=0 part=3 epoch=1 window=313 phase=measure evaluated=46 k=10 scale_pct=25 age_ratio=7 host=65542 gc_pages=23546 gc_count=1392 waf_q16=89079 best=46 next=46 settled=1
[1286909.564551] tee (722900): drop_caches: 3
[1286911.362838] NVMeVirt: WATGC_V2 sample ns=0 part=0 epoch=1 window=311 phase=measure evaluated=46 k=10 scale_pct=25 age_ratio=7 host=65563 gc_pages=22821 gc_count=1381 waf_q16=88347 best=46 next=11 settled=1
[1286911.948284] NVMeVirt: WATGC_V2 sample ns=0 part=1 epoch=1 window=311 phase=measure evaluated=46 k=10 scale_pct=25 age_ratio=7 host=65546 gc_pages=23218 gc_count=1387 waf_q16=88750 best=46 next=46 settled=1
[1286914.570917] tee (722912): drop_caches: 3
[1286919.582025] tee (722918): drop_caches: 3
[1286920.388178] NVMeVirt: WATGC_V2 sample ns=0 part=3 epoch=1 window=314 phase=measure evaluated=46 k=10 scale_pct=25 age_ratio=7 host=65577 gc_pages=22430 gc_count=1375 waf_q16=87951 best=46 next=10 settled=1
[1286924.057168] NVMeVirt: WATGC_V2 sample ns=0 part=1 epoch=1 window=312 phase=measure evaluated=46 k=10 scale_pct=25 age_ratio=7 host=65561 gc_pages=22701 gc_count=1379 waf_q16=88228 best=46 next=46 settled=1
[1286924.778254] tee (722922): drop_caches: 3
[1286925.485827] NVMeVirt: WATGC_V2 sample ns=0 part=2 epoch=2 window=310 phase=measure evaluated=10 k=2 scale_pct=200 age_ratio=7 host=65555 gc_pages=21684 gc_count=1363 waf_q16=87213 best=3 next=11 settled=0
[1286929.623584] NVMeVirt: WATGC_V2 sample ns=0 part=0 epoch=1 window=312 phase=measure evaluated=11 k=2 scale_pct=200 age_ratio=16 host=65558 gc_pages=21601 gc_count=1362 waf_q16=87129 best=46 next=46 settled=1
[1286929.825410] tee (722931): drop_caches: 3
[1286935.157865] tee (722935): drop_caches: 3
[1286936.487131] NVMeVirt: WATGC_V2 sample ns=0 part=1 epoch=1 window=313 phase=measure evaluated=46 k=10 scale_pct=25 age_ratio=7 host=65560 gc_pages=22302 gc_count=1373 waf_q16=87829 best=46 next=46 settled=1
[1286938.625905] NVMeVirt: WATGC_V2 sample ns=0 part=3 epoch=1 window=315 phase=measure evaluated=10 k=2 scale_pct=200 age_ratio=7 host=65566 gc_pages=21603 gc_count=1362 waf_q16=87129 best=46 next=46 settled=1
[1286940.234844] tee (722953): drop_caches: 3
[1286943.820686] NVMeVirt: WATGC_V2 sample ns=0 part=2 epoch=2 window=311 phase=measure evaluated=11 k=2 scale_pct=200 age_ratio=16 host=65578 gc_pages=21976 gc_count=1368 waf_q16=87497 best=3 next=12 settled=0
[1286945.346912] tee (722958): drop_caches: 3
[1286948.394739] NVMeVirt: WATGC_V2 sample ns=0 part=0 epoch=1 window=313 phase=measure evaluated=46 k=10 scale_pct=25 age_ratio=7 host=65542 gc_pages=22262 gc_count=1372 waf_q16=87795 best=46 next=46 settled=1
[1286948.749617] NVMeVirt: WATGC_V2 sample ns=0 part=1 epoch=1 window=314 phase=measure evaluated=46 k=10 scale_pct=25 age_ratio=7 host=65536 gc_pages=23234 gc_count=1387 waf_q16=88770 best=46 next=46 settled=1
[1286950.546308] tee (722964): drop_caches: 3
[1286955.579169] tee (722968): drop_caches: 3
[1286957.311432] NVMeVirt: WATGC_V2 sample ns=0 part=3 epoch=1 window=316 phase=measure evaluated=46 k=10 scale_pct=25 age_ratio=7 host=65564 gc_pages=22063 gc_count=1369 waf_q16=87589 best=46 next=46 settled=1
[1286960.536109] tee (722977): drop_caches: 3
[1286960.731701] NVMeVirt: WATGC_V2 sample ns=0 part=0 epoch=1 window=314 phase=measure evaluated=46 k=10 scale_pct=25 age_ratio=7 host=65580 gc_pages=22164 gc_count=1371 waf_q16=87685 best=46 next=46 settled=1
[1286961.199929] NVMeVirt: WATGC_V2 sample ns=0 part=1 epoch=1 window=315 phase=measure evaluated=46 k=10 scale_pct=25 age_ratio=7 host=65559 gc_pages=22760 gc_count=1380 waf_q16=88288 best=46 next=46 settled=1
[1286962.441971] NVMeVirt: WATGC_V2 sample ns=0 part=2 epoch=2 window=312 phase=measure evaluated=12 k=2 scale_pct=400 age_ratio=4 host=65571 gc_pages=22107 gc_count=1370 waf_q16=87631 best=3 next=13 settled=0
[1286965.439331] tee (722982): drop_caches: 3
[1286969.605298] NVMeVirt: WATGC_V2 sample ns=0 part=3 epoch=1 window=317 phase=measure evaluated=46 k=10 scale_pct=25 age_ratio=7 host=65569 gc_pages=22868 gc_count=1382 waf_q16=88392 best=46 next=46 settled=1
[1286970.425317] tee (722993): drop_caches: 3
[1286973.493072] NVMeVirt: WATGC_V2 sample ns=0 part=0 epoch=1 window=315 phase=measure evaluated=46 k=10 scale_pct=25 age_ratio=7 host=65563 gc_pages=23142 gc_count=1386 waf_q16=88668 best=46 next=46 settled=1
[1286973.799981] NVMeVirt: WATGC_V2 sample ns=0 part=1 epoch=1 window=316 phase=measure evaluated=46 k=10 scale_pct=25 age_ratio=7 host=65549 gc_pages=23412 gc_count=1390 waf_q16=88943 best=46 next=11 settled=1
[1286975.409351] tee (722997): drop_caches: 3
[1286979.796711] tee (723004): drop_caches: 3
[1286981.138900] NVMeVirt: WATGC_V2 sample ns=0 part=2 epoch=2 window=313 phase=measure evaluated=13 k=2 scale_pct=400 age_ratio=7 host=65556 gc_pages=22061 gc_count=1369 waf_q16=87590 best=3 next=14 settled=0
[1286982.250250] NVMeVirt: WATGC_V2 sample ns=0 part=3 epoch=1 window=318 phase=measure evaluated=46 k=10 scale_pct=25 age_ratio=7 host=65553 gc_pages=23474 gc_count=1391 waf_q16=89003 best=46 next=46 settled=1
[1286984.639848] tee (723011): drop_caches: 3
[1286986.031276] NVMeVirt: WATGC_V2 sample ns=0 part=0 epoch=1 window=316 phase=measure evaluated=46 k=10 scale_pct=25 age_ratio=7 host=65569 gc_pages=22375 gc_count=1374 waf_q16=87899 best=46 next=46 settled=1
[1286989.759590] tee (723020): drop_caches: 3
[1286992.432538] NVMeVirt: WATGC_V2 sample ns=0 part=1 epoch=1 window=317 phase=measure evaluated=11 k=2 scale_pct=200 age_ratio=16 host=65550 gc_pages=22190 gc_count=1371 waf_q16=87721 best=46 next=46 settled=1
[1286994.378973] NVMeVirt: WATGC_V2 sample ns=0 part=3 epoch=1 window=319 phase=measure evaluated=46 k=10 scale_pct=25 age_ratio=7 host=65567 gc_pages=22497 gc_count=1376 waf_q16=88022 best=46 next=46 settled=1
[1286994.683339] tee (723024): drop_caches: 3
[1286998.441317] NVMeVirt: WATGC_V2 sample ns=0 part=0 epoch=1 window=317 phase=measure evaluated=46 k=10 scale_pct=25 age_ratio=7 host=65537 gc_pages=23157 gc_count=1386 waf_q16=88692 best=46 next=46 settled=1
[1286999.324092] NVMeVirt: WATGC_V2 sample ns=0 part=2 epoch=2 window=314 phase=measure evaluated=14 k=2 scale_pct=400 age_ratio=16 host=65561 gc_pages=22177 gc_count=1371 waf_q16=87704 best=3 next=15 settled=0
[1286999.624411] tee (723037): drop_caches: 3
[1287004.867177] tee (723043): drop_caches: 3
[1287007.035893] NVMeVirt: WATGC_V2 sample ns=0 part=3 epoch=1 window=320 phase=measure evaluated=46 k=10 scale_pct=25 age_ratio=7 host=65582 gc_pages=22486 gc_count=1376 waf_q16=88006 best=46 next=46 settled=1
[1287009.287774] tee (723050): drop_caches: 3
[1287011.022357] NVMeVirt: WATGC_V2 sample ns=0 part=0 epoch=1 window=318 phase=measure evaluated=46 k=10 scale_pct=25 age_ratio=7 host=65550 gc_pages=22465 gc_count=1375 waf_q16=87996 best=46 next=46 settled=1
[1287011.176158] NVMeVirt: WATGC_V2 sample ns=0 part=1 epoch=1 window=318 phase=measure evaluated=46 k=10 scale_pct=25 age_ratio=7 host=65554 gc_pages=22132 gc_count=1370 waf_q16=87661 best=46 next=46 settled=1
[1287014.280311] tee (723056): drop_caches: 3
[1287017.942246] NVMeVirt: WATGC_V2 sample ns=0 part=2 epoch=2 window=315 phase=measure evaluated=15 k=4 scale_pct=25 age_ratio=4 host=65541 gc_pages=20591 gc_count=1346 waf_q16=86125 best=3 next=16 settled=0
[1287019.088796] NVMeVirt: WATGC_V2 sample ns=0 part=3 epoch=1 window=321 phase=measure evaluated=46 k=10 scale_pct=25 age_ratio=7 host=65544 gc_pages=22324 gc_count=1373 waf_q16=87857 best=46 next=46 settled=1
[1287019.263714] tee (723061): drop_caches: 3
[1287023.175826] NVMeVirt: WATGC_V2 sample ns=0 part=0 epoch=1 window=319 phase=measure evaluated=46 k=10 scale_pct=25 age_ratio=7 host=65566 gc_pages=22742 gc_count=1380 waf_q16=88267 best=46 next=46 settled=1
[1287023.267914] NVMeVirt: WATGC_V2 sample ns=0 part=1 epoch=1 window=319 phase=measure evaluated=46 k=10 scale_pct=25 age_ratio=7 host=65546 gc_pages=22509 gc_count=1376 waf_q16=88041 best=46 next=46 settled=1
[1287024.245252] tee (723077): drop_caches: 3
[1287029.129627] tee (723088): drop_caches: 3
[1287031.737428] NVMeVirt: WATGC_V2 sample ns=0 part=3 epoch=1 window=322 phase=measure evaluated=46 k=10 scale_pct=25 age_ratio=7 host=65576 gc_pages=23131 gc_count=1386 waf_q16=88652 best=46 next=46 settled=1
[1287034.056851] tee (723094): drop_caches: 3
[1287035.824241] NVMeVirt: WATGC_V2 sample ns=0 part=0 epoch=1 window=320 phase=measure evaluated=46 k=10 scale_pct=25 age_ratio=7 host=65561 gc_pages=22259 gc_count=1372 waf_q16=87786 best=46 next=12 settled=1
[1287035.889306] NVMeVirt: WATGC_V2 reset ns=0 part=1 epoch=1 window=320 arm=46 reason=waf-drift reference_q16=100676 sample_q16=87831
[1287035.889312] NVMeVirt: WATGC_V2 sample ns=0 part=1 epoch=2 window=320 phase=measure evaluated=46 k=10 scale_pct=25 age_ratio=7 host=65539 gc_pages=22297 gc_count=1372 waf_q16=87831 best=46 next=0 settled=0
[1287036.477619] NVMeVirt: WATGC_V2 sample ns=0 part=2 epoch=2 window=316 phase=measure evaluated=16 k=4 scale_pct=25 age_ratio=7 host=65550 gc_pages=18925 gc_count=1320 waf_q16=84456 best=16 next=17 settled=0
[1287038.381391] tee (723101): drop_caches: 3
[1287043.461236] tee (723105): drop_caches: 3
[1287044.108384] NVMeVirt: WATGC_V2 sample ns=0 part=3 epoch=1 window=323 phase=measure evaluated=46 k=10 scale_pct=25 age_ratio=7 host=65536 gc_pages=22587 gc_count=1377 waf_q16=88123 best=46 next=11 settled=1
[1287048.576570] tee (723109): drop_caches: 3
[1287053.517150] tee (723125): drop_caches: 3
[1287054.315325] NVMeVirt: WATGC_V2 sample ns=0 part=0 epoch=1 window=321 phase=measure evaluated=12 k=2 scale_pct=400 age_ratio=4 host=65576 gc_pages=21533 gc_count=1361 waf_q16=87055 best=46 next=46 settled=1
[1287054.355619] NVMeVirt: WATGC_V2 sample ns=0 part=1 epoch=2 window=321 phase=measure evaluated=0 k=2 scale_pct=25 age_ratio=4 host=65573 gc_pages=21533 gc_count=1361 waf_q16=87056 best=0 next=1 settled=0
[1287054.857021] NVMeVirt: WATGC_V2 sample ns=0 part=2 epoch=2 window=317 phase=measure evaluated=17 k=4 scale_pct=25 age_ratio=16 host=65536 gc_pages=17222 gc_count=1293 waf_q16=82758 best=17 next=18 settled=0
[1287058.382368] tee (723137): drop_caches: 3
[1287062.314202] NVMeVirt: WATGC_V2 sample ns=0 part=3 epoch=1 window=324 phase=measure evaluated=11 k=2 scale_pct=200 age_ratio=16 host=65572 gc_pages=21598 gc_count=1362 waf_q16=87122 best=46 next=46 settled=1
[1287063.479487] tee (723143): drop_caches: 3
[1287068.596356] tee (723147): drop_caches: 3
[1287072.533753] NVMeVirt: WATGC_V2 sample ns=0 part=1 epoch=2 window=322 phase=measure evaluated=1 k=2 scale_pct=25 age_ratio=7 host=65575 gc_pages=21214 gc_count=1356 waf_q16=86737 best=0 next=2 settled=0
[1287072.564561] NVMeVirt: WATGC_V2 sample ns=0 part=0 epoch=1 window=322 phase=measure evaluated=46 k=10 scale_pct=25 age_ratio=7 host=65562 gc_pages=21733 gc_count=1364 waf_q16=87260 best=46 next=46 settled=1
[1287072.873255] NVMeVirt: WATGC_V2 sample ns=0 part=2 epoch=2 window=318 phase=measure evaluated=18 k=4 scale_pct=50 age_ratio=4 host=65569 gc_pages=17707 gc_count=1301 waf_q16=83234 best=17 next=19 settled=0
[1287073.173365] tee (723154): drop_caches: 3
[1287078.273903] tee (723158): drop_caches: 3
[1287081.082285] NVMeVirt: WATGC_V2 sample ns=0 part=3 epoch=1 window=325 phase=measure evaluated=46 k=10 scale_pct=25 age_ratio=7 host=65585 gc_pages=22737 gc_count=1380 waf_q16=88256 best=46 next=46 settled=1
[1287083.289015] tee (723174): drop_caches: 3
[1287085.424287] NVMeVirt: WATGC_V2 sample ns=0 part=0 epoch=1 window=323 phase=measure evaluated=46 k=10 scale_pct=25 age_ratio=7 host=65576 gc_pages=22298 gc_count=1373 waf_q16=87820 best=46 next=46 settled=1
[1287088.317918] tee (723185): drop_caches: 3
[1287091.519182] NVMeVirt: WATGC_V2 sample ns=0 part=1 epoch=2 window=323 phase=measure evaluated=2 k=2 scale_pct=25 age_ratio=16 host=65555 gc_pages=21737 gc_count=1364 waf_q16=87266 best=0 next=3 settled=0
[1287091.719459] NVMeVirt: WATGC_V2 sample ns=0 part=2 epoch=2 window=319 phase=measure evaluated=19 k=4 scale_pct=50 age_ratio=7 host=65571 gc_pages=21143 gc_count=1355 waf_q16=86667 best=17 next=20 settled=0
[1287093.220689] NVMeVirt: WATGC_V2 sample ns=0 part=3 epoch=1 window=326 phase=measure evaluated=46 k=10 scale_pct=25 age_ratio=7 host=65582 gc_pages=21967 gc_count=1368 waf_q16=87487 best=46 next=46 settled=1
[1287093.537659] tee (723189): drop_caches: 3
[1287097.677514] NVMeVirt: WATGC_V2 sample ns=0 part=0 epoch=1 window=324 phase=measure evaluated=46 k=10 scale_pct=25 age_ratio=7 host=65549 gc_pages=22121 gc_count=1370 waf_q16=87652 best=46 next=46 settled=1
[1287098.458493] tee (723193): drop_caches: 3
[1287102.845355] tee (723200): drop_caches: 3
[1287105.776776] NVMeVirt: WATGC_V2 sample ns=0 part=3 epoch=1 window=327 phase=measure evaluated=46 k=10 scale_pct=25 age_ratio=7 host=65554 gc_pages=22829 gc_count=1381 waf_q16=88358 best=46 next=46 settled=1
[1287108.323228] tee (723215): drop_caches: 3
[1287110.233161] NVMeVirt: WATGC_V2 sample ns=0 part=1 epoch=2 window=324 phase=measure evaluated=3 k=2 scale_pct=50 age_ratio=4 host=65570 gc_pages=21599 gc_count=1362 waf_q16=87123 best=0 next=4 settled=0
[1287110.398376] NVMeVirt: WATGC_V2 sample ns=0 part=0 epoch=1 window=325 phase=measure evaluated=46 k=10 scale_pct=25 age_ratio=7 host=65546 gc_pages=22594 gc_count=1377 waf_q16=88126 best=46 next=46 settled=1
[1287110.420823] NVMeVirt: WATGC_V2 sample ns=0 part=2 epoch=2 window=320 phase=measure evaluated=20 k=4 scale_pct=50 age_ratio=16 host=65589 gc_pages=21515 gc_count=1361 waf_q16=87033 best=17 next=21 settled=0
[1287114.832207] tee (723237): drop_caches: 3
[1287117.886971] NVMeVirt: WATGC_V2 sample ns=0 part=3 epoch=1 window=328 phase=measure evaluated=46 k=10 scale_pct=25 age_ratio=7 host=65575 gc_pages=22362 gc_count=1374 waf_q16=87884 best=46 next=46 settled=1
[1287121.054124] tee (723248): drop_caches: 3
[1287122.203852] NVMeVirt: WATGC_V2 sample ns=0 part=0 epoch=1 window=326 phase=measure evaluated=46 k=10 scale_pct=25 age_ratio=7 host=65560 gc_pages=21851 gc_count=1366 waf_q16=87379 best=46 next=46 settled=1
[1287127.309253] tee (723252): drop_caches: 3
[1287127.848773] NVMeVirt: WATGC_V2 sample ns=0 part=1 epoch=2 window=325 phase=measure evaluated=4 k=2 scale_pct=50 age_ratio=7 host=65546 gc_pages=20916 gc_count=1351 waf_q16=86448 best=4 next=5 settled=0
[1287127.930334] NVMeVirt: WATGC_V2 sample ns=0 part=2 epoch=2 window=321 phase=measure evaluated=21 k=4 scale_pct=100 age_ratio=4 host=65546 gc_pages=20026 gc_count=1337 waf_q16=85558 best=17 next=22 settled=0
[1287129.773581] NVMeVirt: WATGC_V2 sample ns=0 part=3 epoch=1 window=329 phase=measure evaluated=46 k=10 scale_pct=25 age_ratio=7 host=65542 gc_pages=22146 gc_count=1370 waf_q16=87679 best=46 next=46 settled=1
[1287132.724970] tee (723257): drop_caches: 3
[1287134.368806] NVMeVirt: WATGC_V2 sample ns=0 part=0 epoch=1 window=327 phase=measure evaluated=46 k=10 scale_pct=25 age_ratio=7 host=65546 gc_pages=22392 gc_count=1374 waf_q16=87924 best=46 next=46 settled=1
[1287139.076569] tee (723263): drop_caches: 3
[1287141.854580] NVMeVirt: WATGC_V2 sample ns=0 part=3 epoch=1 window=330 phase=measure evaluated=46 k=10 scale_pct=25 age_ratio=7 host=65553 gc_pages=22504 gc_count=1376 waf_q16=88034 best=46 next=46 settled=1
[1287144.608774] tee (723279): drop_caches: 3
[1287146.161574] NVMeVirt: WATGC_V2 sample ns=0 part=2 epoch=2 window=322 phase=measure evaluated=22 k=4 scale_pct=100 age_ratio=7 host=65542 gc_pages=20474 gc_count=1344 waf_q16=86008 best=17 next=23 settled=0
[1287146.218039] NVMeVirt: WATGC_V2 sample ns=0 part=1 epoch=2 window=326 phase=measure evaluated=5 k=2 scale_pct=50 age_ratio=16 host=65538 gc_pages=21500 gc_count=1360 waf_q16=87035 best=4 next=6 settled=0
[1287146.515575] NVMeVirt: WATGC_V2 sample ns=0 part=0 epoch=1 window=328 phase=measure evaluated=46 k=10 scale_pct=25 age_ratio=7 host=65538 gc_pages=22460 gc_count=1375 waf_q16=87995 best=46 next=46 settled=1
[1287150.465703] tee (723290): drop_caches: 3
[1287153.814056] NVMeVirt: WATGC_V2 sample ns=0 part=3 epoch=1 window=331 phase=measure evaluated=46 k=10 scale_pct=25 age_ratio=7 host=65536 gc_pages=22540 gc_count=1376 waf_q16=88076 best=46 next=46 settled=1
[1287156.438610] tee (723298): drop_caches: 3
[1287158.559212] NVMeVirt: WATGC_V2 sample ns=0 part=0 epoch=1 window=329 phase=measure evaluated=46 k=10 scale_pct=25 age_ratio=7 host=65541 gc_pages=22531 gc_count=1376 waf_q16=88065 best=46 next=13 settled=1
[1287162.207607] tee (723302): drop_caches: 3
[1287164.080710] NVMeVirt: WATGC_V2 sample ns=0 part=2 epoch=2 window=323 phase=measure evaluated=23 k=4 scale_pct=100 age_ratio=16 host=65551 gc_pages=20525 gc_count=1345 waf_q16=86056 best=17 next=24 settled=0
[1287164.314788] NVMeVirt: WATGC_V2 sample ns=0 part=1 epoch=2 window=327 phase=measure evaluated=6 k=2 scale_pct=100 age_ratio=4 host=65541 gc_pages=21241 gc_count=1356 waf_q16=86775 best=4 next=7 settled=0
[1287165.831523] NVMeVirt: WATGC_V2 sample ns=0 part=3 epoch=1 window=332 phase=measure evaluated=46 k=10 scale_pct=25 age_ratio=7 host=65543 gc_pages=21872 gc_count=1366 waf_q16=87405 best=46 next=12 settled=1
[1287166.940331] tee (723309): drop_caches: 3
[1287173.263952] tee (723325): drop_caches: 3
[1287176.746542] NVMeVirt: WATGC_V2 sample ns=0 part=0 epoch=1 window=330 phase=measure evaluated=13 k=2 scale_pct=400 age_ratio=7 host=65577 gc_pages=21269 gc_count=1357 waf_q16=86791 best=46 next=46 settled=1
[1287179.513561] tee (723340): drop_caches: 3
[1287182.014850] NVMeVirt: WATGC_V2 sample ns=0 part=2 epoch=2 window=324 phase=measure evaluated=24 k=4 scale_pct=200 age_ratio=4 host=65541 gc_pages=20470 gc_count=1344 waf_q16=86004 best=17 next=25 settled=0
[1287182.309168] NVMeVirt: WATGC_V2 sample ns=0 part=1 epoch=2 window=328 phase=measure evaluated=7 k=2 scale_pct=100 age_ratio=7 host=65542 gc_pages=21629 gc_count=1362 waf_q16=87163 best=4 next=8 settled=0
[1287183.809151] NVMeVirt: WATGC_V2 sample ns=0 part=3 epoch=1 window=333 phase=measure evaluated=12 k=2 scale_pct=400 age_ratio=4 host=65574 gc_pages=21656 gc_count=1363 waf_q16=87179 best=46 next=46 settled=1
[1287185.421650] tee (723344): drop_caches: 3
[1287191.610405] tee (723348): drop_caches: 3
[1287194.905358] NVMeVirt: WATGC_V2 sample ns=0 part=0 epoch=1 window=331 phase=measure evaluated=46 k=10 scale_pct=25 age_ratio=7 host=65573 gc_pages=21726 gc_count=1364 waf_q16=87249 best=46 next=46 settled=1
[1287197.378789] tee (723353): drop_caches: 3
[1287200.104868] NVMeVirt: WATGC_V2 sample ns=0 part=2 epoch=2 window=325 phase=measure evaluated=25 k=4 scale_pct=200 age_ratio=7 host=65568 gc_pages=20510 gc_count=1345 waf_q16=86035 best=17 next=26 settled=0
[1287200.521691] NVMeVirt: WATGC_V2 sample ns=0 part=1 epoch=2 window=329 phase=measure evaluated=8 k=2 scale_pct=100 age_ratio=16 host=65543 gc_pages=21759 gc_count=1364 waf_q16=87292 best=4 next=9 settled=0
[1287201.965350] NVMeVirt: WATGC_V2 sample ns=0 part=3 epoch=1 window=334 phase=measure evaluated=46 k=10 scale_pct=25 age_ratio=7 host=65571 gc_pages=22100 gc_count=1370 waf_q16=87624 best=46 next=46 settled=1
[1287202.890757] tee (723371): drop_caches: 3
[1287207.047230] NVMeVirt: WATGC_V2 sample ns=0 part=0 epoch=1 window=332 phase=measure evaluated=46 k=10 scale_pct=25 age_ratio=7 host=65544 gc_pages=21693 gc_count=1363 waf_q16=87226 best=46 next=46 settled=1
[1287208.785529] tee (723382): drop_caches: 3
[1287214.004147] NVMeVirt: WATGC_V2 sample ns=0 part=3 epoch=1 window=335 phase=measure evaluated=46 k=10 scale_pct=25 age_ratio=7 host=65559 gc_pages=21482 gc_count=1360 waf_q16=87010 best=46 next=46 settled=1
[1287214.431666] tee (723392): drop_caches: 3
[1287218.018862] NVMeVirt: WATGC_V2 sample ns=0 part=2 epoch=2 window=326 phase=measure evaluated=26 k=4 scale_pct=200 age_ratio=16 host=65564 gc_pages=20260 gc_count=1341 waf_q16=85787 best=17 next=27 settled=0
[1287218.528465] NVMeVirt: WATGC_V2 sample ns=0 part=1 epoch=2 window=330 phase=measure evaluated=9 k=2 scale_pct=200 age_ratio=4 host=65549 gc_pages=21229 gc_count=1356 waf_q16=86760 best=4 next=10 settled=0
[1287219.074649] NVMeVirt: WATGC_V2 reset ns=0 part=0 epoch=1 window=333 arm=46 reason=waf-drift reference_q16=100298 sample_q16=87538
[1287219.074656] NVMeVirt: WATGC_V2 sample ns=0 part=0 epoch=2 window=333 phase=measure evaluated=46 k=10 scale_pct=25 age_ratio=7 host=65538 gc_pages=22003 gc_count=1368 waf_q16=87538 best=46 next=0 settled=0
[1287220.741408] tee (723396): drop_caches: 3
[1287225.793201] NVMeVirt: WATGC_V2 sample ns=0 part=3 epoch=1 window=336 phase=measure evaluated=46 k=10 scale_pct=25 age_ratio=7 host=65557 gc_pages=22635 gc_count=1378 waf_q16=88163 best=46 next=46 settled=1
[1287226.654251] tee (723401): drop_caches: 3
[1287231.240683] tee (723408): drop_caches: 3
[1287235.985530] NVMeVirt: WATGC_V2 sample ns=0 part=2 epoch=2 window=327 phase=measure evaluated=27 k=4 scale_pct=400 age_ratio=4 host=65555 gc_pages=20390 gc_count=1343 waf_q16=85920 best=17 next=28 settled=0
[1287236.205139] tee (723424): drop_caches: 3
[1287236.907003] NVMeVirt: WATGC_V2 sample ns=0 part=1 epoch=2 window=331 phase=measure evaluated=10 k=2 scale_pct=200 age_ratio=7 host=65576 gc_pages=21597 gc_count=1362 waf_q16=87119 best=4 next=11 settled=0
[1287237.620594] NVMeVirt: WATGC_V2 sample ns=0 part=0 epoch=2 window=334 phase=measure evaluated=0 k=2 scale_pct=25 age_ratio=4 host=65566 gc_pages=21800 gc_count=1365 waf_q16=87326 best=46 next=1 settled=0
[1287238.428275] NVMeVirt: WATGC_V2 sample ns=0 part=3 epoch=1 window=337 phase=measure evaluated=46 k=10 scale_pct=25 age_ratio=7 host=65554 gc_pages=22840 gc_count=1381 waf_q16=88369 best=46 next=46 settled=1
[1287241.152744] tee (723435): drop_caches: 3
[1287246.131701] tee (723439): drop_caches: 3
[1287250.384605] NVMeVirt: WATGC_V2 sample ns=0 part=3 epoch=1 window=338 phase=measure evaluated=46 k=10 scale_pct=25 age_ratio=7 host=65547 gc_pages=22518 gc_count=1376 waf_q16=88050 best=46 next=46 settled=1
[1287250.994871] tee (723443): drop_caches: 3
[1287254.520904] NVMeVirt: WATGC_V2 sample ns=0 part=2 epoch=2 window=328 phase=measure evaluated=28 k=4 scale_pct=400 age_ratio=7 host=65557 gc_pages=20712 gc_count=1348 waf_q16=86241 best=17 next=29 settled=0
[1287255.242002] NVMeVirt: WATGC_V2 sample ns=0 part=1 epoch=2 window=332 phase=measure evaluated=11 k=2 scale_pct=200 age_ratio=16 host=65539 gc_pages=21179 gc_count=1355 waf_q16=86714 best=4 next=12 settled=0
[1287255.851875] NVMeVirt: WATGC_V2 sample ns=0 part=0 epoch=2 window=335 phase=measure evaluated=1 k=2 scale_pct=25 age_ratio=7 host=65543 gc_pages=21300 gc_count=1357 waf_q16=86833 best=1 next=2 settled=0
[1287256.011372] tee (723447): drop_caches: 3
[1287260.367113] tee (723454): drop_caches: 3
[1287263.065673] NVMeVirt: WATGC_V2 sample ns=0 part=3 epoch=1 window=339 phase=measure evaluated=46 k=10 scale_pct=25 age_ratio=7 host=65549 gc_pages=22639 gc_count=1378 waf_q16=88170 best=46 next=46 settled=1
[1287265.330194] tee (723471): drop_caches: 3
[1287270.290148] tee (723482): drop_caches: 3
[1287272.971148] NVMeVirt: WATGC_V2 sample ns=0 part=2 epoch=2 window=329 phase=measure evaluated=29 k=4 scale_pct=400 age_ratio=16 host=65553 gc_pages=21037 gc_count=1353 waf_q16=86567 best=17 next=30 settled=0
[1287273.896771] NVMeVirt: WATGC_V2 sample ns=0 part=1 epoch=2 window=333 phase=measure evaluated=12 k=2 scale_pct=400 age_ratio=4 host=65552 gc_pages=21814 gc_count=1365 waf_q16=87344 best=4 next=13 settled=0
[1287274.579915] NVMeVirt: WATGC_V2 sample ns=0 part=0 epoch=2 window=336 phase=measure evaluated=2 k=2 scale_pct=25 age_ratio=16 host=65562 gc_pages=20710 gc_count=1348 waf_q16=86237 best=2 next=3 settled=0
[1287274.992506] NVMeVirt: WATGC_V2 sample ns=0 part=3 epoch=1 window=340 phase=measure evaluated=46 k=10 scale_pct=25 age_ratio=7 host=65568 gc_pages=22493 gc_count=1376 waf_q16=88018 best=46 next=46 settled=1
[1287275.359530] tee (723488): drop_caches: 3
[1287280.323045] tee (723492): drop_caches: 3
[1287285.648710] tee (723515): drop_caches: 3
[1287287.557963] NVMeVirt: WATGC_V2 sample ns=0 part=3 epoch=1 window=341 phase=measure evaluated=46 k=10 scale_pct=25 age_ratio=7 host=65578 gc_pages=22541 gc_count=1377 waf_q16=88062 best=46 next=13 settled=1
[1287290.978496] NVMeVirt: WATGC_V2 sample ns=0 part=2 epoch=2 window=330 phase=measure evaluated=30 k=7 scale_pct=25 age_ratio=4 host=65585 gc_pages=19929 gc_count=1336 waf_q16=85450 best=17 next=31 settled=0
[1287291.622398] tee (723559): drop_caches: 3
[1287292.121287] NVMeVirt: WATGC_V2 sample ns=0 part=1 epoch=2 window=334 phase=measure evaluated=13 k=2 scale_pct=400 age_ratio=7 host=65545 gc_pages=21303 gc_count=1357 waf_q16=86836 best=4 next=14 settled=0
[1287293.095687] NVMeVirt: WATGC_V2 sample ns=0 part=0 epoch=2 window=337 phase=measure evaluated=3 k=2 scale_pct=50 age_ratio=4 host=65554 gc_pages=21034 gc_count=1353 waf_q16=86564 best=2 next=4 settled=0
[1287297.941175] tee (723592): drop_caches: 3
[1287304.799738] NVMeVirt: WATGC_V2 sample ns=0 part=3 epoch=1 window=342 phase=measure evaluated=13 k=2 scale_pct=400 age_ratio=7 host=65581 gc_pages=20947 gc_count=1352 waf_q16=86468 best=46 next=46 settled=1
[1287304.953291] tee (723598): drop_caches: 3
[1287308.611718] NVMeVirt: WATGC_V2 sample ns=0 part=2 epoch=2 window=331 phase=measure evaluated=31 k=7 scale_pct=25 age_ratio=7 host=65567 gc_pages=20965 gc_count=1352 waf_q16=86491 best=17 next=32 settled=0
[1287309.671509] NVMeVirt: WATGC_V2 sample ns=0 part=1 epoch=2 window=335 phase=measure evaluated=14 k=2 scale_pct=400 age_ratio=16 host=65565 gc_pages=21407 gc_count=1359 waf_q16=86933 best=4 next=15 settled=0
[1287310.506458] NVMeVirt: WATGC_V2 sample ns=0 part=0 epoch=2 window=338 phase=measure evaluated=4 k=2 scale_pct=50 age_ratio=7 host=65566 gc_pages=20961 gc_count=1352 waf_q16=86487 best=2 next=5 settled=0
[1287311.511945] tee (723607): drop_caches: 3
[1287316.798468] tee (723638): drop_caches: 3
[1287321.792711] tee (723649): drop_caches: 3
[1287323.134940] NVMeVirt: WATGC_V2 sample ns=0 part=3 epoch=1 window=343 phase=measure evaluated=46 k=10 scale_pct=25 age_ratio=7 host=65555 gc_pages=21800 gc_count=1365 waf_q16=87329 best=46 next=46 settled=1
[1287326.345535] tee (723661): drop_caches: 3
[1287326.728088] NVMeVirt: WATGC_V2 sample ns=0 part=2 epoch=2 window=332 phase=measure evaluated=32 k=7 scale_pct=25 age_ratio=16 host=65536 gc_pages=22888 gc_count=1382 waf_q16=88424 best=17 next=33 settled=0
[1287328.243000] NVMeVirt: WATGC_V2 sample ns=0 part=1 epoch=2 window=336 phase=measure evaluated=15 k=4 scale_pct=25 age_ratio=4 host=65552 gc_pages=20394 gc_count=1343 waf_q16=85925 best=15 next=16 settled=0
[1287329.184720] NVMeVirt: WATGC_V2 sample ns=0 part=0 epoch=2 window=339 phase=measure evaluated=5 k=2 scale_pct=50 age_ratio=16 host=65584 gc_pages=21074 gc_count=1354 waf_q16=86594 best=2 next=6 settled=0
[1287331.289710] tee (723686): drop_caches: 3
[1287335.188557] NVMeVirt: WATGC_V2 sample ns=0 part=3 epoch=1 window=344 phase=measure evaluated=46 k=10 scale_pct=25 age_ratio=7 host=65564 gc_pages=22257 gc_count=1372 waf_q16=87783 best=46 next=46 settled=1
[1287336.319054] tee (723690): drop_caches: 3
[1287341.206229] tee (723694): drop_caches: 3
[1287344.922569] NVMeVirt: WATGC_V2 sample ns=0 part=2 epoch=2 window=333 phase=measure evaluated=33 k=7 scale_pct=50 age_ratio=4 host=65552 gc_pages=19694 gc_count=1332 waf_q16=85225 best=17 next=34 settled=0
[1287346.067342] tee (723698): drop_caches: 3
[1287346.415713] NVMeVirt: WATGC_V2 sample ns=0 part=1 epoch=2 window=337 phase=measure evaluated=16 k=4 scale_pct=25 age_ratio=7 host=65567 gc_pages=19155 gc_count=1324 waf_q16=84681 best=16 next=17 settled=0
[1287347.711985] NVMeVirt: WATGC_V2 sample ns=0 part=0 epoch=2 window=340 phase=measure evaluated=6 k=2 scale_pct=100 age_ratio=4 host=65546 gc_pages=21241 gc_count=1356 waf_q16=86773 best=2 next=7 settled=0
[1287347.721997] NVMeVirt: WATGC_V2 sample ns=0 part=3 epoch=1 window=345 phase=measure evaluated=46 k=10 scale_pct=25 age_ratio=7 host=65539 gc_pages=21824 gc_count=1365 waf_q16=87359 best=46 next=46 settled=1
[1287351.289128] tee (723702): drop_caches: 3
[1287355.692581] tee (723721): drop_caches: 3
[1287359.645177] NVMeVirt: WATGC_V2 sample ns=0 part=3 epoch=1 window=346 phase=measure evaluated=46 k=10 scale_pct=25 age_ratio=7 host=65560 gc_pages=22621 gc_count=1378 waf_q16=88148 best=46 next=46 settled=1
[1287361.074820] tee (723726): drop_caches: 3
[1287363.202025] NVMeVirt: WATGC_V2 sample ns=0 part=2 epoch=2 window=334 phase=measure evaluated=34 k=7 scale_pct=50 age_ratio=7 host=65566 gc_pages=20404 gc_count=1343 waf_q16=85930 best=17 next=35 settled=0
[1287364.647978] NVMeVirt: WATGC_V2 sample ns=0 part=1 epoch=2 window=338 phase=measure evaluated=17 k=4 scale_pct=25 age_ratio=16 host=65569 gc_pages=18379 gc_count=1312 waf_q16=83905 best=17 next=18 settled=0
[1287365.713733] NVMeVirt: WATGC_V2 sample ns=0 part=0 epoch=2 window=341 phase=measure evaluated=7 k=2 scale_pct=100 age_ratio=7 host=65575 gc_pages=21084 gc_count=1354 waf_q16=86607 best=2 next=8 settled=0
[1287366.446140] tee (723732): drop_caches: 3
[1287371.495429] tee (723736): drop_caches: 3
[1287371.512169] NVMeVirt: WATGC_V2 sample ns=0 part=3 epoch=1 window=347 phase=measure evaluated=46 k=10 scale_pct=25 age_ratio=7 host=65583 gc_pages=21972 gc_count=1368 waf_q16=87492 best=46 next=46 settled=1
[1287376.471104] tee (723740): drop_caches: 3
[1287381.199220] NVMeVirt: WATGC_V2 sample ns=0 part=2 epoch=2 window=335 phase=measure evaluated=35 k=7 scale_pct=50 age_ratio=16 host=65558 gc_pages=18344 gc_count=1311 waf_q16=83873 best=17 next=36 settled=0
[1287381.764520] tee (723751): drop_caches: 3
[1287383.031110] NVMeVirt: WATGC_V2 sample ns=0 part=1 epoch=2 window=339 phase=measure evaluated=18 k=4 scale_pct=50 age_ratio=4 host=65581 gc_pages=18389 gc_count=1312 waf_q16=83912 best=17 next=19 settled=0
[1287384.057970] NVMeVirt: WATGC_V2 sample ns=0 part=3 epoch=1 window=348 phase=measure evaluated=46 k=10 scale_pct=25 age_ratio=7 host=65545 gc_pages=22584 gc_count=1377 waf_q16=88116 best=46 next=46 settled=1
[1287384.289882] NVMeVirt: WATGC_V2 sample ns=0 part=0 epoch=2 window=342 phase=measure evaluated=8 k=2 scale_pct=100 age_ratio=16 host=65559 gc_pages=21491 gc_count=1360 waf_q16=87019 best=2 next=9 settled=0
[1287386.104863] tee (723763): drop_caches: 3
[1287391.170793] tee (723767): drop_caches: 3
[1287396.002583] NVMeVirt: WATGC_V2 sample ns=0 part=3 epoch=1 window=349 phase=measure evaluated=46 k=10 scale_pct=25 age_ratio=7 host=65564 gc_pages=22186 gc_count=1371 waf_q16=87712 best=46 next=46 settled=1
[1287396.628688] tee (723773): drop_caches: 3
[1287399.593989] NVMeVirt: WATGC_V2 sample ns=0 part=2 epoch=2 window=336 phase=measure evaluated=36 k=7 scale_pct=100 age_ratio=4 host=65579 gc_pages=18777 gc_count=1318 waf_q16=84300 best=17 next=37 settled=0
[1287401.174382] NVMeVirt: WATGC_V2 sample ns=0 part=1 epoch=2 window=340 phase=measure evaluated=19 k=4 scale_pct=50 age_ratio=7 host=65572 gc_pages=20571 gc_count=1346 waf_q16=86095 best=17 next=20 settled=0
[1287401.899536] tee (723777): drop_caches: 3
[1287402.573587] NVMeVirt: WATGC_V2 sample ns=0 part=0 epoch=2 window=343 phase=measure evaluated=9 k=2 scale_pct=200 age_ratio=4 host=65568 gc_pages=21024 gc_count=1353 waf_q16=86549 best=2 next=10 settled=0
[1287406.794332] tee (723781): drop_caches: 3
[1287408.370342] NVMeVirt: WATGC_V2 sample ns=0 part=3 epoch=1 window=350 phase=measure evaluated=46 k=10 scale_pct=25 age_ratio=7 host=65548 gc_pages=22762 gc_count=1380 waf_q16=88293 best=46 next=14 settled=1
[1287411.819812] tee (723792): drop_caches: 3
[1287416.199130] tee (723804): drop_caches: 3
[1287417.960949] NVMeVirt: WATGC_V2 sample ns=0 part=2 epoch=2 window=337 phase=measure evaluated=37 k=7 scale_pct=100 age_ratio=7 host=65574 gc_pages=20699 gc_count=1348 waf_q16=86223 best=17 next=38 settled=0
[1287419.735237] NVMeVirt: WATGC_V2 sample ns=0 part=1 epoch=2 window=341 phase=measure evaluated=20 k=4 scale_pct=50 age_ratio=16 host=65548 gc_pages=21492 gc_count=1360 waf_q16=87024 best=17 next=21 settled=0
[1287420.902709] NVMeVirt: WATGC_V2 sample ns=0 part=0 epoch=2 window=344 phase=measure evaluated=10 k=2 scale_pct=200 age_ratio=7 host=65583 gc_pages=21071 gc_count=1354 waf_q16=86591 best=2 next=11 settled=0
[1287421.256985] tee (723815): drop_caches: 3
[1287426.271787] tee (723819): drop_caches: 3
[1287426.653078] NVMeVirt: WATGC_V2 sample ns=0 part=3 epoch=1 window=351 phase=measure evaluated=14 k=2 scale_pct=400 age_ratio=16 host=65576 gc_pages=21660 gc_count=1363 waf_q16=87182 best=46 next=46 settled=1
[1287431.318148] tee (723823): drop_caches: 3
[1287435.947130] NVMeVirt: WATGC_V2 sample ns=0 part=2 epoch=2 window=338 phase=measure evaluated=38 k=7 scale_pct=100 age_ratio=16 host=65569 gc_pages=20702 gc_count=1348 waf_q16=86227 best=17 next=39 settled=0
[1287436.282291] tee (723827): drop_caches: 3
[1287438.171875] NVMeVirt: WATGC_V2 sample ns=0 part=1 epoch=2 window=342 phase=measure evaluated=21 k=4 scale_pct=100 age_ratio=4 host=65552 gc_pages=20586 gc_count=1346 waf_q16=86116 best=17 next=22 settled=0
[1287439.450483] NVMeVirt: WATGC_V2 sample ns=0 part=0 epoch=2 window=345 phase=measure evaluated=11 k=2 scale_pct=200 age_ratio=16 host=65550 gc_pages=21171 gc_count=1355 waf_q16=86702 best=2 next=12 settled=0
[1287441.314580] tee (723831): drop_caches: 3
[1287444.836683] NVMeVirt: WATGC_V2 sample ns=0 part=3 epoch=1 window=352 phase=measure evaluated=46 k=10 scale_pct=25 age_ratio=7 host=65541 gc_pages=22191 gc_count=1371 waf_q16=87725 best=46 next=46 settled=1
[1287446.488199] tee (723849): drop_caches: 3
[1287451.646412] tee (723861): drop_caches: 3
[1287454.293616] NVMeVirt: WATGC_V2 sample ns=0 part=2 epoch=2 window=339 phase=measure evaluated=39 k=7 scale_pct=200 age_ratio=4 host=65583 gc_pages=20178 gc_count=1340 waf_q16=85699 best=17 next=40 settled=0
[1287456.264268] NVMeVirt: WATGC_V2 sample ns=0 part=1 epoch=2 window=343 phase=measure evaluated=22 k=4 scale_pct=100 age_ratio=7 host=65538 gc_pages=20607 gc_count=1346 waf_q16=86142 best=17 next=23 settled=0
[1287456.699634] tee (723867): drop_caches: 3
[1287457.018431] NVMeVirt: WATGC_V2 sample ns=0 part=3 epoch=1 window=353 phase=measure evaluated=46 k=10 scale_pct=25 age_ratio=7 host=65540 gc_pages=21771 gc_count=1364 waf_q16=87305 best=46 next=46 settled=1
[1287457.904133] NVMeVirt: WATGC_V2 sample ns=0 part=0 epoch=2 window=346 phase=measure evaluated=12 k=2 scale_pct=400 age_ratio=4 host=65571 gc_pages=20964 gc_count=1352 waf_q16=86488 best=2 next=13 settled=0
[1287461.808866] tee (723871): drop_caches: 3
[1287466.791382] tee (723875): drop_caches: 3
[1287469.384479] NVMeVirt: WATGC_V2 sample ns=0 part=3 epoch=1 window=354 phase=measure evaluated=46 k=10 scale_pct=25 age_ratio=7 host=65562 gc_pages=22451 gc_count=1375 waf_q16=87978 best=46 next=46 settled=1
[1287471.844368] tee (723886): drop_caches: 3
[1287472.597620] NVMeVirt: WATGC_V2 sample ns=0 part=2 epoch=2 window=340 phase=measure evaluated=40 k=7 scale_pct=200 age_ratio=7 host=65569 gc_pages=20387 gc_count=1343 waf_q16=85912 best=17 next=41 settled=0
[1287474.889144] NVMeVirt: WATGC_V2 sample ns=0 part=1 epoch=2 window=344 phase=measure evaluated=23 k=4 scale_pct=100 age_ratio=16 host=65542 gc_pages=21174 gc_count=1355 waf_q16=86708 best=17 next=24 settled=0
[1287476.243796] NVMeVirt: WATGC_V2 sample ns=0 part=0 epoch=2 window=347 phase=measure evaluated=13 k=2 scale_pct=400 age_ratio=7 host=65576 gc_pages=21535 gc_count=1361 waf_q16=87057 best=2 next=14 settled=0
[1287476.985540] tee (723895): drop_caches: 3
[1287481.283494] tee (723909): drop_caches: 3
[1287481.385911] NVMeVirt: WATGC_V2 sample ns=0 part=3 epoch=1 window=355 phase=measure evaluated=46 k=10 scale_pct=25 age_ratio=7 host=65583 gc_pages=22402 gc_count=1375 waf_q16=87921 best=46 next=46 settled=1
[1287486.290445] tee (723913): drop_caches: 3
[1287490.779161] NVMeVirt: WATGC_V2 sample ns=0 part=2 epoch=2 window=341 phase=measure evaluated=41 k=7 scale_pct=200 age_ratio=16 host=65576 gc_pages=20499 gc_count=1345 waf_q16=86022 best=17 next=42 settled=0
[1287491.377601] tee (723917): drop_caches: 3
[1287493.334631] NVMeVirt: WATGC_V2 sample ns=0 part=1 epoch=2 window=345 phase=measure evaluated=24 k=4 scale_pct=200 age_ratio=4 host=65541 gc_pages=20674 gc_count=1347 waf_q16=86208 best=17 next=25 settled=0
[1287493.864856] NVMeVirt: WATGC_V2 sample ns=0 part=3 epoch=1 window=356 phase=measure evaluated=46 k=10 scale_pct=25 age_ratio=7 host=65551 gc_pages=22451 gc_count=1375 waf_q16=87981 best=46 next=46 settled=1
[1287494.818666] NVMeVirt: WATGC_V2 sample ns=0 part=0 epoch=2 window=348 phase=measure evaluated=14 k=2 scale_pct=400 age_ratio=16 host=65546 gc_pages=21429 gc_count=1359 waf_q16=86961 best=2 next=15 settled=0
[1287496.351872] tee (723921): drop_caches: 3
[1287501.374136] tee (723925): drop_caches: 3
[1287505.909474] NVMeVirt: WATGC_V2 sample ns=0 part=3 epoch=1 window=357 phase=measure evaluated=46 k=10 scale_pct=25 age_ratio=7 host=65539 gc_pages=22262 gc_count=1372 waf_q16=87796 best=46 next=46 settled=1
[1287506.323184] tee (723941): drop_caches: 3
[1287509.142796] NVMeVirt: WATGC_V2 sample ns=0 part=2 epoch=2 window=342 phase=measure evaluated=42 k=7 scale_pct=400 age_ratio=4 host=65564 gc_pages=20901 gc_count=1351 waf_q16=86428 best=17 next=43 settled=0
[1287510.712896] tee (723955): drop_caches: 3
[1287511.752700] NVMeVirt: WATGC_V2 sample ns=0 part=1 epoch=2 window=346 phase=measure evaluated=25 k=4 scale_pct=200 age_ratio=7 host=65537 gc_pages=20738 gc_count=1348 waf_q16=86273 best=17 next=26 settled=0
[1287513.455093] NVMeVirt: WATGC_V2 sample ns=0 part=0 epoch=2 window=349 phase=measure evaluated=15 k=4 scale_pct=25 age_ratio=4 host=65585 gc_pages=20112 gc_count=1339 waf_q16=85632 best=15 next=16 settled=0
[1287515.677091] tee (723966): drop_caches: 3
[1287518.352243] NVMeVirt: WATGC_V2 sample ns=0 part=3 epoch=1 window=358 phase=measure evaluated=46 k=10 scale_pct=25 age_ratio=7 host=65544 gc_pages=22785 gc_count=1380 waf_q16=88318 best=46 next=46 settled=1
[1287520.641683] tee (723970): drop_caches: 3
[1287525.556042] tee (723974): drop_caches: 3
[1287527.603069] NVMeVirt: WATGC_V2 sample ns=0 part=2 epoch=2 window=343 phase=measure evaluated=43 k=7 scale_pct=400 age_ratio=7 host=65581 gc_pages=20694 gc_count=1348 waf_q16=86215 best=17 next=44 settled=0
[1287530.029265] NVMeVirt: WATGC_V2 sample ns=0 part=1 epoch=2 window=347 phase=measure evaluated=26 k=4 scale_pct=200 age_ratio=16 host=65537 gc_pages=20737 gc_count=1348 waf_q16=86272 best=17 next=27 settled=0
[1287530.410413] NVMeVirt: WATGC_V2 sample ns=0 part=3 epoch=1 window=359 phase=measure evaluated=46 k=10 scale_pct=25 age_ratio=7 host=65575 gc_pages=21970 gc_count=1368 waf_q16=87492 best=46 next=15 settled=1
[1287530.634747] tee (723978): drop_caches: 3
[1287531.936439] NVMeVirt: WATGC_V2 sample ns=0 part=0 epoch=2 window=350 phase=measure evaluated=16 k=4 scale_pct=25 age_ratio=7 host=65549 gc_pages=18371 gc_count=1311 waf_q16=83903 best=16 next=17 settled=0
[1287535.697601] tee (723994): drop_caches: 3
[1287540.080986] tee (724008): drop_caches: 3
[1287545.060714] tee (724012): drop_caches: 3
[1287545.918671] NVMeVirt: WATGC_V2 sample ns=0 part=2 epoch=2 window=344 phase=measure evaluated=44 k=7 scale_pct=400 age_ratio=16 host=65553 gc_pages=20525 gc_count=1345 waf_q16=86055 best=17 next=45 settled=0
[1287548.644898] NVMeVirt: WATGC_V2 sample ns=0 part=1 epoch=2 window=348 phase=measure evaluated=27 k=4 scale_pct=400 age_ratio=4 host=65549 gc_pages=21050 gc_count=1353 waf_q16=86581 best=17 next=28 settled=0
[1287548.983467] NVMeVirt: WATGC_V2 sample ns=0 part=3 epoch=1 window=360 phase=measure evaluated=15 k=4 scale_pct=25 age_ratio=4 host=65587 gc_pages=21642 gc_count=1363 waf_q16=87161 best=46 next=46 settled=1
[1287550.302805] tee (724016): drop_caches: 3
[1287550.333890] NVMeVirt: WATGC_V2 sample ns=0 part=0 epoch=2 window=351 phase=measure evaluated=17 k=4 scale_pct=25 age_ratio=16 host=65584 gc_pages=16707 gc_count=1286 waf_q16=82230 best=17 next=18 settled=0
[1287555.218080] tee (724020): drop_caches: 3
[1287560.196470] tee (724024): drop_caches: 3
[1287564.080568] NVMeVirt: WATGC_V2 sample ns=0 part=2 epoch=2 window=345 phase=measure evaluated=45 k=10 scale_pct=25 age_ratio=4 host=65556 gc_pages=20209 gc_count=1340 waf_q16=85738 best=17 next=47 settled=0
[1287565.085207] tee (724037): drop_caches: 3
[1287567.045827] NVMeVirt: WATGC_V2 sample ns=0 part=1 epoch=2 window=349 phase=measure evaluated=28 k=4 scale_pct=400 age_ratio=7 host=65540 gc_pages=21244 gc_count=1356 waf_q16=86778 best=17 next=29 settled=0
[1287567.422382] NVMeVirt: WATGC_V2 sample ns=0 part=3 epoch=1 window=361 phase=measure evaluated=46 k=10 scale_pct=25 age_ratio=7 host=65545 gc_pages=22340 gc_count=1373 waf_q16=87872 best=46 next=46 settled=1
[1287568.873180] NVMeVirt: WATGC_V2 sample ns=0 part=0 epoch=2 window=352 phase=measure evaluated=18 k=4 scale_pct=50 age_ratio=4 host=65567 gc_pages=17891 gc_count=1304 waf_q16=83418 best=17 next=19 settled=0
[1287569.914995] tee (724056): drop_caches: 3
[1287575.065151] tee (724061): drop_caches: 3
[1287579.512830] NVMeVirt: WATGC_V2 sample ns=0 part=3 epoch=1 window=362 phase=measure evaluated=46 k=10 scale_pct=25 age_ratio=7 host=65580 gc_pages=22279 gc_count=1373 waf_q16=87800 best=46 next=46 settled=1
[1287580.016039] tee (724065): drop_caches: 3
[1287582.555009] NVMeVirt: WATGC_V2 sample ns=0 part=2 epoch=2 window=346 phase=measure evaluated=47 k=10 scale_pct=25 age_ratio=16 host=65561 gc_pages=21162 gc_count=1355 waf_q16=86689 best=17 next=48 settled=0
[1287584.712851] tee (724072): drop_caches: 3
[1287585.598014] NVMeVirt: WATGC_V2 sample ns=0 part=1 epoch=2 window=350 phase=measure evaluated=29 k=4 scale_pct=400 age_ratio=16 host=65539 gc_pages=20665 gc_count=1347 waf_q16=86200 best=17 next=30 settled=0
[1287587.662185] NVMeVirt: WATGC_V2 sample ns=0 part=0 epoch=2 window=353 phase=measure evaluated=19 k=4 scale_pct=50 age_ratio=7 host=65541 gc_pages=21296 gc_count=1357 waf_q16=86830 best=17 next=20 settled=0
[1287589.811993] tee (724076): drop_caches: 3
[1287592.132415] NVMeVirt: WATGC_V2 sample ns=0 part=3 epoch=1 window=363 phase=measure evaluated=46 k=10 scale_pct=25 age_ratio=7 host=65545 gc_pages=23104 gc_count=1385 waf_q16=88636 best=46 next=46 settled=1
[1287594.973727] tee (724080): drop_caches: 3
[1287600.045000] tee (724091): drop_caches: 3
[1287600.716000] NVMeVirt: WATGC_V2 sample ns=0 part=2 epoch=2 window=347 phase=measure evaluated=48 k=10 scale_pct=50 age_ratio=4 host=65541 gc_pages=20030 gc_count=1337 waf_q16=85564 best=17 next=49 settled=0
[1287603.805136] NVMeVirt: WATGC_V2 sample ns=0 part=1 epoch=2 window=351 phase=measure evaluated=30 k=7 scale_pct=25 age_ratio=4 host=65559 gc_pages=20454 gc_count=1344 waf_q16=85982 best=17 next=31 settled=0
[1287604.028213] NVMeVirt: WATGC_V2 sample ns=0 part=3 epoch=1 window=364 phase=measure evaluated=46 k=10 scale_pct=25 age_ratio=7 host=65542 gc_pages=22581 gc_count=1377 waf_q16=88114 best=46 next=46 settled=1
[1287604.525347] tee (724100): drop_caches: 3
[1287606.092958] NVMeVirt: WATGC_V2 sample ns=0 part=0 epoch=2 window=354 phase=measure evaluated=20 k=4 scale_pct=50 age_ratio=16 host=65578 gc_pages=21522 gc_count=1361 waf_q16=87044 best=17 next=21 settled=0
[1287609.696220] tee (724104): drop_caches: 3
[1287614.666629] tee (724110): drop_caches: 3
[1287616.360263] NVMeVirt: WATGC_V2 sample ns=0 part=3 epoch=1 window=365 phase=measure evaluated=46 k=10 scale_pct=25 age_ratio=7 host=65571 gc_pages=21979 gc_count=1368 waf_q16=87503 best=46 next=46 settled=1
[1287618.791662] NVMeVirt: WATGC_V2 sample ns=0 part=2 epoch=2 window=348 phase=measure evaluated=49 k=10 scale_pct=50 age_ratio=7 host=65549 gc_pages=20977 gc_count=1352 waf_q16=86508 best=17 next=50 settled=0
[1287619.949632] tee (724114): drop_caches: 3
[1287622.147186] NVMeVirt: WATGC_V2 sample ns=0 part=1 epoch=2 window=352 phase=measure evaluated=31 k=7 scale_pct=25 age_ratio=7 host=65575 gc_pages=21407 gc_count=1359 waf_q16=86930 best=17 next=32 settled=0
[1287624.105948] NVMeVirt: WATGC_V2 sample ns=0 part=0 epoch=2 window=355 phase=measure evaluated=21 k=4 scale_pct=100 age_ratio=4 host=65571 gc_pages=20310 gc_count=1342 waf_q16=85835 best=17 next=22 settled=0
[1287624.847437] tee (724118): drop_caches: 3
[1287628.337027] NVMeVirt: WATGC_V2 sample ns=0 part=3 epoch=1 window=366 phase=measure evaluated=46 k=10 scale_pct=25 age_ratio=7 host=65564 gc_pages=22566 gc_count=1377 waf_q16=88092 best=46 next=46 settled=1
[1287629.794062] tee (724141): drop_caches: 3
[1287634.208731] tee (724150): drop_caches: 3
[1287637.257537] NVMeVirt: WATGC_V2 sample ns=0 part=2 epoch=2 window=349 phase=measure evaluated=50 k=10 scale_pct=50 age_ratio=16 host=65550 gc_pages=22467 gc_count=1375 waf_q16=87998 best=17 next=51 settled=0
[1287639.256738] tee (724154): drop_caches: 3
[1287640.715956] NVMeVirt: WATGC_V2 sample ns=0 part=1 epoch=2 window=353 phase=measure evaluated=32 k=7 scale_pct=25 age_ratio=16 host=65552 gc_pages=22697 gc_count=1379 waf_q16=88227 best=17 next=33 settled=0
[1287640.840221] NVMeVirt: WATGC_V2 sample ns=0 part=3 epoch=1 window=367 phase=measure evaluated=46 k=10 scale_pct=25 age_ratio=7 host=65570 gc_pages=22239 gc_count=1372 waf_q16=87763 best=46 next=46 settled=1
[1287642.817736] NVMeVirt: WATGC_V2 sample ns=0 part=0 epoch=2 window=356 phase=measure evaluated=22 k=4 scale_pct=100 age_ratio=7 host=65554 gc_pages=20786 gc_count=1349 waf_q16=86316 best=17 next=23 settled=0
[1287644.276146] tee (724158): drop_caches: 3
[1287649.175925] tee (724162): drop_caches: 3
[1287652.952468] NVMeVirt: WATGC_V2 sample ns=0 part=3 epoch=1 window=368 phase=measure evaluated=46 k=10 scale_pct=25 age_ratio=7 host=65557 gc_pages=22447 gc_count=1375 waf_q16=87975 best=46 next=16 settled=1
[1287654.187465] tee (724166): drop_caches: 3
[1287655.691404] NVMeVirt: WATGC_V2 sample ns=0 part=2 epoch=2 window=350 phase=measure evaluated=51 k=10 scale_pct=100 age_ratio=4 host=65541 gc_pages=19390 gc_count=1327 waf_q16=84924 best=17 next=52 settled=0
[1287658.832820] NVMeVirt: WATGC_V2 sample ns=0 part=1 epoch=2 window=354 phase=measure evaluated=33 k=7 scale_pct=50 age_ratio=4 host=65555 gc_pages=20456 gc_count=1344 waf_q16=85986 best=17 next=34 settled=0
[1287659.239289] tee (724191): drop_caches: 3
[1287661.369770] NVMeVirt: WATGC_V2 sample ns=0 part=0 epoch=2 window=357 phase=measure evaluated=23 k=4 scale_pct=100 age_ratio=16 host=65573 gc_pages=20570 gc_count=1346 waf_q16=86094 best=17 next=24 settled=0
[1287663.696620] tee (724200): drop_caches: 3
[1287669.262392] tee (724204): drop_caches: 3
[1287671.131620] NVMeVirt: WATGC_V2 sample ns=0 part=3 epoch=1 window=369 phase=measure evaluated=16 k=4 scale_pct=25 age_ratio=7 host=65536 gc_pages=20474 gc_count=1344 waf_q16=86010 best=46 next=46 settled=1
[1287673.424643] NVMeVirt: WATGC_V2 sample ns=0 part=2 epoch=2 window=351 phase=measure evaluated=52 k=10 scale_pct=100 age_ratio=7 host=65580 gc_pages=20559 gc_count=1346 waf_q16=86081 best=17 next=53 settled=0
[1287674.391956] tee (724208): drop_caches: 3
[1287677.039299] NVMeVirt: WATGC_V2 sample ns=0 part=1 epoch=2 window=355 phase=measure evaluated=34 k=7 scale_pct=50 age_ratio=7 host=65553 gc_pages=20082 gc_count=1338 waf_q16=85612 best=17 next=35 settled=0
[1287679.120270] NVMeVirt: WATGC_V2 sample ns=0 part=0 epoch=2 window=358 phase=measure evaluated=24 k=4 scale_pct=200 age_ratio=4 host=65564 gc_pages=20578 gc_count=1346 waf_q16=86105 best=17 next=25 settled=0
[1287679.426015] tee (724212): drop_caches: 3
[1287684.516755] tee (724216): drop_caches: 3
[1287688.960816] NVMeVirt: WATGC_V2 sample ns=0 part=3 epoch=1 window=370 phase=measure evaluated=46 k=10 scale_pct=25 age_ratio=7 host=65553 gc_pages=21812 gc_count=1365 waf_q16=87342 best=46 next=46 settled=1
[1287689.491197] tee (724239): drop_caches: 3
[1287691.720230] NVMeVirt: WATGC_V2 sample ns=0 part=2 epoch=2 window=352 phase=measure evaluated=53 k=10 scale_pct=100 age_ratio=16 host=65560 gc_pages=20716 gc_count=1348 waf_q16=86244 best=17 next=54 settled=0
[1287693.835042] tee (724245): drop_caches: 3
[1287695.383476] NVMeVirt: WATGC_V2 sample ns=0 part=1 epoch=2 window=356 phase=measure evaluated=35 k=7 scale_pct=50 age_ratio=16 host=65577 gc_pages=18410 gc_count=1312 waf_q16=83934 best=17 next=36 settled=0
[1287697.669832] NVMeVirt: WATGC_V2 sample ns=0 part=0 epoch=2 window=359 phase=measure evaluated=25 k=4 scale_pct=200 age_ratio=7 host=65567 gc_pages=20900 gc_count=1351 waf_q16=86426 best=17 next=26 settled=0
[1287699.071272] tee (724250): drop_caches: 3
[1287701.429846] NVMeVirt: WATGC_V2 sample ns=0 part=3 epoch=1 window=371 phase=measure evaluated=46 k=10 scale_pct=25 age_ratio=7 host=65558 gc_pages=22568 gc_count=1377 waf_q16=88096 best=46 next=46 settled=1
[1287704.425748] tee (724254): drop_caches: 3
[1287709.428068] tee (724258): drop_caches: 3
[1287709.709522] NVMeVirt: WATGC_V2 sample ns=0 part=2 epoch=2 window=353 phase=measure evaluated=54 k=10 scale_pct=200 age_ratio=4 host=65585 gc_pages=19467 gc_count=1329 waf_q16=84988 best=17 next=55 settled=0
[1287713.387169] NVMeVirt: WATGC_V2 sample ns=0 part=3 epoch=1 window=372 phase=measure evaluated=46 k=10 scale_pct=25 age_ratio=7 host=65563 gc_pages=22553 gc_count=1377 waf_q16=88079 best=46 next=46 settled=1
[1287713.525959] NVMeVirt: WATGC_V2 sample ns=0 part=1 epoch=2 window=357 phase=measure evaluated=36 k=7 scale_pct=100 age_ratio=4 host=65565 gc_pages=19047 gc_count=1322 waf_q16=84574 best=17 next=37 settled=0
[1287714.491800] tee (724262): drop_caches: 3
[1287716.218303] NVMeVirt: WATGC_V2 sample ns=0 part=0 epoch=2 window=360 phase=measure evaluated=26 k=4 scale_pct=200 age_ratio=16 host=65555 gc_pages=20778 gc_count=1349 waf_q16=86307 best=17 next=27 settled=0
[1287719.581352] tee (724278): drop_caches: 3
[1287724.728466] tee (724283): drop_caches: 3
[1287725.778213] NVMeVirt: WATGC_V2 sample ns=0 part=3 epoch=1 window=373 phase=measure evaluated=46 k=10 scale_pct=25 age_ratio=7 host=65536 gc_pages=22410 gc_count=1374 waf_q16=87946 best=46 next=46 settled=1
[1287728.144727] NVMeVirt: WATGC_V2 sample ns=0 part=2 epoch=2 window=354 phase=measure evaluated=55 k=10 scale_pct=200 age_ratio=7 host=65573 gc_pages=20506 gc_count=1345 waf_q16=86030 best=17 next=56 settled=0
[1287729.805919] tee (724289): drop_caches: 3
[1287732.228561] NVMeVirt: WATGC_V2 sample ns=0 part=1 epoch=2 window=358 phase=measure evaluated=37 k=7 scale_pct=100 age_ratio=7 host=65540 gc_pages=21242 gc_count=1356 waf_q16=86776 best=17 next=38 settled=0
[1287734.572597] NVMeVirt: WATGC_V2 sample ns=0 part=0 epoch=2 window=361 phase=measure evaluated=27 k=4 scale_pct=400 age_ratio=4 host=65556 gc_pages=20589 gc_count=1346 waf_q16=86118 best=17 next=28 settled=0
[1287735.019171] tee (724293): drop_caches: 3
[1287738.015520] NVMeVirt: WATGC_V2 sample ns=0 part=3 epoch=1 window=374 phase=measure evaluated=46 k=10 scale_pct=25 age_ratio=7 host=65545 gc_pages=22782 gc_count=1380 waf_q16=88314 best=46 next=46 settled=1
[1287739.940179] tee (724297): drop_caches: 3
[1287744.952838] tee (724301): drop_caches: 3
[1287746.707526] NVMeVirt: WATGC_V2 sample ns=0 part=2 epoch=2 window=355 phase=measure evaluated=56 k=10 scale_pct=200 age_ratio=16 host=65573 gc_pages=20697 gc_count=1348 waf_q16=86221 best=17 next=57 settled=0
[1287749.979529] tee (724324): drop_caches: 3
[1287750.323473] NVMeVirt: WATGC_V2 sample ns=0 part=3 epoch=1 window=375 phase=measure evaluated=46 k=10 scale_pct=25 age_ratio=7 host=65547 gc_pages=22252 gc_count=1372 waf_q16=87784 best=46 next=46 settled=1
[1287750.736964] NVMeVirt: WATGC_V2 sample ns=0 part=1 epoch=2 window=359 phase=measure evaluated=38 k=7 scale_pct=100 age_ratio=16 host=65581 gc_pages=21210 gc_count=1356 waf_q16=86731 best=17 next=39 settled=0
[1287753.275486] NVMeVirt: WATGC_V2 sample ns=0 part=0 epoch=2 window=362 phase=measure evaluated=28 k=4 scale_pct=400 age_ratio=7 host=65539 gc_pages=20799 gc_count=1349 waf_q16=86334 best=17 next=29 settled=0
[1287754.965847] tee (724332): drop_caches: 3
[1287759.395911] tee (724339): drop_caches: 3
[1287762.604690] NVMeVirt: WATGC_V2 sample ns=0 part=3 epoch=1 window=376 phase=measure evaluated=46 k=10 scale_pct=25 age_ratio=7 host=65557 gc_pages=22823 gc_count=1381 waf_q16=88351 best=46 next=46 settled=1
[1287764.464955] tee (724343): drop_caches: 3
[1287764.895085] NVMeVirt: WATGC_V2 sample ns=0 part=2 epoch=2 window=356 phase=measure evaluated=57 k=10 scale_pct=400 age_ratio=4 host=65539 gc_pages=20417 gc_count=1343 waf_q16=85952 best=17 next=58 settled=0
[1287768.928276] NVMeVirt: WATGC_V2 sample ns=0 part=1 epoch=2 window=360 phase=measure evaluated=39 k=7 scale_pct=200 age_ratio=4 host=65544 gc_pages=20537 gc_count=1345 waf_q16=86070 best=17 next=40 settled=0
[1287769.516976] tee (724347): drop_caches: 3
[1287771.857905] NVMeVirt: WATGC_V2 sample ns=0 part=0 epoch=2 window=363 phase=measure evaluated=29 k=4 scale_pct=400 age_ratio=16 host=65558 gc_pages=20718 gc_count=1348 waf_q16=86247 best=17 next=30 settled=0
[1287774.539232] NVMeVirt: WATGC_V2 sample ns=0 part=3 epoch=1 window=377 phase=measure evaluated=46 k=10 scale_pct=25 age_ratio=7 host=65552 gc_pages=22205 gc_count=1371 waf_q16=87735 best=46 next=17 settled=1
[1287774.706131] tee (724351): drop_caches: 3
[1287779.797682] tee (724374): drop_caches: 3
[1287783.069951] NVMeVirt: WATGC_V2 sample ns=0 part=2 epoch=2 window=357 phase=measure evaluated=58 k=10 scale_pct=400 age_ratio=7 host=65552 gc_pages=20337 gc_count=1342 waf_q16=85868 best=17 next=59 settled=0
[1287784.789373] tee (724378): drop_caches: 3
[1287787.463871] NVMeVirt: WATGC_V2 sample ns=0 part=1 epoch=2 window=361 phase=measure evaluated=40 k=7 scale_pct=200 age_ratio=7 host=65572 gc_pages=20953 gc_count=1352 waf_q16=86477 best=17 next=41 settled=0
[1287789.275821] tee (724385): drop_caches: 3
[1287790.322693] NVMeVirt: WATGC_V2 sample ns=0 part=0 epoch=2 window=364 phase=measure evaluated=30 k=7 scale_pct=25 age_ratio=4 host=65555 gc_pages=20271 gc_count=1341 waf_q16=85801 best=17 next=31 settled=0
[1287793.064210] NVMeVirt: WATGC_V2 sample ns=0 part=3 epoch=1 window=378 phase=measure evaluated=17 k=4 scale_pct=25 age_ratio=16 host=65560 gc_pages=20282 gc_count=1341 waf_q16=85810 best=46 next=46 settled=1
[1287794.382791] tee (724389): drop_caches: 3
[1287799.521207] tee (724393): drop_caches: 3
[1287801.701510] NVMeVirt: WATGC_V2 sample ns=0 part=2 epoch=2 window=358 phase=measure evaluated=59 k=10 scale_pct=400 age_ratio=16 host=65567 gc_pages=20453 gc_count=1344 waf_q16=85979 best=17 next=0 settled=0
[1287804.677522] tee (724397): drop_caches: 3
[1287806.163634] NVMeVirt: WATGC_V2 sample ns=0 part=1 epoch=2 window=362 phase=measure evaluated=41 k=7 scale_pct=200 age_ratio=16 host=65582 gc_pages=20759 gc_count=1349 waf_q16=86280 best=17 next=42 settled=0
[1287808.867035] NVMeVirt: WATGC_V2 sample ns=0 part=0 epoch=2 window=365 phase=measure evaluated=31 k=7 scale_pct=25 age_ratio=7 host=65553 gc_pages=21811 gc_count=1365 waf_q16=87341 best=17 next=32 settled=0
[1287809.709901] tee (724420): drop_caches: 3
[1287811.731861] NVMeVirt: WATGC_V2 sample ns=0 part=3 epoch=1 window=379 phase=measure evaluated=46 k=10 scale_pct=25 age_ratio=7 host=65568 gc_pages=19621 gc_count=1331 waf_q16=85147 best=46 next=46 settled=1
[1287814.870488] tee (724430): drop_caches: 3
[1287819.456711] tee (724437): drop_caches: 3
[1287820.031699] NVMeVirt: WATGC_V2 sample ns=0 part=2 epoch=2 window=359 phase=measure evaluated=0 k=2 scale_pct=25 age_ratio=4 host=65538 gc_pages=20545 gc_count=1345 waf_q16=86080 best=17 next=1 settled=0
[1287823.776499] NVMeVirt: WATGC_V2 sample ns=0 part=3 epoch=1 window=380 phase=measure evaluated=46 k=10 scale_pct=25 age_ratio=7 host=65553 gc_pages=21544 gc_count=1361 waf_q16=87074 best=46 next=46 settled=1
[1287824.386043] NVMeVirt: WATGC_V2 sample ns=0 part=1 epoch=2 window=363 phase=measure evaluated=42 k=7 scale_pct=400 age_ratio=4 host=65548 gc_pages=20341 gc_count=1342 waf_q16=85873 best=17 next=43 settled=0
[1287824.534025] tee (724441): drop_caches: 3
[1287827.443478] NVMeVirt: WATGC_V2 sample ns=0 part=0 epoch=2 window=366 phase=measure evaluated=32 k=7 scale_pct=25 age_ratio=16 host=65537 gc_pages=22024 gc_count=1368 waf_q16=87559 best=17 next=33 settled=0
[1287829.640210] tee (724445): drop_caches: 3
[1287834.860035] tee (724449): drop_caches: 3
[1287836.001459] NVMeVirt: WATGC_V2 sample ns=0 part=3 epoch=1 window=381 phase=measure evaluated=46 k=10 scale_pct=25 age_ratio=7 host=65547 gc_pages=22194 gc_count=1371 waf_q16=87726 best=46 next=46 settled=1
[1287838.135025] NVMeVirt: WATGC_V2 sample ns=0 part=2 epoch=2 window=360 phase=measure evaluated=1 k=2 scale_pct=25 age_ratio=7 host=65580 gc_pages=20628 gc_count=1347 waf_q16=86150 best=17 next=2 settled=0
[1287839.827563] tee (724472): drop_caches: 3
[1287842.840700] NVMeVirt: WATGC_V2 sample ns=0 part=1 epoch=2 window=364 phase=measure evaluated=43 k=7 scale_pct=400 age_ratio=7 host=65581 gc_pages=21013 gc_count=1353 waf_q16=86534 best=17 next=44 settled=0
[1287844.826193] tee (724476): drop_caches: 3
[1287845.780139] NVMeVirt: WATGC_V2 sample ns=0 part=0 epoch=2 window=367 phase=measure evaluated=33 k=7 scale_pct=50 age_ratio=4 host=65543 gc_pages=19641 gc_count=1331 waf_q16=85174 best=17 next=34 settled=0
[1287848.188884] NVMeVirt: WATGC_V2 sample ns=0 part=3 epoch=1 window=382 phase=measure evaluated=46 k=10 scale_pct=25 age_ratio=7 host=65546 gc_pages=22527 gc_count=1376 waf_q16=88059 best=46 next=46 settled=1
[1287849.169870] tee (724483): drop_caches: 3
[1287854.462341] tee (724487): drop_caches: 3
[1287856.600016] NVMeVirt: WATGC_V2 sample ns=0 part=2 epoch=2 window=361 phase=measure evaluated=2 k=2 scale_pct=25 age_ratio=16 host=65564 gc_pages=20966 gc_count=1352 waf_q16=86493 best=17 next=3 settled=0
[1287859.657578] tee (724491): drop_caches: 3
[1287860.522493] NVMeVirt: WATGC_V2 sample ns=0 part=3 epoch=1 window=383 phase=measure evaluated=46 k=10 scale_pct=25 age_ratio=7 host=65558 gc_pages=21858 gc_count=1366 waf_q16=87386 best=46 next=46 settled=1
[1287861.388568] NVMeVirt: WATGC_V2 sample ns=0 part=1 epoch=2 window=365 phase=measure evaluated=44 k=7 scale_pct=400 age_ratio=16 host=65544 gc_pages=20541 gc_count=1345 waf_q16=86074 best=17 next=45 settled=0
[1287864.168371] NVMeVirt: WATGC_V2 sample ns=0 part=0 epoch=2 window=368 phase=measure evaluated=34 k=7 scale_pct=50 age_ratio=7 host=65540 gc_pages=20985 gc_count=1352 waf_q16=86519 best=17 next=35 settled=0
[1287864.844385] tee (724497): drop_caches: 3
[1287869.892972] tee (724520): drop_caches: 3
[1287872.919394] NVMeVirt: WATGC_V2 sample ns=0 part=3 epoch=1 window=384 phase=measure evaluated=46 k=10 scale_pct=25 age_ratio=7 host=65565 gc_pages=22816 gc_count=1381 waf_q16=88341 best=46 next=46 settled=1
[1287874.626121] NVMeVirt: WATGC_V2 sample ns=0 part=2 epoch=2 window=362 phase=measure evaluated=3 k=2 scale_pct=50 age_ratio=4 host=65587 gc_pages=20548 gc_count=1346 waf_q16=86068 best=17 next=4 settled=0
[1287874.802204] tee (724526): drop_caches: 3
[1287879.751643] tee (724531): drop_caches: 3
[1287879.843328] NVMeVirt: WATGC_V2 sample ns=0 part=1 epoch=2 window=366 phase=measure evaluated=45 k=10 scale_pct=25 age_ratio=4 host=65555 gc_pages=20385 gc_count=1343 waf_q16=85915 best=17 next=47 settled=0
[1287882.958825] NVMeVirt: WATGC_V2 sample ns=0 part=0 epoch=2 window=369 phase=measure evaluated=35 k=7 scale_pct=50 age_ratio=16 host=65561 gc_pages=18415 gc_count=1312 waf_q16=83943 best=17 next=36 settled=0
[1287884.681110] tee (724549): drop_caches: 3
[1287885.184903] NVMeVirt: WATGC_V2 sample ns=0 part=3 epoch=1 window=385 phase=measure evaluated=46 k=10 scale_pct=25 age_ratio=7 host=65583 gc_pages=21974 gc_count=1368 waf_q16=87494 best=46 next=46 settled=1
[1287892.304105] tee (724592): drop_caches: 3
[1287892.658257] NVMeVirt: WATGC_V2 sample ns=0 part=2 epoch=2 window=363 phase=measure evaluated=4 k=2 scale_pct=50 age_ratio=7 host=65562 gc_pages=20588 gc_count=1346 waf_q16=86115 best=17 next=5 settled=0
[1287896.941918] NVMeVirt: WATGC_V2 sample ns=0 part=3 epoch=1 window=386 phase=measure evaluated=46 k=10 scale_pct=25 age_ratio=7 host=65574 gc_pages=22041 gc_count=1369 waf_q16=87564 best=46 next=20 settled=1
[1287897.697306] NVMeVirt: WATGC_V2 sample ns=0 part=1 epoch=2 window=367 phase=measure evaluated=47 k=10 scale_pct=25 age_ratio=16 host=65566 gc_pages=21668 gc_count=1363 waf_q16=87194 best=17 next=48 settled=0
[1287899.428269] tee (724650): drop_caches: 3
[1287900.728510] NVMeVirt: WATGC_V2 sample ns=0 part=0 epoch=2 window=370 phase=measure evaluated=36 k=7 scale_pct=100 age_ratio=4 host=65539 gc_pages=18428 gc_count=1312 waf_q16=83963 best=17 next=37 settled=0
[1287906.115834] tee (724689): drop_caches: 3
[1287910.296603] NVMeVirt: WATGC_V2 sample ns=0 part=2 epoch=2 window=364 phase=measure evaluated=5 k=2 scale_pct=50 age_ratio=16 host=65565 gc_pages=20645 gc_count=1347 waf_q16=86171 best=17 next=6 settled=0
[1287913.912817] NVMeVirt: WATGC_V2 sample ns=0 part=3 epoch=1 window=387 phase=measure evaluated=20 k=4 scale_pct=50 age_ratio=16 host=65561 gc_pages=20460 gc_count=1344 waf_q16=85988 best=46 next=46 settled=1
[1287914.679499] NVMeVirt: WATGC_V2 sample ns=0 part=1 epoch=2 window=368 phase=measure evaluated=48 k=10 scale_pct=50 age_ratio=4 host=65541 gc_pages=19325 gc_count=1326 waf_q16=84859 best=17 next=49 settled=0
[1287915.600611] tee (724735): drop_caches: 3
[1287918.025573] NVMeVirt: WATGC_V2 sample ns=0 part=0 epoch=2 window=371 phase=measure evaluated=37 k=7 scale_pct=100 age_ratio=7 host=65547 gc_pages=20658 gc_count=1347 waf_q16=86190 best=17 next=38 settled=0
[1287924.285824] tee (724788): drop_caches: 3
[1287927.342089] NVMeVirt: WATGC_V2 sample ns=0 part=2 epoch=2 window=365 phase=measure evaluated=6 k=2 scale_pct=100 age_ratio=4 host=65547 gc_pages=20526 gc_count=1345 waf_q16=86058 best=17 next=7 settled=0
[1287930.819313] tee (724815): drop_caches: 3
[1287931.545459] NVMeVirt: WATGC_V2 sample ns=0 part=3 epoch=1 window=388 phase=measure evaluated=46 k=10 scale_pct=25 age_ratio=7 host=65537 gc_pages=20407 gc_count=1343 waf_q16=85942 best=46 next=46 settled=1
[1287932.644201] NVMeVirt: WATGC_V2 sample ns=0 part=1 epoch=2 window=369 phase=measure evaluated=49 k=10 scale_pct=50 age_ratio=7 host=65569 gc_pages=21279 gc_count=1357 waf_q16=86804 best=17 next=50 settled=0
[1287935.524280] NVMeVirt: WATGC_V2 sample ns=0 part=0 epoch=2 window=372 phase=measure evaluated=38 k=7 scale_pct=100 age_ratio=16 host=65572 gc_pages=21017 gc_count=1353 waf_q16=86541 best=17 next=39 settled=0
[1287936.015862] tee (724821): drop_caches: 3
[1287941.705728] tee (724850): drop_caches: 3
[1287943.618843] NVMeVirt: WATGC_V2 sample ns=0 part=3 epoch=1 window=389 phase=measure evaluated=46 k=10 scale_pct=25 age_ratio=7 host=65567 gc_pages=21223 gc_count=1356 waf_q16=86748 best=46 next=46 settled=1
[1287945.162172] NVMeVirt: WATGC_V2 sample ns=0 part=2 epoch=2 window=366 phase=measure evaluated=7 k=2 scale_pct=100 age_ratio=7 host=65567 gc_pages=20576 gc_count=1346 waf_q16=86102 best=17 next=8 settled=0
[1287949.746737] tee (724867): drop_caches: 3
[1287950.305544] NVMeVirt: WATGC_V2 sample ns=0 part=1 epoch=2 window=370 phase=measure evaluated=50 k=10 scale_pct=50 age_ratio=16 host=65556 gc_pages=22056 gc_count=1369 waf_q16=87585 best=17 next=51 settled=0
[1287953.534051] NVMeVirt: WATGC_V2 sample ns=0 part=0 epoch=2 window=373 phase=measure evaluated=39 k=7 scale_pct=200 age_ratio=4 host=65569 gc_pages=19871 gc_count=1335 waf_q16=85396 best=17 next=40 settled=0
[1287954.644632] tee (724884): drop_caches: 3
[1287955.445038] NVMeVirt: WATGC_V2 reset ns=0 part=3 epoch=1 window=390 arm=46 reason=waf-drift reference_q16=99515 sample_q16=86909
[1287955.445047] NVMeVirt: WATGC_V2 sample ns=0 part=3 epoch=2 window=390 phase=measure evaluated=46 k=10 scale_pct=25 age_ratio=7 host=65583 gc_pages=21389 gc_count=1359 waf_q16=86909 best=46 next=0 settled=0
[1287960.829228] tee (724895): drop_caches: 3
[1287962.941269] NVMeVirt: WATGC_V2 sample ns=0 part=2 epoch=2 window=367 phase=measure evaluated=8 k=2 scale_pct=100 age_ratio=16 host=65560 gc_pages=20648 gc_count=1347 waf_q16=86176 best=17 next=9 settled=0
[1287965.962121] tee (724904): drop_caches: 3
[1287968.661789] NVMeVirt: WATGC_V2 sample ns=0 part=1 epoch=2 window=371 phase=measure evaluated=51 k=10 scale_pct=100 age_ratio=4 host=65539 gc_pages=19576 gc_count=1330 waf_q16=85111 best=17 next=52 settled=0
[1287971.164048] tee (724909): drop_caches: 3
[1287971.800869] NVMeVirt: WATGC_V2 sample ns=0 part=0 epoch=2 window=374 phase=measure evaluated=40 k=7 scale_pct=200 age_ratio=7 host=65563 gc_pages=20452 gc_count=1344 waf_q16=85979 best=17 next=41 settled=0
[1287973.538173] NVMeVirt: WATGC_V2 sample ns=0 part=3 epoch=2 window=391 phase=measure evaluated=0 k=2 scale_pct=25 age_ratio=4 host=65575 gc_pages=21149 gc_count=1355 waf_q16=86672 best=46 next=1 settled=0
[1287976.125484] tee (724913): drop_caches: 3
[1287980.774130] NVMeVirt: WATGC_V2 sample ns=0 part=2 epoch=2 window=368 phase=measure evaluated=9 k=2 scale_pct=200 age_ratio=4 host=65574 gc_pages=20314 gc_count=1342 waf_q16=85838 best=17 next=10 settled=0
[1287981.181942] tee (724917): drop_caches: 3
[1287985.492909] tee (724924): drop_caches: 3
[1287986.726029] NVMeVirt: WATGC_V2 sample ns=0 part=1 epoch=2 window=372 phase=measure evaluated=52 k=10 scale_pct=100 age_ratio=7 host=65545 gc_pages=20541 gc_count=1345 waf_q16=86074 best=17 next=53 settled=0
[1287989.951392] NVMeVirt: WATGC_V2 sample ns=0 part=0 epoch=2 window=375 phase=measure evaluated=41 k=7 scale_pct=200 age_ratio=16 host=65576 gc_pages=20632 gc_count=1347 waf_q16=86155 best=17 next=42 settled=0
[1287991.249755] tee (724933): drop_caches: 3
[1287991.452039] NVMeVirt: WATGC_V2 sample ns=0 part=3 epoch=2 window=392 phase=measure evaluated=1 k=2 scale_pct=25 age_ratio=7 host=65539 gc_pages=20870 gc_count=1350 waf_q16=86405 best=1 next=2 settled=0
[1287996.146879] tee (724939): drop_caches: 3
[1287998.964387] NVMeVirt: WATGC_V2 sample ns=0 part=2 epoch=2 window=369 phase=measure evaluated=10 k=2 scale_pct=200 age_ratio=7 host=65558 gc_pages=20714 gc_count=1348 waf_q16=86243 best=17 next=11 settled=0
[1288001.052762] tee (724943): drop_caches: 3
[1288004.788542] NVMeVirt: WATGC_V2 sample ns=0 part=1 epoch=2 window=373 phase=measure evaluated=53 k=10 scale_pct=100 age_ratio=16 host=65539 gc_pages=20861 gc_count=1350 waf_q16=86396 best=17 next=54 settled=0
[1288005.922978] tee (724947): drop_caches: 3
[1288008.374040] NVMeVirt: WATGC_V2 sample ns=0 part=0 epoch=2 window=376 phase=measure evaluated=42 k=7 scale_pct=400 age_ratio=4 host=65539 gc_pages=20419 gc_count=1343 waf_q16=85954 best=17 next=43 settled=0
[1288009.605652] NVMeVirt: WATGC_V2 sample ns=0 part=3 epoch=2 window=393 phase=measure evaluated=2 k=2 scale_pct=25 age_ratio=16 host=65572 gc_pages=20895 gc_count=1351 waf_q16=86419 best=1 next=3 settled=0
[1288011.344013] tee (724951): drop_caches: 3
[1288015.691191] tee (724958): drop_caches: 3
[1288017.127579] NVMeVirt: WATGC_V2 sample ns=0 part=2 epoch=2 window=370 phase=measure evaluated=11 k=2 scale_pct=200 age_ratio=16 host=65541 gc_pages=20477 gc_count=1344 waf_q16=86011 best=17 next=12 settled=0
[1288020.952349] tee (724969): drop_caches: 3
[1288023.175577] NVMeVirt: WATGC_V2 sample ns=0 part=1 epoch=2 window=374 phase=measure evaluated=54 k=10 scale_pct=200 age_ratio=4 host=65562 gc_pages=20464 gc_count=1344 waf_q16=85991 best=17 next=55 settled=0
[1288025.842264] tee (724978): drop_caches: 3
[1288026.621428] NVMeVirt: WATGC_V2 sample ns=0 part=0 epoch=2 window=377 phase=measure evaluated=43 k=7 scale_pct=400 age_ratio=7 host=65566 gc_pages=20637 gc_count=1347 waf_q16=86163 best=17 next=44 settled=0
[1288027.985156] NVMeVirt: WATGC_V2 sample ns=0 part=3 epoch=2 window=394 phase=measure evaluated=3 k=2 scale_pct=50 age_ratio=4 host=65556 gc_pages=20775 gc_count=1349 waf_q16=86304 best=1 next=4 settled=0
[1288030.813340] tee (724989): drop_caches: 3
[1288035.203979] NVMeVirt: WATGC_V2 sample ns=0 part=2 epoch=2 window=371 phase=measure evaluated=12 k=2 scale_pct=400 age_ratio=4 host=65541 gc_pages=20466 gc_count=1344 waf_q16=86000 best=17 next=13 settled=0
[1288035.817465] tee (724993): drop_caches: 3
[1288040.711224] tee (724997): drop_caches: 3
[1288041.566410] NVMeVirt: WATGC_V2 sample ns=0 part=1 epoch=2 window=375 phase=measure evaluated=55 k=10 scale_pct=200 age_ratio=7 host=65566 gc_pages=20328 gc_count=1342 waf_q16=85854 best=17 next=56 settled=0
[1288044.928398] NVMeVirt: WATGC_V2 sample ns=0 part=0 epoch=2 window=378 phase=measure evaluated=44 k=7 scale_pct=400 age_ratio=16 host=65559 gc_pages=20656 gc_count=1347 waf_q16=86184 best=17 next=45 settled=0
[1288045.030444] tee (725005): drop_caches: 3
[1288046.349247] NVMeVirt: WATGC_V2 sample ns=0 part=3 epoch=2 window=395 phase=measure evaluated=4 k=2 scale_pct=50 age_ratio=7 host=65580 gc_pages=21202 gc_count=1356 waf_q16=86723 best=1 next=5 settled=0
[1288050.024550] tee (725009): drop_caches: 3
[1288053.653467] NVMeVirt: WATGC_V2 sample ns=0 part=2 epoch=2 window=372 phase=measure evaluated=13 k=2 scale_pct=400 age_ratio=7 host=65576 gc_pages=20695 gc_count=1348 waf_q16=86218 best=17 next=14 settled=0
[1288054.955949] tee (725027): drop_caches: 3
[1288059.899697] tee (725031): drop_caches: 3
[1288060.060474] NVMeVirt: WATGC_V2 sample ns=0 part=1 epoch=2 window=376 phase=measure evaluated=56 k=10 scale_pct=200 age_ratio=16 host=65538 gc_pages=21039 gc_count=1353 waf_q16=86574 best=17 next=57 settled=0
[1288063.763081] NVMeVirt: WATGC_V2 sample ns=0 part=0 epoch=2 window=379 phase=measure evaluated=45 k=10 scale_pct=25 age_ratio=4 host=65572 gc_pages=20885 gc_count=1351 waf_q16=86409 best=17 next=47 settled=0
[1288064.669245] NVMeVirt: WATGC_V2 sample ns=0 part=3 epoch=2 window=396 phase=measure evaluated=5 k=2 scale_pct=50 age_ratio=16 host=65564 gc_pages=20965 gc_count=1352 waf_q16=86492 best=1 next=6 settled=0
[1288064.762808] tee (725042): drop_caches: 3
[1288069.642565] tee (725046): drop_caches: 3
[1288072.173488] NVMeVirt: WATGC_V2 sample ns=0 part=2 epoch=2 window=373 phase=measure evaluated=14 k=2 scale_pct=400 age_ratio=16 host=65543 gc_pages=20662 gc_count=1347 waf_q16=86195 best=17 next=15 settled=0
[1288074.892660] tee (725051): drop_caches: 3
[1288078.399139] NVMeVirt: WATGC_V2 sample ns=0 part=1 epoch=2 window=377 phase=measure evaluated=57 k=10 scale_pct=400 age_ratio=4 host=65538 gc_pages=20408 gc_count=1343 waf_q16=85943 best=17 next=58 settled=0
[1288079.719361] tee (725057): drop_caches: 3
[1288082.260640] NVMeVirt: WATGC_V2 sample ns=0 part=0 epoch=2 window=380 phase=measure evaluated=47 k=10 scale_pct=25 age_ratio=16 host=65570 gc_pages=21477 gc_count=1360 waf_q16=87001 best=17 next=48 settled=0
[1288083.139670] NVMeVirt: WATGC_V2 sample ns=0 part=3 epoch=2 window=397 phase=measure evaluated=6 k=2 scale_pct=100 age_ratio=4 host=65577 gc_pages=21202 gc_count=1356 waf_q16=86724 best=1 next=7 settled=0
[1288084.895657] tee (725073): drop_caches: 3
[1288089.916995] tee (725077): drop_caches: 3
[1288090.157250] NVMeVirt: WATGC_V2 sample ns=0 part=2 epoch=2 window=374 phase=measure evaluated=15 k=4 scale_pct=25 age_ratio=4 host=65547 gc_pages=19432 gc_count=1328 waf_q16=84964 best=17 next=16 settled=0
[1288094.934804] tee (725081): drop_caches: 3
[1288096.914549] NVMeVirt: WATGC_V2 sample ns=0 part=1 epoch=2 window=378 phase=measure evaluated=58 k=10 scale_pct=400 age_ratio=7 host=65581 gc_pages=20817 gc_count=1350 waf_q16=86338 best=17 next=59 settled=0
[1288099.863427] tee (725085): drop_caches: 3
[1288100.628549] NVMeVirt: WATGC_V2 sample ns=0 part=0 epoch=2 window=381 phase=measure evaluated=48 k=10 scale_pct=50 age_ratio=4 host=65576 gc_pages=20056 gc_count=1338 waf_q16=85579 best=17 next=49 settled=0
[1288101.456195] NVMeVirt: WATGC_V2 sample ns=0 part=3 epoch=2 window=398 phase=measure evaluated=7 k=2 scale_pct=100 age_ratio=7 host=65543 gc_pages=21121 gc_count=1354 waf_q16=86654 best=1 next=8 settled=0
[1288104.930182] tee (725089): drop_caches: 3
[1288108.405479] NVMeVirt: WATGC_V2 sample ns=0 part=2 epoch=2 window=375 phase=measure evaluated=16 k=4 scale_pct=25 age_ratio=7 host=65563 gc_pages=18452 gc_count=1313 waf_q16=83980 best=17 next=17 settled=0
[1288109.263359] tee (725096): drop_caches: 3
[1288114.336796] tee (725119): drop_caches: 3
[1288115.177688] NVMeVirt: WATGC_V2 sample ns=0 part=1 epoch=2 window=379 phase=measure evaluated=59 k=10 scale_pct=400 age_ratio=16 host=65566 gc_pages=20701 gc_count=1348 waf_q16=86227 best=17 next=0 settled=0
[1288118.761093] NVMeVirt: WATGC_V2 sample ns=0 part=0 epoch=2 window=382 phase=measure evaluated=49 k=10 scale_pct=50 age_ratio=7 host=65551 gc_pages=21105 gc_count=1354 waf_q16=86636 best=17 next=50 settled=0
[1288119.350829] tee (725123): drop_caches: 3
[1288119.503328] NVMeVirt: WATGC_V2 sample ns=0 part=3 epoch=2 window=399 phase=measure evaluated=8 k=2 scale_pct=100 age_ratio=16 host=65579 gc_pages=20694 gc_count=1348 waf_q16=86216 best=1 next=9 settled=0
[1288124.298620] tee (725127): drop_caches: 3
[1288126.630546] NVMeVirt: WATGC_V2 sample ns=0 part=2 epoch=2 window=376 phase=measure evaluated=17 k=4 scale_pct=25 age_ratio=16 host=65592 gc_pages=17406 gc_count=1297 waf_q16=82927 best=17 next=18 settled=0
[1288129.249864] tee (725131): drop_caches: 3
[1288133.171423] NVMeVirt: WATGC_V2 sample ns=0 part=1 epoch=2 window=380 phase=measure evaluated=0 k=2 scale_pct=25 age_ratio=4 host=65550 gc_pages=20467 gc_count=1344 waf_q16=85998 best=17 next=1 settled=0
[1288134.241913] tee (725135): drop_caches: 3
[1288137.072366] NVMeVirt: WATGC_V2 sample ns=0 part=0 epoch=2 window=383 phase=measure evaluated=50 k=10 scale_pct=50 age_ratio=16 host=65538 gc_pages=22073 gc_count=1369 waf_q16=87608 best=17 next=51 settled=0
[1288137.658013] NVMeVirt: WATGC_V2 sample ns=0 part=3 epoch=2 window=400 phase=measure evaluated=9 k=2 scale_pct=200 age_ratio=4 host=65573 gc_pages=20951 gc_count=1352 waf_q16=86475 best=1 next=10 settled=0
[1288138.614585] tee (725149): drop_caches: 3
[1288143.608525] tee (725165): drop_caches: 3
[1288144.693074] NVMeVirt: WATGC_V2 sample ns=0 part=2 epoch=2 window=377 phase=measure evaluated=18 k=4 scale_pct=50 age_ratio=4 host=65537 gc_pages=18306 gc_count=1310 waf_q16=83841 best=17 next=19 settled=0
[1288148.574815] tee (725169): drop_caches: 3
[1288151.704021] NVMeVirt: WATGC_V2 sample ns=0 part=1 epoch=2 window=381 phase=measure evaluated=1 k=2 scale_pct=25 age_ratio=7 host=65577 gc_pages=20955 gc_count=1352 waf_q16=86477 best=17 next=2 settled=0
[1288153.496636] tee (725173): drop_caches: 3
[1288155.624873] NVMeVirt: WATGC_V2 sample ns=0 part=0 epoch=2 window=384 phase=measure evaluated=51 k=10 scale_pct=100 age_ratio=4 host=65557 gc_pages=19952 gc_count=1336 waf_q16=85481 best=17 next=52 settled=0
[1288156.066502] NVMeVirt: WATGC_V2 sample ns=0 part=3 epoch=2 window=401 phase=measure evaluated=10 k=2 scale_pct=200 age_ratio=7 host=65568 gc_pages=21025 gc_count=1353 waf_q16=86550 best=1 next=11 settled=0
[1288158.470356] tee (725177): drop_caches: 3
[1288162.806103] NVMeVirt: WATGC_V2 sample ns=0 part=2 epoch=2 window=378 phase=measure evaluated=19 k=4 scale_pct=50 age_ratio=7 host=65541 gc_pages=20796 gc_count=1349 waf_q16=86330 best=17 next=20 settled=0
[1288163.773279] tee (725182): drop_caches: 3
[1288168.265868] tee (725189): drop_caches: 3
[1288170.084616] NVMeVirt: WATGC_V2 sample ns=0 part=1 epoch=2 window=382 phase=measure evaluated=2 k=2 scale_pct=25 age_ratio=16 host=65566 gc_pages=20708 gc_count=1348 waf_q16=86234 best=17 next=3 settled=0
[1288173.246008] tee (725212): drop_caches: 3
[1288173.978166] NVMeVirt: WATGC_V2 sample ns=0 part=0 epoch=2 window=385 phase=measure evaluated=52 k=10 scale_pct=100 age_ratio=7 host=65568 gc_pages=20262 gc_count=1341 waf_q16=85788 best=17 next=53 settled=0
[1288174.356024] NVMeVirt: WATGC_V2 sample ns=0 part=3 epoch=2 window=402 phase=measure evaluated=11 k=2 scale_pct=200 age_ratio=16 host=65554 gc_pages=21046 gc_count=1353 waf_q16=86576 best=1 next=12 settled=0
[1288178.507585] tee (725229): drop_caches: 3
[1288181.304105] NVMeVirt: WATGC_V2 sample ns=0 part=2 epoch=2 window=379 phase=measure evaluated=20 k=4 scale_pct=50 age_ratio=16 host=65547 gc_pages=21172 gc_count=1355 waf_q16=86704 best=17 next=21 settled=0
[1288184.206814] tee (725250): drop_caches: 3
[1288188.369889] NVMeVirt: WATGC_V2 sample ns=0 part=1 epoch=2 window=383 phase=measure evaluated=3 k=2 scale_pct=50 age_ratio=4 host=65568 gc_pages=20251 gc_count=1341 waf_q16=85777 best=17 next=4 settled=0
[1288190.750883] tee (725272): drop_caches: 3
[1288192.309270] NVMeVirt: WATGC_V2 sample ns=0 part=0 epoch=2 window=386 phase=measure evaluated=53 k=10 scale_pct=100 age_ratio=16 host=65549 gc_pages=19829 gc_count=1334 waf_q16=85361 best=17 next=54 settled=0
[1288192.539368] NVMeVirt: WATGC_V2 sample ns=0 part=3 epoch=2 window=403 phase=measure evaluated=12 k=2 scale_pct=400 age_ratio=4 host=65551 gc_pages=20531 gc_count=1345 waf_q16=86062 best=1 next=13 settled=0
[1288195.984563] tee (725282): drop_caches: 3
[1288199.237740] NVMeVirt: WATGC_V2 sample ns=0 part=2 epoch=2 window=380 phase=measure evaluated=21 k=4 scale_pct=100 age_ratio=4 host=65567 gc_pages=19999 gc_count=1337 waf_q16=85525 best=17 next=22 settled=0
[1288200.527504] tee (725298): drop_caches: 3
[1288205.530443] tee (725309): drop_caches: 3
[1288206.738416] NVMeVirt: WATGC_V2 sample ns=0 part=1 epoch=2 window=384 phase=measure evaluated=4 k=2 scale_pct=50 age_ratio=7 host=65580 gc_pages=20822 gc_count=1350 waf_q16=86344 best=17 next=5 settled=0
[1288210.430437] NVMeVirt: WATGC_V2 sample ns=0 part=0 epoch=2 window=387 phase=measure evaluated=54 k=10 scale_pct=200 age_ratio=4 host=65561 gc_pages=19885 gc_count=1335 waf_q16=85413 best=17 next=55 settled=0
[1288210.463519] tee (725315): drop_caches: 3
[1288210.768605] NVMeVirt: WATGC_V2 sample ns=0 part=3 epoch=2 window=404 phase=measure evaluated=13 k=2 scale_pct=400 age_ratio=7 host=65540 gc_pages=20615 gc_count=1346 waf_q16=86149 best=1 next=14 settled=0
[1288215.373020] tee (725321): drop_caches: 3
[1288217.690611] NVMeVirt: WATGC_V2 sample ns=0 part=2 epoch=2 window=381 phase=measure evaluated=22 k=4 scale_pct=100 age_ratio=7 host=65582 gc_pages=20243 gc_count=1341 waf_q16=85764 best=17 next=23 settled=0
[1288220.334483] tee (725325): drop_caches: 3
[1288224.945249] NVMeVirt: WATGC_V2 sample ns=0 part=1 epoch=2 window=385 phase=measure evaluated=5 k=2 scale_pct=50 age_ratio=16 host=65546 gc_pages=20394 gc_count=1343 waf_q16=85926 best=17 next=6 settled=0
[1288225.335996] tee (725329): drop_caches: 3
[1288229.096077] NVMeVirt: WATGC_V2 sample ns=0 part=0 epoch=2 window=388 phase=measure evaluated=55 k=10 scale_pct=200 age_ratio=7 host=65553 gc_pages=20211 gc_count=1340 waf_q16=85741 best=17 next=56 settled=0
[1288229.141594] NVMeVirt: WATGC_V2 sample ns=0 part=3 epoch=2 window=405 phase=measure evaluated=14 k=2 scale_pct=400 age_ratio=16 host=65574 gc_pages=20953 gc_count=1352 waf_q16=86476 best=1 next=15 settled=0
[1288230.290312] tee (725334): drop_caches: 3
[1288235.699283] tee (725347): drop_caches: 3
[1288235.892866] NVMeVirt: WATGC_V2 sample ns=0 part=2 epoch=2 window=382 phase=measure evaluated=23 k=4 scale_pct=100 age_ratio=16 host=65568 gc_pages=20128 gc_count=1339 waf_q16=85654 best=17 next=24 settled=0
[1288240.614213] tee (725351): drop_caches: 3
[1288243.489627] NVMeVirt: WATGC_V2 sample ns=0 part=1 epoch=2 window=386 phase=measure evaluated=6 k=2 scale_pct=100 age_ratio=4 host=65543 gc_pages=20851 gc_count=1350 waf_q16=86384 best=17 next=7 settled=0
[1288245.520594] tee (725355): drop_caches: 3
[1288247.585099] NVMeVirt: WATGC_V2 sample ns=0 part=3 epoch=2 window=406 phase=measure evaluated=15 k=4 scale_pct=25 age_ratio=4 host=65572 gc_pages=19481 gc_count=1329 waf_q16=85006 best=15 next=16 settled=0
[1288247.613328] NVMeVirt: WATGC_V2 sample ns=0 part=0 epoch=2 window=389 phase=measure evaluated=56 k=10 scale_pct=200 age_ratio=16 host=65549 gc_pages=20270 gc_count=1341 waf_q16=85801 best=17 next=57 settled=0
[1288250.442062] tee (725366): drop_caches: 3
[1288254.018672] NVMeVirt: WATGC_V2 sample ns=0 part=2 epoch=2 window=383 phase=measure evaluated=24 k=4 scale_pct=200 age_ratio=4 host=65570 gc_pages=20324 gc_count=1342 waf_q16=85849 best=17 next=25 settled=0
[1288255.917167] tee (725370): drop_caches: 3
[1288261.042621] tee (725375): drop_caches: 3
[1288261.592052] NVMeVirt: WATGC_V2 sample ns=0 part=1 epoch=2 window=387 phase=measure evaluated=7 k=2 scale_pct=100 age_ratio=7 host=65582 gc_pages=20763 gc_count=1349 waf_q16=86284 best=17 next=8 settled=0
[1288265.420926] NVMeVirt: WATGC_V2 sample ns=0 part=3 epoch=2 window=407 phase=measure evaluated=16 k=4 scale_pct=25 age_ratio=7 host=65577 gc_pages=19929 gc_count=1336 waf_q16=85452 best=15 next=17 settled=0
[1288265.523890] NVMeVirt: WATGC_V2 sample ns=0 part=0 epoch=2 window=390 phase=measure evaluated=57 k=10 scale_pct=400 age_ratio=4 host=65542 gc_pages=20730 gc_count=1348 waf_q16=86264 best=17 next=58 settled=0
[1288265.998202] tee (725389): drop_caches: 3
[1288271.330764] tee (725400): drop_caches: 3
[1288272.049079] NVMeVirt: WATGC_V2 sample ns=0 part=2 epoch=2 window=384 phase=measure evaluated=25 k=4 scale_pct=200 age_ratio=7 host=65545 gc_pages=20024 gc_count=1337 waf_q16=85557 best=17 next=26 settled=0
[1288276.342936] tee (725404): drop_caches: 3
[1288279.854139] NVMeVirt: WATGC_V2 sample ns=0 part=1 epoch=2 window=388 phase=measure evaluated=8 k=2 scale_pct=100 age_ratio=16 host=65555 gc_pages=20787 gc_count=1349 waf_q16=86316 best=17 next=9 settled=0
[1288281.325744] tee (725415): drop_caches: 3
[1288283.980754] NVMeVirt: WATGC_V2 sample ns=0 part=3 epoch=2 window=408 phase=measure evaluated=17 k=4 scale_pct=25 age_ratio=16 host=65556 gc_pages=18100 gc_count=1307 waf_q16=83630 best=17 next=18 settled=0
[1288284.195152] NVMeVirt: WATGC_V2 sample ns=0 part=0 epoch=2 window=391 phase=measure evaluated=58 k=10 scale_pct=400 age_ratio=7 host=65550 gc_pages=20969 gc_count=1352 waf_q16=86500 best=17 next=59 settled=0
[1288286.940198] tee (725419): drop_caches: 3
[1288290.457344] NVMeVirt: WATGC_V2 sample ns=0 part=2 epoch=2 window=385 phase=measure evaluated=26 k=4 scale_pct=200 age_ratio=16 host=65570 gc_pages=20187 gc_count=1340 waf_q16=85712 best=17 next=27 settled=0
[1288292.009476] tee (725423): drop_caches: 3
[1288296.520161] tee (725435): drop_caches: 3
[1288298.484897] NVMeVirt: WATGC_V2 sample ns=0 part=1 epoch=2 window=389 phase=measure evaluated=9 k=2 scale_pct=200 age_ratio=4 host=65559 gc_pages=20714 gc_count=1348 waf_q16=86242 best=17 next=10 settled=0
[1288301.611845] tee (725446): drop_caches: 3
[1288302.179967] NVMeVirt: WATGC_V2 sample ns=0 part=3 epoch=2 window=409 phase=measure evaluated=18 k=4 scale_pct=50 age_ratio=4 host=65584 gc_pages=17553 gc_count=1299 waf_q16=83076 best=18 next=19 settled=0
[1288302.619996] NVMeVirt: WATGC_V2 sample ns=0 part=0 epoch=2 window=392 phase=measure evaluated=59 k=10 scale_pct=400 age_ratio=16 host=65571 gc_pages=20185 gc_count=1340 waf_q16=85710 best=17 next=0 settled=0
[1288306.502456] tee (725450): drop_caches: 3
[1288308.797892] NVMeVirt: WATGC_V2 sample ns=0 part=2 epoch=2 window=386 phase=measure evaluated=27 k=4 scale_pct=400 age_ratio=4 host=65553 gc_pages=20401 gc_count=1343 waf_q16=85931 best=17 next=28 settled=0
[1288311.376828] tee (725461): drop_caches: 3
[1288316.369838] NVMeVirt: WATGC_V2 sample ns=0 part=1 epoch=2 window=390 phase=measure evaluated=10 k=2 scale_pct=200 age_ratio=7 host=65577 gc_pages=20570 gc_count=1346 waf_q16=86093 best=17 next=11 settled=0
[1288316.517511] tee (725465): drop_caches: 3
[1288320.435254] NVMeVirt: WATGC_V2 sample ns=0 part=3 epoch=2 window=410 phase=measure evaluated=19 k=4 scale_pct=50 age_ratio=7 host=65566 gc_pages=21086 gc_count=1354 waf_q16=86612 best=18 next=20 settled=0
[1288320.861342] NVMeVirt: WATGC_V2 sample ns=0 part=0 epoch=2 window=393 phase=measure evaluated=0 k=2 scale_pct=25 age_ratio=4 host=65543 gc_pages=20025 gc_count=1337 waf_q16=85558 best=17 next=1 settled=0
[1288321.594919] tee (725469): drop_caches: 3
[1288325.975095] tee (725481): drop_caches: 3
[1288327.182639] NVMeVirt: WATGC_V2 sample ns=0 part=2 epoch=2 window=387 phase=measure evaluated=28 k=4 scale_pct=400 age_ratio=7 host=65574 gc_pages=20503 gc_count=1345 waf_q16=86027 best=17 next=29 settled=0
[1288330.866329] tee (725492): drop_caches: 3
[1288335.180516] NVMeVirt: WATGC_V2 sample ns=0 part=1 epoch=2 window=391 phase=measure evaluated=11 k=2 scale_pct=200 age_ratio=16 host=65581 gc_pages=20686 gc_count=1348 waf_q16=86207 best=17 next=12 settled=0
[1288335.810383] tee (725497): drop_caches: 3
[1288338.985116] NVMeVirt: WATGC_V2 sample ns=0 part=3 epoch=2 window=411 phase=measure evaluated=20 k=4 scale_pct=50 age_ratio=16 host=65536 gc_pages=20802 gc_count=1349 waf_q16=86338 best=18 next=21 settled=0
[1288339.517279] NVMeVirt: WATGC_V2 sample ns=0 part=0 epoch=2 window=394 phase=measure evaluated=1 k=2 scale_pct=25 age_ratio=7 host=65558 gc_pages=20523 gc_count=1345 waf_q16=86052 best=17 next=2 settled=0
[1288340.718975] tee (725508): drop_caches: 3
[1288345.299214] NVMeVirt: WATGC_V2 sample ns=0 part=2 epoch=2 window=388 phase=measure evaluated=29 k=4 scale_pct=400 age_ratio=16 host=65574 gc_pages=20122 gc_count=1339 waf_q16=85646 best=17 next=30 settled=0
[1288345.606856] tee (725512): drop_caches: 3
[1288350.614028] tee (725516): drop_caches: 3
[1288353.887385] NVMeVirt: WATGC_V2 sample ns=0 part=1 epoch=2 window=392 phase=measure evaluated=12 k=2 scale_pct=400 age_ratio=4 host=65554 gc_pages=20784 gc_count=1349 waf_q16=86314 best=17 next=13 settled=0
[1288355.343913] tee (725530): drop_caches: 3
[1288357.585329] NVMeVirt: WATGC_V2 sample ns=0 part=3 epoch=2 window=412 phase=measure evaluated=21 k=4 scale_pct=100 age_ratio=4 host=65556 gc_pages=20394 gc_count=1343 waf_q16=85923 best=18 next=22 settled=0
[1288358.280688] NVMeVirt: WATGC_V2 sample ns=0 part=0 epoch=2 window=395 phase=measure evaluated=2 k=2 scale_pct=25 age_ratio=16 host=65558 gc_pages=20399 gc_count=1343 waf_q16=85928 best=17 next=3 settled=0
[1288360.383970] tee (725543): drop_caches: 3
[1288363.794172] NVMeVirt: WATGC_V2 sample ns=0 part=2 epoch=2 window=389 phase=measure evaluated=30 k=7 scale_pct=25 age_ratio=4 host=65581 gc_pages=20045 gc_count=1338 waf_q16=85567 best=17 next=31 settled=0
[1288365.294155] tee (725547): drop_caches: 3
[1288370.238348] tee (725558): drop_caches: 3
[1288372.290479] NVMeVirt: WATGC_V2 sample ns=0 part=1 epoch=2 window=393 phase=measure evaluated=13 k=2 scale_pct=400 age_ratio=7 host=65540 gc_pages=20599 gc_count=1346 waf_q16=86133 best=17 next=14 settled=0
[1288375.122072] tee (725562): drop_caches: 3
[1288375.730829] NVMeVirt: WATGC_V2 sample ns=0 part=3 epoch=2 window=413 phase=measure evaluated=22 k=4 scale_pct=100 age_ratio=7 host=65551 gc_pages=20592 gc_count=1346 waf_q16=86123 best=18 next=23 settled=0
[1288376.725583] NVMeVirt: WATGC_V2 sample ns=0 part=0 epoch=2 window=396 phase=measure evaluated=3 k=2 scale_pct=50 age_ratio=4 host=65544 gc_pages=19964 gc_count=1336 waf_q16=85497 best=17 next=4 settled=0
[1288380.292111] tee (725566): drop_caches: 3
[1288382.264140] NVMeVirt: WATGC_V2 sample ns=0 part=2 epoch=2 window=390 phase=measure evaluated=31 k=7 scale_pct=25 age_ratio=7 host=65568 gc_pages=20951 gc_count=1352 waf_q16=86476 best=17 next=32 settled=0
[1288385.243637] tee (725575): drop_caches: 3
[1288389.733420] tee (725582): drop_caches: 3
[1288390.705050] NVMeVirt: WATGC_V2 sample ns=0 part=1 epoch=2 window=394 phase=measure evaluated=14 k=2 scale_pct=400 age_ratio=16 host=65540 gc_pages=20925 gc_count=1351 waf_q16=86459 best=17 next=15 settled=0
[1288394.064730] NVMeVirt: WATGC_V2 sample ns=0 part=3 epoch=2 window=414 phase=measure evaluated=23 k=4 scale_pct=100 age_ratio=16 host=65578 gc_pages=20752 gc_count=1349 waf_q16=86274 best=18 next=24 settled=0
[1288394.754084] tee (725586): drop_caches: 3
[1288395.158934] NVMeVirt: WATGC_V2 sample ns=0 part=0 epoch=2 window=397 phase=measure evaluated=4 k=2 scale_pct=50 age_ratio=7 host=65546 gc_pages=20335 gc_count=1342 waf_q16=85867 best=17 next=5 settled=0
[1288399.684896] tee (725597): drop_caches: 3
[1288400.443232] NVMeVirt: WATGC_V2 sample ns=0 part=2 epoch=2 window=391 phase=measure evaluated=32 k=7 scale_pct=25 age_ratio=16 host=65544 gc_pages=22640 gc_count=1378 waf_q16=88173 best=17 next=33 settled=0
[1288404.634336] tee (725601): drop_caches: 3
[1288408.949608] NVMeVirt: WATGC_V2 sample ns=0 part=1 epoch=2 window=395 phase=measure evaluated=15 k=4 scale_pct=25 age_ratio=4 host=65565 gc_pages=19813 gc_count=1334 waf_q16=85340 best=17 next=16 settled=0
[1288409.531752] tee (725605): drop_caches: 3
[1288412.565076] NVMeVirt: WATGC_V2 sample ns=0 part=3 epoch=2 window=415 phase=measure evaluated=24 k=4 scale_pct=200 age_ratio=4 host=65554 gc_pages=20776 gc_count=1349 waf_q16=86306 best=18 next=25 settled=0
[1288413.588499] NVMeVirt: WATGC_V2 sample ns=0 part=0 epoch=2 window=398 phase=measure evaluated=5 k=2 scale_pct=50 age_ratio=16 host=65558 gc_pages=20458 gc_count=1344 waf_q16=85987 best=17 next=6 settled=0
[1288414.644102] tee (725619): drop_caches: 3
[1288418.566481] NVMeVirt: WATGC_V2 sample ns=0 part=2 epoch=2 window=392 phase=measure evaluated=33 k=7 scale_pct=50 age_ratio=4 host=65568 gc_pages=19491 gc_count=1329 waf_q16=85017 best=17 next=34 settled=0
[1288419.051486] tee (725627): drop_caches: 3
[1288424.736381] tee (725643): drop_caches: 3
[1288427.365588] NVMeVirt: WATGC_V2 sample ns=0 part=1 epoch=2 window=396 phase=measure evaluated=16 k=4 scale_pct=25 age_ratio=7 host=65562 gc_pages=18987 gc_count=1321 waf_q16=84515 best=17 next=17 settled=0
[1288429.687861] tee (725654): drop_caches: 3
[1288430.729326] NVMeVirt: WATGC_V2 sample ns=0 part=3 epoch=2 window=416 phase=measure evaluated=25 k=4 scale_pct=200 age_ratio=7 host=65539 gc_pages=20604 gc_count=1346 waf_q16=86139 best=18 next=26 settled=0
[1288432.097467] NVMeVirt: WATGC_V2 sample ns=0 part=0 epoch=2 window=399 phase=measure evaluated=6 k=2 scale_pct=100 age_ratio=4 host=65574 gc_pages=20241 gc_count=1341 waf_q16=85765 best=17 next=7 settled=0
[1288434.524979] tee (725658): drop_caches: 3
[1288436.910226] NVMeVirt: WATGC_V2 sample ns=0 part=2 epoch=2 window=393 phase=measure evaluated=34 k=7 scale_pct=50 age_ratio=7 host=65578 gc_pages=20568 gc_count=1346 waf_q16=86090 best=17 next=35 settled=0
[1288439.637027] tee (725664): drop_caches: 3
[1288444.559415] tee (725668): drop_caches: 3
[1288445.736573] NVMeVirt: WATGC_V2 sample ns=0 part=1 epoch=2 window=397 phase=measure evaluated=17 k=4 scale_pct=25 age_ratio=16 host=65584 gc_pages=17412 gc_count=1297 waf_q16=82935 best=17 next=18 settled=0
[1288448.750035] NVMeVirt: WATGC_V2 sample ns=0 part=3 epoch=2 window=417 phase=measure evaluated=26 k=4 scale_pct=200 age_ratio=16 host=65567 gc_pages=20649 gc_count=1347 waf_q16=86175 best=18 next=27 settled=0
[1288448.919017] tee (725680): drop_caches: 3
[1288450.512120] NVMeVirt: WATGC_V2 sample ns=0 part=0 epoch=2 window=400 phase=measure evaluated=7 k=2 scale_pct=100 age_ratio=7 host=65544 gc_pages=20604 gc_count=1346 waf_q16=86137 best=17 next=8 settled=0
[1288453.924191] tee (725691): drop_caches: 3
[1288455.183206] NVMeVirt: WATGC_V2 sample ns=0 part=2 epoch=2 window=394 phase=measure evaluated=35 k=7 scale_pct=50 age_ratio=16 host=65567 gc_pages=18970 gc_count=1321 waf_q16=84497 best=17 next=36 settled=0
[1288458.959909] tee (725695): drop_caches: 3
[1288463.713266] NVMeVirt: WATGC_V2 sample ns=0 part=1 epoch=2 window=398 phase=measure evaluated=18 k=4 scale_pct=50 age_ratio=4 host=65553 gc_pages=18155 gc_count=1308 waf_q16=83686 best=17 next=19 settled=0
[1288463.862142] tee (725708): drop_caches: 3
[1288467.023990] NVMeVirt: WATGC_V2 sample ns=0 part=3 epoch=2 window=418 phase=measure evaluated=27 k=4 scale_pct=400 age_ratio=4 host=65579 gc_pages=20751 gc_count=1349 waf_q16=86273 best=18 next=28 settled=0
[1288468.447228] NVMeVirt: WATGC_V2 sample ns=0 part=0 epoch=2 window=401 phase=measure evaluated=8 k=2 scale_pct=100 age_ratio=16 host=65579 gc_pages=20183 gc_count=1340 waf_q16=85705 best=17 next=9 settled=0
[1288468.882288] tee (725712): drop_caches: 3
[1288473.054704] NVMeVirt: WATGC_V2 sample ns=0 part=2 epoch=2 window=395 phase=measure evaluated=36 k=7 scale_pct=100 age_ratio=4 host=65577 gc_pages=18202 gc_count=1309 waf_q16=83726 best=17 next=37 settled=0
[1288473.912439] tee (725716): drop_caches: 3
[1288479.050872] tee (725729): drop_caches: 3
[1288482.109778] NVMeVirt: WATGC_V2 sample ns=0 part=1 epoch=2 window=399 phase=measure evaluated=19 k=4 scale_pct=50 age_ratio=7 host=65554 gc_pages=20716 gc_count=1348 waf_q16=86246 best=17 next=20 settled=0
[1288484.441864] tee (725745): drop_caches: 3
[1288485.175835] NVMeVirt: WATGC_V2 sample ns=0 part=3 epoch=2 window=419 phase=measure evaluated=28 k=4 scale_pct=400 age_ratio=7 host=65540 gc_pages=20480 gc_count=1344 waf_q16=86014 best=18 next=29 settled=0
[1288486.972479] NVMeVirt: WATGC_V2 sample ns=0 part=0 epoch=2 window=402 phase=measure evaluated=9 k=2 scale_pct=200 age_ratio=4 host=65550 gc_pages=20404 gc_count=1343 waf_q16=85935 best=17 next=10 settled=0
[1288489.648949] tee (725821): drop_caches: 3
[1288491.108018] NVMeVirt: WATGC_V2 sample ns=0 part=2 epoch=2 window=396 phase=measure evaluated=37 k=7 scale_pct=100 age_ratio=7 host=65558 gc_pages=20456 gc_count=1344 waf_q16=85985 best=17 next=38 settled=0
[1288496.765105] tee (725827): drop_caches: 3
[1288499.860488] NVMeVirt: WATGC_V2 sample ns=0 part=1 epoch=2 window=400 phase=measure evaluated=20 k=4 scale_pct=50 age_ratio=16 host=65584 gc_pages=20939 gc_count=1352 waf_q16=86459 best=17 next=21 settled=0
[1288502.673380] NVMeVirt: WATGC_V2 sample ns=0 part=3 epoch=2 window=420 phase=measure evaluated=29 k=4 scale_pct=400 age_ratio=16 host=65583 gc_pages=20241 gc_count=1341 waf_q16=85762 best=18 next=30 settled=0
[1288504.478744] tee (725834): drop_caches: 3
[1288545.348938] tee (725877): drop_caches: 3
[1288568.955935] mix-mixR-online-717505 phase=B END
[1288568.963138] mix-mixR-online-717505 phase=C START
[1288573.402455] NVMeVirt: WATGC_V2 sample ns=0 part=0 epoch=2 window=403 phase=measure evaluated=10 k=2 scale_pct=200 age_ratio=7 host=65556 gc_pages=21488 gc_count=1360 waf_q16=87017 best=17 next=11 settled=0
[1288575.583600] NVMeVirt: WATGC_V2 sample ns=0 part=2 epoch=2 window=397 phase=measure evaluated=38 k=7 scale_pct=100 age_ratio=16 host=65571 gc_pages=26796 gc_count=1443 waf_q16=92317 best=17 next=39 settled=0
[1288580.549004] NVMeVirt: WATGC_V2 sample ns=0 part=1 epoch=2 window=401 phase=measure evaluated=21 k=4 scale_pct=100 age_ratio=4 host=65539 gc_pages=57614 gc_count=1924 waf_q16=123147 best=17 next=22 settled=0
[1288582.194302] NVMeVirt: WATGC_V2 sample ns=0 part=3 epoch=2 window=421 phase=measure evaluated=30 k=7 scale_pct=25 age_ratio=4 host=65560 gc_pages=73135 gc_count=2167 waf_q16=138644 best=18 next=31 settled=0
[1288583.231776] NVMeVirt: WATGC_V2 sample ns=0 part=0 epoch=2 window=404 phase=measure evaluated=11 k=2 scale_pct=200 age_ratio=16 host=65543 gc_pages=89542 gc_count=2423 waf_q16=155068 best=17 next=12 settled=0
[1288585.386828] NVMeVirt: WATGC_V2 sample ns=0 part=2 epoch=2 window=398 phase=measure evaluated=39 k=7 scale_pct=200 age_ratio=4 host=65549 gc_pages=105221 gc_count=2668 waf_q16=170736 best=17 next=40 settled=0
[1288590.364071] NVMeVirt: WATGC_V2 sample ns=0 part=1 epoch=2 window=402 phase=measure evaluated=22 k=4 scale_pct=100 age_ratio=7 host=65550 gc_pages=133558 gc_count=3111 waf_q16=199065 best=17 next=23 settled=0
[1288592.041233] NVMeVirt: WATGC_V2 sample ns=0 part=3 epoch=2 window=422 phase=measure evaluated=31 k=7 scale_pct=25 age_ratio=7 host=65551 gc_pages=128301 gc_count=3029 waf_q16=193807 best=18 next=32 settled=0
[1288593.073906] NVMeVirt: WATGC_V2 sample ns=0 part=0 epoch=2 window=405 phase=measure evaluated=12 k=2 scale_pct=400 age_ratio=4 host=65548 gc_pages=144183 gc_count=3277 waf_q16=209692 best=17 next=13 settled=0
[1288595.238914] NVMeVirt: WATGC_V2 sample ns=0 part=2 epoch=2 window=399 phase=measure evaluated=40 k=7 scale_pct=200 age_ratio=7 host=65543 gc_pages=146878 gc_count=3319 waf_q16=212398 best=17 next=41 settled=0
[1288600.212110] NVMeVirt: WATGC_V2 sample ns=0 part=1 epoch=2 window=403 phase=measure evaluated=23 k=4 scale_pct=100 age_ratio=16 host=65553 gc_pages=154929 gc_count=3445 waf_q16=220424 best=17 next=24 settled=0
[1288601.886719] NVMeVirt: WATGC_V2 sample ns=0 part=3 epoch=2 window=423 phase=measure evaluated=32 k=7 scale_pct=25 age_ratio=16 host=65562 gc_pages=131857 gc_count=3085 waf_q16=197340 best=18 next=33 settled=0
[1288602.894958] NVMeVirt: WATGC_V2 sample ns=0 part=0 epoch=2 window=406 phase=measure evaluated=13 k=2 scale_pct=400 age_ratio=7 host=65553 gc_pages=171887 gc_count=3710 waf_q16=237378 best=17 next=14 settled=0
[1288605.059789] NVMeVirt: WATGC_V2 sample ns=0 part=2 epoch=2 window=400 phase=measure evaluated=41 k=7 scale_pct=200 age_ratio=16 host=65552 gc_pages=168561 gc_count=3658 waf_q16=234055 best=17 next=42 settled=0
[1288610.047550] NVMeVirt: WATGC_V2 sample ns=0 part=1 epoch=2 window=404 phase=measure evaluated=24 k=4 scale_pct=200 age_ratio=4 host=65537 gc_pages=177663 gc_count=3800 waf_q16=243196 best=17 next=25 settled=0
[1288611.716526] NVMeVirt: WATGC_V2 sample ns=0 part=3 epoch=2 window=424 phase=measure evaluated=33 k=7 scale_pct=50 age_ratio=4 host=65554 gc_pages=124088 gc_count=2963 waf_q16=189589 best=18 next=34 settled=0
[1288612.724512] NVMeVirt: WATGC_V2 sample ns=0 part=0 epoch=2 window=407 phase=measure evaluated=14 k=2 scale_pct=400 age_ratio=16 host=65543 gc_pages=192504 gc_count=4032 waf_q16=258019 best=17 next=15 settled=0
[1288614.911217] NVMeVirt: WATGC_V2 sample ns=0 part=2 epoch=2 window=401 phase=measure evaluated=42 k=7 scale_pct=400 age_ratio=4 host=65552 gc_pages=184495 gc_count=3907 waf_q16=249985 best=17 next=43 settled=0
[1288619.867659] NVMeVirt: WATGC_V2 sample ns=0 part=1 epoch=2 window=405 phase=measure evaluated=25 k=4 scale_pct=200 age_ratio=7 host=65537 gc_pages=188352 gc_count=3967 waf_q16=253885 best=17 next=26 settled=0
[1288621.549836] NVMeVirt: WATGC_V2 sample ns=0 part=3 epoch=2 window=425 phase=measure evaluated=34 k=7 scale_pct=50 age_ratio=7 host=65557 gc_pages=157993 gc_count=3493 waf_q16=223478 best=18 next=35 settled=0
[1288622.563735] NVMeVirt: WATGC_V2 sample ns=0 part=0 epoch=2 window=408 phase=measure evaluated=15 k=4 scale_pct=25 age_ratio=4 host=65539 gc_pages=175814 gc_count=3771 waf_q16=241341 best=17 next=16 settled=0
[1288624.753152] NVMeVirt: WATGC_V2 sample ns=0 part=2 epoch=2 window=402 phase=measure evaluated=43 k=7 scale_pct=400 age_ratio=7 host=65536 gc_pages=187007 gc_count=3946 waf_q16=252543 best=17 next=44 settled=0
[1288629.705470] NVMeVirt: WATGC_V2 sample ns=0 part=1 epoch=2 window=406 phase=measure evaluated=26 k=4 scale_pct=200 age_ratio=16 host=65552 gc_pages=190382 gc_count=3999 waf_q16=255871 best=17 next=27 settled=0
[1288631.367165] NVMeVirt: WATGC_V2 sample ns=0 part=3 epoch=2 window=426 phase=measure evaluated=35 k=7 scale_pct=50 age_ratio=16 host=65552 gc_pages=145260 gc_count=3294 waf_q16=210760 best=18 next=36 settled=0
[1288632.382262] NVMeVirt: WATGC_V2 sample ns=0 part=0 epoch=2 window=409 phase=measure evaluated=16 k=4 scale_pct=25 age_ratio=7 host=65560 gc_pages=146096 gc_count=3307 waf_q16=211578 best=17 next=17 settled=0
[1288634.561462] NVMeVirt: WATGC_V2 sample ns=0 part=2 epoch=2 window=403 phase=measure evaluated=44 k=7 scale_pct=400 age_ratio=16 host=65538 gc_pages=188540 gc_count=3970 waf_q16=254070 best=17 next=45 settled=0
[1288639.525704] NVMeVirt: WATGC_V2 sample ns=0 part=1 epoch=2 window=407 phase=measure evaluated=27 k=4 scale_pct=400 age_ratio=4 host=65546 gc_pages=188022 gc_count=3962 waf_q16=253529 best=17 next=28 settled=0
[1288641.217218] NVMeVirt: WATGC_V2 sample ns=0 part=3 epoch=2 window=427 phase=measure evaluated=36 k=7 scale_pct=100 age_ratio=4 host=65540 gc_pages=138618 gc_count=3190 waf_q16=204145 best=18 next=37 settled=0
[1288642.233088] NVMeVirt: WATGC_V2 sample ns=0 part=0 epoch=2 window=410 phase=measure evaluated=17 k=4 scale_pct=25 age_ratio=16 host=65542 gc_pages=143287 gc_count=3263 waf_q16=208809 best=18 next=18 settled=0
[1288644.382835] NVMeVirt: WATGC_V2 sample ns=0 part=2 epoch=2 window=404 phase=measure evaluated=45 k=10 scale_pct=25 age_ratio=4 host=65546 gc_pages=146687 gc_count=3316 waf_q16=212200 best=17 next=46 settled=0
[1288649.379720] NVMeVirt: WATGC_V2 sample ns=0 part=1 epoch=2 window=408 phase=measure evaluated=28 k=4 scale_pct=400 age_ratio=7 host=65537 gc_pages=182399 gc_count=3874 waf_q16=247932 best=17 next=29 settled=0
[1288651.070826] NVMeVirt: WATGC_V2 sample ns=0 part=3 epoch=2 window=428 phase=measure evaluated=37 k=7 scale_pct=100 age_ratio=7 host=65545 gc_pages=175473 gc_count=3766 waf_q16=240984 best=18 next=38 settled=0
[1288652.040661] NVMeVirt: WATGC_V2 sample ns=0 part=0 epoch=2 window=411 phase=measure evaluated=18 k=4 scale_pct=50 age_ratio=4 host=65544 gc_pages=155895 gc_count=3460 waf_q16=221411 best=35 next=19 settled=0
[1288654.219049] NVMeVirt: WATGC_V2 sample ns=0 part=2 epoch=2 window=405 phase=measure evaluated=46 k=10 scale_pct=25 age_ratio=7 host=65546 gc_pages=122886 gc_count=2944 waf_q16=188403 best=17 next=47 settled=0
[1288659.242455] NVMeVirt: WATGC_V2 sample ns=0 part=1 epoch=2 window=409 phase=measure evaluated=29 k=4 scale_pct=400 age_ratio=16 host=65548 gc_pages=181363 gc_count=3858 waf_q16=246865 best=17 next=30 settled=0
[1288660.895235] NVMeVirt: WATGC_V2 sample ns=0 part=3 epoch=2 window=429 phase=measure evaluated=38 k=7 scale_pct=100 age_ratio=16 host=65549 gc_pages=179957 gc_count=3836 waf_q16=245457 best=18 next=39 settled=0
[1288661.860646] NVMeVirt: WATGC_V2 sample ns=0 part=0 epoch=2 window=412 phase=measure evaluated=19 k=4 scale_pct=50 age_ratio=7 host=65538 gc_pages=176510 gc_count=3782 waf_q16=242040 best=35 next=20 settled=0
[1288664.037456] NVMeVirt: WATGC_V2 sample ns=0 part=2 epoch=2 window=406 phase=measure evaluated=47 k=10 scale_pct=25 age_ratio=16 host=65547 gc_pages=114092 gc_count=2807 waf_q16=179608 best=17 next=48 settled=0
[1288669.048603] NVMeVirt: WATGC_V2 sample ns=0 part=1 epoch=2 window=410 phase=measure evaluated=30 k=7 scale_pct=25 age_ratio=4 host=65557 gc_pages=139176 gc_count=3199 waf_q16=204667 best=17 next=31 settled=0
[1288670.732868] NVMeVirt: WATGC_V2 sample ns=0 part=3 epoch=2 window=430 phase=measure evaluated=39 k=7 scale_pct=200 age_ratio=4 host=65552 gc_pages=170929 gc_count=3695 waf_q16=236423 best=18 next=40 settled=0
[1288671.709236] NVMeVirt: WATGC_V2 sample ns=0 part=0 epoch=2 window=413 phase=measure evaluated=20 k=4 scale_pct=50 age_ratio=16 host=65541 gc_pages=175934 gc_count=3773 waf_q16=241456 best=35 next=21 settled=0
[1288673.869972] NVMeVirt: WATGC_V2 sample ns=0 part=2 epoch=2 window=407 phase=measure evaluated=48 k=10 scale_pct=50 age_ratio=4 host=65541 gc_pages=129659 gc_count=3050 waf_q16=195185 best=17 next=49 settled=0
[1288678.896373] NVMeVirt: WATGC_V2 sample ns=0 part=1 epoch=2 window=411 phase=measure evaluated=31 k=7 scale_pct=25 age_ratio=7 host=65546 gc_pages=130161 gc_count=3058 waf_q16=195677 best=17 next=32 settled=0
[1288680.557742] NVMeVirt: WATGC_V2 sample ns=0 part=3 epoch=2 window=431 phase=measure evaluated=40 k=7 scale_pct=200 age_ratio=7 host=65541 gc_pages=177083 gc_count=3791 waf_q16=242605 best=18 next=41 settled=0
[1288681.546059] NVMeVirt: WATGC_V2 sample ns=0 part=0 epoch=2 window=414 phase=measure evaluated=21 k=4 scale_pct=100 age_ratio=4 host=65543 gc_pages=177210 gc_count=3793 waf_q16=242727 best=35 next=22 settled=0
[1288683.689095] NVMeVirt: WATGC_V2 sample ns=0 part=2 epoch=2 window=408 phase=measure evaluated=49 k=10 scale_pct=50 age_ratio=7 host=65539 gc_pages=163704 gc_count=3582 waf_q16=229232 best=17 next=50 settled=0
[1288688.732623] NVMeVirt: WATGC_V2 sample ns=0 part=1 epoch=2 window=412 phase=measure evaluated=32 k=7 scale_pct=25 age_ratio=16 host=65553 gc_pages=137648 gc_count=3175 waf_q16=203148 best=17 next=33 settled=0
[1288690.387446] NVMeVirt: WATGC_V2 sample ns=0 part=3 epoch=2 window=432 phase=measure evaluated=41 k=7 scale_pct=200 age_ratio=16 host=65544 gc_pages=179257 gc_count=3825 waf_q16=244771 best=18 next=42 settled=0
[1288691.388824] NVMeVirt: WATGC_V2 sample ns=0 part=0 epoch=2 window=415 phase=measure evaluated=22 k=4 scale_pct=100 age_ratio=7 host=65543 gc_pages=185401 gc_count=3921 waf_q16=250917 best=35 next=23 settled=0
[1288693.528888] NVMeVirt: WATGC_V2 sample ns=0 part=2 epoch=2 window=409 phase=measure evaluated=50 k=10 scale_pct=50 age_ratio=16 host=65560 gc_pages=134954 gc_count=3133 waf_q16=200440 best=17 next=51 settled=0
[1288698.540543] NVMeVirt: WATGC_V2 sample ns=0 part=1 epoch=2 window=413 phase=measure evaluated=33 k=7 scale_pct=50 age_ratio=4 host=65536 gc_pages=125510 gc_count=2985 waf_q16=191046 best=17 next=34 settled=0
[1288700.213499] NVMeVirt: WATGC_V2 sample ns=0 part=3 epoch=2 window=433 phase=measure evaluated=42 k=7 scale_pct=400 age_ratio=4 host=65537 gc_pages=184062 gc_count=3900 waf_q16=249595 best=18 next=43 settled=0
[1288701.223487] NVMeVirt: WATGC_V2 sample ns=0 part=0 epoch=2 window=416 phase=measure evaluated=23 k=4 scale_pct=100 age_ratio=16 host=65552 gc_pages=184304 gc_count=3904 waf_q16=249795 best=35 next=24 settled=0
[1288703.357762] NVMeVirt: WATGC_V2 sample ns=0 part=2 epoch=2 window=410 phase=measure evaluated=51 k=10 scale_pct=100 age_ratio=4 host=65545 gc_pages=135482 gc_count=3141 waf_q16=200999 best=17 next=52 settled=0
[1288708.377766] NVMeVirt: WATGC_V2 sample ns=0 part=1 epoch=2 window=414 phase=measure evaluated=34 k=7 scale_pct=50 age_ratio=7 host=65543 gc_pages=151225 gc_count=3387 waf_q16=216744 best=17 next=35 settled=0
[1288710.031240] NVMeVirt: WATGC_V2 sample ns=0 part=3 epoch=2 window=434 phase=measure evaluated=43 k=7 scale_pct=400 age_ratio=7 host=65544 gc_pages=183033 gc_count=3884 waf_q16=248546 best=18 next=44 settled=0
[1288711.068701] NVMeVirt: WATGC_V2 sample ns=0 part=0 epoch=2 window=417 phase=measure evaluated=24 k=4 scale_pct=200 age_ratio=4 host=65551 gc_pages=187697 gc_count=3957 waf_q16=253190 best=35 next=25 settled=0
[1288713.203613] NVMeVirt: WATGC_V2 sample ns=0 part=2 epoch=2 window=411 phase=measure evaluated=52 k=10 scale_pct=100 age_ratio=7 host=65545 gc_pages=167807 gc_count=3646 waf_q16=233319 best=17 next=53 settled=0
[1288718.220836] NVMeVirt: WATGC_V2 sample ns=0 part=1 epoch=2 window=415 phase=measure evaluated=35 k=7 scale_pct=50 age_ratio=16 host=65539 gc_pages=153850 gc_count=3428 waf_q16=219378 best=17 next=36 settled=0
[1288719.862505] NVMeVirt: WATGC_V2 sample ns=0 part=3 epoch=2 window=435 phase=measure evaluated=44 k=7 scale_pct=400 age_ratio=16 host=65550 gc_pages=181682 gc_count=3863 waf_q16=247179 best=18 next=45 settled=0
[1288720.880618] NVMeVirt: WATGC_V2 sample ns=0 part=0 epoch=2 window=418 phase=measure evaluated=25 k=4 scale_pct=200 age_ratio=7 host=65549 gc_pages=191476 gc_count=4016 waf_q16=256974 best=35 next=26 settled=0
[1288723.030523] NVMeVirt: WATGC_V2 sample ns=0 part=2 epoch=2 window=412 phase=measure evaluated=53 k=10 scale_pct=100 age_ratio=16 host=65536 gc_pages=163894 gc_count=3585 waf_q16=229430 best=17 next=54 settled=0
[1288728.045974] NVMeVirt: WATGC_V2 sample ns=0 part=1 epoch=2 window=416 phase=measure evaluated=36 k=7 scale_pct=100 age_ratio=4 host=65537 gc_pages=146238 gc_count=3309 waf_q16=211771 best=17 next=37 settled=0
[1288729.714348] NVMeVirt: WATGC_V2 sample ns=0 part=3 epoch=2 window=436 phase=measure evaluated=45 k=10 scale_pct=25 age_ratio=4 host=65558 gc_pages=137840 gc_count=3178 waf_q16=203329 best=18 next=47 settled=0
[1288730.706525] NVMeVirt: WATGC_V2 sample ns=0 part=0 epoch=2 window=419 phase=measure evaluated=26 k=4 scale_pct=200 age_ratio=16 host=65547 gc_pages=188981 gc_count=3977 waf_q16=254485 best=35 next=27 settled=0
[1288732.870505] NVMeVirt: WATGC_V2 sample ns=0 part=2 epoch=2 window=413 phase=measure evaluated=54 k=10 scale_pct=200 age_ratio=4 host=65540 gc_pages=159677 gc_count=3519 waf_q16=225203 best=17 next=55 settled=0
[1288737.879697] NVMeVirt: WATGC_V2 sample ns=0 part=1 epoch=2 window=417 phase=measure evaluated=37 k=7 scale_pct=100 age_ratio=7 host=65548 gc_pages=157171 gc_count=3480 waf_q16=222678 best=17 next=38 settled=0
[1288739.559296] NVMeVirt: WATGC_V2 sample ns=0 part=3 epoch=2 window=437 phase=measure evaluated=47 k=10 scale_pct=25 age_ratio=16 host=65540 gc_pages=109627 gc_count=2737 waf_q16=175156 best=18 next=48 settled=0
[1288740.541945] NVMeVirt: WATGC_V2 sample ns=0 part=0 epoch=2 window=420 phase=measure evaluated=27 k=4 scale_pct=400 age_ratio=4 host=65547 gc_pages=187893 gc_count=3960 waf_q16=253397 best=35 next=28 settled=0
[1288742.698682] NVMeVirt: WATGC_V2 sample ns=0 part=2 epoch=2 window=414 phase=measure evaluated=55 k=10 scale_pct=200 age_ratio=7 host=65536 gc_pages=171014 gc_count=3696 waf_q16=236550 best=17 next=56 settled=0
[1288747.685996] NVMeVirt: WATGC_V2 sample ns=0 part=1 epoch=2 window=418 phase=measure evaluated=38 k=7 scale_pct=100 age_ratio=16 host=65543 gc_pages=177144 gc_count=3792 waf_q16=242661 best=17 next=39 settled=0
[1288749.356968] NVMeVirt: WATGC_V2 sample ns=0 part=3 epoch=2 window=438 phase=measure evaluated=48 k=10 scale_pct=50 age_ratio=4 host=65542 gc_pages=146817 gc_count=3318 waf_q16=212339 best=18 next=49 settled=0
[1288750.400718] NVMeVirt: WATGC_V2 sample ns=0 part=0 epoch=2 window=421 phase=measure evaluated=28 k=4 scale_pct=400 age_ratio=7 host=65547 gc_pages=189300 gc_count=3982 waf_q16=254804 best=35 next=29 settled=0
[1288752.524381] NVMeVirt: WATGC_V2 sample ns=0 part=2 epoch=2 window=415 phase=measure evaluated=56 k=10 scale_pct=200 age_ratio=16 host=65547 gc_pages=175541 gc_count=3767 waf_q16=241047 best=17 next=57 settled=0
[1288757.526809] NVMeVirt: WATGC_V2 sample ns=0 part=1 epoch=2 window=419 phase=measure evaluated=39 k=7 scale_pct=200 age_ratio=4 host=65549 gc_pages=170739 gc_count=3692 waf_q16=236241 best=17 next=40 settled=0
[1288759.182230] NVMeVirt: WATGC_V2 sample ns=0 part=3 epoch=2 window=439 phase=measure evaluated=49 k=10 scale_pct=50 age_ratio=7 host=65544 gc_pages=151929 gc_count=3398 waf_q16=217446 best=18 next=50 settled=0
[1288760.260042] NVMeVirt: WATGC_V2 sample ns=0 part=0 epoch=2 window=422 phase=measure evaluated=29 k=4 scale_pct=400 age_ratio=16 host=65537 gc_pages=191806 gc_count=4021 waf_q16=257339 best=35 next=30 settled=0
[1288762.358654] NVMeVirt: WATGC_V2 sample ns=0 part=2 epoch=2 window=416 phase=measure evaluated=57 k=10 scale_pct=400 age_ratio=4 host=65543 gc_pages=175546 gc_count=3767 waf_q16=241063 best=17 next=58 settled=0
[1288767.369095] NVMeVirt: WATGC_V2 sample ns=0 part=1 epoch=2 window=420 phase=measure evaluated=40 k=7 scale_pct=200 age_ratio=7 host=65541 gc_pages=175164 gc_count=3761 waf_q16=240686 best=17 next=41 settled=0
[1288769.026782] NVMeVirt: WATGC_V2 sample ns=0 part=3 epoch=2 window=440 phase=measure evaluated=50 k=10 scale_pct=50 age_ratio=16 host=65536 gc_pages=123644 gc_count=2956 waf_q16=189180 best=18 next=51 settled=0
[1288770.055775] NVMeVirt: WATGC_V2 sample ns=0 part=0 epoch=2 window=423 phase=measure evaluated=30 k=7 scale_pct=25 age_ratio=4 host=65537 gc_pages=151487 gc_count=3391 waf_q16=217020 best=35 next=31 settled=0
[1288772.180747] NVMeVirt: WATGC_V2 sample ns=0 part=2 epoch=2 window=417 phase=measure evaluated=58 k=10 scale_pct=400 age_ratio=7 host=65553 gc_pages=177391 gc_count=3796 waf_q16=242880 best=17 next=59 settled=0
[1288777.180529] NVMeVirt: WATGC_V2 sample ns=0 part=1 epoch=2 window=421 phase=measure evaluated=41 k=7 scale_pct=200 age_ratio=16 host=65537 gc_pages=177022 gc_count=3790 waf_q16=242555 best=17 next=42 settled=0
[1288778.870041] NVMeVirt: WATGC_V2 sample ns=0 part=3 epoch=2 window=441 phase=measure evaluated=51 k=10 scale_pct=100 age_ratio=4 host=65553 gc_pages=145398 gc_count=3296 waf_q16=210896 best=18 next=52 settled=0
[1288779.905957] NVMeVirt: WATGC_V2 sample ns=0 part=0 epoch=2 window=424 phase=measure evaluated=31 k=7 scale_pct=25 age_ratio=7 host=65553 gc_pages=128629 gc_count=3034 waf_q16=194131 best=35 next=32 settled=0
[1288782.028555] NVMeVirt: WATGC_V2 sample ns=0 part=2 epoch=2 window=418 phase=measure evaluated=59 k=10 scale_pct=400 age_ratio=16 host=65543 gc_pages=182329 gc_count=3873 waf_q16=247845 best=17 next=0 settled=0
[1288787.010999] NVMeVirt: WATGC_V2 sample ns=0 part=1 epoch=2 window=422 phase=measure evaluated=42 k=7 scale_pct=400 age_ratio=4 host=65551 gc_pages=183793 gc_count=3896 waf_q16=249286 best=17 next=43 settled=0
[1288788.713366] NVMeVirt: WATGC_V2 sample ns=0 part=3 epoch=2 window=442 phase=measure evaluated=52 k=10 scale_pct=100 age_ratio=7 host=65554 gc_pages=161131 gc_count=3542 waf_q16=226622 best=18 next=53 settled=0
[1288789.714418] NVMeVirt: WATGC_V2 sample ns=0 part=0 epoch=2 window=425 phase=measure evaluated=32 k=7 scale_pct=25 age_ratio=16 host=65541 gc_pages=113715 gc_count=2801 waf_q16=179242 best=35 next=33 settled=0
[1288791.846564] NVMeVirt: WATGC_V2 sample ns=0 part=2 epoch=2 window=419 phase=measure evaluated=0 k=2 scale_pct=25 age_ratio=4 host=65551 gc_pages=182513 gc_count=3876 waf_q16=248007 best=17 next=1 settled=0
[1288796.855293] NVMeVirt: WATGC_V2 sample ns=0 part=1 epoch=2 window=423 phase=measure evaluated=43 k=7 scale_pct=400 age_ratio=7 host=65545 gc_pages=182648 gc_count=3878 waf_q16=248158 best=17 next=44 settled=0
[1288798.538284] NVMeVirt: WATGC_V2 sample ns=0 part=3 epoch=2 window=443 phase=measure evaluated=53 k=10 scale_pct=100 age_ratio=16 host=65537 gc_pages=162428 gc_count=3562 waf_q16=227961 best=18 next=54 settled=0
[1288799.541496] NVMeVirt: WATGC_V2 sample ns=0 part=0 epoch=2 window=426 phase=measure evaluated=33 k=7 scale_pct=50 age_ratio=4 host=65549 gc_pages=126899 gc_count=3007 waf_q16=192409 best=35 next=34 settled=0
[1288801.700546] NVMeVirt: WATGC_V2 sample ns=0 part=2 epoch=2 window=420 phase=measure evaluated=1 k=2 scale_pct=25 age_ratio=7 host=65543 gc_pages=181369 gc_count=3858 waf_q16=246885 best=17 next=2 settled=0
[1288806.704245] NVMeVirt: WATGC_V2 sample ns=0 part=1 epoch=2 window=424 phase=measure evaluated=44 k=7 scale_pct=400 age_ratio=16 host=65549 gc_pages=181810 gc_count=3865 waf_q16=247309 best=17 next=45 settled=0
[1288808.344909] NVMeVirt: WATGC_V2 sample ns=0 part=3 epoch=2 window=444 phase=measure evaluated=54 k=10 scale_pct=200 age_ratio=4 host=65546 gc_pages=154618 gc_count=3440 waf_q16=220130 best=18 next=55 settled=0
[1288809.362076] NVMeVirt: WATGC_V2 sample ns=0 part=0 epoch=2 window=427 phase=measure evaluated=34 k=7 scale_pct=50 age_ratio=7 host=65538 gc_pages=159110 gc_count=3510 waf_q16=224641 best=35 next=35 settled=0
[1288811.527233] NVMeVirt: WATGC_V2 sample ns=0 part=2 epoch=2 window=421 phase=measure evaluated=2 k=2 scale_pct=25 age_ratio=16 host=65541 gc_pages=182267 gc_count=3872 waf_q16=247789 best=17 next=3 settled=0
[1288816.534730] NVMeVirt: WATGC_V2 sample ns=0 part=1 epoch=2 window=425 phase=measure evaluated=45 k=10 scale_pct=25 age_ratio=4 host=65541 gc_pages=138359 gc_count=3186 waf_q16=203884 best=17 next=46 settled=0
[1288818.175942] NVMeVirt: WATGC_V2 sample ns=0 part=3 epoch=2 window=445 phase=measure evaluated=55 k=10 scale_pct=200 age_ratio=7 host=65538 gc_pages=166782 gc_count=3630 waf_q16=232312 best=18 next=56 settled=0
[1288819.180848] NVMeVirt: WATGC_V2 sample ns=0 part=0 epoch=2 window=428 phase=measure evaluated=35 k=7 scale_pct=50 age_ratio=16 host=65536 gc_pages=155398 gc_count=3452 waf_q16=220934 best=36 next=36 settled=0
[1288821.375852] NVMeVirt: WATGC_V2 sample ns=0 part=2 epoch=2 window=422 phase=measure evaluated=3 k=2 scale_pct=50 age_ratio=4 host=65542 gc_pages=182906 gc_count=3882 waf_q16=248425 best=17 next=4 settled=0
[1288826.353388] NVMeVirt: WATGC_V2 sample ns=0 part=1 epoch=2 window=426 phase=measure evaluated=46 k=10 scale_pct=25 age_ratio=7 host=65539 gc_pages=129081 gc_count=3041 waf_q16=194611 best=17 next=47 settled=0
[1288828.014821] NVMeVirt: WATGC_V2 sample ns=0 part=3 epoch=2 window=446 phase=measure evaluated=56 k=10 scale_pct=200 age_ratio=16 host=65541 gc_pages=172860 gc_count=3725 waf_q16=238382 best=18 next=57 settled=0
[1288829.019345] NVMeVirt: WATGC_V2 sample ns=0 part=0 epoch=2 window=429 phase=measure evaluated=36 k=7 scale_pct=100 age_ratio=4 host=65551 gc_pages=137203 gc_count=3168 waf_q16=202707 best=53 next=37 settled=0
[1288831.203297] NVMeVirt: WATGC_V2 sample ns=0 part=2 epoch=2 window=423 phase=measure evaluated=4 k=2 scale_pct=50 age_ratio=7 host=65542 gc_pages=187450 gc_count=3953 waf_q16=252968 best=17 next=5 settled=0
[1288836.169665] NVMeVirt: WATGC_V2 sample ns=0 part=1 epoch=2 window=427 phase=measure evaluated=47 k=10 scale_pct=25 age_ratio=16 host=65557 gc_pages=111027 gc_count=2759 waf_q16=176527 best=17 next=48 settled=0
[1288837.848890] NVMeVirt: WATGC_V2 sample ns=0 part=3 epoch=2 window=447 phase=measure evaluated=57 k=10 scale_pct=400 age_ratio=4 host=65547 gc_pages=170805 gc_count=3693 waf_q16=236312 best=18 next=58 settled=0
[1288838.854116] NVMeVirt: WATGC_V2 sample ns=0 part=0 epoch=2 window=430 phase=measure evaluated=37 k=7 scale_pct=100 age_ratio=7 host=65539 gc_pages=152063 gc_count=3400 waf_q16=217592 best=53 next=38 settled=0
[1288841.032464] NVMeVirt: WATGC_V2 sample ns=0 part=2 epoch=2 window=424 phase=measure evaluated=5 k=2 scale_pct=50 age_ratio=16 host=65543 gc_pages=184378 gc_count=3905 waf_q16=249894 best=17 next=6 settled=0
[1288846.044111] NVMeVirt: WATGC_V2 sample ns=0 part=1 epoch=2 window=428 phase=measure evaluated=48 k=10 scale_pct=50 age_ratio=4 host=65554 gc_pages=141686 gc_count=3238 waf_q16=207183 best=17 next=49 settled=0
[1288847.663054] NVMeVirt: WATGC_V2 sample ns=0 part=3 epoch=2 window=448 phase=measure evaluated=58 k=10 scale_pct=400 age_ratio=7 host=65541 gc_pages=180411 gc_count=3843 waf_q16=245933 best=18 next=59 settled=0
[1288848.684956] NVMeVirt: WATGC_V2 sample ns=0 part=0 epoch=2 window=431 phase=measure evaluated=38 k=7 scale_pct=100 age_ratio=16 host=65547 gc_pages=176307 gc_count=3779 waf_q16=241813 best=53 next=39 settled=0
[1288850.861598] NVMeVirt: WATGC_V2 sample ns=0 part=2 epoch=2 window=425 phase=measure evaluated=6 k=2 scale_pct=100 age_ratio=4 host=65545 gc_pages=183031 gc_count=3884 waf_q16=248541 best=17 next=7 settled=0
[1288855.865495] NVMeVirt: WATGC_V2 sample ns=0 part=1 epoch=2 window=429 phase=measure evaluated=49 k=10 scale_pct=50 age_ratio=7 host=65557 gc_pages=140011 gc_count=3212 waf_q16=205502 best=17 next=50 settled=0
[1288857.491118] NVMeVirt: WATGC_V2 sample ns=0 part=3 epoch=2 window=449 phase=measure evaluated=59 k=10 scale_pct=400 age_ratio=16 host=65548 gc_pages=183733 gc_count=3895 waf_q16=249235 best=18 next=0 settled=0
[1288858.512753] NVMeVirt: WATGC_V2 sample ns=0 part=0 epoch=2 window=432 phase=measure evaluated=39 k=7 scale_pct=200 age_ratio=4 host=65549 gc_pages=177908 gc_count=3804 waf_q16=243408 best=53 next=40 settled=0
[1288860.702858] NVMeVirt: WATGC_V2 sample ns=0 part=2 epoch=2 window=426 phase=measure evaluated=7 k=2 scale_pct=100 age_ratio=7 host=65545 gc_pages=183352 gc_count=3889 waf_q16=248862 best=17 next=8 settled=0
[1288865.687946] NVMeVirt: WATGC_V2 sample ns=0 part=1 epoch=2 window=430 phase=measure evaluated=50 k=10 scale_pct=50 age_ratio=16 host=65562 gc_pages=124641 gc_count=2972 waf_q16=190127 best=17 next=51 settled=0
[1288867.353103] NVMeVirt: WATGC_V2 sample ns=0 part=3 epoch=2 window=450 phase=measure evaluated=0 k=2 scale_pct=25 age_ratio=4 host=65542 gc_pages=181881 gc_count=3866 waf_q16=247400 best=18 next=1 settled=0
[1288868.326655] NVMeVirt: WATGC_V2 sample ns=0 part=0 epoch=2 window=433 phase=measure evaluated=40 k=7 scale_pct=200 age_ratio=7 host=65546 gc_pages=187192 gc_count=3949 waf_q16=252699 best=53 next=41 settled=0
[1288870.542918] NVMeVirt: WATGC_V2 sample ns=0 part=2 epoch=2 window=427 phase=measure evaluated=8 k=2 scale_pct=100 age_ratio=16 host=65540 gc_pages=182140 gc_count=3870 waf_q16=247664 best=17 next=9 settled=0
[1288875.519532] NVMeVirt: WATGC_V2 sample ns=0 part=1 epoch=2 window=431 phase=measure evaluated=51 k=10 scale_pct=100 age_ratio=4 host=65545 gc_pages=140729 gc_count=3223 waf_q16=206245 best=17 next=52 settled=0
[1288877.194910] NVMeVirt: WATGC_V2 sample ns=0 part=3 epoch=2 window=451 phase=measure evaluated=1 k=2 scale_pct=25 age_ratio=7 host=65541 gc_pages=183547 gc_count=3892 waf_q16=249068 best=18 next=2 settled=0
[1288878.157949] NVMeVirt: WATGC_V2 sample ns=0 part=0 epoch=2 window=434 phase=measure evaluated=41 k=7 scale_pct=200 age_ratio=16 host=65537 gc_pages=189760 gc_count=3989 waf_q16=255293 best=53 next=42 settled=0
[1288880.380508] NVMeVirt: WATGC_V2 sample ns=0 part=2 epoch=2 window=428 phase=measure evaluated=9 k=2 scale_pct=200 age_ratio=4 host=65546 gc_pages=184501 gc_count=3907 waf_q16=250008 best=17 next=10 settled=0
[1288885.364592] NVMeVirt: WATGC_V2 sample ns=0 part=1 epoch=2 window=432 phase=measure evaluated=52 k=10 scale_pct=100 age_ratio=7 host=65547 gc_pages=167414 gc_count=3640 waf_q16=232921 best=17 next=53 settled=0
[1288886.993057] NVMeVirt: WATGC_V2 sample ns=0 part=3 epoch=2 window=452 phase=measure evaluated=2 k=2 scale_pct=25 age_ratio=16 host=65540 gc_pages=183100 gc_count=3885 waf_q16=248624 best=18 next=3 settled=0
[1288887.995807] NVMeVirt: WATGC_V2 sample ns=0 part=0 epoch=2 window=435 phase=measure evaluated=42 k=7 scale_pct=400 age_ratio=4 host=65538 gc_pages=192957 gc_count=4039 waf_q16=258487 best=53 next=43 settled=0
[1288890.207313] NVMeVirt: WATGC_V2 sample ns=0 part=2 epoch=2 window=429 phase=measure evaluated=10 k=2 scale_pct=200 age_ratio=7 host=65539 gc_pages=184510 gc_count=3907 waf_q16=250037 best=17 next=11 settled=0
[1288895.192359] NVMeVirt: WATGC_V2 sample ns=0 part=1 epoch=2 window=433 phase=measure evaluated=53 k=10 scale_pct=100 age_ratio=16 host=65550 gc_pages=164983 gc_count=3602 waf_q16=230483 best=17 next=54 settled=0
[1288896.842587] NVMeVirt: WATGC_V2 sample ns=0 part=3 epoch=2 window=453 phase=measure evaluated=3 k=2 scale_pct=50 age_ratio=4 host=65548 gc_pages=186931 gc_count=3945 waf_q16=252432 best=18 next=4 settled=0
[1288897.812287] NVMeVirt: WATGC_V2 sample ns=0 part=0 epoch=2 window=436 phase=measure evaluated=43 k=7 scale_pct=400 age_ratio=7 host=65551 gc_pages=189745 gc_count=3989 waf_q16=255237 best=53 next=44 settled=0
[1288900.046999] NVMeVirt: WATGC_V2 sample ns=0 part=2 epoch=2 window=430 phase=measure evaluated=11 k=2 scale_pct=200 age_ratio=16 host=65552 gc_pages=182960 gc_count=3883 waf_q16=248451 best=17 next=12 settled=0
[1288905.039648] NVMeVirt: WATGC_V2 sample ns=0 part=1 epoch=2 window=434 phase=measure evaluated=54 k=10 scale_pct=200 age_ratio=4 host=65536 gc_pages=163907 gc_count=3585 waf_q16=229443 best=17 next=55 settled=0
[1288906.672784] NVMeVirt: WATGC_V2 sample ns=0 part=3 epoch=2 window=454 phase=measure evaluated=4 k=2 scale_pct=50 age_ratio=7 host=65551 gc_pages=186161 gc_count=3933 waf_q16=251654 best=18 next=5 settled=0
[1288907.635460] NVMeVirt: WATGC_V2 sample ns=0 part=0 epoch=2 window=437 phase=measure evaluated=44 k=7 scale_pct=400 age_ratio=16 host=65551 gc_pages=192561 gc_count=4033 waf_q16=258052 best=53 next=45 settled=0
[1288909.866574] NVMeVirt: WATGC_V2 sample ns=0 part=2 epoch=2 window=431 phase=measure evaluated=12 k=2 scale_pct=400 age_ratio=4 host=65551 gc_pages=183026 gc_count=3884 waf_q16=248520 best=17 next=13 settled=0
[1288914.864750] NVMeVirt: WATGC_V2 sample ns=0 part=1 epoch=2 window=435 phase=measure evaluated=55 k=10 scale_pct=200 age_ratio=7 host=65537 gc_pages=178623 gc_count=3815 waf_q16=244156 best=17 next=56 settled=0
[1288916.526104] NVMeVirt: WATGC_V2 sample ns=0 part=3 epoch=2 window=455 phase=measure evaluated=5 k=2 scale_pct=50 age_ratio=16 host=65551 gc_pages=184305 gc_count=3904 waf_q16=249798 best=18 next=6 settled=0
[1288917.481882] NVMeVirt: WATGC_V2 sample ns=0 part=0 epoch=2 window=438 phase=measure evaluated=45 k=10 scale_pct=25 age_ratio=4 host=65539 gc_pages=154753 gc_count=3442 waf_q16=220281 best=53 next=46 settled=0
[1288919.680218] NVMeVirt: WATGC_V2 sample ns=0 part=2 epoch=2 window=432 phase=measure evaluated=13 k=2 scale_pct=400 age_ratio=7 host=65540 gc_pages=183738 gc_count=3895 waf_q16=249262 best=17 next=14 settled=0
[1288924.692440] NVMeVirt: WATGC_V2 sample ns=0 part=1 epoch=2 window=436 phase=measure evaluated=56 k=10 scale_pct=200 age_ratio=16 host=65544 gc_pages=182581 gc_count=3877 waf_q16=248094 best=17 next=57 settled=0
[1288926.358559] NVMeVirt: WATGC_V2 sample ns=0 part=3 epoch=2 window=456 phase=measure evaluated=6 k=2 scale_pct=100 age_ratio=4 host=65539 gc_pages=183549 gc_count=3892 waf_q16=249076 best=18 next=7 settled=0
[1288927.320174] NVMeVirt: WATGC_V2 sample ns=0 part=0 epoch=2 window=439 phase=measure evaluated=46 k=10 scale_pct=25 age_ratio=7 host=65542 gc_pages=125179 gc_count=2980 waf_q16=190703 best=53 next=47 settled=0
[1288929.519632] NVMeVirt: WATGC_V2 sample ns=0 part=2 epoch=2 window=433 phase=measure evaluated=14 k=2 scale_pct=400 age_ratio=16 host=65536 gc_pages=185407 gc_count=3921 waf_q16=250943 best=17 next=15 settled=0
[1288934.523193] NVMeVirt: WATGC_V2 sample ns=0 part=1 epoch=2 window=437 phase=measure evaluated=57 k=10 scale_pct=400 age_ratio=4 host=65536 gc_pages=181121 gc_count=3854 waf_q16=246657 best=17 next=58 settled=0
[1288936.192147] NVMeVirt: WATGC_V2 sample ns=0 part=3 epoch=2 window=457 phase=measure evaluated=7 k=2 scale_pct=100 age_ratio=7 host=65552 gc_pages=181424 gc_count=3859 waf_q16=246915 best=18 next=8 settled=0
[1288937.139889] NVMeVirt: WATGC_V2 sample ns=0 part=0 epoch=2 window=440 phase=measure evaluated=47 k=10 scale_pct=25 age_ratio=16 host=65544 gc_pages=109089 gc_count=2729 waf_q16=174611 best=53 next=48 settled=0
[1288939.358635] NVMeVirt: WATGC_V2 sample ns=0 part=2 epoch=2 window=434 phase=measure evaluated=15 k=4 scale_pct=25 age_ratio=4 host=65552 gc_pages=164219 gc_count=3590 waf_q16=229714 best=17 next=16 settled=0
[1288944.352309] NVMeVirt: WATGC_V2 sample ns=0 part=1 epoch=2 window=438 phase=measure evaluated=58 k=10 scale_pct=400 age_ratio=7 host=65542 gc_pages=182587 gc_count=3877 waf_q16=248106 best=17 next=59 settled=0
[1288946.026893] NVMeVirt: WATGC_V2 sample ns=0 part=3 epoch=2 window=458 phase=measure evaluated=8 k=2 scale_pct=100 age_ratio=16 host=65552 gc_pages=185711 gc_count=3926 waf_q16=251201 best=18 next=9 settled=0
[1288946.981906] NVMeVirt: WATGC_V2 sample ns=0 part=0 epoch=2 window=441 phase=measure evaluated=48 k=10 scale_pct=50 age_ratio=4 host=65548 gc_pages=151411 gc_count=3390 waf_q16=216919 best=53 next=49 settled=0
[1288949.187356] NVMeVirt: WATGC_V2 sample ns=0 part=2 epoch=2 window=435 phase=measure evaluated=16 k=4 scale_pct=25 age_ratio=7 host=65541 gc_pages=154362 gc_count=3436 waf_q16=219886 best=17 next=17 settled=0
[1288954.161257] NVMeVirt: WATGC_V2 sample ns=0 part=1 epoch=2 window=439 phase=measure evaluated=59 k=10 scale_pct=400 age_ratio=16 host=65549 gc_pages=183475 gc_count=3891 waf_q16=248974 best=17 next=0 settled=0
[1288955.867987] NVMeVirt: WATGC_V2 sample ns=0 part=3 epoch=2 window=459 phase=measure evaluated=9 k=2 scale_pct=200 age_ratio=4 host=65551 gc_pages=185394 gc_count=3921 waf_q16=250887 best=18 next=10 settled=0
[1288956.815197] NVMeVirt: WATGC_V2 sample ns=0 part=0 epoch=2 window=442 phase=measure evaluated=49 k=10 scale_pct=50 age_ratio=7 host=65550 gc_pages=160887 gc_count=3538 waf_q16=226388 best=53 next=50 settled=0
[1288959.003833] NVMeVirt: WATGC_V2 sample ns=0 part=2 epoch=2 window=436 phase=measure evaluated=17 k=4 scale_pct=25 age_ratio=16 host=65559 gc_pages=149671 gc_count=3363 waf_q16=215154 best=18 next=18 settled=0
[1288964.014537] NVMeVirt: WATGC_V2 sample ns=0 part=1 epoch=2 window=440 phase=measure evaluated=0 k=2 scale_pct=25 age_ratio=4 host=65546 gc_pages=182199 gc_count=3871 waf_q16=247707 best=17 next=1 settled=0
[1288965.691407] NVMeVirt: WATGC_V2 sample ns=0 part=3 epoch=2 window=460 phase=measure evaluated=10 k=2 scale_pct=200 age_ratio=7 host=65537 gc_pages=183615 gc_count=3893 waf_q16=249148 best=18 next=11 settled=0
[1288966.651228] NVMeVirt: WATGC_V2 sample ns=0 part=0 epoch=2 window=443 phase=measure evaluated=50 k=10 scale_pct=50 age_ratio=16 host=65551 gc_pages=143028 gc_count=3259 waf_q16=208531 best=53 next=51 settled=0
[1288968.858430] NVMeVirt: WATGC_V2 sample ns=0 part=2 epoch=2 window=437 phase=measure evaluated=18 k=4 scale_pct=50 age_ratio=4 host=65538 gc_pages=142140 gc_count=3245 waf_q16=207671 best=36 next=19 settled=0
[1288973.822959] NVMeVirt: WATGC_V2 sample ns=0 part=1 epoch=2 window=441 phase=measure evaluated=1 k=2 scale_pct=25 age_ratio=7 host=65540 gc_pages=180666 gc_count=3847 waf_q16=246190 best=17 next=2 settled=0
[1288975.527719] NVMeVirt: WATGC_V2 sample ns=0 part=3 epoch=2 window=461 phase=measure evaluated=11 k=2 scale_pct=200 age_ratio=16 host=65552 gc_pages=182704 gc_count=3879 waf_q16=248195 best=18 next=12 settled=0
[1288976.489503] NVMeVirt: WATGC_V2 sample ns=0 part=0 epoch=2 window=444 phase=measure evaluated=51 k=10 scale_pct=100 age_ratio=4 host=65544 gc_pages=151483 gc_count=3391 waf_q16=217000 best=53 next=52 settled=0
[1288978.688287] NVMeVirt: WATGC_V2 sample ns=0 part=2 epoch=2 window=438 phase=measure evaluated=19 k=4 scale_pct=50 age_ratio=7 host=65540 gc_pages=178428 gc_count=3812 waf_q16=243953 best=36 next=20 settled=0
[1288983.642749] NVMeVirt: WATGC_V2 sample ns=0 part=1 epoch=2 window=442 phase=measure evaluated=2 k=2 scale_pct=25 age_ratio=16 host=65551 gc_pages=185714 gc_count=3926 waf_q16=251207 best=17 next=3 settled=0
[1288985.389197] NVMeVirt: WATGC_V2 sample ns=0 part=3 epoch=2 window=462 phase=measure evaluated=12 k=2 scale_pct=400 age_ratio=4 host=65551 gc_pages=181873 gc_count=3866 waf_q16=247367 best=18 next=13 settled=0
[1288986.328814] NVMeVirt: WATGC_V2 sample ns=0 part=0 epoch=2 window=445 phase=measure evaluated=52 k=10 scale_pct=100 age_ratio=7 host=65549 gc_pages=169077 gc_count=3666 waf_q16=234579 best=53 next=53 settled=0
[1288988.522293] NVMeVirt: WATGC_V2 sample ns=0 part=2 epoch=2 window=439 phase=measure evaluated=20 k=4 scale_pct=50 age_ratio=16 host=65548 gc_pages=177269 gc_count=3794 waf_q16=242772 best=36 next=21 settled=0
[1288993.493288] NVMeVirt: WATGC_V2 sample ns=0 part=1 epoch=2 window=443 phase=measure evaluated=3 k=2 scale_pct=50 age_ratio=4 host=65548 gc_pages=184821 gc_count=3912 waf_q16=250323 best=17 next=4 settled=0
[1288995.200663] NVMeVirt: WATGC_V2 sample ns=0 part=3 epoch=2 window=463 phase=measure evaluated=13 k=2 scale_pct=400 age_ratio=7 host=65537 gc_pages=186110 gc_count=3932 waf_q16=251643 best=18 next=14 settled=0
[1288996.148804] NVMeVirt: WATGC_V2 sample ns=0 part=0 epoch=2 window=446 phase=measure evaluated=53 k=10 scale_pct=100 age_ratio=16 host=65541 gc_pages=164344 gc_count=3592 waf_q16=229867 best=54 next=54 settled=0
[1288998.336520] NVMeVirt: WATGC_V2 sample ns=0 part=2 epoch=2 window=440 phase=measure evaluated=21 k=4 scale_pct=100 age_ratio=4 host=65548 gc_pages=167604 gc_count=3643 waf_q16=233109 best=36 next=22 settled=0
[1289003.333394] NVMeVirt: WATGC_V2 sample ns=0 part=1 epoch=2 window=444 phase=measure evaluated=4 k=2 scale_pct=50 age_ratio=7 host=65548 gc_pages=182388 gc_count=3874 waf_q16=247890 best=17 next=5 settled=0
[1289005.007448] NVMeVirt: WATGC_V2 sample ns=0 part=3 epoch=2 window=464 phase=measure evaluated=14 k=2 scale_pct=400 age_ratio=16 host=65546 gc_pages=183479 gc_count=3891 waf_q16=248987 best=18 next=15 settled=0
[1289005.997001] NVMeVirt: WATGC_V2 sample ns=0 part=0 epoch=2 window=447 phase=measure evaluated=54 k=10 scale_pct=200 age_ratio=4 host=65546 gc_pages=169207 gc_count=3668 waf_q16=234717 best=59 next=55 settled=0
[1289008.170748] NVMeVirt: WATGC_V2 sample ns=0 part=2 epoch=2 window=441 phase=measure evaluated=22 k=4 scale_pct=100 age_ratio=7 host=65548 gc_pages=177140 gc_count=3792 waf_q16=242643 best=36 next=23 settled=0
[1289013.170048] NVMeVirt: WATGC_V2 sample ns=0 part=1 epoch=2 window=445 phase=measure evaluated=5 k=2 scale_pct=50 age_ratio=16 host=65540 gc_pages=186556 gc_count=3939 waf_q16=252080 best=17 next=6 settled=0
[1289014.832407] NVMeVirt: WATGC_V2 sample ns=0 part=3 epoch=2 window=465 phase=measure evaluated=15 k=4 scale_pct=25 age_ratio=4 host=65555 gc_pages=159978 gc_count=3524 waf_q16=225467 best=18 next=16 settled=0
[1289015.820461] NVMeVirt: WATGC_V2 sample ns=0 part=0 epoch=2 window=448 phase=measure evaluated=55 k=10 scale_pct=200 age_ratio=7 host=65541 gc_pages=182525 gc_count=3876 waf_q16=248047 best=59 next=56 settled=0
[1289017.987859] NVMeVirt: WATGC_V2 sample ns=0 part=2 epoch=2 window=442 phase=measure evaluated=23 k=4 scale_pct=100 age_ratio=16 host=65550 gc_pages=181233 gc_count=3856 waf_q16=246730 best=36 next=24 settled=0
[1289023.003569] NVMeVirt: WATGC_V2 sample ns=0 part=1 epoch=2 window=446 phase=measure evaluated=6 k=2 scale_pct=100 age_ratio=4 host=65540 gc_pages=183737 gc_count=3895 waf_q16=249261 best=17 next=7 settled=0
[1289024.663236] NVMeVirt: WATGC_V2 sample ns=0 part=3 epoch=2 window=466 phase=measure evaluated=16 k=4 scale_pct=25 age_ratio=7 host=65544 gc_pages=142192 gc_count=3246 waf_q16=207710 best=18 next=17 settled=0
[1289025.660512] NVMeVirt: WATGC_V2 sample ns=0 part=0 epoch=2 window=449 phase=measure evaluated=56 k=10 scale_pct=200 age_ratio=16 host=65550 gc_pages=183155 gc_count=3886 waf_q16=248651 best=59 next=57 settled=0
[1289027.839434] NVMeVirt: WATGC_V2 sample ns=0 part=2 epoch=2 window=443 phase=measure evaluated=24 k=4 scale_pct=200 age_ratio=4 host=65550 gc_pages=184369 gc_count=3905 waf_q16=249865 best=36 next=25 settled=0
[1289032.818886] NVMeVirt: WATGC_V2 sample ns=0 part=1 epoch=2 window=447 phase=measure evaluated=7 k=2 scale_pct=100 age_ratio=7 host=65550 gc_pages=186610 gc_count=3940 waf_q16=252106 best=17 next=8 settled=0
[1289034.492107] NVMeVirt: WATGC_V2 sample ns=0 part=3 epoch=2 window=467 phase=measure evaluated=17 k=4 scale_pct=25 age_ratio=16 host=65551 gc_pages=144748 gc_count=3286 waf_q16=210250 best=18 next=18 settled=0
[1289035.511708] NVMeVirt: WATGC_V2 sample ns=0 part=0 epoch=2 window=450 phase=measure evaluated=57 k=10 scale_pct=400 age_ratio=4 host=65536 gc_pages=181377 gc_count=3858 waf_q16=246913 best=59 next=58 settled=0
[1289037.678180] NVMeVirt: WATGC_V2 sample ns=0 part=2 epoch=2 window=444 phase=measure evaluated=25 k=4 scale_pct=200 age_ratio=7 host=65547 gc_pages=182070 gc_count=3869 waf_q16=247575 best=36 next=26 settled=0
[1289042.636337] NVMeVirt: WATGC_V2 sample ns=0 part=1 epoch=2 window=448 phase=measure evaluated=8 k=2 scale_pct=100 age_ratio=16 host=65550 gc_pages=186289 gc_count=3935 waf_q16=251785 best=17 next=9 settled=0
[1289044.357901] NVMeVirt: WATGC_V2 sample ns=0 part=3 epoch=2 window=468 phase=measure evaluated=18 k=4 scale_pct=50 age_ratio=4 host=65542 gc_pages=152827 gc_count=3412 waf_q16=218349 best=29 next=19 settled=0
[1289045.325009] NVMeVirt: WATGC_V2 sample ns=0 part=0 epoch=2 window=451 phase=measure evaluated=58 k=10 scale_pct=400 age_ratio=7 host=65537 gc_pages=186174 gc_count=3933 waf_q16=251707 best=59 next=59 settled=0
[1289047.500042] NVMeVirt: WATGC_V2 sample ns=0 part=2 epoch=2 window=445 phase=measure evaluated=26 k=4 scale_pct=200 age_ratio=16 host=65550 gc_pages=182066 gc_count=3869 waf_q16=247563 best=36 next=27 settled=0
[1289052.461488] NVMeVirt: WATGC_V2 sample ns=0 part=1 epoch=2 window=449 phase=measure evaluated=9 k=2 scale_pct=200 age_ratio=4 host=65541 gc_pages=185531 gc_count=3923 waf_q16=251052 best=17 next=10 settled=0
[1289054.157398] NVMeVirt: WATGC_V2 sample ns=0 part=3 epoch=2 window=469 phase=measure evaluated=19 k=4 scale_pct=50 age_ratio=7 host=65538 gc_pages=164607 gc_count=3596 waf_q16=230137 best=29 next=20 settled=0
[1289055.189687] NVMeVirt: WATGC_V2 sample ns=0 part=0 epoch=2 window=452 phase=measure evaluated=59 k=10 scale_pct=400 age_ratio=16 host=65537 gc_pages=191546 gc_count=4017 waf_q16=257079 best=3 next=0 settled=0
[1289057.317832] NVMeVirt: WATGC_V2 sample ns=0 part=2 epoch=2 window=446 phase=measure evaluated=27 k=4 scale_pct=400 age_ratio=4 host=65552 gc_pages=182576 gc_count=3877 waf_q16=248067 best=36 next=28 settled=0
[1289062.292983] NVMeVirt: WATGC_V2 sample ns=0 part=1 epoch=2 window=450 phase=measure evaluated=10 k=2 scale_pct=200 age_ratio=7 host=65542 gc_pages=184828 gc_count=3912 waf_q16=250347 best=17 next=11 settled=0
[1289064.004826] NVMeVirt: WATGC_V2 sample ns=0 part=3 epoch=2 window=470 phase=measure evaluated=20 k=4 scale_pct=50 age_ratio=16 host=65543 gc_pages=165944 gc_count=3617 waf_q16=231462 best=29 next=21 settled=0
[1289065.003331] NVMeVirt: WATGC_V2 sample ns=0 part=0 epoch=2 window=453 phase=measure evaluated=0 k=2 scale_pct=25 age_ratio=4 host=65548 gc_pages=189493 gc_count=3985 waf_q16=254994 best=3 next=1 settled=0
[1289067.170818] NVMeVirt: WATGC_V2 sample ns=0 part=2 epoch=2 window=447 phase=measure evaluated=28 k=4 scale_pct=400 age_ratio=7 host=65540 gc_pages=179515 gc_count=3829 waf_q16=245040 best=36 next=29 settled=0
[1289072.142963] NVMeVirt: WATGC_V2 sample ns=0 part=1 epoch=2 window=451 phase=measure evaluated=11 k=2 scale_pct=200 age_ratio=16 host=65550 gc_pages=182128 gc_count=3870 waf_q16=247625 best=17 next=12 settled=0
[1289073.806852] NVMeVirt: WATGC_V2 sample ns=0 part=3 epoch=2 window=471 phase=measure evaluated=21 k=4 scale_pct=100 age_ratio=4 host=65548 gc_pages=165814 gc_count=3615 waf_q16=231319 best=29 next=22 settled=0
[1289074.808353] NVMeVirt: WATGC_V2 sample ns=0 part=0 epoch=2 window=454 phase=measure evaluated=1 k=2 scale_pct=25 age_ratio=7 host=65537 gc_pages=188415 gc_count=3968 waf_q16=253948 best=3 next=2 settled=0
[1289077.023189] NVMeVirt: WATGC_V2 sample ns=0 part=2 epoch=2 window=448 phase=measure evaluated=29 k=4 scale_pct=400 age_ratio=16 host=65536 gc_pages=185407 gc_count=3921 waf_q16=250943 best=36 next=30 settled=0
[1289081.977694] NVMeVirt: WATGC_V2 sample ns=0 part=1 epoch=2 window=452 phase=measure evaluated=12 k=2 scale_pct=400 age_ratio=4 host=65546 gc_pages=188470 gc_count=3969 waf_q16=253977 best=17 next=13 settled=0
[1289083.674609] NVMeVirt: WATGC_V2 sample ns=0 part=3 epoch=2 window=472 phase=measure evaluated=22 k=4 scale_pct=100 age_ratio=7 host=65540 gc_pages=174908 gc_count=3757 waf_q16=240433 best=29 next=23 settled=0
[1289084.630055] NVMeVirt: WATGC_V2 sample ns=0 part=0 epoch=2 window=455 phase=measure evaluated=2 k=2 scale_pct=25 age_ratio=16 host=65545 gc_pages=190134 gc_count=3995 waf_q16=255643 best=3 next=3 settled=0
[1289086.847635] NVMeVirt: WATGC_V2 sample ns=0 part=2 epoch=2 window=449 phase=measure evaluated=30 k=7 scale_pct=25 age_ratio=4 host=65543 gc_pages=147378 gc_count=3327 waf_q16=212898 best=36 next=31 settled=0
[1289091.817354] NVMeVirt: WATGC_V2 sample ns=0 part=1 epoch=2 window=453 phase=measure evaluated=13 k=2 scale_pct=400 age_ratio=7 host=65542 gc_pages=186043 gc_count=3931 waf_q16=251561 best=17 next=14 settled=0
[1289093.495222] NVMeVirt: WATGC_V2 sample ns=0 part=3 epoch=2 window=473 phase=measure evaluated=23 k=4 scale_pct=100 age_ratio=16 host=65540 gc_pages=180474 gc_count=3844 waf_q16=245998 best=29 next=24 settled=0
[1289094.482786] NVMeVirt: WATGC_V2 sample ns=0 part=0 epoch=2 window=456 phase=measure evaluated=3 k=2 scale_pct=50 age_ratio=4 host=65545 gc_pages=190519 gc_count=4001 waf_q16=256028 best=4 next=4 settled=0
[1289096.670500] NVMeVirt: WATGC_V2 sample ns=0 part=2 epoch=2 window=450 phase=measure evaluated=31 k=7 scale_pct=25 age_ratio=7 host=65540 gc_pages=115911 gc_count=2835 waf_q16=181439 best=36 next=32 settled=0
[1289101.653413] NVMeVirt: WATGC_V2 sample ns=0 part=1 epoch=2 window=454 phase=measure evaluated=14 k=2 scale_pct=400 age_ratio=16 host=65549 gc_pages=183986 gc_count=3899 waf_q16=249485 best=17 next=15 settled=0
[1289103.326476] NVMeVirt: WATGC_V2 sample ns=0 part=3 epoch=2 window=474 phase=measure evaluated=24 k=4 scale_pct=200 age_ratio=4 host=65541 gc_pages=180028 gc_count=3837 waf_q16=245550 best=29 next=25 settled=0
[1289104.326623] NVMeVirt: WATGC_V2 sample ns=0 part=0 epoch=2 window=457 phase=measure evaluated=4 k=2 scale_pct=50 age_ratio=7 host=65546 gc_pages=191605 gc_count=4018 waf_q16=257111 best=9 next=5 settled=0
[1289106.472361] NVMeVirt: WATGC_V2 sample ns=0 part=2 epoch=2 window=451 phase=measure evaluated=32 k=7 scale_pct=25 age_ratio=16 host=65548 gc_pages=107614 gc_count=2706 waf_q16=173130 best=36 next=33 settled=0
[1289111.491032] NVMeVirt: WATGC_V2 sample ns=0 part=1 epoch=2 window=455 phase=measure evaluated=15 k=4 scale_pct=25 age_ratio=4 host=65538 gc_pages=152575 gc_count=3408 waf_q16=218106 best=17 next=16 settled=0
[1289113.162256] NVMeVirt: WATGC_V2 sample ns=0 part=3 epoch=2 window=475 phase=measure evaluated=25 k=4 scale_pct=200 age_ratio=7 host=65537 gc_pages=182655 gc_count=3878 waf_q16=248188 best=29 next=26 settled=0
[1289114.160113] NVMeVirt: WATGC_V2 sample ns=0 part=0 epoch=2 window=458 phase=measure evaluated=5 k=2 scale_pct=50 age_ratio=16 host=65546 gc_pages=194296 gc_count=4060 waf_q16=259802 best=9 next=6 settled=0
[1289116.307028] NVMeVirt: WATGC_V2 sample ns=0 part=2 epoch=2 window=452 phase=measure evaluated=33 k=7 scale_pct=50 age_ratio=4 host=65553 gc_pages=126318 gc_count=2998 waf_q16=191821 best=36 next=34 settled=0
[1289121.301871] NVMeVirt: WATGC_V2 sample ns=0 part=1 epoch=2 window=456 phase=measure evaluated=16 k=4 scale_pct=25 age_ratio=7 host=65554 gc_pages=143014 gc_count=3259 waf_q16=208510 best=17 next=17 settled=0
[1289122.977887] NVMeVirt: WATGC_V2 sample ns=0 part=3 epoch=2 window=476 phase=measure evaluated=26 k=4 scale_pct=200 age_ratio=16 host=65537 gc_pages=184959 gc_count=3914 waf_q16=250492 best=29 next=27 settled=0
[1289123.977703] NVMeVirt: WATGC_V2 sample ns=0 part=0 epoch=2 window=459 phase=measure evaluated=6 k=2 scale_pct=100 age_ratio=4 host=65551 gc_pages=190706 gc_count=4004 waf_q16=256198 best=9 next=7 settled=0
[1289126.164330] NVMeVirt: WATGC_V2 sample ns=0 part=2 epoch=2 window=453 phase=measure evaluated=34 k=7 scale_pct=50 age_ratio=7 host=65543 gc_pages=139057 gc_count=3197 waf_q16=204578 best=36 next=35 settled=0
[1289131.131700] NVMeVirt: WATGC_V2 sample ns=0 part=1 epoch=2 window=457 phase=measure evaluated=17 k=4 scale_pct=25 age_ratio=16 host=65536 gc_pages=146994 gc_count=3321 waf_q16=212530 best=18 next=18 settled=0
[1289132.827152] NVMeVirt: WATGC_V2 sample ns=0 part=3 epoch=2 window=477 phase=measure evaluated=27 k=4 scale_pct=400 age_ratio=4 host=65546 gc_pages=182903 gc_count=3882 waf_q16=248411 best=29 next=28 settled=0
[1289133.803862] NVMeVirt: WATGC_V2 sample ns=0 part=0 epoch=2 window=460 phase=measure evaluated=7 k=2 scale_pct=100 age_ratio=7 host=65548 gc_pages=189300 gc_count=3982 waf_q16=254801 best=9 next=8 settled=0
[1289136.000528] NVMeVirt: WATGC_V2 sample ns=0 part=2 epoch=2 window=454 phase=measure evaluated=35 k=7 scale_pct=50 age_ratio=16 host=65556 gc_pages=150640 gc_count=3378 waf_q16=216130 best=36 next=36 settled=0
[1289140.957426] NVMeVirt: WATGC_V2 sample ns=0 part=1 epoch=2 window=458 phase=measure evaluated=18 k=4 scale_pct=50 age_ratio=4 host=65553 gc_pages=147188 gc_count=3324 waf_q16=212685 best=19 next=19 settled=0
[1289142.642013] NVMeVirt: WATGC_V2 sample ns=0 part=3 epoch=2 window=478 phase=measure evaluated=28 k=4 scale_pct=400 age_ratio=7 host=65543 gc_pages=187064 gc_count=3947 waf_q16=252580 best=29 next=29 settled=0
[1289143.648222] NVMeVirt: WATGC_V2 sample ns=0 part=0 epoch=2 window=461 phase=measure evaluated=8 k=2 scale_pct=100 age_ratio=16 host=65540 gc_pages=191484 gc_count=4016 waf_q16=257008 best=9 next=9 settled=0
[1289145.841818] NVMeVirt: WATGC_V2 sample ns=0 part=2 epoch=2 window=455 phase=measure evaluated=36 k=7 scale_pct=100 age_ratio=4 host=65549 gc_pages=146483 gc_count=3313 waf_q16=211989 best=37 next=37 settled=0
[1289150.795911] NVMeVirt: WATGC_V2 sample ns=0 part=1 epoch=2 window=459 phase=measure evaluated=19 k=4 scale_pct=50 age_ratio=7 host=65544 gc_pages=168441 gc_count=3656 waf_q16=233956 best=20 next=20 settled=0
[1289152.485850] NVMeVirt: WATGC_V2 sample ns=0 part=3 epoch=2 window=479 phase=measure evaluated=29 k=4 scale_pct=400 age_ratio=16 host=65540 gc_pages=187197 gc_count=3949 waf_q16=252721 best=46 next=30 settled=0
[1289153.458620] NVMeVirt: WATGC_V2 sample ns=0 part=0 epoch=2 window=462 phase=measure evaluated=9 k=2 scale_pct=200 age_ratio=4 host=65547 gc_pages=194932 gc_count=4070 waf_q16=260435 best=10 next=10 settled=0
[1289155.683499] NVMeVirt: WATGC_V2 sample ns=0 part=2 epoch=2 window=456 phase=measure evaluated=37 k=7 scale_pct=100 age_ratio=7 host=65544 gc_pages=165370 gc_count=3608 waf_q16=230885 best=38 next=38 settled=0
[1289160.640468] NVMeVirt: WATGC_V2 sample ns=0 part=1 epoch=2 window=460 phase=measure evaluated=20 k=4 scale_pct=50 age_ratio=16 host=65549 gc_pages=172262 gc_count=3716 waf_q16=237763 best=21 next=21 settled=0
[1289162.326160] NVMeVirt: WATGC_V2 sample ns=0 part=3 epoch=2 window=480 phase=measure evaluated=30 k=7 scale_pct=25 age_ratio=4 host=65555 gc_pages=142827 gc_count=3256 waf_q16=208321 best=46 next=31 settled=0
[1289163.290350] NVMeVirt: WATGC_V2 sample ns=0 part=0 epoch=2 window=463 phase=measure evaluated=10 k=2 scale_pct=200 age_ratio=7 host=65547 gc_pages=192247 gc_count=4028 waf_q16=257750 best=11 next=11 settled=0
[1289165.511378] NVMeVirt: WATGC_V2 sample ns=0 part=2 epoch=2 window=457 phase=measure evaluated=38 k=7 scale_pct=100 age_ratio=16 host=65539 gc_pages=170555 gc_count=3689 waf_q16=236083 best=32 next=39 settled=0
[1289170.468821] NVMeVirt: WATGC_V2 sample ns=0 part=1 epoch=2 window=461 phase=measure evaluated=21 k=4 scale_pct=100 age_ratio=4 host=65552 gc_pages=174959 gc_count=3758 waf_q16=240452 best=16 next=22 settled=0
[1289172.158020] NVMeVirt: WATGC_V2 sample ns=0 part=3 epoch=2 window=481 phase=measure evaluated=31 k=7 scale_pct=25 age_ratio=7 host=65548 gc_pages=119413 gc_count=2890 waf_q16=184927 best=46 next=32 settled=0
[1289173.115128] NVMeVirt: WATGC_V2 sample ns=0 part=0 epoch=2 window=464 phase=measure evaluated=11 k=2 scale_pct=200 age_ratio=16 host=65539 gc_pages=189885 gc_count=3991 waf_q16=255412 best=47 next=12 settled=0
[1289175.313338] NVMeVirt: WATGC_V2 sample ns=0 part=2 epoch=2 window=458 phase=measure evaluated=39 k=7 scale_pct=200 age_ratio=4 host=65541 gc_pages=181626 gc_count=3862 waf_q16=247148 best=32 next=40 settled=0
[1289180.295323] NVMeVirt: WATGC_V2 sample ns=0 part=1 epoch=2 window=462 phase=measure evaluated=22 k=4 scale_pct=100 age_ratio=7 host=65541 gc_pages=184444 gc_count=3906 waf_q16=249965 best=16 next=23 settled=0
[1289182.013202] NVMeVirt: WATGC_V2 sample ns=0 part=3 epoch=2 window=482 phase=measure evaluated=32 k=7 scale_pct=25 age_ratio=16 host=65548 gc_pages=124593 gc_count=2971 waf_q16=190106 best=46 next=33 settled=0
[1289182.943476] NVMeVirt: WATGC_V2 sample ns=0 part=0 epoch=2 window=465 phase=measure evaluated=12 k=2 scale_pct=400 age_ratio=4 host=65537 gc_pages=190401 gc_count=3999 waf_q16=255934 best=47 next=13 settled=0
[1289185.155257] NVMeVirt: WATGC_V2 sample ns=0 part=2 epoch=2 window=459 phase=measure evaluated=40 k=7 scale_pct=200 age_ratio=7 host=65542 gc_pages=183419 gc_count=3890 waf_q16=248938 best=32 next=41 settled=0
[1289190.116622] NVMeVirt: WATGC_V2 sample ns=0 part=1 epoch=2 window=463 phase=measure evaluated=23 k=4 scale_pct=100 age_ratio=16 host=65549 gc_pages=182325 gc_count=3873 waf_q16=247824 best=16 next=24 settled=0
[1289191.842746] NVMeVirt: WATGC_V2 sample ns=0 part=3 epoch=2 window=483 phase=measure evaluated=33 k=7 scale_pct=50 age_ratio=4 host=65548 gc_pages=125434 gc_count=2984 waf_q16=190947 best=46 next=34 settled=0
[1289192.774832] NVMeVirt: WATGC_V2 sample ns=0 part=0 epoch=2 window=466 phase=measure evaluated=13 k=2 scale_pct=400 age_ratio=7 host=65543 gc_pages=188857 gc_count=3975 waf_q16=254372 best=47 next=14 settled=0
[1289194.991110] NVMeVirt: WATGC_V2 sample ns=0 part=2 epoch=2 window=460 phase=measure evaluated=41 k=7 scale_pct=200 age_ratio=16 host=65539 gc_pages=181564 gc_count=3861 waf_q16=247091 best=32 next=42 settled=0
[1289199.963458] NVMeVirt: WATGC_V2 sample ns=0 part=1 epoch=2 window=464 phase=measure evaluated=24 k=4 scale_pct=200 age_ratio=4 host=65541 gc_pages=182267 gc_count=3872 waf_q16=247789 best=16 next=25 settled=0
[1289201.665198] NVMeVirt: WATGC_V2 sample ns=0 part=3 epoch=2 window=484 phase=measure evaluated=34 k=7 scale_pct=50 age_ratio=7 host=65536 gc_pages=157764 gc_count=3489 waf_q16=223300 best=46 next=35 settled=0
[1289202.626863] NVMeVirt: WATGC_V2 sample ns=0 part=0 epoch=2 window=467 phase=measure evaluated=14 k=2 scale_pct=400 age_ratio=16 host=65544 gc_pages=192952 gc_count=4039 waf_q16=258464 best=47 next=15 settled=0
[1289204.816246] NVMeVirt: WATGC_V2 sample ns=0 part=2 epoch=2 window=461 phase=measure evaluated=42 k=7 scale_pct=400 age_ratio=4 host=65539 gc_pages=180604 gc_count=3846 waf_q16=246131 best=32 next=43 settled=0
[1289209.791029] NVMeVirt: WATGC_V2 sample ns=0 part=1 epoch=2 window=465 phase=measure evaluated=25 k=4 scale_pct=200 age_ratio=7 host=65546 gc_pages=183544 gc_count=3892 waf_q16=249051 best=16 next=26 settled=0
[1289211.480583] NVMeVirt: WATGC_V2 sample ns=0 part=3 epoch=2 window=485 phase=measure evaluated=35 k=7 scale_pct=50 age_ratio=16 host=65555 gc_pages=156789 gc_count=3474 waf_q16=222279 best=46 next=36 settled=0
[1289212.457414] NVMeVirt: WATGC_V2 sample ns=0 part=0 epoch=2 window=468 phase=measure evaluated=15 k=4 scale_pct=25 age_ratio=4 host=65541 gc_pages=170499 gc_count=3688 waf_q16=236021 best=47 next=16 settled=0
[1289214.661478] NVMeVirt: WATGC_V2 sample ns=0 part=2 epoch=2 window=462 phase=measure evaluated=43 k=7 scale_pct=400 age_ratio=7 host=65550 gc_pages=180273 gc_count=3841 waf_q16=245770 best=32 next=44 settled=0
[1289219.617653] NVMeVirt: WATGC_V2 sample ns=0 part=1 epoch=2 window=466 phase=measure evaluated=26 k=4 scale_pct=200 age_ratio=16 host=65553 gc_pages=185069 gc_count=3916 waf_q16=250557 best=16 next=27 settled=0
[1289221.327637] NVMeVirt: WATGC_V2 sample ns=0 part=3 epoch=2 window=486 phase=measure evaluated=36 k=7 scale_pct=100 age_ratio=4 host=65541 gc_pages=138945 gc_count=3195 waf_q16=204470 best=46 next=37 settled=0
[1289222.280949] NVMeVirt: WATGC_V2 sample ns=0 part=0 epoch=2 window=469 phase=measure evaluated=16 k=4 scale_pct=25 age_ratio=7 host=65552 gc_pages=153317 gc_count=3420 waf_q16=218815 best=47 next=17 settled=0
[1289224.481410] NVMeVirt: WATGC_V2 sample ns=0 part=2 epoch=2 window=463 phase=measure evaluated=44 k=7 scale_pct=400 age_ratio=16 host=65548 gc_pages=184371 gc_count=3905 waf_q16=249873 best=32 next=45 settled=0
[1289229.467678] NVMeVirt: WATGC_V2 sample ns=0 part=1 epoch=2 window=467 phase=measure evaluated=27 k=4 scale_pct=400 age_ratio=4 host=65546 gc_pages=187381 gc_count=3952 waf_q16=252888 best=16 next=28 settled=0
[1289231.134922] NVMeVirt: WATGC_V2 sample ns=0 part=3 epoch=2 window=487 phase=measure evaluated=37 k=7 scale_pct=100 age_ratio=7 host=65549 gc_pages=154676 gc_count=3441 waf_q16=220181 best=46 next=38 settled=0
[1289232.110038] NVMeVirt: WATGC_V2 sample ns=0 part=0 epoch=2 window=470 phase=measure evaluated=17 k=4 scale_pct=25 age_ratio=16 host=65554 gc_pages=152881 gc_count=3413 waf_q16=218375 best=47 next=18 settled=0
[1289234.315848] NVMeVirt: WATGC_V2 sample ns=0 part=2 epoch=2 window=464 phase=measure evaluated=45 k=10 scale_pct=25 age_ratio=4 host=65539 gc_pages=148279 gc_count=3341 waf_q16=213808 best=32 next=46 settled=0
[1289239.293693] NVMeVirt: WATGC_V2 sample ns=0 part=1 epoch=2 window=468 phase=measure evaluated=28 k=4 scale_pct=400 age_ratio=7 host=65547 gc_pages=184566 gc_count=3908 waf_q16=250071 best=16 next=29 settled=0
[1289240.982470] NVMeVirt: WATGC_V2 sample ns=0 part=3 epoch=2 window=488 phase=measure evaluated=38 k=7 scale_pct=100 age_ratio=16 host=65544 gc_pages=181316 gc_count=3857 waf_q16=246829 best=46 next=39 settled=0
[1289241.951100] NVMeVirt: WATGC_V2 sample ns=0 part=0 epoch=2 window=471 phase=measure evaluated=18 k=4 scale_pct=50 age_ratio=4 host=65545 gc_pages=158967 gc_count=3508 waf_q16=224481 best=47 next=19 settled=0
[1289244.132245] NVMeVirt: WATGC_V2 sample ns=0 part=2 epoch=2 window=465 phase=measure evaluated=46 k=10 scale_pct=25 age_ratio=7 host=65548 gc_pages=125436 gc_count=2984 waf_q16=190949 best=32 next=47 settled=0
[1289249.137565] NVMeVirt: WATGC_V2 sample ns=0 part=1 epoch=2 window=469 phase=measure evaluated=29 k=4 scale_pct=400 age_ratio=16 host=65552 gc_pages=184368 gc_count=3905 waf_q16=249858 best=16 next=30 settled=0
[1289250.807764] NVMeVirt: WATGC_V2 sample ns=0 part=3 epoch=2 window=489 phase=measure evaluated=39 k=7 scale_pct=200 age_ratio=4 host=65551 gc_pages=177010 gc_count=3790 waf_q16=242505 best=46 next=40 settled=0
[1289251.786263] NVMeVirt: WATGC_V2 sample ns=0 part=0 epoch=2 window=472 phase=measure evaluated=19 k=4 scale_pct=50 age_ratio=7 host=65541 gc_pages=176122 gc_count=3776 waf_q16=241644 best=47 next=20 settled=0
[1289253.966043] NVMeVirt: WATGC_V2 sample ns=0 part=2 epoch=2 window=466 phase=measure evaluated=47 k=10 scale_pct=25 age_ratio=16 host=65549 gc_pages=114076 gc_count=2807 waf_q16=179589 best=32 next=48 settled=0
[1289258.975755] NVMeVirt: WATGC_V2 sample ns=0 part=1 epoch=2 window=470 phase=measure evaluated=30 k=7 scale_pct=25 age_ratio=4 host=65537 gc_pages=138103 gc_count=3182 waf_q16=203636 best=16 next=31 settled=0
[1289260.631864] NVMeVirt: WATGC_V2 sample ns=0 part=3 epoch=2 window=490 phase=measure evaluated=40 k=7 scale_pct=200 age_ratio=7 host=65547 gc_pages=178934 gc_count=3820 waf_q16=244439 best=46 next=41 settled=0
[1289261.640328] NVMeVirt: WATGC_V2 sample ns=0 part=0 epoch=2 window=473 phase=measure evaluated=20 k=4 scale_pct=50 age_ratio=16 host=65550 gc_pages=176127 gc_count=3776 waf_q16=241625 best=47 next=21 settled=0
[1289263.785285] NVMeVirt: WATGC_V2 sample ns=0 part=2 epoch=2 window=467 phase=measure evaluated=48 k=10 scale_pct=50 age_ratio=4 host=65539 gc_pages=124988 gc_count=2977 waf_q16=190518 best=32 next=49 settled=0
[1289268.786212] NVMeVirt: WATGC_V2 sample ns=0 part=1 epoch=2 window=471 phase=measure evaluated=31 k=7 scale_pct=25 age_ratio=7 host=65538 gc_pages=125885 gc_count=2991 waf_q16=191417 best=16 next=32 settled=0
[1289270.473116] NVMeVirt: WATGC_V2 sample ns=0 part=3 epoch=2 window=491 phase=measure evaluated=41 k=7 scale_pct=200 age_ratio=16 host=65542 gc_pages=180281 gc_count=3841 waf_q16=245800 best=46 next=42 settled=0
[1289271.467196] NVMeVirt: WATGC_V2 sample ns=0 part=0 epoch=2 window=474 phase=measure evaluated=21 k=4 scale_pct=100 age_ratio=4 host=65537 gc_pages=178816 gc_count=3818 waf_q16=244349 best=47 next=22 settled=0
[1289273.605836] NVMeVirt: WATGC_V2 sample ns=0 part=2 epoch=2 window=468 phase=measure evaluated=49 k=10 scale_pct=50 age_ratio=7 host=65542 gc_pages=160442 gc_count=3531 waf_q16=225963 best=32 next=50 settled=0
[1289278.638018] NVMeVirt: WATGC_V2 sample ns=0 part=1 epoch=2 window=472 phase=measure evaluated=32 k=7 scale_pct=25 age_ratio=16 host=65536 gc_pages=134682 gc_count=3128 waf_q16=200218 best=16 next=33 settled=0
[1289280.301949] NVMeVirt: WATGC_V2 sample ns=0 part=3 epoch=2 window=492 phase=measure evaluated=42 k=7 scale_pct=400 age_ratio=4 host=65548 gc_pages=182069 gc_count=3869 waf_q16=247571 best=46 next=43 settled=0
[1289281.287232] NVMeVirt: WATGC_V2 sample ns=0 part=0 epoch=2 window=475 phase=measure evaluated=22 k=4 scale_pct=100 age_ratio=7 host=65549 gc_pages=186034 gc_count=3931 waf_q16=251533 best=47 next=23 settled=0
[1289283.445725] NVMeVirt: WATGC_V2 sample ns=0 part=2 epoch=2 window=469 phase=measure evaluated=50 k=10 scale_pct=50 age_ratio=16 host=65542 gc_pages=138443 gc_count=3187 waf_q16=203966 best=32 next=51 settled=0
[1289288.458741] NVMeVirt: WATGC_V2 sample ns=0 part=1 epoch=2 window=473 phase=measure evaluated=33 k=7 scale_pct=50 age_ratio=4 host=65538 gc_pages=127621 gc_count=3018 waf_q16=193153 best=16 next=34 settled=0
[1289290.132921] NVMeVirt: WATGC_V2 sample ns=0 part=3 epoch=2 window=493 phase=measure evaluated=43 k=7 scale_pct=400 age_ratio=7 host=65543 gc_pages=185848 gc_count=3928 waf_q16=251364 best=46 next=44 settled=0
[1289291.122052] NVMeVirt: WATGC_V2 sample ns=0 part=0 epoch=2 window=476 phase=measure evaluated=23 k=4 scale_pct=100 age_ratio=16 host=65543 gc_pages=186233 gc_count=3934 waf_q16=251749 best=47 next=24 settled=0
[1289293.296931] NVMeVirt: WATGC_V2 sample ns=0 part=2 epoch=2 window=470 phase=measure evaluated=51 k=10 scale_pct=100 age_ratio=4 host=65541 gc_pages=127102 gc_count=3010 waf_q16=192628 best=32 next=52 settled=0
[1289298.283495] NVMeVirt: WATGC_V2 sample ns=0 part=1 epoch=2 window=474 phase=measure evaluated=34 k=7 scale_pct=50 age_ratio=7 host=65537 gc_pages=146116 gc_count=3307 waf_q16=211649 best=16 next=35 settled=0
[1289299.966980] NVMeVirt: WATGC_V2 sample ns=0 part=3 epoch=2 window=494 phase=measure evaluated=44 k=7 scale_pct=400 age_ratio=16 host=65542 gc_pages=185851 gc_count=3928 waf_q16=251369 best=46 next=45 settled=0
[1289300.968685] NVMeVirt: WATGC_V2 sample ns=0 part=0 epoch=2 window=477 phase=measure evaluated=24 k=4 scale_pct=200 age_ratio=4 host=65543 gc_pages=188920 gc_count=3976 waf_q16=254435 best=47 next=25 settled=0
[1289303.130633] NVMeVirt: WATGC_V2 sample ns=0 part=2 epoch=2 window=471 phase=measure evaluated=52 k=10 scale_pct=100 age_ratio=7 host=65553 gc_pages=163313 gc_count=3576 waf_q16=228806 best=32 next=53 settled=0
[1289308.094112] NVMeVirt: WATGC_V2 sample ns=0 part=1 epoch=2 window=475 phase=measure evaluated=35 k=7 scale_pct=50 age_ratio=16 host=65540 gc_pages=147136 gc_count=3323 waf_q16=212663 best=16 next=36 settled=0
[1289309.799278] NVMeVirt: WATGC_V2 sample ns=0 part=3 epoch=2 window=495 phase=measure evaluated=45 k=10 scale_pct=25 age_ratio=4 host=65545 gc_pages=144751 gc_count=3286 waf_q16=210267 best=46 next=46 settled=0
[1289310.799335] NVMeVirt: WATGC_V2 sample ns=0 part=0 epoch=2 window=478 phase=measure evaluated=25 k=4 scale_pct=200 age_ratio=7 host=65537 gc_pages=191487 gc_count=4016 waf_q16=257020 best=47 next=26 settled=0
[1289312.981719] NVMeVirt: WATGC_V2 sample ns=0 part=2 epoch=2 window=472 phase=measure evaluated=53 k=10 scale_pct=100 age_ratio=16 host=65547 gc_pages=160384 gc_count=3530 waf_q16=225893 best=32 next=54 settled=0
[1289317.929015] NVMeVirt: WATGC_V2 sample ns=0 part=1 epoch=2 window=476 phase=measure evaluated=36 k=7 scale_pct=100 age_ratio=4 host=65536 gc_pages=145920 gc_count=3304 waf_q16=211456 best=16 next=37 settled=0
[1289319.619099] NVMeVirt: WATGC_V2 sample ns=0 part=3 epoch=2 window=496 phase=measure evaluated=46 k=10 scale_pct=25 age_ratio=7 host=65539 gc_pages=116789 gc_count=2849 waf_q16=182319 best=46 next=47 settled=0
[1289320.628524] NVMeVirt: WATGC_V2 sample ns=0 part=0 epoch=2 window=479 phase=measure evaluated=26 k=4 scale_pct=200 age_ratio=16 host=65552 gc_pages=189936 gc_count=3992 waf_q16=255425 best=47 next=27 settled=0
[1289322.808575] NVMeVirt: WATGC_V2 sample ns=0 part=2 epoch=2 window=473 phase=measure evaluated=54 k=10 scale_pct=200 age_ratio=4 host=65536 gc_pages=156484 gc_count=3469 waf_q16=222020 best=32 next=55 settled=0
[1289327.756466] NVMeVirt: WATGC_V2 sample ns=0 part=1 epoch=2 window=477 phase=measure evaluated=37 k=7 scale_pct=100 age_ratio=7 host=65537 gc_pages=157632 gc_count=3487 waf_q16=223165 best=16 next=38 settled=0
[1289329.456099] NVMeVirt: WATGC_V2 sample ns=0 part=3 epoch=2 window=497 phase=measure evaluated=47 k=10 scale_pct=25 age_ratio=16 host=65564 gc_pages=113111 gc_count=2792 waf_q16=178598 best=46 next=48 settled=0
[1289330.453939] NVMeVirt: WATGC_V2 sample ns=0 part=0 epoch=2 window=480 phase=measure evaluated=27 k=4 scale_pct=400 age_ratio=4 host=65537 gc_pages=190462 gc_count=4000 waf_q16=255995 best=47 next=28 settled=0
[1289332.641698] NVMeVirt: WATGC_V2 sample ns=0 part=2 epoch=2 window=474 phase=measure evaluated=55 k=10 scale_pct=200 age_ratio=7 host=65542 gc_pages=168892 gc_count=3663 waf_q16=234412 best=32 next=56 settled=0
[1289337.600014] NVMeVirt: WATGC_V2 sample ns=0 part=1 epoch=2 window=478 phase=measure evaluated=38 k=7 scale_pct=100 age_ratio=16 host=65545 gc_pages=176375 gc_count=3780 waf_q16=241886 best=16 next=39 settled=0
[1289339.287480] NVMeVirt: WATGC_V2 sample ns=0 part=3 epoch=2 window=498 phase=measure evaluated=48 k=10 scale_pct=50 age_ratio=4 host=65536 gc_pages=143680 gc_count=3269 waf_q16=209216 best=46 next=49 settled=0
[1289340.289446] NVMeVirt: WATGC_V2 sample ns=0 part=0 epoch=2 window=481 phase=measure evaluated=28 k=4 scale_pct=400 age_ratio=7 host=65540 gc_pages=190844 gc_count=4006 waf_q16=256368 best=47 next=29 settled=0
[1289342.470386] NVMeVirt: WATGC_V2 sample ns=0 part=2 epoch=2 window=475 phase=measure evaluated=56 k=10 scale_pct=200 age_ratio=16 host=65542 gc_pages=173370 gc_count=3733 waf_q16=238890 best=32 next=57 settled=0
[1289347.438673] NVMeVirt: WATGC_V2 sample ns=0 part=1 epoch=2 window=479 phase=measure evaluated=39 k=7 scale_pct=200 age_ratio=4 host=65542 gc_pages=169658 gc_count=3675 waf_q16=235178 best=16 next=40 settled=0
[1289349.117873] NVMeVirt: WATGC_V2 sample ns=0 part=3 epoch=2 window=499 phase=measure evaluated=49 k=10 scale_pct=50 age_ratio=7 host=65544 gc_pages=145982 gc_count=3305 waf_q16=211500 best=46 next=50 settled=0
[1289350.086057] NVMeVirt: WATGC_V2 sample ns=0 part=0 epoch=2 window=482 phase=measure evaluated=29 k=4 scale_pct=400 age_ratio=16 host=65538 gc_pages=192510 gc_count=4032 waf_q16=258040 best=47 next=30 settled=0
[1289352.312924] NVMeVirt: WATGC_V2 sample ns=0 part=2 epoch=2 window=476 phase=measure evaluated=57 k=10 scale_pct=400 age_ratio=4 host=65553 gc_pages=174768 gc_count=3755 waf_q16=240258 best=32 next=58 settled=0
[1289357.275335] NVMeVirt: WATGC_V2 sample ns=0 part=1 epoch=2 window=480 phase=measure evaluated=40 k=7 scale_pct=200 age_ratio=7 host=65553 gc_pages=176175 gc_count=3777 waf_q16=241665 best=16 next=41 settled=0
[1289358.944253] NVMeVirt: WATGC_V2 sample ns=0 part=3 epoch=2 window=500 phase=measure evaluated=50 k=10 scale_pct=50 age_ratio=16 host=65542 gc_pages=120953 gc_count=2914 waf_q16=186477 best=46 next=51 settled=0
[1289359.938743] NVMeVirt: WATGC_V2 sample ns=0 part=0 epoch=2 window=483 phase=measure evaluated=30 k=7 scale_pct=25 age_ratio=4 host=65540 gc_pages=153921 gc_count=3429 waf_q16=219447 best=47 next=31 settled=0
[1289362.130930] NVMeVirt: WATGC_V2 sample ns=0 part=2 epoch=2 window=477 phase=measure evaluated=58 k=10 scale_pct=400 age_ratio=7 host=65551 gc_pages=176432 gc_count=3781 waf_q16=241927 best=32 next=59 settled=0
[1289367.110361] NVMeVirt: WATGC_V2 sample ns=0 part=1 epoch=2 window=481 phase=measure evaluated=41 k=7 scale_pct=200 age_ratio=16 host=65544 gc_pages=175862 gc_count=3772 waf_q16=241376 best=16 next=42 settled=0
[1289368.771788] NVMeVirt: WATGC_V2 sample ns=0 part=3 epoch=2 window=501 phase=measure evaluated=51 k=10 scale_pct=100 age_ratio=4 host=65544 gc_pages=141756 gc_count=3239 waf_q16=207274 best=46 next=52 settled=0
[1289369.794624] NVMeVirt: WATGC_V2 sample ns=0 part=0 epoch=2 window=484 phase=measure evaluated=31 k=7 scale_pct=25 age_ratio=7 host=65542 gc_pages=126976 gc_count=3008 waf_q16=192500 best=47 next=32 settled=0
[1289371.968554] NVMeVirt: WATGC_V2 sample ns=0 part=2 epoch=2 window=478 phase=measure evaluated=59 k=10 scale_pct=400 age_ratio=16 host=65550 gc_pages=184625 gc_count=3909 waf_q16=250121 best=32 next=32 settled=0
[1289376.968851] NVMeVirt: WATGC_V2 sample ns=0 part=1 epoch=2 window=482 phase=measure evaluated=42 k=7 scale_pct=400 age_ratio=4 host=65542 gc_pages=184506 gc_count=3907 waf_q16=250025 best=16 next=43 settled=0
[1289378.585868] NVMeVirt: WATGC_V2 sample ns=0 part=3 epoch=2 window=502 phase=measure evaluated=52 k=10 scale_pct=100 age_ratio=7 host=65545 gc_pages=158197 gc_count=3496 waf_q16=223711 best=46 next=53 settled=0
[1289379.634043] NVMeVirt: WATGC_V2 sample ns=0 part=0 epoch=2 window=485 phase=measure evaluated=32 k=7 scale_pct=25 age_ratio=16 host=65550 gc_pages=114398 gc_count=2812 waf_q16=179909 best=47 next=33 settled=0
[1289381.798509] NVMeVirt: WATGC_V2 sample ns=0 part=2 epoch=2 window=479 phase=measure evaluated=32 k=7 scale_pct=25 age_ratio=16 host=65543 gc_pages=134356 gc_count=3123 waf_q16=199877 best=31 next=31 settled=0
[1289386.764606] NVMeVirt: WATGC_V2 sample ns=0 part=1 epoch=2 window=483 phase=measure evaluated=43 k=7 scale_pct=400 age_ratio=7 host=65548 gc_pages=184309 gc_count=3904 waf_q16=249811 best=16 next=44 settled=0
[1289388.451576] NVMeVirt: WATGC_V2 sample ns=0 part=3 epoch=2 window=503 phase=measure evaluated=53 k=10 scale_pct=100 age_ratio=16 host=65549 gc_pages=162864 gc_count=3569 waf_q16=228367 best=46 next=54 settled=0
[1289389.440015] NVMeVirt: WATGC_V2 sample ns=0 part=0 epoch=2 window=486 phase=measure evaluated=33 k=7 scale_pct=50 age_ratio=4 host=65549 gc_pages=124275 gc_count=2966 waf_q16=189786 best=47 next=34 settled=0
[1289391.648800] NVMeVirt: WATGC_V2 sample ns=0 part=2 epoch=2 window=480 phase=measure evaluated=31 k=7 scale_pct=25 age_ratio=7 host=65552 gc_pages=98860 gc_count=2569 waf_q16=164371 best=33 next=33 settled=0
[1289396.582090] NVMeVirt: WATGC_V2 sample ns=0 part=1 epoch=2 window=484 phase=measure evaluated=44 k=7 scale_pct=400 age_ratio=16 host=65549 gc_pages=185203 gc_count=3918 waf_q16=250702 best=16 next=45 settled=0
[1289398.299641] NVMeVirt: WATGC_V2 sample ns=0 part=3 epoch=2 window=504 phase=measure evaluated=54 k=10 scale_pct=200 age_ratio=4 host=65541 gc_pages=160318 gc_count=3529 waf_q16=225841 best=46 next=55 settled=0
[1289399.251514] NVMeVirt: WATGC_V2 sample ns=0 part=0 epoch=2 window=487 phase=measure evaluated=34 k=7 scale_pct=50 age_ratio=7 host=65545 gc_pages=158393 gc_count=3499 waf_q16=223907 best=47 next=35 settled=0
[1289401.487359] NVMeVirt: WATGC_V2 sample ns=0 part=2 epoch=2 window=481 phase=measure evaluated=33 k=7 scale_pct=50 age_ratio=4 host=65548 gc_pages=149305 gc_count=3357 waf_q16=214813 best=18 next=18 settled=0
[1289406.406897] NVMeVirt: WATGC_V2 sample ns=0 part=1 epoch=2 window=485 phase=measure evaluated=45 k=10 scale_pct=25 age_ratio=4 host=65536 gc_pages=141953 gc_count=3242 waf_q16=207489 best=16 next=46 settled=0
[1289408.110397] NVMeVirt: WATGC_V2 sample ns=0 part=3 epoch=2 window=505 phase=measure evaluated=55 k=10 scale_pct=200 age_ratio=7 host=65551 gc_pages=177202 gc_count=3793 waf_q16=242697 best=46 next=56 settled=0
[1289409.108044] NVMeVirt: WATGC_V2 sample ns=0 part=0 epoch=2 window=488 phase=measure evaluated=35 k=7 scale_pct=50 age_ratio=16 host=65549 gc_pages=159299 gc_count=3513 waf_q16=224803 best=47 next=36 settled=0
[1289411.309269] NVMeVirt: WATGC_V2 sample ns=0 part=2 epoch=2 window=482 phase=measure evaluated=18 k=4 scale_pct=50 age_ratio=4 host=65547 gc_pages=171374 gc_count=3702 waf_q16=236881 best=34 next=34 settled=0
[1289416.257853] NVMeVirt: WATGC_V2 sample ns=0 part=1 epoch=2 window=486 phase=measure evaluated=46 k=10 scale_pct=25 age_ratio=7 host=65539 gc_pages=132672 gc_count=3097 waf_q16=198201 best=16 next=47 settled=0
[1289417.948478] NVMeVirt: WATGC_V2 sample ns=0 part=3 epoch=2 window=506 phase=measure evaluated=56 k=10 scale_pct=200 age_ratio=16 host=65540 gc_pages=183356 gc_count=3889 waf_q16=248880 best=46 next=57 settled=0
[1289418.927155] NVMeVirt: WATGC_V2 sample ns=0 part=0 epoch=2 window=489 phase=measure evaluated=36 k=7 scale_pct=100 age_ratio=4 host=65550 gc_pages=141875 gc_count=3241 waf_q16=207380 best=47 next=37 settled=0
[1289421.135559] NVMeVirt: WATGC_V2 sample ns=0 part=2 epoch=2 window=483 phase=measure evaluated=34 k=7 scale_pct=50 age_ratio=7 host=65545 gc_pages=160245 gc_count=3528 waf_q16=225758 best=36 next=36 settled=0
[1289426.079209] NVMeVirt: WATGC_V2 sample ns=0 part=1 epoch=2 window=487 phase=measure evaluated=47 k=10 scale_pct=25 age_ratio=16 host=65553 gc_pages=115247 gc_count=2825 waf_q16=180753 best=16 next=48 settled=0
[1289427.794126] NVMeVirt: WATGC_V2 sample ns=0 part=3 epoch=2 window=507 phase=measure evaluated=57 k=10 scale_pct=400 age_ratio=4 host=65541 gc_pages=178619 gc_count=3815 waf_q16=244141 best=46 next=58 settled=0
[1289428.770320] NVMeVirt: WATGC_V2 sample ns=0 part=0 epoch=2 window=490 phase=measure evaluated=37 k=7 scale_pct=100 age_ratio=7 host=65542 gc_pages=161021 gc_count=3540 waf_q16=226542 best=47 next=38 settled=0
[1289430.972264] NVMeVirt: WATGC_V2 sample ns=0 part=2 epoch=2 window=484 phase=measure evaluated=36 k=7 scale_pct=100 age_ratio=4 host=65541 gc_pages=163648 gc_count=3581 waf_q16=229171 best=17 next=17 settled=0
[1289435.915822] NVMeVirt: WATGC_V2 sample ns=0 part=1 epoch=2 window=488 phase=measure evaluated=48 k=10 scale_pct=50 age_ratio=4 host=65538 gc_pages=151171 gc_count=3386 waf_q16=216702 best=16 next=49 settled=0
[1289437.645527] NVMeVirt: WATGC_V2 sample ns=0 part=3 epoch=2 window=508 phase=measure evaluated=58 k=10 scale_pct=400 age_ratio=7 host=65548 gc_pages=186547 gc_count=3939 waf_q16=252048 best=46 next=59 settled=0
[1289438.597201] NVMeVirt: WATGC_V2 sample ns=0 part=0 epoch=2 window=491 phase=measure evaluated=38 k=7 scale_pct=100 age_ratio=16 host=65541 gc_pages=183801 gc_count=3896 waf_q16=249322 best=47 next=39 settled=0
[1289440.812092] NVMeVirt: WATGC_V2 sample ns=0 part=2 epoch=2 window=485 phase=measure evaluated=17 k=4 scale_pct=25 age_ratio=16 host=65552 gc_pages=166576 gc_count=3627 waf_q16=232071 best=30 next=30 settled=0
[1289445.720552] NVMeVirt: WATGC_V2 sample ns=0 part=1 epoch=2 window=489 phase=measure evaluated=49 k=10 scale_pct=50 age_ratio=7 host=65542 gc_pages=153200 gc_count=3418 waf_q16=218721 best=16 next=50 settled=0
[1289447.442282] NVMeVirt: WATGC_V2 sample ns=0 part=3 epoch=2 window=509 phase=measure evaluated=59 k=10 scale_pct=400 age_ratio=16 host=65536 gc_pages=186240 gc_count=3934 waf_q16=251776 best=46 next=0 settled=0
[1289448.424089] NVMeVirt: WATGC_V2 sample ns=0 part=0 epoch=2 window=492 phase=measure evaluated=39 k=7 scale_pct=200 age_ratio=4 host=65543 gc_pages=187001 gc_count=3946 waf_q16=252517 best=47 next=40 settled=0
[1289450.641084] NVMeVirt: WATGC_V2 sample ns=0 part=2 epoch=2 window=486 phase=measure evaluated=30 k=7 scale_pct=25 age_ratio=4 host=65549 gc_pages=117170 gc_count=2855 waf_q16=182682 best=35 next=35 settled=0
[1289455.575409] NVMeVirt: WATGC_V2 sample ns=0 part=1 epoch=2 window=490 phase=measure evaluated=50 k=10 scale_pct=50 age_ratio=16 host=65553 gc_pages=126880 gc_count=3007 waf_q16=192383 best=16 next=51 settled=0
[1289457.274881] NVMeVirt: WATGC_V2 sample ns=0 part=3 epoch=2 window=510 phase=measure evaluated=0 k=2 scale_pct=25 age_ratio=4 host=65548 gc_pages=183348 gc_count=3889 waf_q16=248850 best=46 next=1 settled=0
[1289458.267778] NVMeVirt: WATGC_V2 sample ns=0 part=0 epoch=2 window=493 phase=measure evaluated=40 k=7 scale_pct=200 age_ratio=7 host=65550 gc_pages=189556 gc_count=3986 waf_q16=255051 best=47 next=41 settled=0
[1289460.454264] NVMeVirt: WATGC_V2 sample ns=0 part=2 epoch=2 window=487 phase=measure evaluated=35 k=7 scale_pct=50 age_ratio=16 host=65546 gc_pages=142643 gc_count=3253 waf_q16=208157 best=31 next=16 settled=0
[1289465.412332] NVMeVirt: WATGC_V2 sample ns=0 part=1 epoch=2 window=491 phase=measure evaluated=51 k=10 scale_pct=100 age_ratio=4 host=65549 gc_pages=146740 gc_count=3317 waf_q16=212246 best=16 next=52 settled=0
[1289467.100544] NVMeVirt: WATGC_V2 sample ns=0 part=3 epoch=2 window=511 phase=measure evaluated=1 k=2 scale_pct=25 age_ratio=7 host=65543 gc_pages=182328 gc_count=3873 waf_q16=247844 best=46 next=2 settled=0
[1289468.113093] NVMeVirt: WATGC_V2 sample ns=0 part=0 epoch=2 window=494 phase=measure evaluated=41 k=7 scale_pct=200 age_ratio=16 host=65544 gc_pages=189304 gc_count=3982 waf_q16=254816 best=47 next=42 settled=0
[1289470.290064] NVMeVirt: WATGC_V2 sample ns=0 part=2 epoch=2 window=488 phase=measure evaluated=16 k=4 scale_pct=25 age_ratio=7 host=65552 gc_pages=154277 gc_count=3435 waf_q16=219775 best=31 next=15 settled=0
[1289475.256008] NVMeVirt: WATGC_V2 sample ns=0 part=1 epoch=2 window=492 phase=measure evaluated=52 k=10 scale_pct=100 age_ratio=7 host=65537 gc_pages=174022 gc_count=3743 waf_q16=239555 best=16 next=53 settled=0
[1289476.920069] NVMeVirt: WATGC_V2 sample ns=0 part=3 epoch=2 window=512 phase=measure evaluated=2 k=2 scale_pct=25 age_ratio=16 host=65546 gc_pages=183415 gc_count=3890 waf_q16=248923 best=46 next=3 settled=0
[1289477.901984] NVMeVirt: WATGC_V2 sample ns=0 part=0 epoch=2 window=495 phase=measure evaluated=42 k=7 scale_pct=400 age_ratio=4 host=65552 gc_pages=191024 gc_count=4009 waf_q16=256513 best=47 next=43 settled=0
[1289480.144025] NVMeVirt: WATGC_V2 sample ns=0 part=2 epoch=2 window=489 phase=measure evaluated=15 k=4 scale_pct=25 age_ratio=4 host=65545 gc_pages=144315 gc_count=3279 waf_q16=209831 best=31 next=31 settled=0
[1289485.082606] NVMeVirt: WATGC_V2 sample ns=0 part=1 epoch=2 window=493 phase=measure evaluated=53 k=10 scale_pct=100 age_ratio=16 host=65554 gc_pages=165614 gc_count=3612 waf_q16=231104 best=16 next=54 settled=0
[1289486.756702] NVMeVirt: WATGC_V2 sample ns=0 part=3 epoch=2 window=513 phase=measure evaluated=3 k=2 scale_pct=50 age_ratio=4 host=65544 gc_pages=184567 gc_count=3908 waf_q16=250080 best=46 next=4 settled=0
[1289487.743866] NVMeVirt: WATGC_V2 sample ns=0 part=0 epoch=2 window=496 phase=measure evaluated=43 k=7 scale_pct=400 age_ratio=7 host=65549 gc_pages=188788 gc_count=3974 waf_q16=254286 best=47 next=44 settled=0
[1289489.957163] NVMeVirt: WATGC_V2 sample ns=0 part=2 epoch=2 window=490 phase=measure evaluated=31 k=7 scale_pct=25 age_ratio=7 host=65537 gc_pages=125440 gc_count=2984 waf_q16=190974 best=37 next=37 settled=0
[1289494.940166] NVMeVirt: WATGC_V2 sample ns=0 part=1 epoch=2 window=494 phase=measure evaluated=54 k=10 scale_pct=200 age_ratio=4 host=65546 gc_pages=160631 gc_count=3534 waf_q16=226142 best=16 next=55 settled=0
[1289496.578497] NVMeVirt: WATGC_V2 sample ns=0 part=3 epoch=2 window=514 phase=measure evaluated=4 k=2 scale_pct=50 age_ratio=7 host=65544 gc_pages=185464 gc_count=3922 waf_q16=250977 best=46 next=5 settled=0
[1289497.590806] NVMeVirt: WATGC_V2 sample ns=0 part=0 epoch=2 window=497 phase=measure evaluated=44 k=7 scale_pct=400 age_ratio=16 host=65546 gc_pages=191092 gc_count=4010 waf_q16=256598 best=47 next=45 settled=0
[1289499.774640] NVMeVirt: WATGC_V2 sample ns=0 part=2 epoch=2 window=491 phase=measure evaluated=37 k=7 scale_pct=100 age_ratio=7 host=65536 gc_pages=164106 gc_count=3588 waf_q16=229642 best=21 next=21 settled=0
[1289504.761793] NVMeVirt: WATGC_V2 sample ns=0 part=1 epoch=2 window=495 phase=measure evaluated=55 k=10 scale_pct=200 age_ratio=7 host=65550 gc_pages=177076 gc_count=3791 waf_q16=242574 best=16 next=56 settled=0
[1289506.405504] NVMeVirt: WATGC_V2 sample ns=0 part=3 epoch=2 window=515 phase=measure evaluated=5 k=2 scale_pct=50 age_ratio=16 host=65549 gc_pages=183859 gc_count=3897 waf_q16=249358 best=46 next=6 settled=0
[1289507.443111] NVMeVirt: WATGC_V2 sample ns=0 part=0 epoch=2 window=498 phase=measure evaluated=45 k=10 scale_pct=25 age_ratio=4 host=65542 gc_pages=156860 gc_count=3475 waf_q16=222381 best=47 next=46 settled=0
[1289509.592434] NVMeVirt: WATGC_V2 sample ns=0 part=2 epoch=2 window=492 phase=measure evaluated=21 k=4 scale_pct=100 age_ratio=4 host=65545 gc_pages=175223 gc_count=3762 waf_q16=240734 best=32 next=22 settled=0
[1289514.600435] NVMeVirt: WATGC_V2 sample ns=0 part=1 epoch=2 window=496 phase=measure evaluated=56 k=10 scale_pct=200 age_ratio=16 host=65550 gc_pages=179313 gc_count=3826 waf_q16=244810 best=16 next=57 settled=0
[1289516.224449] NVMeVirt: WATGC_V2 sample ns=0 part=3 epoch=2 window=516 phase=measure evaluated=6 k=2 scale_pct=100 age_ratio=4 host=65540 gc_pages=183996 gc_count=3899 waf_q16=249520 best=46 next=7 settled=0
[1289517.276331] NVMeVirt: WATGC_V2 sample ns=0 part=0 epoch=2 window=499 phase=measure evaluated=46 k=10 scale_pct=25 age_ratio=7 host=65536 gc_pages=124739 gc_count=2973 waf_q16=190275 best=47 next=47 settled=0
[1289519.428754] NVMeVirt: WATGC_V2 sample ns=0 part=2 epoch=2 window=493 phase=measure evaluated=22 k=4 scale_pct=100 age_ratio=7 host=65541 gc_pages=181947 gc_count=3867 waf_q16=247469 best=32 next=38 settled=0
[1289524.416884] NVMeVirt: WATGC_V2 sample ns=0 part=1 epoch=2 window=497 phase=measure evaluated=57 k=10 scale_pct=400 age_ratio=4 host=65544 gc_pages=181879 gc_count=3866 waf_q16=247392 best=16 next=58 settled=0
[1289526.079222] NVMeVirt: WATGC_V2 sample ns=0 part=3 epoch=2 window=517 phase=measure evaluated=7 k=2 scale_pct=100 age_ratio=7 host=65546 gc_pages=182454 gc_count=3875 waf_q16=247962 best=46 next=8 settled=0
[1289527.113302] NVMeVirt: WATGC_V2 sample ns=0 part=0 epoch=2 window=500 phase=measure evaluated=47 k=10 scale_pct=25 age_ratio=16 host=65569 gc_pages=104215 gc_count=2653 waf_q16=169698 best=47 next=48 settled=0
[1289529.263585] NVMeVirt: WATGC_V2 sample ns=0 part=2 epoch=2 window=494 phase=measure evaluated=38 k=7 scale_pct=100 age_ratio=16 host=65536 gc_pages=173059 gc_count=3728 waf_q16=238595 best=32 next=20 settled=0
[1289534.281325] NVMeVirt: WATGC_V2 sample ns=0 part=1 epoch=2 window=498 phase=measure evaluated=58 k=10 scale_pct=400 age_ratio=7 host=65538 gc_pages=182719 gc_count=3879 waf_q16=248249 best=16 next=59 settled=0
[1289535.896060] NVMeVirt: WATGC_V2 sample ns=0 part=3 epoch=2 window=518 phase=measure evaluated=8 k=2 scale_pct=100 age_ratio=16 host=65542 gc_pages=187576 gc_count=3955 waf_q16=253094 best=46 next=9 settled=0
[1289536.946446] NVMeVirt: WATGC_V2 sample ns=0 part=0 epoch=2 window=501 phase=measure evaluated=48 k=10 scale_pct=50 age_ratio=4 host=65539 gc_pages=151160 gc_count=3386 waf_q16=216689 best=47 next=49 settled=0
[1289539.074842] NVMeVirt: WATGC_V2 sample ns=0 part=2 epoch=2 window=495 phase=measure evaluated=20 k=4 scale_pct=50 age_ratio=16 host=65539 gc_pages=169857 gc_count=3678 waf_q16=235385 best=32 next=19 settled=0
[1289544.121307] NVMeVirt: WATGC_V2 sample ns=0 part=1 epoch=2 window=499 phase=measure evaluated=59 k=10 scale_pct=400 age_ratio=16 host=65551 gc_pages=182704 gc_count=3879 waf_q16=248198 best=16 next=16 settled=0
[1289545.752592] NVMeVirt: WATGC_V2 sample ns=0 part=3 epoch=2 window=519 phase=measure evaluated=9 k=2 scale_pct=200 age_ratio=4 host=65539 gc_pages=187325 gc_count=3951 waf_q16=252852 best=46 next=10 settled=0
[1289546.775526] NVMeVirt: WATGC_V2 sample ns=0 part=0 epoch=2 window=502 phase=measure evaluated=49 k=10 scale_pct=50 age_ratio=7 host=65553 gc_pages=157158 gc_count=3480 waf_q16=222653 best=47 next=50 settled=0
[1289548.917365] NVMeVirt: WATGC_V2 sample ns=0 part=2 epoch=2 window=496 phase=measure evaluated=19 k=4 scale_pct=50 age_ratio=7 host=65537 gc_pages=168191 gc_count=3652 waf_q16=233724 best=32 next=28 settled=0
[1289553.927170] NVMeVirt: WATGC_V2 sample ns=0 part=1 epoch=2 window=500 phase=measure evaluated=16 k=4 scale_pct=25 age_ratio=7 host=65541 gc_pages=154615 gc_count=3440 waf_q16=220139 best=17 next=17 settled=0
[1289555.573300] NVMeVirt: WATGC_V2 sample ns=0 part=3 epoch=2 window=520 phase=measure evaluated=10 k=2 scale_pct=200 age_ratio=7 host=65544 gc_pages=185593 gc_count=3924 waf_q16=251106 best=46 next=11 settled=0
[1289556.596560] NVMeVirt: WATGC_V2 sample ns=0 part=0 epoch=2 window=503 phase=measure evaluated=50 k=10 scale_pct=50 age_ratio=16 host=65556 gc_pages=142130 gc_count=3245 waf_q16=207622 best=47 next=51 settled=0
[1289558.752012] NVMeVirt: WATGC_V2 sample ns=0 part=2 epoch=2 window=497 phase=measure evaluated=28 k=4 scale_pct=400 age_ratio=7 host=65551 gc_pages=166321 gc_count=3623 waf_q16=231818 best=32 next=23 settled=0
[1289563.783873] NVMeVirt: WATGC_V2 sample ns=0 part=1 epoch=2 window=501 phase=measure evaluated=17 k=4 scale_pct=25 age_ratio=16 host=65539 gc_pages=146362 gc_count=3311 waf_q16=211891 best=18 next=18 settled=0
[1289565.389102] NVMeVirt: WATGC_V2 sample ns=0 part=3 epoch=2 window=521 phase=measure evaluated=11 k=2 scale_pct=200 age_ratio=16 host=65545 gc_pages=185270 gc_count=3919 waf_q16=250780 best=46 next=12 settled=0
[1289566.429624] NVMeVirt: WATGC_V2 sample ns=0 part=0 epoch=2 window=504 phase=measure evaluated=51 k=10 scale_pct=100 age_ratio=4 host=65540 gc_pages=151359 gc_count=3389 waf_q16=216885 best=47 next=52 settled=0
[1289568.619472] NVMeVirt: WATGC_V2 sample ns=0 part=2 epoch=2 window=498 phase=measure evaluated=23 k=4 scale_pct=100 age_ratio=16 host=65542 gc_pages=180600 gc_count=3846 waf_q16=246119 best=32 next=26 settled=0
[1289573.610612] NVMeVirt: WATGC_V2 sample ns=0 part=1 epoch=2 window=502 phase=measure evaluated=18 k=4 scale_pct=50 age_ratio=4 host=65536 gc_pages=145026 gc_count=3290 waf_q16=210562 best=15 next=15 settled=0
[1289575.213507] NVMeVirt: WATGC_V2 sample ns=0 part=3 epoch=2 window=522 phase=measure evaluated=12 k=2 scale_pct=400 age_ratio=4 host=65543 gc_pages=185273 gc_count=3919 waf_q16=250789 best=46 next=13 settled=0
[1289576.231169] NVMeVirt: WATGC_V2 sample ns=0 part=0 epoch=2 window=505 phase=measure evaluated=52 k=10 scale_pct=100 age_ratio=7 host=65550 gc_pages=166963 gc_count=3633 waf_q16=232463 best=47 next=53 settled=0
[1289578.448101] NVMeVirt: WATGC_V2 sample ns=0 part=2 epoch=2 window=499 phase=measure evaluated=26 k=4 scale_pct=200 age_ratio=16 host=65549 gc_pages=182004 gc_count=3868 waf_q16=247503 best=32 next=25 settled=0
[1289583.423002] NVMeVirt: WATGC_V2 sample ns=0 part=1 epoch=2 window=503 phase=measure evaluated=15 k=4 scale_pct=25 age_ratio=4 host=65549 gc_pages=148917 gc_count=3351 waf_q16=214423 best=19 next=19 settled=0
[1289585.056114] NVMeVirt: WATGC_V2 sample ns=0 part=3 epoch=2 window=523 phase=measure evaluated=13 k=2 scale_pct=400 age_ratio=7 host=65541 gc_pages=187961 gc_count=3961 waf_q16=253482 best=46 next=14 settled=0
[1289586.084404] NVMeVirt: WATGC_V2 sample ns=0 part=0 epoch=2 window=506 phase=measure evaluated=53 k=10 scale_pct=100 age_ratio=16 host=65542 gc_pages=164673 gc_count=3597 waf_q16=230193 best=47 next=54 settled=0
[1289588.269971] NVMeVirt: WATGC_V2 sample ns=0 part=2 epoch=2 window=500 phase=measure evaluated=25 k=4 scale_pct=200 age_ratio=7 host=65548 gc_pages=180981 gc_count=3852 waf_q16=246483 best=32 next=1 settled=0
[1289593.248492] NVMeVirt: WATGC_V2 sample ns=0 part=1 epoch=2 window=504 phase=measure evaluated=19 k=4 scale_pct=50 age_ratio=7 host=65539 gc_pages=159871 gc_count=3522 waf_q16=225399 best=20 next=20 settled=0
[1289594.897623] NVMeVirt: WATGC_V2 sample ns=0 part=3 epoch=2 window=524 phase=measure evaluated=14 k=2 scale_pct=400 age_ratio=16 host=65542 gc_pages=184826 gc_count=3912 waf_q16=250345 best=46 next=15 settled=0
[1289595.905711] NVMeVirt: WATGC_V2 sample ns=0 part=0 epoch=2 window=507 phase=measure evaluated=54 k=10 scale_pct=200 age_ratio=4 host=65547 gc_pages=166774 gc_count=3630 waf_q16=232282 best=47 next=55 settled=0
[1289598.094791] NVMeVirt: WATGC_V2 sample ns=0 part=2 epoch=2 window=501 phase=measure evaluated=1 k=2 scale_pct=25 age_ratio=7 host=65550 gc_pages=182770 gc_count=3880 waf_q16=248266 best=32 next=27 settled=0
[1289603.062283] NVMeVirt: WATGC_V2 sample ns=0 part=1 epoch=2 window=505 phase=measure evaluated=20 k=4 scale_pct=50 age_ratio=16 host=65546 gc_pages=171638 gc_count=3706 waf_q16=237147 best=1 next=1 settled=0
[1289604.737902] NVMeVirt: WATGC_V2 sample ns=0 part=3 epoch=2 window=525 phase=measure evaluated=15 k=4 scale_pct=25 age_ratio=4 host=65537 gc_pages=159678 gc_count=3519 waf_q16=225211 best=46 next=16 settled=0
[1289605.734471] NVMeVirt: WATGC_V2 sample ns=0 part=0 epoch=2 window=508 phase=measure evaluated=55 k=10 scale_pct=200 age_ratio=7 host=65549 gc_pages=178549 gc_count=3814 waf_q16=244049 best=47 next=56 settled=0
[1289607.957656] NVMeVirt: WATGC_V2 sample ns=0 part=2 epoch=2 window=502 phase=measure evaluated=27 k=4 scale_pct=400 age_ratio=4 host=65548 gc_pages=183604 gc_count=3893 waf_q16=249106 best=32 next=3 settled=0
[1289612.904823] NVMeVirt: WATGC_V2 sample ns=0 part=1 epoch=2 window=506 phase=measure evaluated=1 k=2 scale_pct=25 age_ratio=7 host=65540 gc_pages=168570 gc_count=3658 waf_q16=234095 best=11 next=0 settled=0
[1289614.574755] NVMeVirt: WATGC_V2 sample ns=0 part=3 epoch=2 window=526 phase=measure evaluated=16 k=4 scale_pct=25 age_ratio=7 host=65550 gc_pages=139315 gc_count=3201 waf_q16=204821 best=46 next=17 settled=0
[1289615.564466] NVMeVirt: WATGC_V2 sample ns=0 part=0 epoch=2 window=509 phase=measure evaluated=56 k=10 scale_pct=200 age_ratio=16 host=65536 gc_pages=179007 gc_count=3821 waf_q16=244543 best=47 next=57 settled=0
[1289617.772125] NVMeVirt: WATGC_V2 sample ns=0 part=2 epoch=2 window=503 phase=measure evaluated=3 k=2 scale_pct=50 age_ratio=4 host=65551 gc_pages=184688 gc_count=3910 waf_q16=250181 best=32 next=8 settled=0
[1289622.730086] NVMeVirt: WATGC_V2 sample ns=0 part=1 epoch=2 window=507 phase=measure evaluated=0 k=2 scale_pct=25 age_ratio=4 host=65550 gc_pages=177715 gc_count=3801 waf_q16=243213 best=11 next=4 settled=0
[1289624.408627] NVMeVirt: WATGC_V2 sample ns=0 part=3 epoch=2 window=527 phase=measure evaluated=17 k=4 scale_pct=25 age_ratio=16 host=65545 gc_pages=140858 gc_count=3225 waf_q16=206374 best=46 next=18 settled=0
[1289625.402025] NVMeVirt: WATGC_V2 sample ns=0 part=0 epoch=2 window=510 phase=measure evaluated=57 k=10 scale_pct=400 age_ratio=4 host=65552 gc_pages=177647 gc_count=3800 waf_q16=243139 best=47 next=58 settled=0
[1289627.616796] NVMeVirt: WATGC_V2 sample ns=0 part=2 epoch=2 window=504 phase=measure evaluated=8 k=2 scale_pct=100 age_ratio=16 host=65537 gc_pages=184640 gc_count=3909 waf_q16=250173 best=32 next=0 settled=0
[1289632.573535] NVMeVirt: WATGC_V2 sample ns=0 part=1 epoch=2 window=508 phase=measure evaluated=4 k=2 scale_pct=50 age_ratio=7 host=65539 gc_pages=180094 gc_count=3838 waf_q16=245621 best=11 next=11 settled=0
[1289634.229550] NVMeVirt: WATGC_V2 sample ns=0 part=3 epoch=2 window=528 phase=measure evaluated=18 k=4 scale_pct=50 age_ratio=4 host=65552 gc_pages=152113 gc_count=3401 waf_q16=217611 best=46 next=19 settled=0
[1289635.243703] NVMeVirt: WATGC_V2 sample ns=0 part=0 epoch=2 window=511 phase=measure evaluated=58 k=10 scale_pct=400 age_ratio=7 host=65539 gc_pages=186302 gc_count=3935 waf_q16=251829 best=47 next=59 settled=0
[1289637.433464] NVMeVirt: WATGC_V2 sample ns=0 part=2 epoch=2 window=505 phase=measure evaluated=0 k=2 scale_pct=25 age_ratio=4 host=65541 gc_pages=183355 gc_count=3889 waf_q16=248877 best=32 next=2 settled=0
[1289642.369840] NVMeVirt: WATGC_V2 sample ns=0 part=1 epoch=2 window=509 phase=measure evaluated=11 k=2 scale_pct=200 age_ratio=16 host=65539 gc_pages=183421 gc_count=3890 waf_q16=248948 best=6 next=6 settled=0
[1289644.078119] NVMeVirt: WATGC_V2 sample ns=0 part=3 epoch=2 window=529 phase=measure evaluated=19 k=4 scale_pct=50 age_ratio=7 host=65541 gc_pages=164220 gc_count=3590 waf_q16=229743 best=46 next=20 settled=0
[1289645.087263] NVMeVirt: WATGC_V2 sample ns=0 part=0 epoch=2 window=512 phase=measure evaluated=59 k=10 scale_pct=400 age_ratio=16 host=65543 gc_pages=192567 gc_count=4033 waf_q16=258082 best=47 next=1 settled=0
[1289647.261128] NVMeVirt: WATGC_V2 sample ns=0 part=2 epoch=2 window=506 phase=measure evaluated=2 k=2 scale_pct=25 age_ratio=16 host=65546 gc_pages=184693 gc_count=3910 waf_q16=250200 best=32 next=6 settled=0
[1289652.218666] NVMeVirt: WATGC_V2 sample ns=0 part=1 epoch=2 window=510 phase=measure evaluated=6 k=2 scale_pct=100 age_ratio=4 host=65541 gc_pages=184059 gc_count=3900 waf_q16=249580 best=14 next=14 settled=0
[1289653.889273] NVMeVirt: WATGC_V2 sample ns=0 part=3 epoch=2 window=530 phase=measure evaluated=20 k=4 scale_pct=50 age_ratio=16 host=65554 gc_pages=169126 gc_count=3667 waf_q16=234615 best=46 next=21 settled=0
[1289654.912014] NVMeVirt: WATGC_V2 sample ns=0 part=0 epoch=2 window=513 phase=measure evaluated=1 k=2 scale_pct=25 age_ratio=7 host=65547 gc_pages=193718 gc_count=4051 waf_q16=259221 best=47 next=7 settled=0
[1289657.097626] NVMeVirt: WATGC_V2 sample ns=0 part=2 epoch=2 window=507 phase=measure evaluated=6 k=2 scale_pct=100 age_ratio=4 host=65543 gc_pages=181305 gc_count=3857 waf_q16=246821 best=32 next=11 settled=0
[1289662.058682] NVMeVirt: WATGC_V2 sample ns=0 part=1 epoch=2 window=511 phase=measure evaluated=14 k=2 scale_pct=400 age_ratio=16 host=65539 gc_pages=184187 gc_count=3902 waf_q16=249714 best=3 next=3 settled=0
[1289663.729083] NVMeVirt: WATGC_V2 sample ns=0 part=3 epoch=2 window=531 phase=measure evaluated=21 k=4 scale_pct=100 age_ratio=4 host=65551 gc_pages=173425 gc_count=3734 waf_q16=238921 best=46 next=22 settled=0
[1289664.756077] NVMeVirt: WATGC_V2 sample ns=0 part=0 epoch=2 window=514 phase=measure evaluated=7 k=2 scale_pct=100 age_ratio=7 host=65543 gc_pages=193274 gc_count=4044 waf_q16=258789 best=47 next=0 settled=0
[1289666.921093] NVMeVirt: WATGC_V2 sample ns=0 part=2 epoch=2 window=508 phase=measure evaluated=11 k=2 scale_pct=200 age_ratio=16 host=65536 gc_pages=184831 gc_count=3912 waf_q16=250367 best=32 next=7 settled=0
[1289671.872300] NVMeVirt: WATGC_V2 sample ns=0 part=1 epoch=2 window=512 phase=measure evaluated=3 k=2 scale_pct=50 age_ratio=4 host=65550 gc_pages=187954 gc_count=3961 waf_q16=253449 best=10 next=10 settled=0
[1289673.571767] NVMeVirt: WATGC_V2 sample ns=0 part=3 epoch=2 window=532 phase=measure evaluated=22 k=4 scale_pct=100 age_ratio=7 host=65539 gc_pages=180349 gc_count=3842 waf_q16=245876 best=46 next=23 settled=0
[1289674.588378] NVMeVirt: WATGC_V2 sample ns=0 part=0 epoch=2 window=515 phase=measure evaluated=0 k=2 scale_pct=25 age_ratio=4 host=65538 gc_pages=193342 gc_count=4045 waf_q16=258872 best=47 next=2 settled=0
[1289676.744684] NVMeVirt: WATGC_V2 sample ns=0 part=2 epoch=2 window=509 phase=measure evaluated=7 k=2 scale_pct=100 age_ratio=7 host=65544 gc_pages=184953 gc_count=3914 waf_q16=250466 best=32 next=24 settled=0
[1289681.702166] NVMeVirt: WATGC_V2 sample ns=0 part=1 epoch=2 window=513 phase=measure evaluated=10 k=2 scale_pct=200 age_ratio=7 host=65540 gc_pages=183997 gc_count=3899 waf_q16=249521 best=9 next=9 settled=0
[1289683.393780] NVMeVirt: WATGC_V2 sample ns=0 part=3 epoch=2 window=533 phase=measure evaluated=23 k=4 scale_pct=100 age_ratio=16 host=65539 gc_pages=187900 gc_count=3960 waf_q16=253427 best=46 next=24 settled=0
[1289684.412756] NVMeVirt: WATGC_V2 sample ns=0 part=0 epoch=2 window=516 phase=measure evaluated=2 k=2 scale_pct=25 age_ratio=16 host=65546 gc_pages=190391 gc_count=3999 waf_q16=255897 best=47 next=3 settled=0
[1289686.584652] NVMeVirt: WATGC_V2 sample ns=0 part=2 epoch=2 window=510 phase=measure evaluated=24 k=4 scale_pct=200 age_ratio=4 host=65545 gc_pages=182199 gc_count=3871 waf_q16=247709 best=32 next=12 settled=0
[1289691.523628] NVMeVirt: WATGC_V2 sample ns=0 part=1 epoch=2 window=514 phase=measure evaluated=9 k=2 scale_pct=200 age_ratio=4 host=65552 gc_pages=183023 gc_count=3884 waf_q16=248514 best=13 next=2 settled=0
[1289693.244644] NVMeVirt: WATGC_V2 sample ns=0 part=3 epoch=2 window=534 phase=measure evaluated=24 k=4 scale_pct=200 age_ratio=4 host=65542 gc_pages=183867 gc_count=3897 waf_q16=249386 best=46 next=25 settled=0
[1289694.257005] NVMeVirt: WATGC_V2 sample ns=0 part=0 epoch=2 window=517 phase=measure evaluated=3 k=2 scale_pct=50 age_ratio=4 host=65552 gc_pages=191150 gc_count=4011 waf_q16=256639 best=47 next=6 settled=0
[1289696.406137] NVMeVirt: WATGC_V2 sample ns=0 part=2 epoch=2 window=511 phase=measure evaluated=12 k=2 scale_pct=400 age_ratio=4 host=65542 gc_pages=183098 gc_count=3885 waf_q16=248617 best=32 next=13 settled=0
[1289701.363537] NVMeVirt: WATGC_V2 sample ns=0 part=1 epoch=2 window=515 phase=measure evaluated=2 k=2 scale_pct=25 age_ratio=16 host=65545 gc_pages=183800 gc_count=3896 waf_q16=249310 best=13 next=13 settled=0
[1289703.059763] NVMeVirt: WATGC_V2 sample ns=0 part=3 epoch=2 window=535 phase=measure evaluated=25 k=4 scale_pct=200 age_ratio=7 host=65543 gc_pages=183033 gc_count=3884 waf_q16=248549 best=46 next=26 settled=0
[1289704.068862] NVMeVirt: WATGC_V2 sample ns=0 part=0 epoch=2 window=518 phase=measure evaluated=6 k=2 scale_pct=100 age_ratio=4 host=65536 gc_pages=191617 gc_count=4018 waf_q16=257153 best=47 next=4 settled=0
[1289706.258762] NVMeVirt: WATGC_V2 sample ns=0 part=2 epoch=2 window=512 phase=measure evaluated=13 k=2 scale_pct=400 age_ratio=7 host=65549 gc_pages=183411 gc_count=3890 waf_q16=248910 best=32 next=5 settled=0
[1289711.195778] NVMeVirt: WATGC_V2 sample ns=0 part=1 epoch=2 window=516 phase=measure evaluated=13 k=2 scale_pct=400 age_ratio=7 host=65545 gc_pages=185206 gc_count=3918 waf_q16=250716 best=5 next=5 settled=0
[1289712.872953] NVMeVirt: WATGC_V2 sample ns=0 part=3 epoch=2 window=536 phase=measure evaluated=26 k=4 scale_pct=200 age_ratio=16 host=65537 gc_pages=184255 gc_count=3903 waf_q16=249788 best=46 next=27 settled=0
[1289713.917343] NVMeVirt: WATGC_V2 sample ns=0 part=0 epoch=2 window=519 phase=measure evaluated=4 k=2 scale_pct=50 age_ratio=7 host=65548 gc_pages=188661 gc_count=3972 waf_q16=254162 best=47 next=47 settled=0
[1289716.080867] NVMeVirt: WATGC_V2 sample ns=0 part=2 epoch=2 window=513 phase=measure evaluated=5 k=2 scale_pct=50 age_ratio=16 host=65539 gc_pages=184251 gc_count=3903 waf_q16=249778 best=32 next=10 settled=0
[1289721.039016] NVMeVirt: WATGC_V2 sample ns=0 part=1 epoch=2 window=517 phase=measure evaluated=5 k=2 scale_pct=50 age_ratio=16 host=65541 gc_pages=185083 gc_count=3916 waf_q16=250604 best=8 next=8 settled=0
[1289722.737017] NVMeVirt: WATGC_V2 sample ns=0 part=3 epoch=2 window=537 phase=measure evaluated=27 k=4 scale_pct=400 age_ratio=4 host=65546 gc_pages=182519 gc_count=3876 waf_q16=248027 best=46 next=28 settled=0
[1289723.729734] NVMeVirt: WATGC_V2 sample ns=0 part=0 epoch=2 window=520 phase=measure evaluated=47 k=10 scale_pct=25 age_ratio=16 host=65568 gc_pages=114247 gc_count=2810 waf_q16=179727 best=8 next=8 settled=0
[1289725.911880] NVMeVirt: WATGC_V2 sample ns=0 part=2 epoch=2 window=514 phase=measure evaluated=10 k=2 scale_pct=200 age_ratio=7 host=65546 gc_pages=182647 gc_count=3878 waf_q16=248155 best=32 next=29 settled=0
[1289730.881238] NVMeVirt: WATGC_V2 sample ns=0 part=1 epoch=2 window=518 phase=measure evaluated=8 k=2 scale_pct=100 age_ratio=16 host=65546 gc_pages=184823 gc_count=3912 waf_q16=250330 best=7 next=7 settled=0
[1289732.563199] NVMeVirt: WATGC_V2 sample ns=0 part=3 epoch=2 window=538 phase=measure evaluated=28 k=4 scale_pct=400 age_ratio=7 host=65544 gc_pages=186359 gc_count=3936 waf_q16=251872 best=46 next=29 settled=0
[1289733.539191] NVMeVirt: WATGC_V2 sample ns=0 part=0 epoch=2 window=521 phase=measure evaluated=8 k=2 scale_pct=100 age_ratio=16 host=65544 gc_pages=146809 gc_count=3318 waf_q16=212327 best=10 next=10 settled=0
[1289735.748581] NVMeVirt: WATGC_V2 sample ns=0 part=2 epoch=2 window=515 phase=measure evaluated=29 k=4 scale_pct=400 age_ratio=16 host=65540 gc_pages=183228 gc_count=3887 waf_q16=248752 best=32 next=9 settled=0
[1289740.723551] NVMeVirt: WATGC_V2 sample ns=0 part=1 epoch=2 window=519 phase=measure evaluated=7 k=2 scale_pct=100 age_ratio=7 host=65551 gc_pages=184049 gc_count=3900 waf_q16=249542 best=12 next=12 settled=0
[1289742.385873] NVMeVirt: WATGC_V2 sample ns=0 part=3 epoch=2 window=539 phase=measure evaluated=29 k=4 scale_pct=400 age_ratio=16 host=65541 gc_pages=185659 gc_count=3925 waf_q16=251180 best=46 next=30 settled=0
[1289743.394567] NVMeVirt: WATGC_V2 sample ns=0 part=0 epoch=2 window=522 phase=measure evaluated=10 k=2 scale_pct=200 age_ratio=7 host=65537 gc_pages=180286 gc_count=3841 waf_q16=245819 best=5 next=5 settled=0
[1289745.591853] NVMeVirt: WATGC_V2 sample ns=0 part=2 epoch=2 window=516 phase=measure evaluated=9 k=2 scale_pct=200 age_ratio=4 host=65546 gc_pages=183350 gc_count=3889 waf_q16=248858 best=32 next=14 settled=0
[1289750.542650] NVMeVirt: WATGC_V2 sample ns=0 part=1 epoch=2 window=520 phase=measure evaluated=12 k=2 scale_pct=400 age_ratio=4 host=65539 gc_pages=183870 gc_count=3897 waf_q16=249397 best=47 next=47 settled=0
[1289752.220839] NVMeVirt: WATGC_V2 sample ns=0 part=3 epoch=2 window=540 phase=measure evaluated=30 k=7 scale_pct=25 age_ratio=4 host=65553 gc_pages=145006 gc_count=3290 waf_q16=210504 best=46 next=31 settled=0
[1289753.224588] NVMeVirt: WATGC_V2 sample ns=0 part=0 epoch=2 window=523 phase=measure evaluated=5 k=2 scale_pct=50 age_ratio=16 host=65544 gc_pages=190969 gc_count=4008 waf_q16=256481 best=9 next=9 settled=0
[1289755.416669] NVMeVirt: WATGC_V2 sample ns=0 part=2 epoch=2 window=517 phase=measure evaluated=14 k=2 scale_pct=400 age_ratio=16 host=65542 gc_pages=180986 gc_count=3852 waf_q16=246505 best=32 next=32 settled=0
[1289760.373430] NVMeVirt: WATGC_V2 sample ns=0 part=1 epoch=2 window=521 phase=measure evaluated=47 k=10 scale_pct=25 age_ratio=16 host=65548 gc_pages=123379 gc_count=2952 waf_q16=188892 best=18 next=21 settled=0
[1289762.091088] NVMeVirt: WATGC_V2 sample ns=0 part=3 epoch=2 window=541 phase=measure evaluated=31 k=7 scale_pct=25 age_ratio=7 host=65548 gc_pages=119422 gc_count=2890 waf_q16=184936 best=46 next=32 settled=0
[1289763.051304] NVMeVirt: WATGC_V2 sample ns=0 part=0 epoch=2 window=524 phase=measure evaluated=9 k=2 scale_pct=200 age_ratio=4 host=65550 gc_pages=191411 gc_count=4015 waf_q16=256906 best=32 next=32 settled=0
[1289765.236897] NVMeVirt: WATGC_V2 sample ns=0 part=2 epoch=2 window=518 phase=measure evaluated=32 k=7 scale_pct=25 age_ratio=16 host=65544 gc_pages=138813 gc_count=3193 waf_q16=204332 best=30 next=4 settled=0
[1289770.199047] NVMeVirt: WATGC_V2 sample ns=0 part=1 epoch=2 window=522 phase=measure evaluated=21 k=4 scale_pct=100 age_ratio=4 host=65537 gc_pages=140996 gc_count=3227 waf_q16=206529 best=18 next=18 settled=0
[1289771.923426] NVMeVirt: WATGC_V2 sample ns=0 part=3 epoch=2 window=542 phase=measure evaluated=32 k=7 scale_pct=25 age_ratio=16 host=65549 gc_pages=121207 gc_count=2918 waf_q16=186718 best=46 next=33 settled=0
[1289772.867527] NVMeVirt: WATGC_V2 sample ns=0 part=0 epoch=2 window=525 phase=measure evaluated=32 k=7 scale_pct=25 age_ratio=16 host=65544 gc_pages=128106 gc_count=3026 waf_q16=193626 best=47 next=33 settled=0
[1289775.070004] NVMeVirt: WATGC_V2 sample ns=0 part=2 epoch=2 window=519 phase=measure evaluated=4 k=2 scale_pct=50 age_ratio=7 host=65551 gc_pages=131575 gc_count=3080 waf_q16=197080 best=30 next=30 settled=0
[1289780.039746] NVMeVirt: WATGC_V2 sample ns=0 part=1 epoch=2 window=523 phase=measure evaluated=18 k=4 scale_pct=50 age_ratio=4 host=65544 gc_pages=160187 gc_count=3527 waf_q16=225703 best=17 next=17 settled=0
[1289781.715192] NVMeVirt: WATGC_V2 sample ns=0 part=3 epoch=2 window=543 phase=measure evaluated=33 k=7 scale_pct=50 age_ratio=4 host=65538 gc_pages=126978 gc_count=3008 waf_q16=192510 best=46 next=34 settled=0
[1289782.709214] NVMeVirt: WATGC_V2 sample ns=0 part=0 epoch=2 window=526 phase=measure evaluated=33 k=7 scale_pct=50 age_ratio=4 host=65538 gc_pages=119359 gc_count=2889 waf_q16=184891 best=47 next=46 settled=0
[1289784.928475] NVMeVirt: WATGC_V2 sample ns=0 part=2 epoch=2 window=520 phase=measure evaluated=30 k=7 scale_pct=25 age_ratio=4 host=65558 gc_pages=135594 gc_count=3143 waf_q16=201084 best=31 next=47 settled=0
[1289789.886374] NVMeVirt: WATGC_V2 sample ns=0 part=1 epoch=2 window=524 phase=measure evaluated=17 k=4 scale_pct=25 age_ratio=16 host=65538 gc_pages=162804 gc_count=3568 waf_q16=228335 best=16 next=16 settled=0
[1289791.552006] NVMeVirt: WATGC_V2 sample ns=0 part=3 epoch=2 window=544 phase=measure evaluated=34 k=7 scale_pct=50 age_ratio=7 host=65545 gc_pages=154754 gc_count=3442 waf_q16=220268 best=46 next=35 settled=0
[1289792.517041] NVMeVirt: WATGC_V2 sample ns=0 part=0 epoch=2 window=527 phase=measure evaluated=46 k=10 scale_pct=25 age_ratio=7 host=65544 gc_pages=133180 gc_count=3105 waf_q16=198699 best=47 next=47 settled=0
[1289794.768128] NVMeVirt: WATGC_V2 sample ns=0 part=2 epoch=2 window=521 phase=measure evaluated=47 k=10 scale_pct=25 age_ratio=16 host=65536 gc_pages=112684 gc_count=2785 waf_q16=178220 best=31 next=33 settled=0
[1289799.700579] NVMeVirt: WATGC_V2 sample ns=0 part=1 epoch=2 window=525 phase=measure evaluated=16 k=4 scale_pct=25 age_ratio=7 host=65543 gc_pages=137207 gc_count=3168 waf_q16=202728 best=15 next=15 settled=0
[1289801.383231] NVMeVirt: WATGC_V2 sample ns=0 part=3 epoch=2 window=545 phase=measure evaluated=35 k=7 scale_pct=50 age_ratio=16 host=65542 gc_pages=155756 gc_count=3458 waf_q16=221277 best=46 next=36 settled=0
[1289802.358228] NVMeVirt: WATGC_V2 sample ns=0 part=0 epoch=2 window=528 phase=measure evaluated=47 k=10 scale_pct=25 age_ratio=16 host=65556 gc_pages=123184 gc_count=2949 waf_q16=188682 best=31 next=31 settled=0
[1289804.588959] NVMeVirt: WATGC_V2 sample ns=0 part=2 epoch=2 window=522 phase=measure evaluated=33 k=7 scale_pct=50 age_ratio=4 host=65543 gc_pages=128375 gc_count=3030 waf_q16=193897 best=31 next=31 settled=0
[1289809.545774] NVMeVirt: WATGC_V2 sample ns=0 part=1 epoch=2 window=526 phase=measure evaluated=15 k=4 scale_pct=25 age_ratio=4 host=65553 gc_pages=144630 gc_count=3284 waf_q16=210128 best=50 next=33 settled=0
[1289811.220338] NVMeVirt: WATGC_V2 sample ns=0 part=3 epoch=2 window=546 phase=measure evaluated=36 k=7 scale_pct=100 age_ratio=4 host=65545 gc_pages=137215 gc_count=3168 waf_q16=202732 best=46 next=37 settled=0
[1289812.184871] NVMeVirt: WATGC_V2 sample ns=0 part=0 epoch=2 window=529 phase=measure evaluated=31 k=7 scale_pct=25 age_ratio=7 host=65549 gc_pages=124993 gc_count=2977 waf_q16=190504 best=47 next=32 settled=0
[1289814.427957] NVMeVirt: WATGC_V2 sample ns=0 part=2 epoch=2 window=523 phase=measure evaluated=31 k=7 scale_pct=25 age_ratio=7 host=65546 gc_pages=130364 gc_count=3061 waf_q16=195880 best=35 next=35 settled=0
[1289819.369178] NVMeVirt: WATGC_V2 sample ns=0 part=1 epoch=2 window=527 phase=measure evaluated=33 k=7 scale_pct=50 age_ratio=4 host=65550 gc_pages=156212 gc_count=3465 waf_q16=221714 best=50 next=50 settled=0
[1289821.036311] NVMeVirt: WATGC_V2 sample ns=0 part=3 epoch=2 window=547 phase=measure evaluated=37 k=7 scale_pct=100 age_ratio=7 host=65536 gc_pages=150657 gc_count=3378 waf_q16=216193 best=46 next=38 settled=0
[1289822.060340] NVMeVirt: WATGC_V2 sample ns=0 part=0 epoch=2 window=530 phase=measure evaluated=32 k=7 scale_pct=25 age_ratio=16 host=65550 gc_pages=107050 gc_count=2697 waf_q16=172563 best=47 next=36 settled=0
[1289824.260953] NVMeVirt: WATGC_V2 sample ns=0 part=2 epoch=2 window=524 phase=measure evaluated=35 k=7 scale_pct=50 age_ratio=16 host=65548 gc_pages=142145 gc_count=3245 waf_q16=207654 best=34 next=34 settled=0
[1289829.160827] NVMeVirt: WATGC_V2 sample ns=0 part=1 epoch=2 window=528 phase=measure evaluated=50 k=10 scale_pct=50 age_ratio=16 host=65539 gc_pages=156871 gc_count=3475 waf_q16=222399 best=31 next=31 settled=0
[1289830.870416] NVMeVirt: WATGC_V2 sample ns=0 part=3 epoch=2 window=548 phase=measure evaluated=38 k=7 scale_pct=100 age_ratio=16 host=65544 gc_pages=177207 gc_count=3793 waf_q16=242721 best=46 next=39 settled=0
[1289831.894974] NVMeVirt: WATGC_V2 sample ns=0 part=0 epoch=2 window=531 phase=measure evaluated=36 k=7 scale_pct=100 age_ratio=4 host=65544 gc_pages=141304 gc_count=3232 waf_q16=206822 best=47 next=8 settled=0
[1289834.090357] NVMeVirt: WATGC_V2 sample ns=0 part=2 epoch=2 window=525 phase=measure evaluated=34 k=7 scale_pct=50 age_ratio=7 host=65542 gc_pages=141754 gc_count=3239 waf_q16=207277 best=31 next=46 settled=0
[1289839.002198] NVMeVirt: WATGC_V2 sample ns=0 part=1 epoch=2 window=529 phase=measure evaluated=31 k=7 scale_pct=25 age_ratio=7 host=65538 gc_pages=110138 gc_count=2745 waf_q16=175670 best=47 next=46 settled=0
[1289840.711923] NVMeVirt: WATGC_V2 sample ns=0 part=3 epoch=2 window=549 phase=measure evaluated=39 k=7 scale_pct=200 age_ratio=4 host=65548 gc_pages=171318 gc_count=3701 waf_q16=236822 best=46 next=40 settled=0
[1289841.713485] NVMeVirt: WATGC_V2 sample ns=0 part=0 epoch=2 window=532 phase=measure evaluated=8 k=2 scale_pct=100 age_ratio=16 host=65545 gc_pages=173111 gc_count=3729 waf_q16=238623 best=47 next=11 settled=0
[1289843.907263] NVMeVirt: WATGC_V2 sample ns=0 part=2 epoch=2 window=526 phase=measure evaluated=46 k=10 scale_pct=25 age_ratio=7 host=65543 gc_pages=118713 gc_count=2879 waf_q16=184236 best=31 next=48 settled=0
[1289848.857922] NVMeVirt: WATGC_V2 sample ns=0 part=1 epoch=2 window=530 phase=measure evaluated=46 k=10 scale_pct=25 age_ratio=7 host=65561 gc_pages=122145 gc_count=2933 waf_q16=187634 best=47 next=47 settled=0
[1289850.546017] NVMeVirt: WATGC_V2 sample ns=0 part=3 epoch=2 window=550 phase=measure evaluated=40 k=7 scale_pct=200 age_ratio=7 host=65549 gc_pages=174964 gc_count=3758 waf_q16=240465 best=46 next=41 settled=0
[1289851.537599] NVMeVirt: WATGC_V2 sample ns=0 part=0 epoch=2 window=533 phase=measure evaluated=11 k=2 scale_pct=200 age_ratio=16 host=65548 gc_pages=182453 gc_count=3875 waf_q16=247955 best=47 next=47 settled=0
[1289853.733523] NVMeVirt: WATGC_V2 sample ns=0 part=2 epoch=2 window=527 phase=measure evaluated=48 k=10 scale_pct=50 age_ratio=4 host=65548 gc_pages=141490 gc_count=3235 waf_q16=207000 best=31 next=16 settled=0
[1289858.684076] NVMeVirt: WATGC_V2 sample ns=0 part=1 epoch=2 window=531 phase=measure evaluated=47 k=10 scale_pct=25 age_ratio=16 host=65538 gc_pages=130886 gc_count=3069 waf_q16=196418 best=19 next=19 settled=0
[1289860.400062] NVMeVirt: WATGC_V2 sample ns=0 part=3 epoch=2 window=551 phase=measure evaluated=41 k=7 scale_pct=200 age_ratio=16 host=65550 gc_pages=178802 gc_count=3818 waf_q16=244299 best=46 next=42 settled=0
[1289861.370041] NVMeVirt: WATGC_V2 sample ns=0 part=0 epoch=2 window=534 phase=measure evaluated=47 k=10 scale_pct=25 age_ratio=16 host=65557 gc_pages=124200 gc_count=2965 waf_q16=189696 best=32 next=33 settled=0
[1289863.573964] NVMeVirt: WATGC_V2 sample ns=0 part=2 epoch=2 window=528 phase=measure evaluated=16 k=4 scale_pct=25 age_ratio=7 host=65550 gc_pages=158122 gc_count=3495 waf_q16=223624 best=31 next=36 settled=0
[1289868.513968] NVMeVirt: WATGC_V2 sample ns=0 part=1 epoch=2 window=532 phase=measure evaluated=19 k=4 scale_pct=50 age_ratio=7 host=65551 gc_pages=133173 gc_count=3105 waf_q16=198678 best=16 next=32 settled=0
[1289870.215680] NVMeVirt: WATGC_V2 sample ns=0 part=3 epoch=2 window=552 phase=measure evaluated=42 k=7 scale_pct=400 age_ratio=4 host=65549 gc_pages=180083 gc_count=3838 waf_q16=245583 best=46 next=43 settled=0
[1289871.205901] NVMeVirt: WATGC_V2 sample ns=0 part=0 epoch=2 window=535 phase=measure evaluated=33 k=7 scale_pct=50 age_ratio=4 host=65543 gc_pages=127165 gc_count=3011 waf_q16=192687 best=32 next=50 settled=0
[1289873.403902] NVMeVirt: WATGC_V2 sample ns=0 part=2 epoch=2 window=529 phase=measure evaluated=36 k=7 scale_pct=100 age_ratio=4 host=65552 gc_pages=143474 gc_count=3266 waf_q16=208974 best=31 next=15 settled=0
[1289878.367304] NVMeVirt: WATGC_V2 sample ns=0 part=1 epoch=2 window=533 phase=measure evaluated=32 k=7 scale_pct=25 age_ratio=16 host=65560 gc_pages=120039 gc_count=2900 waf_q16=185531 best=16 next=30 settled=0
[1289880.026608] NVMeVirt: WATGC_V2 sample ns=0 part=3 epoch=2 window=553 phase=measure evaluated=43 k=7 scale_pct=400 age_ratio=7 host=65549 gc_pages=183729 gc_count=3895 waf_q16=249228 best=46 next=44 settled=0
[1289881.041239] NVMeVirt: WATGC_V2 sample ns=0 part=0 epoch=2 window=536 phase=measure evaluated=50 k=10 scale_pct=50 age_ratio=16 host=65555 gc_pages=130797 gc_count=3068 waf_q16=196295 best=32 next=32 settled=0
[1289883.239012] NVMeVirt: WATGC_V2 sample ns=0 part=2 epoch=2 window=530 phase=measure evaluated=15 k=4 scale_pct=25 age_ratio=4 host=65549 gc_pages=141106 gc_count=3229 waf_q16=206614 best=31 next=18 settled=0
[1289888.195302] NVMeVirt: WATGC_V2 sample ns=0 part=1 epoch=2 window=534 phase=measure evaluated=30 k=7 scale_pct=25 age_ratio=4 host=65548 gc_pages=104888 gc_count=2663 waf_q16=170404 best=16 next=45 settled=0
[1289889.872795] NVMeVirt: WATGC_V2 sample ns=0 part=3 epoch=2 window=554 phase=measure evaluated=44 k=7 scale_pct=400 age_ratio=16 host=65540 gc_pages=182972 gc_count=3883 waf_q16=248496 best=46 next=45 settled=0
[1289890.859419] NVMeVirt: WATGC_V2 sample ns=0 part=0 epoch=2 window=537 phase=measure evaluated=32 k=7 scale_pct=25 age_ratio=16 host=65561 gc_pages=118109 gc_count=2870 waf_q16=183599 best=47 next=17 settled=0
[1289893.078896] NVMeVirt: WATGC_V2 sample ns=0 part=2 epoch=2 window=531 phase=measure evaluated=18 k=4 scale_pct=50 age_ratio=4 host=65538 gc_pages=166719 gc_count=3629 waf_q16=232249 best=31 next=17 settled=0
[1289898.010586] NVMeVirt: WATGC_V2 sample ns=0 part=1 epoch=2 window=535 phase=measure evaluated=45 k=10 scale_pct=25 age_ratio=4 host=65559 gc_pages=135975 gc_count=3149 waf_q16=201463 best=16 next=31 settled=0
[1289899.706612] NVMeVirt: WATGC_V2 sample ns=0 part=3 epoch=2 window=555 phase=measure evaluated=45 k=10 scale_pct=25 age_ratio=4 host=65549 gc_pages=141221 gc_count=3231 waf_q16=206728 best=46 next=46 settled=0
[1289900.729827] NVMeVirt: WATGC_V2 sample ns=0 part=0 epoch=2 window=538 phase=measure evaluated=17 k=4 scale_pct=25 age_ratio=16 host=65551 gc_pages=157946 gc_count=3492 waf_q16=223445 best=47 next=31 settled=0
[1289902.868153] NVMeVirt: WATGC_V2 sample ns=0 part=2 epoch=2 window=532 phase=measure evaluated=17 k=4 scale_pct=25 age_ratio=16 host=65545 gc_pages=154099 gc_count=3432 waf_q16=219613 best=31 next=32 settled=0
[1289907.856290] NVMeVirt: WATGC_V2 sample ns=0 part=1 epoch=2 window=536 phase=measure evaluated=31 k=7 scale_pct=25 age_ratio=7 host=65540 gc_pages=135803 gc_count=3146 waf_q16=201330 best=16 next=20 settled=0
[1289909.532958] NVMeVirt: WATGC_V2 sample ns=0 part=3 epoch=2 window=556 phase=measure evaluated=46 k=10 scale_pct=25 age_ratio=7 host=65552 gc_pages=117101 gc_count=2854 waf_q16=182608 best=46 next=47 settled=0
[1289910.561094] NVMeVirt: WATGC_V2 sample ns=0 part=0 epoch=2 window=539 phase=measure evaluated=31 k=7 scale_pct=25 age_ratio=7 host=65546 gc_pages=103175 gc_count=2636 waf_q16=168695 best=47 next=16 settled=0
[1289912.723466] NVMeVirt: WATGC_V2 sample ns=0 part=2 epoch=2 window=533 phase=measure evaluated=32 k=7 scale_pct=25 age_ratio=16 host=65544 gc_pages=109001 gc_count=2727 waf_q16=174523 best=31 next=51 settled=0
[1289917.698428] NVMeVirt: WATGC_V2 sample ns=0 part=1 epoch=2 window=537 phase=measure evaluated=20 k=4 scale_pct=50 age_ratio=16 host=65537 gc_pages=141314 gc_count=3232 waf_q16=206847 best=16 next=51 settled=0
[1289919.333600] NVMeVirt: WATGC_V2 sample ns=0 part=3 epoch=2 window=557 phase=measure evaluated=47 k=10 scale_pct=25 age_ratio=16 host=65549 gc_pages=111526 gc_count=2767 waf_q16=177039 best=46 next=48 settled=0
[1289920.411150] NVMeVirt: WATGC_V2 sample ns=0 part=0 epoch=2 window=540 phase=measure evaluated=16 k=4 scale_pct=25 age_ratio=7 host=65546 gc_pages=131958 gc_count=3086 waf_q16=197473 best=47 next=46 settled=0
[1289922.540518] NVMeVirt: WATGC_V2 sample ns=0 part=2 epoch=2 window=534 phase=measure evaluated=51 k=10 scale_pct=100 age_ratio=4 host=65552 gc_pages=120189 gc_count=2902 waf_q16=185695 best=31 next=47 settled=0
[1289927.537754] NVMeVirt: WATGC_V2 sample ns=0 part=1 epoch=2 window=538 phase=measure evaluated=51 k=10 scale_pct=100 age_ratio=4 host=65543 gc_pages=170492 gc_count=3688 waf_q16=236009 best=16 next=16 settled=0
[1289929.188796] NVMeVirt: WATGC_V2 sample ns=0 part=3 epoch=2 window=558 phase=measure evaluated=48 k=10 scale_pct=50 age_ratio=4 host=65549 gc_pages=145785 gc_count=3302 waf_q16=211292 best=46 next=49 settled=0
[1289930.221966] NVMeVirt: WATGC_V2 sample ns=0 part=0 epoch=2 window=541 phase=measure evaluated=46 k=10 scale_pct=25 age_ratio=7 host=65546 gc_pages=144250 gc_count=3278 waf_q16=209763 best=47 next=48 settled=0
[1289932.377731] NVMeVirt: WATGC_V2 sample ns=0 part=2 epoch=2 window=535 phase=measure evaluated=47 k=10 scale_pct=25 age_ratio=16 host=65565 gc_pages=123295 gc_count=2951 waf_q16=188776 best=31 next=31 settled=0
[1289937.371756] NVMeVirt: WATGC_V2 sample ns=0 part=1 epoch=2 window=539 phase=measure evaluated=16 k=4 scale_pct=25 age_ratio=7 host=65545 gc_pages=158145 gc_count=3495 waf_q16=223659 best=15 next=1 settled=0
[1289939.000920] NVMeVirt: WATGC_V2 sample ns=0 part=3 epoch=2 window=559 phase=measure evaluated=49 k=10 scale_pct=50 age_ratio=7 host=65544 gc_pages=156601 gc_count=3471 waf_q16=222117 best=46 next=50 settled=0
[1289940.073281] NVMeVirt: WATGC_V2 sample ns=0 part=0 epoch=2 window=542 phase=measure evaluated=48 k=10 scale_pct=50 age_ratio=4 host=65542 gc_pages=155198 gc_count=3449 waf_q16=220719 best=47 next=51 settled=0
[1289942.231680] NVMeVirt: WATGC_V2 sample ns=0 part=2 epoch=2 window=536 phase=measure evaluated=31 k=7 scale_pct=25 age_ratio=7 host=65552 gc_pages=120812 gc_count=2912 waf_q16=186318 best=30 next=4 settled=0
[1289947.207535] NVMeVirt: WATGC_V2 sample ns=0 part=1 epoch=2 window=540 phase=measure evaluated=1 k=2 scale_pct=25 age_ratio=7 host=65552 gc_pages=142899 gc_count=3257 waf_q16=208400 best=15 next=21 settled=0
[1289948.830654] NVMeVirt: WATGC_V2 sample ns=0 part=3 epoch=2 window=560 phase=measure evaluated=50 k=10 scale_pct=50 age_ratio=16 host=65554 gc_pages=125613 gc_count=2987 waf_q16=191114 best=46 next=51 settled=0
[1289949.911282] NVMeVirt: WATGC_V2 sample ns=0 part=0 epoch=2 window=543 phase=measure evaluated=51 k=10 scale_pct=100 age_ratio=4 host=65540 gc_pages=174718 gc_count=3754 waf_q16=240243 best=47 next=31 settled=0
[1289952.053582] NVMeVirt: WATGC_V2 sample ns=0 part=2 epoch=2 window=537 phase=measure evaluated=4 k=2 scale_pct=50 age_ratio=7 host=65548 gc_pages=143479 gc_count=3266 waf_q16=208988 best=30 next=30 settled=0
[1289957.023352] NVMeVirt: WATGC_V2 sample ns=0 part=1 epoch=2 window=541 phase=measure evaluated=21 k=4 scale_pct=100 age_ratio=4 host=65547 gc_pages=173493 gc_count=3735 waf_q16=238999 best=15 next=36 settled=0
[1289958.648628] NVMeVirt: WATGC_V2 sample ns=0 part=3 epoch=2 window=561 phase=measure evaluated=51 k=10 scale_pct=100 age_ratio=4 host=65552 gc_pages=147958 gc_count=3336 waf_q16=213457 best=46 next=52 settled=0
[1289959.735520] NVMeVirt: WATGC_V2 sample ns=0 part=0 epoch=2 window=544 phase=measure evaluated=31 k=7 scale_pct=25 age_ratio=7 host=65545 gc_pages=151685 gc_count=3394 waf_q16=217200 best=47 next=30 settled=0
[1289961.901356] NVMeVirt: WATGC_V2 sample ns=0 part=2 epoch=2 window=538 phase=measure evaluated=30 k=7 scale_pct=25 age_ratio=4 host=65543 gc_pages=156928 gc_count=3476 waf_q16=222447 best=33 next=33 settled=0
[1289966.862255] NVMeVirt: WATGC_V2 sample ns=0 part=1 epoch=2 window=542 phase=measure evaluated=36 k=7 scale_pct=100 age_ratio=4 host=65539 gc_pages=184254 gc_count=3903 waf_q16=249781 best=15 next=48 settled=0
[1289968.459117] NVMeVirt: WATGC_V2 sample ns=0 part=3 epoch=2 window=562 phase=measure evaluated=52 k=10 scale_pct=100 age_ratio=7 host=65555 gc_pages=166379 gc_count=3624 waf_q16=231866 best=46 next=53 settled=0
[1289969.592023] NVMeVirt: WATGC_V2 sample ns=0 part=0 epoch=2 window=545 phase=measure evaluated=30 k=7 scale_pct=25 age_ratio=4 host=65549 gc_pages=132405 gc_count=3093 waf_q16=197914 best=47 next=47 settled=0
[1289971.729185] NVMeVirt: WATGC_V2 sample ns=0 part=2 epoch=2 window=539 phase=measure evaluated=33 k=7 scale_pct=50 age_ratio=4 host=65542 gc_pages=161212 gc_count=3543 waf_q16=226733 best=32 next=37 settled=0
[1289976.700563] NVMeVirt: WATGC_V2 sample ns=0 part=1 epoch=2 window=543 phase=measure evaluated=48 k=10 scale_pct=50 age_ratio=4 host=65543 gc_pages=165433 gc_count=3609 waf_q16=230951 best=15 next=30 settled=0
[1289978.320846] NVMeVirt: WATGC_V2 sample ns=0 part=3 epoch=2 window=563 phase=measure evaluated=53 k=10 scale_pct=100 age_ratio=16 host=65541 gc_pages=170881 gc_count=3694 waf_q16=236403 best=46 next=54 settled=0
[1289979.417350] NVMeVirt: WATGC_V2 sample ns=0 part=0 epoch=2 window=546 phase=measure evaluated=47 k=10 scale_pct=25 age_ratio=16 host=65546 gc_pages=115882 gc_count=2835 waf_q16=181400 best=32 next=10 settled=0
[1289981.573693] NVMeVirt: WATGC_V2 sample ns=0 part=2 epoch=2 window=540 phase=measure evaluated=37 k=7 scale_pct=100 age_ratio=7 host=65545 gc_pages=169272 gc_count=3669 waf_q16=234784 best=32 next=50 settled=0
[1289986.517973] NVMeVirt: WATGC_V2 sample ns=0 part=1 epoch=2 window=544 phase=measure evaluated=30 k=7 scale_pct=25 age_ratio=4 host=65555 gc_pages=140014 gc_count=3212 waf_q16=205509 best=15 next=49 settled=0
[1289988.138031] NVMeVirt: WATGC_V2 sample ns=0 part=3 epoch=2 window=564 phase=measure evaluated=54 k=10 scale_pct=200 age_ratio=4 host=65542 gc_pages=165564 gc_count=3611 waf_q16=231084 best=46 next=55 settled=0
[1289989.237948] NVMeVirt: WATGC_V2 sample ns=0 part=0 epoch=2 window=547 phase=measure evaluated=10 k=2 scale_pct=200 age_ratio=7 host=65543 gc_pages=142785 gc_count=3255 waf_q16=208305 best=32 next=32 settled=0
[1289991.401706] NVMeVirt: WATGC_V2 sample ns=0 part=2 epoch=2 window=541 phase=measure evaluated=50 k=10 scale_pct=50 age_ratio=16 host=65564 gc_pages=132632 gc_count=3097 waf_q16=198111 best=32 next=32 settled=0
[1289996.344567] NVMeVirt: WATGC_V2 sample ns=0 part=1 epoch=2 window=545 phase=measure evaluated=49 k=10 scale_pct=50 age_ratio=7 host=65539 gc_pages=145600 gc_count=3299 waf_q16=211129 best=15 next=15 settled=0
[1289997.982090] NVMeVirt: WATGC_V2 sample ns=0 part=3 epoch=2 window=565 phase=measure evaluated=55 k=10 scale_pct=200 age_ratio=7 host=65546 gc_pages=175351 gc_count=3764 waf_q16=240860 best=46 next=56 settled=0
[1289999.085448] NVMeVirt: WATGC_V2 sample ns=0 part=0 epoch=2 window=548 phase=measure evaluated=32 k=7 scale_pct=25 age_ratio=16 host=65544 gc_pages=153894 gc_count=3429 waf_q16=219411 best=47 next=33 settled=0
[1290001.232925] NVMeVirt: WATGC_V2 sample ns=0 part=2 epoch=2 window=542 phase=measure evaluated=32 k=7 scale_pct=25 age_ratio=16 host=65542 gc_pages=120109 gc_count=2901 waf_q16=185634 best=31 next=21 settled=0
[1290006.198993] NVMeVirt: WATGC_V2 sample ns=0 part=1 epoch=2 window=546 phase=measure evaluated=15 k=4 scale_pct=25 age_ratio=4 host=65552 gc_pages=154541 gc_count=3439 waf_q16=220039 best=18 next=34 settled=0
[1290007.808043] NVMeVirt: WATGC_V2 sample ns=0 part=3 epoch=2 window=566 phase=measure evaluated=56 k=10 scale_pct=200 age_ratio=16 host=65537 gc_pages=180030 gc_count=3837 waf_q16=245563 best=46 next=57 settled=0
[1290008.902738] NVMeVirt: WATGC_V2 sample ns=0 part=0 epoch=2 window=549 phase=measure evaluated=33 k=7 scale_pct=50 age_ratio=4 host=65548 gc_pages=118332 gc_count=2873 waf_q16=183846 best=47 next=18 settled=0
[1290011.031279] NVMeVirt: WATGC_V2 sample ns=0 part=2 epoch=2 window=543 phase=measure evaluated=21 k=4 scale_pct=100 age_ratio=4 host=65537 gc_pages=129157 gc_count=3042 waf_q16=194691 best=31 next=46 settled=0
[1290016.007948] NVMeVirt: WATGC_V2 sample ns=0 part=1 epoch=2 window=547 phase=measure evaluated=34 k=7 scale_pct=50 age_ratio=7 host=65549 gc_pages=154997 gc_count=3446 waf_q16=220502 best=18 next=0 settled=0
[1290017.645897] NVMeVirt: WATGC_V2 sample ns=0 part=3 epoch=2 window=567 phase=measure evaluated=57 k=10 scale_pct=400 age_ratio=4 host=65550 gc_pages=177202 gc_count=3793 waf_q16=242700 best=46 next=58 settled=0
[1290018.735597] NVMeVirt: WATGC_V2 sample ns=0 part=0 epoch=2 window=550 phase=measure evaluated=18 k=4 scale_pct=50 age_ratio=4 host=65542 gc_pages=156605 gc_count=3471 waf_q16=222126 best=47 next=4 settled=0
[1290020.885630] NVMeVirt: WATGC_V2 sample ns=0 part=2 epoch=2 window=544 phase=measure evaluated=46 k=10 scale_pct=25 age_ratio=7 host=65557 gc_pages=134757 gc_count=3130 waf_q16=200249 best=31 next=28 settled=0
[1290025.839769] NVMeVirt: WATGC_V2 sample ns=0 part=1 epoch=2 window=548 phase=measure evaluated=0 k=2 scale_pct=25 age_ratio=4 host=65543 gc_pages=173115 gc_count=3729 waf_q16=238632 best=18 next=18 settled=0
[1290027.497377] NVMeVirt: WATGC_V2 sample ns=0 part=3 epoch=2 window=568 phase=measure evaluated=58 k=10 scale_pct=400 age_ratio=7 host=65538 gc_pages=183742 gc_count=3895 waf_q16=249272 best=46 next=59 settled=0
[1290028.558498] NVMeVirt: WATGC_V2 sample ns=0 part=0 epoch=2 window=551 phase=measure evaluated=4 k=2 scale_pct=50 age_ratio=7 host=65541 gc_pages=184827 gc_count=3912 waf_q16=250348 best=47 next=2 settled=0
[1290030.707885] NVMeVirt: WATGC_V2 sample ns=0 part=2 epoch=2 window=545 phase=measure evaluated=28 k=4 scale_pct=400 age_ratio=7 host=65537 gc_pages=156801 gc_count=3474 waf_q16=222334 best=31 next=31 settled=0
[1290035.686859] NVMeVirt: WATGC_V2 sample ns=0 part=1 epoch=2 window=549 phase=measure evaluated=18 k=4 scale_pct=50 age_ratio=4 host=65543 gc_pages=174072 gc_count=3744 waf_q16=239589 best=17 next=46 settled=0
[1290037.331101] NVMeVirt: WATGC_V2 sample ns=0 part=3 epoch=2 window=569 phase=measure evaluated=59 k=10 scale_pct=400 age_ratio=16 host=65548 gc_pages=186100 gc_count=3932 waf_q16=251601 best=46 next=46 settled=0
[1290038.358512] NVMeVirt: WATGC_V2 sample ns=0 part=0 epoch=2 window=552 phase=measure evaluated=2 k=2 scale_pct=25 age_ratio=16 host=65544 gc_pages=191542 gc_count=4017 waf_q16=257054 best=47 next=45 settled=0
[1290040.550537] NVMeVirt: WATGC_V2 sample ns=0 part=2 epoch=2 window=546 phase=measure evaluated=31 k=7 scale_pct=25 age_ratio=7 host=65553 gc_pages=124394 gc_count=2968 waf_q16=189897 best=32 next=19 settled=0
[1290045.532253] NVMeVirt: WATGC_V2 sample ns=0 part=1 epoch=2 window=550 phase=measure evaluated=46 k=10 scale_pct=25 age_ratio=7 host=65552 gc_pages=126059 gc_count=2994 waf_q16=191564 best=17 next=35 settled=0
[1290047.167569] NVMeVirt: WATGC_V2 sample ns=0 part=3 epoch=2 window=570 phase=measure evaluated=46 k=10 scale_pct=25 age_ratio=7 host=65537 gc_pages=133837 gc_count=3115 waf_q16=199370 best=46 next=16 settled=0
[1290048.221409] NVMeVirt: WATGC_V2 sample ns=0 part=0 epoch=2 window=553 phase=measure evaluated=45 k=10 scale_pct=25 age_ratio=4 host=65547 gc_pages=151727 gc_count=3395 waf_q16=217237 best=47 next=35 settled=0
[1290050.361197] NVMeVirt: WATGC_V2 sample ns=0 part=2 epoch=2 window=547 phase=measure evaluated=19 k=4 scale_pct=50 age_ratio=7 host=65543 gc_pages=142137 gc_count=3245 waf_q16=207657 best=32 next=39 settled=0
[1290055.373164] NVMeVirt: WATGC_V2 sample ns=0 part=1 epoch=2 window=551 phase=measure evaluated=35 k=7 scale_pct=50 age_ratio=16 host=65536 gc_pages=150079 gc_count=3369 waf_q16=215615 best=17 next=4 settled=0
[1290057.024619] NVMeVirt: WATGC_V2 sample ns=0 part=3 epoch=2 window=571 phase=measure evaluated=16 k=4 scale_pct=25 age_ratio=7 host=65545 gc_pages=141113 gc_count=3229 waf_q16=206629 best=46 next=17 settled=0
[1290058.042404] NVMeVirt: WATGC_V2 sample ns=0 part=0 epoch=2 window=554 phase=measure evaluated=35 k=7 scale_pct=50 age_ratio=16 host=65552 gc_pages=155110 gc_count=3448 waf_q16=220608 best=47 next=3 settled=0
[1290060.171579] NVMeVirt: WATGC_V2 sample ns=0 part=2 epoch=2 window=548 phase=measure evaluated=39 k=7 scale_pct=200 age_ratio=4 host=65538 gc_pages=175358 gc_count=3764 waf_q16=240888 best=32 next=35 settled=0
[1290065.168547] NVMeVirt: WATGC_V2 sample ns=0 part=1 epoch=2 window=552 phase=measure evaluated=4 k=2 scale_pct=50 age_ratio=7 host=65541 gc_pages=152958 gc_count=3414 waf_q16=218482 best=17 next=17 settled=0
[1290066.828753] NVMeVirt: WATGC_V2 sample ns=0 part=3 epoch=2 window=572 phase=measure evaluated=17 k=4 scale_pct=25 age_ratio=16 host=65552 gc_pages=154462 gc_count=3438 waf_q16=219960 best=46 next=46 settled=0
[1290067.917379] NVMeVirt: WATGC_V2 sample ns=0 part=0 epoch=2 window=555 phase=measure evaluated=3 k=2 scale_pct=50 age_ratio=4 host=65549 gc_pages=147574 gc_count=3330 waf_q16=213080 best=47 next=37 settled=0
[1290070.019448] NVMeVirt: WATGC_V2 sample ns=0 part=2 epoch=2 window=549 phase=measure evaluated=35 k=7 scale_pct=50 age_ratio=16 host=65549 gc_pages=161127 gc_count=3542 waf_q16=226631 best=32 next=20 settled=0
[1290075.000705] NVMeVirt: WATGC_V2 sample ns=0 part=1 epoch=2 window=553 phase=measure evaluated=17 k=4 scale_pct=25 age_ratio=16 host=65557 gc_pages=161884 gc_count=3554 waf_q16=227368 best=47 next=11 settled=0
[1290076.671237] NVMeVirt: WATGC_V2 sample ns=0 part=3 epoch=2 window=573 phase=measure evaluated=46 k=10 scale_pct=25 age_ratio=7 host=65540 gc_pages=118969 gc_count=2883 waf_q16=184497 best=46 next=18 settled=0
[1290077.721660] NVMeVirt: WATGC_V2 sample ns=0 part=0 epoch=2 window=556 phase=measure evaluated=37 k=7 scale_pct=100 age_ratio=7 host=65551 gc_pages=162864 gc_count=3569 waf_q16=228362 best=47 next=6 settled=0
[1290079.849625] NVMeVirt: WATGC_V2 sample ns=0 part=2 epoch=2 window=550 phase=measure evaluated=20 k=4 scale_pct=50 age_ratio=16 host=65536 gc_pages=138864 gc_count=3194 waf_q16=204400 best=32 next=38 settled=0
[1290084.868720] NVMeVirt: WATGC_V2 sample ns=0 part=1 epoch=2 window=554 phase=measure evaluated=11 k=2 scale_pct=200 age_ratio=16 host=65543 gc_pages=135485 gc_count=3141 waf_q16=201006 best=47 next=47 settled=0
[1290086.501438] NVMeVirt: WATGC_V2 sample ns=0 part=3 epoch=2 window=574 phase=measure evaluated=18 k=4 scale_pct=50 age_ratio=4 host=65549 gc_pages=148409 gc_count=3343 waf_q16=213915 best=46 next=46 settled=0
[1290087.530491] NVMeVirt: WATGC_V2 sample ns=0 part=0 epoch=2 window=557 phase=measure evaluated=6 k=2 scale_pct=100 age_ratio=4 host=65539 gc_pages=179900 gc_count=3835 waf_q16=245427 best=47 next=1 settled=0
[1290089.723399] NVMeVirt: WATGC_V2 sample ns=0 part=2 epoch=2 window=551 phase=measure evaluated=38 k=7 scale_pct=100 age_ratio=16 host=65554 gc_pages=161330 gc_count=3545 waf_q16=226821 best=32 next=47 settled=0
[1290094.662085] NVMeVirt: WATGC_V2 sample ns=0 part=1 epoch=2 window=555 phase=measure evaluated=47 k=10 scale_pct=25 age_ratio=16 host=65565 gc_pages=123678 gc_count=2957 waf_q16=189159 best=19 next=6 settled=0
[1290096.326476] NVMeVirt: WATGC_V2 sample ns=0 part=3 epoch=2 window=575 phase=measure evaluated=46 k=10 scale_pct=25 age_ratio=7 host=65538 gc_pages=136078 gc_count=3150 waf_q16=201609 best=46 next=47 settled=0
[1290097.366601] NVMeVirt: WATGC_V2 sample ns=0 part=0 epoch=2 window=558 phase=measure evaluated=1 k=2 scale_pct=25 age_ratio=7 host=65538 gc_pages=187199 gc_count=3949 waf_q16=252729 best=47 next=7 settled=0
[1290099.541264] NVMeVirt: WATGC_V2 sample ns=0 part=2 epoch=2 window=552 phase=measure evaluated=47 k=10 scale_pct=25 age_ratio=16 host=65539 gc_pages=123314 gc_count=2951 waf_q16=188844 best=32 next=34 settled=0
[1290104.510105] NVMeVirt: WATGC_V2 sample ns=0 part=1 epoch=2 window=556 phase=measure evaluated=6 k=2 scale_pct=100 age_ratio=4 host=65541 gc_pages=125759 gc_count=2989 waf_q16=191285 best=19 next=32 settled=0
[1290106.178774] NVMeVirt: WATGC_V2 sample ns=0 part=3 epoch=2 window=576 phase=measure evaluated=47 k=10 scale_pct=25 age_ratio=16 host=65547 gc_pages=102131 gc_count=2620 waf_q16=167649 best=46 next=47 settled=0
[1290107.186077] NVMeVirt: WATGC_V2 sample ns=0 part=0 epoch=2 window=559 phase=measure evaluated=7 k=2 scale_pct=100 age_ratio=7 host=65551 gc_pages=187506 gc_count=3954 waf_q16=252999 best=47 next=0 settled=0
[1290109.369170] NVMeVirt: WATGC_V2 sample ns=0 part=2 epoch=2 window=553 phase=measure evaluated=34 k=7 scale_pct=50 age_ratio=7 host=65556 gc_pages=124465 gc_count=2969 waf_q16=189963 best=32 next=51 settled=0
[1290112.708292] NVMeVirt: WATGC_V2 sample ns=0 part=3 epoch=2 window=577 phase=measure evaluated=47 k=10 scale_pct=25 age_ratio=16 host=65538 gc_pages=100674 gc_count=2597 waf_q16=166206 best=47 next=15 settled=0
[1290114.322447] NVMeVirt: WATGC_V2 sample ns=0 part=1 epoch=2 window=557 phase=measure evaluated=32 k=7 scale_pct=25 age_ratio=16 host=65547 gc_pages=129602 gc_count=3049 waf_q16=195116 best=19 next=14 settled=0
[1290117.036899] NVMeVirt: WATGC_V2 sample ns=0 part=0 epoch=2 window=560 phase=measure evaluated=0 k=2 scale_pct=25 age_ratio=4 host=65538 gc_pages=187583 gc_count=3955 waf_q16=253113 best=47 next=5 settled=0
[1290119.184424] NVMeVirt: WATGC_V2 sample ns=0 part=2 epoch=2 window=554 phase=measure evaluated=51 k=10 scale_pct=100 age_ratio=4 host=65548 gc_pages=146428 gc_count=3312 waf_q16=211937 best=32 next=45 settled=0
[1290122.548111] NVMeVirt: WATGC_V2 sample ns=0 part=3 epoch=2 window=578 phase=measure evaluated=15 k=4 scale_pct=25 age_ratio=4 host=65544 gc_pages=139198 gc_count=3199 waf_q16=204717 best=47 next=47 settled=0
[1290124.194727] NVMeVirt: WATGC_V2 sample ns=0 part=1 epoch=2 window=558 phase=measure evaluated=14 k=2 scale_pct=400 age_ratio=16 host=65552 gc_pages=135227 gc_count=3137 waf_q16=200729 best=19 next=9 settled=0
[1290126.859220] NVMeVirt: WATGC_V2 sample ns=0 part=0 epoch=2 window=561 phase=measure evaluated=5 k=2 scale_pct=50 age_ratio=16 host=65548 gc_pages=189811 gc_count=3990 waf_q16=255312 best=47 next=9 settled=0
[1290129.038125] NVMeVirt: WATGC_V2 sample ns=0 part=2 epoch=2 window=555 phase=measure evaluated=45 k=10 scale_pct=25 age_ratio=4 host=65544 gc_pages=137207 gc_count=3168 waf_q16=202726 best=32 next=32 settled=0
[1290132.397376] NVMeVirt: WATGC_V2 sample ns=0 part=3 epoch=2 window=579 phase=measure evaluated=47 k=10 scale_pct=25 age_ratio=16 host=65541 gc_pages=118521 gc_count=2876 waf_q16=184047 best=47 next=16 settled=0
[1290134.014614] NVMeVirt: WATGC_V2 sample ns=0 part=1 epoch=2 window=559 phase=measure evaluated=9 k=2 scale_pct=200 age_ratio=4 host=65540 gc_pages=164093 gc_count=3588 waf_q16=229618 best=19 next=10 settled=0
[1290136.692785] NVMeVirt: WATGC_V2 sample ns=0 part=0 epoch=2 window=562 phase=measure evaluated=9 k=2 scale_pct=200 age_ratio=4 host=65536 gc_pages=193855 gc_count=4053 waf_q16=259391 best=47 next=47 settled=0
[1290138.883919] NVMeVirt: WATGC_V2 sample ns=0 part=2 epoch=2 window=556 phase=measure evaluated=32 k=7 scale_pct=25 age_ratio=16 host=65548 gc_pages=109083 gc_count=2729 waf_q16=174599 best=31 next=22 settled=0
[1290142.220216] NVMeVirt: WATGC_V2 sample ns=0 part=3 epoch=2 window=580 phase=measure evaluated=16 k=4 scale_pct=25 age_ratio=7 host=65537 gc_pages=126021 gc_count=2993 waf_q16=191555 best=47 next=19 settled=0
[1290143.825593] NVMeVirt: WATGC_V2 sample ns=0 part=1 epoch=2 window=560 phase=measure evaluated=10 k=2 scale_pct=200 age_ratio=7 host=65542 gc_pages=175163 gc_count=3761 waf_q16=240682 best=19 next=2 settled=0
[1290146.515783] NVMeVirt: WATGC_V2 sample ns=0 part=0 epoch=2 window=563 phase=measure evaluated=47 k=10 scale_pct=25 age_ratio=16 host=65556 gc_pages=130164 gc_count=3058 waf_q16=195660 best=47 next=34 settled=0
[1290148.707519] NVMeVirt: WATGC_V2 sample ns=0 part=2 epoch=2 window=557 phase=measure evaluated=22 k=4 scale_pct=100 age_ratio=7 host=65556 gc_pages=109614 gc_count=2737 waf_q16=175116 best=31 next=23 settled=0
[1290152.048702] NVMeVirt: WATGC_V2 sample ns=0 part=3 epoch=2 window=581 phase=measure evaluated=19 k=4 scale_pct=50 age_ratio=7 host=65542 gc_pages=142985 gc_count=3258 waf_q16=208507 best=47 next=46 settled=0
[1290153.682220] NVMeVirt: WATGC_V2 sample ns=0 part=1 epoch=2 window=561 phase=measure evaluated=2 k=2 scale_pct=25 age_ratio=16 host=65551 gc_pages=180081 gc_count=3838 waf_q16=245575 best=19 next=19 settled=0
[1290156.381365] NVMeVirt: WATGC_V2 sample ns=0 part=0 epoch=2 window=564 phase=measure evaluated=34 k=7 scale_pct=50 age_ratio=7 host=65554 gc_pages=132279 gc_count=3091 waf_q16=197778 best=47 next=49 settled=0
[1290158.539876] NVMeVirt: WATGC_V2 sample ns=0 part=2 epoch=2 window=558 phase=measure evaluated=23 k=4 scale_pct=100 age_ratio=16 host=65554 gc_pages=164334 gc_count=3592 waf_q16=229824 best=31 next=15 settled=0
[1290161.862798] NVMeVirt: WATGC_V2 sample ns=0 part=3 epoch=2 window=582 phase=measure evaluated=46 k=10 scale_pct=25 age_ratio=7 host=65554 gc_pages=131006 gc_count=3071 waf_q16=196506 best=47 next=47 settled=0
[1290163.495086] NVMeVirt: WATGC_V2 sample ns=0 part=1 epoch=2 window=562 phase=measure evaluated=19 k=4 scale_pct=50 age_ratio=7 host=65545 gc_pages=177527 gc_count=3798 waf_q16=243038 best=47 next=13 settled=0
[1290166.168524] NVMeVirt: WATGC_V2 sample ns=0 part=0 epoch=2 window=565 phase=measure evaluated=49 k=10 scale_pct=50 age_ratio=7 host=65553 gc_pages=142257 gc_count=3247 waf_q16=207756 best=47 next=50 settled=0
[1290168.400097] NVMeVirt: WATGC_V2 sample ns=0 part=2 epoch=2 window=559 phase=measure evaluated=15 k=4 scale_pct=25 age_ratio=4 host=65553 gc_pages=156145 gc_count=3464 waf_q16=221640 best=31 next=36 settled=0
[1290171.703157] NVMeVirt: WATGC_V2 sample ns=0 part=3 epoch=2 window=583 phase=measure evaluated=47 k=10 scale_pct=25 age_ratio=16 host=65551 gc_pages=103275 gc_count=2638 waf_q16=168787 best=47 next=47 settled=0
[1290173.352690] NVMeVirt: WATGC_V2 sample ns=0 part=1 epoch=2 window=563 phase=measure evaluated=13 k=2 scale_pct=400 age_ratio=7 host=65546 gc_pages=175224 gc_count=3762 waf_q16=240733 best=47 next=7 settled=0
[1290175.993243] NVMeVirt: WATGC_V2 sample ns=0 part=0 epoch=2 window=566 phase=measure evaluated=50 k=10 scale_pct=50 age_ratio=16 host=65542 gc_pages=136126 gc_count=3151 waf_q16=201649 best=47 next=36 settled=0
[1290178.225498] NVMeVirt: WATGC_V2 sample ns=0 part=2 epoch=2 window=560 phase=measure evaluated=36 k=7 scale_pct=100 age_ratio=4 host=65543 gc_pages=153146 gc_count=3417 waf_q16=218665 best=31 next=25 settled=0
[1290178.272895] NVMeVirt: WATGC_V2 sample ns=0 part=3 epoch=2 window=584 phase=measure evaluated=47 k=10 scale_pct=25 age_ratio=16 host=65561 gc_pages=94883 gc_count=2507 waf_q16=160382 best=47 next=47 settled=0
[1290183.174088] NVMeVirt: WATGC_V2 sample ns=0 part=1 epoch=2 window=564 phase=measure evaluated=7 k=2 scale_pct=100 age_ratio=7 host=65551 gc_pages=178608 gc_count=3815 waf_q16=244103 best=47 next=5 settled=0
[1290184.836789] NVMeVirt: WATGC_V2 sample ns=0 part=3 epoch=2 window=585 phase=measure evaluated=47 k=10 scale_pct=25 age_ratio=16 host=65571 gc_pages=91166 gc_count=2449 waf_q16=156653 best=47 next=47 settled=0
[1290185.829814] NVMeVirt: WATGC_V2 sample ns=0 part=0 epoch=2 window=567 phase=measure evaluated=36 k=7 scale_pct=100 age_ratio=4 host=65544 gc_pages=148347 gc_count=3342 waf_q16=213864 best=47 next=33 settled=0
[1290188.049321] NVMeVirt: WATGC_V2 sample ns=0 part=2 epoch=2 window=561 phase=measure evaluated=25 k=4 scale_pct=200 age_ratio=7 host=65542 gc_pages=183482 gc_count=3891 waf_q16=249001 best=31 next=26 settled=0
[1290191.379845] NVMeVirt: WATGC_V2 sample ns=0 part=3 epoch=2 window=586 phase=measure evaluated=47 k=10 scale_pct=25 age_ratio=16 host=65543 gc_pages=148173 gc_count=3339 waf_q16=213693 best=47 next=20 settled=0
[1290193.008125] NVMeVirt: WATGC_V2 sample ns=0 part=1 epoch=2 window=565 phase=measure evaluated=5 k=2 scale_pct=50 age_ratio=16 host=65544 gc_pages=183993 gc_count=3899 waf_q16=249506 best=47 next=8 settled=0
[1290195.656096] NVMeVirt: WATGC_V2 sample ns=0 part=0 epoch=2 window=568 phase=measure evaluated=33 k=7 scale_pct=50 age_ratio=4 host=65550 gc_pages=174196 gc_count=3746 waf_q16=239694 best=47 next=53 settled=0
[1290197.868389] NVMeVirt: WATGC_V2 sample ns=0 part=2 epoch=2 window=562 phase=measure evaluated=26 k=4 scale_pct=200 age_ratio=16 host=65537 gc_pages=185471 gc_count=3922 waf_q16=251004 best=31 next=27 settled=0
[1290201.204411] NVMeVirt: WATGC_V2 sample ns=0 part=3 epoch=2 window=587 phase=measure evaluated=20 k=4 scale_pct=50 age_ratio=16 host=65553 gc_pages=136245 gc_count=3153 waf_q16=201745 best=47 next=17 settled=0
[1290202.853435] NVMeVirt: WATGC_V2 sample ns=0 part=1 epoch=2 window=566 phase=measure evaluated=8 k=2 scale_pct=100 age_ratio=16 host=65550 gc_pages=184881 gc_count=3913 waf_q16=250377 best=47 next=3 settled=0
[1290205.477742] NVMeVirt: WATGC_V2 sample ns=0 part=0 epoch=2 window=569 phase=measure evaluated=53 k=10 scale_pct=100 age_ratio=16 host=65552 gc_pages=166456 gc_count=3625 waf_q16=231951 best=47 next=16 settled=0
[1290207.727061] NVMeVirt: WATGC_V2 sample ns=0 part=2 epoch=2 window=563 phase=measure evaluated=27 k=4 scale_pct=400 age_ratio=4 host=65545 gc_pages=187509 gc_count=3954 waf_q16=253019 best=31 next=6 settled=0
[1290211.049338] NVMeVirt: WATGC_V2 sample ns=0 part=3 epoch=2 window=588 phase=measure evaluated=17 k=4 scale_pct=25 age_ratio=16 host=65558 gc_pages=153976 gc_count=3430 waf_q16=219460 best=47 next=30 settled=0
[1290212.663457] NVMeVirt: WATGC_V2 sample ns=0 part=1 epoch=2 window=567 phase=measure evaluated=3 k=2 scale_pct=50 age_ratio=4 host=65542 gc_pages=189178 gc_count=3980 waf_q16=254696 best=47 next=12 settled=0
[1290215.329863] NVMeVirt: WATGC_V2 sample ns=0 part=0 epoch=2 window=570 phase=measure evaluated=16 k=4 scale_pct=25 age_ratio=7 host=65560 gc_pages=145907 gc_count=3304 waf_q16=211389 best=47 next=46 settled=0
[1290217.551767] NVMeVirt: WATGC_V2 sample ns=0 part=2 epoch=2 window=564 phase=measure evaluated=6 k=2 scale_pct=100 age_ratio=4 host=65547 gc_pages=185781 gc_count=3927 waf_q16=251285 best=31 next=1 settled=0
[1290220.868548] NVMeVirt: WATGC_V2 settled ns=0 part=3 epoch=2 window=589 best=47 waf_q16=174805 meaning=empirical-stability
[1290220.868554] NVMeVirt: WATGC_V2 sample ns=0 part=3 epoch=2 window=589 phase=measure evaluated=30 k=7 scale_pct=25 age_ratio=4 host=65539 gc_pages=118849 gc_count=2881 waf_q16=184379 best=47 next=47 settled=1
[1290222.502207] NVMeVirt: WATGC_V2 sample ns=0 part=1 epoch=2 window=568 phase=measure evaluated=12 k=2 scale_pct=400 age_ratio=4 host=65543 gc_pages=187193 gc_count=3949 waf_q16=252709 best=47 next=31 settled=0
[1290225.180794] NVMeVirt: WATGC_V2 sample ns=0 part=0 epoch=2 window=571 phase=measure evaluated=46 k=10 scale_pct=25 age_ratio=7 host=65537 gc_pages=138627 gc_count=3190 waf_q16=204160 best=47 next=47 settled=0
[1290227.376825] NVMeVirt: WATGC_V2 sample ns=0 part=2 epoch=2 window=565 phase=measure evaluated=1 k=2 scale_pct=25 age_ratio=7 host=65536 gc_pages=183488 gc_count=3891 waf_q16=249024 best=31 next=24 settled=0
[1290230.678075] NVMeVirt: WATGC_V2 sample ns=0 part=3 epoch=2 window=590 phase=measure evaluated=47 k=10 scale_pct=25 age_ratio=16 host=65544 gc_pages=121579 gc_count=2924 waf_q16=187100 best=47 next=47 settled=1
[1290232.334589] NVMeVirt: WATGC_V2 sample ns=0 part=1 epoch=2 window=569 phase=measure evaluated=31 k=7 scale_pct=25 age_ratio=7 host=65561 gc_pages=136420 gc_count=3156 waf_q16=201903 best=47 next=37 settled=0
[1290235.000512] NVMeVirt: WATGC_V2 sample ns=0 part=0 epoch=2 window=572 phase=measure evaluated=47 k=10 scale_pct=25 age_ratio=16 host=65545 gc_pages=129010 gc_count=3040 waf_q16=194528 best=47 next=12 settled=0
[1290237.196829] NVMeVirt: WATGC_V2 sample ns=0 part=2 epoch=2 window=566 phase=measure evaluated=24 k=4 scale_pct=200 age_ratio=4 host=65541 gc_pages=182650 gc_count=3878 waf_q16=248172 best=31 next=0 settled=0
[1290237.244787] NVMeVirt: WATGC_V2 sample ns=0 part=3 epoch=2 window=591 phase=measure evaluated=47 k=10 scale_pct=25 age_ratio=16 host=65539 gc_pages=110008 gc_count=2743 waf_q16=175538 best=47 next=47 settled=1
[1290242.170428] NVMeVirt: WATGC_V2 sample ns=0 part=1 epoch=2 window=570 phase=measure evaluated=37 k=7 scale_pct=100 age_ratio=7 host=65544 gc_pages=141692 gc_count=3238 waf_q16=207210 best=47 next=33 settled=0
[1290243.816700] NVMeVirt: WATGC_V2 sample ns=0 part=3 epoch=2 window=592 phase=measure evaluated=47 k=10 scale_pct=25 age_ratio=16 host=65566 gc_pages=104671 gc_count=2660 waf_q16=170159 best=47 next=47 settled=1
[1290244.810785] NVMeVirt: WATGC_V2 sample ns=0 part=0 epoch=2 window=573 phase=measure evaluated=12 k=2 scale_pct=400 age_ratio=4 host=65544 gc_pages=140158 gc_count=3214 waf_q16=205676 best=47 next=54 settled=0
[1290247.058911] NVMeVirt: WATGC_V2 sample ns=0 part=2 epoch=2 window=567 phase=measure evaluated=0 k=2 scale_pct=25 age_ratio=4 host=65537 gc_pages=180671 gc_count=3847 waf_q16=246204 best=31 next=31 settled=0
[1290250.385765] NVMeVirt: WATGC_V2 sample ns=0 part=3 epoch=2 window=593 phase=measure evaluated=47 k=10 scale_pct=25 age_ratio=16 host=65541 gc_pages=100241 gc_count=2590 waf_q16=165769 best=47 next=47 settled=1
[1290251.994072] NVMeVirt: WATGC_V2 sample ns=0 part=1 epoch=2 window=571 phase=measure evaluated=33 k=7 scale_pct=50 age_ratio=4 host=65554 gc_pages=166125 gc_count=3620 waf_q16=231615 best=47 next=50 settled=0
[1290254.661597] NVMeVirt: WATGC_V2 sample ns=0 part=0 epoch=2 window=574 phase=measure evaluated=54 k=10 scale_pct=200 age_ratio=4 host=65545 gc_pages=185145 gc_count=3917 waf_q16=250655 best=47 next=30 settled=0
[1290256.883155] NVMeVirt: WATGC_V2 sample ns=0 part=2 epoch=2 window=568 phase=measure evaluated=31 k=7 scale_pct=25 age_ratio=7 host=65548 gc_pages=146874 gc_count=3319 waf_q16=212383 best=32 next=12 settled=0
[1290256.925288] NVMeVirt: WATGC_V2 sample ns=0 part=3 epoch=2 window=594 phase=measure evaluated=47 k=10 scale_pct=25 age_ratio=16 host=65541 gc_pages=150445 gc_count=3375 waf_q16=215969 best=47 next=47 settled=1
[1290261.819160] NVMeVirt: WATGC_V2 sample ns=0 part=1 epoch=2 window=572 phase=measure evaluated=50 k=10 scale_pct=50 age_ratio=16 host=65538 gc_pages=149810 gc_count=3365 waf_q16=215341 best=47 next=22 settled=0
[1290263.490072] NVMeVirt: WATGC_V2 sample ns=0 part=3 epoch=2 window=595 phase=measure evaluated=47 k=10 scale_pct=25 age_ratio=16 host=65539 gc_pages=122511 gc_count=2938 waf_q16=188041 best=47 next=47 settled=1
[1290264.510448] NVMeVirt: WATGC_V2 sample ns=0 part=0 epoch=2 window=575 phase=measure evaluated=30 k=7 scale_pct=25 age_ratio=4 host=65554 gc_pages=148407 gc_count=3343 waf_q16=213902 best=47 next=8 settled=0
[1290266.686473] NVMeVirt: WATGC_V2 sample ns=0 part=2 epoch=2 window=569 phase=measure evaluated=12 k=2 scale_pct=400 age_ratio=4 host=65536 gc_pages=146307 gc_count=3310 waf_q16=211843 best=32 next=3 settled=0
[1290270.033776] NVMeVirt: WATGC_V2 sample ns=0 part=3 epoch=2 window=596 phase=measure evaluated=47 k=10 scale_pct=25 age_ratio=16 host=65566 gc_pages=113035 gc_count=2791 waf_q16=178519 best=47 next=47 settled=1
[1290271.661974] NVMeVirt: WATGC_V2 sample ns=0 part=1 epoch=2 window=573 phase=measure evaluated=22 k=4 scale_pct=100 age_ratio=7 host=65546 gc_pages=138041 gc_count=3181 waf_q16=203555 best=47 next=45 settled=0
[1290274.336139] NVMeVirt: WATGC_V2 sample ns=0 part=0 epoch=2 window=576 phase=measure evaluated=8 k=2 scale_pct=100 age_ratio=16 host=65537 gc_pages=166080 gc_count=3619 waf_q16=231613 best=47 next=31 settled=0
[1290276.521249] NVMeVirt: WATGC_V2 sample ns=0 part=2 epoch=2 window=570 phase=measure evaluated=3 k=2 scale_pct=50 age_ratio=4 host=65551 gc_pages=169139 gc_count=3667 waf_q16=234636 best=32 next=8 settled=0
[1290276.601365] NVMeVirt: WATGC_V2 sample ns=0 part=3 epoch=2 window=597 phase=measure evaluated=47 k=10 scale_pct=25 age_ratio=16 host=65566 gc_pages=103135 gc_count=2636 waf_q16=168623 best=47 next=0 settled=1
[1290281.479421] NVMeVirt: WATGC_V2 sample ns=0 part=1 epoch=2 window=574 phase=measure evaluated=45 k=10 scale_pct=25 age_ratio=4 host=65553 gc_pages=134383 gc_count=3124 waf_q16=199884 best=47 next=20 settled=0
[1290284.162770] NVMeVirt: WATGC_V2 sample ns=0 part=0 epoch=2 window=577 phase=measure evaluated=31 k=7 scale_pct=25 age_ratio=7 host=65554 gc_pages=143333 gc_count=3264 waf_q16=208829 best=47 next=52 settled=0
[1290286.366791] NVMeVirt: WATGC_V2 sample ns=0 part=2 epoch=2 window=571 phase=measure evaluated=8 k=2 scale_pct=100 age_ratio=16 host=65548 gc_pages=181749 gc_count=3864 waf_q16=247251 best=32 next=14 settled=0
[1290286.420932] NVMeVirt: WATGC_V2 sample ns=0 part=3 epoch=2 window=598 phase=measure evaluated=0 k=2 scale_pct=25 age_ratio=4 host=65548 gc_pages=153147 gc_count=3417 waf_q16=218654 best=47 next=47 settled=1
[1290291.308969] NVMeVirt: WATGC_V2 sample ns=0 part=1 epoch=2 window=575 phase=measure evaluated=20 k=4 scale_pct=50 age_ratio=16 host=65553 gc_pages=172785 gc_count=3724 waf_q16=238276 best=47 next=47 settled=0
[1290293.998626] NVMeVirt: WATGC_V2 sample ns=0 part=0 epoch=2 window=578 phase=measure evaluated=52 k=10 scale_pct=100 age_ratio=7 host=65549 gc_pages=146046 gc_count=3306 waf_q16=211553 best=47 next=32 settled=0
[1290296.192560] NVMeVirt: WATGC_V2 sample ns=0 part=2 epoch=2 window=572 phase=measure evaluated=14 k=2 scale_pct=400 age_ratio=16 host=65545 gc_pages=182839 gc_count=3881 waf_q16=248349 best=32 next=2 settled=0
[1290296.257268] NVMeVirt: WATGC_V2 sample ns=0 part=3 epoch=2 window=599 phase=measure evaluated=47 k=10 scale_pct=25 age_ratio=16 host=65545 gc_pages=124836 gc_count=2975 waf_q16=190354 best=46 next=21 settled=0
[1290301.141181] NVMeVirt: WATGC_V2 sample ns=0 part=1 epoch=2 window=576 phase=measure evaluated=47 k=10 scale_pct=25 age_ratio=16 host=65563 gc_pages=118447 gc_count=2875 waf_q16=183934 best=47 next=46 settled=0
[1290303.846339] NVMeVirt: WATGC_V2 sample ns=0 part=0 epoch=2 window=579 phase=measure evaluated=32 k=7 scale_pct=25 age_ratio=16 host=65545 gc_pages=123747 gc_count=2958 waf_q16=189266 best=47 next=10 settled=0
[1290306.011399] NVMeVirt: WATGC_V2 sample ns=0 part=2 epoch=2 window=573 phase=measure evaluated=2 k=2 scale_pct=25 age_ratio=16 host=65545 gc_pages=185974 gc_count=3930 waf_q16=251484 best=32 next=29 settled=0
[1290306.101585] NVMeVirt: WATGC_V2 sample ns=0 part=3 epoch=2 window=600 phase=measure evaluated=21 k=4 scale_pct=100 age_ratio=4 host=65540 gc_pages=120706 gc_count=2910 waf_q16=186234 best=46 next=16 settled=0
[1290310.972201] NVMeVirt: WATGC_V2 sample ns=0 part=1 epoch=2 window=577 phase=measure evaluated=46 k=10 scale_pct=25 age_ratio=7 host=65552 gc_pages=115125 gc_count=2823 waf_q16=180632 best=47 next=54 settled=0
[1290313.678289] NVMeVirt: WATGC_V2 sample ns=0 part=0 epoch=2 window=580 phase=measure evaluated=10 k=2 scale_pct=200 age_ratio=7 host=65552 gc_pages=125751 gc_count=2989 waf_q16=191256 best=47 next=47 settled=0
[1290315.819527] NVMeVirt: WATGC_V2 sample ns=0 part=2 epoch=2 window=574 phase=measure evaluated=29 k=4 scale_pct=400 age_ratio=16 host=65547 gc_pages=185909 gc_count=3929 waf_q16=251413 best=32 next=10 settled=0
[1290315.930595] NVMeVirt: WATGC_V2 sample ns=0 part=3 epoch=2 window=601 phase=measure evaluated=16 k=4 scale_pct=25 age_ratio=7 host=65537 gc_pages=150658 gc_count=3378 waf_q16=216191 best=46 next=31 settled=0
[1290320.831617] NVMeVirt: WATGC_V2 sample ns=0 part=1 epoch=2 window=578 phase=measure evaluated=54 k=10 scale_pct=200 age_ratio=4 host=65544 gc_pages=163133 gc_count=3573 waf_q16=228649 best=47 next=1 settled=0
[1290323.511975] NVMeVirt: WATGC_V2 settled ns=0 part=0 epoch=2 window=581 best=47 waf_q16=177005 meaning=empirical-stability
[1290323.511981] NVMeVirt: WATGC_V2 sample ns=0 part=0 epoch=2 window=581 phase=measure evaluated=47 k=10 scale_pct=25 age_ratio=16 host=65560 gc_pages=135473 gc_count=3141 waf_q16=200959 best=47 next=47 settled=1
[1290325.654234] NVMeVirt: WATGC_V2 sample ns=0 part=2 epoch=2 window=575 phase=measure evaluated=10 k=2 scale_pct=200 age_ratio=7 host=65551 gc_pages=183601 gc_count=3893 waf_q16=249094 best=32 next=13 settled=0
[1290325.737122] NVMeVirt: WATGC_V2 sample ns=0 part=3 epoch=2 window=602 phase=measure evaluated=31 k=7 scale_pct=25 age_ratio=7 host=65538 gc_pages=134155 gc_count=3120 waf_q16=199686 best=46 next=46 settled=0
[1290330.068887] NVMeVirt: WATGC_V2 sample ns=0 part=0 epoch=2 window=582 phase=measure evaluated=47 k=10 scale_pct=25 age_ratio=16 host=65544 gc_pages=109214 gc_count=2731 waf_q16=174736 best=47 next=47 settled=1
[1290330.657190] NVMeVirt: WATGC_V2 sample ns=0 part=1 epoch=2 window=579 phase=measure evaluated=1 k=2 scale_pct=25 age_ratio=7 host=65536 gc_pages=180225 gc_count=3840 waf_q16=245761 best=47 next=6 settled=0
[1290335.515133] NVMeVirt: WATGC_V2 sample ns=0 part=2 epoch=2 window=576 phase=measure evaluated=13 k=2 scale_pct=400 age_ratio=7 host=65539 gc_pages=185533 gc_count=3923 waf_q16=251060 best=32 next=11 settled=0
[1290335.574184] NVMeVirt: WATGC_V2 sample ns=0 part=3 epoch=2 window=603 phase=measure evaluated=46 k=10 scale_pct=25 age_ratio=7 host=65563 gc_pages=119714 gc_count=2895 waf_q16=185200 best=46 next=18 settled=0
[1290336.627683] NVMeVirt: WATGC_V2 sample ns=0 part=0 epoch=2 window=583 phase=measure evaluated=47 k=10 scale_pct=25 age_ratio=16 host=65564 gc_pages=105442 gc_count=2672 waf_q16=170932 best=47 next=47 settled=1
[1290340.474653] NVMeVirt: WATGC_V2 sample ns=0 part=1 epoch=2 window=580 phase=measure evaluated=6 k=2 scale_pct=100 age_ratio=4 host=65550 gc_pages=183603 gc_count=3893 waf_q16=249099 best=47 next=16 settled=0
[1290343.175772] NVMeVirt: WATGC_V2 sample ns=0 part=0 epoch=2 window=584 phase=measure evaluated=47 k=10 scale_pct=25 age_ratio=16 host=65547 gc_pages=111674 gc_count=2769 waf_q16=177191 best=47 next=47 settled=1
[1290345.325019] NVMeVirt: WATGC_V2 sample ns=0 part=2 epoch=2 window=577 phase=measure evaluated=11 k=2 scale_pct=200 age_ratio=16 host=65539 gc_pages=181758 gc_count=3864 waf_q16=247285 best=32 next=7 settled=0
[1290345.421344] NVMeVirt: WATGC_V2 sample ns=0 part=3 epoch=2 window=604 phase=measure evaluated=18 k=4 scale_pct=50 age_ratio=4 host=65539 gc_pages=147390 gc_count=3327 waf_q16=212919 best=46 next=50 settled=0
[1290349.730589] NVMeVirt: WATGC_V2 sample ns=0 part=0 epoch=2 window=585 phase=measure evaluated=47 k=10 scale_pct=25 age_ratio=16 host=65543 gc_pages=123588 gc_count=2955 waf_q16=189110 best=47 next=47 settled=1
[1290350.329724] NVMeVirt: WATGC_V2 sample ns=0 part=1 epoch=2 window=581 phase=measure evaluated=16 k=4 scale_pct=25 age_ratio=7 host=65557 gc_pages=162920 gc_count=3570 waf_q16=228403 best=47 next=30 settled=0
[1290355.172014] NVMeVirt: WATGC_V2 sample ns=0 part=2 epoch=2 window=578 phase=measure evaluated=7 k=2 scale_pct=100 age_ratio=7 host=65547 gc_pages=184948 gc_count=3914 waf_q16=250452 best=32 next=9 settled=0
[1290355.232416] NVMeVirt: WATGC_V2 sample ns=0 part=3 epoch=2 window=605 phase=measure evaluated=50 k=10 scale_pct=50 age_ratio=16 host=65551 gc_pages=154484 gc_count=3438 waf_q16=219984 best=46 next=30 settled=0
[1290356.301067] NVMeVirt: WATGC_V2 sample ns=0 part=0 epoch=2 window=586 phase=measure evaluated=47 k=10 scale_pct=25 age_ratio=16 host=65548 gc_pages=143286 gc_count=3263 waf_q16=208795 best=32 next=15 settled=0
[1290360.171503] NVMeVirt: WATGC_V2 sample ns=0 part=1 epoch=2 window=582 phase=measure evaluated=30 k=7 scale_pct=25 age_ratio=4 host=65542 gc_pages=136373 gc_count=3155 waf_q16=201896 best=47 next=32 settled=0
[1290365.016978] NVMeVirt: WATGC_V2 sample ns=0 part=2 epoch=2 window=579 phase=measure evaluated=9 k=2 scale_pct=200 age_ratio=4 host=65539 gc_pages=186557 gc_count=3939 waf_q16=252084 best=32 next=5 settled=0
[1290365.067042] NVMeVirt: WATGC_V2 sample ns=0 part=3 epoch=2 window=606 phase=measure evaluated=30 k=7 scale_pct=25 age_ratio=4 host=65551 gc_pages=121524 gc_count=2923 waf_q16=187032 best=46 next=15 settled=0
[1290366.140195] NVMeVirt: WATGC_V2 sample ns=0 part=0 epoch=2 window=587 phase=measure evaluated=15 k=4 scale_pct=25 age_ratio=4 host=65537 gc_pages=125763 gc_count=2989 waf_q16=191297 best=32 next=34 settled=0
[1290369.985126] NVMeVirt: WATGC_V2 sample ns=0 part=1 epoch=2 window=583 phase=measure evaluated=32 k=7 scale_pct=25 age_ratio=16 host=65568 gc_pages=122147 gc_count=2933 waf_q16=187623 best=47 next=11 settled=0
[1290372.575338] mix-mixR-online-717505 phase=C END
[1290372.696931] NVMeVirt: Measurement: command=stop epoch=1 host_bytes=887537442816 learner_active=0
[1290418.246875] EXT4-fs (nvme0n1): unmounting filesystem 1e41e894-0110-4ecb-8b8f-4fd62f1d0379.
[1290418.581527] pci_bus 0001:10: busn_res: [bus 10-ff] is released
[1290418.581577] NVMeVirt: WATGC_V2 summary ns=0 part=0 epoch=2 windows=587 epoch_windows=255 discarded=0 visited=60 covered=1 settled=0 phase=2 current=34 best=32 k=7 scale_pct=25 age_ratio=16 best_waf_valid=1 best_waf_q16=176590
[1290418.581582] NVMeVirt: WATGC_V2 summary ns=0 part=1 epoch=2 windows=583 epoch_windows=264 discarded=0 visited=60 covered=1 settled=0 phase=1 current=11 best=47 k=10 scale_pct=25 age_ratio=16 best_waf_valid=1 best_waf_q16=172808
[1290418.581585] NVMeVirt: WATGC_V2 summary ns=0 part=2 epoch=2 windows=579 epoch_windows=281 discarded=0 visited=60 covered=1 settled=0 phase=2 current=5 best=32 k=7 scale_pct=25 age_ratio=16 best_waf_valid=1 best_waf_q16=162430
[1290418.581588] NVMeVirt: WATGC_V2 summary ns=0 part=3 epoch=2 windows=606 epoch_windows=217 discarded=0 visited=60 covered=1 settled=0 phase=2 current=15 best=46 k=10 scale_pct=25 age_ratio=7 best_waf_valid=1 best_waf_q16=178377
[1290418.581591] NVMeVirt: GC stats: ns=0 policy=watgc-v2 host_pages=216683946 gc_pages=278980586 gc_count=7744758 WAF=2.287 warmup_gc=100-per-part
[1290418.652624] NVMeVirt: Virtual NVMe device closed
