unix_timestamp,iso_time,elapsed_measured_seconds,phase,epoch,active,host_bytes,host_pages,gc_pages,cumulative_waf,sample_status,source
1790992222,2026-10-03T10:50:22+09:00,,preparation,0,0,0,0,0,,inactive_or_zero,/home/oy/iCAT/result/mixO-fixed37-chunked-20261003/mixO-fixed37-rep1-x20/control-series.txt
1790992252,2026-10-03T10:50:52+09:00,,preparation,0,0,0,0,0,,inactive_or_zero,/home/oy/iCAT/result/mixO-fixed37-chunked-20261003/mixO-fixed37-rep1-x20/control-series.txt
1790992282,2026-10-03T10:51:22+09:00,,preparation,0,0,0,0,0,,inactive_or_zero,/home/oy/iCAT/result/mixO-fixed37-chunked-20261003/mixO-fixed37-rep1-x20/control-series.txt
1790992312,2026-10-03T10:51:52+09:00,8.0,OLTP,1,1,1348632576,329256,315992,1.9597152367762471,active_cumulative,/home/oy/iCAT/result/mixO-fixed37-chunked-20261003/mixO-fixed37-rep1-x20/control-series.txt
1790992342,2026-10-03T10:52:22+09:00,38.0,OLTP,1,1,5450584064,1330709,863652,1.6490164265816194,active_cumulative,/home/oy/iCAT/result/mixO-fixed37-chunked-20261003/mixO-fixed37-rep1-x20/control-series.txt
1790992372,2026-10-03T10:52:52+09:00,68.0,OLTP,1,1,10260660224,2505044,1421618,1.5675022075460552,active_cumulative,/home/oy/iCAT/result/mixO-fixed37-chunked-20261003/mixO-fixed37-rep1-x20/control-series.txt
1790992402,2026-10-03T10:53:22+09:00,98.0,OLTP,1,1,14927106048,3644313,1969250,1.540362477097878,active_cumulative,/home/oy/iCAT/result/mixO-fixed37-chunked-20261003/mixO-fixed37-rep1-x20/control-series.txt
1790992432,2026-10-03T10:53:52+09:00,128.0,OLTP,1,1,19758989312,4823972,2522512,1.5229118245296616,active_cumulative,/home/oy/iCAT/result/mixO-fixed37-chunked-20261003/mixO-fixed37-rep1-x20/control-series.txt
1790992462,2026-10-03T10:54:22+09:00,158.0,OLTP,1,1,24458657792,5971352,3046024,1.5101062539940704,active_cumulative,/home/oy/iCAT/result/mixO-fixed37-chunked-20261003/mixO-fixed37-rep1-x20/control-series.txt
1790992492,2026-10-03T10:54:52+09:00,188.0,OLTP,1,1,29245489152,7140012,3582543,1.5017558794018835,active_cumulative,/home/oy/iCAT/result/mixO-fixed37-chunked-20261003/mixO-fixed37-rep1-x20/control-series.txt
1790992522,2026-10-03T10:55:22+09:00,218.0,OLTP,1,1,34136154112,8334022,4117976,1.4941162862301058,active_cumulative,/home/oy/iCAT/result/mixO-fixed37-chunked-20261003/mixO-fixed37-rep1-x20/control-series.txt
1790992552,2026-10-03T10:55:52+09:00,248.0,OLTP,1,1,38930669568,9504558,4639145,1.4880968688917464,active_cumulative,/home/oy/iCAT/result/mixO-fixed37-chunked-20261003/mixO-fixed37-rep1-x20/control-series.txt
1790992582,2026-10-03T10:56:22+09:00,278.0,OLTP,1,1,43737939968,10678208,5149772,1.4822693096070052,active_cumulative,/home/oy/iCAT/result/mixO-fixed37-chunked-20261003/mixO-fixed37-rep1-x20/control-series.txt
1790992613,2026-10-03T10:56:53+09:00,309.0,OLTP,1,1,48493154304,11839149,5649128,1.477156592927414,active_cumulative,/home/oy/iCAT/result/mixO-fixed37-chunked-20261003/mixO-fixed37-rep1-x20/control-series.txt
1790992643,2026-10-03T10:57:23+09:00,339.0,OLTP,1,1,53247533056,12999886,6144288,1.4726416831655293,active_cumulative,/home/oy/iCAT/result/mixO-fixed37-chunked-20261003/mixO-fixed37-rep1-x20/control-series.txt
1790992673,2026-10-03T10:57:53+09:00,369.0,OLTP,1,1,57963335680,14151205,6631575,1.4686226367295223,active_cumulative,/home/oy/iCAT/result/mixO-fixed37-chunked-20261003/mixO-fixed37-rep1-x20/control-series.txt
1790992703,2026-10-03T10:58:23+09:00,399.0,OLTP,1,1,62781845504,15327599,7120632,1.464562779858737,active_cumulative,/home/oy/iCAT/result/mixO-fixed37-chunked-20261003/mixO-fixed37-rep1-x20/control-series.txt
1790992733,2026-10-03T10:58:53+09:00,429.0,OLTP,,,,,,,inactive_or_zero,/home/oy/iCAT/result/mixO-fixed37-chunked-20261003/mixO-fixed37-rep1-x20/control-series.txt
1790992763,2026-10-03T10:59:23+09:00,459.0,OLTP,1,1,72293441536,17649766,8075069,1.4575170571666503,active_cumulative,/home/oy/iCAT/result/mixO-fixed37-chunked-20261003/mixO-fixed37-rep1-x20/control-series.txt
1790992793,2026-10-03T10:59:53+09:00,489.0,OLTP,1,1,77052604416,18811671,8548551,1.4544280516068988,active_cumulative,/home/oy/iCAT/result/mixO-fixed37-chunked-20261003/mixO-fixed37-rep1-x20/control-series.txt
1790992823,2026-10-03T11:00:23+09:00,519.0,OLTP,1,1,81885474816,19991571,9030727,1.4517267302304555,active_cumulative,/home/oy/iCAT/result/mixO-fixed37-chunked-20261003/mixO-fixed37-rep1-x20/control-series.txt
1790992853,2026-10-03T11:00:53+09:00,549.0,OLTP,1,1,86679355392,21161952,9503163,1.4490683562650553,active_cumulative,/home/oy/iCAT/result/mixO-fixed37-chunked-20261003/mixO-fixed37-rep1-x20/control-series.txt
1790992883,2026-10-03T11:01:23+09:00,579.0,OLTP,1,1,91348492288,22301878,9954076,1.4463335329876703,active_cumulative,/home/oy/iCAT/result/mixO-fixed37-chunked-20261003/mixO-fixed37-rep1-x20/control-series.txt
1790992913,2026-10-03T11:01:53+09:00,609.0,OLTP,1,1,96139923456,23471661,10412048,1.4436008171726749,active_cumulative,/home/oy/iCAT/result/mixO-fixed37-chunked-20261003/mixO-fixed37-rep1-x20/control-series.txt
1790992943,2026-10-03T11:02:23+09:00,639.0,OLTP,1,1,100998111232,24657742,10873561,1.4409795917241732,active_cumulative,/home/oy/iCAT/result/mixO-fixed37-chunked-20261003/mixO-fixed37-rep1-x20/control-series.txt
1790992973,2026-10-03T11:02:53+09:00,669.0,OLTP,1,1,105805479936,25831416,11324720,1.4384087964825467,active_cumulative,/home/oy/iCAT/result/mixO-fixed37-chunked-20261003/mixO-fixed37-rep1-x20/control-series.txt
1790993003,2026-10-03T11:03:23+09:00,699.0,OLTP,1,1,110587854848,26998988,11767647,1.435855114273172,active_cumulative,/home/oy/iCAT/result/mixO-fixed37-chunked-20261003/mixO-fixed37-rep1-x20/control-series.txt
1790993033,2026-10-03T11:03:53+09:00,729.0,OLTP,1,1,115337670656,28158611,12201789,1.4333235399998956,active_cumulative,/home/oy/iCAT/result/mixO-fixed37-chunked-20261003/mixO-fixed37-rep1-x20/control-series.txt
1790993063,2026-10-03T11:04:23+09:00,759.0,OLTP,1,1,120033759232,29305117,12622670,1.4307326259779136,active_cumulative,/home/oy/iCAT/result/mixO-fixed37-chunked-20261003/mixO-fixed37-rep1-x20/control-series.txt
1790993093,2026-10-03T11:04:53+09:00,789.0,OLTP,1,1,124844294144,30479564,13049018,1.428123512527935,active_cumulative,/home/oy/iCAT/result/mixO-fixed37-chunked-20261003/mixO-fixed37-rep1-x20/control-series.txt
1790993123,2026-10-03T11:05:23+09:00,819.0,OLTP,1,1,129532432384,31624129,13472439,1.4260177094521718,active_cumulative,/home/oy/iCAT/result/mixO-fixed37-chunked-20261003/mixO-fixed37-rep1-x20/control-series.txt
1790993153,2026-10-03T11:05:53+09:00,849.0,OLTP,1,1,134346715136,32799491,13893059,1.4235754451189502,active_cumulative,/home/oy/iCAT/result/mixO-fixed37-chunked-20261003/mixO-fixed37-rep1-x20/control-series.txt
1790993183,2026-10-03T11:06:23+09:00,879.0,OLTP,1,1,139098611712,33959622,14311007,1.4214124350382935,active_cumulative,/home/oy/iCAT/result/mixO-fixed37-chunked-20261003/mixO-fixed37-rep1-x20/control-series.txt
1790993213,2026-10-03T11:06:53+09:00,909.0,OLTP,1,1,143296675840,34984540,14676244,1.4195065591829992,active_cumulative,/home/oy/iCAT/result/mixO-fixed37-chunked-20261003/mixO-fixed37-rep1-x20/control-series.txt
1790993244,2026-10-03T11:07:24+09:00,940.0,OLTP,1,1,148083339264,36153159,15083056,1.4171988400792306,active_cumulative,/home/oy/iCAT/result/mixO-fixed37-chunked-20261003/mixO-fixed37-rep1-x20/control-series.txt
1790993274,2026-10-03T11:07:54+09:00,970.0,OLTP,1,1,152839258112,37314272,15481207,1.4148870169569434,active_cumulative,/home/oy/iCAT/result/mixO-fixed37-chunked-20261003/mixO-fixed37-rep1-x20/control-series.txt
1790993304,2026-10-03T11:08:24+09:00,1000.0,OLTP,1,1,157616300032,38480542,15877574,1.4126130551903349,active_cumulative,/home/oy/iCAT/result/mixO-fixed37-chunked-20261003/mixO-fixed37-rep1-x20/control-series.txt
1790993334,2026-10-03T11:08:54+09:00,1030.0,OLTP,1,1,162335023104,39632574,16269358,1.4105047025207094,active_cumulative,/home/oy/iCAT/result/mixO-fixed37-chunked-20261003/mixO-fixed37-rep1-x20/control-series.txt
1790993364,2026-10-03T11:09:24+09:00,1060.0,OLTP,1,1,167264948224,40836169,16677491,1.4083999897247952,active_cumulative,/home/oy/iCAT/result/mixO-fixed37-chunked-20261003/mixO-fixed37-rep1-x20/control-series.txt
1790993394,2026-10-03T11:09:54+09:00,1090.0,OLTP,1,1,172253356032,42054042,17087040,1.406311478929897,active_cumulative,/home/oy/iCAT/result/mixO-fixed37-chunked-20261003/mixO-fixed37-rep1-x20/control-series.txt
1790993424,2026-10-03T11:10:24+09:00,1120.0,OLTP,1,1,177257181184,43275679,17490152,1.404156616468109,active_cumulative,/home/oy/iCAT/result/mixO-fixed37-chunked-20261003/mixO-fixed37-rep1-x20/control-series.txt
1790993454,2026-10-03T11:10:54+09:00,1150.0,OLTP,1,1,181948411904,44420999,17868120,1.4022448932316898,active_cumulative,/home/oy/iCAT/result/mixO-fixed37-chunked-20261003/mixO-fixed37-rep1-x20/control-series.txt
1790993484,2026-10-03T11:11:24+09:00,1180.0,OLTP,1,1,186871468032,45622917,18266005,1.4003690732883214,active_cumulative,/home/oy/iCAT/result/mixO-fixed37-chunked-20261003/mixO-fixed37-rep1-x20/control-series.txt
1790993514,2026-10-03T11:11:54+09:00,1210.0,OLTP,1,1,191768924160,46818585,18660863,1.3985781073904733,active_cumulative,/home/oy/iCAT/result/mixO-fixed37-chunked-20261003/mixO-fixed37-rep1-x20/control-series.txt
1790993544,2026-10-03T11:12:24+09:00,1240.0,OLTP,1,1,196674867200,48016325,19048016,1.3966987477696389,active_cumulative,/home/oy/iCAT/result/mixO-fixed37-chunked-20261003/mixO-fixed37-rep1-x20/control-series.txt
1790993574,2026-10-03T11:12:54+09:00,1270.0,OLTP,1,1,201670742016,49236021,19446164,1.3949580734803895,active_cumulative,/home/oy/iCAT/result/mixO-fixed37-chunked-20261003/mixO-fixed37-rep1-x20/control-series.txt
1790993604,2026-10-03T11:13:24+09:00,1300.0,OLTP,1,1,206571274240,50432440,19833617,1.393271017622784,active_cumulative,/home/oy/iCAT/result/mixO-fixed37-chunked-20261003/mixO-fixed37-rep1-x20/control-series.txt
1790993634,2026-10-03T11:13:54+09:00,1330.0,OLTP,1,1,211390169088,51608928,20217199,1.3917384023167465,active_cumulative,/home/oy/iCAT/result/mixO-fixed37-chunked-20261003/mixO-fixed37-rep1-x20/control-series.txt
1790993664,2026-10-03T11:14:24+09:00,1360.0,OLTP,1,1,216299896832,52807592,20595916,1.3900180867932779,active_cumulative,/home/oy/iCAT/result/mixO-fixed37-chunked-20261003/mixO-fixed37-rep1-x20/control-series.txt
1790993694,2026-10-03T11:14:54+09:00,1390.0,OLTP,1,1,221209231360,54006160,20984409,1.3885558425187052,active_cumulative,/home/oy/iCAT/result/mixO-fixed37-chunked-20261003/mixO-fixed37-rep1-x20/control-series.txt
1790993724,2026-10-03T11:15:24+09:00,1420.0,OLTP,1,1,226211823616,55227496,21378757,1.3871035000391834,active_cumulative,/home/oy/iCAT/result/mixO-fixed37-chunked-20261003/mixO-fixed37-rep1-x20/control-series.txt
1790993755,2026-10-03T11:15:55+09:00,1451.0,OLTP,1,1,231099166720,56420695,21766287,1.3857855171759228,active_cumulative,/home/oy/iCAT/result/mixO-fixed37-chunked-20261003/mixO-fixed37-rep1-x20/control-series.txt
1790993785,2026-10-03T11:16:25+09:00,1481.0,OLTP,1,1,236044877824,57628144,22159964,1.3845337097790273,active_cumulative,/home/oy/iCAT/result/mixO-fixed37-chunked-20261003/mixO-fixed37-rep1-x20/control-series.txt
1790993815,2026-10-03T11:16:55+09:00,1511.0,OLTP,1,1,241054388224,58851169,22552353,1.3832099409953946,active_cumulative,/home/oy/iCAT/result/mixO-fixed37-chunked-20261003/mixO-fixed37-rep1-x20/control-series.txt
1790993845,2026-10-03T11:17:25+09:00,1541.0,OLTP,1,1,245921488896,60039426,22930785,1.3819287845956423,active_cumulative,/home/oy/iCAT/result/mixO-fixed37-chunked-20261003/mixO-fixed37-rep1-x20/control-series.txt
1790993875,2026-10-03T11:17:55+09:00,1571.0,OLTP,1,1,250818764800,61235050,23310948,1.3806798230751833,active_cumulative,/home/oy/iCAT/result/mixO-fixed37-chunked-20261003/mixO-fixed37-rep1-x20/control-series.txt
1790993905,2026-10-03T11:18:25+09:00,1601.0,OLTP,1,1,255681290240,62422190,23687813,1.3794774422364866,active_cumulative,/home/oy/iCAT/result/mixO-fixed37-chunked-20261003/mixO-fixed37-rep1-x20/control-series.txt
1790993935,2026-10-03T11:18:55+09:00,1631.0,OLTP,1,1,260570066944,63615739,24064250,1.378275099500141,active_cumulative,/home/oy/iCAT/result/mixO-fixed37-chunked-20261003/mixO-fixed37-rep1-x20/control-series.txt
1790993965,2026-10-03T11:19:25+09:00,1661.0,OLTP,1,1,265414729728,64798518,24439646,1.3771636567367174,active_cumulative,/home/oy/iCAT/result/mixO-fixed37-chunked-20261003/mixO-fixed37-rep1-x20/control-series.txt
1790993995,2026-10-03T11:19:55+09:00,1691.0,OLTP,1,1,270377414656,66010111,24822149,1.3760355591585052,active_cumulative,/home/oy/iCAT/result/mixO-fixed37-chunked-20261003/mixO-fixed37-rep1-x20/control-series.txt
1790994025,2026-10-03T11:20:25+09:00,1721.0,OLTP,1,1,275283165184,67207804,25196252,1.3749006886164588,active_cumulative,/home/oy/iCAT/result/mixO-fixed37-chunked-20261003/mixO-fixed37-rep1-x20/control-series.txt
1790994055,2026-10-03T11:20:55+09:00,1751.0,OLTP,1,1,280242126848,68418488,25572121,1.3737603935357354,active_cumulative,/home/oy/iCAT/result/mixO-fixed37-chunked-20261003/mixO-fixed37-rep1-x20/control-series.txt
1790994085,2026-10-03T11:21:25+09:00,1781.0,OLTP,1,1,285050249216,69592346,25935508,1.3726775930215085,active_cumulative,/home/oy/iCAT/result/mixO-fixed37-chunked-20261003/mixO-fixed37-rep1-x20/control-series.txt
1790994115,2026-10-03T11:21:55+09:00,1811.0,OLTP,1,1,289385287680,70650705,26257590,1.3716536161953372,active_cumulative,/home/oy/iCAT/result/mixO-fixed37-chunked-20261003/mixO-fixed37-rep1-x20/control-series.txt
1790994145,2026-10-03T11:22:25+09:00,1841.0,OLTP,1,1,294067879936,71793916,26611778,1.3706689853775353,active_cumulative,/home/oy/iCAT/result/mixO-fixed37-chunked-20261003/mixO-fixed37-rep1-x20/control-series.txt
1790994175,2026-10-03T11:22:55+09:00,1871.0,OLTP,1,1,298979352576,72993006,26986735,1.36971672327072,active_cumulative,/home/oy/iCAT/result/mixO-fixed37-chunked-20261003/mixO-fixed37-rep1-x20/control-series.txt
1790994205,2026-10-03T11:23:25+09:00,1901.0,OLTP,1,1,303884558336,74190566,27360741,1.3687900291797208,active_cumulative,/home/oy/iCAT/result/mixO-fixed37-chunked-20261003/mixO-fixed37-rep1-x20/control-series.txt
1790994235,2026-10-03T11:23:55+09:00,1931.0,OLTP,1,1,308689031168,75363533,27724125,1.367871885730198,active_cumulative,/home/oy/iCAT/result/mixO-fixed37-chunked-20261003/mixO-fixed37-rep1-x20/control-series.txt
1790994265,2026-10-03T11:24:25+09:00,1961.0,OLTP,1,1,313631846400,76570275,28100126,1.3669847861980382,active_cumulative,/home/oy/iCAT/result/mixO-fixed37-chunked-20261003/mixO-fixed37-rep1-x20/control-series.txt
1790994295,2026-10-03T11:24:55+09:00,1991.0,OLTP,1,1,318462857216,77749721,28469230,1.3661650438591284,active_cumulative,/home/oy/iCAT/result/mixO-fixed37-chunked-20261003/mixO-fixed37-rep1-x20/control-series.txt
1790994325,2026-10-03T11:25:25+09:00,2021.0,OLTP,1,1,323373875200,78948700,28845768,1.3653735653658643,active_cumulative,/home/oy/iCAT/result/mixO-fixed37-chunked-20261003/mixO-fixed37-rep1-x20/control-series.txt
1790994355,2026-10-03T11:25:55+09:00,2051.0,OLTP,1,1,328316334080,80155355,29223038,1.3645799834583727,active_cumulative,/home/oy/iCAT/result/mixO-fixed37-chunked-20261003/mixO-fixed37-rep1-x20/control-series.txt
1790994386,2026-10-03T11:26:26+09:00,2082.0,OLTP,1,1,333355384832,81385592,29603720,1.3637464478970676,active_cumulative,/home/oy/iCAT/result/mixO-fixed37-chunked-20261003/mixO-fixed37-rep1-x20/control-series.txt
1790994416,2026-10-03T11:26:56+09:00,2112.0,OLTP,1,1,338398470144,82616814,29988734,1.3629858445037593,active_cumulative,/home/oy/iCAT/result/mixO-fixed37-chunked-20261003/mixO-fixed37-rep1-x20/control-series.txt
1790994446,2026-10-03T11:27:26+09:00,2142.0,OLTP,1,1,343322685440,83819015,30361398,1.3622256596549125,active_cumulative,/home/oy/iCAT/result/mixO-fixed37-chunked-20261003/mixO-fixed37-rep1-x20/control-series.txt
1790994476,2026-10-03T11:27:56+09:00,2172.0,OLTP,1,1,348260020224,85024419,30732376,1.3614535254866018,active_cumulative,/home/oy/iCAT/result/mixO-fixed37-chunked-20261003/mixO-fixed37-rep1-x20/control-series.txt
1790994506,2026-10-03T11:28:26+09:00,2202.0,OLTP,1,1,353242554368,86240858,31108479,1.3607162512228252,active_cumulative,/home/oy/iCAT/result/mixO-fixed37-chunked-20261003/mixO-fixed37-rep1-x20/control-series.txt
1790994536,2026-10-03T11:28:56+09:00,2232.0,OLTP,1,1,358167584768,87443258,31481766,1.3600250804927694,active_cumulative,/home/oy/iCAT/result/mixO-fixed37-chunked-20261003/mixO-fixed37-rep1-x20/control-series.txt
1790994566,2026-10-03T11:29:26+09:00,2262.0,OLTP,1,1,363123490816,88653196,31852608,1.3592945256028897,active_cumulative,/home/oy/iCAT/result/mixO-fixed37-chunked-20261003/mixO-fixed37-rep1-x20/control-series.txt
1790994596,2026-10-03T11:29:56+09:00,2292.0,OLTP,1,1,368008282112,89845772,32220845,1.3586239428161404,active_cumulative,/home/oy/iCAT/result/mixO-fixed37-chunked-20261003/mixO-fixed37-rep1-x20/control-series.txt
1790994626,2026-10-03T11:30:26+09:00,2322.0,OLTP,1,1,372928315392,91046952,32589999,1.3579471721359766,active_cumulative,/home/oy/iCAT/result/mixO-fixed37-chunked-20261003/mixO-fixed37-rep1-x20/control-series.txt
1790994656,2026-10-03T11:30:56+09:00,2352.0,OLTP,1,1,377786871808,92233123,32953563,1.3572855599826106,active_cumulative,/home/oy/iCAT/result/mixO-fixed37-chunked-20261003/mixO-fixed37-rep1-x20/control-series.txt
1790994686,2026-10-03T11:31:26+09:00,2382.0,OLTP,1,1,382845333504,93468099,33337116,1.35666838586286,active_cumulative,/home/oy/iCAT/result/mixO-fixed37-chunked-20261003/mixO-fixed37-rep1-x20/control-series.txt
1790994716,2026-10-03T11:31:56+09:00,2412.0,OLTP,1,1,387864838144,94693564,33714961,1.356042792939972,active_cumulative,/home/oy/iCAT/result/mixO-fixed37-chunked-20261003/mixO-fixed37-rep1-x20/control-series.txt
1790994746,2026-10-03T11:32:26+09:00,2442.0,OLTP,1,1,392838189056,95907761,34091061,1.355456749741035,active_cumulative,/home/oy/iCAT/result/mixO-fixed37-chunked-20261003/mixO-fixed37-rep1-x20/control-series.txt
1790994776,2026-10-03T11:32:56+09:00,2472.0,OLTP,1,1,397763436544,97110214,34456932,1.3548229437533728,active_cumulative,/home/oy/iCAT/result/mixO-fixed37-chunked-20261003/mixO-fixed37-rep1-x20/control-series.txt
1790994806,2026-10-03T11:33:26+09:00,2502.0,OLTP,1,1,402671562752,98308487,34824359,1.354235530041267,active_cumulative,/home/oy/iCAT/result/mixO-fixed37-chunked-20261003/mixO-fixed37-rep1-x20/control-series.txt
1790994836,2026-10-03T11:33:56+09:00,2532.0,OLTP,1,1,407702425600,99536725,35202197,1.3536603901725721,active_cumulative,/home/oy/iCAT/result/mixO-fixed37-chunked-20261003/mixO-fixed37-rep1-x20/control-series.txt
1790994866,2026-10-03T11:34:26+09:00,2562.0,OLTP,1,1,412629266432,100739567,35575322,1.3531415019879924,active_cumulative,/home/oy/iCAT/result/mixO-fixed37-chunked-20261003/mixO-fixed37-rep1-x20/control-series.txt
1790994896,2026-10-03T11:34:56+09:00,2592.0,OLTP,1,1,417547857920,101940395,35945454,1.3526124653529152,active_cumulative,/home/oy/iCAT/result/mixO-fixed37-chunked-20261003/mixO-fixed37-rep1-x20/control-series.txt
1790994927,2026-10-03T11:35:27+09:00,2623.0,OLTP,1,1,422446170112,103136272,36306076,1.352020441460207,active_cumulative,/home/oy/iCAT/result/mixO-fixed37-chunked-20261003/mixO-fixed37-rep1-x20/control-series.txt
1790994957,2026-10-03T11:35:57+09:00,2653.0,OLTP,1,1,427377496064,104340209,36677183,1.3515153300105043,active_cumulative,/home/oy/iCAT/result/mixO-fixed37-chunked-20261003/mixO-fixed37-rep1-x20/control-series.txt
1790994987,2026-10-03T11:36:27+09:00,2683.0,OLTP,1,1,432332025856,105549811,37053222,1.3510496290703922,active_cumulative,/home/oy/iCAT/result/mixO-fixed37-chunked-20261003/mixO-fixed37-rep1-x20/control-series.txt
1790995017,2026-10-03T11:36:57+09:00,2713.0,OLTP,1,1,437258432512,106752547,37428561,1.3506104730222503,active_cumulative,/home/oy/iCAT/result/mixO-fixed37-chunked-20261003/mixO-fixed37-rep1-x20/control-series.txt
1790995047,2026-10-03T11:37:27+09:00,2743.0,OLTP,1,1,441575157760,107806435,37746989,1.3501366963855173,active_cumulative,/home/oy/iCAT/result/mixO-fixed37-chunked-20261003/mixO-fixed37-rep1-x20/control-series.txt
1790995077,2026-10-03T11:37:57+09:00,2773.0,OLTP,1,1,446296055808,108958998,38099440,1.3496676795797993,active_cumulative,/home/oy/iCAT/result/mixO-fixed37-chunked-20261003/mixO-fixed37-rep1-x20/control-series.txt
1790995107,2026-10-03T11:38:27+09:00,2803.0,OLTP,1,1,451087106048,110128688,38451941,1.3491546271758,active_cumulative,/home/oy/iCAT/result/mixO-fixed37-chunked-20261003/mixO-fixed37-rep1-x20/control-series.txt
1790995137,2026-10-03T11:38:57+09:00,2833.0,OLTP,1,1,455895650304,111302649,38810392,1.3486924376795382,active_cumulative,/home/oy/iCAT/result/mixO-fixed37-chunked-20261003/mixO-fixed37-rep1-x20/control-series.txt
1790995167,2026-10-03T11:39:27+09:00,2863.0,OLTP,1,1,460808257536,112502016,39177508,1.3482382751256652,active_cumulative,/home/oy/iCAT/result/mixO-fixed37-chunked-20261003/mixO-fixed37-rep1-x20/control-series.txt
1790995197,2026-10-03T11:39:57+09:00,2893.0,OLTP,1,1,465629388800,113679050,39531827,1.3477494489969788,active_cumulative,/home/oy/iCAT/result/mixO-fixed37-chunked-20261003/mixO-fixed37-rep1-x20/control-series.txt
1790995227,2026-10-03T11:40:27+09:00,2923.0,OLTP,1,1,470346911744,114830789,39881102,1.3473032132523273,active_cumulative,/home/oy/iCAT/result/mixO-fixed37-chunked-20261003/mixO-fixed37-rep1-x20/control-series.txt
1790995257,2026-10-03T11:40:57+09:00,2953.0,OLTP,1,1,475133394944,115999364,40232647,1.3468350654060481,active_cumulative,/home/oy/iCAT/result/mixO-fixed37-chunked-20261003/mixO-fixed37-rep1-x20/control-series.txt
1790995287,2026-10-03T11:41:27+09:00,2983.0,OLTP,1,1,479937118208,117172148,40589377,1.3464080644830374,active_cumulative,/home/oy/iCAT/result/mixO-fixed37-chunked-20261003/mixO-fixed37-rep1-x20/control-series.txt
1790995317,2026-10-03T11:41:57+09:00,3013.0,OLTP,1,1,484716716032,118339042,40940180,1.345956662383662,active_cumulative,/home/oy/iCAT/result/mixO-fixed37-chunked-20261003/mixO-fixed37-rep1-x20/control-series.txt
1790995347,2026-10-03T11:42:27+09:00,3043.0,OLTP,1,1,489439477760,119492060,41289195,1.345539234991848,active_cumulative,/home/oy/iCAT/result/mixO-fixed37-chunked-20261003/mixO-fixed37-rep1-x20/control-series.txt
1790995377,2026-10-03T11:42:57+09:00,3073.0,OLTP,1,1,494189871104,120651824,41640990,1.345133530679155,active_cumulative,/home/oy/iCAT/result/mixO-fixed37-chunked-20261003/mixO-fixed37-rep1-x20/control-series.txt
1790995408,2026-10-03T11:43:28+09:00,3104.0,OLTP,1,1,499091320832,121848467,42002897,1.3447142014515456,active_cumulative,/home/oy/iCAT/result/mixO-fixed37-chunked-20261003/mixO-fixed37-rep1-x20/control-series.txt
1790995438,2026-10-03T11:43:58+09:00,3134.0,OLTP,1,1,503922028544,123027839,42363532,1.3443410234979418,active_cumulative,/home/oy/iCAT/result/mixO-fixed37-chunked-20261003/mixO-fixed37-rep1-x20/control-series.txt
1790995468,2026-10-03T11:44:28+09:00,3164.0,OLTP,1,1,508799889408,124218723,42721892,1.343924739912195,active_cumulative,/home/oy/iCAT/result/mixO-fixed37-chunked-20261003/mixO-fixed37-rep1-x20/control-series.txt
1790995498,2026-10-03T11:44:58+09:00,3194.0,OLTP,1,1,513663954944,125406239,43084883,1.3435625160563185,active_cumulative,/home/oy/iCAT/result/mixO-fixed37-chunked-20261003/mixO-fixed37-rep1-x20/control-series.txt
1790995528,2026-10-03T11:45:28+09:00,3224.0,OLTP,1,1,518401003520,126562745,43436009,1.343197431440034,active_cumulative,/home/oy/iCAT/result/mixO-fixed37-chunked-20261003/mixO-fixed37-rep1-x20/control-series.txt
1790995558,2026-10-03T11:45:58+09:00,3254.0,OLTP,1,1,523171389440,127727390,43784509,1.3427965528771864,active_cumulative,/home/oy/iCAT/result/mixO-fixed37-chunked-20261003/mixO-fixed37-rep1-x20/control-series.txt
1790995588,2026-10-03T11:46:28+09:00,3284.0,OLTP,1,1,528007585792,128908102,44140972,1.3424220147155683,active_cumulative,/home/oy/iCAT/result/mixO-fixed37-chunked-20261003/mixO-fixed37-rep1-x20/control-series.txt
1790995618,2026-10-03T11:46:58+09:00,3314.0,OLTP,1,1,532926177280,130108930,44504702,1.3420572438801857,active_cumulative,/home/oy/iCAT/result/mixO-fixed37-chunked-20261003/mixO-fixed37-rep1-x20/control-series.txt
1790995648,2026-10-03T11:47:28+09:00,3344.0,OLTP,1,1,537764524032,131290167,44860408,1.3416890162078932,active_cumulative,/home/oy/iCAT/result/mixO-fixed37-chunked-20261003/mixO-fixed37-rep1-x20/control-series.txt
1790995678,2026-10-03T11:47:58+09:00,3374.0,OLTP,1,1,542518054912,132450697,45203898,1.3412884871417474,active_cumulative,/home/oy/iCAT/result/mixO-fixed37-chunked-20261003/mixO-fixed37-rep1-x20/control-series.txt
1790995708,2026-10-03T11:48:28+09:00,3404.0,OLTP,1,1,547178541056,133588511,45544072,1.3409280607970846,active_cumulative,/home/oy/iCAT/result/mixO-fixed37-chunked-20261003/mixO-fixed37-rep1-x20/control-series.txt
1790995738,2026-10-03T11:48:58+09:00,3434.0,OLTP,1,1,551934484480,134749630,45890683,1.340562590041991,active_cumulative,/home/oy/iCAT/result/mixO-fixed37-chunked-20261003/mixO-fixed37-rep1-x20/control-series.txt
1790995769,2026-10-03T11:49:29+09:00,3465.0,OLTP,1,1,556768452608,135929798,46250432,1.3402523411386222,active_cumulative,/home/oy/iCAT/result/mixO-fixed37-chunked-20261003/mixO-fixed37-rep1-x20/control-series.txt
1790995799,2026-10-03T11:49:59+09:00,3495.0,OLTP,1,1,561576374272,137103607,46602550,1.3399075416010024,active_cumulative,/home/oy/iCAT/result/mixO-fixed37-chunked-20261003/mixO-fixed37-rep1-x20/control-series.txt
1790995829,2026-10-03T11:50:29+09:00,3525.0,OLTP,1,1,566444310528,138292068,46956867,1.3395485198760642,active_cumulative,/home/oy/iCAT/result/mixO-fixed37-chunked-20261003/mixO-fixed37-rep1-x20/control-series.txt
1790995859,2026-10-03T11:50:59+09:00,3555.0,OLTP,1,1,571150872576,139441131,47297755,1.3391951475207124,active_cumulative,/home/oy/iCAT/result/mixO-fixed37-chunked-20261003/mixO-fixed37-rep1-x20/control-series.txt
1790995889,2026-10-03T11:51:29+09:00,3585.0,OLTP,1,1,576029028352,140632087,47659185,1.3388926810138286,active_cumulative,/home/oy/iCAT/result/mixO-fixed37-chunked-20261003/mixO-fixed37-rep1-x20/control-series.txt
1790995919,2026-10-03T11:51:59+09:00,3615.0,OLTP,1,1,580950892544,141833714,48021100,1.3385732393639498,active_cumulative,/home/oy/iCAT/result/mixO-fixed37-chunked-20261003/mixO-fixed37-rep1-x20/control-series.txt
1790995949,2026-10-03T11:52:29+09:00,3645.0,OLTP,1,1,585252986880,142884030,48330092,1.338246982535417,active_cumulative,/home/oy/iCAT/result/mixO-fixed37-chunked-20261003/mixO-fixed37-rep1-x20/control-series.txt
1790995979,2026-10-03T11:52:59+09:00,3675.0,OLTP,1,1,590180499456,144087036,48686762,1.3378982825352865,active_cumulative,/home/oy/iCAT/result/mixO-fixed37-chunked-20261003/mixO-fixed37-rep1-x20/control-series.txt
1790996009,2026-10-03T11:53:29+09:00,3705.0,OLTP,1,1,595001200640,145263965,49026181,1.3374971969132194,active_cumulative,/home/oy/iCAT/result/mixO-fixed37-chunked-20261003/mixO-fixed37-rep1-x20/control-series.txt
1790996039,2026-10-03T11:53:59+09:00,3735.0,OLTP,1,1,599968862208,146476773,49382999,1.3371387694347963,active_cumulative,/home/oy/iCAT/result/mixO-fixed37-chunked-20261003/mixO-fixed37-rep1-x20/control-series.txt
1790996069,2026-10-03T11:54:29+09:00,3765.0,OLTP,1,1,604806479872,147657832,49730380,1.3367947322970313,active_cumulative,/home/oy/iCAT/result/mixO-fixed37-chunked-20261003/mixO-fixed37-rep1-x20/control-series.txt
1790996099,2026-10-03T11:54:59+09:00,3795.0,OLTP,1,1,609655341056,148841636,50075175,1.336432575895632,active_cumulative,/home/oy/iCAT/result/mixO-fixed37-chunked-20261003/mixO-fixed37-rep1-x20/control-series.txt
1790996129,2026-10-03T11:55:29+09:00,3825.0,OLTP,1,1,614577631232,150043367,50418688,1.336027436654364,active_cumulative,/home/oy/iCAT/result/mixO-fixed37-chunked-20261003/mixO-fixed37-rep1-x20/control-series.txt
1790996159,2026-10-03T11:55:59+09:00,3855.0,OLTP,1,1,619520368640,151250090,50773649,1.3356933473560249,active_cumulative,/home/oy/iCAT/result/mixO-fixed37-chunked-20261003/mixO-fixed37-rep1-x20/control-series.txt
1790996189,2026-10-03T11:56:29+09:00,3885.0,OLTP,1,1,624446967808,152452873,51122182,1.3353310501403275,active_cumulative,/home/oy/iCAT/result/mixO-fixed37-chunked-20261003/mixO-fixed37-rep1-x20/control-series.txt
1790996219,2026-10-03T11:56:59+09:00,3915.0,OLTP,1,1,629362151424,153652869,51471991,1.3349888051878809,active_cumulative,/home/oy/iCAT/result/mixO-fixed37-chunked-20261003/mixO-fixed37-rep1-x20/control-series.txt
1790996249,2026-10-03T11:57:29+09:00,3945.0,OLTP,1,1,634218618880,154838530,51815626,1.3346429729086164,active_cumulative,/home/oy/iCAT/result/mixO-fixed37-chunked-20261003/mixO-fixed37-rep1-x20/control-series.txt
1790996279,2026-10-03T11:57:59+09:00,3975.0,OLTP,1,1,639152582656,156043111,52166780,1.3343100484583392,active_cumulative,/home/oy/iCAT/result/mixO-fixed37-chunked-20261003/mixO-fixed37-rep1-x20/control-series.txt
1790996309,2026-10-03T11:58:29+09:00,4005.0,OLTP,1,1,644073304064,157244459,52521812,1.3340137537056234,active_cumulative,/home/oy/iCAT/result/mixO-fixed37-chunked-20261003/mixO-fixed37-rep1-x20/control-series.txt
1790996339,2026-10-03T11:58:59+09:00,4035.0,OLTP,1,1,648886816768,158419633,52863371,1.3336920430815542,active_cumulative,/home/oy/iCAT/result/mixO-fixed37-chunked-20261003/mixO-fixed37-rep1-x20/control-series.txt
1790996369,2026-10-03T11:59:29+09:00,4065.0,OLTP,1,1,653888790528,159640818,53218114,1.3333615717253466,active_cumulative,/home/oy/iCAT/result/mixO-fixed37-chunked-20261003/mixO-fixed37-rep1-x20/control-series.txt
1790996400,2026-10-03T12:00:00+09:00,4096.0,OLTP,1,1,658800238592,160839902,53569154,1.3330588574966926,active_cumulative,/home/oy/iCAT/result/mixO-fixed37-chunked-20261003/mixO-fixed37-rep1-x20/control-series.txt
1790996430,2026-10-03T12:00:30+09:00,4126.0,OLTP,1,1,663793397760,162058935,53926472,1.3327584005164541,active_cumulative,/home/oy/iCAT/result/mixO-fixed37-chunked-20261003/mixO-fixed37-rep1-x20/control-series.txt
1790996460,2026-10-03T12:01:00+09:00,4156.0,OLTP,1,1,668742856704,163267299,54277636,1.3324464625338108,active_cumulative,/home/oy/iCAT/result/mixO-fixed37-chunked-20261003/mixO-fixed37-rep1-x20/control-series.txt
1790996490,2026-10-03T12:01:30+09:00,4186.0,OLTP,1,1,673613676544,164456464,54619685,1.3321224576493387,active_cumulative,/home/oy/iCAT/result/mixO-fixed37-chunked-20261003/mixO-fixed37-rep1-x20/control-series.txt
1790996520,2026-10-03T12:02:00+09:00,4216.0,OLTP,1,1,678497726464,165648859,54965843,1.3318214404362423,active_cumulative,/home/oy/iCAT/result/mixO-fixed37-chunked-20261003/mixO-fixed37-rep1-x20/control-series.txt
1790996550,2026-10-03T12:02:30+09:00,4246.0,OLTP,1,1,683290972160,166819085,55304843,1.3315258742727187,active_cumulative,/home/oy/iCAT/result/mixO-fixed37-chunked-20261003/mixO-fixed37-rep1-x20/control-series.txt
1790996580,2026-10-03T12:03:00+09:00,4276.0,OLTP,1,1,688113328128,167996418,55638315,1.3311875078193631,active_cumulative,/home/oy/iCAT/result/mixO-fixed37-chunked-20261003/mixO-fixed37-rep1-x20/control-series.txt
1790996610,2026-10-03T12:03:30+09:00,4306.0,OLTP,1,1,693110386688,169216403,55991558,1.3308872958373898,active_cumulative,/home/oy/iCAT/result/mixO-fixed37-chunked-20261003/mixO-fixed37-rep1-x20/control-series.txt
1790996640,2026-10-03T12:04:00+09:00,4336.0,OLTP,1,1,698130210816,170441946,56348778,1.3306039347849268,active_cumulative,/home/oy/iCAT/result/mixO-fixed37-chunked-20261003/mixO-fixed37-rep1-x20/control-series.txt
1790996670,2026-10-03T12:04:30+09:00,4366.0,OLTP,1,1,703189602304,171677149,56711247,1.3303366075819443,active_cumulative,/home/oy/iCAT/result/mixO-fixed37-chunked-20261003/mixO-fixed37-rep1-x20/control-series.txt
1790996700,2026-10-03T12:05:00+09:00,4396.0,OLTP,1,1,708053164032,172864542,57052352,1.3300408015427478,active_cumulative,/home/oy/iCAT/result/mixO-fixed37-chunked-20261003/mixO-fixed37-rep1-x20/control-series.txt
1790996730,2026-10-03T12:05:30+09:00,4426.0,OLTP,1,1,712928796672,174054882,57397157,1.3297647060540365,active_cumulative,/home/oy/iCAT/result/mixO-fixed37-chunked-20261003/mixO-fixed37-rep1-x20/control-series.txt
1790996760,2026-10-03T12:06:00+09:00,4456.0,OLTP,1,1,717959757824,175283144,57751772,1.3294770431548169,active_cumulative,/home/oy/iCAT/result/mixO-fixed37-chunked-20261003/mixO-fixed37-rep1-x20/control-series.txt
1790996790,2026-10-03T12:06:30+09:00,4486.0,OLTP,1,1,722758533120,176454720,58092590,1.3292209468808769,active_cumulative,/home/oy/iCAT/result/mixO-fixed37-chunked-20261003/mixO-fixed37-rep1-x20/control-series.txt
1790996820,2026-10-03T12:07:00+09:00,4516.0,OLTP,1,1,727649546240,177648815,58432824,1.3289232410584895,active_cumulative,/home/oy/iCAT/result/mixO-fixed37-chunked-20261003/mixO-fixed37-rep1-x20/control-series.txt
1790996850,2026-10-03T12:07:30+09:00,4546.0,OLTP,1,1,732075560960,178729385,58747778,1.3286968060680118,active_cumulative,/home/oy/iCAT/result/mixO-fixed37-chunked-20261003/mixO-fixed37-rep1-x20/control-series.txt
1790996881,2026-10-03T12:08:01+09:00,4577.0,OLTP,1,1,736944648192,179918127,59091209,1.3284338825959432,active_cumulative,/home/oy/iCAT/result/mixO-fixed37-chunked-20261003/mixO-fixed37-rep1-x20/control-series.txt
1790996911,2026-10-03T12:08:31+09:00,4607.0,OLTP,1,1,741797060608,181102798,59436030,1.3281894628706952,active_cumulative,/home/oy/iCAT/result/mixO-fixed37-chunked-20261003/mixO-fixed37-rep1-x20/control-series.txt
1790996941,2026-10-03T12:09:01+09:00,4637.0,OLTP,1,1,746517102592,182255152,59770796,1.3279512010722199,active_cumulative,/home/oy/iCAT/result/mixO-fixed37-chunked-20261003/mixO-fixed37-rep1-x20/control-series.txt
1790996971,2026-10-03T12:09:31+09:00,4667.0,OLTP,1,1,751313702912,183426197,60111755,1.3277163021593912,active_cumulative,/home/oy/iCAT/result/mixO-fixed37-chunked-20261003/mixO-fixed37-rep1-x20/control-series.txt
1790997001,2026-10-03T12:10:01+09:00,4697.0,OLTP,1,1,755990556672,184568007,60442926,1.3274832241104495,active_cumulative,/home/oy/iCAT/result/mixO-fixed37-chunked-20261003/mixO-fixed37-rep1-x20/control-series.txt
1790997031,2026-10-03T12:10:31+09:00,4727.0,OLTP,1,1,760834883584,185750704,60790798,1.3272708888360392,active_cumulative,/home/oy/iCAT/result/mixO-fixed37-chunked-20261003/mixO-fixed37-rep1-x20/control-series.txt
1790997061,2026-10-03T12:11:01+09:00,4757.0,OLTP,1,1,765608402944,186916114,61132966,1.3270609723889295,active_cumulative,/home/oy/iCAT/result/mixO-fixed37-chunked-20261003/mixO-fixed37-rep1-x20/control-series.txt
1790997091,2026-10-03T12:11:31+09:00,4787.0,OLTP,1,1,770388627456,188083161,61474417,1.3268470004074422,active_cumulative,/home/oy/iCAT/result/mixO-fixed37-chunked-20261003/mixO-fixed37-rep1-x20/control-series.txt
1790997121,2026-10-03T12:12:01+09:00,4817.0,OLTP,1,1,775165538304,189249399,61814454,1.3266295920971458,active_cumulative,/home/oy/iCAT/result/mixO-fixed37-chunked-20261003/mixO-fixed37-rep1-x20/control-series.txt
1790997151,2026-10-03T12:12:31+09:00,4847.0,OLTP,1,1,780129538048,190461313,62163272,1.326382670689664,active_cumulative,/home/oy/iCAT/result/mixO-fixed37-chunked-20261003/mixO-fixed37-rep1-x20/control-series.txt
1790997181,2026-10-03T12:13:01+09:00,4877.0,OLTP,1,1,784909406208,191628273,62506606,1.3261867626391435,active_cumulative,/home/oy/iCAT/result/mixO-fixed37-chunked-20261003/mixO-fixed37-rep1-x20/control-series.txt
1790997211,2026-10-03T12:13:31+09:00,4907.0,OLTP,1,1,789710413824,192800394,62850892,1.3259894375527055,active_cumulative,/home/oy/iCAT/result/mixO-fixed37-chunked-20261003/mixO-fixed37-rep1-x20/control-series.txt
1790997241,2026-10-03T12:14:01+09:00,4937.0,OLTP,1,1,794525224960,193975885,63195349,1.325789718654976,active_cumulative,/home/oy/iCAT/result/mixO-fixed37-chunked-20261003/mixO-fixed37-rep1-x20/control-series.txt
1790997271,2026-10-03T12:14:31+09:00,4967.0,OLTP,1,1,799304929280,195142805,63538159,1.3255982663567842,active_cumulative,/home/oy/iCAT/result/mixO-fixed37-chunked-20261003/mixO-fixed37-rep1-x20/control-series.txt
1790997301,2026-10-03T12:15:01+09:00,4997.0,OLTP,1,1,804027531264,196295784,63871332,1.3253831065470056,active_cumulative,/home/oy/iCAT/result/mixO-fixed37-chunked-20261003/mixO-fixed37-rep1-x20/control-series.txt
1790997331,2026-10-03T12:15:31+09:00,5027.0,OLTP,1,1,808783507456,197456911,64210252,1.325186146561363,active_cumulative,/home/oy/iCAT/result/mixO-fixed37-chunked-20261003/mixO-fixed37-rep1-x20/control-series.txt
1790997361,2026-10-03T12:16:01+09:00,5057.0,OLTP,1,1,813591130112,198630647,64548357,1.324966756011221,active_cumulative,/home/oy/iCAT/result/mixO-fixed37-chunked-20261003/mixO-fixed37-rep1-x20/control-series.txt
1790997391,2026-10-03T12:16:31+09:00,5087.0,OLTP,1,1,818355306496,199793776,64888245,1.324776108140626,active_cumulative,/home/oy/iCAT/result/mixO-fixed37-chunked-20261003/mixO-fixed37-rep1-x20/control-series.txt
1790997421,2026-10-03T12:17:01+09:00,5117.0,OLTP,1,1,823046574080,200939105,65223679,1.3245942545628437,active_cumulative,/home/oy/iCAT/result/mixO-fixed37-chunked-20261003/mixO-fixed37-rep1-x20/control-series.txt
1790997451,2026-10-03T12:17:31+09:00,5147.0,OLTP,1,1,827795771392,202098577,65560343,1.3243978457107097,active_cumulative,/home/oy/iCAT/result/mixO-fixed37-chunked-20261003/mixO-fixed37-rep1-x20/control-series.txt
1790997481,2026-10-03T12:18:01+09:00,5177.0,OLTP,1,1,832536473600,203255975,65889932,1.3241721774722737,active_cumulative,/home/oy/iCAT/result/mixO-fixed37-chunked-20261003/mixO-fixed37-rep1-x20/control-series.txt
1790997511,2026-10-03T12:18:31+09:00,5207.0,OLTP,1,1,837334736896,204427426,66230292,1.3239794840443766,active_cumulative,/home/oy/iCAT/result/mixO-fixed37-chunked-20261003/mixO-fixed37-rep1-x20/control-series.txt
1790997542,2026-10-03T12:19:02+09:00,5238.0,OLTP,1,1,842145705984,205601979,66571061,1.323786090599838,active_cumulative,/home/oy/iCAT/result/mixO-fixed37-chunked-20261003/mixO-fixed37-rep1-x20/control-series.txt
1790997572,2026-10-03T12:19:32+09:00,5268.0,OLTP,1,1,846981345280,206782555,66916136,1.3236062926101284,active_cumulative,/home/oy/iCAT/result/mixO-fixed37-chunked-20261003/mixO-fixed37-rep1-x20/control-series.txt
1790997602,2026-10-03T12:20:02+09:00,5298.0,OLTP,1,1,851715231744,207938289,67249234,1.3234095765787512,active_cumulative,/home/oy/iCAT/result/mixO-fixed37-chunked-20261003/mixO-fixed37-rep1-x20/control-series.txt
1790997632,2026-10-03T12:20:32+09:00,5328.0,OLTP,1,1,856650358784,209143154,67596780,1.3232081887796336,active_cumulative,/home/oy/iCAT/result/mixO-fixed37-chunked-20261003/mixO-fixed37-rep1-x20/control-series.txt
1790997662,2026-10-03T12:21:02+09:00,5358.0,OLTP,1,1,861447843840,210314415,67936159,1.3230218860652039,active_cumulative,/home/oy/iCAT/result/mixO-fixed37-chunked-20261003/mixO-fixed37-rep1-x20/control-series.txt
1790997692,2026-10-03T12:21:32+09:00,5388.0,OLTP,1,1,866261430272,211489607,68281014,1.322857538810406,active_cumulative,/home/oy/iCAT/result/mixO-fixed37-chunked-20261003/mixO-fixed37-rep1-x20/control-series.txt
1790997722,2026-10-03T12:22:02+09:00,5418.0,OLTP,1,1,871037014016,212655521,68621857,1.3226902206785405,active_cumulative,/home/oy/iCAT/result/mixO-fixed37-chunked-20261003/mixO-fixed37-rep1-x20/control-series.txt
1790997752,2026-10-03T12:22:32+09:00,5448.0,OLTP,1,1,875272593408,213689598,68914583,1.3224985382770011,active_cumulative,/home/oy/iCAT/result/mixO-fixed37-chunked-20261003/mixO-fixed37-rep1-x20/control-series.txt
1790997782,2026-10-03T12:23:02+09:00,5478.0,OLTP,1,1,880223309824,214898269,69260285,1.3222933591894126,active_cumulative,/home/oy/iCAT/result/mixO-fixed37-chunked-20261003/mixO-fixed37-rep1-x20/control-series.txt
1790997812,2026-10-03T12:23:32+09:00,5508.0,OLTP,1,1,885076942848,216083238,69597955,1.3220886341956797,active_cumulative,/home/oy/iCAT/result/mixO-fixed37-chunked-20261003/mixO-fixed37-rep1-x20/control-series.txt
1790997842,2026-10-03T12:24:02+09:00,5538.0,OLTP,1,1,890107727872,217311457,69950157,1.321888951303658,active_cumulative,/home/oy/iCAT/result/mixO-fixed37-chunked-20261003/mixO-fixed37-rep1-x20/control-series.txt
1790997872,2026-10-03T12:24:32+09:00,5568.0,OLTP,1,1,895032844288,218513878,70297207,1.321705914715403,active_cumulative,/home/oy/iCAT/result/mixO-fixed37-chunked-20261003/mixO-fixed37-rep1-x20/control-series.txt
1790997902,2026-10-03T12:25:02+09:00,5598.0,OLTP,1,1,900013297664,219729809,70645643,1.3215114204190657,active_cumulative,/home/oy/iCAT/result/mixO-fixed37-chunked-20261003/mixO-fixed37-rep1-x20/control-series.txt
1790997932,2026-10-03T12:25:32+09:00,5628.0,OLTP,1,1,905012408320,220950295,70996295,1.3213224720971746,active_cumulative,/home/oy/iCAT/result/mixO-fixed37-chunked-20261003/mixO-fixed37-rep1-x20/control-series.txt
1790997962,2026-10-03T12:26:02+09:00,5658.0,OLTP,1,1,910015344640,222171715,71350050,1.321148216369487,active_cumulative,/home/oy/iCAT/result/mixO-fixed37-chunked-20261003/mixO-fixed37-rep1-x20/control-series.txt
1790997992,2026-10-03T12:26:32+09:00,5688.0,OLTP,1,1,914849517568,223351933,71689936,1.320972982132194,active_cumulative,/home/oy/iCAT/result/mixO-fixed37-chunked-20261003/mixO-fixed37-rep1-x20/control-series.txt
1790998022,2026-10-03T12:27:02+09:00,5718.0,OLTP,1,1,919779168256,224555461,72029481,1.320764770891054,active_cumulative,/home/oy/iCAT/result/mixO-fixed37-chunked-20261003/mixO-fixed37-rep1-x20/control-series.txt
1790998052,2026-10-03T12:27:32+09:00,5748.0,OLTP,1,1,924678537216,225751596,72370456,1.3205756117888088,active_cumulative,/home/oy/iCAT/result/mixO-fixed37-chunked-20261003/mixO-fixed37-rep1-x20/control-series.txt
1790998082,2026-10-03T12:28:02+09:00,5778.0,OLTP,1,1,929562030080,226943855,72708209,1.3203797212310509,active_cumulative,/home/oy/iCAT/result/mixO-fixed37-chunked-20261003/mixO-fixed37-rep1-x20/control-series.txt
1790998112,2026-10-03T12:28:32+09:00,5808.0,OLTP,1,1,934505091072,228150657,73049529,1.3201811029630304,active_cumulative,/home/oy/iCAT/result/mixO-fixed37-chunked-20261003/mixO-fixed37-rep1-x20/control-series.txt
1790998142,2026-10-03T12:29:02+09:00,5838.0,OLTP,1,1,939478261760,229364810,73392348,1.3199808549532948,active_cumulative,/home/oy/iCAT/result/mixO-fixed37-chunked-20261003/mixO-fixed37-rep1-x20/control-series.txt
1790998172,2026-10-03T12:29:32+09:00,5868.0,OLTP,1,1,944447160320,230577920,73735041,1.3197836158813472,active_cumulative,/home/oy/iCAT/result/mixO-fixed37-chunked-20261003/mixO-fixed37-rep1-x20/control-series.txt
1790998203,2026-10-03T12:30:03+09:00,5899.0,OLTP,1,1,949219790848,231743113,74064195,1.3195960994966007,active_cumulative,/home/oy/iCAT/result/mixO-fixed37-chunked-20261003/mixO-fixed37-rep1-x20/control-series.txt
1790998233,2026-10-03T12:30:33+09:00,5929.0,OLTP,1,1,954232422400,232966900,74411256,1.3194069887181397,active_cumulative,/home/oy/iCAT/result/mixO-fixed37-chunked-20261003/mixO-fixed37-rep1-x20/control-series.txt
1790998263,2026-10-03T12:31:03+09:00,5959.0,OLTP,1,1,959246684160,234191085,74759345,1.3192237014487551,active_cumulative,/home/oy/iCAT/result/mixO-fixed37-chunked-20261003/mixO-fixed37-rep1-x20/control-series.txt
1790998293,2026-10-03T12:31:33+09:00,5989.0,OLTP,1,1,964228296704,235407299,75106480,1.3190490707766882,active_cumulative,/home/oy/iCAT/result/mixO-fixed37-chunked-20261003/mixO-fixed37-rep1-x20/control-series.txt
1790998323,2026-10-03T12:32:03+09:00,6019.0,OLTP,1,1,969134415872,236605082,75447820,1.3188765827100872,active_cumulative,/home/oy/iCAT/result/mixO-fixed37-chunked-20261003/mixO-fixed37-rep1-x20/control-series.txt
1790998353,2026-10-03T12:32:33+09:00,6049.0,OLTP,1,1,974043074560,237803485,75789407,1.3187060399892794,active_cumulative,/home/oy/iCAT/result/mixO-fixed37-chunked-20261003/mixO-fixed37-rep1-x20/control-series.txt
1790998383,2026-10-03T12:33:03+09:00,6079.0,OLTP,1,1,978890584064,238986959,76123209,1.3185245308719962,active_cumulative,/home/oy/iCAT/result/mixO-fixed37-chunked-20261003/mixO-fixed37-rep1-x20/control-series.txt
1790998413,2026-10-03T12:33:33+09:00,6109.0,OLTP,1,1,983824158720,240191445,76464346,1.3183474998453837,active_cumulative,/home/oy/iCAT/result/mixO-fixed37-chunked-20261003/mixO-fixed37-rep1-x20/control-series.txt
1790998443,2026-10-03T12:34:03+09:00,6139.0,OLTP,1,1,988811501568,241409058,76811898,1.3181815075058203,active_cumulative,/home/oy/iCAT/result/mixO-fixed37-chunked-20261003/mixO-fixed37-rep1-x20/control-series.txt
1790998473,2026-10-03T12:34:33+09:00,6169.0,OLTP,1,1,993492824064,242551959,77131827,1.3180012534963694,active_cumulative,/home/oy/iCAT/result/mixO-fixed37-chunked-20261003/mixO-fixed37-rep1-x20/control-series.txt
1790998503,2026-10-03T12:35:03+09:00,6199.0,OLTP,1,1,998232227840,243709040,77457807,1.3178290267771766,active_cumulative,/home/oy/iCAT/result/mixO-fixed37-chunked-20261003/mixO-fixed37-rep1-x20/control-series.txt
1790998533,2026-10-03T12:35:33+09:00,6229.0,OLTP,1,1,1002890579968,244846333,77779161,1.317665206772772,active_cumulative,/home/oy/iCAT/result/mixO-fixed37-chunked-20261003/mixO-fixed37-rep1-x20/control-series.txt
1790998563,2026-10-03T12:36:03+09:00,6259.0,OLTP,1,1,1007661445120,246011095,78105942,1.3174895099751498,active_cumulative,/home/oy/iCAT/result/mixO-fixed37-chunked-20261003/mixO-fixed37-rep1-x20/control-series.txt
1790998594,2026-10-03T12:36:34+09:00,6290.0,OLTP,1,1,1012608909312,247218972,78446728,1.317316779393452,active_cumulative,/home/oy/iCAT/result/mixO-fixed37-chunked-20261003/mixO-fixed37-rep1-x20/control-series.txt
1790998624,2026-10-03T12:37:04+09:00,6320.0,OLTP,1,1,1017567055872,248429457,78788781,1.3171474991389607,active_cumulative,/home/oy/iCAT/result/mixO-fixed37-chunked-20261003/mixO-fixed37-rep1-x20/control-series.txt
1790998654,2026-10-03T12:37:34+09:00,6350.0,OLTP,1,1,1021932879872,249495332,79093527,1.317014055397237,active_cumulative,/home/oy/iCAT/result/mixO-fixed37-chunked-20261003/mixO-fixed37-rep1-x20/control-series.txt
1790998684,2026-10-03T12:38:04+09:00,6380.0,OLTP,1,1,1026739691520,250668870,79432546,1.3168823715525586,active_cumulative,/home/oy/iCAT/result/mixO-fixed37-chunked-20261003/mixO-fixed37-rep1-x20/control-series.txt
1790998714,2026-10-03T12:38:34+09:00,6410.0,OLTP,1,1,1031535423488,251839703,79768620,1.3167436232244922,active_cumulative,/home/oy/iCAT/result/mixO-fixed37-chunked-20261003/mixO-fixed37-rep1-x20/control-series.txt
1790998744,2026-10-03T12:39:04+09:00,6440.0,OLTP,1,1,1036360359936,253017666,80105103,1.3165988536152256,active_cumulative,/home/oy/iCAT/result/mixO-fixed37-chunked-20261003/mixO-fixed37-rep1-x20/control-series.txt
1790998774,2026-10-03T12:39:34+09:00,6470.0,OLTP,1,1,1041171771392,254192327,80442223,1.316462042538365,active_cumulative,/home/oy/iCAT/result/mixO-fixed37-chunked-20261003/mixO-fixed37-rep1-x20/control-series.txt
1790998804,2026-10-03T12:40:04+09:00,6500.0,OLTP,1,1,1045932081152,255354512,80773857,1.3163204611790842,active_cumulative,/home/oy/iCAT/result/mixO-fixed37-chunked-20261003/mixO-fixed37-rep1-x20/control-series.txt
1790998834,2026-10-03T12:40:34+09:00,6530.0,OLTP,1,1,1050654838784,256507529,81105441,1.316191268600151,active_cumulative,/home/oy/iCAT/result/mixO-fixed37-chunked-20261003/mixO-fixed37-rep1-x20/control-series.txt
1790998864,2026-10-03T12:41:04+09:00,6560.0,OLTP,1,1,1055506616320,257692045,81446964,1.3160631675688708,active_cumulative,/home/oy/iCAT/result/mixO-fixed37-chunked-20261003/mixO-fixed37-rep1-x20/control-series.txt
1790998894,2026-10-03T12:41:34+09:00,6590.0,OLTP,1,1,1060276723712,258856622,81784829,1.315946443124024,active_cumulative,/home/oy/iCAT/result/mixO-fixed37-chunked-20261003/mixO-fixed37-rep1-x20/control-series.txt
1790998924,2026-10-03T12:42:04+09:00,6620.0,OLTP,1,1,1064967835648,260001913,82113753,1.3158198032181403,active_cumulative,/home/oy/iCAT/result/mixO-fixed37-chunked-20261003/mixO-fixed37-rep1-x20/control-series.txt
1790998954,2026-10-03T12:42:34+09:00,6650.0,OLTP,1,1,1069761290240,261172190,82451319,1.3156971613248716,active_cumulative,/home/oy/iCAT/result/mixO-fixed37-chunked-20261003/mixO-fixed37-rep1-x20/control-series.txt
1790998984,2026-10-03T12:43:04+09:00,6680.0,OLTP,1,1,1074552197120,262341845,82788630,1.3155753898124791,active_cumulative,/home/oy/iCAT/result/mixO-fixed37-chunked-20261003/mixO-fixed37-rep1-x20/control-series.txt
1790999014,2026-10-03T12:43:34+09:00,6710.0,OLTP,1,1,1079322722304,263506524,83126279,1.3154619389992788,active_cumulative,/home/oy/iCAT/result/mixO-fixed37-chunked-20261003/mixO-fixed37-rep1-x20/control-series.txt
1790999044,2026-10-03T12:44:04+09:00,6740.0,OLTP,1,1,1084162342912,264688072,83464693,1.3153322791213653,active_cumulative,/home/oy/iCAT/result/mixO-fixed37-chunked-20261003/mixO-fixed37-rep1-x20/control-series.txt
1790999074,2026-10-03T12:44:34+09:00,6770.0,OLTP,1,1,1088965357568,265860683,83804956,1.3152213221388587,active_cumulative,/home/oy/iCAT/result/mixO-fixed37-chunked-20261003/mixO-fixed37-rep1-x20/control-series.txt
1790999105,2026-10-03T12:45:05+09:00,6801.0,OLTP,1,1,1093759639552,267031162,84140139,1.3150948315163307,active_cumulative,/home/oy/iCAT/result/mixO-fixed37-chunked-20261003/mixO-fixed37-rep1-x20/control-series.txt
1790999135,2026-10-03T12:45:35+09:00,6831.0,OLTP,,,,,,,inactive_or_zero,/home/oy/iCAT/result/mixO-fixed37-chunked-20261003/mixO-fixed37-rep1-x20/control-series.txt
1790999165,2026-10-03T12:46:05+09:00,6861.0,OLTP,1,1,1103376437248,269379013,84812057,1.314842853032504,active_cumulative,/home/oy/iCAT/result/mixO-fixed37-chunked-20261003/mixO-fixed37-rep1-x20/control-series.txt
1790999195,2026-10-03T12:46:35+09:00,6891.0,OLTP,1,1,1108030095360,270515160,85136734,1.3147207498463302,active_cumulative,/home/oy/iCAT/result/mixO-fixed37-chunked-20261003/mixO-fixed37-rep1-x20/control-series.txt
1790999225,2026-10-03T12:47:05+09:00,6921.0,OLTP,1,1,1112844660736,271690591,85473391,1.3145982740344513,active_cumulative,/home/oy/iCAT/result/mixO-fixed37-chunked-20261003/mixO-fixed37-rep1-x20/control-series.txt
1790999255,2026-10-03T12:47:35+09:00,6951.0,OLTP,1,1,1117596233728,272850643,85809581,1.3144928670738005,active_cumulative,/home/oy/iCAT/result/mixO-fixed37-chunked-20261003/mixO-fixed37-rep1-x20/control-series.txt
1790999285,2026-10-03T12:48:05+09:00,6981.0,OLTP,1,1,1122331492352,274006712,86142827,1.3143821783460545,active_cumulative,/home/oy/iCAT/result/mixO-fixed37-chunked-20261003/mixO-fixed37-rep1-x20/control-series.txt
1790999315,2026-10-03T12:48:35+09:00,7011.0,OLTP,1,1,1127187742720,275192320,86483546,1.3142658414304584,active_cumulative,/home/oy/iCAT/result/mixO-fixed37-chunked-20261003/mixO-fixed37-rep1-x20/control-series.txt
1790999345,2026-10-03T12:49:05+09:00,7041.0,OLTP,1,1,1132042330112,276377522,86827326,1.3141620395597873,active_cumulative,/home/oy/iCAT/result/mixO-fixed37-chunked-20261003/mixO-fixed37-rep1-x20/control-series.txt
1790999375,2026-10-03T12:49:35+09:00,7071.0,OLTP,1,1,1136808624128,277541168,87160542,1.3140454536099668,active_cumulative,/home/oy/iCAT/result/mixO-fixed37-chunked-20261003/mixO-fixed37-rep1-x20/control-series.txt
1790999405,2026-10-03T12:50:05+09:00,7101.0,OLTP,1,1,1141487353856,278683436,87488975,1.3139367601309466,active_cumulative,/home/oy/iCAT/result/mixO-fixed37-chunked-20261003/mixO-fixed37-rep1-x20/control-series.txt
1790999435,2026-10-03T12:50:35+09:00,7131.0,OLTP,1,1,1146278281216,279853096,87822618,1.3138168533965406,active_cumulative,/home/oy/iCAT/result/mixO-fixed37-chunked-20261003/mixO-fixed37-rep1-x20/control-series.txt
1790999465,2026-10-03T12:51:05+09:00,7161.0,OLTP,1,1,1150823215104,280962699,88136693,1.313695352848244,active_cumulative,/home/oy/iCAT/result/mixO-fixed37-chunked-20261003/mixO-fixed37-rep1-x20/control-series.txt
1790999495,2026-10-03T12:51:35+09:00,7191.0,OLTP,1,1,1155628318720,282135820,88469649,1.3135711339311684,active_cumulative,/home/oy/iCAT/result/mixO-fixed37-chunked-20261003/mixO-fixed37-rep1-x20/control-series.txt
1790999525,2026-10-03T12:52:05+09:00,7221.0,OLTP,1,1,1160461561856,283315811,88810103,1.3134668082467167,active_cumulative,/home/oy/iCAT/result/mixO-fixed37-chunked-20261003/mixO-fixed37-rep1-x20/control-series.txt
1790999555,2026-10-03T12:52:35+09:00,7251.0,OLTP,1,1,1164718522368,284355108,89107441,1.3133667674434744,active_cumulative,/home/oy/iCAT/result/mixO-fixed37-chunked-20261003/mixO-fixed37-rep1-x20/control-series.txt
1790999585,2026-10-03T12:53:05+09:00,7281.0,OLTP,1,1,1169627901952,285553687,89454022,1.313265161937832,active_cumulative,/home/oy/iCAT/result/mixO-fixed37-chunked-20261003/mixO-fixed37-rep1-x20/control-series.txt
1790999616,2026-10-03T12:53:36+09:00,7312.0,OLTP,1,1,1174566821888,286759478,89801049,1.3131580850485438,active_cumulative,/home/oy/iCAT/result/mixO-fixed37-chunked-20261003/mixO-fixed37-rep1-x20/control-series.txt
1790999646,2026-10-03T12:54:06+09:00,7342.0,OLTP,1,1,1179421114368,287944608,90142367,1.313054540684436,active_cumulative,/home/oy/iCAT/result/mixO-fixed37-chunked-20261003/mixO-fixed37-rep1-x20/control-series.txt
1790999676,2026-10-03T12:54:36+09:00,7372.0,OLTP,1,1,1184379920384,289155254,90487991,1.3129391209332824,active_cumulative,/home/oy/iCAT/result/mixO-fixed37-chunked-20261003/mixO-fixed37-rep1-x20/control-series.txt
1790999706,2026-10-03T12:55:06+09:00,7402.0,OLTP,1,1,1189215461376,290335806,90826214,1.31283159749163,active_cumulative,/home/oy/iCAT/result/mixO-fixed37-chunked-20261003/mixO-fixed37-rep1-x20/control-series.txt
1790999736,2026-10-03T12:55:36+09:00,7432.0,OLTP,1,1,1194074640384,291522129,91169786,1.3127371027123638,active_cumulative,/home/oy/iCAT/result/mixO-fixed37-chunked-20261003/mixO-fixed37-rep1-x20/control-series.txt
1790999766,2026-10-03T12:56:06+09:00,7462.0,OLTP,1,1,1199032590336,292732566,91517127,1.3126304949617391,active_cumulative,/home/oy/iCAT/result/mixO-fixed37-chunked-20261003/mixO-fixed37-rep1-x20/control-series.txt
1790999796,2026-10-03T12:56:36+09:00,7492.0,OLTP,1,1,1203955769344,293934514,91866707,1.3125414084580758,active_cumulative,/home/oy/iCAT/result/mixO-fixed37-chunked-20261003/mixO-fixed37-rep1-x20/control-series.txt
1790999826,2026-10-03T12:57:06+09:00,7522.0,OLTP,1,1,1208866451456,295133411,92209873,1.3124345450674848,active_cumulative,/home/oy/iCAT/result/mixO-fixed37-chunked-20261003/mixO-fixed37-rep1-x20/control-series.txt
1790999856,2026-10-03T12:57:36+09:00,7552.0,OLTP,1,1,1213811957760,296340810,92555017,1.3123262604296722,active_cumulative,/home/oy/iCAT/result/mixO-fixed37-chunked-20261003/mixO-fixed37-rep1-x20/control-series.txt
1790999886,2026-10-03T12:58:06+09:00,7582.0,OLTP,1,1,1218660204544,297524464,92892059,1.312216540956444,active_cumulative,/home/oy/iCAT/result/mixO-fixed37-chunked-20261003/mixO-fixed37-rep1-x20/control-series.txt
1790999916,2026-10-03T12:58:36+09:00,7612.0,OLTP,1,1,1223641960448,298740713,93240318,1.312111185193563,active_cumulative,/home/oy/iCAT/result/mixO-fixed37-chunked-20261003/mixO-fixed37-rep1-x20/control-series.txt
1790999946,2026-10-03T12:59:06+09:00,7642.0,OLTP,1,1,1228548239360,299938535,93582730,1.31200635823603,active_cumulative,/home/oy/iCAT/result/mixO-fixed37-chunked-20261003/mixO-fixed37-rep1-x20/control-series.txt
1790999976,2026-10-03T12:59:36+09:00,7672.0,OLTP,1,1,1233434103808,301131373,93929243,1.3119211461238214,active_cumulative,/home/oy/iCAT/result/mixO-fixed37-chunked-20261003/mixO-fixed37-rep1-x20/control-series.txt
1791000006,2026-10-03T13:00:06+09:00,7702.0,OLTP,1,1,1238075633664,302264559,94247888,1.3118059500981722,active_cumulative,/home/oy/iCAT/result/mixO-fixed37-chunked-20261003/mixO-fixed37-rep1-x20/control-series.txt
1791000036,2026-10-03T13:00:36+09:00,7732.0,OLTP,1,1,1242968797184,303459179,94588074,1.3116994987981563,active_cumulative,/home/oy/iCAT/result/mixO-fixed37-chunked-20261003/mixO-fixed37-rep1-x20/control-series.txt
1791000066,2026-10-03T13:01:06+09:00,7762.0,OLTP,1,1,1247781732352,304634212,94923141,1.3115971130648976,active_cumulative,/home/oy/iCAT/result/mixO-fixed37-chunked-20261003/mixO-fixed37-rep1-x20/control-series.txt
1791000096,2026-10-03T13:01:36+09:00,7792.0,OLTP,1,1,1252749869056,305847136,95275201,1.3115124838049816,active_cumulative,/home/oy/iCAT/result/mixO-fixed37-chunked-20261003/mixO-fixed37-rep1-x20/control-series.txt
1791000126,2026-10-03T13:02:06+09:00,7822.0,OLTP,1,1,1257390776320,306980170,95596271,1.3114086196512302,active_cumulative,/home/oy/iCAT/result/mixO-fixed37-chunked-20261003/mixO-fixed37-rep1-x20/control-series.txt
1791000156,2026-10-03T13:02:36+09:00,7852.0,OLTP,1,1,1262287204352,308175587,95930852,1.311286344690243,active_cumulative,/home/oy/iCAT/result/mixO-fixed37-chunked-20261003/mixO-fixed37-rep1-x20/control-series.txt
1791000187,2026-10-03T13:03:07+09:00,7883.0,OLTP,1,1,1267087298560,309347485,96265165,1.3111878055190913,active_cumulative,/home/oy/iCAT/result/mixO-fixed37-chunked-20261003/mixO-fixed37-rep1-x20/control-series.txt
1791000217,2026-10-03T13:03:37+09:00,7913.0,OLTP,1,1,1271987482624,310543819,96614208,1.311112964061281,active_cumulative,/home/oy/iCAT/result/mixO-fixed37-chunked-20261003/mixO-fixed37-rep1-x20/control-series.txt
1791000247,2026-10-03T13:04:07+09:00,7943.0,OLTP,1,1,1276765253632,311710267,96952636,1.3110344645786083,active_cumulative,/home/oy/iCAT/result/mixO-fixed37-chunked-20261003/mixO-fixed37-rep1-x20/control-series.txt
1791000277,2026-10-03T13:04:37+09:00,7973.0,OLTP,1,1,1281727639552,312921787,97295870,1.310927119945151,active_cumulative,/home/oy/iCAT/result/mixO-fixed37-chunked-20261003/mixO-fixed37-rep1-x20/control-series.txt
1791000307,2026-10-03T13:05:07+09:00,8003.0,OLTP,1,1,1286682136576,314131381,97641723,1.3108308462821165,active_cumulative,/home/oy/iCAT/result/mixO-fixed37-chunked-20261003/mixO-fixed37-rep1-x20/control-series.txt
1791000337,2026-10-03T13:05:37+09:00,8033.0,OLTP,1,1,1291470897152,315300512,97972762,1.3107282045897852,active_cumulative,/home/oy/iCAT/result/mixO-fixed37-chunked-20261003/mixO-fixed37-rep1-x20/control-series.txt
1791000367,2026-10-03T13:06:07+09:00,8063.0,OLTP,1,1,1296412692480,316507005,98314501,1.3106234599768178,active_cumulative,/home/oy/iCAT/result/mixO-fixed37-chunked-20261003/mixO-fixed37-rep1-x20/control-series.txt
1791000397,2026-10-03T13:06:37+09:00,8093.0,OLTP,1,1,1301311664128,317703043,98660960,1.3105445861278704,active_cumulative,/home/oy/iCAT/result/mixO-fixed37-chunked-20261003/mixO-fixed37-rep1-x20/control-series.txt
1791000427,2026-10-03T13:07:07+09:00,8123.0,OLTP,1,1,1306297401344,318920264,99011571,1.3104587013636737,active_cumulative,/home/oy/iCAT/result/mixO-fixed37-chunked-20261003/mixO-fixed37-rep1-x20/control-series.txt
1791000457,2026-10-03T13:07:37+09:00,8153.0,OLTP,1,1,1310597148672,319970007,99312549,1.3103808070360794,active_cumulative,/home/oy/iCAT/result/mixO-fixed37-chunked-20261003/mixO-fixed37-rep1-x20/control-series.txt
1791000487,2026-10-03T13:08:07+09:00,8183.0,OLTP,1,1,1315271946240,321111315,99632882,1.3102752140640077,active_cumulative,/home/oy/iCAT/result/mixO-fixed37-chunked-20261003/mixO-fixed37-rep1-x20/control-series.txt
1791000517,2026-10-03T13:08:37+09:00,8213.0,OLTP,1,1,1320143638528,322300693,99976809,1.3101973131655662,active_cumulative,/home/oy/iCAT/result/mixO-fixed37-chunked-20261003/mixO-fixed37-rep1-x20/control-series.txt
1791000547,2026-10-03T13:09:07+09:00,8243.0,OLTP,1,1,1325019963392,323491202,100324032,1.310129089693141,active_cumulative,/home/oy/iCAT/result/mixO-fixed37-chunked-20261003/mixO-fixed37-rep1-x20/control-series.txt
1791000577,2026-10-03T13:09:37+09:00,8273.0,OLTP,1,1,1329956171776,324696331,100672913,1.3100525118037136,active_cumulative,/home/oy/iCAT/result/mixO-fixed37-chunked-20261003/mixO-fixed37-rep1-x20/control-series.txt
1791000607,2026-10-03T13:10:07+09:00,8303.0,OLTP,1,1,1334709788672,325856882,101004300,1.3099652196389702,active_cumulative,/home/oy/iCAT/result/mixO-fixed37-chunked-20261003/mixO-fixed37-rep1-x20/control-series.txt
1791000638,2026-10-03T13:10:38+09:00,8334.0,OLTP,1,1,1339522502656,327031861,101338215,1.3098726059599435,active_cumulative,/home/oy/iCAT/result/mixO-fixed37-chunked-20261003/mixO-fixed37-rep1-x20/control-series.txt
1791000668,2026-10-03T13:11:08+09:00,8364.0,OLTP,1,1,1344332402688,328206153,101677537,1.3097977782275154,active_cumulative,/home/oy/iCAT/result/mixO-fixed37-chunked-20261003/mixO-fixed37-rep1-x20/control-series.txt
1791000698,2026-10-03T13:11:38+09:00,8394.0,OLTP,1,1,1349140017152,329379887,102010489,1.3097046693685943,active_cumulative,/home/oy/iCAT/result/mixO-fixed37-chunked-20261003/mixO-fixed37-rep1-x20/control-series.txt
1791000728,2026-10-03T13:12:08+09:00,8424.0,OLTP,1,1,1354064879616,330582246,102353218,1.3096149876118877,active_cumulative,/home/oy/iCAT/result/mixO-fixed37-chunked-20261003/mixO-fixed37-rep1-x20/control-series.txt
1791000758,2026-10-03T13:12:38+09:00,8454.0,OLTP,1,1,1358811234304,331741024,102685959,1.309536510624625,active_cumulative,/home/oy/iCAT/result/mixO-fixed37-chunked-20261003/mixO-fixed37-rep1-x20/control-series.txt
1791000788,2026-10-03T13:13:08+09:00,8484.0,OLTP,1,1,1363407937536,332863266,103003532,1.309446978748325,active_cumulative,/home/oy/iCAT/result/mixO-fixed37-chunked-20261003/mixO-fixed37-rep1-x20/control-series.txt
1791000818,2026-10-03T13:13:38+09:00,8514.0,OLTP,1,1,1368308011008,334059573,103343111,1.3093553346546365,active_cumulative,/home/oy/iCAT/result/mixO-fixed37-chunked-20261003/mixO-fixed37-rep1-x20/control-series.txt
1791000848,2026-10-03T13:14:08+09:00,8544.0,OLTP,1,1,1373128114176,335236356,103680782,1.3092766644916043,active_cumulative,/home/oy/iCAT/result/mixO-fixed37-chunked-20261003/mixO-fixed37-rep1-x20/control-series.txt
1791000878,2026-10-03T13:14:38+09:00,8574.0,OLTP,1,1,1378050629632,336438142,104028342,1.30920495928788,active_cumulative,/home/oy/iCAT/result/mixO-fixed37-chunked-20261003/mixO-fixed37-rep1-x20/control-series.txt
1791000908,2026-10-03T13:15:08+09:00,8604.0,OLTP,1,1,1382936129536,337630891,104366633,1.3091145857266953,active_cumulative,/home/oy/iCAT/result/mixO-fixed37-chunked-20261003/mixO-fixed37-rep1-x20/control-series.txt
1791000938,2026-10-03T13:15:38+09:00,8634.0,OLTP,1,1,1387805966336,338819816,104707938,1.309037231753883,active_cumulative,/home/oy/iCAT/result/mixO-fixed37-chunked-20261003/mixO-fixed37-rep1-x20/control-series.txt
1791000968,2026-10-03T13:16:08+09:00,8664.0,OLTP,1,1,1392634118144,339998564,105042247,1.3089490901496865,active_cumulative,/home/oy/iCAT/result/mixO-fixed37-chunked-20261003/mixO-fixed37-rep1-x20/control-series.txt
1791000998,2026-10-03T13:16:38+09:00,8694.0,OLTP,1,1,1397481287680,341181955,105380866,1.3088699869839249,active_cumulative,/home/oy/iCAT/result/mixO-fixed37-chunked-20261003/mixO-fixed37-rep1-x20/control-series.txt
1791001028,2026-10-03T13:17:08+09:00,8724.0,OLTP,1,1,1402371457024,342375844,105726953,1.308803774719574,active_cumulative,/home/oy/iCAT/result/mixO-fixed37-chunked-20261003/mixO-fixed37-rep1-x20/control-series.txt
1791001058,2026-10-03T13:17:38+09:00,8754.0,OLTP,1,1,1407330619392,343586577,106072660,1.308721781060731,active_cumulative,/home/oy/iCAT/result/mixO-fixed37-chunked-20261003/mixO-fixed37-rep1-x20/control-series.txt
1791001088,2026-10-03T13:18:08+09:00,8784.0,OLTP,1,1,1412142706688,344761403,106406930,1.308639334548711,active_cumulative,/home/oy/iCAT/result/mixO-fixed37-chunked-20261003/mixO-fixed37-rep1-x20/control-series.txt
1791001118,2026-10-03T13:18:38+09:00,8814.0,OLTP,1,1,1417015865344,345951139,106743322,1.308550283454913,active_cumulative,/home/oy/iCAT/result/mixO-fixed37-chunked-20261003/mixO-fixed37-rep1-x20/control-series.txt
1791001148,2026-10-03T13:19:08+09:00,8844.0,OLTP,1,1,1421925388288,347149753,107086750,1.308474222074414,active_cumulative,/home/oy/iCAT/result/mixO-fixed37-chunked-20261003/mixO-fixed37-rep1-x20/control-series.txt
1791001178,2026-10-03T13:19:38+09:00,8874.0,OLTP,1,1,1426836684800,348348800,107427727,1.3083912647323603,active_cumulative,/home/oy/iCAT/result/mixO-fixed37-chunked-20261003/mixO-fixed37-rep1-x20/control-series.txt
1791001208,2026-10-03T13:20:08+09:00,8904.0,OLTP,1,1,1431693119488,349534453,107769081,1.308321769356453,active_cumulative,/home/oy/iCAT/result/mixO-fixed37-chunked-20261003/mixO-fixed37-rep1-x20/control-series.txt
1791001238,2026-10-03T13:20:38+09:00,8934.0,OLTP,1,1,1436604633088,350733553,108114015,1.3082511327337993,active_cumulative,/home/oy/iCAT/result/mixO-fixed37-chunked-20261003/mixO-fixed37-rep1-x20/control-series.txt
1791001268,2026-10-03T13:21:08+09:00,8964.0,OLTP,1,1,1441417564160,351908585,108446312,1.30816614490948,active_cumulative,/home/oy/iCAT/result/mixO-fixed37-chunked-20261003/mixO-fixed37-rep1-x20/control-series.txt
1791001298,2026-10-03T13:21:38+09:00,8994.0,OLTP,1,1,1446226407424,353082619,108785671,1.3081025945375124,active_cumulative,/home/oy/iCAT/result/mixO-fixed37-chunked-20261003/mixO-fixed37-rep1-x20/control-series.txt
1791001329,2026-10-03T13:22:09+09:00,9025.0,OLTP,1,1,1451036020736,354256841,109122799,1.308033004223622,active_cumulative,/home/oy/iCAT/result/mixO-fixed37-chunked-20261003/mixO-fixed37-rep1-x20/control-series.txt
1791001359,2026-10-03T13:22:39+09:00,9055.0,OLTP,1,1,1455328206848,355304738,109421882,1.3079662900526814,active_cumulative,/home/oy/iCAT/result/mixO-fixed37-chunked-20261003/mixO-fixed37-rep1-x20/control-series.txt
1791001389,2026-10-03T13:23:09+09:00,9085.0,OLTP,1,1,1460380237824,356538144,109777040,1.3078970422867293,active_cumulative,/home/oy/iCAT/result/mixO-fixed37-chunked-20261003/mixO-fixed37-rep1-x20/control-series.txt
1791001419,2026-10-03T13:23:39+09:00,9115.0,OLTP,1,1,1465321558016,357744521,110121531,1.3078217122436377,active_cumulative,/home/oy/iCAT/result/mixO-fixed37-chunked-20261003/mixO-fixed37-rep1-x20/control-series.txt
1791001449,2026-10-03T13:24:09+09:00,9145.0,OLTP,1,1,1470091571200,358909075,110451764,1.3077430237728036,active_cumulative,/home/oy/iCAT/result/mixO-fixed37-chunked-20261003/mixO-fixed37-rep1-x20/control-series.txt
1791001479,2026-10-03T13:24:39+09:00,9175.0,OLTP,1,1,1474867294208,360075023,110784661,1.3076710516519219,active_cumulative,/home/oy/iCAT/result/mixO-fixed37-chunked-20261003/mixO-fixed37-rep1-x20/control-series.txt
1791001509,2026-10-03T13:25:09+09:00,9205.0,OLTP,1,1,1479671508992,361247927,111118645,1.3075966301669601,active_cumulative,/home/oy/iCAT/result/mixO-fixed37-chunked-20261003/mixO-fixed37-rep1-x20/control-series.txt
1791001539,2026-10-03T13:25:39+09:00,9235.0,OLTP,1,1,1484467531776,362418831,111450136,1.3075175086583732,active_cumulative,/home/oy/iCAT/result/mixO-fixed37-chunked-20261003/mixO-fixed37-rep1-x20/control-series.txt
1791001569,2026-10-03T13:26:09+09:00,9265.0,OLTP,1,1,1489175015424,363568119,111779079,1.3074501672683791,active_cumulative,/home/oy/iCAT/result/mixO-fixed37-chunked-20261003/mixO-fixed37-rep1-x20/control-series.txt
1791001599,2026-10-03T13:26:39+09:00,9295.0,OLTP,1,1,1494158180352,364784712,112120850,1.3073617021537898,active_cumulative,/home/oy/iCAT/result/mixO-fixed37-chunked-20261003/mixO-fixed37-rep1-x20/control-series.txt
1791001629,2026-10-03T13:27:09+09:00,9325.0,OLTP,1,1,1498962001920,365957520,112452411,1.3072826895318341,active_cumulative,/home/oy/iCAT/result/mixO-fixed37-chunked-20261003/mixO-fixed37-rep1-x20/control-series.txt
1791001659,2026-10-03T13:27:39+09:00,9355.0,OLTP,1,1,1503823855616,367144496,112785687,1.3071969979906766,active_cumulative,/home/oy/iCAT/result/mixO-fixed37-chunked-20261003/mixO-fixed37-rep1-x20/control-series.txt
1791001689,2026-10-03T13:28:09+09:00,9385.0,OLTP,1,1,1508634931200,368319075,113116678,1.3071159917525315,active_cumulative,/home/oy/iCAT/result/mixO-fixed37-chunked-20261003/mixO-fixed37-rep1-x20/control-series.txt
1791001719,2026-10-03T13:28:39+09:00,9415.0,OLTP,1,1,1513571651584,369524329,113460288,1.3070441621720663,active_cumulative,/home/oy/iCAT/result/mixO-fixed37-chunked-20261003/mixO-fixed37-rep1-x20/control-series.txt
1791001749,2026-10-03T13:29:09+09:00,9445.0,OLTP,1,1,1518368145408,370695348,113792117,1.3069693688198105,active_cumulative,/home/oy/iCAT/result/mixO-fixed37-chunked-20261003/mixO-fixed37-rep1-x20/control-series.txt
1791001779,2026-10-03T13:29:39+09:00,9475.0,OLTP,1,1,1523360841728,371914268,114137223,1.3068912188117505,active_cumulative,/home/oy/iCAT/result/mixO-fixed37-chunked-20261003/mixO-fixed37-rep1-x20/control-series.txt
1791001809,2026-10-03T13:30:09+09:00,9505.0,OLTP,1,1,1528241442816,373105821,114477644,1.3068235271515638,active_cumulative,/home/oy/iCAT/result/mixO-fixed37-chunked-20261003/mixO-fixed37-rep1-x20/control-series.txt
1791001839,2026-10-03T13:30:39+09:00,9535.0,OLTP,1,1,1533148123136,374303741,114814434,1.3067413477975365,active_cumulative,/home/oy/iCAT/result/mixO-fixed37-chunked-20261003/mixO-fixed37-rep1-x20/control-series.txt
1791001869,2026-10-03T13:31:09+09:00,9565.0,OLTP,1,1,1538116132864,375516634,115158756,1.3066675230157714,active_cumulative,/home/oy/iCAT/result/mixO-fixed37-chunked-20261003/mixO-fixed37-rep1-x20/control-series.txt
1791001900,2026-10-03T13:31:40+09:00,9596.0,OLTP,1,1,1542808788992,376662302,115480386,1.306588648205097,active_cumulative,/home/oy/iCAT/result/mixO-fixed37-chunked-20261003/mixO-fixed37-rep1-x20/control-series.txt
1791001930,2026-10-03T13:32:10+09:00,9626.0,OLTP,1,1,1547655438336,377845566,115816265,1.3065174648628801,active_cumulative,/home/oy/iCAT/result/mixO-fixed37-chunked-20261003/mixO-fixed37-rep1-x20/control-series.txt
1791001960,2026-10-03T13:32:40+09:00,9656.0,OLTP,1,1,1552450420736,379016216,116150596,1.3064528405296516,active_cumulative,/home/oy/iCAT/result/mixO-fixed37-chunked-20261003/mixO-fixed37-rep1-x20/control-series.txt
1791001990,2026-10-03T13:33:10+09:00,9686.0,OLTP,1,1,1557310492672,380202757,116490286,1.306389903427239,active_cumulative,/home/oy/iCAT/result/mixO-fixed37-chunked-20261003/mixO-fixed37-rep1-x20/control-series.txt
1791002020,2026-10-03T13:33:40+09:00,9716.0,OLTP,1,1,1562089676800,381369550,116819039,1.3063145418925028,active_cumulative,/home/oy/iCAT/result/mixO-fixed37-chunked-20261003/mixO-fixed37-rep1-x20/control-series.txt
1791002050,2026-10-03T13:34:10+09:00,9746.0,OLTP,1,1,1566668410880,382487405,117135519,1.3062467351049114,active_cumulative,/home/oy/iCAT/result/mixO-fixed37-chunked-20261003/mixO-fixed37-rep1-x20/control-series.txt
1791002080,2026-10-03T13:34:40+09:00,9776.0,OLTP,1,1,1571411419136,383645366,117459973,1.306168100568169,active_cumulative,/home/oy/iCAT/result/mixO-fixed37-chunked-20261003/mixO-fixed37-rep1-x20/control-series.txt
1791002110,2026-10-03T13:35:10+09:00,9806.0,OLTP,1,1,1576215711744,384818289,117791785,1.3060971590152255,active_cumulative,/home/oy/iCAT/result/mixO-fixed37-chunked-20261003/mixO-fixed37-rep1-x20/control-series.txt
1791002140,2026-10-03T13:35:40+09:00,9836.0,OLTP,1,1,1581003235328,385987118,118120766,1.3060225600585977,active_cumulative,/home/oy/iCAT/result/mixO-fixed37-chunked-20261003/mixO-fixed37-rep1-x20/control-series.txt
1791002170,2026-10-03T13:36:10+09:00,9866.0,OLTP,1,1,1585856466944,387171989,118459243,1.3059602615002193,active_cumulative,/home/oy/iCAT/result/mixO-fixed37-chunked-20261003/mixO-fixed37-rep1-x20/control-series.txt
1791002200,2026-10-03T13:36:40+09:00,9896.0,OLTP,1,1,1590762045440,388369640,118800858,1.3058963568830972,active_cumulative,/home/oy/iCAT/result/mixO-fixed37-chunked-20261003/mixO-fixed37-rep1-x20/control-series.txt
1791002230,2026-10-03T13:37:10+09:00,9926.0,OLTP,1,1,1595628568576,389557756,119138556,1.3058302759090747,active_cumulative,/home/oy/iCAT/result/mixO-fixed37-chunked-20261003/mixO-fixed37-rep1-x20/control-series.txt
1791002260,2026-10-03T13:37:40+09:00,9956.0,OLTP,1,1,1600108113920,390651395,119447374,1.3057646165579415,active_cumulative,/home/oy/iCAT/result/mixO-fixed37-chunked-20261003/mixO-fixed37-rep1-x20/control-series.txt
1791002290,2026-10-03T13:38:10+09:00,9986.0,OLTP,1,1,1604941709312,391831472,119779984,1.305692606539783,active_cumulative,/home/oy/iCAT/result/mixO-fixed37-chunked-20261003/mixO-fixed37-rep1-x20/control-series.txt
1791002320,2026-10-03T13:38:40+09:00,10016.0,OLTP,1,1,1609746440192,393004502,120115045,1.305632745652364,active_cumulative,/home/oy/iCAT/result/mixO-fixed37-chunked-20261003/mixO-fixed37-rep1-x20/control-series.txt
1791002350,2026-10-03T13:39:10+09:00,10046.0,OLTP,,,,,,,inactive_or_zero,/home/oy/iCAT/result/mixO-fixed37-chunked-20261003/mixO-fixed37-rep1-x20/control-series.txt
1791002380,2026-10-03T13:39:40+09:00,10076.0,OLTP,1,1,1619420233728,395366268,120791888,1.3055189523654558,active_cumulative,/home/oy/iCAT/result/mixO-fixed37-chunked-20261003/mixO-fixed37-rep1-x20/control-series.txt
1791002410,2026-10-03T13:40:10+09:00,10106.0,OLTP,1,1,1624260349952,396547937,121129335,1.3054595011044023,active_cumulative,/home/oy/iCAT/result/mixO-fixed37-chunked-20261003/mixO-fixed37-rep1-x20/control-series.txt
1791002440,2026-10-03T13:40:40+09:00,10136.0,OLTP,1,1,1629007339520,397706870,121456540,1.3053921095202605,active_cumulative,/home/oy/iCAT/result/mixO-fixed37-chunked-20261003/mixO-fixed37-rep1-x20/control-series.txt
1791002470,2026-10-03T13:41:10+09:00,10166.0,OLTP,1,1,1633805938688,398878403,121789896,1.3053308855129968,active_cumulative,/home/oy/iCAT/result/mixO-fixed37-chunked-20261003/mixO-fixed37-rep1-x20/control-series.txt
1791002500,2026-10-03T13:41:40+09:00,10196.0,OLTP,1,1,1638523502592,400030152,122118660,1.3052736384731318,active_cumulative,/home/oy/iCAT/result/mixO-fixed37-chunked-20261003/mixO-fixed37-rep1-x20/control-series.txt
1791002530,2026-10-03T13:42:10+09:00,10226.0,OLTP,1,1,1643310788608,401198923,122445250,1.3051983516914873,active_cumulative,/home/oy/iCAT/result/mixO-fixed37-chunked-20261003/mixO-fixed37-rep1-x20/control-series.txt
1791002561,2026-10-03T13:42:41+09:00,10257.0,OLTP,1,1,1648131416064,402375834,122780809,1.3051396197913814,active_cumulative,/home/oy/iCAT/result/mixO-fixed37-chunked-20261003/mixO-fixed37-rep1-x20/control-series.txt
1791002591,2026-10-03T13:43:11+09:00,10287.0,OLTP,1,1,1653010927616,403567121,123117293,1.3050726548161984,active_cumulative,/home/oy/iCAT/result/mixO-fixed37-chunked-20261003/mixO-fixed37-rep1-x20/control-series.txt
1791002621,2026-10-03T13:43:41+09:00,10317.0,OLTP,1,1,1657830187008,404743698,123447624,1.3050019669484763,active_cumulative,/home/oy/iCAT/result/mixO-fixed37-chunked-20261003/mixO-fixed37-rep1-x20/control-series.txt
1791002651,2026-10-03T13:44:11+09:00,10347.0,OLTP,1,1,1662629896192,405915502,123779427,1.3049389008060106,active_cumulative,/home/oy/iCAT/result/mixO-fixed37-chunked-20261003/mixO-fixed37-rep1-x20/control-series.txt
1791002681,2026-10-03T13:44:41+09:00,10377.0,OLTP,1,1,1667559739392,407119077,124121320,1.3048771895304725,active_cumulative,/home/oy/iCAT/result/mixO-fixed37-chunked-20261003/mixO-fixed37-rep1-x20/control-series.txt
1791002711,2026-10-03T13:45:11+09:00,10407.0,OLTP,1,1,1672479395840,408320165,124462366,1.304815624278561,active_cumulative,/home/oy/iCAT/result/mixO-fixed37-chunked-20261003/mixO-fixed37-rep1-x20/control-series.txt
1791002741,2026-10-03T13:45:41+09:00,10437.0,OLTP,1,1,1677323218944,409502739,124799075,1.3047576074942933,active_cumulative,/home/oy/iCAT/result/mixO-fixed37-chunked-20261003/mixO-fixed37-rep1-x20/control-series.txt
1791002771,2026-10-03T13:46:11+09:00,10467.0,OLTP,1,1,1682215333888,410697103,125142517,1.3047075717989665,active_cumulative,/home/oy/iCAT/result/mixO-fixed37-chunked-20261003/mixO-fixed37-rep1-x20/control-series.txt
1791002801,2026-10-03T13:46:41+09:00,10497.0,OLTP,1,1,1687055712256,411878836,125477945,1.3046477119790636,active_cumulative,/home/oy/iCAT/result/mixO-fixed37-chunked-20261003/mixO-fixed37-rep1-x20/control-series.txt
1791002831,2026-10-03T13:47:11+09:00,10527.0,OLTP,1,1,1691958099968,413075708,125817333,1.3045866182961308,active_cumulative,/home/oy/iCAT/result/mixO-fixed37-chunked-20261003/mixO-fixed37-rep1-x20/control-series.txt
1791002861,2026-10-03T13:47:41+09:00,10557.0,OLTP,1,1,1696809725952,414260187,126152412,1.304524586138904,active_cumulative,/home/oy/iCAT/result/mixO-fixed37-chunked-20261003/mixO-fixed37-rep1-x20/control-series.txt
1791002891,2026-10-03T13:48:11+09:00,10587.0,OLTP,1,1,1701742751744,415464539,126498440,1.304474697899548,active_cumulative,/home/oy/iCAT/result/mixO-fixed37-chunked-20261003/mixO-fixed37-rep1-x20/control-series.txt
1791002921,2026-10-03T13:48:41+09:00,10617.0,OLTP,1,1,1706664034304,416666024,126838179,1.3044120991252217,active_cumulative,/home/oy/iCAT/result/mixO-fixed37-chunked-20261003/mixO-fixed37-rep1-x20/control-series.txt
1791002951,2026-10-03T13:49:11+09:00,10647.0,OLTP,1,1,1711510237184,417849179,127172323,1.3043498213981175,active_cumulative,/home/oy/iCAT/result/mixO-fixed37-chunked-20261003/mixO-fixed37-rep1-x20/control-series.txt
1791002981,2026-10-03T13:49:41+09:00,10677.0,OLTP,1,1,1716281466880,419014030,127499626,1.3042848612968878,active_cumulative,/home/oy/iCAT/result/mixO-fixed37-chunked-20261003/mixO-fixed37-rep1-x20/control-series.txt
1791003011,2026-10-03T13:50:11+09:00,10707.0,OLTP,1,1,1721159331840,420204915,127836409,1.3042239736772236,active_cumulative,/home/oy/iCAT/result/mixO-fixed37-chunked-20261003/mixO-fixed37-rep1-x20/control-series.txt
1791003041,2026-10-03T13:50:41+09:00,10737.0,OLTP,1,1,1725989806080,421384230,128168876,1.3041615392203927,active_cumulative,/home/oy/iCAT/result/mixO-fixed37-chunked-20261003/mixO-fixed37-rep1-x20/control-series.txt
1791003071,2026-10-03T13:51:11+09:00,10767.0,OLTP,1,1,1730835017728,422567143,128503477,1.3041019140477754,active_cumulative,/home/oy/iCAT/result/mixO-fixed37-chunked-20261003/mixO-fixed37-rep1-x20/control-series.txt
1791003101,2026-10-03T13:51:41+09:00,10797.0,OLTP,1,1,1735566340096,423722251,128829551,1.304042449259999,active_cumulative,/home/oy/iCAT/result/mixO-fixed37-chunked-20261003/mixO-fixed37-rep1-x20/control-series.txt
1791003131,2026-10-03T13:52:11+09:00,10827.0,OLTP,1,1,1740310355968,424880458,129156125,1.3039822674075539,active_cumulative,/home/oy/iCAT/result/mixO-fixed37-chunked-20261003/mixO-fixed37-rep1-x20/control-series.txt
1791003161,2026-10-03T13:52:41+09:00,10857.0,OLTP,1,1,1744866795520,425992870,129474302,1.3039353733784322,active_cumulative,/home/oy/iCAT/result/mixO-fixed37-chunked-20261003/mixO-fixed37-rep1-x20/control-series.txt
1791003191,2026-10-03T13:53:11+09:00,10887.0,OLTP,1,1,1749416132608,427103548,129784639,1.303871601179019,active_cumulative,/home/oy/iCAT/result/mixO-fixed37-chunked-20261003/mixO-fixed37-rep1-x20/control-series.txt
1791003221,2026-10-03T13:53:41+09:00,10917.0,OLTP,1,1,1754347859968,428307583,130122304,1.3038057442004243,active_cumulative,/home/oy/iCAT/result/mixO-fixed37-chunked-20261003/mixO-fixed37-rep1-x20/control-series.txt
1791003251,2026-10-03T13:54:11+09:00,10947.0,OLTP,1,1,1759211708416,429495046,130456165,1.30374311930946,active_cumulative,/home/oy/iCAT/result/mixO-fixed37-chunked-20261003/mixO-fixed37-rep1-x20/control-series.txt
1791003281,2026-10-03T13:54:41+09:00,10977.0,OLTP,1,1,1764155207680,430701955,130800073,1.3036904557352196,active_cumulative,/home/oy/iCAT/result/mixO-fixed37-chunked-20261003/mixO-fixed37-rep1-x20/control-series.txt
1791003312,2026-10-03T13:55:12+09:00,11008.0,OLTP,1,1,1769086906368,431905983,131139027,1.3036286417917022,active_cumulative,/home/oy/iCAT/result/mixO-fixed37-chunked-20261003/mixO-fixed37-rep1-x20/control-series.txt
1791003342,2026-10-03T13:55:42+09:00,11038.0,OLTP,1,1,1774044028928,433116218,131481942,1.3035719664508152,active_cumulative,/home/oy/iCAT/result/mixO-fixed37-chunked-20261003/mixO-fixed37-rep1-x20/control-series.txt
1791003372,2026-10-03T13:56:12+09:00,11068.0,OLTP,1,1,1778946838528,434313193,131819020,1.3035114339711067,active_cumulative,/home/oy/iCAT/result/mixO-fixed37-chunked-20261003/mixO-fixed37-rep1-x20/control-series.txt
1791003402,2026-10-03T13:56:42+09:00,11098.0,OLTP,1,1,1783867584512,435514547,132159523,1.3034560473590795,active_cumulative,/home/oy/iCAT/result/mixO-fixed37-chunked-20261003/mixO-fixed37-rep1-x20/control-series.txt
1791003432,2026-10-03T13:57:12+09:00,11128.0,OLTP,1,1,1788769697792,436711352,132494830,1.3033922278255776,active_cumulative,/home/oy/iCAT/result/mixO-fixed37-chunked-20261003/mixO-fixed37-rep1-x20/control-series.txt
1791003462,2026-10-03T13:57:42+09:00,11158.0,OLTP,1,1,1793625632768,437896883,132827072,1.3033295672031535,active_cumulative,/home/oy/iCAT/result/mixO-fixed37-chunked-20261003/mixO-fixed37-rep1-x20/control-series.txt
1791003492,2026-10-03T13:58:12+09:00,11188.0,OLTP,1,1,1798536605696,439095851,133166365,1.3032740225094952,active_cumulative,/home/oy/iCAT/result/mixO-fixed37-chunked-20261003/mixO-fixed37-rep1-x20/control-series.txt
1791003522,2026-10-03T13:58:42+09:00,11218.0,OLTP,1,1,1803481968640,440303215,133507829,1.3032179290355623,active_cumulative,/home/oy/iCAT/result/mixO-fixed37-chunked-20261003/mixO-fixed37-rep1-x20/control-series.txt
1791003552,2026-10-03T13:59:12+09:00,11248.0,OLTP,1,1,1808360890368,441494358,133841571,1.30315579027173,active_cumulative,/home/oy/iCAT/result/mixO-fixed37-chunked-20261003/mixO-fixed37-rep1-x20/control-series.txt
1791003582,2026-10-03T13:59:42+09:00,11278.0,OLTP,1,1,1813274804224,442694044,134177302,1.3030926298163614,active_cumulative,/home/oy/iCAT/result/mixO-fixed37-chunked-20261003/mixO-fixed37-rep1-x20/control-series.txt
1791003612,2026-10-03T14:00:12+09:00,11308.0,OLTP,1,1,1818187866112,443893522,134516151,1.3030369769622365,active_cumulative,/home/oy/iCAT/result/mixO-fixed37-chunked-20261003/mixO-fixed37-rep1-x20/control-series.txt
1791003642,2026-10-03T14:00:42+09:00,11338.0,OLTP,1,1,1823043346432,445078942,134849484,1.3029788005562393,active_cumulative,/home/oy/iCAT/result/mixO-fixed37-chunked-20261003/mixO-fixed37-rep1-x20/control-series.txt
1791003672,2026-10-03T14:01:12+09:00,11368.0,OLTP,1,1,1828025257984,446295229,135195088,1.3029274776316284,active_cumulative,/home/oy/iCAT/result/mixO-fixed37-chunked-20261003/mixO-fixed37-rep1-x20/control-series.txt
1791003702,2026-10-03T14:01:42+09:00,11398.0,OLTP,1,1,1832904802304,447486524,135532377,1.3028747676879762,active_cumulative,/home/oy/iCAT/result/mixO-fixed37-chunked-20261003/mixO-fixed37-rep1-x20/control-series.txt
1791003732,2026-10-03T14:02:12+09:00,11428.0,OLTP,1,1,1837818646528,448686193,135869655,1.3028166614433798,active_cumulative,/home/oy/iCAT/result/mixO-fixed37-chunked-20261003/mixO-fixed37-rep1-x20/control-series.txt
1791003762,2026-10-03T14:02:42+09:00,11458.0,OLTP,1,1,1842774802432,449896192,136209963,1.3027586483772684,active_cumulative,/home/oy/iCAT/result/mixO-fixed37-chunked-20261003/mixO-fixed37-rep1-x20/control-series.txt
1791003792,2026-10-03T14:03:12+09:00,11488.0,OLTP,1,1,1847604031488,451075203,136539569,1.3026980159669739,active_cumulative,/home/oy/iCAT/result/mixO-fixed37-chunked-20261003/mixO-fixed37-rep1-x20/control-series.txt
1791003822,2026-10-03T14:03:42+09:00,11518.0,OLTP,1,1,1852422533120,452251595,136867313,1.302635335094838,active_cumulative,/home/oy/iCAT/result/mixO-fixed37-chunked-20261003/mixO-fixed37-rep1-x20/control-series.txt
1791003853,2026-10-03T14:04:13+09:00,11549.0,OLTP,1,1,1857352212480,453455130,137207131,1.3025814946673997,active_cumulative,/home/oy/iCAT/result/mixO-fixed37-chunked-20261003/mixO-fixed37-rep1-x20/control-series.txt
1791003883,2026-10-03T14:04:43+09:00,11579.0,OLTP,1,1,1862174400512,454632422,137539900,1.302529897438771,active_cumulative,/home/oy/iCAT/result/mixO-fixed37-chunked-20261003/mixO-fixed37-rep1-x20/control-series.txt
1791003913,2026-10-03T14:05:13+09:00,11609.0,OLTP,1,1,1867038838784,455820029,137872459,1.3024712610862477,active_cumulative,/home/oy/iCAT/result/mixO-fixed37-chunked-20261003/mixO-fixed37-rep1-x20/control-series.txt
1791003943,2026-10-03T14:05:43+09:00,11639.0,OLTP,1,1,1871979192320,457026170,138211040,1.3024138420782339,active_cumulative,/home/oy/iCAT/result/mixO-fixed37-chunked-20261003/mixO-fixed37-rep1-x20/control-series.txt
1791003973,2026-10-03T14:06:13+09:00,11669.0,OLTP,1,1,1876818239488,458207578,138540525,1.3023531946038658,active_cumulative,/home/oy/iCAT/result/mixO-fixed37-chunked-20261003/mixO-fixed37-rep1-x20/control-series.txt
1791004003,2026-10-03T14:06:43+09:00,11699.0,OLTP,1,1,1881788702720,459421070,138878591,1.302290426079065,active_cumulative,/home/oy/iCAT/result/mixO-fixed37-chunked-20261003/mixO-fixed37-rep1-x20/control-series.txt
1791004033,2026-10-03T14:07:13+09:00,11729.0,OLTP,1,1,1886818877440,460649140,139226878,1.302240612019812,active_cumulative,/home/oy/iCAT/result/mixO-fixed37-chunked-20261003/mixO-fixed37-rep1-x20/control-series.txt
1791004063,2026-10-03T14:07:43+09:00,11759.0,OLTP,1,1,1891752022016,461853521,139566367,1.3021875132570442,active_cumulative,/home/oy/iCAT/result/mixO-fixed37-chunked-20261003/mixO-fixed37-rep1-x20/control-series.txt
1791004093,2026-10-03T14:08:13+09:00,11789.0,OLTP,1,1,1896284299264,462960034,139879057,1.3021406746311066,active_cumulative,/home/oy/iCAT/result/mixO-fixed37-chunked-20261003/mixO-fixed37-rep1-x20/control-series.txt
1791004123,2026-10-03T14:08:43+09:00,11819.0,OLTP,1,1,1901090160640,464133340,140210272,1.302090498389967,active_cumulative,/home/oy/iCAT/result/mixO-fixed37-chunked-20261003/mixO-fixed37-rep1-x20/control-series.txt
1791004153,2026-10-03T14:09:13+09:00,11849.0,OLTP,1,1,1905887965184,465304679,140541118,1.3020410589939502,active_cumulative,/home/oy/iCAT/result/mixO-fixed37-chunked-20261003/mixO-fixed37-rep1-x20/control-series.txt
1791004183,2026-10-03T14:09:43+09:00,11879.0,OLTP,1,1,1910873661440,466521890,140888019,1.301996587984328,active_cumulative,/home/oy/iCAT/result/mixO-fixed37-chunked-20261003/mixO-fixed37-rep1-x20/control-series.txt
1791004213,2026-10-03T14:10:13+09:00,11909.0,OLTP,1,1,1915652616192,467688627,141216364,1.3019452598320291,active_cumulative,/home/oy/iCAT/result/mixO-fixed37-chunked-20261003/mixO-fixed37-rep1-x20/control-series.txt
1791004243,2026-10-03T14:10:43+09:00,11939.0,OLTP,1,1,1920470409216,468864846,141546502,1.3018919059672902,active_cumulative,/home/oy/iCAT/result/mixO-fixed37-chunked-20261003/mixO-fixed37-rep1-x20/control-series.txt
1791004273,2026-10-03T14:11:13+09:00,11969.0,OLTP,1,1,1925346967552,470055412,141883022,1.3018431835436457,active_cumulative,/home/oy/iCAT/result/mixO-fixed37-chunked-20261003/mixO-fixed37-rep1-x20/control-series.txt
1791004304,2026-10-03T14:11:44+09:00,12000.0,OLTP,1,1,1930116685824,471219894,142210975,1.3017932324393757,active_cumulative,/home/oy/iCAT/result/mixO-fixed37-chunked-20261003/mixO-fixed37-rep1-x20/control-series.txt
1791004334,2026-10-03T14:12:14+09:00,12030.0,OLTP,1,1,1934926979072,472394282,142540157,1.3017398017531465,active_cumulative,/home/oy/iCAT/result/mixO-fixed37-chunked-20261003/mixO-fixed37-rep1-x20/control-series.txt
1791004364,2026-10-03T14:12:44+09:00,12060.0,OLTP,1,1,1939801583616,473584371,142877013,1.3016928381701178,active_cumulative,/home/oy/iCAT/result/mixO-fixed37-chunked-20261003/mixO-fixed37-rep1-x20/control-series.txt
1791004394,2026-10-03T14:13:14+09:00,12090.0,OLTP,1,1,1944632819712,474763872,143210961,1.301646712073323,active_cumulative,/home/oy/iCAT/result/mixO-fixed37-chunked-20261003/mixO-fixed37-rep1-x20/control-series.txt
1791004424,2026-10-03T14:13:44+09:00,12120.0,OLTP,1,1,1949219975168,475883783,143526786,1.301600498119937,active_cumulative,/home/oy/iCAT/result/mixO-fixed37-chunked-20261003/mixO-fixed37-rep1-x20/control-series.txt
1791004454,2026-10-03T14:14:14+09:00,12150.0,OLTP,1,1,1954071134208,477068148,143855707,1.30154121083766,active_cumulative,/home/oy/iCAT/result/mixO-fixed37-chunked-20261003/mixO-fixed37-rep1-x20/control-series.txt
1791004484,2026-10-03T14:14:44+09:00,12180.0,OLTP,1,1,1959058501632,478285767,144198601,1.3014904706541268,active_cumulative,/home/oy/iCAT/result/mixO-fixed37-chunked-20261003/mixO-fixed37-rep1-x20/control-series.txt
1791004514,2026-10-03T14:15:14+09:00,12210.0,OLTP,1,1,1963974053888,479485853,144539274,1.3014463786484227,active_cumulative,/home/oy/iCAT/result/mixO-fixed37-chunked-20261003/mixO-fixed37-rep1-x20/control-series.txt
1791004544,2026-10-03T14:15:44+09:00,12240.0,OLTP,1,1,1968876216320,480682670,144878613,1.3014017813456848,active_cumulative,/home/oy/iCAT/result/mixO-fixed37-chunked-20261003/mixO-fixed37-rep1-x20/control-series.txt
1791004574,2026-10-03T14:16:14+09:00,12270.0,OLTP,1,1,1973723754496,481866151,145212088,1.301353576503862,active_cumulative,/home/oy/iCAT/result/mixO-fixed37-chunked-20261003/mixO-fixed37-rep1-x20/control-series.txt
1791004604,2026-10-03T14:16:44+09:00,12300.0,OLTP,1,1,1978634153984,483064979,145550737,1.3013067461468781,active_cumulative,/home/oy/iCAT/result/mixO-fixed37-chunked-20261003/mixO-fixed37-rep1-x20/control-series.txt
1791004634,2026-10-03T14:17:14+09:00,12330.0,OLTP,1,1,1983562297344,484268139,145891129,1.3012610519892163,active_cumulative,/home/oy/iCAT/result/mixO-fixed37-chunked-20261003/mixO-fixed37-rep1-x20/control-series.txt
1791004664,2026-10-03T14:17:44+09:00,12360.0,OLTP,1,1,1988445392896,485460301,146229894,1.301219056839006,active_cumulative,/home/oy/iCAT/result/mixO-fixed37-chunked-20261003/mixO-fixed37-rep1-x20/control-series.txt
1791004694,2026-10-03T14:18:14+09:00,12390.0,OLTP,1,1,1993279041536,486640391,146562388,1.3011718523791833,active_cumulative,/home/oy/iCAT/result/mixO-fixed37-chunked-20261003/mixO-fixed37-rep1-x20/control-series.txt
1791004724,2026-10-03T14:18:44+09:00,12420.0,OLTP,1,1,1997934243840,487776915,146879387,1.3011200048284368,active_cumulative,/home/oy/iCAT/result/mixO-fixed37-chunked-20261003/mixO-fixed37-rep1-x20/control-series.txt
1791004754,2026-10-03T14:19:14+09:00,12450.0,OLTP,1,1,2002738786304,488949899,147211392,1.3010766385289712,active_cumulative,/home/oy/iCAT/result/mixO-fixed37-chunked-20261003/mixO-fixed37-rep1-x20/control-series.txt
1791004784,2026-10-03T14:19:44+09:00,12480.0,OLTP,1,1,2007607365632,490138517,147546332,1.3010298658083221,active_cumulative,/home/oy/iCAT/result/mixO-fixed37-chunked-20261003/mixO-fixed37-rep1-x20/control-series.txt
1791004814,2026-10-03T14:20:14+09:00,12510.0,OLTP,1,1,2012436418560,491317485,147878045,1.3009826629719885,active_cumulative,/home/oy/iCAT/result/mixO-fixed37-chunked-20261003/mixO-fixed37-rep1-x20/control-series.txt
1791004845,2026-10-03T14:20:45+09:00,12541.0,OLTP,1,1,2017290256384,492502504,148208505,1.3009294446145598,active_cumulative,/home/oy/iCAT/result/mixO-fixed37-chunked-20261003/mixO-fixed37-rep1-x20/control-series.txt
1791004875,2026-10-03T14:21:15+09:00,12571.0,OLTP,1,1,2022214914048,493704813,148545020,1.3008782091820523,active_cumulative,/home/oy/iCAT/result/mixO-fixed37-chunked-20261003/mixO-fixed37-rep1-x20/control-series.txt
1791004905,2026-10-03T14:21:45+09:00,12601.0,OLTP,1,1,2027073028096,494890876,148878098,1.3008301531103597,active_cumulative,/home/oy/iCAT/result/mixO-fixed37-chunked-20261003/mixO-fixed37-rep1-x20/control-series.txt
1791004935,2026-10-03T14:22:15+09:00,12631.0,OLTP,1,1,2032009060352,496095962,149220070,1.3007887211950337,active_cumulative,/home/oy/iCAT/result/mixO-fixed37-chunked-20261003/mixO-fixed37-rep1-x20/control-series.txt
1791004965,2026-10-03T14:22:45+09:00,12661.0,OLTP,1,1,2036743573504,497251849,149545350,1.3007436780793147,active_cumulative,/home/oy/iCAT/result/mixO-fixed37-chunked-20261003/mixO-fixed37-rep1-x20/control-series.txt
1791004995,2026-10-03T14:23:15+09:00,12691.0,OLTP,1,1,2040954355712,498279872,149834257,1.3007030093320728,active_cumulative,/home/oy/iCAT/result/mixO-fixed37-chunked-20261003/mixO-fixed37-rep1-x20/control-series.txt
1791005025,2026-10-03T14:23:45+09:00,12721.0,OLTP,1,1,2045809827840,499465290,150167806,1.300657140759471,active_cumulative,/home/oy/iCAT/result/mixO-fixed37-chunked-20261003/mixO-fixed37-rep1-x20/control-series.txt
1791005055,2026-10-03T14:24:15+09:00,12751.0,OLTP,1,1,2050695864320,500658170,150499489,1.3006032818759354,active_cumulative,/home/oy/iCAT/result/mixO-fixed37-chunked-20261003/mixO-fixed37-rep1-x20/control-series.txt
1791005085,2026-10-03T14:24:45+09:00,12781.0,OLTP,1,1,2055498993664,501830809,150828380,1.300556237869405,active_cumulative,/home/oy/iCAT/result/mixO-fixed37-chunked-20261003/mixO-fixed37-rep1-x20/control-series.txt
1791005115,2026-10-03T14:25:15+09:00,12811.0,OLTP,1,1,2060382822400,503023150,151161459,1.3005059687610798,active_cumulative,/home/oy/iCAT/result/mixO-fixed37-chunked-20261003/mixO-fixed37-rep1-x20/control-series.txt
1791005145,2026-10-03T14:25:45+09:00,12841.0,OLTP,1,1,2065228484608,504206173,151497047,1.3004664661255545,active_cumulative,/home/oy/iCAT/result/mixO-fixed37-chunked-20261003/mixO-fixed37-rep1-x20/control-series.txt
1791005175,2026-10-03T14:26:15+09:00,12871.0,OLTP,1,1,2070104752128,505396668,151836843,1.3004310329169009,active_cumulative,/home/oy/iCAT/result/mixO-fixed37-chunked-20261003/mixO-fixed37-rep1-x20/control-series.txt
1791005205,2026-10-03T14:26:45+09:00,12901.0,OLTP,1,1,2074950643712,506579747,152171811,1.3003906332639075,active_cumulative,/home/oy/iCAT/result/mixO-fixed37-chunked-20261003/mixO-fixed37-rep1-x20/control-series.txt
1791005235,2026-10-03T14:27:15+09:00,12931.0,OLTP,1,1,2079732928512,507747297,152495333,1.3003370651129238,active_cumulative,/home/oy/iCAT/result/mixO-fixed37-chunked-20261003/mixO-fixed37-rep1-x20/control-series.txt
1791005265,2026-10-03T14:27:45+09:00,12961.0,OLTP,,,,,,,inactive_or_zero,/home/oy/iCAT/result/mixO-fixed37-chunked-20261003/mixO-fixed37-rep1-x20/control-series.txt
1791005295,2026-10-03T14:28:15+09:00,12991.0,OLTP,1,1,2089357455360,510097035,153156348,1.3002494378349014,active_cumulative,/home/oy/iCAT/result/mixO-fixed37-chunked-20261003/mixO-fixed37-rep1-x20/control-series.txt
1791005325,2026-10-03T14:28:45+09:00,13021.0,OLTP,1,1,2094310334464,511306234,153495984,1.3002036231774166,active_cumulative,/home/oy/iCAT/result/mixO-fixed37-chunked-20261003/mixO-fixed37-rep1-x20/control-series.txt
1791005355,2026-10-03T14:29:15+09:00,13051.0,OLTP,1,1,2099288834048,512521688,153834020,1.3001512396486137,active_cumulative,/home/oy/iCAT/result/mixO-fixed37-chunked-20261003/mixO-fixed37-rep1-x20/control-series.txt
1791005385,2026-10-03T14:29:45+09:00,13081.0,OLTP,,,,,,,inactive_or_zero,/home/oy/iCAT/result/mixO-fixed37-chunked-20261003/mixO-fixed37-rep1-x20/control-series.txt
1791005416,2026-10-03T14:30:16+09:00,13112.0,OLTP,,,,,,,inactive_or_zero,/home/oy/iCAT/result/mixO-fixed37-chunked-20261003/mixO-fixed37-rep1-x20/control-series.txt
1791005446,2026-10-03T14:30:46+09:00,13142.0,OLTP,,,,,,,inactive_or_zero,/home/oy/iCAT/result/mixO-fixed37-chunked-20261003/mixO-fixed37-rep1-x20/control-series.txt
1791005476,2026-10-03T14:31:16+09:00,13172.0,OLTP,1,1,2118616854528,517240443,155159963,1.2999764714840754,active_cumulative,/home/oy/iCAT/result/mixO-fixed37-chunked-20261003/mixO-fixed37-rep1-x20/control-series.txt
1791005506,2026-10-03T14:31:46+09:00,13202.0,OLTP,1,1,2123381358592,518403652,155484238,1.2999289017354376,active_cumulative,/home/oy/iCAT/result/mixO-fixed37-chunked-20261003/mixO-fixed37-rep1-x20/control-series.txt
1791005536,2026-10-03T14:32:16+09:00,13232.0,OLTP,1,1,2128226922496,519586651,155813965,1.2998806160630174,active_cumulative,/home/oy/iCAT/result/mixO-fixed37-chunked-20261003/mixO-fixed37-rep1-x20/control-series.txt
1791005566,2026-10-03T14:32:46+09:00,13262.0,OLTP,1,1,2133032353792,520759852,156144134,1.299839039819068,active_cumulative,/home/oy/iCAT/result/mixO-fixed37-chunked-20261003/mixO-fixed37-rep1-x20/control-series.txt
1791005596,2026-10-03T14:33:16+09:00,13292.0,OLTP,1,1,2137939386368,521957858,156480300,1.2997948926367155,active_cumulative,/home/oy/iCAT/result/mixO-fixed37-chunked-20261003/mixO-fixed37-rep1-x20/control-series.txt
1791005626,2026-10-03T14:33:46+09:00,13322.0,OLTP,1,1,2142913851392,523172327,156816907,1.299742358123617,active_cumulative,/home/oy/iCAT/result/mixO-fixed37-chunked-20261003/mixO-fixed37-rep1-x20/control-series.txt
1791005656,2026-10-03T14:34:16+09:00,13352.0,OLTP,1,1,2147797065728,524364518,157149421,1.2996949938554003,active_cumulative,/home/oy/iCAT/result/mixO-fixed37-chunked-20261003/mixO-fixed37-rep1-x20/control-series.txt
1791005686,2026-10-03T14:34:46+09:00,13382.0,OLTP,1,1,2152679571456,525556536,157479863,1.2996440006218475,active_cumulative,/home/oy/iCAT/result/mixO-fixed37-chunked-20261003/mixO-fixed37-rep1-x20/control-series.txt
1791005716,2026-10-03T14:35:16+09:00,13412.0,OLTP,1,1,2157431402496,526716651,157803998,1.2995994102339476,active_cumulative,/home/oy/iCAT/result/mixO-fixed37-chunked-20261003/mixO-fixed37-rep1-x20/control-series.txt
1791005746,2026-10-03T14:35:46+09:00,13442.0,OLTP,1,1,2162246873088,527892303,158131160,1.2995519334177525,active_cumulative,/home/oy/iCAT/result/mixO-fixed37-chunked-20261003/mixO-fixed37-rep1-x20/control-series.txt
1791005776,2026-10-03T14:36:16+09:00,13472.0,OLTP,1,1,2167118213120,529081595,158464963,1.2995094981521707,active_cumulative,/home/oy/iCAT/result/mixO-fixed37-chunked-20261003/mixO-fixed37-rep1-x20/control-series.txt
1791005806,2026-10-03T14:36:46+09:00,13502.0,OLTP,1,1,2171904069632,530250017,158790868,1.2994641450431108,active_cumulative,/home/oy/iCAT/result/mixO-fixed37-chunked-20261003/mixO-fixed37-rep1-x20/control-series.txt
1791005836,2026-10-03T14:37:16+09:00,13532.0,OLTP,1,1,2176735940608,531429673,159121149,1.29942089628104,active_cumulative,/home/oy/iCAT/result/mixO-fixed37-chunked-20261003/mixO-fixed37-rep1-x20/control-series.txt
1791005866,2026-10-03T14:37:46+09:00,13562.0,OLTP,1,1,2181577302016,532611646,159451283,1.2993762607286286,active_cumulative,/home/oy/iCAT/result/mixO-fixed37-chunked-20261003/mixO-fixed37-rep1-x20/control-series.txt
1791005896,2026-10-03T14:38:16+09:00,13592.0,OLTP,1,1,2185807106048,533644313,159739206,1.2993364720819203,active_cumulative,/home/oy/iCAT/result/mixO-fixed37-chunked-20261003/mixO-fixed37-rep1-x20/control-series.txt
1791005926,2026-10-03T14:38:46+09:00,13622.0,OLTP,1,1,2190637621248,534823638,160070655,1.2992961485370995,active_cumulative,/home/oy/iCAT/result/mixO-fixed37-chunked-20261003/mixO-fixed37-rep1-x20/control-series.txt
1791005957,2026-10-03T14:39:17+09:00,13653.0,OLTP,1,1,2195434868736,535994841,160399081,1.2992548971194295,active_cumulative,/home/oy/iCAT/result/mixO-fixed37-chunked-20261003/mixO-fixed37-rep1-x20/control-series.txt
1791005987,2026-10-03T14:39:47+09:00,13683.0,OLTP,1,1,2200257978368,537172358,160726330,1.2992081174809818,active_cumulative,/home/oy/iCAT/result/mixO-fixed37-chunked-20261003/mixO-fixed37-rep1-x20/control-series.txt
1791006017,2026-10-03T14:40:17+09:00,13713.0,OLTP,1,1,2205065302016,538346021,161058880,1.2991735309955974,active_cumulative,/home/oy/iCAT/result/mixO-fixed37-chunked-20261003/mixO-fixed37-rep1-x20/control-series.txt
1791006047,2026-10-03T14:40:47+09:00,13743.0,OLTP,1,1,2209854398464,539515234,161389238,1.299137499424159,active_cumulative,/home/oy/iCAT/result/mixO-fixed37-chunked-20261003/mixO-fixed37-rep1-x20/control-series.txt
1791006077,2026-10-03T14:41:17+09:00,13773.0,OLTP,1,1,2214759395328,540712743,161723100,1.2990924517567732,active_cumulative,/home/oy/iCAT/result/mixO-fixed37-chunked-20261003/mixO-fixed37-rep1-x20/control-series.txt
1791006107,2026-10-03T14:41:47+09:00,13803.0,OLTP,1,1,2219662241792,541909727,162054419,1.2990432002339756,active_cumulative,/home/oy/iCAT/result/mixO-fixed37-chunked-20261003/mixO-fixed37-rep1-x20/control-series.txt
1791006137,2026-10-03T14:42:17+09:00,13833.0,OLTP,1,1,2224557674496,543104901,162386534,1.2989966279092737,active_cumulative,/home/oy/iCAT/result/mixO-fixed37-chunked-20261003/mixO-fixed37-rep1-x20/control-series.txt
1791006167,2026-10-03T14:42:47+09:00,13863.0,OLTP,1,1,2229487276032,544308417,162725627,1.2989584983764821,active_cumulative,/home/oy/iCAT/result/mixO-fixed37-chunked-20261003/mixO-fixed37-rep1-x20/control-series.txt
1791006197,2026-10-03T14:43:17+09:00,13893.0,OLTP,1,1,2234376818688,545502153,163059169,1.298915720319806,active_cumulative,/home/oy/iCAT/result/mixO-fixed37-chunked-20261003/mixO-fixed37-rep1-x20/control-series.txt
1791006227,2026-10-03T14:43:47+09:00,13923.0,OLTP,1,1,2239262109696,546694851,163392861,1.2988739709202053,active_cumulative,/home/oy/iCAT/result/mixO-fixed37-chunked-20261003/mixO-fixed37-rep1-x20/control-series.txt
1791006257,2026-10-03T14:44:17+09:00,13953.0,OLTP,1,1,2244156846080,547889855,163724371,1.298827162988809,active_cumulative,/home/oy/iCAT/result/mixO-fixed37-chunked-20261003/mixO-fixed37-rep1-x20/control-series.txt
1791006287,2026-10-03T14:44:47+09:00,13983.0,OLTP,1,1,2249068953600,549089100,164057676,1.2987815201576574,active_cumulative,/home/oy/iCAT/result/mixO-fixed37-chunked-20261003/mixO-fixed37-rep1-x20/control-series.txt
1791006317,2026-10-03T14:45:17+09:00,14013.0,OLTP,1,1,2253900013568,550268558,164386623,1.2987388986888107,active_cumulative,/home/oy/iCAT/result/mixO-fixed37-chunked-20261003/mixO-fixed37-rep1-x20/control-series.txt
1791006348,2026-10-03T14:45:48+09:00,14044.0,OLTP,1,1,2258805370880,551466155,164722274,1.2986987914063375,active_cumulative,/home/oy/iCAT/result/mixO-fixed37-chunked-20261003/mixO-fixed37-rep1-x20/control-series.txt
1791006378,2026-10-03T14:46:18+09:00,14074.0,OLTP,1,1,2263645818880,552647905,165048425,1.2986502319229818,active_cumulative,/home/oy/iCAT/result/mixO-fixed37-chunked-20261003/mixO-fixed37-rep1-x20/control-series.txt
1791006408,2026-10-03T14:46:48+09:00,14104.0,OLTP,1,1,2268486848512,553829797,165372931,1.298598832882948,active_cumulative,/home/oy/iCAT/result/mixO-fixed37-chunked-20261003/mixO-fixed37-rep1-x20/control-series.txt
1791006438,2026-10-03T14:47:18+09:00,14134.0,OLTP,1,1,2273313861632,555008267,165699115,1.2985525168762937,active_cumulative,/home/oy/iCAT/result/mixO-fixed37-chunked-20261003/mixO-fixed37-rep1-x20/control-series.txt
1791006468,2026-10-03T14:47:48+09:00,14164.0,OLTP,1,1,2278152679424,556189619,166030872,1.2985148703395704,active_cumulative,/home/oy/iCAT/result/mixO-fixed37-chunked-20261003/mixO-fixed37-rep1-x20/control-series.txt
1791006498,2026-10-03T14:48:18+09:00,14194.0,OLTP,1,1,2282956374016,557362396,166354151,1.2984667645213726,active_cumulative,/home/oy/iCAT/result/mixO-fixed37-chunked-20261003/mixO-fixed37-rep1-x20/control-series.txt
1791006528,2026-10-03T14:48:48+09:00,14224.0,OLTP,1,1,2287791575040,558542865,166685222,1.2984287016180933,active_cumulative,/home/oy/iCAT/result/mixO-fixed37-chunked-20261003/mixO-fixed37-rep1-x20/control-series.txt
1791006558,2026-10-03T14:49:18+09:00,14254.0,OLTP,1,1,2292562120704,559707549,167012482,1.2983924056382523,active_cumulative,/home/oy/iCAT/result/mixO-fixed37-chunked-20261003/mixO-fixed37-rep1-x20/control-series.txt
1791006588,2026-10-03T14:49:48+09:00,14284.0,OLTP,1,1,2297387347968,560885583,167338218,1.2983464418981152,active_cumulative,/home/oy/iCAT/result/mixO-fixed37-chunked-20261003/mixO-fixed37-rep1-x20/control-series.txt
1791006618,2026-10-03T14:50:18+09:00,14314.0,OLTP,1,1,2302152781824,562049019,167667705,1.2983150923353892,active_cumulative,/home/oy/iCAT/result/mixO-fixed37-chunked-20261003/mixO-fixed37-rep1-x20/control-series.txt
1791006648,2026-10-03T14:50:48+09:00,14344.0,OLTP,1,1,2307074170880,563250530,167998965,1.2982668564910183,active_cumulative,/home/oy/iCAT/result/mixO-fixed37-chunked-20261003/mixO-fixed37-rep1-x20/control-series.txt
1791006678,2026-10-03T14:51:18+09:00,14374.0,OLTP,1,1,2311949205504,564440724,168330309,1.2982249540874728,active_cumulative,/home/oy/iCAT/result/mixO-fixed37-chunked-20261003/mixO-fixed37-rep1-x20/control-series.txt
1791006708,2026-10-03T14:51:48+09:00,14404.0,OLTP,1,1,2316850860032,565637417,168663327,1.2981827614844652,active_cumulative,/home/oy/iCAT/result/mixO-fixed37-chunked-20261003/mixO-fixed37-rep1-x20/control-series.txt
1791006738,2026-10-03T14:52:18+09:00,14434.0,OLTP,1,1,2321571913728,566790018,168984986,1.2981438992103067,active_cumulative,/home/oy/iCAT/result/mixO-fixed37-chunked-20261003/mixO-fixed37-rep1-x20/control-series.txt
1791006768,2026-10-03T14:52:48+09:00,14464.0,OLTP,1,1,2326373847040,567962365,169308044,1.2980972938233328,active_cumulative,/home/oy/iCAT/result/mixO-fixed37-chunked-20261003/mixO-fixed37-rep1-x20/control-series.txt
1791006798,2026-10-03T14:53:18+09:00,14494.0,OLTP,1,1,2330772099072,569036157,169610362,1.2980660541751832,active_cumulative,/home/oy/iCAT/result/mixO-fixed37-chunked-20261003/mixO-fixed37-rep1-x20/control-series.txt
1791006828,2026-10-03T14:53:48+09:00,14524.0,OLTP,1,1,2335608770560,570216985,169940386,1.2980275762918567,active_cumulative,/home/oy/iCAT/result/mixO-fixed37-chunked-20261003/mixO-fixed37-rep1-x20/control-series.txt
1791006858,2026-10-03T14:54:18+09:00,14554.0,OLTP,1,1,2340508717056,571413261,170275397,1.2979899288686616,active_cumulative,/home/oy/iCAT/result/mixO-fixed37-chunked-20261003/mixO-fixed37-rep1-x20/control-series.txt
1791006888,2026-10-03T14:54:48+09:00,14584.0,OLTP,1,1,2345521954816,572637196,170619764,1.2979543857643505,active_cumulative,/home/oy/iCAT/result/mixO-fixed37-chunked-20261003/mixO-fixed37-rep1-x20/control-series.txt
1791006918,2026-10-03T14:55:18+09:00,14614.0,OLTP,1,1,2350424371200,573834075,170954768,1.2979167244468708,active_cumulative,/home/oy/iCAT/result/mixO-fixed37-chunked-20261003/mixO-fixed37-rep1-x20/control-series.txt
1791006948,2026-10-03T14:55:48+09:00,14644.0,OLTP,1,1,2355293945856,575022936,171281419,1.2978688470958661,active_cumulative,/home/oy/iCAT/result/mixO-fixed37-chunked-20261003/mixO-fixed37-rep1-x20/control-series.txt
1791006979,2026-10-03T14:56:19+09:00,14675.0,OLTP,1,1,2360200302592,576220777,171620159,1.2978375057794904,active_cumulative,/home/oy/iCAT/result/mixO-fixed37-chunked-20261003/mixO-fixed37-rep1-x20/control-series.txt
1791007009,2026-10-03T14:56:49+09:00,14705.0,OLTP,1,1,2365116731392,577421077,171955107,1.2977984591303722,active_cumulative,/home/oy/iCAT/result/mixO-fixed37-chunked-20261003/mixO-fixed37-rep1-x20/control-series.txt
1791007039,2026-10-03T14:57:19+09:00,14735.0,OLTP,1,1,2369983287296,578609201,172290404,1.2977664435723344,active_cumulative,/home/oy/iCAT/result/mixO-fixed37-chunked-20261003/mixO-fixed37-rep1-x20/control-series.txt
1791007069,2026-10-03T14:57:49+09:00,14765.0,OLTP,1,1,2374868938752,579801987,172623770,1.2977288347926963,active_cumulative,/home/oy/iCAT/result/mixO-fixed37-chunked-20261003/mixO-fixed37-rep1-x20/control-series.txt
1791007099,2026-10-03T14:58:19+09:00,14795.0,OLTP,1,1,2379753066496,580994401,172956832,1.2976910478006483,active_cumulative,/home/oy/iCAT/result/mixO-fixed37-chunked-20261003/mixO-fixed37-rep1-x20/control-series.txt
1791007129,2026-10-03T14:58:49+09:00,14825.0,OLTP,1,1,2384749703168,582214283,173300022,1.2976567684101286,active_cumulative,/home/oy/iCAT/result/mixO-fixed37-chunked-20261003/mixO-fixed37-rep1-x20/control-series.txt
1791007159,2026-10-03T14:59:19+09:00,14855.0,OLTP,1,1,2389643821056,583409136,173635705,1.2976225332885427,active_cumulative,/home/oy/iCAT/result/mixO-fixed37-chunked-20261003/mixO-fixed37-rep1-x20/control-series.txt
1791007189,2026-10-03T14:59:49+09:00,14885.0,OLTP,1,1,2394600656896,584619301,173972635,1.2975827768642212,active_cumulative,/home/oy/iCAT/result/mixO-fixed37-chunked-20261003/mixO-fixed37-rep1-x20/control-series.txt
1791007219,2026-10-03T15:00:19+09:00,14915.0,OLTP,1,1,2399510786048,585818063,174307628,1.297545669908782,active_cumulative,/home/oy/iCAT/result/mixO-fixed37-chunked-20261003/mixO-fixed37-rep1-x20/control-series.txt
1791007249,2026-10-03T15:00:49+09:00,14945.0,OLTP,1,1,2404452638720,587024570,174643365,1.2975060566885641,active_cumulative,/home/oy/iCAT/result/mixO-fixed37-chunked-20261003/mixO-fixed37-rep1-x20/control-series.txt
1791007279,2026-10-03T15:01:19+09:00,14975.0,OLTP,1,1,2409255870464,588197234,174968057,1.2974649435362697,active_cumulative,/home/oy/iCAT/result/mixO-fixed37-chunked-20261003/mixO-fixed37-rep1-x20/control-series.txt
1791007309,2026-10-03T15:01:49+09:00,15005.0,OLTP,1,1,2414210129920,589406770,175306289,1.2974283600441168,active_cumulative,/home/oy/iCAT/result/mixO-fixed37-chunked-20261003/mixO-fixed37-rep1-x20/control-series.txt
1791007339,2026-10-03T15:02:19+09:00,15035.0,OLTP,1,1,2419179491328,590619993,175647230,1.2973946566011354,active_cumulative,/home/oy/iCAT/result/mixO-fixed37-chunked-20261003/mixO-fixed37-rep1-x20/control-series.txt
1791007369,2026-10-03T15:02:49+09:00,15065.0,OLTP,1,1,2424077541376,591815806,175979875,1.2973558212130616,active_cumulative,/home/oy/iCAT/result/mixO-fixed37-chunked-20261003/mixO-fixed37-rep1-x20/control-series.txt
1791007399,2026-10-03T15:03:19+09:00,15095.0,OLTP,1,1,2429042249728,593027893,176314876,1.297312956238974,active_cumulative,/home/oy/iCAT/result/mixO-fixed37-chunked-20261003/mixO-fixed37-rep1-x20/control-series.txt
1791007429,2026-10-03T15:03:49+09:00,15125.0,OLTP,1,1,2434031857664,594246059,176653420,1.2972731873010201,active_cumulative,/home/oy/iCAT/result/mixO-fixed37-chunked-20261003/mixO-fixed37-rep1-x20/control-series.txt
1791007459,2026-10-03T15:04:19+09:00,15155.0,OLTP,1,1,2438914121728,595438018,176985741,1.2972362120821113,active_cumulative,/home/oy/iCAT/result/mixO-fixed37-chunked-20261003/mixO-fixed37-rep1-x20/control-series.txt
1791007490,2026-10-03T15:04:50+09:00,15186.0,OLTP,1,1,2443804073984,596631854,177315495,1.2971941471297979,active_cumulative,/home/oy/iCAT/result/mixO-fixed37-chunked-20261003/mixO-fixed37-rep1-x20/control-series.txt
1791007520,2026-10-03T15:05:20+09:00,15216.0,OLTP,1,1,2448740712448,597837088,177653433,1.2971602742050021,active_cumulative,/home/oy/iCAT/result/mixO-fixed37-chunked-20261003/mixO-fixed37-rep1-x20/control-series.txt
1791007550,2026-10-03T15:05:50+09:00,15246.0,OLTP,1,1,2453755523072,599061407,177998658,1.2971292357012074,active_cumulative,/home/oy/iCAT/result/mixO-fixed37-chunked-20261003/mixO-fixed37-rep1-x20/control-series.txt
1791007580,2026-10-03T15:06:20+09:00,15276.0,OLTP,1,1,2458658332672,600258382,178336592,1.2970997113039897,active_cumulative,/home/oy/iCAT/result/mixO-fixed37-chunked-20261003/mixO-fixed37-rep1-x20/control-series.txt
1791007610,2026-10-03T15:06:50+09:00,15306.0,OLTP,1,1,2463633895424,601473119,178680272,1.2970710849008034,active_cumulative,/home/oy/iCAT/result/mixO-fixed37-chunked-20261003/mixO-fixed37-rep1-x20/control-series.txt
1791007640,2026-10-03T15:07:20+09:00,15336.0,OLTP,1,1,2468569616384,602678129,179020674,1.2970419289929136,active_cumulative,/home/oy/iCAT/result/mixO-fixed37-chunked-20261003/mixO-fixed37-rep1-x20/control-series.txt
1791007670,2026-10-03T15:07:50+09:00,15366.0,OLTP,1,1,2473471000576,603874756,179358706,1.2970130879258015,active_cumulative,/home/oy/iCAT/result/mixO-fixed37-chunked-20261003/mixO-fixed37-rep1-x20/control-series.txt
1791007700,2026-10-03T15:08:20+09:00,15396.0,OLTP,1,1,2477732315136,604915116,179649313,1.296982681120503,active_cumulative,/home/oy/iCAT/result/mixO-fixed37-chunked-20261003/mixO-fixed37-rep1-x20/control-series.txt
1791007730,2026-10-03T15:08:50+09:00,15426.0,OLTP,1,1,2482678046720,606122570,179985115,1.2969450799365547,active_cumulative,/home/oy/iCAT/result/mixO-fixed37-chunked-20261003/mixO-fixed37-rep1-x20/control-series.txt
1791007760,2026-10-03T15:09:20+09:00,15456.0,OLTP,1,1,2487631040512,607331797,180328150,1.2969186709649585,active_cumulative,/home/oy/iCAT/result/mixO-fixed37-chunked-20261003/mixO-fixed37-rep1-x20/control-series.txt
1791007790,2026-10-03T15:09:50+09:00,15486.0,OLTP,1,1,2492456411136,608509866,180657622,1.2968852800818844,active_cumulative,/home/oy/iCAT/result/mixO-fixed37-chunked-20261003/mixO-fixed37-rep1-x20/control-series.txt
1791007820,2026-10-03T15:10:20+09:00,15516.0,OLTP,1,1,2497392078848,609714863,180996634,1.2968545544542516,active_cumulative,/home/oy/iCAT/result/mixO-fixed37-chunked-20261003/mixO-fixed37-rep1-x20/control-series.txt
1791007850,2026-10-03T15:10:50+09:00,15546.0,OLTP,1,1,2502358790144,610927439,181342036,1.2968307272248742,active_cumulative,/home/oy/iCAT/result/mixO-fixed37-chunked-20261003/mixO-fixed37-rep1-x20/control-series.txt
1791007880,2026-10-03T15:11:20+09:00,15576.0,OLTP,1,1,2507343093760,612144310,181692231,1.2968127417536561,active_cumulative,/home/oy/iCAT/result/mixO-fixed37-chunked-20261003/mixO-fixed37-rep1-x20/control-series.txt
1791007910,2026-10-03T15:11:50+09:00,15606.0,OLTP,1,1,2512349990912,613366697,182047785,1.2968008955986732,active_cumulative,/home/oy/iCAT/result/mixO-fixed37-chunked-20261003/mixO-fixed37-rep1-x20/control-series.txt
1791007940,2026-10-03T15:12:20+09:00,15636.0,OLTP,1,1,2517199990784,614550779,182382686,1.2967739887935281,active_cumulative,/home/oy/iCAT/result/mixO-fixed37-chunked-20261003/mixO-fixed37-rep1-x20/control-series.txt
1791007971,2026-10-03T15:12:51+09:00,15667.0,OLTP,1,1,2522013413376,615725931,182715659,1.2967483579963113,active_cumulative,/home/oy/iCAT/result/mixO-fixed37-chunked-20261003/mixO-fixed37-rep1-x20/control-series.txt
1791008001,2026-10-03T15:13:21+09:00,15697.0,OLTP,1,1,2526778499072,616889282,183049095,1.2967292516520006,active_cumulative,/home/oy/iCAT/result/mixO-fixed37-chunked-20261003/mixO-fixed37-rep1-x20/control-series.txt
1791008031,2026-10-03T15:13:51+09:00,15727.0,OLTP,1,1,2531536969728,618051018,183380025,1.2967069378728862,active_cumulative,/home/oy/iCAT/result/mixO-fixed37-chunked-20261003/mixO-fixed37-rep1-x20/control-series.txt
1791008061,2026-10-03T15:14:21+09:00,15757.0,OLTP,1,1,2536251158528,619201943,183712162,1.2966918370926366,active_cumulative,/home/oy/iCAT/result/mixO-fixed37-chunked-20261003/mixO-fixed37-rep1-x20/control-series.txt
1791008091,2026-10-03T15:14:51+09:00,15787.0,OLTP,1,1,2541018001408,620365723,184045286,1.29667223570958,active_cumulative,/home/oy/iCAT/result/mixO-fixed37-chunked-20261003/mixO-fixed37-rep1-x20/control-series.txt
1791008121,2026-10-03T15:15:21+09:00,15817.0,OLTP,1,1,2545783549952,621529187,184381597,1.29665798623227,active_cumulative,/home/oy/iCAT/result/mixO-fixed37-chunked-20261003/mixO-fixed37-rep1-x20/control-series.txt
1791008151,2026-10-03T15:15:51+09:00,15847.0,OLTP,1,1,2550517886976,622685031,184713817,1.2966408501957387,active_cumulative,/home/oy/iCAT/result/mixO-fixed37-chunked-20261003/mixO-fixed37-rep1-x20/control-series.txt
1791008181,2026-10-03T15:16:21+09:00,15877.0,OLTP,1,1,2555444477952,623887812,185049596,1.2966071662896983,active_cumulative,/home/oy/iCAT/result/mixO-fixed37-chunked-20261003/mixO-fixed37-rep1-x20/control-series.txt
1791008211,2026-10-03T15:16:51+09:00,15907.0,OLTP,1,1,2560278564864,625068009,185381528,1.296578172824071,active_cumulative,/home/oy/iCAT/result/mixO-fixed37-chunked-20261003/mixO-fixed37-rep1-x20/control-series.txt
1791008241,2026-10-03T15:17:21+09:00,15937.0,OLTP,1,1,2565112889344,626248264,185711495,1.2965461234396332,active_cumulative,/home/oy/iCAT/result/mixO-fixed37-chunked-20261003/mixO-fixed37-rep1-x20/control-series.txt
1791008271,2026-10-03T15:17:51+09:00,15967.0,OLTP,1,1,2569893703680,627415455,186044199,1.2965247309695296,active_cumulative,/home/oy/iCAT/result/mixO-fixed37-chunked-20261003/mixO-fixed37-rep1-x20/control-series.txt
1791008301,2026-10-03T15:18:21+09:00,15997.0,OLTP,1,1,2574538260480,628549380,186354968,1.2964842125848568,active_cumulative,/home/oy/iCAT/result/mixO-fixed37-chunked-20261003/mixO-fixed37-rep1-x20/control-series.txt
1791008331,2026-10-03T15:18:51+09:00,16027.0,OLTP,1,1,2579248541696,629699351,186678139,1.2964559812608096,active_cumulative,/home/oy/iCAT/result/mixO-fixed37-chunked-20261003/mixO-fixed37-rep1-x20/control-series.txt
1791008361,2026-10-03T15:19:21+09:00,16057.0,OLTP,1,1,2584220475392,630913202,187017062,1.296422806508335,active_cumulative,/home/oy/iCAT/result/mixO-fixed37-chunked-20261003/mixO-fixed37-rep1-x20/control-series.txt
1791008391,2026-10-03T15:19:51+09:00,16087.0,OLTP,1,1,2589242073088,632139178,187359355,1.2963894052458176,active_cumulative,/home/oy/iCAT/result/mixO-fixed37-chunked-20261003/mixO-fixed37-rep1-x20/control-series.txt
1791008421,2026-10-03T15:20:21+09:00,16117.0,OLTP,1,1,2593876480000,633270625,187672597,1.2963544961524152,active_cumulative,/home/oy/iCAT/result/mixO-fixed37-chunked-20261003/mixO-fixed37-rep1-x20/control-series.txt
1791008451,2026-10-03T15:20:51+09:00,16147.0,OLTP,1,1,2598762721280,634463555,188007322,1.2963248566736036,active_cumulative,/home/oy/iCAT/result/mixO-fixed37-chunked-20261003/mixO-fixed37-rep1-x20/control-series.txt
1791008481,2026-10-03T15:21:21+09:00,16177.0,OLTP,1,1,2603668602880,635661280,188338777,1.296287949141719,active_cumulative,/home/oy/iCAT/result/mixO-fixed37-chunked-20261003/mixO-fixed37-rep1-x20/control-series.txt
1791008512,2026-10-03T15:21:52+09:00,16208.0,OLTP,1,1,2608472195072,636834032,188670268,1.2962628542439454,active_cumulative,/home/oy/iCAT/result/mixO-fixed37-chunked-20261003/mixO-fixed37-rep1-x20/control-series.txt
1791008542,2026-10-03T15:22:22+09:00,16238.0,OLTP,1,1,2613208133632,637990267,188998837,1.2962409409295894,active_cumulative,/home/oy/iCAT/result/mixO-fixed37-chunked-20261003/mixO-fixed37-rep1-x20/control-series.txt
1791008572,2026-10-03T15:22:52+09:00,16268.0,OLTP,1,1,2617965137920,639151645,189328411,1.2962182957379387,active_cumulative,/home/oy/iCAT/result/mixO-fixed37-chunked-20261003/mixO-fixed37-rep1-x20/control-series.txt
1791008602,2026-10-03T15:23:22+09:00,16298.0,OLTP,1,1,2622141001728,640171143,189616714,1.2961969093317909,active_cumulative,/home/oy/iCAT/result/mixO-fixed37-chunked-20261003/mixO-fixed37-rep1-x20/control-series.txt
1791008632,2026-10-03T15:23:52+09:00,16328.0,OLTP,1,1,2627051642880,641370030,189954244,1.2961695045214383,active_cumulative,/home/oy/iCAT/result/mixO-fixed37-chunked-20261003/mixO-fixed37-rep1-x20/control-series.txt
1791008662,2026-10-03T15:24:22+09:00,16358.0,OLTP,1,1,2631956283392,642567452,190293493,1.2961455523582917,active_cumulative,/home/oy/iCAT/result/mixO-fixed37-chunked-20261003/mixO-fixed37-rep1-x20/control-series.txt
1791008692,2026-10-03T15:24:52+09:00,16388.0,OLTP,1,1,2636933926912,643782697,190637406,1.296120735907259,active_cumulative,/home/oy/iCAT/result/mixO-fixed37-chunked-20261003/mixO-fixed37-rep1-x20/control-series.txt
1791008722,2026-10-03T15:25:22+09:00,16418.0,OLTP,1,1,2641753210880,644959280,190969311,1.2960951441771642,active_cumulative,/home/oy/iCAT/result/mixO-fixed37-chunked-20261003/mixO-fixed37-rep1-x20/control-series.txt
1791008752,2026-10-03T15:25:52+09:00,16448.0,OLTP,1,1,2646474616832,646111967,191291372,1.2960653598294984,active_cumulative,/home/oy/iCAT/result/mixO-fixed37-chunked-20261003/mixO-fixed37-rep1-x20/control-series.txt
1791008782,2026-10-03T15:26:22+09:00,16478.0,OLTP,1,1,2651422744576,647320006,191635667,1.2960447154787922,active_cumulative,/home/oy/iCAT/result/mixO-fixed37-chunked-20261003/mixO-fixed37-rep1-x20/control-series.txt
1791008812,2026-10-03T15:26:52+09:00,16508.0,OLTP,1,1,2656292331520,648508870,191973498,1.2960229333486217,active_cumulative,/home/oy/iCAT/result/mixO-fixed37-chunked-20261003/mixO-fixed37-rep1-x20/control-series.txt
1791008842,2026-10-03T15:27:22+09:00,16538.0,OLTP,1,1,2661167198208,649699023,192310799,1.2959998279080065,active_cumulative,/home/oy/iCAT/result/mixO-fixed37-chunked-20261003/mixO-fixed37-rep1-x20/control-series.txt
1791008872,2026-10-03T15:27:52+09:00,16568.0,OLTP,1,1,2665923858432,650860317,192639784,1.2959771535741056,active_cumulative,/home/oy/iCAT/result/mixO-fixed37-chunked-20261003/mixO-fixed37-rep1-x20/control-series.txt
1791008902,2026-10-03T15:28:22+09:00,16598.0,OLTP,1,1,2670707916800,652028300,192964218,1.2959445441248485,active_cumulative,/home/oy/iCAT/result/mixO-fixed37-chunked-20261003/mixO-fixed37-rep1-x20/control-series.txt
1791008933,2026-10-03T15:28:53+09:00,16629.0,OLTP,1,1,2675610607616,653225246,193302701,1.2959204381393428,active_cumulative,/home/oy/iCAT/result/mixO-fixed37-chunked-20261003/mixO-fixed37-rep1-x20/control-series.txt
1791008963,2026-10-03T15:29:23+09:00,16659.0,OLTP,1,1,2680508858368,654421108,193639997,1.295895096647769,active_cumulative,/home/oy/iCAT/result/mixO-fixed37-chunked-20261003/mixO-fixed37-rep1-x20/control-series.txt
1791008993,2026-10-03T15:29:53+09:00,16689.0,OLTP,1,1,2685410304000,655617750,193970406,1.2958589910050482,active_cumulative,/home/oy/iCAT/result/mixO-fixed37-chunked-20261003/mixO-fixed37-rep1-x20/control-series.txt
1791009023,2026-10-03T15:30:23+09:00,16719.0,OLTP,1,1,2690336280576,656820381,194313324,1.2958393643390917,active_cumulative,/home/oy/iCAT/result/mixO-fixed37-chunked-20261003/mixO-fixed37-rep1-x20/control-series.txt
1791009053,2026-10-03T15:30:53+09:00,16749.0,OLTP,1,1,2695144308736,657994216,194639166,1.2958068038701422,active_cumulative,/home/oy/iCAT/result/mixO-fixed37-chunked-20261003/mixO-fixed37-rep1-x20/control-series.txt
1791009083,2026-10-03T15:31:23+09:00,16779.0,OLTP,1,1,2700117200896,659208301,194980570,1.295779907055509,active_cumulative,/home/oy/iCAT/result/mixO-fixed37-chunked-20261003/mixO-fixed37-rep1-x20/control-series.txt
1791009113,2026-10-03T15:31:53+09:00,16809.0,OLTP,1,1,2704889122816,660373321,195308561,1.2957547720193257,active_cumulative,/home/oy/iCAT/result/mixO-fixed37-chunked-20261003/mixO-fixed37-rep1-x20/control-series.txt
1791009143,2026-10-03T15:32:23+09:00,16839.0,OLTP,1,1,2709664399360,661539160,195636465,1.2957292278812338,active_cumulative,/home/oy/iCAT/result/mixO-fixed37-chunked-20261003/mixO-fixed37-rep1-x20/control-series.txt
1791009173,2026-10-03T15:32:53+09:00,16869.0,OLTP,1,1,2714597654528,662743568,195973106,1.2956997479302583,active_cumulative,/home/oy/iCAT/result/mixO-fixed37-chunked-20261003/mixO-fixed37-rep1-x20/control-series.txt
1791009203,2026-10-03T15:33:23+09:00,16899.0,OLTP,1,1,2719446175744,663927289,196304599,1.295671833726961,active_cumulative,/home/oy/iCAT/result/mixO-fixed37-chunked-20261003/mixO-fixed37-rep1-x20/control-series.txt
1791009233,2026-10-03T15:33:53+09:00,16929.0,OLTP,1,1,2724357902336,665126441,196644334,1.295649551541434,active_cumulative,/home/oy/iCAT/result/mixO-fixed37-chunked-20261003/mixO-fixed37-rep1-x20/control-series.txt
1791009263,2026-10-03T15:34:23+09:00,16959.0,OLTP,1,1,2729282457600,666328725,196986433,1.295629507792869,active_cumulative,/home/oy/iCAT/result/mixO-fixed37-chunked-20261003/mixO-fixed37-rep1-x20/control-series.txt
1791009293,2026-10-03T15:34:53+09:00,16989.0,OLTP,1,1,2734137552896,667514051,197323624,1.295609693465464,active_cumulative,/home/oy/iCAT/result/mixO-fixed37-chunked-20261003/mixO-fixed37-rep1-x20/control-series.txt
1791009323,2026-10-03T15:35:23+09:00,17019.0,OLTP,1,1,2738897940480,668676255,197647310,1.2955799738993274,active_cumulative,/home/oy/iCAT/result/mixO-fixed37-chunked-20261003/mixO-fixed37-rep1-x20/control-series.txt
1791009353,2026-10-03T15:35:53+09:00,17049.0,OLTP,1,1,2743749500928,669860718,197980159,1.2955542154958846,active_cumulative,/home/oy/iCAT/result/mixO-fixed37-chunked-20261003/mixO-fixed37-rep1-x20/control-series.txt
1791009383,2026-10-03T15:36:23+09:00,17079.0,OLTP,1,1,2748642082816,671055196,198316715,1.2955296616166876,active_cumulative,/home/oy/iCAT/result/mixO-fixed37-chunked-20261003/mixO-fixed37-rep1-x20/control-series.txt
1791009413,2026-10-03T15:36:53+09:00,17109.0,OLTP,1,1,2753346371584,672203704,198641170,1.2955074017265455,active_cumulative,/home/oy/iCAT/result/mixO-fixed37-chunked-20261003/mixO-fixed37-rep1-x20/control-series.txt
1791009443,2026-10-03T15:37:23+09:00,17139.0,OLTP,1,1,2758211411968,673391458,198978675,1.2954873760813284,active_cumulative,/home/oy/iCAT/result/mixO-fixed37-chunked-20261003/mixO-fixed37-rep1-x20/control-series.txt
1791009473,2026-10-03T15:37:53+09:00,17169.0,OLTP,1,1,2762973188096,674554001,199309961,1.295469244425992,active_cumulative,/home/oy/iCAT/result/mixO-fixed37-chunked-20261003/mixO-fixed37-rep1-x20/control-series.txt
1791009504,2026-10-03T15:38:24+09:00,17200.0,OLTP,1,1,2767172878336,675579316,199594554,1.2954420735995416,active_cumulative,/home/oy/iCAT/result/mixO-fixed37-chunked-20261003/mixO-fixed37-rep1-x20/control-series.txt
1791009534,2026-10-03T15:38:54+09:00,17230.0,OLTP,1,1,2772110065664,676784684,199937041,1.2954219351098673,active_cumulative,/home/oy/iCAT/result/mixO-fixed37-chunked-20261003/mixO-fixed37-rep1-x20/control-series.txt
1791009564,2026-10-03T15:39:24+09:00,17260.0,OLTP,1,1,2777057402880,677992530,200283822,1.2954071219634233,active_cumulative,/home/oy/iCAT/result/mixO-fixed37-chunked-20261003/mixO-fixed37-rep1-x20/control-series.txt
1791009594,2026-10-03T15:39:54+09:00,17290.0,OLTP,1,1,2781947015168,679186283,200623280,1.2953877088239134,active_cumulative,/home/oy/iCAT/result/mixO-fixed37-chunked-20261003/mixO-fixed37-rep1-x20/control-series.txt
1791009624,2026-10-03T15:40:24+09:00,17320.0,OLTP,1,1,2786901839872,680395957,200962219,1.2953606895109755,active_cumulative,/home/oy/iCAT/result/mixO-fixed37-chunked-20261003/mixO-fixed37-rep1-x20/control-series.txt
1791009654,2026-10-03T15:40:54+09:00,17350.0,OLTP,1,1,2791871381504,681609224,201306926,1.2953406716221316,active_cumulative,/home/oy/iCAT/result/mixO-fixed37-chunked-20261003/mixO-fixed37-rep1-x20/control-series.txt
1791009684,2026-10-03T15:41:24+09:00,17380.0,OLTP,,,,,,,inactive_or_zero,/home/oy/iCAT/result/mixO-fixed37-chunked-20261003/mixO-fixed37-rep1-x20/control-series.txt
1791009714,2026-10-03T15:41:54+09:00,17410.0,OLTP,1,1,2801707905024,684010719,201979493,1.295287028974176,active_cumulative,/home/oy/iCAT/result/mixO-fixed37-chunked-20261003/mixO-fixed37-rep1-x20/control-series.txt
1791009744,2026-10-03T15:42:24+09:00,17440.0,OLTP,1,1,2806681296896,685224926,202322200,1.2952639233091763,active_cumulative,/home/oy/iCAT/result/mixO-fixed37-chunked-20261003/mixO-fixed37-rep1-x20/control-series.txt
1791009774,2026-10-03T15:42:54+09:00,17470.0,OLTP,1,1,2811620765696,686430851,202665806,1.2952457712306407,active_cumulative,/home/oy/iCAT/result/mixO-fixed37-chunked-20261003/mixO-fixed37-rep1-x20/control-series.txt
1791009804,2026-10-03T15:43:24+09:00,17500.0,OLTP,1,1,2816666898432,687662817,203018999,1.2952304443123612,active_cumulative,/home/oy/iCAT/result/mixO-fixed37-chunked-20261003/mixO-fixed37-rep1-x20/control-series.txt
1791009834,2026-10-03T15:43:54+09:00,17530.0,OLTP,1,1,2821672411136,688884866,203365872,1.2952102478035858,active_cumulative,/home/oy/iCAT/result/mixO-fixed37-chunked-20261003/mixO-fixed37-rep1-x20/control-series.txt
1791009864,2026-10-03T15:44:24+09:00,17560.0,OLTP,1,1,2826606477312,690089472,203708356,1.2951912241315862,active_cumulative,/home/oy/iCAT/result/mixO-fixed37-chunked-20261003/mixO-fixed37-rep1-x20/control-series.txt
1791009894,2026-10-03T15:44:54+09:00,17590.0,OLTP,1,1,2831608041472,691310557,204056702,1.295173710185363,active_cumulative,/home/oy/iCAT/result/mixO-fixed37-chunked-20261003/mixO-fixed37-rep1-x20/control-series.txt
1791009924,2026-10-03T15:45:24+09:00,17620.0,OLTP,1,1,2836554473472,692518182,204397571,1.2951511979219053,active_cumulative,/home/oy/iCAT/result/mixO-fixed37-chunked-20261003/mixO-fixed37-rep1-x20/control-series.txt
1791009955,2026-10-03T15:45:55+09:00,17651.0,OLTP,1,1,2841522298880,693731030,204739532,1.2951281161518753,active_cumulative,/home/oy/iCAT/result/mixO-fixed37-chunked-20261003/mixO-fixed37-rep1-x20/control-series.txt
1791009985,2026-10-03T15:46:25+09:00,17681.0,OLTP,1,1,2846395736064,694920834,205075621,1.295106450931359,active_cumulative,/home/oy/iCAT/result/mixO-fixed37-chunked-20261003/mixO-fixed37-rep1-x20/control-series.txt
1791010015,2026-10-03T15:46:55+09:00,17711.0,OLTP,1,1,2851105624064,696070709,205397100,1.295080797603279,active_cumulative,/home/oy/iCAT/result/mixO-fixed37-chunked-20261003/mixO-fixed37-rep1-x20/control-series.txt
1791010045,2026-10-03T15:47:25+09:00,17741.0,OLTP,1,1,2856079212544,697284964,205739830,1.295058463357314,active_cumulative,/home/oy/iCAT/result/mixO-fixed37-chunked-20261003/mixO-fixed37-rep1-x20/control-series.txt
1791010075,2026-10-03T15:47:55+09:00,17771.0,OLTP,1,1,2861049815040,698498490,206082664,1.2950366635724582,active_cumulative,/home/oy/iCAT/result/mixO-fixed37-chunked-20261003/mixO-fixed37-rep1-x20/control-series.txt
1791010105,2026-10-03T15:48:25+09:00,17801.0,OLTP,1,1,2865933004800,699690675,206418711,1.295014237541468,active_cumulative,/home/oy/iCAT/result/mixO-fixed37-chunked-20261003/mixO-fixed37-rep1-x20/control-series.txt
1791010135,2026-10-03T15:48:55+09:00,17831.0,OLTP,1,1,2870776020992,700873052,206744851,1.2949818806844353,active_cumulative,/home/oy/iCAT/result/mixO-fixed37-chunked-20261003/mixO-fixed37-rep1-x20/control-series.txt
1791010165,2026-10-03T15:49:25+09:00,17861.0,OLTP,1,1,2875771994112,702092772,207088292,1.2949585870398335,active_cumulative,/home/oy/iCAT/result/mixO-fixed37-chunked-20261003/mixO-fixed37-rep1-x20/control-series.txt
1791010195,2026-10-03T15:49:55+09:00,17891.0,OLTP,1,1,2880706158592,703297402,207427932,1.294936297802505,active_cumulative,/home/oy/iCAT/result/mixO-fixed37-chunked-20261003/mixO-fixed37-rep1-x20/control-series.txt
1791010225,2026-10-03T15:50:25+09:00,17921.0,OLTP,1,1,2885636468736,704501091,207767061,1.2949137533699007,active_cumulative,/home/oy/iCAT/result/mixO-fixed37-chunked-20261003/mixO-fixed37-rep1-x20/control-series.txt
1791010255,2026-10-03T15:50:55+09:00,17951.0,OLTP,1,1,2890658938880,705727280,208112831,1.2948912942688002,active_cumulative,/home/oy/iCAT/result/mixO-fixed37-chunked-20261003/mixO-fixed37-rep1-x20/control-series.txt
1791010285,2026-10-03T15:51:25+09:00,17981.0,OLTP,1,1,2895681085440,706953390,208456744,1.2948663192632828,active_cumulative,/home/oy/iCAT/result/mixO-fixed37-chunked-20261003/mixO-fixed37-rep1-x20/control-series.txt
1791010316,2026-10-03T15:51:56+09:00,18012.0,OLTP,1,1,2900664098816,708169946,208799526,1.2948438114034282,active_cumulative,/home/oy/iCAT/result/mixO-fixed37-chunked-20261003/mixO-fixed37-rep1-x20/control-series.txt
1791010346,2026-10-03T15:52:26+09:00,18042.0,OLTP,1,1,2905634213888,709383353,209142773,1.2948233449735322,active_cumulative,/home/oy/iCAT/result/mixO-fixed37-chunked-20261003/mixO-fixed37-rep1-x20/control-series.txt
1791010376,2026-10-03T15:52:56+09:00,18072.0,OLTP,1,1,2910492385280,710569430,209477645,1.2948025008618793,active_cumulative,/home/oy/iCAT/result/mixO-fixed37-chunked-20261003/mixO-fixed37-rep1-x20/control-series.txt
1791010406,2026-10-03T15:53:26+09:00,18102.0,Varmail,1,1,2915673677824,711834394,209848690,1.294799874477546,active_cumulative,/home/oy/iCAT/result/mixO-fixed37-chunked-20261003/mixO-fixed37-rep1-x20/control-series.txt
1791010436,2026-10-03T15:53:56+09:00,18132.0,Varmail,1,1,2934482186240,716426315,215005710,1.300108616194535,active_cumulative,/home/oy/iCAT/result/mixO-fixed37-chunked-20261003/mixO-fixed37-rep1-x20/control-series.txt
1791010466,2026-10-03T15:54:26+09:00,18162.0,Varmail,1,1,2953039368192,720956877,221388672,1.3070761637245607,active_cumulative,/home/oy/iCAT/result/mixO-fixed37-chunked-20261003/mixO-fixed37-rep1-x20/control-series.txt
1791010496,2026-10-03T15:54:56+09:00,18192.0,Varmail,1,1,2971562971136,725479241,227796414,1.3139943931214428,active_cumulative,/home/oy/iCAT/result/mixO-fixed37-chunked-20261003/mixO-fixed37-rep1-x20/control-series.txt
1791010526,2026-10-03T15:55:26+09:00,18222.0,Varmail,1,1,2990084808704,730001174,234228359,1.3208602497398174,active_cumulative,/home/oy/iCAT/result/mixO-fixed37-chunked-20261003/mixO-fixed37-rep1-x20/control-series.txt
1791010556,2026-10-03T15:55:56+09:00,18252.0,Varmail,1,1,3008615964672,734525382,240658589,1.3276382204039343,active_cumulative,/home/oy/iCAT/result/mixO-fixed37-chunked-20261003/mixO-fixed37-rep1-x20/control-series.txt
1791010586,2026-10-03T15:56:26+09:00,18282.0,Varmail,1,1,3027132616704,739046049,247110252,1.3343638090405379,active_cumulative,/home/oy/iCAT/result/mixO-fixed37-chunked-20261003/mixO-fixed37-rep1-x20/control-series.txt
1791010616,2026-10-03T15:56:56+09:00,18312.0,Varmail,1,1,3045625040896,743560801,253547959,1.3409915620336743,active_cumulative,/home/oy/iCAT/result/mixO-fixed37-chunked-20261003/mixO-fixed37-rep1-x20/control-series.txt
1791010646,2026-10-03T15:57:26+09:00,18342.0,Varmail,1,1,3064091836416,748069296,259991932,1.3475505991092034,active_cumulative,/home/oy/iCAT/result/mixO-fixed37-chunked-20261003/mixO-fixed37-rep1-x20/control-series.txt
1791010676,2026-10-03T15:57:56+09:00,18372.0,Varmail,1,1,3082581471232,752583367,266456512,1.354055807879687,active_cumulative,/home/oy/iCAT/result/mixO-fixed37-chunked-20261003/mixO-fixed37-rep1-x20/control-series.txt
1791010706,2026-10-03T15:58:26+09:00,18402.0,Varmail,1,1,3101045616640,757091215,272900755,1.3604595451553352,active_cumulative,/home/oy/iCAT/result/mixO-fixed37-chunked-20261003/mixO-fixed37-rep1-x20/control-series.txt
1791010736,2026-10-03T15:58:56+09:00,18432.0,Varmail,1,1,3119552528384,761609504,279336697,1.3667715483235356,active_cumulative,/home/oy/iCAT/result/mixO-fixed37-chunked-20261003/mixO-fixed37-rep1-x20/control-series.txt
1791010766,2026-10-03T15:59:26+09:00,18462.0,Varmail,1,1,3138094514176,766136356,285790815,1.373028655750152,active_cumulative,/home/oy/iCAT/result/mixO-fixed37-chunked-20261003/mixO-fixed37-rep1-x20/control-series.txt
1791010796,2026-10-03T15:59:56+09:00,18492.0,Varmail,1,1,3156638445568,770663683,292252751,1.379222165838065,active_cumulative,/home/oy/iCAT/result/mixO-fixed37-chunked-20261003/mixO-fixed37-rep1-x20/control-series.txt
1791010826,2026-10-03T16:00:26+09:00,18522.0,Varmail,1,1,3175197278208,775194648,298720094,1.385348498948873,active_cumulative,/home/oy/iCAT/result/mixO-fixed37-chunked-20261003/mixO-fixed37-rep1-x20/control-series.txt
1791010856,2026-10-03T16:00:56+09:00,18552.0,Varmail,1,1,3193720762368,779716983,305186084,1.3914062289957843,active_cumulative,/home/oy/iCAT/result/mixO-fixed37-chunked-20261003/mixO-fixed37-rep1-x20/control-series.txt
1791010886,2026-10-03T16:01:26+09:00,18582.0,Varmail,1,1,3212278415360,784247660,311646029,1.397382159865163,active_cumulative,/home/oy/iCAT/result/mixO-fixed37-chunked-20261003/mixO-fixed37-rep1-x20/control-series.txt
1791010916,2026-10-03T16:01:56+09:00,18612.0,Varmail,1,1,3230837592064,788778709,318124799,1.4033131160491301,active_cumulative,/home/oy/iCAT/result/mixO-fixed37-chunked-20261003/mixO-fixed37-rep1-x20/control-series.txt
1791010946,2026-10-03T16:02:26+09:00,18642.0,Varmail,1,1,3249383186432,793306442,324603269,1.4091776542008718,active_cumulative,/home/oy/iCAT/result/mixO-fixed37-chunked-20261003/mixO-fixed37-rep1-x20/control-series.txt
1791010976,2026-10-03T16:02:56+09:00,18672.0,Varmail,1,1,3267880591360,797822410,331047573,1.4149389248166142,active_cumulative,/home/oy/iCAT/result/mixO-fixed37-chunked-20261003/mixO-fixed37-rep1-x20/control-series.txt
1791011006,2026-10-03T16:03:26+09:00,18702.0,Varmail,1,1,3286432059392,802351577,337510845,1.4206520616086482,active_cumulative,/home/oy/iCAT/result/mixO-fixed37-chunked-20261003/mixO-fixed37-rep1-x20/control-series.txt
1791011036,2026-10-03T16:03:56+09:00,18732.0,Varmail,1,1,3304986370048,806881438,343971718,1.4262977208307028,active_cumulative,/home/oy/iCAT/result/mixO-fixed37-chunked-20261003/mixO-fixed37-rep1-x20/control-series.txt
1791011066,2026-10-03T16:04:26+09:00,18762.0,Varmail,1,1,3323578355712,811420497,350445214,1.4318910050900526,active_cumulative,/home/oy/iCAT/result/mixO-fixed37-chunked-20261003/mixO-fixed37-rep1-x20/control-series.txt
1791011096,2026-10-03T16:04:56+09:00,18792.0,Varmail,1,1,3342167531520,815958870,356926586,1.4374320803694431,active_cumulative,/home/oy/iCAT/result/mixO-fixed37-chunked-20261003/mixO-fixed37-rep1-x20/control-series.txt
1791011126,2026-10-03T16:05:26+09:00,18822.0,Varmail,1,1,3360741830656,820493611,363387382,1.44288874054377,active_cumulative,/home/oy/iCAT/result/mixO-fixed37-chunked-20261003/mixO-fixed37-rep1-x20/control-series.txt
1791011156,2026-10-03T16:05:56+09:00,18852.0,Varmail,1,1,3379325173760,825030560,369862637,1.4483017416954833,active_cumulative,/home/oy/iCAT/result/mixO-fixed37-chunked-20261003/mixO-fixed37-rep1-x20/control-series.txt
1791011186,2026-10-03T16:06:26+09:00,18882.0,Varmail,1,1,3397926141952,829571812,376313267,1.4536234977569369,active_cumulative,/home/oy/iCAT/result/mixO-fixed37-chunked-20261003/mixO-fixed37-rep1-x20/control-series.txt
1791011216,2026-10-03T16:06:56+09:00,18912.0,Varmail,1,1,3416522010624,834111819,382780355,1.458907722299041,active_cumulative,/home/oy/iCAT/result/mixO-fixed37-chunked-20261003/mixO-fixed37-rep1-x20/control-series.txt
1791011246,2026-10-03T16:07:26+09:00,18942.0,Varmail,1,1,3435109314560,838649735,389220277,1.4641034996571005,active_cumulative,/home/oy/iCAT/result/mixO-fixed37-chunked-20261003/mixO-fixed37-rep1-x20/control-series.txt
1791011276,2026-10-03T16:07:56+09:00,18972.0,Varmail,1,1,3453695741952,843187437,395669738,1.4692547832635698,active_cumulative,/home/oy/iCAT/result/mixO-fixed37-chunked-20261003/mixO-fixed37-rep1-x20/control-series.txt
1791011306,2026-10-03T16:08:26+09:00,19002.0,Varmail,1,1,3472270909440,847722390,402119743,1.4743530992498617,active_cumulative,/home/oy/iCAT/result/mixO-fixed37-chunked-20261003/mixO-fixed37-rep1-x20/control-series.txt
1791011336,2026-10-03T16:08:56+09:00,19032.0,Varmail,1,1,3490867474432,852262567,408575787,1.479401305208328,active_cumulative,/home/oy/iCAT/result/mixO-fixed37-chunked-20261003/mixO-fixed37-rep1-x20/control-series.txt
1791011366,2026-10-03T16:09:26+09:00,19062.0,Varmail,1,1,3509461594112,856802147,415035697,1.4844008601673124,active_cumulative,/home/oy/iCAT/result/mixO-fixed37-chunked-20261003/mixO-fixed37-rep1-x20/control-series.txt
1791011396,2026-10-03T16:09:56+09:00,19092.0,Varmail,1,1,3528063856640,861343715,421515589,1.489369785440415,active_cumulative,/home/oy/iCAT/result/mixO-fixed37-chunked-20261003/mixO-fixed37-rep1-x20/control-series.txt
1791011426,2026-10-03T16:10:26+09:00,19122.0,Varmail,1,1,3546687852544,865890589,427969482,1.4942535320706667,active_cumulative,/home/oy/iCAT/result/mixO-fixed37-chunked-20261003/mixO-fixed37-rep1-x20/control-series.txt
1791011456,2026-10-03T16:10:56+09:00,19152.0,Varmail,1,1,3565276561408,870428848,434422125,1.4990897601776176,active_cumulative,/home/oy/iCAT/result/mixO-fixed37-chunked-20261003/mixO-fixed37-rep1-x20/control-series.txt
1791011486,2026-10-03T16:11:26+09:00,19182.0,Varmail,1,1,3583886065664,874972184,440883013,1.5038823188463784,active_cumulative,/home/oy/iCAT/result/mixO-fixed37-chunked-20261003/mixO-fixed37-rep1-x20/control-series.txt
1791011516,2026-10-03T16:11:56+09:00,19212.0,Varmail,1,1,3602473660416,879510171,447342506,1.5086268706720847,active_cumulative,/home/oy/iCAT/result/mixO-fixed37-chunked-20261003/mixO-fixed37-rep1-x20/control-series.txt
1791011546,2026-10-03T16:12:26+09:00,19242.0,Varmail,1,1,3621094170624,884056194,453808856,1.5133258033595092,active_cumulative,/home/oy/iCAT/result/mixO-fixed37-chunked-20261003/mixO-fixed37-rep1-x20/control-series.txt
1791011576,2026-10-03T16:12:56+09:00,19272.0,Varmail,1,1,3639696744448,888597838,460241700,1.517941503251778,active_cumulative,/home/oy/iCAT/result/mixO-fixed37-chunked-20261003/mixO-fixed37-rep1-x20/control-series.txt
1791011606,2026-10-03T16:13:26+09:00,19302.0,Varmail,1,1,3658283925504,893135724,466684219,1.5225232923277403,active_cumulative,/home/oy/iCAT/result/mixO-fixed37-chunked-20261003/mixO-fixed37-rep1-x20/control-series.txt
1791011636,2026-10-03T16:13:56+09:00,19332.0,Varmail,1,1,3676898381824,897680269,473129603,1.5270580398598468,active_cumulative,/home/oy/iCAT/result/mixO-fixed37-chunked-20261003/mixO-fixed37-rep1-x20/control-series.txt
1791011666,2026-10-03T16:14:26+09:00,19362.0,Varmail,1,1,3695503216640,902222465,479555290,1.5315266562332828,active_cumulative,/home/oy/iCAT/result/mixO-fixed37-chunked-20261003/mixO-fixed37-rep1-x20/control-series.txt
1791011696,2026-10-03T16:14:56+09:00,19392.0,Varmail,1,1,3714116988928,906766843,485973195,1.535940632094771,active_cumulative,/home/oy/iCAT/result/mixO-fixed37-chunked-20261003/mixO-fixed37-rep1-x20/control-series.txt
1791011726,2026-10-03T16:15:26+09:00,19422.0,Varmail,1,1,3732693204992,911302052,492390004,1.5403148197893008,active_cumulative,/home/oy/iCAT/result/mixO-fixed37-chunked-20261003/mixO-fixed37-rep1-x20/control-series.txt
1791011756,2026-10-03T16:15:56+09:00,19452.0,Varmail,1,1,3751263858688,915835903,498794888,1.5446334724005681,active_cumulative,/home/oy/iCAT/result/mixO-fixed37-chunked-20261003/mixO-fixed37-rep1-x20/control-series.txt
1791011786,2026-10-03T16:16:26+09:00,19482.0,Varmail,1,1,3769862008832,920376467,505204758,1.548910990354559,active_cumulative,/home/oy/iCAT/result/mixO-fixed37-chunked-20261003/mixO-fixed37-rep1-x20/control-series.txt
1791011816,2026-10-03T16:16:56+09:00,19512.0,Varmail,1,1,3788458237952,924916562,511617302,1.553149681841247,active_cumulative,/home/oy/iCAT/result/mixO-fixed37-chunked-20261003/mixO-fixed37-rep1-x20/control-series.txt
1791011846,2026-10-03T16:17:26+09:00,19542.0,Varmail,1,1,3807066398720,929459570,518031367,1.5573468537205981,active_cumulative,/home/oy/iCAT/result/mixO-fixed37-chunked-20261003/mixO-fixed37-rep1-x20/control-series.txt
1791011876,2026-10-03T16:17:56+09:00,19572.0,Varmail,1,1,3825699254272,934008607,524447393,1.5615016704016305,active_cumulative,/home/oy/iCAT/result/mixO-fixed37-chunked-20261003/mixO-fixed37-rep1-x20/control-series.txt
1791011906,2026-10-03T16:18:26+09:00,19602.0,Varmail,1,1,3844344643584,938560704,530846689,1.5655965423841143,active_cumulative,/home/oy/iCAT/result/mixO-fixed37-chunked-20261003/mixO-fixed37-rep1-x20/control-series.txt
1791011936,2026-10-03T16:18:56+09:00,19632.0,Varmail,1,1,3862873743360,943084410,537224357,1.5696461009253668,active_cumulative,/home/oy/iCAT/result/mixO-fixed37-chunked-20261003/mixO-fixed37-rep1-x20/control-series.txt
1791011966,2026-10-03T16:19:26+09:00,19662.0,Varmail,1,1,3881439428608,947617048,543603247,1.5736528781824957,active_cumulative,/home/oy/iCAT/result/mixO-fixed37-chunked-20261003/mixO-fixed37-rep1-x20/control-series.txt
1791011996,2026-10-03T16:19:56+09:00,19692.0,Varmail,1,1,3900015443968,952152208,549994184,1.5776326299292687,active_cumulative,/home/oy/iCAT/result/mixO-fixed37-chunked-20261003/mixO-fixed37-rep1-x20/control-series.txt
1791012026,2026-10-03T16:20:26+09:00,19722.0,Varmail,1,1,3918592696320,956687670,556389350,1.5815788866600529,active_cumulative,/home/oy/iCAT/result/mixO-fixed37-chunked-20261003/mixO-fixed37-rep1-x20/control-series.txt
1791012056,2026-10-03T16:20:56+09:00,19752.0,Varmail,1,1,3937234685952,961238937,562792104,1.5854861703339427,active_cumulative,/home/oy/iCAT/result/mixO-fixed37-chunked-20261003/mixO-fixed37-rep1-x20/control-series.txt
1791012086,2026-10-03T16:21:26+09:00,19782.0,Varmail,1,1,3955891597312,965793847,569188459,1.589347779309263,active_cumulative,/home/oy/iCAT/result/mixO-fixed37-chunked-20261003/mixO-fixed37-rep1-x20/control-series.txt
1791012116,2026-10-03T16:21:56+09:00,19812.0,Varmail,1,1,3974482694144,970332689,575574668,1.5931725010657658,active_cumulative,/home/oy/iCAT/result/mixO-fixed37-chunked-20261003/mixO-fixed37-rep1-x20/control-series.txt
1791012146,2026-10-03T16:22:26+09:00,19842.0,Varmail,1,1,3993099030528,974877693,581984849,1.5969824247481268,active_cumulative,/home/oy/iCAT/result/mixO-fixed37-chunked-20261003/mixO-fixed37-rep1-x20/control-series.txt
1791012176,2026-10-03T16:22:56+09:00,19872.0,Varmail,1,1,4011751084032,979431417,588397068,1.600753720768179,active_cumulative,/home/oy/iCAT/result/mixO-fixed37-chunked-20261003/mixO-fixed37-rep1-x20/control-series.txt
1791012206,2026-10-03T16:23:26+09:00,19902.0,Varmail,1,1,4030360502272,983974732,594793305,1.6044802632187918,active_cumulative,/home/oy/iCAT/result/mixO-fixed37-chunked-20261003/mixO-fixed37-rep1-x20/control-series.txt
1791012236,2026-10-03T16:23:56+09:00,19932.0,Varmail,1,1,4048994058240,988523940,601199253,1.6081787488120924,active_cumulative,/home/oy/iCAT/result/mixO-fixed37-chunked-20261003/mixO-fixed37-rep1-x20/control-series.txt
1791012266,2026-10-03T16:24:26+09:00,19962.0,Varmail,1,1,4067541725184,993052179,607572564,1.6118234034910666,active_cumulative,/home/oy/iCAT/result/mixO-fixed37-chunked-20261003/mixO-fixed37-rep1-x20/control-series.txt
1791012296,2026-10-03T16:24:56+09:00,19992.0,Varmail,1,1,4086065070080,997574480,613927248,1.615419961424835,active_cumulative,/home/oy/iCAT/result/mixO-fixed37-chunked-20261003/mixO-fixed37-rep1-x20/control-series.txt
1791012326,2026-10-03T16:25:26+09:00,20022.0,Varmail,1,1,4104636760064,1002108584,620294896,1.6189897042135306,active_cumulative,/home/oy/iCAT/result/mixO-fixed37-chunked-20261003/mixO-fixed37-rep1-x20/control-series.txt
1791012356,2026-10-03T16:25:56+09:00,20052.0,Varmail,1,1,4123277918208,1006659648,626681612,1.6225357430836445,active_cumulative,/home/oy/iCAT/result/mixO-fixed37-chunked-20261003/mixO-fixed37-rep1-x20/control-series.txt
1791012386,2026-10-03T16:26:26+09:00,20082.0,Varmail,1,1,4141886623744,1011202789,633054531,1.6260411243782675,active_cumulative,/home/oy/iCAT/result/mixO-fixed37-chunked-20261003/mixO-fixed37-rep1-x20/control-series.txt
1791012416,2026-10-03T16:26:56+09:00,20112.0,Varmail,1,1,4160481763328,1015742618,639442164,1.6295316871306074,active_cumulative,/home/oy/iCAT/result/mixO-fixed37-chunked-20261003/mixO-fixed37-rep1-x20/control-series.txt
1791012446,2026-10-03T16:27:26+09:00,20142.0,Varmail,1,1,4179088031744,1020285164,645811437,1.6329715061896166,active_cumulative,/home/oy/iCAT/result/mixO-fixed37-chunked-20261003/mixO-fixed37-rep1-x20/control-series.txt
1791012476,2026-10-03T16:27:56+09:00,20172.0,Varmail,1,1,4197673517056,1024822636,652175436,1.6363788358008127,active_cumulative,/home/oy/iCAT/result/mixO-fixed37-chunked-20261003/mixO-fixed37-rep1-x20/control-series.txt
1791012506,2026-10-03T16:28:26+09:00,20202.0,Varmail,1,1,4216291069952,1029367937,658532151,1.6397441841050855,active_cumulative,/home/oy/iCAT/result/mixO-fixed37-chunked-20261003/mixO-fixed37-rep1-x20/control-series.txt
1791012536,2026-10-03T16:28:56+09:00,20232.0,Varmail,1,1,4234851528704,1033899299,664883958,1.643083865752771,active_cumulative,/home/oy/iCAT/result/mixO-fixed37-chunked-20261003/mixO-fixed37-rep1-x20/control-series.txt
1791012566,2026-10-03T16:29:26+09:00,20262.0,Varmail,1,1,4253482606592,1038447902,671263122,1.646410013162124,active_cumulative,/home/oy/iCAT/result/mixO-fixed37-chunked-20261003/mixO-fixed37-rep1-x20/control-series.txt
1791012596,2026-10-03T16:29:56+09:00,20292.0,Varmail,1,1,4272074993664,1042987059,677632846,1.6497039825687807,active_cumulative,/home/oy/iCAT/result/mixO-fixed37-chunked-20261003/mixO-fixed37-rep1-x20/control-series.txt
1791012626,2026-10-03T16:30:26+09:00,20322.0,Varmail,1,1,4290699231232,1047533992,684001162,1.6529632138180772,active_cumulative,/home/oy/iCAT/result/mixO-fixed37-chunked-20261003/mixO-fixed37-rep1-x20/control-series.txt
1791012656,2026-10-03T16:30:56+09:00,20352.0,Varmail,1,1,4309344645120,1052086095,690385631,1.6562064020055316,active_cumulative,/home/oy/iCAT/result/mixO-fixed37-chunked-20261003/mixO-fixed37-rep1-x20/control-series.txt
1791012686,2026-10-03T16:31:26+09:00,20382.0,Varmail,1,1,4327960330240,1056630940,696765984,1.6594222804037897,active_cumulative,/home/oy/iCAT/result/mixO-fixed37-chunked-20261003/mixO-fixed37-rep1-x20/control-series.txt
1791012716,2026-10-03T16:31:56+09:00,20412.0,Varmail,1,1,4346600251392,1061181702,703125854,1.662587615933091,active_cumulative,/home/oy/iCAT/result/mixO-fixed37-chunked-20261003/mixO-fixed37-rep1-x20/control-series.txt
1791012746,2026-10-03T16:32:26+09:00,20442.0,Varmail,1,1,4365268209664,1065739309,709496365,1.6657316278084289,active_cumulative,/home/oy/iCAT/result/mixO-fixed37-chunked-20261003/mixO-fixed37-rep1-x20/control-series.txt
1791012776,2026-10-03T16:32:56+09:00,20472.0,Varmail,1,1,4383949275136,1070300116,715869487,1.6688493033854814,active_cumulative,/home/oy/iCAT/result/mixO-fixed37-chunked-20261003/mixO-fixed37-rep1-x20/control-series.txt
1791012806,2026-10-03T16:33:26+09:00,20502.0,Varmail,1,1,4402581348352,1074848962,722213276,1.6719207084278693,active_cumulative,/home/oy/iCAT/result/mixO-fixed37-chunked-20261003/mixO-fixed37-rep1-x20/control-series.txt
1791012836,2026-10-03T16:33:56+09:00,20532.0,Varmail,1,1,4421213540352,1079397837,728591927,1.6749985056714543,active_cumulative,/home/oy/iCAT/result/mixO-fixed37-chunked-20261003/mixO-fixed37-rep1-x20/control-series.txt
1791012866,2026-10-03T16:34:26+09:00,20562.0,Varmail,1,1,4439820214272,1083940482,734932652,1.6780193785584623,active_cumulative,/home/oy/iCAT/result/mixO-fixed37-chunked-20261003/mixO-fixed37-rep1-x20/control-series.txt
1791012896,2026-10-03T16:34:56+09:00,20592.0,Varmail,1,1,4458415841280,1088480430,741258912,1.6810034352202363,active_cumulative,/home/oy/iCAT/result/mixO-fixed37-chunked-20261003/mixO-fixed37-rep1-x20/control-series.txt
1791012926,2026-10-03T16:35:26+09:00,20622.0,Varmail,1,1,4477058260992,1093031802,747605653,1.683974292085602,active_cumulative,/home/oy/iCAT/result/mixO-fixed37-chunked-20261003/mixO-fixed37-rep1-x20/control-series.txt
1791012956,2026-10-03T16:35:56+09:00,20652.0,Varmail,1,1,4495669104640,1097575465,753925188,1.6869005476539147,active_cumulative,/home/oy/iCAT/result/mixO-fixed37-chunked-20261003/mixO-fixed37-rep1-x20/control-series.txt
1791012986,2026-10-03T16:36:26+09:00,20682.0,Varmail,1,1,4514279837696,1102119101,760268961,1.6898246843831808,active_cumulative,/home/oy/iCAT/result/mixO-fixed37-chunked-20261003/mixO-fixed37-rep1-x20/control-series.txt
1791013016,2026-10-03T16:36:56+09:00,20712.0,Varmail,1,1,4532940840960,1106675010,766619528,1.6927232666074206,active_cumulative,/home/oy/iCAT/result/mixO-fixed37-chunked-20261003/mixO-fixed37-rep1-x20/control-series.txt
1791013046,2026-10-03T16:37:26+09:00,20742.0,Varmail,1,1,4551536488448,1111214963,772952522,1.6955922550873714,active_cumulative,/home/oy/iCAT/result/mixO-fixed37-chunked-20261003/mixO-fixed37-rep1-x20/control-series.txt
1791013076,2026-10-03T16:37:56+09:00,20772.0,Varmail,1,1,4570176925696,1115765851,779267893,1.6984152564819803,active_cumulative,/home/oy/iCAT/result/mixO-fixed37-chunked-20261003/mixO-fixed37-rep1-x20/control-series.txt
1791013106,2026-10-03T16:38:26+09:00,20802.0,Varmail,1,1,4588801531904,1120312874,785594920,1.7012281463794015,active_cumulative,/home/oy/iCAT/result/mixO-fixed37-chunked-20261003/mixO-fixed37-rep1-x20/control-series.txt
1791013136,2026-10-03T16:38:56+09:00,20832.0,Varmail,1,1,4607416832000,1124857625,791920761,1.7040186628063263,active_cumulative,/home/oy/iCAT/result/mixO-fixed37-chunked-20261003/mixO-fixed37-rep1-x20/control-series.txt
1791013166,2026-10-03T16:39:26+09:00,20862.0,Varmail,1,1,4626033618944,1129402739,798230085,1.7067718692685054,active_cumulative,/home/oy/iCAT/result/mixO-fixed37-chunked-20261003/mixO-fixed37-rep1-x20/control-series.txt
1791013196,2026-10-03T16:39:56+09:00,20892.0,Varmail,1,1,4644647067648,1133947038,804545120,1.7095085511392287,active_cumulative,/home/oy/iCAT/result/mixO-fixed37-chunked-20261003/mixO-fixed37-rep1-x20/control-series.txt
1791013226,2026-10-03T16:40:26+09:00,20922.0,Varmail,1,1,4663303262208,1138501773,810862678,1.7122190735490403,active_cumulative,/home/oy/iCAT/result/mixO-fixed37-chunked-20261003/mixO-fixed37-rep1-x20/control-series.txt
1791013256,2026-10-03T16:40:56+09:00,20952.0,Varmail,1,1,4681923645440,1143047765,817161554,1.7148971189318585,active_cumulative,/home/oy/iCAT/result/mixO-fixed37-chunked-20261003/mixO-fixed37-rep1-x20/control-series.txt
1791013286,2026-10-03T16:41:26+09:00,20982.0,Varmail,1,1,4700531982336,1147590816,823461837,1.7175570120630872,active_cumulative,/home/oy/iCAT/result/mixO-fixed37-chunked-20261003/mixO-fixed37-rep1-x20/control-series.txt
1791013316,2026-10-03T16:41:56+09:00,21012.0,Varmail,1,1,4719180623872,1152143707,829784065,1.7202088246097587,active_cumulative,/home/oy/iCAT/result/mixO-fixed37-chunked-20261003/mixO-fixed37-rep1-x20/control-series.txt
1791013346,2026-10-03T16:42:26+09:00,21042.0,Varmail,1,1,4737820389376,1156694431,836116308,1.7228497739693882,active_cumulative,/home/oy/iCAT/result/mixO-fixed37-chunked-20261003/mixO-fixed37-rep1-x20/control-series.txt
1791013376,2026-10-03T16:42:56+09:00,21072.0,Varmail,1,1,4756451057664,1161242934,842425779,1.7254518019741079,active_cumulative,/home/oy/iCAT/result/mixO-fixed37-chunked-20261003/mixO-fixed37-rep1-x20/control-series.txt
1791013406,2026-10-03T16:43:26+09:00,21102.0,Varmail,1,1,4775127085056,1165802511,848776697,1.7280621623227916,active_cumulative,/home/oy/iCAT/result/mixO-fixed37-chunked-20261003/mixO-fixed37-rep1-x20/control-series.txt
1791013436,2026-10-03T16:43:56+09:00,21132.0,Varmail,1,1,4793747779584,1170348579,855077243,1.73061757697063,active_cumulative,/home/oy/iCAT/result/mixO-fixed37-chunked-20261003/mixO-fixed37-rep1-x20/control-series.txt
1791013466,2026-10-03T16:44:26+09:00,21162.0,Varmail,1,1,4812413452288,1174905628,861376081,1.7331449100863443,active_cumulative,/home/oy/iCAT/result/mixO-fixed37-chunked-20261003/mixO-fixed37-rep1-x20/control-series.txt
1791013496,2026-10-03T16:44:56+09:00,21192.0,Varmail,1,1,4831065006080,1179459230,867685605,1.7356639237118863,active_cumulative,/home/oy/iCAT/result/mixO-fixed37-chunked-20261003/mixO-fixed37-rep1-x20/control-series.txt
1791013526,2026-10-03T16:45:26+09:00,21222.0,Varmail,1,1,4849681338368,1184004233,873971882,1.7381492883564715,active_cumulative,/home/oy/iCAT/result/mixO-fixed37-chunked-20261003/mixO-fixed37-rep1-x20/control-series.txt
1791013556,2026-10-03T16:45:56+09:00,21252.0,Varmail,1,1,4868282847232,1188545617,880260332,1.7406197283549445,active_cumulative,/home/oy/iCAT/result/mixO-fixed37-chunked-20261003/mixO-fixed37-rep1-x20/control-series.txt
1791013587,2026-10-03T16:46:27+09:00,21283.0,Varmail,1,1,4886951026688,1193103278,886556206,1.743067446337198,active_cumulative,/home/oy/iCAT/result/mixO-fixed37-chunked-20261003/mixO-fixed37-rep1-x20/control-series.txt
1791013617,2026-10-03T16:46:57+09:00,21313.0,Varmail,1,1,4905633042432,1197664317,892870291,1.7455096376558408,active_cumulative,/home/oy/iCAT/result/mixO-fixed37-chunked-20261003/mixO-fixed37-rep1-x20/control-series.txt
1791013647,2026-10-03T16:47:27+09:00,21343.0,Varmail,1,1,4924284354560,1202217860,899176010,1.7479310031211814,active_cumulative,/home/oy/iCAT/result/mixO-fixed37-chunked-20261003/mixO-fixed37-rep1-x20/control-series.txt
1791013677,2026-10-03T16:47:57+09:00,21373.0,Varmail,1,1,4942949367808,1206774748,905481344,1.7503316965329805,active_cumulative,/home/oy/iCAT/result/mixO-fixed37-chunked-20261003/mixO-fixed37-rep1-x20/control-series.txt
1791013707,2026-10-03T16:48:27+09:00,21403.0,Varmail,1,1,4961595744256,1211327086,911777911,1.7527099175259422,active_cumulative,/home/oy/iCAT/result/mixO-fixed37-chunked-20261003/mixO-fixed37-rep1-x20/control-series.txt
1791013737,2026-10-03T16:48:57+09:00,21433.0,Varmail,1,1,4980238839808,1215878623,918075973,1.7550720570568004,active_cumulative,/home/oy/iCAT/result/mixO-fixed37-chunked-20261003/mixO-fixed37-rep1-x20/control-series.txt
1791013767,2026-10-03T16:49:27+09:00,21463.0,Varmail,1,1,4998898036736,1220434091,924380054,1.7574190698348822,active_cumulative,/home/oy/iCAT/result/mixO-fixed37-chunked-20261003/mixO-fixed37-rep1-x20/control-series.txt
1791013797,2026-10-03T16:49:57+09:00,21493.0,Varmail,1,1,5017540165632,1224985392,930691367,1.7597571147199442,active_cumulative,/home/oy/iCAT/result/mixO-fixed37-chunked-20261003/mixO-fixed37-rep1-x20/control-series.txt
1791013827,2026-10-03T16:50:27+09:00,21523.0,Varmail,1,1,5036172820480,1229534380,936996546,1.7620742951490302,active_cumulative,/home/oy/iCAT/result/mixO-fixed37-chunked-20261003/mixO-fixed37-rep1-x20/control-series.txt
1791013857,2026-10-03T16:50:57+09:00,21553.0,Varmail,1,1,5054839492608,1234091673,943281912,1.7643531940434705,active_cumulative,/home/oy/iCAT/result/mixO-fixed37-chunked-20261003/mixO-fixed37-rep1-x20/control-series.txt
1791013887,2026-10-03T16:51:27+09:00,21583.0,Varmail,1,1,5073506758656,1238649111,949573591,1.7666203306224308,active_cumulative,/home/oy/iCAT/result/mixO-fixed37-chunked-20261003/mixO-fixed37-rep1-x20/control-series.txt
1791013917,2026-10-03T16:51:57+09:00,21613.0,Varmail,1,1,5092201107456,1243213161,955874879,1.7688744850731193,active_cumulative,/home/oy/iCAT/result/mixO-fixed37-chunked-20261003/mixO-fixed37-rep1-x20/control-series.txt
1791013947,2026-10-03T16:52:27+09:00,21643.0,Varmail,1,1,5110899666944,1247778239,962181244,1.7711155828227263,active_cumulative,/home/oy/iCAT/result/mixO-fixed37-chunked-20261003/mixO-fixed37-rep1-x20/control-series.txt
1791013977,2026-10-03T16:52:57+09:00,21673.0,Varmail,1,1,5129510572032,1252321917,968449816,1.7733233786405096,active_cumulative,/home/oy/iCAT/result/mixO-fixed37-chunked-20261003/mixO-fixed37-rep1-x20/control-series.txt
1791014007,2026-10-03T16:53:27+09:00,21703.0,Varmail,1,1,5148149403648,1256872413,974737670,1.775526346125635,active_cumulative,/home/oy/iCAT/result/mixO-fixed37-chunked-20261003/mixO-fixed37-rep1-x20/control-series.txt
1791014037,2026-10-03T16:53:57+09:00,21733.0,Varmail,1,1,5166822211584,1261431204,981008427,1.7776947517147357,active_cumulative,/home/oy/iCAT/result/mixO-fixed37-chunked-20261003/mixO-fixed37-rep1-x20/control-series.txt
1791014067,2026-10-03T16:54:27+09:00,21763.0,Varmail,1,1,5185513570304,1265994524,987285070,1.7798494000436924,active_cumulative,/home/oy/iCAT/result/mixO-fixed37-chunked-20261003/mixO-fixed37-rep1-x20/control-series.txt
1791014097,2026-10-03T16:54:57+09:00,21793.0,Varmail,1,1,5204182413312,1270552347,993554754,1.7819864772561,active_cumulative,/home/oy/iCAT/result/mixO-fixed37-chunked-20261003/mixO-fixed37-rep1-x20/control-series.txt
1791014127,2026-10-03T16:55:27+09:00,21823.0,Varmail,1,1,5222833205248,1275105763,999824736,1.7841112204274463,active_cumulative,/home/oy/iCAT/result/mixO-fixed37-chunked-20261003/mixO-fixed37-rep1-x20/control-series.txt
1791014157,2026-10-03T16:55:57+09:00,21853.0,Varmail,1,1,5241455157248,1279652138,1006096872,1.7862268519102806,active_cumulative,/home/oy/iCAT/result/mixO-fixed37-chunked-20261003/mixO-fixed37-rep1-x20/control-series.txt
1791014187,2026-10-03T16:56:27+09:00,21883.0,Varmail,1,1,5260137537536,1284213266,1012362516,1.7883133921776508,active_cumulative,/home/oy/iCAT/result/mixO-fixed37-chunked-20261003/mixO-fixed37-rep1-x20/control-series.txt
1791014217,2026-10-03T16:56:57+09:00,21913.0,Varmail,1,1,5278797508608,1288768923,1018634661,1.790393563051489,active_cumulative,/home/oy/iCAT/result/mixO-fixed37-chunked-20261003/mixO-fixed37-rep1-x20/control-series.txt
1791014247,2026-10-03T16:57:27+09:00,21943.0,Varmail,1,1,5297476632576,1293329256,1024911858,1.792460120456751,active_cumulative,/home/oy/iCAT/result/mixO-fixed37-chunked-20261003/mixO-fixed37-rep1-x20/control-series.txt
1791014277,2026-10-03T16:57:57+09:00,21973.0,Varmail,1,1,5316120834048,1297881063,1031177770,1.7945086798758538,active_cumulative,/home/oy/iCAT/result/mixO-fixed37-chunked-20261003/mixO-fixed37-rep1-x20/control-series.txt
1791014307,2026-10-03T16:58:27+09:00,22003.0,Varmail,1,1,5334765096960,1302432885,1037441319,1.796541097010154,active_cumulative,/home/oy/iCAT/result/mixO-fixed37-chunked-20261003/mixO-fixed37-rep1-x20/control-series.txt
1791014337,2026-10-03T16:58:57+09:00,22033.0,Varmail,1,1,5353391882240,1306980440,1043699962,1.7985582110165321,active_cumulative,/home/oy/iCAT/result/mixO-fixed37-chunked-20261003/mixO-fixed37-rep1-x20/control-series.txt
1791014367,2026-10-03T16:59:27+09:00,22063.0,Varmail,1,1,5372094730240,1311546565,1049960236,1.8005512453917334,active_cumulative,/home/oy/iCAT/result/mixO-fixed37-chunked-20261003/mixO-fixed37-rep1-x20/control-series.txt
1791014397,2026-10-03T16:59:57+09:00,22093.0,Varmail,1,1,5390764339200,1316104575,1056220913,1.8025357050369648,active_cumulative,/home/oy/iCAT/result/mixO-fixed37-chunked-20261003/mixO-fixed37-rep1-x20/control-series.txt
1791014427,2026-10-03T17:00:27+09:00,22123.0,Varmail,1,1,5409435885568,1320663058,1062499936,1.8045200700995152,active_cumulative,/home/oy/iCAT/result/mixO-fixed37-chunked-20261003/mixO-fixed37-rep1-x20/control-series.txt
1791014457,2026-10-03T17:00:57+09:00,22153.0,Varmail,1,1,5428098191360,1325219285,1068743130,1.8064651202234807,active_cumulative,/home/oy/iCAT/result/mixO-fixed37-chunked-20261003/mixO-fixed37-rep1-x20/control-series.txt
1791014487,2026-10-03T17:01:27+09:00,22183.0,Varmail,1,1,5446771200000,1329778125,1075013182,1.808415450509836,active_cumulative,/home/oy/iCAT/result/mixO-fixed37-chunked-20261003/mixO-fixed37-rep1-x20/control-series.txt
1791014517,2026-10-03T17:01:57+09:00,22213.0,Varmail,1,1,5465450958848,1334338613,1081263686,1.8103368031664688,active_cumulative,/home/oy/iCAT/result/mixO-fixed37-chunked-20261003/mixO-fixed37-rep1-x20/control-series.txt
1791014547,2026-10-03T17:02:27+09:00,22243.0,Varmail,1,1,5484149190656,1338903611,1087521807,1.8122480199958173,active_cumulative,/home/oy/iCAT/result/mixO-fixed37-chunked-20261003/mixO-fixed37-rep1-x20/control-series.txt
1791014577,2026-10-03T17:02:57+09:00,22273.0,Varmail,1,1,5502823559168,1343462783,1093782446,1.8141516533547324,active_cumulative,/home/oy/iCAT/result/mixO-fixed37-chunked-20261003/mixO-fixed37-rep1-x20/control-series.txt
1791014607,2026-10-03T17:03:27+09:00,22303.0,Varmail,1,1,5521525243904,1348028624,1100026257,1.8160258895214676,active_cumulative,/home/oy/iCAT/result/mixO-fixed37-chunked-20261003/mixO-fixed37-rep1-x20/control-series.txt
1791014637,2026-10-03T17:03:57+09:00,22333.0,Varmail,1,1,5540204036096,1352588876,1106281038,1.8178989622268635,active_cumulative,/home/oy/iCAT/result/mixO-fixed37-chunked-20261003/mixO-fixed37-rep1-x20/control-series.txt
1791014667,2026-10-03T17:04:27+09:00,22363.0,Varmail,1,1,5558884605952,1357149562,1112534522,1.8197582294176065,active_cumulative,/home/oy/iCAT/result/mixO-fixed37-chunked-20261003/mixO-fixed37-rep1-x20/control-series.txt
1791014697,2026-10-03T17:04:57+09:00,22393.0,Varmail,1,1,5577612005376,1361721681,1118791792,1.8216009244843625,active_cumulative,/home/oy/iCAT/result/mixO-fixed37-chunked-20261003/mixO-fixed37-rep1-x20/control-series.txt
1791014727,2026-10-03T17:05:27+09:00,22423.0,Varmail,1,1,5596276011008,1366278323,1125032304,1.8234283491592804,active_cumulative,/home/oy/iCAT/result/mixO-fixed37-chunked-20261003/mixO-fixed37-rep1-x20/control-series.txt
1791014757,2026-10-03T17:05:57+09:00,22453.0,Varmail,1,1,5614928568320,1370832170,1131280233,1.8252507183282691,active_cumulative,/home/oy/iCAT/result/mixO-fixed37-chunked-20261003/mixO-fixed37-rep1-x20/control-series.txt
1791014787,2026-10-03T17:06:27+09:00,22483.0,Varmail,1,1,5633583136768,1375386508,1137506076,1.8270446666327194,active_cumulative,/home/oy/iCAT/result/mixO-fixed37-chunked-20261003/mixO-fixed37-rep1-x20/control-series.txt
1791014817,2026-10-03T17:06:57+09:00,22513.0,Varmail,1,1,5652266176512,1379947797,1143750363,1.8288359642926406,active_cumulative,/home/oy/iCAT/result/mixO-fixed37-chunked-20261003/mixO-fixed37-rep1-x20/control-series.txt
1791014847,2026-10-03T17:07:27+09:00,22543.0,Varmail,1,1,5670947852288,1384508753,1149993490,1.8306148209667548,active_cumulative,/home/oy/iCAT/result/mixO-fixed37-chunked-20261003/mixO-fixed37-rep1-x20/control-series.txt
1791014877,2026-10-03T17:07:57+09:00,22573.0,Varmail,1,1,5689658761216,1389076846,1156220958,1.832366446341299,active_cumulative,/home/oy/iCAT/result/mixO-fixed37-chunked-20261003/mixO-fixed37-rep1-x20/control-series.txt
1791014907,2026-10-03T17:08:27+09:00,22603.0,Varmail,1,1,5708372348928,1393645593,1162455833,1.8341115121654892,active_cumulative,/home/oy/iCAT/result/mixO-fixed37-chunked-20261003/mixO-fixed37-rep1-x20/control-series.txt
1791014937,2026-10-03T17:08:57+09:00,22633.0,Varmail,1,1,5727025385472,1398199557,1168675406,1.835843066999341,active_cumulative,/home/oy/iCAT/result/mixO-fixed37-chunked-20261003/mixO-fixed37-rep1-x20/control-series.txt
1791014967,2026-10-03T17:09:27+09:00,22663.0,Varmail,1,1,5745735766016,1402767521,1174913703,1.8375683678236516,active_cumulative,/home/oy/iCAT/result/mixO-fixed37-chunked-20261003/mixO-fixed37-rep1-x20/control-series.txt
1791014997,2026-10-03T17:09:57+09:00,22693.0,Varmail,1,1,5764443070464,1407334734,1181151829,1.8392827949629784,active_cumulative,/home/oy/iCAT/result/mixO-fixed37-chunked-20261003/mixO-fixed37-rep1-x20/control-series.txt
1791015027,2026-10-03T17:10:27+09:00,22723.0,Varmail,1,1,5783142809600,1411900100,1187392631,1.8409891259303686,active_cumulative,/home/oy/iCAT/result/mixO-fixed37-chunked-20261003/mixO-fixed37-rep1-x20/control-series.txt
1791015057,2026-10-03T17:10:57+09:00,22753.0,Varmail,1,1,5801814257664,1416458559,1193608436,1.8426709192556052,active_cumulative,/home/oy/iCAT/result/mixO-fixed37-chunked-20261003/mixO-fixed37-rep1-x20/control-series.txt
1791015087,2026-10-03T17:11:27+09:00,22783.0,Varmail,1,1,5820524363776,1421026456,1199835064,1.8443439310604925,active_cumulative,/home/oy/iCAT/result/mixO-fixed37-chunked-20261003/mixO-fixed37-rep1-x20/control-series.txt
1791015117,2026-10-03T17:11:57+09:00,22813.0,Varmail,1,1,5839208890368,1425588108,1206077959,1.8460213383037003,active_cumulative,/home/oy/iCAT/result/mixO-fixed37-chunked-20261003/mixO-fixed37-rep1-x20/control-series.txt
1791015147,2026-10-03T17:12:27+09:00,22843.0,Varmail,1,1,5857867825152,1430143512,1212309046,1.8476834917809284,active_cumulative,/home/oy/iCAT/result/mixO-fixed37-chunked-20261003/mixO-fixed37-rep1-x20/control-series.txt
1791015177,2026-10-03T17:12:57+09:00,22873.0,Varmail,1,1,5876563161088,1434707803,1218521336,1.849316727386615,active_cumulative,/home/oy/iCAT/result/mixO-fixed37-chunked-20261003/mixO-fixed37-rep1-x20/control-series.txt
1791015207,2026-10-03T17:13:27+09:00,22903.0,Varmail,1,1,5895245651968,1439268958,1224753778,1.85095545984811,active_cumulative,/home/oy/iCAT/result/mixO-fixed37-chunked-20261003/mixO-fixed37-rep1-x20/control-series.txt
1791015237,2026-10-03T17:13:57+09:00,22933.0,Varmail,1,1,5913930670080,1443830730,1230978015,1.8525777914423527,active_cumulative,/home/oy/iCAT/result/mixO-fixed37-chunked-20261003/mixO-fixed37-rep1-x20/control-series.txt
1791015267,2026-10-03T17:14:27+09:00,22963.0,Varmail,1,1,5932583952384,1448384754,1237199280,1.8541924213046501,active_cumulative,/home/oy/iCAT/result/mixO-fixed37-chunked-20261003/mixO-fixed37-rep1-x20/control-series.txt
1791015297,2026-10-03T17:14:57+09:00,22993.0,Varmail,1,1,5951250104320,1452941920,1243431026,1.8558022924963167,active_cumulative,/home/oy/iCAT/result/mixO-fixed37-chunked-20261003/mixO-fixed37-rep1-x20/control-series.txt
1791015327,2026-10-03T17:15:27+09:00,23023.0,Varmail,1,1,5969945931776,1457506331,1249648146,1.8573877995731327,active_cumulative,/home/oy/iCAT/result/mixO-fixed37-chunked-20261003/mixO-fixed37-rep1-x20/control-series.txt
1791015357,2026-10-03T17:15:57+09:00,23053.0,Varmail,1,1,5988626579456,1462067036,1255853104,1.8589572660333202,active_cumulative,/home/oy/iCAT/result/mixO-fixed37-chunked-20261003/mixO-fixed37-rep1-x20/control-series.txt
1791015387,2026-10-03T17:16:27+09:00,23083.0,Varmail,1,1,6007340232704,1466635799,1262062524,1.860515285976597,active_cumulative,/home/oy/iCAT/result/mixO-fixed37-chunked-20261003/mixO-fixed37-rep1-x20/control-series.txt
1791015417,2026-10-03T17:16:57+09:00,23113.0,Varmail,1,1,6026057961472,1471205557,1268284142,1.8620713373229871,active_cumulative,/home/oy/iCAT/result/mixO-fixed37-chunked-20261003/mixO-fixed37-rep1-x20/control-series.txt
1791015447,2026-10-03T17:17:27+09:00,23143.0,Varmail,1,1,6044736434176,1475765731,1274502390,1.8636210769959938,active_cumulative,/home/oy/iCAT/result/mixO-fixed37-chunked-20261003/mixO-fixed37-rep1-x20/control-series.txt
1791015477,2026-10-03T17:17:57+09:00,23173.0,Varmail,1,1,6063395721216,1480321221,1280728985,1.8651696448253512,active_cumulative,/home/oy/iCAT/result/mixO-fixed37-chunked-20261003/mixO-fixed37-rep1-x20/control-series.txt
1791015507,2026-10-03T17:18:27+09:00,23203.0,Varmail,1,1,6082112606208,1484890773,1286947891,1.8666953249361997,active_cumulative,/home/oy/iCAT/result/mixO-fixed37-chunked-20261003/mixO-fixed37-rep1-x20/control-series.txt
1791015537,2026-10-03T17:18:57+09:00,23233.0,Varmail,1,1,6100781453312,1489448597,1293163807,1.8682164725957306,active_cumulative,/home/oy/iCAT/result/mixO-fixed37-chunked-20261003/mixO-fixed37-rep1-x20/control-series.txt
1791015567,2026-10-03T17:19:27+09:00,23263.0,Varmail,1,1,6119497859072,1494018032,1299382113,1.8697231794856943,active_cumulative,/home/oy/iCAT/result/mixO-fixed37-chunked-20261003/mixO-fixed37-rep1-x20/control-series.txt
1791015597,2026-10-03T17:19:57+09:00,23293.0,Varmail,1,1,6138165735424,1498575619,1305584580,1.8712170166435893,active_cumulative,/home/oy/iCAT/result/mixO-fixed37-chunked-20261003/mixO-fixed37-rep1-x20/control-series.txt
1791015627,2026-10-03T17:20:27+09:00,23323.0,Varmail,1,1,6156868825088,1503141803,1311805682,1.8727092010759545,active_cumulative,/home/oy/iCAT/result/mixO-fixed37-chunked-20261003/mixO-fixed37-rep1-x20/control-series.txt
1791015657,2026-10-03T17:20:57+09:00,23353.0,Varmail,1,1,6175557545984,1507704479,1318001081,1.8741773333950547,active_cumulative,/home/oy/iCAT/result/mixO-fixed37-chunked-20261003/mixO-fixed37-rep1-x20/control-series.txt
1791015687,2026-10-03T17:21:27+09:00,23383.0,Varmail,1,1,6194263814144,1512271439,1324205708,1.875640228235508,active_cumulative,/home/oy/iCAT/result/mixO-fixed37-chunked-20261003/mixO-fixed37-rep1-x20/control-series.txt
1791015717,2026-10-03T17:21:57+09:00,23413.0,Varmail,1,1,6212956651520,1516835120,1330412975,1.8770979505010406,active_cumulative,/home/oy/iCAT/result/mixO-fixed37-chunked-20261003/mixO-fixed37-rep1-x20/control-series.txt
1791015747,2026-10-03T17:22:27+09:00,23443.0,Varmail,1,1,6231630131200,1521394075,1336593344,1.878531976667518,active_cumulative,/home/oy/iCAT/result/mixO-fixed37-chunked-20261003/mixO-fixed37-rep1-x20/control-series.txt
1791015777,2026-10-03T17:22:57+09:00,23473.0,Varmail,1,1,6250335760384,1525960879,1342769071,1.8799498660017746,active_cumulative,/home/oy/iCAT/result/mixO-fixed37-chunked-20261003/mixO-fixed37-rep1-x20/control-series.txt
1791015807,2026-10-03T17:23:27+09:00,23503.0,Varmail,1,1,6269084225536,1530538141,1348970120,1.881369816186763,active_cumulative,/home/oy/iCAT/result/mixO-fixed37-chunked-20261003/mixO-fixed37-rep1-x20/control-series.txt
1791015837,2026-10-03T17:23:57+09:00,23533.0,Varmail,1,1,6287778025472,1535102057,1355162163,1.8827831067130152,active_cumulative,/home/oy/iCAT/result/mixO-fixed37-chunked-20261003/mixO-fixed37-rep1-x20/control-series.txt
1791015867,2026-10-03T17:24:27+09:00,23563.0,Varmail,1,1,6306462744576,1539663756,1361344125,1.8841827442484786,active_cumulative,/home/oy/iCAT/result/mixO-fixed37-chunked-20261003/mixO-fixed37-rep1-x20/control-series.txt
1791015897,2026-10-03T17:24:57+09:00,23593.0,Varmail,1,1,6325170954240,1544231190,1367541919,1.8855810761081702,active_cumulative,/home/oy/iCAT/result/mixO-fixed37-chunked-20261003/mixO-fixed37-rep1-x20/control-series.txt
1791015927,2026-10-03T17:25:27+09:00,23623.0,Varmail,1,1,6343905525760,1548805060,1373743392,1.886969850163067,active_cumulative,/home/oy/iCAT/result/mixO-fixed37-chunked-20261003/mixO-fixed37-rep1-x20/control-series.txt
1791015957,2026-10-03T17:25:57+09:00,23653.0,Varmail,1,1,6362635763712,1553377872,1379926869,1.8883394658012742,active_cumulative,/home/oy/iCAT/result/mixO-fixed37-chunked-20261003/mixO-fixed37-rep1-x20/control-series.txt
1791015987,2026-10-03T17:26:27+09:00,23683.0,Varmail,1,1,6381339451392,1557944202,1386118414,1.889709921716439,active_cumulative,/home/oy/iCAT/result/mixO-fixed37-chunked-20261003/mixO-fixed37-rep1-x20/control-series.txt
1791016017,2026-10-03T17:26:57+09:00,23713.0,Varmail,1,1,6400060231680,1562514705,1392292875,1.8910590540650305,active_cumulative,/home/oy/iCAT/result/mixO-fixed37-chunked-20261003/mixO-fixed37-rep1-x20/control-series.txt
1791016047,2026-10-03T17:27:27+09:00,23743.0,Varmail,1,1,6418785726464,1567086359,1398480892,1.8924083117489507,active_cumulative,/home/oy/iCAT/result/mixO-fixed37-chunked-20261003/mixO-fixed37-rep1-x20/control-series.txt
1791016077,2026-10-03T17:27:57+09:00,23773.0,Varmail,1,1,6437511135232,1571657992,1404657178,1.8937422678152234,active_cumulative,/home/oy/iCAT/result/mixO-fixed37-chunked-20261003/mixO-fixed37-rep1-x20/control-series.txt
1791016107,2026-10-03T17:28:27+09:00,23803.0,Varmail,1,1,6456197824512,1576220172,1410830921,1.8950722405803597,active_cumulative,/home/oy/iCAT/result/mixO-fixed37-chunked-20261003/mixO-fixed37-rep1-x20/control-series.txt
1791016137,2026-10-03T17:28:57+09:00,23833.0,Varmail,1,1,6474925785088,1580792428,1417020596,1.896398901526115,active_cumulative,/home/oy/iCAT/result/mixO-fixed37-chunked-20261003/mixO-fixed37-rep1-x20/control-series.txt
1791016167,2026-10-03T17:29:27+09:00,23863.0,Varmail,1,1,6493617147904,1585355749,1423201932,1.8977177096671947,active_cumulative,/home/oy/iCAT/result/mixO-fixed37-chunked-20261003/mixO-fixed37-rep1-x20/control-series.txt
1791016197,2026-10-03T17:29:57+09:00,23893.0,Varmail,1,1,6512321671168,1589922283,1429382067,1.8990263752407577,active_cumulative,/home/oy/iCAT/result/mixO-fixed37-chunked-20261003/mixO-fixed37-rep1-x20/control-series.txt
1791016227,2026-10-03T17:30:27+09:00,23923.0,Varmail,1,1,6531043647488,1594493078,1435565297,1.9003270800025387,active_cumulative,/home/oy/iCAT/result/mixO-fixed37-chunked-20261003/mixO-fixed37-rep1-x20/control-series.txt
1791016257,2026-10-03T17:30:57+09:00,23953.0,Varmail,1,1,6549759746048,1599062438,1441753195,1.9016240771706503,active_cumulative,/home/oy/iCAT/result/mixO-fixed37-chunked-20261003/mixO-fixed37-rep1-x20/control-series.txt
1791016287,2026-10-03T17:31:27+09:00,23983.0,Varmail,1,1,6568458182656,1603627486,1447920908,1.9029035238175007,active_cumulative,/home/oy/iCAT/result/mixO-fixed37-chunked-20261003/mixO-fixed37-rep1-x20/control-series.txt
1791016317,2026-10-03T17:31:57+09:00,24013.0,Varmail,1,1,6587174875136,1608196991,1454112305,1.9041879279327665,active_cumulative,/home/oy/iCAT/result/mixO-fixed37-chunked-20261003/mixO-fixed37-rep1-x20/control-series.txt
1791016347,2026-10-03T17:32:27+09:00,24043.0,Varmail,1,1,6605882179584,1612764204,1460285323,1.905454944608877,active_cumulative,/home/oy/iCAT/result/mixO-fixed37-chunked-20261003/mixO-fixed37-rep1-x20/control-series.txt
1791016377,2026-10-03T17:32:57+09:00,24073.0,Varmail,1,1,6624603283456,1617334786,1466456791,1.9067119582747911,active_cumulative,/home/oy/iCAT/result/mixO-fixed37-chunked-20261003/mixO-fixed37-rep1-x20/control-series.txt
1791016407,2026-10-03T17:33:27+09:00,24103.0,Varmail,1,1,6643323019264,1621905034,1472618196,1.9079558698749313,active_cumulative,/home/oy/iCAT/result/mixO-fixed37-chunked-20261003/mixO-fixed37-rep1-x20/control-series.txt
1791016437,2026-10-03T17:33:57+09:00,24133.0,Varmail,1,1,6662027685888,1626471603,1478786526,1.909199105150316,active_cumulative,/home/oy/iCAT/result/mixO-fixed37-chunked-20261003/mixO-fixed37-rep1-x20/control-series.txt
1791016467,2026-10-03T17:34:27+09:00,24163.0,Varmail,1,1,6680751005696,1631042726,1484971949,1.9104433166148709,active_cumulative,/home/oy/iCAT/result/mixO-fixed37-chunked-20261003/mixO-fixed37-rep1-x20/control-series.txt
1791016497,2026-10-03T17:34:57+09:00,24193.0,Varmail,1,1,6699449028608,1635607673,1491134361,1.9116699472710286,active_cumulative,/home/oy/iCAT/result/mixO-fixed37-chunked-20261003/mixO-fixed37-rep1-x20/control-series.txt
1791016527,2026-10-03T17:35:27+09:00,24223.0,Varmail,1,1,6718152810496,1640174026,1497321294,1.9129039176724532,active_cumulative,/home/oy/iCAT/result/mixO-fixed37-chunked-20261003/mixO-fixed37-rep1-x20/control-series.txt
1791016557,2026-10-03T17:35:57+09:00,24253.0,Varmail,1,1,6736796844032,1644725792,1503481426,1.9141228485094492,active_cumulative,/home/oy/iCAT/result/mixO-fixed37-chunked-20261003/mixO-fixed37-rep1-x20/control-series.txt
1791016587,2026-10-03T17:36:27+09:00,24283.0,Varmail,1,1,6755496697856,1649291186,1509630690,1.915320898343781,active_cumulative,/home/oy/iCAT/result/mixO-fixed37-chunked-20261003/mixO-fixed37-rep1-x20/control-series.txt
1791016617,2026-10-03T17:36:57+09:00,24313.0,Varmail,1,1,6774186852352,1653854212,1515797308,1.916524139190571,active_cumulative,/home/oy/iCAT/result/mixO-fixed37-chunked-20261003/mixO-fixed37-rep1-x20/control-series.txt
1791016647,2026-10-03T17:37:27+09:00,24343.0,Varmail,1,1,6792881098752,1658418237,1521951144,1.9177124985993506,active_cumulative,/home/oy/iCAT/result/mixO-fixed37-chunked-20261003/mixO-fixed37-rep1-x20/control-series.txt
1791016677,2026-10-03T17:37:57+09:00,24373.0,Varmail,1,1,6811599040512,1662988047,1528092812,1.9188838216586412,active_cumulative,/home/oy/iCAT/result/mixO-fixed37-chunked-20261003/mixO-fixed37-rep1-x20/control-series.txt
1791016707,2026-10-03T17:38:27+09:00,24403.0,Varmail,1,1,6830268129280,1667545930,1534250806,1.920065095898138,active_cumulative,/home/oy/iCAT/result/mixO-fixed37-chunked-20261003/mixO-fixed37-rep1-x20/control-series.txt
1791016737,2026-10-03T17:38:57+09:00,24433.0,Varmail,1,1,6849014456320,1672122670,1540403423,1.9212263254585262,active_cumulative,/home/oy/iCAT/result/mixO-fixed37-chunked-20261003/mixO-fixed37-rep1-x20/control-series.txt
1791016767,2026-10-03T17:39:27+09:00,24463.0,Varmail,1,1,6867740082176,1676694356,1546574919,1.9223952555608173,active_cumulative,/home/oy/iCAT/result/mixO-fixed37-chunked-20261003/mixO-fixed37-rep1-x20/control-series.txt
1791016797,2026-10-03T17:39:57+09:00,24493.0,Varmail,1,1,6886460862464,1681264859,1552737559,1.923553210957822,active_cumulative,/home/oy/iCAT/result/mixO-fixed37-chunked-20261003/mixO-fixed37-rep1-x20/control-series.txt
1791016827,2026-10-03T17:40:27+09:00,24523.0,Varmail,1,1,6905184796672,1685836132,1558900830,1.9247048395804582,active_cumulative,/home/oy/iCAT/result/mixO-fixed37-chunked-20261003/mixO-fixed37-rep1-x20/control-series.txt
1791016857,2026-10-03T17:40:57+09:00,24553.0,Varmail,1,1,6923883184128,1690401168,1565039532,1.9258391212848476,active_cumulative,/home/oy/iCAT/result/mixO-fixed37-chunked-20261003/mixO-fixed37-rep1-x20/control-series.txt
1791016887,2026-10-03T17:41:27+09:00,24583.0,Varmail,1,1,6942576721920,1694965020,1571173483,1.9269651376050225,active_cumulative,/home/oy/iCAT/result/mixO-fixed37-chunked-20261003/mixO-fixed37-rep1-x20/control-series.txt
1791016917,2026-10-03T17:41:57+09:00,24613.0,Varmail,1,1,6961317478400,1699540400,1577334499,1.928094736082767,active_cumulative,/home/oy/iCAT/result/mixO-fixed37-chunked-20261003/mixO-fixed37-rep1-x20/control-series.txt
1791016947,2026-10-03T17:42:27+09:00,24643.0,Varmail,1,1,6980027211776,1704108206,1583465160,1.9292045859674711,active_cumulative,/home/oy/iCAT/result/mixO-fixed37-chunked-20261003/mixO-fixed37-rep1-x20/control-series.txt
1791016977,2026-10-03T17:42:57+09:00,24673.0,Varmail,1,1,6998768197632,1708683642,1589592921,1.9303026504891183,active_cumulative,/home/oy/iCAT/result/mixO-fixed37-chunked-20261003/mixO-fixed37-rep1-x20/control-series.txt
1791017007,2026-10-03T17:43:27+09:00,24703.0,Varmail,1,1,7017497804800,1713256300,1595745241,1.9314106949438914,active_cumulative,/home/oy/iCAT/result/mixO-fixed37-chunked-20261003/mixO-fixed37-rep1-x20/control-series.txt
1791017037,2026-10-03T17:43:57+09:00,24733.0,Varmail,1,1,7036176011264,1717816409,1601866823,1.9325017589816258,active_cumulative,/home/oy/iCAT/result/mixO-fixed37-chunked-20261003/mixO-fixed37-rep1-x20/control-series.txt
1791017067,2026-10-03T17:44:27+09:00,24763.0,Varmail,1,1,7054877679616,1722382246,1608006496,1.9335944444007,active_cumulative,/home/oy/iCAT/result/mixO-fixed37-chunked-20261003/mixO-fixed37-rep1-x20/control-series.txt
1791017097,2026-10-03T17:44:57+09:00,24793.0,Varmail,1,1,7073611309056,1726955886,1614149090,1.9346788201629836,active_cumulative,/home/oy/iCAT/result/mixO-fixed37-chunked-20261003/mixO-fixed37-rep1-x20/control-series.txt
1791017127,2026-10-03T17:45:27+09:00,24823.0,Varmail,1,1,7092353900544,1731531714,1620299178,1.9357606129297844,active_cumulative,/home/oy/iCAT/result/mixO-fixed37-chunked-20261003/mixO-fixed37-rep1-x20/control-series.txt
1791017157,2026-10-03T17:45:57+09:00,24853.0,Varmail,1,1,7111115055104,1736112074,1626444925,1.9368317572106235,active_cumulative,/home/oy/iCAT/result/mixO-fixed37-chunked-20261003/mixO-fixed37-rep1-x20/control-series.txt
1791017187,2026-10-03T17:46:27+09:00,24883.0,Varmail,1,1,7129808482304,1740675899,1632578320,1.9378990775582627,active_cumulative,/home/oy/iCAT/result/mixO-fixed37-chunked-20261003/mixO-fixed37-rep1-x20/control-series.txt
1791017217,2026-10-03T17:46:57+09:00,24913.0,Varmail,1,1,7148500238336,1745239316,1638704861,1.9389571080462642,active_cumulative,/home/oy/iCAT/result/mixO-fixed37-chunked-20261003/mixO-fixed37-rep1-x20/control-series.txt
1791017247,2026-10-03T17:47:27+09:00,24943.0,Varmail,1,1,7167205359616,1749805996,1644816646,1.9399994340858346,active_cumulative,/home/oy/iCAT/result/mixO-fixed37-chunked-20261003/mixO-fixed37-rep1-x20/control-series.txt
1791017277,2026-10-03T17:47:57+09:00,24973.0,Varmail,1,1,7185948782592,1754382027,1650955403,1.9410466919928153,active_cumulative,/home/oy/iCAT/result/mixO-fixed37-chunked-20261003/mixO-fixed37-rep1-x20/control-series.txt
1791017307,2026-10-03T17:48:27+09:00,25003.0,Varmail,1,1,7204688273408,1758957098,1657096790,1.9420905102712176,active_cumulative,/home/oy/iCAT/result/mixO-fixed37-chunked-20261003/mixO-fixed37-rep1-x20/control-series.txt
1791017337,2026-10-03T17:48:57+09:00,25033.0,Varmail,1,1,7223416909824,1763529519,1663237642,1.9431300265068032,active_cumulative,/home/oy/iCAT/result/mixO-fixed37-chunked-20261003/mixO-fixed37-rep1-x20/control-series.txt
1791017367,2026-10-03T17:49:27+09:00,25063.0,Varmail,1,1,7242134659072,1768099282,1669380600,1.9441667767161053,active_cumulative,/home/oy/iCAT/result/mixO-fixed37-chunked-20261003/mixO-fixed37-rep1-x20/control-series.txt
1791017397,2026-10-03T17:49:57+09:00,25093.0,Varmail,1,1,7260852920320,1772669170,1675513349,1.9451923558866882,active_cumulative,/home/oy/iCAT/result/mixO-fixed37-chunked-20261003/mixO-fixed37-rep1-x20/control-series.txt
1791017427,2026-10-03T17:50:27+09:00,25123.0,Varmail,1,1,7279597756416,1777245546,1681648423,1.9462105147962485,active_cumulative,/home/oy/iCAT/result/mixO-fixed37-chunked-20261003/mixO-fixed37-rep1-x20/control-series.txt
1791017457,2026-10-03T17:50:57+09:00,25153.0,Varmail,1,1,7298345181184,1781822554,1687778505,1.947220306091153,active_cumulative,/home/oy/iCAT/result/mixO-fixed37-chunked-20261003/mixO-fixed37-rep1-x20/control-series.txt
1791017487,2026-10-03T17:51:27+09:00,25183.0,Varmail,1,1,7317088923648,1786398663,1693913140,1.948227948824881,active_cumulative,/home/oy/iCAT/result/mixO-fixed37-chunked-20261003/mixO-fixed37-rep1-x20/control-series.txt
1791017518,2026-10-03T17:51:58+09:00,25214.0,Varmail,1,1,7335810654208,1790969398,1700030520,1.949223656137535,active_cumulative,/home/oy/iCAT/result/mixO-fixed37-chunked-20261003/mixO-fixed37-rep1-x20/control-series.txt
1791017548,2026-10-03T17:52:28+09:00,25244.0,Varmail,1,1,7354526842880,1795538780,1706174011,1.9502295522684283,active_cumulative,/home/oy/iCAT/result/mixO-fixed37-chunked-20261003/mixO-fixed37-rep1-x20/control-series.txt
1791017578,2026-10-03T17:52:58+09:00,25274.0,Varmail,1,1,7373254737920,1800111020,1712300578,1.9512194297882806,active_cumulative,/home/oy/iCAT/result/mixO-fixed37-chunked-20261003/mixO-fixed37-rep1-x20/control-series.txt
1791017608,2026-10-03T17:53:28+09:00,25304.0,Varmail,1,1,7391974412288,1804681253,1718395316,1.9521877135607393,active_cumulative,/home/oy/iCAT/result/mixO-fixed37-chunked-20261003/mixO-fixed37-rep1-x20/control-series.txt
1791017638,2026-10-03T17:53:58+09:00,25334.0,Varmail,1,1,7410687373312,1809249847,1724511145,1.9531636262727843,active_cumulative,/home/oy/iCAT/result/mixO-fixed37-chunked-20261003/mixO-fixed37-rep1-x20/control-series.txt
1791017668,2026-10-03T17:54:28+09:00,25364.0,Varmail,1,1,7429419937792,1813823227,1730628889,1.954133160959902,active_cumulative,/home/oy/iCAT/result/mixO-fixed37-chunked-20261003/mixO-fixed37-rep1-x20/control-series.txt
1791017698,2026-10-03T17:54:58+09:00,25394.0,Varmail,1,1,7448185286656,1818404611,1736775643,1.9551095682961837,active_cumulative,/home/oy/iCAT/result/mixO-fixed37-chunked-20261003/mixO-fixed37-rep1-x20/control-series.txt
1791017728,2026-10-03T17:55:28+09:00,25424.0,Varmail,1,1,7466910818304,1822976274,1742905992,1.9560771672445805,active_cumulative,/home/oy/iCAT/result/mixO-fixed37-chunked-20261003/mixO-fixed37-rep1-x20/control-series.txt
1791017758,2026-10-03T17:55:58+09:00,25454.0,Varmail,1,1,7485652828160,1827551960,1749039865,1.9570397467659415,active_cumulative,/home/oy/iCAT/result/mixO-fixed37-chunked-20261003/mixO-fixed37-rep1-x20/control-series.txt
1791017788,2026-10-03T17:56:28+09:00,25484.0,Varmail,1,1,7504405524480,1832130255,1755151104,1.9579838001201502,active_cumulative,/home/oy/iCAT/result/mixO-fixed37-chunked-20261003/mixO-fixed37-rep1-x20/control-series.txt
1791017818,2026-10-03T17:56:58+09:00,25514.0,Varmail,1,1,7523132928000,1836702375,1761275698,1.958933642147656,active_cumulative,/home/oy/iCAT/result/mixO-fixed37-chunked-20261003/mixO-fixed37-rep1-x20/control-series.txt
1791017848,2026-10-03T17:57:28+09:00,25544.0,Varmail,1,1,7541836709888,1841268728,1767387203,1.9598746647480128,active_cumulative,/home/oy/iCAT/result/mixO-fixed37-chunked-20261003/mixO-fixed37-rep1-x20/control-series.txt
1791017878,2026-10-03T17:57:58+09:00,25574.0,Varmail,1,1,7560566632448,1845841463,1773505375,1.9608113213133516,active_cumulative,/home/oy/iCAT/result/mixO-fixed37-chunked-20261003/mixO-fixed37-rep1-x20/control-series.txt
1791017908,2026-10-03T17:58:28+09:00,25604.0,Varmail,1,1,7579306844160,1850416710,1779636280,1.9617489241112613,active_cumulative,/home/oy/iCAT/result/mixO-fixed37-chunked-20261003/mixO-fixed37-rep1-x20/control-series.txt
1791017938,2026-10-03T17:58:58+09:00,25634.0,Varmail,1,1,7598046507008,1854991823,1785734672,1.962664444046986,active_cumulative,/home/oy/iCAT/result/mixO-fixed37-chunked-20261003/mixO-fixed37-rep1-x20/control-series.txt
1791017968,2026-10-03T17:59:28+09:00,25664.0,Varmail,1,1,7616768196608,1859562548,1791840366,1.9635816595290991,active_cumulative,/home/oy/iCAT/result/mixO-fixed37-chunked-20261003/mixO-fixed37-rep1-x20/control-series.txt
1791017998,2026-10-03T17:59:58+09:00,25694.0,Varmail,1,1,7635538259968,1864145083,1797965146,1.9644985051842125,active_cumulative,/home/oy/iCAT/result/mixO-fixed37-chunked-20261003/mixO-fixed37-rep1-x20/control-series.txt
1791018028,2026-10-03T18:00:28+09:00,25724.0,Varmail,1,1,7654259884032,1868715792,1804061463,1.9654017324213848,active_cumulative,/home/oy/iCAT/result/mixO-fixed37-chunked-20261003/mixO-fixed37-rep1-x20/control-series.txt
1791018058,2026-10-03T18:00:58+09:00,25754.0,Varmail,1,1,7672969457664,1873283559,1810158316,1.9663023557236057,active_cumulative,/home/oy/iCAT/result/mixO-fixed37-chunked-20261003/mixO-fixed37-rep1-x20/control-series.txt
1791018088,2026-10-03T18:01:28+09:00,25784.0,Varmail,1,1,7691693948928,1877854968,1816255659,1.9671969827011688,active_cumulative,/home/oy/iCAT/result/mixO-fixed37-chunked-20261003/mixO-fixed37-rep1-x20/control-series.txt
1791018118,2026-10-03T18:01:58+09:00,25814.0,Varmail,1,1,7710424100864,1882427759,1822377582,1.9680996114124985,active_cumulative,/home/oy/iCAT/result/mixO-fixed37-chunked-20261003/mixO-fixed37-rep1-x20/control-series.txt
1791018148,2026-10-03T18:02:28+09:00,25844.0,Varmail,1,1,7729153830912,1887000447,1828478221,1.9689866390370812,active_cumulative,/home/oy/iCAT/result/mixO-fixed37-chunked-20261003/mixO-fixed37-rep1-x20/control-series.txt
1791018178,2026-10-03T18:02:58+09:00,25874.0,Varmail,1,1,7747863502848,1891568238,1834562413,1.9698631940128823,active_cumulative,/home/oy/iCAT/result/mixO-fixed37-chunked-20261003/mixO-fixed37-rep1-x20/control-series.txt
1791018208,2026-10-03T18:03:28+09:00,25904.0,Varmail,1,1,7766596288512,1896141672,1840664471,1.9707420590880829,active_cumulative,/home/oy/iCAT/result/mixO-fixed37-chunked-20261003/mixO-fixed37-rep1-x20/control-series.txt
1791018238,2026-10-03T18:03:58+09:00,25934.0,Varmail,1,1,7785323327488,1900713703,1846763237,1.9716156799864981,active_cumulative,/home/oy/iCAT/result/mixO-fixed37-chunked-20261003/mixO-fixed37-rep1-x20/control-series.txt
1791018268,2026-10-03T18:04:28+09:00,25964.0,Varmail,1,1,7804061884416,1905288546,1852869764,1.9724877462208812,active_cumulative,/home/oy/iCAT/result/mixO-fixed37-chunked-20261003/mixO-fixed37-rep1-x20/control-series.txt
1791018298,2026-10-03T18:04:58+09:00,25994.0,Varmail,1,1,7822803099648,1909864038,1858954966,1.973344138123407,active_cumulative,/home/oy/iCAT/result/mixO-fixed37-chunked-20261003/mixO-fixed37-rep1-x20/control-series.txt
1791018328,2026-10-03T18:05:28+09:00,26024.0,Varmail,1,1,7841520369664,1914433684,1865031815,1.9741950481686155,active_cumulative,/home/oy/iCAT/result/mixO-fixed37-chunked-20261003/mixO-fixed37-rep1-x20/control-series.txt
1791018358,2026-10-03T18:05:58+09:00,26054.0,Varmail,1,1,7860257189888,1919008103,1871133053,1.9750521897613895,active_cumulative,/home/oy/iCAT/result/mixO-fixed37-chunked-20261003/mixO-fixed37-rep1-x20/control-series.txt
1791018388,2026-10-03T18:06:28+09:00,26084.0,Varmail,1,1,7878994550784,1923582654,1877214570,1.975894935471798,active_cumulative,/home/oy/iCAT/result/mixO-fixed37-chunked-20261003/mixO-fixed37-rep1-x20/control-series.txt
1791018418,2026-10-03T18:06:58+09:00,26114.0,Varmail,1,1,7897741979648,1928159663,1883305715,1.9767374305869398,active_cumulative,/home/oy/iCAT/result/mixO-fixed37-chunked-20261003/mixO-fixed37-rep1-x20/control-series.txt
1791018448,2026-10-03T18:07:28+09:00,26144.0,Varmail,1,1,7916481421312,1932734722,1889398878,1.9775779658187358,active_cumulative,/home/oy/iCAT/result/mixO-fixed37-chunked-20261003/mixO-fixed37-rep1-x20/control-series.txt
1791018478,2026-10-03T18:07:58+09:00,26174.0,Varmail,1,1,7935232905216,1937312721,1895493624,1.9784138634167365,active_cumulative,/home/oy/iCAT/result/mixO-fixed37-chunked-20261003/mixO-fixed37-rep1-x20/control-series.txt
1791018508,2026-10-03T18:08:28+09:00,26204.0,Varmail,1,1,7953943896064,1941880834,1901578255,1.9792455961795645,active_cumulative,/home/oy/iCAT/result/mixO-fixed37-chunked-20261003/mixO-fixed37-rep1-x20/control-series.txt
1791018538,2026-10-03T18:08:58+09:00,26234.0,Varmail,1,1,7972679495680,1946454955,1907672992,1.9800755918340787,active_cumulative,/home/oy/iCAT/result/mixO-fixed37-chunked-20261003/mixO-fixed37-rep1-x20/control-series.txt
1791018568,2026-10-03T18:09:28+09:00,26264.0,Varmail,1,1,7991415795712,1951029247,1913764088,1.9808997435290625,active_cumulative,/home/oy/iCAT/result/mixO-fixed37-chunked-20261003/mixO-fixed37-rep1-x20/control-series.txt
1791018598,2026-10-03T18:09:58+09:00,26294.0,Varmail,1,1,8010135842816,1955599571,1919847110,1.9817179030256598,active_cumulative,/home/oy/iCAT/result/mixO-fixed37-chunked-20261003/mixO-fixed37-rep1-x20/control-series.txt
1791018628,2026-10-03T18:10:28+09:00,26324.0,Varmail,1,1,8028885598208,1960177148,1925921556,1.9825242366308822,active_cumulative,/home/oy/iCAT/result/mixO-fixed37-chunked-20261003/mixO-fixed37-rep1-x20/control-series.txt
1791018658,2026-10-03T18:10:58+09:00,26354.0,Varmail,1,1,8047621165056,1964751261,1932018711,1.9833401048520818,active_cumulative,/home/oy/iCAT/result/mixO-fixed37-chunked-20261003/mixO-fixed37-rep1-x20/control-series.txt
1791018688,2026-10-03T18:11:28+09:00,26384.0,Varmail,1,1,8066362806272,1969326857,1938104872,1.984145859338169,active_cumulative,/home/oy/iCAT/result/mixO-fixed37-chunked-20261003/mixO-fixed37-rep1-x20/control-series.txt
1791018718,2026-10-03T18:11:58+09:00,26414.0,Varmail,1,1,8085144498176,1973912231,1944196595,1.984945816975385,active_cumulative,/home/oy/iCAT/result/mixO-fixed37-chunked-20261003/mixO-fixed37-rep1-x20/control-series.txt
1791018748,2026-10-03T18:12:28+09:00,26444.0,Varmail,1,1,8103879229440,1978486140,1950273470,1.9857402741269645,active_cumulative,/home/oy/iCAT/result/mixO-fixed37-chunked-20261003/mixO-fixed37-rep1-x20/control-series.txt
1791018778,2026-10-03T18:12:58+09:00,26474.0,Varmail,1,1,8122637291520,1983065745,1956362695,1.9865344605607111,active_cumulative,/home/oy/iCAT/result/mixO-fixed37-chunked-20261003/mixO-fixed37-rep1-x20/control-series.txt
1791018808,2026-10-03T18:13:28+09:00,26504.0,Varmail,1,1,8141385732096,1987643001,1962441836,1.9873210808040875,active_cumulative,/home/oy/iCAT/result/mixO-fixed37-chunked-20261003/mixO-fixed37-rep1-x20/control-series.txt
1791018838,2026-10-03T18:13:58+09:00,26534.0,Varmail,1,1,8160150646784,1992224279,1968549925,1.9881166220843953,active_cumulative,/home/oy/iCAT/result/mixO-fixed37-chunked-20261003/mixO-fixed37-rep1-x20/control-series.txt
1791018868,2026-10-03T18:14:28+09:00,26564.0,Varmail,1,1,8178854498304,1996790649,1974618643,1.9888961789704376,active_cumulative,/home/oy/iCAT/result/mixO-fixed37-chunked-20261003/mixO-fixed37-rep1-x20/control-series.txt
1791018898,2026-10-03T18:14:58+09:00,26594.0,Varmail,1,1,8197594685440,2001365890,1980712343,1.9896802743050648,active_cumulative,/home/oy/iCAT/result/mixO-fixed37-chunked-20261003/mixO-fixed37-rep1-x20/control-series.txt
1791018928,2026-10-03T18:15:28+09:00,26624.0,Varmail,1,1,8216344141824,2005943394,1986777662,1.9904455269987544,active_cumulative,/home/oy/iCAT/result/mixO-fixed37-chunked-20261003/mixO-fixed37-rep1-x20/control-series.txt
1791018958,2026-10-03T18:15:58+09:00,26654.0,Varmail,1,1,8235094847488,2010521203,1992863483,1.9912173420635146,active_cumulative,/home/oy/iCAT/result/mixO-fixed37-chunked-20261003/mixO-fixed37-rep1-x20/control-series.txt
1791018988,2026-10-03T18:16:28+09:00,26684.0,Varmail,1,1,8253822615552,2015093412,1998937294,1.9919824471144665,active_cumulative,/home/oy/iCAT/result/mixO-fixed37-chunked-20261003/mixO-fixed37-rep1-x20/control-series.txt
1791019018,2026-10-03T18:16:58+09:00,26714.0,Varmail,1,1,8272564559872,2019669082,2005016270,1.9927449441442704,active_cumulative,/home/oy/iCAT/result/mixO-fixed37-chunked-20261003/mixO-fixed37-rep1-x20/control-series.txt
1791019048,2026-10-03T18:17:28+09:00,26744.0,Varmail,1,1,8291275812864,2024237259,2011092457,1.9935062938192858,active_cumulative,/home/oy/iCAT/result/mixO-fixed37-chunked-20261003/mixO-fixed37-rep1-x20/control-series.txt
1791019078,2026-10-03T18:17:58+09:00,26774.0,Varmail,1,1,8309997010944,2028807864,2017154767,1.994256185020387,active_cumulative,/home/oy/iCAT/result/mixO-fixed37-chunked-20261003/mixO-fixed37-rep1-x20/control-series.txt
1791019108,2026-10-03T18:18:28+09:00,26804.0,Varmail,1,1,8328744185856,2033384811,2023242030,1.9950118733330107,active_cumulative,/home/oy/iCAT/result/mixO-fixed37-chunked-20261003/mixO-fixed37-rep1-x20/control-series.txt
1791019138,2026-10-03T18:18:58+09:00,26834.0,Varmail,1,1,8347475714048,2037957938,2029314690,1.9957588683069276,active_cumulative,/home/oy/iCAT/result/mixO-fixed37-chunked-20261003/mixO-fixed37-rep1-x20/control-series.txt
1791019168,2026-10-03T18:19:28+09:00,26864.0,Varmail,1,1,8366217654272,2042533607,2035378663,1.9964970250793037,active_cumulative,/home/oy/iCAT/result/mixO-fixed37-chunked-20261003/mixO-fixed37-rep1-x20/control-series.txt
1791019198,2026-10-03T18:19:58+09:00,26894.0,Varmail,1,1,8384959635456,2047109286,2041445359,1.9972332073139745,active_cumulative,/home/oy/iCAT/result/mixO-fixed37-chunked-20261003/mixO-fixed37-rep1-x20/control-series.txt
1791019228,2026-10-03T18:20:28+09:00,26924.0,Varmail,1,1,8403676672000,2051678875,2047522130,1.9979739787494766,active_cumulative,/home/oy/iCAT/result/mixO-fixed37-chunked-20261003/mixO-fixed37-rep1-x20/control-series.txt
1791019258,2026-10-03T18:20:58+09:00,26954.0,Varmail,1,1,8422398877696,2056249726,2053599401,1.9987110879741463,active_cumulative,/home/oy/iCAT/result/mixO-fixed37-chunked-20261003/mixO-fixed37-rep1-x20/control-series.txt
1791019288,2026-10-03T18:21:28+09:00,26984.0,Varmail,1,1,8441171001344,2060832764,2059667108,1.9994343762286961,active_cumulative,/home/oy/iCAT/result/mixO-fixed37-chunked-20261003/mixO-fixed37-rep1-x20/control-series.txt
1791019318,2026-10-03T18:21:58+09:00,27014.0,Varmail,1,1,8459901456384,2065405629,2065723665,2.000153982343969,active_cumulative,/home/oy/iCAT/result/mixO-fixed37-chunked-20261003/mixO-fixed37-rep1-x20/control-series.txt
1791019348,2026-10-03T18:22:28+09:00,27044.0,Varmail,1,1,8478666534912,2069986947,2071800088,2.000875919049938,active_cumulative,/home/oy/iCAT/result/mixO-fixed37-chunked-20261003/mixO-fixed37-rep1-x20/control-series.txt
1791019378,2026-10-03T18:22:58+09:00,27074.0,Varmail,1,1,8497419755520,2074565370,2077866644,2.0015913087375985,active_cumulative,/home/oy/iCAT/result/mixO-fixed37-chunked-20261003/mixO-fixed37-rep1-x20/control-series.txt
1791019408,2026-10-03T18:23:28+09:00,27104.0,Varmail,1,1,8516166213632,2079142142,2083929170,2.002302405354256,active_cumulative,/home/oy/iCAT/result/mixO-fixed37-chunked-20261003/mixO-fixed37-rep1-x20/control-series.txt
1791019438,2026-10-03T18:23:58+09:00,27134.0,Varmail,1,1,8534908047360,2083717785,2089996254,2.0030131090904906,active_cumulative,/home/oy/iCAT/result/mixO-fixed37-chunked-20261003/mixO-fixed37-rep1-x20/control-series.txt
1791019468,2026-10-03T18:24:28+09:00,27164.0,Varmail,1,1,8553656991744,2088295164,2096076047,2.0037259498245907,active_cumulative,/home/oy/iCAT/result/mixO-fixed37-chunked-20261003/mixO-fixed37-rep1-x20/control-series.txt
1791019498,2026-10-03T18:24:58+09:00,27194.0,Varmail,1,1,8572402753536,2092871766,2102140509,2.0044287199772945,active_cumulative,/home/oy/iCAT/result/mixO-fixed37-chunked-20261003/mixO-fixed37-rep1-x20/control-series.txt
1791019528,2026-10-03T18:25:28+09:00,27224.0,Varmail,1,1,8591120801792,2097441602,2108194264,2.0051265608490585,active_cumulative,/home/oy/iCAT/result/mixO-fixed37-chunked-20261003/mixO-fixed37-rep1-x20/control-series.txt
1791019558,2026-10-03T18:25:58+09:00,27254.0,Varmail,1,1,8609884508160,2102022585,2114269683,2.0058263398725567,active_cumulative,/home/oy/iCAT/result/mixO-fixed37-chunked-20261003/mixO-fixed37-rep1-x20/control-series.txt
1791019588,2026-10-03T18:26:28+09:00,27284.0,Varmail,1,1,8628639006720,2106601320,2120338172,2.0065208598654065,active_cumulative,/home/oy/iCAT/result/mixO-fixed37-chunked-20261003/mixO-fixed37-rep1-x20/control-series.txt
1791019618,2026-10-03T18:26:58+09:00,27314.0,Varmail,1,1,8647369404416,2111174171,2126389171,2.00720688998994,active_cumulative,/home/oy/iCAT/result/mixO-fixed37-chunked-20261003/mixO-fixed37-rep1-x20/control-series.txt
1791019648,2026-10-03T18:27:28+09:00,27344.0,Varmail,1,1,8666136072192,2115755877,2132451866,2.0078912643852247,active_cumulative,/home/oy/iCAT/result/mixO-fixed37-chunked-20261003/mixO-fixed37-rep1-x20/control-series.txt
1791019678,2026-10-03T18:27:58+09:00,27374.0,Varmail,1,1,8684870852608,2120329798,2138501780,2.0085703563743436,active_cumulative,/home/oy/iCAT/result/mixO-fixed37-chunked-20261003/mixO-fixed37-rep1-x20/control-series.txt
1791019708,2026-10-03T18:28:28+09:00,27404.0,Varmail,1,1,8703643512832,2124912967,2144550560,2.0092415987407355,active_cumulative,/home/oy/iCAT/result/mixO-fixed37-chunked-20261003/mixO-fixed37-rep1-x20/control-series.txt
1791019738,2026-10-03T18:28:58+09:00,27434.0,Varmail,1,1,8722379509760,2129487185,2150588971,2.0099093275360564,active_cumulative,/home/oy/iCAT/result/mixO-fixed37-chunked-20261003/mixO-fixed37-rep1-x20/control-series.txt
1791019768,2026-10-03T18:29:28+09:00,27464.0,Varmail,1,1,8741124042752,2134063487,2156653112,2.0105852638113197,active_cumulative,/home/oy/iCAT/result/mixO-fixed37-chunked-20261003/mixO-fixed37-rep1-x20/control-series.txt
1791019798,2026-10-03T18:29:58+09:00,27494.0,Varmail,1,1,8759865851904,2138639124,2162703334,2.0112521134257526,active_cumulative,/home/oy/iCAT/result/mixO-fixed37-chunked-20261003/mixO-fixed37-rep1-x20/control-series.txt
1791019828,2026-10-03T18:30:28+09:00,27524.0,Varmail,1,1,8778620354560,2143217860,2168769354,2.011922023643457,active_cumulative,/home/oy/iCAT/result/mixO-fixed37-chunked-20261003/mixO-fixed37-rep1-x20/control-series.txt
1791019858,2026-10-03T18:30:58+09:00,27554.0,Varmail,1,1,8797339377664,2147787934,2174815372,2.0125838485132306,active_cumulative,/home/oy/iCAT/result/mixO-fixed37-chunked-20261003/mixO-fixed37-rep1-x20/control-series.txt
1791019888,2026-10-03T18:31:28+09:00,27584.0,Varmail,1,1,8816040431616,2152353621,2180851591,2.013240375429926,active_cumulative,/home/oy/iCAT/result/mixO-fixed37-chunked-20261003/mixO-fixed37-rep1-x20/control-series.txt
1791019918,2026-10-03T18:31:58+09:00,27614.0,Varmail,1,1,8834797215744,2156932914,2186908905,2.0138975073380516,active_cumulative,/home/oy/iCAT/result/mixO-fixed37-chunked-20261003/mixO-fixed37-rep1-x20/control-series.txt
1791019948,2026-10-03T18:32:28+09:00,27644.0,Varmail,1,1,8853560737792,2161513852,2192954925,2.014545857742669,active_cumulative,/home/oy/iCAT/result/mixO-fixed37-chunked-20261003/mixO-fixed37-rep1-x20/control-series.txt
1791019978,2026-10-03T18:32:58+09:00,27674.0,Varmail,1,1,8872326250496,2166095276,2199008696,2.0151948163890463,active_cumulative,/home/oy/iCAT/result/mixO-fixed37-chunked-20261003/mixO-fixed37-rep1-x20/control-series.txt
1791020008,2026-10-03T18:33:28+09:00,27704.0,Varmail,1,1,8891041103872,2170664332,2205039677,2.0158363246187987,active_cumulative,/home/oy/iCAT/result/mixO-fixed37-chunked-20261003/mixO-fixed37-rep1-x20/control-series.txt
1791020038,2026-10-03T18:33:58+09:00,27734.0,Varmail,1,1,8909794435072,2175242782,2211098333,2.016483470855163,active_cumulative,/home/oy/iCAT/result/mixO-fixed37-chunked-20261003/mixO-fixed37-rep1-x20/control-series.txt
1791020068,2026-10-03T18:34:28+09:00,27764.0,Varmail,1,1,8928517603328,2179813868,2217113400,2.0171113380585206,active_cumulative,/home/oy/iCAT/result/mixO-fixed37-chunked-20261003/mixO-fixed37-rep1-x20/control-series.txt
1791020098,2026-10-03T18:34:58+09:00,27794.0,Varmail,1,1,8947305271296,2184400701,2223154059,2.017740956584687,active_cumulative,/home/oy/iCAT/result/mixO-fixed37-chunked-20261003/mixO-fixed37-rep1-x20/control-series.txt
1791020128,2026-10-03T18:35:28+09:00,27824.0,Varmail,1,1,8966075072512,2188983172,2229195803,2.0183704614609983,active_cumulative,/home/oy/iCAT/result/mixO-fixed37-chunked-20261003/mixO-fixed37-rep1-x20/control-series.txt
1791020158,2026-10-03T18:35:58+09:00,27854.0,Varmail,1,1,8984850460672,2193567007,2235232028,2.01899418657695,active_cumulative,/home/oy/iCAT/result/mixO-fixed37-chunked-20261003/mixO-fixed37-rep1-x20/control-series.txt
1791020188,2026-10-03T18:36:28+09:00,27884.0,Varmail,1,1,9003609214976,2198146781,2241259239,2.0196130933441974,active_cumulative,/home/oy/iCAT/result/mixO-fixed37-chunked-20261003/mixO-fixed37-rep1-x20/control-series.txt
1791020218,2026-10-03T18:36:58+09:00,27914.0,Varmail,1,1,9022378278912,2202729072,2247300110,2.0202344621345243,active_cumulative,/home/oy/iCAT/result/mixO-fixed37-chunked-20261003/mixO-fixed37-rep1-x20/control-series.txt
1791020248,2026-10-03T18:37:28+09:00,27944.0,Varmail,1,1,9041133727744,2207308039,2253333681,2.0208514811647458,active_cumulative,/home/oy/iCAT/result/mixO-fixed37-chunked-20261003/mixO-fixed37-rep1-x20/control-series.txt
1791020278,2026-10-03T18:37:58+09:00,27974.0,Varmail,1,1,9059896262656,2211888736,2259349448,2.021457097379061,active_cumulative,/home/oy/iCAT/result/mixO-fixed37-chunked-20261003/mixO-fixed37-rep1-x20/control-series.txt
1791020308,2026-10-03T18:38:28+09:00,28004.0,Varmail,1,1,9078626443264,2216461534,2265388168,2.022074208484775,active_cumulative,/home/oy/iCAT/result/mixO-fixed37-chunked-20261003/mixO-fixed37-rep1-x20/control-series.txt
1791020338,2026-10-03T18:38:58+09:00,28034.0,Varmail,1,1,9097401724928,2221045343,2271418125,2.02267976300383,active_cumulative,/home/oy/iCAT/result/mixO-fixed37-chunked-20261003/mixO-fixed37-rep1-x20/control-series.txt
1791020368,2026-10-03T18:39:28+09:00,28064.0,Varmail,1,1,9116173598720,2225628320,2277463871,2.023290299882597,active_cumulative,/home/oy/iCAT/result/mixO-fixed37-chunked-20261003/mixO-fixed37-rep1-x20/control-series.txt
1791020398,2026-10-03T18:39:58+09:00,28094.0,Varmail,1,1,9134915231744,2230203914,2283486791,2.0238914821490175,active_cumulative,/home/oy/iCAT/result/mixO-fixed37-chunked-20261003/mixO-fixed37-rep1-x20/control-series.txt
1791020428,2026-10-03T18:40:28+09:00,28124.0,Varmail,1,1,9153678680064,2234784834,2289523745,2.024494040843307,active_cumulative,/home/oy/iCAT/result/mixO-fixed37-chunked-20261003/mixO-fixed37-rep1-x20/control-series.txt
1791020458,2026-10-03T18:40:58+09:00,28154.0,Varmail,1,1,9172443770880,2239366155,2295557416,2.025092484708022,active_cumulative,/home/oy/iCAT/result/mixO-fixed37-chunked-20261003/mixO-fixed37-rep1-x20/control-series.txt
1791020488,2026-10-03T18:41:28+09:00,28184.0,Varmail,1,1,9191191674880,2243943280,2301581052,2.0256859308850266,active_cumulative,/home/oy/iCAT/result/mixO-fixed37-chunked-20261003/mixO-fixed37-rep1-x20/control-series.txt
1791020518,2026-10-03T18:41:58+09:00,28214.0,Varmail,1,1,9209905258496,2248512026,2307608060,2.026282285047472,active_cumulative,/home/oy/iCAT/result/mixO-fixed37-chunked-20261003/mixO-fixed37-rep1-x20/control-series.txt
1791020548,2026-10-03T18:42:28+09:00,28244.0,Varmail,1,1,9228652482560,2253088985,2313625552,2.0268682539407115,active_cumulative,/home/oy/iCAT/result/mixO-fixed37-chunked-20261003/mixO-fixed37-rep1-x20/control-series.txt
1791020578,2026-10-03T18:42:58+09:00,28274.0,Varmail,1,1,9247370932224,2257658919,2319639054,2.0274532767010944,active_cumulative,/home/oy/iCAT/result/mixO-fixed37-chunked-20261003/mixO-fixed37-rep1-x20/control-series.txt
1791020608,2026-10-03T18:43:28+09:00,28304.0,Varmail,1,1,9266108698624,2262233569,2325670200,2.0280415921102444,active_cumulative,/home/oy/iCAT/result/mixO-fixed37-chunked-20261003/mixO-fixed37-rep1-x20/control-series.txt
1791020638,2026-10-03T18:43:58+09:00,28334.0,Varmail,1,1,9284883562496,2266817276,2331702950,2.028624130708275,active_cumulative,/home/oy/iCAT/result/mixO-fixed37-chunked-20261003/mixO-fixed37-rep1-x20/control-series.txt
1791020668,2026-10-03T18:44:28+09:00,28364.0,Varmail,1,1,9303611584512,2271389547,2337725680,2.0292050886152992,active_cumulative,/home/oy/iCAT/result/mixO-fixed37-chunked-20261003/mixO-fixed37-rep1-x20/control-series.txt
1791020698,2026-10-03T18:44:58+09:00,28394.0,Varmail,1,1,9322346180608,2275963423,2343754571,2.0297856930893214,active_cumulative,/home/oy/iCAT/result/mixO-fixed37-chunked-20261003/mixO-fixed37-rep1-x20/control-series.txt
1791020728,2026-10-03T18:45:28+09:00,28424.0,Varmail,1,1,9341101989888,2280542478,2349793488,2.0303660250436257,active_cumulative,/home/oy/iCAT/result/mixO-fixed37-chunked-20261003/mixO-fixed37-rep1-x20/control-series.txt
1791020758,2026-10-03T18:45:58+09:00,28454.0,Varmail,1,1,9359845584896,2285118551,2355824586,2.030941954836023,active_cumulative,/home/oy/iCAT/result/mixO-fixed37-chunked-20261003/mixO-fixed37-rep1-x20/control-series.txt
1791020788,2026-10-03T18:46:28+09:00,28484.0,Varmail,1,1,9378585264128,2289693668,2361847873,2.031512601885747,active_cumulative,/home/oy/iCAT/result/mixO-fixed37-chunked-20261003/mixO-fixed37-rep1-x20/control-series.txt
1791020818,2026-10-03T18:46:58+09:00,28514.0,Varmail,1,1,9397356535808,2294276498,2367864712,2.0320746928559608,active_cumulative,/home/oy/iCAT/result/mixO-fixed37-chunked-20261003/mixO-fixed37-rep1-x20/control-series.txt
1791020848,2026-10-03T18:47:28+09:00,28544.0,Varmail,1,1,9416131825664,2298860309,2373871152,2.032629578537823,active_cumulative,/home/oy/iCAT/result/mixO-fixed37-chunked-20261003/mixO-fixed37-rep1-x20/control-series.txt
1791020878,2026-10-03T18:47:58+09:00,28574.0,Varmail,1,1,9434914459648,2303445913,2379896592,2.03318970007871,active_cumulative,/home/oy/iCAT/result/mixO-fixed37-chunked-20261003/mixO-fixed37-rep1-x20/control-series.txt
1791020908,2026-10-03T18:48:28+09:00,28604.0,Varmail,1,1,9453650042880,2308020030,2385907218,2.0337463223835193,active_cumulative,/home/oy/iCAT/result/mixO-fixed37-chunked-20261003/mixO-fixed37-rep1-x20/control-series.txt
1791020938,2026-10-03T18:48:58+09:00,28634.0,Varmail,1,1,9472432840704,2312605674,2391906887,2.0342908494481193,active_cumulative,/home/oy/iCAT/result/mixO-fixed37-chunked-20261003/mixO-fixed37-rep1-x20/control-series.txt
1791020968,2026-10-03T18:49:28+09:00,28664.0,Varmail,1,1,9491202822144,2317188189,2397938376,2.034848350851835,active_cumulative,/home/oy/iCAT/result/mixO-fixed37-chunked-20261003/mixO-fixed37-rep1-x20/control-series.txt
1791020998,2026-10-03T18:49:58+09:00,28694.0,Varmail,1,1,9509952552960,2321765760,2403963958,2.035403312175643,active_cumulative,/home/oy/iCAT/result/mixO-fixed37-chunked-20261003/mixO-fixed37-rep1-x20/control-series.txt
1791021028,2026-10-03T18:50:28+09:00,28724.0,Varmail,1,1,9528699199488,2326342578,2409977218,2.0359511280887537,active_cumulative,/home/oy/iCAT/result/mixO-fixed37-chunked-20261003/mixO-fixed37-rep1-x20/control-series.txt
1791021058,2026-10-03T18:50:58+09:00,28754.0,Varmail,1,1,9547475701760,2330926685,2415995259,2.0364956026062226,active_cumulative,/home/oy/iCAT/result/mixO-fixed37-chunked-20261003/mixO-fixed37-rep1-x20/control-series.txt
1791021088,2026-10-03T18:51:28+09:00,28784.0,Varmail,1,1,9566257844224,2335512169,2422016771,2.037038814504246,active_cumulative,/home/oy/iCAT/result/mixO-fixed37-chunked-20261003/mixO-fixed37-rep1-x20/control-series.txt
1791021118,2026-10-03T18:51:58+09:00,28814.0,Varmail,1,1,9584991944704,2340085924,2428051547,2.0375907662611112,active_cumulative,/home/oy/iCAT/result/mixO-fixed37-chunked-20261003/mixO-fixed37-rep1-x20/control-series.txt
1791021148,2026-10-03T18:52:28+09:00,28844.0,Varmail,1,1,9603700871168,2344653533,2434053689,2.0381293674061993,active_cumulative,/home/oy/iCAT/result/mixO-fixed37-chunked-20261003/mixO-fixed37-rep1-x20/control-series.txt
1791021179,2026-10-03T18:52:59+09:00,28875.0,Varmail,1,1,9622408470528,2349220818,2440054974,2.038665652587453,active_cumulative,/home/oy/iCAT/result/mixO-fixed37-chunked-20261003/mixO-fixed37-rep1-x20/control-series.txt
1791021209,2026-10-03T18:53:29+09:00,28905.0,Varmail,1,1,9641175588864,2353802634,2446062367,2.039196036093823,active_cumulative,/home/oy/iCAT/result/mixO-fixed37-chunked-20261003/mixO-fixed37-rep1-x20/control-series.txt
1791021239,2026-10-03T18:53:59+09:00,28935.0,Varmail,1,1,9659943919616,2358384746,2452081313,2.039729126962391,active_cumulative,/home/oy/iCAT/result/mixO-fixed37-chunked-20261003/mixO-fixed37-rep1-x20/control-series.txt
1791021269,2026-10-03T18:54:29+09:00,28965.0,Varmail,1,1,9678686318592,2362960527,2458101394,2.0402634178239065,active_cumulative,/home/oy/iCAT/result/mixO-fixed37-chunked-20261003/mixO-fixed37-rep1-x20/control-series.txt
1791021299,2026-10-03T18:54:59+09:00,28995.0,Varmail,1,1,9697444827136,2367540241,2464112854,2.040790273097622,active_cumulative,/home/oy/iCAT/result/mixO-fixed37-chunked-20261003/mixO-fixed37-rep1-x20/control-series.txt
1791021329,2026-10-03T18:55:29+09:00,29025.0,Varmail,1,1,9716195573760,2372118060,2470126956,2.041317039675504,active_cumulative,/home/oy/iCAT/result/mixO-fixed37-chunked-20261003/mixO-fixed37-rep1-x20/control-series.txt
1791021359,2026-10-03T18:55:59+09:00,29055.0,Varmail,1,1,9734923481088,2376690303,2476151199,2.0418484881578616,active_cumulative,/home/oy/iCAT/result/mixO-fixed37-chunked-20261003/mixO-fixed37-rep1-x20/control-series.txt
1791021389,2026-10-03T18:56:29+09:00,29085.0,Varmail,1,1,9753678786560,2381269235,2482164700,2.0423704566947047,active_cumulative,/home/oy/iCAT/result/mixO-fixed37-chunked-20261003/mixO-fixed37-rep1-x20/control-series.txt
1791021419,2026-10-03T18:56:59+09:00,29115.0,Varmail,1,1,9772447129600,2385851350,2488184168,2.0428915313604934,active_cumulative,/home/oy/iCAT/result/mixO-fixed37-chunked-20261003/mixO-fixed37-rep1-x20/control-series.txt
1791021449,2026-10-03T18:57:29+09:00,29145.0,Varmail,1,1,9791190601728,2390427393,2494191631,2.0434082366625557,active_cumulative,/home/oy/iCAT/result/mixO-fixed37-chunked-20261003/mixO-fixed37-rep1-x20/control-series.txt
1791021479,2026-10-03T18:57:59+09:00,29175.0,Varmail,1,1,9809943465984,2395005729,2500191476,2.0439187872189013,active_cumulative,/home/oy/iCAT/result/mixO-fixed37-chunked-20261003/mixO-fixed37-rep1-x20/control-series.txt
1791021509,2026-10-03T18:58:29+09:00,29205.0,Varmail,1,1,9828706811904,2399586624,2506206372,2.044432548062078,active_cumulative,/home/oy/iCAT/result/mixO-fixed37-chunked-20261003/mixO-fixed37-rep1-x20/control-series.txt
1791021539,2026-10-03T18:58:59+09:00,29235.0,Varmail,1,1,9847503798272,2404175732,2512225176,2.044942406897234,active_cumulative,/home/oy/iCAT/result/mixO-fixed37-chunked-20261003/mixO-fixed37-rep1-x20/control-series.txt
1791021569,2026-10-03T18:59:29+09:00,29265.0,Varmail,1,1,9866269437952,2408757187,2518243270,2.0454533497983496,active_cumulative,/home/oy/iCAT/result/mixO-fixed37-chunked-20261003/mixO-fixed37-rep1-x20/control-series.txt
1791021599,2026-10-03T18:59:59+09:00,29295.0,Varmail,1,1,9885005303808,2413331373,2524240903,2.045957024899622,active_cumulative,/home/oy/iCAT/result/mixO-fixed37-chunked-20261003/mixO-fixed37-rep1-x20/control-series.txt
1791021629,2026-10-03T19:00:29+09:00,29325.0,Varmail,1,1,9903760662528,2417910318,2530245367,2.0464595597957986,active_cumulative,/home/oy/iCAT/result/mixO-fixed37-chunked-20261003/mixO-fixed37-rep1-x20/control-series.txt
1791021659,2026-10-03T19:00:59+09:00,29355.0,Varmail,1,1,9922537476096,2422494501,2536250426,2.046958176769046,active_cumulative,/home/oy/iCAT/result/mixO-fixed37-chunked-20261003/mixO-fixed37-rep1-x20/control-series.txt
1791021689,2026-10-03T19:01:29+09:00,29385.0,Varmail,1,1,9941298143232,2427074742,2542250542,2.047454574845557,active_cumulative,/home/oy/iCAT/result/mixO-fixed37-chunked-20261003/mixO-fixed37-rep1-x20/control-series.txt
1791021719,2026-10-03T19:01:59+09:00,29415.0,Varmail,1,1,9960071749632,2431658142,2548257583,2.047950589347275,active_cumulative,/home/oy/iCAT/result/mixO-fixed37-chunked-20261003/mixO-fixed37-rep1-x20/control-series.txt
1791021749,2026-10-03T19:02:29+09:00,29445.0,Varmail,1,1,9978795597824,2436229394,2554239940,2.048439833412502,active_cumulative,/home/oy/iCAT/result/mixO-fixed37-chunked-20261003/mixO-fixed37-rep1-x20/control-series.txt
1791021779,2026-10-03T19:02:59+09:00,29475.0,Varmail,1,1,9997592641536,2440818516,2560241742,2.0489275319804237,active_cumulative,/home/oy/iCAT/result/mixO-fixed37-chunked-20261003/mixO-fixed37-rep1-x20/control-series.txt
1791021809,2026-10-03T19:03:29+09:00,29505.0,Varmail,1,1,10016298872832,2445385467,2566229776,2.0494172843630465,active_cumulative,/home/oy/iCAT/result/mixO-fixed37-chunked-20261003/mixO-fixed37-rep1-x20/control-series.txt
1791021839,2026-10-03T19:03:59+09:00,29535.0,Varmail,1,1,10035026403328,2449957618,2572213523,2.0499012326179757,active_cumulative,/home/oy/iCAT/result/mixO-fixed37-chunked-20261003/mixO-fixed37-rep1-x20/control-series.txt
1791021869,2026-10-03T19:04:29+09:00,29565.0,Varmail,1,1,10053768810496,2454533401,2578209891,2.0503869655836064,active_cumulative,/home/oy/iCAT/result/mixO-fixed37-chunked-20261003/mixO-fixed37-rep1-x20/control-series.txt
1791021899,2026-10-03T19:04:59+09:00,29595.0,Varmail,1,1,10072540504064,2459116334,2584235485,2.0508797201946445,active_cumulative,/home/oy/iCAT/result/mixO-fixed37-chunked-20261003/mixO-fixed37-rep1-x20/control-series.txt
1791021929,2026-10-03T19:05:29+09:00,29625.0,Varmail,1,1,10091311357952,2463699062,2590241048,2.051362598602962,active_cumulative,/home/oy/iCAT/result/mixO-fixed37-chunked-20261003/mixO-fixed37-rep1-x20/control-series.txt
1791021959,2026-10-03T19:05:59+09:00,29655.0,Varmail,1,1,10110087114752,2468282987,2596236639,2.051839133792158,active_cumulative,/home/oy/iCAT/result/mixO-fixed37-chunked-20261003/mixO-fixed37-rep1-x20/control-series.txt
1791021989,2026-10-03T19:06:29+09:00,29685.0,Varmail,1,1,10128872697856,2472869311,2602249349,2.052319804133798,active_cumulative,/home/oy/iCAT/result/mixO-fixed37-chunked-20261003/mixO-fixed37-rep1-x20/control-series.txt
1791022019,2026-10-03T19:06:59+09:00,29715.0,Varmail,1,1,10147598819328,2477441118,2608230201,2.0527920046412986,active_cumulative,/home/oy/iCAT/result/mixO-fixed37-chunked-20261003/mixO-fixed37-rep1-x20/control-series.txt
1791022049,2026-10-03T19:07:29+09:00,29745.0,Varmail,1,1,10166335840256,2482015586,2614205110,2.0532589419444527,active_cumulative,/home/oy/iCAT/result/mixO-fixed37-chunked-20261003/mixO-fixed37-rep1-x20/control-series.txt
1791022079,2026-10-03T19:07:59+09:00,29775.0,Varmail,1,1,10185069510656,2486589236,2620205133,2.053734607656767,active_cumulative,/home/oy/iCAT/result/mixO-fixed37-chunked-20261003/mixO-fixed37-rep1-x20/control-series.txt
1791022109,2026-10-03T19:08:29+09:00,29805.0,Varmail,1,1,10203797725184,2491161554,2626192043,2.054203826637893,active_cumulative,/home/oy/iCAT/result/mixO-fixed37-chunked-20261003/mixO-fixed37-rep1-x20/control-series.txt
1791022139,2026-10-03T19:08:59+09:00,29835.0,Varmail,1,1,10222578483200,2495746700,2632207045,2.054677161348145,active_cumulative,/home/oy/iCAT/result/mixO-fixed37-chunked-20261003/mixO-fixed37-rep1-x20/control-series.txt
1791022169,2026-10-03T19:09:29+09:00,29865.0,Varmail,1,1,10241332641792,2500325352,2638211825,2.055147412271649,active_cumulative,/home/oy/iCAT/result/mixO-fixed37-chunked-20261003/mixO-fixed37-rep1-x20/control-series.txt
1791022199,2026-10-03T19:09:59+09:00,29895.0,Varmail,1,1,10260092567552,2504905412,2644202625,2.0556097696674227,active_cumulative,/home/oy/iCAT/result/mixO-fixed37-chunked-20261003/mixO-fixed37-rep1-x20/control-series.txt
1791022229,2026-10-03T19:10:29+09:00,29925.0,Varmail,1,1,10278857347072,2509486657,2650180696,2.056064868329762,active_cumulative,/home/oy/iCAT/result/mixO-fixed37-chunked-20261003/mixO-fixed37-rep1-x20/control-series.txt
1791022259,2026-10-03T19:10:59+09:00,29955.0,Varmail,1,1,10297639526400,2514072150,2656195131,2.05653098738634,active_cumulative,/home/oy/iCAT/result/mixO-fixed37-chunked-20261003/mixO-fixed37-rep1-x20/control-series.txt
1791022289,2026-10-03T19:11:29+09:00,29985.0,Varmail,1,1,10316447375360,2518663910,2662182705,2.056982114378254,active_cumulative,/home/oy/iCAT/result/mixO-fixed37-chunked-20261003/mixO-fixed37-rep1-x20/control-series.txt
1791022319,2026-10-03T19:11:59+09:00,30015.0,Varmail,1,1,10335239188480,2523251755,2668169463,2.0574329167562593,active_cumulative,/home/oy/iCAT/result/mixO-fixed37-chunked-20261003/mixO-fixed37-rep1-x20/control-series.txt
1791022349,2026-10-03T19:12:29+09:00,30045.0,Varmail,1,1,10353984622592,2527828277,2674156360,2.0578868763876876,active_cumulative,/home/oy/iCAT/result/mixO-fixed37-chunked-20261003/mixO-fixed37-rep1-x20/control-series.txt
1791022379,2026-10-03T19:12:59+09:00,30075.0,Varmail,1,1,10372715581440,2532401265,2680124716,2.0583333506587866,active_cumulative,/home/oy/iCAT/result/mixO-fixed37-chunked-20261003/mixO-fixed37-rep1-x20/control-series.txt
1791022409,2026-10-03T19:13:29+09:00,30105.0,Varmail,1,1,10391475412992,2536981302,2686098281,2.0587773267711693,active_cumulative,/home/oy/iCAT/result/mixO-fixed37-chunked-20261003/mixO-fixed37-rep1-x20/control-series.txt
1791022439,2026-10-03T19:13:59+09:00,30135.0,Varmail,1,1,10410248155136,2541564491,2692088916,2.0592251054549378,active_cumulative,/home/oy/iCAT/result/mixO-fixed37-chunked-20261003/mixO-fixed37-rep1-x20/control-series.txt
1791022469,2026-10-03T19:14:29+09:00,30165.0,Varmail,1,1,10429013344256,2546145836,2698090659,2.0596764022121787,active_cumulative,/home/oy/iCAT/result/mixO-fixed37-chunked-20261003/mixO-fixed37-rep1-x20/control-series.txt
1791022499,2026-10-03T19:14:59+09:00,30195.0,Varmail,1,1,10447803645952,2550733312,2704076008,2.0601171025126757,active_cumulative,/home/oy/iCAT/result/mixO-fixed37-chunked-20261003/mixO-fixed37-rep1-x20/control-series.txt
1791022529,2026-10-03T19:15:29+09:00,30225.0,Varmail,1,1,10466573860864,2555315884,2710071850,2.0605623621599967,active_cumulative,/home/oy/iCAT/result/mixO-fixed37-chunked-20261003/mixO-fixed37-rep1-x20/control-series.txt
1791022559,2026-10-03T19:15:59+09:00,30255.0,Varmail,1,1,10485315960832,2559891592,2716051104,2.0610023926356957,active_cumulative,/home/oy/iCAT/result/mixO-fixed37-chunked-20261003/mixO-fixed37-rep1-x20/control-series.txt
1791022589,2026-10-03T19:16:29+09:00,30285.0,Varmail,1,1,10504111017984,2564480229,2722043531,2.0614406382307893,active_cumulative,/home/oy/iCAT/result/mixO-fixed37-chunked-20261003/mixO-fixed37-rep1-x20/control-series.txt
1791022619,2026-10-03T19:16:59+09:00,30315.0,Varmail,1,1,10522830954496,2569050526,2728005779,2.0618731517310764,active_cumulative,/home/oy/iCAT/result/mixO-fixed37-chunked-20261003/mixO-fixed37-rep1-x20/control-series.txt
1791022649,2026-10-03T19:17:29+09:00,30345.0,Varmail,1,1,10541578870784,2573627654,2734004632,2.0623155326104525,active_cumulative,/home/oy/iCAT/result/mixO-fixed37-chunked-20261003/mixO-fixed37-rep1-x20/control-series.txt
1791022679,2026-10-03T19:17:59+09:00,30375.0,Varmail,1,1,10560379146240,2578217565,2739994506,2.0627475908923145,active_cumulative,/home/oy/iCAT/result/mixO-fixed37-chunked-20261003/mixO-fixed37-rep1-x20/control-series.txt
1791022709,2026-10-03T19:18:29+09:00,30405.0,Varmail,1,1,10579164409856,2582803811,2745981261,2.063178414599296,active_cumulative,/home/oy/iCAT/result/mixO-fixed37-chunked-20261003/mixO-fixed37-rep1-x20/control-series.txt
1791022739,2026-10-03T19:18:59+09:00,30435.0,Varmail,1,1,10597927452672,2587384632,2751964577,2.0636086119413886,active_cumulative,/home/oy/iCAT/result/mixO-fixed37-chunked-20261003/mixO-fixed37-rep1-x20/control-series.txt
1791022769,2026-10-03T19:19:29+09:00,30465.0,Varmail,1,1,10616663875584,2591958954,2757954152,2.0640423714055465,active_cumulative,/home/oy/iCAT/result/mixO-fixed37-chunked-20261003/mixO-fixed37-rep1-x20/control-series.txt
1791022799,2026-10-03T19:19:59+09:00,30495.0,Varmail,1,1,10635413000192,2596536377,2763929851,2.064467987232054,active_cumulative,/home/oy/iCAT/result/mixO-fixed37-chunked-20261003/mixO-fixed37-rep1-x20/control-series.txt
1791022829,2026-10-03T19:20:29+09:00,30525.0,Varmail,1,1,10654153682944,2601111739,2769899522,2.064890631367067,active_cumulative,/home/oy/iCAT/result/mixO-fixed37-chunked-20261003/mixO-fixed37-rep1-x20/control-series.txt
1791022859,2026-10-03T19:20:59+09:00,30555.0,Varmail,1,1,10672876085248,2605682638,2775871371,2.0653144517747677,active_cumulative,/home/oy/iCAT/result/mixO-fixed37-chunked-20261003/mixO-fixed37-rep1-x20/control-series.txt
1791022889,2026-10-03T19:21:29+09:00,30585.0,Varmail,1,1,10691680178176,2610273481,2781871623,2.0657395262408524,active_cumulative,/home/oy/iCAT/result/mixO-fixed37-chunked-20261003/mixO-fixed37-rep1-x20/control-series.txt
1791022919,2026-10-03T19:21:59+09:00,30615.0,Varmail,1,1,10710456143872,2614857457,2787849557,2.0661573729523566,active_cumulative,/home/oy/iCAT/result/mixO-fixed37-chunked-20261003/mixO-fixed37-rep1-x20/control-series.txt
1791022949,2026-10-03T19:22:29+09:00,30645.0,Varmail,1,1,10729220898816,2619438696,2793832537,2.0665767980240606,active_cumulative,/home/oy/iCAT/result/mixO-fixed37-chunked-20261003/mixO-fixed37-rep1-x20/control-series.txt
1791022979,2026-10-03T19:22:59+09:00,30675.0,Varmail,1,1,10747926487040,2624005490,2799788127,2.0669901940639615,active_cumulative,/home/oy/iCAT/result/mixO-fixed37-chunked-20261003/mixO-fixed37-rep1-x20/control-series.txt
1791023009,2026-10-03T19:23:29+09:00,30705.0,Varmail,1,1,10766661783552,2628579537,2805749746,2.067401502030334,active_cumulative,/home/oy/iCAT/result/mixO-fixed37-chunked-20261003/mixO-fixed37-rep1-x20/control-series.txt
1791023039,2026-10-03T19:23:59+09:00,30735.0,Varmail,1,1,10785455263744,2633167789,2811722800,2.067809963248795,active_cumulative,/home/oy/iCAT/result/mixO-fixed37-chunked-20261003/mixO-fixed37-rep1-x20/control-series.txt
1791023069,2026-10-03T19:24:29+09:00,30765.0,Varmail,1,1,10804217147392,2637748327,2817704741,2.0682234965928954,active_cumulative,/home/oy/iCAT/result/mixO-fixed37-chunked-20261003/mixO-fixed37-rep1-x20/control-series.txt
1791023099,2026-10-03T19:24:59+09:00,30795.0,Varmail,1,1,10822955323392,2642323077,2823684519,2.068637118442727,active_cumulative,/home/oy/iCAT/result/mixO-fixed37-chunked-20261003/mixO-fixed37-rep1-x20/control-series.txt
1791023129,2026-10-03T19:25:29+09:00,30825.0,Varmail,1,1,10841703665664,2646900309,2829642176,2.069039950760004,active_cumulative,/home/oy/iCAT/result/mixO-fixed37-chunked-20261003/mixO-fixed37-rep1-x20/control-series.txt
1791023159,2026-10-03T19:25:59+09:00,30855.0,Varmail,1,1,10860434358272,2651473232,2835619522,2.069450555931541,active_cumulative,/home/oy/iCAT/result/mixO-fixed37-chunked-20261003/mixO-fixed37-rep1-x20/control-series.txt
1791023189,2026-10-03T19:26:29+09:00,30885.0,Varmail,1,1,10879164997632,2656046142,2841594785,2.069858968210651,active_cumulative,/home/oy/iCAT/result/mixO-fixed37-chunked-20261003/mixO-fixed37-rep1-x20/control-series.txt
1791023219,2026-10-03T19:26:59+09:00,30915.0,Varmail,1,1,10897921134592,2660625277,2847555677,2.070258071144379,active_cumulative,/home/oy/iCAT/result/mixO-fixed37-chunked-20261003/mixO-fixed37-rep1-x20/control-series.txt
1791023249,2026-10-03T19:27:29+09:00,30945.0,Varmail,1,1,10916676591616,2665204246,2853523740,2.070658559951881,active_cumulative,/home/oy/iCAT/result/mixO-fixed37-chunked-20261003/mixO-fixed37-rep1-x20/control-series.txt
1791023279,2026-10-03T19:27:59+09:00,30975.0,Varmail,1,1,10935450710016,2669787771,2859504234,2.0710605034080816,active_cumulative,/home/oy/iCAT/result/mixO-fixed37-chunked-20261003/mixO-fixed37-rep1-x20/control-series.txt
1791023309,2026-10-03T19:28:29+09:00,31005.0,Varmail,1,1,10954196140032,2674364292,2865470296,2.071458478776309,active_cumulative,/home/oy/iCAT/result/mixO-fixed37-chunked-20261003/mixO-fixed37-rep1-x20/control-series.txt
1791023339,2026-10-03T19:28:59+09:00,31035.0,Varmail,1,1,10972965871616,2678946746,2871432636,2.071851331232099,active_cumulative,/home/oy/iCAT/result/mixO-fixed37-chunked-20261003/mixO-fixed37-rep1-x20/control-series.txt
1791023369,2026-10-03T19:29:29+09:00,31065.0,Varmail,1,1,10991742967808,2683530998,2877410822,2.072248028491005,active_cumulative,/home/oy/iCAT/result/mixO-fixed37-chunked-20261003/mixO-fixed37-rep1-x20/control-series.txt
1791023399,2026-10-03T19:29:59+09:00,31095.0,Varmail,1,1,11010513059840,2688113540,2883365601,2.072635347463783,active_cumulative,/home/oy/iCAT/result/mixO-fixed37-chunked-20261003/mixO-fixed37-rep1-x20/control-series.txt
1791023429,2026-10-03T19:30:29+09:00,31125.0,Varmail,1,1,11029319421952,2692704937,2889333913,2.0730228452802812,active_cumulative,/home/oy/iCAT/result/mixO-fixed37-chunked-20261003/mixO-fixed37-rep1-x20/control-series.txt
1791023459,2026-10-03T19:30:59+09:00,31155.0,Varmail,1,1,11048098557952,2697289687,2895314515,2.0734162255372164,active_cumulative,/home/oy/iCAT/result/mixO-fixed37-chunked-20261003/mixO-fixed37-rep1-x20/control-series.txt
1791023489,2026-10-03T19:31:29+09:00,31185.0,Varmail,1,1,11066879438848,2701874863,2901261499,2.0737956589812647,active_cumulative,/home/oy/iCAT/result/mixO-fixed37-chunked-20261003/mixO-fixed37-rep1-x20/control-series.txt
1791023519,2026-10-03T19:31:59+09:00,31215.0,Varmail,1,1,11085680496640,2706464965,2907238455,2.074182925918644,active_cumulative,/home/oy/iCAT/result/mixO-fixed37-chunked-20261003/mixO-fixed37-rep1-x20/control-series.txt
1791023549,2026-10-03T19:32:29+09:00,31245.0,Varmail,1,1,11104432562176,2711043106,2913196356,2.0745665937780924,active_cumulative,/home/oy/iCAT/result/mixO-fixed37-chunked-20261003/mixO-fixed37-rep1-x20/control-series.txt
1791023579,2026-10-03T19:32:59+09:00,31275.0,Varmail,1,1,11123178274816,2715619696,2919156389,2.0749503670561094,active_cumulative,/home/oy/iCAT/result/mixO-fixed37-chunked-20261003/mixO-fixed37-rep1-x20/control-series.txt
1791023609,2026-10-03T19:33:29+09:00,31305.0,Varmail,1,1,11141935071232,2720198992,2925105476,2.075327755286515,active_cumulative,/home/oy/iCAT/result/mixO-fixed37-chunked-20261003/mixO-fixed37-rep1-x20/control-series.txt
1791023639,2026-10-03T19:33:59+09:00,31335.0,Varmail,1,1,11160705122304,2724781524,2931090752,2.0757158789366486,active_cumulative,/home/oy/iCAT/result/mixO-fixed37-chunked-20261003/mixO-fixed37-rep1-x20/control-series.txt
1791023669,2026-10-03T19:34:29+09:00,31365.0,Varmail,1,1,11179492364288,2729368253,2937076187,2.0761011027997767,active_cumulative,/home/oy/iCAT/result/mixO-fixed37-chunked-20261003/mixO-fixed37-rep1-x20/control-series.txt
1791023699,2026-10-03T19:34:59+09:00,31395.0,Varmail,1,1,11198235467776,2733944206,2943045435,2.0764833563688314,active_cumulative,/home/oy/iCAT/result/mixO-fixed37-chunked-20261003/mixO-fixed37-rep1-x20/control-series.txt
1791023729,2026-10-03T19:35:29+09:00,31425.0,Varmail,1,1,11217012961280,2738528555,2949026953,2.0768655114498156,active_cumulative,/home/oy/iCAT/result/mixO-fixed37-chunked-20261003/mixO-fixed37-rep1-x20/control-series.txt
1791023759,2026-10-03T19:35:59+09:00,31455.0,Varmail,1,1,11235791650816,2743113196,2955000401,2.077243332615283,active_cumulative,/home/oy/iCAT/result/mixO-fixed37-chunked-20261003/mixO-fixed37-rep1-x20/control-series.txt
1791023789,2026-10-03T19:36:29+09:00,31485.0,Varmail,1,1,11254534922240,2747689190,2960953724,2.0776159599041115,active_cumulative,/home/oy/iCAT/result/mixO-fixed37-chunked-20261003/mixO-fixed37-rep1-x20/control-series.txt
1791023819,2026-10-03T19:36:59+09:00,31515.0,Varmail,1,1,11273292169216,2752268596,2966914490,2.077988716040271,active_cumulative,/home/oy/iCAT/result/mixO-fixed37-chunked-20261003/mixO-fixed37-rep1-x20/control-series.txt
1791023849,2026-10-03T19:37:29+09:00,31545.0,Varmail,1,1,11292086501376,2756857056,2972887229,2.078361035270158,active_cumulative,/home/oy/iCAT/result/mixO-fixed37-chunked-20261003/mixO-fixed37-rep1-x20/control-series.txt
1791023879,2026-10-03T19:37:59+09:00,31575.0,Varmail,1,1,11310865936384,2761441879,2978851323,2.078730407347458,active_cumulative,/home/oy/iCAT/result/mixO-fixed37-chunked-20261003/mixO-fixed37-rep1-x20/control-series.txt
1791023909,2026-10-03T19:38:29+09:00,31605.0,Varmail,1,1,11329633730560,2766023860,2984806165,2.079096318785912,active_cumulative,/home/oy/iCAT/result/mixO-fixed37-chunked-20261003/mixO-fixed37-rep1-x20/control-series.txt
1791023939,2026-10-03T19:38:59+09:00,31635.0,Varmail,1,1,11348400435200,2770605575,2990777380,2.079467033123255,active_cumulative,/home/oy/iCAT/result/mixO-fixed37-chunked-20261003/mixO-fixed37-rep1-x20/control-series.txt
1791023969,2026-10-03T19:39:29+09:00,31665.0,Varmail,1,1,11367166877696,2775187226,2996735481,2.0798318228494184,active_cumulative,/home/oy/iCAT/result/mixO-fixed37-chunked-20261003/mixO-fixed37-rep1-x20/control-series.txt
1791023999,2026-10-03T19:39:59+09:00,31695.0,Varmail,1,1,11385978609664,2779779934,3002685883,2.080188343787073,active_cumulative,/home/oy/iCAT/result/mixO-fixed37-chunked-20261003/mixO-fixed37-rep1-x20/control-series.txt
1791024029,2026-10-03T19:40:29+09:00,31725.0,Varmail,1,1,11404757635072,2784364657,3008651452,2.080552234577513,active_cumulative,/home/oy/iCAT/result/mixO-fixed37-chunked-20261003/mixO-fixed37-rep1-x20/control-series.txt
1791024059,2026-10-03T19:40:59+09:00,31755.0,Varmail,1,1,11423533662208,2788948648,3014597347,2.080908158406508,active_cumulative,/home/oy/iCAT/result/mixO-fixed37-chunked-20261003/mixO-fixed37-rep1-x20/control-series.txt
1791024089,2026-10-03T19:41:29+09:00,31785.0,Varmail,1,1,11442307272704,2793532049,3020551819,2.0812662128151587,active_cumulative,/home/oy/iCAT/result/mixO-fixed37-chunked-20261003/mixO-fixed37-rep1-x20/control-series.txt
1791024119,2026-10-03T19:41:59+09:00,31815.0,Varmail,1,1,11461074255872,2798113832,3026494033,2.08161933885183,active_cumulative,/home/oy/iCAT/result/mixO-fixed37-chunked-20261003/mixO-fixed37-rep1-x20/control-series.txt
1791024149,2026-10-03T19:42:29+09:00,31845.0,Varmail,1,1,11479819804672,2802690382,3032447990,2.081977520412385,active_cumulative,/home/oy/iCAT/result/mixO-fixed37-chunked-20261003/mixO-fixed37-rep1-x20/control-series.txt
1791024179,2026-10-03T19:42:59+09:00,31875.0,Varmail,1,1,11498537336832,2807260092,3038386373,2.0823316235138503,active_cumulative,/home/oy/iCAT/result/mixO-fixed37-chunked-20261003/mixO-fixed37-rep1-x20/control-series.txt
1791024209,2026-10-03T19:43:29+09:00,31905.0,Varmail,1,1,11517337518080,2811849980,3044350872,2.0826860940852896,active_cumulative,/home/oy/iCAT/result/mixO-fixed37-chunked-20261003/mixO-fixed37-rep1-x20/control-series.txt
1791024239,2026-10-03T19:43:59+09:00,31935.0,Varmail,1,1,11536139513856,2816440311,3050328591,2.0830439328277315,active_cumulative,/home/oy/iCAT/result/mixO-fixed37-chunked-20261003/mixO-fixed37-rep1-x20/control-series.txt
1791024269,2026-10-03T19:44:29+09:00,31965.0,Varmail,1,1,11554896285696,2821019601,3056274610,2.0833936102098,active_cumulative,/home/oy/iCAT/result/mixO-fixed37-chunked-20261003/mixO-fixed37-rep1-x20/control-series.txt
1791024299,2026-10-03T19:44:59+09:00,31995.0,Varmail,1,1,11573696995328,2825609618,3062221736,2.083738431697255,active_cumulative,/home/oy/iCAT/result/mixO-fixed37-chunked-20261003/mixO-fixed37-rep1-x20/control-series.txt
1791024329,2026-10-03T19:45:29+09:00,32025.0,Varmail,1,1,11592467447808,2830192248,3068157523,2.0840809578106088,active_cumulative,/home/oy/iCAT/result/mixO-fixed37-chunked-20261003/mixO-fixed37-rep1-x20/control-series.txt
1791024359,2026-10-03T19:45:59+09:00,32055.0,Varmail,1,1,11611243352064,2834776209,3074108239,2.0844271336975932,active_cumulative,/home/oy/iCAT/result/mixO-fixed37-chunked-20261003/mixO-fixed37-rep1-x20/control-series.txt
1791024389,2026-10-03T19:46:29+09:00,32085.0,Varmail,1,1,11630052610048,2839368313,3080041594,2.0847629664309775,active_cumulative,/home/oy/iCAT/result/mixO-fixed37-chunked-20261003/mixO-fixed37-rep1-x20/control-series.txt
1791024419,2026-10-03T19:46:59+09:00,32115.0,Varmail,1,1,11648822808576,2843950881,3085993286,2.085107800777098,active_cumulative,/home/oy/iCAT/result/mixO-fixed37-chunked-20261003/mixO-fixed37-rep1-x20/control-series.txt
1791024449,2026-10-03T19:47:29+09:00,32145.0,Varmail,1,1,11667580059648,2848530288,3091939958,2.085450967829063,active_cumulative,/home/oy/iCAT/result/mixO-fixed37-chunked-20261003/mixO-fixed37-rep1-x20/control-series.txt
1791024479,2026-10-03T19:47:59+09:00,32175.0,Varmail,1,1,11686366760960,2853116885,3097882656,2.0857889041584077,active_cumulative,/home/oy/iCAT/result/mixO-fixed37-chunked-20261003/mixO-fixed37-rep1-x20/control-series.txt
1791024509,2026-10-03T19:48:29+09:00,32205.0,Varmail,1,1,11705164832768,2857706258,3103842275,2.0861306218268427,active_cumulative,/home/oy/iCAT/result/mixO-fixed37-chunked-20261003/mixO-fixed37-rep1-x20/control-series.txt
1791024539,2026-10-03T19:48:59+09:00,32235.0,Varmail,1,1,11723982303232,2862300367,3109789120,2.086464983148989,active_cumulative,/home/oy/iCAT/result/mixO-fixed37-chunked-20261003/mixO-fixed37-rep1-x20/control-series.txt
1791024569,2026-10-03T19:49:29+09:00,32265.0,Varmail,1,1,11742751092736,2866882591,3115744564,2.086805777739644,active_cumulative,/home/oy/iCAT/result/mixO-fixed37-chunked-20261003/mixO-fixed37-rep1-x20/control-series.txt
1791024599,2026-10-03T19:49:59+09:00,32295.0,Varmail,1,1,11761550860288,2871472378,3121672343,2.087132986866573,active_cumulative,/home/oy/iCAT/result/mixO-fixed37-chunked-20261003/mixO-fixed37-rep1-x20/control-series.txt
1791024629,2026-10-03T19:50:29+09:00,32325.0,Varmail,1,1,11780338900992,2876059302,3127629043,2.0874702899293696,active_cumulative,/home/oy/iCAT/result/mixO-fixed37-chunked-20261003/mixO-fixed37-rep1-x20/control-series.txt
1791024659,2026-10-03T19:50:59+09:00,32355.0,Varmail,1,1,11799131725824,2880647394,3133573035,2.087801666225033,active_cumulative,/home/oy/iCAT/result/mixO-fixed37-chunked-20261003/mixO-fixed37-rep1-x20/control-series.txt
1791024689,2026-10-03T19:51:29+09:00,32385.0,Varmail,1,1,11817944920064,2885240459,3139524450,2.0881326858587492,active_cumulative,/home/oy/iCAT/result/mixO-fixed37-chunked-20261003/mixO-fixed37-rep1-x20/control-series.txt
1791024719,2026-10-03T19:51:59+09:00,32415.0,Varmail,1,1,11836710416384,2889821879,3145459494,2.0884613743351066,active_cumulative,/home/oy/iCAT/result/mixO-fixed37-chunked-20261003/mixO-fixed37-rep1-x20/control-series.txt
1791024749,2026-10-03T19:52:29+09:00,32445.0,Varmail,1,1,11855495237632,2894408017,3151403230,2.08879025054193,active_cumulative,/home/oy/iCAT/result/mixO-fixed37-chunked-20261003/mixO-fixed37-rep1-x20/control-series.txt
1791024779,2026-10-03T19:52:59+09:00,32475.0,Varmail,1,1,11874291277824,2898996894,3157362088,2.0891222734783654,active_cumulative,/home/oy/iCAT/result/mixO-fixed37-chunked-20261003/mixO-fixed37-rep1-x20/control-series.txt
1791024809,2026-10-03T19:53:29+09:00,32505.0,Varmail,1,1,11893054951424,2903577869,3163308113,2.0894517921399682,active_cumulative,/home/oy/iCAT/result/mixO-fixed37-chunked-20261003/mixO-fixed37-rep1-x20/control-series.txt
1791024839,2026-10-03T19:53:59+09:00,32535.0,Varmail,1,1,11911856373760,2908168060,3169258119,2.0897781880597366,active_cumulative,/home/oy/iCAT/result/mixO-fixed37-chunked-20261003/mixO-fixed37-rep1-x20/control-series.txt
1791024869,2026-10-03T19:54:29+09:00,32565.0,Varmail,1,1,11930633306112,2912752272,3175221315,2.090110321266621,active_cumulative,/home/oy/iCAT/result/mixO-fixed37-chunked-20261003/mixO-fixed37-rep1-x20/control-series.txt
1791024899,2026-10-03T19:54:59+09:00,32595.0,Varmail,1,1,11949407191040,2917335740,3181156635,2.0904321334643505,active_cumulative,/home/oy/iCAT/result/mixO-fixed37-chunked-20261003/mixO-fixed37-rep1-x20/control-series.txt
1791024929,2026-10-03T19:55:29+09:00,32625.0,Varmail,1,1,11968189243392,2921921202,3187112909,2.0907593629898304,active_cumulative,/home/oy/iCAT/result/mixO-fixed37-chunked-20261003/mixO-fixed37-rep1-x20/control-series.txt
1791024959,2026-10-03T19:55:59+09:00,32655.0,Varmail,1,1,11986968494080,2926505980,3193073573,2.0910873221588293,active_cumulative,/home/oy/iCAT/result/mixO-fixed37-chunked-20261003/mixO-fixed37-rep1-x20/control-series.txt
1791024989,2026-10-03T19:56:29+09:00,32685.0,Varmail,1,1,12005755056128,2931092543,3199011119,2.091405703528481,active_cumulative,/home/oy/iCAT/result/mixO-fixed37-chunked-20261003/mixO-fixed37-rep1-x20/control-series.txt
1791025019,2026-10-03T19:56:59+09:00,32715.0,Varmail,1,1,12024543866880,2935679655,3204957672,2.091725954002294,active_cumulative,/home/oy/iCAT/result/mixO-fixed37-chunked-20261003/mixO-fixed37-rep1-x20/control-series.txt
1791025049,2026-10-03T19:57:29+09:00,32745.0,Varmail,1,1,12043324735488,2940264828,3210912187,2.0920486333144686,active_cumulative,/home/oy/iCAT/result/mixO-fixed37-chunked-20261003/mixO-fixed37-rep1-x20/control-series.txt
1791025079,2026-10-03T19:57:59+09:00,32775.0,Varmail,1,1,12062129213440,2944855765,3216854820,2.0923641348526285,active_cumulative,/home/oy/iCAT/result/mixO-fixed37-chunked-20261003/mixO-fixed37-rep1-x20/control-series.txt
1791025109,2026-10-03T19:58:29+09:00,32805.0,Varmail,1,1,12080906125312,2949439972,3222782664,2.0926761332981623,active_cumulative,/home/oy/iCAT/result/mixO-fixed37-chunked-20261003/mixO-fixed37-rep1-x20/control-series.txt
1791025139,2026-10-03T19:58:59+09:00,32835.0,Varmail,1,1,12099690188800,2954025925,3228731677,2.092993683526999,active_cumulative,/home/oy/iCAT/result/mixO-fixed37-chunked-20261003/mixO-fixed37-rep1-x20/control-series.txt
1791025170,2026-10-03T19:59:30+09:00,32866.0,Varmail,1,1,12118478491648,2958612913,3234678630,2.093309170586994,active_cumulative,/home/oy/iCAT/result/mixO-fixed37-chunked-20261003/mixO-fixed37-rep1-x20/control-series.txt
1791025200,2026-10-03T20:00:00+09:00,32896.0,Varmail,1,1,12137274417152,2963201762,3240633448,2.093625648296304,active_cumulative,/home/oy/iCAT/result/mixO-fixed37-chunked-20261003/mixO-fixed37-rep1-x20/control-series.txt
1791025230,2026-10-03T20:00:30+09:00,32926.0,Varmail,1,1,12156080697344,2967793139,3246581081,2.093937794496667,active_cumulative,/home/oy/iCAT/result/mixO-fixed37-chunked-20261003/mixO-fixed37-rep1-x20/control-series.txt
1791025260,2026-10-03T20:01:00+09:00,32956.0,Varmail,1,1,12174832119808,2972371123,3252512115,2.0942483224360133,active_cumulative,/home/oy/iCAT/result/mixO-fixed37-chunked-20261003/mixO-fixed37-rep1-x20/control-series.txt
1791025290,2026-10-03T20:01:30+09:00,32986.0,Varmail,1,1,12193621417984,2976958354,3258451737,2.094557380227295,active_cumulative,/home/oy/iCAT/result/mixO-fixed37-chunked-20261003/mixO-fixed37-rep1-x20/control-series.txt
1791025320,2026-10-03T20:02:00+09:00,33016.0,Varmail,1,1,12212419084288,2981547628,3264388193,2.0948636749397584,active_cumulative,/home/oy/iCAT/result/mixO-fixed37-chunked-20261003/mixO-fixed37-rep1-x20/control-series.txt
1791025350,2026-10-03T20:02:30+09:00,33046.0,Varmail,1,1,12231143366656,2986118986,3270325345,2.0951758320189056,active_cumulative,/home/oy/iCAT/result/mixO-fixed37-chunked-20261003/mixO-fixed37-rep1-x20/control-series.txt
1791025380,2026-10-03T20:03:00+09:00,33076.0,Varmail,1,1,12249922428928,2990703718,3276271482,2.0954851402635666,active_cumulative,/home/oy/iCAT/result/mixO-fixed37-chunked-20261003/mixO-fixed37-rep1-x20/control-series.txt
1791025410,2026-10-03T20:03:30+09:00,33106.0,Varmail,1,1,12268708474880,2995290155,3282211872,2.095790959190062,active_cumulative,/home/oy/iCAT/result/mixO-fixed37-chunked-20261003/mixO-fixed37-rep1-x20/control-series.txt
1791025440,2026-10-03T20:04:00+09:00,33136.0,Varmail,1,1,12287509823488,2999880328,3288171530,2.0961009008623357,active_cumulative,/home/oy/iCAT/result/mixO-fixed37-chunked-20261003/mixO-fixed37-rep1-x20/control-series.txt
1791025470,2026-10-03T20:04:30+09:00,33166.0,Varmail,1,1,12306309353472,3004470057,3294117750,2.096405584846872,active_cumulative,/home/oy/iCAT/result/mixO-fixed37-chunked-20261003/mixO-fixed37-rep1-x20/control-series.txt
1791025500,2026-10-03T20:05:00+09:00,33196.0,Varmail,1,1,12325084528640,3009053840,3300033984,2.0967015412392884,active_cumulative,/home/oy/iCAT/result/mixO-fixed37-chunked-20261003/mixO-fixed37-rep1-x20/control-series.txt
1791025530,2026-10-03T20:05:30+09:00,33226.0,Varmail,1,1,12343851220992,3013635552,3305957998,2.0969999327908115,active_cumulative,/home/oy/iCAT/result/mixO-fixed37-chunked-20261003/mixO-fixed37-rep1-x20/control-series.txt
1791025560,2026-10-03T20:06:00+09:00,33256.0,Varmail,1,1,12362643030016,3018223396,3311919108,2.0973074797542255,active_cumulative,/home/oy/iCAT/result/mixO-fixed37-chunked-20261003/mixO-fixed37-rep1-x20/control-series.txt
1791025590,2026-10-03T20:06:30+09:00,33286.0,Varmail,1,1,12381437562880,3022811905,3317849758,2.097603774985794,active_cumulative,/home/oy/iCAT/result/mixO-fixed37-chunked-20261003/mixO-fixed37-rep1-x20/control-series.txt
1791025620,2026-10-03T20:07:00+09:00,33316.0,Varmail,1,1,12400231763968,3027400333,3323795040,2.097904034616488,active_cumulative,/home/oy/iCAT/result/mixO-fixed37-chunked-20261003/mixO-fixed37-rep1-x20/control-series.txt
1791025650,2026-10-03T20:07:30+09:00,33346.0,Varmail,1,1,12418975592448,3031976463,3329722870,2.0982020838992246,active_cumulative,/home/oy/iCAT/result/mixO-fixed37-chunked-20261003/mixO-fixed37-rep1-x20/control-series.txt
1791025680,2026-10-03T20:08:00+09:00,33376.0,Varmail,1,1,12437777342464,3036566734,3335664319,2.098498604246384,active_cumulative,/home/oy/iCAT/result/mixO-fixed37-chunked-20261003/mixO-fixed37-rep1-x20/control-series.txt
1791025710,2026-10-03T20:08:30+09:00,33406.0,Varmail,1,1,12456567619584,3041154204,3341589753,2.0987899753997477,active_cumulative,/home/oy/iCAT/result/mixO-fixed37-chunked-20261003/mixO-fixed37-rep1-x20/control-series.txt
1791025740,2026-10-03T20:09:00+09:00,33436.0,Varmail,1,1,12475334582272,3045735982,3347518113,2.099083483526971,active_cumulative,/home/oy/iCAT/result/mixO-fixed37-chunked-20261003/mixO-fixed37-rep1-x20/control-series.txt
1791025770,2026-10-03T20:09:30+09:00,33466.0,Varmail,1,1,12494124072960,3050323260,3353457786,2.099377836432982,active_cumulative,/home/oy/iCAT/result/mixO-fixed37-chunked-20261003/mixO-fixed37-rep1-x20/control-series.txt
1791025800,2026-10-03T20:10:00+09:00,33496.0,Varmail,1,1,12512895840256,3054906211,3359387184,2.099669499477148,active_cumulative,/home/oy/iCAT/result/mixO-fixed37-chunked-20261003/mixO-fixed37-rep1-x20/control-series.txt
1791025830,2026-10-03T20:10:30+09:00,33526.0,Varmail,1,1,12531657031680,3059486580,3365309543,2.0999589163094154,active_cumulative,/home/oy/iCAT/result/mixO-fixed37-chunked-20261003/mixO-fixed37-rep1-x20/control-series.txt
1791025860,2026-10-03T20:11:00+09:00,33556.0,Varmail,1,1,12550444687360,3064073410,3371234419,2.100245969302674,active_cumulative,/home/oy/iCAT/result/mixO-fixed37-chunked-20261003/mixO-fixed37-rep1-x20/control-series.txt
1791025890,2026-10-03T20:11:30+09:00,33586.0,Varmail,1,1,12569186119680,3068648955,3377153179,2.100534218323451,active_cumulative,/home/oy/iCAT/result/mixO-fixed37-chunked-20261003/mixO-fixed37-rep1-x20/control-series.txt
1791025920,2026-10-03T20:12:00+09:00,33616.0,Varmail,1,1,12587976744960,3073236510,3383091702,2.1008237377734393,active_cumulative,/home/oy/iCAT/result/mixO-fixed37-chunked-20261003/mixO-fixed37-rep1-x20/control-series.txt
1791025950,2026-10-03T20:12:30+09:00,33646.0,Varmail,1,1,12606762745856,3077822936,3389030555,2.1011129052811763,active_cumulative,/home/oy/iCAT/result/mixO-fixed37-chunked-20261003/mixO-fixed37-rep1-x20/control-series.txt
1791025980,2026-10-03T20:13:00+09:00,33676.0,Varmail,1,1,12625555288064,3082410959,3394978353,2.1014035435759686,active_cumulative,/home/oy/iCAT/result/mixO-fixed37-chunked-20261003/mixO-fixed37-rep1-x20/control-series.txt
1791026010,2026-10-03T20:13:30+09:00,33706.0,Varmail,1,1,12644333408256,3086995461,3400889512,2.101682705713573,active_cumulative,/home/oy/iCAT/result/mixO-fixed37-chunked-20261003/mixO-fixed37-rep1-x20/control-series.txt
1791026040,2026-10-03T20:14:00+09:00,33736.0,Varmail,1,1,12663069888512,3091569797,3406817296,2.101970041014733,active_cumulative,/home/oy/iCAT/result/mixO-fixed37-chunked-20261003/mixO-fixed37-rep1-x20/control-series.txt
1791026070,2026-10-03T20:14:30+09:00,33766.0,Varmail,1,1,12681846853632,3096154017,3412740542,2.102251542804952,active_cumulative,/home/oy/iCAT/result/mixO-fixed37-chunked-20261003/mixO-fixed37-rep1-x20/control-series.txt
1791026100,2026-10-03T20:15:00+09:00,33796.0,Varmail,1,1,12700600926208,3100732648,3418655682,2.1025315853029323,active_cumulative,/home/oy/iCAT/result/mixO-fixed37-chunked-20261003/mixO-fixed37-rep1-x20/control-series.txt
1791026130,2026-10-03T20:15:30+09:00,33826.0,Varmail,1,1,12719315636224,3105301669,3424579112,2.1028168844873667,active_cumulative,/home/oy/iCAT/result/mixO-fixed37-chunked-20261003/mixO-fixed37-rep1-x20/control-series.txt
1791026160,2026-10-03T20:16:00+09:00,33856.0,Varmail,1,1,12737982824448,3109859088,3430475466,2.103096754202517,active_cumulative,/home/oy/iCAT/result/mixO-fixed37-chunked-20261003/mixO-fixed37-rep1-x20/control-series.txt
1791026190,2026-10-03T20:16:30+09:00,33886.0,Varmail,1,1,12756701323264,3114429034,3436387126,2.1033762813296457,active_cumulative,/home/oy/iCAT/result/mixO-fixed37-chunked-20261003/mixO-fixed37-rep1-x20/control-series.txt
1791026220,2026-10-03T20:17:00+09:00,33916.0,Varmail,1,1,12775476109312,3119012722,3442306530,2.1036526095965056,active_cumulative,/home/oy/iCAT/result/mixO-fixed37-chunked-20261003/mixO-fixed37-rep1-x20/control-series.txt
1791026250,2026-10-03T20:17:30+09:00,33946.0,Varmail,1,1,12794257334272,3123597982,3448236343,2.1039309036792684,active_cumulative,/home/oy/iCAT/result/mixO-fixed37-chunked-20261003/mixO-fixed37-rep1-x20/control-series.txt
1791026280,2026-10-03T20:18:00+09:00,33976.0,Varmail,1,1,12813037355008,3128182948,3454149526,2.104203169513601,active_cumulative,/home/oy/iCAT/result/mixO-fixed37-chunked-20261003/mixO-fixed37-rep1-x20/control-series.txt
1791026310,2026-10-03T20:18:30+09:00,34006.0,Varmail,1,1,12831852146688,3132776403,3460068341,2.1044734433286014,active_cumulative,/home/oy/iCAT/result/mixO-fixed37-chunked-20261003/mixO-fixed37-rep1-x20/control-series.txt
1791026340,2026-10-03T20:19:00+09:00,34036.0,Varmail,1,1,12850601918464,3137353984,3466006423,2.1047546565277857,active_cumulative,/home/oy/iCAT/result/mixO-fixed37-chunked-20261003/mixO-fixed37-rep1-x20/control-series.txt
1791026370,2026-10-03T20:19:30+09:00,34066.0,Varmail,1,1,12869283700736,3141914966,3471889951,2.1050235250065006,active_cumulative,/home/oy/iCAT/result/mixO-fixed37-chunked-20261003/mixO-fixed37-rep1-x20/control-series.txt
1791026400,2026-10-03T20:20:00+09:00,34096.0,Varmail,1,1,12888065089536,3146500266,3477815904,2.105296554899449,active_cumulative,/home/oy/iCAT/result/mixO-fixed37-chunked-20261003/mixO-fixed37-rep1-x20/control-series.txt
1791026430,2026-10-03T20:20:30+09:00,34126.0,Varmail,1,1,12906689224704,3151047174,3483692194,2.1055664995258496,active_cumulative,/home/oy/iCAT/result/mixO-fixed37-chunked-20261003/mixO-fixed37-rep1-x20/control-series.txt
1791026460,2026-10-03T20:21:00+09:00,34156.0,Varmail,1,1,12925314007040,3155594240,3489567271,2.1058352264580122,active_cumulative,/home/oy/iCAT/result/mixO-fixed37-chunked-20261003/mixO-fixed37-rep1-x20/control-series.txt
1791026490,2026-10-03T20:21:30+09:00,34186.0,Varmail,1,1,12943974461440,3160150015,3495471357,2.106109311396092,active_cumulative,/home/oy/iCAT/result/mixO-fixed37-chunked-20261003/mixO-fixed37-rep1-x20/control-series.txt
1791026520,2026-10-03T20:22:00+09:00,34216.0,Varmail,1,1,12962731745280,3164729430,3501394701,2.106380427915444,active_cumulative,/home/oy/iCAT/result/mixO-fixed37-chunked-20261003/mixO-fixed37-rep1-x20/control-series.txt
1791026550,2026-10-03T20:22:30+09:00,34246.0,Varmail,1,1,12981508583424,3169313619,3507309259,2.106646321769395,active_cumulative,/home/oy/iCAT/result/mixO-fixed37-chunked-20261003/mixO-fixed37-rep1-x20/control-series.txt
1791026580,2026-10-03T20:23:00+09:00,34276.0,Varmail,1,1,13000260804608,3173891798,3513215008,2.1069107681030026,active_cumulative,/home/oy/iCAT/result/mixO-fixed37-chunked-20261003/mixO-fixed37-rep1-x20/control-series.txt
1791026610,2026-10-03T20:23:30+09:00,34306.0,Varmail,1,1,13019058827264,3178481159,3519131151,2.1071738276740875,active_cumulative,/home/oy/iCAT/result/mixO-fixed37-chunked-20261003/mixO-fixed37-rep1-x20/control-series.txt
1791026640,2026-10-03T20:24:00+09:00,34336.0,Varmail,1,1,13037815922688,3183060528,3525057970,2.1074429590614434,active_cumulative,/home/oy/iCAT/result/mixO-fixed37-chunked-20261003/mixO-fixed37-rep1-x20/control-series.txt
1791026670,2026-10-03T20:24:30+09:00,34366.0,Varmail,1,1,13056547885056,3187633761,3530970642,2.107709011367821,active_cumulative,/home/oy/iCAT/result/mixO-fixed37-chunked-20261003/mixO-fixed37-rep1-x20/control-series.txt
1791026700,2026-10-03T20:25:00+09:00,34396.0,Varmail,1,1,13075153780736,3192176216,3536841612,2.107971920307046,active_cumulative,/home/oy/iCAT/result/mixO-fixed37-chunked-20261003/mixO-fixed37-rep1-x20/control-series.txt
1791026730,2026-10-03T20:25:30+09:00,34426.0,Varmail,1,1,13093890666496,3196750651,3542741836,2.1082321465678806,active_cumulative,/home/oy/iCAT/result/mixO-fixed37-chunked-20261003/mixO-fixed37-rep1-x20/control-series.txt
1791026760,2026-10-03T20:26:00+09:00,34456.0,Varmail,1,1,13112563564544,3201309464,3548630588,2.108493454914548,active_cumulative,/home/oy/iCAT/result/mixO-fixed37-chunked-20261003/mixO-fixed37-rep1-x20/control-series.txt
1791026790,2026-10-03T20:26:30+09:00,34486.0,Varmail,1,1,13131206922240,3205861065,3554504087,2.108751756526916,active_cumulative,/home/oy/iCAT/result/mixO-fixed37-chunked-20261003/mixO-fixed37-rep1-x20/control-series.txt
1791026820,2026-10-03T20:27:00+09:00,34516.0,Varmail,1,1,13149911961600,3210427725,3560407368,2.109013400387327,active_cumulative,/home/oy/iCAT/result/mixO-fixed37-chunked-20261003/mixO-fixed37-rep1-x20/control-series.txt
1791026850,2026-10-03T20:27:30+09:00,34546.0,Varmail,1,1,13168602005504,3214990724,3566298788,2.1092718748385417,active_cumulative,/home/oy/iCAT/result/mixO-fixed37-chunked-20261003/mixO-fixed37-rep1-x20/control-series.txt
1791026880,2026-10-03T20:28:00+09:00,34576.0,Varmail,1,1,13187319001088,3219560303,3572203048,2.109531337142965,active_cumulative,/home/oy/iCAT/result/mixO-fixed37-chunked-20261003/mixO-fixed37-rep1-x20/control-series.txt
1791026910,2026-10-03T20:28:30+09:00,34606.0,Varmail,1,1,13206043320320,3224131670,3578099900,2.109787150845486,active_cumulative,/home/oy/iCAT/result/mixO-fixed37-chunked-20261003/mixO-fixed37-rep1-x20/control-series.txt
1791026940,2026-10-03T20:29:00+09:00,34636.0,Varmail,1,1,13224749023232,3228698492,3583997792,2.1100441248634247,active_cumulative,/home/oy/iCAT/result/mixO-fixed37-chunked-20261003/mixO-fixed37-rep1-x20/control-series.txt
1791026970,2026-10-03T20:29:30+09:00,34666.0,Varmail,1,1,13243493797888,3233274853,3589910975,2.1103018265425515,active_cumulative,/home/oy/iCAT/result/mixO-fixed37-chunked-20261003/mixO-fixed37-rep1-x20/control-series.txt
1791027000,2026-10-03T20:30:00+09:00,34696.0,Varmail,1,1,13262239690752,3237851487,3595819531,2.1105572770824246,active_cumulative,/home/oy/iCAT/result/mixO-fixed37-chunked-20261003/mixO-fixed37-rep1-x20/control-series.txt
1791027030,2026-10-03T20:30:30+09:00,34726.0,Varmail,1,1,13280947511296,3242418826,3601704624,2.11080795457977,active_cumulative,/home/oy/iCAT/result/mixO-fixed37-chunked-20261003/mixO-fixed37-rep1-x20/control-series.txt
1791027060,2026-10-03T20:31:00+09:00,34756.0,Varmail,1,1,13299704049664,3246998059,3607618504,2.111062722689481,active_cumulative,/home/oy/iCAT/result/mixO-fixed37-chunked-20261003/mixO-fixed37-rep1-x20/control-series.txt
1791027090,2026-10-03T20:31:30+09:00,34786.0,Varmail,1,1,13318454403072,3251575782,3613530005,2.1113165576529687,active_cumulative,/home/oy/iCAT/result/mixO-fixed37-chunked-20261003/mixO-fixed37-rep1-x20/control-series.txt
1791027120,2026-10-03T20:32:00+09:00,34816.0,Varmail,1,1,13337215750144,3256156189,3619425728,2.111563917058771,active_cumulative,/home/oy/iCAT/result/mixO-fixed37-chunked-20261003/mixO-fixed37-rep1-x20/control-series.txt
1791027150,2026-10-03T20:32:30+09:00,34846.0,Varmail,1,1,13355983396864,3260738134,3625337090,2.111814853268435,active_cumulative,/home/oy/iCAT/result/mixO-fixed37-chunked-20261003/mixO-fixed37-rep1-x20/control-series.txt
1791027180,2026-10-03T20:33:00+09:00,34876.0,Varmail,1,1,13374725251072,3265313782,3631243373,2.112065674367095,active_cumulative,/home/oy/iCAT/result/mixO-fixed37-chunked-20261003/mixO-fixed37-rep1-x20/control-series.txt
1791027210,2026-10-03T20:33:30+09:00,34906.0,Varmail,1,1,13393482817536,3269893266,3637148145,2.1123140265215006,active_cumulative,/home/oy/iCAT/result/mixO-fixed37-chunked-20261003/mixO-fixed37-rep1-x20/control-series.txt
1791027240,2026-10-03T20:34:00+09:00,34936.0,Varmail,1,1,13412205920256,3274464336,3643026370,2.1125564355512956,active_cumulative,/home/oy/iCAT/result/mixO-fixed37-chunked-20261003/mixO-fixed37-rep1-x20/control-series.txt
1791027270,2026-10-03T20:34:30+09:00,34966.0,Varmail,1,1,13430916407296,3279032326,3648922888,2.1128047927637295,active_cumulative,/home/oy/iCAT/result/mixO-fixed37-chunked-20261003/mixO-fixed37-rep1-x20/control-series.txt
1791027300,2026-10-03T20:35:00+09:00,34996.0,Varmail,1,1,13449600630784,3283593904,3654806506,2.1130507038485478,active_cumulative,/home/oy/iCAT/result/mixO-fixed37-chunked-20261003/mixO-fixed37-rep1-x20/control-series.txt
1791027330,2026-10-03T20:35:30+09:00,35026.0,Varmail,1,1,13468374347776,3288177331,3660705564,2.1132932307171846,active_cumulative,/home/oy/iCAT/result/mixO-fixed37-chunked-20261003/mixO-fixed37-rep1-x20/control-series.txt
1791027360,2026-10-03T20:36:00+09:00,35056.0,Varmail,1,1,13487011454976,3292727406,3666568942,2.113535525388098,active_cumulative,/home/oy/iCAT/result/mixO-fixed37-chunked-20261003/mixO-fixed37-rep1-x20/control-series.txt
1791027390,2026-10-03T20:36:30+09:00,35086.0,Varmail,1,1,13505736187904,3297298874,3672457714,2.1137776265773836,active_cumulative,/home/oy/iCAT/result/mixO-fixed37-chunked-20261003/mixO-fixed37-rep1-x20/control-series.txt
1791027420,2026-10-03T20:37:00+09:00,35116.0,Varmail,1,1,13524445626368,3301866608,3678331441,2.1140157606875682,active_cumulative,/home/oy/iCAT/result/mixO-fixed37-chunked-20261003/mixO-fixed37-rep1-x20/control-series.txt
1791027450,2026-10-03T20:37:30+09:00,35146.0,Varmail,1,1,13543175766016,3306439396,3684237493,2.1142613100536622,active_cumulative,/home/oy/iCAT/result/mixO-fixed37-chunked-20261003/mixO-fixed37-rep1-x20/control-series.txt
1791027480,2026-10-03T20:38:00+09:00,35176.0,Varmail,1,1,13561919864832,3311015592,3690128881,2.1145006051665853,active_cumulative,/home/oy/iCAT/result/mixO-fixed37-chunked-20261003/mixO-fixed37-rep1-x20/control-series.txt
1791027510,2026-10-03T20:38:30+09:00,35206.0,Varmail,1,1,13580684386304,3315596774,3696009150,2.1147342098360964,active_cumulative,/home/oy/iCAT/result/mixO-fixed37-chunked-20261003/mixO-fixed37-rep1-x20/control-series.txt
1791027540,2026-10-03T20:39:00+09:00,35236.0,Varmail,1,1,13599386247168,3320162658,3701891597,2.1149729631710112,active_cumulative,/home/oy/iCAT/result/mixO-fixed37-chunked-20261003/mixO-fixed37-rep1-x20/control-series.txt
1791027570,2026-10-03T20:39:30+09:00,35266.0,Varmail,1,1,13618143481856,3324742061,3707805447,2.1152159713360694,active_cumulative,/home/oy/iCAT/result/mixO-fixed37-chunked-20261003/mixO-fixed37-rep1-x20/control-series.txt
1791027600,2026-10-03T20:40:00+09:00,35296.0,Varmail,1,1,13636860882944,3329311739,3713688268,2.115452249333507,active_cumulative,/home/oy/iCAT/result/mixO-fixed37-chunked-20261003/mixO-fixed37-rep1-x20/control-series.txt
1791027630,2026-10-03T20:40:30+09:00,35326.0,Varmail,1,1,13655567609856,3333878811,3719572606,2.1156892067364352,active_cumulative,/home/oy/iCAT/result/mixO-fixed37-chunked-20261003/mixO-fixed37-rep1-x20/control-series.txt
1791027660,2026-10-03T20:41:00+09:00,35356.0,Varmail,1,1,13674347659264,3338463784,3725464178,2.115921699032575,active_cumulative,/home/oy/iCAT/result/mixO-fixed37-chunked-20261003/mixO-fixed37-rep1-x20/control-series.txt
1791027690,2026-10-03T20:41:30+09:00,35386.0,Varmail,1,1,13693112479744,3343045039,3731353437,2.1161541030617266,active_cumulative,/home/oy/iCAT/result/mixO-fixed37-chunked-20261003/mixO-fixed37-rep1-x20/control-series.txt
1791027720,2026-10-03T20:42:00+09:00,35416.0,Varmail,1,1,13711768158208,3347599648,3737208188,2.1163844488491232,active_cumulative,/home/oy/iCAT/result/mixO-fixed37-chunked-20261003/mixO-fixed37-rep1-x20/control-series.txt
1791027750,2026-10-03T20:42:30+09:00,35446.0,Varmail,1,1,13730499002368,3352172608,3743093782,2.1166172568402537,active_cumulative,/home/oy/iCAT/result/mixO-fixed37-chunked-20261003/mixO-fixed37-rep1-x20/control-series.txt
1791027780,2026-10-03T20:43:00+09:00,35476.0,Varmail,1,1,13749259804672,3356752882,3749001136,2.1168534794751688,active_cumulative,/home/oy/iCAT/result/mixO-fixed37-chunked-20261003/mixO-fixed37-rep1-x20/control-series.txt
1791027810,2026-10-03T20:43:30+09:00,35506.0,Varmail,1,1,13767997263872,3361327457,3754887263,2.1170846372555605,active_cumulative,/home/oy/iCAT/result/mixO-fixed37-chunked-20261003/mixO-fixed37-rep1-x20/control-series.txt
1791027840,2026-10-03T20:44:00+09:00,35536.0,Varmail,1,1,13786759684096,3365908126,3760787376,2.1173172989927296,active_cumulative,/home/oy/iCAT/result/mixO-fixed37-chunked-20261003/mixO-fixed37-rep1-x20/control-series.txt
1791027870,2026-10-03T20:44:30+09:00,35566.0,Varmail,1,1,13805491691520,3370481370,3766671045,2.1175469114074943,active_cumulative,/home/oy/iCAT/result/mixO-fixed37-chunked-20261003/mixO-fixed37-rep1-x20/control-series.txt
1791027900,2026-10-03T20:45:00+09:00,35596.0,Varmail,1,1,13824139653120,3375034095,3772519392,2.1177722315720784,active_cumulative,/home/oy/iCAT/result/mixO-fixed37-chunked-20261003/mixO-fixed37-rep1-x20/control-series.txt
1791027930,2026-10-03T20:45:30+09:00,35626.0,Varmail,1,1,13842885201920,3379610645,3778394506,2.1179969833477665,active_cumulative,/home/oy/iCAT/result/mixO-fixed37-chunked-20261003/mixO-fixed37-rep1-x20/control-series.txt
1791027960,2026-10-03T20:46:00+09:00,35656.0,Varmail,1,1,13861603176448,3384180463,3784280728,2.118226634003235,active_cumulative,/home/oy/iCAT/result/mixO-fixed37-chunked-20261003/mixO-fixed37-rep1-x20/control-series.txt
1791027990,2026-10-03T20:46:30+09:00,35686.0,Varmail,1,1,13880319172608,3388749798,3790166301,2.118455633176846,active_cumulative,/home/oy/iCAT/result/mixO-fixed37-chunked-20261003/mixO-fixed37-rep1-x20/control-series.txt
1791028020,2026-10-03T20:47:00+09:00,35716.0,Varmail,1,1,13899051073536,3393323016,3796059567,2.118685002606896,active_cumulative,/home/oy/iCAT/result/mixO-fixed37-chunked-20261003/mixO-fixed37-rep1-x20/control-series.txt
1791028050,2026-10-03T20:47:30+09:00,35746.0,Varmail,1,1,13917765066752,3397891862,3801954985,2.11891582763972,active_cumulative,/home/oy/iCAT/result/mixO-fixed37-chunked-20261003/mixO-fixed37-rep1-x20/control-series.txt
1791028080,2026-10-03T20:48:00+09:00,35776.0,Varmail,1,1,13936549060608,3402477798,3807847971,2.1191396967346208,active_cumulative,/home/oy/iCAT/result/mixO-fixed37-chunked-20261003/mixO-fixed37-rep1-x20/control-series.txt
1791028110,2026-10-03T20:48:30+09:00,35806.0,Varmail,1,1,13955305865216,3407057096,3813743967,2.119366027495537,active_cumulative,/home/oy/iCAT/result/mixO-fixed37-chunked-20261003/mixO-fixed37-rep1-x20/control-series.txt
1791028140,2026-10-03T20:49:00+09:00,35836.0,Varmail,1,1,13974060888064,3411635959,3819641500,2.119592343938007,active_cumulative,/home/oy/iCAT/result/mixO-fixed37-chunked-20261003/mixO-fixed37-rep1-x20/control-series.txt
1791028170,2026-10-03T20:49:30+09:00,35866.0,Varmail,1,1,13992696303616,3416185621,3825486366,2.1198122088225952,active_cumulative,/home/oy/iCAT/result/mixO-fixed37-chunked-20261003/mixO-fixed37-rep1-x20/control-series.txt
1791028200,2026-10-03T20:50:00+09:00,35896.0,Varmail,1,1,14011476230144,3420770564,3831378508,2.1200337573999306,active_cumulative,/home/oy/iCAT/result/mixO-fixed37-chunked-20261003/mixO-fixed37-rep1-x20/control-series.txt
1791028230,2026-10-03T20:50:30+09:00,35926.0,Varmail,1,1,14030234292224,3425350169,3837277836,2.1202585565493464,active_cumulative,/home/oy/iCAT/result/mixO-fixed37-chunked-20261003/mixO-fixed37-rep1-x20/control-series.txt
1791028260,2026-10-03T20:51:00+09:00,35956.0,Varmail,1,1,14048971599872,3429924707,3843162046,2.120480003003168,active_cumulative,/home/oy/iCAT/result/mixO-fixed37-chunked-20261003/mixO-fixed37-rep1-x20/control-series.txt
1791028290,2026-10-03T20:51:30+09:00,35986.0,Varmail,1,1,14067763351552,3434512537,3849063065,2.1207014164409204,active_cumulative,/home/oy/iCAT/result/mixO-fixed37-chunked-20261003/mixO-fixed37-rep1-x20/control-series.txt
1791028320,2026-10-03T20:52:00+09:00,36016.0,Varmail,1,1,14086495113216,3439085721,3854935040,2.1209185675311057,active_cumulative,/home/oy/iCAT/result/mixO-fixed37-chunked-20261003/mixO-fixed37-rep1-x20/control-series.txt
1791028350,2026-10-03T20:52:30+09:00,36046.0,Varmail,1,1,14105220829184,3443657429,3860816476,2.121138369771333,active_cumulative,/home/oy/iCAT/result/mixO-fixed37-chunked-20261003/mixO-fixed37-rep1-x20/control-series.txt
1791028380,2026-10-03T20:53:00+09:00,36076.0,Varmail,1,1,14123976237056,3448236386,3866705039,2.121357298675637,active_cumulative,/home/oy/iCAT/result/mixO-fixed37-chunked-20261003/mixO-fixed37-rep1-x20/control-series.txt
