[1395029.918748] mix-mixC-onlinev4-1402621 BEGIN
[1395029.952210] NVMeVirt: Version 1.10 for >> Samsung 970 Pro SSD <<
[1395029.952217] NVMeVirt: Storage: 0x100100000-0x300000000 (8191 MiB)
[1395029.963162] NVMeVirt: Total Capacity(GiB,MiB)=2,2048 chs=2 luns=4 lines=8192 blk-size(MiB,KiB)=0,64 line-size(MiB,KiB)=0,256
[1395029.973788] NVMeVirt: [chmodel_init] bandwidth 800 max_credits 26 tx_time 152
[1395029.984072] NVMeVirt: [chmodel_init] bandwidth 800 max_credits 26 tx_time 152
[1395029.984085] NVMeVirt: [chmodel_init] bandwidth 3360 max_credits 110 tx_time 36
[1395029.984088] NVMeVirt: WATGC_V2 init ns=0 part=0 arms=60 initial=37 prior=none gamma_q16=65503 exploration_q16=16384
[1395029.984935] NVMeVirt: pqueue: Copyright (c) 2014, Volkan Yazıcı <volkan.yazici@gmail.com>. All rights reserved.
[1395029.984971] NVMeVirt: Init FTL instance with 2 channels (524288 pages)
[1395029.984973] NVMeVirt: GC victim policy: watgc-v2 ns=0 part=0 initial_k=7 initial_scale_pct=100 initial_age_ratio=7 warmup_gc=100
[1395029.995009] NVMeVirt: [chmodel_init] bandwidth 800 max_credits 26 tx_time 152
[1395030.004849] NVMeVirt: [chmodel_init] bandwidth 800 max_credits 26 tx_time 152
[1395030.004862] NVMeVirt: [chmodel_init] bandwidth 3360 max_credits 110 tx_time 36
[1395030.004864] NVMeVirt: WATGC_V2 init ns=0 part=1 arms=60 initial=37 prior=none gamma_q16=65503 exploration_q16=16384
[1395030.005781] NVMeVirt: Init FTL instance with 2 channels (524288 pages)
[1395030.005784] NVMeVirt: GC victim policy: watgc-v2 ns=0 part=1 initial_k=7 initial_scale_pct=100 initial_age_ratio=7 warmup_gc=100
[1395030.015717] NVMeVirt: [chmodel_init] bandwidth 800 max_credits 26 tx_time 152
[1395030.025687] NVMeVirt: [chmodel_init] bandwidth 800 max_credits 26 tx_time 152
[1395030.025701] NVMeVirt: [chmodel_init] bandwidth 3360 max_credits 110 tx_time 36
[1395030.025703] NVMeVirt: WATGC_V2 init ns=0 part=2 arms=60 initial=37 prior=none gamma_q16=65503 exploration_q16=16384
[1395030.026670] NVMeVirt: Init FTL instance with 2 channels (524288 pages)
[1395030.026673] NVMeVirt: GC victim policy: watgc-v2 ns=0 part=2 initial_k=7 initial_scale_pct=100 initial_age_ratio=7 warmup_gc=100
[1395030.036613] NVMeVirt: [chmodel_init] bandwidth 800 max_credits 26 tx_time 152
[1395030.046523] NVMeVirt: [chmodel_init] bandwidth 800 max_credits 26 tx_time 152
[1395030.046536] NVMeVirt: [chmodel_init] bandwidth 3360 max_credits 110 tx_time 36
[1395030.046538] NVMeVirt: WATGC_V2 init ns=0 part=3 arms=60 initial=37 prior=none gamma_q16=65503 exploration_q16=16384
[1395030.047491] NVMeVirt: Init FTL instance with 2 channels (524288 pages)
[1395030.047493] NVMeVirt: GC victim policy: watgc-v2 ns=0 part=3 initial_k=7 initial_scale_pct=100 initial_age_ratio=7 warmup_gc=100
[1395030.047499] NVMeVirt: FTL physical space: 8588886016, logical space: 8026996276 (physical/logical * 100 = 107)
[1395030.047501] NVMeVirt: ns 0/1: size 7655 MiB
[1395030.047549] PCI host bridge to bus 0001:10
[1395030.047551] pci_bus 0001:10: root bus resource [io  0x0000-0xffff]
[1395030.047554] pci_bus 0001:10: root bus resource [mem 0x00000000-0x7fffffffff]
[1395030.047556] pci_bus 0001:10: root bus resource [bus 00-ff]
[1395030.047581] pci 0001:10:00.0: [0c51:0110] type 00 class 0x010802 PCIe Endpoint
[1395030.047585] pci 0001:10:00.0: BAR 0 [mem 0x100000000-0x100003fff 64bit]
[1395030.047587] pci 0001:10:00.0: enabling Extended Tags
[1395030.047707] NVMeVirt: Virtual PCI bus created (node 0)
[1395030.047947] NVMeVirt: nvmev_io_worker_0 started on cpu 2 (node 0)
[1395030.047992] NVMeVirt: nvmev_dispatcher started on cpu 1 (node 0)
[1395030.048018] NVMeVirt: Virtual NVMe device created
[1395030.048174] nvme nvme0: pci function 0001:10:00.0
[1395030.052619] nvme nvme0: 8/0/0 default/read/poll queues
[1395030.364264] EXT4-fs (nvme0n1): mounted filesystem e3d1dccc-519e-43c8-8cba-e0a5578d0418 r/w with ordered data mode. Quota mode: none.
[1395112.592851] NVMeVirt: WATGC_V2 init ns=0 part=0 arms=60 initial=37 prior=none gamma_q16=65503 exploration_q16=16384
[1395112.592858] NVMeVirt: WATGC_V2 init ns=0 part=1 arms=60 initial=37 prior=none gamma_q16=65503 exploration_q16=16384
[1395112.592861] NVMeVirt: WATGC_V2 init ns=0 part=2 arms=60 initial=37 prior=none gamma_q16=65503 exploration_q16=16384
[1395112.592864] NVMeVirt: WATGC_V2 init ns=0 part=3 arms=60 initial=37 prior=none gamma_q16=65503 exploration_q16=16384
[1395112.592866] NVMeVirt: Measurement: command=start epoch=1 host_bytes=0 learner_active=1
[1395112.601568] mix-mixC-onlinev4-1402621 phase=A START
[1395114.110440] NVMeVirt: WATGC_V2 warmup-done ns=0 part=2 gc_count=2568
[1395114.127306] NVMeVirt: WATGC_V2 warmup-done ns=0 part=1 gc_count=2568
[1395114.143189] NVMeVirt: WATGC_V2 warmup-done ns=0 part=3 gc_count=2568
[1395114.161985] NVMeVirt: WATGC_V2 warmup-done ns=0 part=0 gc_count=2583
[1395178.904423] NVMeVirt: WATGC_V2 sample ns=0 part=2 epoch=1 window=1 phase=measure evaluated=37 k=7 scale_pct=100 age_ratio=7 host=131086 gc_pages=104504 gc_count=3681 waf_q16=117782 best=37 next=15 settled=0 active=45
[1395178.929957] NVMeVirt: WATGC_V2 sample ns=0 part=3 epoch=1 window=1 phase=measure evaluated=37 k=7 scale_pct=100 age_ratio=7 host=131088 gc_pages=105383 gc_count=3695 waf_q16=118221 best=37 next=15 settled=0 active=45
[1395178.998293] NVMeVirt: WATGC_V2 sample ns=0 part=1 epoch=1 window=1 phase=measure evaluated=37 k=7 scale_pct=100 age_ratio=7 host=131105 gc_pages=105109 gc_count=3691 waf_q16=118077 best=37 next=15 settled=0 active=45
[1395179.053749] NVMeVirt: WATGC_V2 sample ns=0 part=0 epoch=1 window=1 phase=measure evaluated=37 k=7 scale_pct=100 age_ratio=7 host=131099 gc_pages=104853 gc_count=3687 waf_q16=117951 best=37 next=15 settled=0 active=45
[1395243.736023] NVMeVirt: WATGC_V2 sample ns=0 part=2 epoch=1 window=2 phase=measure evaluated=15 k=4 scale_pct=25 age_ratio=4 host=131098 gc_pages=111839 gc_count=3796 waf_q16=121444 best=37 next=16 settled=0 active=45
[1395243.783893] NVMeVirt: WATGC_V2 sample ns=0 part=0 epoch=1 window=2 phase=measure evaluated=15 k=4 scale_pct=25 age_ratio=4 host=131089 gc_pages=113130 gc_count=3816 waf_q16=122093 best=37 next=16 settled=0 active=45
[1395243.815059] NVMeVirt: WATGC_V2 sample ns=0 part=3 epoch=1 window=2 phase=measure evaluated=15 k=4 scale_pct=25 age_ratio=4 host=131106 gc_pages=112792 gc_count=3811 waf_q16=121917 best=37 next=16 settled=0 active=45
[1395243.853032] NVMeVirt: WATGC_V2 sample ns=0 part=1 epoch=1 window=2 phase=measure evaluated=15 k=4 scale_pct=25 age_ratio=4 host=131079 gc_pages=112253 gc_count=3802 waf_q16=121659 best=37 next=16 settled=0 active=45
[1395308.594287] NVMeVirt: WATGC_V2 sample ns=0 part=2 epoch=1 window=3 phase=measure evaluated=16 k=4 scale_pct=25 age_ratio=7 host=131077 gc_pages=117304 gc_count=3881 waf_q16=124185 best=37 next=17 settled=0 active=45
[1395308.606673] NVMeVirt: WATGC_V2 sample ns=0 part=3 epoch=1 window=3 phase=measure evaluated=16 k=4 scale_pct=25 age_ratio=7 host=131076 gc_pages=116874 gc_count=3874 waf_q16=123971 best=37 next=17 settled=0 active=45
[1395308.623949] NVMeVirt: WATGC_V2 sample ns=0 part=1 epoch=1 window=3 phase=measure evaluated=16 k=4 scale_pct=25 age_ratio=7 host=131112 gc_pages=117701 gc_count=3888 waf_q16=124368 best=37 next=17 settled=0 active=45
[1395308.682502] NVMeVirt: WATGC_V2 sample ns=0 part=0 epoch=1 window=3 phase=measure evaluated=16 k=4 scale_pct=25 age_ratio=7 host=131092 gc_pages=117246 gc_count=3880 waf_q16=124150 best=37 next=17 settled=0 active=45
[1395374.124754] NVMeVirt: WATGC_V2 sample ns=0 part=2 epoch=1 window=4 phase=measure evaluated=17 k=4 scale_pct=25 age_ratio=16 host=131083 gc_pages=100413 gc_count=3617 waf_q16=115738 best=17 next=18 settled=0 active=45
[1395374.161810] NVMeVirt: WATGC_V2 sample ns=0 part=3 epoch=1 window=4 phase=measure evaluated=17 k=4 scale_pct=25 age_ratio=16 host=131098 gc_pages=98600 gc_count=3589 waf_q16=114826 best=17 next=18 settled=0 active=45
[1395374.192747] NVMeVirt: WATGC_V2 sample ns=0 part=1 epoch=1 window=4 phase=measure evaluated=17 k=4 scale_pct=25 age_ratio=16 host=131104 gc_pages=99491 gc_count=3603 waf_q16=115269 best=17 next=18 settled=0 active=45
[1395374.218535] NVMeVirt: WATGC_V2 sample ns=0 part=0 epoch=1 window=4 phase=measure evaluated=17 k=4 scale_pct=25 age_ratio=16 host=131100 gc_pages=99238 gc_count=3599 waf_q16=115144 best=17 next=18 settled=0 active=45
[1395439.626512] NVMeVirt: WATGC_V2 sample ns=0 part=0 epoch=1 window=5 phase=measure evaluated=18 k=4 scale_pct=50 age_ratio=4 host=131083 gc_pages=102132 gc_count=3644 waf_q16=116597 best=17 next=19 settled=0 active=45
[1395439.634012] NVMeVirt: WATGC_V2 sample ns=0 part=2 epoch=1 window=5 phase=measure evaluated=18 k=4 scale_pct=50 age_ratio=4 host=131082 gc_pages=103027 gc_count=3658 waf_q16=117045 best=17 next=19 settled=0 active=45
[1395439.814188] NVMeVirt: WATGC_V2 sample ns=0 part=3 epoch=1 window=5 phase=measure evaluated=18 k=4 scale_pct=50 age_ratio=4 host=131081 gc_pages=102515 gc_count=3650 waf_q16=116789 best=17 next=19 settled=0 active=45
[1395439.814820] NVMeVirt: WATGC_V2 sample ns=0 part=1 epoch=1 window=5 phase=measure evaluated=18 k=4 scale_pct=50 age_ratio=4 host=131102 gc_pages=102621 gc_count=3652 waf_q16=116834 best=17 next=19 settled=0 active=45
[1395505.082956] NVMeVirt: WATGC_V2 sample ns=0 part=2 epoch=1 window=6 phase=measure evaluated=19 k=4 scale_pct=50 age_ratio=7 host=131087 gc_pages=108214 gc_count=3739 waf_q16=119636 best=17 next=20 settled=0 active=45
[1395505.258620] NVMeVirt: WATGC_V2 sample ns=0 part=0 epoch=1 window=6 phase=measure evaluated=19 k=4 scale_pct=50 age_ratio=7 host=131090 gc_pages=107171 gc_count=3723 waf_q16=119114 best=17 next=20 settled=0 active=45
[1395505.330459] NVMeVirt: WATGC_V2 sample ns=0 part=3 epoch=1 window=6 phase=measure evaluated=19 k=4 scale_pct=50 age_ratio=7 host=131084 gc_pages=107514 gc_count=3728 waf_q16=119288 best=17 next=20 settled=0 active=45
[1395505.395621] NVMeVirt: WATGC_V2 sample ns=0 part=1 epoch=1 window=6 phase=measure evaluated=19 k=4 scale_pct=50 age_ratio=7 host=131082 gc_pages=107051 gc_count=3721 waf_q16=119057 best=17 next=20 settled=0 active=45
[1395570.591720] NVMeVirt: WATGC_V2 sample ns=0 part=2 epoch=1 window=7 phase=measure evaluated=20 k=4 scale_pct=50 age_ratio=16 host=131084 gc_pages=111982 gc_count=3798 waf_q16=121521 best=17 next=21 settled=0 active=45
[1395570.805680] NVMeVirt: WATGC_V2 sample ns=0 part=0 epoch=1 window=7 phase=measure evaluated=20 k=4 scale_pct=50 age_ratio=16 host=131113 gc_pages=111774 gc_count=3795 waf_q16=121405 best=17 next=21 settled=0 active=45
[1395570.844839] NVMeVirt: WATGC_V2 sample ns=0 part=3 epoch=1 window=7 phase=measure evaluated=20 k=4 scale_pct=50 age_ratio=16 host=131081 gc_pages=110335 gc_count=3772 waf_q16=120699 best=17 next=21 settled=0 active=45
[1395571.003684] NVMeVirt: WATGC_V2 sample ns=0 part=1 epoch=1 window=7 phase=measure evaluated=20 k=4 scale_pct=50 age_ratio=16 host=131084 gc_pages=113339 gc_count=3819 waf_q16=122200 best=17 next=21 settled=0 active=45
[1395636.187576] NVMeVirt: WATGC_V2 sample ns=0 part=2 epoch=1 window=8 phase=measure evaluated=21 k=4 scale_pct=100 age_ratio=4 host=131102 gc_pages=98406 gc_count=3586 waf_q16=114727 best=21 next=22 settled=0 active=45
[1395636.347103] NVMeVirt: WATGC_V2 sample ns=0 part=3 epoch=1 window=8 phase=measure evaluated=21 k=4 scale_pct=100 age_ratio=4 host=131072 gc_pages=98937 gc_count=3594 waf_q16=115004 best=17 next=22 settled=0 active=45
[1395636.409800] NVMeVirt: WATGC_V2 sample ns=0 part=0 epoch=1 window=8 phase=measure evaluated=21 k=4 scale_pct=100 age_ratio=4 host=131086 gc_pages=98348 gc_count=3585 waf_q16=114704 best=17 next=22 settled=0 active=45
[1395636.503798] NVMeVirt: WATGC_V2 sample ns=0 part=1 epoch=1 window=8 phase=measure evaluated=21 k=4 scale_pct=100 age_ratio=4 host=131099 gc_pages=98912 gc_count=3594 waf_q16=114981 best=17 next=22 settled=0 active=45
[1395701.767574] NVMeVirt: WATGC_V2 sample ns=0 part=2 epoch=1 window=9 phase=measure evaluated=22 k=4 scale_pct=100 age_ratio=7 host=131086 gc_pages=115503 gc_count=3853 waf_q16=123281 best=21 next=23 settled=0 active=45
[1395701.853339] NVMeVirt: WATGC_V2 sample ns=0 part=3 epoch=1 window=9 phase=measure evaluated=22 k=4 scale_pct=100 age_ratio=7 host=131089 gc_pages=116890 gc_count=3875 waf_q16=123973 best=17 next=23 settled=0 active=45
[1395701.969244] NVMeVirt: WATGC_V2 sample ns=0 part=0 epoch=1 window=9 phase=measure evaluated=22 k=4 scale_pct=100 age_ratio=7 host=131101 gc_pages=115347 gc_count=3851 waf_q16=123196 best=17 next=23 settled=0 active=45
[1395702.044910] NVMeVirt: WATGC_V2 sample ns=0 part=1 epoch=1 window=9 phase=measure evaluated=22 k=4 scale_pct=100 age_ratio=7 host=131075 gc_pages=117171 gc_count=3879 waf_q16=124120 best=17 next=23 settled=0 active=45
[1395767.337198] NVMeVirt: WATGC_V2 sample ns=0 part=2 epoch=1 window=10 phase=measure evaluated=23 k=4 scale_pct=100 age_ratio=16 host=131097 gc_pages=113892 gc_count=3828 waf_q16=122471 best=21 next=24 settled=0 active=45
[1395767.432184] NVMeVirt: WATGC_V2 sample ns=0 part=3 epoch=1 window=10 phase=measure evaluated=23 k=4 scale_pct=100 age_ratio=16 host=131091 gc_pages=112682 gc_count=3809 waf_q16=121868 best=17 next=24 settled=0 active=45
[1395767.504998] NVMeVirt: WATGC_V2 sample ns=0 part=0 epoch=1 window=10 phase=measure evaluated=23 k=4 scale_pct=100 age_ratio=16 host=131099 gc_pages=114457 gc_count=3837 waf_q16=122752 best=17 next=24 settled=0 active=45
[1395767.559857] NVMeVirt: WATGC_V2 sample ns=0 part=1 epoch=1 window=10 phase=measure evaluated=23 k=4 scale_pct=100 age_ratio=16 host=131082 gc_pages=113075 gc_count=3815 waf_q16=122069 best=17 next=24 settled=0 active=45
[1395832.858450] NVMeVirt: WATGC_V2 sample ns=0 part=2 epoch=1 window=11 phase=measure evaluated=24 k=4 scale_pct=200 age_ratio=4 host=131094 gc_pages=87788 gc_count=3420 waf_q16=109422 best=24 next=25 settled=0 active=45
[1395832.885733] NVMeVirt: WATGC_V2 sample ns=0 part=3 epoch=1 window=11 phase=measure evaluated=24 k=4 scale_pct=200 age_ratio=4 host=131072 gc_pages=89026 gc_count=3439 waf_q16=110049 best=24 next=25 settled=0 active=45
[1395833.102778] NVMeVirt: WATGC_V2 sample ns=0 part=1 epoch=1 window=11 phase=measure evaluated=24 k=4 scale_pct=200 age_ratio=4 host=131102 gc_pages=88930 gc_count=3438 waf_q16=109990 best=24 next=25 settled=0 active=45
[1395833.160107] NVMeVirt: WATGC_V2 sample ns=0 part=0 epoch=1 window=11 phase=measure evaluated=24 k=4 scale_pct=200 age_ratio=4 host=131097 gc_pages=87656 gc_count=3418 waf_q16=109355 best=24 next=25 settled=0 active=45
[1395898.446567] NVMeVirt: WATGC_V2 sample ns=0 part=3 epoch=1 window=12 phase=measure evaluated=25 k=4 scale_pct=200 age_ratio=7 host=131080 gc_pages=109105 gc_count=3753 waf_q16=120085 best=24 next=26 settled=0 active=45
[1395898.451684] NVMeVirt: WATGC_V2 sample ns=0 part=2 epoch=1 window=12 phase=measure evaluated=25 k=4 scale_pct=200 age_ratio=7 host=131100 gc_pages=109645 gc_count=3762 waf_q16=120346 best=24 next=26 settled=0 active=45
[1395898.637599] NVMeVirt: WATGC_V2 sample ns=0 part=0 epoch=1 window=12 phase=measure evaluated=25 k=4 scale_pct=200 age_ratio=7 host=131106 gc_pages=107928 gc_count=3735 waf_q16=119486 best=24 next=26 settled=0 active=45
[1395898.657962] NVMeVirt: WATGC_V2 sample ns=0 part=1 epoch=1 window=12 phase=measure evaluated=25 k=4 scale_pct=200 age_ratio=7 host=131111 gc_pages=108113 gc_count=3738 waf_q16=119576 best=24 next=26 settled=0 active=45
[1395963.993974] NVMeVirt: WATGC_V2 sample ns=0 part=2 epoch=1 window=13 phase=measure evaluated=26 k=4 scale_pct=200 age_ratio=16 host=131091 gc_pages=130345 gc_count=4085 waf_q16=130699 best=24 next=27 settled=0 active=45
[1395964.038308] NVMeVirt: WATGC_V2 sample ns=0 part=3 epoch=1 window=13 phase=measure evaluated=26 k=4 scale_pct=200 age_ratio=16 host=131097 gc_pages=129891 gc_count=4078 waf_q16=130469 best=24 next=27 settled=0 active=45
[1395964.103808] NVMeVirt: WATGC_V2 sample ns=0 part=1 epoch=1 window=13 phase=measure evaluated=26 k=4 scale_pct=200 age_ratio=16 host=131108 gc_pages=128409 gc_count=4055 waf_q16=129722 best=24 next=27 settled=0 active=45
[1395964.254604] NVMeVirt: WATGC_V2 sample ns=0 part=0 epoch=1 window=13 phase=measure evaluated=26 k=4 scale_pct=200 age_ratio=16 host=131078 gc_pages=128311 gc_count=4053 waf_q16=129688 best=24 next=27 settled=0 active=45
[1396029.537225] NVMeVirt: WATGC_V2 sample ns=0 part=2 epoch=1 window=14 phase=measure evaluated=27 k=4 scale_pct=400 age_ratio=4 host=131102 gc_pages=102429 gc_count=3649 waf_q16=116738 best=24 next=28 settled=0 active=45
[1396029.565912] NVMeVirt: WATGC_V2 sample ns=0 part=3 epoch=1 window=14 phase=measure evaluated=27 k=4 scale_pct=400 age_ratio=4 host=131099 gc_pages=102047 gc_count=3643 waf_q16=116548 best=24 next=28 settled=0 active=45
[1396029.726703] NVMeVirt: WATGC_V2 sample ns=0 part=1 epoch=1 window=14 phase=measure evaluated=27 k=4 scale_pct=400 age_ratio=4 host=131099 gc_pages=102303 gc_count=3647 waf_q16=116676 best=24 next=28 settled=0 active=45
[1396029.731042] NVMeVirt: WATGC_V2 sample ns=0 part=0 epoch=1 window=14 phase=measure evaluated=27 k=4 scale_pct=400 age_ratio=4 host=131083 gc_pages=102191 gc_count=3645 waf_q16=116627 best=24 next=28 settled=0 active=45
[1396095.055838] NVMeVirt: WATGC_V2 sample ns=0 part=3 epoch=1 window=15 phase=measure evaluated=28 k=4 scale_pct=400 age_ratio=7 host=131105 gc_pages=113436 gc_count=3821 waf_q16=122239 best=24 next=29 settled=0 active=45
[1396095.138475] NVMeVirt: WATGC_V2 sample ns=0 part=2 epoch=1 window=15 phase=measure evaluated=28 k=4 scale_pct=400 age_ratio=7 host=131073 gc_pages=114428 gc_count=3836 waf_q16=122749 best=24 next=29 settled=0 active=45
[1396095.212841] NVMeVirt: WATGC_V2 sample ns=0 part=0 epoch=1 window=15 phase=measure evaluated=28 k=4 scale_pct=400 age_ratio=7 host=131103 gc_pages=114142 gc_count=3832 waf_q16=122593 best=24 next=29 settled=0 active=45
[1396095.341856] NVMeVirt: WATGC_V2 sample ns=0 part=1 epoch=1 window=15 phase=measure evaluated=28 k=4 scale_pct=400 age_ratio=7 host=131073 gc_pages=114619 gc_count=3839 waf_q16=122845 best=24 next=29 settled=0 active=45
[1396160.651779] NVMeVirt: WATGC_V2 sample ns=0 part=3 epoch=1 window=16 phase=measure evaluated=29 k=4 scale_pct=400 age_ratio=16 host=131089 gc_pages=113768 gc_count=3826 waf_q16=122412 best=24 next=30 settled=0 active=45
[1396160.690281] NVMeVirt: WATGC_V2 sample ns=0 part=2 epoch=1 window=16 phase=measure evaluated=29 k=4 scale_pct=400 age_ratio=16 host=131083 gc_pages=114155 gc_count=3832 waf_q16=122608 best=24 next=30 settled=0 active=45
[1396160.768723] NVMeVirt: WATGC_V2 sample ns=0 part=1 epoch=1 window=16 phase=measure evaluated=29 k=4 scale_pct=400 age_ratio=16 host=131095 gc_pages=114466 gc_count=3837 waf_q16=122758 best=24 next=30 settled=0 active=45
[1396160.795266] NVMeVirt: WATGC_V2 sample ns=0 part=0 epoch=1 window=16 phase=measure evaluated=29 k=4 scale_pct=400 age_ratio=16 host=131081 gc_pages=113903 gc_count=3828 waf_q16=122483 best=24 next=30 settled=0 active=45
[1396226.193118] NVMeVirt: WATGC_V2 sample ns=0 part=2 epoch=1 window=17 phase=measure evaluated=30 k=7 scale_pct=25 age_ratio=4 host=131099 gc_pages=105714 gc_count=3700 waf_q16=118382 best=24 next=31 settled=0 active=45
[1396226.201539] NVMeVirt: WATGC_V2 sample ns=0 part=3 epoch=1 window=17 phase=measure evaluated=30 k=7 scale_pct=25 age_ratio=4 host=131105 gc_pages=104859 gc_count=3687 waf_q16=117952 best=24 next=31 settled=0 active=45
[1396226.280123] NVMeVirt: WATGC_V2 sample ns=0 part=0 epoch=1 window=17 phase=measure evaluated=30 k=7 scale_pct=25 age_ratio=4 host=131087 gc_pages=105202 gc_count=3692 waf_q16=118130 best=24 next=31 settled=0 active=45
[1396226.435454] NVMeVirt: WATGC_V2 sample ns=0 part=1 epoch=1 window=17 phase=measure evaluated=30 k=7 scale_pct=25 age_ratio=4 host=131089 gc_pages=105576 gc_count=3698 waf_q16=118317 best=24 next=31 settled=0 active=45
[1396291.786216] NVMeVirt: WATGC_V2 sample ns=0 part=0 epoch=1 window=18 phase=measure evaluated=31 k=7 scale_pct=25 age_ratio=7 host=131095 gc_pages=94818 gc_count=3530 waf_q16=112936 best=24 next=32 settled=0 active=45
[1396291.795504] NVMeVirt: WATGC_V2 sample ns=0 part=2 epoch=1 window=18 phase=measure evaluated=31 k=7 scale_pct=25 age_ratio=7 host=131100 gc_pages=93605 gc_count=3511 waf_q16=112328 best=24 next=32 settled=0 active=45
[1396291.795858] NVMeVirt: WATGC_V2 sample ns=0 part=3 epoch=1 window=18 phase=measure evaluated=31 k=7 scale_pct=25 age_ratio=7 host=131086 gc_pages=94005 gc_count=3517 waf_q16=112533 best=24 next=32 settled=0 active=45
[1396291.933210] NVMeVirt: WATGC_V2 sample ns=0 part=1 epoch=1 window=18 phase=measure evaluated=31 k=7 scale_pct=25 age_ratio=7 host=131100 gc_pages=94043 gc_count=3518 waf_q16=112547 best=24 next=32 settled=0 active=45
[1396357.309092] NVMeVirt: WATGC_V2 sample ns=0 part=3 epoch=1 window=19 phase=measure evaluated=32 k=7 scale_pct=25 age_ratio=16 host=131081 gc_pages=113277 gc_count=3818 waf_q16=122170 best=24 next=33 settled=0 active=45
[1396357.316645] NVMeVirt: WATGC_V2 sample ns=0 part=2 epoch=1 window=19 phase=measure evaluated=32 k=7 scale_pct=25 age_ratio=16 host=131095 gc_pages=113966 gc_count=3829 waf_q16=122509 best=24 next=33 settled=0 active=45
[1396357.386998] NVMeVirt: WATGC_V2 sample ns=0 part=0 epoch=1 window=19 phase=measure evaluated=32 k=7 scale_pct=25 age_ratio=16 host=131072 gc_pages=114892 gc_count=3843 waf_q16=122982 best=24 next=33 settled=0 active=45
[1396357.480955] NVMeVirt: WATGC_V2 sample ns=0 part=1 epoch=1 window=19 phase=measure evaluated=32 k=7 scale_pct=25 age_ratio=16 host=131089 gc_pages=114803 gc_count=3842 waf_q16=122930 best=24 next=33 settled=0 active=45
[1396422.805239] NVMeVirt: WATGC_V2 sample ns=0 part=3 epoch=1 window=20 phase=measure evaluated=33 k=7 scale_pct=50 age_ratio=4 host=131101 gc_pages=94616 gc_count=3527 waf_q16=112833 best=24 next=34 settled=0 active=45
[1396422.860404] NVMeVirt: WATGC_V2 sample ns=0 part=0 epoch=1 window=20 phase=measure evaluated=33 k=7 scale_pct=50 age_ratio=4 host=131107 gc_pages=94110 gc_count=3519 waf_q16=112578 best=24 next=34 settled=0 active=45
[1396422.953019] NVMeVirt: WATGC_V2 sample ns=0 part=2 epoch=1 window=20 phase=measure evaluated=33 k=7 scale_pct=50 age_ratio=4 host=131096 gc_pages=94236 gc_count=3521 waf_q16=112645 best=24 next=34 settled=0 active=45
[1396423.079565] NVMeVirt: WATGC_V2 sample ns=0 part=1 epoch=1 window=20 phase=measure evaluated=33 k=7 scale_pct=50 age_ratio=4 host=131113 gc_pages=93963 gc_count=3517 waf_q16=112502 best=24 next=34 settled=0 active=45
[1396488.374655] NVMeVirt: WATGC_V2 sample ns=0 part=2 epoch=1 window=21 phase=measure evaluated=34 k=7 scale_pct=50 age_ratio=7 host=131091 gc_pages=121444 gc_count=3946 waf_q16=126249 best=24 next=35 settled=0 active=45
[1396488.428516] NVMeVirt: WATGC_V2 sample ns=0 part=0 epoch=1 window=21 phase=measure evaluated=34 k=7 scale_pct=50 age_ratio=7 host=131078 gc_pages=120516 gc_count=3931 waf_q16=125791 best=24 next=35 settled=0 active=45
[1396488.480811] NVMeVirt: WATGC_V2 sample ns=0 part=3 epoch=1 window=21 phase=measure evaluated=34 k=7 scale_pct=50 age_ratio=7 host=131076 gc_pages=121209 gc_count=3942 waf_q16=126138 best=24 next=35 settled=0 active=45
[1396488.617642] NVMeVirt: WATGC_V2 sample ns=0 part=1 epoch=1 window=21 phase=measure evaluated=34 k=7 scale_pct=50 age_ratio=7 host=131112 gc_pages=121618 gc_count=3949 waf_q16=126326 best=24 next=35 settled=0 active=45
[1396553.897821] NVMeVirt: WATGC_V2 sample ns=0 part=2 epoch=1 window=22 phase=measure evaluated=35 k=7 scale_pct=50 age_ratio=16 host=131103 gc_pages=106072 gc_count=3706 waf_q16=118559 best=24 next=36 settled=0 active=45
[1396553.924633] NVMeVirt: WATGC_V2 sample ns=0 part=0 epoch=1 window=22 phase=measure evaluated=35 k=7 scale_pct=50 age_ratio=16 host=131081 gc_pages=107906 gc_count=3734 waf_q16=119485 best=24 next=36 settled=0 active=45
[1396554.083906] NVMeVirt: WATGC_V2 sample ns=0 part=3 epoch=1 window=22 phase=measure evaluated=35 k=7 scale_pct=50 age_ratio=16 host=131081 gc_pages=108397 gc_count=3742 waf_q16=119730 best=24 next=36 settled=0 active=45
[1396554.187283] NVMeVirt: WATGC_V2 sample ns=0 part=1 epoch=1 window=22 phase=measure evaluated=35 k=7 scale_pct=50 age_ratio=16 host=131084 gc_pages=108287 gc_count=3740 waf_q16=119674 best=24 next=36 settled=0 active=45
[1396619.520197] NVMeVirt: WATGC_V2 sample ns=0 part=2 epoch=1 window=23 phase=measure evaluated=36 k=7 scale_pct=100 age_ratio=4 host=131101 gc_pages=102175 gc_count=3645 waf_q16=116612 best=24 next=38 settled=0 active=45
[1396619.556178] NVMeVirt: WATGC_V2 sample ns=0 part=0 epoch=1 window=23 phase=measure evaluated=36 k=7 scale_pct=100 age_ratio=4 host=131098 gc_pages=101732 gc_count=3638 waf_q16=116391 best=24 next=38 settled=0 active=45
[1396619.582860] NVMeVirt: WATGC_V2 sample ns=0 part=3 epoch=1 window=23 phase=measure evaluated=36 k=7 scale_pct=100 age_ratio=4 host=131090 gc_pages=100525 gc_count=3619 waf_q16=115791 best=24 next=38 settled=0 active=45
[1396619.633989] NVMeVirt: WATGC_V2 sample ns=0 part=1 epoch=1 window=23 phase=measure evaluated=36 k=7 scale_pct=100 age_ratio=4 host=131089 gc_pages=100272 gc_count=3615 waf_q16=115665 best=24 next=38 settled=0 active=45
[1396685.050615] NVMeVirt: WATGC_V2 sample ns=0 part=0 epoch=1 window=24 phase=measure evaluated=38 k=7 scale_pct=100 age_ratio=16 host=131098 gc_pages=120600 gc_count=3933 waf_q16=125824 best=24 next=39 settled=0 active=45
[1396685.092123] NVMeVirt: WATGC_V2 sample ns=0 part=3 epoch=1 window=24 phase=measure evaluated=38 k=7 scale_pct=100 age_ratio=16 host=131073 gc_pages=120578 gc_count=3932 waf_q16=125824 best=24 next=39 settled=0 active=45
[1396685.105906] NVMeVirt: WATGC_V2 sample ns=0 part=2 epoch=1 window=24 phase=measure evaluated=38 k=7 scale_pct=100 age_ratio=16 host=131080 gc_pages=119537 gc_count=3916 waf_q16=125300 best=24 next=39 settled=0 active=45
[1396685.195962] NVMeVirt: WATGC_V2 sample ns=0 part=1 epoch=1 window=24 phase=measure evaluated=38 k=7 scale_pct=100 age_ratio=16 host=131082 gc_pages=120706 gc_count=3934 waf_q16=125884 best=24 next=39 settled=0 active=45
[1396750.583372] NVMeVirt: WATGC_V2 sample ns=0 part=2 epoch=1 window=25 phase=measure evaluated=39 k=7 scale_pct=200 age_ratio=4 host=131101 gc_pages=83172 gc_count=3348 waf_q16=107112 best=39 next=40 settled=0 active=45
[1396750.633631] NVMeVirt: WATGC_V2 sample ns=0 part=0 epoch=1 window=25 phase=measure evaluated=39 k=7 scale_pct=200 age_ratio=4 host=131091 gc_pages=81522 gc_count=3322 waf_q16=106291 best=39 next=40 settled=0 active=45
[1396750.684633] NVMeVirt: WATGC_V2 sample ns=0 part=1 epoch=1 window=25 phase=measure evaluated=39 k=7 scale_pct=200 age_ratio=4 host=131099 gc_pages=82538 gc_count=3338 waf_q16=106796 best=39 next=40 settled=0 active=45
[1396750.748203] NVMeVirt: WATGC_V2 sample ns=0 part=3 epoch=1 window=25 phase=measure evaluated=39 k=7 scale_pct=200 age_ratio=4 host=131085 gc_pages=82872 gc_count=3343 waf_q16=106967 best=39 next=40 settled=0 active=45
[1396816.121602] NVMeVirt: WATGC_V2 sample ns=0 part=2 epoch=1 window=26 phase=measure evaluated=40 k=7 scale_pct=200 age_ratio=7 host=131099 gc_pages=107557 gc_count=3729 waf_q16=119303 best=39 next=41 settled=0 active=45
[1396816.156938] NVMeVirt: WATGC_V2 sample ns=0 part=3 epoch=1 window=26 phase=measure evaluated=40 k=7 scale_pct=200 age_ratio=7 host=131108 gc_pages=107846 gc_count=3734 waf_q16=119444 best=39 next=41 settled=0 active=45
[1396816.242811] NVMeVirt: WATGC_V2 sample ns=0 part=0 epoch=1 window=26 phase=measure evaluated=40 k=7 scale_pct=200 age_ratio=7 host=131077 gc_pages=107185 gc_count=3723 waf_q16=119126 best=39 next=41 settled=0 active=45
[1396816.308680] NVMeVirt: WATGC_V2 sample ns=0 part=1 epoch=1 window=26 phase=measure evaluated=40 k=7 scale_pct=200 age_ratio=7 host=131099 gc_pages=109397 gc_count=3758 waf_q16=120223 best=39 next=41 settled=0 active=45
[1396881.681700] NVMeVirt: WATGC_V2 sample ns=0 part=2 epoch=1 window=27 phase=measure evaluated=41 k=7 scale_pct=200 age_ratio=16 host=131084 gc_pages=121593 gc_count=3948 waf_q16=126326 best=39 next=42 settled=0 active=45
[1396881.685905] NVMeVirt: WATGC_V2 sample ns=0 part=3 epoch=1 window=27 phase=measure evaluated=41 k=7 scale_pct=200 age_ratio=16 host=131095 gc_pages=120991 gc_count=3939 waf_q16=126020 best=39 next=42 settled=0 active=45
[1396881.753414] NVMeVirt: WATGC_V2 sample ns=0 part=0 epoch=1 window=27 phase=measure evaluated=41 k=7 scale_pct=200 age_ratio=16 host=131100 gc_pages=122217 gc_count=3958 waf_q16=126631 best=39 next=42 settled=0 active=45
[1396881.863367] NVMeVirt: WATGC_V2 sample ns=0 part=1 epoch=1 window=27 phase=measure evaluated=41 k=7 scale_pct=200 age_ratio=16 host=131075 gc_pages=119351 gc_count=3913 waf_q16=125210 best=39 next=42 settled=0 active=45
[1396912.941808] mix-mixC-onlinev4-1402621 phase=A END
[1396912.949215] mix-mixC-onlinev4-1402621 phase=B START
[1396921.769628] NVMeVirt: WATGC_V2 sample ns=0 part=2 epoch=1 window=28 phase=measure evaluated=42 k=7 scale_pct=400 age_ratio=4 host=131079 gc_pages=97659 gc_count=3574 waf_q16=114362 best=39 next=43 settled=0 active=45
[1396921.776428] NVMeVirt: WATGC_V2 sample ns=0 part=3 epoch=1 window=28 phase=measure evaluated=42 k=7 scale_pct=400 age_ratio=4 host=131093 gc_pages=97964 gc_count=3579 waf_q16=114510 best=39 next=43 settled=0 active=45
[1396921.844486] NVMeVirt: WATGC_V2 sample ns=0 part=0 epoch=1 window=28 phase=measure evaluated=42 k=7 scale_pct=400 age_ratio=4 host=131099 gc_pages=96998 gc_count=3564 waf_q16=114025 best=39 next=43 settled=0 active=45
[1396921.847293] NVMeVirt: WATGC_V2 sample ns=0 part=1 epoch=1 window=28 phase=measure evaluated=42 k=7 scale_pct=400 age_ratio=4 host=131077 gc_pages=97469 gc_count=3571 waf_q16=114268 best=39 next=43 settled=0 active=45
[1396938.148481] NVMeVirt: WATGC_V2 sample ns=0 part=2 epoch=1 window=29 phase=measure evaluated=43 k=7 scale_pct=400 age_ratio=7 host=131095 gc_pages=125741 gc_count=4013 waf_q16=128395 best=39 next=44 settled=0 active=45
[1396938.198267] NVMeVirt: WATGC_V2 sample ns=0 part=3 epoch=1 window=29 phase=measure evaluated=43 k=7 scale_pct=400 age_ratio=7 host=131087 gc_pages=126261 gc_count=4021 waf_q16=128659 best=39 next=44 settled=0 active=45
[1396938.209746] NVMeVirt: WATGC_V2 sample ns=0 part=0 epoch=1 window=29 phase=measure evaluated=43 k=7 scale_pct=400 age_ratio=7 host=131088 gc_pages=124980 gc_count=4001 waf_q16=128018 best=39 next=44 settled=0 active=45
[1396938.232187] NVMeVirt: WATGC_V2 sample ns=0 part=1 epoch=1 window=29 phase=measure evaluated=43 k=7 scale_pct=400 age_ratio=7 host=131092 gc_pages=126704 gc_count=4028 waf_q16=128878 best=39 next=44 settled=0 active=45
[1396954.539801] NVMeVirt: WATGC_V2 sample ns=0 part=2 epoch=1 window=30 phase=measure evaluated=44 k=7 scale_pct=400 age_ratio=16 host=131074 gc_pages=134149 gc_count=4144 waf_q16=132609 best=39 next=45 settled=0 active=45
[1396954.552665] NVMeVirt: WATGC_V2 sample ns=0 part=3 epoch=1 window=30 phase=measure evaluated=44 k=7 scale_pct=400 age_ratio=16 host=131094 gc_pages=134512 gc_count=4150 waf_q16=132780 best=39 next=45 settled=0 active=45
[1396954.603653] NVMeVirt: WATGC_V2 sample ns=0 part=0 epoch=1 window=30 phase=measure evaluated=44 k=7 scale_pct=400 age_ratio=16 host=131095 gc_pages=132784 gc_count=4123 waf_q16=131916 best=39 next=45 settled=0 active=45
[1396954.640179] NVMeVirt: WATGC_V2 sample ns=0 part=1 epoch=1 window=30 phase=measure evaluated=44 k=7 scale_pct=400 age_ratio=16 host=131099 gc_pages=136939 gc_count=4188 waf_q16=133991 best=39 next=45 settled=0 active=45
[1396970.933710] NVMeVirt: WATGC_V2 sample ns=0 part=2 epoch=1 window=31 phase=measure evaluated=45 k=10 scale_pct=25 age_ratio=4 host=131085 gc_pages=118759 gc_count=3904 waf_q16=124909 best=39 next=46 settled=0 active=45
[1396970.946452] NVMeVirt: WATGC_V2 sample ns=0 part=3 epoch=1 window=31 phase=measure evaluated=45 k=10 scale_pct=25 age_ratio=4 host=131081 gc_pages=116987 gc_count=3876 waf_q16=124025 best=39 next=46 settled=0 active=45
[1396970.989605] NVMeVirt: WATGC_V2 sample ns=0 part=0 epoch=1 window=31 phase=measure evaluated=45 k=10 scale_pct=25 age_ratio=4 host=131100 gc_pages=117088 gc_count=3878 waf_q16=124067 best=39 next=46 settled=0 active=45
[1396971.019874] NVMeVirt: WATGC_V2 sample ns=0 part=1 epoch=1 window=31 phase=measure evaluated=45 k=10 scale_pct=25 age_ratio=4 host=131082 gc_pages=118453 gc_count=3899 waf_q16=124757 best=39 next=46 settled=0 active=45
[1396987.305211] NVMeVirt: WATGC_V2 sample ns=0 part=2 epoch=1 window=32 phase=measure evaluated=46 k=10 scale_pct=25 age_ratio=7 host=131080 gc_pages=94840 gc_count=3530 waf_q16=112953 best=39 next=47 settled=0 active=45
[1396987.365715] NVMeVirt: WATGC_V2 sample ns=0 part=3 epoch=1 window=32 phase=measure evaluated=46 k=10 scale_pct=25 age_ratio=7 host=131110 gc_pages=94551 gc_count=3526 waf_q16=112797 best=39 next=47 settled=0 active=45
[1396987.375047] NVMeVirt: WATGC_V2 sample ns=0 part=0 epoch=1 window=32 phase=measure evaluated=46 k=10 scale_pct=25 age_ratio=7 host=131086 gc_pages=94378 gc_count=3523 waf_q16=112719 best=39 next=47 settled=0 active=45
[1396987.388200] NVMeVirt: WATGC_V2 sample ns=0 part=1 epoch=1 window=32 phase=measure evaluated=46 k=10 scale_pct=25 age_ratio=7 host=131081 gc_pages=94714 gc_count=3528 waf_q16=112889 best=39 next=47 settled=0 active=45
[1397003.667112] NVMeVirt: WATGC_V2 sample ns=0 part=2 epoch=1 window=33 phase=measure evaluated=47 k=10 scale_pct=25 age_ratio=16 host=131082 gc_pages=123254 gc_count=3974 waf_q16=127158 best=39 next=48 settled=0 active=45
[1397003.731270] NVMeVirt: WATGC_V2 sample ns=0 part=0 epoch=1 window=33 phase=measure evaluated=47 k=10 scale_pct=25 age_ratio=16 host=131097 gc_pages=125027 gc_count=4002 waf_q16=128037 best=39 next=48 settled=0 active=45
[1397003.765193] NVMeVirt: WATGC_V2 sample ns=0 part=3 epoch=1 window=33 phase=measure evaluated=47 k=10 scale_pct=25 age_ratio=16 host=131077 gc_pages=123944 gc_count=3985 waf_q16=127505 best=39 next=48 settled=0 active=45
[1397003.817278] NVMeVirt: WATGC_V2 sample ns=0 part=1 epoch=1 window=33 phase=measure evaluated=47 k=10 scale_pct=25 age_ratio=16 host=131107 gc_pages=124119 gc_count=3988 waf_q16=127578 best=39 next=48 settled=0 active=45
[1397020.028234] NVMeVirt: WATGC_V2 sample ns=0 part=2 epoch=1 window=34 phase=measure evaluated=48 k=10 scale_pct=50 age_ratio=4 host=131090 gc_pages=82672 gc_count=3340 waf_q16=106866 best=39 next=49 settled=0 active=45
[1397020.142654] NVMeVirt: WATGC_V2 sample ns=0 part=3 epoch=1 window=34 phase=measure evaluated=48 k=10 scale_pct=50 age_ratio=4 host=131074 gc_pages=80771 gc_count=3310 waf_q16=105920 best=48 next=49 settled=0 active=45
[1397020.149607] NVMeVirt: WATGC_V2 sample ns=0 part=0 epoch=1 window=34 phase=measure evaluated=48 k=10 scale_pct=50 age_ratio=4 host=131109 gc_pages=80727 gc_count=3310 waf_q16=105888 best=39 next=49 settled=0 active=45
[1397020.205642] NVMeVirt: WATGC_V2 sample ns=0 part=1 epoch=1 window=34 phase=measure evaluated=48 k=10 scale_pct=50 age_ratio=4 host=131083 gc_pages=81084 gc_count=3315 waf_q16=106074 best=48 next=49 settled=0 active=45
[1397036.455934] NVMeVirt: WATGC_V2 sample ns=0 part=2 epoch=1 window=35 phase=measure evaluated=49 k=10 scale_pct=50 age_ratio=7 host=131074 gc_pages=122298 gc_count=3959 waf_q16=126684 best=39 next=50 settled=0 active=45
[1397036.517974] NVMeVirt: WATGC_V2 sample ns=0 part=0 epoch=1 window=35 phase=measure evaluated=49 k=10 scale_pct=50 age_ratio=7 host=131091 gc_pages=121713 gc_count=3950 waf_q16=126383 best=39 next=50 settled=0 active=45
[1397036.525092] NVMeVirt: WATGC_V2 sample ns=0 part=3 epoch=1 window=35 phase=measure evaluated=49 k=10 scale_pct=50 age_ratio=7 host=131105 gc_pages=121812 gc_count=3952 waf_q16=126426 best=48 next=50 settled=0 active=45
[1397036.579855] NVMeVirt: WATGC_V2 sample ns=0 part=1 epoch=1 window=35 phase=measure evaluated=49 k=10 scale_pct=50 age_ratio=7 host=131088 gc_pages=120806 gc_count=3936 waf_q16=125931 best=48 next=50 settled=0 active=45
[1397052.832507] NVMeVirt: WATGC_V2 sample ns=0 part=2 epoch=1 window=36 phase=measure evaluated=50 k=10 scale_pct=50 age_ratio=16 host=131078 gc_pages=98312 gc_count=3584 waf_q16=114689 best=39 next=51 settled=0 active=45
[1397052.904163] NVMeVirt: WATGC_V2 sample ns=0 part=3 epoch=1 window=36 phase=measure evaluated=50 k=10 scale_pct=50 age_ratio=16 host=131077 gc_pages=100240 gc_count=3614 waf_q16=115654 best=48 next=51 settled=0 active=45
[1397052.936488] NVMeVirt: WATGC_V2 sample ns=0 part=0 epoch=1 window=36 phase=measure evaluated=50 k=10 scale_pct=50 age_ratio=16 host=131112 gc_pages=99672 gc_count=3606 waf_q16=115356 best=39 next=51 settled=0 active=45
[1397052.964846] NVMeVirt: WATGC_V2 sample ns=0 part=1 epoch=1 window=36 phase=measure evaluated=50 k=10 scale_pct=50 age_ratio=16 host=131107 gc_pages=101340 gc_count=3632 waf_q16=116192 best=48 next=51 settled=0 active=45
[1397069.231491] NVMeVirt: WATGC_V2 sample ns=0 part=2 epoch=1 window=37 phase=measure evaluated=51 k=10 scale_pct=100 age_ratio=4 host=131084 gc_pages=109564 gc_count=3760 waf_q16=120312 best=39 next=52 settled=0 active=45
[1397069.290847] NVMeVirt: WATGC_V2 sample ns=0 part=3 epoch=1 window=37 phase=measure evaluated=51 k=10 scale_pct=100 age_ratio=4 host=131074 gc_pages=109637 gc_count=3761 waf_q16=120353 best=48 next=52 settled=0 active=45
[1397069.314737] NVMeVirt: WATGC_V2 sample ns=0 part=0 epoch=1 window=37 phase=measure evaluated=51 k=10 scale_pct=100 age_ratio=4 host=131076 gc_pages=110019 gc_count=3767 waf_q16=120543 best=39 next=52 settled=0 active=45
[1397069.348672] NVMeVirt: WATGC_V2 sample ns=0 part=1 epoch=1 window=37 phase=measure evaluated=51 k=10 scale_pct=100 age_ratio=4 host=131100 gc_pages=110571 gc_count=3776 waf_q16=120809 best=48 next=52 settled=0 active=45
[1397085.610729] NVMeVirt: WATGC_V2 sample ns=0 part=2 epoch=1 window=38 phase=measure evaluated=52 k=10 scale_pct=100 age_ratio=7 host=131090 gc_pages=118131 gc_count=3894 waf_q16=124593 best=39 next=53 settled=0 active=45
[1397085.693060] NVMeVirt: WATGC_V2 sample ns=0 part=0 epoch=1 window=38 phase=measure evaluated=52 k=10 scale_pct=100 age_ratio=7 host=131088 gc_pages=119741 gc_count=3919 waf_q16=125399 best=39 next=53 settled=0 active=45
[1397085.702197] NVMeVirt: WATGC_V2 sample ns=0 part=3 epoch=1 window=38 phase=measure evaluated=52 k=10 scale_pct=100 age_ratio=7 host=131081 gc_pages=117822 gc_count=3889 waf_q16=124442 best=48 next=53 settled=0 active=45
[1397085.724030] NVMeVirt: WATGC_V2 sample ns=0 part=1 epoch=1 window=38 phase=measure evaluated=52 k=10 scale_pct=100 age_ratio=7 host=131074 gc_pages=118274 gc_count=3896 waf_q16=124672 best=48 next=53 settled=0 active=45
[1397101.994586] NVMeVirt: WATGC_V2 sample ns=0 part=2 epoch=1 window=39 phase=measure evaluated=53 k=10 scale_pct=100 age_ratio=16 host=131076 gc_pages=124539 gc_count=3994 waf_q16=127803 best=39 next=54 settled=0 active=45
[1397102.048605] NVMeVirt: WATGC_V2 sample ns=0 part=3 epoch=1 window=39 phase=measure evaluated=53 k=10 scale_pct=100 age_ratio=16 host=131078 gc_pages=123847 gc_count=3983 waf_q16=127456 best=48 next=54 settled=0 active=45
[1397102.102256] NVMeVirt: WATGC_V2 sample ns=0 part=1 epoch=1 window=39 phase=measure evaluated=53 k=10 scale_pct=100 age_ratio=16 host=131099 gc_pages=125285 gc_count=4006 waf_q16=128165 best=48 next=54 settled=0 active=45
[1397102.127394] NVMeVirt: WATGC_V2 sample ns=0 part=0 epoch=1 window=39 phase=measure evaluated=53 k=10 scale_pct=100 age_ratio=16 host=131081 gc_pages=124919 gc_count=4000 waf_q16=127991 best=39 next=54 settled=0 active=45
[1397118.362316] NVMeVirt: WATGC_V2 sample ns=0 part=2 epoch=1 window=40 phase=measure evaluated=54 k=10 scale_pct=200 age_ratio=4 host=131090 gc_pages=94517 gc_count=3525 waf_q16=112788 best=39 next=55 settled=0 active=45
[1397118.455143] NVMeVirt: WATGC_V2 sample ns=0 part=3 epoch=1 window=40 phase=measure evaluated=54 k=10 scale_pct=200 age_ratio=4 host=131075 gc_pages=93955 gc_count=3516 waf_q16=112512 best=48 next=55 settled=0 active=45
[1397118.491442] NVMeVirt: WATGC_V2 sample ns=0 part=1 epoch=1 window=40 phase=measure evaluated=54 k=10 scale_pct=200 age_ratio=4 host=131096 gc_pages=92397 gc_count=3492 waf_q16=111726 best=48 next=55 settled=0 active=45
[1397118.513278] NVMeVirt: WATGC_V2 sample ns=0 part=0 epoch=1 window=40 phase=measure evaluated=54 k=10 scale_pct=200 age_ratio=4 host=131089 gc_pages=93941 gc_count=3516 waf_q16=112500 best=39 next=55 settled=0 active=45
[1397134.748262] NVMeVirt: WATGC_V2 sample ns=0 part=2 epoch=1 window=41 phase=measure evaluated=55 k=10 scale_pct=200 age_ratio=7 host=131102 gc_pages=126499 gc_count=4025 waf_q16=128771 best=39 next=56 settled=0 active=45
[1397134.855131] NVMeVirt: WATGC_V2 sample ns=0 part=3 epoch=1 window=41 phase=measure evaluated=55 k=10 scale_pct=200 age_ratio=7 host=131099 gc_pages=124839 gc_count=3999 waf_q16=127942 best=48 next=56 settled=0 active=45
[1397134.876437] NVMeVirt: WATGC_V2 sample ns=0 part=0 epoch=1 window=41 phase=measure evaluated=55 k=10 scale_pct=200 age_ratio=7 host=131092 gc_pages=126062 gc_count=4018 waf_q16=128557 best=39 next=56 settled=0 active=45
[1397134.886353] NVMeVirt: WATGC_V2 sample ns=0 part=1 epoch=1 window=41 phase=measure evaluated=55 k=10 scale_pct=200 age_ratio=7 host=131080 gc_pages=124921 gc_count=4000 waf_q16=127992 best=48 next=56 settled=0 active=45
[1397151.160159] NVMeVirt: WATGC_V2 sample ns=0 part=2 epoch=1 window=42 phase=measure evaluated=56 k=10 scale_pct=200 age_ratio=16 host=131099 gc_pages=114859 gc_count=3843 waf_q16=122953 best=39 next=57 settled=0 active=45
[1397151.231406] NVMeVirt: WATGC_V2 sample ns=0 part=3 epoch=1 window=42 phase=measure evaluated=56 k=10 scale_pct=200 age_ratio=16 host=131095 gc_pages=115695 gc_count=3856 waf_q16=123373 best=48 next=57 settled=0 active=45
[1397151.264999] NVMeVirt: WATGC_V2 sample ns=0 part=0 epoch=1 window=42 phase=measure evaluated=56 k=10 scale_pct=200 age_ratio=16 host=131074 gc_pages=115267 gc_count=3849 waf_q16=123168 best=39 next=57 settled=0 active=45
[1397151.265570] NVMeVirt: WATGC_V2 sample ns=0 part=1 epoch=1 window=42 phase=measure evaluated=56 k=10 scale_pct=200 age_ratio=16 host=131087 gc_pages=114167 gc_count=3832 waf_q16=122612 best=48 next=57 settled=0 active=45
[1397167.567883] NVMeVirt: WATGC_V2 sample ns=0 part=2 epoch=1 window=43 phase=measure evaluated=57 k=10 scale_pct=400 age_ratio=4 host=131080 gc_pages=125817 gc_count=4014 waf_q16=128440 best=39 next=58 settled=0 active=45
[1397167.605873] NVMeVirt: WATGC_V2 sample ns=0 part=3 epoch=1 window=43 phase=measure evaluated=57 k=10 scale_pct=400 age_ratio=4 host=131084 gc_pages=126260 gc_count=4021 waf_q16=128660 best=48 next=58 settled=0 active=45
[1397167.628275] NVMeVirt: WATGC_V2 sample ns=0 part=0 epoch=1 window=43 phase=measure evaluated=57 k=10 scale_pct=400 age_ratio=4 host=131077 gc_pages=126139 gc_count=4019 waf_q16=128603 best=39 next=58 settled=0 active=45
[1397167.664865] NVMeVirt: WATGC_V2 sample ns=0 part=1 epoch=1 window=43 phase=measure evaluated=57 k=10 scale_pct=400 age_ratio=4 host=131084 gc_pages=123765 gc_count=3982 waf_q16=127412 best=48 next=58 settled=0 active=45
[1397183.930933] NVMeVirt: WATGC_V2 sample ns=0 part=2 epoch=1 window=44 phase=measure evaluated=58 k=10 scale_pct=400 age_ratio=7 host=131100 gc_pages=120811 gc_count=3936 waf_q16=125928 best=39 next=59 settled=0 active=45
[1397184.001443] NVMeVirt: WATGC_V2 sample ns=0 part=3 epoch=1 window=44 phase=measure evaluated=58 k=10 scale_pct=400 age_ratio=7 host=131093 gc_pages=123186 gc_count=3973 waf_q16=127119 best=48 next=59 settled=0 active=45
[1397184.023196] NVMeVirt: WATGC_V2 sample ns=0 part=0 epoch=1 window=44 phase=measure evaluated=58 k=10 scale_pct=400 age_ratio=7 host=131085 gc_pages=120762 gc_count=3935 waf_q16=125911 best=39 next=59 settled=0 active=45
[1397184.059655] NVMeVirt: WATGC_V2 sample ns=0 part=1 epoch=1 window=44 phase=measure evaluated=58 k=10 scale_pct=400 age_ratio=7 host=131097 gc_pages=118254 gc_count=3896 waf_q16=124651 best=48 next=59 settled=0 active=45
[1397200.349868] NVMeVirt: WATGC_V2 sample ns=0 part=2 epoch=1 window=45 phase=measure evaluated=59 k=10 scale_pct=400 age_ratio=16 host=131087 gc_pages=137075 gc_count=4190 waf_q16=134065 best=39 next=48 settled=0 active=29
[1397200.378451] NVMeVirt: WATGC_V2 sample ns=0 part=3 epoch=1 window=45 phase=measure evaluated=59 k=10 scale_pct=400 age_ratio=16 host=131073 gc_pages=137856 gc_count=4202 waf_q16=134463 best=48 next=48 settled=0 active=23
[1397200.389208] NVMeVirt: WATGC_V2 sample ns=0 part=0 epoch=1 window=45 phase=measure evaluated=59 k=10 scale_pct=400 age_ratio=16 host=131072 gc_pages=137089 gc_count=4190 waf_q16=134080 best=39 next=48 settled=0 active=24
[1397200.444279] NVMeVirt: WATGC_V2 sample ns=0 part=1 epoch=1 window=45 phase=measure evaluated=59 k=10 scale_pct=400 age_ratio=16 host=131100 gc_pages=133861 gc_count=4140 waf_q16=132452 best=48 next=48 settled=0 active=23
[1397216.746851] NVMeVirt: WATGC_V2 sample ns=0 part=2 epoch=1 window=46 phase=measure evaluated=48 k=10 scale_pct=50 age_ratio=4 host=131086 gc_pages=118334 gc_count=3897 waf_q16=124696 best=39 next=39 settled=0 active=28
[1397216.756762] NVMeVirt: WATGC_V2 sample ns=0 part=0 epoch=1 window=46 phase=measure evaluated=48 k=10 scale_pct=50 age_ratio=4 host=131102 gc_pages=120684 gc_count=3934 waf_q16=125864 best=39 next=39 settled=0 active=23
[1397216.781248] NVMeVirt: WATGC_V2 sample ns=0 part=3 epoch=1 window=46 phase=measure evaluated=48 k=10 scale_pct=50 age_ratio=4 host=131080 gc_pages=119614 gc_count=3917 waf_q16=125339 best=39 next=39 settled=0 active=22
[1397216.829454] NVMeVirt: WATGC_V2 sample ns=0 part=1 epoch=1 window=46 phase=measure evaluated=48 k=10 scale_pct=50 age_ratio=4 host=131075 gc_pages=118529 gc_count=3900 waf_q16=124799 best=39 next=39 settled=0 active=22
[1397233.117901] NVMeVirt: WATGC_V2 sample ns=0 part=2 epoch=1 window=47 phase=measure evaluated=39 k=7 scale_pct=200 age_ratio=4 host=131097 gc_pages=140396 gc_count=4242 waf_q16=135720 best=24 next=24 settled=0 active=28
[1397233.159720] NVMeVirt: WATGC_V2 sample ns=0 part=0 epoch=1 window=47 phase=measure evaluated=39 k=7 scale_pct=200 age_ratio=4 host=131096 gc_pages=138540 gc_count=4213 waf_q16=134793 best=24 next=24 settled=0 active=23
[1397233.160593] NVMeVirt: WATGC_V2 sample ns=0 part=3 epoch=1 window=47 phase=measure evaluated=39 k=7 scale_pct=200 age_ratio=4 host=131082 gc_pages=139706 gc_count=4231 waf_q16=135383 best=24 next=24 settled=0 active=22
[1397233.218685] NVMeVirt: WATGC_V2 sample ns=0 part=1 epoch=1 window=47 phase=measure evaluated=39 k=7 scale_pct=200 age_ratio=4 host=131079 gc_pages=139708 gc_count=4231 waf_q16=135386 best=24 next=24 settled=0 active=22
[1397249.504634] NVMeVirt: WATGC_V2 sample ns=0 part=2 epoch=1 window=48 phase=measure evaluated=24 k=4 scale_pct=200 age_ratio=4 host=131097 gc_pages=157289 gc_count=4506 waf_q16=144165 best=31 next=31 settled=0 active=28
[1397249.524887] NVMeVirt: WATGC_V2 sample ns=0 part=0 epoch=1 window=48 phase=measure evaluated=24 k=4 scale_pct=200 age_ratio=4 host=131076 gc_pages=156095 gc_count=4487 waf_q16=143581 best=54 next=33 settled=0 active=23
[1397249.546280] NVMeVirt: WATGC_V2 sample ns=0 part=3 epoch=1 window=48 phase=measure evaluated=24 k=4 scale_pct=200 age_ratio=4 host=131088 gc_pages=157554 gc_count=4510 waf_q16=144303 best=54 next=31 settled=0 active=22
[1397249.626237] NVMeVirt: WATGC_V2 sample ns=0 part=1 epoch=1 window=48 phase=measure evaluated=24 k=4 scale_pct=200 age_ratio=4 host=131089 gc_pages=157041 gc_count=4502 waf_q16=144046 best=54 next=54 settled=0 active=22
[1397265.885591] NVMeVirt: WATGC_V2 sample ns=0 part=2 epoch=1 window=49 phase=measure evaluated=31 k=7 scale_pct=25 age_ratio=7 host=131106 gc_pages=124367 gc_count=3992 waf_q16=127703 best=33 next=33 settled=0 active=28
[1397265.915918] NVMeVirt: WATGC_V2 sample ns=0 part=0 epoch=1 window=49 phase=measure evaluated=33 k=7 scale_pct=50 age_ratio=4 host=131074 gc_pages=133890 gc_count=4140 waf_q16=132479 best=54 next=54 settled=0 active=23
[1397265.939343] NVMeVirt: WATGC_V2 sample ns=0 part=3 epoch=1 window=49 phase=measure evaluated=31 k=7 scale_pct=25 age_ratio=7 host=131076 gc_pages=123693 gc_count=3981 waf_q16=127380 best=54 next=54 settled=0 active=22
[1397266.003376] NVMeVirt: WATGC_V2 sample ns=0 part=1 epoch=1 window=49 phase=measure evaluated=54 k=10 scale_pct=200 age_ratio=4 host=131086 gc_pages=162802 gc_count=4592 waf_q16=146928 best=33 next=33 settled=0 active=22
[1397282.279294] NVMeVirt: WATGC_V2 sample ns=0 part=2 epoch=1 window=50 phase=measure evaluated=33 k=7 scale_pct=50 age_ratio=4 host=131083 gc_pages=96456 gc_count=3555 waf_q16=113759 best=33 next=54 settled=0 active=28
[1397282.292868] NVMeVirt: WATGC_V2 sample ns=0 part=0 epoch=1 window=50 phase=measure evaluated=54 k=10 scale_pct=200 age_ratio=4 host=131074 gc_pages=142021 gc_count=4267 waf_q16=136545 best=46 next=46 settled=0 active=23
[1397282.351101] NVMeVirt: WATGC_V2 sample ns=0 part=3 epoch=1 window=50 phase=measure evaluated=54 k=10 scale_pct=200 age_ratio=4 host=131085 gc_pages=100799 gc_count=3623 waf_q16=115930 best=46 next=33 settled=0 active=22
[1397282.373174] NVMeVirt: WATGC_V2 sample ns=0 part=1 epoch=1 window=50 phase=measure evaluated=33 k=7 scale_pct=50 age_ratio=4 host=131080 gc_pages=143611 gc_count=4292 waf_q16=137337 best=31 next=31 settled=0 active=22
[1397298.653985] NVMeVirt: WATGC_V2 sample ns=0 part=2 epoch=1 window=51 phase=measure evaluated=54 k=10 scale_pct=200 age_ratio=4 host=131081 gc_pages=154553 gc_count=4463 waf_q16=142807 best=33 next=46 settled=0 active=28
[1397298.696592] NVMeVirt: WATGC_V2 sample ns=0 part=0 epoch=1 window=51 phase=measure evaluated=46 k=10 scale_pct=25 age_ratio=7 host=131077 gc_pages=120167 gc_count=3926 waf_q16=125617 best=31 next=31 settled=0 active=23
[1397298.724389] NVMeVirt: WATGC_V2 sample ns=0 part=3 epoch=1 window=51 phase=measure evaluated=33 k=7 scale_pct=50 age_ratio=4 host=131075 gc_pages=137983 gc_count=4204 waf_q16=134525 best=46 next=46 settled=0 active=22
[1397298.762321] NVMeVirt: WATGC_V2 sample ns=0 part=1 epoch=1 window=51 phase=measure evaluated=31 k=7 scale_pct=25 age_ratio=7 host=131083 gc_pages=117801 gc_count=3889 waf_q16=124431 best=46 next=46 settled=0 active=22
[1397315.050380] NVMeVirt: WATGC_V2 sample ns=0 part=2 epoch=1 window=52 phase=measure evaluated=46 k=10 scale_pct=25 age_ratio=7 host=131094 gc_pages=108687 gc_count=3747 waf_q16=119870 best=33 next=42 settled=0 active=28
[1397315.090996] NVMeVirt: WATGC_V2 sample ns=0 part=0 epoch=1 window=52 phase=measure evaluated=31 k=7 scale_pct=25 age_ratio=7 host=131084 gc_pages=91315 gc_count=3475 waf_q16=111189 best=31 next=42 settled=0 active=23
[1397315.119227] NVMeVirt: WATGC_V2 sample ns=0 part=3 epoch=1 window=52 phase=measure evaluated=46 k=10 scale_pct=25 age_ratio=7 host=131100 gc_pages=97766 gc_count=3576 waf_q16=114408 best=46 next=42 settled=0 active=22
[1397315.131388] NVMeVirt: WATGC_V2 sample ns=0 part=1 epoch=1 window=52 phase=measure evaluated=46 k=10 scale_pct=25 age_ratio=7 host=131072 gc_pages=86990 gc_count=3407 waf_q16=109031 best=46 next=42 settled=0 active=21
[1397331.435572] NVMeVirt: WATGC_V2 sample ns=0 part=2 epoch=1 window=53 phase=measure evaluated=42 k=7 scale_pct=400 age_ratio=4 host=131094 gc_pages=133361 gc_count=4132 waf_q16=132205 best=33 next=21 settled=0 active=28
[1397331.495263] NVMeVirt: WATGC_V2 sample ns=0 part=3 epoch=1 window=53 phase=measure evaluated=42 k=7 scale_pct=400 age_ratio=4 host=131095 gc_pages=139055 gc_count=4221 waf_q16=135051 best=46 next=17 settled=0 active=22
[1397331.500028] NVMeVirt: WATGC_V2 sample ns=0 part=0 epoch=1 window=53 phase=measure evaluated=42 k=7 scale_pct=400 age_ratio=4 host=131074 gc_pages=135751 gc_count=4169 waf_q16=133410 best=31 next=21 settled=0 active=23
[1397331.507892] NVMeVirt: WATGC_V2 sample ns=0 part=1 epoch=1 window=53 phase=measure evaluated=42 k=7 scale_pct=400 age_ratio=4 host=131098 gc_pages=141293 gc_count=4256 waf_q16=136168 best=46 next=21 settled=0 active=21
[1397347.819052] NVMeVirt: WATGC_V2 sample ns=0 part=2 epoch=1 window=54 phase=measure evaluated=21 k=4 scale_pct=100 age_ratio=4 host=131082 gc_pages=139835 gc_count=4233 waf_q16=135448 best=33 next=50 settled=0 active=28
[1397347.866855] NVMeVirt: WATGC_V2 sample ns=0 part=3 epoch=1 window=54 phase=measure evaluated=17 k=4 scale_pct=25 age_ratio=16 host=131091 gc_pages=141142 gc_count=4254 waf_q16=136096 best=46 next=21 settled=0 active=22
[1397347.877020] NVMeVirt: WATGC_V2 sample ns=0 part=0 epoch=1 window=54 phase=measure evaluated=21 k=4 scale_pct=100 age_ratio=4 host=131097 gc_pages=143787 gc_count=4295 waf_q16=137415 best=31 next=17 settled=0 active=23
[1397347.926686] NVMeVirt: WATGC_V2 sample ns=0 part=1 epoch=1 window=54 phase=measure evaluated=21 k=4 scale_pct=100 age_ratio=4 host=131094 gc_pages=146670 gc_count=4340 waf_q16=138858 best=46 next=17 settled=0 active=21
[1397364.188815] NVMeVirt: WATGC_V2 sample ns=0 part=2 epoch=1 window=55 phase=measure evaluated=50 k=10 scale_pct=50 age_ratio=16 host=131093 gc_pages=121106 gc_count=3941 waf_q16=126079 best=33 next=17 settled=0 active=28
[1397364.258283] NVMeVirt: WATGC_V2 sample ns=0 part=3 epoch=1 window=55 phase=measure evaluated=21 k=4 scale_pct=100 age_ratio=4 host=131090 gc_pages=93877 gc_count=3515 waf_q16=112468 best=46 next=36 settled=0 active=22
[1397364.277397] NVMeVirt: WATGC_V2 sample ns=0 part=0 epoch=1 window=55 phase=measure evaluated=17 k=4 scale_pct=25 age_ratio=16 host=131101 gc_pages=134229 gc_count=4146 waf_q16=132635 best=31 next=50 settled=0 active=23
[1397364.312883] NVMeVirt: WATGC_V2 sample ns=0 part=1 epoch=1 window=55 phase=measure evaluated=17 k=4 scale_pct=25 age_ratio=16 host=131110 gc_pages=134979 gc_count=4158 waf_q16=133005 best=46 next=36 settled=0 active=21
[1397380.594293] NVMeVirt: WATGC_V2 sample ns=0 part=2 epoch=1 window=56 phase=measure evaluated=17 k=4 scale_pct=25 age_ratio=16 host=131109 gc_pages=97690 gc_count=3575 waf_q16=114367 best=33 next=36 settled=0 active=28
[1397380.654011] NVMeVirt: WATGC_V2 sample ns=0 part=0 epoch=1 window=56 phase=measure evaluated=50 k=10 scale_pct=50 age_ratio=16 host=131106 gc_pages=79840 gc_count=3296 waf_q16=105445 best=50 next=36 settled=0 active=23
[1397380.664037] NVMeVirt: WATGC_V2 sample ns=0 part=3 epoch=1 window=56 phase=measure evaluated=36 k=7 scale_pct=100 age_ratio=4 host=131100 gc_pages=99564 gc_count=3604 waf_q16=115307 best=46 next=50 settled=0 active=22
[1397380.686620] NVMeVirt: WATGC_V2 sample ns=0 part=1 epoch=1 window=56 phase=measure evaluated=36 k=7 scale_pct=100 age_ratio=4 host=131093 gc_pages=79916 gc_count=3297 waf_q16=105487 best=46 next=50 settled=0 active=21
[1397396.970606] NVMeVirt: WATGC_V2 sample ns=0 part=2 epoch=1 window=57 phase=measure evaluated=36 k=7 scale_pct=100 age_ratio=4 host=131097 gc_pages=93871 gc_count=3515 waf_q16=112462 best=33 next=27 settled=0 active=28
[1397397.039288] NVMeVirt: WATGC_V2 sample ns=0 part=1 epoch=1 window=57 phase=measure evaluated=50 k=10 scale_pct=50 age_ratio=16 host=131101 gc_pages=116236 gc_count=3865 waf_q16=123641 best=46 next=27 settled=0 active=21
[1397397.047256] NVMeVirt: WATGC_V2 sample ns=0 part=3 epoch=1 window=57 phase=measure evaluated=50 k=10 scale_pct=50 age_ratio=16 host=131076 gc_pages=120958 gc_count=3938 waf_q16=126013 best=46 next=27 settled=0 active=22
[1397397.087851] NVMeVirt: WATGC_V2 sample ns=0 part=0 epoch=1 window=57 phase=measure evaluated=36 k=7 scale_pct=100 age_ratio=4 host=131080 gc_pages=101247 gc_count=3630 waf_q16=116156 best=50 next=18 settled=0 active=23
[1397413.406283] NVMeVirt: WATGC_V2 sample ns=0 part=2 epoch=1 window=58 phase=measure evaluated=27 k=4 scale_pct=400 age_ratio=4 host=131089 gc_pages=101109 gc_count=3628 waf_q16=116083 best=33 next=18 settled=0 active=28
[1397413.417989] NVMeVirt: WATGC_V2 sample ns=0 part=3 epoch=1 window=58 phase=measure evaluated=27 k=4 scale_pct=400 age_ratio=4 host=131086 gc_pages=81205 gc_count=3317 waf_q16=106134 best=27 next=18 settled=0 active=22
[1397413.421656] NVMeVirt: WATGC_V2 sample ns=0 part=0 epoch=1 window=58 phase=measure evaluated=18 k=4 scale_pct=50 age_ratio=4 host=131086 gc_pages=107256 gc_count=3724 waf_q16=119158 best=50 next=27 settled=0 active=23
[1397413.447979] NVMeVirt: WATGC_V2 sample ns=0 part=1 epoch=1 window=58 phase=measure evaluated=27 k=4 scale_pct=400 age_ratio=4 host=131098 gc_pages=84969 gc_count=3376 waf_q16=108012 best=46 next=18 settled=0 active=21
[1397429.774952] NVMeVirt: WATGC_V2 sample ns=0 part=2 epoch=1 window=59 phase=measure evaluated=18 k=4 scale_pct=50 age_ratio=4 host=131080 gc_pages=121274 gc_count=3943 waf_q16=126169 best=33 next=37 settled=0 active=28
[1397429.807731] NVMeVirt: WATGC_V2 sample ns=0 part=0 epoch=1 window=59 phase=measure evaluated=27 k=4 scale_pct=400 age_ratio=4 host=131081 gc_pages=129335 gc_count=4069 waf_q16=130199 best=50 next=37 settled=0 active=23
[1397429.821590] NVMeVirt: WATGC_V2 sample ns=0 part=3 epoch=1 window=59 phase=measure evaluated=18 k=4 scale_pct=50 age_ratio=4 host=131086 gc_pages=116086 gc_count=3862 waf_q16=123572 best=27 next=30 settled=0 active=22
[1397429.839218] NVMeVirt: WATGC_V2 sample ns=0 part=1 epoch=1 window=59 phase=measure evaluated=18 k=4 scale_pct=50 age_ratio=4 host=131088 gc_pages=117811 gc_count=3889 waf_q16=124434 best=46 next=37 settled=0 active=21
[1397446.113972] NVMeVirt: WATGC_V2 sample ns=0 part=2 epoch=1 window=60 phase=measure evaluated=37 k=7 scale_pct=100 age_ratio=7 host=131081 gc_pages=109889 gc_count=3765 waf_q16=120476 best=33 next=30 settled=0 active=28
[1397446.208342] NVMeVirt: WATGC_V2 sample ns=0 part=3 epoch=1 window=60 phase=measure evaluated=30 k=7 scale_pct=25 age_ratio=4 host=131088 gc_pages=90426 gc_count=3461 waf_q16=110743 best=27 next=37 settled=0 active=22
[1397446.232085] NVMeVirt: WATGC_V2 sample ns=0 part=0 epoch=1 window=60 phase=measure evaluated=37 k=7 scale_pct=100 age_ratio=7 host=131080 gc_pages=120264 gc_count=3927 waf_q16=125664 best=50 next=30 settled=0 active=23
[1397446.243710] NVMeVirt: WATGC_V2 sample ns=0 part=1 epoch=1 window=60 phase=measure evaluated=37 k=7 scale_pct=100 age_ratio=7 host=131097 gc_pages=105262 gc_count=3693 waf_q16=118156 best=46 next=30 settled=0 active=21
[1397462.548620] NVMeVirt: WATGC_V2 sample ns=0 part=2 epoch=1 window=61 phase=measure evaluated=30 k=7 scale_pct=25 age_ratio=4 host=131101 gc_pages=112108 gc_count=3800 waf_q16=121577 best=33 next=35 settled=0 active=28
[1397462.586434] NVMeVirt: WATGC_V2 sample ns=0 part=3 epoch=1 window=61 phase=measure evaluated=37 k=7 scale_pct=100 age_ratio=7 host=131097 gc_pages=122848 gc_count=3968 waf_q16=126948 best=27 next=19 settled=0 active=22
[1397462.590110] NVMeVirt: WATGC_V2 sample ns=0 part=0 epoch=1 window=61 phase=measure evaluated=30 k=7 scale_pct=25 age_ratio=4 host=131085 gc_pages=108847 gc_count=3749 waf_q16=119954 best=50 next=19 settled=0 active=23
[1397462.614568] NVMeVirt: WATGC_V2 sample ns=0 part=1 epoch=1 window=61 phase=measure evaluated=30 k=7 scale_pct=25 age_ratio=4 host=131079 gc_pages=112816 gc_count=3811 waf_q16=121940 best=46 next=19 settled=0 active=21
[1397478.908012] NVMeVirt: WATGC_V2 sample ns=0 part=2 epoch=1 window=62 phase=measure evaluated=35 k=7 scale_pct=50 age_ratio=16 host=131108 gc_pages=105050 gc_count=3690 waf_q16=118046 best=33 next=40 settled=0 active=28
[1397478.992728] NVMeVirt: WATGC_V2 sample ns=0 part=1 epoch=1 window=62 phase=measure evaluated=19 k=4 scale_pct=50 age_ratio=7 host=131082 gc_pages=105997 gc_count=3704 waf_q16=118530 best=46 next=25 settled=0 active=21
[1397478.994051] NVMeVirt: WATGC_V2 sample ns=0 part=0 epoch=1 window=62 phase=measure evaluated=19 k=4 scale_pct=50 age_ratio=7 host=131095 gc_pages=103857 gc_count=3671 waf_q16=117455 best=50 next=40 settled=0 active=23
[1397479.000427] NVMeVirt: WATGC_V2 sample ns=0 part=3 epoch=1 window=62 phase=measure evaluated=19 k=4 scale_pct=50 age_ratio=7 host=131085 gc_pages=114808 gc_count=3842 waf_q16=122934 best=27 next=40 settled=0 active=22
[1397495.339585] NVMeVirt: WATGC_V2 sample ns=0 part=2 epoch=1 window=63 phase=measure evaluated=40 k=7 scale_pct=200 age_ratio=7 host=131094 gc_pages=106353 gc_count=3710 waf_q16=118703 best=33 next=19 settled=0 active=28
[1397495.357145] NVMeVirt: WATGC_V2 sample ns=0 part=0 epoch=1 window=63 phase=measure evaluated=40 k=7 scale_pct=200 age_ratio=7 host=131099 gc_pages=140713 gc_count=4247 waf_q16=135878 best=50 next=25 settled=0 active=23
[1397495.367680] NVMeVirt: WATGC_V2 sample ns=0 part=3 epoch=1 window=63 phase=measure evaluated=40 k=7 scale_pct=200 age_ratio=7 host=131090 gc_pages=140784 gc_count=4248 waf_q16=135918 best=27 next=35 settled=0 active=22
[1397495.376237] NVMeVirt: WATGC_V2 sample ns=0 part=1 epoch=1 window=63 phase=measure evaluated=25 k=4 scale_pct=200 age_ratio=7 host=131074 gc_pages=140353 gc_count=4241 waf_q16=135711 best=46 next=35 settled=0 active=21
[1397511.716221] NVMeVirt: WATGC_V2 sample ns=0 part=2 epoch=1 window=64 phase=measure evaluated=19 k=4 scale_pct=50 age_ratio=7 host=131080 gc_pages=129920 gc_count=4078 waf_q16=130492 best=33 next=25 settled=0 active=28
[1397511.731617] NVMeVirt: WATGC_V2 sample ns=0 part=0 epoch=1 window=64 phase=measure evaluated=25 k=4 scale_pct=200 age_ratio=7 host=131081 gc_pages=155898 gc_count=4484 waf_q16=143479 best=50 next=35 settled=0 active=22
[1397511.767759] NVMeVirt: WATGC_V2 sample ns=0 part=3 epoch=1 window=64 phase=measure evaluated=35 k=7 scale_pct=50 age_ratio=16 host=131113 gc_pages=133663 gc_count=4137 waf_q16=132346 best=27 next=25 settled=0 active=22
[1397511.774826] NVMeVirt: WATGC_V2 sample ns=0 part=1 epoch=1 window=64 phase=measure evaluated=35 k=7 scale_pct=50 age_ratio=16 host=131092 gc_pages=133955 gc_count=4141 waf_q16=132503 best=46 next=40 settled=0 active=20
[1397528.087036] NVMeVirt: WATGC_V2 sample ns=0 part=2 epoch=1 window=65 phase=measure evaluated=25 k=4 scale_pct=200 age_ratio=7 host=131079 gc_pages=156538 gc_count=4494 waf_q16=143800 best=33 next=51 settled=0 active=28
[1397528.110046] NVMeVirt: WATGC_V2 sample ns=0 part=0 epoch=1 window=65 phase=measure evaluated=35 k=7 scale_pct=50 age_ratio=16 host=131103 gc_pages=138062 gc_count=4206 waf_q16=134550 best=50 next=51 settled=0 active=21
[1397528.155005] NVMeVirt: WATGC_V2 sample ns=0 part=1 epoch=1 window=65 phase=measure evaluated=40 k=7 scale_pct=200 age_ratio=7 host=131102 gc_pages=109802 gc_count=3764 waf_q16=120424 best=46 next=51 settled=0 active=20
[1397528.180088] NVMeVirt: WATGC_V2 sample ns=0 part=3 epoch=1 window=65 phase=measure evaluated=25 k=4 scale_pct=200 age_ratio=7 host=131094 gc_pages=108914 gc_count=3750 waf_q16=119983 best=27 next=20 settled=0 active=22
[1397544.480812] NVMeVirt: WATGC_V2 sample ns=0 part=2 epoch=1 window=66 phase=measure evaluated=51 k=10 scale_pct=100 age_ratio=4 host=131091 gc_pages=154607 gc_count=4464 waf_q16=142828 best=33 next=15 settled=0 active=27
[1397544.520249] NVMeVirt: WATGC_V2 sample ns=0 part=0 epoch=1 window=66 phase=measure evaluated=51 k=10 scale_pct=100 age_ratio=4 host=131091 gc_pages=85423 gc_count=3383 waf_q16=108241 best=50 next=20 settled=0 active=20
[1397544.539789] NVMeVirt: WATGC_V2 sample ns=0 part=1 epoch=1 window=66 phase=measure evaluated=51 k=10 scale_pct=100 age_ratio=4 host=131083 gc_pages=135291 gc_count=4162 waf_q16=133175 best=46 next=15 settled=0 active=20
[1397544.549629] NVMeVirt: WATGC_V2 sample ns=0 part=3 epoch=1 window=66 phase=measure evaluated=20 k=4 scale_pct=50 age_ratio=16 host=131081 gc_pages=130897 gc_count=4093 waf_q16=130980 best=27 next=51 settled=0 active=22
[1397560.854993] NVMeVirt: WATGC_V2 sample ns=0 part=2 epoch=1 window=67 phase=measure evaluated=15 k=4 scale_pct=25 age_ratio=4 host=131082 gc_pages=122549 gc_count=3963 waf_q16=126805 best=33 next=20 settled=0 active=26
[1397560.900845] NVMeVirt: WATGC_V2 sample ns=0 part=0 epoch=1 window=67 phase=measure evaluated=20 k=4 scale_pct=50 age_ratio=16 host=131096 gc_pages=133292 gc_count=4131 waf_q16=132169 best=50 next=15 settled=0 active=20
[1397560.929282] NVMeVirt: WATGC_V2 sample ns=0 part=1 epoch=1 window=67 phase=measure evaluated=15 k=4 scale_pct=25 age_ratio=4 host=131076 gc_pages=126066 gc_count=4018 waf_q16=128567 best=46 next=36 settled=0 active=20
[1397560.951911] NVMeVirt: WATGC_V2 sample ns=0 part=3 epoch=1 window=67 phase=measure evaluated=51 k=10 scale_pct=100 age_ratio=4 host=131088 gc_pages=134384 gc_count=4148 waf_q16=132719 best=27 next=27 settled=0 active=22
[1397577.255061] NVMeVirt: WATGC_V2 sample ns=0 part=2 epoch=1 window=68 phase=measure evaluated=20 k=4 scale_pct=50 age_ratio=16 host=131096 gc_pages=117998 gc_count=3892 waf_q16=124524 best=33 next=23 settled=0 active=26
[1397577.289099] NVMeVirt: WATGC_V2 sample ns=0 part=0 epoch=1 window=68 phase=measure evaluated=15 k=4 scale_pct=25 age_ratio=4 host=131089 gc_pages=101306 gc_count=3631 waf_q16=116182 best=50 next=50 settled=0 active=20
[1397577.314136] NVMeVirt: WATGC_V2 sample ns=0 part=3 epoch=1 window=68 phase=measure evaluated=27 k=4 scale_pct=400 age_ratio=4 host=131079 gc_pages=135231 gc_count=4161 waf_q16=133147 best=46 next=46 settled=0 active=22
[1397577.323843] NVMeVirt: WATGC_V2 sample ns=0 part=1 epoch=1 window=68 phase=measure evaluated=36 k=7 scale_pct=100 age_ratio=4 host=131087 gc_pages=117754 gc_count=3888 waf_q16=124406 best=46 next=46 settled=0 active=20
[1397593.637199] NVMeVirt: WATGC_V2 sample ns=0 part=2 epoch=1 window=69 phase=measure evaluated=23 k=4 scale_pct=100 age_ratio=16 host=131073 gc_pages=137663 gc_count=4199 waf_q16=134366 best=33 next=32 settled=0 active=26
[1397593.681856] NVMeVirt: WATGC_V2 sample ns=0 part=0 epoch=1 window=69 phase=measure evaluated=50 k=10 scale_pct=50 age_ratio=16 host=131082 gc_pages=124655 gc_count=3996 waf_q16=127858 best=31 next=31 settled=0 active=20
[1397593.685625] NVMeVirt: WATGC_V2 sample ns=0 part=3 epoch=1 window=69 phase=measure evaluated=46 k=10 scale_pct=25 age_ratio=7 host=131077 gc_pages=114494 gc_count=3837 waf_q16=122780 best=21 next=21 settled=0 active=22
[1397593.725854] NVMeVirt: WATGC_V2 sample ns=0 part=1 epoch=1 window=69 phase=measure evaluated=46 k=10 scale_pct=25 age_ratio=7 host=131103 gc_pages=117017 gc_count=3877 waf_q16=124030 best=27 next=27 settled=0 active=20
[1397610.013297] NVMeVirt: WATGC_V2 sample ns=0 part=2 epoch=1 window=70 phase=measure evaluated=32 k=7 scale_pct=25 age_ratio=16 host=131118 gc_pages=116611 gc_count=3871 waf_q16=123821 best=33 next=29 settled=0 active=26
[1397610.072682] NVMeVirt: WATGC_V2 sample ns=0 part=3 epoch=1 window=70 phase=measure evaluated=21 k=4 scale_pct=100 age_ratio=4 host=131082 gc_pages=98240 gc_count=3583 waf_q16=114652 best=21 next=54 settled=0 active=22
[1397610.088335] NVMeVirt: WATGC_V2 sample ns=0 part=0 epoch=1 window=70 phase=measure evaluated=31 k=7 scale_pct=25 age_ratio=7 host=131099 gc_pages=82350 gc_count=3335 waf_q16=106702 best=31 next=51 settled=0 active=19
[1397610.099403] NVMeVirt: WATGC_V2 sample ns=0 part=1 epoch=1 window=70 phase=measure evaluated=27 k=4 scale_pct=400 age_ratio=4 host=131073 gc_pages=96201 gc_count=3551 waf_q16=113636 best=27 next=48 settled=0 active=20
[1397626.387458] NVMeVirt: WATGC_V2 sample ns=0 part=2 epoch=1 window=71 phase=measure evaluated=29 k=4 scale_pct=400 age_ratio=16 host=131098 gc_pages=101358 gc_count=3632 waf_q16=116204 best=33 next=28 settled=0 active=26
[1397626.460631] NVMeVirt: WATGC_V2 sample ns=0 part=3 epoch=1 window=71 phase=measure evaluated=54 k=10 scale_pct=200 age_ratio=4 host=131099 gc_pages=144870 gc_count=4312 waf_q16=137956 best=21 next=30 settled=0 active=22
[1397626.488959] NVMeVirt: WATGC_V2 sample ns=0 part=0 epoch=1 window=71 phase=measure evaluated=51 k=10 scale_pct=100 age_ratio=4 host=131078 gc_pages=120896 gc_count=3937 waf_q16=125981 best=31 next=48 settled=0 active=19
[1397626.494797] NVMeVirt: WATGC_V2 sample ns=0 part=1 epoch=1 window=71 phase=measure evaluated=48 k=10 scale_pct=50 age_ratio=4 host=131105 gc_pages=128916 gc_count=4063 waf_q16=129977 best=27 next=37 settled=0 active=20
[1397642.781264] NVMeVirt: WATGC_V2 sample ns=0 part=2 epoch=1 window=72 phase=measure evaluated=28 k=4 scale_pct=400 age_ratio=7 host=131096 gc_pages=119471 gc_count=3915 waf_q16=125260 best=33 next=56 settled=0 active=26
[1397642.851238] NVMeVirt: WATGC_V2 sample ns=0 part=3 epoch=1 window=72 phase=measure evaluated=30 k=7 scale_pct=25 age_ratio=4 host=131079 gc_pages=115714 gc_count=3856 waf_q16=123389 best=21 next=36 settled=0 active=22
[1397642.869100] NVMeVirt: WATGC_V2 sample ns=0 part=0 epoch=1 window=72 phase=measure evaluated=48 k=10 scale_pct=50 age_ratio=4 host=131086 gc_pages=113782 gc_count=3826 waf_q16=122420 best=31 next=31 settled=0 active=19
[1397642.879192] NVMeVirt: WATGC_V2 sample ns=0 part=1 epoch=1 window=72 phase=measure evaluated=37 k=7 scale_pct=100 age_ratio=7 host=131072 gc_pages=118598 gc_count=3901 waf_q16=124835 best=27 next=31 settled=0 active=20
[1397659.183354] NVMeVirt: WATGC_V2 sample ns=0 part=2 epoch=1 window=73 phase=measure evaluated=56 k=10 scale_pct=200 age_ratio=16 host=131100 gc_pages=135700 gc_count=4169 waf_q16=133371 best=33 next=33 settled=0 active=26
[1397659.229074] NVMeVirt: WATGC_V2 sample ns=0 part=3 epoch=1 window=73 phase=measure evaluated=36 k=7 scale_pct=100 age_ratio=4 host=131083 gc_pages=127030 gc_count=4033 waf_q16=129045 best=21 next=48 settled=0 active=22
[1397659.242715] NVMeVirt: WATGC_V2 sample ns=0 part=1 epoch=1 window=73 phase=measure evaluated=31 k=7 scale_pct=25 age_ratio=7 host=131103 gc_pages=113882 gc_count=3828 waf_q16=122463 best=27 next=27 settled=0 active=20
[1397659.270473] NVMeVirt: WATGC_V2 sample ns=0 part=0 epoch=1 window=73 phase=measure evaluated=31 k=7 scale_pct=25 age_ratio=7 host=131106 gc_pages=114386 gc_count=3836 waf_q16=122714 best=31 next=36 settled=0 active=19
[1397675.582637] NVMeVirt: WATGC_V2 sample ns=0 part=2 epoch=1 window=74 phase=measure evaluated=33 k=7 scale_pct=50 age_ratio=4 host=131091 gc_pages=108791 gc_count=3748 waf_q16=119923 best=36 next=36 settled=0 active=26
[1397675.626528] NVMeVirt: WATGC_V2 sample ns=0 part=3 epoch=1 window=74 phase=measure evaluated=48 k=10 scale_pct=50 age_ratio=4 host=131097 gc_pages=115114 gc_count=3847 waf_q16=123082 best=21 next=31 settled=0 active=22
[1397675.626992] NVMeVirt: WATGC_V2 sample ns=0 part=0 epoch=1 window=74 phase=measure evaluated=36 k=7 scale_pct=100 age_ratio=4 host=131083 gc_pages=85819 gc_count=3389 waf_q16=108441 best=31 next=18 settled=0 active=19
[1397675.636445] NVMeVirt: WATGC_V2 sample ns=0 part=1 epoch=1 window=74 phase=measure evaluated=27 k=4 scale_pct=400 age_ratio=4 host=131078 gc_pages=87168 gc_count=3410 waf_q16=109118 best=27 next=19 settled=0 active=20
[1397686.542593] kauditd_printk_skb: 29 callbacks suppressed
[1397686.542597] audit: type=1400 audit(1790521203.931:658): apparmor="DENIED" operation="capable" class="cap" profile="/usr/sbin/cupsd" pid=1404962 comm="cupsd" capability=12  capname="net_admin"
[1397691.979665] NVMeVirt: WATGC_V2 sample ns=0 part=2 epoch=1 window=75 phase=measure evaluated=36 k=7 scale_pct=100 age_ratio=4 host=131089 gc_pages=122678 gc_count=3965 waf_q16=126867 best=17 next=17 settled=0 active=26
[1397692.008535] NVMeVirt: WATGC_V2 sample ns=0 part=0 epoch=1 window=75 phase=measure evaluated=18 k=4 scale_pct=50 age_ratio=4 host=131086 gc_pages=123125 gc_count=3972 waf_q16=127091 best=31 next=19 settled=0 active=19
[1397692.013922] NVMeVirt: WATGC_V2 sample ns=0 part=3 epoch=1 window=75 phase=measure evaluated=31 k=7 scale_pct=25 age_ratio=7 host=131078 gc_pages=109933 gc_count=3766 waf_q16=120499 best=21 next=25 settled=0 active=22
[1397692.023069] NVMeVirt: WATGC_V2 sample ns=0 part=1 epoch=1 window=75 phase=measure evaluated=19 k=4 scale_pct=50 age_ratio=7 host=131102 gc_pages=120485 gc_count=3931 waf_q16=125764 best=27 next=50 settled=0 active=20
[1397708.343093] NVMeVirt: WATGC_V2 sample ns=0 part=2 epoch=1 window=76 phase=measure evaluated=17 k=4 scale_pct=25 age_ratio=16 host=131075 gc_pages=124866 gc_count=3999 waf_q16=127967 best=33 next=48 settled=0 active=26
[1397708.369027] NVMeVirt: WATGC_V2 sample ns=0 part=3 epoch=1 window=76 phase=measure evaluated=25 k=4 scale_pct=200 age_ratio=7 host=131080 gc_pages=85823 gc_count=3389 waf_q16=108444 best=21 next=21 settled=0 active=22
[1397708.417212] NVMeVirt: WATGC_V2 sample ns=0 part=0 epoch=1 window=76 phase=measure evaluated=19 k=4 scale_pct=50 age_ratio=7 host=131082 gc_pages=110787 gc_count=3779 waf_q16=120925 best=31 next=30 settled=0 active=19
[1397708.434546] NVMeVirt: WATGC_V2 sample ns=0 part=1 epoch=1 window=76 phase=measure evaluated=50 k=10 scale_pct=50 age_ratio=16 host=131104 gc_pages=98397 gc_count=3586 waf_q16=114722 best=27 next=30 settled=0 active=20
[1397724.748800] NVMeVirt: WATGC_V2 sample ns=0 part=2 epoch=1 window=77 phase=measure evaluated=48 k=10 scale_pct=50 age_ratio=4 host=131084 gc_pages=87417 gc_count=3414 waf_q16=109240 best=48 next=27 settled=0 active=26
[1397724.758065] NVMeVirt: WATGC_V2 sample ns=0 part=3 epoch=1 window=77 phase=measure evaluated=21 k=4 scale_pct=100 age_ratio=4 host=131078 gc_pages=133437 gc_count=4133 waf_q16=132251 best=25 next=18 settled=0 active=22
[1397724.801234] NVMeVirt: WATGC_V2 sample ns=0 part=1 epoch=1 window=77 phase=measure evaluated=30 k=7 scale_pct=25 age_ratio=4 host=131082 gc_pages=95545 gc_count=3541 waf_q16=113304 best=27 next=40 settled=0 active=20
[1397724.808223] NVMeVirt: WATGC_V2 sample ns=0 part=0 epoch=1 window=77 phase=measure evaluated=30 k=7 scale_pct=25 age_ratio=4 host=131102 gc_pages=110176 gc_count=3770 waf_q16=120611 best=31 next=15 settled=0 active=19
[1397741.144549] NVMeVirt: WATGC_V2 sample ns=0 part=2 epoch=1 window=78 phase=measure evaluated=27 k=4 scale_pct=400 age_ratio=4 host=131075 gc_pages=95237 gc_count=3536 waf_q16=113153 best=48 next=46 settled=0 active=26
[1397741.155115] NVMeVirt: WATGC_V2 sample ns=0 part=0 epoch=1 window=78 phase=measure evaluated=15 k=4 scale_pct=25 age_ratio=4 host=131100 gc_pages=98845 gc_count=3593 waf_q16=114947 best=31 next=46 settled=0 active=19
[1397741.169903] NVMeVirt: WATGC_V2 sample ns=0 part=1 epoch=1 window=78 phase=measure evaluated=40 k=7 scale_pct=200 age_ratio=7 host=131087 gc_pages=101947 gc_count=3641 waf_q16=116503 best=27 next=18 settled=0 active=20
[1397741.189429] NVMeVirt: WATGC_V2 sample ns=0 part=3 epoch=1 window=78 phase=measure evaluated=18 k=4 scale_pct=50 age_ratio=4 host=131093 gc_pages=129201 gc_count=4067 waf_q16=130126 best=25 next=50 settled=0 active=22
[1397757.530174] NVMeVirt: WATGC_V2 sample ns=0 part=2 epoch=1 window=79 phase=measure evaluated=46 k=10 scale_pct=25 age_ratio=7 host=131074 gc_pages=118465 gc_count=3899 waf_q16=124767 best=48 next=35 settled=0 active=26
[1397757.548545] NVMeVirt: WATGC_V2 sample ns=0 part=0 epoch=1 window=79 phase=measure evaluated=46 k=10 scale_pct=25 age_ratio=7 host=131100 gc_pages=119659 gc_count=3918 waf_q16=125352 best=31 next=36 settled=0 active=19
[1397757.557774] NVMeVirt: WATGC_V2 sample ns=0 part=3 epoch=1 window=79 phase=measure evaluated=50 k=10 scale_pct=50 age_ratio=16 host=131073 gc_pages=130598 gc_count=4089 waf_q16=130834 best=25 next=19 settled=0 active=22
[1397757.573293] NVMeVirt: WATGC_V2 sample ns=0 part=1 epoch=1 window=79 phase=measure evaluated=18 k=4 scale_pct=50 age_ratio=4 host=131093 gc_pages=139938 gc_count=4235 waf_q16=135493 best=27 next=39 settled=0 active=20
[1397773.901738] NVMeVirt: WATGC_V2 sample ns=0 part=2 epoch=1 window=80 phase=measure evaluated=35 k=7 scale_pct=50 age_ratio=16 host=131089 gc_pages=108270 gc_count=3740 waf_q16=119663 best=48 next=40 settled=0 active=26
[1397773.947482] NVMeVirt: WATGC_V2 sample ns=0 part=0 epoch=1 window=80 phase=measure evaluated=36 k=7 scale_pct=100 age_ratio=4 host=131085 gc_pages=98814 gc_count=3592 waf_q16=114938 best=31 next=39 settled=0 active=19
[1397773.953980] NVMeVirt: WATGC_V2 sample ns=0 part=1 epoch=1 window=80 phase=measure evaluated=39 k=7 scale_pct=200 age_ratio=4 host=131080 gc_pages=143871 gc_count=4296 waf_q16=137467 best=27 next=36 settled=0 active=20
[1397773.955601] NVMeVirt: WATGC_V2 sample ns=0 part=3 epoch=1 window=80 phase=measure evaluated=19 k=4 scale_pct=50 age_ratio=7 host=131100 gc_pages=88810 gc_count=3436 waf_q16=109931 best=25 next=39 settled=0 active=22
[1397790.294007] NVMeVirt: WATGC_V2 sample ns=0 part=2 epoch=1 window=81 phase=measure evaluated=40 k=7 scale_pct=200 age_ratio=7 host=131089 gc_pages=120505 gc_count=3931 waf_q16=125780 best=48 next=37 settled=0 active=26
[1397790.327174] NVMeVirt: WATGC_V2 sample ns=0 part=3 epoch=1 window=81 phase=measure evaluated=39 k=7 scale_pct=200 age_ratio=4 host=131072 gc_pages=148293 gc_count=4365 waf_q16=139682 best=25 next=25 settled=0 active=22
[1397790.339118] NVMeVirt: WATGC_V2 sample ns=0 part=0 epoch=1 window=81 phase=measure evaluated=39 k=7 scale_pct=200 age_ratio=4 host=131080 gc_pages=164408 gc_count=4617 waf_q16=147734 best=31 next=37 settled=0 active=19
[1397790.344207] NVMeVirt: WATGC_V2 sample ns=0 part=1 epoch=1 window=81 phase=measure evaluated=36 k=7 scale_pct=100 age_ratio=4 host=131081 gc_pages=156663 gc_count=4496 waf_q16=143862 best=27 next=46 settled=0 active=20
[1397806.657192] NVMeVirt: WATGC_V2 sample ns=0 part=2 epoch=1 window=82 phase=measure evaluated=37 k=7 scale_pct=100 age_ratio=7 host=131076 gc_pages=145476 gc_count=4321 waf_q16=138271 best=48 next=29 settled=0 active=26
[1397806.712589] NVMeVirt: WATGC_V2 sample ns=0 part=3 epoch=1 window=82 phase=measure evaluated=25 k=4 scale_pct=200 age_ratio=7 host=131082 gc_pages=164343 gc_count=4616 waf_q16=147701 best=46 next=37 settled=0 active=22
[1397806.737753] NVMeVirt: WATGC_V2 sample ns=0 part=1 epoch=1 window=82 phase=measure evaluated=46 k=10 scale_pct=25 age_ratio=7 host=131093 gc_pages=108782 gc_count=3748 waf_q16=119918 best=27 next=27 settled=0 active=20
[1397806.741902] NVMeVirt: WATGC_V2 sample ns=0 part=0 epoch=1 window=82 phase=measure evaluated=37 k=7 scale_pct=100 age_ratio=7 host=131088 gc_pages=153524 gc_count=4447 waf_q16=142288 best=31 next=50 settled=0 active=19
[1397809.038151] audit: type=1107 audit(1790521326.425:659): pid=1434 uid=101 auid=4294967295 ses=4294967295 subj=unconfined msg='apparmor="DENIED" operation="dbus_signal"  bus="system" path="/com/redhat/PrinterSpooler" interface="com.redhat.PrinterSpooler" member="QueueChanged" mask="send" name="org.freedesktop.DBus" pid=2073 label="snap.cups.cupsd" peer_pid=4752 peer_label="unconfined"
                  exe="/usr/bin/dbus-daemon" sauid=101 hostname=? addr=? terminal=?'
[1397823.062776] NVMeVirt: WATGC_V2 sample ns=0 part=2 epoch=1 window=83 phase=measure evaluated=29 k=4 scale_pct=400 age_ratio=16 host=131074 gc_pages=152318 gc_count=4428 waf_q16=141693 best=48 next=48 settled=0 active=26
[1397823.096121] NVMeVirt: WATGC_V2 sample ns=0 part=3 epoch=1 window=83 phase=measure evaluated=37 k=7 scale_pct=100 age_ratio=7 host=131090 gc_pages=144487 gc_count=4306 waf_q16=137769 best=46 next=46 settled=0 active=22
[1397823.116629] NVMeVirt: WATGC_V2 sample ns=0 part=0 epoch=1 window=83 phase=measure evaluated=50 k=10 scale_pct=50 age_ratio=16 host=131106 gc_pages=126430 gc_count=4024 waf_q16=128734 best=31 next=33 settled=0 active=19
[1397823.126509] NVMeVirt: WATGC_V2 settled ns=0 part=1 epoch=1 window=83 best=27 waf_q16=116252 meaning=empirical-stability
[1397823.126514] NVMeVirt: WATGC_V2 sample ns=0 part=1 epoch=1 window=83 phase=measure evaluated=27 k=4 scale_pct=400 age_ratio=4 host=131090 gc_pages=136309 gc_count=4178 waf_q16=133681 best=27 next=27 settled=1 active=20
[1397836.263356] NVMeVirt: WATGC_V2 sample ns=0 part=1 epoch=1 window=84 phase=measure evaluated=27 k=4 scale_pct=400 age_ratio=4 host=131087 gc_pages=140013 gc_count=4236 waf_q16=135534 best=46 next=30 settled=0 active=20
[1397839.428262] NVMeVirt: WATGC_V2 sample ns=0 part=2 epoch=1 window=84 phase=measure evaluated=48 k=10 scale_pct=50 age_ratio=4 host=131082 gc_pages=132091 gc_count=4112 waf_q16=131576 best=27 next=30 settled=0 active=26
[1397839.458241] NVMeVirt: WATGC_V2 sample ns=0 part=3 epoch=1 window=84 phase=measure evaluated=46 k=10 scale_pct=25 age_ratio=7 host=131075 gc_pages=101247 gc_count=3630 waf_q16=116158 best=46 next=19 settled=0 active=22
[1397839.493650] NVMeVirt: WATGC_V2 sample ns=0 part=0 epoch=1 window=84 phase=measure evaluated=33 k=7 scale_pct=50 age_ratio=4 host=131073 gc_pages=81677 gc_count=3324 waf_q16=106374 best=31 next=31 settled=0 active=19
[1397852.659630] NVMeVirt: WATGC_V2 sample ns=0 part=1 epoch=1 window=85 phase=measure evaluated=30 k=7 scale_pct=25 age_ratio=4 host=131100 gc_pages=117342 gc_count=3882 waf_q16=124194 best=46 next=17 settled=0 active=20
[1397855.801789] NVMeVirt: WATGC_V2 sample ns=0 part=2 epoch=1 window=85 phase=measure evaluated=30 k=7 scale_pct=25 age_ratio=4 host=131104 gc_pages=113821 gc_count=3827 waf_q16=122432 best=27 next=31 settled=0 active=26
[1397855.854863] NVMeVirt: WATGC_V2 sample ns=0 part=3 epoch=1 window=85 phase=measure evaluated=19 k=4 scale_pct=50 age_ratio=7 host=131082 gc_pages=122682 gc_count=3965 waf_q16=126872 best=46 next=30 settled=0 active=22
[1397855.910370] NVMeVirt: WATGC_V2 sample ns=0 part=0 epoch=1 window=85 phase=measure evaluated=31 k=7 scale_pct=25 age_ratio=7 host=131086 gc_pages=118896 gc_count=3906 waf_q16=124977 best=36 next=33 settled=0 active=19
[1397869.007868] NVMeVirt: WATGC_V2 sample ns=0 part=1 epoch=1 window=86 phase=measure evaluated=17 k=4 scale_pct=25 age_ratio=16 host=131072 gc_pages=116350 gc_count=3866 waf_q16=123711 best=46 next=50 settled=0 active=20
[1397872.188998] NVMeVirt: WATGC_V2 sample ns=0 part=2 epoch=1 window=86 phase=measure evaluated=31 k=7 scale_pct=25 age_ratio=7 host=131095 gc_pages=94750 gc_count=3529 waf_q16=112902 best=27 next=50 settled=0 active=26
[1397872.234582] NVMeVirt: WATGC_V2 sample ns=0 part=3 epoch=1 window=86 phase=measure evaluated=30 k=7 scale_pct=25 age_ratio=4 host=131096 gc_pages=98479 gc_count=3587 waf_q16=114766 best=46 next=33 settled=0 active=22
[1397872.306740] NVMeVirt: WATGC_V2 sample ns=0 part=0 epoch=1 window=86 phase=measure evaluated=33 k=7 scale_pct=50 age_ratio=4 host=131093 gc_pages=90737 gc_count=3466 waf_q16=110897 best=36 next=27 settled=0 active=19
[1397885.422089] NVMeVirt: WATGC_V2 sample ns=0 part=1 epoch=1 window=87 phase=measure evaluated=50 k=10 scale_pct=50 age_ratio=16 host=131084 gc_pages=100853 gc_count=3624 waf_q16=115957 best=46 next=33 settled=0 active=20
[1397888.572635] NVMeVirt: WATGC_V2 sample ns=0 part=2 epoch=1 window=87 phase=measure evaluated=50 k=10 scale_pct=50 age_ratio=16 host=131106 gc_pages=122112 gc_count=3957 waf_q16=126576 best=27 next=39 settled=0 active=26
[1397888.642543] NVMeVirt: WATGC_V2 sample ns=0 part=3 epoch=1 window=87 phase=measure evaluated=33 k=7 scale_pct=50 age_ratio=4 host=131076 gc_pages=127038 gc_count=4033 waf_q16=129053 best=46 next=48 settled=0 active=22
[1397888.678579] NVMeVirt: WATGC_V2 sample ns=0 part=0 epoch=1 window=87 phase=measure evaluated=27 k=4 scale_pct=400 age_ratio=4 host=131075 gc_pages=142399 gc_count=4273 waf_q16=136733 best=36 next=42 settled=0 active=19
[1397899.327316] audit: type=1107 audit(1790521416.713:660): pid=1434 uid=101 auid=4294967295 ses=4294967295 subj=unconfined msg='apparmor="DENIED" operation="dbus_signal"  bus="system" path="/com/redhat/PrinterSpooler" interface="com.redhat.PrinterSpooler" member="QueueChanged" mask="send" name="org.freedesktop.DBus" pid=2073 label="snap.cups.cupsd" peer_pid=4752 peer_label="unconfined"
[1397901.823826] NVMeVirt: WATGC_V2 sample ns=0 part=1 epoch=1 window=88 phase=measure evaluated=33 k=7 scale_pct=50 age_ratio=4 host=131074 gc_pages=88761 gc_count=3435 waf_q16=109915 best=46 next=15 settled=0 active=20
[1397904.970234] NVMeVirt: WATGC_V2 sample ns=0 part=2 epoch=1 window=88 phase=measure evaluated=39 k=7 scale_pct=200 age_ratio=4 host=131106 gc_pages=87139 gc_count=3410 waf_q16=109094 best=27 next=18 settled=0 active=26
[1397905.018485] NVMeVirt: WATGC_V2 sample ns=0 part=3 epoch=1 window=88 phase=measure evaluated=48 k=10 scale_pct=50 age_ratio=4 host=131093 gc_pages=111599 gc_count=3792 waf_q16=121326 best=46 next=42 settled=0 active=22
[1397905.049355] NVMeVirt: WATGC_V2 sample ns=0 part=0 epoch=1 window=88 phase=measure evaluated=42 k=7 scale_pct=400 age_ratio=4 host=131087 gc_pages=145332 gc_count=4319 waf_q16=138193 best=36 next=36 settled=0 active=19
[1397918.192360] NVMeVirt: WATGC_V2 sample ns=0 part=1 epoch=1 window=89 phase=measure evaluated=15 k=4 scale_pct=25 age_ratio=4 host=131082 gc_pages=125097 gc_count=4003 waf_q16=128079 best=46 next=42 settled=0 active=20
[1397921.388518] NVMeVirt: WATGC_V2 sample ns=0 part=2 epoch=1 window=89 phase=measure evaluated=18 k=4 scale_pct=50 age_ratio=4 host=131083 gc_pages=124014 gc_count=3986 waf_q16=127537 best=27 next=27 settled=0 active=26
[1397921.404910] NVMeVirt: WATGC_V2 sample ns=0 part=3 epoch=1 window=89 phase=measure evaluated=42 k=7 scale_pct=400 age_ratio=4 host=131086 gc_pages=131315 gc_count=4100 waf_q16=131186 best=46 next=27 settled=0 active=22
[1397921.440322] NVMeVirt: WATGC_V2 sample ns=0 part=0 epoch=1 window=89 phase=measure evaluated=36 k=7 scale_pct=100 age_ratio=4 host=131092 gc_pages=129950 gc_count=4079 waf_q16=130501 best=33 next=15 settled=0 active=19
[1397931.508369] audit: type=1107 audit(1790521448.894:661): pid=1434 uid=101 auid=4294967295 ses=4294967295 subj=unconfined msg='apparmor="DENIED" operation="dbus_signal"  bus="system" path="/com/redhat/PrinterSpooler" interface="com.redhat.PrinterSpooler" member="QueueChanged" mask="send" name="org.freedesktop.DBus" pid=2073 label="snap.cups.cupsd" peer_pid=4752 peer_label="unconfined"
[1397934.556604] NVMeVirt: WATGC_V2 sample ns=0 part=1 epoch=1 window=90 phase=measure evaluated=42 k=7 scale_pct=400 age_ratio=4 host=131085 gc_pages=102190 gc_count=3645 waf_q16=116625 best=46 next=40 settled=0 active=20
[1397936.740773] audit: type=1107 audit(1790521454.126:662): pid=1434 uid=101 auid=4294967295 ses=4294967295 subj=unconfined msg='apparmor="DENIED" operation="dbus_signal"  bus="system" path="/com/redhat/PrinterSpooler" interface="com.redhat.PrinterSpooler" member="QueueChanged" mask="send" name="org.freedesktop.DBus" pid=2073 label="snap.cups.cupsd" peer_pid=4752 peer_label="unconfined"
[1397937.761483] NVMeVirt: WATGC_V2 sample ns=0 part=2 epoch=1 window=90 phase=measure evaluated=27 k=4 scale_pct=400 age_ratio=4 host=131088 gc_pages=113974 gc_count=3829 waf_q16=122516 best=33 next=33 settled=0 active=26
[1397937.797941] NVMeVirt: WATGC_V2 sample ns=0 part=3 epoch=1 window=90 phase=measure evaluated=27 k=4 scale_pct=400 age_ratio=4 host=131098 gc_pages=135723 gc_count=4169 waf_q16=133384 best=46 next=17 settled=0 active=22
[1397937.821317] NVMeVirt: WATGC_V2 sample ns=0 part=0 epoch=1 window=90 phase=measure evaluated=15 k=4 scale_pct=25 age_ratio=4 host=131096 gc_pages=107636 gc_count=3730 waf_q16=119344 best=33 next=17 settled=0 active=19
[1397950.939357] NVMeVirt: WATGC_V2 sample ns=0 part=1 epoch=1 window=91 phase=measure evaluated=40 k=7 scale_pct=200 age_ratio=7 host=131093 gc_pages=137444 gc_count=4196 waf_q16=134246 best=46 next=31 settled=0 active=20
[1397954.161180] NVMeVirt: WATGC_V2 sample ns=0 part=2 epoch=1 window=91 phase=measure evaluated=33 k=7 scale_pct=50 age_ratio=4 host=131078 gc_pages=119993 gc_count=3923 waf_q16=125529 best=27 next=20 settled=0 active=26
[1397954.193803] NVMeVirt: WATGC_V2 sample ns=0 part=3 epoch=1 window=91 phase=measure evaluated=17 k=4 scale_pct=25 age_ratio=16 host=131099 gc_pages=130068 gc_count=4081 waf_q16=130556 best=46 next=20 settled=0 active=22
[1397954.201051] NVMeVirt: WATGC_V2 sample ns=0 part=0 epoch=1 window=91 phase=measure evaluated=17 k=4 scale_pct=25 age_ratio=16 host=131095 gc_pages=124373 gc_count=3992 waf_q16=127711 best=33 next=48 settled=0 active=19
[1397967.326688] NVMeVirt: WATGC_V2 sample ns=0 part=1 epoch=1 window=92 phase=measure evaluated=31 k=7 scale_pct=25 age_ratio=7 host=131109 gc_pages=99866 gc_count=3609 waf_q16=115454 best=46 next=35 settled=0 active=20
[1397970.554382] NVMeVirt: WATGC_V2 sample ns=0 part=2 epoch=1 window=92 phase=measure evaluated=20 k=4 scale_pct=50 age_ratio=16 host=131078 gc_pages=106816 gc_count=3717 waf_q16=118941 best=27 next=32 settled=0 active=26
[1397970.580613] NVMeVirt: WATGC_V2 sample ns=0 part=3 epoch=1 window=92 phase=measure evaluated=20 k=4 scale_pct=50 age_ratio=16 host=131077 gc_pages=82363 gc_count=3335 waf_q16=106715 best=46 next=20 settled=0 active=22
[1397970.593488] NVMeVirt: WATGC_V2 sample ns=0 part=0 epoch=1 window=92 phase=measure evaluated=48 k=10 scale_pct=50 age_ratio=4 host=131104 gc_pages=74777 gc_count=3217 waf_q16=102915 best=48 next=48 settled=0 active=19
[1397983.686302] NVMeVirt: WATGC_V2 sample ns=0 part=3 epoch=1 window=93 phase=measure evaluated=20 k=4 scale_pct=50 age_ratio=16 host=131075 gc_pages=115967 gc_count=3860 waf_q16=123518 best=46 next=35 settled=0 active=22
[1397983.701557] NVMeVirt: WATGC_V2 sample ns=0 part=1 epoch=1 window=93 phase=measure evaluated=35 k=7 scale_pct=50 age_ratio=16 host=131085 gc_pages=118824 gc_count=3905 waf_q16=124942 best=46 next=33 settled=0 active=20
[1397983.725128] NVMeVirt: WATGC_V2 sample ns=0 part=0 epoch=1 window=93 phase=measure evaluated=48 k=10 scale_pct=50 age_ratio=4 host=131109 gc_pages=99743 gc_count=3607 waf_q16=115393 best=48 next=51 settled=0 active=19
[1397986.921947] NVMeVirt: WATGC_V2 sample ns=0 part=2 epoch=1 window=93 phase=measure evaluated=32 k=7 scale_pct=25 age_ratio=16 host=131083 gc_pages=117933 gc_count=3891 waf_q16=124497 best=27 next=42 settled=0 active=26
[1398000.066226] NVMeVirt: WATGC_V2 sample ns=0 part=3 epoch=1 window=94 phase=measure evaluated=35 k=7 scale_pct=50 age_ratio=16 host=131112 gc_pages=103146 gc_count=3660 waf_q16=117093 best=46 next=36 settled=0 active=22
[1398000.107101] NVMeVirt: WATGC_V2 sample ns=0 part=1 epoch=1 window=94 phase=measure evaluated=33 k=7 scale_pct=50 age_ratio=4 host=131110 gc_pages=86998 gc_count=3408 waf_q16=109022 best=46 next=46 settled=0 active=20
[1398000.126542] NVMeVirt: WATGC_V2 sample ns=0 part=0 epoch=1 window=94 phase=measure evaluated=51 k=10 scale_pct=100 age_ratio=4 host=131096 gc_pages=100835 gc_count=3624 waf_q16=115944 best=48 next=54 settled=0 active=19
[1398003.294057] NVMeVirt: WATGC_V2 sample ns=0 part=2 epoch=1 window=94 phase=measure evaluated=42 k=7 scale_pct=400 age_ratio=4 host=131093 gc_pages=81583 gc_count=3323 waf_q16=106320 best=27 next=39 settled=0 active=26
[1398016.471140] NVMeVirt: WATGC_V2 sample ns=0 part=1 epoch=1 window=95 phase=measure evaluated=46 k=10 scale_pct=25 age_ratio=7 host=131103 gc_pages=125138 gc_count=4004 waf_q16=128090 best=33 next=37 settled=0 active=20
[1398016.485500] NVMeVirt: WATGC_V2 sample ns=0 part=3 epoch=1 window=95 phase=measure evaluated=36 k=7 scale_pct=100 age_ratio=4 host=131103 gc_pages=107045 gc_count=3721 waf_q16=119045 best=46 next=31 settled=0 active=22
[1398016.506151] NVMeVirt: WATGC_V2 sample ns=0 part=0 epoch=1 window=95 phase=measure evaluated=54 k=10 scale_pct=200 age_ratio=4 host=131101 gc_pages=147166 gc_count=4348 waf_q16=139102 best=48 next=19 settled=0 active=19
[1398019.687062] NVMeVirt: WATGC_V2 sample ns=0 part=2 epoch=1 window=95 phase=measure evaluated=39 k=7 scale_pct=200 age_ratio=4 host=131079 gc_pages=133053 gc_count=4127 waf_q16=132058 best=27 next=42 settled=0 active=26
[1398032.852600] NVMeVirt: WATGC_V2 sample ns=0 part=1 epoch=1 window=96 phase=measure evaluated=37 k=7 scale_pct=100 age_ratio=7 host=131077 gc_pages=97527 gc_count=3572 waf_q16=114297 best=33 next=48 settled=0 active=20
[1398032.867603] NVMeVirt: WATGC_V2 sample ns=0 part=3 epoch=1 window=96 phase=measure evaluated=31 k=7 scale_pct=25 age_ratio=7 host=131084 gc_pages=108140 gc_count=3738 waf_q16=119601 best=46 next=51 settled=0 active=22
[1398032.896083] NVMeVirt: WATGC_V2 sample ns=0 part=0 epoch=1 window=96 phase=measure evaluated=19 k=4 scale_pct=50 age_ratio=7 host=131108 gc_pages=136722 gc_count=4185 waf_q16=133878 best=48 next=33 settled=0 active=19
[1398036.066514] NVMeVirt: WATGC_V2 sample ns=0 part=2 epoch=1 window=96 phase=measure evaluated=42 k=7 scale_pct=400 age_ratio=4 host=131072 gc_pages=149126 gc_count=4378 waf_q16=140099 best=27 next=31 settled=0 active=26
[1398049.237973] NVMeVirt: WATGC_V2 sample ns=0 part=3 epoch=1 window=97 phase=measure evaluated=51 k=10 scale_pct=100 age_ratio=4 host=131095 gc_pages=140267 gc_count=4240 waf_q16=135657 best=46 next=46 settled=0 active=22
[1398049.255595] NVMeVirt: WATGC_V2 sample ns=0 part=1 epoch=1 window=97 phase=measure evaluated=48 k=10 scale_pct=50 age_ratio=4 host=131100 gc_pages=142046 gc_count=4268 waf_q16=136543 best=33 next=21 settled=0 active=20
[1398049.277413] NVMeVirt: WATGC_V2 sample ns=0 part=0 epoch=1 window=97 phase=measure evaluated=33 k=7 scale_pct=50 age_ratio=4 host=131073 gc_pages=129336 gc_count=4069 waf_q16=130203 best=48 next=30 settled=0 active=19
[1398052.480233] NVMeVirt: WATGC_V2 sample ns=0 part=2 epoch=1 window=97 phase=measure evaluated=31 k=7 scale_pct=25 age_ratio=7 host=131096 gc_pages=129962 gc_count=4079 waf_q16=130505 best=27 next=28 settled=0 active=26
[1398065.632694] NVMeVirt: WATGC_V2 sample ns=0 part=3 epoch=1 window=98 phase=measure evaluated=46 k=10 scale_pct=25 age_ratio=7 host=131083 gc_pages=110048 gc_count=3768 waf_q16=120555 best=30 next=30 settled=0 active=22
[1398065.645551] NVMeVirt: WATGC_V2 sample ns=0 part=0 epoch=1 window=98 phase=measure evaluated=30 k=7 scale_pct=25 age_ratio=4 host=131079 gc_pages=111344 gc_count=3788 waf_q16=121205 best=48 next=21 settled=0 active=19
[1398065.660964] NVMeVirt: WATGC_V2 sample ns=0 part=1 epoch=1 window=98 phase=measure evaluated=21 k=4 scale_pct=100 age_ratio=4 host=131099 gc_pages=132069 gc_count=4112 waf_q16=131556 best=33 next=24 settled=0 active=20
[1398068.857090] NVMeVirt: WATGC_V2 sample ns=0 part=2 epoch=1 window=98 phase=measure evaluated=28 k=4 scale_pct=400 age_ratio=7 host=131088 gc_pages=102396 gc_count=3648 waf_q16=116727 best=27 next=15 settled=0 active=26
[1398082.013462] NVMeVirt: WATGC_V2 sample ns=0 part=0 epoch=1 window=99 phase=measure evaluated=21 k=4 scale_pct=100 age_ratio=4 host=131078 gc_pages=150515 gc_count=4400 waf_q16=140790 best=48 next=24 settled=0 active=19
[1398082.018692] NVMeVirt: WATGC_V2 sample ns=0 part=3 epoch=1 window=99 phase=measure evaluated=30 k=7 scale_pct=25 age_ratio=4 host=131098 gc_pages=123110 gc_count=3972 waf_q16=127078 best=46 next=24 settled=0 active=22
[1398082.047970] NVMeVirt: WATGC_V2 sample ns=0 part=1 epoch=1 window=99 phase=measure evaluated=24 k=4 scale_pct=200 age_ratio=4 host=131073 gc_pages=154745 gc_count=4466 waf_q16=142907 best=33 next=51 settled=0 active=20
[1398085.268496] NVMeVirt: WATGC_V2 sample ns=0 part=2 epoch=1 window=99 phase=measure evaluated=15 k=4 scale_pct=25 age_ratio=4 host=131078 gc_pages=133041 gc_count=4127 waf_q16=132053 best=27 next=19 settled=0 active=26
[1398098.410115] NVMeVirt: WATGC_V2 sample ns=0 part=0 epoch=1 window=100 phase=measure evaluated=24 k=4 scale_pct=200 age_ratio=4 host=131090 gc_pages=146925 gc_count=4344 waf_q16=138988 best=48 next=48 settled=0 active=19
[1398098.419053] NVMeVirt: WATGC_V2 sample ns=0 part=1 epoch=1 window=100 phase=measure evaluated=51 k=10 scale_pct=100 age_ratio=4 host=131104 gc_pages=134551 gc_count=4151 waf_q16=132795 best=33 next=33 settled=0 active=20
[1398098.439534] NVMeVirt: WATGC_V2 sample ns=0 part=3 epoch=1 window=100 phase=measure evaluated=24 k=4 scale_pct=200 age_ratio=4 host=131082 gc_pages=110642 gc_count=3777 waf_q16=120852 best=46 next=40 settled=0 active=22
[1398101.623663] NVMeVirt: WATGC_V2 sample ns=0 part=2 epoch=1 window=100 phase=measure evaluated=19 k=4 scale_pct=50 age_ratio=7 host=131074 gc_pages=115718 gc_count=3856 waf_q16=123394 best=27 next=21 settled=0 active=26
[1398114.793211] NVMeVirt: WATGC_V2 sample ns=0 part=0 epoch=1 window=101 phase=measure evaluated=48 k=10 scale_pct=50 age_ratio=4 host=131075 gc_pages=122548 gc_count=3963 waf_q16=126808 best=31 next=18 settled=0 active=19
[1398114.821426] NVMeVirt: WATGC_V2 sample ns=0 part=3 epoch=1 window=101 phase=measure evaluated=40 k=7 scale_pct=200 age_ratio=7 host=131104 gc_pages=152921 gc_count=4438 waf_q16=141977 best=46 next=54 settled=0 active=22
[1398114.831788] NVMeVirt: WATGC_V2 sample ns=0 part=1 epoch=1 window=101 phase=measure evaluated=33 k=7 scale_pct=50 age_ratio=4 host=131088 gc_pages=122658 gc_count=3965 waf_q16=126857 best=50 next=19 settled=0 active=20
[1398118.020273] NVMeVirt: WATGC_V2 sample ns=0 part=2 epoch=1 window=101 phase=measure evaluated=21 k=4 scale_pct=100 age_ratio=4 host=131101 gc_pages=143843 gc_count=4296 waf_q16=137441 best=27 next=36 settled=0 active=26
[1398131.166256] NVMeVirt: WATGC_V2 sample ns=0 part=0 epoch=1 window=102 phase=measure evaluated=18 k=4 scale_pct=50 age_ratio=4 host=131101 gc_pages=120158 gc_count=3926 waf_q16=125601 best=31 next=46 settled=0 active=19
[1398131.188576] NVMeVirt: WATGC_V2 sample ns=0 part=3 epoch=1 window=102 phase=measure evaluated=54 k=10 scale_pct=200 age_ratio=4 host=131084 gc_pages=138094 gc_count=4206 waf_q16=134576 best=46 next=21 settled=0 active=22
[1398131.212128] NVMeVirt: WATGC_V2 sample ns=0 part=1 epoch=1 window=102 phase=measure evaluated=19 k=4 scale_pct=50 age_ratio=7 host=131075 gc_pages=114166 gc_count=3832 waf_q16=122617 best=50 next=50 settled=0 active=20
[1398134.429970] NVMeVirt: WATGC_V2 sample ns=0 part=2 epoch=1 window=102 phase=measure evaluated=36 k=7 scale_pct=100 age_ratio=4 host=131079 gc_pages=136566 gc_count=4182 waf_q16=133815 best=27 next=35 settled=0 active=26
[1398147.544527] NVMeVirt: WATGC_V2 sample ns=0 part=0 epoch=1 window=103 phase=measure evaluated=46 k=10 scale_pct=25 age_ratio=7 host=131087 gc_pages=122773 gc_count=3967 waf_q16=126915 best=31 next=51 settled=0 active=19
[1398147.571477] NVMeVirt: WATGC_V2 sample ns=0 part=3 epoch=1 window=103 phase=measure evaluated=21 k=4 scale_pct=100 age_ratio=4 host=131086 gc_pages=144554 gc_count=4307 waf_q16=137805 best=46 next=48 settled=0 active=22
[1398147.607755] NVMeVirt: WATGC_V2 sample ns=0 part=1 epoch=1 window=103 phase=measure evaluated=50 k=10 scale_pct=50 age_ratio=16 host=131079 gc_pages=127925 gc_count=4047 waf_q16=129495 best=31 next=42 settled=0 active=20
[1398150.810448] NVMeVirt: WATGC_V2 sample ns=0 part=2 epoch=1 window=103 phase=measure evaluated=35 k=7 scale_pct=50 age_ratio=16 host=131108 gc_pages=124360 gc_count=3992 waf_q16=127698 best=27 next=46 settled=0 active=26
[1398163.941164] NVMeVirt: WATGC_V2 sample ns=0 part=3 epoch=1 window=104 phase=measure evaluated=48 k=10 scale_pct=50 age_ratio=4 host=131074 gc_pages=115050 gc_count=3846 waf_q16=123060 best=46 next=35 settled=0 active=22
[1398163.969172] NVMeVirt: WATGC_V2 sample ns=0 part=1 epoch=1 window=104 phase=measure evaluated=42 k=7 scale_pct=400 age_ratio=4 host=131099 gc_pages=87842 gc_count=3421 waf_q16=109447 best=31 next=31 settled=0 active=20
[1398163.980893] NVMeVirt: WATGC_V2 sample ns=0 part=0 epoch=1 window=104 phase=measure evaluated=51 k=10 scale_pct=100 age_ratio=4 host=131107 gc_pages=94106 gc_count=3519 waf_q16=112576 best=31 next=15 settled=0 active=19
[1398167.206900] NVMeVirt: WATGC_V2 sample ns=0 part=2 epoch=1 window=104 phase=measure evaluated=46 k=10 scale_pct=25 age_ratio=7 host=131074 gc_pages=77440 gc_count=3258 waf_q16=104255 best=46 next=46 settled=0 active=26
[1398180.301236] NVMeVirt: WATGC_V2 sample ns=0 part=2 epoch=1 window=105 phase=measure evaluated=46 k=10 scale_pct=25 age_ratio=7 host=131107 gc_pages=109868 gc_count=3765 waf_q16=120455 best=46 next=17 settled=0 active=26
[1398180.335483] NVMeVirt: WATGC_V2 sample ns=0 part=1 epoch=1 window=105 phase=measure evaluated=31 k=7 scale_pct=25 age_ratio=7 host=131085 gc_pages=117680 gc_count=3887 waf_q16=124370 best=37 next=37 settled=0 active=20
[1398180.338674] NVMeVirt: WATGC_V2 sample ns=0 part=3 epoch=1 window=105 phase=measure evaluated=35 k=7 scale_pct=50 age_ratio=16 host=131111 gc_pages=134567 gc_count=4151 waf_q16=132799 best=46 next=18 settled=0 active=22
[1398180.376261] NVMeVirt: WATGC_V2 sample ns=0 part=0 epoch=1 window=105 phase=measure evaluated=15 k=4 scale_pct=25 age_ratio=4 host=131101 gc_pages=126302 gc_count=4022 waf_q16=128673 best=31 next=31 settled=0 active=19
[1398196.682413] NVMeVirt: WATGC_V2 sample ns=0 part=2 epoch=1 window=106 phase=measure evaluated=17 k=4 scale_pct=25 age_ratio=16 host=131077 gc_pages=110638 gc_count=3777 waf_q16=120852 best=46 next=24 settled=0 active=26
[1398196.728729] NVMeVirt: WATGC_V2 sample ns=0 part=0 epoch=1 window=106 phase=measure evaluated=31 k=7 scale_pct=25 age_ratio=7 host=131099 gc_pages=91753 gc_count=3482 waf_q16=111403 best=31 next=51 settled=0 active=19
[1398196.744442] NVMeVirt: WATGC_V2 sample ns=0 part=1 epoch=1 window=106 phase=measure evaluated=37 k=7 scale_pct=100 age_ratio=7 host=131099 gc_pages=90913 gc_count=3469 waf_q16=110983 best=37 next=42 settled=0 active=20
[1398196.752095] NVMeVirt: WATGC_V2 sample ns=0 part=3 epoch=1 window=106 phase=measure evaluated=18 k=4 scale_pct=50 age_ratio=4 host=131084 gc_pages=86064 gc_count=3393 waf_q16=108564 best=46 next=19 settled=0 active=22
[1398213.068743] NVMeVirt: WATGC_V2 sample ns=0 part=2 epoch=1 window=107 phase=measure evaluated=24 k=4 scale_pct=200 age_ratio=4 host=131074 gc_pages=90114 gc_count=3456 waf_q16=110592 best=46 next=30 settled=0 active=26
[1398213.115010] NVMeVirt: WATGC_V2 sample ns=0 part=3 epoch=1 window=107 phase=measure evaluated=19 k=4 scale_pct=50 age_ratio=7 host=131083 gc_pages=117864 gc_count=3890 waf_q16=124463 best=46 next=18 settled=0 active=22
[1398213.132875] NVMeVirt: WATGC_V2 sample ns=0 part=1 epoch=1 window=107 phase=measure evaluated=42 k=7 scale_pct=400 age_ratio=4 host=131074 gc_pages=131514 gc_count=4103 waf_q16=131291 best=37 next=30 settled=0 active=20
[1398213.139532] NVMeVirt: WATGC_V2 sample ns=0 part=0 epoch=1 window=107 phase=measure evaluated=51 k=10 scale_pct=100 age_ratio=4 host=131108 gc_pages=114208 gc_count=3833 waf_q16=122624 best=31 next=50 settled=0 active=19
[1398229.472576] NVMeVirt: WATGC_V2 sample ns=0 part=2 epoch=1 window=108 phase=measure evaluated=30 k=7 scale_pct=25 age_ratio=4 host=131089 gc_pages=86377 gc_count=3398 waf_q16=108718 best=46 next=27 settled=0 active=26
[1398229.497142] NVMeVirt: WATGC_V2 sample ns=0 part=0 epoch=1 window=108 phase=measure evaluated=50 k=10 scale_pct=50 age_ratio=16 host=131100 gc_pages=103007 gc_count=3658 waf_q16=117028 best=31 next=31 settled=0 active=19
[1398229.508445] NVMeVirt: WATGC_V2 sample ns=0 part=3 epoch=1 window=108 phase=measure evaluated=18 k=4 scale_pct=50 age_ratio=4 host=131092 gc_pages=98150 gc_count=3582 waf_q16=114603 best=46 next=36 settled=0 active=22
[1398229.529510] NVMeVirt: WATGC_V2 sample ns=0 part=1 epoch=1 window=108 phase=measure evaluated=30 k=7 scale_pct=25 age_ratio=4 host=131109 gc_pages=99850 gc_count=3609 waf_q16=115446 best=37 next=37 settled=0 active=20
[1398245.826076] NVMeVirt: WATGC_V2 sample ns=0 part=2 epoch=1 window=109 phase=measure evaluated=27 k=4 scale_pct=400 age_ratio=4 host=131083 gc_pages=125939 gc_count=4016 waf_q16=128500 best=46 next=40 settled=0 active=26
[1398245.894269] NVMeVirt: WATGC_V2 sample ns=0 part=3 epoch=1 window=109 phase=measure evaluated=36 k=7 scale_pct=100 age_ratio=4 host=131104 gc_pages=124251 gc_count=3990 waf_q16=127646 best=46 next=46 settled=0 active=22
[1398245.912396] NVMeVirt: WATGC_V2 sample ns=0 part=1 epoch=1 window=109 phase=measure evaluated=37 k=7 scale_pct=100 age_ratio=7 host=131079 gc_pages=124915 gc_count=4000 waf_q16=127990 best=37 next=17 settled=0 active=20
[1398245.923221] NVMeVirt: WATGC_V2 sample ns=0 part=0 epoch=1 window=109 phase=measure evaluated=31 k=7 scale_pct=25 age_ratio=7 host=131084 gc_pages=100983 gc_count=3626 waf_q16=116022 best=31 next=36 settled=0 active=19
[1398262.192620] NVMeVirt: WATGC_V2 sample ns=0 part=2 epoch=1 window=110 phase=measure evaluated=40 k=7 scale_pct=200 age_ratio=7 host=131084 gc_pages=130029 gc_count=4080 waf_q16=130544 best=46 next=54 settled=0 active=26
[1398262.266495] NVMeVirt: WATGC_V2 sample ns=0 part=3 epoch=1 window=110 phase=measure evaluated=46 k=10 scale_pct=25 age_ratio=7 host=131085 gc_pages=97389 gc_count=3570 waf_q16=114225 best=46 next=31 settled=0 active=22
[1398262.324216] NVMeVirt: WATGC_V2 sample ns=0 part=1 epoch=1 window=110 phase=measure evaluated=17 k=4 scale_pct=25 age_ratio=16 host=131088 gc_pages=119473 gc_count=3915 waf_q16=125265 best=37 next=30 settled=0 active=20
[1398262.324372] NVMeVirt: WATGC_V2 sample ns=0 part=0 epoch=1 window=110 phase=measure evaluated=36 k=7 scale_pct=100 age_ratio=4 host=131089 gc_pages=88811 gc_count=3436 waf_q16=109935 best=31 next=30 settled=0 active=19
[1398278.595024] NVMeVirt: WATGC_V2 sample ns=0 part=2 epoch=1 window=111 phase=measure evaluated=54 k=10 scale_pct=200 age_ratio=4 host=131087 gc_pages=151275 gc_count=4412 waf_q16=141164 best=46 next=24 settled=0 active=26
[1398278.644912] NVMeVirt: WATGC_V2 sample ns=0 part=3 epoch=1 window=111 phase=measure evaluated=31 k=7 scale_pct=25 age_ratio=7 host=131109 gc_pages=120477 gc_count=3931 waf_q16=125757 best=46 next=50 settled=0 active=22
[1398278.708561] NVMeVirt: WATGC_V2 sample ns=0 part=1 epoch=1 window=111 phase=measure evaluated=30 k=7 scale_pct=25 age_ratio=4 host=131098 gc_pages=87721 gc_count=3419 waf_q16=109387 best=30 next=46 settled=0 active=20
[1398278.710132] NVMeVirt: WATGC_V2 sample ns=0 part=0 epoch=1 window=111 phase=measure evaluated=30 k=7 scale_pct=25 age_ratio=4 host=131094 gc_pages=129445 gc_count=4071 waf_q16=130247 best=31 next=36 settled=0 active=19
[1398294.999215] NVMeVirt: WATGC_V2 sample ns=0 part=2 epoch=1 window=112 phase=measure evaluated=24 k=4 scale_pct=200 age_ratio=4 host=131090 gc_pages=159853 gc_count=4546 waf_q16=145451 best=46 next=28 settled=0 active=26
[1398295.025362] NVMeVirt: WATGC_V2 sample ns=0 part=3 epoch=1 window=112 phase=measure evaluated=50 k=10 scale_pct=50 age_ratio=16 host=131098 gc_pages=102943 gc_count=3657 waf_q16=116997 best=46 next=20 settled=0 active=22
[1398295.085493] NVMeVirt: WATGC_V2 sample ns=0 part=0 epoch=1 window=112 phase=measure evaluated=36 k=7 scale_pct=100 age_ratio=4 host=131075 gc_pages=109689 gc_count=3762 waf_q16=120379 best=31 next=48 settled=0 active=19
[1398295.093908] NVMeVirt: WATGC_V2 sample ns=0 part=1 epoch=1 window=112 phase=measure evaluated=46 k=10 scale_pct=25 age_ratio=7 host=131086 gc_pages=95534 gc_count=3541 waf_q16=113297 best=30 next=19 settled=0 active=20
[1398311.388322] NVMeVirt: WATGC_V2 sample ns=0 part=3 epoch=1 window=113 phase=measure evaluated=20 k=4 scale_pct=50 age_ratio=16 host=131108 gc_pages=128607 gc_count=4058 waf_q16=129821 best=46 next=24 settled=0 active=22
[1398311.391321] NVMeVirt: WATGC_V2 sample ns=0 part=2 epoch=1 window=113 phase=measure evaluated=28 k=4 scale_pct=400 age_ratio=7 host=131100 gc_pages=164002 gc_count=4611 waf_q16=147519 best=46 next=20 settled=0 active=26
[1398311.474823] NVMeVirt: WATGC_V2 sample ns=0 part=1 epoch=1 window=113 phase=measure evaluated=19 k=4 scale_pct=50 age_ratio=7 host=131107 gc_pages=146062 gc_count=4331 waf_q16=138547 best=30 next=30 settled=0 active=20
[1398311.507690] NVMeVirt: WATGC_V2 sample ns=0 part=0 epoch=1 window=113 phase=measure evaluated=48 k=10 scale_pct=50 age_ratio=4 host=131106 gc_pages=137235 gc_count=4193 waf_q16=134135 best=31 next=33 settled=0 active=19
[1398327.776801] NVMeVirt: WATGC_V2 sample ns=0 part=2 epoch=1 window=114 phase=measure evaluated=20 k=4 scale_pct=50 age_ratio=16 host=131098 gc_pages=149485 gc_count=4384 waf_q16=140263 best=46 next=30 settled=0 active=26
[1398327.803244] NVMeVirt: WATGC_V2 sample ns=0 part=3 epoch=1 window=114 phase=measure evaluated=24 k=4 scale_pct=200 age_ratio=4 host=131102 gc_pages=112734 gc_count=3810 waf_q16=121890 best=46 next=18 settled=0 active=22
[1398327.863831] NVMeVirt: WATGC_V2 sample ns=0 part=1 epoch=1 window=114 phase=measure evaluated=30 k=7 scale_pct=25 age_ratio=4 host=131100 gc_pages=106577 gc_count=3714 waf_q16=118813 best=30 next=33 settled=0 active=20
[1398327.869036] NVMeVirt: WATGC_V2 sample ns=0 part=0 epoch=1 window=114 phase=measure evaluated=33 k=7 scale_pct=50 age_ratio=4 host=131108 gc_pages=123092 gc_count=3972 waf_q16=127065 best=31 next=31 settled=0 active=19
[1398344.160325] NVMeVirt: WATGC_V2 sample ns=0 part=2 epoch=1 window=115 phase=measure evaluated=30 k=7 scale_pct=25 age_ratio=4 host=131096 gc_pages=120538 gc_count=3932 waf_q16=125793 best=46 next=56 settled=0 active=26
[1398344.167016] NVMeVirt: WATGC_V2 sample ns=0 part=3 epoch=1 window=115 phase=measure evaluated=18 k=4 scale_pct=50 age_ratio=4 host=131098 gc_pages=141790 gc_count=4264 waf_q16=136416 best=46 next=46 settled=0 active=22
[1398344.255398] NVMeVirt: WATGC_V2 sample ns=0 part=1 epoch=1 window=115 phase=measure evaluated=33 k=7 scale_pct=50 age_ratio=4 host=131106 gc_pages=134872 gc_count=4156 waf_q16=132954 best=30 next=18 settled=0 active=20
[1398344.280023] NVMeVirt: WATGC_V2 settled ns=0 part=0 epoch=1 window=115 best=31 waf_q16=116746 meaning=empirical-stability
[1398344.280028] NVMeVirt: WATGC_V2 sample ns=0 part=0 epoch=1 window=115 phase=measure evaluated=31 k=7 scale_pct=25 age_ratio=7 host=131079 gc_pages=124265 gc_count=3990 waf_q16=127665 best=31 next=31 settled=1 active=19
[1398357.390088] NVMeVirt: WATGC_V2 sample ns=0 part=0 epoch=1 window=116 phase=measure evaluated=31 k=7 scale_pct=25 age_ratio=7 host=131103 gc_pages=90595 gc_count=3464 waf_q16=110822 best=31 next=31 settled=1 active=19
[1398360.544011] NVMeVirt: WATGC_V2 sample ns=0 part=2 epoch=1 window=116 phase=measure evaluated=56 k=10 scale_pct=200 age_ratio=16 host=131080 gc_pages=107698 gc_count=3731 waf_q16=119381 best=46 next=23 settled=0 active=26
[1398360.561491] NVMeVirt: WATGC_V2 sample ns=0 part=3 epoch=1 window=116 phase=measure evaluated=46 k=10 scale_pct=25 age_ratio=7 host=131072 gc_pages=106287 gc_count=3709 waf_q16=118679 best=46 next=30 settled=0 active=22
[1398360.653629] NVMeVirt: WATGC_V2 sample ns=0 part=1 epoch=1 window=116 phase=measure evaluated=18 k=4 scale_pct=50 age_ratio=4 host=131079 gc_pages=119666 gc_count=3918 waf_q16=125365 best=30 next=35 settled=0 active=20
[1398370.476399] NVMeVirt: WATGC_V2 sample ns=0 part=0 epoch=1 window=117 phase=measure evaluated=31 k=7 scale_pct=25 age_ratio=7 host=131094 gc_pages=109099 gc_count=3753 waf_q16=120076 best=31 next=31 settled=1 active=19
[1398376.924669] NVMeVirt: WATGC_V2 sample ns=0 part=2 epoch=1 window=117 phase=measure evaluated=23 k=4 scale_pct=100 age_ratio=16 host=131074 gc_pages=150198 gc_count=4395 waf_q16=140633 best=46 next=33 settled=0 active=26
[1398376.972948] NVMeVirt: WATGC_V2 sample ns=0 part=3 epoch=1 window=117 phase=measure evaluated=30 k=7 scale_pct=25 age_ratio=4 host=131095 gc_pages=119594 gc_count=3917 waf_q16=125322 best=46 next=33 settled=0 active=22
[1398377.044784] NVMeVirt: WATGC_V2 sample ns=0 part=1 epoch=1 window=117 phase=measure evaluated=35 k=7 scale_pct=50 age_ratio=16 host=131110 gc_pages=133591 gc_count=4136 waf_q16=132312 best=30 next=15 settled=0 active=20
[1398383.592203] NVMeVirt: WATGC_V2 sample ns=0 part=0 epoch=1 window=118 phase=measure evaluated=31 k=7 scale_pct=25 age_ratio=7 host=131108 gc_pages=114393 gc_count=3836 waf_q16=122716 best=31 next=31 settled=1 active=19
[1398393.294228] NVMeVirt: WATGC_V2 sample ns=0 part=2 epoch=1 window=118 phase=measure evaluated=33 k=7 scale_pct=50 age_ratio=4 host=131104 gc_pages=118807 gc_count=3905 waf_q16=124925 best=46 next=48 settled=0 active=26
[1398393.374087] NVMeVirt: WATGC_V2 sample ns=0 part=3 epoch=1 window=118 phase=measure evaluated=33 k=7 scale_pct=50 age_ratio=4 host=131098 gc_pages=103392 gc_count=3664 waf_q16=117221 best=46 next=27 settled=0 active=22
[1398393.424418] NVMeVirt: WATGC_V2 sample ns=0 part=1 epoch=1 window=118 phase=measure evaluated=15 k=4 scale_pct=25 age_ratio=4 host=131078 gc_pages=85172 gc_count=3379 waf_q16=108120 best=30 next=15 settled=0 active=20
[1398396.689054] NVMeVirt: WATGC_V2 sample ns=0 part=0 epoch=1 window=119 phase=measure evaluated=31 k=7 scale_pct=25 age_ratio=7 host=131085 gc_pages=89009 gc_count=3439 waf_q16=110036 best=31 next=31 settled=1 active=19
[1398406.514684] NVMeVirt: WATGC_V2 sample ns=0 part=1 epoch=1 window=119 phase=measure evaluated=15 k=4 scale_pct=25 age_ratio=4 host=131081 gc_pages=107270 gc_count=3724 waf_q16=119167 best=30 next=36 settled=0 active=20
[1398409.679583] NVMeVirt: WATGC_V2 sample ns=0 part=2 epoch=1 window=119 phase=measure evaluated=48 k=10 scale_pct=50 age_ratio=4 host=131105 gc_pages=123732 gc_count=3982 waf_q16=127386 best=46 next=50 settled=0 active=26
[1398409.762282] NVMeVirt: WATGC_V2 sample ns=0 part=3 epoch=1 window=119 phase=measure evaluated=27 k=4 scale_pct=400 age_ratio=4 host=131097 gc_pages=148002 gc_count=4361 waf_q16=139522 best=46 next=50 settled=0 active=22
[1398409.821767] NVMeVirt: WATGC_V2 sample ns=0 part=0 epoch=1 window=120 phase=measure evaluated=31 k=7 scale_pct=25 age_ratio=7 host=131097 gc_pages=124330 gc_count=3991 waf_q16=127689 best=36 next=17 settled=0 active=19
[1398422.917676] NVMeVirt: WATGC_V2 sample ns=0 part=1 epoch=1 window=120 phase=measure evaluated=36 k=7 scale_pct=100 age_ratio=4 host=131100 gc_pages=108520 gc_count=3744 waf_q16=119784 best=30 next=46 settled=0 active=20
[1398426.080547] NVMeVirt: WATGC_V2 sample ns=0 part=2 epoch=1 window=120 phase=measure evaluated=50 k=10 scale_pct=50 age_ratio=16 host=131105 gc_pages=106462 gc_count=3712 waf_q16=118753 best=46 next=46 settled=0 active=26
[1398426.146646] NVMeVirt: WATGC_V2 sample ns=0 part=3 epoch=1 window=120 phase=measure evaluated=50 k=10 scale_pct=50 age_ratio=16 host=131107 gc_pages=121170 gc_count=3942 waf_q16=126104 best=46 next=48 settled=0 active=22
[1398426.173222] NVMeVirt: WATGC_V2 sample ns=0 part=0 epoch=1 window=121 phase=measure evaluated=17 k=4 scale_pct=25 age_ratio=16 host=131078 gc_pages=111176 gc_count=3785 waf_q16=121121 best=36 next=50 settled=0 active=19
[1398439.278276] NVMeVirt: WATGC_V2 sample ns=0 part=1 epoch=1 window=121 phase=measure evaluated=46 k=10 scale_pct=25 age_ratio=7 host=131093 gc_pages=114483 gc_count=3837 waf_q16=122768 best=30 next=31 settled=0 active=20
[1398442.501436] NVMeVirt: WATGC_V2 settled ns=0 part=2 epoch=1 window=121 best=46 waf_q16=117023 meaning=empirical-stability
[1398442.501443] NVMeVirt: WATGC_V2 sample ns=0 part=2 epoch=1 window=121 phase=measure evaluated=46 k=10 scale_pct=25 age_ratio=7 host=131078 gc_pages=108603 gc_count=3745 waf_q16=119835 best=46 next=46 settled=1 active=26
[1398442.526465] NVMeVirt: WATGC_V2 sample ns=0 part=3 epoch=1 window=121 phase=measure evaluated=48 k=10 scale_pct=50 age_ratio=4 host=131110 gc_pages=98846 gc_count=3593 waf_q16=114944 best=46 next=42 settled=0 active=22
[1398442.569269] NVMeVirt: WATGC_V2 sample ns=0 part=0 epoch=1 window=122 phase=measure evaluated=50 k=10 scale_pct=50 age_ratio=16 host=131104 gc_pages=101231 gc_count=3630 waf_q16=116139 best=36 next=18 settled=0 active=19
[1398455.602198] NVMeVirt: WATGC_V2 sample ns=0 part=2 epoch=1 window=122 phase=measure evaluated=46 k=10 scale_pct=25 age_ratio=7 host=131081 gc_pages=87544 gc_count=3416 waf_q16=109304 best=46 next=46 settled=1 active=26
[1398455.658217] NVMeVirt: WATGC_V2 sample ns=0 part=1 epoch=1 window=122 phase=measure evaluated=31 k=7 scale_pct=25 age_ratio=7 host=131083 gc_pages=90017 gc_count=3455 waf_q16=110540 best=30 next=39 settled=0 active=20
[1398458.926124] NVMeVirt: WATGC_V2 sample ns=0 part=3 epoch=1 window=122 phase=measure evaluated=42 k=7 scale_pct=400 age_ratio=4 host=131104 gc_pages=100827 gc_count=3624 waf_q16=115937 best=46 next=17 settled=0 active=22
[1398458.965400] NVMeVirt: WATGC_V2 sample ns=0 part=0 epoch=1 window=123 phase=measure evaluated=18 k=4 scale_pct=50 age_ratio=4 host=131097 gc_pages=88802 gc_count=3436 waf_q16=109928 best=36 next=51 settled=0 active=19
[1398468.691784] NVMeVirt: WATGC_V2 sample ns=0 part=2 epoch=1 window=123 phase=measure evaluated=46 k=10 scale_pct=25 age_ratio=7 host=131084 gc_pages=103668 gc_count=3668 waf_q16=117365 best=46 next=46 settled=1 active=26
[1398472.080629] NVMeVirt: WATGC_V2 sample ns=0 part=1 epoch=1 window=123 phase=measure evaluated=39 k=7 scale_pct=200 age_ratio=4 host=131074 gc_pages=108427 gc_count=3742 waf_q16=119748 best=30 next=50 settled=0 active=20
[1398475.320174] NVMeVirt: WATGC_V2 sample ns=0 part=3 epoch=1 window=123 phase=measure evaluated=17 k=4 scale_pct=25 age_ratio=16 host=131073 gc_pages=135511 gc_count=4165 waf_q16=133290 best=46 next=46 settled=0 active=22
[1398475.337426] NVMeVirt: WATGC_V2 sample ns=0 part=0 epoch=1 window=124 phase=measure evaluated=51 k=10 scale_pct=100 age_ratio=4 host=131097 gc_pages=122016 gc_count=3955 waf_q16=126532 best=36 next=18 settled=0 active=19
[1398481.822283] NVMeVirt: WATGC_V2 sample ns=0 part=2 epoch=1 window=124 phase=measure evaluated=46 k=10 scale_pct=25 age_ratio=7 host=131079 gc_pages=107850 gc_count=3733 waf_q16=119458 best=46 next=46 settled=1 active=26
[1398488.466224] NVMeVirt: WATGC_V2 sample ns=0 part=1 epoch=1 window=124 phase=measure evaluated=50 k=10 scale_pct=50 age_ratio=16 host=131082 gc_pages=108082 gc_count=3737 waf_q16=119572 best=30 next=40 settled=0 active=20
[1398491.707702] NVMeVirt: WATGC_V2 settled ns=0 part=3 epoch=1 window=124 best=46 waf_q16=115376 meaning=empirical-stability
[1398491.707710] NVMeVirt: WATGC_V2 sample ns=0 part=3 epoch=1 window=124 phase=measure evaluated=46 k=10 scale_pct=25 age_ratio=7 host=131075 gc_pages=76024 gc_count=3236 waf_q16=103547 best=46 next=46 settled=1 active=22
[1398491.733198] NVMeVirt: WATGC_V2 sample ns=0 part=0 epoch=1 window=125 phase=measure evaluated=18 k=4 scale_pct=50 age_ratio=4 host=131097 gc_pages=104737 gc_count=3685 waf_q16=117894 best=36 next=46 settled=0 active=19
[1398494.906662] NVMeVirt: WATGC_V2 sample ns=0 part=2 epoch=1 window=125 phase=measure evaluated=46 k=10 scale_pct=25 age_ratio=7 host=131078 gc_pages=80688 gc_count=3309 waf_q16=105878 best=46 next=46 settled=1 active=26
[1398504.804367] NVMeVirt: WATGC_V2 sample ns=0 part=3 epoch=1 window=125 phase=measure evaluated=46 k=10 scale_pct=25 age_ratio=7 host=131074 gc_pages=88386 gc_count=3429 waf_q16=109728 best=46 next=46 settled=1 active=21
[1398504.845798] NVMeVirt: WATGC_V2 sample ns=0 part=1 epoch=1 window=125 phase=measure evaluated=40 k=7 scale_pct=200 age_ratio=7 host=131082 gc_pages=92482 gc_count=3493 waf_q16=111773 best=30 next=31 settled=0 active=20
[1398508.050583] NVMeVirt: WATGC_V2 sample ns=0 part=2 epoch=1 window=126 phase=measure evaluated=46 k=10 scale_pct=25 age_ratio=7 host=131094 gc_pages=118114 gc_count=3894 waf_q16=124583 best=46 next=46 settled=1 active=26
[1398508.088646] NVMeVirt: WATGC_V2 sample ns=0 part=0 epoch=1 window=126 phase=measure evaluated=46 k=10 scale_pct=25 age_ratio=7 host=131089 gc_pages=117094 gc_count=3878 waf_q16=124075 best=36 next=36 settled=0 active=19
[1398517.925307] NVMeVirt: WATGC_V2 sample ns=0 part=3 epoch=1 window=126 phase=measure evaluated=46 k=10 scale_pct=25 age_ratio=7 host=131090 gc_pages=97765 gc_count=3576 waf_q16=114411 best=46 next=46 settled=1 active=21
[1398521.142863] NVMeVirt: WATGC_V2 sample ns=0 part=2 epoch=1 window=127 phase=measure evaluated=46 k=10 scale_pct=25 age_ratio=7 host=131077 gc_pages=86460 gc_count=3399 waf_q16=108764 best=46 next=46 settled=1 active=26
[1398521.239022] NVMeVirt: WATGC_V2 sample ns=0 part=1 epoch=1 window=126 phase=measure evaluated=31 k=7 scale_pct=25 age_ratio=7 host=131098 gc_pages=91549 gc_count=3479 waf_q16=111301 best=30 next=40 settled=0 active=20
[1398524.471995] NVMeVirt: WATGC_V2 sample ns=0 part=0 epoch=1 window=127 phase=measure evaluated=36 k=7 scale_pct=100 age_ratio=4 host=131099 gc_pages=92194 gc_count=3489 waf_q16=111623 best=36 next=19 settled=0 active=19
[1398531.036009] NVMeVirt: WATGC_V2 sample ns=0 part=3 epoch=1 window=127 phase=measure evaluated=46 k=10 scale_pct=25 age_ratio=7 host=131101 gc_pages=93228 gc_count=3505 waf_q16=112139 best=46 next=46 settled=1 active=21
[1398534.243692] NVMeVirt: WATGC_V2 sample ns=0 part=2 epoch=1 window=128 phase=measure evaluated=46 k=10 scale_pct=25 age_ratio=7 host=131088 gc_pages=108861 gc_count=3749 waf_q16=119959 best=46 next=31 settled=1 active=26
[1398537.649177] NVMeVirt: WATGC_V2 sample ns=0 part=1 epoch=1 window=127 phase=measure evaluated=40 k=7 scale_pct=200 age_ratio=7 host=131088 gc_pages=121922 gc_count=3953 waf_q16=126489 best=30 next=31 settled=0 active=20
[1398540.859998] NVMeVirt: WATGC_V2 sample ns=0 part=0 epoch=1 window=128 phase=measure evaluated=19 k=4 scale_pct=50 age_ratio=7 host=131099 gc_pages=139422 gc_count=4227 waf_q16=135232 best=36 next=15 settled=0 active=19
[1398544.139705] NVMeVirt: WATGC_V2 sample ns=0 part=3 epoch=1 window=128 phase=measure evaluated=46 k=10 scale_pct=25 age_ratio=7 host=131098 gc_pages=123240 gc_count=3974 waf_q16=127143 best=46 next=46 settled=1 active=21
[1398550.663172] NVMeVirt: WATGC_V2 sample ns=0 part=2 epoch=1 window=129 phase=measure evaluated=31 k=7 scale_pct=25 age_ratio=7 host=131101 gc_pages=106074 gc_count=3706 waf_q16=118561 best=46 next=46 settled=1 active=26
[1398554.011001] NVMeVirt: WATGC_V2 sample ns=0 part=1 epoch=1 window=128 phase=measure evaluated=31 k=7 scale_pct=25 age_ratio=7 host=131110 gc_pages=110234 gc_count=3771 waf_q16=120637 best=30 next=30 settled=0 active=20
[1398557.254085] NVMeVirt: WATGC_V2 sample ns=0 part=3 epoch=1 window=129 phase=measure evaluated=46 k=10 scale_pct=25 age_ratio=7 host=131100 gc_pages=92250 gc_count=3490 waf_q16=111651 best=46 next=46 settled=1 active=21
[1398557.255424] NVMeVirt: WATGC_V2 sample ns=0 part=0 epoch=1 window=129 phase=measure evaluated=15 k=4 scale_pct=25 age_ratio=4 host=131086 gc_pages=105002 gc_count=3689 waf_q16=118031 best=36 next=50 settled=0 active=19
[1398567.027281] NVMeVirt: WATGC_V2 sample ns=0 part=2 epoch=1 window=130 phase=measure evaluated=46 k=10 scale_pct=25 age_ratio=7 host=131094 gc_pages=115385 gc_count=3851 waf_q16=123218 best=46 next=46 settled=1 active=26
[1398570.324630] NVMeVirt: WATGC_V2 sample ns=0 part=3 epoch=1 window=130 phase=measure evaluated=46 k=10 scale_pct=25 age_ratio=7 host=131085 gc_pages=122429 gc_count=3961 waf_q16=126744 best=46 next=46 settled=1 active=21
[1398570.409337] NVMeVirt: WATGC_V2 settled ns=0 part=1 epoch=1 window=129 best=30 waf_q16=118291 meaning=empirical-stability
[1398570.409343] NVMeVirt: WATGC_V2 sample ns=0 part=1 epoch=1 window=129 phase=measure evaluated=30 k=7 scale_pct=25 age_ratio=4 host=131089 gc_pages=118841 gc_count=3905 waf_q16=124948 best=30 next=30 settled=1 active=20
[1398573.649606] NVMeVirt: WATGC_V2 sample ns=0 part=0 epoch=1 window=130 phase=measure evaluated=50 k=10 scale_pct=50 age_ratio=16 host=131106 gc_pages=137680 gc_count=4200 waf_q16=134358 best=36 next=36 settled=0 active=19
[1398580.132167] NVMeVirt: WATGC_V2 sample ns=0 part=2 epoch=1 window=131 phase=measure evaluated=46 k=10 scale_pct=25 age_ratio=7 host=131091 gc_pages=113121 gc_count=3816 waf_q16=122088 best=46 next=46 settled=1 active=26
[1398583.450744] NVMeVirt: WATGC_V2 sample ns=0 part=3 epoch=1 window=131 phase=measure evaluated=46 k=10 scale_pct=25 age_ratio=7 host=131094 gc_pages=107104 gc_count=3722 waf_q16=119079 best=46 next=31 settled=1 active=21
[1398583.522032] NVMeVirt: WATGC_V2 sample ns=0 part=1 epoch=1 window=130 phase=measure evaluated=30 k=7 scale_pct=25 age_ratio=4 host=131076 gc_pages=110840 gc_count=3780 waf_q16=120954 best=31 next=37 settled=0 active=20
[1398590.003170] NVMeVirt: WATGC_V2 sample ns=0 part=0 epoch=1 window=131 phase=measure evaluated=36 k=7 scale_pct=100 age_ratio=4 host=131086 gc_pages=92079 gc_count=3487 waf_q16=111570 best=36 next=27 settled=0 active=19
[1398593.257784] NVMeVirt: WATGC_V2 sample ns=0 part=2 epoch=1 window=132 phase=measure evaluated=46 k=10 scale_pct=25 age_ratio=7 host=131092 gc_pages=88552 gc_count=3432 waf_q16=109805 best=46 next=46 settled=1 active=26
[1398599.865991] NVMeVirt: WATGC_V2 sample ns=0 part=3 epoch=1 window=132 phase=measure evaluated=31 k=7 scale_pct=25 age_ratio=7 host=131104 gc_pages=110369 gc_count=3773 waf_q16=120707 best=46 next=46 settled=1 active=21
[1398599.876039] NVMeVirt: WATGC_V2 sample ns=0 part=1 epoch=1 window=131 phase=measure evaluated=37 k=7 scale_pct=100 age_ratio=7 host=131075 gc_pages=144317 gc_count=4303 waf_q16=137692 best=31 next=15 settled=0 active=20
[1398606.343488] NVMeVirt: WATGC_V2 sample ns=0 part=2 epoch=1 window=133 phase=measure evaluated=46 k=10 scale_pct=25 age_ratio=7 host=131090 gc_pages=131759 gc_count=4107 waf_q16=131406 best=46 next=46 settled=1 active=26
[1398606.425626] NVMeVirt: WATGC_V2 sample ns=0 part=0 epoch=1 window=132 phase=measure evaluated=27 k=4 scale_pct=400 age_ratio=4 host=131078 gc_pages=148982 gc_count=4376 waf_q16=140023 best=36 next=36 settled=0 active=19
[1398616.249959] NVMeVirt: WATGC_V2 sample ns=0 part=3 epoch=1 window=133 phase=measure evaluated=46 k=10 scale_pct=25 age_ratio=7 host=131096 gc_pages=106146 gc_count=3707 waf_q16=118599 best=46 next=46 settled=1 active=21
[1398616.281433] NVMeVirt: WATGC_V2 sample ns=0 part=1 epoch=1 window=132 phase=measure evaluated=15 k=4 scale_pct=25 age_ratio=4 host=131082 gc_pages=112235 gc_count=3802 waf_q16=121649 best=31 next=27 settled=0 active=20
[1398619.456706] NVMeVirt: WATGC_V2 sample ns=0 part=2 epoch=1 window=134 phase=measure evaluated=46 k=10 scale_pct=25 age_ratio=7 host=131094 gc_pages=91318 gc_count=3475 waf_q16=111187 best=46 next=46 settled=1 active=26
[1398622.817314] NVMeVirt: WATGC_V2 settled ns=0 part=0 epoch=1 window=133 best=36 waf_q16=117517 meaning=empirical-stability
[1398622.817321] NVMeVirt: WATGC_V2 sample ns=0 part=0 epoch=1 window=133 phase=measure evaluated=36 k=7 scale_pct=100 age_ratio=4 host=131081 gc_pages=138929 gc_count=4219 waf_q16=134995 best=36 next=36 settled=1 active=19
[1398629.352345] NVMeVirt: WATGC_V2 sample ns=0 part=3 epoch=1 window=134 phase=measure evaluated=46 k=10 scale_pct=25 age_ratio=7 host=131104 gc_pages=96680 gc_count=3559 waf_q16=113864 best=46 next=46 settled=1 active=21
[1398632.571366] NVMeVirt: WATGC_V2 sample ns=0 part=2 epoch=1 window=135 phase=measure evaluated=46 k=10 scale_pct=25 age_ratio=7 host=131091 gc_pages=108399 gc_count=3742 waf_q16=119727 best=46 next=46 settled=1 active=26
[1398632.661423] NVMeVirt: WATGC_V2 sample ns=0 part=1 epoch=1 window=133 phase=measure evaluated=27 k=4 scale_pct=400 age_ratio=4 host=131098 gc_pages=136232 gc_count=4177 waf_q16=133638 best=31 next=42 settled=0 active=20
[1398635.923712] NVMeVirt: WATGC_V2 sample ns=0 part=0 epoch=1 window=134 phase=measure evaluated=36 k=7 scale_pct=100 age_ratio=4 host=131092 gc_pages=146737 gc_count=4341 waf_q16=138893 best=31 next=18 settled=0 active=19
[1398642.465864] NVMeVirt: WATGC_V2 sample ns=0 part=3 epoch=1 window=135 phase=measure evaluated=46 k=10 scale_pct=25 age_ratio=7 host=131084 gc_pages=120824 gc_count=3936 waf_q16=125942 best=46 next=46 settled=1 active=21
[1398645.671828] NVMeVirt: WATGC_V2 sample ns=0 part=2 epoch=1 window=136 phase=measure evaluated=46 k=10 scale_pct=25 age_ratio=7 host=131084 gc_pages=112037 gc_count=3799 waf_q16=121549 best=46 next=46 settled=1 active=26
[1398649.054862] NVMeVirt: WATGC_V2 sample ns=0 part=1 epoch=1 window=134 phase=measure evaluated=42 k=7 scale_pct=400 age_ratio=4 host=131078 gc_pages=147062 gc_count=4346 waf_q16=139063 best=31 next=17 settled=0 active=20
[1398652.325915] NVMeVirt: WATGC_V2 sample ns=0 part=0 epoch=1 window=135 phase=measure evaluated=18 k=4 scale_pct=50 age_ratio=4 host=131081 gc_pages=125181 gc_count=4004 waf_q16=128122 best=31 next=17 settled=0 active=19
[1398655.581109] NVMeVirt: WATGC_V2 sample ns=0 part=3 epoch=1 window=136 phase=measure evaluated=46 k=10 scale_pct=25 age_ratio=7 host=131102 gc_pages=88787 gc_count=3436 waf_q16=109919 best=46 next=46 settled=1 active=21
[1398658.763852] NVMeVirt: WATGC_V2 sample ns=0 part=2 epoch=1 window=137 phase=measure evaluated=46 k=10 scale_pct=25 age_ratio=7 host=131081 gc_pages=84788 gc_count=3373 waf_q16=107927 best=46 next=49 settled=1 active=27
[1398665.472911] NVMeVirt: WATGC_V2 sample ns=0 part=1 epoch=1 window=135 phase=measure evaluated=17 k=4 scale_pct=25 age_ratio=16 host=131090 gc_pages=140957 gc_count=4251 waf_q16=136004 best=31 next=48 settled=0 active=20
[1398668.670823] NVMeVirt: WATGC_V2 sample ns=0 part=3 epoch=1 window=137 phase=measure evaluated=46 k=10 scale_pct=25 age_ratio=7 host=131075 gc_pages=111814 gc_count=3795 waf_q16=121441 best=46 next=46 settled=1 active=21
[1398668.699844] NVMeVirt: WATGC_V2 sample ns=0 part=0 epoch=1 window=136 phase=measure evaluated=17 k=4 scale_pct=25 age_ratio=16 host=131072 gc_pages=134701 gc_count=4153 waf_q16=132886 best=31 next=15 settled=0 active=19
[1398675.156538] NVMeVirt: WATGC_V2 sample ns=0 part=2 epoch=1 window=138 phase=measure evaluated=49 k=10 scale_pct=50 age_ratio=7 host=131077 gc_pages=123647 gc_count=3980 waf_q16=127357 best=46 next=46 settled=1 active=27
[1398681.779638] NVMeVirt: WATGC_V2 sample ns=0 part=3 epoch=1 window=138 phase=measure evaluated=46 k=10 scale_pct=25 age_ratio=7 host=131107 gc_pages=102739 gc_count=3654 waf_q16=116891 best=46 next=46 settled=1 active=21
[1398681.826106] NVMeVirt: WATGC_V2 sample ns=0 part=1 epoch=1 window=136 phase=measure evaluated=48 k=10 scale_pct=50 age_ratio=4 host=131098 gc_pages=86244 gc_count=3396 waf_q16=108649 best=31 next=48 settled=0 active=20
[1398685.099428] NVMeVirt: WATGC_V2 sample ns=0 part=0 epoch=1 window=137 phase=measure evaluated=15 k=4 scale_pct=25 age_ratio=4 host=131090 gc_pages=83381 gc_count=3351 waf_q16=107220 best=31 next=15 settled=0 active=19
[1398691.551464] NVMeVirt: WATGC_V2 sample ns=0 part=2 epoch=1 window=139 phase=measure evaluated=46 k=10 scale_pct=25 age_ratio=7 host=131090 gc_pages=84203 gc_count=3364 waf_q16=107631 best=46 next=46 settled=1 active=27
[1398694.889052] NVMeVirt: WATGC_V2 sample ns=0 part=3 epoch=1 window=139 phase=measure evaluated=46 k=10 scale_pct=25 age_ratio=7 host=131086 gc_pages=91646 gc_count=3480 waf_q16=111354 best=46 next=46 settled=1 active=21
[1398694.962094] NVMeVirt: WATGC_V2 sample ns=0 part=1 epoch=1 window=137 phase=measure evaluated=48 k=10 scale_pct=50 age_ratio=4 host=131072 gc_pages=91913 gc_count=3484 waf_q16=111492 best=31 next=48 settled=0 active=20
[1398698.215841] NVMeVirt: WATGC_V2 sample ns=0 part=0 epoch=1 window=138 phase=measure evaluated=15 k=4 scale_pct=25 age_ratio=4 host=131093 gc_pages=98284 gc_count=3584 waf_q16=114670 best=31 next=42 settled=0 active=19
[1398704.667658] NVMeVirt: WATGC_V2 sample ns=0 part=2 epoch=1 window=140 phase=measure evaluated=46 k=10 scale_pct=25 age_ratio=7 host=131103 gc_pages=117921 gc_count=3891 waf_q16=124482 best=46 next=46 settled=1 active=27
[1398707.993586] NVMeVirt: WATGC_V2 sample ns=0 part=3 epoch=1 window=140 phase=measure evaluated=46 k=10 scale_pct=25 age_ratio=7 host=131104 gc_pages=115681 gc_count=3856 waf_q16=123362 best=46 next=49 settled=1 active=22
[1398708.044176] NVMeVirt: WATGC_V2 sample ns=0 part=1 epoch=1 window=138 phase=measure evaluated=48 k=10 scale_pct=50 age_ratio=4 host=131080 gc_pages=119416 gc_count=3914 waf_q16=125240 best=31 next=21 settled=0 active=20
[1398713.275663] mix-mixC-onlinev4-1402621 phase=B END
[1398713.278947] NVMeVirt: Measurement: command=stop epoch=1 host_bytes=368741351424 learner_active=0
[1398713.329328] EXT4-fs (nvme0n1): unmounting filesystem e3d1dccc-519e-43c8-8cba-e0a5578d0418.
[1398713.398360] pci_bus 0001:10: busn_res: [bus 10-ff] is released
[1398713.398423] NVMeVirt: WATGC_V2 summary ns=0 part=0 epoch=1 windows=138 epoch_windows=138 discarded=0 visited=45 covered=1 settled=0 phase=2 current=42 best=31 k=7 scale_pct=25 age_ratio=7 best_waf_valid=1 best_waf_q16=117339
[1398713.398429] NVMeVirt: WATGC_V2 summary ns=0 part=1 epoch=1 windows=138 epoch_windows=138 discarded=0 visited=45 covered=1 settled=0 phase=2 current=21 best=31 k=7 scale_pct=25 age_ratio=7 best_waf_valid=1 best_waf_q16=117703
[1398713.398432] NVMeVirt: WATGC_V2 summary ns=0 part=2 epoch=1 windows=140 epoch_windows=140 discarded=0 visited=45 covered=1 settled=1 phase=2 current=46 best=46 k=10 scale_pct=25 age_ratio=7 best_waf_valid=1 best_waf_q16=116803
[1398713.398436] NVMeVirt: WATGC_V2 summary ns=0 part=3 epoch=1 windows=140 epoch_windows=140 discarded=0 visited=45 covered=1 settled=1 phase=2 current=49 best=46 k=10 scale_pct=25 age_ratio=7 best_waf_valid=1 best_waf_q16=116764
[1398713.398438] NVMeVirt: GC stats: ns=0 policy=watgc-v2 host_pages=90024744 gc_pages=79919381 gc_count=2655377 WAF=1.887 warmup_gc=100-per-part
[1398713.472282] NVMeVirt: Virtual NVMe device closed
