[432877.865805] tee (3209045): drop_caches: 3
[432881.996583] tee (3209053): drop_caches: 3
[432886.129416] tee (3209060): drop_caches: 3
[432890.257350] tee (3209065): drop_caches: 3
[432894.375965] tee (3209070): drop_caches: 3
[432898.642400] tee (3209077): drop_caches: 3
[432902.781725] tee (3209082): drop_caches: 3
[432906.917695] tee (3209089): drop_caches: 3
[432911.049787] tee (3209105): drop_caches: 3
[432915.187722] tee (3209112): drop_caches: 3
[432919.314824] tee (3209118): drop_caches: 3
[432923.434708] tee (3209124): drop_caches: 3
[432927.558298] tee (3209134): drop_caches: 3
[432931.760819] tee (3209139): drop_caches: 3
[432935.890397] tee (3209148): drop_caches: 3
[432940.014088] tee (3209165): drop_caches: 3
[432944.148513] tee (3209170): drop_caches: 3
[432948.274528] tee (3209177): drop_caches: 3
[432952.400606] tee (3209182): drop_caches: 3
[432956.514118] tee (3209190): drop_caches: 3
[432960.775376] tee (3209195): drop_caches: 3
[432964.910180] tee (3209200): drop_caches: 3
[432969.039543] tee (3209218): drop_caches: 3
[432973.179890] tee (3209223): drop_caches: 3
[432977.315790] tee (3209230): drop_caches: 3
[432981.441195] tee (3209236): drop_caches: 3
[432985.572945] tee (3209243): drop_caches: 3
[432989.689081] tee (3209251): drop_caches: 3
[432993.903679] tee (3209258): drop_caches: 3
[432998.037129] tee (3209274): drop_caches: 3
[433002.158174] tee (3209282): drop_caches: 3
[433006.298945] tee (3209289): drop_caches: 3
[433010.433250] tee (3209294): drop_caches: 3
[433014.561007] tee (3209299): drop_caches: 3
[433018.677541] tee (3209306): drop_caches: 3
[433022.962104] tee (3209311): drop_caches: 3
[433027.092874] tee (3209326): drop_caches: 3
[433031.220220] tee (3209334): drop_caches: 3
[433035.378143] tee (3209341): drop_caches: 3
[433039.516945] tee (3209346): drop_caches: 3
[433043.654905] tee (3209352): drop_caches: 3
[433047.773906] tee (3209359): drop_caches: 3
[433051.894822] tee (3209364): drop_caches: 3
[433056.107824] tee (3209373): drop_caches: 3
[433060.241690] tee (3209390): drop_caches: 3
[433064.382634] tee (3209395): drop_caches: 3
[433068.517159] tee (3209402): drop_caches: 3
[433072.650167] tee (3209407): drop_caches: 3
[433076.768720] tee (3209414): drop_caches: 3
[433080.888128] tee (3209419): drop_caches: 3
[433085.170913] tee (3209424): drop_caches: 3
[433089.291977] tee (3209442): drop_caches: 3
[433093.432240] tee (3209447): drop_caches: 3
[433097.573088] tee (3209454): drop_caches: 3
[433101.713340] tee (3209460): drop_caches: 3
[433105.855011] tee (3209467): drop_caches: 3
[433109.987296] tee (3209472): drop_caches: 3
[433114.106697] tee (3209479): drop_caches: 3
[433118.324552] tee (3209500): drop_caches: 3
[433122.455779] tee (3209510): drop_caches: 3
[433126.598835] tee (3209517): drop_caches: 3
[433130.730206] tee (3209522): drop_caches: 3
[433134.857399] tee (3209527): drop_caches: 3
[433138.976134] tee (3209534): drop_caches: 3
[433143.101384] tee (3209539): drop_caches: 3
[433147.376107] tee (3209562): drop_caches: 3
[433151.494473] tee (3209570): drop_caches: 3
[433155.626134] tee (3209577): drop_caches: 3
[433159.756062] tee (3209582): drop_caches: 3
[433163.884088] tee (3209588): drop_caches: 3
[433168.002834] tee (3209595): drop_caches: 3
[433172.120528] tee (3209600): drop_caches: 3
[433176.232478] tee (3209609): drop_caches: 3
[433180.432322] tee (3209626): drop_caches: 3
[433184.569517] tee (3209631): drop_caches: 3
[433188.697820] tee (3209638): drop_caches: 3
[433192.824665] tee (3209643): drop_caches: 3
[433196.943767] tee (3209651): drop_caches: 3
[433201.064195] tee (3209656): drop_caches: 3
[433205.181638] tee (3209661): drop_caches: 3
[433209.454434] tee (3209679): drop_caches: 3
[433213.579954] tee (3209684): drop_caches: 3
[433217.708956] tee (3209691): drop_caches: 3
[433221.845969] tee (3209696): drop_caches: 3
[433225.974587] tee (3209704): drop_caches: 3
[433230.104067] tee (3209709): drop_caches: 3
[433234.223681] tee (3209715): drop_caches: 3
[433238.344076] tee (3209858): drop_caches: 3
[433242.558709] tee (3209866): drop_caches: 3
[433246.685605] tee (3209873): drop_caches: 3
[433250.816662] tee (3209878): drop_caches: 3
[433254.942279] tee (3209883): drop_caches: 3
[433259.066385] tee (3209890): drop_caches: 3
[433263.188863] tee (3209895): drop_caches: 3
[433267.299133] tee (3209910): drop_caches: 3
[433271.549064] tee (3209918): drop_caches: 3
[433275.713599] tee (3209925): drop_caches: 3
[433279.841567] tee (3209930): drop_caches: 3
[433283.972724] tee (3209936): drop_caches: 3
[433288.100698] tee (3209943): drop_caches: 3
[433292.225238] tee (3209948): drop_caches: 3
[433296.340884] tee (3209957): drop_caches: 3
[433300.450371] tee (3209974): drop_caches: 3
[433304.680423] tee (3209979): drop_caches: 3
[433308.806264] tee (3209986): drop_caches: 3
[433312.937204] tee (3209991): drop_caches: 3
[433317.078173] tee (3210001): drop_caches: 3
[433321.207902] tee (3210006): drop_caches: 3
[433325.334392] tee (3210011): drop_caches: 3
[433329.444893] tee (3210029): drop_caches: 3
[433333.556544] tee (3210034): drop_caches: 3
[433337.748026] tee (3210041): drop_caches: 3
[433341.885766] tee (3210046): drop_caches: 3
[433346.026128] tee (3210054): drop_caches: 3
[433350.146737] tee (3210059): drop_caches: 3
[433354.274340] tee (3210065): drop_caches: 3
[433358.384763] tee (3210081): drop_caches: 3
[433362.494697] tee (3210089): drop_caches: 3
[433366.738075] tee (3210096): drop_caches: 3
[433370.868940] tee (3210101): drop_caches: 3
[433375.000504] tee (3210106): drop_caches: 3
[433379.126716] tee (3210113): drop_caches: 3
[433383.257917] tee (3210118): drop_caches: 3
[433387.373662] tee (3210133): drop_caches: 3
[433391.477646] tee (3210141): drop_caches: 3
[433395.599318] tee (3210146): drop_caches: 3
[433399.800344] tee (3210153): drop_caches: 3
[433403.931883] tee (3210158): drop_caches: 3
[433408.064368] tee (3210166): drop_caches: 3
[433412.194234] tee (3210171): drop_caches: 3
[433416.309526] tee (3210179): drop_caches: 3
[433420.411214] tee (3210198): drop_caches: 3
[433424.547648] tee (3210203): drop_caches: 3
[433428.795639] tee (3210210): drop_caches: 3
[433432.937446] tee (3210215): drop_caches: 3
[433437.071470] tee (3210222): drop_caches: 3
[433441.209054] tee (3210227): drop_caches: 3
[433445.342664] tee (3210232): drop_caches: 3
[433449.459271] tee (3210250): drop_caches: 3
[433453.582791] tee (3210255): drop_caches: 3
[433457.693116] tee (3210262): drop_caches: 3
[433461.900052] tee (3210267): drop_caches: 3
[433466.028870] tee (3210275): drop_caches: 3
[433470.173321] tee (3210280): drop_caches: 3
[433474.303727] tee (3210286): drop_caches: 3
[433478.417855] tee (3210302): drop_caches: 3
[433482.521070] tee (3210310): drop_caches: 3
[433486.630186] tee (3210317): drop_caches: 3
[433490.892351] tee (3210322): drop_caches: 3
[433495.021241] tee (3210327): drop_caches: 3
[433499.152664] tee (3210335): drop_caches: 3
[433503.291197] tee (3210340): drop_caches: 3
[433507.417580] tee (3210355): drop_caches: 3
[433511.537052] tee (3210363): drop_caches: 3
[433515.661531] tee (3210368): drop_caches: 3
[433519.784075] tee (3210376): drop_caches: 3
[433524.004280] tee (3210381): drop_caches: 3
[433528.138983] tee (3210389): drop_caches: 3
[433532.274187] tee (3210394): drop_caches: 3
[433536.408631] tee (3210402): drop_caches: 3
[433540.517014] tee (3210419): drop_caches: 3
[433544.631515] tee (3210424): drop_caches: 3
[433548.751064] tee (3210431): drop_caches: 3
[433553.027734] tee (3210436): drop_caches: 3
[433557.152426] tee (3210443): drop_caches: 3
[433561.286914] tee (3210448): drop_caches: 3
[433565.423310] tee (3210453): drop_caches: 3
[433569.542289] tee (3210471): drop_caches: 3
[433573.678868] tee (3210476): drop_caches: 3
[433577.797616] tee (3210483): drop_caches: 3
[433581.919240] tee (3210488): drop_caches: 3
[433586.144410] tee (3210493): drop_caches: 3
[433590.271332] tee (3210504): drop_caches: 3
[433594.409126] tee (3210510): drop_caches: 3
[433598.532352] tee (3210526): drop_caches: 3
[433602.643497] tee (3210534): drop_caches: 3
[433606.754744] tee (3210545): drop_caches: 3
[433610.913530] tee (3210570): drop_caches: 3
[433615.186616] tee (3210575): drop_caches: 3
[433619.370843] tee (3210582): drop_caches: 3
[433623.512347] tee (3210587): drop_caches: 3
[433627.659708] tee (3210602): drop_caches: 3
[433631.789440] tee (3210610): drop_caches: 3
[433635.919698] tee (3210615): drop_caches: 3
[433640.049005] tee (3210622): drop_caches: 3
[433644.177223] tee (3210627): drop_caches: 3
[433648.418868] tee (3210635): drop_caches: 3
[433652.557308] tee (3210640): drop_caches: 3
[433656.688259] tee (3210648): drop_caches: 3
[433660.810173] tee (3210665): drop_caches: 3
[433664.940692] tee (3210670): drop_caches: 3
[433669.068546] tee (3210677): drop_caches: 3
[433673.193952] tee (3210682): drop_caches: 3
[433677.325896] tee (3210689): drop_caches: 3
[433681.547096] tee (3210694): drop_caches: 3
[433685.689609] tee (3210699): drop_caches: 3
[433689.819699] tee (3210717): drop_caches: 3
[433693.950352] tee (3210722): drop_caches: 3
[433698.077162] tee (3210729): drop_caches: 3
[433702.199153] tee (3210734): drop_caches: 3
[433706.324224] tee (3210739): drop_caches: 3
[433710.564849] tee (3210750): drop_caches: 3
[433714.698731] tee (3210756): drop_caches: 3
[433718.831323] tee (3210772): drop_caches: 3
[433722.955998] tee (3210782): drop_caches: 3
[433727.087837] tee (3210789): drop_caches: 3
[433731.219091] tee (3210794): drop_caches: 3
[433735.344742] tee (3210799): drop_caches: 3
[433739.466782] tee (3210806): drop_caches: 3
[433743.675511] tee (3210811): drop_caches: 3
[433747.809038] tee (3210826): drop_caches: 3
[433751.929989] tee (3210834): drop_caches: 3
[433756.067894] tee (3210839): drop_caches: 3
[433760.193353] tee (3210846): drop_caches: 3
[433764.318070] tee (3210851): drop_caches: 3
[433768.432570] tee (3210859): drop_caches: 3
[433772.691419] tee (3210864): drop_caches: 3
[433776.820455] tee (3210872): drop_caches: 3
[433780.944450] tee (3210889): drop_caches: 3
[433785.080071] tee (3210894): drop_caches: 3
[433789.209504] tee (3210901): drop_caches: 3
[433793.341484] tee (3210906): drop_caches: 3
[433797.474675] tee (3210914): drop_caches: 3
[433801.599688] tee (3210919): drop_caches: 3
[433805.812837] tee (3210924): drop_caches: 3
[433809.938224] tee (3210942): drop_caches: 3
[433814.076948] tee (3210947): drop_caches: 3
[433818.210083] tee (3210954): drop_caches: 3
[433822.341850] tee (3210959): drop_caches: 3
[433826.467141] tee (3210964): drop_caches: 3
[433830.587781] tee (3210972): drop_caches: 3
[433834.846865] tee (3210978): drop_caches: 3
[433838.974497] tee (3210995): drop_caches: 3
[433843.105127] tee (3211003): drop_caches: 3
[433847.244789] tee (3211010): drop_caches: 3
[433851.383904] tee (3211015): drop_caches: 3
[433855.519050] tee (3211020): drop_caches: 3
[433859.644328] tee (3211027): drop_caches: 3
[433863.761113] tee (3211032): drop_caches: 3
[433867.968786] tee (3211047): drop_caches: 3
[433872.102013] tee (3211055): drop_caches: 3
[433876.236028] tee (3211060): drop_caches: 3
[433880.370056] tee (3211067): drop_caches: 3
[433884.501654] tee (3211072): drop_caches: 3
[433888.619176] tee (3211079): drop_caches: 3
[433892.734536] tee (3211085): drop_caches: 3
[433897.027363] tee (3211096): drop_caches: 3
[433901.159728] tee (3211113): drop_caches: 3
[433905.297946] tee (3211118): drop_caches: 3
[433909.436346] tee (3211125): drop_caches: 3
[433913.577659] tee (3211135): drop_caches: 3
[433917.755244] tee (3211142): drop_caches: 3
[433921.889280] tee (3211147): drop_caches: 3
[433926.018212] tee (3211152): drop_caches: 3
[433930.227854] tee (3211170): drop_caches: 3
[433934.369007] tee (3211175): drop_caches: 3
[433938.514950] tee (3211182): drop_caches: 3
[433942.648017] tee (3211187): drop_caches: 3
[433946.772715] tee (3211192): drop_caches: 3
[433950.892125] tee (3211200): drop_caches: 3
[433955.010042] tee (3211206): drop_caches: 3
[433959.301999] tee (3211222): drop_caches: 3
[433963.422082] tee (3211230): drop_caches: 3
[433967.555152] tee (3211237): drop_caches: 3
[433971.694923] tee (3211242): drop_caches: 3
[433975.829912] tee (3211247): drop_caches: 3
[433979.958702] tee (3211254): drop_caches: 3
[433984.091761] tee (3211259): drop_caches: 3
[433988.210847] tee (3211274): drop_caches: 3
[433992.433768] tee (3211282): drop_caches: 3
[433996.576003] tee (3211287): drop_caches: 3
[434000.710963] tee (3211294): drop_caches: 3
[434004.849488] tee (3211299): drop_caches: 3
[434008.973251] tee (3211306): drop_caches: 3
[434013.101426] tee (3211312): drop_caches: 3
[434017.226649] tee (3211327): drop_caches: 3
[434021.516012] tee (3211345): drop_caches: 3
[434025.649684] tee (3211350): drop_caches: 3
[434029.777326] tee (3211357): drop_caches: 3
[434033.919113] tee (3211362): drop_caches: 3
[434038.057182] tee (3211369): drop_caches: 3
[434042.196119] tee (3211375): drop_caches: 3
[434046.330581] tee (3211380): drop_caches: 3
[434050.449265] tee (3211398): drop_caches: 3
[434054.688179] tee (3211403): drop_caches: 3
[434058.826594] tee (3211410): drop_caches: 3
[434062.961922] tee (3211415): drop_caches: 3
[434067.097446] tee (3211422): drop_caches: 3
[434071.222932] tee (3211427): drop_caches: 3
[434075.348278] tee (3211434): drop_caches: 3
[434079.472549] tee (3211450): drop_caches: 3
[434083.793680] tee (3211458): drop_caches: 3
[434087.933075] tee (3211465): drop_caches: 3
[434092.068905] tee (3211470): drop_caches: 3
[434096.209577] tee (3211475): drop_caches: 3
[434100.358860] tee (3211482): drop_caches: 3
[434104.490492] tee (3211487): drop_caches: 3
[434108.621728] tee (3211502): drop_caches: 3
[434112.770521] tee (3211510): drop_caches: 3
[434117.008131] tee (3211515): drop_caches: 3
[434121.145043] tee (3211522): drop_caches: 3
[434125.297527] tee (3211527): drop_caches: 3
[434129.436724] tee (3211534): drop_caches: 3
[434133.601290] tee (3211541): drop_caches: 3
[434137.730041] tee (3211557): drop_caches: 3
[434141.839258] tee (3211565): drop_caches: 3
[434146.090028] tee (3211570): drop_caches: 3
[434150.289113] tee (3211577): drop_caches: 3
[434154.423602] tee (3211582): drop_caches: 3
[434158.557986] tee (3211589): drop_caches: 3
[434162.693534] tee (3211594): drop_caches: 3
[434166.824552] tee (3211599): drop_caches: 3
[434170.941276] tee (3211617): drop_caches: 3
[434175.062364] tee (3211622): drop_caches: 3
[434179.299915] tee (3211629): drop_caches: 3
[434183.438844] tee (3211634): drop_caches: 3
[434187.581797] tee (3211641): drop_caches: 3
[434191.706136] tee (3211649): drop_caches: 3
[434195.838608] tee (3211656): drop_caches: 3
[434199.961445] tee (3211672): drop_caches: 3
[434204.076147] tee (3211680): drop_caches: 3
[434208.197688] tee (3211687): drop_caches: 3
[434212.409825] tee (3211693): drop_caches: 3
[434216.551230] tee (3211698): drop_caches: 3
[434220.685936] tee (3211705): drop_caches: 3
[434224.816202] tee (3211710): drop_caches: 3
[434228.934670] tee (3211725): drop_caches: 3
[434233.042923] tee (3211733): drop_caches: 3
[434237.166785] tee (3211738): drop_caches: 3
[434241.408783] tee (3211745): drop_caches: 3
[434245.548955] tee (3211750): drop_caches: 3
[434249.695874] tee (3211757): drop_caches: 3
[434253.836840] tee (3211764): drop_caches: 3
[434257.969912] tee (3211780): drop_caches: 3
[434262.093222] tee (3211788): drop_caches: 3
[434266.218897] tee (3211793): drop_caches: 3
[434270.335396] tee (3211800): drop_caches: 3
[434274.541615] tee (3211805): drop_caches: 3
[434278.681637] tee (3211812): drop_caches: 3
[434282.815256] tee (3211817): drop_caches: 3
[434286.960544] tee (3211822): drop_caches: 3
[434291.074077] tee (3211840): drop_caches: 3
[434295.199315] tee (3211845): drop_caches: 3
[434299.320244] tee (3211852): drop_caches: 3
[434303.575760] tee (3211857): drop_caches: 3
[434307.715426] tee (3211864): drop_caches: 3
[434311.857750] tee (3211870): drop_caches: 3
[434315.992259] tee (3211881): drop_caches: 3
[434320.128139] tee (3211899): drop_caches: 3
[434324.246552] tee (3211907): drop_caches: 3
[434328.372484] tee (3211914): drop_caches: 3
[434332.500349] tee (3211919): drop_caches: 3
[434336.713372] tee (3211924): drop_caches: 3
[434340.852963] tee (3211931): drop_caches: 3
[434344.991043] tee (3211936): drop_caches: 3
[434349.127225] tee (3211951): drop_caches: 3
[434353.283491] tee (3211959): drop_caches: 3
[434357.409618] tee (3211964): drop_caches: 3
[434361.528854] tee (3211971): drop_caches: 3
[434365.790862] tee (3211976): drop_caches: 3
[434369.924735] tee (3211983): drop_caches: 3
[434374.067532] tee (3211990): drop_caches: 3
[434378.209145] tee (3212006): drop_caches: 3
[434382.335855] tee (3212014): drop_caches: 3
[434386.480551] tee (3212019): drop_caches: 3
[434390.609780] tee (3212026): drop_caches: 3
[434394.727581] tee (3212031): drop_caches: 3
[434398.946035] tee (3212039): drop_caches: 3
[434403.082481] tee (3212044): drop_caches: 3
[434407.216183] tee (3212049): drop_caches: 3
[434411.354733] tee (3212067): drop_caches: 3
[434415.486062] tee (3212072): drop_caches: 3
[434419.610726] tee (3212079): drop_caches: 3
[434423.727096] tee (3212084): drop_caches: 3
[434427.991370] tee (3212091): drop_caches: 3
[434432.126718] tee (3212096): drop_caches: 3
[434436.268383] tee (3212103): drop_caches: 3
[434440.422737] tee (3212120): drop_caches: 3
[434444.562204] tee (3212127): drop_caches: 3
[434448.691603] tee (3212134): drop_caches: 3
[434452.815991] tee (3212139): drop_caches: 3
[434456.938265] tee (3212144): drop_caches: 3
[434461.155819] tee (3212151): drop_caches: 3
[434465.297291] tee (3212156): drop_caches: 3
[434469.434057] tee (3212171): drop_caches: 3
[434473.559578] tee (3212179): drop_caches: 3
[434477.695440] tee (3212184): drop_caches: 3
[434481.816232] tee (3212191): drop_caches: 3
[434485.943198] tee (3212196): drop_caches: 3
[434490.218579] tee (3212205): drop_caches: 3
[434494.360194] tee (3212212): drop_caches: 3
[434498.498881] tee (3212228): drop_caches: 3
[434502.635878] tee (3212236): drop_caches: 3
[434506.763249] tee (3212244): drop_caches: 3
[434510.893793] tee (3212251): drop_caches: 3
[434515.024278] tee (3212256): drop_caches: 3
[434519.148123] tee (3212263): drop_caches: 3
[434523.377658] tee (3212268): drop_caches: 3
[434527.525153] tee (3212273): drop_caches: 3
[434531.650789] tee (3212291): drop_caches: 3
[434535.782787] tee (3212296): drop_caches: 3
[434539.908934] tee (3212303): drop_caches: 3
[434544.040368] tee (3212308): drop_caches: 3
[434548.157149] tee (3212315): drop_caches: 3
[434552.447518] tee (3212323): drop_caches: 3
[434556.573580] tee (3212330): drop_caches: 3
[434560.695410] tee (3212349): drop_caches: 3
[434564.833367] tee (3212354): drop_caches: 3
[434568.963158] tee (3212361): drop_caches: 3
[434573.096295] tee (3212366): drop_caches: 3
[434577.227238] tee (3212371): drop_caches: 3
[434581.348839] tee (3212379): drop_caches: 3
[434585.582367] tee (3212384): drop_caches: 3
[434589.744681] tee (3212399): drop_caches: 3
[434593.873711] tee (3212407): drop_caches: 3
[434598.003926] tee (3212414): drop_caches: 3
[434602.143019] tee (3212419): drop_caches: 3
[434606.277318] tee (3212424): drop_caches: 3
[434610.404794] tee (3212431): drop_caches: 3
[434614.675266] tee (3212438): drop_caches: 3
[434618.824765] tee (3212460): drop_caches: 3
[434622.951612] tee (3212470): drop_caches: 3
[434627.103517] tee (3212475): drop_caches: 3
[434631.282093] tee (3212482): drop_caches: 3
[434635.421725] tee (3212487): drop_caches: 3
[434639.553154] tee (3212494): drop_caches: 3
[434643.674641] tee (3212499): drop_caches: 3
[434647.903133] tee (3212513): drop_caches: 3
[434652.032406] tee (3212523): drop_caches: 3
[434656.175300] tee (3212528): drop_caches: 3
[434660.312531] tee (3212535): drop_caches: 3
[434664.448465] tee (3212540): drop_caches: 3
[434668.576983] tee (3212547): drop_caches: 3
[434672.701025] tee (3212552): drop_caches: 3
[434676.923397] tee (3212559): drop_caches: 3
[434681.113003] tee (3212578): drop_caches: 3
[434685.248852] tee (3212583): drop_caches: 3
[434689.379852] tee (3212590): drop_caches: 3
[434693.520649] tee (3212595): drop_caches: 3
[434697.656580] tee (3212600): drop_caches: 3
[434701.779244] tee (3212607): drop_caches: 3
[434705.907483] tee (3212612): drop_caches: 3
[434710.140084] tee (3212627): drop_caches: 3
[434714.268167] tee (3212636): drop_caches: 3
[434718.404265] tee (3212643): drop_caches: 3
[434722.539090] tee (3212648): drop_caches: 3
[434726.669393] tee (3212653): drop_caches: 3
[434730.797315] tee (3212660): drop_caches: 3
[434734.941227] tee (3212667): drop_caches: 3
[434739.065462] tee (3212683): drop_caches: 3
[434743.281645] tee (3212692): drop_caches: 3
[434747.417535] tee (3212697): drop_caches: 3
[434751.554083] tee (3212704): drop_caches: 3
[434755.691965] tee (3212709): drop_caches: 3
[434759.823158] tee (3212716): drop_caches: 3
[434763.943667] tee (3212721): drop_caches: 3
[434768.064823] tee (3212734): drop_caches: 3
[434772.312099] tee (3212744): drop_caches: 3
[434776.466138] tee (3212749): drop_caches: 3
[434780.622905] tee (3212756): drop_caches: 3
[434784.761542] tee (3212761): drop_caches: 3
[434788.893922] tee (3212768): drop_caches: 3
[434793.019757] tee (3212776): drop_caches: 3
[434797.139941] tee (3212784): drop_caches: 3
[434801.255600] tee (3212802): drop_caches: 3
[434805.463903] tee (3212807): drop_caches: 3
[434809.600493] tee (3212814): drop_caches: 3
[434813.742720] tee (3212819): drop_caches: 3
[434817.876515] tee (3212824): drop_caches: 3
[434822.004274] tee (3212831): drop_caches: 3
[434826.128202] tee (3212836): drop_caches: 3
[434830.255946] tee (3212851): drop_caches: 3
[434834.504193] tee (3212859): drop_caches: 3
[434838.634671] tee (3212866): drop_caches: 3
[434842.772834] tee (3212871): drop_caches: 3
[434846.909346] tee (3212876): drop_caches: 3
[434851.060945] tee (3212883): drop_caches: 3
[434855.193321] tee (3212891): drop_caches: 3
[434859.322199] tee (3212907): drop_caches: 3
[434863.428328] tee (3212915): drop_caches: 3
[434867.635622] tee (3212920): drop_caches: 3
[434871.769523] tee (3212927): drop_caches: 3
[434875.904944] tee (3212932): drop_caches: 3
[434880.037749] tee (3212939): drop_caches: 3
[434884.161260] tee (3212944): drop_caches: 3
[434888.287226] tee (3212966): drop_caches: 3
[434892.399695] tee (3212976): drop_caches: 3
[434896.669261] tee (3212981): drop_caches: 3
[434900.802084] tee (3212988): drop_caches: 3
[434904.938800] tee (3212993): drop_caches: 3
[434909.077034] tee (3213000): drop_caches: 3
[434913.212638] tee (3213005): drop_caches: 3
[434917.347549] tee (3213018): drop_caches: 3
[434921.467427] tee (3213038): drop_caches: 3
[434925.585589] tee (3213043): drop_caches: 3
[434929.881768] tee (3213050): drop_caches: 3
[434934.063835] tee (3213055): drop_caches: 3
[434938.265059] tee (3213060): drop_caches: 3
[434942.453288] tee (3213067): drop_caches: 3
[434946.740737] tee (3213075): drop_caches: 3
[434946.784381] mix-mixV-fixed37-3205035 phase=A END
[434946.803173] mix-mixV-fixed37-3205035 phase=B START
[435952.228845] mix-mixV-fixed37-3205035 phase=B chunk=1/4 done
[436297.752080] audit: type=1400 audit(1791277210.139:439): apparmor="DENIED" operation="open" class="file" profile="snap.firmware-updater.firmware-notifier" name="/proc/sys/vm/max_map_count" pid=3279488 comm="firmware-notifi" requested_mask="r" denied_mask="r" fsuid=1000 ouid=0
[436957.707385] mix-mixV-fixed37-3205035 phase=B chunk=2/4 done
[437963.354985] mix-mixV-fixed37-3205035 phase=B chunk=3/4 done
[438968.728183] mix-mixV-fixed37-3205035 phase=B chunk=4/4 done
[438968.763696] mix-mixV-fixed37-3205035 phase=B END
[438968.776999] mix-mixV-fixed37-3205035 phase=C START
[441903.407155] NVMeVirt: Measurement: command=stop epoch=1 host_bytes=2394031116288 learner_active=0
[441903.712151] EXT4-fs (nvme1n1): unmounting filesystem e3f83812-b626-4334-9177-88dc659ec6c2.
[441903.846848] pci_bus 0001:10: busn_res: [bus 10-ff] is released
[441903.847256] NVMeVirt: GC stats: ns=0 policy=cat-fig7-fixed host_pages=584480253 gc_pages=789198378 gc_count=21458867 WAF=2.350 warmup_gc=100-per-part
[441904.011263] NVMeVirt: Virtual NVMe device closed
[442125.856062] mix-mixV-fixed37-3377583 BEGIN
[442125.882588] NVMeVirt: Version 1.10 for >> Samsung 970 Pro SSD <<
[442125.882601] NVMeVirt: Storage: 0x100100000-0x300000000 (8191 MiB)
[442125.902014] NVMeVirt: Total Capacity(GiB,MiB)=2,2048 chs=2 luns=4 lines=8192 blk-size(MiB,KiB)=0,64 line-size(MiB,KiB)=0,256
[442125.919150] NVMeVirt: [chmodel_init] bandwidth 800 max_credits 26 tx_time 152
[442125.936158] NVMeVirt: [chmodel_init] bandwidth 800 max_credits 26 tx_time 152
[442125.936190] NVMeVirt: [chmodel_init] bandwidth 3360 max_credits 110 tx_time 36
[442125.936194] NVMeVirt: Fixed CAT init ns=0 part=0 arm=37 k=7 scale_pct=100 age_ratio=7
[442125.938636] NVMeVirt: pqueue: Copyright (c) 2014, Volkan Yazıcı <volkan.yazici@gmail.com>. All rights reserved.
[442125.938694] NVMeVirt: Init FTL instance with 2 channels (524288 pages)
[442125.938698] NVMeVirt: GC victim policy: cat-fig7-fixed ns=0 part=0 initial_k=7 initial_scale_pct=100 initial_age_ratio=7 warmup_gc=100
[442125.955653] NVMeVirt: [chmodel_init] bandwidth 800 max_credits 26 tx_time 152
[442125.971371] NVMeVirt: [chmodel_init] bandwidth 800 max_credits 26 tx_time 152
[442125.971414] NVMeVirt: [chmodel_init] bandwidth 3360 max_credits 110 tx_time 36
[442125.971421] NVMeVirt: Fixed CAT init ns=0 part=1 arm=37 k=7 scale_pct=100 age_ratio=7
[442125.973686] NVMeVirt: Init FTL instance with 2 channels (524288 pages)
[442125.973693] NVMeVirt: GC victim policy: cat-fig7-fixed ns=0 part=1 initial_k=7 initial_scale_pct=100 initial_age_ratio=7 warmup_gc=100
[442125.990933] NVMeVirt: [chmodel_init] bandwidth 800 max_credits 26 tx_time 152
[442126.006991] NVMeVirt: [chmodel_init] bandwidth 800 max_credits 26 tx_time 152
[442126.007040] NVMeVirt: [chmodel_init] bandwidth 3360 max_credits 110 tx_time 36
[442126.007046] NVMeVirt: Fixed CAT init ns=0 part=2 arm=37 k=7 scale_pct=100 age_ratio=7
[442126.010055] NVMeVirt: Init FTL instance with 2 channels (524288 pages)
[442126.010067] NVMeVirt: GC victim policy: cat-fig7-fixed ns=0 part=2 initial_k=7 initial_scale_pct=100 initial_age_ratio=7 warmup_gc=100
[442126.025541] NVMeVirt: [chmodel_init] bandwidth 800 max_credits 26 tx_time 152
[442126.041784] NVMeVirt: [chmodel_init] bandwidth 800 max_credits 26 tx_time 152
[442126.041813] NVMeVirt: [chmodel_init] bandwidth 3360 max_credits 110 tx_time 36
[442126.041817] NVMeVirt: Fixed CAT init ns=0 part=3 arm=37 k=7 scale_pct=100 age_ratio=7
[442126.043722] NVMeVirt: Init FTL instance with 2 channels (524288 pages)
[442126.043725] NVMeVirt: GC victim policy: cat-fig7-fixed ns=0 part=3 initial_k=7 initial_scale_pct=100 initial_age_ratio=7 warmup_gc=100
[442126.043736] NVMeVirt: FTL physical space: 8588886016, logical space: 8026996276 (physical/logical * 100 = 107)
[442126.043738] NVMeVirt: ns 0/1: size 7655 MiB
[442126.043840] PCI host bridge to bus 0001:10
[442126.043845] pci_bus 0001:10: root bus resource [io  0x0000-0xffff]
[442126.043850] pci_bus 0001:10: root bus resource [mem 0x00000000-0x7ffffffffff]
[442126.043853] pci_bus 0001:10: root bus resource [bus 00-ff]
[442126.043871] pci 0001:10:00.0: [0c51:0110] type 00 class 0x010802 PCIe Endpoint
[442126.043878] pci 0001:10:00.0: BAR 0 [mem 0x100000000-0x100003fff 64bit]
[442126.043882] pci 0001:10:00.0: enabling Extended Tags
[442126.044263] NVMeVirt: Virtual PCI bus created (node 0)
[442126.044699] NVMeVirt: nvmev_io_worker_0 started on cpu 2 (node 0)
[442126.044741] NVMeVirt: nvmev_dispatcher started on cpu 1 (node 0)
[442126.044789] NVMeVirt: Virtual NVMe device created
[442126.045027] nvme nvme1: pci function 0001:10:00.0
[442126.050043] nvme nvme1: 12/0/0 default/read/poll queues
[442126.155911] EXT4-fs (nvme1n1): mounted filesystem 2c50cb2a-327c-4c87-863a-b5af844feaf8 r/w with ordered data mode. Quota mode: none.
[442208.256883] NVMeVirt: Fixed CAT init ns=0 part=0 arm=37 k=7 scale_pct=100 age_ratio=7
[442208.256898] NVMeVirt: Fixed CAT init ns=0 part=1 arm=37 k=7 scale_pct=100 age_ratio=7
[442208.256904] NVMeVirt: Fixed CAT init ns=0 part=2 arm=37 k=7 scale_pct=100 age_ratio=7
[442208.256909] NVMeVirt: Fixed CAT init ns=0 part=3 arm=37 k=7 scale_pct=100 age_ratio=7
[442208.256913] NVMeVirt: Measurement: command=start epoch=1 host_bytes=0 learner_active=1
[442208.275951] mix-mixV-fixed37-3377583 phase=A START
[442208.294666] mix-mixV-fixed37-3377583 phase=A LOAD
[442233.108205] mix-mixV-fixed37-3377583 phase=A RUN
[442237.723158] tee (3378145): drop_caches: 3
[442241.886454] tee (3378150): drop_caches: 3
[442246.023737] tee (3378157): drop_caches: 3
[442250.136787] tee (3378174): drop_caches: 3
[442254.265154] tee (3378180): drop_caches: 3
[442258.381087] tee (3378188): drop_caches: 3
[442262.499521] tee (3378193): drop_caches: 3
[442266.630994] tee (3378203): drop_caches: 3
[442270.752669] tee (3378208): drop_caches: 3
[442274.873763] tee (3378213): drop_caches: 3
[442278.985416] tee (3378231): drop_caches: 3
[442283.106474] tee (3378236): drop_caches: 3
[442287.228890] tee (3378243): drop_caches: 3
[442291.355046] tee (3378248): drop_caches: 3
[442295.464890] tee (3378258): drop_caches: 3
[442295.525303] mix-mixV-fixed37-3377583 phase=A END
[442300.569697] mix-mixV-fixed37-3377583 phase=B START
[442318.911366] mix-mixV-fixed37-3377583 phase=B chunk=1/4 done
[442337.298449] mix-mixV-fixed37-3377583 phase=B chunk=2/4 done
[442355.511157] mix-mixV-fixed37-3377583 phase=B chunk=3/4 done
[442373.735781] mix-mixV-fixed37-3377583 phase=B chunk=4/4 done
[442373.778670] mix-mixV-fixed37-3377583 phase=B END
[442373.793108] mix-mixV-fixed37-3377583 phase=C START
[442436.757995] mix-mixV-fixed37-3377583 phase=C chunk=1/1 done
[442437.548582] mix-mixV-fixed37-3377583 phase=C END
[442437.559669] mix-mixV-fixed37-3377583 phase=D START
[442437.573501] mix-mixV-fixed37-3377583 phase=D LOAD
[442458.255438] mix-mixV-fixed37-3377583 phase=D RUN
[442462.550199] tee (3390128): drop_caches: 3
[442466.682091] tee (3390135): drop_caches: 3
[442470.810213] tee (3390141): drop_caches: 3
[442474.932572] tee (3390148): drop_caches: 3
[442479.055356] tee (3390157): drop_caches: 3
[442483.184684] tee (3390162): drop_caches: 3
[442487.308417] tee (3390180): drop_caches: 3
[442491.443547] tee (3390185): drop_caches: 3
[442495.571512] tee (3390190): drop_caches: 3
[442499.695691] tee (3390197): drop_caches: 3
[442503.825841] tee (3390203): drop_caches: 3
[442507.955113] tee (3390210): drop_caches: 3
[442512.092828] tee (3390215): drop_caches: 3
[442516.229065] tee (3390220): drop_caches: 3
[442520.325670] tee (3390241): drop_caches: 3
[442520.368875] mix-mixV-fixed37-3377583 phase=D END
[442520.386103] mix-mixV-fixed37-3377583 phase=E START
[442520.398707] mix-mixV-fixed37-3377583 phase=E RUN
[442524.492709] tee (3390331): drop_caches: 3
[442528.619401] tee (3390338): drop_caches: 3
[442532.748910] tee (3390344): drop_caches: 3
[442536.880029] tee (3390354): drop_caches: 3
[442541.011407] tee (3390359): drop_caches: 3
[442545.140205] tee (3390373): drop_caches: 3
[442549.269753] tee (3390391): drop_caches: 3
[442553.425004] tee (3390396): drop_caches: 3
[442557.554192] tee (3390403): drop_caches: 3
[442561.697575] tee (3390408): drop_caches: 3
[442565.833449] tee (3390416): drop_caches: 3
[442569.948528] tee (3390423): drop_caches: 3
[442574.073756] tee (3390430): drop_caches: 3
[442578.190129] tee (3390448): drop_caches: 3
[442582.317577] tee (3390456): drop_caches: 3
[442582.469589] mix-mixV-fixed37-3377583 phase=E END
[442587.506012] mix-mixV-fixed37-3377583 phase=F START
[442647.897382] mix-mixV-fixed37-3377583 phase=F END
[442647.915187] mix-mixV-fixed37-3377583 phase=G START
[442710.868622] mix-mixV-fixed37-3377583 phase=G chunk=1/1 done
[442711.657996] mix-mixV-fixed37-3377583 phase=G END
[442711.668789] mix-mixV-fixed37-3377583 phase=H START
[442711.682606] mix-mixV-fixed37-3377583 phase=H LOAD
[442736.591290] mix-mixV-fixed37-3377583 phase=H RUN
[442740.933343] tee (3390836): drop_caches: 3
[442745.068952] tee (3390842): drop_caches: 3
[442749.187011] tee (3390851): drop_caches: 3
[442753.314836] tee (3390856): drop_caches: 3
[442757.422569] tee (3390874): drop_caches: 3
[442761.547274] tee (3390879): drop_caches: 3
[442765.675237] tee (3390884): drop_caches: 3
[442769.806509] tee (3390892): drop_caches: 3
[442773.925837] tee (3390899): drop_caches: 3
[442778.051104] tee (3390907): drop_caches: 3
[442782.175351] tee (3390912): drop_caches: 3
[442786.301796] tee (3390917): drop_caches: 3
[442790.407759] tee (3390935): drop_caches: 3
[442794.534300] tee (3390941): drop_caches: 3
[442798.637868] tee (3390956): drop_caches: 3
[442798.681636] mix-mixV-fixed37-3377583 phase=H END
[442803.725779] mix-mixV-fixed37-3377583 phase=I START
[442822.172899] mix-mixV-fixed37-3377583 phase=I chunk=1/4 done
[442840.397672] mix-mixV-fixed37-3377583 phase=I chunk=2/4 done
[442858.774985] mix-mixV-fixed37-3377583 phase=I chunk=3/4 done
[442877.135720] mix-mixV-fixed37-3377583 phase=I chunk=4/4 done
[442877.182521] mix-mixV-fixed37-3377583 phase=I END
[442877.185799] NVMeVirt: Measurement: command=stop epoch=1 host_bytes=116991696896 learner_active=0
[442878.055488] EXT4-fs (nvme1n1): unmounting filesystem 2c50cb2a-327c-4c87-863a-b5af844feaf8.
[442878.152803] pci_bus 0001:10: busn_res: [bus 10-ff] is released
[442878.153056] NVMeVirt: GC stats: ns=0 policy=cat-fig7-fixed host_pages=28562426 gc_pages=57276061 gc_count=1341226 WAF=3.005 warmup_gc=100-per-part
[442878.271404] NVMeVirt: Virtual NVMe device closed
[447127.364888] audit: type=1400 audit(1791288040.057:440): apparmor="DENIED" operation="open" class="file" profile="snap.firmware-updater.firmware-notifier" name="/proc/sys/vm/max_map_count" pid=3400330 comm="firmware-notifi" requested_mask="r" denied_mask="r" fsuid=1000 ouid=0
[452170.818050] mix-mixV-fixed37-3401491 BEGIN
[452170.838167] NVMeVirt: Version 1.10 for >> Samsung 970 Pro SSD <<
[452170.838175] NVMeVirt: Storage: 0x100100000-0x300000000 (8191 MiB)
[452170.858242] NVMeVirt: Total Capacity(GiB,MiB)=2,2048 chs=2 luns=4 lines=8192 blk-size(MiB,KiB)=0,64 line-size(MiB,KiB)=0,256
[452170.874562] NVMeVirt: [chmodel_init] bandwidth 800 max_credits 26 tx_time 152
[452170.890995] NVMeVirt: [chmodel_init] bandwidth 800 max_credits 26 tx_time 152
[452170.891035] NVMeVirt: [chmodel_init] bandwidth 3360 max_credits 110 tx_time 36
[452170.891041] NVMeVirt: Fixed CAT init ns=0 part=0 arm=37 k=7 scale_pct=100 age_ratio=7
[452170.893194] NVMeVirt: pqueue: Copyright (c) 2014, Volkan Yazıcı <volkan.yazici@gmail.com>. All rights reserved.
[452170.893243] NVMeVirt: Init FTL instance with 2 channels (524288 pages)
[452170.893246] NVMeVirt: GC victim policy: cat-fig7-fixed ns=0 part=0 initial_k=7 initial_scale_pct=100 initial_age_ratio=7 warmup_gc=100
[452170.908915] NVMeVirt: [chmodel_init] bandwidth 800 max_credits 26 tx_time 152
[452170.924333] NVMeVirt: [chmodel_init] bandwidth 800 max_credits 26 tx_time 152
[452170.924361] NVMeVirt: [chmodel_init] bandwidth 3360 max_credits 110 tx_time 36
[452170.924365] NVMeVirt: Fixed CAT init ns=0 part=1 arm=37 k=7 scale_pct=100 age_ratio=7
[452170.926124] NVMeVirt: Init FTL instance with 2 channels (524288 pages)
[452170.926127] NVMeVirt: GC victim policy: cat-fig7-fixed ns=0 part=1 initial_k=7 initial_scale_pct=100 initial_age_ratio=7 warmup_gc=100
[452170.941643] NVMeVirt: [chmodel_init] bandwidth 800 max_credits 26 tx_time 152
[452170.956280] NVMeVirt: [chmodel_init] bandwidth 800 max_credits 26 tx_time 152
[452170.956301] NVMeVirt: [chmodel_init] bandwidth 3360 max_credits 110 tx_time 36
[452170.956304] NVMeVirt: Fixed CAT init ns=0 part=2 arm=37 k=7 scale_pct=100 age_ratio=7
[452170.957949] NVMeVirt: Init FTL instance with 2 channels (524288 pages)
[452170.957952] NVMeVirt: GC victim policy: cat-fig7-fixed ns=0 part=2 initial_k=7 initial_scale_pct=100 initial_age_ratio=7 warmup_gc=100
[452170.973295] NVMeVirt: [chmodel_init] bandwidth 800 max_credits 26 tx_time 152
[452170.987579] NVMeVirt: [chmodel_init] bandwidth 800 max_credits 26 tx_time 152
[452170.987603] NVMeVirt: [chmodel_init] bandwidth 3360 max_credits 110 tx_time 36
[452170.987608] NVMeVirt: Fixed CAT init ns=0 part=3 arm=37 k=7 scale_pct=100 age_ratio=7
[452170.989420] NVMeVirt: Init FTL instance with 2 channels (524288 pages)
[452170.989423] NVMeVirt: GC victim policy: cat-fig7-fixed ns=0 part=3 initial_k=7 initial_scale_pct=100 initial_age_ratio=7 warmup_gc=100
[452170.989433] NVMeVirt: FTL physical space: 8588886016, logical space: 8026996276 (physical/logical * 100 = 107)
[452170.989435] NVMeVirt: ns 0/1: size 7655 MiB
[452170.989531] PCI host bridge to bus 0001:10
[452170.989535] pci_bus 0001:10: root bus resource [io  0x0000-0xffff]
[452170.989539] pci_bus 0001:10: root bus resource [mem 0x00000000-0x7ffffffffff]
[452170.989543] pci_bus 0001:10: root bus resource [bus 00-ff]
[452170.989557] pci 0001:10:00.0: [0c51:0110] type 00 class 0x010802 PCIe Endpoint
[452170.989564] pci 0001:10:00.0: BAR 0 [mem 0x100000000-0x100003fff 64bit]
[452170.989568] pci 0001:10:00.0: enabling Extended Tags
[452170.989907] NVMeVirt: Virtual PCI bus created (node 0)
[452170.990274] NVMeVirt: nvmev_io_worker_0 started on cpu 2 (node 0)
[452170.990341] NVMeVirt: nvmev_dispatcher started on cpu 1 (node 0)
[452170.990377] NVMeVirt: Virtual NVMe device created
[452170.990693] nvme nvme1: pci function 0001:10:00.0
[452170.993202] nvme nvme1: 12/0/0 default/read/poll queues
[452171.098337] EXT4-fs (nvme1n1): mounted filesystem fd30d8fb-f975-48fb-97f3-f7d0eaf4e932 r/w with ordered data mode. Quota mode: none.
[452239.624009] NVMeVirt: Fixed CAT init ns=0 part=0 arm=37 k=7 scale_pct=100 age_ratio=7
[452239.624021] NVMeVirt: Fixed CAT init ns=0 part=1 arm=37 k=7 scale_pct=100 age_ratio=7
[452239.624024] NVMeVirt: Fixed CAT init ns=0 part=2 arm=37 k=7 scale_pct=100 age_ratio=7
[452239.624028] NVMeVirt: Fixed CAT init ns=0 part=3 arm=37 k=7 scale_pct=100 age_ratio=7
[452239.624030] NVMeVirt: Measurement: command=start epoch=1 host_bytes=0 learner_active=1
[452239.637943] mix-mixV-fixed37-3401491 phase=A START
[452239.652101] mix-mixV-fixed37-3401491 phase=A LOAD
[452264.559773] mix-mixV-fixed37-3401491 phase=A RUN
[452269.138379] tee (3402004): drop_caches: 3
[452273.286961] tee (3402012): drop_caches: 3
[452277.441786] tee (3402017): drop_caches: 3
[452281.598154] tee (3402022): drop_caches: 3
[452285.746119] tee (3402028): drop_caches: 3
[452289.889261] tee (3402046): drop_caches: 3
[452294.033601] tee (3402063): drop_caches: 3
[452298.269816] tee (3402070): drop_caches: 3
[452302.438873] tee (3402075): drop_caches: 3
[452306.632263] tee (3402080): drop_caches: 3
[452310.798027] tee (3402086): drop_caches: 3
[452314.942400] tee (3402094): drop_caches: 3
[452319.100746] tee (3402100): drop_caches: 3
[452323.234773] tee (3402118): drop_caches: 3
[452327.514623] tee (3402123): drop_caches: 3
[452331.639351] tee (3402128): drop_caches: 3
[452335.771595] tee (3402133): drop_caches: 3
[452339.916798] tee (3402138): drop_caches: 3
[452344.061524] tee (3402144): drop_caches: 3
[452348.203613] tee (3402149): drop_caches: 3
[452352.328761] tee (3402165): drop_caches: 3
[452356.463157] tee (3402170): drop_caches: 3
[452360.707164] tee (3402175): drop_caches: 3
[452364.853602] tee (3402180): drop_caches: 3
[452368.997305] tee (3402185): drop_caches: 3
[452373.138128] tee (3402190): drop_caches: 3
[452377.281188] tee (3402198): drop_caches: 3
[452381.402171] tee (3402214): drop_caches: 3
[452385.535756] tee (3402219): drop_caches: 3
[452389.874791] tee (3402224): drop_caches: 3
[452394.016745] tee (3402229): drop_caches: 3
[452398.152028] tee (3402235): drop_caches: 3
[452402.303720] tee (3402241): drop_caches: 3
[452406.444194] tee (3402246): drop_caches: 3
[452410.589991] tee (3402251): drop_caches: 3
[452414.720462] tee (3402267): drop_caches: 3
[452418.856585] tee (3402272): drop_caches: 3
[452423.098867] tee (3402277): drop_caches: 3
[452427.236811] tee (3402282): drop_caches: 3
[452431.376020] tee (3402287): drop_caches: 3
[452435.515948] tee (3402294): drop_caches: 3
[452439.651448] tee (3402300): drop_caches: 3
[452443.766707] tee (3402316): drop_caches: 3
[452447.896951] tee (3402321): drop_caches: 3
[452452.189128] tee (3402326): drop_caches: 3
[452456.355815] tee (3402331): drop_caches: 3
[452460.506703] tee (3402336): drop_caches: 3
[452464.652824] tee (3402342): drop_caches: 3
[452468.805035] tee (3402347): drop_caches: 3
[452472.948670] tee (3402363): drop_caches: 3
[452477.096928] tee (3402368): drop_caches: 3
[452481.221027] tee (3402373): drop_caches: 3
[452485.454619] tee (3402378): drop_caches: 3
[452489.592213] tee (3402385): drop_caches: 3
[452493.739841] tee (3402390): drop_caches: 3
[452497.885402] tee (3402398): drop_caches: 3
[452502.013889] tee (3402417): drop_caches: 3
[452506.146055] tee (3402422): drop_caches: 3
[452510.272933] tee (3402427): drop_caches: 3
[452514.544482] tee (3402432): drop_caches: 3
[452518.756836] tee (3402437): drop_caches: 3
[452522.896064] tee (3402443): drop_caches: 3
[452527.039383] tee (3402448): drop_caches: 3
[452531.193493] tee (3402453): drop_caches: 3
[452535.319985] tee (3402469): drop_caches: 3
[452539.455697] tee (3402474): drop_caches: 3
[452543.591854] tee (3402479): drop_caches: 3
[452547.836018] tee (3402484): drop_caches: 3
[452551.983305] tee (3402489): drop_caches: 3
[452556.130206] tee (3402496): drop_caches: 3
[452560.269141] tee (3402502): drop_caches: 3
[452564.398647] tee (3402518): drop_caches: 3
[452568.538321] tee (3402523): drop_caches: 3
[452572.681878] tee (3402528): drop_caches: 3
[452576.857469] tee (3402533): drop_caches: 3
[452581.080905] tee (3402538): drop_caches: 3
[452585.233958] tee (3402544): drop_caches: 3
[452589.380786] tee (3402549): drop_caches: 3
[452593.509053] tee (3402565): drop_caches: 3
[452597.653907] tee (3402570): drop_caches: 3
[452601.794226] tee (3402576): drop_caches: 3
[452605.919047] tee (3402581): drop_caches: 3
[452610.169632] tee (3402586): drop_caches: 3
[452614.309228] tee (3402604): drop_caches: 3
[452618.471854] tee (3402610): drop_caches: 3
[452622.604877] tee (3402628): drop_caches: 3
[452626.744753] tee (3402633): drop_caches: 3
[452630.885733] tee (3402638): drop_caches: 3
[452635.012299] tee (3402646): drop_caches: 3
[452639.181080] tee (3402651): drop_caches: 3
[452643.389466] tee (3402656): drop_caches: 3
[452647.538257] tee (3402662): drop_caches: 3
[452651.663566] tee (3402678): drop_caches: 3
[452655.794980] tee (3402683): drop_caches: 3
[452659.926594] tee (3402688): drop_caches: 3
[452664.056238] tee (3402693): drop_caches: 3
[452668.174154] tee (3402699): drop_caches: 3
[452672.422114] tee (3402704): drop_caches: 3
[452676.567356] tee (3402712): drop_caches: 3
[452680.714806] tee (3402717): drop_caches: 3
[452684.854024] tee (3402733): drop_caches: 3
[452688.994343] tee (3402738): drop_caches: 3
[452693.133166] tee (3402743): drop_caches: 3
[452697.262462] tee (3402748): drop_caches: 3
[452701.382070] tee (3402753): drop_caches: 3
[452705.588586] tee (3402759): drop_caches: 3
[452709.736322] tee (3402764): drop_caches: 3
[452713.867548] tee (3402780): drop_caches: 3
[452718.007089] tee (3402785): drop_caches: 3
[452722.133979] tee (3402790): drop_caches: 3
[452726.258087] tee (3402795): drop_caches: 3
[452730.387998] tee (3402800): drop_caches: 3
[452734.644741] tee (3402807): drop_caches: 3
[452738.798938] tee (3402813): drop_caches: 3
[452742.932439] tee (3402829): drop_caches: 3
[452747.098798] tee (3402834): drop_caches: 3
[452751.243168] tee (3402839): drop_caches: 3
[452755.375618] tee (3402844): drop_caches: 3
[452759.498887] tee (3402849): drop_caches: 3
[452763.627721] tee (3402854): drop_caches: 3
[452767.843297] tee (3402860): drop_caches: 3
[452771.975081] tee (3402876): drop_caches: 3
[452776.114802] tee (3402881): drop_caches: 3
[452780.256123] tee (3402886): drop_caches: 3
[452784.385034] tee (3402891): drop_caches: 3
[452788.523246] tee (3402896): drop_caches: 3
[452792.643237] tee (3402904): drop_caches: 3
[452796.898769] tee (3402912): drop_caches: 3
[452801.038375] tee (3402917): drop_caches: 3
[452805.172073] tee (3402933): drop_caches: 3
[452809.317597] tee (3402938): drop_caches: 3
[452813.455991] tee (3402943): drop_caches: 3
[452817.584027] tee (3402948): drop_caches: 3
[452821.708715] tee (3402953): drop_caches: 3
[452825.829639] tee (3402959): drop_caches: 3
[452830.048810] tee (3402964): drop_caches: 3
[452834.186261] tee (3402980): drop_caches: 3
[452838.324211] tee (3402985): drop_caches: 3
[452842.458657] tee (3402990): drop_caches: 3
[452846.599611] tee (3402995): drop_caches: 3
[452850.728919] tee (3403000): drop_caches: 3
[452854.854748] tee (3403007): drop_caches: 3
[452859.121240] tee (3403013): drop_caches: 3
[452863.243380] tee (3403029): drop_caches: 3
[452867.381120] tee (3403034): drop_caches: 3
[452871.527641] tee (3403039): drop_caches: 3
[452875.664991] tee (3403044): drop_caches: 3
[452879.799907] tee (3403049): drop_caches: 3
[452883.928795] tee (3403054): drop_caches: 3
[452888.057552] tee (3403060): drop_caches: 3
[452892.269166] tee (3403076): drop_caches: 3
[452896.409115] tee (3403081): drop_caches: 3
[452900.557950] tee (3403086): drop_caches: 3
[452904.698138] tee (3403091): drop_caches: 3
[452908.832436] tee (3403096): drop_caches: 3
[452912.967655] tee (3403101): drop_caches: 3
[452917.089046] tee (3403114): drop_caches: 3
[452921.386972] tee (3403121): drop_caches: 3
[452925.502502] tee (3403137): drop_caches: 3
[452929.645814] tee (3403142): drop_caches: 3
[452933.784843] tee (3403147): drop_caches: 3
[452937.924391] tee (3403152): drop_caches: 3
[452942.070774] tee (3403157): drop_caches: 3
[452946.199179] tee (3403162): drop_caches: 3
[452950.322181] tee (3403168): drop_caches: 3
[452954.553292] tee (3403184): drop_caches: 3
[452958.697309] tee (3403189): drop_caches: 3
[452962.844573] tee (3403194): drop_caches: 3
[452966.988185] tee (3403199): drop_caches: 3
[452971.125664] tee (3403204): drop_caches: 3
[452975.253876] tee (3403211): drop_caches: 3
[452979.378467] tee (3403217): drop_caches: 3
[452983.653251] tee (3403233): drop_caches: 3
[452987.788334] tee (3403238): drop_caches: 3
[452991.924121] tee (3403243): drop_caches: 3
[452996.067392] tee (3403249): drop_caches: 3
[453000.210281] tee (3403254): drop_caches: 3
[453004.344536] tee (3403260): drop_caches: 3
[453008.484328] tee (3403266): drop_caches: 3
[453012.601775] tee (3403282): drop_caches: 3
[453016.835492] tee (3403287): drop_caches: 3
[453020.980394] tee (3403292): drop_caches: 3
[453025.122387] tee (3403297): drop_caches: 3
[453029.263756] tee (3403302): drop_caches: 3
[453033.402726] tee (3403307): drop_caches: 3
[453037.537368] tee (3403315): drop_caches: 3
[453041.657477] tee (3403328): drop_caches: 3
[453045.954612] tee (3403336): drop_caches: 3
[453050.090218] tee (3403341): drop_caches: 3
[453054.225262] tee (3403346): drop_caches: 3
[453058.364873] tee (3403351): drop_caches: 3
[453062.512897] tee (3403356): drop_caches: 3
[453066.657308] tee (3403361): drop_caches: 3
[453070.789104] tee (3403367): drop_caches: 3
[453074.917710] tee (3403383): drop_caches: 3
[453079.153852] tee (3403388): drop_caches: 3
[453083.291397] tee (3403393): drop_caches: 3
[453087.432079] tee (3403398): drop_caches: 3
[453091.568710] tee (3403403): drop_caches: 3
[453095.697688] tee (3403413): drop_caches: 3
[453099.823946] tee (3403419): drop_caches: 3
[453103.938780] tee (3403435): drop_caches: 3
[453108.241705] tee (3403440): drop_caches: 3
[453112.382361] tee (3403445): drop_caches: 3
[453116.525946] tee (3403450): drop_caches: 3
[453120.669898] tee (3403455): drop_caches: 3
[453124.815515] tee (3403460): drop_caches: 3
[453128.952189] tee (3403466): drop_caches: 3
[453133.080754] tee (3403482): drop_caches: 3
[453137.215087] tee (3403487): drop_caches: 3
[453141.458269] tee (3403492): drop_caches: 3
[453145.609146] tee (3403497): drop_caches: 3
[453149.764890] tee (3403502): drop_caches: 3
[453153.909102] tee (3403507): drop_caches: 3
[453158.046993] tee (3403515): drop_caches: 3
[453162.168373] tee (3403531): drop_caches: 3
[453166.292239] tee (3403536): drop_caches: 3
[453170.619026] tee (3403541): drop_caches: 3
[453174.757584] tee (3403546): drop_caches: 3
[453178.899961] tee (3403551): drop_caches: 3
[453183.044057] tee (3403556): drop_caches: 3
[453187.189863] tee (3403561): drop_caches: 3
[453191.325248] tee (3403567): drop_caches: 3
[453195.447657] tee (3403583): drop_caches: 3
[453199.581968] tee (3403588): drop_caches: 3
[453203.822653] tee (3403593): drop_caches: 3
[453207.969517] tee (3403598): drop_caches: 3
[453212.109146] tee (3403603): drop_caches: 3
[453216.248483] tee (3403616): drop_caches: 3
[453220.380791] tee (3403624): drop_caches: 3
[453224.508230] tee (3403640): drop_caches: 3
[453228.636171] tee (3403645): drop_caches: 3
[453232.972211] tee (3403650): drop_caches: 3
[453237.137041] tee (3403655): drop_caches: 3
[453241.276196] tee (3403660): drop_caches: 3
[453245.424377] tee (3403665): drop_caches: 3
[453249.578712] tee (3403670): drop_caches: 3
[453253.711576] tee (3403687): drop_caches: 3
[453257.852675] tee (3403692): drop_caches: 3
[453261.987810] tee (3403697): drop_caches: 3
[453266.244974] tee (3403702): drop_caches: 3
[453270.384266] tee (3403707): drop_caches: 3
[453274.529401] tee (3403714): drop_caches: 3
[453278.672479] tee (3403720): drop_caches: 3
[453282.800492] tee (3403736): drop_caches: 3
[453286.943101] tee (3403741): drop_caches: 3
[453291.072398] tee (3403746): drop_caches: 3
[453295.292498] tee (3403751): drop_caches: 3
[453299.491912] tee (3403756): drop_caches: 3
[453303.634670] tee (3403761): drop_caches: 3
[453307.785034] tee (3403766): drop_caches: 3
[453311.930151] tee (3403780): drop_caches: 3
[453316.063521] tee (3403789): drop_caches: 3
[453320.194998] tee (3403794): drop_caches: 3
[453324.320747] tee (3403799): drop_caches: 3
[453328.557728] tee (3403804): drop_caches: 3
[453332.699676] tee (3403809): drop_caches: 3
[453336.842481] tee (3403817): drop_caches: 3
[453340.987630] tee (3403822): drop_caches: 3
[453345.109783] tee (3403838): drop_caches: 3
[453349.248505] tee (3403843): drop_caches: 3
[453353.380900] tee (3403848): drop_caches: 3
[453357.509590] tee (3403853): drop_caches: 3
[453361.729220] tee (3403858): drop_caches: 3
[453365.875502] tee (3403863): drop_caches: 3
[453370.012407] tee (3403868): drop_caches: 3
[453374.132625] tee (3403885): drop_caches: 3
[453378.260824] tee (3403890): drop_caches: 3
[453382.383073] tee (3403895): drop_caches: 3
[453386.509634] tee (3403900): drop_caches: 3
[453390.753887] tee (3403908): drop_caches: 3
[453394.896684] tee (3403915): drop_caches: 3
[453399.044025] tee (3403921): drop_caches: 3
[453403.179523] tee (3403937): drop_caches: 3
[453407.316161] tee (3403942): drop_caches: 3
[453411.446641] tee (3403947): drop_caches: 3
[453415.580234] tee (3403952): drop_caches: 3
[453419.710239] tee (3403957): drop_caches: 3
[453423.924758] tee (3403962): drop_caches: 3
[453428.071832] tee (3403967): drop_caches: 3
[453432.217101] tee (3403981): drop_caches: 3
[453436.341863] tee (3403989): drop_caches: 3
[453440.470864] tee (3403994): drop_caches: 3
[453444.593199] tee (3404000): drop_caches: 3
[453448.726907] tee (3404005): drop_caches: 3
[453452.984191] tee (3404010): drop_caches: 3
[453457.124571] tee (3404018): drop_caches: 3
[453461.269919] tee (3404023): drop_caches: 3
[453465.405863] tee (3404039): drop_caches: 3
[453469.546655] tee (3404044): drop_caches: 3
[453473.683735] tee (3404049): drop_caches: 3
[453477.815362] tee (3404054): drop_caches: 3
[453481.942917] tee (3404059): drop_caches: 3
[453486.157727] tee (3404064): drop_caches: 3
[453490.296783] tee (3404069): drop_caches: 3
[453494.425599] tee (3404086): drop_caches: 3
[453498.564231] tee (3404091): drop_caches: 3
[453502.702027] tee (3404096): drop_caches: 3
[453506.833024] tee (3404101): drop_caches: 3
[453510.965600] tee (3404106): drop_caches: 3
[453515.230319] tee (3404118): drop_caches: 3
[453519.366087] tee (3404124): drop_caches: 3
[453523.500229] tee (3404142): drop_caches: 3
[453527.666401] tee (3404147): drop_caches: 3
[453531.803707] tee (3404152): drop_caches: 3
[453535.942559] tee (3404157): drop_caches: 3
[453540.076950] tee (3404162): drop_caches: 3
[453544.200439] tee (3404167): drop_caches: 3
[453548.417245] tee (3404172): drop_caches: 3
[453552.556428] tee (3404187): drop_caches: 3
[453556.700900] tee (3404194): drop_caches: 3
[453560.834467] tee (3404199): drop_caches: 3
[453564.968958] tee (3404204): drop_caches: 3
[453569.099485] tee (3404209): drop_caches: 3
[453573.229546] tee (3404214): drop_caches: 3
[453577.502431] tee (3404222): drop_caches: 3
[453581.650650] tee (3404227): drop_caches: 3
[453585.786639] tee (3404243): drop_caches: 3
[453589.935019] tee (3404248): drop_caches: 3
[453594.078877] tee (3404253): drop_caches: 3
[453598.228552] tee (3404264): drop_caches: 3
[453602.354487] tee (3404269): drop_caches: 3
[453606.481331] tee (3404276): drop_caches: 3
[453610.710978] tee (3404281): drop_caches: 3
[453614.845966] tee (3404298): drop_caches: 3
[453618.989460] tee (3404303): drop_caches: 3
[453623.132222] tee (3404308): drop_caches: 3
[453627.263777] tee (3404313): drop_caches: 3
[453631.388016] tee (3404318): drop_caches: 3
[453635.507487] tee (3404325): drop_caches: 3
[453639.786963] tee (3404331): drop_caches: 3
[453643.919272] tee (3404347): drop_caches: 3
[453648.061923] tee (3404352): drop_caches: 3
[453652.204305] tee (3404357): drop_caches: 3
[453656.340056] tee (3404362): drop_caches: 3
[453660.478182] tee (3404367): drop_caches: 3
[453664.613173] tee (3404373): drop_caches: 3
[453668.741027] tee (3404378): drop_caches: 3
[453672.956589] tee (3404394): drop_caches: 3
[453677.104267] tee (3404400): drop_caches: 3
[453681.252408] tee (3404405): drop_caches: 3
[453685.395849] tee (3404410): drop_caches: 3
[453689.530816] tee (3404415): drop_caches: 3
[453693.664494] tee (3404420): drop_caches: 3
[453697.792079] tee (3404428): drop_caches: 3
[453702.072706] tee (3404441): drop_caches: 3
[453706.191629] tee (3404449): drop_caches: 3
[453710.332045] tee (3404454): drop_caches: 3
[453714.472515] tee (3404462): drop_caches: 3
[453718.610437] tee (3404467): drop_caches: 3
[453722.754971] tee (3404472): drop_caches: 3
[453726.889547] tee (3404477): drop_caches: 3
[453731.020497] tee (3404482): drop_caches: 3
[453735.240923] tee (3404499): drop_caches: 3
[453739.386006] tee (3404504): drop_caches: 3
[453743.546507] tee (3404509): drop_caches: 3
[453747.690852] tee (3404514): drop_caches: 3
[453751.831823] tee (3404519): drop_caches: 3
[453755.964457] tee (3404526): drop_caches: 3
[453760.093681] tee (3404532): drop_caches: 3
[453764.373918] tee (3404548): drop_caches: 3
[453768.505085] tee (3404553): drop_caches: 3
[453772.640640] tee (3404558): drop_caches: 3
[453776.785442] tee (3404563): drop_caches: 3
[453780.931052] tee (3404568): drop_caches: 3
[453785.070243] tee (3404573): drop_caches: 3
[453789.206559] tee (3404578): drop_caches: 3
[453793.327003] tee (3404594): drop_caches: 3
[453797.559212] tee (3404600): drop_caches: 3
[453801.705916] tee (3404605): drop_caches: 3
[453805.848235] tee (3404610): drop_caches: 3
[453809.988895] tee (3404615): drop_caches: 3
[453814.122940] tee (3404628): drop_caches: 3
[453818.248372] tee (3404634): drop_caches: 3
[453822.370815] tee (3404649): drop_caches: 3
[453826.655110] tee (3404657): drop_caches: 3
[453830.780394] tee (3404662): drop_caches: 3
[453834.919740] tee (3404667): drop_caches: 3
[453839.062354] tee (3404672): drop_caches: 3
[453843.222755] tee (3404677): drop_caches: 3
[453847.362717] tee (3404682): drop_caches: 3
[453851.508135] tee (3404687): drop_caches: 3
[453855.652724] tee (3404703): drop_caches: 3
[453859.892016] tee (3404709): drop_caches: 3
[453864.036625] tee (3404714): drop_caches: 3
[453868.179194] tee (3404719): drop_caches: 3
[453872.316193] tee (3404724): drop_caches: 3
[453876.448010] tee (3404732): drop_caches: 3
[453880.575291] tee (3404737): drop_caches: 3
[453884.687829] tee (3404753): drop_caches: 3
[453888.998637] tee (3404758): drop_caches: 3
[453893.132157] tee (3404763): drop_caches: 3
[453897.267699] tee (3404768): drop_caches: 3
[453901.406929] tee (3404773): drop_caches: 3
[453905.553480] tee (3404778): drop_caches: 3
[453909.705863] tee (3404783): drop_caches: 3
[453913.831697] tee (3404799): drop_caches: 3
[453917.965650] tee (3404805): drop_caches: 3
[453922.229363] tee (3404810): drop_caches: 3
[453926.374926] tee (3404815): drop_caches: 3
[453930.520316] tee (3404820): drop_caches: 3
[453934.659856] tee (3404827): drop_caches: 3
[453938.800111] tee (3404833): drop_caches: 3
[453942.933695] tee (3404846): drop_caches: 3
[453947.043814] tee (3404854): drop_caches: 3
[453951.314560] tee (3404859): drop_caches: 3
[453955.495158] tee (3404864): drop_caches: 3
[453959.637925] tee (3404869): drop_caches: 3
[453963.784489] tee (3404874): drop_caches: 3
[453967.929079] tee (3404879): drop_caches: 3
[453972.073043] tee (3404892): drop_caches: 3
[453976.194352] tee (3404900): drop_caches: 3
[453980.321357] tee (3404906): drop_caches: 3
[453984.562102] tee (3404912): drop_caches: 3
[453988.700217] tee (3404917): drop_caches: 3
[453992.862330] tee (3404925): drop_caches: 3
[453997.006236] tee (3404933): drop_caches: 3
[454001.146680] tee (3404938): drop_caches: 3
[454005.274447] tee (3404954): drop_caches: 3
[454009.402591] tee (3404959): drop_caches: 3
[454013.682807] tee (3404964): drop_caches: 3
[454017.864676] tee (3404969): drop_caches: 3
[454022.006327] tee (3404974): drop_caches: 3
[454026.147972] tee (3404979): drop_caches: 3
[454030.288828] tee (3404984): drop_caches: 3
[454034.422361] tee (3405000): drop_caches: 3
[454038.554406] tee (3405006): drop_caches: 3
[454042.685811] tee (3405011): drop_caches: 3
[454046.938899] tee (3405016): drop_caches: 3
[454051.088804] tee (3405021): drop_caches: 3
[454055.227911] tee (3405028): drop_caches: 3
[454059.369719] tee (3405034): drop_caches: 3
[454063.490718] tee (3405050): drop_caches: 3
[454067.625112] tee (3405055): drop_caches: 3
[454071.754235] tee (3405060): drop_caches: 3
[454075.918700] tee (3405065): drop_caches: 3
[454080.137821] tee (3405070): drop_caches: 3
[454084.285649] tee (3405075): drop_caches: 3
[454088.427396] tee (3405083): drop_caches: 3
[454092.564615] tee (3405096): drop_caches: 3
[454096.678724] tee (3405105): drop_caches: 3
[454100.796453] tee (3405110): drop_caches: 3
[454104.913560] tee (3405115): drop_caches: 3
[454109.148930] tee (3405120): drop_caches: 3
[454113.286730] tee (3405125): drop_caches: 3
[454117.428296] tee (3405133): drop_caches: 3
[454121.570548] tee (3405140): drop_caches: 3
[454125.693736] tee (3405156): drop_caches: 3
[454129.825226] tee (3405161): drop_caches: 3
[454133.943677] tee (3405166): drop_caches: 3
[454138.058930] tee (3405171): drop_caches: 3
[454142.254068] tee (3405176): drop_caches: 3
[454146.389973] tee (3405181): drop_caches: 3
[454150.530970] tee (3405186): drop_caches: 3
[454154.664938] tee (3405202): drop_caches: 3
[454158.794538] tee (3405207): drop_caches: 3
[454162.914439] tee (3405213): drop_caches: 3
[454167.062549] tee (3405218): drop_caches: 3
[454171.300617] tee (3405223): drop_caches: 3
[454175.448296] tee (3405230): drop_caches: 3
[454179.589512] tee (3405236): drop_caches: 3
[454183.728718] tee (3405252): drop_caches: 3
[454187.865812] tee (3405257): drop_caches: 3
[454191.996462] tee (3405262): drop_caches: 3
[454196.115084] tee (3405268): drop_caches: 3
[454200.225217] tee (3405276): drop_caches: 3
[454204.473430] tee (3405302): drop_caches: 3
[454208.620597] tee (3405307): drop_caches: 3
[454212.764618] tee (3405320): drop_caches: 3
[454216.885560] tee (3405328): drop_caches: 3
[454221.014686] tee (3405336): drop_caches: 3
[454225.145516] tee (3405341): drop_caches: 3
[454229.260641] tee (3405349): drop_caches: 3
[454233.519169] tee (3405354): drop_caches: 3
[454237.656550] tee (3405362): drop_caches: 3
[454241.795724] tee (3405367): drop_caches: 3
[454245.926445] tee (3405383): drop_caches: 3
[454250.063866] tee (3405388): drop_caches: 3
[454254.188822] tee (3405393): drop_caches: 3
[454258.307709] tee (3405398): drop_caches: 3
[454262.423199] tee (3405403): drop_caches: 3
[454266.625748] tee (3405408): drop_caches: 3
[454270.766987] tee (3405413): drop_caches: 3
[454274.886165] tee (3405429): drop_caches: 3
[454279.022599] tee (3405434): drop_caches: 3
[454283.154508] tee (3405440): drop_caches: 3
[454287.274168] tee (3405445): drop_caches: 3
[454291.388316] tee (3405450): drop_caches: 3
[454295.647272] tee (3405457): drop_caches: 3
[454299.776518] tee (3405463): drop_caches: 3
[454303.907669] tee (3405479): drop_caches: 3
[454308.041403] tee (3405487): drop_caches: 3
[454312.175180] tee (3405492): drop_caches: 3
[454316.303207] tee (3405497): drop_caches: 3
[454320.423797] tee (3405502): drop_caches: 3
[454324.547500] tee (3405507): drop_caches: 3
[454328.764575] tee (3405512): drop_caches: 3
[454332.916233] tee (3405528): drop_caches: 3
[454337.052021] tee (3405558): drop_caches: 3
[454341.191037] tee (3405563): drop_caches: 3
[454345.326205] tee (3405571): drop_caches: 3
[454349.449802] tee (3405576): drop_caches: 3
[454353.584668] tee (3405581): drop_caches: 3
[454357.859606] tee (3405592): drop_caches: 3
[454361.992553] tee (3405597): drop_caches: 3
[454366.112889] tee (3405614): drop_caches: 3
[454370.248314] tee (3405619): drop_caches: 3
[454374.388360] tee (3405624): drop_caches: 3
[454378.534159] tee (3405629): drop_caches: 3
[454382.662283] tee (3405634): drop_caches: 3
[454386.780810] tee (3405639): drop_caches: 3
[454390.999414] tee (3405644): drop_caches: 3
[454395.133866] tee (3405660): drop_caches: 3
[454399.269553] tee (3405665): drop_caches: 3
[454403.399550] tee (3405671): drop_caches: 3
[454407.531558] tee (3405676): drop_caches: 3
[454411.657106] tee (3405681): drop_caches: 3
[454415.780391] tee (3405688): drop_caches: 3
[454420.059197] tee (3405696): drop_caches: 3
[454424.170675] tee (3405712): drop_caches: 3
[454428.301868] tee (3405717): drop_caches: 3
[454432.430705] tee (3405726): drop_caches: 3
[454436.585585] tee (3405751): drop_caches: 3
[454440.731171] tee (3405756): drop_caches: 3
[454444.861488] tee (3405761): drop_caches: 3
[454448.993484] tee (3405766): drop_caches: 3
[454453.313532] tee (3405779): drop_caches: 3
[454457.444132] tee (3405787): drop_caches: 3
[454461.589810] tee (3405792): drop_caches: 3
[454465.732792] tee (3405798): drop_caches: 3
[454469.869049] tee (3405803): drop_caches: 3
[454474.015874] tee (3405808): drop_caches: 3
[454478.137520] tee (3405816): drop_caches: 3
[454482.434358] tee (3405829): drop_caches: 3
[454486.551865] tee (3405837): drop_caches: 3
[454490.690569] tee (3405842): drop_caches: 3
[454494.844471] tee (3405847): drop_caches: 3
[454498.998243] tee (3405852): drop_caches: 3
[454503.141188] tee (3405857): drop_caches: 3
[454507.273087] tee (3405862): drop_caches: 3
[454511.414267] tee (3405867): drop_caches: 3
[454515.640348] tee (3405883): drop_caches: 3
[454519.785805] tee (3405888): drop_caches: 3
[454523.931102] tee (3405894): drop_caches: 3
[454528.079632] tee (3405899): drop_caches: 3
[454532.208400] tee (3405904): drop_caches: 3
[454536.344940] tee (3405912): drop_caches: 3
[454540.474729] tee (3405917): drop_caches: 3
[454544.811453] tee (3405933): drop_caches: 3
[454548.947487] tee (3405938): drop_caches: 3
[454553.086519] tee (3405943): drop_caches: 3
[454557.225294] tee (3405948): drop_caches: 3
[454561.374447] tee (3405953): drop_caches: 3
[454565.530025] tee (3405958): drop_caches: 3
[454569.673286] tee (3405963): drop_caches: 3
[454573.804170] tee (3405976): drop_caches: 3
[454578.023717] tee (3405984): drop_caches: 3
[454582.163647] tee (3405989): drop_caches: 3
[454586.307176] tee (3405995): drop_caches: 3
[454590.445095] tee (3406003): drop_caches: 3
[454594.587671] tee (3406009): drop_caches: 3
[454598.722960] tee (3406015): drop_caches: 3
[454602.851072] tee (3406028): drop_caches: 3
[454607.146645] tee (3406036): drop_caches: 3
[454611.279658] tee (3406041): drop_caches: 3
[454615.421989] tee (3406046): drop_caches: 3
[454619.570667] tee (3406051): drop_caches: 3
[454623.721739] tee (3406056): drop_caches: 3
[454627.866508] tee (3406061): drop_caches: 3
[454632.007828] tee (3406066): drop_caches: 3
[454636.123902] tee (3406082): drop_caches: 3
[454640.368167] tee (3406088): drop_caches: 3
[454644.532287] tee (3406093): drop_caches: 3
[454648.677275] tee (3406098): drop_caches: 3
[454652.825005] tee (3406103): drop_caches: 3
[454656.975170] tee (3406110): drop_caches: 3
[454661.110679] tee (3406115): drop_caches: 3
[454665.229894] tee (3406131): drop_caches: 3
[454669.437059] tee (3406136): drop_caches: 3
[454673.636445] tee (3406141): drop_caches: 3
[454677.780842] tee (3406146): drop_caches: 3
[454681.927422] tee (3406151): drop_caches: 3
[454686.070359] tee (3406156): drop_caches: 3
[454690.203600] tee (3406161): drop_caches: 3
[454694.321949] tee (3406177): drop_caches: 3
[454698.450769] tee (3406182): drop_caches: 3
[454702.696035] tee (3406187): drop_caches: 3
[454706.846141] tee (3406193): drop_caches: 3
[454710.984430] tee (3406198): drop_caches: 3
[454715.129778] tee (3406204): drop_caches: 3
[454719.264050] tee (3406210): drop_caches: 3
[454723.392224] tee (3406225): drop_caches: 3
[454727.507038] tee (3406233): drop_caches: 3
[454731.627188] tee (3406238): drop_caches: 3
[454735.847616] tee (3406248): drop_caches: 3
[454740.001555] tee (3406253): drop_caches: 3
[454744.172615] tee (3406259): drop_caches: 3
[454748.310484] tee (3406264): drop_caches: 3
[454752.436763] tee (3406277): drop_caches: 3
[454756.553813] tee (3406285): drop_caches: 3
[454760.678452] tee (3406290): drop_caches: 3
[454764.928007] tee (3406295): drop_caches: 3
[454769.072373] tee (3406301): drop_caches: 3
[454773.220773] tee (3406306): drop_caches: 3
[454777.364521] tee (3406313): drop_caches: 3
[454781.500043] tee (3406318): drop_caches: 3
[454785.618160] tee (3406334): drop_caches: 3
[454789.745129] tee (3406339): drop_caches: 3
[454793.864458] tee (3406344): drop_caches: 3
[454798.079026] tee (3406350): drop_caches: 3
[454802.219186] tee (3406355): drop_caches: 3
[454806.358091] tee (3406360): drop_caches: 3
[454810.494435] tee (3406365): drop_caches: 3
[454814.619308] tee (3406381): drop_caches: 3
[454818.755496] tee (3406386): drop_caches: 3
[454822.880247] tee (3406391): drop_caches: 3
[454827.144818] tee (3406397): drop_caches: 3
[454831.279019] tee (3406402): drop_caches: 3
[454835.420751] tee (3406408): drop_caches: 3
[454839.562056] tee (3406414): drop_caches: 3
[454843.702683] tee (3406554): drop_caches: 3
[454847.826807] tee (3406562): drop_caches: 3
[454851.958232] tee (3406567): drop_caches: 3
[454856.077940] tee (3406572): drop_caches: 3
[454860.292017] tee (3406577): drop_caches: 3
[454864.430935] tee (3406582): drop_caches: 3
[454868.568217] tee (3406587): drop_caches: 3
[454872.703849] tee (3406600): drop_caches: 3
[454876.827584] tee (3406608): drop_caches: 3
[454880.956295] tee (3406613): drop_caches: 3
[454885.077605] tee (3406618): drop_caches: 3
[454889.419896] tee (3406627): drop_caches: 3
[454893.566539] tee (3406632): drop_caches: 3
[454897.703945] tee (3406639): drop_caches: 3
[454901.852275] tee (3406644): drop_caches: 3
[454905.990910] tee (3406660): drop_caches: 3
[454910.121666] tee (3406666): drop_caches: 3
[454914.248924] tee (3406671): drop_caches: 3
[454918.370907] tee (3406676): drop_caches: 3
[454922.588703] tee (3406681): drop_caches: 3
[454926.743688] tee (3406686): drop_caches: 3
[454930.888864] tee (3406691): drop_caches: 3
[454935.017630] tee (3406707): drop_caches: 3
[454939.143679] tee (3406712): drop_caches: 3
[454943.265853] tee (3406717): drop_caches: 3
[454947.384302] tee (3406722): drop_caches: 3
[454951.650039] tee (3406728): drop_caches: 3
[454955.779703] tee (3406734): drop_caches: 3
[454959.918009] tee (3406740): drop_caches: 3
[454964.056696] tee (3406753): drop_caches: 3
[454968.183869] tee (3406761): drop_caches: 3
[454972.316234] tee (3406766): drop_caches: 3
[454976.445207] tee (3406771): drop_caches: 3
[454980.574235] tee (3406776): drop_caches: 3
[454984.800520] tee (3406781): drop_caches: 3
[454988.950742] tee (3406786): drop_caches: 3
[454993.089735] tee (3406799): drop_caches: 3
[454997.214995] tee (3406807): drop_caches: 3
[455001.354703] tee (3406812): drop_caches: 3
[455005.485991] tee (3406817): drop_caches: 3
[455009.612193] tee (3406823): drop_caches: 3
[455013.891454] tee (3406828): drop_caches: 3
[455018.026520] tee (3406841): drop_caches: 3
[455022.166634] tee (3406848): drop_caches: 3
[455026.296490] tee (3406864): drop_caches: 3
[455030.447641] tee (3406869): drop_caches: 3
[455034.613946] tee (3406874): drop_caches: 3
[455038.752302] tee (3406879): drop_caches: 3
[455042.889132] tee (3406884): drop_caches: 3
[455047.115655] tee (3406890): drop_caches: 3
[455051.264378] tee (3406895): drop_caches: 3
[455055.393073] tee (3406911): drop_caches: 3
[455059.531390] tee (3406916): drop_caches: 3
[455063.675547] tee (3406921): drop_caches: 3
[455067.807938] tee (3406926): drop_caches: 3
[455071.926945] tee (3406932): drop_caches: 3
[455076.206077] tee (3406938): drop_caches: 3
[455080.337324] tee (3406944): drop_caches: 3
[455084.483080] tee (3406957): drop_caches: 3
[455088.617329] tee (3406965): drop_caches: 3
[455092.762312] tee (3406970): drop_caches: 3
[455096.913214] tee (3406975): drop_caches: 3
[455101.044480] tee (3406980): drop_caches: 3
[455105.176023] tee (3406985): drop_caches: 3
[455109.403273] tee (3406990): drop_caches: 3
[455113.552869] tee (3407003): drop_caches: 3
[455117.679454] tee (3407011): drop_caches: 3
[455121.823414] tee (3407016): drop_caches: 3
[455125.963706] tee (3407021): drop_caches: 3
[455130.090865] tee (3407026): drop_caches: 3
[455134.215628] tee (3407033): drop_caches: 3
[455138.499681] tee (3407039): drop_caches: 3
[455142.628076] tee (3407052): drop_caches: 3
[455146.770871] tee (3407060): drop_caches: 3
[455150.915207] tee (3407065): drop_caches: 3
[455155.062149] tee (3407070): drop_caches: 3
[455159.195842] tee (3407075): drop_caches: 3
[455163.326796] tee (3407080): drop_caches: 3
[455167.460364] tee (3407085): drop_caches: 3
[455171.734112] tee (3407090): drop_caches: 3
[455175.868738] tee (3407106): drop_caches: 3
[455180.013677] tee (3407112): drop_caches: 3
[455184.168900] tee (3407117): drop_caches: 3
[455188.292765] tee (3407125): drop_caches: 3
[455192.422081] tee (3407131): drop_caches: 3
[455196.543536] tee (3407138): drop_caches: 3
[455200.843180] tee (3407143): drop_caches: 3
[455204.990825] tee (3407168): drop_caches: 3
[455209.145503] tee (3407173): drop_caches: 3
[455213.322103] tee (3407179): drop_caches: 3
[455217.495081] tee (3407184): drop_caches: 3
[455221.657358] tee (3407190): drop_caches: 3
[455225.818436] tee (3407195): drop_caches: 3
[455229.977528] tee (3407200): drop_caches: 3
[455234.298127] tee (3407225): drop_caches: 3
[455238.443707] tee (3407233): drop_caches: 3
[455242.610554] tee (3407252): drop_caches: 3
[455246.779324] tee (3407257): drop_caches: 3
[455250.937796] tee (3407263): drop_caches: 3
[455255.073270] tee (3407270): drop_caches: 3
[455259.209926] tee (3407276): drop_caches: 3
[455263.444364] tee (3407289): drop_caches: 3
[455267.632804] tee (3407297): drop_caches: 3
[455271.781146] tee (3407302): drop_caches: 3
[455275.920992] tee (3407307): drop_caches: 3
[455280.066581] tee (3407312): drop_caches: 3
[455284.199745] tee (3407317): drop_caches: 3
[455288.328135] tee (3407322): drop_caches: 3
[455292.455124] tee (3407335): drop_caches: 3
[455296.685015] tee (3407343): drop_caches: 3
[455300.823142] tee (3407348): drop_caches: 3
[455304.970788] tee (3407353): drop_caches: 3
[455309.110836] tee (3407361): drop_caches: 3
[455313.252899] tee (3407367): drop_caches: 3
[455317.390948] tee (3407374): drop_caches: 3
[455321.577136] tee (3407381): drop_caches: 3
[455325.705687] tee (3407397): drop_caches: 3
[455329.936935] tee (3407402): drop_caches: 3
[455334.077276] tee (3407407): drop_caches: 3
[455338.212554] tee (3407412): drop_caches: 3
[455342.357111] tee (3407417): drop_caches: 3
[455346.509228] tee (3407422): drop_caches: 3
[455350.647416] tee (3407427): drop_caches: 3
[455354.777596] tee (3407440): drop_caches: 3
[455359.024430] tee (3407448): drop_caches: 3
[455363.157242] tee (3407453): drop_caches: 3
[455367.303172] tee (3407458): drop_caches: 3
[455371.459054] tee (3407463): drop_caches: 3
[455375.601816] tee (3407470): drop_caches: 3
[455379.740177] tee (3407476): drop_caches: 3
[455383.884869] tee (3407489): drop_caches: 3
[455388.005965] tee (3407497): drop_caches: 3
[455392.216885] tee (3407502): drop_caches: 3
[455396.357796] tee (3407508): drop_caches: 3
[455400.495803] tee (3407513): drop_caches: 3
[455404.644043] tee (3407518): drop_caches: 3
[455408.778122] tee (3407523): drop_caches: 3
[455412.900960] tee (3407536): drop_caches: 3
[455417.010628] tee (3407544): drop_caches: 3
[455421.280872] tee (3407549): drop_caches: 3
[455425.419719] tee (3407554): drop_caches: 3
[455429.568610] tee (3407559): drop_caches: 3
[455433.727486] tee (3407564): drop_caches: 3
[455437.865028] tee (3407572): drop_caches: 3
[455442.004720] tee (3407577): drop_caches: 3
[455446.123000] tee (3407593): drop_caches: 3
[455450.243890] tee (3407599): drop_caches: 3
[455454.458360] tee (3407604): drop_caches: 3
[455458.611179] tee (3407609): drop_caches: 3
[455462.757094] tee (3407614): drop_caches: 3
[455466.898119] tee (3407619): drop_caches: 3
[455471.037675] tee (3407624): drop_caches: 3
[455475.147383] tee (3407640): drop_caches: 3
[455479.267403] tee (3407645): drop_caches: 3
[455483.535126] tee (3407650): drop_caches: 3
[455487.673194] tee (3407655): drop_caches: 3
[455491.816543] tee (3407660): drop_caches: 3
[455495.957278] tee (3407670): drop_caches: 3
[455500.098137] tee (3407676): drop_caches: 3
[455504.231395] tee (3407689): drop_caches: 3
[455508.346357] tee (3407697): drop_caches: 3
[455512.469560] tee (3407703): drop_caches: 3
[455516.686062] tee (3407708): drop_caches: 3
[455520.832996] tee (3407713): drop_caches: 3
[455524.971321] tee (3407718): drop_caches: 3
[455529.113098] tee (3407723): drop_caches: 3
[455533.249482] tee (3407736): drop_caches: 3
[455537.366252] tee (3407744): drop_caches: 3
[455541.488458] tee (3407749): drop_caches: 3
[455545.779930] tee (3407754): drop_caches: 3
[455549.927029] tee (3407759): drop_caches: 3
[455554.066156] tee (3407769): drop_caches: 3
[455558.212197] tee (3407777): drop_caches: 3
[455562.353021] tee (3407782): drop_caches: 3
[455566.478050] tee (3407798): drop_caches: 3
[455570.613997] tee (3407803): drop_caches: 3
[455574.746313] tee (3407808): drop_caches: 3
[455578.980698] tee (3407813): drop_caches: 3
[455583.129295] tee (3407818): drop_caches: 3
[455587.270409] tee (3407823): drop_caches: 3
[455591.409450] tee (3407828): drop_caches: 3
[455595.528049] tee (3407844): drop_caches: 3
[455599.660014] tee (3407849): drop_caches: 3
[455603.780585] tee (3407854): drop_caches: 3
[455608.063617] tee (3407859): drop_caches: 3
[455612.194717] tee (3407864): drop_caches: 3
[455616.331761] tee (3407878): drop_caches: 3
[455620.474384] tee (3407885): drop_caches: 3
[455624.616852] tee (3407898): drop_caches: 3
[455628.747008] tee (3407906): drop_caches: 3
[455632.884497] tee (3407911): drop_caches: 3
[455637.010024] tee (3407916): drop_caches: 3
[455641.240658] tee (3407921): drop_caches: 3
[455645.384424] tee (3407926): drop_caches: 3
[455649.531826] tee (3407931): drop_caches: 3
[455653.674434] tee (3407944): drop_caches: 3
[455657.798799] tee (3407952): drop_caches: 3
[455661.930920] tee (3407957): drop_caches: 3
[455666.051065] tee (3407962): drop_caches: 3
[455670.350610] tee (3407967): drop_caches: 3
[455674.482624] tee (3407974): drop_caches: 3
[455678.623169] tee (3407980): drop_caches: 3
[455682.759849] tee (3407993): drop_caches: 3
[455686.892177] tee (3408001): drop_caches: 3
[455691.036933] tee (3408006): drop_caches: 3
[455695.170709] tee (3408011): drop_caches: 3
[455699.300388] tee (3408016): drop_caches: 3
[455703.537055] tee (3408021): drop_caches: 3
[455707.684923] tee (3408026): drop_caches: 3
[455711.831073] tee (3408031): drop_caches: 3
[455715.957490] tee (3408047): drop_caches: 3
[455720.089712] tee (3408052): drop_caches: 3
[455724.222468] tee (3408058): drop_caches: 3
[455728.345289] tee (3408063): drop_caches: 3
[455732.672809] tee (3408068): drop_caches: 3
[455736.799202] tee (3408076): drop_caches: 3
[455740.931804] tee (3408081): drop_caches: 3
[455745.070177] tee (3408094): drop_caches: 3
[455749.218740] tee (3408102): drop_caches: 3
[455753.370115] tee (3408107): drop_caches: 3
[455757.508251] tee (3408112): drop_caches: 3
[455761.642349] tee (3408117): drop_caches: 3
[455765.881715] tee (3408122): drop_caches: 3
[455770.026896] tee (3408127): drop_caches: 3
[455774.167953] tee (3408140): drop_caches: 3
[455778.297627] tee (3408148): drop_caches: 3
[455782.430779] tee (3408153): drop_caches: 3
[455786.560327] tee (3408158): drop_caches: 3
[455790.678255] tee (3408166): drop_caches: 3
[455794.959127] tee (3408173): drop_caches: 3
[455799.137764] tee (3408187): drop_caches: 3
[455803.276117] tee (3408200): drop_caches: 3
[455807.408908] tee (3408208): drop_caches: 3
[455811.558831] tee (3408213): drop_caches: 3
[455815.714714] tee (3408218): drop_caches: 3
[455819.853522] tee (3408223): drop_caches: 3
[455823.985966] tee (3408228): drop_caches: 3
[455828.241052] tee (3408233): drop_caches: 3
[455832.392351] tee (3408238): drop_caches: 3
[455836.527270] tee (3408254): drop_caches: 3
[455840.670694] tee (3408259): drop_caches: 3
[455844.809322] tee (3408264): drop_caches: 3
[455848.947391] tee (3408269): drop_caches: 3
[455853.074735] tee (3408274): drop_caches: 3
[455857.355499] tee (3408282): drop_caches: 3
[455861.537160] tee (3408287): drop_caches: 3
[455865.657542] tee (3408302): drop_caches: 3
[455869.801729] tee (3408308): drop_caches: 3
[455873.946801] tee (3408313): drop_caches: 3
[455878.088759] tee (3408318): drop_caches: 3
[455882.221307] tee (3408323): drop_caches: 3
[455886.354629] tee (3408328): drop_caches: 3
[455890.589342] tee (3408333): drop_caches: 3
[455894.724876] tee (3408346): drop_caches: 3
[455898.860891] tee (3408354): drop_caches: 3
[455903.005058] tee (3408359): drop_caches: 3
[455907.141308] tee (3408364): drop_caches: 3
[455911.302539] tee (3408369): drop_caches: 3
[455915.430317] tee (3408381): drop_caches: 3
[455919.619252] tee (3408387): drop_caches: 3
[455923.854069] tee (3408402): drop_caches: 3
[455927.988963] tee (3408410): drop_caches: 3
[455932.151238] tee (3408415): drop_caches: 3
[455936.291316] tee (3408420): drop_caches: 3
[455940.428509] tee (3408425): drop_caches: 3
[455944.558292] tee (3408430): drop_caches: 3
[455948.680358] tee (3408435): drop_caches: 3
[455952.916525] tee (3408448): drop_caches: 3
[455957.041768] tee (3408456): drop_caches: 3
[455961.180447] tee (3408461): drop_caches: 3
[455965.324856] tee (3408466): drop_caches: 3
[455969.465029] tee (3408471): drop_caches: 3
[455973.593143] tee (3408476): drop_caches: 3
[455977.724094] tee (3408484): drop_caches: 3
[455981.853415] tee (3408489): drop_caches: 3
[455986.045306] tee (3408505): drop_caches: 3
[455990.202641] tee (3408510): drop_caches: 3
[455994.346352] tee (3408517): drop_caches: 3
[455998.492444] tee (3408522): drop_caches: 3
[456002.618337] tee (3408527): drop_caches: 3
[456006.740674] tee (3408532): drop_caches: 3
[456010.863620] tee (3408537): drop_caches: 3
[456015.115364] tee (3408550): drop_caches: 3
[456019.237669] tee (3408558): drop_caches: 3
[456023.383520] tee (3408563): drop_caches: 3
[456027.528466] tee (3408568): drop_caches: 3
[456031.673448] tee (3408573): drop_caches: 3
[456035.807834] tee (3408580): drop_caches: 3
[456039.934628] tee (3408586): drop_caches: 3
[456044.055506] tee (3408599): drop_caches: 3
[456048.263099] tee (3408607): drop_caches: 3
[456052.409208] tee (3408612): drop_caches: 3
[456056.553848] tee (3408617): drop_caches: 3
[456060.688789] tee (3408622): drop_caches: 3
[456064.815980] tee (3408627): drop_caches: 3
[456068.949385] tee (3408632): drop_caches: 3
[456073.067932] tee (3408645): drop_caches: 3
[456077.315904] tee (3408653): drop_caches: 3
[456081.456280] tee (3408663): drop_caches: 3
[456085.602217] tee (3408668): drop_caches: 3
[456089.745890] tee (3408675): drop_caches: 3
[456093.889920] tee (3408684): drop_caches: 3
[456098.038697] tee (3408692): drop_caches: 3
[456102.166072] tee (3408697): drop_caches: 3
[456106.279293] tee (3408713): drop_caches: 3
[456110.499957] tee (3408718): drop_caches: 3
[456114.648599] tee (3408723): drop_caches: 3
[456118.785649] tee (3408728): drop_caches: 3
[456122.930663] tee (3408733): drop_caches: 3
[456127.069722] tee (3408739): drop_caches: 3
[456131.204092] tee (3408744): drop_caches: 3
[456135.323105] tee (3408757): drop_caches: 3
[456139.577004] tee (3408765): drop_caches: 3
[456143.717171] tee (3408770): drop_caches: 3
[456147.863071] tee (3408775): drop_caches: 3
[456152.010299] tee (3408780): drop_caches: 3
[456156.148701] tee (3408787): drop_caches: 3
[456160.280498] tee (3408793): drop_caches: 3
[456164.413287] tee (3408806): drop_caches: 3
[456168.533003] tee (3408814): drop_caches: 3
[456172.754728] tee (3408819): drop_caches: 3
[456176.895120] tee (3408824): drop_caches: 3
[456181.035120] tee (3408829): drop_caches: 3
[456185.176716] tee (3408834): drop_caches: 3
[456189.309997] tee (3408839): drop_caches: 3
[456193.435999] tee (3408855): drop_caches: 3
[456197.550366] tee (3408863): drop_caches: 3
[456201.823095] tee (3408868): drop_caches: 3
[456205.961255] tee (3408873): drop_caches: 3
[456210.099525] tee (3408878): drop_caches: 3
[456214.243659] tee (3408891): drop_caches: 3
[456218.381037] tee (3408897): drop_caches: 3
[456222.528501] tee (3408904): drop_caches: 3
[456226.652432] tee (3408920): drop_caches: 3
[456230.777163] tee (3408925): drop_caches: 3
[456234.996765] tee (3408930): drop_caches: 3
[456239.135958] tee (3408935): drop_caches: 3
[456243.276704] tee (3408940): drop_caches: 3
[456247.419428] tee (3408945): drop_caches: 3
[456251.555528] tee (3408950): drop_caches: 3
[456255.686526] tee (3408963): drop_caches: 3
[456259.801207] tee (3408971): drop_caches: 3
[456264.094889] tee (3408976): drop_caches: 3
[456268.373764] tee (3408982): drop_caches: 3
[456268.413581] mix-mixV-fixed37-3401491 phase=A END
[456273.456293] mix-mixV-fixed37-3401491 phase=B START
[457278.309811] mix-mixV-fixed37-3401491 phase=B chunk=1/4 done
[457889.254191] audit: type=1400 audit(1791298802.245:441): apparmor="DENIED" operation="capable" class="cap" profile="/usr/sbin/cupsd" pid=3482158 comm="cupsd" capability=12  capname="net_admin"
[457930.494066] audit: type=1400 audit(1791298843.486:442): apparmor="DENIED" operation="open" class="file" profile="snap.firmware-updater.firmware-notifier" name="/proc/sys/vm/max_map_count" pid=3483590 comm="firmware-notifi" requested_mask="r" denied_mask="r" fsuid=1000 ouid=0
[458283.893604] mix-mixV-fixed37-3401491 phase=B chunk=2/4 done
[459289.099169] mix-mixV-fixed37-3401491 phase=B chunk=3/4 done
[460294.503548] mix-mixV-fixed37-3401491 phase=B chunk=4/4 done
[460294.545224] mix-mixV-fixed37-3401491 phase=B END
[460294.559907] mix-mixV-fixed37-3401491 phase=C START
[464297.658391] mix-mixV-fixed37-3401491 phase=C chunk=1/1 done
[464298.399215] mix-mixV-fixed37-3401491 phase=C END
[464298.409664] mix-mixV-fixed37-3401491 phase=D START
[464298.422267] mix-mixV-fixed37-3401491 phase=D LOAD
[464318.021831] mix-mixV-fixed37-3401491 phase=D RUN
[464322.370508] tee (3552563): drop_caches: 3
[464326.503594] tee (3552568): drop_caches: 3
[464330.635438] tee (3552582): drop_caches: 3
[464334.773758] tee (3552587): drop_caches: 3
[464338.898451] tee (3552592): drop_caches: 3
[464343.024688] tee (3552597): drop_caches: 3
[464347.143967] tee (3552605): drop_caches: 3
[464351.366527] tee (3552613): drop_caches: 3
[464355.504993] tee (3552618): drop_caches: 3
[464359.646981] tee (3552623): drop_caches: 3
[464363.789016] tee (3552636): drop_caches: 3
[464367.924773] tee (3552641): drop_caches: 3
[464372.051249] tee (3552646): drop_caches: 3
[464376.187189] tee (3552657): drop_caches: 3
[464380.309183] tee (3552662): drop_caches: 3
[464384.512219] tee (3552667): drop_caches: 3
[464388.656839] tee (3552672): drop_caches: 3
[464392.799058] tee (3552685): drop_caches: 3
[464396.936436] tee (3552696): drop_caches: 3
[464401.070010] tee (3552702): drop_caches: 3
[464405.189678] tee (3552710): drop_caches: 3
[464409.318287] tee (3552717): drop_caches: 3
[464413.570927] tee (3552723): drop_caches: 3
[464417.712962] tee (3552728): drop_caches: 3
[464421.853738] tee (3552741): drop_caches: 3
[464426.011716] tee (3552746): drop_caches: 3
[464430.144214] tee (3552751): drop_caches: 3
[464434.269746] tee (3552758): drop_caches: 3
[464438.387567] tee (3552767): drop_caches: 3
[464442.506479] tee (3552772): drop_caches: 3
[464446.718193] tee (3552777): drop_caches: 3
[464450.860655] tee (3552790): drop_caches: 3
[464454.996886] tee (3552795): drop_caches: 3
[464459.128508] tee (3552800): drop_caches: 3
[464463.258469] tee (3552805): drop_caches: 3
[464467.372639] tee (3552813): drop_caches: 3
[464471.493559] tee (3552818): drop_caches: 3
[464475.753625] tee (3552824): drop_caches: 3
[464479.887529] tee (3552829): drop_caches: 3
[464484.024516] tee (3552842): drop_caches: 3
[464488.173594] tee (3552847): drop_caches: 3
[464492.323094] tee (3552852): drop_caches: 3
[464496.439221] tee (3552863): drop_caches: 3
[464500.559320] tee (3552868): drop_caches: 3
[464504.676595] tee (3552873): drop_caches: 3
[464508.888782] tee (3552878): drop_caches: 3
[464513.026244] tee (3552891): drop_caches: 3
[464517.164596] tee (3552899): drop_caches: 3
[464521.300055] tee (3552904): drop_caches: 3
[464525.419512] tee (3552912): drop_caches: 3
[464529.555417] tee (3552917): drop_caches: 3
[464533.677066] tee (3552923): drop_caches: 3
[464537.947774] tee (3552928): drop_caches: 3
[464542.079704] tee (3552941): drop_caches: 3
[464546.216108] tee (3552946): drop_caches: 3
[464550.363504] tee (3552951): drop_caches: 3
[464554.487443] tee (3552960): drop_caches: 3
[464558.615165] tee (3552967): drop_caches: 3
[464562.744308] tee (3552972): drop_caches: 3
[464566.864862] tee (3552977): drop_caches: 3
[464571.079179] tee (3552990): drop_caches: 3
[464575.226229] tee (3552995): drop_caches: 3
[464579.361455] tee (3553000): drop_caches: 3
[464583.498748] tee (3553005): drop_caches: 3
[464587.629525] tee (3553013): drop_caches: 3
[464591.758391] tee (3553018): drop_caches: 3
[464595.872540] tee (3553024): drop_caches: 3
[464600.156189] tee (3553029): drop_caches: 3
[464604.300647] tee (3553043): drop_caches: 3
[464608.435272] tee (3553048): drop_caches: 3
[464612.578074] tee (3553053): drop_caches: 3
[464616.716584] tee (3553070): drop_caches: 3
[464620.856580] tee (3553077): drop_caches: 3
[464624.988589] tee (3553082): drop_caches: 3
[464629.122939] tee (3553087): drop_caches: 3
[464633.346195] tee (3553100): drop_caches: 3
[464637.490922] tee (3553105): drop_caches: 3
[464641.634729] tee (3553110): drop_caches: 3
[464645.762037] tee (3553118): drop_caches: 3
[464649.889011] tee (3553123): drop_caches: 3
[464654.015274] tee (3553129): drop_caches: 3
[464658.138517] tee (3553134): drop_caches: 3
[464662.432792] tee (3553147): drop_caches: 3
[464666.565696] tee (3553152): drop_caches: 3
[464670.703490] tee (3553157): drop_caches: 3
[464674.828164] tee (3553167): drop_caches: 3
[464678.966975] tee (3553173): drop_caches: 3
[464683.098358] tee (3553178): drop_caches: 3
[464687.231358] tee (3553183): drop_caches: 3
[464691.359743] tee (3553196): drop_caches: 3
[464695.611077] tee (3553201): drop_caches: 3
[464699.754569] tee (3553206): drop_caches: 3
[464703.894271] tee (3553211): drop_caches: 3
[464708.017712] tee (3553219): drop_caches: 3
[464712.154515] tee (3553224): drop_caches: 3
[464716.285630] tee (3553230): drop_caches: 3
[464720.403206] tee (3553243): drop_caches: 3
[464724.718709] tee (3553248): drop_caches: 3
[464728.841200] tee (3553253): drop_caches: 3
[464732.971123] tee (3553258): drop_caches: 3
[464737.101883] tee (3553269): drop_caches: 3
[464741.245423] tee (3553274): drop_caches: 3
[464745.385970] tee (3553279): drop_caches: 3
[464749.524242] tee (3553284): drop_caches: 3
[464753.646040] tee (3553297): drop_caches: 3
[464757.876572] tee (3553302): drop_caches: 3
[464762.015927] tee (3553307): drop_caches: 3
[464766.148070] tee (3553315): drop_caches: 3
[464770.287138] tee (3553320): drop_caches: 3
[464774.422363] tee (3553325): drop_caches: 3
[464778.549923] tee (3553331): drop_caches: 3
[464782.673128] tee (3553344): drop_caches: 3
[464786.927391] tee (3553349): drop_caches: 3
[464791.106547] tee (3553357): drop_caches: 3
[464795.235187] tee (3553367): drop_caches: 3
[464799.377728] tee (3553373): drop_caches: 3
[464803.523784] tee (3553378): drop_caches: 3
[464807.672556] tee (3553383): drop_caches: 3
[464811.795960] tee (3553396): drop_caches: 3
[464815.960403] tee (3553401): drop_caches: 3
[464820.187391] tee (3553406): drop_caches: 3
[464824.330992] tee (3553411): drop_caches: 3
[464828.466902] tee (3553419): drop_caches: 3
[464832.607399] tee (3553424): drop_caches: 3
[464836.737457] tee (3553430): drop_caches: 3
[464840.865162] tee (3553443): drop_caches: 3
[464844.984012] tee (3553448): drop_caches: 3
[464849.172717] tee (3553453): drop_caches: 3
[464853.398680] tee (3553458): drop_caches: 3
[464857.529405] tee (3553469): drop_caches: 3
[464861.673367] tee (3553474): drop_caches: 3
[464865.811733] tee (3553479): drop_caches: 3
[464869.943209] tee (3553484): drop_caches: 3
[464874.073345] tee (3553497): drop_caches: 3
[464878.200786] tee (3553502): drop_caches: 3
[464882.438802] tee (3553507): drop_caches: 3
[464886.562316] tee (3553515): drop_caches: 3
[464890.706263] tee (3553520): drop_caches: 3
[464894.847156] tee (3553525): drop_caches: 3
[464898.979981] tee (3553531): drop_caches: 3
[464903.104053] tee (3553544): drop_caches: 3
[464907.223657] tee (3553550): drop_caches: 3
[464911.353482] tee (3553555): drop_caches: 3
[464915.547418] tee (3553570): drop_caches: 3
[464919.686812] tee (3553579): drop_caches: 3
[464923.821700] tee (3553584): drop_caches: 3
[464927.953664] tee (3553589): drop_caches: 3
[464932.087736] tee (3553602): drop_caches: 3
[464936.212918] tee (3553607): drop_caches: 3
[464940.334089] tee (3553612): drop_caches: 3
[464944.573554] tee (3553618): drop_caches: 3
[464948.704290] tee (3553626): drop_caches: 3
[464952.850009] tee (3553631): drop_caches: 3
[464956.987686] tee (3553637): drop_caches: 3
[464961.117200] tee (3553650): drop_caches: 3
[464965.242429] tee (3553655): drop_caches: 3
[464969.368660] tee (3553660): drop_caches: 3
[464973.490407] tee (3553665): drop_caches: 3
[464977.699257] tee (3553676): drop_caches: 3
[464981.837342] tee (3553681): drop_caches: 3
[464985.973125] tee (3553686): drop_caches: 3
[464990.102896] tee (3553691): drop_caches: 3
[464994.224356] tee (3553705): drop_caches: 3
[464998.341909] tee (3553710): drop_caches: 3
[465002.464269] tee (3553715): drop_caches: 3
[465006.712875] tee (3553723): drop_caches: 3
[465010.845694] tee (3553728): drop_caches: 3
[465014.980313] tee (3553733): drop_caches: 3
[465019.115414] tee (3553739): drop_caches: 3
[465023.250718] tee (3553752): drop_caches: 3
[465027.388440] tee (3553757): drop_caches: 3
[465031.515662] tee (3553762): drop_caches: 3
[465035.630545] tee (3553772): drop_caches: 3
[465039.841059] tee (3553778): drop_caches: 3
[465043.978717] tee (3553783): drop_caches: 3
[465048.123157] tee (3553788): drop_caches: 3
[465052.260938] tee (3553801): drop_caches: 3
[465056.392093] tee (3553806): drop_caches: 3
[465060.517457] tee (3553811): drop_caches: 3
[465064.640580] tee (3553816): drop_caches: 3
[465068.893800] tee (3553824): drop_caches: 3
[465073.031491] tee (3553829): drop_caches: 3
[465077.174583] tee (3553834): drop_caches: 3
[465081.310004] tee (3553848): drop_caches: 3
[465085.445391] tee (3553853): drop_caches: 3
[465089.582063] tee (3553858): drop_caches: 3
[465093.713506] tee (3553863): drop_caches: 3
[465097.821095] tee (3553874): drop_caches: 3
[465102.031239] tee (3553879): drop_caches: 3
[465106.183543] tee (3553887): drop_caches: 3
[465110.329189] tee (3553899): drop_caches: 3
[465114.467241] tee (3553905): drop_caches: 3
[465118.600035] tee (3553910): drop_caches: 3
[465122.727548] tee (3553915): drop_caches: 3
[465126.831386] tee (3553923): drop_caches: 3
[465131.100551] tee (3553928): drop_caches: 3
[465135.237611] tee (3553933): drop_caches: 3
[465139.369013] tee (3553939): drop_caches: 3
[465143.506275] tee (3553952): drop_caches: 3
[465147.645422] tee (3553957): drop_caches: 3
[465151.779664] tee (3553962): drop_caches: 3
[465155.894357] tee (3553972): drop_caches: 3
[465160.014494] tee (3553978): drop_caches: 3
[465164.244606] tee (3553983): drop_caches: 3
[465168.391698] tee (3553988): drop_caches: 3
[465172.533816] tee (3554001): drop_caches: 3
[465176.677946] tee (3554006): drop_caches: 3
[465180.816285] tee (3554011): drop_caches: 3
[465184.946184] tee (3554016): drop_caches: 3
[465189.061438] tee (3554024): drop_caches: 3
[465193.347955] tee (3554029): drop_caches: 3
[465197.474879] tee (3554034): drop_caches: 3
[465201.605798] tee (3554048): drop_caches: 3
[465205.745510] tee (3554053): drop_caches: 3
[465209.880489] tee (3554058): drop_caches: 3
[465214.012539] tee (3554070): drop_caches: 3
[465218.133923] tee (3554080): drop_caches: 3
[465222.264935] tee (3554087): drop_caches: 3
[465226.501325] tee (3554092): drop_caches: 3
[465230.651615] tee (3554105): drop_caches: 3
[465234.796317] tee (3554110): drop_caches: 3
[465238.940754] tee (3554116): drop_caches: 3
[465243.070856] tee (3554121): drop_caches: 3
[465247.190855] tee (3554129): drop_caches: 3
[465251.315447] tee (3554134): drop_caches: 3
[465255.613174] tee (3554139): drop_caches: 3
[465259.740469] tee (3554144): drop_caches: 3
[465263.867833] tee (3554158): drop_caches: 3
[465268.003172] tee (3554163): drop_caches: 3
[465272.140703] tee (3554168): drop_caches: 3
[465276.270356] tee (3554179): drop_caches: 3
[465280.407169] tee (3554184): drop_caches: 3
[465284.537797] tee (3554189): drop_caches: 3
[465288.772214] tee (3554194): drop_caches: 3
[465292.917005] tee (3554207): drop_caches: 3
[465297.061471] tee (3554212): drop_caches: 3
[465301.203324] tee (3554217): drop_caches: 3
[465305.340100] tee (3554222): drop_caches: 3
[465309.468057] tee (3554230): drop_caches: 3
[465313.587786] tee (3554235): drop_caches: 3
[465317.909689] tee (3554240): drop_caches: 3
[465322.040619] tee (3554254): drop_caches: 3
[465326.181218] tee (3554259): drop_caches: 3
[465330.322374] tee (3554264): drop_caches: 3
[465334.460192] tee (3554271): drop_caches: 3
[465338.582666] tee (3554280): drop_caches: 3
[465342.724601] tee (3554285): drop_caches: 3
[465346.853334] tee (3554290): drop_caches: 3
[465351.085583] tee (3554303): drop_caches: 3
[465355.221490] tee (3554308): drop_caches: 3
[465359.358116] tee (3554313): drop_caches: 3
[465363.500169] tee (3554318): drop_caches: 3
[465367.617534] tee (3554326): drop_caches: 3
[465371.745712] tee (3554331): drop_caches: 3
[465375.866598] tee (3554336): drop_caches: 3
[465380.001486] tee (3554341): drop_caches: 3
[465384.210981] tee (3554355): drop_caches: 3
[465388.341266] tee (3554363): drop_caches: 3
[465392.482745] tee (3554368): drop_caches: 3
[465396.608983] tee (3554379): drop_caches: 3
[465400.740816] tee (3554384): drop_caches: 3
[465404.866620] tee (3554389): drop_caches: 3
[465408.989462] tee (3554394): drop_caches: 3
[465413.224063] tee (3554407): drop_caches: 3
[465417.366666] tee (3554412): drop_caches: 3
[465421.512816] tee (3554417): drop_caches: 3
[465425.654254] tee (3554422): drop_caches: 3
[465429.784588] tee (3554430): drop_caches: 3
[465433.910434] tee (3554435): drop_caches: 3
[465438.030763] tee (3554440): drop_caches: 3
[465442.145210] tee (3554454): drop_caches: 3
[465446.350251] tee (3554459): drop_caches: 3
[465450.486196] tee (3554464): drop_caches: 3
[465454.621605] tee (3554471): drop_caches: 3
[465458.747187] tee (3554480): drop_caches: 3
[465462.871818] tee (3554485): drop_caches: 3
[465466.991661] tee (3554490): drop_caches: 3
[465471.113713] tee (3554503): drop_caches: 3
[465475.365093] tee (3554508): drop_caches: 3
[465479.505713] tee (3554513): drop_caches: 3
[465483.648364] tee (3554518): drop_caches: 3
[465487.775142] tee (3554527): drop_caches: 3
[465491.914860] tee (3554532): drop_caches: 3
[465496.041193] tee (3554537): drop_caches: 3
[465500.168942] tee (3554542): drop_caches: 3
[465504.284989] tee (3554556): drop_caches: 3
[465508.485464] tee (3554561): drop_caches: 3
[465512.630897] tee (3554566): drop_caches: 3
[465516.753148] tee (3554582): drop_caches: 3
[465520.891940] tee (3554589): drop_caches: 3
[465525.022203] tee (3554594): drop_caches: 3
[465529.150247] tee (3554599): drop_caches: 3
[465533.279990] tee (3554612): drop_caches: 3
[465537.541434] tee (3554617): drop_caches: 3
[465541.683298] tee (3554622): drop_caches: 3
[465545.834864] tee (3554629): drop_caches: 3
[465549.971973] tee (3554635): drop_caches: 3
[465554.106736] tee (3554640): drop_caches: 3
[465558.241944] tee (3554645): drop_caches: 3
[465562.362566] tee (3554658): drop_caches: 3
[465566.489191] tee (3554664): drop_caches: 3
[465570.696011] tee (3554669): drop_caches: 3
[465574.835769] tee (3554676): drop_caches: 3
[465578.960684] tee (3554685): drop_caches: 3
[465583.092568] tee (3554690): drop_caches: 3
[465587.217598] tee (3554695): drop_caches: 3
[465591.341178] tee (3554708): drop_caches: 3
[465595.458206] tee (3554714): drop_caches: 3
[465599.727009] tee (3554719): drop_caches: 3
[465603.857277] tee (3554724): drop_caches: 3
[465607.980991] tee (3554732): drop_caches: 3
[465612.119283] tee (3554737): drop_caches: 3
[465616.261121] tee (3554742): drop_caches: 3
[465620.392086] tee (3554747): drop_caches: 3
[465624.521527] tee (3554761): drop_caches: 3
[465628.648557] tee (3554766): drop_caches: 3
[465632.875689] tee (3554771): drop_caches: 3
[465637.011191] tee (3554782): drop_caches: 3
[465641.159840] tee (3554795): drop_caches: 3
[465645.302232] tee (3554919): drop_caches: 3
[465649.438118] tee (3554924): drop_caches: 3
[465653.559897] tee (3554937): drop_caches: 3
[465657.683630] tee (3554942): drop_caches: 3
[465661.955479] tee (3554947): drop_caches: 3
[465666.071630] tee (3554955): drop_caches: 3
[465670.210794] tee (3554960): drop_caches: 3
[465674.355116] tee (3554965): drop_caches: 3
[465678.491061] tee (3554970): drop_caches: 3
[465682.629853] tee (3554983): drop_caches: 3
[465686.757665] tee (3554989): drop_caches: 3
[465690.890335] tee (3554994): drop_caches: 3
[465695.108228] tee (3555001): drop_caches: 3
[465699.241081] tee (3555010): drop_caches: 3
[465703.387614] tee (3555015): drop_caches: 3
[465707.519556] tee (3555023): drop_caches: 3
[465711.656213] tee (3555036): drop_caches: 3
[465715.778738] tee (3555041): drop_caches: 3
[465719.895984] tee (3555046): drop_caches: 3
[465724.178398] tee (3555051): drop_caches: 3
[465728.292193] tee (3555059): drop_caches: 3
[465732.429823] tee (3555064): drop_caches: 3
[465736.573039] tee (3555069): drop_caches: 3
[465740.707687] tee (3555082): drop_caches: 3
[465744.847953] tee (3555087): drop_caches: 3
[465748.986064] tee (3555093): drop_caches: 3
[465753.117399] tee (3555098): drop_caches: 3
[465757.357778] tee (3555108): drop_caches: 3
[465761.510081] tee (3555113): drop_caches: 3
[465765.658639] tee (3555118): drop_caches: 3
[465769.796335] tee (3555123): drop_caches: 3
[465773.921683] tee (3555136): drop_caches: 3
[465778.048533] tee (3555141): drop_caches: 3
[465782.169432] tee (3555146): drop_caches: 3
[465786.488118] tee (3555154): drop_caches: 3
[465790.625526] tee (3555159): drop_caches: 3
[465794.762479] tee (3555164): drop_caches: 3
[465798.901937] tee (3555169): drop_caches: 3
[465803.039393] tee (3555182): drop_caches: 3
[465807.181149] tee (3555188): drop_caches: 3
[465811.325505] tee (3555193): drop_caches: 3
[465815.454679] tee (3555205): drop_caches: 3
[465819.671189] tee (3555216): drop_caches: 3
[465823.806651] tee (3555221): drop_caches: 3
[465827.943477] tee (3555226): drop_caches: 3
[465832.078403] tee (3555239): drop_caches: 3
[465836.210670] tee (3555244): drop_caches: 3
[465840.335319] tee (3555249): drop_caches: 3
[465844.460525] tee (3555254): drop_caches: 3
[465848.705007] tee (3555262): drop_caches: 3
[465852.892033] tee (3555267): drop_caches: 3
[465857.032868] tee (3555272): drop_caches: 3
[465861.176572] tee (3555285): drop_caches: 3
[465865.336120] tee (3555290): drop_caches: 3
[465869.473754] tee (3555296): drop_caches: 3
[465873.605554] tee (3555301): drop_caches: 3
[465877.721358] tee (3555311): drop_caches: 3
[465881.958867] tee (3555316): drop_caches: 3
[465886.093978] tee (3555321): drop_caches: 3
[465890.231707] tee (3555326): drop_caches: 3
[465894.366533] tee (3555339): drop_caches: 3
[465898.524038] tee (3555344): drop_caches: 3
[465902.654104] tee (3555349): drop_caches: 3
[465906.771197] tee (3555357): drop_caches: 3
[465910.896570] tee (3555362): drop_caches: 3
[465915.102528] tee (3555367): drop_caches: 3
[465919.249315] tee (3555372): drop_caches: 3
[465923.390243] tee (3555385): drop_caches: 3
[465927.519228] tee (3555391): drop_caches: 3
[465931.656565] tee (3555396): drop_caches: 3
[465935.775757] tee (3555402): drop_caches: 3
[465939.883028] tee (3555411): drop_caches: 3
[465944.118754] tee (3555416): drop_caches: 3
[465948.252560] tee (3555421): drop_caches: 3
[465952.395213] tee (3555434): drop_caches: 3
[465956.540551] tee (3555439): drop_caches: 3
[465960.679962] tee (3555444): drop_caches: 3
[465964.812725] tee (3555449): drop_caches: 3
[465968.929264] tee (3555457): drop_caches: 3
[465973.052938] tee (3555462): drop_caches: 3
[465977.254912] tee (3555467): drop_caches: 3
[465981.397696] tee (3555480): drop_caches: 3
[465985.539353] tee (3555485): drop_caches: 3
[465989.666431] tee (3555494): drop_caches: 3
[465993.789186] tee (3555499): drop_caches: 3
[465997.894957] tee (3555509): drop_caches: 3
[466002.009967] tee (3555514): drop_caches: 3
[466006.253025] tee (3555519): drop_caches: 3
[466010.397853] tee (3555524): drop_caches: 3
[466014.540218] tee (3555537): drop_caches: 3
[466018.684931] tee (3555542): drop_caches: 3
[466022.818463] tee (3555547): drop_caches: 3
[466026.933560] tee (3555556): drop_caches: 3
[466031.056044] tee (3555561): drop_caches: 3
[466035.178219] tee (3555566): drop_caches: 3
[466039.388277] tee (3555572): drop_caches: 3
[466043.531287] tee (3555585): drop_caches: 3
[466047.674651] tee (3555591): drop_caches: 3
[466051.849692] tee (3555596): drop_caches: 3
[466055.973776] tee (3555602): drop_caches: 3
[466060.081199] tee (3555611): drop_caches: 3
[466064.200919] tee (3555616): drop_caches: 3
[466068.454525] tee (3555621): drop_caches: 3
[466072.592693] tee (3555634): drop_caches: 3
[466076.736239] tee (3555639): drop_caches: 3
[466080.880676] tee (3555644): drop_caches: 3
[466085.021455] tee (3555649): drop_caches: 3
[466089.147981] tee (3555657): drop_caches: 3
[466093.275751] tee (3555662): drop_caches: 3
[466097.400564] tee (3555667): drop_caches: 3
[466101.609756] tee (3555680): drop_caches: 3
[466105.757397] tee (3555685): drop_caches: 3
[466109.887658] tee (3555694): drop_caches: 3
[466114.020359] tee (3555699): drop_caches: 3
[466118.134634] tee (3555714): drop_caches: 3
[466122.254936] tee (3555721): drop_caches: 3
[466126.371976] tee (3555726): drop_caches: 3
[466130.642682] tee (3555731): drop_caches: 3
[466134.780221] tee (3555744): drop_caches: 3
[466138.915712] tee (3555749): drop_caches: 3
[466143.053075] tee (3555754): drop_caches: 3
[466147.183637] tee (3555762): drop_caches: 3
[466151.315808] tee (3555767): drop_caches: 3
[466155.446791] tee (3555772): drop_caches: 3
[466159.572314] tee (3555777): drop_caches: 3
[466163.785469] tee (3555790): drop_caches: 3
[466167.924868] tee (3555795): drop_caches: 3
[466172.066918] tee (3555801): drop_caches: 3
[466176.206638] tee (3555808): drop_caches: 3
[466180.321440] tee (3555816): drop_caches: 3
[466184.442445] tee (3555821): drop_caches: 3
[466188.567538] tee (3555826): drop_caches: 3
[466192.854205] tee (3555839): drop_caches: 3
[466196.998698] tee (3555845): drop_caches: 3
[466201.137733] tee (3555850): drop_caches: 3
[466205.329419] tee (3555855): drop_caches: 3
[466209.462662] tee (3555863): drop_caches: 3
[466213.606242] tee (3555868): drop_caches: 3
[466217.733645] tee (3555873): drop_caches: 3
[466221.857234] tee (3555886): drop_caches: 3
[466226.085385] tee (3555891): drop_caches: 3
[466230.240470] tee (3555897): drop_caches: 3
[466234.385934] tee (3555902): drop_caches: 3
[466238.513204] tee (3555912): drop_caches: 3
[466242.649625] tee (3555917): drop_caches: 3
[466246.782288] tee (3555922): drop_caches: 3
[466250.897337] tee (3555935): drop_caches: 3
[466255.182768] tee (3555940): drop_caches: 3
[466259.325459] tee (3555945): drop_caches: 3
[466263.465333] tee (3555950): drop_caches: 3
[466267.598078] tee (3555958): drop_caches: 3
[466271.743858] tee (3555963): drop_caches: 3
[466275.879238] tee (3555968): drop_caches: 3
[466280.007907] tee (3555973): drop_caches: 3
[466284.135479] tee (3555986): drop_caches: 3
[466288.374633] tee (3555991): drop_caches: 3
[466292.507972] tee (3556000): drop_caches: 3
[466296.645601] tee (3556007): drop_caches: 3
[466300.775456] tee (3556015): drop_caches: 3
[466304.919607] tee (3556020): drop_caches: 3
[466309.051697] tee (3556025): drop_caches: 3
[466313.175886] tee (3556038): drop_caches: 3
[466317.490031] tee (3556043): drop_caches: 3
[466321.615703] tee (3556049): drop_caches: 3
[466325.745100] tee (3556054): drop_caches: 3
[466329.870131] tee (3556062): drop_caches: 3
[466334.007470] tee (3556067): drop_caches: 3
[466338.141628] tee (3556072): drop_caches: 3
[466342.268695] tee (3556085): drop_caches: 3
[466346.398553] tee (3556090): drop_caches: 3
[466350.632499] tee (3556095): drop_caches: 3
[466354.769519] tee (3556102): drop_caches: 3
[466358.896500] tee (3556111): drop_caches: 3
[466363.034026] tee (3556116): drop_caches: 3
[466367.168778] tee (3556121): drop_caches: 3
[466371.298002] tee (3556134): drop_caches: 3
[466375.423276] tee (3556140): drop_caches: 3
[466379.642811] tee (3556145): drop_caches: 3
[466383.832463] tee (3556155): drop_caches: 3
[466387.960211] tee (3556163): drop_caches: 3
[466392.105807] tee (3556170): drop_caches: 3
[466396.248261] tee (3556175): drop_caches: 3
[466400.386140] tee (3556180): drop_caches: 3
[466404.515268] tee (3556193): drop_caches: 3
[466408.636329] tee (3556198): drop_caches: 3
[466412.864608] tee (3556204): drop_caches: 3
[466416.991528] tee (3556219): drop_caches: 3
[466421.135567] tee (3556227): drop_caches: 3
[466425.278064] tee (3556232): drop_caches: 3
[466429.408361] tee (3556237): drop_caches: 3
[466433.531560] tee (3556250): drop_caches: 3
[466437.657481] tee (3556263): drop_caches: 3
[466441.773449] tee (3556268): drop_caches: 3
[466445.980560] tee (3556273): drop_caches: 3
[466450.114147] tee (3556281): drop_caches: 3
[466454.255703] tee (3556286): drop_caches: 3
[466458.395181] tee (3556291): drop_caches: 3
[466462.525937] tee (3556304): drop_caches: 3
[466466.644834] tee (3556309): drop_caches: 3
[466470.760864] tee (3556314): drop_caches: 3
[466474.996817] tee (3556321): drop_caches: 3
[466479.127894] tee (3556330): drop_caches: 3
[466483.271558] tee (3556336): drop_caches: 3
[466487.415635] tee (3556341): drop_caches: 3
[466491.552837] tee (3556354): drop_caches: 3
[466495.679168] tee (3556359): drop_caches: 3
[466499.799531] tee (3556364): drop_caches: 3
[466503.917315] tee (3556369): drop_caches: 3
[466508.109904] tee (3556377): drop_caches: 3
[466512.256064] tee (3556382): drop_caches: 3
[466516.406893] tee (3556387): drop_caches: 3
[466520.544823] tee (3556392): drop_caches: 3
[466524.675014] tee (3556405): drop_caches: 3
[466528.794304] tee (3556410): drop_caches: 3
[466532.951797] tee (3556416): drop_caches: 3
[466537.227349] tee (3556423): drop_caches: 3
[466541.361336] tee (3556431): drop_caches: 3
[466545.502524] tee (3556436): drop_caches: 3
[466549.647275] tee (3556441): drop_caches: 3
[466553.796525] tee (3556454): drop_caches: 3
[466557.946220] tee (3556459): drop_caches: 3
[466562.072815] tee (3556464): drop_caches: 3
[466566.192938] tee (3556469): drop_caches: 3
[466570.401370] tee (3556478): drop_caches: 3
[466574.545897] tee (3556483): drop_caches: 3
[466578.690341] tee (3556488): drop_caches: 3
[466582.820979] tee (3556501): drop_caches: 3
[466586.948125] tee (3556506): drop_caches: 3
[466591.062515] tee (3556514): drop_caches: 3
[466595.188963] tee (3556521): drop_caches: 3
[466599.453986] tee (3556530): drop_caches: 3
[466603.589208] tee (3556535): drop_caches: 3
[466607.729335] tee (3556540): drop_caches: 3
[466611.868209] tee (3556553): drop_caches: 3
[466616.017024] tee (3556558): drop_caches: 3
[466620.155878] tee (3556563): drop_caches: 3
[466624.288724] tee (3556568): drop_caches: 3
[466628.405700] tee (3556576): drop_caches: 3
[466632.634593] tee (3556581): drop_caches: 3
[466636.774180] tee (3556586): drop_caches: 3
[466640.910740] tee (3556591): drop_caches: 3
[466645.043768] tee (3556604): drop_caches: 3
[466649.175073] tee (3556609): drop_caches: 3
[466653.295988] tee (3556615): drop_caches: 3
[466657.403689] tee (3556625): drop_caches: 3
[466661.694810] tee (3556630): drop_caches: 3
[466665.823198] tee (3556635): drop_caches: 3
[466669.956150] tee (3556640): drop_caches: 3
[466674.097022] tee (3556653): drop_caches: 3
[466678.237604] tee (3556658): drop_caches: 3
[466682.375781] tee (3556664): drop_caches: 3
[466686.512160] tee (3556669): drop_caches: 3
[466690.630181] tee (3556677): drop_caches: 3
[466694.859313] tee (3556682): drop_caches: 3
[466698.994980] tee (3556687): drop_caches: 3
[466703.131027] tee (3556700): drop_caches: 3
[466707.271299] tee (3556710): drop_caches: 3
[466711.404174] tee (3556715): drop_caches: 3
[466715.531785] tee (3556728): drop_caches: 3
[466719.640735] tee (3556739): drop_caches: 3
[466723.941524] tee (3556744): drop_caches: 3
[466728.073038] tee (3556749): drop_caches: 3
[466732.208706] tee (3556762): drop_caches: 3
[466736.344868] tee (3556767): drop_caches: 3
[466740.504509] tee (3556772): drop_caches: 3
[466744.649566] tee (3556777): drop_caches: 3
[466748.773111] tee (3556785): drop_caches: 3
[466752.907782] tee (3556790): drop_caches: 3
[466757.135745] tee (3556795): drop_caches: 3
[466761.270753] tee (3556808): drop_caches: 3
[466765.414559] tee (3556813): drop_caches: 3
[466769.560554] tee (3556818): drop_caches: 3
[466773.707750] tee (3556823): drop_caches: 3
[466777.822066] tee (3556834): drop_caches: 3
[466781.943945] tee (3556839): drop_caches: 3
[466786.238157] tee (3556844): drop_caches: 3
[466790.407176] tee (3556849): drop_caches: 3
[466794.548180] tee (3556863): drop_caches: 3
[466798.691965] tee (3556868): drop_caches: 3
[466802.830237] tee (3556873): drop_caches: 3
[466806.968614] tee (3556878): drop_caches: 3
[466811.082358] tee (3556886): drop_caches: 3
[466815.212525] tee (3556891): drop_caches: 3
[466819.445438] tee (3556896): drop_caches: 3
[466823.581705] tee (3556909): drop_caches: 3
[466827.736627] tee (3556914): drop_caches: 3
[466831.872329] tee (3556919): drop_caches: 3
[466836.001890] tee (3556927): drop_caches: 3
[466840.121288] tee (3556935): drop_caches: 3
[466844.246329] tee (3556940): drop_caches: 3
[466848.401817] tee (3556945): drop_caches: 3
[466852.609738] tee (3556958): drop_caches: 3
[466856.754014] tee (3556963): drop_caches: 3
[466860.897357] tee (3556968): drop_caches: 3
[466865.035812] tee (3556973): drop_caches: 3
[466869.149227] tee (3556981): drop_caches: 3
[466873.294573] tee (3556986): drop_caches: 3
[466877.410861] tee (3556991): drop_caches: 3
[466881.650898] tee (3557004): drop_caches: 3
[466885.787722] tee (3557009): drop_caches: 3
[466889.922633] tee (3557014): drop_caches: 3
[466894.055014] tee (3557022): drop_caches: 3
[466898.181969] tee (3557033): drop_caches: 3
[466902.313557] tee (3557038): drop_caches: 3
[466906.439125] tee (3557043): drop_caches: 3
[466910.566790] tee (3557048): drop_caches: 3
[466914.771499] tee (3557061): drop_caches: 3
[466918.909903] tee (3557066): drop_caches: 3
[466923.046407] tee (3557071): drop_caches: 3
[466927.184733] tee (3557076): drop_caches: 3
[466931.296072] tee (3557084): drop_caches: 3
[466935.416844] tee (3557089): drop_caches: 3
[466939.533281] tee (3557094): drop_caches: 3
[466943.781829] tee (3557107): drop_caches: 3
[466947.916694] tee (3557112): drop_caches: 3
[466952.060035] tee (3557117): drop_caches: 3
[466956.221721] tee (3557125): drop_caches: 3
[466960.344115] tee (3557133): drop_caches: 3
[466964.476727] tee (3557138): drop_caches: 3
[466968.603525] tee (3557143): drop_caches: 3
[466972.728650] tee (3557156): drop_caches: 3
[466976.937831] tee (3557161): drop_caches: 3
[466981.082230] tee (3557166): drop_caches: 3
[466985.217585] tee (3557171): drop_caches: 3
[466989.334586] tee (3557179): drop_caches: 3
[466993.457650] tee (3557184): drop_caches: 3
[466997.589463] tee (3557189): drop_caches: 3
[467001.713465] tee (3557202): drop_caches: 3
[467005.966459] tee (3557207): drop_caches: 3
[467010.098145] tee (3557212): drop_caches: 3
[467014.232185] tee (3557223): drop_caches: 3
[467018.365457] tee (3557234): drop_caches: 3
[467022.508272] tee (3557241): drop_caches: 3
[467026.641557] tee (3557246): drop_caches: 3
[467030.780535] tee (3557252): drop_caches: 3
[467034.899096] tee (3557265): drop_caches: 3
[467039.106643] tee (3557270): drop_caches: 3
[467043.251852] tee (3557275): drop_caches: 3
[467047.394508] tee (3557280): drop_caches: 3
[467051.518248] tee (3557288): drop_caches: 3
[467055.643248] tee (3557293): drop_caches: 3
[467059.760401] tee (3557298): drop_caches: 3
[467063.876463] tee (3557311): drop_caches: 3
[467068.138579] tee (3557316): drop_caches: 3
[467072.274547] tee (3557321): drop_caches: 3
[467076.419202] tee (3557329): drop_caches: 3
[467080.550375] tee (3557337): drop_caches: 3
[467084.693651] tee (3557342): drop_caches: 3
[467088.833880] tee (3557347): drop_caches: 3
[467092.974440] tee (3557360): drop_caches: 3
[467097.100828] tee (3557365): drop_caches: 3
[467101.318698] tee (3557370): drop_caches: 3
[467105.465433] tee (3557375): drop_caches: 3
[467109.593256] tee (3557383): drop_caches: 3
[467113.723984] tee (3557389): drop_caches: 3
[467117.850146] tee (3557394): drop_caches: 3
[467121.970008] tee (3557407): drop_caches: 3
[467126.099625] tee (3557412): drop_caches: 3
[467130.372148] tee (3557417): drop_caches: 3
[467134.518880] tee (3557424): drop_caches: 3
[467138.648580] tee (3557433): drop_caches: 3
[467142.791199] tee (3557438): drop_caches: 3
[467146.939487] tee (3557443): drop_caches: 3
[467151.071389] tee (3557448): drop_caches: 3
[467155.204456] tee (3557461): drop_caches: 3
[467159.339623] tee (3557466): drop_caches: 3
[467163.564583] tee (3557471): drop_caches: 3
[467167.703580] tee (3557476): drop_caches: 3
[467171.831408] tee (3557484): drop_caches: 3
[467175.966458] tee (3557489): drop_caches: 3
[467180.102224] tee (3557494): drop_caches: 3
[467184.230232] tee (3557507): drop_caches: 3
[467188.353150] tee (3557512): drop_caches: 3
[467192.631958] tee (3557521): drop_caches: 3
[467196.781136] tee (3557529): drop_caches: 3
[467200.902572] tee (3557537): drop_caches: 3
[467205.056627] tee (3557542): drop_caches: 3
[467209.204693] tee (3557547): drop_caches: 3
[467213.338609] tee (3557560): drop_caches: 3
[467217.472267] tee (3557565): drop_caches: 3
[467221.602094] tee (3557570): drop_caches: 3
[467225.833392] tee (3557575): drop_caches: 3
[467229.959467] tee (3557583): drop_caches: 3
[467234.096895] tee (3557588): drop_caches: 3
[467238.276997] tee (3557593): drop_caches: 3
[467242.411695] tee (3557606): drop_caches: 3
[467246.540287] tee (3557611): drop_caches: 3
[467250.666071] tee (3557616): drop_caches: 3
[467254.953521] tee (3557623): drop_caches: 3
[467259.067273] tee (3557632): drop_caches: 3
[467263.205533] tee (3557637): drop_caches: 3
[467267.340256] tee (3557642): drop_caches: 3
[467271.476473] tee (3557655): drop_caches: 3
[467275.618029] tee (3557660): drop_caches: 3
[467279.744492] tee (3557665): drop_caches: 3
[467283.872335] tee (3557670): drop_caches: 3
[467288.099544] tee (3557675): drop_caches: 3
[467292.231582] tee (3557683): drop_caches: 3
[467296.378085] tee (3557688): drop_caches: 3
[467300.520438] tee (3557693): drop_caches: 3
[467304.654561] tee (3557706): drop_caches: 3
[467308.780398] tee (3557711): drop_caches: 3
[467312.906249] tee (3557716): drop_caches: 3
[467317.180996] tee (3557729): drop_caches: 3
[467321.347963] tee (3557739): drop_caches: 3
[467325.490336] tee (3557744): drop_caches: 3
[467329.632251] tee (3557749): drop_caches: 3
[467333.767743] tee (3557762): drop_caches: 3
[467337.899666] tee (3557767): drop_caches: 3
[467342.029527] tee (3557772): drop_caches: 3
[467346.150422] tee (3557777): drop_caches: 3
[467350.372651] tee (3557785): drop_caches: 3
[467354.537513] tee (3557790): drop_caches: 3
[467358.682821] tee (3557795): drop_caches: 3
[467362.818279] tee (3557808): drop_caches: 3
[467366.949635] tee (3557813): drop_caches: 3
[467371.082028] tee (3557818): drop_caches: 3
[467375.207891] tee (3557825): drop_caches: 3
[467379.377477] tee (3557834): drop_caches: 3
[467383.588662] tee (3557839): drop_caches: 3
[467387.724960] tee (3557844): drop_caches: 3
[467391.870559] tee (3557857): drop_caches: 3
[467396.005239] tee (3557863): drop_caches: 3
[467400.140874] tee (3557868): drop_caches: 3
[467404.282052] tee (3557873): drop_caches: 3
[467408.395665] tee (3557881): drop_caches: 3
[467412.644426] tee (3557886): drop_caches: 3
[467416.787144] tee (3557891): drop_caches: 3
[467420.935611] tee (3557896): drop_caches: 3
[467425.079986] tee (3557909): drop_caches: 3
[467429.218472] tee (3557914): drop_caches: 3
[467433.349943] tee (3557919): drop_caches: 3
[467437.477973] tee (3557927): drop_caches: 3
[467441.582873] tee (3557935): drop_caches: 3
[467445.787990] tee (3557940): drop_caches: 3
[467449.943545] tee (3557945): drop_caches: 3
[467454.076292] tee (3557958): drop_caches: 3
[467458.205577] tee (3557963): drop_caches: 3
[467462.338397] tee (3557968): drop_caches: 3
[467466.463437] tee (3557973): drop_caches: 3
[467470.573280] tee (3557981): drop_caches: 3
[467474.819743] tee (3557986): drop_caches: 3
[467478.955188] tee (3557991): drop_caches: 3
[467483.098780] tee (3558004): drop_caches: 3
[467487.243576] tee (3558009): drop_caches: 3
[467491.386935] tee (3558014): drop_caches: 3
[467495.519933] tee (3558021): drop_caches: 3
[467499.630835] tee (3558030): drop_caches: 3
[467503.743700] tee (3558038): drop_caches: 3
[467507.947433] tee (3558043): drop_caches: 3
[467512.085214] tee (3558056): drop_caches: 3
[467516.227121] tee (3558061): drop_caches: 3
[467520.362943] tee (3558066): drop_caches: 3
[467524.493145] tee (3558071): drop_caches: 3
[467528.601982] tee (3558079): drop_caches: 3
[467532.724032] tee (3558084): drop_caches: 3
[467536.979174] tee (3558089): drop_caches: 3
[467541.120289] tee (3558094): drop_caches: 3
[467545.257765] tee (3558107): drop_caches: 3
[467549.401004] tee (3558112): drop_caches: 3
[467553.545923] tee (3558117): drop_caches: 3
[467557.678046] tee (3558125): drop_caches: 3
[467561.791244] tee (3558133): drop_caches: 3
[467565.908160] tee (3558138): drop_caches: 3
[467570.113028] tee (3558143): drop_caches: 3
[467574.254215] tee (3558156): drop_caches: 3
[467578.390850] tee (3558161): drop_caches: 3
[467582.530262] tee (3558166): drop_caches: 3
[467586.664455] tee (3558171): drop_caches: 3
[467590.773142] tee (3558179): drop_caches: 3
[467594.890812] tee (3558184): drop_caches: 3
[467599.152727] tee (3558189): drop_caches: 3
[467603.289977] tee (3558202): drop_caches: 3
[467607.433190] tee (3558207): drop_caches: 3
[467611.570599] tee (3558212): drop_caches: 3
[467615.709515] tee (3558225): drop_caches: 3
[467619.828184] tee (3558236): drop_caches: 3
[467623.951696] tee (3558241): drop_caches: 3
[467628.069651] tee (3558246): drop_caches: 3
[467632.279371] tee (3558259): drop_caches: 3
[467636.424622] tee (3558264): drop_caches: 3
[467640.568346] tee (3558269): drop_caches: 3
[467644.705526] tee (3558274): drop_caches: 3
[467648.820243] tee (3558282): drop_caches: 3
[467652.948646] tee (3558287): drop_caches: 3
[467657.072271] tee (3558293): drop_caches: 3
[467661.345740] tee (3558298): drop_caches: 3
[467665.481034] tee (3558311): drop_caches: 3
[467669.625553] tee (3558316): drop_caches: 3
[467673.761506] tee (3558321): drop_caches: 3
[467677.901838] tee (3558329): drop_caches: 3
[467682.022327] tee (3558337): drop_caches: 3
[467686.146490] tee (3558342): drop_caches: 3
[467690.269021] tee (3558347): drop_caches: 3
[467694.490654] tee (3558360): drop_caches: 3
[467698.636062] tee (3558365): drop_caches: 3
[467702.825214] tee (3558370): drop_caches: 3
[467706.964646] tee (3558375): drop_caches: 3
[467711.086466] tee (3558383): drop_caches: 3
[467715.224310] tee (3558388): drop_caches: 3
[467719.342090] tee (3558393): drop_caches: 3
[467723.620784] tee (3558406): drop_caches: 3
[467727.751377] tee (3558411): drop_caches: 3
[467731.888515] tee (3558416): drop_caches: 3
[467736.025808] tee (3558424): drop_caches: 3
[467740.153811] tee (3558432): drop_caches: 3
[467744.293793] tee (3558437): drop_caches: 3
[467748.429136] tee (3558443): drop_caches: 3
[467752.567101] tee (3558456): drop_caches: 3
[467756.798069] tee (3558461): drop_caches: 3
[467760.941779] tee (3558466): drop_caches: 3
[467765.086099] tee (3558471): drop_caches: 3
[467769.209083] tee (3558479): drop_caches: 3
[467773.342068] tee (3558484): drop_caches: 3
[467777.472763] tee (3558489): drop_caches: 3
[467781.601314] tee (3558502): drop_caches: 3
[467785.887327] tee (3558507): drop_caches: 3
[467790.006630] tee (3558515): drop_caches: 3
[467794.136620] tee (3558520): drop_caches: 3
[467798.273912] tee (3558528): drop_caches: 3
[467802.406700] tee (3558536): drop_caches: 3
[467806.540607] tee (3558542): drop_caches: 3
[467810.721416] tee (3558547): drop_caches: 3
[467814.843786] tee (3558560): drop_caches: 3
[467819.069325] tee (3558565): drop_caches: 3
[467823.213673] tee (3558570): drop_caches: 3
[467827.357603] tee (3558575): drop_caches: 3
[467831.532417] tee (3558583): drop_caches: 3
[467835.668865] tee (3558588): drop_caches: 3
[467839.793310] tee (3558593): drop_caches: 3
[467843.920831] tee (3558606): drop_caches: 3
[467848.236081] tee (3558611): drop_caches: 3
[467852.362621] tee (3558616): drop_caches: 3
[467856.495368] tee (3558624): drop_caches: 3
[467860.627018] tee (3558632): drop_caches: 3
[467864.771877] tee (3558637): drop_caches: 3
[467868.913473] tee (3558643): drop_caches: 3
[467873.042915] tee (3558656): drop_caches: 3
[467877.173824] tee (3558661): drop_caches: 3
[467881.411827] tee (3558666): drop_caches: 3
[467885.556551] tee (3558671): drop_caches: 3
[467889.684269] tee (3558679): drop_caches: 3
[467893.819328] tee (3558684): drop_caches: 3
[467897.949331] tee (3558689): drop_caches: 3
[467902.079481] tee (3558702): drop_caches: 3
[467906.198862] tee (3558707): drop_caches: 3
[467910.456805] tee (3558712): drop_caches: 3
[467914.639875] tee (3558724): drop_caches: 3
[467918.771915] tee (3558730): drop_caches: 3
[467922.898791] tee (3558740): drop_caches: 3
[467927.060849] tee (3558748): drop_caches: 3
[467931.196803] tee (3558753): drop_caches: 3
[467935.325831] tee (3558766): drop_caches: 3
[467939.448429] tee (3558771): drop_caches: 3
[467943.681993] tee (3558776): drop_caches: 3
[467947.814457] tee (3558781): drop_caches: 3
[467951.960670] tee (3558789): drop_caches: 3
[467956.124106] tee (3558794): drop_caches: 3
[467960.250143] tee (3558799): drop_caches: 3
[467964.368775] tee (3558812): drop_caches: 3
[467968.485204] tee (3558817): drop_caches: 3
[467972.603593] tee (3558822): drop_caches: 3
[467976.804772] tee (3558830): drop_caches: 3
[467980.937151] tee (3558838): drop_caches: 3
[467985.073041] tee (3558843): drop_caches: 3
[467989.197681] tee (3558849): drop_caches: 3
[467993.315685] tee (3558862): drop_caches: 3
[467997.443677] tee (3558873): drop_caches: 3
[468001.562768] tee (3558878): drop_caches: 3
[468005.799044] tee (3558883): drop_caches: 3
[468009.919721] tee (3558893): drop_caches: 3
[468014.058716] tee (3558898): drop_caches: 3
[468018.195868] tee (3558903): drop_caches: 3
[468022.320343] tee (3558916): drop_caches: 3
[468026.439057] tee (3558921): drop_caches: 3
[468030.556106] tee (3558926): drop_caches: 3
[468034.672765] tee (3558933): drop_caches: 3
[468038.870166] tee (3558939): drop_caches: 3
[468042.992794] tee (3558947): drop_caches: 3
[468047.129901] tee (3558953): drop_caches: 3
[468051.263315] tee (3558958): drop_caches: 3
[468055.385824] tee (3558971): drop_caches: 3
[468059.507872] tee (3558976): drop_caches: 3
[468063.625531] tee (3558981): drop_caches: 3
[468067.873406] tee (3558986): drop_caches: 3
[468072.000053] tee (3558994): drop_caches: 3
[468076.138823] tee (3558999): drop_caches: 3
[468080.278834] tee (3559004): drop_caches: 3
[468084.405192] tee (3559017): drop_caches: 3
[468088.527488] tee (3559022): drop_caches: 3
[468092.646692] tee (3559027): drop_caches: 3
[468096.759659] tee (3559035): drop_caches: 3
[468100.955465] tee (3559043): drop_caches: 3
[468105.091050] tee (3559048): drop_caches: 3
[468109.225749] tee (3559057): drop_caches: 3
[468113.349611] tee (3559070): drop_caches: 3
[468117.475563] tee (3559075): drop_caches: 3
[468121.598252] tee (3559081): drop_caches: 3
[468125.747243] tee (3559086): drop_caches: 3
[468130.001782] tee (3559094): drop_caches: 3
[468134.134733] tee (3559099): drop_caches: 3
[468138.293436] tee (3559104): drop_caches: 3
[468142.426963] tee (3559117): drop_caches: 3
[468146.564423] tee (3559122): drop_caches: 3
[468150.693728] tee (3559127): drop_caches: 3
[468154.819529] tee (3559134): drop_caches: 3
[468158.940174] tee (3559140): drop_caches: 3
[468163.141923] tee (3559148): drop_caches: 3
[468167.280369] tee (3559153): drop_caches: 3
[468171.418990] tee (3559159): drop_caches: 3
[468175.550593] tee (3559172): drop_caches: 3
[468179.673048] tee (3559177): drop_caches: 3
[468183.788511] tee (3559182): drop_caches: 3
[468187.900716] tee (3559187): drop_caches: 3
[468192.162324] tee (3559195): drop_caches: 3
[468196.292811] tee (3559200): drop_caches: 3
[468200.424385] tee (3559206): drop_caches: 3
[468204.554063] tee (3559219): drop_caches: 3
[468208.709638] tee (3559224): drop_caches: 3
[468212.847312] tee (3559229): drop_caches: 3
[468216.980027] tee (3559243): drop_caches: 3
[468221.087606] tee (3559253): drop_caches: 3
[468225.303415] tee (3559258): drop_caches: 3
[468229.442032] tee (3559264): drop_caches: 3
[468233.580512] tee (3559277): drop_caches: 3
[468237.710255] tee (3559282): drop_caches: 3
[468241.834444] tee (3559287): drop_caches: 3
[468245.952698] tee (3559292): drop_caches: 3
[468250.063013] tee (3559300): drop_caches: 3
[468254.350990] tee (3559305): drop_caches: 3
[468258.492579] tee (3559310): drop_caches: 3
[468262.618177] tee (3559323): drop_caches: 3
[468266.751353] tee (3559328): drop_caches: 3
[468270.883525] tee (3559333): drop_caches: 3
[468275.014206] tee (3559340): drop_caches: 3
[468279.144509] tee (3559346): drop_caches: 3
[468283.268461] tee (3559354): drop_caches: 3
[468287.495583] tee (3559359): drop_caches: 3
[468291.640024] tee (3559365): drop_caches: 3
[468295.777375] tee (3559378): drop_caches: 3
[468299.907840] tee (3559383): drop_caches: 3
[468304.040052] tee (3559388): drop_caches: 3
[468308.165469] tee (3559393): drop_caches: 3
[468312.267826] tee (3559401): drop_caches: 3
[468316.505253] tee (3559406): drop_caches: 3
[468320.791969] tee (3559411): drop_caches: 3
[468325.034663] tee (3559427): drop_caches: 3
[468325.076024] mix-mixV-fixed37-3401491 phase=D END
[468325.093614] mix-mixV-fixed37-3401491 phase=E START
[468325.103577] mix-mixV-fixed37-3401491 phase=E RUN
[468329.190869] tee (3559522): drop_caches: 3
[468333.317210] tee (3559527): drop_caches: 3
[468337.435930] tee (3559536): drop_caches: 3
[468341.556177] tee (3559544): drop_caches: 3
[468345.679690] tee (3559549): drop_caches: 3
[468349.799955] tee (3559554): drop_caches: 3
[468353.933890] tee (3559569): drop_caches: 3
[468358.066384] tee (3559576): drop_caches: 3
[468362.206573] tee (3559581): drop_caches: 3
[468366.340475] tee (3559586): drop_caches: 3
[468370.457532] tee (3559594): drop_caches: 3
[468374.622310] tee (3559599): drop_caches: 3
[468378.746754] tee (3559604): drop_caches: 3
[468382.868324] tee (3559617): drop_caches: 3
[468386.991041] tee (3559622): drop_caches: 3
[468391.111172] tee (3559630): drop_caches: 3
[468395.252214] tee (3559637): drop_caches: 3
[468399.381860] tee (3559643): drop_caches: 3
[468403.502906] tee (3559651): drop_caches: 3
[468407.626659] tee (3559656): drop_caches: 3
[468411.750953] tee (3559662): drop_caches: 3
[468415.872093] tee (3559675): drop_caches: 3
[468420.000940] tee (3559680): drop_caches: 3
[468424.147250] tee (3559685): drop_caches: 3
[468428.277996] tee (3559690): drop_caches: 3
[468432.398789] tee (3559698): drop_caches: 3
[468436.542409] tee (3559703): drop_caches: 3
[468440.712374] tee (3559708): drop_caches: 3
[468444.835010] tee (3559721): drop_caches: 3
[468448.988960] tee (3559726): drop_caches: 3
[468453.121686] tee (3559731): drop_caches: 3
[468457.269872] tee (3559739): drop_caches: 3
[468461.391484] tee (3559747): drop_caches: 3
[468465.523302] tee (3559752): drop_caches: 3
[468469.655850] tee (3559758): drop_caches: 3
[468473.783776] tee (3559771): drop_caches: 3
[468477.910391] tee (3559776): drop_caches: 3
[468482.044262] tee (3559781): drop_caches: 3
[468486.196204] tee (3559786): drop_caches: 3
[468490.318977] tee (3559794): drop_caches: 3
[468494.455214] tee (3559799): drop_caches: 3
[468498.591144] tee (3559804): drop_caches: 3
[468502.724891] tee (3559817): drop_caches: 3
[468506.852380] tee (3559822): drop_caches: 3
[468510.980594] tee (3559827): drop_caches: 3
[468515.129636] tee (3559839): drop_caches: 3
[468519.264729] tee (3559845): drop_caches: 3
[468523.397737] tee (3559855): drop_caches: 3
[468527.532377] tee (3559860): drop_caches: 3
[468531.662103] tee (3559866): drop_caches: 3
[468535.791934] tee (3559879): drop_caches: 3
[468539.932759] tee (3559884): drop_caches: 3
[468544.083535] tee (3559889): drop_caches: 3
[468548.239642] tee (3559894): drop_caches: 3
[468552.364020] tee (3559902): drop_caches: 3
[468556.502009] tee (3559907): drop_caches: 3
[468560.636955] tee (3559912): drop_caches: 3
[468564.773872] tee (3559925): drop_caches: 3
[468568.945944] tee (3559930): drop_caches: 3
[468573.078569] tee (3559935): drop_caches: 3
[468577.236633] tee (3559943): drop_caches: 3
[468581.365994] tee (3559951): drop_caches: 3
[468585.495961] tee (3559956): drop_caches: 3
[468589.635777] tee (3559961): drop_caches: 3
[468593.769007] tee (3559976): drop_caches: 3
[468597.899099] tee (3559981): drop_caches: 3
[468602.028597] tee (3559986): drop_caches: 3
[468606.175925] tee (3559991): drop_caches: 3
[468610.340174] tee (3559999): drop_caches: 3
[468614.478235] tee (3560004): drop_caches: 3
[468618.615228] tee (3560009): drop_caches: 3
[468622.744189] tee (3560022): drop_caches: 3
[468626.877767] tee (3560027): drop_caches: 3
[468631.008096] tee (3560032): drop_caches: 3
[468635.140703] tee (3560039): drop_caches: 3
[468639.301932] tee (3560045): drop_caches: 3
[468643.432269] tee (3560053): drop_caches: 3
[468647.573965] tee (3560058): drop_caches: 3
[468651.704840] tee (3560063): drop_caches: 3
[468655.836238] tee (3560077): drop_caches: 3
[468659.972808] tee (3560082): drop_caches: 3
[468664.105852] tee (3560087): drop_caches: 3
[468668.245122] tee (3560092): drop_caches: 3
[468672.397522] tee (3560100): drop_caches: 3
[468676.537934] tee (3560105): drop_caches: 3
[468680.678846] tee (3560110): drop_caches: 3
[468684.817340] tee (3560123): drop_caches: 3
[468688.958977] tee (3560128): drop_caches: 3
[468693.090538] tee (3560133): drop_caches: 3
[468697.224101] tee (3560141): drop_caches: 3
[468701.377017] tee (3560149): drop_caches: 3
[468705.517525] tee (3560154): drop_caches: 3
[468709.658039] tee (3560159): drop_caches: 3
[468713.801748] tee (3560176): drop_caches: 3
[468717.943930] tee (3560181): drop_caches: 3
[468722.086462] tee (3560186): drop_caches: 3
[468726.241931] tee (3560230): drop_caches: 3
[468726.887722] audit: type=1400 audit(1791309640.191:443): apparmor="DENIED" operation="open" class="file" profile="snap.firmware-updater.firmware-notifier" name="/proc/sys/vm/max_map_count" pid=3560188 comm="firmware-notifi" requested_mask="r" denied_mask="r" fsuid=1000 ouid=0
[468730.373571] tee (3560273): drop_caches: 3
[468734.554070] tee (3560278): drop_caches: 3
[468738.691313] tee (3560283): drop_caches: 3
[468742.822712] tee (3560297): drop_caches: 3
[468746.958188] tee (3560302): drop_caches: 3
[468751.092373] tee (3560307): drop_caches: 3
[468755.228386] tee (3560314): drop_caches: 3
[468759.364057] tee (3560320): drop_caches: 3
[468763.519095] tee (3560328): drop_caches: 3
[468767.659369] tee (3560333): drop_caches: 3
[468771.806904] tee (3560338): drop_caches: 3
[468775.940661] tee (3560352): drop_caches: 3
[468780.083762] tee (3560357): drop_caches: 3
[468784.226161] tee (3560362): drop_caches: 3
[468788.382107] tee (3560367): drop_caches: 3
[468792.514072] tee (3560375): drop_caches: 3
[468796.673756] tee (3560380): drop_caches: 3
[468800.814194] tee (3560385): drop_caches: 3
[468804.968077] tee (3560398): drop_caches: 3
[468809.112445] tee (3560403): drop_caches: 3
[468813.246836] tee (3560408): drop_caches: 3
[468817.383195] tee (3560422): drop_caches: 3
[468821.516575] tee (3560432): drop_caches: 3
[468825.677063] tee (3560437): drop_caches: 3
[468829.812554] tee (3560442): drop_caches: 3
[468833.949045] tee (3560455): drop_caches: 3
[468838.082399] tee (3560461): drop_caches: 3
[468842.242250] tee (3560466): drop_caches: 3
[468846.386569] tee (3560471): drop_caches: 3
[468850.513045] tee (3560479): drop_caches: 3
[468854.656791] tee (3560484): drop_caches: 3
[468858.819778] tee (3560489): drop_caches: 3
[468862.954424] tee (3560502): drop_caches: 3
[468867.098881] tee (3560507): drop_caches: 3
[468871.239300] tee (3560512): drop_caches: 3
[468875.377294] tee (3560519): drop_caches: 3
[468879.517769] tee (3560525): drop_caches: 3
[468883.643131] tee (3560533): drop_caches: 3
[468887.805016] tee (3560538): drop_caches: 3
[468891.943818] tee (3560543): drop_caches: 3
[468896.080721] tee (3560557): drop_caches: 3
[468900.224863] tee (3560562): drop_caches: 3
[468904.366120] tee (3560567): drop_caches: 3
[468908.509284] tee (3560572): drop_caches: 3
[468912.641568] tee (3560580): drop_caches: 3
[468916.779361] tee (3560585): drop_caches: 3
[468920.958251] tee (3560590): drop_caches: 3
[468925.093432] tee (3560603): drop_caches: 3
[468929.236360] tee (3560608): drop_caches: 3
[468933.372713] tee (3560613): drop_caches: 3
[468937.511026] tee (3560622): drop_caches: 3
[468941.636210] tee (3560630): drop_caches: 3
[468945.774239] tee (3560635): drop_caches: 3
[468949.937477] tee (3560640): drop_caches: 3
[468954.080876] tee (3560653): drop_caches: 3
[468958.227208] tee (3560659): drop_caches: 3
[468962.370107] tee (3560664): drop_caches: 3
[468966.512721] tee (3560669): drop_caches: 3
[468970.637865] tee (3560677): drop_caches: 3
[468974.774123] tee (3560682): drop_caches: 3
[468978.913991] tee (3560687): drop_caches: 3
[468983.077389] tee (3560700): drop_caches: 3
[468987.237404] tee (3560705): drop_caches: 3
[468991.373497] tee (3560713): drop_caches: 3
[468995.523356] tee (3560720): drop_caches: 3
[468999.662056] tee (3560727): drop_caches: 3
[469003.791731] tee (3560735): drop_caches: 3
[469007.930633] tee (3560740): drop_caches: 3
[469012.107413] tee (3560746): drop_caches: 3
[469016.250357] tee (3560759): drop_caches: 3
[469020.385665] tee (3560764): drop_caches: 3
[469024.528776] tee (3560769): drop_caches: 3
[469028.673722] tee (3560774): drop_caches: 3
[469032.799012] tee (3560782): drop_caches: 3
[469036.944730] tee (3560787): drop_caches: 3
[469041.096851] tee (3560792): drop_caches: 3
[469045.264774] tee (3560805): drop_caches: 3
[469049.407327] tee (3560810): drop_caches: 3
[469053.548550] tee (3560815): drop_caches: 3
[469057.685192] tee (3560823): drop_caches: 3
[469061.811708] tee (3560831): drop_caches: 3
[469065.951298] tee (3560836): drop_caches: 3
[469070.096773] tee (3560841): drop_caches: 3
[469074.262030] tee (3560854): drop_caches: 3
[469078.403649] tee (3560860): drop_caches: 3
[469082.580918] tee (3560865): drop_caches: 3
[469086.725685] tee (3560870): drop_caches: 3
[469090.851310] tee (3560878): drop_caches: 3
[469094.993027] tee (3560883): drop_caches: 3
[469099.139064] tee (3560888): drop_caches: 3
[469103.283181] tee (3560901): drop_caches: 3
[469107.455288] tee (3560906): drop_caches: 3
[469111.596572] tee (3560911): drop_caches: 3
[469115.732322] tee (3560923): drop_caches: 3
[469119.871151] tee (3560931): drop_caches: 3
[469124.004526] tee (3560939): drop_caches: 3
[469128.148042] tee (3560949): drop_caches: 3
[469132.287368] tee (3560962): drop_caches: 3
[469136.440982] tee (3560967): drop_caches: 3
[469140.600181] tee (3560975): drop_caches: 3
[469144.738250] tee (3560980): drop_caches: 3
[469148.897691] tee (3560985): drop_caches: 3
[469153.030425] tee (3560993): drop_caches: 3
[469157.174603] tee (3560998): drop_caches: 3
[469161.320062] tee (3561003): drop_caches: 3
[469165.475405] tee (3561016): drop_caches: 3
[469169.648701] tee (3561021): drop_caches: 3
[469173.786143] tee (3561026): drop_caches: 3
[469177.923872] tee (3561034): drop_caches: 3
[469182.062029] tee (3561042): drop_caches: 3
[469186.207626] tee (3561047): drop_caches: 3
[469190.355308] tee (3561052): drop_caches: 3
[469194.519884] tee (3561066): drop_caches: 3
[469198.683785] tee (3561072): drop_caches: 3
[469202.848095] tee (3561077): drop_caches: 3
[469206.987091] tee (3561082): drop_caches: 3
[469211.115337] tee (3561090): drop_caches: 3
[469215.276119] tee (3561095): drop_caches: 3
[469219.421398] tee (3561100): drop_caches: 3
[469223.568664] tee (3561113): drop_caches: 3
[469227.708451] tee (3561118): drop_caches: 3
[469231.874784] tee (3561123): drop_caches: 3
[469236.017062] tee (3561131): drop_caches: 3
[469240.177811] tee (3561136): drop_caches: 3
[469244.320606] tee (3561271): drop_caches: 3
[469248.467575] tee (3561276): drop_caches: 3
[469252.610986] tee (3561289): drop_caches: 3
[469256.763844] tee (3561294): drop_caches: 3
[469260.917791] tee (3561300): drop_caches: 3
[469265.092027] tee (3561305): drop_caches: 3
[469269.249985] tee (3561310): drop_caches: 3
[469273.385123] tee (3561318): drop_caches: 3
[469277.529659] tee (3561323): drop_caches: 3
[469281.684524] tee (3561328): drop_caches: 3
[469285.822313] tee (3561342): drop_caches: 3
[469289.956310] tee (3561349): drop_caches: 3
[469294.127803] tee (3561354): drop_caches: 3
[469298.270909] tee (3561362): drop_caches: 3
[469302.403408] tee (3561370): drop_caches: 3
[469306.548303] tee (3561375): drop_caches: 3
[469310.686363] tee (3561380): drop_caches: 3
[469314.821242] tee (3561397): drop_caches: 3
[469318.961384] tee (3561403): drop_caches: 3
[469323.114722] tee (3561408): drop_caches: 3
[469327.285069] tee (3561420): drop_caches: 3
[469331.417663] tee (3561428): drop_caches: 3
[469335.561697] tee (3561433): drop_caches: 3
[469339.699732] tee (3561438): drop_caches: 3
[469343.835747] tee (3561451): drop_caches: 3
[469347.973349] tee (3561456): drop_caches: 3
[469352.119539] tee (3561461): drop_caches: 3
[469356.290998] tee (3561469): drop_caches: 3
[469360.435208] tee (3561474): drop_caches: 3
[469364.567650] tee (3561482): drop_caches: 3
[469368.713175] tee (3561487): drop_caches: 3
[469372.859033] tee (3561500): drop_caches: 3
[469377.005421] tee (3561505): drop_caches: 3
[469381.152143] tee (3561511): drop_caches: 3
[469385.302678] tee (3561516): drop_caches: 3
[469389.469347] tee (3561521): drop_caches: 3
[469393.604555] tee (3561529): drop_caches: 3
[469397.744622] tee (3561534): drop_caches: 3
[469401.882429] tee (3561539): drop_caches: 3
[469406.037426] tee (3561552): drop_caches: 3
[469410.179638] tee (3561557): drop_caches: 3
[469414.327696] tee (3561568): drop_caches: 3
[469418.512410] tee (3561576): drop_caches: 3
[469422.644577] tee (3561586): drop_caches: 3
[469426.783623] tee (3561591): drop_caches: 3
[469430.923183] tee (3561596): drop_caches: 3
[469435.061602] tee (3561609): drop_caches: 3
[469439.225681] tee (3561615): drop_caches: 3
[469443.372500] tee (3561620): drop_caches: 3
[469447.519951] tee (3561625): drop_caches: 3
[469451.682475] tee (3561633): drop_caches: 3
[469455.821099] tee (3561638): drop_caches: 3
[469459.961340] tee (3561643): drop_caches: 3
[469464.103838] tee (3561656): drop_caches: 3
[469468.251045] tee (3561661): drop_caches: 3
[469472.403771] tee (3561666): drop_caches: 3
[469476.553686] tee (3561674): drop_caches: 3
[469480.745498] tee (3561679): drop_caches: 3
[469484.894863] tee (3561687): drop_caches: 3
[469489.039815] tee (3561692): drop_caches: 3
[469493.184268] tee (3561705): drop_caches: 3
[469497.331219] tee (3561710): drop_caches: 3
[469501.478750] tee (3561716): drop_caches: 3
[469505.617739] tee (3561721): drop_caches: 3
[469509.760401] tee (3561726): drop_caches: 3
[469513.922102] tee (3561734): drop_caches: 3
[469518.061214] tee (3561739): drop_caches: 3
[469522.205895] tee (3561744): drop_caches: 3
[469526.350085] tee (3561757): drop_caches: 3
[469530.500950] tee (3561762): drop_caches: 3
[469534.651470] tee (3561767): drop_caches: 3
[469538.794337] tee (3561775): drop_caches: 3
[469542.968385] tee (3561783): drop_caches: 3
[469547.111791] tee (3561788): drop_caches: 3
[469551.257405] tee (3561793): drop_caches: 3
[469555.393887] tee (3561807): drop_caches: 3
[469559.534370] tee (3561812): drop_caches: 3
[469563.674494] tee (3561817): drop_caches: 3
[469567.816515] tee (3561822): drop_caches: 3
[469571.946251] tee (3561830): drop_caches: 3
[469576.113175] tee (3561835): drop_caches: 3
[469580.258183] tee (3561840): drop_caches: 3
[469584.403168] tee (3561853): drop_caches: 3
[469588.565509] tee (3561858): drop_caches: 3
[469592.705188] tee (3561866): drop_caches: 3
[469596.869531] tee (3561874): drop_caches: 3
[469601.014172] tee (3561879): drop_caches: 3
[469605.183045] tee (3561887): drop_caches: 3
[469609.329867] tee (3561892): drop_caches: 3
[469613.467359] tee (3561905): drop_caches: 3
[469617.616058] tee (3561910): drop_caches: 3
[469621.754382] tee (3561916): drop_caches: 3
[469625.894657] tee (3561921): drop_caches: 3
[469630.035648] tee (3561926): drop_caches: 3
[469634.165091] tee (3561935): drop_caches: 3
[469638.338576] tee (3561940): drop_caches: 3
[469642.482076] tee (3561953): drop_caches: 3
[469646.622479] tee (3561958): drop_caches: 3
[469650.762921] tee (3561963): drop_caches: 3
[469654.907403] tee (3561970): drop_caches: 3
[469659.049010] tee (3561976): drop_caches: 3
[469663.187113] tee (3561984): drop_caches: 3
[469667.337383] tee (3561989): drop_caches: 3
[469671.532767] tee (3561994): drop_caches: 3
[469675.670986] tee (3562007): drop_caches: 3
[469679.813432] tee (3562012): drop_caches: 3
[469683.958481] tee (3562018): drop_caches: 3
[469688.100567] tee (3562023): drop_caches: 3
[469692.229646] tee (3562031): drop_caches: 3
[469696.377449] tee (3562036): drop_caches: 3
[469700.553113] tee (3562041): drop_caches: 3
[469704.708878] tee (3562054): drop_caches: 3
[469708.841991] tee (3562062): drop_caches: 3
[469712.986210] tee (3562067): drop_caches: 3
[469717.126145] tee (3562080): drop_caches: 3
[469721.267284] tee (3562087): drop_caches: 3
[469725.407018] tee (3562095): drop_caches: 3
[469729.555727] tee (3562100): drop_caches: 3
[469733.723439] tee (3562113): drop_caches: 3
[469737.869433] tee (3562118): drop_caches: 3
[469742.005822] tee (3562124): drop_caches: 3
[469746.145415] tee (3562129): drop_caches: 3
[469750.285508] tee (3562134): drop_caches: 3
[469754.421843] tee (3562142): drop_caches: 3
[469758.572857] tee (3562147): drop_caches: 3
[469762.740229] tee (3562160): drop_caches: 3
[469766.878240] tee (3562165): drop_caches: 3
[469771.017322] tee (3562170): drop_caches: 3
[469775.155953] tee (3562177): drop_caches: 3
[469779.303723] tee (3562183): drop_caches: 3
[469783.438997] tee (3562191): drop_caches: 3
[469787.588438] tee (3562196): drop_caches: 3
[469791.729602] tee (3562201): drop_caches: 3
[469795.897016] tee (3562215): drop_caches: 3
[469800.040166] tee (3562220): drop_caches: 3
[469804.178174] tee (3562226): drop_caches: 3
[469808.332423] tee (3562231): drop_caches: 3
[469812.472404] tee (3562239): drop_caches: 3
[469816.613498] tee (3562244): drop_caches: 3
[469820.761642] tee (3562249): drop_caches: 3
[469824.935831] tee (3562263): drop_caches: 3
[469829.076150] tee (3562268): drop_caches: 3
[469833.223708] tee (3562273): drop_caches: 3
[469837.413169] tee (3562280): drop_caches: 3
[469841.554474] tee (3562285): drop_caches: 3
[469845.700051] tee (3562293): drop_caches: 3
[469849.843756] tee (3562298): drop_caches: 3
[469853.983672] tee (3562311): drop_caches: 3
[469858.156643] tee (3562316): drop_caches: 3
[469862.298547] tee (3562321): drop_caches: 3
[469866.453177] tee (3562327): drop_caches: 3
[469870.593081] tee (3562332): drop_caches: 3
[469874.720299] tee (3562340): drop_caches: 3
[469878.860751] tee (3562345): drop_caches: 3
[469883.001876] tee (3562358): drop_caches: 3
[469887.170374] tee (3562363): drop_caches: 3
[469891.316497] tee (3562368): drop_caches: 3
[469895.462594] tee (3562375): drop_caches: 3
[469899.603432] tee (3562381): drop_caches: 3
[469903.740494] tee (3562389): drop_caches: 3
[469907.882030] tee (3562397): drop_caches: 3
[469912.028708] tee (3562402): drop_caches: 3
[469916.176833] tee (3562415): drop_caches: 3
[469920.344073] tee (3562420): drop_caches: 3
[469924.483946] tee (3562426): drop_caches: 3
[469928.623689] tee (3562431): drop_caches: 3
[469932.759214] tee (3562439): drop_caches: 3
[469936.907594] tee (3562444): drop_caches: 3
[469941.071860] tee (3562449): drop_caches: 3
[469945.219088] tee (3562462): drop_caches: 3
[469949.396812] tee (3562467): drop_caches: 3
[469953.546717] tee (3562472): drop_caches: 3
[469957.687463] tee (3562481): drop_caches: 3
[469961.829465] tee (3562488): drop_caches: 3
[469965.969754] tee (3562494): drop_caches: 3
[469970.117238] tee (3562499): drop_caches: 3
[469974.261171] tee (3562512): drop_caches: 3
[469978.402657] tee (3562517): drop_caches: 3
[469982.574076] tee (3562522): drop_caches: 3
[469986.712841] tee (3562528): drop_caches: 3
[469990.851664] tee (3562533): drop_caches: 3
[469994.983179] tee (3562541): drop_caches: 3
[469999.130362] tee (3562546): drop_caches: 3
[470003.279656] tee (3562559): drop_caches: 3
[470007.428473] tee (3562564): drop_caches: 3
[470011.620489] tee (3562569): drop_caches: 3
[470015.760850] tee (3562582): drop_caches: 3
[470019.901773] tee (3562590): drop_caches: 3
[470024.052599] tee (3562598): drop_caches: 3
[470028.199522] tee (3562603): drop_caches: 3
[470032.353773] tee (3562608): drop_caches: 3
[470036.493769] tee (3562621): drop_caches: 3
[470040.637001] tee (3562626): drop_caches: 3
[470044.804356] tee (3562632): drop_caches: 3
[470048.952494] tee (3562637): drop_caches: 3
[470053.087411] tee (3562645): drop_caches: 3
[470057.233034] tee (3562650): drop_caches: 3
[470061.380760] tee (3562655): drop_caches: 3
[470065.531615] tee (3562668): drop_caches: 3
[470069.672137] tee (3562673): drop_caches: 3
[470073.841032] tee (3562678): drop_caches: 3
[470077.979713] tee (3562686): drop_caches: 3
[470082.110356] tee (3562694): drop_caches: 3
[470086.270358] tee (3562699): drop_caches: 3
[470090.415843] tee (3562704): drop_caches: 3
[470094.556069] tee (3562717): drop_caches: 3
[470098.707279] tee (3562723): drop_caches: 3
[470102.852778] tee (3562728): drop_caches: 3
[470107.021112] tee (3562733): drop_caches: 3
[470111.165498] tee (3562738): drop_caches: 3
[470115.305862] tee (3562746): drop_caches: 3
[470119.463721] tee (3562751): drop_caches: 3
[470123.612092] tee (3562764): drop_caches: 3
[470127.752087] tee (3562769): drop_caches: 3
[470131.893905] tee (3562774): drop_caches: 3
[470136.069056] tee (3562782): drop_caches: 3
[470140.226428] tee (3562787): drop_caches: 3
[470144.359870] tee (3562795): drop_caches: 3
[470148.506728] tee (3562800): drop_caches: 3
[470152.644175] tee (3562813): drop_caches: 3
[470156.785011] tee (3562818): drop_caches: 3
[470160.936421] tee (3562823): drop_caches: 3
[470165.085246] tee (3562828): drop_caches: 3
[470169.261613] tee (3562834): drop_caches: 3
[470173.398533] tee (3562842): drop_caches: 3
[470177.560718] tee (3562847): drop_caches: 3
[470181.702723] tee (3562852): drop_caches: 3
[470185.841480] tee (3562865): drop_caches: 3
[470189.985785] tee (3562873): drop_caches: 3
[470194.133236] tee (3562878): drop_caches: 3
[470198.308187] tee (3562886): drop_caches: 3
[470202.445480] tee (3562894): drop_caches: 3
[470206.608135] tee (3562899): drop_caches: 3
[470210.746548] tee (3562904): drop_caches: 3
[470214.887437] tee (3562917): drop_caches: 3
[470219.029749] tee (3562922): drop_caches: 3
[470223.178877] tee (3562927): drop_caches: 3
[470227.338226] tee (3562933): drop_caches: 3
[470231.515541] tee (3562939): drop_caches: 3
[470235.642932] tee (3562947): drop_caches: 3
[470239.785769] tee (3562952): drop_caches: 3
[470243.924767] tee (3562965): drop_caches: 3
[470248.065965] tee (3562970): drop_caches: 3
[470252.209954] tee (3562975): drop_caches: 3
[470256.352281] tee (3562983): drop_caches: 3
[470260.523646] tee (3562988): drop_caches: 3
[470264.662957] tee (3562996): drop_caches: 3
[470268.800596] tee (3563001): drop_caches: 3
[470272.940129] tee (3563014): drop_caches: 3
[470277.086452] tee (3563019): drop_caches: 3
[470281.236646] tee (3563024): drop_caches: 3
[470285.387420] tee (3563029): drop_caches: 3
[470289.537324] tee (3563035): drop_caches: 3
[470293.692345] tee (3563043): drop_caches: 3
[470297.832872] tee (3563048): drop_caches: 3
[470301.972065] tee (3563053): drop_caches: 3
[470306.118850] tee (3563066): drop_caches: 3
[470310.261054] tee (3563071): drop_caches: 3
[470314.417593] tee (3563081): drop_caches: 3
[470318.579138] tee (3563089): drop_caches: 3
[470322.730825] tee (3563099): drop_caches: 3
[470326.894050] tee (3563104): drop_caches: 3
[470331.044426] tee (3563109): drop_caches: 3
[470335.191790] tee (3563122): drop_caches: 3
[470339.339136] tee (3563127): drop_caches: 3
[470343.480386] tee (3563132): drop_caches: 3
[470347.631870] tee (3563138): drop_caches: 3
[470351.784227] tee (3563148): drop_caches: 3
[470355.942903] tee (3563156): drop_caches: 3
[470360.091460] tee (3563163): drop_caches: 3
[470364.228291] tee (3563176): drop_caches: 3
[470368.367217] tee (3563182): drop_caches: 3
[470372.514759] tee (3563187): drop_caches: 3
[470376.661997] tee (3563194): drop_caches: 3
[470380.810358] tee (3563199): drop_caches: 3
[470384.941158] tee (3563207): drop_caches: 3
[470389.108230] tee (3563212): drop_caches: 3
[470393.247356] tee (3563225): drop_caches: 3
[470397.394511] tee (3563231): drop_caches: 3
[470401.539904] tee (3563236): drop_caches: 3
[470405.679865] tee (3563241): drop_caches: 3
[470409.821849] tee (3563247): drop_caches: 3
[470413.957928] tee (3563255): drop_caches: 3
[470418.130945] tee (3563260): drop_caches: 3
[470422.280376] tee (3563265): drop_caches: 3
[470426.425959] tee (3563278): drop_caches: 3
[470430.572021] tee (3563283): drop_caches: 3
[470434.713840] tee (3563288): drop_caches: 3
[470438.858415] tee (3563296): drop_caches: 3
[470442.991431] tee (3563304): drop_caches: 3
[470447.136217] tee (3563309): drop_caches: 3
[470451.310787] tee (3563314): drop_caches: 3
[470455.450837] tee (3563327): drop_caches: 3
[470459.598375] tee (3563332): drop_caches: 3
[470463.741771] tee (3563337): drop_caches: 3
[470467.884934] tee (3563342): drop_caches: 3
[470472.032334] tee (3563348): drop_caches: 3
[470476.176228] tee (3563356): drop_caches: 3
[470480.372111] tee (3563361): drop_caches: 3
[470484.517998] tee (3563374): drop_caches: 3
[470488.662247] tee (3563379): drop_caches: 3
[470492.808720] tee (3563384): drop_caches: 3
[470496.955610] tee (3563392): drop_caches: 3
[470501.098229] tee (3563397): drop_caches: 3
[470505.228355] tee (3563408): drop_caches: 3
[470509.378228] tee (3563413): drop_caches: 3
[470513.553480] tee (3563426): drop_caches: 3
[470517.695119] tee (3563431): drop_caches: 3
[470521.852243] tee (3563436): drop_caches: 3
[470525.997839] tee (3563441): drop_caches: 3
[470530.162363] tee (3563447): drop_caches: 3
[470534.314270] tee (3563455): drop_caches: 3
[470538.463015] tee (3563460): drop_caches: 3
[470542.634476] tee (3563465): drop_caches: 3
[470546.772029] tee (3563538): drop_caches: 3
[470550.914129] tee (3563543): drop_caches: 3
[470555.050307] tee (3563553): drop_caches: 3
[470559.206274] tee (3563559): drop_caches: 3
[470563.344873] tee (3563567): drop_caches: 3
[470567.493887] tee (3563572): drop_caches: 3
[470571.636066] tee (3563577): drop_caches: 3
[470575.804022] tee (3563590): drop_caches: 3
[470579.950292] tee (3563595): drop_caches: 3
[470584.096466] tee (3563600): drop_caches: 3
[470588.240010] tee (3563605): drop_caches: 3
[470592.387512] tee (3563611): drop_caches: 3
[470596.525056] tee (3563619): drop_caches: 3
[470600.671803] tee (3563624): drop_caches: 3
[470604.852044] tee (3563637): drop_caches: 3
[470608.995098] tee (3563642): drop_caches: 3
[470613.132249] tee (3563647): drop_caches: 3
[470617.269422] tee (3563661): drop_caches: 3
[470621.411194] tee (3563668): drop_caches: 3
[470625.547230] tee (3563677): drop_caches: 3
[470629.689756] tee (3563682): drop_caches: 3
[470633.832393] tee (3563695): drop_caches: 3
[470637.999992] tee (3563701): drop_caches: 3
[470642.145326] tee (3563706): drop_caches: 3
[470646.293867] tee (3563711): drop_caches: 3
[470650.445903] tee (3563717): drop_caches: 3
[470654.575489] tee (3563725): drop_caches: 3
[470658.716795] tee (3563730): drop_caches: 3
[470662.866988] tee (3563743): drop_caches: 3
[470667.035801] tee (3563748): drop_caches: 3
[470671.180386] tee (3563753): drop_caches: 3
[470675.321514] tee (3563760): drop_caches: 3
[470679.464735] tee (3563766): drop_caches: 3
[470683.600295] tee (3563774): drop_caches: 3
[470687.744135] tee (3563779): drop_caches: 3
[470691.885987] tee (3563784): drop_caches: 3
[470696.027252] tee (3563797): drop_caches: 3
[470700.201624] tee (3563802): drop_caches: 3
[470704.364313] tee (3563807): drop_caches: 3
[470708.510508] tee (3563812): drop_caches: 3
[470712.659699] tee (3563818): drop_caches: 3
[470716.797293] tee (3563826): drop_caches: 3
[470720.944300] tee (3563831): drop_caches: 3
[470725.091193] tee (3563844): drop_caches: 3
[470729.266778] tee (3563849): drop_caches: 3
[470733.417239] tee (3563854): drop_caches: 3
[470737.556344] tee (3563862): drop_caches: 3
[470741.703000] tee (3563867): drop_caches: 3
[470745.834385] tee (3563875): drop_caches: 3
[470749.993431] tee (3563880): drop_caches: 3
[470754.134427] tee (3563893): drop_caches: 3
[470758.281969] tee (3563898): drop_caches: 3
[470762.465370] tee (3563903): drop_caches: 3
[470766.625518] tee (3563908): drop_caches: 3
[470770.765263] tee (3563913): drop_caches: 3
[470774.893351] tee (3563922): drop_caches: 3
[470779.046727] tee (3563927): drop_caches: 3
[470783.186862] tee (3563940): drop_caches: 3
[470787.335167] tee (3563945): drop_caches: 3
[470791.507814] tee (3563953): drop_caches: 3
[470795.645311] tee (3563960): drop_caches: 3
[470799.783957] tee (3563966): drop_caches: 3
[470803.919234] tee (3563974): drop_caches: 3
[470808.068292] tee (3563979): drop_caches: 3
[470812.213847] tee (3563984): drop_caches: 3
[470816.362849] tee (3563997): drop_caches: 3
[470820.512337] tee (3564002): drop_caches: 3
[470824.678946] tee (3564007): drop_caches: 3
[470828.823055] tee (3564012): drop_caches: 3
[470832.975313] tee (3564018): drop_caches: 3
[470837.112797] tee (3564026): drop_caches: 3
[470841.278248] tee (3564031): drop_caches: 3
[470845.437318] tee (3564044): drop_caches: 3
[470849.585683] tee (3564049): drop_caches: 3
[470853.747466] tee (3564054): drop_caches: 3
[470857.899813] tee (3564062): drop_caches: 3
[470862.046262] tee (3564067): drop_caches: 3
[470866.187436] tee (3564075): drop_caches: 3
[470870.336730] tee (3564080): drop_caches: 3
[470874.482971] tee (3564093): drop_caches: 3
[470878.629638] tee (3564098): drop_caches: 3
[470882.771418] tee (3564103): drop_caches: 3
[470886.943950] tee (3564108): drop_caches: 3
[470891.082578] tee (3564113): drop_caches: 3
[470895.217728] tee (3564122): drop_caches: 3
[470899.365281] tee (3564127): drop_caches: 3
[470903.512531] tee (3564140): drop_caches: 3
[470907.653455] tee (3564145): drop_caches: 3
[470911.796070] tee (3564151): drop_caches: 3
[470915.937218] tee (3564163): drop_caches: 3
[470920.134707] tee (3564170): drop_caches: 3
[470924.270095] tee (3564178): drop_caches: 3
[470928.415799] tee (3564183): drop_caches: 3
[470932.561707] tee (3564188): drop_caches: 3
[470936.700756] tee (3564201): drop_caches: 3
[470940.850674] tee (3564206): drop_caches: 3
[470944.998856] tee (3564211): drop_caches: 3
[470949.175010] tee (3564216): drop_caches: 3
[470953.311882] tee (3564225): drop_caches: 3
[470957.457339] tee (3564230): drop_caches: 3
[470961.605499] tee (3564235): drop_caches: 3
[470965.747192] tee (3564248): drop_caches: 3
[470969.889933] tee (3564253): drop_caches: 3
[470974.040001] tee (3564258): drop_caches: 3
[470978.190880] tee (3564266): drop_caches: 3
[470982.377495] tee (3564271): drop_caches: 3
[470986.512578] tee (3564279): drop_caches: 3
[470990.661779] tee (3564284): drop_caches: 3
[470994.800218] tee (3564298): drop_caches: 3
[470998.942644] tee (3564303): drop_caches: 3
[471003.085264] tee (3564308): drop_caches: 3
[471007.232221] tee (3564313): drop_caches: 3
[471011.407450] tee (3564318): drop_caches: 3
[471015.552824] tee (3564327): drop_caches: 3
[471019.690148] tee (3564332): drop_caches: 3
[471023.829073] tee (3564345): drop_caches: 3
[471027.968480] tee (3564350): drop_caches: 3
[471032.115127] tee (3564355): drop_caches: 3
[471036.263363] tee (3564363): drop_caches: 3
[471040.412523] tee (3564368): drop_caches: 3
[471044.576463] tee (3564376): drop_caches: 3
[471048.722524] tee (3564381): drop_caches: 3
[471052.868188] tee (3564386): drop_caches: 3
[471057.024699] tee (3564399): drop_caches: 3
[471061.173618] tee (3564404): drop_caches: 3
[471065.323177] tee (3564409): drop_caches: 3
[471069.465359] tee (3564414): drop_caches: 3
[471073.623618] tee (3564423): drop_caches: 3
[471077.763329] tee (3564428): drop_caches: 3
[471081.919115] tee (3564433): drop_caches: 3
[471086.064848] tee (3564446): drop_caches: 3
[471090.228974] tee (3564451): drop_caches: 3
[471094.375662] tee (3564456): drop_caches: 3
[471098.524092] tee (3564464): drop_caches: 3
[471102.687356] tee (3564472): drop_caches: 3
[471106.847534] tee (3564480): drop_caches: 3
[471110.991327] tee (3564485): drop_caches: 3
[471115.130218] tee (3564498): drop_caches: 3
[471119.275920] tee (3564503): drop_caches: 3
[471123.426867] tee (3564508): drop_caches: 3
[471127.572908] tee (3564513): drop_caches: 3
[471131.715764] tee (3564518): drop_caches: 3
[471135.872391] tee (3564527): drop_caches: 3
[471140.030307] tee (3564532): drop_caches: 3
[471144.172287] tee (3564545): drop_caches: 3
[471148.317691] tee (3564550): drop_caches: 3
[471152.467886] tee (3564555): drop_caches: 3
[471156.617117] tee (3564563): drop_caches: 3
[471160.765096] tee (3564568): drop_caches: 3
[471164.918171] tee (3564576): drop_caches: 3
[471169.091377] tee (3564581): drop_caches: 3
[471173.228158] tee (3564594): drop_caches: 3
[471177.366952] tee (3564599): drop_caches: 3
[471181.514556] tee (3564605): drop_caches: 3
[471185.654308] tee (3564610): drop_caches: 3
[471189.808784] tee (3564615): drop_caches: 3
[471193.939991] tee (3564623): drop_caches: 3
[471198.113582] tee (3564629): drop_caches: 3
[471202.258692] tee (3564634): drop_caches: 3
[471206.403097] tee (3564647): drop_caches: 3
[471210.548338] tee (3564652): drop_caches: 3
[471214.695167] tee (3564663): drop_caches: 3
[471218.834750] tee (3564671): drop_caches: 3
[471222.988830] tee (3564678): drop_caches: 3
[471227.125715] tee (3564686): drop_caches: 3
[471231.298571] tee (3564691): drop_caches: 3
[471235.439948] tee (3564704): drop_caches: 3
[471239.604729] tee (3564709): drop_caches: 3
[471243.745271] tee (3564714): drop_caches: 3
[471247.884983] tee (3564719): drop_caches: 3
[471252.025726] tee (3564724): drop_caches: 3
[471256.161625] tee (3564733): drop_caches: 3
[471260.341403] tee (3564738): drop_caches: 3
[471264.479370] tee (3564751): drop_caches: 3
[471268.634398] tee (3564756): drop_caches: 3
[471272.779970] tee (3564761): drop_caches: 3
[471276.925781] tee (3564769): drop_caches: 3
[471281.071263] tee (3564774): drop_caches: 3
[471285.209062] tee (3564782): drop_caches: 3
[471289.360357] tee (3564787): drop_caches: 3
[471293.534007] tee (3564800): drop_caches: 3
[471297.673395] tee (3564805): drop_caches: 3
[471301.813258] tee (3564810): drop_caches: 3
[471305.953551] tee (3564815): drop_caches: 3
[471310.099709] tee (3564820): drop_caches: 3
[471314.236270] tee (3564828): drop_caches: 3
[471318.385345] tee (3564834): drop_caches: 3
[471322.561965] tee (3564839): drop_caches: 3
[471326.710297] tee (3564852): drop_caches: 3
[471330.848959] tee (3564857): drop_caches: 3
[471334.989970] tee (3564864): drop_caches: 3
[471339.149235] tee (3564870): drop_caches: 3
[471343.312574] tee (3564875): drop_caches: 3
[471347.449325] tee (3564883): drop_caches: 3
[471351.601105] tee (3564888): drop_caches: 3
[471355.770534] tee (3564901): drop_caches: 3
[471359.912097] tee (3564906): drop_caches: 3
[471364.057527] tee (3564911): drop_caches: 3
[471368.205297] tee (3564916): drop_caches: 3
[471372.350798] tee (3564921): drop_caches: 3
[471376.488754] tee (3564930): drop_caches: 3
[471380.637231] tee (3564935): drop_caches: 3
[471384.813973] tee (3564948): drop_caches: 3
[471388.946497] tee (3564956): drop_caches: 3
[471393.102110] tee (3564961): drop_caches: 3
[471397.247446] tee (3564969): drop_caches: 3
[471401.396567] tee (3564974): drop_caches: 3
[471405.529712] tee (3564982): drop_caches: 3
[471409.670774] tee (3564987): drop_caches: 3
[471413.810920] tee (3565000): drop_caches: 3
[471417.975519] tee (3565005): drop_caches: 3
[471422.113557] tee (3565010): drop_caches: 3
[471426.253256] tee (3565015): drop_caches: 3
[471430.399170] tee (3565020): drop_caches: 3
[471434.535958] tee (3565028): drop_caches: 3
[471438.674774] tee (3565034): drop_caches: 3
[471442.822278] tee (3565039): drop_caches: 3
[471446.975112] tee (3565052): drop_caches: 3
[471451.145258] tee (3565058): drop_caches: 3
[471455.291554] tee (3565064): drop_caches: 3
[471459.439138] tee (3565070): drop_caches: 3
[471463.585645] tee (3565075): drop_caches: 3
[471467.729362] tee (3565083): drop_caches: 3
[471471.867865] tee (3565088): drop_caches: 3
[471476.026110] tee (3565101): drop_caches: 3
[471480.206724] tee (3565106): drop_caches: 3
[471484.350509] tee (3565111): drop_caches: 3
[471488.504941] tee (3565116): drop_caches: 3
[471492.652380] tee (3565121): drop_caches: 3
[471496.782596] tee (3565129): drop_caches: 3
[471500.943899] tee (3565135): drop_caches: 3
[471505.085724] tee (3565148): drop_caches: 3
[471509.235180] tee (3565153): drop_caches: 3
[471513.410651] tee (3565158): drop_caches: 3
[471517.560884] tee (3565171): drop_caches: 3
[471521.700747] tee (3565178): drop_caches: 3
[471525.836783] tee (3565186): drop_caches: 3
[471529.977496] tee (3565191): drop_caches: 3
[471534.118798] tee (3565204): drop_caches: 3
[471538.266972] tee (3565209): drop_caches: 3
[471542.442697] tee (3565214): drop_caches: 3
[471546.588513] tee (3565219): drop_caches: 3
[471550.726423] tee (3565224): drop_caches: 3
[471554.856373] tee (3565232): drop_caches: 3
[471558.999946] tee (3565238): drop_caches: 3
[471563.143484] tee (3565243): drop_caches: 3
[471567.283995] tee (3565256): drop_caches: 3
[471571.430733] tee (3565266): drop_caches: 3
[471575.606745] tee (3565273): drop_caches: 3
[471579.749914] tee (3565279): drop_caches: 3
[471583.891702] tee (3565287): drop_caches: 3
[471588.016792] tee (3565296): drop_caches: 3
[471592.157516] tee (3565301): drop_caches: 3
[471596.301975] tee (3565320): drop_caches: 3
[471600.450040] tee (3565325): drop_caches: 3
[471604.625737] tee (3565330): drop_caches: 3
[471608.772705] tee (3565337): drop_caches: 3
[471612.915890] tee (3565342): drop_caches: 3
[471617.051173] tee (3565350): drop_caches: 3
[471621.201496] tee (3565356): drop_caches: 3
[471625.350151] tee (3565369): drop_caches: 3
[471629.497117] tee (3565374): drop_caches: 3
[471633.641129] tee (3565379): drop_caches: 3
[471637.807334] tee (3565387): drop_caches: 3
[471641.946212] tee (3565392): drop_caches: 3
[471646.074850] tee (3565401): drop_caches: 3
[471650.230482] tee (3565406): drop_caches: 3
[471654.378355] tee (3565419): drop_caches: 3
[471658.525585] tee (3565424): drop_caches: 3
[471662.666236] tee (3565429): drop_caches: 3
[471666.852243] tee (3565434): drop_caches: 3
[471671.012781] tee (3565439): drop_caches: 3
[471675.140035] tee (3565447): drop_caches: 3
[471679.280866] tee (3565453): drop_caches: 3
[471683.438694] tee (3565466): drop_caches: 3
[471687.586796] tee (3565471): drop_caches: 3
[471691.744744] tee (3565476): drop_caches: 3
[471695.885556] tee (3565486): drop_caches: 3
[471700.054334] tee (3565491): drop_caches: 3
[471704.196066] tee (3565498): drop_caches: 3
[471708.335920] tee (3565504): drop_caches: 3
[471712.482362] tee (3565509): drop_caches: 3
[471716.630461] tee (3565522): drop_caches: 3
[471720.778203] tee (3565527): drop_caches: 3
[471724.926259] tee (3565533): drop_caches: 3
[471729.101615] tee (3565538): drop_caches: 3
[471733.246909] tee (3565543): drop_caches: 3
[471737.379171] tee (3565551): drop_caches: 3
[471741.524652] tee (3565557): drop_caches: 3
[471745.660690] tee (3565570): drop_caches: 3
[471749.801016] tee (3565575): drop_caches: 3
[471753.943758] tee (3565580): drop_caches: 3
[471758.092370] tee (3565588): drop_caches: 3
[471762.258846] tee (3565593): drop_caches: 3
[471766.388254] tee (3565601): drop_caches: 3
[471770.527539] tee (3565606): drop_caches: 3
[471774.697794] tee (3565619): drop_caches: 3
[471778.843879] tee (3565624): drop_caches: 3
[471782.992642] tee (3565629): drop_caches: 3
[471787.139854] tee (3565634): drop_caches: 3
[471791.306937] tee (3565639): drop_caches: 3
[471795.448676] tee (3565647): drop_caches: 3
[471799.599058] tee (3565652): drop_caches: 3
[471803.737165] tee (3565666): drop_caches: 3
[471807.876228] tee (3565671): drop_caches: 3
[471812.021440] tee (3565676): drop_caches: 3
[471816.166796] tee (3565690): drop_caches: 3
[471820.313895] tee (3565697): drop_caches: 3
[471824.470956] tee (3565705): drop_caches: 3
[471828.611864] tee (3565710): drop_caches: 3
[471832.752057] tee (3565715): drop_caches: 3
[471836.898048] tee (3565728): drop_caches: 3
[471841.043536] tee (3565733): drop_caches: 3
[471845.190331] tee (3565738): drop_caches: 3
[471849.339882] tee (3565743): drop_caches: 3
[471853.515012] tee (3565748): drop_caches: 3
[471857.645566] tee (3565756): drop_caches: 3
[471861.783658] tee (3565762): drop_caches: 3
[471865.920776] tee (3565775): drop_caches: 3
[471870.061787] tee (3565780): drop_caches: 3
[471874.218362] tee (3565785): drop_caches: 3
[471878.364665] tee (3565793): drop_caches: 3
[471882.506326] tee (3565798): drop_caches: 3
[471886.668718] tee (3565806): drop_caches: 3
[471890.808601] tee (3565811): drop_caches: 3
[471894.955540] tee (3565824): drop_caches: 3
[471899.098687] tee (3565834): drop_caches: 3
[471903.246194] tee (3565839): drop_caches: 3
[471907.392896] tee (3565844): drop_caches: 3
[471911.538559] tee (3565851): drop_caches: 3
[471915.704572] tee (3565859): drop_caches: 3
[471919.846826] tee (3565864): drop_caches: 3
[471923.982991] tee (3565878): drop_caches: 3
[471928.121634] tee (3565883): drop_caches: 3
[471932.266779] tee (3565888): drop_caches: 3
[471936.410489] tee (3565896): drop_caches: 3
[471940.560028] tee (3565901): drop_caches: 3
[471944.692818] tee (3565909): drop_caches: 3
[471948.860504] tee (3565914): drop_caches: 3
[471953.005931] tee (3565919): drop_caches: 3
[471957.152130] tee (3565932): drop_caches: 3
[471961.296097] tee (3565937): drop_caches: 3
[471965.437430] tee (3565942): drop_caches: 3
[471969.604371] tee (3565947): drop_caches: 3
[471973.746725] tee (3565952): drop_caches: 3
[471977.884192] tee (3565960): drop_caches: 3
[471982.060457] tee (3565966): drop_caches: 3
[471986.206113] tee (3565979): drop_caches: 3
[471990.343102] tee (3565987): drop_caches: 3
[471994.506451] tee (3565993): drop_caches: 3
[471998.645471] tee (3566000): drop_caches: 3
[472002.789260] tee (3566005): drop_caches: 3
[472006.924070] tee (3566014): drop_caches: 3
[472011.099199] tee (3566019): drop_caches: 3
[472015.249319] tee (3566032): drop_caches: 3
[472019.396692] tee (3566037): drop_caches: 3
[472023.550268] tee (3566042): drop_caches: 3
[472027.694828] tee (3566047): drop_caches: 3
[472031.836219] tee (3566052): drop_caches: 3
[472035.973149] tee (3566060): drop_caches: 3
[472040.124530] tee (3566065): drop_caches: 3
[472044.305144] tee (3566079): drop_caches: 3
[472048.451639] tee (3566084): drop_caches: 3
[472052.597937] tee (3566089): drop_caches: 3
[472056.748215] tee (3566097): drop_caches: 3
[472060.887957] tee (3566102): drop_caches: 3
[472065.024083] tee (3566110): drop_caches: 3
[472069.173021] tee (3566115): drop_caches: 3
[472073.345296] tee (3566120): drop_caches: 3
[472077.486554] tee (3566133): drop_caches: 3
[472081.627752] tee (3566138): drop_caches: 3
[472085.766821] tee (3566143): drop_caches: 3
[472089.906604] tee (3566148): drop_caches: 3
[472094.063338] tee (3566153): drop_caches: 3
[472098.199142] tee (3566161): drop_caches: 3
[472102.348670] tee (3566166): drop_caches: 3
[472106.568217] tee (3566180): drop_caches: 3
[472110.706057] tee (3566186): drop_caches: 3
[472114.844615] tee (3566198): drop_caches: 3
[472118.985759] tee (3566204): drop_caches: 3
[472123.137267] tee (3566211): drop_caches: 3
[472127.277133] tee (3566219): drop_caches: 3
[472131.425798] tee (3566224): drop_caches: 3
[472135.616339] tee (3566237): drop_caches: 3
[472139.759509] tee (3566242): drop_caches: 3
[472143.902846] tee (3566247): drop_caches: 3
[472148.047463] tee (3566252): drop_caches: 3
[472152.192871] tee (3566257): drop_caches: 3
[472156.332220] tee (3566265): drop_caches: 3
[472160.472771] tee (3566270): drop_caches: 3
[472164.619823] tee (3566284): drop_caches: 3
[472168.794599] tee (3566289): drop_caches: 3
[472172.945107] tee (3566294): drop_caches: 3
[472177.084170] tee (3566302): drop_caches: 3
[472181.233141] tee (3566307): drop_caches: 3
[472185.376449] tee (3566315): drop_caches: 3
[472189.532942] tee (3566320): drop_caches: 3
[472193.678898] tee (3566333): drop_caches: 3
[472197.855825] tee (3566339): drop_caches: 3
[472202.001187] tee (3566344): drop_caches: 3
[472206.141747] tee (3566349): drop_caches: 3
[472210.287772] tee (3566354): drop_caches: 3
[472214.451576] tee (3566359): drop_caches: 3
[472218.587959] tee (3566367): drop_caches: 3
[472222.729513] tee (3566372): drop_caches: 3
[472226.882374] tee (3566386): drop_caches: 3
[472231.065145] tee (3566391): drop_caches: 3
[472235.214569] tee (3566398): drop_caches: 3
[472239.363465] tee (3566404): drop_caches: 3
[472243.509695] tee (3566409): drop_caches: 3
[472247.637743] tee (3566417): drop_caches: 3
[472251.783235] tee (3566422): drop_caches: 3
[472255.942371] tee (3566435): drop_caches: 3
[472260.136646] tee (3566440): drop_caches: 3
[472264.296915] tee (3566446): drop_caches: 3
[472268.444052] tee (3566451): drop_caches: 3
[472272.592106] tee (3566456): drop_caches: 3
[472276.770078] tee (3566464): drop_caches: 3
[472280.912194] tee (3566469): drop_caches: 3
[472285.053272] tee (3566483): drop_caches: 3
[472289.192576] tee (3566491): drop_caches: 3
[472293.366813] tee (3566496): drop_caches: 3
[472297.510848] tee (3566504): drop_caches: 3
[472301.649934] tee (3566509): drop_caches: 3
[472305.780993] tee (3566517): drop_caches: 3
[472309.923051] tee (3566522): drop_caches: 3
[472314.064291] tee (3566536): drop_caches: 3
[472318.213816] tee (3566541): drop_caches: 3
[472322.388680] tee (3566546): drop_caches: 3
[472326.511467] tee (3566551): drop_caches: 3
[472330.755918] tee (3566559): drop_caches: 3
[472330.795833] mix-mixV-fixed37-3401491 phase=E END
[472335.833230] mix-mixV-fixed37-3401491 phase=F START
[476336.095605] mix-mixV-fixed37-3401491 phase=F END
[476336.112063] mix-mixV-fixed37-3401491 phase=G START
[479526.558775] audit: type=1400 audit(1791320440.170:444): apparmor="DENIED" operation="open" class="file" profile="snap.firmware-updater.firmware-notifier" name="/proc/sys/vm/max_map_count" pid=3570417 comm="firmware-notifi" requested_mask="r" denied_mask="r" fsuid=1000 ouid=0
[480339.207740] mix-mixV-fixed37-3401491 phase=G chunk=1/1 done
[480339.973366] mix-mixV-fixed37-3401491 phase=G END
[480339.984039] mix-mixV-fixed37-3401491 phase=H START
[480339.996930] mix-mixV-fixed37-3401491 phase=H LOAD
[480363.217853] mix-mixV-fixed37-3401491 phase=H RUN
[480367.558335] tee (3571187): drop_caches: 3
[480371.685247] tee (3571193): drop_caches: 3
[480375.807188] tee (3571198): drop_caches: 3
[480379.928981] tee (3571203): drop_caches: 3
[480384.045503] tee (3571211): drop_caches: 3
[480388.164797] tee (3571227): drop_caches: 3
[480392.290197] tee (3571232): drop_caches: 3
[480396.514780] tee (3571243): drop_caches: 3
[480400.646538] tee (3571248): drop_caches: 3
[480404.781394] tee (3571253): drop_caches: 3
[480408.919777] tee (3571258): drop_caches: 3
[480413.045462] tee (3571266): drop_caches: 3
[480417.178808] tee (3571279): drop_caches: 3
[480421.301053] tee (3571284): drop_caches: 3
[480425.419361] tee (3571289): drop_caches: 3
[480429.629562] tee (3571294): drop_caches: 3
[480433.769790] tee (3571299): drop_caches: 3
[480437.907930] tee (3571304): drop_caches: 3
[480442.027941] tee (3571312): drop_caches: 3
[480446.156728] tee (3571325): drop_caches: 3
[480450.283107] tee (3571330): drop_caches: 3
[480454.396058] tee (3571336): drop_caches: 3
[480458.687413] tee (3571343): drop_caches: 3
[480462.816163] tee (3571348): drop_caches: 3
[480466.951878] tee (3571353): drop_caches: 3
[480471.083972] tee (3571358): drop_caches: 3
[480475.218023] tee (3571366): drop_caches: 3
[480479.349070] tee (3571379): drop_caches: 3
[480483.483004] tee (3571384): drop_caches: 3
[480487.606751] tee (3571389): drop_caches: 3
[480491.839741] tee (3571394): drop_caches: 3
[480495.973248] tee (3571399): drop_caches: 3
[480500.108020] tee (3571404): drop_caches: 3
[480504.236040] tee (3571412): drop_caches: 3
[480508.364559] tee (3571428): drop_caches: 3
[480512.492281] tee (3571433): drop_caches: 3
[480516.613057] tee (3571446): drop_caches: 3
[480520.733726] tee (3571453): drop_caches: 3
[480524.939583] tee (3571458): drop_caches: 3
[480529.080591] tee (3571463): drop_caches: 3
[480533.208508] tee (3571471): drop_caches: 3
[480537.338529] tee (3571484): drop_caches: 3
[480541.459474] tee (3571489): drop_caches: 3
[480545.573382] tee (3571494): drop_caches: 3
[480549.684447] tee (3571499): drop_caches: 3
[480553.928864] tee (3571504): drop_caches: 3
[480558.060009] tee (3571509): drop_caches: 3
[480562.182642] tee (3571517): drop_caches: 3
[480566.321176] tee (3571530): drop_caches: 3
[480570.450045] tee (3571535): drop_caches: 3
[480574.569948] tee (3571541): drop_caches: 3
[480578.692788] tee (3571548): drop_caches: 3
[480582.815662] tee (3571553): drop_caches: 3
[480587.025967] tee (3571558): drop_caches: 3
[480591.165927] tee (3571563): drop_caches: 3
[480595.287274] tee (3571572): drop_caches: 3
[480599.408448] tee (3571585): drop_caches: 3
[480603.527684] tee (3571590): drop_caches: 3
[480607.643204] tee (3571595): drop_caches: 3
[480611.754843] tee (3571600): drop_caches: 3
[480616.013014] tee (3571605): drop_caches: 3
[480620.140335] tee (3571610): drop_caches: 3
[480624.262848] tee (3571618): drop_caches: 3
[480628.403012] tee (3571631): drop_caches: 3
[480632.548521] tee (3571636): drop_caches: 3
[480636.678554] tee (3571644): drop_caches: 3
[480640.806457] tee (3571649): drop_caches: 3
[480644.927736] tee (3571654): drop_caches: 3
[480649.138010] tee (3571659): drop_caches: 3
[480653.267735] tee (3571667): drop_caches: 3
[480657.397138] tee (3571680): drop_caches: 3
[480661.525135] tee (3571685): drop_caches: 3
[480665.646400] tee (3571690): drop_caches: 3
[480669.767683] tee (3571696): drop_caches: 3
[480673.886855] tee (3571701): drop_caches: 3
[480678.162130] tee (3571706): drop_caches: 3
[480682.275050] tee (3571714): drop_caches: 3
[480686.403109] tee (3571727): drop_caches: 3
[480690.539985] tee (3571732): drop_caches: 3
[480694.668206] tee (3571740): drop_caches: 3
[480698.793523] tee (3571748): drop_caches: 3
[480702.923039] tee (3571753): drop_caches: 3
[480707.045634] tee (3571758): drop_caches: 3
[480711.265124] tee (3571763): drop_caches: 3
[480715.397533] tee (3571771): drop_caches: 3
[480719.526921] tee (3571784): drop_caches: 3
[480723.656493] tee (3571789): drop_caches: 3
[480727.778104] tee (3571794): drop_caches: 3
[480731.903147] tee (3571799): drop_caches: 3
[480736.024584] tee (3571804): drop_caches: 3
[480740.313036] tee (3571809): drop_caches: 3
[480744.424258] tee (3571817): drop_caches: 3
[480748.551662] tee (3571830): drop_caches: 3
[480752.690361] tee (3571835): drop_caches: 3
[480756.829313] tee (3571843): drop_caches: 3
[480760.973331] tee (3571848): drop_caches: 3
[480765.104886] tee (3571853): drop_caches: 3
[480769.229168] tee (3571858): drop_caches: 3
[480773.468407] tee (3571866): drop_caches: 3
[480777.600463] tee (3571879): drop_caches: 3
[480781.740553] tee (3571884): drop_caches: 3
[480785.872037] tee (3571889): drop_caches: 3
[480790.002529] tee (3571894): drop_caches: 3
[480794.127747] tee (3571899): drop_caches: 3
[480798.248561] tee (3571904): drop_caches: 3
[480802.524056] tee (3571912): drop_caches: 3
[480806.656087] tee (3571925): drop_caches: 3
[480810.789203] tee (3571930): drop_caches: 3
[480814.917913] tee (3571943): drop_caches: 3
[480819.063491] tee (3571949): drop_caches: 3
[480823.201537] tee (3571956): drop_caches: 3
[480827.326082] tee (3571961): drop_caches: 3
[480831.444585] tee (3571966): drop_caches: 3
[480835.660011] tee (3571982): drop_caches: 3
[480839.791448] tee (3571987): drop_caches: 3
[480843.931476] tee (3571992): drop_caches: 3
[480848.073243] tee (3571997): drop_caches: 3
[480852.206657] tee (3572002): drop_caches: 3
[480856.325364] tee (3572007): drop_caches: 3
[480860.440924] tee (3572012): drop_caches: 3
[480864.630916] tee (3572020): drop_caches: 3
[480868.832526] tee (3572033): drop_caches: 3
[480872.973343] tee (3572038): drop_caches: 3
[480877.116893] tee (3572046): drop_caches: 3
[480881.256266] tee (3572051): drop_caches: 3
[480885.382156] tee (3572056): drop_caches: 3
[480889.501484] tee (3572061): drop_caches: 3
[480893.613196] tee (3572069): drop_caches: 3
[480897.866000] tee (3572082): drop_caches: 3
[480902.004255] tee (3572087): drop_caches: 3
[480906.145434] tee (3572092): drop_caches: 3
[480910.286795] tee (3572097): drop_caches: 3
[480914.415471] tee (3572102): drop_caches: 3
[480918.536715] tee (3572107): drop_caches: 3
[480922.641451] tee (3572115): drop_caches: 3
[480926.753256] tee (3572128): drop_caches: 3
[480930.955170] tee (3572133): drop_caches: 3
[480935.094290] tee (3572140): drop_caches: 3
[480939.233064] tee (3572146): drop_caches: 3
[480943.358015] tee (3572151): drop_caches: 3
[480947.478105] tee (3572156): drop_caches: 3
[480951.591635] tee (3572161): drop_caches: 3
[480955.697640] tee (3572177): drop_caches: 3
[480959.936900] tee (3572182): drop_caches: 3
[480964.074357] tee (3572187): drop_caches: 3
[480968.216140] tee (3572192): drop_caches: 3
[480972.349024] tee (3572197): drop_caches: 3
[480976.484046] tee (3572202): drop_caches: 3
[480980.605066] tee (3572207): drop_caches: 3
[480984.711722] tee (3572215): drop_caches: 3
[480988.824895] tee (3572233): drop_caches: 3
[480993.028566] tee (3572238): drop_caches: 3
[480997.167707] tee (3572246): drop_caches: 3
[481001.299360] tee (3572251): drop_caches: 3
[481005.424517] tee (3572256): drop_caches: 3
[481009.543390] tee (3572261): drop_caches: 3
[481013.646978] tee (3572269): drop_caches: 3
[481017.763414] tee (3572282): drop_caches: 3
[481022.024820] tee (3572288): drop_caches: 3
[481026.167537] tee (3572293): drop_caches: 3
[481030.305401] tee (3572298): drop_caches: 3
[481034.437594] tee (3572303): drop_caches: 3
[481038.568479] tee (3572308): drop_caches: 3
[481042.681229] tee (3572316): drop_caches: 3
[481046.798538] tee (3572329): drop_caches: 3
[481050.919229] tee (3572334): drop_caches: 3
[481055.123731] tee (3572341): drop_caches: 3
[481059.272677] tee (3572347): drop_caches: 3
[481063.404336] tee (3572352): drop_caches: 3
[481067.532069] tee (3572357): drop_caches: 3
[481071.652598] tee (3572362): drop_caches: 3
[481075.759669] tee (3572378): drop_caches: 3
[481079.873702] tee (3572383): drop_caches: 3
[481084.140078] tee (3572388): drop_caches: 3
[481088.274399] tee (3572393): drop_caches: 3
[481092.410758] tee (3572398): drop_caches: 3
[481096.548116] tee (3572403): drop_caches: 3
[481100.684451] tee (3572408): drop_caches: 3
[481104.801214] tee (3572416): drop_caches: 3
[481108.919654] tee (3572429): drop_caches: 3
[481113.039915] tee (3572434): drop_caches: 3
[481117.266241] tee (3572447): drop_caches: 3
[481121.403183] tee (3572454): drop_caches: 3
[481125.539394] tee (3572459): drop_caches: 3
[481129.674593] tee (3572464): drop_caches: 3
[481133.789850] tee (3572472): drop_caches: 3
[481137.915455] tee (3572485): drop_caches: 3
[481142.044774] tee (3572490): drop_caches: 3
[481146.328997] tee (3572495): drop_caches: 3
[481150.451438] tee (3572500): drop_caches: 3
[481154.579429] tee (3572505): drop_caches: 3
[481158.718349] tee (3572510): drop_caches: 3
[481162.837874] tee (3572518): drop_caches: 3
[481166.966829] tee (3572531): drop_caches: 3
[481171.092262] tee (3572536): drop_caches: 3
[481175.214154] tee (3572543): drop_caches: 3
[481179.434935] tee (3572549): drop_caches: 3
[481183.580889] tee (3572554): drop_caches: 3
[481187.734607] tee (3572559): drop_caches: 3
[481191.863411] tee (3572564): drop_caches: 3
[481195.985002] tee (3572581): drop_caches: 3
[481200.113237] tee (3572586): drop_caches: 3
[481204.232769] tee (3572591): drop_caches: 3
[481208.521074] tee (3572596): drop_caches: 3
[481212.652343] tee (3572602): drop_caches: 3
[481216.787820] tee (3572607): drop_caches: 3
[481220.923167] tee (3572612): drop_caches: 3
[481225.045114] tee (3572620): drop_caches: 3
[481229.173935] tee (3572633): drop_caches: 3
[481233.304272] tee (3572638): drop_caches: 3
[481237.421666] tee (3572646): drop_caches: 3
[481241.644196] tee (3572651): drop_caches: 3
[481245.798516] tee (3572656): drop_caches: 3
[481249.938020] tee (3572661): drop_caches: 3
[481254.067190] tee (3572669): drop_caches: 3
[481258.201531] tee (3572682): drop_caches: 3
[481262.328545] tee (3572687): drop_caches: 3
[481266.443477] tee (3572692): drop_caches: 3
[481270.617437] tee (3572697): drop_caches: 3
[481274.820948] tee (3572702): drop_caches: 3
[481278.959626] tee (3572707): drop_caches: 3
[481283.081458] tee (3572715): drop_caches: 3
[481287.209293] tee (3572731): drop_caches: 3
[481291.333302] tee (3572736): drop_caches: 3
[481295.451676] tee (3572743): drop_caches: 3
[481299.566339] tee (3572749): drop_caches: 3
[481303.800578] tee (3572754): drop_caches: 3
[481307.935871] tee (3572759): drop_caches: 3
[481312.072525] tee (3572764): drop_caches: 3
[481316.199076] tee (3572780): drop_caches: 3
[481320.337413] tee (3572785): drop_caches: 3
[481324.457387] tee (3572790): drop_caches: 3
[481328.581317] tee (3572795): drop_caches: 3
[481332.699747] tee (3572800): drop_caches: 3
[481336.894294] tee (3572805): drop_caches: 3
[481341.035432] tee (3572810): drop_caches: 3
[481345.156347] tee (3572818): drop_caches: 3
[481349.281924] tee (3572831): drop_caches: 3
[481353.401655] tee (3572836): drop_caches: 3
[481357.518114] tee (3572844): drop_caches: 3
[481361.633922] tee (3572849): drop_caches: 3
[481365.880610] tee (3572854): drop_caches: 3
[481370.020660] tee (3572859): drop_caches: 3
[481374.143899] tee (3572867): drop_caches: 3
[481378.275254] tee (3572880): drop_caches: 3
[481382.401973] tee (3572885): drop_caches: 3
[481386.533428] tee (3572890): drop_caches: 3
[481390.652220] tee (3572895): drop_caches: 3
[481394.771940] tee (3572900): drop_caches: 3
[481398.976883] tee (3572905): drop_caches: 3
[481403.101080] tee (3572913): drop_caches: 3
[481407.230185] tee (3572926): drop_caches: 3
[481411.355106] tee (3572931): drop_caches: 3
[481415.471840] tee (3572944): drop_caches: 3
[481419.590824] tee (3572952): drop_caches: 3
[481423.704555] tee (3572957): drop_caches: 3
[481427.966611] tee (3572962): drop_caches: 3
[481432.095585] tee (3572968): drop_caches: 3
[481436.221457] tee (3572984): drop_caches: 3
[481440.372578] tee (3572989): drop_caches: 3
[481444.511214] tee (3572994): drop_caches: 3
[481448.649924] tee (3572999): drop_caches: 3
[481452.786610] tee (3573004): drop_caches: 3
[481456.908388] tee (3573009): drop_caches: 3
[481461.118775] tee (3573014): drop_caches: 3
[481465.245633] tee (3573022): drop_caches: 3
[481469.376013] tee (3573035): drop_caches: 3
[481473.503220] tee (3573040): drop_caches: 3
[481477.625005] tee (3573048): drop_caches: 3
[481481.748259] tee (3573053): drop_caches: 3
[481485.870761] tee (3573058): drop_caches: 3
[481490.130299] tee (3573063): drop_caches: 3
[481494.264748] tee (3573071): drop_caches: 3
[481498.394230] tee (3573084): drop_caches: 3
[481502.527882] tee (3573089): drop_caches: 3
[481506.658953] tee (3573094): drop_caches: 3
[481510.792872] tee (3573099): drop_caches: 3
[481514.924024] tee (3573104): drop_caches: 3
[481519.053358] tee (3573109): drop_caches: 3
[481523.254610] tee (3573117): drop_caches: 3
[481527.386706] tee (3573130): drop_caches: 3
[481531.520360] tee (3573135): drop_caches: 3
[481535.655277] tee (3573143): drop_caches: 3
[481539.789961] tee (3573148): drop_caches: 3
[481543.912836] tee (3573153): drop_caches: 3
[481548.034456] tee (3573158): drop_caches: 3
[481552.306834] tee (3573163): drop_caches: 3
[481556.419401] tee (3573179): drop_caches: 3
[481560.547358] tee (3573184): drop_caches: 3
[481564.685347] tee (3573189): drop_caches: 3
[481568.819891] tee (3573194): drop_caches: 3
[481572.957954] tee (3573199): drop_caches: 3
[481577.089010] tee (3573204): drop_caches: 3
[481581.212911] tee (3573209): drop_caches: 3
[481585.419933] tee (3573217): drop_caches: 3
[481589.547257] tee (3573233): drop_caches: 3
[481593.687173] tee (3573238): drop_caches: 3
[481597.823344] tee (3573246): drop_caches: 3
[481601.954800] tee (3573251): drop_caches: 3
[481606.078980] tee (3573256): drop_caches: 3
[481610.203109] tee (3573261): drop_caches: 3
[481614.501949] tee (3573269): drop_caches: 3
[481618.637184] tee (3573282): drop_caches: 3
[481622.771170] tee (3573287): drop_caches: 3
[481626.908221] tee (3573292): drop_caches: 3
[481631.049624] tee (3573297): drop_caches: 3
[481635.187470] tee (3573302): drop_caches: 3
[481639.314484] tee (3573307): drop_caches: 3
[481643.422979] tee (3573315): drop_caches: 3
[481647.645382] tee (3573328): drop_caches: 3
[481651.782666] tee (3573333): drop_caches: 3
[481655.921272] tee (3573342): drop_caches: 3
[481660.059643] tee (3573347): drop_caches: 3
[481664.190523] tee (3573352): drop_caches: 3
[481668.308153] tee (3573357): drop_caches: 3
[481672.421929] tee (3573362): drop_caches: 3
[481676.570388] tee (3573378): drop_caches: 3
[481680.781229] tee (3573383): drop_caches: 3
[481684.921164] tee (3573388): drop_caches: 3
[481689.061510] tee (3573393): drop_caches: 3
[481693.195779] tee (3573398): drop_caches: 3
[481697.320985] tee (3573403): drop_caches: 3
[481701.442234] tee (3573408): drop_caches: 3
[481705.547673] tee (3573416): drop_caches: 3
[481709.776003] tee (3573429): drop_caches: 3
[481713.913655] tee (3573439): drop_caches: 3
[481718.053851] tee (3573447): drop_caches: 3
[481722.186220] tee (3573454): drop_caches: 3
[481726.311040] tee (3573459): drop_caches: 3
[481730.459491] tee (3573464): drop_caches: 3
[481734.566361] tee (3573472): drop_caches: 3
[481738.684853] tee (3573485): drop_caches: 3
[481742.886577] tee (3573490): drop_caches: 3
[481747.027994] tee (3573495): drop_caches: 3
[481751.164686] tee (3573500): drop_caches: 3
[481755.295742] tee (3573506): drop_caches: 3
[481759.413250] tee (3573511): drop_caches: 3
[481763.516447] tee (3573519): drop_caches: 3
[481767.628437] tee (3573532): drop_caches: 3
[481771.871076] tee (3573537): drop_caches: 3
[481776.000189] tee (3573545): drop_caches: 3
[481780.139287] tee (3573550): drop_caches: 3
[481784.284502] tee (3573555): drop_caches: 3
[481788.416999] tee (3573560): drop_caches: 3
[481792.542781] tee (3573565): drop_caches: 3
[481796.656380] tee (3573582): drop_caches: 3
[481800.771117] tee (3573587): drop_caches: 3
[481804.980784] tee (3573592): drop_caches: 3
[481809.119293] tee (3573597): drop_caches: 3
[481813.256219] tee (3573603): drop_caches: 3
[481817.381250] tee (3573608): drop_caches: 3
[481821.499595] tee (3573613): drop_caches: 3
[481825.604415] tee (3573621): drop_caches: 3
[481829.714083] tee (3573634): drop_caches: 3
[481833.965702] tee (3573639): drop_caches: 3
[481838.092623] tee (3573647): drop_caches: 3
[481842.228972] tee (3573652): drop_caches: 3
[481846.361468] tee (3573658): drop_caches: 3
[481850.493372] tee (3573663): drop_caches: 3
[481854.628173] tee (3573671): drop_caches: 3
[481858.755550] tee (3573684): drop_caches: 3
[481862.881030] tee (3573689): drop_caches: 3
[481867.093132] tee (3573694): drop_caches: 3
[481871.234327] tee (3573699): drop_caches: 3
[481875.366063] tee (3573704): drop_caches: 3
[481879.497918] tee (3573709): drop_caches: 3
[481883.606542] tee (3573717): drop_caches: 3
[481887.722327] tee (3573730): drop_caches: 3
[481891.841570] tee (3573735): drop_caches: 3
[481896.103361] tee (3573743): drop_caches: 3
[481900.238537] tee (3573748): drop_caches: 3
[481904.373601] tee (3573753): drop_caches: 3
[481908.505674] tee (3573762): drop_caches: 3
[481912.637751] tee (3573767): drop_caches: 3
[481916.759312] tee (3573783): drop_caches: 3
[481920.880831] tee (3573788): drop_caches: 3
[481925.003709] tee (3573793): drop_caches: 3
[481929.222704] tee (3573798): drop_caches: 3
[481933.364829] tee (3573803): drop_caches: 3
[481937.507628] tee (3573808): drop_caches: 3
[481941.635134] tee (3573813): drop_caches: 3
[481945.748468] tee (3573821): drop_caches: 3
[481949.866333] tee (3573834): drop_caches: 3
[481953.987482] tee (3573839): drop_caches: 3
[481958.267904] tee (3573847): drop_caches: 3
[481962.403605] tee (3573852): drop_caches: 3
[481966.534722] tee (3573857): drop_caches: 3
[481970.675281] tee (3573863): drop_caches: 3
[481974.802028] tee (3573871): drop_caches: 3
[481978.936159] tee (3573884): drop_caches: 3
[481983.065737] tee (3573889): drop_caches: 3
[481987.193719] tee (3573894): drop_caches: 3
[481991.414491] tee (3573899): drop_caches: 3
[481995.545516] tee (3573904): drop_caches: 3
[481999.688782] tee (3573909): drop_caches: 3
[482003.808332] tee (3573917): drop_caches: 3
[482007.932627] tee (3573930): drop_caches: 3
[482012.058250] tee (3573935): drop_caches: 3
[482016.170662] tee (3573949): drop_caches: 3
[482020.506239] tee (3573956): drop_caches: 3
[482024.641082] tee (3573961): drop_caches: 3
[482028.766593] tee (3573966): drop_caches: 3
[482032.896753] tee (3573971): drop_caches: 3
[482037.020682] tee (3573987): drop_caches: 3
[482041.157070] tee (3573992): drop_caches: 3
[482045.286465] tee (3573997): drop_caches: 3
[482049.410703] tee (3574002): drop_caches: 3
[482053.636173] tee (3574007): drop_caches: 3
[482057.770626] tee (3574012): drop_caches: 3
[482061.904094] tee (3574017): drop_caches: 3
[482066.023414] tee (3574033): drop_caches: 3
[482070.155373] tee (3574038): drop_caches: 3
[482074.280900] tee (3574043): drop_caches: 3
[482078.394852] tee (3574051): drop_caches: 3
[482082.545077] tee (3574056): drop_caches: 3
[482086.758858] tee (3574061): drop_caches: 3
[482090.896849] tee (3574126): drop_caches: 3
[482095.017597] tee (3574134): drop_caches: 3
[482099.145042] tee (3574147): drop_caches: 3
[482103.271457] tee (3574152): drop_caches: 3
[482107.389940] tee (3574157): drop_caches: 3
[482111.504872] tee (3574162): drop_caches: 3
[482115.750907] tee (3574167): drop_caches: 3
[482119.885567] tee (3574172): drop_caches: 3
[482124.010442] tee (3574180): drop_caches: 3
[482128.143049] tee (3574193): drop_caches: 3
[482132.274950] tee (3574198): drop_caches: 3
[482136.401205] tee (3574206): drop_caches: 3
[482140.525584] tee (3574211): drop_caches: 3
[482144.683376] tee (3574216): drop_caches: 3
[482148.896847] tee (3574221): drop_caches: 3
[482153.029396] tee (3574227): drop_caches: 3
[482157.154932] tee (3574243): drop_caches: 3
[482161.283775] tee (3574248): drop_caches: 3
[482165.405971] tee (3574253): drop_caches: 3
[482169.520283] tee (3574258): drop_caches: 3
[482173.646706] tee (3574263): drop_caches: 3
[482177.895966] tee (3574268): drop_caches: 3
[482182.024194] tee (3574273): drop_caches: 3
[482186.148360] tee (3574289): drop_caches: 3
[482190.279899] tee (3574297): drop_caches: 3
[482194.408284] tee (3574302): drop_caches: 3
[482198.533840] tee (3574310): drop_caches: 3
[482202.658388] tee (3574315): drop_caches: 3
[482206.782069] tee (3574320): drop_caches: 3
[482210.986649] tee (3574326): drop_caches: 3
[482215.115749] tee (3574334): drop_caches: 3
[482219.250565] tee (3574348): drop_caches: 3
[482223.375808] tee (3574353): drop_caches: 3
[482227.494636] tee (3574358): drop_caches: 3
[482231.617506] tee (3574363): drop_caches: 3
[482235.736845] tee (3574368): drop_caches: 3
[482239.993235] tee (3574374): drop_caches: 3
[482244.109756] tee (3574382): drop_caches: 3
[482248.240728] tee (3574395): drop_caches: 3
[482252.374048] tee (3574400): drop_caches: 3
[482256.512374] tee (3574408): drop_caches: 3
[482260.645444] tee (3574413): drop_caches: 3
[482264.770148] tee (3574418): drop_caches: 3
[482268.885871] tee (3574423): drop_caches: 3
[482273.089912] tee (3574429): drop_caches: 3
[482277.233032] tee (3574445): drop_caches: 3
[482281.365892] tee (3574450): drop_caches: 3
[482285.492984] tee (3574455): drop_caches: 3
[482289.614277] tee (3574460): drop_caches: 3
[482293.738544] tee (3574465): drop_caches: 3
[482297.889999] tee (3574471): drop_caches: 3
[482302.158261] tee (3574476): drop_caches: 3
[482306.272101] tee (3574492): drop_caches: 3
[482310.404043] tee (3574497): drop_caches: 3
[482314.540947] tee (3574507): drop_caches: 3
[482318.678933] tee (3574515): drop_caches: 3
[482322.830468] tee (3574522): drop_caches: 3
[482326.960842] tee (3574527): drop_caches: 3
[482331.076666] tee (3574533): drop_caches: 3
[482335.281725] tee (3574541): drop_caches: 3
[482339.414690] tee (3574554): drop_caches: 3
[482343.547798] tee (3574559): drop_caches: 3
[482347.681196] tee (3574564): drop_caches: 3
[482351.813379] tee (3574569): drop_caches: 3
[482355.937046] tee (3574574): drop_caches: 3
[482360.049397] tee (3574579): drop_caches: 3
[482364.354714] tee (3574585): drop_caches: 3
[482368.477269] tee (3574600): drop_caches: 3
[482372.613703] tee (3574605): drop_caches: 3
[482376.751551] tee (3574613): drop_caches: 3
[482380.916725] tee (3574618): drop_caches: 3
[482385.052826] tee (3574623): drop_caches: 3
[482389.175929] tee (3574628): drop_caches: 3
[482393.299042] tee (3574634): drop_caches: 3
[482397.505027] tee (3574656): drop_caches: 3
[482401.645684] tee (3574661): drop_caches: 3
[482405.779023] tee (3574668): drop_caches: 3
[482409.914294] tee (3574673): drop_caches: 3
[482414.045067] tee (3574678): drop_caches: 3
[482418.169041] tee (3574683): drop_caches: 3
[482422.289886] tee (3574688): drop_caches: 3
[482426.573872] tee (3574704): drop_caches: 3
[482430.700916] tee (3574709): drop_caches: 3
[482434.832130] tee (3574714): drop_caches: 3
[482438.969656] tee (3574722): drop_caches: 3
[482443.113001] tee (3574727): drop_caches: 3
[482447.256282] tee (3574732): drop_caches: 3
[482451.381602] tee (3574737): drop_caches: 3
[482455.490329] tee (3574746): drop_caches: 3
[482459.716185] tee (3574759): drop_caches: 3
[482463.856663] tee (3574764): drop_caches: 3
[482467.997598] tee (3574769): drop_caches: 3
[482472.133938] tee (3574774): drop_caches: 3
[482476.266659] tee (3574779): drop_caches: 3
[482480.392316] tee (3574784): drop_caches: 3
[482484.535139] tee (3574792): drop_caches: 3
[482488.779422] tee (3574805): drop_caches: 3
[482492.953505] tee (3574810): drop_caches: 3
[482497.085424] tee (3574821): drop_caches: 3
[482501.224085] tee (3574826): drop_caches: 3
[482505.355882] tee (3574831): drop_caches: 3
[482509.493848] tee (3574836): drop_caches: 3
[482513.622239] tee (3574842): drop_caches: 3
[482517.740989] tee (3574858): drop_caches: 3
[482521.971190] tee (3574863): drop_caches: 3
[482526.104457] tee (3574868): drop_caches: 3
[482530.244563] tee (3574873): drop_caches: 3
[482534.373552] tee (3574878): drop_caches: 3
[482538.501264] tee (3574883): drop_caches: 3
[482542.621620] tee (3574888): drop_caches: 3
[482546.726614] tee (3574904): drop_caches: 3
[482550.846324] tee (3574909): drop_caches: 3
[482555.039563] tee (3574916): drop_caches: 3
[482559.179074] tee (3574922): drop_caches: 3
[482563.312102] tee (3574927): drop_caches: 3
[482567.438792] tee (3574932): drop_caches: 3
[482571.560756] tee (3574937): drop_caches: 3
[482575.669658] tee (3574945): drop_caches: 3
[482579.786682] tee (3574958): drop_caches: 3
[482584.027808] tee (3574963): drop_caches: 3
[482588.166159] tee (3574968): drop_caches: 3
[482592.305329] tee (3574973): drop_caches: 3
[482596.438570] tee (3574978): drop_caches: 3
[482600.568506] tee (3574983): drop_caches: 3
[482604.678089] tee (3574991): drop_caches: 3
[482608.793253] tee (3575004): drop_caches: 3
[482612.912204] tee (3575009): drop_caches: 3
[482617.112840] tee (3575023): drop_caches: 3
[482621.254852] tee (3575030): drop_caches: 3
[482625.384985] tee (3575035): drop_caches: 3
[482629.511225] tee (3575040): drop_caches: 3
[482633.637277] tee (3575046): drop_caches: 3
[482637.756435] tee (3575062): drop_caches: 3
[482641.875148] tee (3575067): drop_caches: 3
[482646.121697] tee (3575072): drop_caches: 3
[482650.256433] tee (3575077): drop_caches: 3
[482654.389463] tee (3575082): drop_caches: 3
[482658.525533] tee (3575087): drop_caches: 3
[482662.654529] tee (3575092): drop_caches: 3
[482666.767770] tee (3575108): drop_caches: 3
[482670.887863] tee (3575113): drop_caches: 3
[482675.000010] tee (3575120): drop_caches: 3
[482679.211485] tee (3575126): drop_caches: 3
[482683.345159] tee (3575131): drop_caches: 3
[482687.479708] tee (3575136): drop_caches: 3
[482691.611966] tee (3575141): drop_caches: 3
[482695.730691] tee (3575150): drop_caches: 3
[482699.851237] tee (3575163): drop_caches: 3
[482703.969906] tee (3575168): drop_caches: 3
[482708.242333] tee (3575173): drop_caches: 3
[482712.368479] tee (3575178): drop_caches: 3
[482716.498184] tee (3575183): drop_caches: 3
[482720.641498] tee (3575188): drop_caches: 3
[482724.762074] tee (3575196): drop_caches: 3
[482728.886527] tee (3575209): drop_caches: 3
[482733.005718] tee (3575214): drop_caches: 3
[482737.126207] tee (3575222): drop_caches: 3
[482741.340639] tee (3575228): drop_caches: 3
[482745.475380] tee (3575233): drop_caches: 3
[482749.611377] tee (3575238): drop_caches: 3
[482753.749514] tee (3575243): drop_caches: 3
[482757.867798] tee (3575260): drop_caches: 3
[482761.989842] tee (3575265): drop_caches: 3
[482766.102442] tee (3575270): drop_caches: 3
[482770.407873] tee (3575275): drop_caches: 3
[482774.532770] tee (3575280): drop_caches: 3
[482778.668008] tee (3575285): drop_caches: 3
[482782.809237] tee (3575290): drop_caches: 3
[482786.932301] tee (3575306): drop_caches: 3
[482791.056441] tee (3575314): drop_caches: 3
[482795.185679] tee (3575321): drop_caches: 3
[482799.302979] tee (3575327): drop_caches: 3
[482803.519462] tee (3575332): drop_caches: 3
[482807.660109] tee (3575337): drop_caches: 3
[482811.805929] tee (3575342): drop_caches: 3
[482815.923479] tee (3575351): drop_caches: 3
[482820.045202] tee (3575364): drop_caches: 3
[482824.170774] tee (3575369): drop_caches: 3
[482828.292743] tee (3575374): drop_caches: 3
[482832.593410] tee (3575379): drop_caches: 3
[482836.721016] tee (3575385): drop_caches: 3
[482840.858881] tee (3575390): drop_caches: 3
[482844.978588] tee (3575398): drop_caches: 3
[482849.112616] tee (3575411): drop_caches: 3
[482853.243644] tee (3575416): drop_caches: 3
[482857.369008] tee (3575424): drop_caches: 3
[482861.487995] tee (3575429): drop_caches: 3
[482865.708544] tee (3575434): drop_caches: 3
[482869.848505] tee (3575439): drop_caches: 3
[482873.989214] tee (3575444): drop_caches: 3
[482878.115595] tee (3575461): drop_caches: 3
[482882.246382] tee (3575466): drop_caches: 3
[482886.364941] tee (3575471): drop_caches: 3
[482890.483350] tee (3575476): drop_caches: 3
[482894.691464] tee (3575481): drop_caches: 3
[482898.878666] tee (3575486): drop_caches: 3
[482903.007817] tee (3575491): drop_caches: 3
[482907.131733] tee (3575507): drop_caches: 3
[482911.264218] tee (3575512): drop_caches: 3
[482915.394514] tee (3575524): drop_caches: 3
[482919.519985] tee (3575532): drop_caches: 3
[482923.637180] tee (3575537): drop_caches: 3
[482927.948986] tee (3575542): drop_caches: 3
[482932.089515] tee (3575547): drop_caches: 3
[482936.214112] tee (3575556): drop_caches: 3
[482940.350367] tee (3575569): drop_caches: 3
[482944.485280] tee (3575574): drop_caches: 3
[482948.606901] tee (3575579): drop_caches: 3
[482952.729955] tee (3575584): drop_caches: 3
[482956.849703] tee (3575589): drop_caches: 3
[482961.051641] tee (3575594): drop_caches: 3
[482965.172890] tee (3575602): drop_caches: 3
[482969.310197] tee (3575615): drop_caches: 3
[482973.439356] tee (3575620): drop_caches: 3
[482977.558881] tee (3575628): drop_caches: 3
[482981.679312] tee (3575633): drop_caches: 3
[482985.791540] tee (3575638): drop_caches: 3
[482990.032962] tee (3575643): drop_caches: 3
[482994.170958] tee (3575649): drop_caches: 3
[482998.299618] tee (3575666): drop_caches: 3
[483002.432626] tee (3575671): drop_caches: 3
[483006.562019] tee (3575676): drop_caches: 3
[483010.691037] tee (3575681): drop_caches: 3
[483014.818726] tee (3575686): drop_caches: 3
[483018.938693] tee (3575691): drop_caches: 3
[483023.141863] tee (3575696): drop_caches: 3
[483027.263441] tee (3575712): drop_caches: 3
[483031.394953] tee (3575717): drop_caches: 3
[483035.520490] tee (3575725): drop_caches: 3
[483039.650921] tee (3575730): drop_caches: 3
[483043.767856] tee (3575735): drop_caches: 3
[483047.885189] tee (3575740): drop_caches: 3
[483052.137812] tee (3575745): drop_caches: 3
[483056.261934] tee (3575753): drop_caches: 3
[483060.399306] tee (3575767): drop_caches: 3
[483064.541361] tee (3575772): drop_caches: 3
[483068.675521] tee (3575777): drop_caches: 3
[483072.806315] tee (3575782): drop_caches: 3
[483076.923611] tee (3575787): drop_caches: 3
[483081.045464] tee (3575792): drop_caches: 3
[483085.258138] tee (3575798): drop_caches: 3
[483089.392257] tee (3575813): drop_caches: 3
[483093.525165] tee (3575818): drop_caches: 3
[483097.656019] tee (3575826): drop_caches: 3
[483101.782385] tee (3575831): drop_caches: 3
[483105.903874] tee (3575836): drop_caches: 3
[483110.013485] tee (3575845): drop_caches: 3
[483114.277187] tee (3575850): drop_caches: 3
[483118.390524] tee (3575866): drop_caches: 3
[483122.519708] tee (3575871): drop_caches: 3
[483126.659316] tee (3575876): drop_caches: 3
[483130.796067] tee (3575881): drop_caches: 3
[483134.929999] tee (3575886): drop_caches: 3
[483139.055357] tee (3575891): drop_caches: 3
[483143.177371] tee (3575896): drop_caches: 3
[483147.374436] tee (3575912): drop_caches: 3
[483151.507555] tee (3575917): drop_caches: 3
[483155.645761] tee (3575925): drop_caches: 3
[483159.777579] tee (3575930): drop_caches: 3
[483163.907320] tee (3575935): drop_caches: 3
[483168.033613] tee (3575940): drop_caches: 3
[483172.152267] tee (3575945): drop_caches: 3
[483176.426507] tee (3575953): drop_caches: 3
[483180.555722] tee (3575967): drop_caches: 3
[483184.691195] tee (3575972): drop_caches: 3
[483188.830276] tee (3575985): drop_caches: 3
[483192.968098] tee (3575990): drop_caches: 3
[483197.111588] tee (3575995): drop_caches: 3
[483201.249865] tee (3576000): drop_caches: 3
[483205.354354] tee (3576008): drop_caches: 3
[483209.572984] tee (3576021): drop_caches: 3
[483213.711949] tee (3576032): drop_caches: 3
[483217.849393] tee (3576040): drop_caches: 3
[483221.986700] tee (3576047): drop_caches: 3
[483226.117556] tee (3576052): drop_caches: 3
[483230.242982] tee (3576057): drop_caches: 3
[483234.356701] tee (3576062): drop_caches: 3
[483238.629628] tee (3576078): drop_caches: 3
[483242.757399] tee (3576084): drop_caches: 3
[483246.888701] tee (3576089): drop_caches: 3
[483251.032756] tee (3576094): drop_caches: 3
[483255.180623] tee (3576099): drop_caches: 3
[483259.314595] tee (3576104): drop_caches: 3
[483263.440523] tee (3576109): drop_caches: 3
[483267.549226] tee (3576125): drop_caches: 3
[483271.769888] tee (3576130): drop_caches: 3
[483275.907420] tee (3576138): drop_caches: 3
[483280.069538] tee (3576143): drop_caches: 3
[483284.207232] tee (3576148): drop_caches: 3
[483288.338922] tee (3576153): drop_caches: 3
[483292.465832] tee (3576158): drop_caches: 3
[483296.569381] tee (3576174): drop_caches: 3
[483300.861889] tee (3576182): drop_caches: 3
[483304.995686] tee (3576187): drop_caches: 3
[483309.127703] tee (3576192): drop_caches: 3
[483313.264510] tee (3576197): drop_caches: 3
[483317.404408] tee (3576202): drop_caches: 3
[483321.535791] tee (3576207): drop_caches: 3
[483325.652419] tee (3576215): drop_caches: 3
[483329.777665] tee (3576228): drop_caches: 3
[483334.005548] tee (3576233): drop_caches: 3
[483338.156540] tee (3576241): drop_caches: 3
[483342.296287] tee (3576246): drop_caches: 3
[483346.429567] tee (3576251): drop_caches: 3
[483350.558162] tee (3576256): drop_caches: 3
[483354.685116] tee (3576261): drop_caches: 3
[483358.795300] tee (3576277): drop_caches: 3
[483362.914754] tee (3576283): drop_caches: 3
[483367.116272] tee (3576288): drop_caches: 3
[483371.257627] tee (3576293): drop_caches: 3
[483375.389156] tee (3576298): drop_caches: 3
[483379.512538] tee (3576304): drop_caches: 3
[483383.631422] tee (3576309): drop_caches: 3
[483387.741231] tee (3576325): drop_caches: 3
[483391.847535] tee (3576333): drop_caches: 3
[483396.087627] tee (3576341): drop_caches: 3
[483400.223908] tee (3576346): drop_caches: 3
[483404.364225] tee (3576351): drop_caches: 3
[483408.501596] tee (3576356): drop_caches: 3
[483412.637787] tee (3576361): drop_caches: 3
[483416.748388] tee (3576377): drop_caches: 3
[483420.870202] tee (3576383): drop_caches: 3
[483425.008914] tee (3576388): drop_caches: 3
[483429.213287] tee (3576393): drop_caches: 3
[483433.347778] tee (3576398): drop_caches: 3
[483437.478982] tee (3576404): drop_caches: 3
[483441.603339] tee (3576409): drop_caches: 3
[483445.711656] tee (3576417): drop_caches: 3
[483449.831927] tee (3576430): drop_caches: 3
[483453.950235] tee (3576435): drop_caches: 3
[483458.203165] tee (3576443): drop_caches: 3
[483462.330995] tee (3576448): drop_caches: 3
[483466.466092] tee (3576453): drop_caches: 3
[483470.601858] tee (3576458): drop_caches: 3
[483474.739854] tee (3576463): drop_caches: 3
[483478.858599] tee (3576479): drop_caches: 3
[483482.994915] tee (3576485): drop_caches: 3
[483487.117644] tee (3576490): drop_caches: 3
[483491.330245] tee (3576495): drop_caches: 3
[483495.464537] tee (3576500): drop_caches: 3
[483499.594570] tee (3576505): drop_caches: 3
[483503.721875] tee (3576510): drop_caches: 3
[483507.838249] tee (3576526): drop_caches: 3
[483511.958577] tee (3576531): drop_caches: 3
[483516.076344] tee (3576544): drop_caches: 3
[483520.338499] tee (3576551): drop_caches: 3
[483524.471709] tee (3576556): drop_caches: 3
[483528.617537] tee (3576561): drop_caches: 3
[483532.758453] tee (3576566): drop_caches: 3
[483536.878333] tee (3576582): drop_caches: 3
[483541.009391] tee (3576587): drop_caches: 3
[483545.137450] tee (3576593): drop_caches: 3
[483549.255317] tee (3576598): drop_caches: 3
[483553.467301] tee (3576603): drop_caches: 3
[483557.608714] tee (3576608): drop_caches: 3
[483561.741128] tee (3576613): drop_caches: 3
[483565.858051] tee (3576621): drop_caches: 3
[483569.985376] tee (3576634): drop_caches: 3
[483574.108662] tee (3576639): drop_caches: 3
[483578.228396] tee (3576647): drop_caches: 3
[483582.503325] tee (3576652): drop_caches: 3
[483586.634142] tee (3576657): drop_caches: 3
[483590.769189] tee (3576662): drop_caches: 3
[483594.908426] tee (3576668): drop_caches: 3
[483599.034124] tee (3576684): drop_caches: 3
[483603.168143] tee (3576690): drop_caches: 3
[483607.289832] tee (3576695): drop_caches: 3
[483611.408772] tee (3576700): drop_caches: 3
[483615.624885] tee (3576705): drop_caches: 3
[483619.759290] tee (3576710): drop_caches: 3
[483623.894413] tee (3576715): drop_caches: 3
[483628.012485] tee (3576731): drop_caches: 3
[483632.143869] tee (3576736): drop_caches: 3
[483636.267261] tee (3576744): drop_caches: 3
[483640.389198] tee (3576749): drop_caches: 3
[483644.685484] tee (3576881): drop_caches: 3
[483648.813813] tee (3576886): drop_caches: 3
[483652.947584] tee (3576891): drop_caches: 3
[483657.074777] tee (3576907): drop_caches: 3
[483661.218521] tee (3576912): drop_caches: 3
[483665.353907] tee (3576918): drop_caches: 3
[483669.480454] tee (3576923): drop_caches: 3
[483673.605290] tee (3576928): drop_caches: 3
[483677.832603] tee (3576933): drop_caches: 3
[483681.967462] tee (3576938): drop_caches: 3
[483686.089607] tee (3576946): drop_caches: 3
[483690.223830] tee (3576959): drop_caches: 3
[483694.351264] tee (3576964): drop_caches: 3
[483698.471435] tee (3576972): drop_caches: 3
[483702.589106] tee (3576977): drop_caches: 3
[483706.917361] tee (3576985): drop_caches: 3
[483711.047256] tee (3576990): drop_caches: 3
[483715.179606] tee (3576995): drop_caches: 3
[483719.298466] tee (3577011): drop_caches: 3
[483723.431329] tee (3577017): drop_caches: 3
[483727.566825] tee (3577022): drop_caches: 3
[483731.696486] tee (3577027): drop_caches: 3
[483735.823652] tee (3577032): drop_caches: 3
[483740.048540] tee (3577037): drop_caches: 3
[483744.187612] tee (3577042): drop_caches: 3
[483748.315759] tee (3577058): drop_caches: 3
[483752.456501] tee (3577063): drop_caches: 3
[483756.591232] tee (3577071): drop_caches: 3
[483760.718545] tee (3577076): drop_caches: 3
[483764.843085] tee (3577081): drop_caches: 3
[483768.983022] tee (3577086): drop_caches: 3
[483773.191887] tee (3577092): drop_caches: 3
[483777.314135] tee (3577108): drop_caches: 3
[483781.446718] tee (3577113): drop_caches: 3
[483785.583064] tee (3577119): drop_caches: 3
[483789.704118] tee (3577124): drop_caches: 3
[483793.822296] tee (3577129): drop_caches: 3
[483797.943108] tee (3577134): drop_caches: 3
[483802.176335] tee (3577139): drop_caches: 3
[483806.294927] tee (3577147): drop_caches: 3
[483810.430207] tee (3577160): drop_caches: 3
[483814.559576] tee (3577171): drop_caches: 3
[483818.694685] tee (3577179): drop_caches: 3
[483822.822202] tee (3577186): drop_caches: 3
[483826.943232] tee (3577191): drop_caches: 3
[483831.060516] tee (3577196): drop_caches: 3
[483835.265291] tee (3577201): drop_caches: 3
[483839.387208] tee (3577217): drop_caches: 3
[483843.518764] tee (3577222): drop_caches: 3
[483847.652391] tee (3577228): drop_caches: 3
[483851.777977] tee (3577233): drop_caches: 3
[483855.898461] tee (3577238): drop_caches: 3
[483860.016946] tee (3577243): drop_caches: 3
[483864.257858] tee (3577248): drop_caches: 3
[483868.381242] tee (3577264): drop_caches: 3
[483872.521647] tee (3577269): drop_caches: 3
[483876.660949] tee (3577277): drop_caches: 3
[483880.791559] tee (3577282): drop_caches: 3
[483884.929037] tee (3577287): drop_caches: 3
[483889.054701] tee (3577292): drop_caches: 3
[483893.169350] tee (3577297): drop_caches: 3
[483897.359402] tee (3577313): drop_caches: 3
[483901.495442] tee (3577318): drop_caches: 3
[483905.644542] tee (3577324): drop_caches: 3
[483909.778604] tee (3577329): drop_caches: 3
[483913.908578] tee (3577334): drop_caches: 3
[483918.033206] tee (3577339): drop_caches: 3
[483922.146490] tee (3577345): drop_caches: 3
[483926.388997] tee (3577352): drop_caches: 3
[483930.514810] tee (3577366): drop_caches: 3
[483934.668104] tee (3577371): drop_caches: 3
[483938.810026] tee (3577379): drop_caches: 3
[483942.951756] tee (3577384): drop_caches: 3
[483947.085221] tee (3577389): drop_caches: 3
[483951.216197] tee (3577394): drop_caches: 3
[483955.341155] tee (3577400): drop_caches: 3
[483959.535627] tee (3577416): drop_caches: 3
[483963.667904] tee (3577421): drop_caches: 3
[483967.809126] tee (3577427): drop_caches: 3
[483971.942946] tee (3577432): drop_caches: 3
[483976.072208] tee (3577437): drop_caches: 3
[483980.197473] tee (3577442): drop_caches: 3
[483984.316185] tee (3577447): drop_caches: 3
[483988.571151] tee (3577466): drop_caches: 3
[483992.716316] tee (3577471): drop_caches: 3
[483996.854327] tee (3577479): drop_caches: 3
[484000.989524] tee (3577484): drop_caches: 3
[484005.129186] tee (3577489): drop_caches: 3
[484009.257984] tee (3577494): drop_caches: 3
[484013.381520] tee (3577499): drop_caches: 3
[484017.489607] tee (3577515): drop_caches: 3
[484021.712937] tee (3577520): drop_caches: 3
[484025.851213] tee (3577526): drop_caches: 3
[484029.983603] tee (3577531): drop_caches: 3
[484034.119675] tee (3577536): drop_caches: 3
[484038.252050] tee (3577541): drop_caches: 3
[484042.370900] tee (3577546): drop_caches: 3
[484046.482807] tee (3577554): drop_caches: 3
[484050.756526] tee (3577567): drop_caches: 3
[484054.888023] tee (3577572): drop_caches: 3
[484059.022465] tee (3577580): drop_caches: 3
[484063.163553] tee (3577585): drop_caches: 3
[484067.297516] tee (3577590): drop_caches: 3
[484071.428206] tee (3577595): drop_caches: 3
[484075.560307] tee (3577600): drop_caches: 3
[484079.673254] tee (3577616): drop_caches: 3
[484083.905940] tee (3577621): drop_caches: 3
[484088.044085] tee (3577627): drop_caches: 3
[484092.188269] tee (3577632): drop_caches: 3
[484096.326116] tee (3577637): drop_caches: 3
[484100.455148] tee (3577642): drop_caches: 3
[484104.578731] tee (3577647): drop_caches: 3
[484108.693240] tee (3577666): drop_caches: 3
[484113.005711] tee (3577671): drop_caches: 3
[484117.134402] tee (3577684): drop_caches: 3
[484121.260658] tee (3577691): drop_caches: 3
[484125.391842] tee (3577696): drop_caches: 3
[484129.525635] tee (3577701): drop_caches: 3
[484133.666831] tee (3577706): drop_caches: 3
[484137.786613] tee (3577722): drop_caches: 3
[484141.919054] tee (3577727): drop_caches: 3
[484146.150355] tee (3577732): drop_caches: 3
[484150.286950] tee (3577738): drop_caches: 3
[484154.426308] tee (3577743): drop_caches: 3
[484158.555973] tee (3577748): drop_caches: 3
[484162.684681] tee (3577753): drop_caches: 3
[484166.797152] tee (3577761): drop_caches: 3
[484170.915546] tee (3577774): drop_caches: 3
[484175.062045] tee (3577779): drop_caches: 3
[484179.274092] tee (3577787): drop_caches: 3
[484183.407890] tee (3577792): drop_caches: 3
[484187.550097] tee (3577797): drop_caches: 3
[484191.688540] tee (3577802): drop_caches: 3
[484195.818564] tee (3577809): drop_caches: 3
[484199.926195] tee (3577825): drop_caches: 3
[484204.047909] tee (3577830): drop_caches: 3
[484208.284964] tee (3577836): drop_caches: 3
[484212.421900] tee (3577841): drop_caches: 3
[484216.555851] tee (3577846): drop_caches: 3
[484220.688443] tee (3577851): drop_caches: 3
[484224.818482] tee (3577856): drop_caches: 3
[484228.950479] tee (3577872): drop_caches: 3
[484233.074187] tee (3577877): drop_caches: 3
[484237.187656] tee (3577885): drop_caches: 3
[484241.384729] tee (3577890): drop_caches: 3
[484245.518375] tee (3577895): drop_caches: 3
[484249.655525] tee (3577900): drop_caches: 3
[484253.781593] tee (3577905): drop_caches: 3
[484257.895832] tee (3577921): drop_caches: 3
[484262.017751] tee (3577926): drop_caches: 3
[484266.135765] tee (3577931): drop_caches: 3
[484270.389562] tee (3577937): drop_caches: 3
[484274.521914] tee (3577942): drop_caches: 3
[484278.654587] tee (3577947): drop_caches: 3
[484282.790315] tee (3577952): drop_caches: 3
[484286.910703] tee (3577968): drop_caches: 3
[484291.050838] tee (3577973): drop_caches: 3
[484295.167423] tee (3577980): drop_caches: 3
[484299.281194] tee (3577986): drop_caches: 3
[484303.482022] tee (3577994): drop_caches: 3
[484307.622391] tee (3577999): drop_caches: 3
[484311.759235] tee (3578004): drop_caches: 3
[484315.884006] tee (3578009): drop_caches: 3
[484320.007742] tee (3578025): drop_caches: 3
[484324.124575] tee (3578030): drop_caches: 3
[484328.236414] tee (3578036): drop_caches: 3
[484332.493354] tee (3578041): drop_caches: 3
[484336.628562] tee (3578046): drop_caches: 3
[484340.758233] tee (3578051): drop_caches: 3
[484344.895336] tee (3578056): drop_caches: 3
[484349.018470] tee (3578072): drop_caches: 3
[484353.150186] tee (3578077): drop_caches: 3
[484357.278407] tee (3578085): drop_caches: 3
[484361.392330] tee (3578090): drop_caches: 3
[484365.698931] tee (3578095): drop_caches: 3
[484369.951979] tee (3578101): drop_caches: 3
[484369.992811] mix-mixV-fixed37-3401491 phase=H END
[484375.037505] mix-mixV-fixed37-3401491 phase=I START
[485379.699669] mix-mixV-fixed37-3401491 phase=I chunk=1/4 done
[486384.828281] mix-mixV-fixed37-3401491 phase=I chunk=2/4 done
[487390.096358] mix-mixV-fixed37-3401491 phase=I chunk=3/4 done
[488395.311795] mix-mixV-fixed37-3401491 phase=I chunk=4/4 done
[488395.353327] mix-mixV-fixed37-3401491 phase=I END
[488395.356298] NVMeVirt: Measurement: command=stop epoch=1 host_bytes=6073823051776 learner_active=0
[488395.485859] EXT4-fs (nvme1n1): unmounting filesystem fd30d8fb-f975-48fb-97f3-f7d0eaf4e932.
[488395.589952] pci_bus 0001:10: busn_res: [bus 10-ff] is released
[488395.590274] NVMeVirt: GC stats: ns=0 policy=cat-fig7-fixed host_pages=1482866956 gc_pages=2982183415 gc_count=69765142 WAF=3.011 warmup_gc=100-per-part
[488395.724692] NVMeVirt: Virtual NVMe device closed
[488409.294362] mix-mixV-fixed50-3924032 BEGIN
[488409.312841] NVMeVirt: Version 1.10 for >> Samsung 970 Pro SSD <<
[488409.312850] NVMeVirt: Storage: 0x100100000-0x300000000 (8191 MiB)
[488409.331895] NVMeVirt: Total Capacity(GiB,MiB)=2,2048 chs=2 luns=4 lines=8192 blk-size(MiB,KiB)=0,64 line-size(MiB,KiB)=0,256
[488409.346589] NVMeVirt: [chmodel_init] bandwidth 800 max_credits 26 tx_time 152
[488409.361568] NVMeVirt: [chmodel_init] bandwidth 800 max_credits 26 tx_time 152
[488409.361601] NVMeVirt: [chmodel_init] bandwidth 3360 max_credits 110 tx_time 36
[488409.361607] NVMeVirt: Fixed CAT init ns=0 part=0 arm=50 k=10 scale_pct=50 age_ratio=16
[488409.363351] NVMeVirt: pqueue: Copyright (c) 2014, Volkan Yazıcı <volkan.yazici@gmail.com>. All rights reserved.
[488409.363394] NVMeVirt: Init FTL instance with 2 channels (524288 pages)
[488409.363397] NVMeVirt: GC victim policy: cat-fig7-fixed ns=0 part=0 initial_k=10 initial_scale_pct=50 initial_age_ratio=16 warmup_gc=100
[488409.378011] NVMeVirt: [chmodel_init] bandwidth 800 max_credits 26 tx_time 152
[488409.392637] NVMeVirt: [chmodel_init] bandwidth 800 max_credits 26 tx_time 152
[488409.392657] NVMeVirt: [chmodel_init] bandwidth 3360 max_credits 110 tx_time 36
[488409.392660] NVMeVirt: Fixed CAT init ns=0 part=1 arm=50 k=10 scale_pct=50 age_ratio=16
[488409.394196] NVMeVirt: Init FTL instance with 2 channels (524288 pages)
[488409.394201] NVMeVirt: GC victim policy: cat-fig7-fixed ns=0 part=1 initial_k=10 initial_scale_pct=50 initial_age_ratio=16 warmup_gc=100
[488409.409175] NVMeVirt: [chmodel_init] bandwidth 800 max_credits 26 tx_time 152
[488409.423625] NVMeVirt: [chmodel_init] bandwidth 800 max_credits 26 tx_time 152
[488409.423644] NVMeVirt: [chmodel_init] bandwidth 3360 max_credits 110 tx_time 36
[488409.423647] NVMeVirt: Fixed CAT init ns=0 part=2 arm=50 k=10 scale_pct=50 age_ratio=16
[488409.425132] NVMeVirt: Init FTL instance with 2 channels (524288 pages)
[488409.425135] NVMeVirt: GC victim policy: cat-fig7-fixed ns=0 part=2 initial_k=10 initial_scale_pct=50 initial_age_ratio=16 warmup_gc=100
[488409.440308] NVMeVirt: [chmodel_init] bandwidth 800 max_credits 26 tx_time 152
[488409.454355] NVMeVirt: [chmodel_init] bandwidth 800 max_credits 26 tx_time 152
[488409.454370] NVMeVirt: [chmodel_init] bandwidth 3360 max_credits 110 tx_time 36
[488409.454374] NVMeVirt: Fixed CAT init ns=0 part=3 arm=50 k=10 scale_pct=50 age_ratio=16
[488409.455782] NVMeVirt: Init FTL instance with 2 channels (524288 pages)
[488409.455785] NVMeVirt: GC victim policy: cat-fig7-fixed ns=0 part=3 initial_k=10 initial_scale_pct=50 initial_age_ratio=16 warmup_gc=100
[488409.455793] NVMeVirt: FTL physical space: 8588886016, logical space: 8026996276 (physical/logical * 100 = 107)
[488409.455795] NVMeVirt: ns 0/1: size 7655 MiB
[488409.455866] PCI host bridge to bus 0001:10
[488409.455870] pci_bus 0001:10: root bus resource [io  0x0000-0xffff]
[488409.455873] pci_bus 0001:10: root bus resource [mem 0x00000000-0x7ffffffffff]
[488409.455876] pci_bus 0001:10: root bus resource [bus 00-ff]
[488409.455886] pci 0001:10:00.0: [0c51:0110] type 00 class 0x010802 PCIe Endpoint
[488409.455892] pci 0001:10:00.0: BAR 0 [mem 0x100000000-0x100003fff 64bit]
[488409.455896] pci 0001:10:00.0: enabling Extended Tags
[488409.456119] NVMeVirt: Virtual PCI bus created (node 0)
[488409.456424] NVMeVirt: nvmev_io_worker_0 started on cpu 2 (node 0)
[488409.456472] NVMeVirt: nvmev_dispatcher started on cpu 1 (node 0)
[488409.456500] NVMeVirt: Virtual NVMe device created
[488409.456773] nvme nvme1: pci function 0001:10:00.0
[488409.462184] nvme nvme1: 12/0/0 default/read/poll queues
[488409.550165] EXT4-fs (nvme1n1): mounted filesystem ea696152-6b08-477e-befa-d6791078e4bf r/w with ordered data mode. Quota mode: none.
[488478.035123] NVMeVirt: Fixed CAT init ns=0 part=0 arm=50 k=10 scale_pct=50 age_ratio=16
[488478.035130] NVMeVirt: Fixed CAT init ns=0 part=1 arm=50 k=10 scale_pct=50 age_ratio=16
[488478.035133] NVMeVirt: Fixed CAT init ns=0 part=2 arm=50 k=10 scale_pct=50 age_ratio=16
[488478.035135] NVMeVirt: Fixed CAT init ns=0 part=3 arm=50 k=10 scale_pct=50 age_ratio=16
[488478.035138] NVMeVirt: Measurement: command=start epoch=1 host_bytes=0 learner_active=1
[488478.047673] mix-mixV-fixed50-3924032 phase=A START
[488478.059453] mix-mixV-fixed50-3924032 phase=A LOAD
[488496.889540] mix-mixV-fixed50-3924032 phase=A RUN
[488501.287897] tee (3924399): drop_caches: 3
[488505.414204] tee (3924404): drop_caches: 3
[488509.535989] tee (3924414): drop_caches: 3
[488513.654970] tee (3924419): drop_caches: 3
[488517.777686] tee (3924424): drop_caches: 3
[488521.902354] tee (3924429): drop_caches: 3
[488526.024605] tee (3924434): drop_caches: 3
[488530.220066] tee (3924450): drop_caches: 3
[488534.344074] tee (3924456): drop_caches: 3
[488538.476380] tee (3924461): drop_caches: 3
[488542.603210] tee (3924466): drop_caches: 3
[488546.728581] tee (3924471): drop_caches: 3
[488550.847318] tee (3924476): drop_caches: 3
[488554.970081] tee (3924481): drop_caches: 3
[488559.090062] tee (3924489): drop_caches: 3
[488563.277882] tee (3924505): drop_caches: 3
[488567.408334] tee (3924511): drop_caches: 3
[488571.544233] tee (3924516): drop_caches: 3
[488575.674488] tee (3924521): drop_caches: 3
[488579.799551] tee (3924526): drop_caches: 3
[488583.920506] tee (3924531): drop_caches: 3
[488588.044961] tee (3924536): drop_caches: 3
[488592.289179] tee (3924552): drop_caches: 3
[488596.423089] tee (3924557): drop_caches: 3
[488600.555188] tee (3924562): drop_caches: 3
[488604.686163] tee (3924567): drop_caches: 3
[488608.812562] tee (3924572): drop_caches: 3
[488612.948709] tee (3924577): drop_caches: 3
[488617.071702] tee (3924585): drop_caches: 3
[488621.173041] tee (3924603): drop_caches: 3
[488625.390458] tee (3924608): drop_caches: 3
[488629.528242] tee (3924614): drop_caches: 3
[488633.656768] tee (3924619): drop_caches: 3
[488637.790138] tee (3924624): drop_caches: 3
[488641.915050] tee (3924629): drop_caches: 3
[488646.036269] tee (3924634): drop_caches: 3
[488650.136894] tee (3924650): drop_caches: 3
[488654.395139] tee (3924655): drop_caches: 3
[488658.526407] tee (3924660): drop_caches: 3
[488662.655865] tee (3924665): drop_caches: 3
[488666.784863] tee (3924670): drop_caches: 3
[488670.914700] tee (3924675): drop_caches: 3
[488675.048432] tee (3924680): drop_caches: 3
[488679.166998] tee (3924688): drop_caches: 3
[488683.270535] tee (3924704): drop_caches: 3
[488687.491798] tee (3924709): drop_caches: 3
[488691.630084] tee (3924715): drop_caches: 3
[488695.766129] tee (3924720): drop_caches: 3
[488699.899141] tee (3924725): drop_caches: 3
[488704.025347] tee (3924730): drop_caches: 3
[488708.147766] tee (3924735): drop_caches: 3
[488712.248144] tee (3924751): drop_caches: 3
[488716.527019] tee (3924756): drop_caches: 3
[488720.652753] tee (3924761): drop_caches: 3
[488724.776687] tee (3924766): drop_caches: 3
[488728.907190] tee (3924771): drop_caches: 3
[488733.042947] tee (3924776): drop_caches: 3
[488737.169090] tee (3924784): drop_caches: 3
[488741.279321] tee (3924803): drop_caches: 3
[488745.403566] tee (3924808): drop_caches: 3
[488749.632989] tee (3924814): drop_caches: 3
[488753.764400] tee (3924819): drop_caches: 3
[488757.911682] tee (3924824): drop_caches: 3
[488762.043563] tee (3924829): drop_caches: 3
[488766.164394] tee (3924834): drop_caches: 3
[488770.269172] tee (3924850): drop_caches: 3
[488774.382383] tee (3924855): drop_caches: 3
[488778.655190] tee (3924860): drop_caches: 3
[488782.817790] tee (3924865): drop_caches: 3
[488786.947106] tee (3924870): drop_caches: 3
[488791.069012] tee (3924878): drop_caches: 3
[488795.198086] tee (3924883): drop_caches: 3
[488799.330338] tee (3924891): drop_caches: 3
[488803.446622] tee (3924907): drop_caches: 3
[488807.567976] tee (3924912): drop_caches: 3
[488811.802156] tee (3924917): drop_caches: 3
[488815.937160] tee (3924922): drop_caches: 3
[488820.069148] tee (3924927): drop_caches: 3
[488824.203965] tee (3924932): drop_caches: 3
[488828.333126] tee (3924937): drop_caches: 3
[488832.448090] tee (3924953): drop_caches: 3
[488836.568322] tee (3924958): drop_caches: 3
[488840.721927] tee (3924963): drop_caches: 3
[488844.920317] tee (3924968): drop_caches: 3
[488849.052670] tee (3924973): drop_caches: 3
[488853.192486] tee (3924978): drop_caches: 3
[488857.316826] tee (3924986): drop_caches: 3
[488861.426054] tee (3925002): drop_caches: 3
[488865.544691] tee (3925007): drop_caches: 3
[488869.663296] tee (3925012): drop_caches: 3
[488873.900054] tee (3925018): drop_caches: 3
[488878.035490] tee (3925023): drop_caches: 3
[488882.165928] tee (3925028): drop_caches: 3
[488886.293354] tee (3925033): drop_caches: 3
[488890.410184] tee (3925049): drop_caches: 3
[488894.534919] tee (3925054): drop_caches: 3
[488898.657647] tee (3925059): drop_caches: 3
[488902.770978] tee (3925064): drop_caches: 3
[488906.979738] tee (3925069): drop_caches: 3
[488911.109828] tee (3925074): drop_caches: 3
[488915.236034] tee (3925086): drop_caches: 3
[488919.355830] tee (3925094): drop_caches: 3
[488923.467212] tee (3925110): drop_caches: 3
[488927.580767] tee (3925115): drop_caches: 3
[488931.698053] tee (3925121): drop_caches: 3
[488935.947774] tee (3925126): drop_caches: 3
[488940.090322] tee (3925132): drop_caches: 3
[488944.224202] tee (3925137): drop_caches: 3
[488948.362806] tee (3925142): drop_caches: 3
[488952.488187] tee (3925158): drop_caches: 3
[488956.617140] tee (3925163): drop_caches: 3
[488960.748450] tee (3925168): drop_caches: 3
[488964.869958] tee (3925173): drop_caches: 3
[488969.085882] tee (3925178): drop_caches: 3
[488973.228432] tee (3925183): drop_caches: 3
[488977.360466] tee (3925191): drop_caches: 3
[488981.480173] tee (3925207): drop_caches: 3
[488985.604540] tee (3925212): drop_caches: 3
[488989.724387] tee (3925217): drop_caches: 3
[488993.841961] tee (3925224): drop_caches: 3
[488998.101708] tee (3925229): drop_caches: 3
[489002.229634] tee (3925234): drop_caches: 3
[489006.356390] tee (3925239): drop_caches: 3
[489010.481900] tee (3925255): drop_caches: 3
[489014.608821] tee (3925260): drop_caches: 3
[489018.740694] tee (3925265): drop_caches: 3
[489022.870485] tee (3925270): drop_caches: 3
[489026.990427] tee (3925275): drop_caches: 3
[489031.196279] tee (3925280): drop_caches: 3
[489035.326258] tee (3925287): drop_caches: 3
[489039.462171] tee (3925293): drop_caches: 3
[489043.583097] tee (3925309): drop_caches: 3
[489047.710036] tee (3925314): drop_caches: 3
[489051.825593] tee (3925320): drop_caches: 3
[489055.942275] tee (3925325): drop_caches: 3
[489060.215965] tee (3925330): drop_caches: 3
[489064.344533] tee (3925335): drop_caches: 3
[489068.493921] tee (3925341): drop_caches: 3
[489072.641326] tee (3925358): drop_caches: 3
[489076.774421] tee (3925363): drop_caches: 3
[489080.901730] tee (3925368): drop_caches: 3
[489085.030059] tee (3925373): drop_caches: 3
[489089.144448] tee (3925378): drop_caches: 3
[489093.359314] tee (3925383): drop_caches: 3
[489097.495660] tee (3925391): drop_caches: 3
[489101.615441] tee (3925407): drop_caches: 3
[489105.745953] tee (3925415): drop_caches: 3
[489109.875391] tee (3925420): drop_caches: 3
[489113.995918] tee (3925426): drop_caches: 3
[489118.114776] tee (3925431): drop_caches: 3
[489122.391779] tee (3925436): drop_caches: 3
[489126.516595] tee (3925441): drop_caches: 3
[489130.636492] tee (3925457): drop_caches: 3
[489134.767432] tee (3925462): drop_caches: 3
[489138.920312] tee (3925467): drop_caches: 3
[489143.046779] tee (3925472): drop_caches: 3
[489147.166387] tee (3925477): drop_caches: 3
[489151.281037] tee (3925482): drop_caches: 3
[489155.500807] tee (3925490): drop_caches: 3
[489159.637825] tee (3925495): drop_caches: 3
[489163.763533] tee (3925511): drop_caches: 3
[489167.896880] tee (3925516): drop_caches: 3
[489172.018087] tee (3925521): drop_caches: 3
[489176.135106] tee (3925527): drop_caches: 3
[489180.264544] tee (3925532): drop_caches: 3
[489184.543055] tee (3925537): drop_caches: 3
[489188.711410] tee (3925542): drop_caches: 3
[489192.830139] tee (3925558): drop_caches: 3
[489196.965128] tee (3925563): drop_caches: 3
[489201.098017] tee (3925568): drop_caches: 3
[489205.223635] tee (3925573): drop_caches: 3
[489209.342679] tee (3925578): drop_caches: 3
[489213.461541] tee (3925589): drop_caches: 3
[489217.692044] tee (3925597): drop_caches: 3
[489221.856599] tee (3925615): drop_caches: 3
[489225.994774] tee (3925620): drop_caches: 3
[489230.129017] tee (3925625): drop_caches: 3
[489234.260956] tee (3925631): drop_caches: 3
[489238.381468] tee (3925636): drop_caches: 3
[489242.501406] tee (3925641): drop_caches: 3
[489246.620385] tee (3925646): drop_caches: 3
[489250.810609] tee (3925662): drop_caches: 3
[489254.949176] tee (3925667): drop_caches: 3
[489259.083868] tee (3925672): drop_caches: 3
[489263.205181] tee (3925677): drop_caches: 3
[489267.323471] tee (3925682): drop_caches: 3
[489271.436672] tee (3925687): drop_caches: 3
[489275.554789] tee (3925695): drop_caches: 3
[489279.795324] tee (3925700): drop_caches: 3
[489283.917271] tee (3925716): drop_caches: 3
[489288.054065] tee (3925729): drop_caches: 3
[489292.190155] tee (3925734): drop_caches: 3
[489296.321849] tee (3925740): drop_caches: 3
[489300.445062] tee (3925745): drop_caches: 3
[489304.566282] tee (3925750): drop_caches: 3
[489308.687122] tee (3925755): drop_caches: 3
[489312.871423] tee (3925771): drop_caches: 3
[489317.009477] tee (3925776): drop_caches: 3
[489321.135828] tee (3925781): drop_caches: 3
[489325.266403] tee (3925786): drop_caches: 3
[489329.384231] tee (3925791): drop_caches: 3
[489333.498318] tee (3925796): drop_caches: 3
[489337.614974] tee (3925804): drop_caches: 3
[489341.855717] tee (3925820): drop_caches: 3
[489345.988565] tee (3925825): drop_caches: 3
[489350.123404] tee (3925830): drop_caches: 3
[489354.255806] tee (3925835): drop_caches: 3
[489358.398255] tee (3925841): drop_caches: 3
[489362.526317] tee (3925846): drop_caches: 3
[489366.650355] tee (3925851): drop_caches: 3
[489370.750540] tee (3925867): drop_caches: 3
[489374.957560] tee (3925872): drop_caches: 3
[489379.096792] tee (3925877): drop_caches: 3
[489383.224780] tee (3925882): drop_caches: 3
[489387.345524] tee (3925887): drop_caches: 3
[489391.458980] tee (3925895): drop_caches: 3
[489395.578541] tee (3925903): drop_caches: 3
[489399.696207] tee (3925908): drop_caches: 3
[489403.949001] tee (3925924): drop_caches: 3
[489408.079236] tee (3925929): drop_caches: 3
[489412.213650] tee (3925934): drop_caches: 3
[489416.355498] tee (3925940): drop_caches: 3
[489420.495003] tee (3925945): drop_caches: 3
[489424.620296] tee (3925950): drop_caches: 3
[489428.751290] tee (3925955): drop_caches: 3
[489432.859877] tee (3925971): drop_caches: 3
[489437.073025] tee (3925976): drop_caches: 3
[489441.204092] tee (3925981): drop_caches: 3
[489445.339378] tee (3925986): drop_caches: 3
[489449.464201] tee (3925991): drop_caches: 3
[489453.591961] tee (3925996): drop_caches: 3
[489457.712463] tee (3926004): drop_caches: 3
[489461.822106] tee (3926020): drop_caches: 3
[489466.099044] tee (3926025): drop_caches: 3
[489470.219869] tee (3926030): drop_caches: 3
[489474.353683] tee (3926035): drop_caches: 3
[489478.490368] tee (3926041): drop_caches: 3
[489482.626818] tee (3926046): drop_caches: 3
[489486.757383] tee (3926051): drop_caches: 3
[489490.866124] tee (3926067): drop_caches: 3
[489494.986975] tee (3926072): drop_caches: 3
[489499.200412] tee (3926077): drop_caches: 3
[489503.330362] tee (3926082): drop_caches: 3
[489507.462536] tee (3926087): drop_caches: 3
[489511.595891] tee (3926092): drop_caches: 3
[489515.721302] tee (3926105): drop_caches: 3
[489519.845100] tee (3926112): drop_caches: 3
[489523.955424] tee (3926128): drop_caches: 3
[489528.263139] tee (3926133): drop_caches: 3
[489532.403315] tee (3926138): drop_caches: 3
[489536.535671] tee (3926143): drop_caches: 3
[489540.671228] tee (3926149): drop_caches: 3
[489544.803601] tee (3926154): drop_caches: 3
[489548.931946] tee (3926159): drop_caches: 3
[489553.056702] tee (3926175): drop_caches: 3
[489557.175033] tee (3926180): drop_caches: 3
[489561.403857] tee (3926185): drop_caches: 3
[489565.533937] tee (3926190): drop_caches: 3
[489569.669502] tee (3926195): drop_caches: 3
[489573.810431] tee (3926200): drop_caches: 3
[489577.938385] tee (3926208): drop_caches: 3
[489582.052409] tee (3926224): drop_caches: 3
[489586.166382] tee (3926229): drop_caches: 3
[489590.338109] tee (3926234): drop_caches: 3
[489594.537090] tee (3926240): drop_caches: 3
[489598.669630] tee (3926252): drop_caches: 3
[489602.804743] tee (3926257): drop_caches: 3
[489606.941162] tee (3926264): drop_caches: 3
[489611.051160] tee (3926280): drop_caches: 3
[489615.169019] tee (3926286): drop_caches: 3
[489619.284206] tee (3926291): drop_caches: 3
[489623.519979] tee (3926296): drop_caches: 3
[489627.654319] tee (3926301): drop_caches: 3
[489631.791136] tee (3926306): drop_caches: 3
[489635.930901] tee (3926314): drop_caches: 3
[489640.069625] tee (3926319): drop_caches: 3
[489644.173524] tee (3926335): drop_caches: 3
[489648.293291] tee (3926340): drop_caches: 3
[489652.405723] tee (3926345): drop_caches: 3
[489656.616558] tee (3926350): drop_caches: 3
[489660.752697] tee (3926356): drop_caches: 3
[489664.880196] tee (3926361): drop_caches: 3
[489669.009013] tee (3926366): drop_caches: 3
[489673.116306] tee (3926382): drop_caches: 3
[489677.231601] tee (3926387): drop_caches: 3
[489681.342457] tee (3926392): drop_caches: 3
[489685.591008] tee (3926397): drop_caches: 3
[489689.724673] tee (3926402): drop_caches: 3
[489693.860547] tee (3926407): drop_caches: 3
[489697.988298] tee (3926418): drop_caches: 3
[489702.101617] tee (3926434): drop_caches: 3
[489706.219931] tee (3926439): drop_caches: 3
[489710.334929] tee (3926444): drop_caches: 3
[489714.453079] tee (3926449): drop_caches: 3
[489718.651979] tee (3926455): drop_caches: 3
[489722.789270] tee (3926460): drop_caches: 3
[489726.923278] tee (3926465): drop_caches: 3
[489731.051879] tee (3926480): drop_caches: 3
[489735.168713] tee (3926486): drop_caches: 3
[489739.282782] tee (3926491): drop_caches: 3
[489743.393271] tee (3926496): drop_caches: 3
[489747.647225] tee (3926501): drop_caches: 3
[489751.777190] tee (3926506): drop_caches: 3
[489755.911275] tee (3926514): drop_caches: 3
[489760.043138] tee (3926519): drop_caches: 3
[489764.166990] tee (3926535): drop_caches: 3
[489768.293524] tee (3926540): drop_caches: 3
[489772.419247] tee (3926545): drop_caches: 3
[489776.539636] tee (3926550): drop_caches: 3
[489780.753623] tee (3926556): drop_caches: 3
[489784.896716] tee (3926561): drop_caches: 3
[489789.025210] tee (3926566): drop_caches: 3
[489793.140001] tee (3926582): drop_caches: 3
[489797.268273] tee (3926587): drop_caches: 3
[489801.380464] tee (3926592): drop_caches: 3
[489805.491493] tee (3926597): drop_caches: 3
[489809.757369] tee (3926602): drop_caches: 3
[489813.901359] tee (3926613): drop_caches: 3
[489818.035437] tee (3926621): drop_caches: 3
[489822.154306] tee (3926639): drop_caches: 3
[489826.285576] tee (3926644): drop_caches: 3
[489830.410106] tee (3926649): drop_caches: 3
[489834.537932] tee (3926654): drop_caches: 3
[489838.658925] tee (3926659): drop_caches: 3
[489842.883438] tee (3926665): drop_caches: 3
[489847.013514] tee (3926670): drop_caches: 3
[489851.142561] tee (3926683): drop_caches: 3
[489855.264221] tee (3926691): drop_caches: 3
[489859.385353] tee (3926696): drop_caches: 3
[489863.499768] tee (3926701): drop_caches: 3
[489867.613788] tee (3926706): drop_caches: 3
[489871.908543] tee (3926711): drop_caches: 3
[489876.032991] tee (3926719): drop_caches: 3
[489880.177356] tee (3926724): drop_caches: 3
[489884.297565] tee (3926740): drop_caches: 3
[489888.434123] tee (3926746): drop_caches: 3
[489892.569934] tee (3926751): drop_caches: 3
[489896.697263] tee (3926756): drop_caches: 3
[489900.820051] tee (3926762): drop_caches: 3
[489905.044116] tee (3926767): drop_caches: 3
[489909.175070] tee (3926772): drop_caches: 3
[489913.295030] tee (3926788): drop_caches: 3
[489917.431016] tee (3926793): drop_caches: 3
[489921.553847] tee (3926798): drop_caches: 3
[489925.669884] tee (3926803): drop_caches: 3
[489929.787818] tee (3926808): drop_caches: 3
[489933.973845] tee (3926814): drop_caches: 3
[489938.183827] tee (3926822): drop_caches: 3
[489942.305240] tee (3926838): drop_caches: 3
[489946.437441] tee (3926843): drop_caches: 3
[489950.573841] tee (3926848): drop_caches: 3
[489954.710335] tee (3926853): drop_caches: 3
[489958.835814] tee (3926858): drop_caches: 3
[489962.953337] tee (3926864): drop_caches: 3
[489967.183894] tee (3926869): drop_caches: 3
[489971.312379] tee (3926882): drop_caches: 3
[489975.441522] tee (3926890): drop_caches: 3
[489979.570281] tee (3926895): drop_caches: 3
[489983.692102] tee (3926900): drop_caches: 3
[489987.819293] tee (3926905): drop_caches: 3
[489991.932822] tee (3926913): drop_caches: 3
[489996.056054] tee (3926921): drop_caches: 3
[490000.257325] tee (3926926): drop_caches: 3
[490004.378233] tee (3926942): drop_caches: 3
[490008.510387] tee (3926947): drop_caches: 3
[490012.672263] tee (3926952): drop_caches: 3
[490016.796050] tee (3926957): drop_caches: 3
[490020.908904] tee (3926962): drop_caches: 3
[490025.024954] tee (3926968): drop_caches: 3
[490029.270107] tee (3926973): drop_caches: 3
[490033.386446] tee (3926989): drop_caches: 3
[490037.523059] tee (3926994): drop_caches: 3
[490041.665793] tee (3926999): drop_caches: 3
[490045.790096] tee (3927004): drop_caches: 3
[490049.907669] tee (3927009): drop_caches: 3
[490054.027880] tee (3927014): drop_caches: 3
[490058.138003] tee (3927022): drop_caches: 3
[490062.323567] tee (3927038): drop_caches: 3
[490066.461167] tee (3927043): drop_caches: 3
[490070.593675] tee (3927048): drop_caches: 3
[490074.748649] tee (3927053): drop_caches: 3
[490078.871023] tee (3927058): drop_caches: 3
[490082.990981] tee (3927064): drop_caches: 3
[490087.101996] tee (3927069): drop_caches: 3
[490091.349271] tee (3927082): drop_caches: 3
[490095.469087] tee (3927090): drop_caches: 3
[490099.624213] tee (3927095): drop_caches: 3
[490103.759537] tee (3927100): drop_caches: 3
[490107.884866] tee (3927105): drop_caches: 3
[490112.006897] tee (3927110): drop_caches: 3
[490116.128305] tee (3927123): drop_caches: 3
[490120.257876] tee (3927130): drop_caches: 3
[490124.451550] tee (3927146): drop_caches: 3
[490128.582675] tee (3927151): drop_caches: 3
[490132.711705] tee (3927156): drop_caches: 3
[490136.843190] tee (3927161): drop_caches: 3
[490140.966403] tee (3927166): drop_caches: 3
[490145.079354] tee (3927172): drop_caches: 3
[490149.193037] tee (3927177): drop_caches: 3
[490153.441971] tee (3927193): drop_caches: 3
[490157.570584] tee (3927199): drop_caches: 3
[490161.703116] tee (3927204): drop_caches: 3
[490165.845364] tee (3927209): drop_caches: 3
[490169.973446] tee (3927214): drop_caches: 3
[490174.098816] tee (3927219): drop_caches: 3
[490178.217444] tee (3927227): drop_caches: 3
[490182.322177] tee (3927243): drop_caches: 3
[490186.542663] tee (3927248): drop_caches: 3
[490190.679361] tee (3927253): drop_caches: 3
[490194.813981] tee (3927259): drop_caches: 3
[490198.947031] tee (3927264): drop_caches: 3
[490203.068809] tee (3927269): drop_caches: 3
[490207.185363] tee (3927276): drop_caches: 3
[490211.302068] tee (3927289): drop_caches: 3
[490215.569870] tee (3927297): drop_caches: 3
[490219.696266] tee (3927302): drop_caches: 3
[490223.829428] tee (3927307): drop_caches: 3
[490227.976357] tee (3927312): drop_caches: 3
[490232.116956] tee (3927317): drop_caches: 3
[490236.243374] tee (3927325): drop_caches: 3
[490240.370900] tee (3927338): drop_caches: 3
[490244.489529] tee (3927346): drop_caches: 3
[490248.713808] tee (3927351): drop_caches: 3
[490252.845208] tee (3927356): drop_caches: 3
[490256.983485] tee (3927361): drop_caches: 3
[490261.108798] tee (3927366): drop_caches: 3
[490265.229685] tee (3927372): drop_caches: 3
[490269.348135] tee (3927377): drop_caches: 3
[490273.455358] tee (3927393): drop_caches: 3
[490277.793157] tee (3927398): drop_caches: 3
[490281.925017] tee (3927403): drop_caches: 3
[490286.052560] tee (3927408): drop_caches: 3
[490290.183064] tee (3927416): drop_caches: 3
[490294.325582] tee (3927421): drop_caches: 3
[490298.465917] tee (3927429): drop_caches: 3
[490302.583495] tee (3927445): drop_caches: 3
[490306.707374] tee (3927450): drop_caches: 3
[490310.936163] tee (3927455): drop_caches: 3
[490315.068108] tee (3927460): drop_caches: 3
[490319.197798] tee (3927465): drop_caches: 3
[490323.326804] tee (3927470): drop_caches: 3
[490326.209094] audit: type=1400 audit(1791331240.134:445): apparmor="DENIED" operation="open" class="file" profile="snap.firmware-updater.firmware-notifier" name="/proc/sys/vm/max_map_count" pid=3927473 comm="firmware-notifi" requested_mask="r" denied_mask="r" fsuid=1000 ouid=0
[490327.467333] tee (3927550): drop_caches: 3
[490331.588411] tee (3927563): drop_caches: 3
[490335.698769] tee (3927571): drop_caches: 3
[490339.861294] tee (3927576): drop_caches: 3
[490344.058625] tee (3927581): drop_caches: 3
[490348.188312] tee (3927586): drop_caches: 3
[490352.337639] tee (3927591): drop_caches: 3
[490356.462397] tee (3927599): drop_caches: 3
[490360.581201] tee (3927612): drop_caches: 3
[490364.695302] tee (3927620): drop_caches: 3
[490368.814310] tee (3927625): drop_caches: 3
[490373.051993] tee (3927630): drop_caches: 3
[490377.193689] tee (3927635): drop_caches: 3
[490381.324402] tee (3927640): drop_caches: 3
[490385.453366] tee (3927646): drop_caches: 3
[490389.583735] tee (3927651): drop_caches: 3
[490393.701605] tee (3927667): drop_caches: 3
[490397.822668] tee (3927672): drop_caches: 3
[490401.934774] tee (3927677): drop_caches: 3
[490406.136405] tee (3927682): drop_caches: 3
[490410.264758] tee (3927687): drop_caches: 3
[490414.390062] tee (3927698): drop_caches: 3
[490418.520822] tee (3927706): drop_caches: 3
[490422.635846] tee (3927724): drop_caches: 3
[490426.755134] tee (3927729): drop_caches: 3
[490430.878073] tee (3927735): drop_caches: 3
[490435.127524] tee (3927740): drop_caches: 3
[490439.255893] tee (3927745): drop_caches: 3
[490443.386331] tee (3927750): drop_caches: 3
[490447.532014] tee (3927756): drop_caches: 3
[490451.658398] tee (3927769): drop_caches: 3
[490455.773695] tee (3927777): drop_caches: 3
[490459.895275] tee (3927782): drop_caches: 3
[490464.009515] tee (3927787): drop_caches: 3
[490468.213582] tee (3927792): drop_caches: 3
[490472.342908] tee (3927797): drop_caches: 3
[490476.476221] tee (3927805): drop_caches: 3
[490480.599766] tee (3927818): drop_caches: 3
[490484.713324] tee (3927826): drop_caches: 3
[490488.829040] tee (3927831): drop_caches: 3
[490492.947536] tee (3927836): drop_caches: 3
[490497.198577] tee (3927841): drop_caches: 3
[490501.327793] tee (3927846): drop_caches: 3
[490505.485578] tee (3927851): drop_caches: 3
[490509.622278] tee (3927857): drop_caches: 3
[490513.743950] tee (3927873): drop_caches: 3
[490517.874453] tee (3927878): drop_caches: 3
[490521.998880] tee (3927883): drop_caches: 3
[490526.124319] tee (3927888): drop_caches: 3
[490530.332956] tee (3927893): drop_caches: 3
[490534.463206] tee (3927898): drop_caches: 3
[490538.594359] tee (3927907): drop_caches: 3
[490542.712833] tee (3927923): drop_caches: 3
[490546.838448] tee (3927928): drop_caches: 3
[490550.959825] tee (3927933): drop_caches: 3
[490555.070863] tee (3927938): drop_caches: 3
[490559.342714] tee (3927943): drop_caches: 3
[490563.469730] tee (3927948): drop_caches: 3
[490567.596902] tee (3927954): drop_caches: 3
[490571.732672] tee (3927967): drop_caches: 3
[490575.856907] tee (3927975): drop_caches: 3
[490579.996711] tee (3927980): drop_caches: 3
[490584.115691] tee (3927985): drop_caches: 3
[490588.230223] tee (3927993): drop_caches: 3
[490592.441094] tee (3927998): drop_caches: 3
[490596.574341] tee (3928006): drop_caches: 3
[490600.706328] tee (3928019): drop_caches: 3
[490604.829565] tee (3928027): drop_caches: 3
[490608.962721] tee (3928032): drop_caches: 3
[490613.078025] tee (3928037): drop_caches: 3
[490617.191698] tee (3928042): drop_caches: 3
[490621.470371] tee (3928047): drop_caches: 3
[490625.606607] tee (3928052): drop_caches: 3
[490629.731736] tee (3928058): drop_caches: 3
[490633.875630] tee (3928074): drop_caches: 3
[490638.047110] tee (3928079): drop_caches: 3
[490642.173595] tee (3928084): drop_caches: 3
[490646.293823] tee (3928089): drop_caches: 3
[490650.417623] tee (3928094): drop_caches: 3
[490654.634977] tee (3928099): drop_caches: 3
[490658.780404] tee (3928107): drop_caches: 3
[490662.904823] tee (3928123): drop_caches: 3
[490667.041250] tee (3928128): drop_caches: 3
[490671.166757] tee (3928133): drop_caches: 3
[490675.282344] tee (3928138): drop_caches: 3
[490679.399552] tee (3928143): drop_caches: 3
[490683.648558] tee (3928148): drop_caches: 3
[490687.824161] tee (3928153): drop_caches: 3
[490691.957215] tee (3928167): drop_caches: 3
[490696.075895] tee (3928175): drop_caches: 3
[490700.212872] tee (3928181): drop_caches: 3
[490704.345085] tee (3928186): drop_caches: 3
[490708.469674] tee (3928191): drop_caches: 3
[490712.585050] tee (3928196): drop_caches: 3
[490716.807522] tee (3928209): drop_caches: 3
[490720.942161] tee (3928224): drop_caches: 3
[490725.061132] tee (3928232): drop_caches: 3
[490729.188379] tee (3928237): drop_caches: 3
[490733.311983] tee (3928242): drop_caches: 3
[490737.435663] tee (3928247): drop_caches: 3
[490741.554630] tee (3928252): drop_caches: 3
[490745.671652] tee (3928257): drop_caches: 3
[490749.863255] tee (3928263): drop_caches: 3
[490753.988694] tee (3928279): drop_caches: 3
[490758.114913] tee (3928284): drop_caches: 3
[490762.236593] tee (3928289): drop_caches: 3
[490766.351957] tee (3928294): drop_caches: 3
[490770.474416] tee (3928299): drop_caches: 3
[490774.591948] tee (3928304): drop_caches: 3
[490778.829006] tee (3928312): drop_caches: 3
[490782.952600] tee (3928328): drop_caches: 3
[490787.083003] tee (3928333): drop_caches: 3
[490791.213045] tee (3928338): drop_caches: 3
[490795.336999] tee (3928344): drop_caches: 3
[490799.461400] tee (3928349): drop_caches: 3
[490803.589516] tee (3928354): drop_caches: 3
[490807.708823] tee (3928359): drop_caches: 3
[490811.913364] tee (3928374): drop_caches: 3
[490816.038513] tee (3928382): drop_caches: 3
[490820.172034] tee (3928387): drop_caches: 3
[490824.301928] tee (3928392): drop_caches: 3
[490828.418081] tee (3928397): drop_caches: 3
[490832.538179] tee (3928402): drop_caches: 3
[490836.700894] tee (3928410): drop_caches: 3
[490840.955645] tee (3928423): drop_caches: 3
[490845.075534] tee (3928558): drop_caches: 3
[490849.201440] tee (3928563): drop_caches: 3
[490853.331560] tee (3928568): drop_caches: 3
[490857.466535] tee (3928573): drop_caches: 3
[490861.596209] tee (3928578): drop_caches: 3
[490865.713294] tee (3928583): drop_caches: 3
[490869.833299] tee (3928588): drop_caches: 3
[490874.049137] tee (3928605): drop_caches: 3
[490878.181310] tee (3928610): drop_caches: 3
[490882.311518] tee (3928615): drop_caches: 3
[490886.445057] tee (3928620): drop_caches: 3
[490890.580585] tee (3928625): drop_caches: 3
[490894.696864] tee (3928633): drop_caches: 3
[490898.809246] tee (3928641): drop_caches: 3
[490903.084430] tee (3928657): drop_caches: 3
[490907.203133] tee (3928662): drop_caches: 3
[490911.338563] tee (3928667): drop_caches: 3
[490915.476034] tee (3928672): drop_caches: 3
[490919.612982] tee (3928677): drop_caches: 3
[490923.759341] tee (3928682): drop_caches: 3
[490927.888798] tee (3928687): drop_caches: 3
[490932.015034] tee (3928701): drop_caches: 3
[490936.230390] tee (3928710): drop_caches: 3
[490940.365394] tee (3928715): drop_caches: 3
[490944.502333] tee (3928720): drop_caches: 3
[490948.635976] tee (3928725): drop_caches: 3
[490952.758082] tee (3928730): drop_caches: 3
[490956.874826] tee (3928738): drop_caches: 3
[490960.986052] tee (3928751): drop_caches: 3
[490965.213279] tee (3928760): drop_caches: 3
[490969.387554] tee (3928765): drop_caches: 3
[490973.520393] tee (3928771): drop_caches: 3
[490977.658094] tee (3928776): drop_caches: 3
[490981.792278] tee (3928781): drop_caches: 3
[490985.926017] tee (3928786): drop_caches: 3
[490990.058329] tee (3928791): drop_caches: 3
[490994.160544] tee (3928808): drop_caches: 3
[490998.386282] tee (3928813): drop_caches: 3
[491002.521099] tee (3928818): drop_caches: 3
[491006.665401] tee (3928823): drop_caches: 3
[491010.841968] tee (3928828): drop_caches: 3
[491014.968767] tee (3928839): drop_caches: 3
[491019.086238] tee (3928847): drop_caches: 3
[491023.189924] tee (3928865): drop_caches: 3
[491027.303163] tee (3928870): drop_caches: 3
[491031.502078] tee (3928875): drop_caches: 3
[491035.644612] tee (3928880): drop_caches: 3
[491039.772202] tee (3928885): drop_caches: 3
[491043.904121] tee (3928890): drop_caches: 3
[491048.020456] tee (3928895): drop_caches: 3
[491052.132135] tee (3928909): drop_caches: 3
[491056.231318] tee (3928917): drop_caches: 3
[491060.475237] tee (3928922): drop_caches: 3
[491064.608854] tee (3928927): drop_caches: 3
[491068.747680] tee (3928932): drop_caches: 3
[491072.883726] tee (3928937): drop_caches: 3
[491077.014044] tee (3928945): drop_caches: 3
[491081.131084] tee (3928958): drop_caches: 3
