[831124.786125] tee (4111167): drop_caches: 3
[831130.354267] tee (4111173): drop_caches: 3
[831135.739285] tee (4111178): drop_caches: 3
[831140.880858] tee (4111184): drop_caches: 3
[831146.065574] tee (4111188): drop_caches: 3
[831151.154426] tee (4111192): drop_caches: 3
[831156.443700] tee (4111196): drop_caches: 3
[831161.859626] tee (4111202): drop_caches: 3
[831167.639546] tee (4111208): drop_caches: 3
[831172.879690] tee (4111212): drop_caches: 3
[831178.108317] tee (4111216): drop_caches: 3
[831183.268853] tee (4111220): drop_caches: 3
[831188.552590] tee (4111224): drop_caches: 3
[831194.085237] tee (4111231): drop_caches: 3
[831199.747183] tee (4111237): drop_caches: 3
[831204.918986] tee (4111241): drop_caches: 3
[831210.079414] tee (4111251): drop_caches: 3
[831215.324405] tee (4111255): drop_caches: 3
[831220.468305] tee (4111260): drop_caches: 3
[831226.106056] tee (4111265): drop_caches: 3
[831231.665634] tee (4111271): drop_caches: 3
[831236.870722] tee (4111275): drop_caches: 3
[831242.069105] tee (4111279): drop_caches: 3
[831247.406206] tee (4111283): drop_caches: 3
[831252.513993] tee (4111287): drop_caches: 3
[831258.354746] tee (4111293): drop_caches: 3
[831263.601076] tee (4111300): drop_caches: 3
[831268.791057] tee (4111304): drop_caches: 3
[831273.891188] tee (4111308): drop_caches: 3
[831278.674820] tee (4111322): drop_caches: 3
[831286.071516] tee (4111387): drop_caches: 3
[831292.147526] tee (4111392): drop_caches: 3
[831299.790423] tee (4111402): drop_caches: 3
[831305.531937] tee (4111431): drop_caches: 3
[831310.726693] tee (4111435): drop_caches: 3
[831315.787633] tee (4111439): drop_caches: 3
[831321.015037] tee (4111446): drop_caches: 3
[831323.259397] mix-mixB-greedy-4110625 phase=A END
[831323.267082] mix-mixB-greedy-4110625 phase=B START
[831925.815685] mix-mixB-greedy-4110625 phase=B END
[831926.010918] NVMeVirt: Measurement: command=stop epoch=1 host_bytes=131337535488 learner_active=0
[831926.557870] EXT4-fs (nvme0n1): unmounting filesystem f73e859a-7a31-4264-97e1-559fa85a321a.
[831926.748555] pci_bus 0001:10: busn_res: [bus 10-ff] is released
[831926.748704] NVMeVirt: GC stats: ns=0 policy=greedy host_pages=32064828 gc_pages=82867108 gc_count=1795811 WAF=3.584 warmup_gc=100-per-part
[831926.819540] NVMeVirt: Virtual NVMe device closed
[831929.800700] mix-mixB-fixed10-4111757 BEGIN
[831929.820445] NVMeVirt: Version 1.10 for >> Samsung 970 Pro SSD <<
[831929.820450] NVMeVirt: Storage: 0x100100000-0x300000000 (8191 MiB)
[831929.831902] NVMeVirt: Total Capacity(GiB,MiB)=2,2048 chs=2 luns=4 lines=8192 blk-size(MiB,KiB)=0,64 line-size(MiB,KiB)=0,256
[831929.843614] NVMeVirt: [chmodel_init] bandwidth 800 max_credits 26 tx_time 152
[831929.854140] NVMeVirt: [chmodel_init] bandwidth 800 max_credits 26 tx_time 152
[831929.854155] NVMeVirt: [chmodel_init] bandwidth 3360 max_credits 110 tx_time 36
[831929.854157] NVMeVirt: Fixed CAT init ns=0 part=0 arm=10 k=2 scale_pct=200 age_ratio=7
[831929.855368] NVMeVirt: pqueue: Copyright (c) 2014, Volkan Yazıcı <volkan.yazici@gmail.com>. All rights reserved.
[831929.855404] NVMeVirt: Init FTL instance with 2 channels (524288 pages)
[831929.855406] NVMeVirt: GC victim policy: cat-fig7-fixed ns=0 part=0 initial_k=2 initial_scale_pct=200 initial_age_ratio=7 warmup_gc=100
[831929.867230] NVMeVirt: [chmodel_init] bandwidth 800 max_credits 26 tx_time 152
[831929.877340] NVMeVirt: [chmodel_init] bandwidth 800 max_credits 26 tx_time 152
[831929.877356] NVMeVirt: [chmodel_init] bandwidth 3360 max_credits 110 tx_time 36
[831929.877358] NVMeVirt: Fixed CAT init ns=0 part=1 arm=10 k=2 scale_pct=200 age_ratio=7
[831929.878622] NVMeVirt: Init FTL instance with 2 channels (524288 pages)
[831929.878625] NVMeVirt: GC victim policy: cat-fig7-fixed ns=0 part=1 initial_k=2 initial_scale_pct=200 initial_age_ratio=7 warmup_gc=100
[831929.888992] NVMeVirt: [chmodel_init] bandwidth 800 max_credits 26 tx_time 152
[831929.900577] NVMeVirt: [chmodel_init] bandwidth 800 max_credits 26 tx_time 152
[831929.900592] NVMeVirt: [chmodel_init] bandwidth 3360 max_credits 110 tx_time 36
[831929.900594] NVMeVirt: Fixed CAT init ns=0 part=2 arm=10 k=2 scale_pct=200 age_ratio=7
[831929.901833] NVMeVirt: Init FTL instance with 2 channels (524288 pages)
[831929.901835] NVMeVirt: GC victim policy: cat-fig7-fixed ns=0 part=2 initial_k=2 initial_scale_pct=200 initial_age_ratio=7 warmup_gc=100
[831929.911790] NVMeVirt: [chmodel_init] bandwidth 800 max_credits 26 tx_time 152
[831929.921644] NVMeVirt: [chmodel_init] bandwidth 800 max_credits 26 tx_time 152
[831929.921658] NVMeVirt: [chmodel_init] bandwidth 3360 max_credits 110 tx_time 36
[831929.921660] NVMeVirt: Fixed CAT init ns=0 part=3 arm=10 k=2 scale_pct=200 age_ratio=7
[831929.923021] NVMeVirt: Init FTL instance with 2 channels (524288 pages)
[831929.923023] NVMeVirt: GC victim policy: cat-fig7-fixed ns=0 part=3 initial_k=2 initial_scale_pct=200 initial_age_ratio=7 warmup_gc=100
[831929.923029] NVMeVirt: FTL physical space: 8588886016, logical space: 8026996276 (physical/logical * 100 = 107)
[831929.923031] NVMeVirt: ns 0/1: size 7655 MiB
[831929.923080] PCI host bridge to bus 0001:10
[831929.923083] pci_bus 0001:10: root bus resource [io  0x0000-0xffff]
[831929.923086] pci_bus 0001:10: root bus resource [mem 0x00000000-0x7fffffffff]
[831929.923088] pci_bus 0001:10: root bus resource [bus 00-ff]
[831929.923097] pci 0001:10:00.0: [0c51:0110] type 00 class 0x010802 PCIe Endpoint
[831929.923102] pci 0001:10:00.0: BAR 0 [mem 0x100000000-0x100003fff 64bit]
[831929.923105] pci 0001:10:00.0: enabling Extended Tags
[831929.923247] NVMeVirt: Virtual PCI bus created (node 0)
[831929.923639] NVMeVirt: nvmev_io_worker_0 started on cpu 2 (node 0)
[831929.923755] NVMeVirt: Virtual NVMe device created
[831929.923929] nvme nvme0: pci function 0001:10:00.0
[831929.927336] NVMeVirt: nvmev_dispatcher started on cpu 1 (node 0)
[831929.928633] nvme nvme0: 8/0/0 default/read/poll queues
[831930.441187] EXT4-fs (nvme0n1): mounted filesystem b22af399-5049-4a3d-a93e-98a2c5416d38 r/w with ordered data mode. Quota mode: none.
[832012.651817] NVMeVirt: Fixed CAT init ns=0 part=0 arm=10 k=2 scale_pct=200 age_ratio=7
[832012.651824] NVMeVirt: Fixed CAT init ns=0 part=1 arm=10 k=2 scale_pct=200 age_ratio=7
[832012.651827] NVMeVirt: Fixed CAT init ns=0 part=2 arm=10 k=2 scale_pct=200 age_ratio=7
[832012.651829] NVMeVirt: Fixed CAT init ns=0 part=3 arm=10 k=2 scale_pct=200 age_ratio=7
[832012.651832] NVMeVirt: Measurement: command=start epoch=1 host_bytes=0 learner_active=1
[832012.661912] mix-mixB-fixed10-4111757 phase=A START
[832012.672873] mix-mixB-fixed10-4111757 phase=A LOAD
[832038.636028] mix-mixB-fixed10-4111757 phase=A RUN
[832042.893450] tee (4112051): drop_caches: 3
[832050.503498] tee (4112065): drop_caches: 3
[832056.481358] tee (4112071): drop_caches: 3
[832061.505331] tee (4112077): drop_caches: 3
[832066.545791] tee (4112081): drop_caches: 3
[832071.688309] tee (4112087): drop_caches: 3
[832076.738126] tee (4112091): drop_caches: 3
[832081.843495] tee (4112095): drop_caches: 3
[832086.626477] tee (4112104): drop_caches: 3
[832091.917019] tee (4112108): drop_caches: 3
[832096.973066] tee (4112112): drop_caches: 3
[832102.136271] tee (4112119): drop_caches: 3
[832107.308095] tee (4112123): drop_caches: 3
[832112.528112] tee (4112127): drop_caches: 3
[832116.953350] tee (4112135): drop_caches: 3
[832122.159258] tee (4112139): drop_caches: 3
[832127.239360] tee (4112143): drop_caches: 3
[832132.349920] tee (4112148): drop_caches: 3
[832137.514445] tee (4112152): drop_caches: 3
[832142.659766] tee (4112156): drop_caches: 3
[832147.182105] tee (4112163): drop_caches: 3
[832153.436051] tee (4112196): drop_caches: 3
[832160.512000] tee (4112209): drop_caches: 3
[832165.993309] tee (4112217): drop_caches: 3
[832171.237357] tee (4112231): drop_caches: 3
[832176.310468] tee (4112237): drop_caches: 3
[832181.222489] tee (4112245): drop_caches: 3
[832186.579055] tee (4112251): drop_caches: 3
[832191.679026] tee (4112256): drop_caches: 3
[832196.614603] tee (4112260): drop_caches: 3
[832201.837598] tee (4112264): drop_caches: 3
[832207.051743] tee (4112268): drop_caches: 3
[832211.673304] tee (4112275): drop_caches: 3
[832216.799177] tee (4112279): drop_caches: 3
[832221.885936] tee (4112285): drop_caches: 3
[832226.986946] tee (4112289): drop_caches: 3
[832232.039548] tee (4112298): drop_caches: 3
[832237.201130] tee (4112308): drop_caches: 3
[832241.632821] tee (4112315): drop_caches: 3
[832246.880761] tee (4112319): drop_caches: 3
[832251.962957] tee (4112324): drop_caches: 3
[832257.086390] tee (4112328): drop_caches: 3
[832262.213840] tee (4112332): drop_caches: 3
[832267.494380] tee (4112336): drop_caches: 3
[832271.937288] tee (4112343): drop_caches: 3
[832277.139586] tee (4112347): drop_caches: 3
[832282.219821] tee (4112351): drop_caches: 3
[832287.369740] tee (4112355): drop_caches: 3
[832292.521441] tee (4112361): drop_caches: 3
[832297.784520] tee (4112365): drop_caches: 3
[832302.232434] tee (4112372): drop_caches: 3
[832307.926574] tee (4112377): drop_caches: 3
[832313.100793] tee (4112382): drop_caches: 3
[832318.306706] tee (4112386): drop_caches: 3
[832323.503467] tee (4112390): drop_caches: 3
[832328.629529] tee (4112394): drop_caches: 3
[832333.059509] tee (4112401): drop_caches: 3
[832338.334045] tee (4112405): drop_caches: 3
[832343.421030] tee (4112411): drop_caches: 3
[832348.495354] tee (4112415): drop_caches: 3
[832353.491474] tee (4112419): drop_caches: 3
[832358.762652] tee (4112424): drop_caches: 3
[832363.351335] tee (4112431): drop_caches: 3
[832368.541184] tee (4112435): drop_caches: 3
[832373.613184] tee (4112439): drop_caches: 3
[832378.668323] tee (4112443): drop_caches: 3
[832384.386680] tee (4112450): drop_caches: 3
[832388.322734] mix-mixB-fixed10-4111757 phase=A END
[832388.331465] mix-mixB-fixed10-4111757 phase=B START
[832990.564241] mix-mixB-fixed10-4111757 phase=B END
[832990.752768] NVMeVirt: Measurement: command=stop epoch=1 host_bytes=131750764544 learner_active=0
[832993.812669] EXT4-fs (nvme0n1): unmounting filesystem b22af399-5049-4a3d-a93e-98a2c5416d38.
[832993.992849] pci_bus 0001:10: busn_res: [bus 10-ff] is released
[832993.992901] NVMeVirt: GC stats: ns=0 policy=cat-fig7-fixed host_pages=32165714 gc_pages=85736579 gc_count=1842223 WAF=3.665 warmup_gc=100-per-part
[832994.065908] NVMeVirt: Virtual NVMe device closed
[832997.057156] mix-mixB-fixed37-4112936 BEGIN
[832997.095625] NVMeVirt: Version 1.10 for >> Samsung 970 Pro SSD <<
[832997.095644] NVMeVirt: Storage: 0x100100000-0x300000000 (8191 MiB)
[832997.106989] NVMeVirt: Total Capacity(GiB,MiB)=2,2048 chs=2 luns=4 lines=8192 blk-size(MiB,KiB)=0,64 line-size(MiB,KiB)=0,256
[832997.120588] NVMeVirt: [chmodel_init] bandwidth 800 max_credits 26 tx_time 152
[832997.130821] NVMeVirt: [chmodel_init] bandwidth 800 max_credits 26 tx_time 152
[832997.130836] NVMeVirt: [chmodel_init] bandwidth 3360 max_credits 110 tx_time 36
[832997.130838] NVMeVirt: Fixed CAT init ns=0 part=0 arm=37 k=7 scale_pct=100 age_ratio=7
[832997.132087] NVMeVirt: pqueue: Copyright (c) 2014, Volkan Yazıcı <volkan.yazici@gmail.com>. All rights reserved.
[832997.132123] NVMeVirt: Init FTL instance with 2 channels (524288 pages)
[832997.132125] NVMeVirt: GC victim policy: cat-fig7-fixed ns=0 part=0 initial_k=7 initial_scale_pct=100 initial_age_ratio=7 warmup_gc=100
[832997.144873] NVMeVirt: [chmodel_init] bandwidth 800 max_credits 26 tx_time 152
[832997.155858] NVMeVirt: [chmodel_init] bandwidth 800 max_credits 26 tx_time 152
[832997.155873] NVMeVirt: [chmodel_init] bandwidth 3360 max_credits 110 tx_time 36
[832997.155875] NVMeVirt: Fixed CAT init ns=0 part=1 arm=37 k=7 scale_pct=100 age_ratio=7
[832997.157244] NVMeVirt: Init FTL instance with 2 channels (524288 pages)
[832997.157247] NVMeVirt: GC victim policy: cat-fig7-fixed ns=0 part=1 initial_k=7 initial_scale_pct=100 initial_age_ratio=7 warmup_gc=100
[832997.167320] NVMeVirt: [chmodel_init] bandwidth 800 max_credits 26 tx_time 152
[832997.180511] NVMeVirt: [chmodel_init] bandwidth 800 max_credits 26 tx_time 152
[832997.180530] NVMeVirt: [chmodel_init] bandwidth 3360 max_credits 110 tx_time 36
[832997.180533] NVMeVirt: Fixed CAT init ns=0 part=2 arm=37 k=7 scale_pct=100 age_ratio=7
[832997.181924] NVMeVirt: Init FTL instance with 2 channels (524288 pages)
[832997.181927] NVMeVirt: GC victim policy: cat-fig7-fixed ns=0 part=2 initial_k=7 initial_scale_pct=100 initial_age_ratio=7 warmup_gc=100
[832997.192087] NVMeVirt: [chmodel_init] bandwidth 800 max_credits 26 tx_time 152
[832997.202165] NVMeVirt: [chmodel_init] bandwidth 800 max_credits 26 tx_time 152
[832997.202186] NVMeVirt: [chmodel_init] bandwidth 3360 max_credits 110 tx_time 36
[832997.202189] NVMeVirt: Fixed CAT init ns=0 part=3 arm=37 k=7 scale_pct=100 age_ratio=7
[832997.203926] NVMeVirt: Init FTL instance with 2 channels (524288 pages)
[832997.203931] NVMeVirt: GC victim policy: cat-fig7-fixed ns=0 part=3 initial_k=7 initial_scale_pct=100 initial_age_ratio=7 warmup_gc=100
[832997.203940] NVMeVirt: FTL physical space: 8588886016, logical space: 8026996276 (physical/logical * 100 = 107)
[832997.203942] NVMeVirt: ns 0/1: size 7655 MiB
[832997.204013] PCI host bridge to bus 0001:10
[832997.204016] pci_bus 0001:10: root bus resource [io  0x0000-0xffff]
[832997.204020] pci_bus 0001:10: root bus resource [mem 0x00000000-0x7fffffffff]
[832997.204023] pci_bus 0001:10: root bus resource [bus 00-ff]
[832997.204034] pci 0001:10:00.0: [0c51:0110] type 00 class 0x010802 PCIe Endpoint
[832997.204040] pci 0001:10:00.0: BAR 0 [mem 0x100000000-0x100003fff 64bit]
[832997.204044] pci 0001:10:00.0: enabling Extended Tags
[832997.204226] NVMeVirt: Virtual PCI bus created (node 0)
[832997.204653] NVMeVirt: nvmev_io_worker_0 started on cpu 2 (node 0)
[832997.204854] NVMeVirt: Virtual NVMe device created
[832997.205054] nvme nvme0: pci function 0001:10:00.0
[832997.205633] NVMeVirt: nvmev_dispatcher started on cpu 1 (node 0)
[832997.207507] nvme nvme0: 8/0/0 default/read/poll queues
[832997.549254] EXT4-fs (nvme0n1): mounted filesystem fadef35a-921e-4109-b32c-45170f8a90b6 r/w with ordered data mode. Quota mode: none.
[833079.720067] NVMeVirt: Fixed CAT init ns=0 part=0 arm=37 k=7 scale_pct=100 age_ratio=7
[833079.720072] NVMeVirt: Fixed CAT init ns=0 part=1 arm=37 k=7 scale_pct=100 age_ratio=7
[833079.720074] NVMeVirt: Fixed CAT init ns=0 part=2 arm=37 k=7 scale_pct=100 age_ratio=7
[833079.720076] NVMeVirt: Fixed CAT init ns=0 part=3 arm=37 k=7 scale_pct=100 age_ratio=7
[833079.720077] NVMeVirt: Measurement: command=start epoch=1 host_bytes=0 learner_active=1
[833079.728914] mix-mixB-fixed37-4112936 phase=A START
[833079.741092] mix-mixB-fixed37-4112936 phase=A LOAD
[833107.444567] mix-mixB-fixed37-4112936 phase=A RUN
[833111.805987] tee (4113312): drop_caches: 3
[833117.190900] tee (4113316): drop_caches: 3
[833121.857962] tee (4113323): drop_caches: 3
[833127.089716] tee (4113327): drop_caches: 3
[833132.211857] tee (4113331): drop_caches: 3
[833137.328673] tee (4113335): drop_caches: 3
[833142.575121] tee (4113339): drop_caches: 3
[833147.797001] tee (4113343): drop_caches: 3
[833152.254407] tee (4113350): drop_caches: 3
[833157.664651] tee (4113355): drop_caches: 3
[833162.880207] tee (4113359): drop_caches: 3
[833168.079994] tee (4113363): drop_caches: 3
[833173.310777] tee (4113367): drop_caches: 3
[833178.478883] tee (4113371): drop_caches: 3
[833182.875270] tee (4113380): drop_caches: 3
[833188.263495] tee (4113385): drop_caches: 3
[833193.351369] tee (4113389): drop_caches: 3
[833198.465491] tee (4113393): drop_caches: 3
[833203.711495] tee (4113397): drop_caches: 3
[833209.375090] tee (4113404): drop_caches: 3
[833213.791367] tee (4113411): drop_caches: 3
[833219.075934] tee (4113415): drop_caches: 3
[833224.212014] tee (4113419): drop_caches: 3
[833229.431207] tee (4113423): drop_caches: 3
[833234.845217] tee (4113427): drop_caches: 3
[833240.045421] tee (4113431): drop_caches: 3
[833244.419121] tee (4113438): drop_caches: 3
[833249.663172] tee (4113442): drop_caches: 3
[833254.882141] tee (4113446): drop_caches: 3
[833260.005303] tee (4113450): drop_caches: 3
[833265.259708] tee (4113455): drop_caches: 3
[833270.460633] tee (4113459): drop_caches: 3
[833274.879668] tee (4113466): drop_caches: 3
[833280.177707] tee (4113471): drop_caches: 3
[833285.631439] tee (4113476): drop_caches: 3
[833291.188732] tee (4113483): drop_caches: 3
[833296.435567] tee (4113487): drop_caches: 3
[833301.608502] tee (4113499): drop_caches: 3
[833306.181621] tee (4113512): drop_caches: 3
[833311.316966] tee (4113516): drop_caches: 3
[833316.367784] tee (4113520): drop_caches: 3
[833321.508987] tee (4113525): drop_caches: 3
[833326.793936] tee (4113529): drop_caches: 3
[833332.029827] tee (4113534): drop_caches: 3
[833336.522001] tee (4113541): drop_caches: 3
[833341.712651] tee (4113545): drop_caches: 3
[833346.866225] tee (4113549): drop_caches: 3
[833351.966406] tee (4113553): drop_caches: 3
[833357.092503] tee (4113557): drop_caches: 3
[833362.479008] tee (4113561): drop_caches: 3
[833366.961460] tee (4113569): drop_caches: 3
[833372.184735] tee (4113574): drop_caches: 3
[833377.331048] tee (4113579): drop_caches: 3
[833382.523153] tee (4113585): drop_caches: 3
[833387.614830] tee (4113589): drop_caches: 3
[833392.794646] tee (4113593): drop_caches: 3
[833397.222497] tee (4113599): drop_caches: 3
[833402.542079] tee (4113604): drop_caches: 3
[833407.635670] tee (4113608): drop_caches: 3
[833412.856859] tee (4113613): drop_caches: 3
[833418.140718] tee (4113617): drop_caches: 3
[833423.340784] tee (4113623): drop_caches: 3
[833431.461893] tee (4113632): drop_caches: 3
[833435.631108] mix-mixB-fixed37-4112936 phase=A END
[833435.640441] mix-mixB-fixed37-4112936 phase=B START
[834037.813982] mix-mixB-fixed37-4112936 phase=B END
[834037.952522] NVMeVirt: Measurement: command=stop epoch=1 host_bytes=131571777536 learner_active=0
[834041.075306] EXT4-fs (nvme0n1): unmounting filesystem fadef35a-921e-4109-b32c-45170f8a90b6.
[834041.292288] pci_bus 0001:10: busn_res: [bus 10-ff] is released
[834041.292373] NVMeVirt: GC stats: ns=0 policy=cat-fig7-fixed host_pages=32122016 gc_pages=70598706 gc_count=1605011 WAF=3.197 warmup_gc=100-per-part
[834041.365239] NVMeVirt: Virtual NVMe device closed
[834044.124487] mix-mixB-fixed47-4114122 BEGIN
[834044.146881] NVMeVirt: Version 1.10 for >> Samsung 970 Pro SSD <<
[834044.146887] NVMeVirt: Storage: 0x100100000-0x300000000 (8191 MiB)
[834044.158037] NVMeVirt: Total Capacity(GiB,MiB)=2,2048 chs=2 luns=4 lines=8192 blk-size(MiB,KiB)=0,64 line-size(MiB,KiB)=0,256
[834044.169914] NVMeVirt: [chmodel_init] bandwidth 800 max_credits 26 tx_time 152
[834044.180754] NVMeVirt: [chmodel_init] bandwidth 800 max_credits 26 tx_time 152
[834044.180769] NVMeVirt: [chmodel_init] bandwidth 3360 max_credits 110 tx_time 36
[834044.180771] NVMeVirt: Fixed CAT init ns=0 part=0 arm=47 k=10 scale_pct=25 age_ratio=16
[834044.181698] NVMeVirt: pqueue: Copyright (c) 2014, Volkan Yazıcı <volkan.yazici@gmail.com>. All rights reserved.
[834044.181736] NVMeVirt: Init FTL instance with 2 channels (524288 pages)
[834044.181738] NVMeVirt: GC victim policy: cat-fig7-fixed ns=0 part=0 initial_k=10 initial_scale_pct=25 initial_age_ratio=16 warmup_gc=100
[834044.192357] NVMeVirt: [chmodel_init] bandwidth 800 max_credits 26 tx_time 152
[834044.202947] NVMeVirt: [chmodel_init] bandwidth 800 max_credits 26 tx_time 152
[834044.202968] NVMeVirt: [chmodel_init] bandwidth 3360 max_credits 110 tx_time 36
[834044.202970] NVMeVirt: Fixed CAT init ns=0 part=1 arm=47 k=10 scale_pct=25 age_ratio=16
[834044.204405] NVMeVirt: Init FTL instance with 2 channels (524288 pages)
[834044.204411] NVMeVirt: GC victim policy: cat-fig7-fixed ns=0 part=1 initial_k=10 initial_scale_pct=25 initial_age_ratio=16 warmup_gc=100
[834044.214897] NVMeVirt: [chmodel_init] bandwidth 800 max_credits 26 tx_time 152
[834044.225055] NVMeVirt: [chmodel_init] bandwidth 800 max_credits 26 tx_time 152
[834044.225072] NVMeVirt: [chmodel_init] bandwidth 3360 max_credits 110 tx_time 36
[834044.225074] NVMeVirt: Fixed CAT init ns=0 part=2 arm=47 k=10 scale_pct=25 age_ratio=16
[834044.226056] NVMeVirt: Init FTL instance with 2 channels (524288 pages)
[834044.226059] NVMeVirt: GC victim policy: cat-fig7-fixed ns=0 part=2 initial_k=10 initial_scale_pct=25 initial_age_ratio=16 warmup_gc=100
[834044.236090] NVMeVirt: [chmodel_init] bandwidth 800 max_credits 26 tx_time 152
[834044.246554] NVMeVirt: [chmodel_init] bandwidth 800 max_credits 26 tx_time 152
[834044.246568] NVMeVirt: [chmodel_init] bandwidth 3360 max_credits 110 tx_time 36
[834044.246570] NVMeVirt: Fixed CAT init ns=0 part=3 arm=47 k=10 scale_pct=25 age_ratio=16
[834044.247529] NVMeVirt: Init FTL instance with 2 channels (524288 pages)
[834044.247532] NVMeVirt: GC victim policy: cat-fig7-fixed ns=0 part=3 initial_k=10 initial_scale_pct=25 initial_age_ratio=16 warmup_gc=100
[834044.247538] NVMeVirt: FTL physical space: 8588886016, logical space: 8026996276 (physical/logical * 100 = 107)
[834044.247540] NVMeVirt: ns 0/1: size 7655 MiB
[834044.247589] PCI host bridge to bus 0001:10
[834044.247591] pci_bus 0001:10: root bus resource [io  0x0000-0xffff]
[834044.247593] pci_bus 0001:10: root bus resource [mem 0x00000000-0x7fffffffff]
[834044.247596] pci_bus 0001:10: root bus resource [bus 00-ff]
[834044.247617] pci 0001:10:00.0: [0c51:0110] type 00 class 0x010802 PCIe Endpoint
[834044.247621] pci 0001:10:00.0: BAR 0 [mem 0x100000000-0x100003fff 64bit]
[834044.247624] pci 0001:10:00.0: enabling Extended Tags
[834044.247749] NVMeVirt: Virtual PCI bus created (node 0)
[834044.248011] NVMeVirt: nvmev_io_worker_0 started on cpu 2 (node 0)
[834044.248066] NVMeVirt: nvmev_dispatcher started on cpu 1 (node 0)
[834044.248148] NVMeVirt: Virtual NVMe device created
[834044.248302] nvme nvme0: pci function 0001:10:00.0
[834044.250665] nvme nvme0: 8/0/0 default/read/poll queues
[834044.715982] EXT4-fs (nvme0n1): mounted filesystem d9046d9d-42cc-498b-9c45-56baed715e32 r/w with ordered data mode. Quota mode: none.
[834126.911543] NVMeVirt: Fixed CAT init ns=0 part=0 arm=47 k=10 scale_pct=25 age_ratio=16
[834126.911563] NVMeVirt: Fixed CAT init ns=0 part=1 arm=47 k=10 scale_pct=25 age_ratio=16
[834126.911566] NVMeVirt: Fixed CAT init ns=0 part=2 arm=47 k=10 scale_pct=25 age_ratio=16
[834126.911569] NVMeVirt: Fixed CAT init ns=0 part=3 arm=47 k=10 scale_pct=25 age_ratio=16
[834126.911571] NVMeVirt: Measurement: command=start epoch=1 host_bytes=0 learner_active=1
[834126.921043] mix-mixB-fixed47-4114122 phase=A START
[834126.933820] mix-mixB-fixed47-4114122 phase=A LOAD
[834152.694598] mix-mixB-fixed47-4114122 phase=A RUN
[834157.038300] tee (4114405): drop_caches: 3
[834162.386508] tee (4114409): drop_caches: 3
[834166.795901] tee (4114416): drop_caches: 3
[834172.031929] tee (4114420): drop_caches: 3
[834177.036519] tee (4114424): drop_caches: 3
[834182.033787] tee (4114428): drop_caches: 3
[834187.131262] tee (4114433): drop_caches: 3
[834192.174242] tee (4114437): drop_caches: 3
[834196.628791] tee (4114444): drop_caches: 3
[834201.763125] tee (4114448): drop_caches: 3
[834206.808483] tee (4114452): drop_caches: 3
[834211.953931] tee (4114456): drop_caches: 3
[834216.984988] tee (4114460): drop_caches: 3
[834222.073636] tee (4114464): drop_caches: 3
[834227.075869] tee (4114469): drop_caches: 3
[834232.427914] tee (4114475): drop_caches: 3
[834237.637030] tee (4114479): drop_caches: 3
[834242.900088] tee (4114483): drop_caches: 3
[834248.122849] tee (4114488): drop_caches: 3
[834254.645171] tee (4114497): drop_caches: 3
[834259.345594] tee (4114504): drop_caches: 3
[834264.524789] tee (4114510): drop_caches: 3
[834269.863505] tee (4114515): drop_caches: 3
[834275.036907] tee (4114519): drop_caches: 3
[834280.188251] tee (4114547): drop_caches: 3
[834287.560427] tee (4114595): drop_caches: 3
[834293.937459] tee (4114625): drop_caches: 3
[834301.575412] tee (4114661): drop_caches: 3
[834311.342852] tee (4114701): drop_caches: 3
[834321.555947] tee (4114759): drop_caches: 3
[834327.637093] tee (4114764): drop_caches: 3
[834336.371038] tee (4114773): drop_caches: 3
[834341.725521] tee (4114777): drop_caches: 3
[834346.919321] tee (4114781): drop_caches: 3
[834352.138232] tee (4114793): drop_caches: 3
[834357.412071] tee (4114797): drop_caches: 3
[834362.302782] tee (4114803): drop_caches: 3
[834367.848532] tee (4114810): drop_caches: 3
[834373.210323] tee (4114814): drop_caches: 3
[834378.301276] tee (4114818): drop_caches: 3
[834383.638583] tee (4114825): drop_caches: 3
[834388.758254] tee (4114829): drop_caches: 3
[834393.878050] tee (4114834): drop_caches: 3
[834399.042729] tee (4114840): drop_caches: 3
[834404.304364] tee (4114845): drop_caches: 3
[834409.491225] tee (4114849): drop_caches: 3
[834414.563222] tee (4114853): drop_caches: 3
[834419.751656] tee (4114857): drop_caches: 3
[834425.074215] tee (4114866): drop_caches: 3
[834430.454704] tee (4114871): drop_caches: 3
[834435.598330] tee (4114875): drop_caches: 3
[834440.712127] tee (4114879): drop_caches: 3
[834445.798040] tee (4114883): drop_caches: 3
[834450.921812] tee (4114887): drop_caches: 3
[834456.265268] tee (4114894): drop_caches: 3
[834461.635768] tee (4114899): drop_caches: 3
[834466.821725] tee (4114903): drop_caches: 3
[834471.963904] tee (4114908): drop_caches: 3
[834477.274931] tee (4114913): drop_caches: 3
[834482.487975] tee (4114917): drop_caches: 3
[834487.737155] tee (4114923): drop_caches: 3
[834493.519190] tee (4114929): drop_caches: 3
[834498.649445] tee (4114933): drop_caches: 3
[834503.800349] tee (4114939): drop_caches: 3
[834508.968707] tee (4114949): drop_caches: 3
[834514.005062] tee (4114955): drop_caches: 3
[834518.990564] tee (4114961): drop_caches: 3
[834524.107126] tee (4114967): drop_caches: 3
[834529.210464] tee (4114971): drop_caches: 3
[834534.215232] tee (4114975): drop_caches: 3
[834539.199700] tee (4114979): drop_caches: 3
[834544.253302] tee (4114983): drop_caches: 3
[834549.245386] tee (4114987): drop_caches: 3
[834553.630946] tee (4114994): drop_caches: 3
[834559.190698] tee (4114998): drop_caches: 3
[834564.280886] tee (4115002): drop_caches: 3
[834569.394231] tee (4115007): drop_caches: 3
[834574.484127] tee (4115011): drop_caches: 3
[834579.234959] tee (4115018): drop_caches: 3
[834583.698937] tee (4115037): drop_caches: 3
[834590.797407] tee (4115059): drop_caches: 3
[834596.469392] tee (4115075): drop_caches: 3
[834601.879558] tee (4115089): drop_caches: 3
[834607.711599] tee (4115094): drop_caches: 3
[834612.082108] tee (4115101): drop_caches: 3
[834617.389538] tee (4115110): drop_caches: 3
[834619.969919] mix-mixB-fixed47-4114122 phase=A END
[834619.977024] mix-mixB-fixed47-4114122 phase=B START
[835221.980088] mix-mixB-fixed47-4114122 phase=B END
[835222.208529] NVMeVirt: Measurement: command=stop epoch=1 host_bytes=131392811008 learner_active=0
[835222.807866] EXT4-fs (nvme0n1): unmounting filesystem d9046d9d-42cc-498b-9c45-56baed715e32.
[835222.995748] pci_bus 0001:10: busn_res: [bus 10-ff] is released
[835222.995832] NVMeVirt: GC stats: ns=0 policy=cat-fig7-fixed host_pages=32078323 gc_pages=46857427 gc_count=1233371 WAF=2.460 warmup_gc=100-per-part
[835223.067733] NVMeVirt: Virtual NVMe device closed
[835226.256051] mix-mixB-fixed50-4115451 BEGIN
[835226.277103] NVMeVirt: Version 1.10 for >> Samsung 970 Pro SSD <<
[835226.277109] NVMeVirt: Storage: 0x100100000-0x300000000 (8191 MiB)
[835226.288184] NVMeVirt: Total Capacity(GiB,MiB)=2,2048 chs=2 luns=4 lines=8192 blk-size(MiB,KiB)=0,64 line-size(MiB,KiB)=0,256
[835226.302974] NVMeVirt: [chmodel_init] bandwidth 800 max_credits 26 tx_time 152
[835226.318640] NVMeVirt: [chmodel_init] bandwidth 800 max_credits 26 tx_time 152
[835226.318656] NVMeVirt: [chmodel_init] bandwidth 3360 max_credits 110 tx_time 36
[835226.318659] NVMeVirt: Fixed CAT init ns=0 part=0 arm=50 k=10 scale_pct=50 age_ratio=16
[835226.320021] NVMeVirt: pqueue: Copyright (c) 2014, Volkan Yazıcı <volkan.yazici@gmail.com>. All rights reserved.
[835226.320077] NVMeVirt: Init FTL instance with 2 channels (524288 pages)
[835226.320079] NVMeVirt: GC victim policy: cat-fig7-fixed ns=0 part=0 initial_k=10 initial_scale_pct=50 initial_age_ratio=16 warmup_gc=100
[835226.330764] NVMeVirt: [chmodel_init] bandwidth 800 max_credits 26 tx_time 152
[835226.340895] NVMeVirt: [chmodel_init] bandwidth 800 max_credits 26 tx_time 152
[835226.340909] NVMeVirt: [chmodel_init] bandwidth 3360 max_credits 110 tx_time 36
[835226.340911] NVMeVirt: Fixed CAT init ns=0 part=1 arm=50 k=10 scale_pct=50 age_ratio=16
[835226.341854] NVMeVirt: Init FTL instance with 2 channels (524288 pages)
[835226.341857] NVMeVirt: GC victim policy: cat-fig7-fixed ns=0 part=1 initial_k=10 initial_scale_pct=50 initial_age_ratio=16 warmup_gc=100
[835226.351992] NVMeVirt: [chmodel_init] bandwidth 800 max_credits 26 tx_time 152
[835226.362492] NVMeVirt: [chmodel_init] bandwidth 800 max_credits 26 tx_time 152
[835226.362507] NVMeVirt: [chmodel_init] bandwidth 3360 max_credits 110 tx_time 36
[835226.362509] NVMeVirt: Fixed CAT init ns=0 part=2 arm=50 k=10 scale_pct=50 age_ratio=16
[835226.363564] NVMeVirt: Init FTL instance with 2 channels (524288 pages)
[835226.363568] NVMeVirt: GC victim policy: cat-fig7-fixed ns=0 part=2 initial_k=10 initial_scale_pct=50 initial_age_ratio=16 warmup_gc=100
[835226.373968] NVMeVirt: [chmodel_init] bandwidth 800 max_credits 26 tx_time 152
[835226.384147] NVMeVirt: [chmodel_init] bandwidth 800 max_credits 26 tx_time 152
[835226.384161] NVMeVirt: [chmodel_init] bandwidth 3360 max_credits 110 tx_time 36
[835226.384163] NVMeVirt: Fixed CAT init ns=0 part=3 arm=50 k=10 scale_pct=50 age_ratio=16
[835226.385179] NVMeVirt: Init FTL instance with 2 channels (524288 pages)
[835226.385181] NVMeVirt: GC victim policy: cat-fig7-fixed ns=0 part=3 initial_k=10 initial_scale_pct=50 initial_age_ratio=16 warmup_gc=100
[835226.385188] NVMeVirt: FTL physical space: 8588886016, logical space: 8026996276 (physical/logical * 100 = 107)
[835226.385190] NVMeVirt: ns 0/1: size 7655 MiB
[835226.385240] PCI host bridge to bus 0001:10
[835226.385242] pci_bus 0001:10: root bus resource [io  0x0000-0xffff]
[835226.385245] pci_bus 0001:10: root bus resource [mem 0x00000000-0x7fffffffff]
[835226.385247] pci_bus 0001:10: root bus resource [bus 00-ff]
[835226.385268] pci 0001:10:00.0: [0c51:0110] type 00 class 0x010802 PCIe Endpoint
[835226.385272] pci 0001:10:00.0: BAR 0 [mem 0x100000000-0x100003fff 64bit]
[835226.385275] pci 0001:10:00.0: enabling Extended Tags
[835226.385397] NVMeVirt: Virtual PCI bus created (node 0)
[835226.385707] NVMeVirt: nvmev_io_worker_0 started on cpu 2 (node 0)
[835226.385775] NVMeVirt: Virtual NVMe device created
[835226.385793] NVMeVirt: nvmev_dispatcher started on cpu 1 (node 0)
[835226.385899] nvme nvme0: pci function 0001:10:00.0
[835226.390340] nvme nvme0: 8/0/0 default/read/poll queues
[835226.888965] EXT4-fs (nvme0n1): mounted filesystem e046795f-5d7f-4dbf-a1ed-f5b458f73e2b r/w with ordered data mode. Quota mode: none.
[835309.040509] NVMeVirt: Fixed CAT init ns=0 part=0 arm=50 k=10 scale_pct=50 age_ratio=16
[835309.040516] NVMeVirt: Fixed CAT init ns=0 part=1 arm=50 k=10 scale_pct=50 age_ratio=16
[835309.040518] NVMeVirt: Fixed CAT init ns=0 part=2 arm=50 k=10 scale_pct=50 age_ratio=16
[835309.040521] NVMeVirt: Fixed CAT init ns=0 part=3 arm=50 k=10 scale_pct=50 age_ratio=16
[835309.040523] NVMeVirt: Measurement: command=start epoch=1 host_bytes=0 learner_active=1
[835309.050471] mix-mixB-fixed50-4115451 phase=A START
[835309.063682] mix-mixB-fixed50-4115451 phase=A LOAD
[835336.342258] mix-mixB-fixed50-4115451 phase=A RUN
[835340.585206] tee (4115747): drop_caches: 3
[835345.970045] tee (4115753): drop_caches: 3
[835350.420885] tee (4115761): drop_caches: 3
[835355.799331] tee (4115766): drop_caches: 3
[835360.810318] tee (4115771): drop_caches: 3
[835365.877422] tee (4115775): drop_caches: 3
[835370.973775] tee (4115781): drop_caches: 3
[835375.990423] tee (4115785): drop_caches: 3
[835380.404447] tee (4115792): drop_caches: 3
[835385.631567] tee (4115796): drop_caches: 3
[835390.850277] tee (4115800): drop_caches: 3
[835395.983165] tee (4115804): drop_caches: 3
[835401.094042] tee (4115808): drop_caches: 3
[835406.589791] tee (4115812): drop_caches: 3
[835411.013045] tee (4115819): drop_caches: 3
[835416.273726] tee (4115824): drop_caches: 3
[835421.440650] tee (4115828): drop_caches: 3
[835426.650642] tee (4115832): drop_caches: 3
[835431.788606] tee (4115836): drop_caches: 3
[835436.951453] tee (4115840): drop_caches: 3
[835441.433809] tee (4115847): drop_caches: 3
[835446.586969] tee (4115851): drop_caches: 3
[835451.684948] tee (4115856): drop_caches: 3
[835456.805253] tee (4115860): drop_caches: 3
[835461.995960] tee (4115866): drop_caches: 3
[835467.260425] tee (4115870): drop_caches: 3
[835471.738819] tee (4115877): drop_caches: 3
[835477.276625] tee (4115883): drop_caches: 3
[835482.833445] tee (4115934): drop_caches: 3
[835488.434998] tee (4115966): drop_caches: 3
[835493.576360] tee (4115970): drop_caches: 3
[835498.688037] tee (4115974): drop_caches: 3
[835503.070605] tee (4115981): drop_caches: 3
[835508.369713] tee (4115985): drop_caches: 3
[835513.511022] tee (4115989): drop_caches: 3
[835518.741906] tee (4115993): drop_caches: 3
[835524.251213] tee (4115997): drop_caches: 3
[835529.506211] tee (4116002): drop_caches: 3
[835534.005575] tee (4116015): drop_caches: 3
[835539.172226] tee (4116019): drop_caches: 3
[835544.287844] tee (4116023): drop_caches: 3
[835549.382761] tee (4116027): drop_caches: 3
[835554.590388] tee (4116031): drop_caches: 3
[835560.079012] tee (4116035): drop_caches: 3
[835564.507688] tee (4116042): drop_caches: 3
[835569.874499] tee (4116047): drop_caches: 3
[835575.016488] tee (4116051): drop_caches: 3
[835580.116121] tee (4116055): drop_caches: 3
[835585.163888] tee (4116061): drop_caches: 3
[835590.216585] tee (4116065): drop_caches: 3
[835595.365149] tee (4116071): drop_caches: 3
[835600.611009] tee (4116077): drop_caches: 3
[835605.806055] tee (4116081): drop_caches: 3
[835610.963999] tee (4116085): drop_caches: 3
[835616.034796] tee (4116089): drop_caches: 3
[835621.130383] tee (4116093): drop_caches: 3
[835626.937619] tee (4116101): drop_caches: 3
[835632.291548] tee (4116106): drop_caches: 3
[835637.574014] tee (4116110): drop_caches: 3
[835642.711375] tee (4116114): drop_caches: 3
[835647.834595] tee (4116118): drop_caches: 3
[835655.205375] tee (4116153): drop_caches: 3
[835663.824062] tee (4116161): drop_caches: 3
[835672.865040] mix-mixB-fixed50-4115451 phase=A END
[835672.874049] mix-mixB-fixed50-4115451 phase=B START
[836275.254801] mix-mixB-fixed50-4115451 phase=B END
[836275.433408] NVMeVirt: Measurement: command=stop epoch=1 host_bytes=131476156416 learner_active=0
[836278.440298] EXT4-fs (nvme0n1): unmounting filesystem e046795f-5d7f-4dbf-a1ed-f5b458f73e2b.
[836278.651205] pci_bus 0001:10: busn_res: [bus 10-ff] is released
[836278.651263] NVMeVirt: GC stats: ns=0 policy=cat-fig7-fixed host_pages=32098671 gc_pages=51744731 gc_count=1310053 WAF=2.612 warmup_gc=100-per-part
[836278.722772] NVMeVirt: Virtual NVMe device closed
[836281.429761] mix-mixB-online-4116664 BEGIN
[836281.468403] NVMeVirt: Version 1.10 for >> Samsung 970 Pro SSD <<
[836281.468411] NVMeVirt: Storage: 0x100100000-0x300000000 (8191 MiB)
[836281.479570] NVMeVirt: Total Capacity(GiB,MiB)=2,2048 chs=2 luns=4 lines=8192 blk-size(MiB,KiB)=0,64 line-size(MiB,KiB)=0,256
[836281.491240] NVMeVirt: [chmodel_init] bandwidth 800 max_credits 26 tx_time 152
[836281.501548] NVMeVirt: [chmodel_init] bandwidth 800 max_credits 26 tx_time 152
[836281.501571] NVMeVirt: [chmodel_init] bandwidth 3360 max_credits 110 tx_time 36
[836281.501573] NVMeVirt: WATGC_V2 init ns=0 part=0 arms=60 initial=37 prior=none gamma_q16=65503 exploration_q16=16384
[836281.503280] NVMeVirt: pqueue: Copyright (c) 2014, Volkan Yazıcı <volkan.yazici@gmail.com>. All rights reserved.
[836281.503330] NVMeVirt: Init FTL instance with 2 channels (524288 pages)
[836281.503333] NVMeVirt: GC victim policy: watgc-v2 ns=0 part=0 initial_k=7 initial_scale_pct=100 initial_age_ratio=7 warmup_gc=100
[836281.513951] NVMeVirt: [chmodel_init] bandwidth 800 max_credits 26 tx_time 152
[836281.524161] NVMeVirt: [chmodel_init] bandwidth 800 max_credits 26 tx_time 152
[836281.524175] NVMeVirt: [chmodel_init] bandwidth 3360 max_credits 110 tx_time 36
[836281.524177] NVMeVirt: WATGC_V2 init ns=0 part=1 arms=60 initial=37 prior=none gamma_q16=65503 exploration_q16=16384
[836281.525456] NVMeVirt: Init FTL instance with 2 channels (524288 pages)
[836281.525458] NVMeVirt: GC victim policy: watgc-v2 ns=0 part=1 initial_k=7 initial_scale_pct=100 initial_age_ratio=7 warmup_gc=100
[836281.535744] NVMeVirt: [chmodel_init] bandwidth 800 max_credits 26 tx_time 152
[836281.546289] NVMeVirt: [chmodel_init] bandwidth 800 max_credits 26 tx_time 152
[836281.546303] NVMeVirt: [chmodel_init] bandwidth 3360 max_credits 110 tx_time 36
[836281.546306] NVMeVirt: WATGC_V2 init ns=0 part=2 arms=60 initial=37 prior=none gamma_q16=65503 exploration_q16=16384
[836281.547565] NVMeVirt: Init FTL instance with 2 channels (524288 pages)
[836281.547567] NVMeVirt: GC victim policy: watgc-v2 ns=0 part=2 initial_k=7 initial_scale_pct=100 initial_age_ratio=7 warmup_gc=100
[836281.557536] NVMeVirt: [chmodel_init] bandwidth 800 max_credits 26 tx_time 152
[836281.567544] NVMeVirt: [chmodel_init] bandwidth 800 max_credits 26 tx_time 152
[836281.567559] NVMeVirt: [chmodel_init] bandwidth 3360 max_credits 110 tx_time 36
[836281.567561] NVMeVirt: WATGC_V2 init ns=0 part=3 arms=60 initial=37 prior=none gamma_q16=65503 exploration_q16=16384
[836281.569117] NVMeVirt: Init FTL instance with 2 channels (524288 pages)
[836281.569122] NVMeVirt: GC victim policy: watgc-v2 ns=0 part=3 initial_k=7 initial_scale_pct=100 initial_age_ratio=7 warmup_gc=100
[836281.569130] NVMeVirt: FTL physical space: 8588886016, logical space: 8026996276 (physical/logical * 100 = 107)
[836281.569131] NVMeVirt: ns 0/1: size 7655 MiB
[836281.569198] PCI host bridge to bus 0001:10
[836281.569201] pci_bus 0001:10: root bus resource [io  0x0000-0xffff]
[836281.569204] pci_bus 0001:10: root bus resource [mem 0x00000000-0x7fffffffff]
[836281.569207] pci_bus 0001:10: root bus resource [bus 00-ff]
[836281.569217] pci 0001:10:00.0: [0c51:0110] type 00 class 0x010802 PCIe Endpoint
[836281.569221] pci 0001:10:00.0: BAR 0 [mem 0x100000000-0x100003fff 64bit]
[836281.569224] pci 0001:10:00.0: enabling Extended Tags
[836281.569403] NVMeVirt: Virtual PCI bus created (node 0)
[836281.569750] NVMeVirt: nvmev_io_worker_0 started on cpu 2 (node 0)
[836281.569854] NVMeVirt: Virtual NVMe device created
[836281.569898] NVMeVirt: nvmev_dispatcher started on cpu 1 (node 0)
[836281.570086] nvme nvme0: pci function 0001:10:00.0
[836281.572840] nvme nvme0: 8/0/0 default/read/poll queues
[836282.063682] EXT4-fs (nvme0n1): mounted filesystem d9f75e36-3cd5-4714-9296-47d3fb832eba r/w with ordered data mode. Quota mode: none.
[836364.253446] NVMeVirt: WATGC_V2 init ns=0 part=0 arms=60 initial=37 prior=none gamma_q16=65503 exploration_q16=16384
[836364.253451] NVMeVirt: WATGC_V2 init ns=0 part=1 arms=60 initial=37 prior=none gamma_q16=65503 exploration_q16=16384
[836364.253453] NVMeVirt: WATGC_V2 init ns=0 part=2 arms=60 initial=37 prior=none gamma_q16=65503 exploration_q16=16384
[836364.253455] NVMeVirt: WATGC_V2 init ns=0 part=3 arms=60 initial=37 prior=none gamma_q16=65503 exploration_q16=16384
[836364.253456] NVMeVirt: Measurement: command=start epoch=1 host_bytes=0 learner_active=1
[836364.262608] mix-mixB-online-4116664 phase=A START
[836364.275067] mix-mixB-online-4116664 phase=A LOAD
[836366.266621] NVMeVirt: WATGC_V2 warmup-done ns=0 part=1 gc_count=2799
[836366.266793] NVMeVirt: WATGC_V2 warmup-done ns=0 part=2 gc_count=2798
[836366.267957] NVMeVirt: WATGC_V2 warmup-done ns=0 part=3 gc_count=2804
[836366.284501] NVMeVirt: WATGC_V2 warmup-done ns=0 part=0 gc_count=2816
[836374.608053] NVMeVirt: WATGC_V2 sample ns=0 part=0 epoch=1 window=1 phase=measure evaluated=37 k=7 scale_pct=100 age_ratio=7 host=65546 gc_pages=26295 gc_count=1435 waf_q16=91826 best=37 next=0 settled=0
[836374.680316] NVMeVirt: WATGC_V2 sample ns=0 part=1 epoch=1 window=1 phase=measure evaluated=37 k=7 scale_pct=100 age_ratio=7 host=65566 gc_pages=25969 gc_count=1430 waf_q16=91493 best=37 next=0 settled=0
[836374.680614] NVMeVirt: WATGC_V2 sample ns=0 part=2 epoch=1 window=1 phase=measure evaluated=37 k=7 scale_pct=100 age_ratio=7 host=65553 gc_pages=27105 gc_count=1448 waf_q16=92633 best=37 next=0 settled=0
[836374.844910] NVMeVirt: WATGC_V2 sample ns=0 part=3 epoch=1 window=1 phase=measure evaluated=37 k=7 scale_pct=100 age_ratio=7 host=65564 gc_pages=26788 gc_count=1443 waf_q16=92312 best=37 next=0 settled=0
[836380.900706] NVMeVirt: WATGC_V2 sample ns=0 part=0 epoch=1 window=2 phase=measure evaluated=0 k=2 scale_pct=25 age_ratio=4 host=65565 gc_pages=45333 gc_count=1733 waf_q16=110848 best=37 next=1 settled=0
[836380.953445] NVMeVirt: WATGC_V2 sample ns=0 part=1 epoch=1 window=2 phase=measure evaluated=0 k=2 scale_pct=25 age_ratio=4 host=65566 gc_pages=47140 gc_count=1761 waf_q16=112654 best=37 next=1 settled=0
[836381.065888] NVMeVirt: WATGC_V2 sample ns=0 part=2 epoch=1 window=2 phase=measure evaluated=0 k=2 scale_pct=25 age_ratio=4 host=65562 gc_pages=45409 gc_count=1734 waf_q16=110926 best=37 next=1 settled=0
[836381.296667] NVMeVirt: WATGC_V2 sample ns=0 part=3 epoch=1 window=2 phase=measure evaluated=0 k=2 scale_pct=25 age_ratio=4 host=65571 gc_pages=44963 gc_count=1727 waf_q16=110474 best=37 next=1 settled=0
[836387.333715] NVMeVirt: WATGC_V2 sample ns=0 part=0 epoch=1 window=3 phase=measure evaluated=1 k=2 scale_pct=25 age_ratio=7 host=65536 gc_pages=50405 gc_count=1812 waf_q16=115941 best=37 next=2 settled=0
[836387.423471] NVMeVirt: WATGC_V2 sample ns=0 part=1 epoch=1 window=3 phase=measure evaluated=1 k=2 scale_pct=25 age_ratio=7 host=65537 gc_pages=52472 gc_count=1844 waf_q16=118007 best=37 next=2 settled=0
[836387.540096] NVMeVirt: WATGC_V2 sample ns=0 part=2 epoch=1 window=3 phase=measure evaluated=1 k=2 scale_pct=25 age_ratio=7 host=65573 gc_pages=50716 gc_count=1817 waf_q16=116223 best=37 next=2 settled=0
[836387.912241] NVMeVirt: WATGC_V2 sample ns=0 part=3 epoch=1 window=3 phase=measure evaluated=1 k=2 scale_pct=25 age_ratio=7 host=65551 gc_pages=50932 gc_count=1820 waf_q16=116456 best=37 next=2 settled=0
[836391.753067] mix-mixB-online-4116664 phase=A RUN
[836396.109751] tee (4116995): drop_caches: 3
[836401.505891] tee (4117000): drop_caches: 3
[836401.941961] NVMeVirt: WATGC_V2 sample ns=0 part=0 epoch=1 window=4 phase=measure evaluated=2 k=2 scale_pct=25 age_ratio=16 host=65538 gc_pages=66300 gc_count=2060 waf_q16=131833 best=37 next=3 settled=0
[836402.693482] NVMeVirt: WATGC_V2 sample ns=0 part=1 epoch=1 window=4 phase=measure evaluated=2 k=2 scale_pct=25 age_ratio=16 host=65561 gc_pages=68639 gc_count=2097 waf_q16=134148 best=37 next=3 settled=0
[836403.180906] NVMeVirt: WATGC_V2 sample ns=0 part=2 epoch=1 window=4 phase=measure evaluated=2 k=2 scale_pct=25 age_ratio=16 host=65543 gc_pages=67323 gc_count=2076 waf_q16=132851 best=37 next=3 settled=0
[836404.962781] NVMeVirt: WATGC_V2 sample ns=0 part=3 epoch=1 window=4 phase=measure evaluated=2 k=2 scale_pct=25 age_ratio=16 host=65544 gc_pages=67776 gc_count=2083 waf_q16=133303 best=37 next=3 settled=0
[836405.967208] tee (4117008): drop_caches: 3
[836411.104637] tee (4117012): drop_caches: 3
[836416.172092] tee (4117018): drop_caches: 3
[836421.232696] tee (4117022): drop_caches: 3
[836426.378241] tee (4117029): drop_caches: 3
[836429.820781] NVMeVirt: WATGC_V2 sample ns=0 part=0 epoch=1 window=5 phase=measure evaluated=3 k=2 scale_pct=50 age_ratio=4 host=65554 gc_pages=66978 gc_count=2071 waf_q16=132495 best=37 next=4 settled=0
[836430.262748] NVMeVirt: WATGC_V2 sample ns=0 part=1 epoch=1 window=5 phase=measure evaluated=3 k=2 scale_pct=50 age_ratio=4 host=65564 gc_pages=68642 gc_count=2097 waf_q16=134148 best=37 next=4 settled=0
[836430.555622] NVMeVirt: WATGC_V2 sample ns=0 part=2 epoch=1 window=5 phase=measure evaluated=3 k=2 scale_pct=50 age_ratio=4 host=65550 gc_pages=66109 gc_count=2057 waf_q16=131630 best=37 next=4 settled=0
[836431.409725] tee (4117033): drop_caches: 3
[836432.642915] NVMeVirt: WATGC_V2 sample ns=0 part=3 epoch=1 window=5 phase=measure evaluated=3 k=2 scale_pct=50 age_ratio=4 host=65536 gc_pages=66316 gc_count=2060 waf_q16=131852 best=37 next=4 settled=0
[836435.840834] tee (4117040): drop_caches: 3
[836440.979939] tee (4117044): drop_caches: 3
[836446.067916] tee (4117048): drop_caches: 3
[836451.262173] tee (4117053): drop_caches: 3
[836456.362170] tee (4117057): drop_caches: 3
[836457.728850] NVMeVirt: WATGC_V2 sample ns=0 part=0 epoch=1 window=6 phase=measure evaluated=4 k=2 scale_pct=50 age_ratio=7 host=65560 gc_pages=66721 gc_count=2067 waf_q16=132232 best=37 next=5 settled=0
[836458.185577] NVMeVirt: WATGC_V2 sample ns=0 part=1 epoch=1 window=6 phase=measure evaluated=4 k=2 scale_pct=50 age_ratio=7 host=65555 gc_pages=67375 gc_count=2077 waf_q16=132891 best=37 next=5 settled=0
[836458.280760] NVMeVirt: WATGC_V2 sample ns=0 part=2 epoch=1 window=6 phase=measure evaluated=4 k=2 scale_pct=50 age_ratio=7 host=65571 gc_pages=66215 gc_count=2059 waf_q16=131715 best=37 next=5 settled=0
[836460.126000] NVMeVirt: WATGC_V2 sample ns=0 part=3 epoch=1 window=6 phase=measure evaluated=4 k=2 scale_pct=50 age_ratio=7 host=65559 gc_pages=65326 gc_count=2045 waf_q16=130839 best=37 next=5 settled=0
[836461.509267] tee (4117061): drop_caches: 3
[836465.884058] tee (4117068): drop_caches: 3
[836471.136818] tee (4117073): drop_caches: 3
[836476.186503] tee (4117077): drop_caches: 3
[836481.233379] tee (4117082): drop_caches: 3
[836485.361659] NVMeVirt: WATGC_V2 sample ns=0 part=0 epoch=1 window=7 phase=measure evaluated=5 k=2 scale_pct=50 age_ratio=16 host=65563 gc_pages=67038 gc_count=2072 waf_q16=132546 best=37 next=6 settled=0
[836485.653093] NVMeVirt: WATGC_V2 sample ns=0 part=1 epoch=1 window=7 phase=measure evaluated=5 k=2 scale_pct=50 age_ratio=16 host=65560 gc_pages=66350 gc_count=2061 waf_q16=131861 best=37 next=6 settled=0
[836485.664357] NVMeVirt: WATGC_V2 sample ns=0 part=2 epoch=1 window=7 phase=measure evaluated=5 k=2 scale_pct=50 age_ratio=16 host=65564 gc_pages=68398 gc_count=2093 waf_q16=133904 best=37 next=6 settled=0
[836486.356994] tee (4117086): drop_caches: 3
[836487.928999] NVMeVirt: WATGC_V2 sample ns=0 part=3 epoch=1 window=7 phase=measure evaluated=5 k=2 scale_pct=50 age_ratio=16 host=65561 gc_pages=67811 gc_count=2084 waf_q16=133321 best=37 next=6 settled=0
[836491.391162] tee (4117090): drop_caches: 3
[836495.769036] tee (4117097): drop_caches: 3
[836500.920234] tee (4117101): drop_caches: 3
[836506.027039] tee (4117105): drop_caches: 3
[836511.084465] tee (4117109): drop_caches: 3
[836513.488757] NVMeVirt: WATGC_V2 sample ns=0 part=0 epoch=1 window=8 phase=measure evaluated=6 k=2 scale_pct=100 age_ratio=4 host=65561 gc_pages=68189 gc_count=2090 waf_q16=133698 best=37 next=7 settled=0
[836513.719863] NVMeVirt: WATGC_V2 sample ns=0 part=2 epoch=1 window=8 phase=measure evaluated=6 k=2 scale_pct=100 age_ratio=4 host=65551 gc_pages=65452 gc_count=2047 waf_q16=130973 best=37 next=7 settled=0
[836513.800997] NVMeVirt: WATGC_V2 sample ns=0 part=1 epoch=1 window=8 phase=measure evaluated=6 k=2 scale_pct=100 age_ratio=4 host=65555 gc_pages=69361 gc_count=2108 waf_q16=134876 best=37 next=7 settled=0
[836515.606765] NVMeVirt: WATGC_V2 sample ns=0 part=3 epoch=1 window=8 phase=measure evaluated=6 k=2 scale_pct=100 age_ratio=4 host=65549 gc_pages=66610 gc_count=2065 waf_q16=132132 best=37 next=7 settled=0
[836516.125210] tee (4117113): drop_caches: 3
[836521.101296] tee (4117117): drop_caches: 3
[836526.104115] tee (4117121): drop_caches: 3
[836530.625267] tee (4117128): drop_caches: 3
[836535.741083] tee (4117134): drop_caches: 3
[836540.903183] tee (4117138): drop_caches: 3
[836541.064351] NVMeVirt: WATGC_V2 sample ns=0 part=0 epoch=1 window=9 phase=measure evaluated=7 k=2 scale_pct=100 age_ratio=7 host=65563 gc_pages=68522 gc_count=2095 waf_q16=134029 best=37 next=8 settled=0
[836541.190733] NVMeVirt: WATGC_V2 sample ns=0 part=2 epoch=1 window=9 phase=measure evaluated=7 k=2 scale_pct=100 age_ratio=7 host=65569 gc_pages=66974 gc_count=2071 waf_q16=132476 best=37 next=8 settled=0
[836541.457764] NVMeVirt: WATGC_V2 sample ns=0 part=1 epoch=1 window=9 phase=measure evaluated=7 k=2 scale_pct=100 age_ratio=7 host=65556 gc_pages=68787 gc_count=2099 waf_q16=134302 best=37 next=8 settled=0
[836543.399870] NVMeVirt: WATGC_V2 sample ns=0 part=3 epoch=1 window=9 phase=measure evaluated=7 k=2 scale_pct=100 age_ratio=7 host=65559 gc_pages=66543 gc_count=2064 waf_q16=132055 best=37 next=8 settled=0
[836546.148963] tee (4117144): drop_caches: 3
[836551.346938] tee (4117148): drop_caches: 3
[836556.436624] tee (4117152): drop_caches: 3
[836560.806385] tee (4117159): drop_caches: 3
[836566.686450] tee (4117163): drop_caches: 3
[836568.942166] NVMeVirt: WATGC_V2 sample ns=0 part=2 epoch=1 window=10 phase=measure evaluated=8 k=2 scale_pct=100 age_ratio=16 host=65562 gc_pages=68261 gc_count=2091 waf_q16=133769 best=37 next=9 settled=0
[836569.002024] NVMeVirt: WATGC_V2 sample ns=0 part=0 epoch=1 window=10 phase=measure evaluated=8 k=2 scale_pct=100 age_ratio=16 host=65537 gc_pages=68909 gc_count=2101 waf_q16=134443 best=37 next=9 settled=0
[836569.265427] NVMeVirt: WATGC_V2 sample ns=0 part=1 epoch=1 window=10 phase=measure evaluated=8 k=2 scale_pct=100 age_ratio=16 host=65559 gc_pages=69292 gc_count=2107 waf_q16=134803 best=37 next=9 settled=0
[836570.884854] NVMeVirt: WATGC_V2 sample ns=0 part=3 epoch=1 window=10 phase=measure evaluated=8 k=2 scale_pct=100 age_ratio=16 host=65540 gc_pages=68349 gc_count=2092 waf_q16=133880 best=37 next=9 settled=0
[836571.831185] tee (4117167): drop_caches: 3
[836576.926758] tee (4117171): drop_caches: 3
[836582.097092] tee (4117175): drop_caches: 3
[836587.227232] tee (4117190): drop_caches: 3
[836591.605769] tee (4117197): drop_caches: 3
[836596.171958] NVMeVirt: WATGC_V2 sample ns=0 part=2 epoch=1 window=11 phase=measure evaluated=9 k=2 scale_pct=200 age_ratio=4 host=65559 gc_pages=66793 gc_count=2068 waf_q16=132305 best=37 next=10 settled=0
[836596.407773] NVMeVirt: WATGC_V2 sample ns=0 part=0 epoch=1 window=11 phase=measure evaluated=9 k=2 scale_pct=200 age_ratio=4 host=65544 gc_pages=68898 gc_count=2101 waf_q16=134425 best=37 next=10 settled=0
[836596.605467] NVMeVirt: WATGC_V2 sample ns=0 part=1 epoch=1 window=11 phase=measure evaluated=9 k=2 scale_pct=200 age_ratio=4 host=65543 gc_pages=70337 gc_count=2123 waf_q16=135865 best=37 next=10 settled=0
[836596.937612] tee (4117202): drop_caches: 3
[836598.582110] NVMeVirt: WATGC_V2 sample ns=0 part=3 epoch=1 window=11 phase=measure evaluated=9 k=2 scale_pct=200 age_ratio=4 host=65549 gc_pages=68655 gc_count=2097 waf_q16=134177 best=37 next=10 settled=0
[836602.130995] tee (4117206): drop_caches: 3
[836607.239683] tee (4117216): drop_caches: 3
[836612.348893] tee (4117220): drop_caches: 3
[836617.449551] tee (4117224): drop_caches: 3
[836621.825721] tee (4117231): drop_caches: 3
[836624.341161] NVMeVirt: WATGC_V2 sample ns=0 part=2 epoch=1 window=12 phase=measure evaluated=10 k=2 scale_pct=200 age_ratio=7 host=65539 gc_pages=68346 gc_count=2092 waf_q16=133878 best=37 next=11 settled=0
[836624.643531] NVMeVirt: WATGC_V2 sample ns=0 part=0 epoch=1 window=12 phase=measure evaluated=10 k=2 scale_pct=200 age_ratio=7 host=65547 gc_pages=69179 gc_count=2105 waf_q16=134703 best=37 next=11 settled=0
[836624.881394] NVMeVirt: WATGC_V2 sample ns=0 part=1 epoch=1 window=12 phase=measure evaluated=10 k=2 scale_pct=200 age_ratio=7 host=65551 gc_pages=69052 gc_count=2103 waf_q16=134572 best=37 next=11 settled=0
[836626.328062] NVMeVirt: WATGC_V2 sample ns=0 part=3 epoch=1 window=12 phase=measure evaluated=10 k=2 scale_pct=200 age_ratio=7 host=65536 gc_pages=67132 gc_count=2073 waf_q16=132668 best=37 next=11 settled=0
[836627.036319] tee (4117235): drop_caches: 3
[836632.137833] tee (4117239): drop_caches: 3
[836637.385948] tee (4117243): drop_caches: 3
[836642.533272] tee (4117247): drop_caches: 3
[836647.703326] tee (4117251): drop_caches: 3
[836651.733858] NVMeVirt: WATGC_V2 sample ns=0 part=2 epoch=1 window=13 phase=measure evaluated=11 k=2 scale_pct=200 age_ratio=16 host=65569 gc_pages=68577 gc_count=2096 waf_q16=134078 best=37 next=12 settled=0
[836652.127371] tee (4117258): drop_caches: 3
[836652.180262] NVMeVirt: WATGC_V2 sample ns=0 part=0 epoch=1 window=13 phase=measure evaluated=11 k=2 scale_pct=200 age_ratio=16 host=65555 gc_pages=67504 gc_count=2079 waf_q16=133020 best=37 next=12 settled=0
[836652.396062] NVMeVirt: WATGC_V2 sample ns=0 part=1 epoch=1 window=13 phase=measure evaluated=11 k=2 scale_pct=200 age_ratio=16 host=65561 gc_pages=68789 gc_count=2099 waf_q16=134298 best=37 next=12 settled=0
[836654.172856] NVMeVirt: WATGC_V2 sample ns=0 part=3 epoch=1 window=13 phase=measure evaluated=11 k=2 scale_pct=200 age_ratio=16 host=65574 gc_pages=66965 gc_count=2071 waf_q16=132462 best=37 next=12 settled=0
[836657.289577] tee (4117262): drop_caches: 3
[836662.441949] tee (4117268): drop_caches: 3
[836667.612601] tee (4117272): drop_caches: 3
[836672.848686] tee (4117276): drop_caches: 3
[836678.128003] tee (4117283): drop_caches: 3
[836679.427053] NVMeVirt: WATGC_V2 sample ns=0 part=2 epoch=1 window=14 phase=measure evaluated=12 k=2 scale_pct=400 age_ratio=4 host=65544 gc_pages=68168 gc_count=2089 waf_q16=133695 best=37 next=13 settled=0
[836680.072622] NVMeVirt: WATGC_V2 sample ns=0 part=0 epoch=1 window=14 phase=measure evaluated=12 k=2 scale_pct=400 age_ratio=4 host=65577 gc_pages=68047 gc_count=2088 waf_q16=133540 best=37 next=13 settled=0
[836680.115576] NVMeVirt: WATGC_V2 sample ns=0 part=1 epoch=1 window=14 phase=measure evaluated=12 k=2 scale_pct=400 age_ratio=4 host=65558 gc_pages=69864 gc_count=2116 waf_q16=135376 best=37 next=13 settled=0
[836681.504985] NVMeVirt: WATGC_V2 sample ns=0 part=3 epoch=1 window=14 phase=measure evaluated=12 k=2 scale_pct=400 age_ratio=4 host=65542 gc_pages=67517 gc_count=2079 waf_q16=133046 best=37 next=13 settled=0
[836683.011454] tee (4117333): drop_caches: 3
[836689.798552] tee (4117361): drop_caches: 3
[836697.469387] tee (4117365): drop_caches: 3
[836703.240715] tee (4117398): drop_caches: 3
[836706.115502] NVMeVirt: WATGC_V2 sample ns=0 part=2 epoch=1 window=15 phase=measure evaluated=13 k=2 scale_pct=400 age_ratio=7 host=65562 gc_pages=67884 gc_count=2085 waf_q16=133393 best=37 next=14 settled=0
[836706.807425] NVMeVirt: WATGC_V2 sample ns=0 part=0 epoch=1 window=15 phase=measure evaluated=13 k=2 scale_pct=400 age_ratio=7 host=65550 gc_pages=67761 gc_count=2083 waf_q16=133282 best=37 next=14 settled=0
[836706.957985] NVMeVirt: WATGC_V2 sample ns=0 part=1 epoch=1 window=15 phase=measure evaluated=13 k=2 scale_pct=400 age_ratio=7 host=65563 gc_pages=67295 gc_count=2076 waf_q16=132803 best=37 next=14 settled=0
[836708.149926] NVMeVirt: WATGC_V2 sample ns=0 part=3 epoch=1 window=15 phase=measure evaluated=13 k=2 scale_pct=400 age_ratio=7 host=65551 gc_pages=68277 gc_count=2091 waf_q16=133797 best=37 next=14 settled=0
[836708.459504] tee (4117403): drop_caches: 3
[836713.646162] tee (4117408): drop_caches: 3
[836718.905059] tee (4117414): drop_caches: 3
[836724.126961] tee (4117418): drop_caches: 3
[836729.352005] tee (4117422): drop_caches: 3
[836733.257122] NVMeVirt: WATGC_V2 sample ns=0 part=2 epoch=1 window=16 phase=measure evaluated=14 k=2 scale_pct=400 age_ratio=16 host=65552 gc_pages=68287 gc_count=2091 waf_q16=133806 best=37 next=15 settled=0
[836734.000968] NVMeVirt: WATGC_V2 sample ns=0 part=0 epoch=1 window=16 phase=measure evaluated=14 k=2 scale_pct=400 age_ratio=16 host=65540 gc_pages=68469 gc_count=2094 waf_q16=134000 best=37 next=15 settled=0
[836734.193626] NVMeVirt: WATGC_V2 sample ns=0 part=1 epoch=1 window=16 phase=measure evaluated=14 k=2 scale_pct=400 age_ratio=16 host=65559 gc_pages=69032 gc_count=2103 waf_q16=134543 best=37 next=15 settled=0
[836734.717028] tee (4117427): drop_caches: 3
[836735.686624] NVMeVirt: WATGC_V2 sample ns=0 part=3 epoch=1 window=16 phase=measure evaluated=14 k=2 scale_pct=400 age_ratio=16 host=65557 gc_pages=68777 gc_count=2099 waf_q16=134290 best=37 next=15 settled=0
[836739.920669] tee (4117431): drop_caches: 3
[836744.929407] tee (4117437): drop_caches: 3
[836750.216513] tee (4117442): drop_caches: 3
[836755.231077] tee (4117446): drop_caches: 3
[836760.311093] NVMeVirt: WATGC_V2 sample ns=0 part=2 epoch=1 window=17 phase=measure evaluated=15 k=4 scale_pct=25 age_ratio=4 host=65536 gc_pages=44542 gc_count=1720 waf_q16=110078 best=37 next=16 settled=0
[836760.646755] tee (4117450): drop_caches: 3
[836761.478468] NVMeVirt: WATGC_V2 sample ns=0 part=0 epoch=1 window=17 phase=measure evaluated=15 k=4 scale_pct=25 age_ratio=4 host=65548 gc_pages=44215 gc_count=1715 waf_q16=109742 best=37 next=16 settled=0
[836761.768684] NVMeVirt: WATGC_V2 sample ns=0 part=1 epoch=1 window=17 phase=measure evaluated=15 k=4 scale_pct=25 age_ratio=4 host=65561 gc_pages=43926 gc_count=1711 waf_q16=109445 best=37 next=16 settled=0
[836762.922987] NVMeVirt: WATGC_V2 sample ns=0 part=3 epoch=1 window=17 phase=measure evaluated=15 k=4 scale_pct=25 age_ratio=4 host=65569 gc_pages=42798 gc_count=1693 waf_q16=108312 best=37 next=16 settled=0
[836766.051026] tee (4117454): drop_caches: 3
[836771.171816] tee (4117458): drop_caches: 3
[836776.208040] tee (4117465): drop_caches: 3
[836781.399616] tee (4117470): drop_caches: 3
[836786.496718] tee (4117476): drop_caches: 3
[836787.538832] NVMeVirt: WATGC_V2 sample ns=0 part=2 epoch=1 window=18 phase=measure evaluated=16 k=4 scale_pct=25 age_ratio=7 host=65536 gc_pages=27200 gc_count=1449 waf_q16=92736 best=37 next=17 settled=0
[836788.573164] NVMeVirt: WATGC_V2 sample ns=0 part=0 epoch=1 window=18 phase=measure evaluated=16 k=4 scale_pct=25 age_ratio=7 host=65556 gc_pages=27361 gc_count=1452 waf_q16=92888 best=37 next=17 settled=0
[836788.861482] NVMeVirt: WATGC_V2 sample ns=0 part=1 epoch=1 window=18 phase=measure evaluated=16 k=4 scale_pct=25 age_ratio=7 host=65537 gc_pages=28304 gc_count=1466 waf_q16=93839 best=37 next=17 settled=0
[836789.826615] NVMeVirt: WATGC_V2 sample ns=0 part=3 epoch=1 window=18 phase=measure evaluated=16 k=4 scale_pct=25 age_ratio=7 host=65537 gc_pages=28159 gc_count=1464 waf_q16=93694 best=37 next=17 settled=0
[836791.656875] tee (4117480): drop_caches: 3
[836796.673716] tee (4117484): drop_caches: 3
[836801.848589] tee (4117488): drop_caches: 3
[836806.968213] tee (4117494): drop_caches: 3
[836812.181323] tee (4117499): drop_caches: 3
[836814.173471] NVMeVirt: WATGC_V2 sample ns=0 part=2 epoch=1 window=19 phase=measure evaluated=17 k=4 scale_pct=25 age_ratio=16 host=65538 gc_pages=15860 gc_count=1272 waf_q16=81395 best=17 next=18 settled=0
[836815.167185] NVMeVirt: WATGC_V2 sample ns=0 part=0 epoch=1 window=19 phase=measure evaluated=17 k=4 scale_pct=25 age_ratio=16 host=65552 gc_pages=16880 gc_count=1288 waf_q16=82411 best=17 next=18 settled=0
[836815.375255] NVMeVirt: WATGC_V2 sample ns=0 part=1 epoch=1 window=19 phase=measure evaluated=17 k=4 scale_pct=25 age_ratio=16 host=65574 gc_pages=18132 gc_count=1308 waf_q16=83657 best=17 next=18 settled=0
[836816.244911] NVMeVirt: WATGC_V2 sample ns=0 part=3 epoch=1 window=19 phase=measure evaluated=17 k=4 scale_pct=25 age_ratio=16 host=65564 gc_pages=18335 gc_count=1311 waf_q16=83863 best=17 next=18 settled=0
[836817.260408] tee (4117504): drop_caches: 3
[836822.359811] tee (4117508): drop_caches: 3
[836827.460265] tee (4117512): drop_caches: 3
[836832.515027] tee (4117516): drop_caches: 3
[836837.698252] tee (4117524): drop_caches: 3
[836840.769823] NVMeVirt: WATGC_V2 sample ns=0 part=2 epoch=1 window=20 phase=measure evaluated=18 k=4 scale_pct=50 age_ratio=4 host=65554 gc_pages=29368 gc_count=1483 waf_q16=94895 best=17 next=19 settled=0
[836841.972613] NVMeVirt: WATGC_V2 sample ns=0 part=0 epoch=1 window=20 phase=measure evaluated=18 k=4 scale_pct=50 age_ratio=4 host=65539 gc_pages=29119 gc_count=1479 waf_q16=94653 best=17 next=19 settled=0
[836842.130041] NVMeVirt: WATGC_V2 sample ns=0 part=1 epoch=1 window=20 phase=measure evaluated=18 k=4 scale_pct=50 age_ratio=4 host=65552 gc_pages=29810 gc_count=1490 waf_q16=95338 best=17 next=19 settled=0
[836842.883409] NVMeVirt: WATGC_V2 sample ns=0 part=3 epoch=1 window=20 phase=measure evaluated=18 k=4 scale_pct=50 age_ratio=4 host=65570 gc_pages=29208 gc_count=1481 waf_q16=94728 best=17 next=19 settled=0
[836843.150333] tee (4117530): drop_caches: 3
[836848.431061] tee (4117534): drop_caches: 3
[836853.629699] tee (4117538): drop_caches: 3
[836858.752205] tee (4117545): drop_caches: 3
[836860.976118] mix-mixB-online-4116664 phase=A END
[836860.983379] mix-mixB-online-4116664 phase=B START
[836867.371485] NVMeVirt: WATGC_V2 sample ns=0 part=2 epoch=1 window=21 phase=measure evaluated=19 k=4 scale_pct=50 age_ratio=7 host=65554 gc_pages=53459 gc_count=1859 waf_q16=118980 best=17 next=20 settled=0
[836867.872550] NVMeVirt: WATGC_V2 sample ns=0 part=0 epoch=1 window=21 phase=measure evaluated=19 k=4 scale_pct=50 age_ratio=7 host=65545 gc_pages=58174 gc_count=1933 waf_q16=123702 best=17 next=20 settled=0
[836867.926871] NVMeVirt: WATGC_V2 sample ns=0 part=1 epoch=1 window=21 phase=measure evaluated=19 k=4 scale_pct=50 age_ratio=7 host=65538 gc_pages=58824 gc_count=1943 waf_q16=124358 best=17 next=20 settled=0
[836868.282470] NVMeVirt: WATGC_V2 sample ns=0 part=3 epoch=1 window=21 phase=measure evaluated=19 k=4 scale_pct=50 age_ratio=7 host=65538 gc_pages=60999 gc_count=1977 waf_q16=126533 best=17 next=20 settled=0
[836877.207337] NVMeVirt: WATGC_V2 sample ns=0 part=2 epoch=1 window=22 phase=measure evaluated=20 k=4 scale_pct=50 age_ratio=16 host=65548 gc_pages=167156 gc_count=3636 waf_q16=232661 best=17 next=21 settled=0
[836877.716361] NVMeVirt: WATGC_V2 sample ns=0 part=0 epoch=1 window=22 phase=measure evaluated=20 k=4 scale_pct=50 age_ratio=16 host=65540 gc_pages=167615 gc_count=3643 waf_q16=233140 best=17 next=21 settled=0
[836877.753536] NVMeVirt: WATGC_V2 sample ns=0 part=1 epoch=1 window=22 phase=measure evaluated=20 k=4 scale_pct=50 age_ratio=16 host=65548 gc_pages=169333 gc_count=3670 waf_q16=234837 best=17 next=21 settled=0
[836878.104099] NVMeVirt: WATGC_V2 sample ns=0 part=3 epoch=1 window=22 phase=measure evaluated=20 k=4 scale_pct=50 age_ratio=16 host=65537 gc_pages=172033 gc_count=3712 waf_q16=237566 best=17 next=21 settled=0
[836887.029845] NVMeVirt: WATGC_V2 sample ns=0 part=2 epoch=1 window=23 phase=measure evaluated=21 k=4 scale_pct=100 age_ratio=4 host=65541 gc_pages=167290 gc_count=3638 waf_q16=232813 best=17 next=22 settled=0
[836887.565607] NVMeVirt: WATGC_V2 sample ns=0 part=0 epoch=1 window=23 phase=measure evaluated=21 k=4 scale_pct=100 age_ratio=4 host=65546 gc_pages=165364 gc_count=3608 waf_q16=230874 best=17 next=22 settled=0
[836887.589511] NVMeVirt: WATGC_V2 sample ns=0 part=1 epoch=1 window=23 phase=measure evaluated=21 k=4 scale_pct=100 age_ratio=4 host=65555 gc_pages=164522 gc_count=3595 waf_q16=230010 best=17 next=22 settled=0
[836887.918900] NVMeVirt: WATGC_V2 sample ns=0 part=3 epoch=1 window=23 phase=measure evaluated=21 k=4 scale_pct=100 age_ratio=4 host=65540 gc_pages=164473 gc_count=3594 waf_q16=229998 best=17 next=22 settled=0
[836896.871742] NVMeVirt: WATGC_V2 sample ns=0 part=2 epoch=1 window=24 phase=measure evaluated=22 k=4 scale_pct=100 age_ratio=7 host=65548 gc_pages=175351 gc_count=3764 waf_q16=240854 best=17 next=23 settled=0
[836897.390899] NVMeVirt: WATGC_V2 sample ns=0 part=0 epoch=1 window=24 phase=measure evaluated=22 k=4 scale_pct=100 age_ratio=7 host=65551 gc_pages=177779 gc_count=3802 waf_q16=243274 best=17 next=23 settled=0
[836897.440225] NVMeVirt: WATGC_V2 sample ns=0 part=1 epoch=1 window=24 phase=measure evaluated=22 k=4 scale_pct=100 age_ratio=7 host=65536 gc_pages=177729 gc_count=3801 waf_q16=243265 best=17 next=23 settled=0
[836897.731233] NVMeVirt: WATGC_V2 sample ns=0 part=3 epoch=1 window=24 phase=measure evaluated=22 k=4 scale_pct=100 age_ratio=7 host=65542 gc_pages=178938 gc_count=3820 waf_q16=244457 best=17 next=23 settled=0
[836906.699952] NVMeVirt: WATGC_V2 sample ns=0 part=2 epoch=1 window=25 phase=measure evaluated=23 k=4 scale_pct=100 age_ratio=16 host=65537 gc_pages=184064 gc_count=3900 waf_q16=249597 best=17 next=24 settled=0
[836907.208983] NVMeVirt: WATGC_V2 sample ns=0 part=0 epoch=1 window=25 phase=measure evaluated=23 k=4 scale_pct=100 age_ratio=16 host=65538 gc_pages=185855 gc_count=3928 waf_q16=251385 best=17 next=24 settled=0
[836907.285141] NVMeVirt: WATGC_V2 sample ns=0 part=1 epoch=1 window=25 phase=measure evaluated=23 k=4 scale_pct=100 age_ratio=16 host=65543 gc_pages=187066 gc_count=3947 waf_q16=252582 best=17 next=24 settled=0
[836907.567932] NVMeVirt: WATGC_V2 sample ns=0 part=3 epoch=1 window=25 phase=measure evaluated=23 k=4 scale_pct=100 age_ratio=16 host=65547 gc_pages=187446 gc_count=3953 waf_q16=252950 best=17 next=24 settled=0
[836916.546043] NVMeVirt: WATGC_V2 sample ns=0 part=2 epoch=1 window=26 phase=measure evaluated=24 k=4 scale_pct=200 age_ratio=4 host=65545 gc_pages=188855 gc_count=3975 waf_q16=254365 best=17 next=25 settled=0
[836917.026767] NVMeVirt: WATGC_V2 sample ns=0 part=0 epoch=1 window=26 phase=measure evaluated=24 k=4 scale_pct=200 age_ratio=4 host=65542 gc_pages=189433 gc_count=3984 waf_q16=254951 best=17 next=25 settled=0
[836917.110620] NVMeVirt: WATGC_V2 sample ns=0 part=1 epoch=1 window=26 phase=measure evaluated=24 k=4 scale_pct=200 age_ratio=4 host=65536 gc_pages=190273 gc_count=3997 waf_q16=255809 best=17 next=25 settled=0
[836917.403011] NVMeVirt: WATGC_V2 sample ns=0 part=3 epoch=1 window=26 phase=measure evaluated=24 k=4 scale_pct=200 age_ratio=4 host=65538 gc_pages=189119 gc_count=3979 waf_q16=254649 best=17 next=25 settled=0
[836926.383334] NVMeVirt: WATGC_V2 sample ns=0 part=2 epoch=1 window=27 phase=measure evaluated=25 k=4 scale_pct=200 age_ratio=7 host=65546 gc_pages=188086 gc_count=3963 waf_q16=253593 best=17 next=26 settled=0
[836926.837304] NVMeVirt: WATGC_V2 sample ns=0 part=0 epoch=1 window=27 phase=measure evaluated=25 k=4 scale_pct=200 age_ratio=7 host=65540 gc_pages=189629 gc_count=3987 waf_q16=255153 best=17 next=26 settled=0
[836926.931228] NVMeVirt: WATGC_V2 sample ns=0 part=1 epoch=1 window=27 phase=measure evaluated=25 k=4 scale_pct=200 age_ratio=7 host=65551 gc_pages=190130 gc_count=3995 waf_q16=255622 best=17 next=26 settled=0
[836927.260913] NVMeVirt: WATGC_V2 sample ns=0 part=3 epoch=1 window=27 phase=measure evaluated=25 k=4 scale_pct=200 age_ratio=7 host=65550 gc_pages=189426 gc_count=3984 waf_q16=254921 best=17 next=26 settled=0
[836936.200600] NVMeVirt: WATGC_V2 sample ns=0 part=2 epoch=1 window=28 phase=measure evaluated=26 k=4 scale_pct=200 age_ratio=16 host=65540 gc_pages=189051 gc_count=3978 waf_q16=254575 best=17 next=27 settled=0
[836936.693331] NVMeVirt: WATGC_V2 sample ns=0 part=0 epoch=1 window=28 phase=measure evaluated=26 k=4 scale_pct=200 age_ratio=16 host=65549 gc_pages=187634 gc_count=3956 waf_q16=253132 best=17 next=27 settled=0
[836936.766596] NVMeVirt: WATGC_V2 sample ns=0 part=1 epoch=1 window=28 phase=measure evaluated=26 k=4 scale_pct=200 age_ratio=16 host=65542 gc_pages=189881 gc_count=3991 waf_q16=255399 best=17 next=27 settled=0
[836937.068324] NVMeVirt: WATGC_V2 sample ns=0 part=3 epoch=1 window=28 phase=measure evaluated=26 k=4 scale_pct=200 age_ratio=16 host=65541 gc_pages=186363 gc_count=3936 waf_q16=251884 best=17 next=27 settled=0
[836946.055267] NVMeVirt: WATGC_V2 sample ns=0 part=2 epoch=1 window=29 phase=measure evaluated=27 k=4 scale_pct=400 age_ratio=4 host=65549 gc_pages=189557 gc_count=3986 waf_q16=255055 best=17 next=28 settled=0
[836946.496287] NVMeVirt: WATGC_V2 sample ns=0 part=0 epoch=1 window=29 phase=measure evaluated=27 k=4 scale_pct=400 age_ratio=4 host=65545 gc_pages=189367 gc_count=3983 waf_q16=254876 best=17 next=28 settled=0
[836946.601957] NVMeVirt: WATGC_V2 sample ns=0 part=1 epoch=1 window=29 phase=measure evaluated=27 k=4 scale_pct=400 age_ratio=4 host=65549 gc_pages=190131 gc_count=3995 waf_q16=255629 best=17 next=28 settled=0
[836946.916307] NVMeVirt: WATGC_V2 sample ns=0 part=3 epoch=1 window=29 phase=measure evaluated=27 k=4 scale_pct=400 age_ratio=4 host=65540 gc_pages=190843 gc_count=4006 waf_q16=256367 best=17 next=28 settled=0
[836955.886835] NVMeVirt: WATGC_V2 sample ns=0 part=2 epoch=1 window=30 phase=measure evaluated=28 k=4 scale_pct=400 age_ratio=7 host=65543 gc_pages=188345 gc_count=3967 waf_q16=253860 best=17 next=29 settled=0
[836956.329434] NVMeVirt: WATGC_V2 sample ns=0 part=0 epoch=1 window=30 phase=measure evaluated=28 k=4 scale_pct=400 age_ratio=7 host=65549 gc_pages=189428 gc_count=3984 waf_q16=254926 best=17 next=29 settled=0
[836956.422505] NVMeVirt: WATGC_V2 sample ns=0 part=1 epoch=1 window=30 phase=measure evaluated=28 k=4 scale_pct=400 age_ratio=7 host=65543 gc_pages=189370 gc_count=3983 waf_q16=254885 best=17 next=29 settled=0
[836956.751740] NVMeVirt: WATGC_V2 sample ns=0 part=3 epoch=1 window=30 phase=measure evaluated=28 k=4 scale_pct=400 age_ratio=7 host=65541 gc_pages=189500 gc_count=3985 waf_q16=255021 best=17 next=29 settled=0
[836965.730816] NVMeVirt: WATGC_V2 sample ns=0 part=2 epoch=1 window=31 phase=measure evaluated=29 k=4 scale_pct=400 age_ratio=16 host=65551 gc_pages=189233 gc_count=3981 waf_q16=254725 best=17 next=30 settled=0
[836966.167757] NVMeVirt: WATGC_V2 sample ns=0 part=0 epoch=1 window=31 phase=measure evaluated=29 k=4 scale_pct=400 age_ratio=16 host=65539 gc_pages=188476 gc_count=3969 waf_q16=254003 best=17 next=30 settled=0
[836966.242561] NVMeVirt: WATGC_V2 sample ns=0 part=1 epoch=1 window=31 phase=measure evaluated=29 k=4 scale_pct=400 age_ratio=16 host=65543 gc_pages=189114 gc_count=3979 waf_q16=254629 best=17 next=30 settled=0
[836966.580745] NVMeVirt: WATGC_V2 sample ns=0 part=3 epoch=1 window=31 phase=measure evaluated=29 k=4 scale_pct=400 age_ratio=16 host=65552 gc_pages=186672 gc_count=3941 waf_q16=252162 best=17 next=30 settled=0
[836975.569676] NVMeVirt: WATGC_V2 sample ns=0 part=2 epoch=1 window=32 phase=measure evaluated=30 k=7 scale_pct=25 age_ratio=4 host=65555 gc_pages=150374 gc_count=3374 waf_q16=215866 best=17 next=31 settled=0
[836975.983877] NVMeVirt: WATGC_V2 sample ns=0 part=0 epoch=1 window=32 phase=measure evaluated=30 k=7 scale_pct=25 age_ratio=4 host=65539 gc_pages=146874 gc_count=3319 waf_q16=212403 best=17 next=31 settled=0
[836976.059091] NVMeVirt: WATGC_V2 sample ns=0 part=1 epoch=1 window=32 phase=measure evaluated=30 k=7 scale_pct=25 age_ratio=4 host=65553 gc_pages=149096 gc_count=3354 waf_q16=214593 best=17 next=31 settled=0
[836976.447969] NVMeVirt: WATGC_V2 sample ns=0 part=3 epoch=1 window=32 phase=measure evaluated=30 k=7 scale_pct=25 age_ratio=4 host=65542 gc_pages=147321 gc_count=3326 waf_q16=212843 best=17 next=31 settled=0
[836985.410022] NVMeVirt: WATGC_V2 sample ns=0 part=2 epoch=1 window=33 phase=measure evaluated=31 k=7 scale_pct=25 age_ratio=7 host=65554 gc_pages=144302 gc_count=3279 waf_q16=209798 best=17 next=32 settled=0
[836985.829947] NVMeVirt: WATGC_V2 sample ns=0 part=0 epoch=1 window=33 phase=measure evaluated=31 k=7 scale_pct=25 age_ratio=7 host=65545 gc_pages=141946 gc_count=3242 waf_q16=207462 best=17 next=32 settled=0
[836985.884458] NVMeVirt: WATGC_V2 sample ns=0 part=1 epoch=1 window=33 phase=measure evaluated=31 k=7 scale_pct=25 age_ratio=7 host=65537 gc_pages=138300 gc_count=3185 waf_q16=203833 best=17 next=32 settled=0
[836986.256438] NVMeVirt: WATGC_V2 sample ns=0 part=3 epoch=1 window=33 phase=measure evaluated=31 k=7 scale_pct=25 age_ratio=7 host=65550 gc_pages=132908 gc_count=3101 waf_q16=198415 best=17 next=32 settled=0
[836995.237906] NVMeVirt: WATGC_V2 sample ns=0 part=2 epoch=1 window=34 phase=measure evaluated=32 k=7 scale_pct=25 age_ratio=16 host=65540 gc_pages=124116 gc_count=2963 waf_q16=189644 best=17 next=33 settled=0
[836995.680426] NVMeVirt: WATGC_V2 sample ns=0 part=0 epoch=1 window=34 phase=measure evaluated=32 k=7 scale_pct=25 age_ratio=16 host=65544 gc_pages=130429 gc_count=3062 waf_q16=195949 best=17 next=33 settled=0
[836995.711837] NVMeVirt: WATGC_V2 sample ns=0 part=1 epoch=1 window=34 phase=measure evaluated=32 k=7 scale_pct=25 age_ratio=16 host=65539 gc_pages=133489 gc_count=3110 waf_q16=199018 best=17 next=33 settled=0
[836996.067208] NVMeVirt: WATGC_V2 sample ns=0 part=3 epoch=1 window=34 phase=measure evaluated=32 k=7 scale_pct=25 age_ratio=16 host=65545 gc_pages=135300 gc_count=3138 waf_q16=200817 best=17 next=33 settled=0
[837005.044193] NVMeVirt: WATGC_V2 sample ns=0 part=2 epoch=1 window=35 phase=measure evaluated=33 k=7 scale_pct=50 age_ratio=4 host=65550 gc_pages=144632 gc_count=3284 waf_q16=210137 best=17 next=34 settled=0
[837005.521809] NVMeVirt: WATGC_V2 sample ns=0 part=0 epoch=1 window=35 phase=measure evaluated=33 k=7 scale_pct=50 age_ratio=4 host=65554 gc_pages=140533 gc_count=3220 waf_q16=206030 best=17 next=34 settled=0
[837005.554984] NVMeVirt: WATGC_V2 sample ns=0 part=1 epoch=1 window=35 phase=measure evaluated=33 k=7 scale_pct=50 age_ratio=4 host=65548 gc_pages=141750 gc_count=3239 waf_q16=207260 best=17 next=34 settled=0
[837005.918495] NVMeVirt: WATGC_V2 sample ns=0 part=3 epoch=1 window=35 phase=measure evaluated=33 k=7 scale_pct=50 age_ratio=4 host=65543 gc_pages=140163 gc_count=3214 waf_q16=205684 best=17 next=34 settled=0
[837014.889272] NVMeVirt: WATGC_V2 sample ns=0 part=2 epoch=1 window=36 phase=measure evaluated=34 k=7 scale_pct=50 age_ratio=7 host=65539 gc_pages=157950 gc_count=3492 waf_q16=223478 best=17 next=35 settled=0
[837015.358529] NVMeVirt: WATGC_V2 sample ns=0 part=0 epoch=1 window=36 phase=measure evaluated=34 k=7 scale_pct=50 age_ratio=7 host=65537 gc_pages=158015 gc_count=3493 waf_q16=223548 best=17 next=35 settled=0
[837015.371854] NVMeVirt: WATGC_V2 sample ns=0 part=1 epoch=1 window=36 phase=measure evaluated=34 k=7 scale_pct=50 age_ratio=7 host=65544 gc_pages=159479 gc_count=3516 waf_q16=224995 best=17 next=35 settled=0
[837015.749241] NVMeVirt: WATGC_V2 sample ns=0 part=3 epoch=1 window=36 phase=measure evaluated=34 k=7 scale_pct=50 age_ratio=7 host=65537 gc_pages=156861 gc_count=3475 waf_q16=222394 best=17 next=35 settled=0
[837024.698732] NVMeVirt: WATGC_V2 sample ns=0 part=2 epoch=1 window=37 phase=measure evaluated=35 k=7 scale_pct=50 age_ratio=16 host=65545 gc_pages=148468 gc_count=3344 waf_q16=213983 best=17 next=36 settled=0
[837025.191642] NVMeVirt: WATGC_V2 sample ns=0 part=0 epoch=1 window=37 phase=measure evaluated=35 k=7 scale_pct=50 age_ratio=16 host=65539 gc_pages=148153 gc_count=3339 waf_q16=213682 best=17 next=36 settled=0
[837025.224625] NVMeVirt: WATGC_V2 sample ns=0 part=1 epoch=1 window=37 phase=measure evaluated=35 k=7 scale_pct=50 age_ratio=16 host=65549 gc_pages=147300 gc_count=3326 waf_q16=212806 best=17 next=36 settled=0
[837025.571442] NVMeVirt: WATGC_V2 sample ns=0 part=3 epoch=1 window=37 phase=measure evaluated=35 k=7 scale_pct=50 age_ratio=16 host=65561 gc_pages=146787 gc_count=3318 waf_q16=212267 best=17 next=36 settled=0
[837034.533196] NVMeVirt: WATGC_V2 sample ns=0 part=2 epoch=1 window=38 phase=measure evaluated=36 k=7 scale_pct=100 age_ratio=4 host=65538 gc_pages=150079 gc_count=3369 waf_q16=215610 best=17 next=38 settled=0
[837035.029094] NVMeVirt: WATGC_V2 sample ns=0 part=0 epoch=1 window=38 phase=measure evaluated=36 k=7 scale_pct=100 age_ratio=4 host=65537 gc_pages=148415 gc_count=3343 waf_q16=213948 best=17 next=38 settled=0
[837035.070876] NVMeVirt: WATGC_V2 sample ns=0 part=1 epoch=1 window=38 phase=measure evaluated=36 k=7 scale_pct=100 age_ratio=4 host=65538 gc_pages=151742 gc_count=3395 waf_q16=217273 best=17 next=38 settled=0
[837035.378048] NVMeVirt: WATGC_V2 sample ns=0 part=3 epoch=1 window=38 phase=measure evaluated=36 k=7 scale_pct=100 age_ratio=4 host=65536 gc_pages=150273 gc_count=3372 waf_q16=215809 best=17 next=38 settled=0
[837044.367999] NVMeVirt: WATGC_V2 sample ns=0 part=2 epoch=1 window=39 phase=measure evaluated=38 k=7 scale_pct=100 age_ratio=16 host=65537 gc_pages=174144 gc_count=3745 waf_q16=239677 best=17 next=39 settled=0
[837044.841832] NVMeVirt: WATGC_V2 sample ns=0 part=0 epoch=1 window=39 phase=measure evaluated=38 k=7 scale_pct=100 age_ratio=16 host=65538 gc_pages=173760 gc_count=3739 waf_q16=239290 best=17 next=39 settled=0
[837044.902263] NVMeVirt: WATGC_V2 sample ns=0 part=1 epoch=1 window=39 phase=measure evaluated=38 k=7 scale_pct=100 age_ratio=16 host=65544 gc_pages=175161 gc_count=3761 waf_q16=240675 best=17 next=39 settled=0
[837045.231467] NVMeVirt: WATGC_V2 sample ns=0 part=3 epoch=1 window=39 phase=measure evaluated=38 k=7 scale_pct=100 age_ratio=16 host=65549 gc_pages=176180 gc_count=3777 waf_q16=241681 best=17 next=39 settled=0
[837054.184886] NVMeVirt: WATGC_V2 sample ns=0 part=2 epoch=1 window=40 phase=measure evaluated=39 k=7 scale_pct=200 age_ratio=4 host=65550 gc_pages=173875 gc_count=3741 waf_q16=239373 best=17 next=40 settled=0
[837054.691762] NVMeVirt: WATGC_V2 sample ns=0 part=0 epoch=1 window=40 phase=measure evaluated=39 k=7 scale_pct=200 age_ratio=4 host=65547 gc_pages=175350 gc_count=3764 waf_q16=240856 best=17 next=40 settled=0
[837054.740783] NVMeVirt: WATGC_V2 sample ns=0 part=1 epoch=1 window=40 phase=measure evaluated=39 k=7 scale_pct=200 age_ratio=4 host=65540 gc_pages=174590 gc_count=3752 waf_q16=240115 best=17 next=40 settled=0
[837055.057412] NVMeVirt: WATGC_V2 sample ns=0 part=3 epoch=1 window=40 phase=measure evaluated=39 k=7 scale_pct=200 age_ratio=4 host=65537 gc_pages=174784 gc_count=3755 waf_q16=240317 best=17 next=40 settled=0
[837064.034143] NVMeVirt: WATGC_V2 sample ns=0 part=2 epoch=1 window=41 phase=measure evaluated=40 k=7 scale_pct=200 age_ratio=7 host=65546 gc_pages=180854 gc_count=3850 waf_q16=246362 best=17 next=41 settled=0
[837064.497776] NVMeVirt: WATGC_V2 sample ns=0 part=0 epoch=1 window=41 phase=measure evaluated=40 k=7 scale_pct=200 age_ratio=7 host=65545 gc_pages=177590 gc_count=3799 waf_q16=243101 best=17 next=41 settled=0
[837064.576200] NVMeVirt: WATGC_V2 sample ns=0 part=1 epoch=1 window=41 phase=measure evaluated=40 k=7 scale_pct=200 age_ratio=7 host=65547 gc_pages=178933 gc_count=3820 waf_q16=244438 best=17 next=41 settled=0
[837064.890802] NVMeVirt: WATGC_V2 sample ns=0 part=3 epoch=1 window=41 phase=measure evaluated=40 k=7 scale_pct=200 age_ratio=7 host=65546 gc_pages=179125 gc_count=3823 waf_q16=244633 best=17 next=41 settled=0
[837073.884189] NVMeVirt: WATGC_V2 sample ns=0 part=2 epoch=1 window=42 phase=measure evaluated=41 k=7 scale_pct=200 age_ratio=16 host=65543 gc_pages=185017 gc_count=3915 waf_q16=250533 best=17 next=42 settled=0
[837074.322383] NVMeVirt: WATGC_V2 sample ns=0 part=0 epoch=1 window=42 phase=measure evaluated=41 k=7 scale_pct=200 age_ratio=16 host=65551 gc_pages=186610 gc_count=3940 waf_q16=252103 best=17 next=42 settled=0
[837074.395842] NVMeVirt: WATGC_V2 sample ns=0 part=1 epoch=1 window=42 phase=measure evaluated=41 k=7 scale_pct=200 age_ratio=16 host=65549 gc_pages=186227 gc_count=3934 waf_q16=251726 best=17 next=42 settled=0
[837074.730247] NVMeVirt: WATGC_V2 sample ns=0 part=3 epoch=1 window=42 phase=measure evaluated=41 k=7 scale_pct=200 age_ratio=16 host=65548 gc_pages=185076 gc_count=3916 waf_q16=250578 best=17 next=42 settled=0
[837083.685338] NVMeVirt: WATGC_V2 sample ns=0 part=2 epoch=1 window=43 phase=measure evaluated=42 k=7 scale_pct=400 age_ratio=4 host=65551 gc_pages=190064 gc_count=3994 waf_q16=255556 best=17 next=43 settled=0
[837084.162829] NVMeVirt: WATGC_V2 sample ns=0 part=0 epoch=1 window=43 phase=measure evaluated=42 k=7 scale_pct=400 age_ratio=4 host=65536 gc_pages=188605 gc_count=3971 waf_q16=254141 best=17 next=43 settled=0
[837084.243920] NVMeVirt: WATGC_V2 sample ns=0 part=1 epoch=1 window=43 phase=measure evaluated=42 k=7 scale_pct=400 age_ratio=4 host=65549 gc_pages=188529 gc_count=3970 waf_q16=254027 best=17 next=43 settled=0
[837084.564093] NVMeVirt: WATGC_V2 sample ns=0 part=3 epoch=1 window=43 phase=measure evaluated=42 k=7 scale_pct=400 age_ratio=4 host=65547 gc_pages=186677 gc_count=3941 waf_q16=252181 best=17 next=43 settled=0
[837093.513764] NVMeVirt: WATGC_V2 sample ns=0 part=2 epoch=1 window=44 phase=measure evaluated=43 k=7 scale_pct=400 age_ratio=7 host=65538 gc_pages=190591 gc_count=4002 waf_q16=256121 best=17 next=44 settled=0
[837094.004270] NVMeVirt: WATGC_V2 sample ns=0 part=0 epoch=1 window=44 phase=measure evaluated=43 k=7 scale_pct=400 age_ratio=7 host=65545 gc_pages=190391 gc_count=3999 waf_q16=255900 best=17 next=44 settled=0
[837094.070625] NVMeVirt: WATGC_V2 sample ns=0 part=1 epoch=1 window=44 phase=measure evaluated=43 k=7 scale_pct=400 age_ratio=7 host=65542 gc_pages=192570 gc_count=4033 waf_q16=258088 best=17 next=44 settled=0
[837094.390783] NVMeVirt: WATGC_V2 sample ns=0 part=3 epoch=1 window=44 phase=measure evaluated=43 k=7 scale_pct=400 age_ratio=7 host=65541 gc_pages=190138 gc_count=3995 waf_q16=255659 best=17 next=44 settled=0
[837103.337461] NVMeVirt: WATGC_V2 sample ns=0 part=2 epoch=1 window=45 phase=measure evaluated=44 k=7 scale_pct=400 age_ratio=16 host=65540 gc_pages=191101 gc_count=4010 waf_q16=256625 best=17 next=45 settled=0
[837103.849745] NVMeVirt: WATGC_V2 sample ns=0 part=0 epoch=1 window=45 phase=measure evaluated=44 k=7 scale_pct=400 age_ratio=16 host=65537 gc_pages=189504 gc_count=3985 waf_q16=255037 best=17 next=45 settled=0
[837103.892643] NVMeVirt: WATGC_V2 sample ns=0 part=1 epoch=1 window=45 phase=measure evaluated=44 k=7 scale_pct=400 age_ratio=16 host=65551 gc_pages=190513 gc_count=4001 waf_q16=256005 best=17 next=45 settled=0
[837104.241877] NVMeVirt: WATGC_V2 sample ns=0 part=3 epoch=1 window=45 phase=measure evaluated=44 k=7 scale_pct=400 age_ratio=16 host=65546 gc_pages=188728 gc_count=3973 waf_q16=254235 best=17 next=45 settled=0
[837113.189079] NVMeVirt: WATGC_V2 sample ns=0 part=2 epoch=1 window=46 phase=measure evaluated=45 k=10 scale_pct=25 age_ratio=4 host=65551 gc_pages=142769 gc_count=3255 waf_q16=208272 best=17 next=46 settled=0
[837113.662424] NVMeVirt: WATGC_V2 sample ns=0 part=0 epoch=1 window=46 phase=measure evaluated=45 k=10 scale_pct=25 age_ratio=4 host=65541 gc_pages=144756 gc_count=3286 waf_q16=210280 best=17 next=46 settled=0
[837113.749571] NVMeVirt: WATGC_V2 sample ns=0 part=1 epoch=1 window=46 phase=measure evaluated=45 k=10 scale_pct=25 age_ratio=4 host=65541 gc_pages=145588 gc_count=3299 waf_q16=211112 best=17 next=46 settled=0
[837114.051178] NVMeVirt: WATGC_V2 sample ns=0 part=3 epoch=1 window=46 phase=measure evaluated=45 k=10 scale_pct=25 age_ratio=4 host=65547 gc_pages=147375 gc_count=3327 waf_q16=212886 best=17 next=46 settled=0
[837122.997228] NVMeVirt: WATGC_V2 sample ns=0 part=2 epoch=1 window=47 phase=measure evaluated=46 k=10 scale_pct=25 age_ratio=7 host=65555 gc_pages=128292 gc_count=3029 waf_q16=193790 best=17 next=47 settled=0
[837123.507299] NVMeVirt: WATGC_V2 sample ns=0 part=0 epoch=1 window=47 phase=measure evaluated=46 k=10 scale_pct=25 age_ratio=7 host=65559 gc_pages=122148 gc_count=2933 waf_q16=187641 best=17 next=47 settled=0
[837123.569299] NVMeVirt: WATGC_V2 sample ns=0 part=1 epoch=1 window=47 phase=measure evaluated=46 k=10 scale_pct=25 age_ratio=7 host=65561 gc_pages=124316 gc_count=2967 waf_q16=189804 best=17 next=47 settled=0
[837123.891804] NVMeVirt: WATGC_V2 sample ns=0 part=3 epoch=1 window=47 phase=measure evaluated=46 k=10 scale_pct=25 age_ratio=7 host=65540 gc_pages=121975 gc_count=2930 waf_q16=187503 best=17 next=47 settled=0
[837132.811241] NVMeVirt: WATGC_V2 sample ns=0 part=2 epoch=1 window=48 phase=measure evaluated=47 k=10 scale_pct=25 age_ratio=16 host=65545 gc_pages=119103 gc_count=2885 waf_q16=184622 best=17 next=48 settled=0
[837133.367934] NVMeVirt: WATGC_V2 sample ns=0 part=0 epoch=1 window=48 phase=measure evaluated=47 k=10 scale_pct=25 age_ratio=16 host=65544 gc_pages=127361 gc_count=3014 waf_q16=192881 best=17 next=48 settled=0
[837133.412993] NVMeVirt: WATGC_V2 sample ns=0 part=1 epoch=1 window=48 phase=measure evaluated=47 k=10 scale_pct=25 age_ratio=16 host=65552 gc_pages=127859 gc_count=3022 waf_q16=193363 best=17 next=48 settled=0
[837133.709986] NVMeVirt: WATGC_V2 sample ns=0 part=3 epoch=1 window=48 phase=measure evaluated=47 k=10 scale_pct=25 age_ratio=16 host=65537 gc_pages=130245 gc_count=3059 waf_q16=195779 best=17 next=48 settled=0
[837142.658964] NVMeVirt: WATGC_V2 sample ns=0 part=2 epoch=1 window=49 phase=measure evaluated=48 k=10 scale_pct=50 age_ratio=4 host=65536 gc_pages=136707 gc_count=3160 waf_q16=202243 best=17 next=49 settled=0
[837143.184982] NVMeVirt: WATGC_V2 sample ns=0 part=0 epoch=1 window=49 phase=measure evaluated=48 k=10 scale_pct=50 age_ratio=4 host=65550 gc_pages=131386 gc_count=3077 waf_q16=196893 best=17 next=49 settled=0
[837143.260573] NVMeVirt: WATGC_V2 sample ns=0 part=1 epoch=1 window=49 phase=measure evaluated=48 k=10 scale_pct=50 age_ratio=4 host=65538 gc_pages=133570 gc_count=3111 waf_q16=199101 best=17 next=49 settled=0
[837143.534838] NVMeVirt: WATGC_V2 sample ns=0 part=3 epoch=1 window=49 phase=measure evaluated=48 k=10 scale_pct=50 age_ratio=4 host=65541 gc_pages=130687 gc_count=3066 waf_q16=196213 best=17 next=49 settled=0
[837152.501165] NVMeVirt: WATGC_V2 sample ns=0 part=2 epoch=1 window=50 phase=measure evaluated=49 k=10 scale_pct=50 age_ratio=7 host=65537 gc_pages=140031 gc_count=3212 waf_q16=205564 best=17 next=50 settled=0
[837153.015054] NVMeVirt: WATGC_V2 sample ns=0 part=0 epoch=1 window=50 phase=measure evaluated=49 k=10 scale_pct=50 age_ratio=7 host=65547 gc_pages=141494 gc_count=3235 waf_q16=207006 best=17 next=50 settled=0
[837153.089070] NVMeVirt: WATGC_V2 sample ns=0 part=1 epoch=1 window=50 phase=measure evaluated=49 k=10 scale_pct=50 age_ratio=7 host=65538 gc_pages=141376 gc_count=3233 waf_q16=206907 best=17 next=50 settled=0
[837153.360463] NVMeVirt: WATGC_V2 sample ns=0 part=3 epoch=1 window=50 phase=measure evaluated=49 k=10 scale_pct=50 age_ratio=7 host=65546 gc_pages=138936 gc_count=3195 waf_q16=204450 best=17 next=50 settled=0
[837162.338284] NVMeVirt: WATGC_V2 sample ns=0 part=2 epoch=1 window=51 phase=measure evaluated=50 k=10 scale_pct=50 age_ratio=16 host=65539 gc_pages=124463 gc_count=2969 waf_q16=189993 best=17 next=51 settled=0
[837162.845855] NVMeVirt: WATGC_V2 sample ns=0 part=0 epoch=1 window=51 phase=measure evaluated=50 k=10 scale_pct=50 age_ratio=16 host=65549 gc_pages=119212 gc_count=2887 waf_q16=184724 best=17 next=51 settled=0
[837162.893286] NVMeVirt: WATGC_V2 sample ns=0 part=1 epoch=1 window=51 phase=measure evaluated=50 k=10 scale_pct=50 age_ratio=16 host=65551 gc_pages=121699 gc_count=2926 waf_q16=187207 best=17 next=51 settled=0
[837163.192762] NVMeVirt: WATGC_V2 sample ns=0 part=3 epoch=1 window=51 phase=measure evaluated=50 k=10 scale_pct=50 age_ratio=16 host=65550 gc_pages=120043 gc_count=2900 waf_q16=185553 best=17 next=51 settled=0
[837172.149656] NVMeVirt: WATGC_V2 sample ns=0 part=2 epoch=1 window=52 phase=measure evaluated=51 k=10 scale_pct=100 age_ratio=4 host=65539 gc_pages=147324 gc_count=3326 waf_q16=212853 best=17 next=52 settled=0
[837172.684308] NVMeVirt: WATGC_V2 sample ns=0 part=0 epoch=1 window=52 phase=measure evaluated=51 k=10 scale_pct=100 age_ratio=4 host=65548 gc_pages=146677 gc_count=3316 waf_q16=212186 best=17 next=52 settled=0
[837172.745023] NVMeVirt: WATGC_V2 sample ns=0 part=1 epoch=1 window=52 phase=measure evaluated=51 k=10 scale_pct=100 age_ratio=4 host=65545 gc_pages=147961 gc_count=3336 waf_q16=213476 best=17 next=52 settled=0
[837173.033941] NVMeVirt: WATGC_V2 sample ns=0 part=3 epoch=1 window=52 phase=measure evaluated=51 k=10 scale_pct=100 age_ratio=4 host=65542 gc_pages=148221 gc_count=3340 waf_q16=213743 best=17 next=52 settled=0
[837181.973700] NVMeVirt: WATGC_V2 sample ns=0 part=2 epoch=1 window=53 phase=measure evaluated=52 k=10 scale_pct=100 age_ratio=7 host=65541 gc_pages=173750 gc_count=3739 waf_q16=239272 best=17 next=53 settled=0
[837182.522094] NVMeVirt: WATGC_V2 sample ns=0 part=0 epoch=1 window=53 phase=measure evaluated=52 k=10 scale_pct=100 age_ratio=7 host=65538 gc_pages=172156 gc_count=3714 waf_q16=237686 best=17 next=53 settled=0
[837182.581727] NVMeVirt: WATGC_V2 sample ns=0 part=1 epoch=1 window=53 phase=measure evaluated=52 k=10 scale_pct=100 age_ratio=7 host=65550 gc_pages=169329 gc_count=3670 waf_q16=234828 best=17 next=53 settled=0
[837182.865899] NVMeVirt: WATGC_V2 sample ns=0 part=3 epoch=1 window=53 phase=measure evaluated=52 k=10 scale_pct=100 age_ratio=7 host=65551 gc_pages=170735 gc_count=3692 waf_q16=236231 best=17 next=53 settled=0
[837191.817489] NVMeVirt: WATGC_V2 sample ns=0 part=2 epoch=1 window=54 phase=measure evaluated=53 k=10 scale_pct=100 age_ratio=16 host=65537 gc_pages=171269 gc_count=3700 waf_q16=236802 best=17 next=54 settled=0
[837192.335443] NVMeVirt: WATGC_V2 sample ns=0 part=0 epoch=1 window=54 phase=measure evaluated=53 k=10 scale_pct=100 age_ratio=16 host=65542 gc_pages=171259 gc_count=3700 waf_q16=236779 best=17 next=54 settled=0
[837192.425736] NVMeVirt: WATGC_V2 sample ns=0 part=1 epoch=1 window=54 phase=measure evaluated=53 k=10 scale_pct=100 age_ratio=16 host=65543 gc_pages=168442 gc_count=3656 waf_q16=233960 best=17 next=54 settled=0
[837192.688245] NVMeVirt: WATGC_V2 sample ns=0 part=3 epoch=1 window=54 phase=measure evaluated=53 k=10 scale_pct=100 age_ratio=16 host=65552 gc_pages=173049 gc_count=3728 waf_q16=238542 best=17 next=54 settled=0
[837201.638065] NVMeVirt: WATGC_V2 sample ns=0 part=2 epoch=1 window=55 phase=measure evaluated=54 k=10 scale_pct=200 age_ratio=4 host=65540 gc_pages=174206 gc_count=3746 waf_q16=239731 best=17 next=55 settled=0
[837202.171362] NVMeVirt: WATGC_V2 sample ns=0 part=0 epoch=1 window=55 phase=measure evaluated=54 k=10 scale_pct=200 age_ratio=4 host=65546 gc_pages=175736 gc_count=3770 waf_q16=241245 best=17 next=55 settled=0
[837202.269583] NVMeVirt: WATGC_V2 sample ns=0 part=1 epoch=1 window=55 phase=measure evaluated=54 k=10 scale_pct=200 age_ratio=4 host=65552 gc_pages=175922 gc_count=3773 waf_q16=241415 best=17 next=55 settled=0
[837202.513941] NVMeVirt: WATGC_V2 sample ns=0 part=3 epoch=1 window=55 phase=measure evaluated=54 k=10 scale_pct=200 age_ratio=4 host=65541 gc_pages=176380 gc_count=3780 waf_q16=241902 best=17 next=55 settled=0
[837211.502379] NVMeVirt: WATGC_V2 sample ns=0 part=2 epoch=1 window=56 phase=measure evaluated=55 k=10 scale_pct=200 age_ratio=7 host=65552 gc_pages=186608 gc_count=3940 waf_q16=252098 best=17 next=56 settled=0
[837211.975864] NVMeVirt: WATGC_V2 sample ns=0 part=0 epoch=1 window=56 phase=measure evaluated=55 k=10 scale_pct=200 age_ratio=7 host=65537 gc_pages=182847 gc_count=3881 waf_q16=248380 best=17 next=56 settled=0
[837212.083797] NVMeVirt: WATGC_V2 sample ns=0 part=1 epoch=1 window=56 phase=measure evaluated=55 k=10 scale_pct=200 age_ratio=7 host=65541 gc_pages=184954 gc_count=3914 waf_q16=250475 best=17 next=56 settled=0
[837212.361042] NVMeVirt: WATGC_V2 sample ns=0 part=3 epoch=1 window=56 phase=measure evaluated=55 k=10 scale_pct=200 age_ratio=7 host=65543 gc_pages=185337 gc_count=3920 waf_q16=250853 best=17 next=56 settled=0
[837221.299998] NVMeVirt: WATGC_V2 sample ns=0 part=2 epoch=1 window=57 phase=measure evaluated=56 k=10 scale_pct=200 age_ratio=16 host=65547 gc_pages=183604 gc_count=3893 waf_q16=249109 best=17 next=57 settled=0
[837221.822581] NVMeVirt: WATGC_V2 sample ns=0 part=0 epoch=1 window=57 phase=measure evaluated=56 k=10 scale_pct=200 age_ratio=16 host=65552 gc_pages=182634 gc_count=3878 waf_q16=248125 best=17 next=57 settled=0
[837221.929372] NVMeVirt: WATGC_V2 sample ns=0 part=1 epoch=1 window=57 phase=measure evaluated=56 k=10 scale_pct=200 age_ratio=16 host=65541 gc_pages=183549 gc_count=3892 waf_q16=249070 best=17 next=57 settled=0
[837222.208502] NVMeVirt: WATGC_V2 sample ns=0 part=3 epoch=1 window=57 phase=measure evaluated=56 k=10 scale_pct=200 age_ratio=16 host=65552 gc_pages=181233 gc_count=3856 waf_q16=246724 best=17 next=57 settled=0
[837231.134306] NVMeVirt: WATGC_V2 sample ns=0 part=2 epoch=1 window=58 phase=measure evaluated=57 k=10 scale_pct=400 age_ratio=4 host=65549 gc_pages=188338 gc_count=3967 waf_q16=253836 best=17 next=58 settled=0
[837231.665886] NVMeVirt: WATGC_V2 sample ns=0 part=0 epoch=1 window=58 phase=measure evaluated=57 k=10 scale_pct=400 age_ratio=4 host=65543 gc_pages=187575 gc_count=3955 waf_q16=253090 best=17 next=58 settled=0
[837231.743486] NVMeVirt: WATGC_V2 sample ns=0 part=1 epoch=1 window=58 phase=measure evaluated=57 k=10 scale_pct=400 age_ratio=4 host=65543 gc_pages=186744 gc_count=3942 waf_q16=252260 best=17 next=58 settled=0
[837232.020124] NVMeVirt: WATGC_V2 sample ns=0 part=3 epoch=1 window=58 phase=measure evaluated=57 k=10 scale_pct=400 age_ratio=4 host=65536 gc_pages=185855 gc_count=3928 waf_q16=251391 best=17 next=58 settled=0
[837240.973614] NVMeVirt: WATGC_V2 sample ns=0 part=2 epoch=1 window=59 phase=measure evaluated=58 k=10 scale_pct=400 age_ratio=7 host=65541 gc_pages=190909 gc_count=4007 waf_q16=256430 best=17 next=59 settled=0
[837241.477404] NVMeVirt: WATGC_V2 sample ns=0 part=0 epoch=1 window=59 phase=measure evaluated=58 k=10 scale_pct=400 age_ratio=7 host=65547 gc_pages=191989 gc_count=4024 waf_q16=257492 best=17 next=59 settled=0
[837241.583202] NVMeVirt: WATGC_V2 sample ns=0 part=1 epoch=1 window=59 phase=measure evaluated=58 k=10 scale_pct=400 age_ratio=7 host=65548 gc_pages=193460 gc_count=4047 waf_q16=258960 best=17 next=59 settled=0
[837241.879242] NVMeVirt: WATGC_V2 sample ns=0 part=3 epoch=1 window=59 phase=measure evaluated=58 k=10 scale_pct=400 age_ratio=7 host=65543 gc_pages=191609 gc_count=4018 waf_q16=257124 best=17 next=59 settled=0
[837250.816798] NVMeVirt: WATGC_V2 sample ns=0 part=2 epoch=1 window=60 phase=measure evaluated=59 k=10 scale_pct=400 age_ratio=16 host=65548 gc_pages=190069 gc_count=3994 waf_q16=255570 best=17 next=0 settled=0
[837251.309733] NVMeVirt: WATGC_V2 sample ns=0 part=0 epoch=1 window=60 phase=measure evaluated=59 k=10 scale_pct=400 age_ratio=16 host=65544 gc_pages=191289 gc_count=4013 waf_q16=256801 best=17 next=0 settled=0
[837251.403861] NVMeVirt: WATGC_V2 sample ns=0 part=1 epoch=1 window=60 phase=measure evaluated=59 k=10 scale_pct=400 age_ratio=16 host=65538 gc_pages=190014 gc_count=3993 waf_q16=255544 best=17 next=0 settled=0
[837251.688665] NVMeVirt: WATGC_V2 sample ns=0 part=3 epoch=1 window=60 phase=measure evaluated=59 k=10 scale_pct=400 age_ratio=16 host=65540 gc_pages=191485 gc_count=4016 waf_q16=257009 best=17 next=0 settled=0
[837260.637803] NVMeVirt: WATGC_V2 sample ns=0 part=2 epoch=1 window=61 phase=measure evaluated=0 k=2 scale_pct=25 age_ratio=4 host=65549 gc_pages=188851 gc_count=3975 waf_q16=254349 best=17 next=1 settled=0
[837261.138266] NVMeVirt: WATGC_V2 sample ns=0 part=0 epoch=1 window=61 phase=measure evaluated=0 k=2 scale_pct=25 age_ratio=4 host=65542 gc_pages=189499 gc_count=3985 waf_q16=255017 best=17 next=1 settled=0
[837261.250871] NVMeVirt: WATGC_V2 sample ns=0 part=1 epoch=1 window=61 phase=measure evaluated=0 k=2 scale_pct=25 age_ratio=4 host=65552 gc_pages=188657 gc_count=3972 waf_q16=254146 best=17 next=1 settled=0
[837261.530469] NVMeVirt: WATGC_V2 sample ns=0 part=3 epoch=1 window=61 phase=measure evaluated=0 k=2 scale_pct=25 age_ratio=4 host=65539 gc_pages=188733 gc_count=3973 waf_q16=254260 best=17 next=1 settled=0
[837270.493694] NVMeVirt: WATGC_V2 sample ns=0 part=2 epoch=1 window=62 phase=measure evaluated=1 k=2 scale_pct=25 age_ratio=7 host=65551 gc_pages=190641 gc_count=4003 waf_q16=256133 best=17 next=2 settled=0
[837270.974678] NVMeVirt: WATGC_V2 sample ns=0 part=0 epoch=1 window=62 phase=measure evaluated=1 k=2 scale_pct=25 age_ratio=7 host=65538 gc_pages=190654 gc_count=4003 waf_q16=256184 best=17 next=2 settled=0
[837271.062616] NVMeVirt: WATGC_V2 sample ns=0 part=1 epoch=1 window=62 phase=measure evaluated=1 k=2 scale_pct=25 age_ratio=7 host=65545 gc_pages=192504 gc_count=4032 waf_q16=258013 best=17 next=2 settled=0
[837271.347630] NVMeVirt: WATGC_V2 sample ns=0 part=3 epoch=1 window=62 phase=measure evaluated=1 k=2 scale_pct=25 age_ratio=7 host=65538 gc_pages=191550 gc_count=4017 waf_q16=257080 best=17 next=2 settled=0
[837280.303204] NVMeVirt: WATGC_V2 sample ns=0 part=2 epoch=1 window=63 phase=measure evaluated=2 k=2 scale_pct=25 age_ratio=16 host=65549 gc_pages=196465 gc_count=4094 waf_q16=261962 best=17 next=3 settled=0
[837280.800482] NVMeVirt: WATGC_V2 sample ns=0 part=0 epoch=1 window=63 phase=measure evaluated=2 k=2 scale_pct=25 age_ratio=16 host=65551 gc_pages=191216 gc_count=4012 waf_q16=256708 best=17 next=3 settled=0
[837280.905958] NVMeVirt: WATGC_V2 sample ns=0 part=1 epoch=1 window=63 phase=measure evaluated=2 k=2 scale_pct=25 age_ratio=16 host=65548 gc_pages=193138 gc_count=4042 waf_q16=258638 best=17 next=3 settled=0
[837281.201894] NVMeVirt: WATGC_V2 sample ns=0 part=3 epoch=1 window=63 phase=measure evaluated=2 k=2 scale_pct=25 age_ratio=16 host=65545 gc_pages=189750 gc_count=3989 waf_q16=255259 best=17 next=3 settled=0
[837290.154463] NVMeVirt: WATGC_V2 sample ns=0 part=2 epoch=1 window=64 phase=measure evaluated=3 k=2 scale_pct=50 age_ratio=4 host=65539 gc_pages=193918 gc_count=4054 waf_q16=259445 best=17 next=4 settled=0
[837290.651104] NVMeVirt: WATGC_V2 sample ns=0 part=0 epoch=1 window=64 phase=measure evaluated=3 k=2 scale_pct=50 age_ratio=4 host=65537 gc_pages=192640 gc_count=4034 waf_q16=258173 best=17 next=4 settled=0
[837290.731021] NVMeVirt: WATGC_V2 sample ns=0 part=1 epoch=1 window=64 phase=measure evaluated=3 k=2 scale_pct=50 age_ratio=4 host=65550 gc_pages=194226 gc_count=4059 waf_q16=259720 best=17 next=4 settled=0
[837291.005746] NVMeVirt: WATGC_V2 sample ns=0 part=3 epoch=1 window=64 phase=measure evaluated=3 k=2 scale_pct=50 age_ratio=4 host=65541 gc_pages=194234 gc_count=4059 waf_q16=259755 best=17 next=4 settled=0
[837299.971666] NVMeVirt: WATGC_V2 sample ns=0 part=2 epoch=1 window=65 phase=measure evaluated=4 k=2 scale_pct=50 age_ratio=7 host=65536 gc_pages=190527 gc_count=4001 waf_q16=256063 best=17 next=5 settled=0
[837300.480568] NVMeVirt: WATGC_V2 sample ns=0 part=0 epoch=1 window=65 phase=measure evaluated=4 k=2 scale_pct=50 age_ratio=7 host=65541 gc_pages=191482 gc_count=4016 waf_q16=257003 best=17 next=5 settled=0
[837300.575253] NVMeVirt: WATGC_V2 sample ns=0 part=1 epoch=1 window=65 phase=measure evaluated=4 k=2 scale_pct=50 age_ratio=7 host=65542 gc_pages=192123 gc_count=4026 waf_q16=257641 best=17 next=5 settled=0
[837300.840215] NVMeVirt: WATGC_V2 sample ns=0 part=3 epoch=1 window=65 phase=measure evaluated=4 k=2 scale_pct=50 age_ratio=7 host=65541 gc_pages=193852 gc_count=4053 waf_q16=259373 best=17 next=5 settled=0
[837309.790299] NVMeVirt: WATGC_V2 sample ns=0 part=2 epoch=1 window=66 phase=measure evaluated=5 k=2 scale_pct=50 age_ratio=16 host=65549 gc_pages=190899 gc_count=4007 waf_q16=256397 best=17 next=6 settled=0
[837310.327297] NVMeVirt: WATGC_V2 sample ns=0 part=0 epoch=1 window=66 phase=measure evaluated=5 k=2 scale_pct=50 age_ratio=16 host=65538 gc_pages=191550 gc_count=4017 waf_q16=257080 best=17 next=6 settled=0
[837310.393734] NVMeVirt: WATGC_V2 sample ns=0 part=1 epoch=1 window=66 phase=measure evaluated=5 k=2 scale_pct=50 age_ratio=16 host=65543 gc_pages=193849 gc_count=4053 waf_q16=259364 best=17 next=6 settled=0
[837310.678247] NVMeVirt: WATGC_V2 sample ns=0 part=3 epoch=1 window=66 phase=measure evaluated=5 k=2 scale_pct=50 age_ratio=16 host=65539 gc_pages=193533 gc_count=4048 waf_q16=259060 best=17 next=6 settled=0
[837319.619209] NVMeVirt: WATGC_V2 sample ns=0 part=2 epoch=1 window=67 phase=measure evaluated=6 k=2 scale_pct=100 age_ratio=4 host=65546 gc_pages=190901 gc_count=4007 waf_q16=256407 best=17 next=7 settled=0
[837320.151707] NVMeVirt: WATGC_V2 sample ns=0 part=0 epoch=1 window=67 phase=measure evaluated=6 k=2 scale_pct=100 age_ratio=4 host=65539 gc_pages=192702 gc_count=4035 waf_q16=258229 best=17 next=7 settled=0
[837320.227552] NVMeVirt: WATGC_V2 sample ns=0 part=1 epoch=1 window=67 phase=measure evaluated=6 k=2 scale_pct=100 age_ratio=4 host=65537 gc_pages=193280 gc_count=4044 waf_q16=258813 best=17 next=7 settled=0
[837320.517589] NVMeVirt: WATGC_V2 sample ns=0 part=3 epoch=1 window=67 phase=measure evaluated=6 k=2 scale_pct=100 age_ratio=4 host=65544 gc_pages=190648 gc_count=4003 waf_q16=256160 best=17 next=7 settled=0
[837329.481068] NVMeVirt: WATGC_V2 sample ns=0 part=2 epoch=1 window=68 phase=measure evaluated=7 k=2 scale_pct=100 age_ratio=7 host=65548 gc_pages=190963 gc_count=4008 waf_q16=256464 best=17 next=8 settled=0
[837329.967779] NVMeVirt: WATGC_V2 sample ns=0 part=0 epoch=1 window=68 phase=measure evaluated=7 k=2 scale_pct=100 age_ratio=7 host=65552 gc_pages=190574 gc_count=4002 waf_q16=256063 best=17 next=8 settled=0
[837330.057999] NVMeVirt: WATGC_V2 sample ns=0 part=1 epoch=1 window=68 phase=measure evaluated=7 k=2 scale_pct=100 age_ratio=7 host=65537 gc_pages=191678 gc_count=4019 waf_q16=257211 best=17 next=8 settled=0
[837330.343609] NVMeVirt: WATGC_V2 sample ns=0 part=3 epoch=1 window=68 phase=measure evaluated=7 k=2 scale_pct=100 age_ratio=7 host=65537 gc_pages=190975 gc_count=4008 waf_q16=256508 best=17 next=8 settled=0
[837339.301575] NVMeVirt: WATGC_V2 sample ns=0 part=2 epoch=1 window=69 phase=measure evaluated=8 k=2 scale_pct=100 age_ratio=16 host=65541 gc_pages=194301 gc_count=4060 waf_q16=259822 best=17 next=9 settled=0
[837339.802036] NVMeVirt: WATGC_V2 sample ns=0 part=0 epoch=1 window=69 phase=measure evaluated=8 k=2 scale_pct=100 age_ratio=16 host=65540 gc_pages=194429 gc_count=4062 waf_q16=259953 best=17 next=9 settled=0
[837339.852524] NVMeVirt: WATGC_V2 discard ns=0 part=1 epoch=1 phase=2 arm=8 host=65362 gc_pages=196781 gc_count=4096 reason=undersized
[837340.198290] NVMeVirt: WATGC_V2 sample ns=0 part=3 epoch=1 window=69 phase=measure evaluated=8 k=2 scale_pct=100 age_ratio=16 host=65548 gc_pages=195634 gc_count=4081 waf_q16=261134 best=17 next=9 settled=0
[837349.127286] NVMeVirt: WATGC_V2 sample ns=0 part=2 epoch=1 window=70 phase=measure evaluated=9 k=2 scale_pct=200 age_ratio=4 host=65546 gc_pages=193078 gc_count=4041 waf_q16=258584 best=17 next=10 settled=0
[837349.641360] NVMeVirt: WATGC_V2 sample ns=0 part=0 epoch=1 window=70 phase=measure evaluated=9 k=2 scale_pct=200 age_ratio=4 host=65540 gc_pages=192125 gc_count=4026 waf_q16=257649 best=17 next=10 settled=0
[837349.699981] NVMeVirt: WATGC_V2 sample ns=0 part=1 epoch=1 window=69 phase=measure evaluated=8 k=2 scale_pct=100 age_ratio=16 host=65536 gc_pages=193408 gc_count=4046 waf_q16=258944 best=17 next=9 settled=0
[837350.014995] NVMeVirt: WATGC_V2 sample ns=0 part=3 epoch=1 window=70 phase=measure evaluated=9 k=2 scale_pct=200 age_ratio=4 host=65546 gc_pages=193528 gc_count=4048 waf_q16=259034 best=17 next=10 settled=0
[837358.973547] NVMeVirt: WATGC_V2 sample ns=0 part=2 epoch=1 window=71 phase=measure evaluated=10 k=2 scale_pct=200 age_ratio=7 host=65549 gc_pages=191154 gc_count=4011 waf_q16=256652 best=17 next=11 settled=0
[837359.469116] NVMeVirt: WATGC_V2 sample ns=0 part=0 epoch=1 window=71 phase=measure evaluated=10 k=2 scale_pct=200 age_ratio=7 host=65548 gc_pages=191667 gc_count=4019 waf_q16=257167 best=17 next=11 settled=0
[837359.534431] NVMeVirt: WATGC_V2 sample ns=0 part=1 epoch=1 window=70 phase=measure evaluated=9 k=2 scale_pct=200 age_ratio=4 host=65542 gc_pages=191290 gc_count=4013 waf_q16=256808 best=17 next=10 settled=0
[837359.844933] NVMeVirt: WATGC_V2 sample ns=0 part=3 epoch=1 window=71 phase=measure evaluated=10 k=2 scale_pct=200 age_ratio=7 host=65551 gc_pages=192434 gc_count=4031 waf_q16=257925 best=17 next=11 settled=0
[837368.798050] NVMeVirt: WATGC_V2 sample ns=0 part=2 epoch=1 window=72 phase=measure evaluated=11 k=2 scale_pct=200 age_ratio=16 host=65541 gc_pages=192892 gc_count=4038 waf_q16=258413 best=17 next=12 settled=0
[837369.300961] NVMeVirt: WATGC_V2 sample ns=0 part=0 epoch=1 window=72 phase=measure evaluated=11 k=2 scale_pct=200 age_ratio=16 host=65551 gc_pages=191858 gc_count=4022 waf_q16=257350 best=17 next=12 settled=0
[837369.381520] NVMeVirt: WATGC_V2 sample ns=0 part=1 epoch=1 window=71 phase=measure evaluated=10 k=2 scale_pct=200 age_ratio=7 host=65547 gc_pages=194230 gc_count=4059 waf_q16=259733 best=17 next=11 settled=0
[837369.661455] NVMeVirt: WATGC_V2 sample ns=0 part=3 epoch=1 window=72 phase=measure evaluated=11 k=2 scale_pct=200 age_ratio=16 host=65536 gc_pages=194815 gc_count=4068 waf_q16=260351 best=17 next=12 settled=0
[837378.665783] NVMeVirt: WATGC_V2 sample ns=0 part=2 epoch=1 window=73 phase=measure evaluated=12 k=2 scale_pct=400 age_ratio=4 host=65538 gc_pages=195452 gc_count=4078 waf_q16=260982 best=17 next=13 settled=0
[837379.137610] NVMeVirt: WATGC_V2 sample ns=0 part=0 epoch=1 window=73 phase=measure evaluated=12 k=2 scale_pct=400 age_ratio=4 host=65547 gc_pages=191859 gc_count=4022 waf_q16=257362 best=17 next=13 settled=0
[837379.180024] NVMeVirt: WATGC_V2 sample ns=0 part=1 epoch=1 window=72 phase=measure evaluated=11 k=2 scale_pct=200 age_ratio=16 host=65542 gc_pages=194423 gc_count=4062 waf_q16=259941 best=17 next=12 settled=0
[837379.486134] NVMeVirt: WATGC_V2 sample ns=0 part=3 epoch=1 window=73 phase=measure evaluated=12 k=2 scale_pct=400 age_ratio=4 host=65540 gc_pages=191804 gc_count=4021 waf_q16=257328 best=17 next=13 settled=0
[837388.462378] NVMeVirt: WATGC_V2 sample ns=0 part=2 epoch=1 window=74 phase=measure evaluated=13 k=2 scale_pct=400 age_ratio=7 host=65544 gc_pages=194553 gc_count=4064 waf_q16=260065 best=17 next=14 settled=0
[837388.976149] NVMeVirt: WATGC_V2 sample ns=0 part=0 epoch=1 window=74 phase=measure evaluated=13 k=2 scale_pct=400 age_ratio=7 host=65549 gc_pages=193202 gc_count=4043 waf_q16=258699 best=17 next=14 settled=0
[837389.020642] NVMeVirt: WATGC_V2 sample ns=0 part=1 epoch=1 window=73 phase=measure evaluated=12 k=2 scale_pct=400 age_ratio=4 host=65551 gc_pages=195313 gc_count=4076 waf_q16=260804 best=17 next=13 settled=0
[837389.336763] NVMeVirt: WATGC_V2 sample ns=0 part=3 epoch=1 window=74 phase=measure evaluated=13 k=2 scale_pct=400 age_ratio=7 host=65536 gc_pages=195071 gc_count=4072 waf_q16=260607 best=17 next=14 settled=0
[837398.273541] NVMeVirt: WATGC_V2 sample ns=0 part=2 epoch=1 window=75 phase=measure evaluated=14 k=2 scale_pct=400 age_ratio=16 host=65545 gc_pages=192631 gc_count=4034 waf_q16=258140 best=17 next=15 settled=0
[837398.815852] NVMeVirt: WATGC_V2 sample ns=0 part=0 epoch=1 window=75 phase=measure evaluated=14 k=2 scale_pct=400 age_ratio=16 host=65540 gc_pages=190461 gc_count=4000 waf_q16=255985 best=17 next=15 settled=0
[837398.873299] NVMeVirt: WATGC_V2 sample ns=0 part=1 epoch=1 window=74 phase=measure evaluated=13 k=2 scale_pct=400 age_ratio=7 host=65541 gc_pages=195132 gc_count=4073 waf_q16=260653 best=17 next=14 settled=0
[837399.151412] NVMeVirt: WATGC_V2 sample ns=0 part=3 epoch=1 window=75 phase=measure evaluated=14 k=2 scale_pct=400 age_ratio=16 host=65542 gc_pages=194875 gc_count=4069 waf_q16=260393 best=17 next=15 settled=0
[837408.127813] NVMeVirt: WATGC_V2 sample ns=0 part=2 epoch=1 window=76 phase=measure evaluated=15 k=4 scale_pct=25 age_ratio=4 host=65548 gc_pages=161020 gc_count=3540 waf_q16=226526 best=17 next=16 settled=0
[837408.619268] NVMeVirt: WATGC_V2 sample ns=0 part=0 epoch=1 window=76 phase=measure evaluated=15 k=4 scale_pct=25 age_ratio=4 host=65538 gc_pages=161910 gc_count=3554 waf_q16=227441 best=17 next=16 settled=0
[837408.712665] NVMeVirt: WATGC_V2 sample ns=0 part=1 epoch=1 window=75 phase=measure evaluated=14 k=2 scale_pct=400 age_ratio=16 host=65537 gc_pages=192831 gc_count=4037 waf_q16=258364 best=17 next=15 settled=0
[837408.995335] NVMeVirt: WATGC_V2 sample ns=0 part=3 epoch=1 window=76 phase=measure evaluated=15 k=4 scale_pct=25 age_ratio=4 host=65539 gc_pages=161520 gc_count=3548 waf_q16=227048 best=17 next=16 settled=0
[837417.956657] NVMeVirt: WATGC_V2 sample ns=0 part=2 epoch=1 window=77 phase=measure evaluated=16 k=4 scale_pct=25 age_ratio=7 host=65547 gc_pages=142130 gc_count=3245 waf_q16=207642 best=17 next=17 settled=0
[837418.464503] NVMeVirt: WATGC_V2 sample ns=0 part=0 epoch=1 window=77 phase=measure evaluated=16 k=4 scale_pct=25 age_ratio=7 host=65549 gc_pages=141616 gc_count=3237 waf_q16=207123 best=17 next=17 settled=0
[837418.533322] NVMeVirt: WATGC_V2 sample ns=0 part=1 epoch=1 window=76 phase=measure evaluated=15 k=4 scale_pct=25 age_ratio=4 host=65554 gc_pages=157357 gc_count=3483 waf_q16=222849 best=17 next=16 settled=0
[837418.816673] NVMeVirt: WATGC_V2 sample ns=0 part=3 epoch=1 window=77 phase=measure evaluated=16 k=4 scale_pct=25 age_ratio=7 host=65541 gc_pages=140152 gc_count=3214 waf_q16=205677 best=17 next=17 settled=0
[837427.768023] NVMeVirt: WATGC_V2 sample ns=0 part=2 epoch=1 window=78 phase=measure evaluated=17 k=4 scale_pct=25 age_ratio=16 host=65541 gc_pages=155845 gc_count=3459 waf_q16=221369 best=37 next=18 settled=0
[837428.311829] NVMeVirt: WATGC_V2 sample ns=0 part=0 epoch=1 window=78 phase=measure evaluated=17 k=4 scale_pct=25 age_ratio=16 host=65554 gc_pages=155037 gc_count=3447 waf_q16=220530 best=37 next=18 settled=0
[837428.351345] NVMeVirt: WATGC_V2 sample ns=0 part=1 epoch=1 window=77 phase=measure evaluated=16 k=4 scale_pct=25 age_ratio=7 host=65556 gc_pages=154401 gc_count=3437 waf_q16=219889 best=17 next=17 settled=0
[837428.682676] NVMeVirt: WATGC_V2 sample ns=0 part=3 epoch=1 window=78 phase=measure evaluated=17 k=4 scale_pct=25 age_ratio=16 host=65544 gc_pages=152693 gc_count=3410 waf_q16=218210 best=37 next=18 settled=0
[837437.599233] NVMeVirt: WATGC_V2 sample ns=0 part=2 epoch=1 window=79 phase=measure evaluated=18 k=4 scale_pct=50 age_ratio=4 host=65549 gc_pages=146231 gc_count=3309 waf_q16=211737 best=37 next=19 settled=0
[837438.158022] NVMeVirt: WATGC_V2 sample ns=0 part=0 epoch=1 window=79 phase=measure evaluated=18 k=4 scale_pct=50 age_ratio=4 host=65549 gc_pages=148405 gc_count=3343 waf_q16=213911 best=37 next=19 settled=0
[837438.180159] NVMeVirt: WATGC_V2 sample ns=0 part=1 epoch=1 window=78 phase=measure evaluated=17 k=4 scale_pct=25 age_ratio=16 host=65539 gc_pages=164285 gc_count=3591 waf_q16=229813 best=37 next=18 settled=0
[837438.497043] NVMeVirt: WATGC_V2 sample ns=0 part=3 epoch=1 window=79 phase=measure evaluated=18 k=4 scale_pct=50 age_ratio=4 host=65541 gc_pages=148349 gc_count=3342 waf_q16=213873 best=37 next=19 settled=0
[837447.436757] NVMeVirt: WATGC_V2 sample ns=0 part=2 epoch=1 window=80 phase=measure evaluated=19 k=4 scale_pct=50 age_ratio=7 host=65549 gc_pages=167539 gc_count=3642 waf_q16=233041 best=37 next=20 settled=0
[837447.987355] NVMeVirt: WATGC_V2 sample ns=0 part=0 epoch=1 window=80 phase=measure evaluated=19 k=4 scale_pct=50 age_ratio=7 host=65549 gc_pages=164598 gc_count=3596 waf_q16=230101 best=37 next=20 settled=0
[837448.000987] NVMeVirt: WATGC_V2 sample ns=0 part=1 epoch=1 window=79 phase=measure evaluated=18 k=4 scale_pct=50 age_ratio=4 host=65547 gc_pages=144696 gc_count=3285 waf_q16=210207 best=37 next=19 settled=0
[837448.332472] NVMeVirt: WATGC_V2 sample ns=0 part=3 epoch=1 window=80 phase=measure evaluated=19 k=4 scale_pct=50 age_ratio=7 host=65545 gc_pages=168895 gc_count=3663 waf_q16=234407 best=37 next=20 settled=0
[837457.271473] NVMeVirt: WATGC_V2 sample ns=0 part=2 epoch=1 window=81 phase=measure evaluated=20 k=4 scale_pct=50 age_ratio=16 host=65542 gc_pages=177468 gc_count=3797 waf_q16=242987 best=37 next=21 settled=0
[837457.798358] NVMeVirt: WATGC_V2 sample ns=0 part=0 epoch=1 window=81 phase=measure evaluated=20 k=4 scale_pct=50 age_ratio=16 host=65541 gc_pages=177084 gc_count=3791 waf_q16=242606 best=37 next=21 settled=0
[837457.848564] NVMeVirt: WATGC_V2 sample ns=0 part=1 epoch=1 window=80 phase=measure evaluated=19 k=4 scale_pct=50 age_ratio=7 host=65544 gc_pages=167739 gc_count=3645 waf_q16=233254 best=37 next=20 settled=0
[837458.157968] NVMeVirt: WATGC_V2 sample ns=0 part=3 epoch=1 window=81 phase=measure evaluated=20 k=4 scale_pct=50 age_ratio=16 host=65551 gc_pages=181362 gc_count=3858 waf_q16=246856 best=37 next=21 settled=0
[837463.185474] mix-mixB-online-4116664 phase=B END
[837463.356270] NVMeVirt: Measurement: command=stop epoch=1 host_bytes=131413340160 learner_active=0
[837463.861773] EXT4-fs (nvme0n1): unmounting filesystem d9f75e36-3cd5-4714-9296-47d3fb832eba.
[837464.076486] pci_bus 0001:10: busn_res: [bus 10-ff] is released
[837464.076546] NVMeVirt: WATGC_V2 summary ns=0 part=0 epoch=1 windows=81 epoch_windows=81 discarded=0 visited=60 covered=0 settled=0 phase=2 current=21 best=37 k=7 scale_pct=100 age_ratio=7 best_waf_valid=1 best_waf_q16=91826
[837464.076551] NVMeVirt: WATGC_V2 summary ns=0 part=1 epoch=1 windows=80 epoch_windows=80 discarded=1 visited=60 covered=0 settled=0 phase=2 current=20 best=37 k=7 scale_pct=100 age_ratio=7 best_waf_valid=1 best_waf_q16=91493
[837464.076554] NVMeVirt: WATGC_V2 summary ns=0 part=2 epoch=1 windows=81 epoch_windows=81 discarded=0 visited=60 covered=0 settled=0 phase=2 current=21 best=37 k=7 scale_pct=100 age_ratio=7 best_waf_valid=1 best_waf_q16=92633
[837464.076557] NVMeVirt: WATGC_V2 summary ns=0 part=3 epoch=1 windows=81 epoch_windows=81 discarded=0 visited=60 covered=0 settled=0 phase=2 current=21 best=37 k=7 scale_pct=100 age_ratio=7 best_waf_valid=1 best_waf_q16=92312
[837464.076559] NVMeVirt: GC stats: ns=0 policy=watgc-v2 host_pages=32083335 gc_pages=70284812 gc_count=1599502 WAF=3.190 warmup_gc=100-per-part
[837464.148352] NVMeVirt: Virtual NVMe device closed
[837475.436785] mix-mixC-greedy-4118053 BEGIN
[837475.459377] NVMeVirt: Version 1.10 for >> Samsung 970 Pro SSD <<
[837475.459385] NVMeVirt: Storage: 0x100100000-0x300000000 (8191 MiB)
[837475.470644] NVMeVirt: Total Capacity(GiB,MiB)=2,2048 chs=2 luns=4 lines=8192 blk-size(MiB,KiB)=0,64 line-size(MiB,KiB)=0,256
[837475.482123] NVMeVirt: [chmodel_init] bandwidth 800 max_credits 26 tx_time 152
[837475.492960] NVMeVirt: [chmodel_init] bandwidth 800 max_credits 26 tx_time 152
[837475.492977] NVMeVirt: [chmodel_init] bandwidth 3360 max_credits 110 tx_time 36
[837475.492979] NVMeVirt: Fixed CAT init ns=0 part=0 arm=37 k=7 scale_pct=100 age_ratio=7
[837475.494048] NVMeVirt: pqueue: Copyright (c) 2014, Volkan Yazıcı <volkan.yazici@gmail.com>. All rights reserved.
[837475.494090] NVMeVirt: Init FTL instance with 2 channels (524288 pages)
[837475.494091] NVMeVirt: GC victim policy: greedy ns=0 part=0 initial_k=7 initial_scale_pct=100 initial_age_ratio=7 warmup_gc=100
[837475.504476] NVMeVirt: [chmodel_init] bandwidth 800 max_credits 26 tx_time 152
[837475.514583] NVMeVirt: [chmodel_init] bandwidth 800 max_credits 26 tx_time 152
[837475.514597] NVMeVirt: [chmodel_init] bandwidth 3360 max_credits 110 tx_time 36
[837475.514599] NVMeVirt: Fixed CAT init ns=0 part=1 arm=37 k=7 scale_pct=100 age_ratio=7
[837475.515519] NVMeVirt: Init FTL instance with 2 channels (524288 pages)
[837475.515523] NVMeVirt: GC victim policy: greedy ns=0 part=1 initial_k=7 initial_scale_pct=100 initial_age_ratio=7 warmup_gc=100
[837475.526029] NVMeVirt: [chmodel_init] bandwidth 800 max_credits 26 tx_time 152
[837475.536172] NVMeVirt: [chmodel_init] bandwidth 800 max_credits 26 tx_time 152
[837475.536187] NVMeVirt: [chmodel_init] bandwidth 3360 max_credits 110 tx_time 36
[837475.536189] NVMeVirt: Fixed CAT init ns=0 part=2 arm=37 k=7 scale_pct=100 age_ratio=7
[837475.537119] NVMeVirt: Init FTL instance with 2 channels (524288 pages)
[837475.537121] NVMeVirt: GC victim policy: greedy ns=0 part=2 initial_k=7 initial_scale_pct=100 initial_age_ratio=7 warmup_gc=100
[837475.547014] NVMeVirt: [chmodel_init] bandwidth 800 max_credits 26 tx_time 152
[837475.557293] NVMeVirt: [chmodel_init] bandwidth 800 max_credits 26 tx_time 152
[837475.557314] NVMeVirt: [chmodel_init] bandwidth 3360 max_credits 110 tx_time 36
[837475.557317] NVMeVirt: Fixed CAT init ns=0 part=3 arm=37 k=7 scale_pct=100 age_ratio=7
[837475.558651] NVMeVirt: Init FTL instance with 2 channels (524288 pages)
[837475.558656] NVMeVirt: GC victim policy: greedy ns=0 part=3 initial_k=7 initial_scale_pct=100 initial_age_ratio=7 warmup_gc=100
[837475.558663] NVMeVirt: FTL physical space: 8588886016, logical space: 8026996276 (physical/logical * 100 = 107)
[837475.558665] NVMeVirt: ns 0/1: size 7655 MiB
[837475.558725] PCI host bridge to bus 0001:10
[837475.558728] pci_bus 0001:10: root bus resource [io  0x0000-0xffff]
[837475.558731] pci_bus 0001:10: root bus resource [mem 0x00000000-0x7fffffffff]
[837475.558733] pci_bus 0001:10: root bus resource [bus 00-ff]
[837475.558742] pci 0001:10:00.0: [0c51:0110] type 00 class 0x010802 PCIe Endpoint
[837475.558746] pci 0001:10:00.0: BAR 0 [mem 0x100000000-0x100003fff 64bit]
[837475.558749] pci 0001:10:00.0: enabling Extended Tags
[837475.558904] NVMeVirt: Virtual PCI bus created (node 0)
[837475.559291] NVMeVirt: Virtual NVMe device created
[837475.559321] NVMeVirt: nvmev_dispatcher started on cpu 1 (node 0)
[837475.559457] NVMeVirt: nvmev_io_worker_0 started on cpu 2 (node 0)
[837475.559480] nvme nvme0: pci function 0001:10:00.0
[837475.563783] nvme nvme0: 8/0/0 default/read/poll queues
[837476.452984] EXT4-fs (nvme0n1): mounted filesystem 1ca412dd-ed9a-430a-b58b-600bd751c24b r/w with ordered data mode. Quota mode: none.
[837558.609035] NVMeVirt: Fixed CAT init ns=0 part=0 arm=37 k=7 scale_pct=100 age_ratio=7
[837558.609041] NVMeVirt: Fixed CAT init ns=0 part=1 arm=37 k=7 scale_pct=100 age_ratio=7
[837558.609044] NVMeVirt: Fixed CAT init ns=0 part=2 arm=37 k=7 scale_pct=100 age_ratio=7
[837558.609046] NVMeVirt: Fixed CAT init ns=0 part=3 arm=37 k=7 scale_pct=100 age_ratio=7
[837558.609049] NVMeVirt: Measurement: command=start epoch=1 host_bytes=0 learner_active=1
[837558.617673] mix-mixC-greedy-4118053 phase=A START
[838158.949758] mix-mixC-greedy-4118053 phase=A END
[838158.958544] mix-mixC-greedy-4118053 phase=B START
[838759.278331] mix-mixC-greedy-4118053 phase=B END
[838759.281598] NVMeVirt: Measurement: command=stop epoch=1 host_bytes=122884431872 learner_active=0
[838759.335459] EXT4-fs (nvme0n1): unmounting filesystem 1ca412dd-ed9a-430a-b58b-600bd751c24b.
[838759.396938] pci_bus 0001:10: busn_res: [bus 10-ff] is released
[838759.397013] NVMeVirt: GC stats: ns=0 policy=greedy host_pages=30001082 gc_pages=37231749 gc_count=1050513 WAF=2.241 warmup_gc=100-per-part
[838759.471403] NVMeVirt: Virtual NVMe device closed
[838759.671978] mix-mixC-fixed10-4118977 BEGIN
[838759.683172] NVMeVirt: Version 1.10 for >> Samsung 970 Pro SSD <<
[838759.683177] NVMeVirt: Storage: 0x100100000-0x300000000 (8191 MiB)
[838759.694519] NVMeVirt: Total Capacity(GiB,MiB)=2,2048 chs=2 luns=4 lines=8192 blk-size(MiB,KiB)=0,64 line-size(MiB,KiB)=0,256
[838759.706327] NVMeVirt: [chmodel_init] bandwidth 800 max_credits 26 tx_time 152
[838759.716836] NVMeVirt: [chmodel_init] bandwidth 800 max_credits 26 tx_time 152
[838759.716851] NVMeVirt: [chmodel_init] bandwidth 3360 max_credits 110 tx_time 36
[838759.716854] NVMeVirt: Fixed CAT init ns=0 part=0 arm=10 k=2 scale_pct=200 age_ratio=7
[838759.718413] NVMeVirt: pqueue: Copyright (c) 2014, Volkan Yazıcı <volkan.yazici@gmail.com>. All rights reserved.
[838759.718461] NVMeVirt: Init FTL instance with 2 channels (524288 pages)
[838759.718463] NVMeVirt: GC victim policy: cat-fig7-fixed ns=0 part=0 initial_k=2 initial_scale_pct=200 initial_age_ratio=7 warmup_gc=100
[838759.729218] NVMeVirt: [chmodel_init] bandwidth 800 max_credits 26 tx_time 152
[838759.740234] NVMeVirt: [chmodel_init] bandwidth 800 max_credits 26 tx_time 152
[838759.740249] NVMeVirt: [chmodel_init] bandwidth 3360 max_credits 110 tx_time 36
[838759.740252] NVMeVirt: Fixed CAT init ns=0 part=1 arm=10 k=2 scale_pct=200 age_ratio=7
[838759.741586] NVMeVirt: Init FTL instance with 2 channels (524288 pages)
[838759.741589] NVMeVirt: GC victim policy: cat-fig7-fixed ns=0 part=1 initial_k=2 initial_scale_pct=200 initial_age_ratio=7 warmup_gc=100
[838759.752184] NVMeVirt: [chmodel_init] bandwidth 800 max_credits 26 tx_time 152
[838759.762910] NVMeVirt: [chmodel_init] bandwidth 800 max_credits 26 tx_time 152
[838759.762924] NVMeVirt: [chmodel_init] bandwidth 3360 max_credits 110 tx_time 36
[838759.762927] NVMeVirt: Fixed CAT init ns=0 part=2 arm=10 k=2 scale_pct=200 age_ratio=7
[838759.764270] NVMeVirt: Init FTL instance with 2 channels (524288 pages)
[838759.764273] NVMeVirt: GC victim policy: cat-fig7-fixed ns=0 part=2 initial_k=2 initial_scale_pct=200 initial_age_ratio=7 warmup_gc=100
[838759.774578] NVMeVirt: [chmodel_init] bandwidth 800 max_credits 26 tx_time 152
[838759.784859] NVMeVirt: [chmodel_init] bandwidth 800 max_credits 26 tx_time 152
[838759.784880] NVMeVirt: [chmodel_init] bandwidth 3360 max_credits 110 tx_time 36
[838759.784882] NVMeVirt: Fixed CAT init ns=0 part=3 arm=10 k=2 scale_pct=200 age_ratio=7
[838759.786574] NVMeVirt: Init FTL instance with 2 channels (524288 pages)
[838759.786579] NVMeVirt: GC victim policy: cat-fig7-fixed ns=0 part=3 initial_k=2 initial_scale_pct=200 initial_age_ratio=7 warmup_gc=100
[838759.786588] NVMeVirt: FTL physical space: 8588886016, logical space: 8026996276 (physical/logical * 100 = 107)
[838759.786590] NVMeVirt: ns 0/1: size 7655 MiB
[838759.786693] PCI host bridge to bus 0001:10
[838759.786697] pci_bus 0001:10: root bus resource [io  0x0000-0xffff]
[838759.786700] pci_bus 0001:10: root bus resource [mem 0x00000000-0x7fffffffff]
[838759.786703] pci_bus 0001:10: root bus resource [bus 00-ff]
[838759.786714] pci 0001:10:00.0: [0c51:0110] type 00 class 0x010802 PCIe Endpoint
[838759.786718] pci 0001:10:00.0: BAR 0 [mem 0x100000000-0x100003fff 64bit]
[838759.786721] pci 0001:10:00.0: enabling Extended Tags
[838759.786914] NVMeVirt: Virtual PCI bus created (node 0)
[838759.787262] NVMeVirt: nvmev_io_worker_0 started on cpu 2 (node 0)
[838759.787329] NVMeVirt: nvmev_dispatcher started on cpu 1 (node 0)
[838759.787397] NVMeVirt: Virtual NVMe device created
[838759.787940] nvme nvme0: pci function 0001:10:00.0
[838759.790478] nvme nvme0: 8/0/0 default/read/poll queues
[838759.874995] EXT4-fs (nvme0n1): mounted filesystem 12913999-f0ba-4a74-ac44-33f450dcd72b r/w with ordered data mode. Quota mode: none.
[838841.892166] NVMeVirt: Fixed CAT init ns=0 part=0 arm=10 k=2 scale_pct=200 age_ratio=7
[838841.892172] NVMeVirt: Fixed CAT init ns=0 part=1 arm=10 k=2 scale_pct=200 age_ratio=7
[838841.892174] NVMeVirt: Fixed CAT init ns=0 part=2 arm=10 k=2 scale_pct=200 age_ratio=7
[838841.892175] NVMeVirt: Fixed CAT init ns=0 part=3 arm=10 k=2 scale_pct=200 age_ratio=7
[838841.892177] NVMeVirt: Measurement: command=start epoch=1 host_bytes=0 learner_active=1
[838841.901007] mix-mixC-fixed10-4118977 phase=A START
[839442.230992] mix-mixC-fixed10-4118977 phase=A END
[839442.239026] mix-mixC-fixed10-4118977 phase=B START
[840042.558630] mix-mixC-fixed10-4118977 phase=B END
[840042.561806] NVMeVirt: Measurement: command=stop epoch=1 host_bytes=122884407296 learner_active=0
[840042.617763] EXT4-fs (nvme0n1): unmounting filesystem 12913999-f0ba-4a74-ac44-33f450dcd72b.
[840042.679695] pci_bus 0001:10: busn_res: [bus 10-ff] is released
[840042.679752] NVMeVirt: GC stats: ns=0 policy=cat-fig7-fixed host_pages=30001076 gc_pages=37770754 gc_count=1058935 WAF=2.258 warmup_gc=100-per-part
[840042.757770] NVMeVirt: Virtual NVMe device closed
[840042.957710] mix-mixC-fixed37-4119905 BEGIN
[840042.969182] NVMeVirt: Version 1.10 for >> Samsung 970 Pro SSD <<
[840042.969188] NVMeVirt: Storage: 0x100100000-0x300000000 (8191 MiB)
[840042.981418] NVMeVirt: Total Capacity(GiB,MiB)=2,2048 chs=2 luns=4 lines=8192 blk-size(MiB,KiB)=0,64 line-size(MiB,KiB)=0,256
[840042.993814] NVMeVirt: [chmodel_init] bandwidth 800 max_credits 26 tx_time 152
[840043.004638] NVMeVirt: [chmodel_init] bandwidth 800 max_credits 26 tx_time 152
[840043.004658] NVMeVirt: [chmodel_init] bandwidth 3360 max_credits 110 tx_time 36
[840043.004661] NVMeVirt: Fixed CAT init ns=0 part=0 arm=37 k=7 scale_pct=100 age_ratio=7
[840043.006268] NVMeVirt: pqueue: Copyright (c) 2014, Volkan Yazıcı <volkan.yazici@gmail.com>. All rights reserved.
[840043.006315] NVMeVirt: Init FTL instance with 2 channels (524288 pages)
[840043.006317] NVMeVirt: GC victim policy: cat-fig7-fixed ns=0 part=0 initial_k=7 initial_scale_pct=100 initial_age_ratio=7 warmup_gc=100
[840043.016955] NVMeVirt: [chmodel_init] bandwidth 800 max_credits 26 tx_time 152
[840043.027098] NVMeVirt: [chmodel_init] bandwidth 800 max_credits 26 tx_time 152
[840043.027113] NVMeVirt: [chmodel_init] bandwidth 3360 max_credits 110 tx_time 36
[840043.027115] NVMeVirt: Fixed CAT init ns=0 part=1 arm=37 k=7 scale_pct=100 age_ratio=7
[840043.028378] NVMeVirt: Init FTL instance with 2 channels (524288 pages)
[840043.028381] NVMeVirt: GC victim policy: cat-fig7-fixed ns=0 part=1 initial_k=7 initial_scale_pct=100 initial_age_ratio=7 warmup_gc=100
[840043.038677] NVMeVirt: [chmodel_init] bandwidth 800 max_credits 26 tx_time 152
[840043.049045] NVMeVirt: [chmodel_init] bandwidth 800 max_credits 26 tx_time 152
[840043.049059] NVMeVirt: [chmodel_init] bandwidth 3360 max_credits 110 tx_time 36
[840043.049061] NVMeVirt: Fixed CAT init ns=0 part=2 arm=37 k=7 scale_pct=100 age_ratio=7
[840043.050344] NVMeVirt: Init FTL instance with 2 channels (524288 pages)
[840043.050346] NVMeVirt: GC victim policy: cat-fig7-fixed ns=0 part=2 initial_k=7 initial_scale_pct=100 initial_age_ratio=7 warmup_gc=100
[840043.060380] NVMeVirt: [chmodel_init] bandwidth 800 max_credits 26 tx_time 152
[840043.070480] NVMeVirt: [chmodel_init] bandwidth 800 max_credits 26 tx_time 152
[840043.070513] NVMeVirt: [chmodel_init] bandwidth 3360 max_credits 110 tx_time 36
[840043.070516] NVMeVirt: Fixed CAT init ns=0 part=3 arm=37 k=7 scale_pct=100 age_ratio=7
[840043.072197] NVMeVirt: Init FTL instance with 2 channels (524288 pages)
[840043.072200] NVMeVirt: GC victim policy: cat-fig7-fixed ns=0 part=3 initial_k=7 initial_scale_pct=100 initial_age_ratio=7 warmup_gc=100
[840043.072210] NVMeVirt: FTL physical space: 8588886016, logical space: 8026996276 (physical/logical * 100 = 107)
[840043.072212] NVMeVirt: ns 0/1: size 7655 MiB
[840043.072281] PCI host bridge to bus 0001:10
[840043.072283] pci_bus 0001:10: root bus resource [io  0x0000-0xffff]
[840043.072286] pci_bus 0001:10: root bus resource [mem 0x00000000-0x7fffffffff]
[840043.072289] pci_bus 0001:10: root bus resource [bus 00-ff]
[840043.072298] pci 0001:10:00.0: [0c51:0110] type 00 class 0x010802 PCIe Endpoint
[840043.072303] pci 0001:10:00.0: BAR 0 [mem 0x100000000-0x100003fff 64bit]
[840043.072305] pci 0001:10:00.0: enabling Extended Tags
[840043.072489] NVMeVirt: Virtual PCI bus created (node 0)
[840043.072962] NVMeVirt: Virtual NVMe device created
[840043.073393] NVMeVirt: nvmev_io_worker_0 started on cpu 2 (node 0)
[840043.073939] NVMeVirt: nvmev_dispatcher started on cpu 1 (node 0)
[840043.074441] nvme nvme0: pci function 0001:10:00.0
[840043.077733] nvme nvme0: 8/0/0 default/read/poll queues
[840043.154839] EXT4-fs (nvme0n1): mounted filesystem 0a039b11-7217-4342-9938-772140195b43 r/w with ordered data mode. Quota mode: none.
[840125.173597] NVMeVirt: Fixed CAT init ns=0 part=0 arm=37 k=7 scale_pct=100 age_ratio=7
[840125.173604] NVMeVirt: Fixed CAT init ns=0 part=1 arm=37 k=7 scale_pct=100 age_ratio=7
[840125.173606] NVMeVirt: Fixed CAT init ns=0 part=2 arm=37 k=7 scale_pct=100 age_ratio=7
[840125.173609] NVMeVirt: Fixed CAT init ns=0 part=3 arm=37 k=7 scale_pct=100 age_ratio=7
[840125.173611] NVMeVirt: Measurement: command=start epoch=1 host_bytes=0 learner_active=1
[840125.182432] mix-mixC-fixed37-4119905 phase=A START
[840725.496359] mix-mixC-fixed37-4119905 phase=A END
[840725.505686] mix-mixC-fixed37-4119905 phase=B START
[841325.822439] mix-mixC-fixed37-4119905 phase=B END
[841325.825487] NVMeVirt: Measurement: command=stop epoch=1 host_bytes=122884444160 learner_active=0
[841325.878923] EXT4-fs (nvme0n1): unmounting filesystem 0a039b11-7217-4342-9938-772140195b43.
[841325.942186] pci_bus 0001:10: busn_res: [bus 10-ff] is released
[841325.942282] NVMeVirt: GC stats: ns=0 policy=cat-fig7-fixed host_pages=30001085 gc_pages=26772056 gc_count=887080 WAF=1.892 warmup_gc=100-per-part
[841326.016105] NVMeVirt: Virtual NVMe device closed
[841326.228389] mix-mixC-fixed47-4120699 BEGIN
[841326.242044] NVMeVirt: Version 1.10 for >> Samsung 970 Pro SSD <<
[841326.242053] NVMeVirt: Storage: 0x100100000-0x300000000 (8191 MiB)
[841326.254889] NVMeVirt: Total Capacity(GiB,MiB)=2,2048 chs=2 luns=4 lines=8192 blk-size(MiB,KiB)=0,64 line-size(MiB,KiB)=0,256
[841326.266523] NVMeVirt: [chmodel_init] bandwidth 800 max_credits 26 tx_time 152
[841326.279082] NVMeVirt: [chmodel_init] bandwidth 800 max_credits 26 tx_time 152
[841326.279102] NVMeVirt: [chmodel_init] bandwidth 3360 max_credits 110 tx_time 36
[841326.279105] NVMeVirt: Fixed CAT init ns=0 part=0 arm=47 k=10 scale_pct=25 age_ratio=16
[841326.280518] NVMeVirt: pqueue: Copyright (c) 2014, Volkan Yazıcı <volkan.yazici@gmail.com>. All rights reserved.
[841326.280574] NVMeVirt: Init FTL instance with 2 channels (524288 pages)
[841326.280577] NVMeVirt: GC victim policy: cat-fig7-fixed ns=0 part=0 initial_k=10 initial_scale_pct=25 initial_age_ratio=16 warmup_gc=100
[841326.292290] NVMeVirt: [chmodel_init] bandwidth 800 max_credits 26 tx_time 152
[841326.302507] NVMeVirt: [chmodel_init] bandwidth 800 max_credits 26 tx_time 152
[841326.302523] NVMeVirt: [chmodel_init] bandwidth 3360 max_credits 110 tx_time 36
[841326.302525] NVMeVirt: Fixed CAT init ns=0 part=1 arm=47 k=10 scale_pct=25 age_ratio=16
[841326.303493] NVMeVirt: Init FTL instance with 2 channels (524288 pages)
[841326.303495] NVMeVirt: GC victim policy: cat-fig7-fixed ns=0 part=1 initial_k=10 initial_scale_pct=25 initial_age_ratio=16 warmup_gc=100
[841326.316622] NVMeVirt: [chmodel_init] bandwidth 800 max_credits 26 tx_time 152
[841326.326849] NVMeVirt: [chmodel_init] bandwidth 800 max_credits 26 tx_time 152
[841326.326863] NVMeVirt: [chmodel_init] bandwidth 3360 max_credits 110 tx_time 36
[841326.326865] NVMeVirt: Fixed CAT init ns=0 part=2 arm=47 k=10 scale_pct=25 age_ratio=16
[841326.327810] NVMeVirt: Init FTL instance with 2 channels (524288 pages)
[841326.327813] NVMeVirt: GC victim policy: cat-fig7-fixed ns=0 part=2 initial_k=10 initial_scale_pct=25 initial_age_ratio=16 warmup_gc=100
[841326.337803] NVMeVirt: [chmodel_init] bandwidth 800 max_credits 26 tx_time 152
[841326.351176] NVMeVirt: [chmodel_init] bandwidth 800 max_credits 26 tx_time 152
[841326.351191] NVMeVirt: [chmodel_init] bandwidth 3360 max_credits 110 tx_time 36
[841326.351193] NVMeVirt: Fixed CAT init ns=0 part=3 arm=47 k=10 scale_pct=25 age_ratio=16
[841326.352108] NVMeVirt: Init FTL instance with 2 channels (524288 pages)
[841326.352112] NVMeVirt: GC victim policy: cat-fig7-fixed ns=0 part=3 initial_k=10 initial_scale_pct=25 initial_age_ratio=16 warmup_gc=100
[841326.352122] NVMeVirt: FTL physical space: 8588886016, logical space: 8026996276 (physical/logical * 100 = 107)
[841326.352124] NVMeVirt: ns 0/1: size 7655 MiB
[841326.352180] PCI host bridge to bus 0001:10
[841326.352183] pci_bus 0001:10: root bus resource [io  0x0000-0xffff]
[841326.352186] pci_bus 0001:10: root bus resource [mem 0x00000000-0x7fffffffff]
[841326.352188] pci_bus 0001:10: root bus resource [bus 00-ff]
[841326.352195] pci 0001:10:00.0: [0c51:0110] type 00 class 0x010802 PCIe Endpoint
[841326.352199] pci 0001:10:00.0: BAR 0 [mem 0x100000000-0x100003fff 64bit]
[841326.352202] pci 0001:10:00.0: enabling Extended Tags
[841326.352322] NVMeVirt: Virtual PCI bus created (node 0)
[841326.352649] NVMeVirt: nvmev_io_worker_0 started on cpu 2 (node 0)
[841326.352662] NVMeVirt: nvmev_dispatcher started on cpu 1 (node 0)
[841326.352707] NVMeVirt: Virtual NVMe device created
[841326.352912] nvme nvme0: pci function 0001:10:00.0
[841326.355537] nvme nvme0: 8/0/0 default/read/poll queues
[841326.434296] EXT4-fs (nvme0n1): mounted filesystem fc6f5527-6c85-4559-846d-d17d650b5854 r/w with ordered data mode. Quota mode: none.
[841408.465801] NVMeVirt: Fixed CAT init ns=0 part=0 arm=47 k=10 scale_pct=25 age_ratio=16
[841408.465807] NVMeVirt: Fixed CAT init ns=0 part=1 arm=47 k=10 scale_pct=25 age_ratio=16
[841408.465810] NVMeVirt: Fixed CAT init ns=0 part=2 arm=47 k=10 scale_pct=25 age_ratio=16
[841408.465813] NVMeVirt: Fixed CAT init ns=0 part=3 arm=47 k=10 scale_pct=25 age_ratio=16
[841408.465815] NVMeVirt: Measurement: command=start epoch=1 host_bytes=0 learner_active=1
[841408.477040] mix-mixC-fixed47-4120699 phase=A START
[842008.801350] mix-mixC-fixed47-4120699 phase=A END
[842008.808927] mix-mixC-fixed47-4120699 phase=B START
[842609.120862] mix-mixC-fixed47-4120699 phase=B END
[842609.123965] NVMeVirt: Measurement: command=stop epoch=1 host_bytes=122983002112 learner_active=0
[842609.179301] EXT4-fs (nvme0n1): unmounting filesystem fc6f5527-6c85-4559-846d-d17d650b5854.
[842609.234874] pci_bus 0001:10: busn_res: [bus 10-ff] is released
[842609.234964] NVMeVirt: GC stats: ns=0 policy=cat-fig7-fixed host_pages=30025147 gc_pages=22507716 gc_count=820826 WAF=1.749 warmup_gc=100-per-part
[842609.317525] NVMeVirt: Virtual NVMe device closed
[842609.536077] mix-mixC-fixed50-4121511 BEGIN
[842609.548590] NVMeVirt: Version 1.10 for >> Samsung 970 Pro SSD <<
[842609.548596] NVMeVirt: Storage: 0x100100000-0x300000000 (8191 MiB)
[842609.560579] NVMeVirt: Total Capacity(GiB,MiB)=2,2048 chs=2 luns=4 lines=8192 blk-size(MiB,KiB)=0,64 line-size(MiB,KiB)=0,256
[842609.572831] NVMeVirt: [chmodel_init] bandwidth 800 max_credits 26 tx_time 152
[842609.583101] NVMeVirt: [chmodel_init] bandwidth 800 max_credits 26 tx_time 152
[842609.583116] NVMeVirt: [chmodel_init] bandwidth 3360 max_credits 110 tx_time 36
[842609.583118] NVMeVirt: Fixed CAT init ns=0 part=0 arm=50 k=10 scale_pct=50 age_ratio=16
[842609.584076] NVMeVirt: pqueue: Copyright (c) 2014, Volkan Yazıcı <volkan.yazici@gmail.com>. All rights reserved.
[842609.584114] NVMeVirt: Init FTL instance with 2 channels (524288 pages)
[842609.584116] NVMeVirt: GC victim policy: cat-fig7-fixed ns=0 part=0 initial_k=10 initial_scale_pct=50 initial_age_ratio=16 warmup_gc=100
[842609.594334] NVMeVirt: [chmodel_init] bandwidth 800 max_credits 26 tx_time 152
[842609.605320] NVMeVirt: [chmodel_init] bandwidth 800 max_credits 26 tx_time 152
[842609.605337] NVMeVirt: [chmodel_init] bandwidth 3360 max_credits 110 tx_time 36
[842609.605339] NVMeVirt: Fixed CAT init ns=0 part=1 arm=50 k=10 scale_pct=50 age_ratio=16
[842609.606447] NVMeVirt: Init FTL instance with 2 channels (524288 pages)
[842609.606452] NVMeVirt: GC victim policy: cat-fig7-fixed ns=0 part=1 initial_k=10 initial_scale_pct=50 initial_age_ratio=16 warmup_gc=100
[842609.616940] NVMeVirt: [chmodel_init] bandwidth 800 max_credits 26 tx_time 152
[842609.627031] NVMeVirt: [chmodel_init] bandwidth 800 max_credits 26 tx_time 152
[842609.627045] NVMeVirt: [chmodel_init] bandwidth 3360 max_credits 110 tx_time 36
[842609.627047] NVMeVirt: Fixed CAT init ns=0 part=2 arm=50 k=10 scale_pct=50 age_ratio=16
[842609.628043] NVMeVirt: Init FTL instance with 2 channels (524288 pages)
[842609.628046] NVMeVirt: GC victim policy: cat-fig7-fixed ns=0 part=2 initial_k=10 initial_scale_pct=50 initial_age_ratio=16 warmup_gc=100
[842609.638596] NVMeVirt: [chmodel_init] bandwidth 800 max_credits 26 tx_time 152
[842609.648512] NVMeVirt: [chmodel_init] bandwidth 800 max_credits 26 tx_time 152
[842609.648526] NVMeVirt: [chmodel_init] bandwidth 3360 max_credits 110 tx_time 36
[842609.648529] NVMeVirt: Fixed CAT init ns=0 part=3 arm=50 k=10 scale_pct=50 age_ratio=16
[842609.649542] NVMeVirt: Init FTL instance with 2 channels (524288 pages)
[842609.649545] NVMeVirt: GC victim policy: cat-fig7-fixed ns=0 part=3 initial_k=10 initial_scale_pct=50 initial_age_ratio=16 warmup_gc=100
[842609.649564] NVMeVirt: FTL physical space: 8588886016, logical space: 8026996276 (physical/logical * 100 = 107)
[842609.649565] NVMeVirt: ns 0/1: size 7655 MiB
[842609.649621] PCI host bridge to bus 0001:10
[842609.649624] pci_bus 0001:10: root bus resource [io  0x0000-0xffff]
[842609.649641] pci_bus 0001:10: root bus resource [mem 0x00000000-0x7fffffffff]
[842609.649643] pci_bus 0001:10: root bus resource [bus 00-ff]
[842609.649651] pci 0001:10:00.0: [0c51:0110] type 00 class 0x010802 PCIe Endpoint
[842609.649656] pci 0001:10:00.0: BAR 0 [mem 0x100000000-0x100003fff 64bit]
[842609.649659] pci 0001:10:00.0: enabling Extended Tags
[842609.649817] NVMeVirt: Virtual PCI bus created (node 0)
[842609.650170] NVMeVirt: Virtual NVMe device created
[842609.650204] NVMeVirt: nvmev_dispatcher started on cpu 1 (node 0)
[842609.650357] nvme nvme0: pci function 0001:10:00.0
[842609.651224] NVMeVirt: nvmev_io_worker_0 started on cpu 2 (node 0)
[842609.652402] nvme nvme0: 8/0/0 default/read/poll queues
[842609.725261] EXT4-fs (nvme0n1): mounted filesystem 972ab04d-0a1a-4e4e-9b03-b7a8cef28561 r/w with ordered data mode. Quota mode: none.
[842691.741266] NVMeVirt: Fixed CAT init ns=0 part=0 arm=50 k=10 scale_pct=50 age_ratio=16
[842691.741271] NVMeVirt: Fixed CAT init ns=0 part=1 arm=50 k=10 scale_pct=50 age_ratio=16
[842691.741273] NVMeVirt: Fixed CAT init ns=0 part=2 arm=50 k=10 scale_pct=50 age_ratio=16
[842691.741275] NVMeVirt: Fixed CAT init ns=0 part=3 arm=50 k=10 scale_pct=50 age_ratio=16
[842691.741276] NVMeVirt: Measurement: command=start epoch=1 host_bytes=0 learner_active=1
[842691.749002] mix-mixC-fixed50-4121511 phase=A START
[843292.068987] mix-mixC-fixed50-4121511 phase=A END
[843292.075860] mix-mixC-fixed50-4121511 phase=B START
[843892.386929] mix-mixC-fixed50-4121511 phase=B END
[843892.390386] NVMeVirt: Measurement: command=stop epoch=1 host_bytes=122884407296 learner_active=0
[843892.441754] EXT4-fs (nvme0n1): unmounting filesystem 972ab04d-0a1a-4e4e-9b03-b7a8cef28561.
[843892.514489] pci_bus 0001:10: busn_res: [bus 10-ff] is released
[843892.514621] NVMeVirt: GC stats: ns=0 policy=cat-fig7-fixed host_pages=30001076 gc_pages=23396449 gc_count=834336 WAF=1.779 warmup_gc=100-per-part
[843892.591178] NVMeVirt: Virtual NVMe device closed
[843892.812530] mix-mixC-online-4122586 BEGIN
[843892.824076] NVMeVirt: Version 1.10 for >> Samsung 970 Pro SSD <<
[843892.824083] NVMeVirt: Storage: 0x100100000-0x300000000 (8191 MiB)
[843892.837075] NVMeVirt: Total Capacity(GiB,MiB)=2,2048 chs=2 luns=4 lines=8192 blk-size(MiB,KiB)=0,64 line-size(MiB,KiB)=0,256
[843892.849027] NVMeVirt: [chmodel_init] bandwidth 800 max_credits 26 tx_time 152
[843892.859481] NVMeVirt: [chmodel_init] bandwidth 800 max_credits 26 tx_time 152
[843892.859505] NVMeVirt: [chmodel_init] bandwidth 3360 max_credits 110 tx_time 36
[843892.859507] NVMeVirt: WATGC_V2 init ns=0 part=0 arms=60 initial=37 prior=none gamma_q16=65503 exploration_q16=16384
[843892.861335] NVMeVirt: pqueue: Copyright (c) 2014, Volkan Yazıcı <volkan.yazici@gmail.com>. All rights reserved.
[843892.861455] NVMeVirt: Init FTL instance with 2 channels (524288 pages)
[843892.861458] NVMeVirt: GC victim policy: watgc-v2 ns=0 part=0 initial_k=7 initial_scale_pct=100 initial_age_ratio=7 warmup_gc=100
[843892.874711] NVMeVirt: [chmodel_init] bandwidth 800 max_credits 26 tx_time 152
[843892.884719] NVMeVirt: [chmodel_init] bandwidth 800 max_credits 26 tx_time 152
[843892.884733] NVMeVirt: [chmodel_init] bandwidth 3360 max_credits 110 tx_time 36
[843892.884735] NVMeVirt: WATGC_V2 init ns=0 part=1 arms=60 initial=37 prior=none gamma_q16=65503 exploration_q16=16384
[843892.886073] NVMeVirt: Init FTL instance with 2 channels (524288 pages)
[843892.886076] NVMeVirt: GC victim policy: watgc-v2 ns=0 part=1 initial_k=7 initial_scale_pct=100 initial_age_ratio=7 warmup_gc=100
[843892.898063] NVMeVirt: [chmodel_init] bandwidth 800 max_credits 26 tx_time 152
[843892.909972] NVMeVirt: [chmodel_init] bandwidth 800 max_credits 26 tx_time 152
[843892.909987] NVMeVirt: [chmodel_init] bandwidth 3360 max_credits 110 tx_time 36
[843892.909989] NVMeVirt: WATGC_V2 init ns=0 part=2 arms=60 initial=37 prior=none gamma_q16=65503 exploration_q16=16384
[843892.911261] NVMeVirt: Init FTL instance with 2 channels (524288 pages)
[843892.911263] NVMeVirt: GC victim policy: watgc-v2 ns=0 part=2 initial_k=7 initial_scale_pct=100 initial_age_ratio=7 warmup_gc=100
[843892.921514] NVMeVirt: [chmodel_init] bandwidth 800 max_credits 26 tx_time 152
[843892.934217] NVMeVirt: [chmodel_init] bandwidth 800 max_credits 26 tx_time 152
[843892.934237] NVMeVirt: [chmodel_init] bandwidth 3360 max_credits 110 tx_time 36
[843892.934240] NVMeVirt: WATGC_V2 init ns=0 part=3 arms=60 initial=37 prior=none gamma_q16=65503 exploration_q16=16384
[843892.936017] NVMeVirt: Init FTL instance with 2 channels (524288 pages)
[843892.936022] NVMeVirt: GC victim policy: watgc-v2 ns=0 part=3 initial_k=7 initial_scale_pct=100 initial_age_ratio=7 warmup_gc=100
[843892.936030] NVMeVirt: FTL physical space: 8588886016, logical space: 8026996276 (physical/logical * 100 = 107)
[843892.936032] NVMeVirt: ns 0/1: size 7655 MiB
[843892.936094] PCI host bridge to bus 0001:10
[843892.936097] pci_bus 0001:10: root bus resource [io  0x0000-0xffff]
[843892.936100] pci_bus 0001:10: root bus resource [mem 0x00000000-0x7fffffffff]
[843892.936103] pci_bus 0001:10: root bus resource [bus 00-ff]
[843892.936126] pci 0001:10:00.0: [0c51:0110] type 00 class 0x010802 PCIe Endpoint
[843892.936131] pci 0001:10:00.0: BAR 0 [mem 0x100000000-0x100003fff 64bit]
[843892.936135] pci 0001:10:00.0: enabling Extended Tags
[843892.936293] NVMeVirt: Virtual PCI bus created (node 0)
[843892.936633] NVMeVirt: nvmev_dispatcher started on cpu 1 (node 0)
[843892.936671] NVMeVirt: Virtual NVMe device created
[843892.936704] NVMeVirt: nvmev_io_worker_0 started on cpu 2 (node 0)
[843892.937534] nvme nvme0: pci function 0001:10:00.0
[843892.939859] nvme nvme0: 8/0/0 default/read/poll queues
[843893.017244] EXT4-fs (nvme0n1): mounted filesystem e5edf501-d584-427f-a064-95527aeb5003 r/w with ordered data mode. Quota mode: none.
[843975.048299] NVMeVirt: WATGC_V2 init ns=0 part=0 arms=60 initial=37 prior=none gamma_q16=65503 exploration_q16=16384
[843975.048306] NVMeVirt: WATGC_V2 init ns=0 part=1 arms=60 initial=37 prior=none gamma_q16=65503 exploration_q16=16384
[843975.048309] NVMeVirt: WATGC_V2 init ns=0 part=2 arms=60 initial=37 prior=none gamma_q16=65503 exploration_q16=16384
[843975.048311] NVMeVirt: WATGC_V2 init ns=0 part=3 arms=60 initial=37 prior=none gamma_q16=65503 exploration_q16=16384
[843975.048314] NVMeVirt: Measurement: command=start epoch=1 host_bytes=0 learner_active=1
[843975.058041] mix-mixC-online-4122586 phase=A START
[843976.583830] NVMeVirt: WATGC_V2 warmup-done ns=0 part=2 gc_count=2811
[843976.590648] NVMeVirt: WATGC_V2 warmup-done ns=0 part=1 gc_count=2817
[843976.606647] NVMeVirt: WATGC_V2 warmup-done ns=0 part=3 gc_count=2820
[843976.624325] NVMeVirt: WATGC_V2 warmup-done ns=0 part=0 gc_count=2833
[844015.902831] NVMeVirt: WATGC_V2 sample ns=0 part=1 epoch=1 window=1 phase=measure evaluated=37 k=7 scale_pct=100 age_ratio=7 host=65559 gc_pages=58605 gc_count=1940 waf_q16=124120 best=37 next=0 settled=0
[844015.917833] NVMeVirt: WATGC_V2 sample ns=0 part=2 epoch=1 window=1 phase=measure evaluated=37 k=7 scale_pct=100 age_ratio=7 host=65562 gc_pages=58652 gc_count=1941 waf_q16=124164 best=37 next=0 settled=0
[844015.926471] NVMeVirt: WATGC_V2 sample ns=0 part=0 epoch=1 window=1 phase=measure evaluated=37 k=7 scale_pct=100 age_ratio=7 host=65540 gc_pages=58562 gc_count=1939 waf_q16=124094 best=37 next=0 settled=0
[844015.998465] NVMeVirt: WATGC_V2 sample ns=0 part=3 epoch=1 window=1 phase=measure evaluated=37 k=7 scale_pct=100 age_ratio=7 host=65545 gc_pages=58552 gc_count=1939 waf_q16=124079 best=37 next=0 settled=0
[844055.220073] NVMeVirt: WATGC_V2 sample ns=0 part=1 epoch=1 window=2 phase=measure evaluated=0 k=2 scale_pct=25 age_ratio=4 host=65565 gc_pages=52970 gc_count=1852 waf_q16=118482 best=0 next=1 settled=0
[844055.237909] NVMeVirt: WATGC_V2 sample ns=0 part=2 epoch=1 window=2 phase=measure evaluated=0 k=2 scale_pct=25 age_ratio=4 host=65543 gc_pages=52416 gc_count=1843 waf_q16=117946 best=0 next=1 settled=0
[844055.289402] NVMeVirt: WATGC_V2 sample ns=0 part=0 epoch=1 window=2 phase=measure evaluated=0 k=2 scale_pct=25 age_ratio=4 host=65565 gc_pages=52203 gc_count=1840 waf_q16=117715 best=0 next=1 settled=0
[844055.323235] NVMeVirt: WATGC_V2 sample ns=0 part=3 epoch=1 window=2 phase=measure evaluated=0 k=2 scale_pct=25 age_ratio=4 host=65565 gc_pages=52522 gc_count=1845 waf_q16=118034 best=0 next=1 settled=0
[844094.556226] NVMeVirt: WATGC_V2 sample ns=0 part=2 epoch=1 window=3 phase=measure evaluated=1 k=2 scale_pct=25 age_ratio=7 host=65557 gc_pages=73070 gc_count=2166 waf_q16=138582 best=0 next=2 settled=0
[844094.585256] NVMeVirt: WATGC_V2 sample ns=0 part=1 epoch=1 window=3 phase=measure evaluated=1 k=2 scale_pct=25 age_ratio=7 host=65560 gc_pages=73514 gc_count=2173 waf_q16=139023 best=0 next=2 settled=0
[844094.591711] NVMeVirt: WATGC_V2 sample ns=0 part=3 epoch=1 window=3 phase=measure evaluated=1 k=2 scale_pct=25 age_ratio=7 host=65541 gc_pages=72638 gc_count=2159 waf_q16=138168 best=0 next=2 settled=0
[844094.677540] NVMeVirt: WATGC_V2 sample ns=0 part=0 epoch=1 window=3 phase=measure evaluated=1 k=2 scale_pct=25 age_ratio=7 host=65562 gc_pages=73321 gc_count=2170 waf_q16=138827 best=0 next=2 settled=0
[844133.872837] NVMeVirt: WATGC_V2 sample ns=0 part=3 epoch=1 window=4 phase=measure evaluated=2 k=2 scale_pct=25 age_ratio=16 host=65549 gc_pages=73080 gc_count=2166 waf_q16=138601 best=0 next=3 settled=0
[844133.880194] NVMeVirt: WATGC_V2 sample ns=0 part=2 epoch=1 window=4 phase=measure evaluated=2 k=2 scale_pct=25 age_ratio=16 host=65545 gc_pages=73789 gc_count=2177 waf_q16=139314 best=0 next=3 settled=0
[844133.962476] NVMeVirt: WATGC_V2 sample ns=0 part=1 epoch=1 window=4 phase=measure evaluated=2 k=2 scale_pct=25 age_ratio=16 host=65536 gc_pages=73285 gc_count=2169 waf_q16=138821 best=0 next=3 settled=0
[844134.019844] NVMeVirt: WATGC_V2 sample ns=0 part=0 epoch=1 window=4 phase=measure evaluated=2 k=2 scale_pct=25 age_ratio=16 host=65553 gc_pages=73012 gc_count=2165 waf_q16=138529 best=0 next=3 settled=0
[844173.162313] NVMeVirt: WATGC_V2 sample ns=0 part=0 epoch=1 window=5 phase=measure evaluated=3 k=2 scale_pct=50 age_ratio=4 host=65567 gc_pages=72995 gc_count=2165 waf_q16=138496 best=0 next=4 settled=0
[844173.163623] NVMeVirt: WATGC_V2 sample ns=0 part=3 epoch=1 window=5 phase=measure evaluated=3 k=2 scale_pct=50 age_ratio=4 host=65542 gc_pages=73084 gc_count=2166 waf_q16=138613 best=0 next=4 settled=0
[844173.320950] NVMeVirt: WATGC_V2 sample ns=0 part=1 epoch=1 window=5 phase=measure evaluated=3 k=2 scale_pct=50 age_ratio=4 host=65556 gc_pages=74029 gc_count=2181 waf_q16=139542 best=0 next=4 settled=0
[844173.381121] NVMeVirt: WATGC_V2 sample ns=0 part=2 epoch=1 window=5 phase=measure evaluated=3 k=2 scale_pct=50 age_ratio=4 host=65538 gc_pages=73536 gc_count=2173 waf_q16=139069 best=0 next=4 settled=0
[844212.559297] NVMeVirt: WATGC_V2 sample ns=0 part=0 epoch=1 window=6 phase=measure evaluated=4 k=2 scale_pct=50 age_ratio=7 host=65554 gc_pages=71658 gc_count=2144 waf_q16=137174 best=0 next=5 settled=0
[844212.589779] NVMeVirt: WATGC_V2 sample ns=0 part=2 epoch=1 window=6 phase=measure evaluated=4 k=2 scale_pct=50 age_ratio=7 host=65539 gc_pages=72058 gc_count=2150 waf_q16=137590 best=0 next=5 settled=0
[844212.607747] NVMeVirt: WATGC_V2 sample ns=0 part=1 epoch=1 window=6 phase=measure evaluated=4 k=2 scale_pct=50 age_ratio=7 host=65541 gc_pages=71543 gc_count=2142 waf_q16=137073 best=0 next=5 settled=0
[844212.612415] NVMeVirt: WATGC_V2 sample ns=0 part=3 epoch=1 window=6 phase=measure evaluated=4 k=2 scale_pct=50 age_ratio=7 host=65565 gc_pages=71071 gc_count=2135 waf_q16=136575 best=0 next=5 settled=0
[844251.878010] NVMeVirt: WATGC_V2 sample ns=0 part=3 epoch=1 window=7 phase=measure evaluated=5 k=2 scale_pct=50 age_ratio=16 host=65544 gc_pages=74806 gc_count=2193 waf_q16=140332 best=0 next=6 settled=0
[844251.904374] NVMeVirt: WATGC_V2 sample ns=0 part=1 epoch=1 window=7 phase=measure evaluated=5 k=2 scale_pct=50 age_ratio=16 host=65550 gc_pages=75248 gc_count=2200 waf_q16=140767 best=0 next=6 settled=0
[844251.911895] NVMeVirt: WATGC_V2 sample ns=0 part=0 epoch=1 window=7 phase=measure evaluated=5 k=2 scale_pct=50 age_ratio=16 host=65539 gc_pages=74682 gc_count=2191 waf_q16=140214 best=0 next=6 settled=0
[844252.001897] NVMeVirt: WATGC_V2 sample ns=0 part=2 epoch=1 window=7 phase=measure evaluated=5 k=2 scale_pct=50 age_ratio=16 host=65563 gc_pages=75939 gc_count=2211 waf_q16=141443 best=0 next=6 settled=0
[844291.157469] NVMeVirt: WATGC_V2 sample ns=0 part=1 epoch=1 window=8 phase=measure evaluated=6 k=2 scale_pct=100 age_ratio=4 host=65541 gc_pages=79995 gc_count=2274 waf_q16=145524 best=0 next=7 settled=0
[844291.225331] NVMeVirt: WATGC_V2 sample ns=0 part=0 epoch=1 window=8 phase=measure evaluated=6 k=2 scale_pct=100 age_ratio=4 host=65557 gc_pages=79403 gc_count=2265 waf_q16=144913 best=0 next=7 settled=0
[844291.301345] NVMeVirt: WATGC_V2 sample ns=0 part=3 epoch=1 window=8 phase=measure evaluated=6 k=2 scale_pct=100 age_ratio=4 host=65539 gc_pages=79102 gc_count=2260 waf_q16=144634 best=0 next=7 settled=0
[844291.317340] NVMeVirt: WATGC_V2 sample ns=0 part=2 epoch=1 window=8 phase=measure evaluated=6 k=2 scale_pct=100 age_ratio=4 host=65545 gc_pages=80183 gc_count=2277 waf_q16=145707 best=0 next=7 settled=0
[844330.491238] NVMeVirt: WATGC_V2 sample ns=0 part=0 epoch=1 window=9 phase=measure evaluated=7 k=2 scale_pct=100 age_ratio=7 host=65544 gc_pages=77627 gc_count=2237 waf_q16=143153 best=0 next=8 settled=0
[844330.546933] NVMeVirt: WATGC_V2 sample ns=0 part=1 epoch=1 window=9 phase=measure evaluated=7 k=2 scale_pct=100 age_ratio=7 host=65553 gc_pages=79218 gc_count=2262 waf_q16=144733 best=0 next=8 settled=0
[844330.630964] NVMeVirt: WATGC_V2 sample ns=0 part=3 epoch=1 window=9 phase=measure evaluated=7 k=2 scale_pct=100 age_ratio=7 host=65555 gc_pages=78193 gc_count=2246 waf_q16=143706 best=0 next=8 settled=0
[844330.666297] NVMeVirt: WATGC_V2 sample ns=0 part=2 epoch=1 window=9 phase=measure evaluated=7 k=2 scale_pct=100 age_ratio=7 host=65561 gc_pages=77802 gc_count=2240 waf_q16=143308 best=0 next=8 settled=0
[844369.810895] NVMeVirt: WATGC_V2 sample ns=0 part=0 epoch=1 window=10 phase=measure evaluated=8 k=2 scale_pct=100 age_ratio=16 host=65564 gc_pages=77608 gc_count=2237 waf_q16=143110 best=0 next=9 settled=0
[844369.810983] NVMeVirt: WATGC_V2 sample ns=0 part=1 epoch=1 window=10 phase=measure evaluated=8 k=2 scale_pct=100 age_ratio=16 host=65561 gc_pages=79531 gc_count=2267 waf_q16=145036 best=0 next=9 settled=0
[844370.016766] NVMeVirt: WATGC_V2 sample ns=0 part=3 epoch=1 window=10 phase=measure evaluated=8 k=2 scale_pct=100 age_ratio=16 host=65539 gc_pages=79744 gc_count=2270 waf_q16=145276 best=0 next=9 settled=0
[844370.034269] NVMeVirt: WATGC_V2 sample ns=0 part=2 epoch=1 window=10 phase=measure evaluated=8 k=2 scale_pct=100 age_ratio=16 host=65538 gc_pages=79106 gc_count=2260 waf_q16=144639 best=0 next=9 settled=0
[844409.082361] NVMeVirt: WATGC_V2 sample ns=0 part=0 epoch=1 window=11 phase=measure evaluated=9 k=2 scale_pct=200 age_ratio=4 host=65546 gc_pages=82932 gc_count=2320 waf_q16=148455 best=0 next=10 settled=0
[844409.185042] NVMeVirt: WATGC_V2 sample ns=0 part=1 epoch=1 window=11 phase=measure evaluated=9 k=2 scale_pct=200 age_ratio=4 host=65543 gc_pages=84215 gc_count=2340 waf_q16=149742 best=0 next=10 settled=0
[844409.292615] NVMeVirt: WATGC_V2 sample ns=0 part=3 epoch=1 window=11 phase=measure evaluated=9 k=2 scale_pct=200 age_ratio=4 host=65558 gc_pages=82855 gc_count=2319 waf_q16=148363 best=0 next=10 settled=0
[844409.443063] NVMeVirt: WATGC_V2 sample ns=0 part=2 epoch=1 window=11 phase=measure evaluated=9 k=2 scale_pct=200 age_ratio=4 host=65538 gc_pages=82172 gc_count=2308 waf_q16=147705 best=0 next=10 settled=0
[844448.392333] NVMeVirt: WATGC_V2 sample ns=0 part=0 epoch=1 window=12 phase=measure evaluated=10 k=2 scale_pct=200 age_ratio=7 host=65557 gc_pages=82153 gc_count=2308 waf_q16=147662 best=0 next=11 settled=0
[844448.441865] NVMeVirt: WATGC_V2 sample ns=0 part=1 epoch=1 window=12 phase=measure evaluated=10 k=2 scale_pct=200 age_ratio=7 host=65557 gc_pages=83945 gc_count=2336 waf_q16=149454 best=0 next=11 settled=0
[844448.655514] NVMeVirt: WATGC_V2 sample ns=0 part=3 epoch=1 window=12 phase=measure evaluated=10 k=2 scale_pct=200 age_ratio=7 host=65554 gc_pages=83756 gc_count=2333 waf_q16=149269 best=0 next=11 settled=0
[844448.845042] NVMeVirt: WATGC_V2 sample ns=0 part=2 epoch=1 window=12 phase=measure evaluated=10 k=2 scale_pct=200 age_ratio=7 host=65555 gc_pages=82731 gc_count=2317 waf_q16=148243 best=0 next=11 settled=0
[844487.722139] NVMeVirt: WATGC_V2 sample ns=0 part=1 epoch=1 window=13 phase=measure evaluated=11 k=2 scale_pct=200 age_ratio=16 host=65560 gc_pages=85096 gc_count=2354 waf_q16=150600 best=0 next=12 settled=0
[844487.867830] NVMeVirt: WATGC_V2 sample ns=0 part=0 epoch=1 window=13 phase=measure evaluated=11 k=2 scale_pct=200 age_ratio=16 host=65550 gc_pages=84851 gc_count=2350 waf_q16=150368 best=0 next=12 settled=0
[844488.002486] NVMeVirt: WATGC_V2 sample ns=0 part=3 epoch=1 window=13 phase=measure evaluated=11 k=2 scale_pct=200 age_ratio=16 host=65560 gc_pages=85224 gc_count=2356 waf_q16=150728 best=0 next=12 settled=0
[844488.067655] NVMeVirt: WATGC_V2 sample ns=0 part=2 epoch=1 window=13 phase=measure evaluated=11 k=2 scale_pct=200 age_ratio=16 host=65543 gc_pages=84921 gc_count=2351 waf_q16=150447 best=0 next=12 settled=0
[844527.174770] NVMeVirt: WATGC_V2 sample ns=0 part=0 epoch=1 window=14 phase=measure evaluated=12 k=2 scale_pct=400 age_ratio=4 host=65554 gc_pages=84591 gc_count=2346 waf_q16=150103 best=0 next=13 settled=0
[844527.180594] NVMeVirt: WATGC_V2 sample ns=0 part=1 epoch=1 window=14 phase=measure evaluated=12 k=2 scale_pct=400 age_ratio=4 host=65560 gc_pages=84459 gc_count=2344 waf_q16=149964 best=0 next=13 settled=0
[844527.299093] NVMeVirt: WATGC_V2 sample ns=0 part=3 epoch=1 window=14 phase=measure evaluated=12 k=2 scale_pct=400 age_ratio=4 host=65542 gc_pages=83963 gc_count=2336 waf_q16=149491 best=0 next=13 settled=0
[844527.320619] NVMeVirt: WATGC_V2 sample ns=0 part=2 epoch=1 window=14 phase=measure evaluated=12 k=2 scale_pct=400 age_ratio=4 host=65540 gc_pages=84606 gc_count=2346 waf_q16=150136 best=0 next=13 settled=0
[844566.404745] NVMeVirt: WATGC_V2 sample ns=0 part=1 epoch=1 window=15 phase=measure evaluated=13 k=2 scale_pct=400 age_ratio=7 host=65555 gc_pages=78192 gc_count=2246 waf_q16=143705 best=0 next=14 settled=0
[844566.620569] NVMeVirt: WATGC_V2 sample ns=0 part=3 epoch=1 window=15 phase=measure evaluated=13 k=2 scale_pct=400 age_ratio=7 host=65561 gc_pages=78634 gc_count=2253 waf_q16=144140 best=0 next=14 settled=0
[844566.620671] NVMeVirt: WATGC_V2 sample ns=0 part=0 epoch=1 window=15 phase=measure evaluated=13 k=2 scale_pct=400 age_ratio=7 host=65540 gc_pages=78078 gc_count=2244 waf_q16=143609 best=0 next=14 settled=0
[844566.646932] NVMeVirt: WATGC_V2 sample ns=0 part=2 epoch=1 window=15 phase=measure evaluated=13 k=2 scale_pct=400 age_ratio=7 host=65541 gc_pages=79551 gc_count=2267 waf_q16=145080 best=0 next=14 settled=0
[844575.371806] mix-mixC-online-4122586 phase=A END
[844575.379397] mix-mixC-online-4122586 phase=B START
[844583.253206] NVMeVirt: WATGC_V2 sample ns=0 part=1 epoch=1 window=16 phase=measure evaluated=14 k=2 scale_pct=400 age_ratio=16 host=65547 gc_pages=82869 gc_count=2319 waf_q16=148391 best=0 next=15 settled=0
[844583.265598] NVMeVirt: WATGC_V2 sample ns=0 part=0 epoch=1 window=16 phase=measure evaluated=14 k=2 scale_pct=400 age_ratio=16 host=65543 gc_pages=84473 gc_count=2344 waf_q16=149999 best=0 next=15 settled=0
[844583.291238] NVMeVirt: WATGC_V2 sample ns=0 part=2 epoch=1 window=16 phase=measure evaluated=14 k=2 scale_pct=400 age_ratio=16 host=65544 gc_pages=83958 gc_count=2336 waf_q16=149483 best=0 next=15 settled=0
[844583.317066] NVMeVirt: WATGC_V2 sample ns=0 part=3 epoch=1 window=16 phase=measure evaluated=14 k=2 scale_pct=400 age_ratio=16 host=65546 gc_pages=83382 gc_count=2327 waf_q16=148905 best=0 next=15 settled=0
[844593.076289] NVMeVirt: WATGC_V2 sample ns=0 part=1 epoch=1 window=17 phase=measure evaluated=15 k=4 scale_pct=25 age_ratio=4 host=65570 gc_pages=67681 gc_count=2082 waf_q16=133181 best=0 next=16 settled=0
[844593.093306] NVMeVirt: WATGC_V2 sample ns=0 part=0 epoch=1 window=17 phase=measure evaluated=15 k=4 scale_pct=25 age_ratio=4 host=65546 gc_pages=66677 gc_count=2066 waf_q16=132202 best=0 next=16 settled=0
[844593.130553] NVMeVirt: WATGC_V2 sample ns=0 part=2 epoch=1 window=17 phase=measure evaluated=15 k=4 scale_pct=25 age_ratio=4 host=65565 gc_pages=67686 gc_count=2082 waf_q16=133192 best=0 next=16 settled=0
[844593.167027] NVMeVirt: WATGC_V2 sample ns=0 part=3 epoch=1 window=17 phase=measure evaluated=15 k=4 scale_pct=25 age_ratio=4 host=65564 gc_pages=68199 gc_count=2090 waf_q16=133705 best=0 next=16 settled=0
[844602.915111] NVMeVirt: WATGC_V2 sample ns=0 part=1 epoch=1 window=18 phase=measure evaluated=16 k=4 scale_pct=25 age_ratio=7 host=65537 gc_pages=53310 gc_count=1857 waf_q16=118845 best=0 next=17 settled=0
[844602.950164] NVMeVirt: WATGC_V2 sample ns=0 part=2 epoch=1 window=18 phase=measure evaluated=16 k=4 scale_pct=25 age_ratio=7 host=65557 gc_pages=52845 gc_count=1850 waf_q16=118364 best=0 next=17 settled=0
[844602.954205] NVMeVirt: WATGC_V2 sample ns=0 part=0 epoch=1 window=18 phase=measure evaluated=16 k=4 scale_pct=25 age_ratio=7 host=65562 gc_pages=53208 gc_count=1856 waf_q16=118722 best=0 next=17 settled=0
[844602.981718] NVMeVirt: WATGC_V2 sample ns=0 part=3 epoch=1 window=18 phase=measure evaluated=16 k=4 scale_pct=25 age_ratio=7 host=65553 gc_pages=53746 gc_count=1864 waf_q16=119268 best=0 next=17 settled=0
[844612.767316] NVMeVirt: WATGC_V2 sample ns=0 part=1 epoch=1 window=19 phase=measure evaluated=17 k=4 scale_pct=25 age_ratio=16 host=65570 gc_pages=59614 gc_count=1956 waf_q16=125119 best=0 next=18 settled=0
[844612.776651] NVMeVirt: WATGC_V2 sample ns=0 part=2 epoch=1 window=19 phase=measure evaluated=17 k=4 scale_pct=25 age_ratio=16 host=65572 gc_pages=60764 gc_count=1974 waf_q16=126266 best=0 next=18 settled=0
[844612.781698] NVMeVirt: WATGC_V2 sample ns=0 part=0 epoch=1 window=19 phase=measure evaluated=17 k=4 scale_pct=25 age_ratio=16 host=65559 gc_pages=58283 gc_count=1935 waf_q16=123798 best=0 next=18 settled=0
[844612.809406] NVMeVirt: WATGC_V2 sample ns=0 part=3 epoch=1 window=19 phase=measure evaluated=17 k=4 scale_pct=25 age_ratio=16 host=65545 gc_pages=58232 gc_count=1934 waf_q16=123760 best=0 next=18 settled=0
[844622.589314] NVMeVirt: WATGC_V2 sample ns=0 part=0 epoch=1 window=20 phase=measure evaluated=18 k=4 scale_pct=50 age_ratio=4 host=65545 gc_pages=39418 gc_count=1640 waf_q16=104948 best=18 next=19 settled=0
[844622.612062] NVMeVirt: WATGC_V2 sample ns=0 part=3 epoch=1 window=20 phase=measure evaluated=18 k=4 scale_pct=50 age_ratio=4 host=65562 gc_pages=39209 gc_count=1637 waf_q16=104729 best=18 next=19 settled=0
[844622.621183] NVMeVirt: WATGC_V2 sample ns=0 part=1 epoch=1 window=20 phase=measure evaluated=18 k=4 scale_pct=50 age_ratio=4 host=65571 gc_pages=39083 gc_count=1635 waf_q16=104598 best=18 next=19 settled=0
[844622.655642] NVMeVirt: WATGC_V2 sample ns=0 part=2 epoch=1 window=20 phase=measure evaluated=18 k=4 scale_pct=50 age_ratio=4 host=65545 gc_pages=39418 gc_count=1640 waf_q16=104948 best=18 next=19 settled=0
[844632.418693] NVMeVirt: WATGC_V2 sample ns=0 part=0 epoch=1 window=21 phase=measure evaluated=19 k=4 scale_pct=50 age_ratio=7 host=65562 gc_pages=49446 gc_count=1797 waf_q16=114962 best=18 next=20 settled=0
[844632.442319] NVMeVirt: WATGC_V2 sample ns=0 part=1 epoch=1 window=21 phase=measure evaluated=19 k=4 scale_pct=50 age_ratio=7 host=65558 gc_pages=49643 gc_count=1800 waf_q16=115162 best=18 next=20 settled=0
[844632.471157] NVMeVirt: WATGC_V2 sample ns=0 part=3 epoch=1 window=21 phase=measure evaluated=19 k=4 scale_pct=50 age_ratio=7 host=65573 gc_pages=50398 gc_count=1812 waf_q16=115905 best=18 next=20 settled=0
[844632.479834] NVMeVirt: WATGC_V2 sample ns=0 part=2 epoch=1 window=21 phase=measure evaluated=19 k=4 scale_pct=50 age_ratio=7 host=65556 gc_pages=50349 gc_count=1811 waf_q16=115869 best=18 next=20 settled=0
[844642.239701] NVMeVirt: WATGC_V2 sample ns=0 part=0 epoch=1 window=22 phase=measure evaluated=20 k=4 scale_pct=50 age_ratio=16 host=65570 gc_pages=46814 gc_count=1756 waf_q16=112325 best=18 next=21 settled=0
[844642.271275] NVMeVirt: WATGC_V2 sample ns=0 part=1 epoch=1 window=22 phase=measure evaluated=20 k=4 scale_pct=50 age_ratio=16 host=65547 gc_pages=46837 gc_count=1756 waf_q16=112365 best=18 next=21 settled=0
[844642.306740] NVMeVirt: WATGC_V2 sample ns=0 part=2 epoch=1 window=22 phase=measure evaluated=20 k=4 scale_pct=50 age_ratio=16 host=65556 gc_pages=46508 gc_count=1751 waf_q16=112029 best=18 next=21 settled=0
[844642.327622] NVMeVirt: WATGC_V2 sample ns=0 part=3 epoch=1 window=22 phase=measure evaluated=20 k=4 scale_pct=50 age_ratio=16 host=65557 gc_pages=47333 gc_count=1764 waf_q16=112853 best=18 next=21 settled=0
[844652.090863] NVMeVirt: WATGC_V2 sample ns=0 part=0 epoch=1 window=23 phase=measure evaluated=21 k=4 scale_pct=100 age_ratio=4 host=65572 gc_pages=38362 gc_count=1624 waf_q16=103876 best=21 next=22 settled=0
[844652.100719] NVMeVirt: WATGC_V2 sample ns=0 part=1 epoch=1 window=23 phase=measure evaluated=21 k=4 scale_pct=100 age_ratio=4 host=65574 gc_pages=38744 gc_count=1630 waf_q16=104257 best=18 next=22 settled=0
[844652.148773] NVMeVirt: WATGC_V2 sample ns=0 part=2 epoch=1 window=23 phase=measure evaluated=21 k=4 scale_pct=100 age_ratio=4 host=65567 gc_pages=38624 gc_count=1628 waf_q16=104141 best=21 next=22 settled=0
[844652.149594] NVMeVirt: WATGC_V2 sample ns=0 part=3 epoch=1 window=23 phase=measure evaluated=21 k=4 scale_pct=100 age_ratio=4 host=65560 gc_pages=38376 gc_count=1624 waf_q16=103897 best=21 next=22 settled=0
[844661.922368] NVMeVirt: WATGC_V2 sample ns=0 part=0 epoch=1 window=24 phase=measure evaluated=22 k=4 scale_pct=100 age_ratio=7 host=65560 gc_pages=62694 gc_count=2004 waf_q16=128207 best=21 next=23 settled=0
[844661.946038] NVMeVirt: WATGC_V2 sample ns=0 part=1 epoch=1 window=24 phase=measure evaluated=22 k=4 scale_pct=100 age_ratio=7 host=65547 gc_pages=62900 gc_count=2007 waf_q16=128425 best=18 next=23 settled=0
[844661.977607] NVMeVirt: WATGC_V2 sample ns=0 part=3 epoch=1 window=24 phase=measure evaluated=22 k=4 scale_pct=100 age_ratio=7 host=65536 gc_pages=63294 gc_count=2013 waf_q16=128830 best=21 next=23 settled=0
[844661.984197] NVMeVirt: WATGC_V2 sample ns=0 part=2 epoch=1 window=24 phase=measure evaluated=22 k=4 scale_pct=100 age_ratio=7 host=65567 gc_pages=64095 gc_count=2026 waf_q16=129600 best=21 next=23 settled=0
[844671.730827] NVMeVirt: WATGC_V2 sample ns=0 part=0 epoch=1 window=25 phase=measure evaluated=23 k=4 scale_pct=100 age_ratio=16 host=65540 gc_pages=48890 gc_count=1788 waf_q16=114423 best=21 next=24 settled=0
[844671.769634] NVMeVirt: WATGC_V2 sample ns=0 part=1 epoch=1 window=25 phase=measure evaluated=23 k=4 scale_pct=100 age_ratio=16 host=65560 gc_pages=48678 gc_count=1785 waf_q16=114196 best=18 next=24 settled=0
[844671.827425] NVMeVirt: WATGC_V2 sample ns=0 part=3 epoch=1 window=25 phase=measure evaluated=23 k=4 scale_pct=100 age_ratio=16 host=65536 gc_pages=48390 gc_count=1780 waf_q16=113926 best=21 next=24 settled=0
[844671.831776] NVMeVirt: WATGC_V2 sample ns=0 part=2 epoch=1 window=25 phase=measure evaluated=23 k=4 scale_pct=100 age_ratio=16 host=65556 gc_pages=47856 gc_count=1772 waf_q16=113377 best=21 next=24 settled=0
[844681.567415] NVMeVirt: WATGC_V2 sample ns=0 part=1 epoch=1 window=26 phase=measure evaluated=24 k=4 scale_pct=200 age_ratio=4 host=65541 gc_pages=42683 gc_count=1691 waf_q16=108215 best=18 next=25 settled=0
[844681.575054] NVMeVirt: WATGC_V2 sample ns=0 part=0 epoch=1 window=26 phase=measure evaluated=24 k=4 scale_pct=200 age_ratio=4 host=65547 gc_pages=42549 gc_count=1689 waf_q16=108077 best=21 next=25 settled=0
[844681.657246] NVMeVirt: WATGC_V2 sample ns=0 part=3 epoch=1 window=26 phase=measure evaluated=24 k=4 scale_pct=200 age_ratio=4 host=65540 gc_pages=42813 gc_count=1693 waf_q16=108346 best=21 next=25 settled=0
[844681.700822] NVMeVirt: WATGC_V2 sample ns=0 part=2 epoch=1 window=26 phase=measure evaluated=24 k=4 scale_pct=200 age_ratio=4 host=65561 gc_pages=42279 gc_count=1685 waf_q16=107798 best=21 next=25 settled=0
[844691.395254] NVMeVirt: WATGC_V2 sample ns=0 part=1 epoch=1 window=27 phase=measure evaluated=25 k=4 scale_pct=200 age_ratio=7 host=65540 gc_pages=56961 gc_count=1914 waf_q16=122493 best=18 next=26 settled=0
[844691.402271] NVMeVirt: WATGC_V2 sample ns=0 part=0 epoch=1 window=27 phase=measure evaluated=25 k=4 scale_pct=200 age_ratio=7 host=65563 gc_pages=57515 gc_count=1923 waf_q16=123027 best=21 next=26 settled=0
[844691.504567] NVMeVirt: WATGC_V2 sample ns=0 part=3 epoch=1 window=27 phase=measure evaluated=25 k=4 scale_pct=200 age_ratio=7 host=65543 gc_pages=57278 gc_count=1919 waf_q16=122807 best=21 next=26 settled=0
[844691.529167] NVMeVirt: WATGC_V2 sample ns=0 part=2 epoch=1 window=27 phase=measure evaluated=25 k=4 scale_pct=200 age_ratio=7 host=65564 gc_pages=56682 gc_count=1910 waf_q16=122193 best=21 next=26 settled=0
[844701.216766] NVMeVirt: WATGC_V2 sample ns=0 part=1 epoch=1 window=28 phase=measure evaluated=26 k=4 scale_pct=200 age_ratio=16 host=65564 gc_pages=56862 gc_count=1913 waf_q16=122373 best=18 next=27 settled=0
[844701.253176] NVMeVirt: WATGC_V2 sample ns=0 part=0 epoch=1 window=28 phase=measure evaluated=26 k=4 scale_pct=200 age_ratio=16 host=65547 gc_pages=56367 gc_count=1905 waf_q16=121893 best=21 next=27 settled=0
[844701.338911] NVMeVirt: WATGC_V2 sample ns=0 part=3 epoch=1 window=28 phase=measure evaluated=26 k=4 scale_pct=200 age_ratio=16 host=65543 gc_pages=56565 gc_count=1908 waf_q16=122094 best=21 next=27 settled=0
[844701.357211] NVMeVirt: WATGC_V2 sample ns=0 part=2 epoch=1 window=28 phase=measure evaluated=26 k=4 scale_pct=200 age_ratio=16 host=65556 gc_pages=56871 gc_count=1913 waf_q16=122389 best=21 next=27 settled=0
[844711.076395] NVMeVirt: WATGC_V2 sample ns=0 part=0 epoch=1 window=29 phase=measure evaluated=27 k=4 scale_pct=400 age_ratio=4 host=65537 gc_pages=56252 gc_count=1903 waf_q16=121787 best=21 next=28 settled=0
[844711.076515] NVMeVirt: WATGC_V2 sample ns=0 part=1 epoch=1 window=29 phase=measure evaluated=27 k=4 scale_pct=400 age_ratio=4 host=65566 gc_pages=56864 gc_count=1913 waf_q16=122373 best=18 next=28 settled=0
[844711.173615] NVMeVirt: WATGC_V2 sample ns=0 part=2 epoch=1 window=29 phase=measure evaluated=27 k=4 scale_pct=400 age_ratio=4 host=65538 gc_pages=56763 gc_count=1911 waf_q16=122297 best=21 next=28 settled=0
[844711.175730] NVMeVirt: WATGC_V2 sample ns=0 part=3 epoch=1 window=29 phase=measure evaluated=27 k=4 scale_pct=400 age_ratio=4 host=65550 gc_pages=56176 gc_count=1902 waf_q16=121700 best=21 next=28 settled=0
[844720.904077] NVMeVirt: WATGC_V2 sample ns=0 part=1 epoch=1 window=30 phase=measure evaluated=28 k=4 scale_pct=400 age_ratio=7 host=65543 gc_pages=70267 gc_count=2122 waf_q16=135795 best=18 next=29 settled=0
[844720.947602] NVMeVirt: WATGC_V2 sample ns=0 part=0 epoch=1 window=30 phase=measure evaluated=28 k=4 scale_pct=400 age_ratio=7 host=65561 gc_pages=69612 gc_count=2112 waf_q16=135121 best=21 next=29 settled=0
[844720.981801] NVMeVirt: WATGC_V2 sample ns=0 part=2 epoch=1 window=30 phase=measure evaluated=28 k=4 scale_pct=400 age_ratio=7 host=65551 gc_pages=69938 gc_count=2117 waf_q16=135457 best=21 next=29 settled=0
[844721.003491] NVMeVirt: WATGC_V2 sample ns=0 part=3 epoch=1 window=30 phase=measure evaluated=28 k=4 scale_pct=400 age_ratio=7 host=65557 gc_pages=70061 gc_count=2119 waf_q16=135574 best=21 next=29 settled=0
[844730.720816] NVMeVirt: WATGC_V2 sample ns=0 part=1 epoch=1 window=31 phase=measure evaluated=29 k=4 scale_pct=400 age_ratio=16 host=65554 gc_pages=66992 gc_count=2071 waf_q16=132509 best=18 next=30 settled=0
[844730.775466] NVMeVirt: WATGC_V2 sample ns=0 part=0 epoch=1 window=31 phase=measure evaluated=29 k=4 scale_pct=400 age_ratio=16 host=65537 gc_pages=67584 gc_count=2080 waf_q16=133118 best=21 next=30 settled=0
[844730.829876] NVMeVirt: WATGC_V2 sample ns=0 part=2 epoch=1 window=31 phase=measure evaluated=29 k=4 scale_pct=400 age_ratio=16 host=65542 gc_pages=66298 gc_count=2060 waf_q16=131827 best=21 next=30 settled=0
[844730.831587] NVMeVirt: WATGC_V2 sample ns=0 part=3 epoch=1 window=31 phase=measure evaluated=29 k=4 scale_pct=400 age_ratio=16 host=65545 gc_pages=67063 gc_count=2072 waf_q16=132589 best=21 next=30 settled=0
[844740.585325] NVMeVirt: WATGC_V2 sample ns=0 part=1 epoch=1 window=32 phase=measure evaluated=30 k=7 scale_pct=25 age_ratio=4 host=65543 gc_pages=53435 gc_count=1859 waf_q16=118965 best=18 next=31 settled=0
[844740.607937] NVMeVirt: WATGC_V2 sample ns=0 part=0 epoch=1 window=32 phase=measure evaluated=30 k=7 scale_pct=25 age_ratio=4 host=65571 gc_pages=54949 gc_count=1883 waf_q16=120455 best=21 next=31 settled=0
[844740.639020] NVMeVirt: WATGC_V2 sample ns=0 part=2 epoch=1 window=32 phase=measure evaluated=30 k=7 scale_pct=25 age_ratio=4 host=65562 gc_pages=53548 gc_count=1861 waf_q16=119062 best=21 next=31 settled=0
[844740.665450] NVMeVirt: WATGC_V2 sample ns=0 part=3 epoch=1 window=32 phase=measure evaluated=30 k=7 scale_pct=25 age_ratio=4 host=65556 gc_pages=54126 gc_count=1870 waf_q16=119645 best=21 next=31 settled=0
[844750.433113] NVMeVirt: WATGC_V2 sample ns=0 part=0 epoch=1 window=33 phase=measure evaluated=31 k=7 scale_pct=25 age_ratio=7 host=65566 gc_pages=49307 gc_count=1795 waf_q16=114820 best=21 next=32 settled=0
[844750.437532] NVMeVirt: WATGC_V2 sample ns=0 part=1 epoch=1 window=33 phase=measure evaluated=31 k=7 scale_pct=25 age_ratio=7 host=65576 gc_pages=49031 gc_count=1791 waf_q16=114537 best=18 next=32 settled=0
[844750.483704] NVMeVirt: WATGC_V2 sample ns=0 part=3 epoch=1 window=33 phase=measure evaluated=31 k=7 scale_pct=25 age_ratio=7 host=65561 gc_pages=50842 gc_count=1819 waf_q16=116358 best=21 next=32 settled=0
[844750.485712] NVMeVirt: WATGC_V2 sample ns=0 part=2 epoch=1 window=33 phase=measure evaluated=31 k=7 scale_pct=25 age_ratio=7 host=65574 gc_pages=50059 gc_count=1807 waf_q16=115565 best=21 next=32 settled=0
[844760.265481] NVMeVirt: WATGC_V2 sample ns=0 part=1 epoch=1 window=34 phase=measure evaluated=32 k=7 scale_pct=25 age_ratio=16 host=65554 gc_pages=61041 gc_count=1978 waf_q16=126560 best=18 next=33 settled=0
[844760.273164] NVMeVirt: WATGC_V2 sample ns=0 part=0 epoch=1 window=34 phase=measure evaluated=32 k=7 scale_pct=25 age_ratio=16 host=65569 gc_pages=61027 gc_count=1978 waf_q16=126532 best=21 next=33 settled=0
[844760.316257] NVMeVirt: WATGC_V2 sample ns=0 part=2 epoch=1 window=34 phase=measure evaluated=32 k=7 scale_pct=25 age_ratio=16 host=65562 gc_pages=60649 gc_count=1972 waf_q16=126160 best=21 next=33 settled=0
[844760.321213] NVMeVirt: WATGC_V2 sample ns=0 part=3 epoch=1 window=34 phase=measure evaluated=32 k=7 scale_pct=25 age_ratio=16 host=65551 gc_pages=59765 gc_count=1958 waf_q16=125287 best=21 next=33 settled=0
[844770.097069] NVMeVirt: WATGC_V2 sample ns=0 part=1 epoch=1 window=35 phase=measure evaluated=33 k=7 scale_pct=50 age_ratio=4 host=65572 gc_pages=41692 gc_count=1676 waf_q16=107205 best=18 next=34 settled=0
[844770.113223] NVMeVirt: WATGC_V2 sample ns=0 part=0 epoch=1 window=35 phase=measure evaluated=33 k=7 scale_pct=50 age_ratio=4 host=65540 gc_pages=42050 gc_count=1681 waf_q16=107583 best=21 next=34 settled=0
[844770.131976] NVMeVirt: WATGC_V2 sample ns=0 part=2 epoch=1 window=35 phase=measure evaluated=33 k=7 scale_pct=50 age_ratio=4 host=65547 gc_pages=42037 gc_count=1681 waf_q16=107565 best=21 next=34 settled=0
[844770.165598] NVMeVirt: WATGC_V2 sample ns=0 part=3 epoch=1 window=35 phase=measure evaluated=33 k=7 scale_pct=50 age_ratio=4 host=65544 gc_pages=42295 gc_count=1685 waf_q16=107825 best=21 next=34 settled=0
[844779.909244] NVMeVirt: WATGC_V2 sample ns=0 part=0 epoch=1 window=36 phase=measure evaluated=34 k=7 scale_pct=50 age_ratio=7 host=65551 gc_pages=42097 gc_count=1682 waf_q16=107623 best=21 next=35 settled=0
[844779.948502] NVMeVirt: WATGC_V2 sample ns=0 part=1 epoch=1 window=36 phase=measure evaluated=34 k=7 scale_pct=50 age_ratio=7 host=65559 gc_pages=41386 gc_count=1671 waf_q16=106907 best=18 next=35 settled=0
[844779.994279] NVMeVirt: WATGC_V2 sample ns=0 part=3 epoch=1 window=36 phase=measure evaluated=34 k=7 scale_pct=50 age_ratio=7 host=65557 gc_pages=42156 gc_count=1683 waf_q16=107678 best=21 next=35 settled=0
[844780.001996] NVMeVirt: WATGC_V2 sample ns=0 part=2 epoch=1 window=36 phase=measure evaluated=34 k=7 scale_pct=50 age_ratio=7 host=65556 gc_pages=42412 gc_count=1687 waf_q16=107935 best=21 next=35 settled=0
[844789.750370] NVMeVirt: WATGC_V2 sample ns=0 part=0 epoch=1 window=37 phase=measure evaluated=35 k=7 scale_pct=50 age_ratio=16 host=65571 gc_pages=59104 gc_count=1948 waf_q16=124608 best=21 next=36 settled=0
[844789.772269] NVMeVirt: WATGC_V2 sample ns=0 part=1 epoch=1 window=37 phase=measure evaluated=35 k=7 scale_pct=50 age_ratio=16 host=65537 gc_pages=58926 gc_count=1945 waf_q16=124461 best=18 next=36 settled=0
[844789.830748] NVMeVirt: WATGC_V2 sample ns=0 part=3 epoch=1 window=37 phase=measure evaluated=35 k=7 scale_pct=50 age_ratio=16 host=65555 gc_pages=59503 gc_count=1954 waf_q16=125021 best=21 next=36 settled=0
[844789.831430] NVMeVirt: WATGC_V2 sample ns=0 part=2 epoch=1 window=37 phase=measure evaluated=35 k=7 scale_pct=50 age_ratio=16 host=65564 gc_pages=60454 gc_count=1969 waf_q16=125964 best=21 next=36 settled=0
[844799.581673] NVMeVirt: WATGC_V2 sample ns=0 part=0 epoch=1 window=38 phase=measure evaluated=36 k=7 scale_pct=100 age_ratio=4 host=65541 gc_pages=47094 gc_count=1760 waf_q16=112626 best=21 next=38 settled=0
[844799.610911] NVMeVirt: WATGC_V2 sample ns=0 part=1 epoch=1 window=38 phase=measure evaluated=36 k=7 scale_pct=100 age_ratio=4 host=65543 gc_pages=46836 gc_count=1756 waf_q16=112366 best=18 next=38 settled=0
[844799.661437] NVMeVirt: WATGC_V2 sample ns=0 part=2 epoch=1 window=38 phase=measure evaluated=36 k=7 scale_pct=100 age_ratio=4 host=65571 gc_pages=46553 gc_count=1752 waf_q16=112064 best=21 next=38 settled=0
[844799.662359] NVMeVirt: WATGC_V2 sample ns=0 part=3 epoch=1 window=38 phase=measure evaluated=36 k=7 scale_pct=100 age_ratio=4 host=65545 gc_pages=46771 gc_count=1755 waf_q16=112300 best=21 next=38 settled=0
[844809.442831] NVMeVirt: WATGC_V2 sample ns=0 part=0 epoch=1 window=39 phase=measure evaluated=38 k=7 scale_pct=100 age_ratio=16 host=65550 gc_pages=47350 gc_count=1764 waf_q16=112875 best=21 next=39 settled=0
[844809.445936] NVMeVirt: WATGC_V2 sample ns=0 part=1 epoch=1 window=39 phase=measure evaluated=38 k=7 scale_pct=100 age_ratio=16 host=65564 gc_pages=46436 gc_count=1750 waf_q16=111952 best=18 next=39 settled=0
[844809.480812] NVMeVirt: WATGC_V2 sample ns=0 part=3 epoch=1 window=39 phase=measure evaluated=38 k=7 scale_pct=100 age_ratio=16 host=65562 gc_pages=46505 gc_count=1751 waf_q16=112022 best=21 next=39 settled=0
[844809.484086] NVMeVirt: WATGC_V2 sample ns=0 part=2 epoch=1 window=39 phase=measure evaluated=38 k=7 scale_pct=100 age_ratio=16 host=65572 gc_pages=47068 gc_count=1760 waf_q16=112578 best=21 next=39 settled=0
[844819.283948] NVMeVirt: WATGC_V2 sample ns=0 part=1 epoch=1 window=40 phase=measure evaluated=39 k=7 scale_pct=200 age_ratio=4 host=65556 gc_pages=54195 gc_count=1871 waf_q16=119714 best=18 next=40 settled=0
[844819.284084] NVMeVirt: WATGC_V2 sample ns=0 part=0 epoch=1 window=40 phase=measure evaluated=39 k=7 scale_pct=200 age_ratio=4 host=65542 gc_pages=54721 gc_count=1879 waf_q16=120251 best=21 next=40 settled=0
[844819.309956] NVMeVirt: WATGC_V2 sample ns=0 part=3 epoch=1 window=40 phase=measure evaluated=39 k=7 scale_pct=200 age_ratio=4 host=65560 gc_pages=54894 gc_count=1882 waf_q16=120409 best=21 next=40 settled=0
[844819.315454] NVMeVirt: WATGC_V2 sample ns=0 part=2 epoch=1 window=40 phase=measure evaluated=39 k=7 scale_pct=200 age_ratio=4 host=65560 gc_pages=54703 gc_count=1879 waf_q16=120218 best=21 next=40 settled=0
[844829.117848] NVMeVirt: WATGC_V2 sample ns=0 part=0 epoch=1 window=41 phase=measure evaluated=40 k=7 scale_pct=200 age_ratio=7 host=65554 gc_pages=60663 gc_count=1972 waf_q16=126182 best=21 next=41 settled=0
[844829.118131] NVMeVirt: WATGC_V2 sample ns=0 part=1 epoch=1 window=41 phase=measure evaluated=40 k=7 scale_pct=200 age_ratio=7 host=65537 gc_pages=58877 gc_count=1944 waf_q16=124412 best=18 next=41 settled=0
[844829.137175] NVMeVirt: WATGC_V2 sample ns=0 part=3 epoch=1 window=41 phase=measure evaluated=40 k=7 scale_pct=200 age_ratio=7 host=65556 gc_pages=60010 gc_count=1962 waf_q16=125527 best=21 next=41 settled=0
[844829.151221] NVMeVirt: WATGC_V2 sample ns=0 part=2 epoch=1 window=41 phase=measure evaluated=40 k=7 scale_pct=200 age_ratio=7 host=65553 gc_pages=60333 gc_count=1967 waf_q16=125853 best=21 next=41 settled=0
[844838.953074] NVMeVirt: WATGC_V2 sample ns=0 part=0 epoch=1 window=42 phase=measure evaluated=41 k=7 scale_pct=200 age_ratio=16 host=65538 gc_pages=50241 gc_count=1809 waf_q16=115775 best=21 next=42 settled=0
[844838.956729] NVMeVirt: WATGC_V2 sample ns=0 part=1 epoch=1 window=42 phase=measure evaluated=41 k=7 scale_pct=200 age_ratio=16 host=65541 gc_pages=49150 gc_count=1792 waf_q16=114682 best=18 next=42 settled=0
[844838.976284] NVMeVirt: WATGC_V2 sample ns=0 part=2 epoch=1 window=42 phase=measure evaluated=41 k=7 scale_pct=200 age_ratio=16 host=65572 gc_pages=49374 gc_count=1796 waf_q16=114882 best=21 next=42 settled=0
[844838.977838] NVMeVirt: WATGC_V2 sample ns=0 part=3 epoch=1 window=42 phase=measure evaluated=41 k=7 scale_pct=200 age_ratio=16 host=65541 gc_pages=49661 gc_count=1800 waf_q16=115193 best=21 next=42 settled=0
[844848.788363] NVMeVirt: WATGC_V2 sample ns=0 part=0 epoch=1 window=43 phase=measure evaluated=42 k=7 scale_pct=400 age_ratio=4 host=65558 gc_pages=55210 gc_count=1887 waf_q16=120727 best=21 next=43 settled=0
[844848.793991] NVMeVirt: WATGC_V2 sample ns=0 part=1 epoch=1 window=43 phase=measure evaluated=42 k=7 scale_pct=400 age_ratio=4 host=65539 gc_pages=53501 gc_count=1860 waf_q16=119034 best=18 next=43 settled=0
[844848.801103] NVMeVirt: WATGC_V2 sample ns=0 part=2 epoch=1 window=43 phase=measure evaluated=42 k=7 scale_pct=400 age_ratio=4 host=65560 gc_pages=54248 gc_count=1872 waf_q16=119764 best=21 next=43 settled=0
[844848.813569] NVMeVirt: WATGC_V2 sample ns=0 part=3 epoch=1 window=43 phase=measure evaluated=42 k=7 scale_pct=400 age_ratio=4 host=65536 gc_pages=54720 gc_count=1879 waf_q16=120256 best=21 next=43 settled=0
[844858.605836] NVMeVirt: WATGC_V2 sample ns=0 part=0 epoch=1 window=44 phase=measure evaluated=43 k=7 scale_pct=400 age_ratio=7 host=65562 gc_pages=64034 gc_count=2025 waf_q16=129544 best=21 next=44 settled=0
[844858.636522] NVMeVirt: WATGC_V2 sample ns=0 part=3 epoch=1 window=44 phase=measure evaluated=43 k=7 scale_pct=400 age_ratio=7 host=65557 gc_pages=64232 gc_count=2028 waf_q16=129747 best=21 next=44 settled=0
[844858.638504] NVMeVirt: WATGC_V2 sample ns=0 part=1 epoch=1 window=44 phase=measure evaluated=43 k=7 scale_pct=400 age_ratio=7 host=65568 gc_pages=64604 gc_count=2034 waf_q16=130108 best=18 next=44 settled=0
[844858.655597] NVMeVirt: WATGC_V2 sample ns=0 part=2 epoch=1 window=44 phase=measure evaluated=43 k=7 scale_pct=400 age_ratio=7 host=65539 gc_pages=65594 gc_count=2049 waf_q16=131126 best=21 next=44 settled=0
[844868.452912] NVMeVirt: WATGC_V2 sample ns=0 part=1 epoch=1 window=45 phase=measure evaluated=44 k=7 scale_pct=400 age_ratio=16 host=65543 gc_pages=64059 gc_count=2025 waf_q16=129588 best=18 next=45 settled=0
[844868.456447] NVMeVirt: WATGC_V2 sample ns=0 part=0 epoch=1 window=45 phase=measure evaluated=44 k=7 scale_pct=400 age_ratio=16 host=65564 gc_pages=64869 gc_count=2038 waf_q16=130377 best=21 next=45 settled=0
[844868.479312] NVMeVirt: WATGC_V2 sample ns=0 part=3 epoch=1 window=45 phase=measure evaluated=44 k=7 scale_pct=400 age_ratio=16 host=65537 gc_pages=64833 gc_count=2037 waf_q16=130368 best=21 next=45 settled=0
[844868.479839] NVMeVirt: WATGC_V2 sample ns=0 part=2 epoch=1 window=45 phase=measure evaluated=44 k=7 scale_pct=400 age_ratio=16 host=65563 gc_pages=65511 gc_count=2048 waf_q16=131020 best=21 next=45 settled=0
[844878.280143] NVMeVirt: WATGC_V2 sample ns=0 part=0 epoch=1 window=46 phase=measure evaluated=45 k=10 scale_pct=25 age_ratio=4 host=65547 gc_pages=53120 gc_count=1854 waf_q16=118647 best=21 next=46 settled=0
[844878.281767] NVMeVirt: WATGC_V2 sample ns=0 part=1 epoch=1 window=46 phase=measure evaluated=45 k=10 scale_pct=25 age_ratio=4 host=65560 gc_pages=53415 gc_count=1859 waf_q16=118931 best=18 next=46 settled=0
[844878.295286] NVMeVirt: WATGC_V2 sample ns=0 part=3 epoch=1 window=46 phase=measure evaluated=45 k=10 scale_pct=25 age_ratio=4 host=65541 gc_pages=53563 gc_count=1861 waf_q16=119094 best=21 next=46 settled=0
[844878.341273] NVMeVirt: WATGC_V2 sample ns=0 part=2 epoch=1 window=46 phase=measure evaluated=45 k=10 scale_pct=25 age_ratio=4 host=65543 gc_pages=54596 gc_count=1877 waf_q16=120126 best=21 next=46 settled=0
[844888.126782] NVMeVirt: WATGC_V2 sample ns=0 part=0 epoch=1 window=47 phase=measure evaluated=46 k=10 scale_pct=25 age_ratio=7 host=65560 gc_pages=61101 gc_count=1979 waf_q16=126614 best=21 next=47 settled=0
[844888.128063] NVMeVirt: WATGC_V2 sample ns=0 part=3 epoch=1 window=47 phase=measure evaluated=46 k=10 scale_pct=25 age_ratio=7 host=65569 gc_pages=61025 gc_count=1978 waf_q16=126530 best=21 next=47 settled=0
[844888.138163] NVMeVirt: WATGC_V2 sample ns=0 part=1 epoch=1 window=47 phase=measure evaluated=46 k=10 scale_pct=25 age_ratio=7 host=65567 gc_pages=61158 gc_count=1980 waf_q16=126665 best=18 next=47 settled=0
[844888.146315] NVMeVirt: WATGC_V2 sample ns=0 part=2 epoch=1 window=47 phase=measure evaluated=46 k=10 scale_pct=25 age_ratio=7 host=65564 gc_pages=60505 gc_count=1970 waf_q16=126015 best=21 next=47 settled=0
[844897.960331] NVMeVirt: WATGC_V2 sample ns=0 part=3 epoch=1 window=48 phase=measure evaluated=47 k=10 scale_pct=25 age_ratio=16 host=65551 gc_pages=58942 gc_count=1945 waf_q16=124464 best=21 next=48 settled=0
[844897.966297] NVMeVirt: WATGC_V2 sample ns=0 part=0 epoch=1 window=48 phase=measure evaluated=47 k=10 scale_pct=25 age_ratio=16 host=65544 gc_pages=57712 gc_count=1926 waf_q16=123240 best=21 next=48 settled=0
[844897.971672] NVMeVirt: WATGC_V2 sample ns=0 part=2 epoch=1 window=48 phase=measure evaluated=47 k=10 scale_pct=25 age_ratio=16 host=65553 gc_pages=59230 gc_count=1950 waf_q16=124750 best=21 next=48 settled=0
[844897.978342] NVMeVirt: WATGC_V2 sample ns=0 part=1 epoch=1 window=48 phase=measure evaluated=47 k=10 scale_pct=25 age_ratio=16 host=65543 gc_pages=57712 gc_count=1926 waf_q16=123241 best=18 next=48 settled=0
[844907.785131] NVMeVirt: WATGC_V2 sample ns=0 part=3 epoch=1 window=49 phase=measure evaluated=48 k=10 scale_pct=50 age_ratio=4 host=65555 gc_pages=41518 gc_count=1673 waf_q16=107041 best=21 next=49 settled=0
[844907.795058] NVMeVirt: WATGC_V2 sample ns=0 part=0 epoch=1 window=49 phase=measure evaluated=48 k=10 scale_pct=50 age_ratio=4 host=65537 gc_pages=41664 gc_count=1675 waf_q16=107199 best=21 next=49 settled=0
[844907.809143] NVMeVirt: WATGC_V2 sample ns=0 part=2 epoch=1 window=49 phase=measure evaluated=48 k=10 scale_pct=50 age_ratio=4 host=65572 gc_pages=41629 gc_count=1675 waf_q16=107142 best=21 next=49 settled=0
[844907.821664] NVMeVirt: WATGC_V2 sample ns=0 part=1 epoch=1 window=49 phase=measure evaluated=48 k=10 scale_pct=50 age_ratio=4 host=65545 gc_pages=41464 gc_count=1672 waf_q16=106994 best=18 next=49 settled=0
[844917.598229] NVMeVirt: WATGC_V2 sample ns=0 part=0 epoch=1 window=50 phase=measure evaluated=49 k=10 scale_pct=50 age_ratio=7 host=65552 gc_pages=62971 gc_count=2008 waf_q16=128491 best=21 next=50 settled=0
[844917.636962] NVMeVirt: WATGC_V2 sample ns=0 part=3 epoch=1 window=50 phase=measure evaluated=49 k=10 scale_pct=50 age_ratio=7 host=65539 gc_pages=63951 gc_count=2023 waf_q16=129484 best=21 next=50 settled=0
[844917.649842] NVMeVirt: WATGC_V2 sample ns=0 part=2 epoch=1 window=50 phase=measure evaluated=49 k=10 scale_pct=50 age_ratio=7 host=65561 gc_pages=62707 gc_count=2004 waf_q16=128219 best=21 next=50 settled=0
[844917.654695] NVMeVirt: WATGC_V2 sample ns=0 part=1 epoch=1 window=50 phase=measure evaluated=49 k=10 scale_pct=50 age_ratio=7 host=65557 gc_pages=62777 gc_count=2005 waf_q16=128292 best=18 next=50 settled=0
[844927.406629] NVMeVirt: WATGC_V2 sample ns=0 part=0 epoch=1 window=51 phase=measure evaluated=50 k=10 scale_pct=50 age_ratio=16 host=65537 gc_pages=70826 gc_count=2131 waf_q16=136360 best=21 next=51 settled=0
[844927.469048] NVMeVirt: WATGC_V2 sample ns=0 part=3 epoch=1 window=51 phase=measure evaluated=50 k=10 scale_pct=50 age_ratio=16 host=65537 gc_pages=72117 gc_count=2151 waf_q16=137651 best=21 next=51 settled=0
[844927.485905] NVMeVirt: WATGC_V2 sample ns=0 part=1 epoch=1 window=51 phase=measure evaluated=50 k=10 scale_pct=50 age_ratio=16 host=65537 gc_pages=71433 gc_count=2140 waf_q16=136967 best=18 next=51 settled=0
[844927.506437] NVMeVirt: WATGC_V2 sample ns=0 part=2 epoch=1 window=51 phase=measure evaluated=50 k=10 scale_pct=50 age_ratio=16 host=65540 gc_pages=70251 gc_count=2122 waf_q16=135782 best=21 next=51 settled=0
[844937.278560] NVMeVirt: WATGC_V2 sample ns=0 part=0 epoch=1 window=52 phase=measure evaluated=51 k=10 scale_pct=100 age_ratio=4 host=65571 gc_pages=42656 gc_count=1691 waf_q16=108169 best=21 next=52 settled=0
[844937.305238] NVMeVirt: WATGC_V2 sample ns=0 part=2 epoch=1 window=52 phase=measure evaluated=51 k=10 scale_pct=100 age_ratio=4 host=65560 gc_pages=42539 gc_count=1689 waf_q16=108059 best=21 next=52 settled=0
[844937.313730] NVMeVirt: WATGC_V2 sample ns=0 part=3 epoch=1 window=52 phase=measure evaluated=51 k=10 scale_pct=100 age_ratio=4 host=65565 gc_pages=41959 gc_count=1680 waf_q16=107476 best=21 next=52 settled=0
[844937.316903] NVMeVirt: WATGC_V2 sample ns=0 part=1 epoch=1 window=52 phase=measure evaluated=51 k=10 scale_pct=100 age_ratio=4 host=65556 gc_pages=42415 gc_count=1687 waf_q16=107938 best=18 next=52 settled=0
[844947.113054] NVMeVirt: WATGC_V2 sample ns=0 part=0 epoch=1 window=53 phase=measure evaluated=52 k=10 scale_pct=100 age_ratio=7 host=65568 gc_pages=50015 gc_count=1806 waf_q16=115526 best=21 next=53 settled=0
[844947.138333] NVMeVirt: WATGC_V2 sample ns=0 part=1 epoch=1 window=53 phase=measure evaluated=52 k=10 scale_pct=100 age_ratio=7 host=65565 gc_pages=48931 gc_count=1789 waf_q16=114445 best=18 next=53 settled=0
[844947.140375] NVMeVirt: WATGC_V2 sample ns=0 part=3 epoch=1 window=53 phase=measure evaluated=52 k=10 scale_pct=100 age_ratio=7 host=65555 gc_pages=48556 gc_count=1783 waf_q16=114077 best=21 next=53 settled=0
[844947.163107] NVMeVirt: WATGC_V2 sample ns=0 part=2 epoch=1 window=53 phase=measure evaluated=52 k=10 scale_pct=100 age_ratio=7 host=65569 gc_pages=50079 gc_count=1807 waf_q16=115589 best=21 next=53 settled=0
[844956.934024] NVMeVirt: WATGC_V2 sample ns=0 part=0 epoch=1 window=54 phase=measure evaluated=53 k=10 scale_pct=100 age_ratio=16 host=65565 gc_pages=70303 gc_count=2123 waf_q16=135807 best=21 next=54 settled=0
[844956.979349] NVMeVirt: WATGC_V2 sample ns=0 part=2 epoch=1 window=54 phase=measure evaluated=53 k=10 scale_pct=100 age_ratio=16 host=65554 gc_pages=70251 gc_count=2122 waf_q16=135767 best=21 next=54 settled=0
[844956.982437] NVMeVirt: WATGC_V2 sample ns=0 part=1 epoch=1 window=54 phase=measure evaluated=53 k=10 scale_pct=100 age_ratio=16 host=65546 gc_pages=69632 gc_count=2112 waf_q16=135157 best=18 next=54 settled=0
[844956.990841] NVMeVirt: WATGC_V2 sample ns=0 part=3 epoch=1 window=54 phase=measure evaluated=53 k=10 scale_pct=100 age_ratio=16 host=65570 gc_pages=70177 gc_count=2121 waf_q16=135676 best=21 next=54 settled=0
[844966.776774] NVMeVirt: WATGC_V2 sample ns=0 part=0 epoch=1 window=55 phase=measure evaluated=54 k=10 scale_pct=200 age_ratio=4 host=65554 gc_pages=53424 gc_count=1859 waf_q16=118945 best=21 next=55 settled=0
[844966.803151] NVMeVirt: WATGC_V2 sample ns=0 part=3 epoch=1 window=55 phase=measure evaluated=54 k=10 scale_pct=200 age_ratio=4 host=65552 gc_pages=53424 gc_count=1859 waf_q16=118946 best=21 next=55 settled=0
[844966.805609] NVMeVirt: WATGC_V2 sample ns=0 part=1 epoch=1 window=55 phase=measure evaluated=54 k=10 scale_pct=200 age_ratio=4 host=65565 gc_pages=52643 gc_count=1847 waf_q16=118155 best=18 next=55 settled=0
[844966.835068] NVMeVirt: WATGC_V2 sample ns=0 part=2 epoch=1 window=55 phase=measure evaluated=54 k=10 scale_pct=200 age_ratio=4 host=65538 gc_pages=52992 gc_count=1852 waf_q16=118526 best=21 next=55 settled=0
[844976.614470] NVMeVirt: WATGC_V2 sample ns=0 part=0 epoch=1 window=56 phase=measure evaluated=55 k=10 scale_pct=200 age_ratio=7 host=65552 gc_pages=61494 gc_count=1985 waf_q16=127014 best=21 next=56 settled=0
[844976.638204] NVMeVirt: WATGC_V2 sample ns=0 part=2 epoch=1 window=56 phase=measure evaluated=55 k=10 scale_pct=200 age_ratio=7 host=65553 gc_pages=61684 gc_count=1988 waf_q16=127204 best=21 next=56 settled=0
[844976.646560] NVMeVirt: WATGC_V2 sample ns=0 part=3 epoch=1 window=56 phase=measure evaluated=55 k=10 scale_pct=200 age_ratio=7 host=65564 gc_pages=60842 gc_count=1975 waf_q16=126352 best=21 next=56 settled=0
[844976.656971] NVMeVirt: WATGC_V2 sample ns=0 part=1 epoch=1 window=56 phase=measure evaluated=55 k=10 scale_pct=200 age_ratio=7 host=65553 gc_pages=60661 gc_count=1972 waf_q16=126181 best=18 next=56 settled=0
[844986.439781] NVMeVirt: WATGC_V2 sample ns=0 part=0 epoch=1 window=57 phase=measure evaluated=56 k=10 scale_pct=200 age_ratio=16 host=65548 gc_pages=72637 gc_count=2159 waf_q16=138159 best=21 next=57 settled=0
[844986.469475] NVMeVirt: WATGC_V2 sample ns=0 part=1 epoch=1 window=57 phase=measure evaluated=56 k=10 scale_pct=200 age_ratio=16 host=65549 gc_pages=74615 gc_count=2190 waf_q16=140136 best=18 next=57 settled=0
[844986.486923] NVMeVirt: WATGC_V2 sample ns=0 part=3 epoch=1 window=57 phase=measure evaluated=56 k=10 scale_pct=200 age_ratio=16 host=65537 gc_pages=73283 gc_count=2169 waf_q16=138817 best=21 next=57 settled=0
[844986.494880] NVMeVirt: WATGC_V2 sample ns=0 part=2 epoch=1 window=57 phase=measure evaluated=56 k=10 scale_pct=200 age_ratio=16 host=65558 gc_pages=73901 gc_count=2179 waf_q16=139412 best=21 next=57 settled=0
[844996.269963] NVMeVirt: WATGC_V2 sample ns=0 part=0 epoch=1 window=58 phase=measure evaluated=57 k=10 scale_pct=400 age_ratio=4 host=65548 gc_pages=60593 gc_count=1971 waf_q16=126117 best=21 next=58 settled=0
[844996.314294] NVMeVirt: WATGC_V2 sample ns=0 part=3 epoch=1 window=58 phase=measure evaluated=57 k=10 scale_pct=400 age_ratio=4 host=65542 gc_pages=61303 gc_count=1982 waf_q16=126833 best=21 next=58 settled=0
[844996.314866] NVMeVirt: WATGC_V2 sample ns=0 part=1 epoch=1 window=58 phase=measure evaluated=57 k=10 scale_pct=400 age_ratio=4 host=65571 gc_pages=60891 gc_count=1976 waf_q16=126394 best=18 next=58 settled=0
[844996.328112] NVMeVirt: WATGC_V2 sample ns=0 part=2 epoch=1 window=58 phase=measure evaluated=57 k=10 scale_pct=400 age_ratio=4 host=65544 gc_pages=60917 gc_count=1976 waf_q16=126445 best=21 next=58 settled=0
[845006.115525] NVMeVirt: WATGC_V2 sample ns=0 part=0 epoch=1 window=59 phase=measure evaluated=58 k=10 scale_pct=400 age_ratio=7 host=65565 gc_pages=64415 gc_count=2031 waf_q16=129922 best=21 next=59 settled=0
[845006.141008] NVMeVirt: WATGC_V2 sample ns=0 part=3 epoch=1 window=59 phase=measure evaluated=58 k=10 scale_pct=400 age_ratio=7 host=65562 gc_pages=64738 gc_count=2036 waf_q16=130248 best=21 next=59 settled=0
[845006.145439] NVMeVirt: WATGC_V2 sample ns=0 part=1 epoch=1 window=59 phase=measure evaluated=58 k=10 scale_pct=400 age_ratio=7 host=65540 gc_pages=64887 gc_count=2038 waf_q16=130419 best=18 next=59 settled=0
[845006.159545] NVMeVirt: WATGC_V2 sample ns=0 part=2 epoch=1 window=59 phase=measure evaluated=58 k=10 scale_pct=400 age_ratio=7 host=65566 gc_pages=64413 gc_count=2031 waf_q16=129919 best=21 next=59 settled=0
[845015.964901] NVMeVirt: WATGC_V2 sample ns=0 part=0 epoch=1 window=60 phase=measure evaluated=59 k=10 scale_pct=400 age_ratio=16 host=65558 gc_pages=72618 gc_count=2159 waf_q16=138129 best=21 next=0 settled=0
[845015.968710] NVMeVirt: WATGC_V2 sample ns=0 part=3 epoch=1 window=60 phase=measure evaluated=59 k=10 scale_pct=400 age_ratio=16 host=65555 gc_pages=73069 gc_count=2166 waf_q16=138583 best=21 next=0 settled=0
[845015.969369] NVMeVirt: WATGC_V2 sample ns=0 part=1 epoch=1 window=60 phase=measure evaluated=59 k=10 scale_pct=400 age_ratio=16 host=65536 gc_pages=73279 gc_count=2169 waf_q16=138815 best=18 next=0 settled=0
[845015.993485] NVMeVirt: WATGC_V2 sample ns=0 part=2 epoch=1 window=60 phase=measure evaluated=59 k=10 scale_pct=400 age_ratio=16 host=65556 gc_pages=71788 gc_count=2146 waf_q16=137302 best=21 next=0 settled=0
[845025.790382] NVMeVirt: WATGC_V2 sample ns=0 part=0 epoch=1 window=61 phase=measure evaluated=0 k=2 scale_pct=25 age_ratio=4 host=65542 gc_pages=67259 gc_count=2075 waf_q16=132788 best=21 next=1 settled=0
[845025.811790] NVMeVirt: WATGC_V2 sample ns=0 part=1 epoch=1 window=61 phase=measure evaluated=0 k=2 scale_pct=25 age_ratio=4 host=65559 gc_pages=68330 gc_count=2092 waf_q16=133842 best=18 next=1 settled=0
[845025.812236] NVMeVirt: WATGC_V2 sample ns=0 part=3 epoch=1 window=61 phase=measure evaluated=0 k=2 scale_pct=25 age_ratio=4 host=65551 gc_pages=68147 gc_count=2089 waf_q16=133667 best=21 next=1 settled=0
[845025.813829] NVMeVirt: WATGC_V2 sample ns=0 part=2 epoch=1 window=61 phase=measure evaluated=0 k=2 scale_pct=25 age_ratio=4 host=65562 gc_pages=67046 gc_count=2072 waf_q16=132555 best=21 next=1 settled=0
[845035.606472] NVMeVirt: WATGC_V2 sample ns=0 part=0 epoch=1 window=62 phase=measure evaluated=1 k=2 scale_pct=25 age_ratio=7 host=65539 gc_pages=67458 gc_count=2078 waf_q16=132990 best=21 next=2 settled=0
[845035.629726] NVMeVirt: WATGC_V2 sample ns=0 part=1 epoch=1 window=62 phase=measure evaluated=1 k=2 scale_pct=25 age_ratio=7 host=65548 gc_pages=68473 gc_count=2094 waf_q16=133996 best=18 next=2 settled=0
[845035.654558] NVMeVirt: WATGC_V2 sample ns=0 part=2 epoch=1 window=62 phase=measure evaluated=1 k=2 scale_pct=25 age_ratio=7 host=65558 gc_pages=66608 gc_count=2065 waf_q16=132121 best=21 next=2 settled=0
[845035.671255] NVMeVirt: WATGC_V2 sample ns=0 part=3 epoch=1 window=62 phase=measure evaluated=1 k=2 scale_pct=25 age_ratio=7 host=65559 gc_pages=68526 gc_count=2095 waf_q16=134037 best=21 next=2 settled=0
[845045.447019] NVMeVirt: WATGC_V2 sample ns=0 part=0 epoch=1 window=63 phase=measure evaluated=2 k=2 scale_pct=25 age_ratio=16 host=65545 gc_pages=72953 gc_count=2164 waf_q16=138478 best=21 next=3 settled=0
[845045.452690] NVMeVirt: WATGC_V2 sample ns=0 part=1 epoch=1 window=63 phase=measure evaluated=2 k=2 scale_pct=25 age_ratio=16 host=65567 gc_pages=72547 gc_count=2158 waf_q16=138048 best=18 next=3 settled=0
[845045.490521] NVMeVirt: WATGC_V2 sample ns=0 part=3 epoch=1 window=63 phase=measure evaluated=2 k=2 scale_pct=25 age_ratio=16 host=65542 gc_pages=72508 gc_count=2157 waf_q16=138037 best=21 next=3 settled=0
[845045.510330] NVMeVirt: WATGC_V2 sample ns=0 part=2 epoch=1 window=63 phase=measure evaluated=2 k=2 scale_pct=25 age_ratio=16 host=65554 gc_pages=71983 gc_count=2149 waf_q16=137499 best=21 next=3 settled=0
[845055.281599] NVMeVirt: WATGC_V2 sample ns=0 part=0 epoch=1 window=64 phase=measure evaluated=3 k=2 scale_pct=50 age_ratio=4 host=65545 gc_pages=72307 gc_count=2154 waf_q16=137833 best=21 next=4 settled=0
[845055.288681] NVMeVirt: WATGC_V2 sample ns=0 part=1 epoch=1 window=64 phase=measure evaluated=3 k=2 scale_pct=50 age_ratio=4 host=65553 gc_pages=73387 gc_count=2171 waf_q16=138903 best=18 next=4 settled=0
[845055.321214] NVMeVirt: WATGC_V2 sample ns=0 part=2 epoch=1 window=64 phase=measure evaluated=3 k=2 scale_pct=50 age_ratio=4 host=65540 gc_pages=72249 gc_count=2153 waf_q16=137780 best=21 next=4 settled=0
[845055.338495] NVMeVirt: WATGC_V2 sample ns=0 part=3 epoch=1 window=64 phase=measure evaluated=3 k=2 scale_pct=50 age_ratio=4 host=65552 gc_pages=72044 gc_count=2150 waf_q16=137562 best=21 next=4 settled=0
[845065.105814] NVMeVirt: WATGC_V2 sample ns=0 part=0 epoch=1 window=65 phase=measure evaluated=4 k=2 scale_pct=50 age_ratio=7 host=65537 gc_pages=75327 gc_count=2201 waf_q16=140861 best=21 next=5 settled=0
[845065.122678] NVMeVirt: WATGC_V2 sample ns=0 part=1 epoch=1 window=65 phase=measure evaluated=4 k=2 scale_pct=50 age_ratio=7 host=65563 gc_pages=76581 gc_count=2221 waf_q16=142085 best=18 next=5 settled=0
[845065.158933] NVMeVirt: WATGC_V2 sample ns=0 part=2 epoch=1 window=65 phase=measure evaluated=4 k=2 scale_pct=50 age_ratio=7 host=65558 gc_pages=74665 gc_count=2191 waf_q16=140175 best=21 next=5 settled=0
[845065.176205] NVMeVirt: WATGC_V2 sample ns=0 part=3 epoch=1 window=65 phase=measure evaluated=4 k=2 scale_pct=50 age_ratio=7 host=65556 gc_pages=75499 gc_count=2204 waf_q16=141011 best=21 next=5 settled=0
[845074.954327] NVMeVirt: WATGC_V2 sample ns=0 part=1 epoch=1 window=66 phase=measure evaluated=5 k=2 scale_pct=50 age_ratio=16 host=65558 gc_pages=78891 gc_count=2257 waf_q16=144400 best=18 next=6 settled=0
[845074.970328] NVMeVirt: WATGC_V2 sample ns=0 part=0 epoch=1 window=66 phase=measure evaluated=5 k=2 scale_pct=50 age_ratio=16 host=65540 gc_pages=78332 gc_count=2248 waf_q16=143863 best=21 next=6 settled=0
[845074.983790] NVMeVirt: WATGC_V2 sample ns=0 part=3 epoch=1 window=66 phase=measure evaluated=5 k=2 scale_pct=50 age_ratio=16 host=65539 gc_pages=79102 gc_count=2260 waf_q16=144634 best=21 next=6 settled=0
[845074.988819] NVMeVirt: WATGC_V2 sample ns=0 part=2 epoch=1 window=66 phase=measure evaluated=5 k=2 scale_pct=50 age_ratio=16 host=65555 gc_pages=77549 gc_count=2236 waf_q16=143062 best=21 next=6 settled=0
[845084.775532] NVMeVirt: WATGC_V2 sample ns=0 part=0 epoch=1 window=67 phase=measure evaluated=6 k=2 scale_pct=100 age_ratio=4 host=65539 gc_pages=76223 gc_count=2215 waf_q16=141755 best=21 next=7 settled=0
[845084.791839] NVMeVirt: WATGC_V2 sample ns=0 part=1 epoch=1 window=67 phase=measure evaluated=6 k=2 scale_pct=100 age_ratio=4 host=65551 gc_pages=76148 gc_count=2214 waf_q16=141666 best=18 next=7 settled=0
[845084.808894] NVMeVirt: WATGC_V2 sample ns=0 part=3 epoch=1 window=67 phase=measure evaluated=6 k=2 scale_pct=100 age_ratio=4 host=65541 gc_pages=76221 gc_count=2215 waf_q16=141751 best=21 next=7 settled=0
[845084.854315] NVMeVirt: WATGC_V2 sample ns=0 part=2 epoch=1 window=67 phase=measure evaluated=6 k=2 scale_pct=100 age_ratio=4 host=65559 gc_pages=75626 gc_count=2206 waf_q16=141135 best=21 next=7 settled=0
[845094.615900] NVMeVirt: WATGC_V2 sample ns=0 part=1 epoch=1 window=68 phase=measure evaluated=7 k=2 scale_pct=100 age_ratio=7 host=65566 gc_pages=73633 gc_count=2175 waf_q16=139135 best=18 next=8 settled=0
[845094.620065] NVMeVirt: WATGC_V2 sample ns=0 part=0 epoch=1 window=68 phase=measure evaluated=7 k=2 scale_pct=100 age_ratio=7 host=65556 gc_pages=73644 gc_count=2175 waf_q16=139157 best=21 next=8 settled=0
[845094.641490] NVMeVirt: WATGC_V2 sample ns=0 part=3 epoch=1 window=68 phase=measure evaluated=7 k=2 scale_pct=100 age_ratio=7 host=65553 gc_pages=74415 gc_count=2187 waf_q16=139931 best=21 next=8 settled=0
[845094.692583] NVMeVirt: WATGC_V2 sample ns=0 part=2 epoch=1 window=68 phase=measure evaluated=7 k=2 scale_pct=100 age_ratio=7 host=65559 gc_pages=72297 gc_count=2154 waf_q16=137807 best=21 next=8 settled=0
[845104.462293] NVMeVirt: WATGC_V2 sample ns=0 part=0 epoch=1 window=69 phase=measure evaluated=8 k=2 scale_pct=100 age_ratio=16 host=65537 gc_pages=76218 gc_count=2215 waf_q16=141752 best=21 next=9 settled=0
[845104.468664] NVMeVirt: WATGC_V2 sample ns=0 part=1 epoch=1 window=69 phase=measure evaluated=8 k=2 scale_pct=100 age_ratio=16 host=65561 gc_pages=75937 gc_count=2211 waf_q16=141444 best=18 next=9 settled=0
[845104.478442] NVMeVirt: WATGC_V2 sample ns=0 part=3 epoch=1 window=69 phase=measure evaluated=8 k=2 scale_pct=100 age_ratio=16 host=65563 gc_pages=76704 gc_count=2223 waf_q16=142208 best=21 next=9 settled=0
[845104.492905] NVMeVirt: WATGC_V2 sample ns=0 part=2 epoch=1 window=69 phase=measure evaluated=8 k=2 scale_pct=100 age_ratio=16 host=65544 gc_pages=74931 gc_count=2195 waf_q16=140457 best=21 next=9 settled=0
[845114.272397] NVMeVirt: WATGC_V2 sample ns=0 part=0 epoch=1 window=70 phase=measure evaluated=9 k=2 scale_pct=200 age_ratio=4 host=65552 gc_pages=80560 gc_count=2283 waf_q16=146076 best=21 next=10 settled=0
[845114.309762] NVMeVirt: WATGC_V2 sample ns=0 part=2 epoch=1 window=70 phase=measure evaluated=9 k=2 scale_pct=200 age_ratio=4 host=65554 gc_pages=80109 gc_count=2276 waf_q16=145623 best=21 next=10 settled=0
[845114.320553] NVMeVirt: WATGC_V2 sample ns=0 part=3 epoch=1 window=70 phase=measure evaluated=9 k=2 scale_pct=200 age_ratio=4 host=65541 gc_pages=81850 gc_count=2303 waf_q16=147379 best=21 next=10 settled=0
[845114.334881] NVMeVirt: WATGC_V2 sample ns=0 part=1 epoch=1 window=70 phase=measure evaluated=9 k=2 scale_pct=200 age_ratio=4 host=65544 gc_pages=81783 gc_count=2302 waf_q16=147309 best=18 next=10 settled=0
[845124.075868] NVMeVirt: WATGC_V2 sample ns=0 part=0 epoch=1 window=71 phase=measure evaluated=10 k=2 scale_pct=200 age_ratio=7 host=65557 gc_pages=80685 gc_count=2285 waf_q16=146195 best=21 next=11 settled=0
[845124.156111] NVMeVirt: WATGC_V2 sample ns=0 part=3 epoch=1 window=71 phase=measure evaluated=10 k=2 scale_pct=200 age_ratio=7 host=65538 gc_pages=81151 gc_count=2292 waf_q16=146684 best=21 next=11 settled=0
[845124.158873] NVMeVirt: WATGC_V2 sample ns=0 part=1 epoch=1 window=71 phase=measure evaluated=10 k=2 scale_pct=200 age_ratio=7 host=65554 gc_pages=82287 gc_count=2310 waf_q16=147800 best=18 next=11 settled=0
[845124.175622] NVMeVirt: WATGC_V2 sample ns=0 part=2 epoch=1 window=71 phase=measure evaluated=10 k=2 scale_pct=200 age_ratio=7 host=65547 gc_pages=80951 gc_count=2289 waf_q16=146473 best=21 next=11 settled=0
[845133.953934] NVMeVirt: WATGC_V2 sample ns=0 part=0 epoch=1 window=72 phase=measure evaluated=11 k=2 scale_pct=200 age_ratio=16 host=65560 gc_pages=80492 gc_count=2282 waf_q16=145998 best=21 next=12 settled=0
[845133.968373] NVMeVirt: WATGC_V2 sample ns=0 part=1 epoch=1 window=72 phase=measure evaluated=11 k=2 scale_pct=200 age_ratio=16 host=65545 gc_pages=81147 gc_count=2292 waf_q16=146671 best=18 next=12 settled=0
[845133.988648] NVMeVirt: WATGC_V2 sample ns=0 part=2 epoch=1 window=72 phase=measure evaluated=11 k=2 scale_pct=200 age_ratio=16 host=65551 gc_pages=80053 gc_count=2275 waf_q16=145570 best=21 next=12 settled=0
[845133.990288] NVMeVirt: WATGC_V2 sample ns=0 part=3 epoch=1 window=72 phase=measure evaluated=11 k=2 scale_pct=200 age_ratio=16 host=65537 gc_pages=81346 gc_count=2295 waf_q16=146880 best=21 next=12 settled=0
[845143.791789] NVMeVirt: WATGC_V2 sample ns=0 part=2 epoch=1 window=73 phase=measure evaluated=12 k=2 scale_pct=400 age_ratio=4 host=65547 gc_pages=81081 gc_count=2291 waf_q16=146603 best=21 next=13 settled=0
[845143.806847] NVMeVirt: WATGC_V2 sample ns=0 part=0 epoch=1 window=73 phase=measure evaluated=12 k=2 scale_pct=400 age_ratio=4 host=65558 gc_pages=81070 gc_count=2291 waf_q16=146578 best=21 next=13 settled=0
[845143.813220] NVMeVirt: WATGC_V2 sample ns=0 part=1 epoch=1 window=73 phase=measure evaluated=12 k=2 scale_pct=400 age_ratio=4 host=65561 gc_pages=82923 gc_count=2320 waf_q16=148427 best=18 next=13 settled=0
[845143.825189] NVMeVirt: WATGC_V2 sample ns=0 part=3 epoch=1 window=73 phase=measure evaluated=12 k=2 scale_pct=400 age_ratio=4 host=65546 gc_pages=81722 gc_count=2301 waf_q16=147245 best=21 next=13 settled=0
[845153.630293] NVMeVirt: WATGC_V2 sample ns=0 part=1 epoch=1 window=74 phase=measure evaluated=13 k=2 scale_pct=400 age_ratio=7 host=65562 gc_pages=81506 gc_count=2298 waf_q16=147009 best=18 next=14 settled=0
[845153.641512] NVMeVirt: WATGC_V2 sample ns=0 part=0 epoch=1 window=74 phase=measure evaluated=13 k=2 scale_pct=400 age_ratio=7 host=65556 gc_pages=81449 gc_count=2297 waf_q16=146960 best=21 next=14 settled=0
[845153.644464] NVMeVirt: WATGC_V2 sample ns=0 part=2 epoch=1 window=74 phase=measure evaluated=13 k=2 scale_pct=400 age_ratio=7 host=65553 gc_pages=81194 gc_count=2293 waf_q16=146708 best=21 next=14 settled=0
[845153.653166] NVMeVirt: WATGC_V2 sample ns=0 part=3 epoch=1 window=74 phase=measure evaluated=13 k=2 scale_pct=400 age_ratio=7 host=65560 gc_pages=81189 gc_count=2293 waf_q16=146695 best=21 next=14 settled=0
[845163.463369] NVMeVirt: WATGC_V2 sample ns=0 part=1 epoch=1 window=75 phase=measure evaluated=14 k=2 scale_pct=400 age_ratio=16 host=65540 gc_pages=84282 gc_count=2341 waf_q16=149812 best=18 next=15 settled=0
[845163.469536] NVMeVirt: WATGC_V2 sample ns=0 part=2 epoch=1 window=75 phase=measure evaluated=14 k=2 scale_pct=400 age_ratio=16 host=65537 gc_pages=84989 gc_count=2352 waf_q16=150523 best=21 next=15 settled=0
[845163.473961] NVMeVirt: WATGC_V2 sample ns=0 part=0 epoch=1 window=75 phase=measure evaluated=14 k=2 scale_pct=400 age_ratio=16 host=65562 gc_pages=85669 gc_count=2363 waf_q16=151171 best=21 next=15 settled=0
[845163.498633] NVMeVirt: WATGC_V2 sample ns=0 part=3 epoch=1 window=75 phase=measure evaluated=14 k=2 scale_pct=400 age_ratio=16 host=65543 gc_pages=84855 gc_count=2350 waf_q16=150381 best=21 next=15 settled=0
[845173.287172] NVMeVirt: WATGC_V2 sample ns=0 part=0 epoch=1 window=76 phase=measure evaluated=15 k=4 scale_pct=25 age_ratio=4 host=65548 gc_pages=77556 gc_count=2236 waf_q16=143077 best=21 next=16 settled=0
[845173.300117] NVMeVirt: WATGC_V2 sample ns=0 part=2 epoch=1 window=76 phase=measure evaluated=15 k=4 scale_pct=25 age_ratio=4 host=65546 gc_pages=77889 gc_count=2241 waf_q16=143413 best=21 next=16 settled=0
[845173.314626] NVMeVirt: WATGC_V2 sample ns=0 part=3 epoch=1 window=76 phase=measure evaluated=15 k=4 scale_pct=25 age_ratio=4 host=65543 gc_pages=76913 gc_count=2226 waf_q16=142440 best=21 next=16 settled=0
[845173.328625] NVMeVirt: WATGC_V2 sample ns=0 part=1 epoch=1 window=76 phase=measure evaluated=15 k=4 scale_pct=25 age_ratio=4 host=65547 gc_pages=76151 gc_count=2214 waf_q16=141674 best=18 next=16 settled=0
[845175.694842] mix-mixC-online-4122586 phase=B END
[845175.697976] NVMeVirt: Measurement: command=stop epoch=1 host_bytes=122884395008 learner_active=0
[845175.752073] EXT4-fs (nvme0n1): unmounting filesystem e5edf501-d584-427f-a064-95527aeb5003.
[845175.810641] pci_bus 0001:10: busn_res: [bus 10-ff] is released
[845175.810763] NVMeVirt: WATGC_V2 summary ns=0 part=0 epoch=1 windows=76 epoch_windows=76 discarded=0 visited=60 covered=0 settled=0 phase=1 current=16 best=21 k=4 scale_pct=100 age_ratio=4 best_waf_valid=1 best_waf_q16=103876
[845175.810769] NVMeVirt: WATGC_V2 summary ns=0 part=1 epoch=1 windows=76 epoch_windows=76 discarded=0 visited=60 covered=0 settled=0 phase=1 current=16 best=18 k=4 scale_pct=50 age_ratio=4 best_waf_valid=1 best_waf_q16=104598
[845175.810774] NVMeVirt: WATGC_V2 summary ns=0 part=2 epoch=1 windows=76 epoch_windows=76 discarded=0 visited=60 covered=0 settled=0 phase=1 current=16 best=21 k=4 scale_pct=100 age_ratio=4 best_waf_valid=1 best_waf_q16=104141
[845175.810779] NVMeVirt: WATGC_V2 summary ns=0 part=3 epoch=1 windows=76 epoch_windows=76 discarded=0 visited=60 covered=0 settled=0 phase=1 current=16 best=21 k=4 scale_pct=100 age_ratio=4 best_waf_valid=1 best_waf_q16=103897
[845175.810783] NVMeVirt: GC stats: ns=0 policy=watgc-v2 host_pages=30001073 gc_pages=29995197 gc_count=937441 WAF=1.999 warmup_gc=100-per-part
[845175.899216] NVMeVirt: Virtual NVMe device closed
[845178.879969] mix-mixD-greedy-4123629 BEGIN
[845178.891187] NVMeVirt: Version 1.10 for >> Samsung 970 Pro SSD <<
[845178.891193] NVMeVirt: Storage: 0x100100000-0x300000000 (8191 MiB)
[845178.902795] NVMeVirt: Total Capacity(GiB,MiB)=2,2048 chs=2 luns=4 lines=8192 blk-size(MiB,KiB)=0,64 line-size(MiB,KiB)=0,256
[845178.914425] NVMeVirt: [chmodel_init] bandwidth 800 max_credits 26 tx_time 152
[845178.925213] NVMeVirt: [chmodel_init] bandwidth 800 max_credits 26 tx_time 152
[845178.925243] NVMeVirt: [chmodel_init] bandwidth 3360 max_credits 110 tx_time 36
[845178.925247] NVMeVirt: Fixed CAT init ns=0 part=0 arm=37 k=7 scale_pct=100 age_ratio=7
[845178.927456] NVMeVirt: pqueue: Copyright (c) 2014, Volkan Yazıcı <volkan.yazici@gmail.com>. All rights reserved.
[845178.927598] NVMeVirt: Init FTL instance with 2 channels (524288 pages)
[845178.927602] NVMeVirt: GC victim policy: greedy ns=0 part=0 initial_k=7 initial_scale_pct=100 initial_age_ratio=7 warmup_gc=100
[845178.938792] NVMeVirt: [chmodel_init] bandwidth 800 max_credits 26 tx_time 152
[845178.948956] NVMeVirt: [chmodel_init] bandwidth 800 max_credits 26 tx_time 152
[845178.948970] NVMeVirt: [chmodel_init] bandwidth 3360 max_credits 110 tx_time 36
[845178.948972] NVMeVirt: Fixed CAT init ns=0 part=1 arm=37 k=7 scale_pct=100 age_ratio=7
[845178.949998] NVMeVirt: Init FTL instance with 2 channels (524288 pages)
[845178.950001] NVMeVirt: GC victim policy: greedy ns=0 part=1 initial_k=7 initial_scale_pct=100 initial_age_ratio=7 warmup_gc=100
[845178.961819] NVMeVirt: [chmodel_init] bandwidth 800 max_credits 26 tx_time 152
[845178.972250] NVMeVirt: [chmodel_init] bandwidth 800 max_credits 26 tx_time 152
[845178.972263] NVMeVirt: [chmodel_init] bandwidth 3360 max_credits 110 tx_time 36
[845178.972265] NVMeVirt: Fixed CAT init ns=0 part=2 arm=37 k=7 scale_pct=100 age_ratio=7
[845178.973160] NVMeVirt: Init FTL instance with 2 channels (524288 pages)
[845178.973163] NVMeVirt: GC victim policy: greedy ns=0 part=2 initial_k=7 initial_scale_pct=100 initial_age_ratio=7 warmup_gc=100
[845178.983226] NVMeVirt: [chmodel_init] bandwidth 800 max_credits 26 tx_time 152
[845178.994151] NVMeVirt: [chmodel_init] bandwidth 800 max_credits 26 tx_time 152
[845178.994181] NVMeVirt: [chmodel_init] bandwidth 3360 max_credits 110 tx_time 36
[845178.994185] NVMeVirt: Fixed CAT init ns=0 part=3 arm=37 k=7 scale_pct=100 age_ratio=7
[845178.996023] NVMeVirt: Init FTL instance with 2 channels (524288 pages)
[845178.996028] NVMeVirt: GC victim policy: greedy ns=0 part=3 initial_k=7 initial_scale_pct=100 initial_age_ratio=7 warmup_gc=100
[845178.996036] NVMeVirt: FTL physical space: 8588886016, logical space: 8026996276 (physical/logical * 100 = 107)
[845178.996037] NVMeVirt: ns 0/1: size 7655 MiB
[845178.996097] PCI host bridge to bus 0001:10
[845178.996100] pci_bus 0001:10: root bus resource [io  0x0000-0xffff]
[845178.996103] pci_bus 0001:10: root bus resource [mem 0x00000000-0x7fffffffff]
[845178.996106] pci_bus 0001:10: root bus resource [bus 00-ff]
[845178.996116] pci 0001:10:00.0: [0c51:0110] type 00 class 0x010802 PCIe Endpoint
[845178.996120] pci 0001:10:00.0: BAR 0 [mem 0x100000000-0x100003fff 64bit]
[845178.996123] pci 0001:10:00.0: enabling Extended Tags
[845178.996265] NVMeVirt: Virtual PCI bus created (node 0)
[845178.996576] NVMeVirt: nvmev_io_worker_0 started on cpu 2 (node 0)
[845178.996683] NVMeVirt: nvmev_dispatcher started on cpu 1 (node 0)
[845178.996729] NVMeVirt: Virtual NVMe device created
[845178.996965] nvme nvme0: pci function 0001:10:00.0
[845179.001179] nvme nvme0: 8/0/0 default/read/poll queues
[845179.078085] EXT4-fs (nvme0n1): mounted filesystem 469325d1-3a78-4dfa-8043-6e9f20f26780 r/w with ordered data mode. Quota mode: none.
[845261.103422] NVMeVirt: Fixed CAT init ns=0 part=0 arm=37 k=7 scale_pct=100 age_ratio=7
[845261.103428] NVMeVirt: Fixed CAT init ns=0 part=1 arm=37 k=7 scale_pct=100 age_ratio=7
[845261.103430] NVMeVirt: Fixed CAT init ns=0 part=2 arm=37 k=7 scale_pct=100 age_ratio=7
[845261.103431] NVMeVirt: Fixed CAT init ns=0 part=3 arm=37 k=7 scale_pct=100 age_ratio=7
[845261.103433] NVMeVirt: Measurement: command=start epoch=1 host_bytes=0 learner_active=1
[845261.111397] mix-mixD-greedy-4123629 phase=A START
[845861.436034] mix-mixD-greedy-4123629 phase=A END
[845861.443116] mix-mixD-greedy-4123629 phase=B START
[846461.759235] mix-mixD-greedy-4123629 phase=B END
[846461.763167] NVMeVirt: Measurement: command=stop epoch=1 host_bytes=122884444160 learner_active=0
[846461.816002] EXT4-fs (nvme0n1): unmounting filesystem 469325d1-3a78-4dfa-8043-6e9f20f26780.
[846461.889662] pci_bus 0001:10: busn_res: [bus 10-ff] is released
[846461.889791] NVMeVirt: GC stats: ns=0 policy=greedy host_pages=30001085 gc_pages=37592359 gc_count=1056147 WAF=2.253 warmup_gc=100-per-part
[846461.969889] NVMeVirt: Virtual NVMe device closed
[846462.138824] mix-mixD-fixed10-4124399 BEGIN
[846462.150360] NVMeVirt: Version 1.10 for >> Samsung 970 Pro SSD <<
[846462.150365] NVMeVirt: Storage: 0x100100000-0x300000000 (8191 MiB)
[846462.161938] NVMeVirt: Total Capacity(GiB,MiB)=2,2048 chs=2 luns=4 lines=8192 blk-size(MiB,KiB)=0,64 line-size(MiB,KiB)=0,256
[846462.174302] NVMeVirt: [chmodel_init] bandwidth 800 max_credits 26 tx_time 152
[846462.184491] NVMeVirt: [chmodel_init] bandwidth 800 max_credits 26 tx_time 152
[846462.184505] NVMeVirt: [chmodel_init] bandwidth 3360 max_credits 110 tx_time 36
[846462.184507] NVMeVirt: Fixed CAT init ns=0 part=0 arm=10 k=2 scale_pct=200 age_ratio=7
[846462.185744] NVMeVirt: pqueue: Copyright (c) 2014, Volkan Yazıcı <volkan.yazici@gmail.com>. All rights reserved.
[846462.185783] NVMeVirt: Init FTL instance with 2 channels (524288 pages)
[846462.185785] NVMeVirt: GC victim policy: cat-fig7-fixed ns=0 part=0 initial_k=2 initial_scale_pct=200 initial_age_ratio=7 warmup_gc=100
[846462.196326] NVMeVirt: [chmodel_init] bandwidth 800 max_credits 26 tx_time 152
[846462.207265] NVMeVirt: [chmodel_init] bandwidth 800 max_credits 26 tx_time 152
[846462.207279] NVMeVirt: [chmodel_init] bandwidth 3360 max_credits 110 tx_time 36
[846462.207282] NVMeVirt: Fixed CAT init ns=0 part=1 arm=10 k=2 scale_pct=200 age_ratio=7
[846462.208558] NVMeVirt: Init FTL instance with 2 channels (524288 pages)
[846462.208561] NVMeVirt: GC victim policy: cat-fig7-fixed ns=0 part=1 initial_k=2 initial_scale_pct=200 initial_age_ratio=7 warmup_gc=100
[846462.218750] NVMeVirt: [chmodel_init] bandwidth 800 max_credits 26 tx_time 152
[846462.229389] NVMeVirt: [chmodel_init] bandwidth 800 max_credits 26 tx_time 152
[846462.229407] NVMeVirt: [chmodel_init] bandwidth 3360 max_credits 110 tx_time 36
[846462.229409] NVMeVirt: Fixed CAT init ns=0 part=2 arm=10 k=2 scale_pct=200 age_ratio=7
[846462.231041] NVMeVirt: Init FTL instance with 2 channels (524288 pages)
[846462.231050] NVMeVirt: GC victim policy: cat-fig7-fixed ns=0 part=2 initial_k=2 initial_scale_pct=200 initial_age_ratio=7 warmup_gc=100
[846462.241512] NVMeVirt: [chmodel_init] bandwidth 800 max_credits 26 tx_time 152
[846462.252029] NVMeVirt: [chmodel_init] bandwidth 800 max_credits 26 tx_time 152
[846462.252044] NVMeVirt: [chmodel_init] bandwidth 3360 max_credits 110 tx_time 36
[846462.252046] NVMeVirt: Fixed CAT init ns=0 part=3 arm=10 k=2 scale_pct=200 age_ratio=7
[846462.253259] NVMeVirt: Init FTL instance with 2 channels (524288 pages)
[846462.253262] NVMeVirt: GC victim policy: cat-fig7-fixed ns=0 part=3 initial_k=2 initial_scale_pct=200 initial_age_ratio=7 warmup_gc=100
[846462.253268] NVMeVirt: FTL physical space: 8588886016, logical space: 8026996276 (physical/logical * 100 = 107)
[846462.253270] NVMeVirt: ns 0/1: size 7655 MiB
[846462.253318] PCI host bridge to bus 0001:10
[846462.253320] pci_bus 0001:10: root bus resource [io  0x0000-0xffff]
[846462.253323] pci_bus 0001:10: root bus resource [mem 0x00000000-0x7fffffffff]
[846462.253340] pci_bus 0001:10: root bus resource [bus 00-ff]
[846462.253347] pci 0001:10:00.0: [0c51:0110] type 00 class 0x010802 PCIe Endpoint
[846462.253351] pci 0001:10:00.0: BAR 0 [mem 0x100000000-0x100003fff 64bit]
[846462.253354] pci 0001:10:00.0: enabling Extended Tags
[846462.253476] NVMeVirt: Virtual PCI bus created (node 0)
[846462.253925] NVMeVirt: nvmev_dispatcher started on cpu 1 (node 0)
[846462.253991] NVMeVirt: Virtual NVMe device created
[846462.254139] NVMeVirt: nvmev_io_worker_0 started on cpu 2 (node 0)
[846462.254251] nvme nvme0: pci function 0001:10:00.0
[846462.255989] nvme nvme0: 8/0/0 default/read/poll queues
[846462.334098] EXT4-fs (nvme0n1): mounted filesystem 074e0c4d-ff78-43db-825f-f53283bb34c3 r/w with ordered data mode. Quota mode: none.
[846544.383970] NVMeVirt: Fixed CAT init ns=0 part=0 arm=10 k=2 scale_pct=200 age_ratio=7
[846544.383975] NVMeVirt: Fixed CAT init ns=0 part=1 arm=10 k=2 scale_pct=200 age_ratio=7
[846544.383977] NVMeVirt: Fixed CAT init ns=0 part=2 arm=10 k=2 scale_pct=200 age_ratio=7
[846544.383979] NVMeVirt: Fixed CAT init ns=0 part=3 arm=10 k=2 scale_pct=200 age_ratio=7
[846544.383980] NVMeVirt: Measurement: command=start epoch=1 host_bytes=0 learner_active=1
[846544.391729] mix-mixD-fixed10-4124399 phase=A START
[847144.703763] mix-mixD-fixed10-4124399 phase=A END
[847144.711745] mix-mixD-fixed10-4124399 phase=B START
[847745.030854] mix-mixD-fixed10-4124399 phase=B END
[847745.034560] NVMeVirt: Measurement: command=stop epoch=1 host_bytes=122884431872 learner_active=0
[847745.084947] EXT4-fs (nvme0n1): unmounting filesystem 074e0c4d-ff78-43db-825f-f53283bb34c3.
[847745.149176] pci_bus 0001:10: busn_res: [bus 10-ff] is released
[847745.149292] NVMeVirt: GC stats: ns=0 policy=cat-fig7-fixed host_pages=30001082 gc_pages=37784945 gc_count=1059156 WAF=2.259 warmup_gc=100-per-part
[847745.235083] NVMeVirt: Virtual NVMe device closed
[847745.435678] mix-mixD-fixed37-4125307 BEGIN
[847745.448396] NVMeVirt: Version 1.10 for >> Samsung 970 Pro SSD <<
[847745.448402] NVMeVirt: Storage: 0x100100000-0x300000000 (8191 MiB)
[847745.459810] NVMeVirt: Total Capacity(GiB,MiB)=2,2048 chs=2 luns=4 lines=8192 blk-size(MiB,KiB)=0,64 line-size(MiB,KiB)=0,256
[847745.472693] NVMeVirt: [chmodel_init] bandwidth 800 max_credits 26 tx_time 152
[847745.483283] NVMeVirt: [chmodel_init] bandwidth 800 max_credits 26 tx_time 152
[847745.483298] NVMeVirt: [chmodel_init] bandwidth 3360 max_credits 110 tx_time 36
[847745.483300] NVMeVirt: Fixed CAT init ns=0 part=0 arm=37 k=7 scale_pct=100 age_ratio=7
[847745.484649] NVMeVirt: pqueue: Copyright (c) 2014, Volkan Yazıcı <volkan.yazici@gmail.com>. All rights reserved.
[847745.484697] NVMeVirt: Init FTL instance with 2 channels (524288 pages)
[847745.484699] NVMeVirt: GC victim policy: cat-fig7-fixed ns=0 part=0 initial_k=7 initial_scale_pct=100 initial_age_ratio=7 warmup_gc=100
[847745.495745] NVMeVirt: [chmodel_init] bandwidth 800 max_credits 26 tx_time 152
[847745.506711] NVMeVirt: [chmodel_init] bandwidth 800 max_credits 26 tx_time 152
[847745.506725] NVMeVirt: [chmodel_init] bandwidth 3360 max_credits 110 tx_time 36
[847745.506727] NVMeVirt: Fixed CAT init ns=0 part=1 arm=37 k=7 scale_pct=100 age_ratio=7
[847745.508039] NVMeVirt: Init FTL instance with 2 channels (524288 pages)
[847745.508042] NVMeVirt: GC victim policy: cat-fig7-fixed ns=0 part=1 initial_k=7 initial_scale_pct=100 initial_age_ratio=7 warmup_gc=100
[847745.518256] NVMeVirt: [chmodel_init] bandwidth 800 max_credits 26 tx_time 152
[847745.528506] NVMeVirt: [chmodel_init] bandwidth 800 max_credits 26 tx_time 152
[847745.528527] NVMeVirt: [chmodel_init] bandwidth 3360 max_credits 110 tx_time 36
[847745.528529] NVMeVirt: Fixed CAT init ns=0 part=2 arm=37 k=7 scale_pct=100 age_ratio=7
[847745.530119] NVMeVirt: Init FTL instance with 2 channels (524288 pages)
[847745.530125] NVMeVirt: GC victim policy: cat-fig7-fixed ns=0 part=2 initial_k=7 initial_scale_pct=100 initial_age_ratio=7 warmup_gc=100
[847745.540531] NVMeVirt: [chmodel_init] bandwidth 800 max_credits 26 tx_time 152
[847745.550559] NVMeVirt: [chmodel_init] bandwidth 800 max_credits 26 tx_time 152
[847745.550573] NVMeVirt: [chmodel_init] bandwidth 3360 max_credits 110 tx_time 36
[847745.550575] NVMeVirt: Fixed CAT init ns=0 part=3 arm=37 k=7 scale_pct=100 age_ratio=7
[847745.551795] NVMeVirt: Init FTL instance with 2 channels (524288 pages)
[847745.551797] NVMeVirt: GC victim policy: cat-fig7-fixed ns=0 part=3 initial_k=7 initial_scale_pct=100 initial_age_ratio=7 warmup_gc=100
[847745.551804] NVMeVirt: FTL physical space: 8588886016, logical space: 8026996276 (physical/logical * 100 = 107)
[847745.551805] NVMeVirt: ns 0/1: size 7655 MiB
[847745.551855] PCI host bridge to bus 0001:10
[847745.551857] pci_bus 0001:10: root bus resource [io  0x0000-0xffff]
[847745.551861] pci_bus 0001:10: root bus resource [mem 0x00000000-0x7fffffffff]
[847745.551863] pci_bus 0001:10: root bus resource [bus 00-ff]
[847745.551871] pci 0001:10:00.0: [0c51:0110] type 00 class 0x010802 PCIe Endpoint
[847745.551877] pci 0001:10:00.0: BAR 0 [mem 0x100000000-0x100003fff 64bit]
[847745.551880] pci 0001:10:00.0: enabling Extended Tags
[847745.552064] NVMeVirt: Virtual PCI bus created (node 0)
[847745.552339] NVMeVirt: nvmev_io_worker_0 started on cpu 2 (node 0)
[847745.552478] NVMeVirt: Virtual NVMe device created
[847745.552549] NVMeVirt: nvmev_dispatcher started on cpu 1 (node 0)
[847745.552639] nvme nvme0: pci function 0001:10:00.0
[847745.556574] nvme nvme0: 8/0/0 default/read/poll queues
[847745.635780] EXT4-fs (nvme0n1): mounted filesystem 8bf77bc6-8bab-421b-96b3-fadfa26c823d r/w with ordered data mode. Quota mode: none.
[847827.659467] NVMeVirt: Fixed CAT init ns=0 part=0 arm=37 k=7 scale_pct=100 age_ratio=7
[847827.659473] NVMeVirt: Fixed CAT init ns=0 part=1 arm=37 k=7 scale_pct=100 age_ratio=7
[847827.659476] NVMeVirt: Fixed CAT init ns=0 part=2 arm=37 k=7 scale_pct=100 age_ratio=7
[847827.659479] NVMeVirt: Fixed CAT init ns=0 part=3 arm=37 k=7 scale_pct=100 age_ratio=7
[847827.659481] NVMeVirt: Measurement: command=start epoch=1 host_bytes=0 learner_active=1
[847827.668218] mix-mixD-fixed37-4125307 phase=A START
[848427.992698] mix-mixD-fixed37-4125307 phase=A END
[848427.999840] mix-mixD-fixed37-4125307 phase=B START
[849028.323573] mix-mixD-fixed37-4125307 phase=B END
[849028.327116] NVMeVirt: Measurement: command=stop epoch=1 host_bytes=122945179648 learner_active=0
[849028.380889] EXT4-fs (nvme0n1): unmounting filesystem 8bf77bc6-8bab-421b-96b3-fadfa26c823d.
[849028.459545] pci_bus 0001:10: busn_res: [bus 10-ff] is released
[849028.459684] NVMeVirt: GC stats: ns=0 policy=cat-fig7-fixed host_pages=30015913 gc_pages=28451191 gc_count=913549 WAF=1.947 warmup_gc=100-per-part
[849028.543457] NVMeVirt: Virtual NVMe device closed
[849028.720294] mix-mixD-fixed47-4126265 BEGIN
[849028.732860] NVMeVirt: Version 1.10 for >> Samsung 970 Pro SSD <<
[849028.732865] NVMeVirt: Storage: 0x100100000-0x300000000 (8191 MiB)
[849028.743940] NVMeVirt: Total Capacity(GiB,MiB)=2,2048 chs=2 luns=4 lines=8192 blk-size(MiB,KiB)=0,64 line-size(MiB,KiB)=0,256
[849028.756282] NVMeVirt: [chmodel_init] bandwidth 800 max_credits 26 tx_time 152
[849028.767197] NVMeVirt: [chmodel_init] bandwidth 800 max_credits 26 tx_time 152
[849028.767213] NVMeVirt: [chmodel_init] bandwidth 3360 max_credits 110 tx_time 36
[849028.767215] NVMeVirt: Fixed CAT init ns=0 part=0 arm=47 k=10 scale_pct=25 age_ratio=16
[849028.768125] NVMeVirt: pqueue: Copyright (c) 2014, Volkan Yazıcı <volkan.yazici@gmail.com>. All rights reserved.
[849028.768165] NVMeVirt: Init FTL instance with 2 channels (524288 pages)
[849028.768167] NVMeVirt: GC victim policy: cat-fig7-fixed ns=0 part=0 initial_k=10 initial_scale_pct=25 initial_age_ratio=16 warmup_gc=100
[849028.778419] NVMeVirt: [chmodel_init] bandwidth 800 max_credits 26 tx_time 152
[849028.788926] NVMeVirt: [chmodel_init] bandwidth 800 max_credits 26 tx_time 152
[849028.788942] NVMeVirt: [chmodel_init] bandwidth 3360 max_credits 110 tx_time 36
[849028.788945] NVMeVirt: Fixed CAT init ns=0 part=1 arm=47 k=10 scale_pct=25 age_ratio=16
[849028.790056] NVMeVirt: Init FTL instance with 2 channels (524288 pages)
[849028.790059] NVMeVirt: GC victim policy: cat-fig7-fixed ns=0 part=1 initial_k=10 initial_scale_pct=25 initial_age_ratio=16 warmup_gc=100
[849028.800235] NVMeVirt: [chmodel_init] bandwidth 800 max_credits 26 tx_time 152
[849028.810292] NVMeVirt: [chmodel_init] bandwidth 800 max_credits 26 tx_time 152
[849028.810307] NVMeVirt: [chmodel_init] bandwidth 3360 max_credits 110 tx_time 36
[849028.810309] NVMeVirt: Fixed CAT init ns=0 part=2 arm=47 k=10 scale_pct=25 age_ratio=16
[849028.811327] NVMeVirt: Init FTL instance with 2 channels (524288 pages)
[849028.811330] NVMeVirt: GC victim policy: cat-fig7-fixed ns=0 part=2 initial_k=10 initial_scale_pct=25 initial_age_ratio=16 warmup_gc=100
[849028.821842] NVMeVirt: [chmodel_init] bandwidth 800 max_credits 26 tx_time 152
[849028.832008] NVMeVirt: [chmodel_init] bandwidth 800 max_credits 26 tx_time 152
[849028.832023] NVMeVirt: [chmodel_init] bandwidth 3360 max_credits 110 tx_time 36
[849028.832025] NVMeVirt: Fixed CAT init ns=0 part=3 arm=47 k=10 scale_pct=25 age_ratio=16
[849028.832981] NVMeVirt: Init FTL instance with 2 channels (524288 pages)
[849028.832984] NVMeVirt: GC victim policy: cat-fig7-fixed ns=0 part=3 initial_k=10 initial_scale_pct=25 initial_age_ratio=16 warmup_gc=100
[849028.832990] NVMeVirt: FTL physical space: 8588886016, logical space: 8026996276 (physical/logical * 100 = 107)
[849028.832992] NVMeVirt: ns 0/1: size 7655 MiB
[849028.833042] PCI host bridge to bus 0001:10
[849028.833045] pci_bus 0001:10: root bus resource [io  0x0000-0xffff]
[849028.833049] pci_bus 0001:10: root bus resource [mem 0x00000000-0x7fffffffff]
[849028.833051] pci_bus 0001:10: root bus resource [bus 00-ff]
[849028.833060] pci 0001:10:00.0: [0c51:0110] type 00 class 0x010802 PCIe Endpoint
[849028.833065] pci 0001:10:00.0: BAR 0 [mem 0x100000000-0x100003fff 64bit]
[849028.833069] pci 0001:10:00.0: enabling Extended Tags
[849028.833221] NVMeVirt: Virtual PCI bus created (node 0)
[849028.833525] NVMeVirt: nvmev_io_worker_0 started on cpu 2 (node 0)
[849028.833671] NVMeVirt: nvmev_dispatcher started on cpu 1 (node 0)
[849028.833708] NVMeVirt: Virtual NVMe device created
[849028.833956] nvme nvme0: pci function 0001:10:00.0
[849028.837999] nvme nvme0: 8/0/0 default/read/poll queues
[849028.910823] EXT4-fs (nvme0n1): mounted filesystem 9bed087d-f7f5-4b64-bc5d-abd365a3a7c2 r/w with ordered data mode. Quota mode: none.
[849110.935971] NVMeVirt: Fixed CAT init ns=0 part=0 arm=47 k=10 scale_pct=25 age_ratio=16
[849110.935976] NVMeVirt: Fixed CAT init ns=0 part=1 arm=47 k=10 scale_pct=25 age_ratio=16
[849110.935978] NVMeVirt: Fixed CAT init ns=0 part=2 arm=47 k=10 scale_pct=25 age_ratio=16
[849110.935980] NVMeVirt: Fixed CAT init ns=0 part=3 arm=47 k=10 scale_pct=25 age_ratio=16
[849110.935981] NVMeVirt: Measurement: command=start epoch=1 host_bytes=0 learner_active=1
[849110.943984] mix-mixD-fixed47-4126265 phase=A START
[849711.269504] mix-mixD-fixed47-4126265 phase=A END
[849711.277464] mix-mixD-fixed47-4126265 phase=B START
[850311.589373] mix-mixD-fixed47-4126265 phase=B END
[850311.592711] NVMeVirt: Measurement: command=stop epoch=1 host_bytes=122980933632 learner_active=0
[850311.646921] EXT4-fs (nvme0n1): unmounting filesystem 9bed087d-f7f5-4b64-bc5d-abd365a3a7c2.
[850311.708951] pci_bus 0001:10: busn_res: [bus 10-ff] is released
[850311.709109] NVMeVirt: GC stats: ns=0 policy=cat-fig7-fixed host_pages=30024642 gc_pages=23225615 gc_count=832036 WAF=1.773 warmup_gc=100-per-part
[850311.789590] NVMeVirt: Virtual NVMe device closed
[850311.962093] mix-mixD-fixed50-4127025 BEGIN
[850311.974595] NVMeVirt: Version 1.10 for >> Samsung 970 Pro SSD <<
[850311.974603] NVMeVirt: Storage: 0x100100000-0x300000000 (8191 MiB)
[850311.986021] NVMeVirt: Total Capacity(GiB,MiB)=2,2048 chs=2 luns=4 lines=8192 blk-size(MiB,KiB)=0,64 line-size(MiB,KiB)=0,256
[850311.997770] NVMeVirt: [chmodel_init] bandwidth 800 max_credits 26 tx_time 152
[850312.008695] NVMeVirt: [chmodel_init] bandwidth 800 max_credits 26 tx_time 152
[850312.008713] NVMeVirt: [chmodel_init] bandwidth 3360 max_credits 110 tx_time 36
[850312.008716] NVMeVirt: Fixed CAT init ns=0 part=0 arm=50 k=10 scale_pct=50 age_ratio=16
[850312.010025] NVMeVirt: pqueue: Copyright (c) 2014, Volkan Yazıcı <volkan.yazici@gmail.com>. All rights reserved.
[850312.010069] NVMeVirt: Init FTL instance with 2 channels (524288 pages)
[850312.010071] NVMeVirt: GC victim policy: cat-fig7-fixed ns=0 part=0 initial_k=10 initial_scale_pct=50 initial_age_ratio=16 warmup_gc=100
[850312.020603] NVMeVirt: [chmodel_init] bandwidth 800 max_credits 26 tx_time 152
[850312.030958] NVMeVirt: [chmodel_init] bandwidth 800 max_credits 26 tx_time 152
[850312.030972] NVMeVirt: [chmodel_init] bandwidth 3360 max_credits 110 tx_time 36
[850312.030975] NVMeVirt: Fixed CAT init ns=0 part=1 arm=50 k=10 scale_pct=50 age_ratio=16
[850312.031965] NVMeVirt: Init FTL instance with 2 channels (524288 pages)
[850312.031969] NVMeVirt: GC victim policy: cat-fig7-fixed ns=0 part=1 initial_k=10 initial_scale_pct=50 initial_age_ratio=16 warmup_gc=100
[850312.042684] NVMeVirt: [chmodel_init] bandwidth 800 max_credits 26 tx_time 152
[850312.053217] NVMeVirt: [chmodel_init] bandwidth 800 max_credits 26 tx_time 152
[850312.053232] NVMeVirt: [chmodel_init] bandwidth 3360 max_credits 110 tx_time 36
[850312.053235] NVMeVirt: Fixed CAT init ns=0 part=2 arm=50 k=10 scale_pct=50 age_ratio=16
[850312.054169] NVMeVirt: Init FTL instance with 2 channels (524288 pages)
[850312.054171] NVMeVirt: GC victim policy: cat-fig7-fixed ns=0 part=2 initial_k=10 initial_scale_pct=50 initial_age_ratio=16 warmup_gc=100
[850312.064283] NVMeVirt: [chmodel_init] bandwidth 800 max_credits 26 tx_time 152
[850312.074600] NVMeVirt: [chmodel_init] bandwidth 800 max_credits 26 tx_time 152
[850312.074617] NVMeVirt: [chmodel_init] bandwidth 3360 max_credits 110 tx_time 36
[850312.074619] NVMeVirt: Fixed CAT init ns=0 part=3 arm=50 k=10 scale_pct=50 age_ratio=16
[850312.075957] NVMeVirt: Init FTL instance with 2 channels (524288 pages)
[850312.075962] NVMeVirt: GC victim policy: cat-fig7-fixed ns=0 part=3 initial_k=10 initial_scale_pct=50 initial_age_ratio=16 warmup_gc=100
[850312.075973] NVMeVirt: FTL physical space: 8588886016, logical space: 8026996276 (physical/logical * 100 = 107)
[850312.075975] NVMeVirt: ns 0/1: size 7655 MiB
[850312.076041] PCI host bridge to bus 0001:10
[850312.076043] pci_bus 0001:10: root bus resource [io  0x0000-0xffff]
[850312.076047] pci_bus 0001:10: root bus resource [mem 0x00000000-0x7fffffffff]
[850312.076049] pci_bus 0001:10: root bus resource [bus 00-ff]
[850312.076057] pci 0001:10:00.0: [0c51:0110] type 00 class 0x010802 PCIe Endpoint
[850312.076061] pci 0001:10:00.0: BAR 0 [mem 0x100000000-0x100003fff 64bit]
[850312.076064] pci 0001:10:00.0: enabling Extended Tags
[850312.076204] NVMeVirt: Virtual PCI bus created (node 0)
[850312.076534] NVMeVirt: nvmev_io_worker_0 started on cpu 2 (node 0)
[850312.076599] NVMeVirt: nvmev_dispatcher started on cpu 1 (node 0)
[850312.076668] NVMeVirt: Virtual NVMe device created
[850312.077583] nvme nvme0: pci function 0001:10:00.0
[850312.079560] nvme nvme0: 8/0/0 default/read/poll queues
[850312.161139] EXT4-fs (nvme0n1): mounted filesystem bf463372-3ae3-4bf0-8039-43e38b9fe05d r/w with ordered data mode. Quota mode: none.
[850394.160461] NVMeVirt: Fixed CAT init ns=0 part=0 arm=50 k=10 scale_pct=50 age_ratio=16
[850394.160469] NVMeVirt: Fixed CAT init ns=0 part=1 arm=50 k=10 scale_pct=50 age_ratio=16
[850394.160472] NVMeVirt: Fixed CAT init ns=0 part=2 arm=50 k=10 scale_pct=50 age_ratio=16
[850394.160474] NVMeVirt: Fixed CAT init ns=0 part=3 arm=50 k=10 scale_pct=50 age_ratio=16
[850394.160476] NVMeVirt: Measurement: command=start epoch=1 host_bytes=0 learner_active=1
[850394.170215] mix-mixD-fixed50-4127025 phase=A START
[850994.485366] mix-mixD-fixed50-4127025 phase=A END
[850994.492904] mix-mixD-fixed50-4127025 phase=B START
[851498.293514] audit: type=1107 audit(1789975022.761:507): pid=1434 uid=101 auid=4294967295 ses=4294967295 subj=unconfined msg='apparmor="DENIED" operation="dbus_signal"  bus="system" path="/com/redhat/PrinterSpooler" interface="com.redhat.PrinterSpooler" member="QueueChanged" mask="send" name="org.freedesktop.DBus" pid=2073 label="snap.cups.cupsd" peer_pid=4752 peer_label="unconfined"
                 exe="/usr/bin/dbus-daemon" sauid=101 hostname=? addr=? terminal=?'
[851588.599637] audit: type=1107 audit(1789975113.066:508): pid=1434 uid=101 auid=4294967295 ses=4294967295 subj=unconfined msg='apparmor="DENIED" operation="dbus_signal"  bus="system" path="/com/redhat/PrinterSpooler" interface="com.redhat.PrinterSpooler" member="QueueChanged" mask="send" name="org.freedesktop.DBus" pid=2073 label="snap.cups.cupsd" peer_pid=4752 peer_label="unconfined"
                 exe="/usr/bin/dbus-daemon" sauid=101 hostname=? addr=? terminal=?'
[851594.806735] mix-mixD-fixed50-4127025 phase=B END
[851594.810171] NVMeVirt: Measurement: command=stop epoch=1 host_bytes=122955685888 learner_active=0
[851594.863806] EXT4-fs (nvme0n1): unmounting filesystem bf463372-3ae3-4bf0-8039-43e38b9fe05d.
[851594.918555] pci_bus 0001:10: busn_res: [bus 10-ff] is released
[851594.918633] NVMeVirt: GC stats: ns=0 policy=cat-fig7-fixed host_pages=30018478 gc_pages=24333959 gc_count=849257 WAF=1.810 warmup_gc=100-per-part
[851594.997999] NVMeVirt: Virtual NVMe device closed
[851595.173023] mix-mixD-online-4127912 BEGIN
[851595.185965] NVMeVirt: Version 1.10 for >> Samsung 970 Pro SSD <<
[851595.185971] NVMeVirt: Storage: 0x100100000-0x300000000 (8191 MiB)
[851595.197241] NVMeVirt: Total Capacity(GiB,MiB)=2,2048 chs=2 luns=4 lines=8192 blk-size(MiB,KiB)=0,64 line-size(MiB,KiB)=0,256
[851595.209627] NVMeVirt: [chmodel_init] bandwidth 800 max_credits 26 tx_time 152
[851595.220643] NVMeVirt: [chmodel_init] bandwidth 800 max_credits 26 tx_time 152
[851595.220658] NVMeVirt: [chmodel_init] bandwidth 3360 max_credits 110 tx_time 36
[851595.220661] NVMeVirt: WATGC_V2 init ns=0 part=0 arms=60 initial=37 prior=none gamma_q16=65503 exploration_q16=16384
[851595.222303] NVMeVirt: pqueue: Copyright (c) 2014, Volkan Yazıcı <volkan.yazici@gmail.com>. All rights reserved.
[851595.222383] NVMeVirt: Init FTL instance with 2 channels (524288 pages)
[851595.222385] NVMeVirt: GC victim policy: watgc-v2 ns=0 part=0 initial_k=7 initial_scale_pct=100 initial_age_ratio=7 warmup_gc=100
[851595.232781] NVMeVirt: [chmodel_init] bandwidth 800 max_credits 26 tx_time 152
[851595.243350] NVMeVirt: [chmodel_init] bandwidth 800 max_credits 26 tx_time 152
[851595.243364] NVMeVirt: [chmodel_init] bandwidth 3360 max_credits 110 tx_time 36
[851595.243366] NVMeVirt: WATGC_V2 init ns=0 part=1 arms=60 initial=37 prior=none gamma_q16=65503 exploration_q16=16384
[851595.244923] NVMeVirt: Init FTL instance with 2 channels (524288 pages)
[851595.244926] NVMeVirt: GC victim policy: watgc-v2 ns=0 part=1 initial_k=7 initial_scale_pct=100 initial_age_ratio=7 warmup_gc=100
[851595.256364] NVMeVirt: [chmodel_init] bandwidth 800 max_credits 26 tx_time 152
[851595.266589] NVMeVirt: [chmodel_init] bandwidth 800 max_credits 26 tx_time 152
[851595.266604] NVMeVirt: [chmodel_init] bandwidth 3360 max_credits 110 tx_time 36
[851595.266606] NVMeVirt: WATGC_V2 init ns=0 part=2 arms=60 initial=37 prior=none gamma_q16=65503 exploration_q16=16384
[851595.267913] NVMeVirt: Init FTL instance with 2 channels (524288 pages)
[851595.267915] NVMeVirt: GC victim policy: watgc-v2 ns=0 part=2 initial_k=7 initial_scale_pct=100 initial_age_ratio=7 warmup_gc=100
[851595.278636] NVMeVirt: [chmodel_init] bandwidth 800 max_credits 26 tx_time 152
[851595.289101] NVMeVirt: [chmodel_init] bandwidth 800 max_credits 26 tx_time 152
[851595.289116] NVMeVirt: [chmodel_init] bandwidth 3360 max_credits 110 tx_time 36
[851595.289118] NVMeVirt: WATGC_V2 init ns=0 part=3 arms=60 initial=37 prior=none gamma_q16=65503 exploration_q16=16384
[851595.290397] NVMeVirt: Init FTL instance with 2 channels (524288 pages)
[851595.290400] NVMeVirt: GC victim policy: watgc-v2 ns=0 part=3 initial_k=7 initial_scale_pct=100 initial_age_ratio=7 warmup_gc=100
[851595.290407] NVMeVirt: FTL physical space: 8588886016, logical space: 8026996276 (physical/logical * 100 = 107)
[851595.290408] NVMeVirt: ns 0/1: size 7655 MiB
[851595.290458] PCI host bridge to bus 0001:10
[851595.290460] pci_bus 0001:10: root bus resource [io  0x0000-0xffff]
[851595.290463] pci_bus 0001:10: root bus resource [mem 0x00000000-0x7fffffffff]
[851595.290479] pci_bus 0001:10: root bus resource [bus 00-ff]
[851595.290487] pci 0001:10:00.0: [0c51:0110] type 00 class 0x010802 PCIe Endpoint
[851595.290491] pci 0001:10:00.0: BAR 0 [mem 0x100000000-0x100003fff 64bit]
[851595.290494] pci 0001:10:00.0: enabling Extended Tags
[851595.290617] NVMeVirt: Virtual PCI bus created (node 0)
[851595.290996] NVMeVirt: nvmev_dispatcher started on cpu 1 (node 0)
[851595.291008] NVMeVirt: Virtual NVMe device created
[851595.291129] NVMeVirt: nvmev_io_worker_0 started on cpu 2 (node 0)
[851595.291206] nvme nvme0: pci function 0001:10:00.0
[851595.293713] nvme nvme0: 8/0/0 default/read/poll queues
[851595.370502] EXT4-fs (nvme0n1): mounted filesystem 235c693b-2e78-4f6e-b4dc-6f89c704a078 r/w with ordered data mode. Quota mode: none.
[851639.980348] audit: type=1107 audit(1789975164.446:509): pid=1434 uid=101 auid=4294967295 ses=4294967295 subj=unconfined msg='apparmor="DENIED" operation="dbus_signal"  bus="system" path="/com/redhat/PrinterSpooler" interface="com.redhat.PrinterSpooler" member="QueueChanged" mask="send" name="org.freedesktop.DBus" pid=2073 label="snap.cups.cupsd" peer_pid=4752 peer_label="unconfined"
                 exe="/usr/bin/dbus-daemon" sauid=101 hostname=? addr=? terminal=?'
[851645.022058] audit: type=1107 audit(1789975169.488:510): pid=1434 uid=101 auid=4294967295 ses=4294967295 subj=unconfined msg='apparmor="DENIED" operation="dbus_signal"  bus="system" path="/com/redhat/PrinterSpooler" interface="com.redhat.PrinterSpooler" member="QueueChanged" mask="send" name="org.freedesktop.DBus" pid=2073 label="snap.cups.cupsd" peer_pid=4752 peer_label="unconfined"
                 exe="/usr/bin/dbus-daemon" sauid=101 hostname=? addr=? terminal=?'
[851677.393079] NVMeVirt: WATGC_V2 init ns=0 part=0 arms=60 initial=37 prior=none gamma_q16=65503 exploration_q16=16384
[851677.393085] NVMeVirt: WATGC_V2 init ns=0 part=1 arms=60 initial=37 prior=none gamma_q16=65503 exploration_q16=16384
[851677.393087] NVMeVirt: WATGC_V2 init ns=0 part=2 arms=60 initial=37 prior=none gamma_q16=65503 exploration_q16=16384
[851677.393089] NVMeVirt: WATGC_V2 init ns=0 part=3 arms=60 initial=37 prior=none gamma_q16=65503 exploration_q16=16384
[851677.393090] NVMeVirt: Measurement: command=start epoch=1 host_bytes=0 learner_active=1
[851677.401859] mix-mixD-online-4127912 phase=A START
[851677.997902] NVMeVirt: WATGC_V2 warmup-done ns=0 part=1 gc_count=2820
[851677.998562] NVMeVirt: WATGC_V2 warmup-done ns=0 part=2 gc_count=2819
[851678.002954] NVMeVirt: WATGC_V2 warmup-done ns=0 part=0 gc_count=2842
[851678.005061] NVMeVirt: WATGC_V2 warmup-done ns=0 part=3 gc_count=2821
[851687.822323] NVMeVirt: WATGC_V2 sample ns=0 part=1 epoch=1 window=1 phase=measure evaluated=37 k=7 scale_pct=100 age_ratio=7 host=65546 gc_pages=62777 gc_count=2005 waf_q16=128303 best=37 next=0 settled=0
[851687.827538] NVMeVirt: WATGC_V2 sample ns=0 part=0 epoch=1 window=1 phase=measure evaluated=37 k=7 scale_pct=100 age_ratio=7 host=65555 gc_pages=62828 gc_count=2006 waf_q16=128345 best=37 next=0 settled=0
[851687.829016] NVMeVirt: WATGC_V2 sample ns=0 part=2 epoch=1 window=1 phase=measure evaluated=37 k=7 scale_pct=100 age_ratio=7 host=65550 gc_pages=62381 gc_count=1999 waf_q16=127903 best=37 next=0 settled=0
[851687.853378] NVMeVirt: WATGC_V2 sample ns=0 part=3 epoch=1 window=1 phase=measure evaluated=37 k=7 scale_pct=100 age_ratio=7 host=65540 gc_pages=62906 gc_count=2007 waf_q16=128438 best=37 next=0 settled=0
[851697.652044] NVMeVirt: WATGC_V2 sample ns=0 part=1 epoch=1 window=2 phase=measure evaluated=0 k=2 scale_pct=25 age_ratio=4 host=65538 gc_pages=61376 gc_count=1983 waf_q16=126910 best=0 next=1 settled=0
[851697.658166] NVMeVirt: WATGC_V2 sample ns=0 part=2 epoch=1 window=2 phase=measure evaluated=0 k=2 scale_pct=25 age_ratio=4 host=65537 gc_pages=61570 gc_count=1986 waf_q16=127105 best=0 next=1 settled=0
[851697.669598] NVMeVirt: WATGC_V2 sample ns=0 part=0 epoch=1 window=2 phase=measure evaluated=0 k=2 scale_pct=25 age_ratio=4 host=65539 gc_pages=60993 gc_count=1977 waf_q16=126526 best=0 next=1 settled=0
[851697.683062] NVMeVirt: WATGC_V2 sample ns=0 part=3 epoch=1 window=2 phase=measure evaluated=0 k=2 scale_pct=25 age_ratio=4 host=65555 gc_pages=60912 gc_count=1976 waf_q16=126430 best=0 next=1 settled=0
[851707.485121] NVMeVirt: WATGC_V2 sample ns=0 part=2 epoch=1 window=3 phase=measure evaluated=1 k=2 scale_pct=25 age_ratio=7 host=65543 gc_pages=74491 gc_count=2188 waf_q16=140019 best=0 next=2 settled=0
[851707.494008] NVMeVirt: WATGC_V2 sample ns=0 part=1 epoch=1 window=3 phase=measure evaluated=1 k=2 scale_pct=25 age_ratio=7 host=65561 gc_pages=74729 gc_count=2192 waf_q16=140236 best=0 next=2 settled=0
[851707.502608] NVMeVirt: WATGC_V2 sample ns=0 part=3 epoch=1 window=3 phase=measure evaluated=1 k=2 scale_pct=25 age_ratio=7 host=65557 gc_pages=74797 gc_count=2193 waf_q16=140309 best=0 next=2 settled=0
[851707.515436] NVMeVirt: WATGC_V2 sample ns=0 part=0 epoch=1 window=3 phase=measure evaluated=1 k=2 scale_pct=25 age_ratio=7 host=65545 gc_pages=75257 gc_count=2200 waf_q16=140782 best=0 next=2 settled=0
[851717.317659] NVMeVirt: WATGC_V2 sample ns=0 part=2 epoch=1 window=4 phase=measure evaluated=2 k=2 scale_pct=25 age_ratio=16 host=65549 gc_pages=73273 gc_count=2169 waf_q16=138794 best=0 next=3 settled=0
[851717.323492] NVMeVirt: WATGC_V2 sample ns=0 part=3 epoch=1 window=4 phase=measure evaluated=2 k=2 scale_pct=25 age_ratio=16 host=65550 gc_pages=73463 gc_count=2172 waf_q16=138983 best=0 next=3 settled=0
[851717.341951] NVMeVirt: WATGC_V2 sample ns=0 part=1 epoch=1 window=4 phase=measure evaluated=2 k=2 scale_pct=25 age_ratio=16 host=65557 gc_pages=73392 gc_count=2171 waf_q16=138904 best=0 next=3 settled=0
[851717.348957] NVMeVirt: WATGC_V2 sample ns=0 part=0 epoch=1 window=4 phase=measure evaluated=2 k=2 scale_pct=25 age_ratio=16 host=65536 gc_pages=74181 gc_count=2183 waf_q16=139717 best=0 next=3 settled=0
[851727.133212] NVMeVirt: WATGC_V2 sample ns=0 part=0 epoch=1 window=5 phase=measure evaluated=3 k=2 scale_pct=50 age_ratio=4 host=65543 gc_pages=73211 gc_count=2168 waf_q16=138739 best=0 next=4 settled=0
[851727.150438] NVMeVirt: WATGC_V2 sample ns=0 part=3 epoch=1 window=5 phase=measure evaluated=3 k=2 scale_pct=50 age_ratio=4 host=65545 gc_pages=73017 gc_count=2165 waf_q16=138542 best=0 next=4 settled=0
[851727.181569] NVMeVirt: WATGC_V2 sample ns=0 part=1 epoch=1 window=5 phase=measure evaluated=3 k=2 scale_pct=50 age_ratio=4 host=65537 gc_pages=73665 gc_count=2175 waf_q16=139199 best=0 next=4 settled=0
[851727.194861] NVMeVirt: WATGC_V2 sample ns=0 part=2 epoch=1 window=5 phase=measure evaluated=3 k=2 scale_pct=50 age_ratio=4 host=65565 gc_pages=73445 gc_count=2172 waf_q16=138948 best=0 next=4 settled=0
[851736.979773] NVMeVirt: WATGC_V2 sample ns=0 part=0 epoch=1 window=6 phase=measure evaluated=4 k=2 scale_pct=50 age_ratio=7 host=65539 gc_pages=72057 gc_count=2150 waf_q16=137589 best=0 next=5 settled=0
[851736.999103] NVMeVirt: WATGC_V2 sample ns=0 part=2 epoch=1 window=6 phase=measure evaluated=4 k=2 scale_pct=50 age_ratio=7 host=65556 gc_pages=72552 gc_count=2158 waf_q16=138065 best=0 next=5 settled=0
[851737.005535] NVMeVirt: WATGC_V2 sample ns=0 part=1 epoch=1 window=6 phase=measure evaluated=4 k=2 scale_pct=50 age_ratio=7 host=65555 gc_pages=71913 gc_count=2148 waf_q16=137428 best=0 next=5 settled=0
[851737.005839] NVMeVirt: WATGC_V2 sample ns=0 part=3 epoch=1 window=6 phase=measure evaluated=4 k=2 scale_pct=50 age_ratio=7 host=65537 gc_pages=71611 gc_count=2143 waf_q16=137145 best=0 next=5 settled=0
[851746.819446] NVMeVirt: WATGC_V2 sample ns=0 part=0 epoch=1 window=7 phase=measure evaluated=5 k=2 scale_pct=50 age_ratio=16 host=65551 gc_pages=74862 gc_count=2194 waf_q16=140380 best=0 next=6 settled=0
[851746.823313] NVMeVirt: WATGC_V2 sample ns=0 part=3 epoch=1 window=7 phase=measure evaluated=5 k=2 scale_pct=50 age_ratio=16 host=65552 gc_pages=75310 gc_count=2201 waf_q16=140827 best=0 next=6 settled=0
[851746.830408] NVMeVirt: WATGC_V2 sample ns=0 part=1 epoch=1 window=7 phase=measure evaluated=5 k=2 scale_pct=50 age_ratio=16 host=65560 gc_pages=75238 gc_count=2200 waf_q16=140746 best=0 next=6 settled=0
[851746.848978] NVMeVirt: WATGC_V2 sample ns=0 part=2 epoch=1 window=7 phase=measure evaluated=5 k=2 scale_pct=50 age_ratio=16 host=65539 gc_pages=75325 gc_count=2201 waf_q16=140857 best=0 next=6 settled=0
[851756.644972] NVMeVirt: WATGC_V2 sample ns=0 part=1 epoch=1 window=8 phase=measure evaluated=6 k=2 scale_pct=100 age_ratio=4 host=65554 gc_pages=79406 gc_count=2265 waf_q16=144920 best=0 next=7 settled=0
[851756.647557] NVMeVirt: WATGC_V2 sample ns=0 part=0 epoch=1 window=8 phase=measure evaluated=6 k=2 scale_pct=100 age_ratio=4 host=65546 gc_pages=78839 gc_count=2256 waf_q16=144362 best=0 next=7 settled=0
[851756.677789] NVMeVirt: WATGC_V2 sample ns=0 part=2 epoch=1 window=8 phase=measure evaluated=6 k=2 scale_pct=100 age_ratio=4 host=65538 gc_pages=79678 gc_count=2269 waf_q16=145211 best=0 next=7 settled=0
[851756.680056] NVMeVirt: WATGC_V2 sample ns=0 part=3 epoch=1 window=8 phase=measure evaluated=6 k=2 scale_pct=100 age_ratio=4 host=65552 gc_pages=78768 gc_count=2255 waf_q16=144284 best=0 next=7 settled=0
[851766.467161] NVMeVirt: WATGC_V2 sample ns=0 part=0 epoch=1 window=9 phase=measure evaluated=7 k=2 scale_pct=100 age_ratio=7 host=65562 gc_pages=76265 gc_count=2216 waf_q16=141770 best=0 next=8 settled=0
[851766.489897] NVMeVirt: WATGC_V2 sample ns=0 part=1 epoch=1 window=9 phase=measure evaluated=7 k=2 scale_pct=100 age_ratio=7 host=65540 gc_pages=77696 gc_count=2238 waf_q16=143227 best=0 next=8 settled=0
[851766.510481] NVMeVirt: WATGC_V2 sample ns=0 part=3 epoch=1 window=9 phase=measure evaluated=7 k=2 scale_pct=100 age_ratio=7 host=65555 gc_pages=77233 gc_count=2231 waf_q16=142746 best=0 next=8 settled=0
[851766.515690] NVMeVirt: WATGC_V2 sample ns=0 part=2 epoch=1 window=9 phase=measure evaluated=7 k=2 scale_pct=100 age_ratio=7 host=65547 gc_pages=77752 gc_count=2239 waf_q16=143274 best=0 next=8 settled=0
[851776.293735] NVMeVirt: WATGC_V2 sample ns=0 part=0 epoch=1 window=10 phase=measure evaluated=8 k=2 scale_pct=100 age_ratio=16 host=65546 gc_pages=77498 gc_count=2235 waf_q16=143022 best=0 next=9 settled=0
[851776.306174] NVMeVirt: WATGC_V2 sample ns=0 part=1 epoch=1 window=10 phase=measure evaluated=8 k=2 scale_pct=100 age_ratio=16 host=65546 gc_pages=78841 gc_count=2256 waf_q16=144364 best=0 next=9 settled=0
[851776.353778] NVMeVirt: WATGC_V2 sample ns=0 part=2 epoch=1 window=10 phase=measure evaluated=8 k=2 scale_pct=100 age_ratio=16 host=65540 gc_pages=78528 gc_count=2251 waf_q16=144059 best=0 next=9 settled=0
[851776.360522] NVMeVirt: WATGC_V2 sample ns=0 part=3 epoch=1 window=10 phase=measure evaluated=8 k=2 scale_pct=100 age_ratio=16 host=65536 gc_pages=78083 gc_count=2244 waf_q16=143619 best=0 next=9 settled=0
[851786.114492] NVMeVirt: WATGC_V2 sample ns=0 part=0 epoch=1 window=11 phase=measure evaluated=9 k=2 scale_pct=200 age_ratio=4 host=65544 gc_pages=83062 gc_count=2322 waf_q16=148587 best=0 next=10 settled=0
[851786.150753] NVMeVirt: WATGC_V2 sample ns=0 part=1 epoch=1 window=11 phase=measure evaluated=9 k=2 scale_pct=200 age_ratio=4 host=65557 gc_pages=83241 gc_count=2325 waf_q16=148750 best=0 next=10 settled=0
[851786.177512] NVMeVirt: WATGC_V2 sample ns=0 part=3 epoch=1 window=11 phase=measure evaluated=9 k=2 scale_pct=200 age_ratio=4 host=65561 gc_pages=82981 gc_count=2321 waf_q16=148485 best=0 next=10 settled=0
[851786.208981] NVMeVirt: WATGC_V2 sample ns=0 part=2 epoch=1 window=11 phase=measure evaluated=9 k=2 scale_pct=200 age_ratio=4 host=65563 gc_pages=82915 gc_count=2320 waf_q16=148416 best=0 next=10 settled=0
[851795.941242] NVMeVirt: WATGC_V2 sample ns=0 part=0 epoch=1 window=12 phase=measure evaluated=10 k=2 scale_pct=200 age_ratio=7 host=65551 gc_pages=83503 gc_count=2329 waf_q16=149019 best=0 next=11 settled=0
[851795.965360] NVMeVirt: WATGC_V2 sample ns=0 part=1 epoch=1 window=12 phase=measure evaluated=10 k=2 scale_pct=200 age_ratio=7 host=65561 gc_pages=83941 gc_count=2336 waf_q16=149444 best=0 next=11 settled=0
[851796.018409] NVMeVirt: WATGC_V2 sample ns=0 part=3 epoch=1 window=12 phase=measure evaluated=10 k=2 scale_pct=200 age_ratio=7 host=65558 gc_pages=83945 gc_count=2336 waf_q16=149452 best=0 next=11 settled=0
[851796.057987] NVMeVirt: WATGC_V2 sample ns=0 part=2 epoch=1 window=12 phase=measure evaluated=10 k=2 scale_pct=200 age_ratio=7 host=65552 gc_pages=84782 gc_count=2349 waf_q16=150297 best=0 next=11 settled=0
[851805.783298] NVMeVirt: WATGC_V2 sample ns=0 part=1 epoch=1 window=13 phase=measure evaluated=11 k=2 scale_pct=200 age_ratio=16 host=65549 gc_pages=84148 gc_count=2339 waf_q16=149667 best=0 next=12 settled=0
[851805.811184] NVMeVirt: WATGC_V2 sample ns=0 part=0 epoch=1 window=13 phase=measure evaluated=11 k=2 scale_pct=200 age_ratio=16 host=65547 gc_pages=84278 gc_count=2341 waf_q16=149799 best=0 next=12 settled=0
[851805.854339] NVMeVirt: WATGC_V2 sample ns=0 part=3 epoch=1 window=13 phase=measure evaluated=11 k=2 scale_pct=200 age_ratio=16 host=65551 gc_pages=85681 gc_count=2363 waf_q16=151197 best=0 next=12 settled=0
[851805.864366] NVMeVirt: WATGC_V2 sample ns=0 part=2 epoch=1 window=13 phase=measure evaluated=11 k=2 scale_pct=200 age_ratio=16 host=65561 gc_pages=85799 gc_count=2365 waf_q16=151302 best=0 next=12 settled=0
[851815.639241] NVMeVirt: WATGC_V2 sample ns=0 part=0 epoch=1 window=14 phase=measure evaluated=12 k=2 scale_pct=400 age_ratio=4 host=65557 gc_pages=84076 gc_count=2338 waf_q16=149585 best=0 next=13 settled=0
[851815.648169] NVMeVirt: WATGC_V2 sample ns=0 part=1 epoch=1 window=14 phase=measure evaluated=12 k=2 scale_pct=400 age_ratio=4 host=65541 gc_pages=83197 gc_count=2324 waf_q16=148726 best=0 next=13 settled=0
[851815.678424] NVMeVirt: WATGC_V2 sample ns=0 part=3 epoch=1 window=14 phase=measure evaluated=12 k=2 scale_pct=400 age_ratio=4 host=65546 gc_pages=84471 gc_count=2344 waf_q16=149994 best=0 next=13 settled=0
[851815.680265] NVMeVirt: WATGC_V2 sample ns=0 part=2 epoch=1 window=14 phase=measure evaluated=12 k=2 scale_pct=400 age_ratio=4 host=65552 gc_pages=85745 gc_count=2364 waf_q16=151260 best=0 next=13 settled=0
[851825.453648] NVMeVirt: WATGC_V2 sample ns=0 part=1 epoch=1 window=15 phase=measure evaluated=13 k=2 scale_pct=400 age_ratio=7 host=65542 gc_pages=77820 gc_count=2240 waf_q16=143348 best=0 next=14 settled=0
[851825.500026] NVMeVirt: WATGC_V2 sample ns=0 part=0 epoch=1 window=15 phase=measure evaluated=13 k=2 scale_pct=400 age_ratio=7 host=65551 gc_pages=77876 gc_count=2241 waf_q16=143394 best=0 next=14 settled=0
[851825.507514] NVMeVirt: WATGC_V2 sample ns=0 part=3 epoch=1 window=15 phase=measure evaluated=13 k=2 scale_pct=400 age_ratio=7 host=65539 gc_pages=78207 gc_count=2246 waf_q16=143739 best=0 next=14 settled=0
[851825.515568] NVMeVirt: WATGC_V2 sample ns=0 part=2 epoch=1 window=15 phase=measure evaluated=13 k=2 scale_pct=400 age_ratio=7 host=65560 gc_pages=79019 gc_count=2259 waf_q16=144526 best=0 next=14 settled=0
[851835.281783] NVMeVirt: WATGC_V2 sample ns=0 part=1 epoch=1 window=16 phase=measure evaluated=14 k=2 scale_pct=400 age_ratio=16 host=65551 gc_pages=81390 gc_count=2296 waf_q16=146907 best=0 next=15 settled=0
[851835.327780] NVMeVirt: WATGC_V2 sample ns=0 part=0 epoch=1 window=16 phase=measure evaluated=14 k=2 scale_pct=400 age_ratio=16 host=65548 gc_pages=81969 gc_count=2305 waf_q16=147489 best=0 next=15 settled=0
[851835.350248] NVMeVirt: WATGC_V2 sample ns=0 part=3 epoch=1 window=16 phase=measure evaluated=14 k=2 scale_pct=400 age_ratio=16 host=65553 gc_pages=81899 gc_count=2304 waf_q16=147413 best=0 next=15 settled=0
[851835.355110] NVMeVirt: WATGC_V2 sample ns=0 part=2 epoch=1 window=16 phase=measure evaluated=14 k=2 scale_pct=400 age_ratio=16 host=65557 gc_pages=81895 gc_count=2304 waf_q16=147404 best=0 next=15 settled=0
[851845.145027] NVMeVirt: WATGC_V2 sample ns=0 part=1 epoch=1 window=17 phase=measure evaluated=15 k=4 scale_pct=25 age_ratio=4 host=65546 gc_pages=69621 gc_count=2112 waf_q16=135146 best=0 next=16 settled=0
[851845.155276] NVMeVirt: WATGC_V2 sample ns=0 part=2 epoch=1 window=17 phase=measure evaluated=15 k=4 scale_pct=25 age_ratio=4 host=65547 gc_pages=70516 gc_count=2126 waf_q16=136040 best=0 next=16 settled=0
[851845.160552] NVMeVirt: WATGC_V2 sample ns=0 part=3 epoch=1 window=17 phase=measure evaluated=15 k=4 scale_pct=25 age_ratio=4 host=65552 gc_pages=69167 gc_count=2105 waf_q16=134686 best=0 next=16 settled=0
[851845.182265] NVMeVirt: WATGC_V2 sample ns=0 part=0 epoch=1 window=17 phase=measure evaluated=15 k=4 scale_pct=25 age_ratio=4 host=65553 gc_pages=69103 gc_count=2104 waf_q16=134621 best=0 next=16 settled=0
[851854.978352] NVMeVirt: WATGC_V2 sample ns=0 part=1 epoch=1 window=18 phase=measure evaluated=16 k=4 scale_pct=25 age_ratio=7 host=65545 gc_pages=65472 gc_count=2047 waf_q16=130999 best=0 next=17 settled=0
[851854.990552] NVMeVirt: WATGC_V2 sample ns=0 part=3 epoch=1 window=18 phase=measure evaluated=16 k=4 scale_pct=25 age_ratio=7 host=65552 gc_pages=66100 gc_count=2057 waf_q16=131619 best=0 next=17 settled=0
[851855.000951] NVMeVirt: WATGC_V2 sample ns=0 part=0 epoch=1 window=18 phase=measure evaluated=16 k=4 scale_pct=25 age_ratio=7 host=65557 gc_pages=65841 gc_count=2053 waf_q16=131355 best=0 next=17 settled=0
[851855.008260] NVMeVirt: WATGC_V2 sample ns=0 part=2 epoch=1 window=18 phase=measure evaluated=16 k=4 scale_pct=25 age_ratio=7 host=65563 gc_pages=65717 gc_count=2051 waf_q16=131225 best=0 next=17 settled=0
[851864.810577] NVMeVirt: WATGC_V2 sample ns=0 part=1 epoch=1 window=19 phase=measure evaluated=17 k=4 scale_pct=25 age_ratio=16 host=65545 gc_pages=60920 gc_count=1976 waf_q16=126447 best=0 next=18 settled=0
[851864.827813] NVMeVirt: WATGC_V2 sample ns=0 part=3 epoch=1 window=19 phase=measure evaluated=17 k=4 scale_pct=25 age_ratio=16 host=65540 gc_pages=62932 gc_count=2007 waf_q16=128464 best=0 next=18 settled=0
[851864.829764] NVMeVirt: WATGC_V2 sample ns=0 part=0 epoch=1 window=19 phase=measure evaluated=17 k=4 scale_pct=25 age_ratio=16 host=65548 gc_pages=62298 gc_count=1998 waf_q16=127822 best=0 next=18 settled=0
[851864.839176] NVMeVirt: WATGC_V2 sample ns=0 part=2 epoch=1 window=19 phase=measure evaluated=17 k=4 scale_pct=25 age_ratio=16 host=65560 gc_pages=62126 gc_count=1995 waf_q16=127639 best=0 next=18 settled=0
[851874.627684] NVMeVirt: WATGC_V2 sample ns=0 part=1 epoch=1 window=20 phase=measure evaluated=18 k=4 scale_pct=50 age_ratio=4 host=65543 gc_pages=42808 gc_count=1693 waf_q16=108339 best=18 next=19 settled=0
[851874.663441] NVMeVirt: WATGC_V2 sample ns=0 part=0 epoch=1 window=20 phase=measure evaluated=18 k=4 scale_pct=50 age_ratio=4 host=65543 gc_pages=42422 gc_count=1687 waf_q16=107953 best=18 next=19 settled=0
[851874.674125] NVMeVirt: WATGC_V2 sample ns=0 part=3 epoch=1 window=20 phase=measure evaluated=18 k=4 scale_pct=50 age_ratio=4 host=65570 gc_pages=42524 gc_count=1689 waf_q16=108037 best=18 next=19 settled=0
[851874.675273] NVMeVirt: WATGC_V2 sample ns=0 part=2 epoch=1 window=20 phase=measure evaluated=18 k=4 scale_pct=50 age_ratio=4 host=65554 gc_pages=42541 gc_count=1689 waf_q16=108065 best=18 next=19 settled=0
[851884.459141] NVMeVirt: WATGC_V2 sample ns=0 part=0 epoch=1 window=21 phase=measure evaluated=19 k=4 scale_pct=50 age_ratio=7 host=65545 gc_pages=50035 gc_count=1806 waf_q16=115564 best=18 next=20 settled=0
[851884.491752] NVMeVirt: WATGC_V2 sample ns=0 part=1 epoch=1 window=21 phase=measure evaluated=19 k=4 scale_pct=50 age_ratio=7 host=65547 gc_pages=49588 gc_count=1799 waf_q16=115115 best=18 next=20 settled=0
[851884.495747] NVMeVirt: WATGC_V2 sample ns=0 part=3 epoch=1 window=21 phase=measure evaluated=19 k=4 scale_pct=50 age_ratio=7 host=65537 gc_pages=48847 gc_count=1787 waf_q16=114382 best=18 next=20 settled=0
[851884.526491] NVMeVirt: WATGC_V2 sample ns=0 part=2 epoch=1 window=21 phase=measure evaluated=19 k=4 scale_pct=50 age_ratio=7 host=65538 gc_pages=49660 gc_count=1800 waf_q16=115194 best=18 next=20 settled=0
[851894.307375] NVMeVirt: WATGC_V2 sample ns=0 part=0 epoch=1 window=22 phase=measure evaluated=20 k=4 scale_pct=50 age_ratio=16 host=65565 gc_pages=64614 gc_count=2034 waf_q16=130121 best=18 next=21 settled=0
[851894.318480] NVMeVirt: WATGC_V2 sample ns=0 part=1 epoch=1 window=22 phase=measure evaluated=20 k=4 scale_pct=50 age_ratio=16 host=65559 gc_pages=64319 gc_count=2029 waf_q16=129832 best=18 next=21 settled=0
[851894.335547] NVMeVirt: WATGC_V2 sample ns=0 part=2 epoch=1 window=22 phase=measure evaluated=20 k=4 scale_pct=50 age_ratio=16 host=65543 gc_pages=64189 gc_count=2027 waf_q16=129718 best=18 next=21 settled=0
[851894.343416] NVMeVirt: WATGC_V2 sample ns=0 part=3 epoch=1 window=22 phase=measure evaluated=20 k=4 scale_pct=50 age_ratio=16 host=65557 gc_pages=63406 gc_count=2015 waf_q16=128921 best=18 next=21 settled=0
[851904.135742] NVMeVirt: WATGC_V2 sample ns=0 part=0 epoch=1 window=23 phase=measure evaluated=21 k=4 scale_pct=100 age_ratio=4 host=65536 gc_pages=50431 gc_count=1812 waf_q16=115967 best=18 next=22 settled=0
[851904.164032] NVMeVirt: WATGC_V2 sample ns=0 part=2 epoch=1 window=23 phase=measure evaluated=21 k=4 scale_pct=100 age_ratio=4 host=65559 gc_pages=50408 gc_count=1812 waf_q16=115926 best=18 next=22 settled=0
[851904.168001] NVMeVirt: WATGC_V2 sample ns=0 part=1 epoch=1 window=23 phase=measure evaluated=21 k=4 scale_pct=100 age_ratio=4 host=65559 gc_pages=50345 gc_count=1811 waf_q16=115863 best=18 next=22 settled=0
[851904.172083] NVMeVirt: WATGC_V2 sample ns=0 part=3 epoch=1 window=23 phase=measure evaluated=21 k=4 scale_pct=100 age_ratio=4 host=65544 gc_pages=50232 gc_count=1809 waf_q16=115761 best=18 next=22 settled=0
[851913.982309] NVMeVirt: WATGC_V2 sample ns=0 part=3 epoch=1 window=24 phase=measure evaluated=22 k=4 scale_pct=100 age_ratio=7 host=65542 gc_pages=50173 gc_count=1808 waf_q16=115704 best=18 next=23 settled=0
[851913.986040] NVMeVirt: WATGC_V2 sample ns=0 part=2 epoch=1 window=24 phase=measure evaluated=22 k=4 scale_pct=100 age_ratio=7 host=65539 gc_pages=49792 gc_count=1802 waf_q16=115325 best=18 next=23 settled=0
[851913.993124] NVMeVirt: WATGC_V2 sample ns=0 part=1 epoch=1 window=24 phase=measure evaluated=22 k=4 scale_pct=100 age_ratio=7 host=65564 gc_pages=49575 gc_count=1799 waf_q16=115089 best=18 next=23 settled=0
[851914.009627] NVMeVirt: WATGC_V2 sample ns=0 part=0 epoch=1 window=24 phase=measure evaluated=22 k=4 scale_pct=100 age_ratio=7 host=65541 gc_pages=49727 gc_count=1801 waf_q16=115259 best=18 next=23 settled=0
[851923.818260] NVMeVirt: WATGC_V2 sample ns=0 part=2 epoch=1 window=25 phase=measure evaluated=23 k=4 scale_pct=100 age_ratio=16 host=65565 gc_pages=64805 gc_count=2037 waf_q16=130312 best=18 next=24 settled=0
[851923.823604] NVMeVirt: WATGC_V2 sample ns=0 part=0 epoch=1 window=25 phase=measure evaluated=23 k=4 scale_pct=100 age_ratio=16 host=65555 gc_pages=64557 gc_count=2033 waf_q16=130074 best=18 next=24 settled=0
[851923.831719] NVMeVirt: WATGC_V2 sample ns=0 part=3 epoch=1 window=25 phase=measure evaluated=23 k=4 scale_pct=100 age_ratio=16 host=65564 gc_pages=64492 gc_count=2032 waf_q16=130000 best=18 next=24 settled=0
[851923.833716] NVMeVirt: WATGC_V2 sample ns=0 part=1 epoch=1 window=25 phase=measure evaluated=23 k=4 scale_pct=100 age_ratio=16 host=65550 gc_pages=65458 gc_count=2047 waf_q16=130980 best=18 next=24 settled=0
[851933.654988] NVMeVirt: WATGC_V2 sample ns=0 part=1 epoch=1 window=26 phase=measure evaluated=24 k=4 scale_pct=200 age_ratio=4 host=65564 gc_pages=59360 gc_count=1952 waf_q16=124870 best=18 next=25 settled=0
[851933.659214] NVMeVirt: WATGC_V2 sample ns=0 part=3 epoch=1 window=26 phase=measure evaluated=24 k=4 scale_pct=200 age_ratio=4 host=65566 gc_pages=59742 gc_count=1958 waf_q16=125250 best=18 next=25 settled=0
[851933.660304] NVMeVirt: WATGC_V2 sample ns=0 part=2 epoch=1 window=26 phase=measure evaluated=24 k=4 scale_pct=200 age_ratio=4 host=65557 gc_pages=60967 gc_count=1977 waf_q16=126483 best=18 next=25 settled=0
[851933.670197] NVMeVirt: WATGC_V2 sample ns=0 part=0 epoch=1 window=26 phase=measure evaluated=24 k=4 scale_pct=200 age_ratio=4 host=65568 gc_pages=59803 gc_count=1959 waf_q16=125309 best=18 next=25 settled=0
[851943.472494] NVMeVirt: WATGC_V2 sample ns=0 part=2 epoch=1 window=27 phase=measure evaluated=25 k=4 scale_pct=200 age_ratio=7 host=65543 gc_pages=64184 gc_count=2027 waf_q16=129713 best=18 next=26 settled=0
[851943.477263] NVMeVirt: WATGC_V2 sample ns=0 part=3 epoch=1 window=27 phase=measure evaluated=25 k=4 scale_pct=200 age_ratio=7 host=65555 gc_pages=62574 gc_count=2002 waf_q16=128091 best=18 next=26 settled=0
[851943.511070] NVMeVirt: WATGC_V2 sample ns=0 part=0 epoch=1 window=27 phase=measure evaluated=25 k=4 scale_pct=200 age_ratio=7 host=65544 gc_pages=62457 gc_count=2000 waf_q16=127985 best=18 next=26 settled=0
[851943.515033] NVMeVirt: WATGC_V2 sample ns=0 part=1 epoch=1 window=27 phase=measure evaluated=25 k=4 scale_pct=200 age_ratio=7 host=65546 gc_pages=62839 gc_count=2006 waf_q16=128365 best=18 next=26 settled=0
[851953.312426] NVMeVirt: WATGC_V2 sample ns=0 part=2 epoch=1 window=28 phase=measure evaluated=26 k=4 scale_pct=200 age_ratio=16 host=65541 gc_pages=73083 gc_count=2166 waf_q16=138613 best=18 next=27 settled=0
[851953.312607] NVMeVirt: WATGC_V2 sample ns=0 part=3 epoch=1 window=28 phase=measure evaluated=26 k=4 scale_pct=200 age_ratio=16 host=65563 gc_pages=72166 gc_count=2152 waf_q16=137672 best=18 next=27 settled=0
[851953.331005] NVMeVirt: WATGC_V2 sample ns=0 part=0 epoch=1 window=28 phase=measure evaluated=26 k=4 scale_pct=200 age_ratio=16 host=65549 gc_pages=72244 gc_count=2153 waf_q16=137765 best=18 next=27 settled=0
[851953.350801] NVMeVirt: WATGC_V2 sample ns=0 part=1 epoch=1 window=28 phase=measure evaluated=26 k=4 scale_pct=200 age_ratio=16 host=65551 gc_pages=72370 gc_count=2155 waf_q16=137889 best=18 next=27 settled=0
[851963.151023] NVMeVirt: WATGC_V2 sample ns=0 part=3 epoch=1 window=29 phase=measure evaluated=27 k=4 scale_pct=400 age_ratio=4 host=65561 gc_pages=66729 gc_count=2067 waf_q16=132239 best=18 next=28 settled=0
[851963.157124] NVMeVirt: WATGC_V2 sample ns=0 part=2 epoch=1 window=29 phase=measure evaluated=27 k=4 scale_pct=400 age_ratio=4 host=65561 gc_pages=67947 gc_count=2086 waf_q16=133457 best=18 next=28 settled=0
[851963.158147] NVMeVirt: WATGC_V2 sample ns=0 part=0 epoch=1 window=29 phase=measure evaluated=27 k=4 scale_pct=400 age_ratio=4 host=65556 gc_pages=66414 gc_count=2062 waf_q16=131929 best=18 next=28 settled=0
[851963.175526] NVMeVirt: WATGC_V2 sample ns=0 part=1 epoch=1 window=29 phase=measure evaluated=27 k=4 scale_pct=400 age_ratio=4 host=65542 gc_pages=66684 gc_count=2066 waf_q16=132213 best=18 next=28 settled=0
[851972.979398] NVMeVirt: WATGC_V2 sample ns=0 part=3 epoch=1 window=30 phase=measure evaluated=28 k=4 scale_pct=400 age_ratio=7 host=65541 gc_pages=66747 gc_count=2067 waf_q16=132277 best=18 next=29 settled=0
[851972.980111] NVMeVirt: WATGC_V2 sample ns=0 part=2 epoch=1 window=30 phase=measure evaluated=28 k=4 scale_pct=400 age_ratio=7 host=65547 gc_pages=67318 gc_count=2076 waf_q16=132842 best=18 next=29 settled=0
[851972.995191] NVMeVirt: WATGC_V2 sample ns=0 part=1 epoch=1 window=30 phase=measure evaluated=28 k=4 scale_pct=400 age_ratio=7 host=65565 gc_pages=67043 gc_count=2072 waf_q16=132549 best=18 next=29 settled=0
[851973.016223] NVMeVirt: WATGC_V2 sample ns=0 part=0 epoch=1 window=30 phase=measure evaluated=28 k=4 scale_pct=400 age_ratio=7 host=65541 gc_pages=67067 gc_count=2072 waf_q16=132597 best=18 next=29 settled=0
[851982.802838] NVMeVirt: WATGC_V2 sample ns=0 part=3 epoch=1 window=31 phase=measure evaluated=29 k=4 scale_pct=400 age_ratio=16 host=65547 gc_pages=75058 gc_count=2197 waf_q16=140581 best=18 next=30 settled=0
[851982.818587] NVMeVirt: WATGC_V2 sample ns=0 part=2 epoch=1 window=31 phase=measure evaluated=29 k=4 scale_pct=400 age_ratio=16 host=65551 gc_pages=74992 gc_count=2196 waf_q16=140510 best=18 next=30 settled=0
[851982.832594] NVMeVirt: WATGC_V2 sample ns=0 part=1 epoch=1 window=31 phase=measure evaluated=29 k=4 scale_pct=400 age_ratio=16 host=65568 gc_pages=76190 gc_count=2215 waf_q16=141688 best=18 next=30 settled=0
[851982.846513] NVMeVirt: WATGC_V2 sample ns=0 part=0 epoch=1 window=31 phase=measure evaluated=29 k=4 scale_pct=400 age_ratio=16 host=65538 gc_pages=74877 gc_count=2194 waf_q16=140410 best=18 next=30 settled=0
