unix_timestamp,iso_time,elapsed_measured_seconds,phase,epoch,active,host_bytes,host_pages,gc_pages,cumulative_waf,sample_status,source
1791198933,2026-10-05T20:15:33+09:00,-82.0,preparation,0,0,0,0,0,,inactive_or_zero,/home/oy/iCAT/result/v6-mixT-20261005/mixT-onlinev6-rep1/control-series.txt
1791198963,2026-10-05T20:16:03+09:00,-52.0,preparation,0,0,0,0,0,,inactive_or_zero,/home/oy/iCAT/result/v6-mixT-20261005/mixT-onlinev6-rep1/control-series.txt
1791198993,2026-10-05T20:16:33+09:00,-22.0,preparation,0,0,0,0,0,,inactive_or_zero,/home/oy/iCAT/result/v6-mixT-20261005/mixT-onlinev6-rep1/control-series.txt
1791199023,2026-10-05T20:17:03+09:00,8.0,A,1,1,1852661760,452310,235681,1.5210607769007982,active_cumulative,/home/oy/iCAT/result/v6-mixT-20261005/mixT-onlinev6-rep1/control-series.txt
1791199053,2026-10-05T20:17:33+09:00,38.0,A,1,1,1852755968,452333,235681,1.5210342822654992,active_cumulative,/home/oy/iCAT/result/v6-mixT-20261005/mixT-onlinev6-rep1/control-series.txt
1791199083,2026-10-05T20:18:03+09:00,68.0,A,1,1,2224189440,543015,323454,1.5956631032291926,active_cumulative,/home/oy/iCAT/result/v6-mixT-20261005/mixT-onlinev6-rep1/control-series.txt
1791199113,2026-10-05T20:18:33+09:00,98.0,A,1,1,2588033024,631844,323944,1.5126961718398846,active_cumulative,/home/oy/iCAT/result/v6-mixT-20261005/mixT-onlinev6-rep1/control-series.txt
1791199143,2026-10-05T20:19:03+09:00,128.0,A,1,1,2958659584,722329,323960,1.4484936919326235,active_cumulative,/home/oy/iCAT/result/v6-mixT-20261005/mixT-onlinev6-rep1/control-series.txt
1791199173,2026-10-05T20:19:33+09:00,158.0,A,1,1,3332894720,813695,324756,1.3991126896441541,active_cumulative,/home/oy/iCAT/result/v6-mixT-20261005/mixT-onlinev6-rep1/control-series.txt
1791199203,2026-10-05T20:20:03+09:00,188.0,A,1,1,3682824192,899127,325181,1.3616630353665278,active_cumulative,/home/oy/iCAT/result/v6-mixT-20261005/mixT-onlinev6-rep1/control-series.txt
1791199233,2026-10-05T20:20:33+09:00,218.0,A,1,1,4050214912,988822,325181,1.3288569631339109,active_cumulative,/home/oy/iCAT/result/v6-mixT-20261005/mixT-onlinev6-rep1/control-series.txt
1791199263,2026-10-05T20:21:03+09:00,248.0,A,1,1,4421181440,1079390,325181,1.3012636767062877,active_cumulative,/home/oy/iCAT/result/v6-mixT-20261005/mixT-onlinev6-rep1/control-series.txt
1791199293,2026-10-05T20:21:33+09:00,278.0,A,1,1,4784705536,1168141,325200,1.2783910503954574,active_cumulative,/home/oy/iCAT/result/v6-mixT-20261005/mixT-onlinev6-rep1/control-series.txt
1791199323,2026-10-05T20:22:03+09:00,308.0,A,1,1,5152563200,1257950,325200,1.2585158392622917,active_cumulative,/home/oy/iCAT/result/v6-mixT-20261005/mixT-onlinev6-rep1/control-series.txt
1791199353,2026-10-05T20:22:33+09:00,338.0,A,1,1,5518430208,1347273,325200,1.24137646935699,active_cumulative,/home/oy/iCAT/result/v6-mixT-20261005/mixT-onlinev6-rep1/control-series.txt
1791199383,2026-10-05T20:23:03+09:00,368.0,A,1,1,5883191296,1436326,325200,1.2264109958324225,active_cumulative,/home/oy/iCAT/result/v6-mixT-20261005/mixT-onlinev6-rep1/control-series.txt
1791199413,2026-10-05T20:23:33+09:00,398.0,A,1,1,6245367808,1524748,325200,1.213281145474531,active_cumulative,/home/oy/iCAT/result/v6-mixT-20261005/mixT-onlinev6-rep1/control-series.txt
1791199443,2026-10-05T20:24:03+09:00,428.0,A,1,1,6607331328,1613118,325200,1.2015971553227973,active_cumulative,/home/oy/iCAT/result/v6-mixT-20261005/mixT-onlinev6-rep1/control-series.txt
1791199473,2026-10-05T20:24:33+09:00,458.0,A,1,1,6971523072,1702032,325200,1.1910657378944696,active_cumulative,/home/oy/iCAT/result/v6-mixT-20261005/mixT-onlinev6-rep1/control-series.txt
1791199503,2026-10-05T20:25:03+09:00,488.0,A,1,1,7334637568,1790683,325217,1.181616176620876,active_cumulative,/home/oy/iCAT/result/v6-mixT-20261005/mixT-onlinev6-rep1/control-series.txt
1791199533,2026-10-05T20:25:33+09:00,518.0,A,1,1,7704244224,1880919,325309,1.1729521579610818,active_cumulative,/home/oy/iCAT/result/v6-mixT-20261005/mixT-onlinev6-rep1/control-series.txt
1791199563,2026-10-05T20:26:03+09:00,548.0,A,1,1,8070144000,1970250,325345,1.1651287907625936,active_cumulative,/home/oy/iCAT/result/v6-mixT-20261005/mixT-onlinev6-rep1/control-series.txt
1791199593,2026-10-05T20:26:33+09:00,578.0,A,1,1,8418906112,2055397,325345,1.1582881555242126,active_cumulative,/home/oy/iCAT/result/v6-mixT-20261005/mixT-onlinev6-rep1/control-series.txt
1791199623,2026-10-05T20:27:03+09:00,608.0,A,1,1,8787292160,2145335,325351,1.1516551028161104,active_cumulative,/home/oy/iCAT/result/v6-mixT-20261005/mixT-onlinev6-rep1/control-series.txt
1791199653,2026-10-05T20:27:33+09:00,638.0,A,1,1,9161637888,2236728,325474,1.1455134464271024,active_cumulative,/home/oy/iCAT/result/v6-mixT-20261005/mixT-onlinev6-rep1/control-series.txt
1791199683,2026-10-05T20:28:03+09:00,668.0,A,1,1,9527234560,2325985,325602,1.1399845656786265,active_cumulative,/home/oy/iCAT/result/v6-mixT-20261005/mixT-onlinev6-rep1/control-series.txt
1791199713,2026-10-05T20:28:33+09:00,698.0,A,1,1,9895129088,2415803,325602,1.1347800296630148,active_cumulative,/home/oy/iCAT/result/v6-mixT-20261005/mixT-onlinev6-rep1/control-series.txt
1791199743,2026-10-05T20:29:03+09:00,728.0,A,1,1,10264428544,2505964,325602,1.129930836995264,active_cumulative,/home/oy/iCAT/result/v6-mixT-20261005/mixT-onlinev6-rep1/control-series.txt
1791199773,2026-10-05T20:29:33+09:00,758.0,A,1,1,10629099520,2594995,325603,1.1254734594864344,active_cumulative,/home/oy/iCAT/result/v6-mixT-20261005/mixT-onlinev6-rep1/control-series.txt
1791199803,2026-10-05T20:30:03+09:00,788.0,A,1,1,10942189568,2671433,325603,1.1218832738833429,active_cumulative,/home/oy/iCAT/result/v6-mixT-20261005/mixT-onlinev6-rep1/control-series.txt
1791199833,2026-10-05T20:30:33+09:00,818.0,A,1,1,10995347456,2684411,325603,1.1212940194329408,active_cumulative,/home/oy/iCAT/result/v6-mixT-20261005/mixT-onlinev6-rep1/control-series.txt
1791199863,2026-10-05T20:31:03+09:00,848.0,A,1,1,11339157504,2768349,325603,1.1176163121051572,active_cumulative,/home/oy/iCAT/result/v6-mixT-20261005/mixT-onlinev6-rep1/control-series.txt
1791199893,2026-10-05T20:31:33+09:00,878.0,A,1,1,11706286080,2857980,325603,1.1139276691929265,active_cumulative,/home/oy/iCAT/result/v6-mixT-20261005/mixT-onlinev6-rep1/control-series.txt
1791199923,2026-10-05T20:32:03+09:00,908.0,A,1,1,12075372544,2948089,325626,1.110453246153695,active_cumulative,/home/oy/iCAT/result/v6-mixT-20261005/mixT-onlinev6-rep1/control-series.txt
1791199954,2026-10-05T20:32:34+09:00,939.0,A,1,1,12445790208,3038523,325669,1.107180034510188,active_cumulative,/home/oy/iCAT/result/v6-mixT-20261005/mixT-onlinev6-rep1/control-series.txt
1791199984,2026-10-05T20:33:04+09:00,969.0,A,1,1,12815650816,3128821,325711,1.1041002345611974,active_cumulative,/home/oy/iCAT/result/v6-mixT-20261005/mixT-onlinev6-rep1/control-series.txt
1791200014,2026-10-05T20:33:34+09:00,999.0,A,1,1,13176987648,3217038,325718,1.1012477937780032,active_cumulative,/home/oy/iCAT/result/v6-mixT-20261005/mixT-onlinev6-rep1/control-series.txt
1791200044,2026-10-05T20:34:04+09:00,1029.0,A,1,1,13546233856,3307186,325718,1.0984879592499484,active_cumulative,/home/oy/iCAT/result/v6-mixT-20261005/mixT-onlinev6-rep1/control-series.txt
1791200074,2026-10-05T20:34:34+09:00,1059.0,A,1,1,13913989120,3396970,325751,1.095894576637415,active_cumulative,/home/oy/iCAT/result/v6-mixT-20261005/mixT-onlinev6-rep1/control-series.txt
1791200104,2026-10-05T20:35:04+09:00,1089.0,A,1,1,14258577408,3481098,325751,1.0935770840119985,active_cumulative,/home/oy/iCAT/result/v6-mixT-20261005/mixT-onlinev6-rep1/control-series.txt
1791200134,2026-10-05T20:35:34+09:00,1119.0,A,1,1,14625337344,3570639,325751,1.0912304492277152,active_cumulative,/home/oy/iCAT/result/v6-mixT-20261005/mixT-onlinev6-rep1/control-series.txt
1791200164,2026-10-05T20:36:04+09:00,1149.0,A,1,1,14996594688,3661278,325821,1.088991057221003,active_cumulative,/home/oy/iCAT/result/v6-mixT-20261005/mixT-onlinev6-rep1/control-series.txt
1791200194,2026-10-05T20:36:34+09:00,1179.0,A,1,1,15368871936,3752166,325857,1.0868450383058745,active_cumulative,/home/oy/iCAT/result/v6-mixT-20261005/mixT-onlinev6-rep1/control-series.txt
1791200224,2026-10-05T20:37:04+09:00,1209.0,A,1,1,15738880000,3842500,325904,1.0848156148340924,active_cumulative,/home/oy/iCAT/result/v6-mixT-20261005/mixT-onlinev6-rep1/control-series.txt
1791200254,2026-10-05T20:37:34+09:00,1239.0,A,1,1,16103571456,3931536,325904,1.0828948278738895,active_cumulative,/home/oy/iCAT/result/v6-mixT-20261005/mixT-onlinev6-rep1/control-series.txt
1791200284,2026-10-05T20:38:04+09:00,1269.0,A,1,1,16470917120,4021220,325904,1.081046050701031,active_cumulative,/home/oy/iCAT/result/v6-mixT-20261005/mixT-onlinev6-rep1/control-series.txt
1791200314,2026-10-05T20:38:34+09:00,1299.0,A,1,1,16835616768,4110258,325909,1.0792916162440411,active_cumulative,/home/oy/iCAT/result/v6-mixT-20261005/mixT-onlinev6-rep1/control-series.txt
1791200344,2026-10-05T20:39:04+09:00,1329.0,A,1,1,17185677312,4195722,325909,1.0776765000159687,active_cumulative,/home/oy/iCAT/result/v6-mixT-20261005/mixT-onlinev6-rep1/control-series.txt
1791200374,2026-10-05T20:39:34+09:00,1359.0,A,1,1,17557585920,4286520,325988,1.0760495693476293,active_cumulative,/home/oy/iCAT/result/v6-mixT-20261005/mixT-onlinev6-rep1/control-series.txt
1791200404,2026-10-05T20:40:04+09:00,1389.0,A,1,1,17925918720,4376445,326009,1.07449173929982,active_cumulative,/home/oy/iCAT/result/v6-mixT-20261005/mixT-onlinev6-rep1/control-series.txt
1791200434,2026-10-05T20:40:34+09:00,1419.0,A,1,1,18290262016,4465396,326009,1.0730078586535214,active_cumulative,/home/oy/iCAT/result/v6-mixT-20261005/mixT-onlinev6-rep1/control-series.txt
1791200464,2026-10-05T20:41:04+09:00,1449.0,A,1,1,18659495936,4555541,326009,1.071563179872599,active_cumulative,/home/oy/iCAT/result/v6-mixT-20261005/mixT-onlinev6-rep1/control-series.txt
1791200494,2026-10-05T20:41:34+09:00,1479.0,A,1,1,19007729664,4640559,326027,1.0702559756270742,active_cumulative,/home/oy/iCAT/result/v6-mixT-20261005/mixT-onlinev6-rep1/control-series.txt
1791200524,2026-10-05T20:42:04+09:00,1509.0,A,1,1,19381530624,4731819,326147,1.0689263473518325,active_cumulative,/home/oy/iCAT/result/v6-mixT-20261005/mixT-onlinev6-rep1/control-series.txt
1791200554,2026-10-05T20:42:34+09:00,1539.0,A,1,1,19750227968,4821833,326289,1.0676690793729273,active_cumulative,/home/oy/iCAT/result/v6-mixT-20261005/mixT-onlinev6-rep1/control-series.txt
1791200584,2026-10-05T20:43:04+09:00,1569.0,A,1,1,19750301696,4821851,326289,1.06766882676383,active_cumulative,/home/oy/iCAT/result/v6-mixT-20261005/mixT-onlinev6-rep1/control-series.txt
1791200614,2026-10-05T20:43:34+09:00,1599.0,A,1,1,20118421504,4911724,326289,1.0664306463473925,active_cumulative,/home/oy/iCAT/result/v6-mixT-20261005/mixT-onlinev6-rep1/control-series.txt
1791200644,2026-10-05T20:44:04+09:00,1629.0,A,1,1,20487467008,5001823,326289,1.065234015677884,active_cumulative,/home/oy/iCAT/result/v6-mixT-20261005/mixT-onlinev6-rep1/control-series.txt
1791200674,2026-10-05T20:44:34+09:00,1659.0,A,1,1,20857761792,5092227,326294,1.0640768763843402,active_cumulative,/home/oy/iCAT/result/v6-mixT-20261005/mixT-onlinev6-rep1/control-series.txt
1791200704,2026-10-05T20:45:04+09:00,1689.0,A,1,1,21223735296,5181576,326325,1.0629779433901962,active_cumulative,/home/oy/iCAT/result/v6-mixT-20261005/mixT-onlinev6-rep1/control-series.txt
1791200734,2026-10-05T20:45:34+09:00,1719.0,A,1,1,21587128320,5270295,326325,1.0619177863857716,active_cumulative,/home/oy/iCAT/result/v6-mixT-20261005/mixT-onlinev6-rep1/control-series.txt
1791200764,2026-10-05T20:46:04+09:00,1749.0,A,1,1,21932851200,5354700,326325,1.0609417894559918,active_cumulative,/home/oy/iCAT/result/v6-mixT-20261005/mixT-onlinev6-rep1/control-series.txt
1791200794,2026-10-05T20:46:34+09:00,1779.0,A,1,1,22299529216,5444221,326325,1.0599397048723775,active_cumulative,/home/oy/iCAT/result/v6-mixT-20261005/mixT-onlinev6-rep1/control-series.txt
1791200824,2026-10-05T20:47:04+09:00,1809.0,A,1,1,22665293824,5533519,326330,1.0589733224011701,active_cumulative,/home/oy/iCAT/result/v6-mixT-20261005/mixT-onlinev6-rep1/control-series.txt
1791200854,2026-10-05T20:47:34+09:00,1839.0,A,1,1,23036280832,5624092,326403,1.05803656839184,active_cumulative,/home/oy/iCAT/result/v6-mixT-20261005/mixT-onlinev6-rep1/control-series.txt
1791200884,2026-10-05T20:48:04+09:00,1869.0,A,1,1,23407333376,5714681,326444,1.0571237484647,active_cumulative,/home/oy/iCAT/result/v6-mixT-20261005/mixT-onlinev6-rep1/control-series.txt
1791200914,2026-10-05T20:48:34+09:00,1899.0,A,1,1,23772360704,5803799,326473,1.0562516034755856,active_cumulative,/home/oy/iCAT/result/v6-mixT-20261005/mixT-onlinev6-rep1/control-series.txt
1791200944,2026-10-05T20:49:04+09:00,1929.0,A,1,1,24139902976,5893531,326473,1.0553951442691996,active_cumulative,/home/oy/iCAT/result/v6-mixT-20261005/mixT-onlinev6-rep1/control-series.txt
1791200974,2026-10-05T20:49:34+09:00,1959.0,A,1,1,24506413056,5983011,326473,1.0545666721989981,active_cumulative,/home/oy/iCAT/result/v6-mixT-20261005/mixT-onlinev6-rep1/control-series.txt
1791201004,2026-10-05T20:50:04+09:00,1989.0,A,1,1,24849928192,6066877,326473,1.0538123650767932,active_cumulative,/home/oy/iCAT/result/v6-mixT-20261005/mixT-onlinev6-rep1/control-series.txt
1791201034,2026-10-05T20:50:34+09:00,2019.0,A,1,1,25217130496,6156526,326473,1.0530287697964729,active_cumulative,/home/oy/iCAT/result/v6-mixT-20261005/mixT-onlinev6-rep1/control-series.txt
1791201064,2026-10-05T20:51:04+09:00,2049.0,A,1,1,25582170112,6245647,326478,1.052272887020352,active_cumulative,/home/oy/iCAT/result/v6-mixT-20261005/mixT-onlinev6-rep1/control-series.txt
1791201094,2026-10-05T20:51:34+09:00,2079.0,A,1,1,25951236096,6335751,326514,1.051535169232503,active_cumulative,/home/oy/iCAT/result/v6-mixT-20261005/mixT-onlinev6-rep1/control-series.txt
1791201124,2026-10-05T20:52:04+09:00,2109.0,A,1,1,26324541440,6426890,326609,1.0508191364719173,active_cumulative,/home/oy/iCAT/result/v6-mixT-20261005/mixT-onlinev6-rep1/control-series.txt
1791201154,2026-10-05T20:52:34+09:00,2139.0,A,1,1,26686058496,6515151,326651,1.0501371341968897,active_cumulative,/home/oy/iCAT/result/v6-mixT-20261005/mixT-onlinev6-rep1/control-series.txt
1791201184,2026-10-05T20:53:04+09:00,2169.0,A,1,1,27057827840,6605915,326652,1.0494484110074078,active_cumulative,/home/oy/iCAT/result/v6-mixT-20261005/mixT-onlinev6-rep1/control-series.txt
1791201214,2026-10-05T20:53:34+09:00,2199.0,A,1,1,27425673216,6695721,326683,1.048789816660521,active_cumulative,/home/oy/iCAT/result/v6-mixT-20261005/mixT-onlinev6-rep1/control-series.txt
1791201244,2026-10-05T20:54:04+09:00,2229.0,A,1,1,27774054400,6780775,326683,1.0481778262809192,active_cumulative,/home/oy/iCAT/result/v6-mixT-20261005/mixT-onlinev6-rep1/control-series.txt
1791201274,2026-10-05T20:54:34+09:00,2259.0,A,1,1,28143742976,6871031,326683,1.0475449754192638,active_cumulative,/home/oy/iCAT/result/v6-mixT-20261005/mixT-onlinev6-rep1/control-series.txt
1791201304,2026-10-05T20:55:04+09:00,2289.0,A,1,1,28511498240,6960815,326688,1.0469324353541933,active_cumulative,/home/oy/iCAT/result/v6-mixT-20261005/mixT-onlinev6-rep1/control-series.txt
1791201334,2026-10-05T20:55:34+09:00,2319.0,A,1,1,28879384576,7050631,326688,1.04633457629537,active_cumulative,/home/oy/iCAT/result/v6-mixT-20261005/mixT-onlinev6-rep1/control-series.txt
1791201364,2026-10-05T20:56:04+09:00,2349.0,A,1,1,28879458304,7050649,326688,1.0463344580052134,active_cumulative,/home/oy/iCAT/result/v6-mixT-20261005/mixT-onlinev6-rep1/control-series.txt
1791201394,2026-10-05T20:56:34+09:00,2379.0,A,1,1,29244436480,7139755,326696,1.0457573124007757,active_cumulative,/home/oy/iCAT/result/v6-mixT-20261005/mixT-onlinev6-rep1/control-series.txt
1791201424,2026-10-05T20:57:04+09:00,2409.0,A,1,1,29604638720,7227695,326696,1.0452005791611296,active_cumulative,/home/oy/iCAT/result/v6-mixT-20261005/mixT-onlinev6-rep1/control-series.txt
1791201454,2026-10-05T20:57:34+09:00,2439.0,A,1,1,29973442560,7317735,326724,1.0446482415665503,active_cumulative,/home/oy/iCAT/result/v6-mixT-20261005/mixT-onlinev6-rep1/control-series.txt
1791201484,2026-10-05T20:58:04+09:00,2469.0,A,1,1,30339059712,7406997,326748,1.0441134241042624,active_cumulative,/home/oy/iCAT/result/v6-mixT-20261005/mixT-onlinev6-rep1/control-series.txt
1791201514,2026-10-05T20:58:34+09:00,2499.0,A,1,1,30706835456,7496786,326758,1.0435864115635687,active_cumulative,/home/oy/iCAT/result/v6-mixT-20261005/mixT-onlinev6-rep1/control-series.txt
1791201544,2026-10-05T20:59:04+09:00,2529.0,A,1,1,31078191104,7587449,326826,1.0430745564154698,active_cumulative,/home/oy/iCAT/result/v6-mixT-20261005/mixT-onlinev6-rep1/control-series.txt
1791201574,2026-10-05T20:59:34+09:00,2559.0,A,1,1,31445282816,7677071,326854,1.0425753519799412,active_cumulative,/home/oy/iCAT/result/v6-mixT-20261005/mixT-onlinev6-rep1/control-series.txt
1791201604,2026-10-05T21:00:04+09:00,2589.0,A,1,1,31818358784,7768154,326887,1.042080396449401,active_cumulative,/home/oy/iCAT/result/v6-mixT-20261005/mixT-onlinev6-rep1/control-series.txt
1791201634,2026-10-05T21:00:34+09:00,2619.0,A,1,1,32184365056,7857511,326939,1.0416084686359333,active_cumulative,/home/oy/iCAT/result/v6-mixT-20261005/mixT-onlinev6-rep1/control-series.txt
1791201664,2026-10-05T21:01:04+09:00,2649.0,A,1,1,32530075648,7941913,326939,1.0411662782002271,active_cumulative,/home/oy/iCAT/result/v6-mixT-20261005/mixT-onlinev6-rep1/control-series.txt
1791201694,2026-10-05T21:01:34+09:00,2679.0,A,1,1,32892764160,8030460,326939,1.0407123626790993,active_cumulative,/home/oy/iCAT/result/v6-mixT-20261005/mixT-onlinev6-rep1/control-series.txt
1791201724,2026-10-05T21:02:04+09:00,2709.0,A,1,1,33260269568,8120183,326939,1.0402625162511732,active_cumulative,/home/oy/iCAT/result/v6-mixT-20261005/mixT-onlinev6-rep1/control-series.txt
1791201754,2026-10-05T21:02:34+09:00,2739.0,A,1,1,33625591808,8209373,326939,1.0398250877381257,active_cumulative,/home/oy/iCAT/result/v6-mixT-20261005/mixT-onlinev6-rep1/control-series.txt
1791201784,2026-10-05T21:03:04+09:00,2769.0,A,1,1,33995206656,8299611,326966,1.0393953403358303,active_cumulative,/home/oy/iCAT/result/v6-mixT-20261005/mixT-onlinev6-rep1/control-series.txt
1791201814,2026-10-05T21:03:34+09:00,2799.0,A,1,1,34359107584,8388454,326986,1.0389804843657724,active_cumulative,/home/oy/iCAT/result/v6-mixT-20261005/mixT-onlinev6-rep1/control-series.txt
1791201844,2026-10-05T21:04:04+09:00,2829.0,A,1,1,34727215104,8478324,326988,1.038567528204867,active_cumulative,/home/oy/iCAT/result/v6-mixT-20261005/mixT-onlinev6-rep1/control-series.txt
1791201874,2026-10-05T21:04:34+09:00,2859.0,A,1,1,35096043520,8568370,327028,1.0381668858837796,active_cumulative,/home/oy/iCAT/result/v6-mixT-20261005/mixT-onlinev6-rep1/control-series.txt
1791201904,2026-10-05T21:05:04+09:00,2889.0,A,1,1,35440017408,8652348,327060,1.0378001439609226,active_cumulative,/home/oy/iCAT/result/v6-mixT-20261005/mixT-onlinev6-rep1/control-series.txt
1791201934,2026-10-05T21:05:34+09:00,2919.0,A,1,1,35807125504,8741974,327060,1.0374126026913373,active_cumulative,/home/oy/iCAT/result/v6-mixT-20261005/mixT-onlinev6-rep1/control-series.txt
1791201964,2026-10-05T21:06:04+09:00,2949.0,A,1,1,36171960320,8831045,327061,1.0370353678415183,active_cumulative,/home/oy/iCAT/result/v6-mixT-20261005/mixT-onlinev6-rep1/control-series.txt
1791201994,2026-10-05T21:06:34+09:00,2979.0,A,1,1,36544155648,8921913,327123,1.0366651187923486,active_cumulative,/home/oy/iCAT/result/v6-mixT-20261005/mixT-onlinev6-rep1/control-series.txt
1791202025,2026-10-05T21:07:05+09:00,3010.0,A,1,1,36910706688,9011403,327146,1.0363035589463705,active_cumulative,/home/oy/iCAT/result/v6-mixT-20261005/mixT-onlinev6-rep1/control-series.txt
1791202055,2026-10-05T21:07:35+09:00,3040.0,A,1,1,37276139520,9100620,327146,1.035947660708831,active_cumulative,/home/oy/iCAT/result/v6-mixT-20261005/mixT-onlinev6-rep1/control-series.txt
1791202085,2026-10-05T21:08:05+09:00,3070.0,A,1,1,37650698240,9192065,327228,1.0355989649768578,active_cumulative,/home/oy/iCAT/result/v6-mixT-20261005/mixT-onlinev6-rep1/control-series.txt
1791202115,2026-10-05T21:08:35+09:00,3100.0,A,1,1,37775020032,9222417,327298,1.0354893950251869,active_cumulative,/home/oy/iCAT/result/v6-mixT-20261005/mixT-onlinev6-rep1/control-series.txt
1791202145,2026-10-05T21:09:05+09:00,3130.0,A,1,1,38020513792,9282352,327298,1.0352602443863366,active_cumulative,/home/oy/iCAT/result/v6-mixT-20261005/mixT-onlinev6-rep1/control-series.txt
1791202175,2026-10-05T21:09:35+09:00,3160.0,A,1,1,38374227968,9368708,327298,1.0349352333320667,active_cumulative,/home/oy/iCAT/result/v6-mixT-20261005/mixT-onlinev6-rep1/control-series.txt
1791202205,2026-10-05T21:10:05+09:00,3190.0,A,1,1,38742274048,9458563,327298,1.0346033535961012,active_cumulative,/home/oy/iCAT/result/v6-mixT-20261005/mixT-onlinev6-rep1/control-series.txt
1791202235,2026-10-05T21:10:35+09:00,3220.0,A,1,1,39108919296,9548076,327298,1.0342789479262628,active_cumulative,/home/oy/iCAT/result/v6-mixT-20261005/mixT-onlinev6-rep1/control-series.txt
1791202265,2026-10-05T21:11:05+09:00,3250.0,A,1,1,39478210560,9638235,327298,1.0339582921561883,active_cumulative,/home/oy/iCAT/result/v6-mixT-20261005/mixT-onlinev6-rep1/control-series.txt
1791202295,2026-10-05T21:11:35+09:00,3280.0,A,1,1,39843127296,9727326,327325,1.0336500493558045,active_cumulative,/home/oy/iCAT/result/v6-mixT-20261005/mixT-onlinev6-rep1/control-series.txt
1791202325,2026-10-05T21:12:05+09:00,3310.0,A,1,1,40200843264,9814659,327325,1.0333506237965069,active_cumulative,/home/oy/iCAT/result/v6-mixT-20261005/mixT-onlinev6-rep1/control-series.txt
1791202355,2026-10-05T21:12:35+09:00,3340.0,A,1,1,40570634240,9904940,327346,1.0330487615270765,active_cumulative,/home/oy/iCAT/result/v6-mixT-20261005/mixT-onlinev6-rep1/control-series.txt
1791202385,2026-10-05T21:13:05+09:00,3370.0,A,1,1,40938934272,9994857,327435,1.0327603486473094,active_cumulative,/home/oy/iCAT/result/v6-mixT-20261005/mixT-onlinev6-rep1/control-series.txt
1791202415,2026-10-05T21:13:35+09:00,3400.0,A,1,1,41306783744,10084664,327435,1.032468607779099,active_cumulative,/home/oy/iCAT/result/v6-mixT-20261005/mixT-onlinev6-rep1/control-series.txt
1791202445,2026-10-05T21:14:05+09:00,3430.0,A,1,1,41672986624,10174069,327435,1.032183288711724,active_cumulative,/home/oy/iCAT/result/v6-mixT-20261005/mixT-onlinev6-rep1/control-series.txt
1791202475,2026-10-05T21:14:35+09:00,3460.0,A,1,1,42045911040,10265115,327490,1.0319031983567646,active_cumulative,/home/oy/iCAT/result/v6-mixT-20261005/mixT-onlinev6-rep1/control-series.txt
1791202505,2026-10-05T21:15:05+09:00,3490.0,A,1,1,42410983424,10354244,327528,1.0316322466420533,active_cumulative,/home/oy/iCAT/result/v6-mixT-20261005/mixT-onlinev6-rep1/control-series.txt
1791202535,2026-10-05T21:15:35+09:00,3520.0,A,1,1,42778689536,10444016,327528,1.03136035027139,active_cumulative,/home/oy/iCAT/result/v6-mixT-20261005/mixT-onlinev6-rep1/control-series.txt
1791202565,2026-10-05T21:16:05+09:00,3550.0,A,1,1,43123036160,10528085,327528,1.0311099311983138,active_cumulative,/home/oy/iCAT/result/v6-mixT-20261005/mixT-onlinev6-rep1/control-series.txt
1791202595,2026-10-05T21:16:35+09:00,3580.0,A,1,1,43493847040,10618615,327541,1.0308459248216457,active_cumulative,/home/oy/iCAT/result/v6-mixT-20261005/mixT-onlinev6-rep1/control-series.txt
1791202625,2026-10-05T21:17:05+09:00,3610.0,A,1,1,43862822912,10708697,327579,1.0305899961498584,active_cumulative,/home/oy/iCAT/result/v6-mixT-20261005/mixT-onlinev6-rep1/control-series.txt
1791202655,2026-10-05T21:17:35+09:00,3640.0,A,1,1,44229005312,10798097,327582,1.0303370121605686,active_cumulative,/home/oy/iCAT/result/v6-mixT-20261005/mixT-onlinev6-rep1/control-series.txt
1791202685,2026-10-05T21:18:05+09:00,3670.0,A,1,1,44593688576,10887131,327582,1.030088918742688,active_cumulative,/home/oy/iCAT/result/v6-mixT-20261005/mixT-onlinev6-rep1/control-series.txt
1791202715,2026-10-05T21:18:35+09:00,3700.0,A,1,1,44958883840,10976290,327582,1.0298445103035725,active_cumulative,/home/oy/iCAT/result/v6-mixT-20261005/mixT-onlinev6-rep1/control-series.txt
1791202745,2026-10-05T21:19:05+09:00,3730.0,A,1,1,45326069760,11065935,327584,1.0296029210364963,active_cumulative,/home/oy/iCAT/result/v6-mixT-20261005/mixT-onlinev6-rep1/control-series.txt
1791202775,2026-10-05T21:19:35+09:00,3760.0,A,1,1,45696544768,11156383,327647,1.0293685686481004,active_cumulative,/home/oy/iCAT/result/v6-mixT-20261005/mixT-onlinev6-rep1/control-series.txt
1791202805,2026-10-05T21:20:05+09:00,3790.0,A,1,1,46041268224,11240544,327677,1.0291513471234133,active_cumulative,/home/oy/iCAT/result/v6-mixT-20261005/mixT-onlinev6-rep1/control-series.txt
1791202835,2026-10-05T21:20:35+09:00,3820.0,A,1,1,46408880128,11330293,327677,1.0289204348025245,active_cumulative,/home/oy/iCAT/result/v6-mixT-20261005/mixT-onlinev6-rep1/control-series.txt
1791202865,2026-10-05T21:21:05+09:00,3850.0,A,1,1,46774247424,11419494,327681,1.0286948791251171,active_cumulative,/home/oy/iCAT/result/v6-mixT-20261005/mixT-onlinev6-rep1/control-series.txt
1791202895,2026-10-05T21:21:35+09:00,3880.0,A,1,1,46774321152,11419512,327681,1.0286948338948285,active_cumulative,/home/oy/iCAT/result/v6-mixT-20261005/mixT-onlinev6-rep1/control-series.txt
1791202925,2026-10-05T21:22:05+09:00,3910.0,A,1,1,47143362560,11509610,327688,1.0284708169955368,active_cumulative,/home/oy/iCAT/result/v6-mixT-20261005/mixT-onlinev6-rep1/control-series.txt
1791202955,2026-10-05T21:22:35+09:00,3940.0,A,1,1,47506972672,11598382,327705,1.028254372032237,active_cumulative,/home/oy/iCAT/result/v6-mixT-20261005/mixT-onlinev6-rep1/control-series.txt
1791202985,2026-10-05T21:23:05+09:00,3970.0,A,1,1,47870861312,11687222,327705,1.028039597433847,active_cumulative,/home/oy/iCAT/result/v6-mixT-20261005/mixT-onlinev6-rep1/control-series.txt
1791203015,2026-10-05T21:23:35+09:00,4000.0,A,1,1,48238792704,11777049,327719,1.0278269199695103,active_cumulative,/home/oy/iCAT/result/v6-mixT-20261005/mixT-onlinev6-rep1/control-series.txt
1791203045,2026-10-05T21:24:05+09:00,4030.0,B,1,1,52296282112,12767647,669925,1.052470513948263,active_cumulative,/home/oy/iCAT/result/v6-mixT-20261005/mixT-onlinev6-rep1/control-series.txt
1791203075,2026-10-05T21:24:35+09:00,4060.0,B,1,1,57343750144,13999939,820885,1.0586348983377714,active_cumulative,/home/oy/iCAT/result/v6-mixT-20261005/mixT-onlinev6-rep1/control-series.txt
1791203105,2026-10-05T21:25:05+09:00,4090.0,B,1,1,62334267392,15218327,963213,1.0632929624918692,active_cumulative,/home/oy/iCAT/result/v6-mixT-20261005/mixT-onlinev6-rep1/control-series.txt
1791203135,2026-10-05T21:25:35+09:00,4120.0,B,1,1,67306807296,16432326,1103985,1.067183732844638,active_cumulative,/home/oy/iCAT/result/v6-mixT-20261005/mixT-onlinev6-rep1/control-series.txt
1791203165,2026-10-05T21:26:05+09:00,4150.0,B,1,1,72356904960,17665260,1248383,1.070668815517009,active_cumulative,/home/oy/iCAT/result/v6-mixT-20261005/mixT-onlinev6-rep1/control-series.txt
1791203195,2026-10-05T21:26:35+09:00,4180.0,B,1,1,77342085120,18882345,1389576,1.0735912832860537,active_cumulative,/home/oy/iCAT/result/v6-mixT-20261005/mixT-onlinev6-rep1/control-series.txt
1791203225,2026-10-05T21:27:05+09:00,4210.0,B,1,1,82359250944,20107239,1533320,1.0762571131720273,active_cumulative,/home/oy/iCAT/result/v6-mixT-20261005/mixT-onlinev6-rep1/control-series.txt
1791203255,2026-10-05T21:27:35+09:00,4240.0,B,1,1,87303213056,21314261,1683186,1.0789699441139433,active_cumulative,/home/oy/iCAT/result/v6-mixT-20261005/mixT-onlinev6-rep1/control-series.txt
1791203285,2026-10-05T21:28:05+09:00,4270.0,B,1,1,92429393920,22565770,1824533,1.0808540102996707,active_cumulative,/home/oy/iCAT/result/v6-mixT-20261005/mixT-onlinev6-rep1/control-series.txt
1791203315,2026-10-05T21:28:35+09:00,4300.0,B,1,1,97347133440,23766390,1956932,1.0823403133584866,active_cumulative,/home/oy/iCAT/result/v6-mixT-20261005/mixT-onlinev6-rep1/control-series.txt
1791203345,2026-10-05T21:29:05+09:00,4330.0,B,1,1,102334873600,24984100,2091876,1.083728291193199,active_cumulative,/home/oy/iCAT/result/v6-mixT-20261005/mixT-onlinev6-rep1/control-series.txt
1791203375,2026-10-05T21:29:35+09:00,4360.0,B,1,1,107345494016,26207396,2227824,1.0850074536211076,active_cumulative,/home/oy/iCAT/result/v6-mixT-20261005/mixT-onlinev6-rep1/control-series.txt
1791203405,2026-10-05T21:30:05+09:00,4390.0,B,1,1,112369221632,27433892,2363163,1.0861402749562477,active_cumulative,/home/oy/iCAT/result/v6-mixT-20261005/mixT-onlinev6-rep1/control-series.txt
1791203436,2026-10-05T21:30:36+09:00,4421.0,B,1,1,117349679104,28649824,2498599,1.0872116701310277,active_cumulative,/home/oy/iCAT/result/v6-mixT-20261005/mixT-onlinev6-rep1/control-series.txt
1791203466,2026-10-05T21:31:06+09:00,4451.0,B,1,1,122361262080,29873355,2634667,1.0881945466118552,active_cumulative,/home/oy/iCAT/result/v6-mixT-20261005/mixT-onlinev6-rep1/control-series.txt
1791203496,2026-10-05T21:31:36+09:00,4481.0,B,1,1,127480696832,31123217,2772910,1.089094581707283,active_cumulative,/home/oy/iCAT/result/v6-mixT-20261005/mixT-onlinev6-rep1/control-series.txt
1791203526,2026-10-05T21:32:06+09:00,4511.0,B,1,1,132502159360,32349160,2907503,1.0898787789234712,active_cumulative,/home/oy/iCAT/result/v6-mixT-20261005/mixT-onlinev6-rep1/control-series.txt
1791203556,2026-10-05T21:32:36+09:00,4541.0,B,1,1,137563795456,33584911,3042623,1.0905949400908044,active_cumulative,/home/oy/iCAT/result/v6-mixT-20261005/mixT-onlinev6-rep1/control-series.txt
1791203586,2026-10-05T21:33:06+09:00,4571.0,B,1,1,142572343296,34807701,3176693,1.0912640854964826,active_cumulative,/home/oy/iCAT/result/v6-mixT-20261005/mixT-onlinev6-rep1/control-series.txt
1791203616,2026-10-05T21:33:36+09:00,4601.0,B,1,1,147562422272,36025982,3309449,1.0918628394362713,active_cumulative,/home/oy/iCAT/result/v6-mixT-20261005/mixT-onlinev6-rep1/control-series.txt
1791203646,2026-10-05T21:34:06+09:00,4631.0,B,1,1,152620494848,37260863,3444002,1.0924294748621362,active_cumulative,/home/oy/iCAT/result/v6-mixT-20261005/mixT-onlinev6-rep1/control-series.txt
1791203676,2026-10-05T21:34:36+09:00,4661.0,B,1,1,157632102400,38484400,3578254,1.0929793370820384,active_cumulative,/home/oy/iCAT/result/v6-mixT-20261005/mixT-onlinev6-rep1/control-series.txt
1791203706,2026-10-05T21:35:06+09:00,4691.0,B,1,1,162636541952,39706187,3711069,1.093463242894615,active_cumulative,/home/oy/iCAT/result/v6-mixT-20261005/mixT-onlinev6-rep1/control-series.txt
1791203736,2026-10-05T21:35:36+09:00,4721.0,B,1,1,167648260096,40929751,3843701,1.0939097088570122,active_cumulative,/home/oy/iCAT/result/v6-mixT-20261005/mixT-onlinev6-rep1/control-series.txt
1791203766,2026-10-05T21:36:06+09:00,4751.0,B,1,1,172688539648,42160288,3977486,1.0943420025973256,active_cumulative,/home/oy/iCAT/result/v6-mixT-20261005/mixT-onlinev6-rep1/control-series.txt
1791203796,2026-10-05T21:36:36+09:00,4781.0,B,1,1,177716105216,43387721,4111816,1.0947691168199407,active_cumulative,/home/oy/iCAT/result/v6-mixT-20261005/mixT-onlinev6-rep1/control-series.txt
1791203826,2026-10-05T21:37:06+09:00,4811.0,B,1,1,182675365888,44598478,4243332,1.0951452199781346,active_cumulative,/home/oy/iCAT/result/v6-mixT-20261005/mixT-onlinev6-rep1/control-series.txt
1791203856,2026-10-05T21:37:36+09:00,4841.0,B,1,1,187682668544,45820964,4376468,1.0955123510714442,active_cumulative,/home/oy/iCAT/result/v6-mixT-20261005/mixT-onlinev6-rep1/control-series.txt
1791203886,2026-10-05T21:38:06+09:00,4871.0,B,1,1,192689979392,47043452,4509613,1.0958605886319737,active_cumulative,/home/oy/iCAT/result/v6-mixT-20261005/mixT-onlinev6-rep1/control-series.txt
1791203916,2026-10-05T21:38:36+09:00,4901.0,B,1,1,197662384128,48257418,4641763,1.0961875540046506,active_cumulative,/home/oy/iCAT/result/v6-mixT-20261005/mixT-onlinev6-rep1/control-series.txt
1791203946,2026-10-05T21:39:06+09:00,4931.0,B,1,1,202651607040,49475490,4775457,1.0965216716398363,active_cumulative,/home/oy/iCAT/result/v6-mixT-20261005/mixT-onlinev6-rep1/control-series.txt
1791203977,2026-10-05T21:39:37+09:00,4962.0,B,1,1,207654244352,50696837,4909181,1.0968340687605422,active_cumulative,/home/oy/iCAT/result/v6-mixT-20261005/mixT-onlinev6-rep1/control-series.txt
1791204007,2026-10-05T21:40:07+09:00,4992.0,B,1,1,212670275584,51921454,5041819,1.0971047343936093,active_cumulative,/home/oy/iCAT/result/v6-mixT-20261005/mixT-onlinev6-rep1/control-series.txt
1791204037,2026-10-05T21:40:37+09:00,5022.0,B,1,1,216954130432,52967317,5159082,1.0974012332925982,active_cumulative,/home/oy/iCAT/result/v6-mixT-20261005/mixT-onlinev6-rep1/control-series.txt
1791204067,2026-10-05T21:41:07+09:00,5052.0,B,1,1,221932609536,54182766,5308867,1.0979807306256752,active_cumulative,/home/oy/iCAT/result/v6-mixT-20261005/mixT-onlinev6-rep1/control-series.txt
1791204097,2026-10-05T21:41:37+09:00,5082.0,B,1,1,226822455296,55376576,5451412,1.098442561706957,active_cumulative,/home/oy/iCAT/result/v6-mixT-20261005/mixT-onlinev6-rep1/control-series.txt
1791204127,2026-10-05T21:42:07+09:00,5112.0,B,1,1,231615148032,56546667,5592957,1.0989086943002317,active_cumulative,/home/oy/iCAT/result/v6-mixT-20261005/mixT-onlinev6-rep1/control-series.txt
1791204157,2026-10-05T21:42:37+09:00,5142.0,B,1,1,236530462720,57746695,5739720,1.099394779216369,active_cumulative,/home/oy/iCAT/result/v6-mixT-20261005/mixT-onlinev6-rep1/control-series.txt
1791204187,2026-10-05T21:43:07+09:00,5172.0,B,1,1,241447235584,58947079,5884032,1.0998188900929255,active_cumulative,/home/oy/iCAT/result/v6-mixT-20261005/mixT-onlinev6-rep1/control-series.txt
1791204217,2026-10-05T21:43:37+09:00,5202.0,B,1,1,246401249280,60156555,6029610,1.1002319697329743,active_cumulative,/home/oy/iCAT/result/v6-mixT-20261005/mixT-onlinev6-rep1/control-series.txt
1791204247,2026-10-05T21:44:07+09:00,5232.0,B,1,1,251257065472,61342057,6172257,1.1006203134009673,active_cumulative,/home/oy/iCAT/result/v6-mixT-20261005/mixT-onlinev6-rep1/control-series.txt
1791204277,2026-10-05T21:44:37+09:00,5262.0,B,1,1,256226041856,62555186,6317124,1.1009848168303744,active_cumulative,/home/oy/iCAT/result/v6-mixT-20261005/mixT-onlinev6-rep1/control-series.txt
1791204307,2026-10-05T21:45:07+09:00,5292.0,B,1,1,261098790912,63744822,6459867,1.1013394782089123,active_cumulative,/home/oy/iCAT/result/v6-mixT-20261005/mixT-onlinev6-rep1/control-series.txt
1791204337,2026-10-05T21:45:37+09:00,5322.0,B,1,1,265837117440,64901640,6598466,1.1016687097583358,active_cumulative,/home/oy/iCAT/result/v6-mixT-20261005/mixT-onlinev6-rep1/control-series.txt
1791204367,2026-10-05T21:46:07+09:00,5352.0,B,1,1,270708043776,66090831,6740331,1.101985871534888,active_cumulative,/home/oy/iCAT/result/v6-mixT-20261005/mixT-onlinev6-rep1/control-series.txt
1791204398,2026-10-05T21:46:38+09:00,5383.0,B,1,1,275679207424,67304494,6886293,1.10231550065587,active_cumulative,/home/oy/iCAT/result/v6-mixT-20261005/mixT-onlinev6-rep1/control-series.txt
1791204428,2026-10-05T21:47:08+09:00,5413.0,B,1,1,280594235392,68504452,7029457,1.1026131411138067,active_cumulative,/home/oy/iCAT/result/v6-mixT-20261005/mixT-onlinev6-rep1/control-series.txt
1791204458,2026-10-05T21:47:38+09:00,5443.0,B,1,1,285512454144,69705189,7173370,1.1029101291153518,active_cumulative,/home/oy/iCAT/result/v6-mixT-20261005/mixT-onlinev6-rep1/control-series.txt
1791204488,2026-10-05T21:48:08+09:00,5473.0,B,1,1,290475405312,70916847,7318924,1.1032043063053834,active_cumulative,/home/oy/iCAT/result/v6-mixT-20261005/mixT-onlinev6-rep1/control-series.txt
1791204518,2026-10-05T21:48:38+09:00,5503.0,B,1,1,295256424448,72084088,7459245,1.1034797721239118,active_cumulative,/home/oy/iCAT/result/v6-mixT-20261005/mixT-onlinev6-rep1/control-series.txt
1791204548,2026-10-05T21:49:08+09:00,5533.0,B,1,1,300209524736,73293341,7603179,1.1037362862200537,active_cumulative,/home/oy/iCAT/result/v6-mixT-20261005/mixT-onlinev6-rep1/control-series.txt
1791204578,2026-10-05T21:49:38+09:00,5563.0,B,1,1,305124065280,74493180,7748582,1.1040173342042856,active_cumulative,/home/oy/iCAT/result/v6-mixT-20261005/mixT-onlinev6-rep1/control-series.txt
1791204608,2026-10-05T21:50:08+09:00,5593.0,B,1,1,309852811264,75647659,7885571,1.1042407802731873,active_cumulative,/home/oy/iCAT/result/v6-mixT-20261005/mixT-onlinev6-rep1/control-series.txt
1791204638,2026-10-05T21:50:38+09:00,5623.0,B,1,1,314678910976,76825906,8026387,1.1044750061261888,active_cumulative,/home/oy/iCAT/result/v6-mixT-20261005/mixT-onlinev6-rep1/control-series.txt
1791204668,2026-10-05T21:51:08+09:00,5653.0,B,1,1,319455588352,77992087,8164587,1.1046848124477038,active_cumulative,/home/oy/iCAT/result/v6-mixT-20261005/mixT-onlinev6-rep1/control-series.txt
1791204698,2026-10-05T21:51:38+09:00,5683.0,B,1,1,324268867584,79167204,8305646,1.1049127110766725,active_cumulative,/home/oy/iCAT/result/v6-mixT-20261005/mixT-onlinev6-rep1/control-series.txt
1791204728,2026-10-05T21:52:08+09:00,5713.0,B,1,1,329099640832,80346592,8445067,1.1051079677405609,active_cumulative,/home/oy/iCAT/result/v6-mixT-20261005/mixT-onlinev6-rep1/control-series.txt
1791204758,2026-10-05T21:52:38+09:00,5743.0,B,1,1,334035460096,81551626,8586903,1.1052940747006075,active_cumulative,/home/oy/iCAT/result/v6-mixT-20261005/mixT-onlinev6-rep1/control-series.txt
1791204788,2026-10-05T21:53:08+09:00,5773.0,B,1,1,339034390528,82772068,8733220,1.1055092643088247,active_cumulative,/home/oy/iCAT/result/v6-mixT-20261005/mixT-onlinev6-rep1/control-series.txt
1791204818,2026-10-05T21:53:38+09:00,5803.0,B,1,1,343977689088,83978928,8877876,1.1057155194931758,active_cumulative,/home/oy/iCAT/result/v6-mixT-20261005/mixT-onlinev6-rep1/control-series.txt
1791204848,2026-10-05T21:54:08+09:00,5833.0,B,1,1,348684369920,85128020,9016277,1.1059143276209173,active_cumulative,/home/oy/iCAT/result/v6-mixT-20261005/mixT-onlinev6-rep1/control-series.txt
1791204878,2026-10-05T21:54:38+09:00,5863.0,B,1,1,353575006208,86322023,9160946,1.1061252468561817,active_cumulative,/home/oy/iCAT/result/v6-mixT-20261005/mixT-onlinev6-rep1/control-series.txt
1791204908,2026-10-05T21:55:08+09:00,5893.0,B,1,1,358531850240,87532190,9305896,1.1063139857462723,active_cumulative,/home/oy/iCAT/result/v6-mixT-20261005/mixT-onlinev6-rep1/control-series.txt
1791204938,2026-10-05T21:55:38+09:00,5923.0,B,1,1,363491913728,88743143,9450696,1.1064949435022828,active_cumulative,/home/oy/iCAT/result/v6-mixT-20261005/mixT-onlinev6-rep1/control-series.txt
1791204968,2026-10-05T21:56:08+09:00,5953.0,B,1,1,368369270784,89933904,9594364,1.1066823919931241,active_cumulative,/home/oy/iCAT/result/v6-mixT-20261005/mixT-onlinev6-rep1/control-series.txt
1791204998,2026-10-05T21:56:38+09:00,5983.0,B,1,1,373248671744,91125164,9736993,1.1068529544704029,active_cumulative,/home/oy/iCAT/result/v6-mixT-20261005/mixT-onlinev6-rep1/control-series.txt
1791205028,2026-10-05T21:57:08+09:00,6013.0,B,1,1,378169769984,92326604,9881258,1.1070250347343005,active_cumulative,/home/oy/iCAT/result/v6-mixT-20261005/mixT-onlinev6-rep1/control-series.txt
1791205059,2026-10-05T21:57:39+09:00,6044.0,B,1,1,382433619968,93367583,10006740,1.107175742141681,active_cumulative,/home/oy/iCAT/result/v6-mixT-20261005/mixT-onlinev6-rep1/control-series.txt
1791205089,2026-10-05T21:58:09+09:00,6074.0,B,1,1,387353001984,94568604,10154273,1.1073746737342132,active_cumulative,/home/oy/iCAT/result/v6-mixT-20261005/mixT-onlinev6-rep1/control-series.txt
1791205119,2026-10-05T21:58:39+09:00,6104.0,B,1,1,392406786048,95802438,10304424,1.107559099905161,active_cumulative,/home/oy/iCAT/result/v6-mixT-20261005/mixT-onlinev6-rep1/control-series.txt
1791205149,2026-10-05T21:59:09+09:00,6134.0,B,1,1,397445111808,97032498,10454046,1.1077375746834839,active_cumulative,/home/oy/iCAT/result/v6-mixT-20261005/mixT-onlinev6-rep1/control-series.txt
1791205179,2026-10-05T21:59:39+09:00,6164.0,B,1,1,402365546496,98233776,10600724,1.1079132293560618,active_cumulative,/home/oy/iCAT/result/v6-mixT-20261005/mixT-onlinev6-rep1/control-series.txt
1791205209,2026-10-05T22:00:09+09:00,6194.0,B,1,1,407368994816,99455321,10748637,1.1080750320035666,active_cumulative,/home/oy/iCAT/result/v6-mixT-20261005/mixT-onlinev6-rep1/control-series.txt
1791205239,2026-10-05T22:00:39+09:00,6224.0,B,1,1,412266594304,100651024,10895279,1.108248069090683,active_cumulative,/home/oy/iCAT/result/v6-mixT-20261005/mixT-onlinev6-rep1/control-series.txt
1791205269,2026-10-05T22:01:09+09:00,6254.0,B,1,1,417318952960,101884510,11044437,1.1084015322839555,active_cumulative,/home/oy/iCAT/result/v6-mixT-20261005/mixT-onlinev6-rep1/control-series.txt
1791205299,2026-10-05T22:01:39+09:00,6284.0,B,1,1,422371598336,103118066,11194894,1.1085638475803066,active_cumulative,/home/oy/iCAT/result/v6-mixT-20261005/mixT-onlinev6-rep1/control-series.txt
1791205329,2026-10-05T22:02:09+09:00,6314.0,B,1,1,427382366208,104341398,11344317,1.1087230688628495,active_cumulative,/home/oy/iCAT/result/v6-mixT-20261005/mixT-onlinev6-rep1/control-series.txt
1791205359,2026-10-05T22:02:39+09:00,6344.0,B,1,1,432361832448,105557088,11493229,1.108881641373055,active_cumulative,/home/oy/iCAT/result/v6-mixT-20261005/mixT-onlinev6-rep1/control-series.txt
1791205389,2026-10-05T22:03:09+09:00,6374.0,B,1,1,437341999104,106772949,11642218,1.1090371494750042,active_cumulative,/home/oy/iCAT/result/v6-mixT-20261005/mixT-onlinev6-rep1/control-series.txt
1791205419,2026-10-05T22:03:39+09:00,6404.0,B,1,1,442292813824,107981644,11788554,1.1091718329459774,active_cumulative,/home/oy/iCAT/result/v6-mixT-20261005/mixT-onlinev6-rep1/control-series.txt
1791205449,2026-10-05T22:04:09+09:00,6434.0,B,1,1,447312297984,109207104,11938935,1.1093237945399597,active_cumulative,/home/oy/iCAT/result/v6-mixT-20261005/mixT-onlinev6-rep1/control-series.txt
1791205479,2026-10-05T22:04:39+09:00,6464.0,B,1,1,452239159296,110409951,12084095,1.1094475170992513,active_cumulative,/home/oy/iCAT/result/v6-mixT-20261005/mixT-onlinev6-rep1/control-series.txt
1791205510,2026-10-05T22:05:10+09:00,6495.0,B,1,1,457230893056,111628636,12232787,1.109584667862465,active_cumulative,/home/oy/iCAT/result/v6-mixT-20261005/mixT-onlinev6-rep1/control-series.txt
1791205540,2026-10-05T22:05:40+09:00,6525.0,B,1,1,462276308992,112860427,12382936,1.1097190248978945,active_cumulative,/home/oy/iCAT/result/v6-mixT-20261005/mixT-onlinev6-rep1/control-series.txt
1791205570,2026-10-05T22:06:10+09:00,6555.0,B,1,1,467179978752,114057612,12534015,1.1098919640716307,active_cumulative,/home/oy/iCAT/result/v6-mixT-20261005/mixT-onlinev6-rep1/control-series.txt
1791205600,2026-10-05T22:06:40+09:00,6585.0,B,1,1,472167956480,115275380,12680851,1.110004850992467,active_cumulative,/home/oy/iCAT/result/v6-mixT-20261005/mixT-onlinev6-rep1/control-series.txt
1791205630,2026-10-05T22:07:10+09:00,6615.0,B,1,1,477003616256,116455961,12824846,1.1101261445946937,active_cumulative,/home/oy/iCAT/result/v6-mixT-20261005/mixT-onlinev6-rep1/control-series.txt
1791205660,2026-10-05T22:07:40+09:00,6645.0,B,1,1,481996996608,117675048,12973250,1.1102463965003013,active_cumulative,/home/oy/iCAT/result/v6-mixT-20261005/mixT-onlinev6-rep1/control-series.txt
1791205690,2026-10-05T22:08:10+09:00,6675.0,B,1,1,486985568256,118892961,13122280,1.110370537411378,active_cumulative,/home/oy/iCAT/result/v6-mixT-20261005/mixT-onlinev6-rep1/control-series.txt
1791205720,2026-10-05T22:08:40+09:00,6705.0,B,1,1,492022542336,120122691,13272072,1.1104876346801122,active_cumulative,/home/oy/iCAT/result/v6-mixT-20261005/mixT-onlinev6-rep1/control-series.txt
1791205750,2026-10-05T22:09:10+09:00,6735.0,B,1,1,496933208064,121321584,13418634,1.1106038477044613,active_cumulative,/home/oy/iCAT/result/v6-mixT-20261005/mixT-onlinev6-rep1/control-series.txt
1791205780,2026-10-05T22:09:40+09:00,6765.0,B,1,1,501846880256,122521211,13563057,1.1106996648931262,active_cumulative,/home/oy/iCAT/result/v6-mixT-20261005/mixT-onlinev6-rep1/control-series.txt
1791205810,2026-10-05T22:10:10+09:00,6795.0,B,1,1,506751897600,123718725,13708931,1.1108072444167203,active_cumulative,/home/oy/iCAT/result/v6-mixT-20261005/mixT-onlinev6-rep1/control-series.txt
1791205840,2026-10-05T22:10:40+09:00,6825.0,B,1,1,511748927488,124938703,13856343,1.1109051292136434,active_cumulative,/home/oy/iCAT/result/v6-mixT-20261005/mixT-onlinev6-rep1/control-series.txt
1791205870,2026-10-05T22:11:10+09:00,6855.0,B,1,1,516652896256,126135961,14001592,1.1110039665849138,active_cumulative,/home/oy/iCAT/result/v6-mixT-20261005/mixT-onlinev6-rep1/control-series.txt
1791205900,2026-10-05T22:11:40+09:00,6885.0,B,1,1,521618747392,127348327,14149690,1.1111101365312792,active_cumulative,/home/oy/iCAT/result/v6-mixT-20261005/mixT-onlinev6-rep1/control-series.txt
1791205930,2026-10-05T22:12:10+09:00,6915.0,B,1,1,526491246592,128537902,14295204,1.1112139203890228,active_cumulative,/home/oy/iCAT/result/v6-mixT-20261005/mixT-onlinev6-rep1/control-series.txt
1791205960,2026-10-05T22:12:40+09:00,6945.0,B,1,1,531433676800,129744550,14441051,1.1113037195011275,active_cumulative,/home/oy/iCAT/result/v6-mixT-20261005/mixT-onlinev6-rep1/control-series.txt
1791205990,2026-10-05T22:13:10+09:00,6975.0,B,1,1,536397021184,130956304,14587840,1.1113947137665094,active_cumulative,/home/oy/iCAT/result/v6-mixT-20261005/mixT-onlinev6-rep1/control-series.txt
1791206020,2026-10-05T22:13:40+09:00,7005.0,B,1,1,541351178240,132165815,14735283,1.1114908798466532,active_cumulative,/home/oy/iCAT/result/v6-mixT-20261005/mixT-onlinev6-rep1/control-series.txt
1791206050,2026-10-05T22:14:10+09:00,7035.0,B,1,1,545549668352,133190837,14858134,1.1115552265806392,active_cumulative,/home/oy/iCAT/result/v6-mixT-20261005/mixT-onlinev6-rep1/control-series.txt
1791206080,2026-10-05T22:14:40+09:00,7065.0,B,1,1,550380552192,134370252,14989334,1.1115524736829399,active_cumulative,/home/oy/iCAT/result/v6-mixT-20261005/mixT-onlinev6-rep1/control-series.txt
1791206110,2026-10-05T22:15:10+09:00,7095.0,B,1,1,555322281984,135576729,15123250,1.1115475355656352,active_cumulative,/home/oy/iCAT/result/v6-mixT-20261005/mixT-onlinev6-rep1/control-series.txt
1791206140,2026-10-05T22:15:40+09:00,7125.0,B,1,1,560183603200,136763575,15257422,1.1115605672051203,active_cumulative,/home/oy/iCAT/result/v6-mixT-20261005/mixT-onlinev6-rep1/control-series.txt
1791206171,2026-10-05T22:16:11+09:00,7156.0,B,1,1,565210505216,137990846,15393637,1.1115554940506707,active_cumulative,/home/oy/iCAT/result/v6-mixT-20261005/mixT-onlinev6-rep1/control-series.txt
1791206201,2026-10-05T22:16:41+09:00,7186.0,B,1,1,570275192832,139227342,15530997,1.111551343126266,active_cumulative,/home/oy/iCAT/result/v6-mixT-20261005/mixT-onlinev6-rep1/control-series.txt
1791206231,2026-10-05T22:17:11+09:00,7216.0,B,1,1,575281598464,140449609,15668389,1.1115587940155818,active_cumulative,/home/oy/iCAT/result/v6-mixT-20261005/mixT-onlinev6-rep1/control-series.txt
1791206261,2026-10-05T22:17:41+09:00,7246.0,B,1,1,580119470080,141630730,15801506,1.111568343960382,active_cumulative,/home/oy/iCAT/result/v6-mixT-20261005/mixT-onlinev6-rep1/control-series.txt
1791206291,2026-10-05T22:18:11+09:00,7276.0,B,1,1,584847237120,142784970,15933504,1.1115909048410346,active_cumulative,/home/oy/iCAT/result/v6-mixT-20261005/mixT-onlinev6-rep1/control-series.txt
1791206321,2026-10-05T22:18:41+09:00,7306.0,B,1,1,589655912448,143958963,16064751,1.1115925723916198,active_cumulative,/home/oy/iCAT/result/v6-mixT-20261005/mixT-onlinev6-rep1/control-series.txt
1791206351,2026-10-05T22:19:11+09:00,7336.0,B,1,1,594479800320,145136670,16193835,1.1115764541104602,active_cumulative,/home/oy/iCAT/result/v6-mixT-20261005/mixT-onlinev6-rep1/control-series.txt
1791206381,2026-10-05T22:19:41+09:00,7366.0,B,1,1,599332130816,146321321,16326118,1.111577163795562,active_cumulative,/home/oy/iCAT/result/v6-mixT-20261005/mixT-onlinev6-rep1/control-series.txt
1791206411,2026-10-05T22:20:11+09:00,7396.0,B,1,1,604182536192,147505502,16459702,1.1115870376143664,active_cumulative,/home/oy/iCAT/result/v6-mixT-20261005/mixT-onlinev6-rep1/control-series.txt
1791206441,2026-10-05T22:20:41+09:00,7426.0,B,1,1,609150459904,148718374,16595305,1.111588800722095,active_cumulative,/home/oy/iCAT/result/v6-mixT-20261005/mixT-onlinev6-rep1/control-series.txt
1791206471,2026-10-05T22:21:11+09:00,7456.0,B,1,1,614059790336,149916941,16730337,1.1115973744421586,active_cumulative,/home/oy/iCAT/result/v6-mixT-20261005/mixT-onlinev6-rep1/control-series.txt
1791206501,2026-10-05T22:21:41+09:00,7486.0,B,1,1,618975338496,151117026,16865626,1.111606391724517,active_cumulative,/home/oy/iCAT/result/v6-mixT-20261005/mixT-onlinev6-rep1/control-series.txt
1791206531,2026-10-05T22:22:11+09:00,7516.0,B,1,1,623881527296,152314826,16998786,1.111602963719369,active_cumulative,/home/oy/iCAT/result/v6-mixT-20261005/mixT-onlinev6-rep1/control-series.txt
1791206561,2026-10-05T22:22:41+09:00,7546.0,B,1,1,628796510208,153514773,17133451,1.1116078320358134,active_cumulative,/home/oy/iCAT/result/v6-mixT-20261005/mixT-onlinev6-rep1/control-series.txt
1791206591,2026-10-05T22:23:11+09:00,7576.0,B,1,1,633726349312,154718347,17267591,1.1116066150836008,active_cumulative,/home/oy/iCAT/result/v6-mixT-20261005/mixT-onlinev6-rep1/control-series.txt
1791206621,2026-10-05T22:23:41+09:00,7606.0,B,1,1,638667476992,155924677,17400606,1.1115962292485622,active_cumulative,/home/oy/iCAT/result/v6-mixT-20261005/mixT-onlinev6-rep1/control-series.txt
1791206651,2026-10-05T22:24:11+09:00,7636.0,B,1,1,643543744512,157115172,17532646,1.1115910435435223,active_cumulative,/home/oy/iCAT/result/v6-mixT-20261005/mixT-onlinev6-rep1/control-series.txt
1791206681,2026-10-05T22:24:41+09:00,7666.0,B,1,1,648450293760,158313060,17665810,1.111587824782112,active_cumulative,/home/oy/iCAT/result/v6-mixT-20261005/mixT-onlinev6-rep1/control-series.txt
1791206712,2026-10-05T22:25:12+09:00,7697.0,B,1,1,653418393600,159525975,17802526,1.1115964092994888,active_cumulative,/home/oy/iCAT/result/v6-mixT-20261005/mixT-onlinev6-rep1/control-series.txt
1791206742,2026-10-05T22:25:42+09:00,7727.0,B,1,1,658268184576,160710006,17935482,1.1116015265409174,active_cumulative,/home/oy/iCAT/result/v6-mixT-20261005/mixT-onlinev6-rep1/control-series.txt
1791206772,2026-10-05T22:26:12+09:00,7757.0,B,1,1,663170146304,161906774,18066711,1.1115871223522742,active_cumulative,/home/oy/iCAT/result/v6-mixT-20261005/mixT-onlinev6-rep1/control-series.txt
1791206802,2026-10-05T22:26:42+09:00,7787.0,B,1,1,667944095744,163072289,18196453,1.1115851939749248,active_cumulative,/home/oy/iCAT/result/v6-mixT-20261005/mixT-onlinev6-rep1/control-series.txt
1791206832,2026-10-05T22:27:12+09:00,7817.0,B,1,1,672837451776,164266956,18327826,1.1115734195500646,active_cumulative,/home/oy/iCAT/result/v6-mixT-20261005/mixT-onlinev6-rep1/control-series.txt
1791206862,2026-10-05T22:27:42+09:00,7847.0,B,1,1,677785726976,165475031,18463608,1.1115794200999425,active_cumulative,/home/oy/iCAT/result/v6-mixT-20261005/mixT-onlinev6-rep1/control-series.txt
1791206892,2026-10-05T22:28:12+09:00,7877.0,B,1,1,682735013888,166683353,18599296,1.1115846043725794,active_cumulative,/home/oy/iCAT/result/v6-mixT-20261005/mixT-onlinev6-rep1/control-series.txt
1791206922,2026-10-05T22:28:42+09:00,7907.0,B,1,1,687690383360,167893160,18735523,1.1115919373963776,active_cumulative,/home/oy/iCAT/result/v6-mixT-20261005/mixT-onlinev6-rep1/control-series.txt
1791206952,2026-10-05T22:29:12+09:00,7937.0,B,1,1,692678287360,169110910,18871355,1.111591588029418,active_cumulative,/home/oy/iCAT/result/v6-mixT-20261005/mixT-onlinev6-rep1/control-series.txt
1791206982,2026-10-05T22:29:42+09:00,7967.0,B,1,1,697645785088,170323678,19010778,1.111615591110004,active_cumulative,/home/oy/iCAT/result/v6-mixT-20261005/mixT-onlinev6-rep1/control-series.txt
1791207012,2026-10-05T22:30:12+09:00,7997.0,B,1,1,702668705792,171549977,19148385,1.1116198634057526,active_cumulative,/home/oy/iCAT/result/v6-mixT-20261005/mixT-onlinev6-rep1/control-series.txt
1791207042,2026-10-05T22:30:42+09:00,8027.0,B,1,1,707728867328,172785368,19286977,1.1116239020887464,active_cumulative,/home/oy/iCAT/result/v6-mixT-20261005/mixT-onlinev6-rep1/control-series.txt
1791207072,2026-10-05T22:31:12+09:00,8057.0,C,1,1,722441007104,176377199,21478816,1.121777736134703,active_cumulative,/home/oy/iCAT/result/v6-mixT-20261005/mixT-onlinev6-rep1/control-series.txt
1791207102,2026-10-05T22:31:42+09:00,8087.0,C,1,1,742359879680,181240205,25552393,1.1409863390962287,active_cumulative,/home/oy/iCAT/result/v6-mixT-20261005/mixT-onlinev6-rep1/control-series.txt
1791207132,2026-10-05T22:32:12+09:00,8117.0,C,1,1,762436894720,186141820,29643189,1.1592505596002016,active_cumulative,/home/oy/iCAT/result/v6-mixT-20261005/mixT-onlinev6-rep1/control-series.txt
1791207162,2026-10-05T22:32:42+09:00,8147.0,C,1,1,782571360256,191057461,33578366,1.1757500901783677,active_cumulative,/home/oy/iCAT/result/v6-mixT-20261005/mixT-onlinev6-rep1/control-series.txt
1791207192,2026-10-05T22:33:12+09:00,8177.0,C,1,1,802720542720,195976695,37509617,1.1913983547890732,active_cumulative,/home/oy/iCAT/result/v6-mixT-20261005/mixT-onlinev6-rep1/control-series.txt
1791207222,2026-10-05T22:33:42+09:00,8207.0,C,1,1,822953611264,200916409,41407524,1.2060932912652247,active_cumulative,/home/oy/iCAT/result/v6-mixT-20261005/mixT-onlinev6-rep1/control-series.txt
1791207252,2026-10-05T22:34:12+09:00,8237.0,C,1,1,843190976512,205857172,45315144,1.2201290514182328,active_cumulative,/home/oy/iCAT/result/v6-mixT-20261005/mixT-onlinev6-rep1/control-series.txt
1791207282,2026-10-05T22:34:42+09:00,8267.0,C,1,1,863433072640,210799090,49145947,1.233141172478496,active_cumulative,/home/oy/iCAT/result/v6-mixT-20261005/mixT-onlinev6-rep1/control-series.txt
1791207312,2026-10-05T22:35:12+09:00,8297.0,C,1,1,883680419840,215742290,53028686,1.2457964361090261,active_cumulative,/home/oy/iCAT/result/v6-mixT-20261005/mixT-onlinev6-rep1/control-series.txt
1791207342,2026-10-05T22:35:42+09:00,8327.0,C,1,1,903957336064,220692709,56916623,1.2578998792388743,active_cumulative,/home/oy/iCAT/result/v6-mixT-20261005/mixT-onlinev6-rep1/control-series.txt
1791207372,2026-10-05T22:36:12+09:00,8357.0,C,1,1,924264050688,225650403,60783949,1.2693722155683453,active_cumulative,/home/oy/iCAT/result/v6-mixT-20261005/mixT-onlinev6-rep1/control-series.txt
1791207402,2026-10-05T22:36:42+09:00,8387.0,C,1,1,944598659072,230614907,64619619,1.280205732754301,active_cumulative,/home/oy/iCAT/result/v6-mixT-20261005/mixT-onlinev6-rep1/control-series.txt
1791207432,2026-10-05T22:37:12+09:00,8417.0,C,1,1,964868444160,235563585,68457659,1.2906122310882644,active_cumulative,/home/oy/iCAT/result/v6-mixT-20261005/mixT-onlinev6-rep1/control-series.txt
1791207462,2026-10-05T22:37:42+09:00,8447.0,C,1,1,985159397376,240517431,72242503,1.3003628581081925,active_cumulative,/home/oy/iCAT/result/v6-mixT-20261005/mixT-onlinev6-rep1/control-series.txt
1791207492,2026-10-05T22:38:12+09:00,8477.0,C,1,1,1005462761472,245474307,76063206,1.3098621885507553,active_cumulative,/home/oy/iCAT/result/v6-mixT-20261005/mixT-onlinev6-rep1/control-series.txt
1791207522,2026-10-05T22:38:42+09:00,8507.0,C,1,1,1025732083712,250422872,79880629,1.3189829601507006,active_cumulative,/home/oy/iCAT/result/v6-mixT-20261005/mixT-onlinev6-rep1/control-series.txt
1791207552,2026-10-05T22:39:12+09:00,8537.0,C,1,1,1046022275072,255376532,83641016,1.3275203690212223,active_cumulative,/home/oy/iCAT/result/v6-mixT-20261005/mixT-onlinev6-rep1/control-series.txt
1791207582,2026-10-05T22:39:42+09:00,8567.0,C,1,1,1066371911680,260344705,87404725,1.3357269163588328,active_cumulative,/home/oy/iCAT/result/v6-mixT-20261005/mixT-onlinev6-rep1/control-series.txt
1791207612,2026-10-05T22:40:12+09:00,8597.0,C,1,1,1086728384512,265314547,91112042,1.343411407441598,active_cumulative,/home/oy/iCAT/result/v6-mixT-20261005/mixT-onlinev6-rep1/control-series.txt
1791207642,2026-10-05T22:40:42+09:00,8627.0,C,1,1,1107101503488,270288453,94813169,1.3507851258447952,active_cumulative,/home/oy/iCAT/result/v6-mixT-20261005/mixT-onlinev6-rep1/control-series.txt
1791207672,2026-10-05T22:41:12+09:00,8657.0,C,1,1,1127418912768,275248758,98513783,1.3579081835493696,active_cumulative,/home/oy/iCAT/result/v6-mixT-20261005/mixT-onlinev6-rep1/control-series.txt
1791207702,2026-10-05T22:41:42+09:00,8687.0,C,1,1,1147787988992,280221677,102144275,1.3645123963768158,active_cumulative,/home/oy/iCAT/result/v6-mixT-20261005/mixT-onlinev6-rep1/control-series.txt
1791207732,2026-10-05T22:42:12+09:00,8717.0,C,1,1,1168134045696,285188976,105778543,1.3709068438886642,active_cumulative,/home/oy/iCAT/result/v6-mixT-20261005/mixT-onlinev6-rep1/control-series.txt
1791207762,2026-10-05T22:42:42+09:00,8747.0,C,1,1,1188497240064,290160459,109430884,1.3771392021405646,active_cumulative,/home/oy/iCAT/result/v6-mixT-20261005/mixT-onlinev6-rep1/control-series.txt
1791207792,2026-10-05T22:43:12+09:00,8777.0,C,1,1,1208883810304,295137649,113100613,1.3832130986446938,active_cumulative,/home/oy/iCAT/result/v6-mixT-20261005/mixT-onlinev6-rep1/control-series.txt
1791207822,2026-10-05T22:43:42+09:00,8807.0,C,1,1,1229225431040,300103865,116728430,1.3889601021966178,active_cumulative,/home/oy/iCAT/result/v6-mixT-20261005/mixT-onlinev6-rep1/control-series.txt
1791207852,2026-10-05T22:44:12+09:00,8837.0,C,1,1,1249582354432,305073817,120374287,1.394574297406847,active_cumulative,/home/oy/iCAT/result/v6-mixT-20261005/mixT-onlinev6-rep1/control-series.txt
1791207882,2026-10-05T22:44:42+09:00,8867.0,C,1,1,1269930659840,310041665,124024924,1.40002663512983,active_cumulative,/home/oy/iCAT/result/v6-mixT-20261005/mixT-onlinev6-rep1/control-series.txt
1791207912,2026-10-05T22:45:12+09:00,8897.0,C,1,1,1290257637376,315004306,127659655,1.4052632061480455,active_cumulative,/home/oy/iCAT/result/v6-mixT-20261005/mixT-onlinev6-rep1/control-series.txt
1791207942,2026-10-05T22:45:42+09:00,8927.0,C,1,1,1310591516672,319968632,131281212,1.410294006569994,active_cumulative,/home/oy/iCAT/result/v6-mixT-20261005/mixT-onlinev6-rep1/control-series.txt
1791207972,2026-10-05T22:46:12+09:00,8957.0,C,1,1,1330938920960,324936260,134890901,1.415130342793999,active_cumulative,/home/oy/iCAT/result/v6-mixT-20261005/mixT-onlinev6-rep1/control-series.txt
1791208002,2026-10-05T22:46:42+09:00,8987.0,C,1,1,1351252045824,329895519,138525265,1.4199064765108251,active_cumulative,/home/oy/iCAT/result/v6-mixT-20261005/mixT-onlinev6-rep1/control-series.txt
1791208032,2026-10-05T22:47:12+09:00,9017.0,C,1,1,1371627417600,334869975,142162192,1.4245295267215283,active_cumulative,/home/oy/iCAT/result/v6-mixT-20261005/mixT-onlinev6-rep1/control-series.txt
1791208062,2026-10-05T22:47:42+09:00,9047.0,C,1,1,1391949856768,339831508,145804354,1.4290489568142104,active_cumulative,/home/oy/iCAT/result/v6-mixT-20261005/mixT-onlinev6-rep1/control-series.txt
1791208092,2026-10-05T22:48:12+09:00,9077.0,C,1,1,1412265623552,344791412,149438176,1.4334161780108374,active_cumulative,/home/oy/iCAT/result/v6-mixT-20261005/mixT-onlinev6-rep1/control-series.txt
1791208122,2026-10-05T22:48:42+09:00,9107.0,C,1,1,1432604135424,349756869,153043965,1.4375724354966135,active_cumulative,/home/oy/iCAT/result/v6-mixT-20261005/mixT-onlinev6-rep1/control-series.txt
1791208152,2026-10-05T22:49:12+09:00,9137.0,C,1,1,1452939890688,354721653,156656824,1.4416331021100648,active_cumulative,/home/oy/iCAT/result/v6-mixT-20261005/mixT-onlinev6-rep1/control-series.txt
1791208182,2026-10-05T22:49:42+09:00,9167.0,C,1,1,1473286266880,359689030,160253674,1.4455339491449044,active_cumulative,/home/oy/iCAT/result/v6-mixT-20261005/mixT-onlinev6-rep1/control-series.txt
1791208212,2026-10-05T22:50:12+09:00,9197.0,C,1,1,1493614882816,364652071,163852580,1.4493395020372721,active_cumulative,/home/oy/iCAT/result/v6-mixT-20261005/mixT-onlinev6-rep1/control-series.txt
1791208242,2026-10-05T22:50:42+09:00,9227.0,C,1,1,1513990598656,369626611,167463399,1.4530609918667354,active_cumulative,/home/oy/iCAT/result/v6-mixT-20261005/mixT-onlinev6-rep1/control-series.txt
1791208272,2026-10-05T22:51:12+09:00,9257.0,C,1,1,1534326169600,374591350,171067108,1.456676610391564,active_cumulative,/home/oy/iCAT/result/v6-mixT-20261005/mixT-onlinev6-rep1/control-series.txt
1791208302,2026-10-05T22:51:42+09:00,9287.0,C,1,1,1554615209984,379544729,174653239,1.4601651021742947,active_cumulative,/home/oy/iCAT/result/v6-mixT-20261005/mixT-onlinev6-rep1/control-series.txt
1791208332,2026-10-05T22:52:12+09:00,9317.0,C,1,1,1574963040256,384512461,178279830,1.4636516318257888,active_cumulative,/home/oy/iCAT/result/v6-mixT-20261005/mixT-onlinev6-rep1/control-series.txt
1791208362,2026-10-05T22:52:42+09:00,9347.0,C,1,1,1595272904704,389470924,181896970,1.4670360707080665,active_cumulative,/home/oy/iCAT/result/v6-mixT-20261005/mixT-onlinev6-rep1/control-series.txt
1791208392,2026-10-05T22:53:12+09:00,9377.0,C,1,1,1615595565056,394432511,185527456,1.4703655272473217,active_cumulative,/home/oy/iCAT/result/v6-mixT-20261005/mixT-onlinev6-rep1/control-series.txt
1791208422,2026-10-05T22:53:42+09:00,9407.0,C,1,1,1635940917248,399399638,189151268,1.4735889820711354,active_cumulative,/home/oy/iCAT/result/v6-mixT-20261005/mixT-onlinev6-rep1/control-series.txt
1791208452,2026-10-05T22:54:12+09:00,9437.0,C,1,1,1656231473152,404353387,192763663,1.4767207823586253,active_cumulative,/home/oy/iCAT/result/v6-mixT-20261005/mixT-onlinev6-rep1/control-series.txt
1791208482,2026-10-05T22:54:42+09:00,9467.0,C,1,1,1676567474176,409318231,196380907,1.4797756174217414,active_cumulative,/home/oy/iCAT/result/v6-mixT-20261005/mixT-onlinev6-rep1/control-series.txt
1791208512,2026-10-05T22:55:12+09:00,9497.0,C,1,1,1696903979008,414283198,199990220,1.4827379458435097,active_cumulative,/home/oy/iCAT/result/v6-mixT-20261005/mixT-onlinev6-rep1/control-series.txt
1791208542,2026-10-05T22:55:42+09:00,9527.0,C,1,1,1717285146624,419259069,203610312,1.4856431907022147,active_cumulative,/home/oy/iCAT/result/v6-mixT-20261005/mixT-onlinev6-rep1/control-series.txt
1791208572,2026-10-05T22:56:12+09:00,9557.0,C,1,1,1737610395648,424221288,207222400,1.4884771364891995,active_cumulative,/home/oy/iCAT/result/v6-mixT-20261005/mixT-onlinev6-rep1/control-series.txt
1791208602,2026-10-05T22:56:42+09:00,9587.0,C,1,1,1757962186752,429189987,210838059,1.4912464535198953,active_cumulative,/home/oy/iCAT/result/v6-mixT-20261005/mixT-onlinev6-rep1/control-series.txt
1791208632,2026-10-05T22:57:12+09:00,9617.0,C,1,1,1778260234240,434145565,214454504,1.493969123006013,active_cumulative,/home/oy/iCAT/result/v6-mixT-20261005/mixT-onlinev6-rep1/control-series.txt
1791208662,2026-10-05T22:57:42+09:00,9647.0,C,1,1,1798588518400,439108525,218069448,1.4966185705458577,active_cumulative,/home/oy/iCAT/result/v6-mixT-20261005/mixT-onlinev6-rep1/control-series.txt
1791208693,2026-10-05T22:58:13+09:00,9678.0,C,1,1,1818917806080,444071730,221682123,1.4992034124757279,active_cumulative,/home/oy/iCAT/result/v6-mixT-20261005/mixT-onlinev6-rep1/control-series.txt
1791208723,2026-10-05T22:58:43+09:00,9708.0,C,1,1,1839272644608,449041173,225297080,1.5017292256182486,active_cumulative,/home/oy/iCAT/result/v6-mixT-20261005/mixT-onlinev6-rep1/control-series.txt
1791208753,2026-10-05T22:59:13+09:00,9738.0,C,1,1,1859626483712,454010372,228918326,1.5042138684884494,active_cumulative,/home/oy/iCAT/result/v6-mixT-20261005/mixT-onlinev6-rep1/control-series.txt
1791208783,2026-10-05T22:59:43+09:00,9768.0,C,1,1,1879984771072,458980657,232547887,1.5066616282263068,active_cumulative,/home/oy/iCAT/result/v6-mixT-20261005/mixT-onlinev6-rep1/control-series.txt
1791208813,2026-10-05T23:00:13+09:00,9798.0,C,1,1,1900335083520,463948995,236152459,1.5090052172653161,active_cumulative,/home/oy/iCAT/result/v6-mixT-20261005/mixT-onlinev6-rep1/control-series.txt
1791208843,2026-10-05T23:00:43+09:00,9828.0,C,1,1,1920702644224,468921544,239779470,1.5113424048608013,active_cumulative,/home/oy/iCAT/result/v6-mixT-20261005/mixT-onlinev6-rep1/control-series.txt
1791208873,2026-10-05T23:01:13+09:00,9858.0,C,1,1,1941054365696,473890226,243403042,1.5136274787823965,active_cumulative,/home/oy/iCAT/result/v6-mixT-20261005/mixT-onlinev6-rep1/control-series.txt
1791208903,2026-10-05T23:01:43+09:00,9888.0,C,1,1,1961436057600,478866225,247024682,1.515853215582285,active_cumulative,/home/oy/iCAT/result/v6-mixT-20261005/mixT-onlinev6-rep1/control-series.txt
1791208933,2026-10-05T23:02:13+09:00,9918.0,C,1,1,1981799432192,483837752,250632627,1.5180096550217108,active_cumulative,/home/oy/iCAT/result/v6-mixT-20261005/mixT-onlinev6-rep1/control-series.txt
1791208963,2026-10-05T23:02:43+09:00,9948.0,C,1,1,2002148798464,488805859,254246837,1.5201386855716883,active_cumulative,/home/oy/iCAT/result/v6-mixT-20261005/mixT-onlinev6-rep1/control-series.txt
1791208993,2026-10-05T23:03:13+09:00,9978.0,C,1,1,2022515748864,493778259,257875977,1.5222505695618325,active_cumulative,/home/oy/iCAT/result/v6-mixT-20261005/mixT-onlinev6-rep1/control-series.txt
1791209023,2026-10-05T23:03:43+09:00,10008.0,C,1,1,2042880675840,498750165,261497107,1.5243048029868822,active_cumulative,/home/oy/iCAT/result/v6-mixT-20261005/mixT-onlinev6-rep1/control-series.txt
1791209053,2026-10-05T23:04:13+09:00,10038.0,C,1,1,2063203569664,503711809,265100241,1.5262934802467574,active_cumulative,/home/oy/iCAT/result/v6-mixT-20261005/mixT-onlinev6-rep1/control-series.txt
1791209083,2026-10-05T23:04:43+09:00,10068.0,C,1,1,2083577384960,508685885,268739331,1.5283011361716867,active_cumulative,/home/oy/iCAT/result/v6-mixT-20261005/mixT-onlinev6-rep1/control-series.txt
1791209113,2026-10-05T23:05:13+09:00,10098.0,C,1,1,2103963922432,513663067,272359939,1.5302307222333351,active_cumulative,/home/oy/iCAT/result/v6-mixT-20261005/mixT-onlinev6-rep1/control-series.txt
1791209143,2026-10-05T23:05:43+09:00,10128.0,C,1,1,2124373487616,518645871,275967805,1.5320929374563554,active_cumulative,/home/oy/iCAT/result/v6-mixT-20261005/mixT-onlinev6-rep1/control-series.txt
1791209173,2026-10-05T23:06:13+09:00,10158.0,C,1,1,2144772640768,523626133,279600158,1.5339690675828053,active_cumulative,/home/oy/iCAT/result/v6-mixT-20261005/mixT-onlinev6-rep1/control-series.txt
1791209203,2026-10-05T23:06:43+09:00,10188.0,C,1,1,2165144543232,528599742,283223508,1.535799557768229,active_cumulative,/home/oy/iCAT/result/v6-mixT-20261005/mixT-onlinev6-rep1/control-series.txt
1791209233,2026-10-05T23:07:13+09:00,10218.0,C,1,1,2185515212800,533573050,286832636,1.5375695717765354,active_cumulative,/home/oy/iCAT/result/v6-mixT-20261005/mixT-onlinev6-rep1/control-series.txt
1791209263,2026-10-05T23:07:43+09:00,10248.0,C,1,1,2205917368320,538554045,290454396,1.5393226523811552,active_cumulative,/home/oy/iCAT/result/v6-mixT-20261005/mixT-onlinev6-rep1/control-series.txt
1791209293,2026-10-05T23:08:13+09:00,10278.0,C,1,1,2226260615168,543520658,294073577,1.541053173732359,active_cumulative,/home/oy/iCAT/result/v6-mixT-20261005/mixT-onlinev6-rep1/control-series.txt
1791209323,2026-10-05T23:08:43+09:00,10308.0,C,1,1,2246637228032,548495417,297672469,1.5427073039700532,active_cumulative,/home/oy/iCAT/result/v6-mixT-20261005/mixT-onlinev6-rep1/control-series.txt
1791209353,2026-10-05T23:09:13+09:00,10338.0,C,1,1,2267010772992,553469427,301261319,1.5443142914558856,active_cumulative,/home/oy/iCAT/result/v6-mixT-20261005/mixT-onlinev6-rep1/control-series.txt
1791209383,2026-10-05T23:09:43+09:00,10368.0,C,1,1,2287365935104,558438949,304865640,1.5459247435121148,active_cumulative,/home/oy/iCAT/result/v6-mixT-20261005/mixT-onlinev6-rep1/control-series.txt
1791209413,2026-10-05T23:10:13+09:00,10398.0,C,1,1,2307690237952,563400937,308446363,1.5474722222551078,active_cumulative,/home/oy/iCAT/result/v6-mixT-20261005/mixT-onlinev6-rep1/control-series.txt
1791209443,2026-10-05T23:10:43+09:00,10428.0,C,1,1,2328050851840,568371790,312040540,1.5490077894260024,active_cumulative,/home/oy/iCAT/result/v6-mixT-20261005/mixT-onlinev6-rep1/control-series.txt
1791209473,2026-10-05T23:11:13+09:00,10458.0,C,1,1,2348450209792,573352102,315634622,1.5505074820498348,active_cumulative,/home/oy/iCAT/result/v6-mixT-20261005/mixT-onlinev6-rep1/control-series.txt
1791209503,2026-10-05T23:11:43+09:00,10488.0,C,1,1,2368817659904,578324624,319226975,1.5519857909422166,active_cumulative,/home/oy/iCAT/result/v6-mixT-20261005/mixT-onlinev6-rep1/control-series.txt
1791209533,2026-10-05T23:12:13+09:00,10518.0,C,1,1,2389129297920,583283520,322828962,1.5534683407479095,active_cumulative,/home/oy/iCAT/result/v6-mixT-20261005/mixT-onlinev6-rep1/control-series.txt
1791209563,2026-10-05T23:12:43+09:00,10548.0,C,1,1,2409463906304,588248024,326428916,1.5549171483489759,active_cumulative,/home/oy/iCAT/result/v6-mixT-20261005/mixT-onlinev6-rep1/control-series.txt
1791209593,2026-10-05T23:13:13+09:00,10578.0,C,1,1,2429819469824,593217644,330027520,1.5563346325551977,active_cumulative,/home/oy/iCAT/result/v6-mixT-20261005/mixT-onlinev6-rep1/control-series.txt
1791209623,2026-10-05T23:13:43+09:00,10608.0,C,1,1,2450140233728,598178768,333617810,1.5577225870377265,active_cumulative,/home/oy/iCAT/result/v6-mixT-20261005/mixT-onlinev6-rep1/control-series.txt
1791209653,2026-10-05T23:14:13+09:00,10638.0,C,1,1,2470499696640,603149340,337213412,1.5590877576024538,active_cumulative,/home/oy/iCAT/result/v6-mixT-20261005/mixT-onlinev6-rep1/control-series.txt
1791209683,2026-10-05T23:14:43+09:00,10668.0,C,1,1,2490846789632,608116892,340786845,1.5603969392779176,active_cumulative,/home/oy/iCAT/result/v6-mixT-20261005/mixT-onlinev6-rep1/control-series.txt
1791209713,2026-10-05T23:15:13+09:00,10698.0,C,1,1,2511211651072,613088782,344384987,1.5617212337119553,active_cumulative,/home/oy/iCAT/result/v6-mixT-20261005/mixT-onlinev6-rep1/control-series.txt
1791209743,2026-10-05T23:15:43+09:00,10728.0,C,1,1,2531567071232,618058367,347999640,1.5630530360573536,active_cumulative,/home/oy/iCAT/result/v6-mixT-20261005/mixT-onlinev6-rep1/control-series.txt
1791209773,2026-10-05T23:16:13+09:00,10758.0,C,1,1,2551936069632,623031267,351593934,1.5643279119729958,active_cumulative,/home/oy/iCAT/result/v6-mixT-20261005/mixT-onlinev6-rep1/control-series.txt
1791209803,2026-10-05T23:16:43+09:00,10788.0,C,1,1,2572277780480,627997505,355202670,1.5656115942689932,active_cumulative,/home/oy/iCAT/result/v6-mixT-20261005/mixT-onlinev6-rep1/control-series.txt
1791209833,2026-10-05T23:17:13+09:00,10818.0,C,1,1,2592659902464,632973609,358801453,1.5668505730702589,active_cumulative,/home/oy/iCAT/result/v6-mixT-20261005/mixT-onlinev6-rep1/control-series.txt
1791209863,2026-10-05T23:17:43+09:00,10848.0,C,1,1,2613011492864,637942259,362383743,1.5680510075755931,active_cumulative,/home/oy/iCAT/result/v6-mixT-20261005/mixT-onlinev6-rep1/control-series.txt
1791209893,2026-10-05T23:18:13+09:00,10878.0,C,1,1,2633379684352,642914962,365968788,1.5692335839588067,active_cumulative,/home/oy/iCAT/result/v6-mixT-20261005/mixT-onlinev6-rep1/control-series.txt
1791209923,2026-10-05T23:18:43+09:00,10908.0,C,1,1,2653744869376,647886931,369564569,1.570415224195964,active_cumulative,/home/oy/iCAT/result/v6-mixT-20261005/mixT-onlinev6-rep1/control-series.txt
1791209953,2026-10-05T23:19:13+09:00,10938.0,C,1,1,2674111520768,652859258,373165096,1.5715858225602433,active_cumulative,/home/oy/iCAT/result/v6-mixT-20261005/mixT-onlinev6-rep1/control-series.txt
1791209983,2026-10-05T23:19:43+09:00,10968.0,C,1,1,2694542811136,657847366,376759176,1.5727151851209205,active_cumulative,/home/oy/iCAT/result/v6-mixT-20261005/mixT-onlinev6-rep1/control-series.txt
1791210013,2026-10-05T23:20:13+09:00,10998.0,C,1,1,2714907901952,662819312,380348254,1.573833995349852,active_cumulative,/home/oy/iCAT/result/v6-mixT-20261005/mixT-onlinev6-rep1/control-series.txt
1791210043,2026-10-05T23:20:43+09:00,11028.0,C,1,1,2735270068224,667790544,383936836,1.5749360176624485,active_cumulative,/home/oy/iCAT/result/v6-mixT-20261005/mixT-onlinev6-rep1/control-series.txt
1791210073,2026-10-05T23:21:13+09:00,11058.0,C,1,1,2755620270080,672758855,387523564,1.5760214988177301,active_cumulative,/home/oy/iCAT/result/v6-mixT-20261005/mixT-onlinev6-rep1/control-series.txt
1791210103,2026-10-05T23:21:43+09:00,11088.0,C,1,1,2776010797056,677737011,391133076,1.577116299761885,active_cumulative,/home/oy/iCAT/result/v6-mixT-20261005/mixT-onlinev6-rep1/control-series.txt
1791210133,2026-10-05T23:22:13+09:00,11118.0,C,1,1,2796294377472,682689057,394690735,1.578141294273009,active_cumulative,/home/oy/iCAT/result/v6-mixT-20261005/mixT-onlinev6-rep1/control-series.txt
1791210163,2026-10-05T23:22:43+09:00,11148.0,C,1,1,2816622964736,687652091,398276687,1.579183415876503,active_cumulative,/home/oy/iCAT/result/v6-mixT-20261005/mixT-onlinev6-rep1/control-series.txt
1791210193,2026-10-05T23:23:13+09:00,11178.0,C,1,1,2836924932096,692608626,401865282,1.5802198628695683,active_cumulative,/home/oy/iCAT/result/v6-mixT-20261005/mixT-onlinev6-rep1/control-series.txt
1791210223,2026-10-05T23:23:43+09:00,11208.0,C,1,1,2857287254016,697579896,405467447,1.581248756343173,active_cumulative,/home/oy/iCAT/result/v6-mixT-20261005/mixT-onlinev6-rep1/control-series.txt
1791210253,2026-10-05T23:24:13+09:00,11238.0,C,1,1,2877690359808,702561123,409065685,1.5822492472302656,active_cumulative,/home/oy/iCAT/result/v6-mixT-20261005/mixT-onlinev6-rep1/control-series.txt
1791210283,2026-10-05T23:24:43+09:00,11268.0,C,1,1,2898032640000,707527500,412650103,1.5832283593217225,active_cumulative,/home/oy/iCAT/result/v6-mixT-20261005/mixT-onlinev6-rep1/control-series.txt
1791210313,2026-10-05T23:25:13+09:00,11298.0,C,1,1,2917898776576,712377631,416172830,1.5842025519748528,active_cumulative,/home/oy/iCAT/result/v6-mixT-20261005/mixT-onlinev6-rep1/control-series.txt
1791210343,2026-10-05T23:25:43+09:00,11328.0,C,1,1,2934332923904,716389874,418964690,1.5848277665633224,active_cumulative,/home/oy/iCAT/result/v6-mixT-20261005/mixT-onlinev6-rep1/control-series.txt
1791210373,2026-10-05T23:26:13+09:00,11358.0,C,1,1,2950707585024,720387594,421744417,1.5854409772081666,active_cumulative,/home/oy/iCAT/result/v6-mixT-20261005/mixT-onlinev6-rep1/control-series.txt
1791210403,2026-10-05T23:26:43+09:00,11388.0,C,1,1,2970793512960,725291385,425287576,1.586367885784277,active_cumulative,/home/oy/iCAT/result/v6-mixT-20261005/mixT-onlinev6-rep1/control-series.txt
1791210433,2026-10-05T23:27:13+09:00,11418.0,C,1,1,2989934743552,729964537,428641992,1.58720933726675,active_cumulative,/home/oy/iCAT/result/v6-mixT-20261005/mixT-onlinev6-rep1/control-series.txt
1791210463,2026-10-05T23:27:43+09:00,11448.0,C,1,1,3006384590848,733980613,431422477,1.5877845672743947,active_cumulative,/home/oy/iCAT/result/v6-mixT-20261005/mixT-onlinev6-rep1/control-series.txt
1791210493,2026-10-05T23:28:13+09:00,11478.0,C,1,1,3022899220480,738012505,434227918,1.5883747430539812,active_cumulative,/home/oy/iCAT/result/v6-mixT-20261005/mixT-onlinev6-rep1/control-series.txt
1791210523,2026-10-05T23:28:43+09:00,11508.0,C,1,1,3039700660224,742114419,437090331,1.588979704219977,active_cumulative,/home/oy/iCAT/result/v6-mixT-20261005/mixT-onlinev6-rep1/control-series.txt
1791210553,2026-10-05T23:29:13+09:00,11538.0,C,1,1,3060055773184,747083929,440666640,1.5898489083948693,active_cumulative,/home/oy/iCAT/result/v6-mixT-20261005/mixT-onlinev6-rep1/control-series.txt
1791210583,2026-10-05T23:29:43+09:00,11568.0,C,1,1,3080433168384,752058879,444265071,1.590731767691822,active_cumulative,/home/oy/iCAT/result/v6-mixT-20261005/mixT-onlinev6-rep1/control-series.txt
1791210613,2026-10-05T23:30:13+09:00,11598.0,C,1,1,3100775145472,757025182,447852386,1.5915950970307353,active_cumulative,/home/oy/iCAT/result/v6-mixT-20261005/mixT-onlinev6-rep1/control-series.txt
1791210643,2026-10-05T23:30:43+09:00,11628.0,C,1,1,3121106575360,761988910,451443945,1.592454744518526,active_cumulative,/home/oy/iCAT/result/v6-mixT-20261005/mixT-onlinev6-rep1/control-series.txt
1791210673,2026-10-05T23:31:13+09:00,11658.0,C,1,1,3141480976384,766963129,455043159,1.5933051300566496,active_cumulative,/home/oy/iCAT/result/v6-mixT-20261005/mixT-onlinev6-rep1/control-series.txt
1791210703,2026-10-05T23:31:43+09:00,11688.0,C,1,1,3161802747904,771924499,458633857,1.5941434137589148,active_cumulative,/home/oy/iCAT/result/v6-mixT-20261005/mixT-onlinev6-rep1/control-series.txt
1791210733,2026-10-05T23:32:13+09:00,11718.0,C,1,1,3182157111296,776893826,462222728,1.5949625451135971,active_cumulative,/home/oy/iCAT/result/v6-mixT-20261005/mixT-onlinev6-rep1/control-series.txt
1791210763,2026-10-05T23:32:43+09:00,11748.0,C,1,1,3202519756800,781865175,465840858,1.595807145394345,active_cumulative,/home/oy/iCAT/result/v6-mixT-20261005/mixT-onlinev6-rep1/control-series.txt
1791210793,2026-10-05T23:33:13+09:00,11778.0,C,1,1,3222888288256,786837961,469438361,1.596613768358845,active_cumulative,/home/oy/iCAT/result/v6-mixT-20261005/mixT-onlinev6-rep1/control-series.txt
1791210823,2026-10-05T23:33:43+09:00,11808.0,C,1,1,3243231862784,791804654,473037647,1.5974171086395255,active_cumulative,/home/oy/iCAT/result/v6-mixT-20261005/mixT-onlinev6-rep1/control-series.txt
1791210853,2026-10-05T23:34:13+09:00,11838.0,C,1,1,3263561392128,796767918,476650933,1.5982305791082316,active_cumulative,/home/oy/iCAT/result/v6-mixT-20261005/mixT-onlinev6-rep1/control-series.txt
1791210883,2026-10-05T23:34:43+09:00,11868.0,C,1,1,3283908825088,801735553,480217972,1.5989730282049748,active_cumulative,/home/oy/iCAT/result/v6-mixT-20261005/mixT-onlinev6-rep1/control-series.txt
1791210913,2026-10-05T23:35:13+09:00,11898.0,C,1,1,3304261140480,806704380,483788511,1.5997097858821592,active_cumulative,/home/oy/iCAT/result/v6-mixT-20261005/mixT-onlinev6-rep1/control-series.txt
1791210943,2026-10-05T23:35:43+09:00,11928.0,C,1,1,3324606603264,811671534,487387273,1.6004735321911634,active_cumulative,/home/oy/iCAT/result/v6-mixT-20261005/mixT-onlinev6-rep1/control-series.txt
1791210973,2026-10-05T23:36:13+09:00,11958.0,C,1,1,3344972521472,816643682,490977902,1.6012143518916,active_cumulative,/home/oy/iCAT/result/v6-mixT-20261005/mixT-onlinev6-rep1/control-series.txt
1791211003,2026-10-05T23:36:43+09:00,11988.0,C,1,1,3365339414528,821616068,494581093,1.6019613202111818,active_cumulative,/home/oy/iCAT/result/v6-mixT-20261005/mixT-onlinev6-rep1/control-series.txt
1791211033,2026-10-05T23:37:13+09:00,12018.0,C,1,1,3385752514560,826599735,498181021,1.6026871288556608,active_cumulative,/home/oy/iCAT/result/v6-mixT-20261005/mixT-onlinev6-rep1/control-series.txt
1791211063,2026-10-05T23:37:43+09:00,12048.0,D,1,1,3397899399168,829565283,500333095,1.603126848788343,active_cumulative,/home/oy/iCAT/result/v6-mixT-20261005/mixT-onlinev6-rep1/control-series.txt
1791211093,2026-10-05T23:38:13+09:00,12078.0,D,1,1,3398263160832,829654092,500408963,1.6031537333754269,active_cumulative,/home/oy/iCAT/result/v6-mixT-20261005/mixT-onlinev6-rep1/control-series.txt
1791211123,2026-10-05T23:38:43+09:00,12108.0,D,1,1,3398636752896,829745301,500410832,1.6030896847465244,active_cumulative,/home/oy/iCAT/result/v6-mixT-20261005/mixT-onlinev6-rep1/control-series.txt
1791211153,2026-10-05T23:39:13+09:00,12138.0,D,1,1,3399001214976,829834281,500411068,1.603025302108482,active_cumulative,/home/oy/iCAT/result/v6-mixT-20261005/mixT-onlinev6-rep1/control-series.txt
1791211183,2026-10-05T23:39:43+09:00,12168.0,D,1,1,3399366565888,829923478,500411068,1.6029604912562794,active_cumulative,/home/oy/iCAT/result/v6-mixT-20261005/mixT-onlinev6-rep1/control-series.txt
1791211213,2026-10-05T23:40:13+09:00,12198.0,D,1,1,3399710183424,830007369,500411068,1.6028995484737678,active_cumulative,/home/oy/iCAT/result/v6-mixT-20261005/mixT-onlinev6-rep1/control-series.txt
1791211243,2026-10-05T23:40:43+09:00,12228.0,D,1,1,3400077176832,830096967,500411068,1.6028344734332705,active_cumulative,/home/oy/iCAT/result/v6-mixT-20261005/mixT-onlinev6-rep1/control-series.txt
1791211273,2026-10-05T23:41:13+09:00,12258.0,D,1,1,3400440373248,830185638,500411070,1.6027700879113498,active_cumulative,/home/oy/iCAT/result/v6-mixT-20261005/mixT-onlinev6-rep1/control-series.txt
1791211303,2026-10-05T23:41:43+09:00,12288.0,D,1,1,3400804794368,830274608,500411070,1.6027054966855014,active_cumulative,/home/oy/iCAT/result/v6-mixT-20261005/mixT-onlinev6-rep1/control-series.txt
1791211333,2026-10-05T23:42:13+09:00,12318.0,D,1,1,3400804868096,830274626,500411070,1.6027054836191033,active_cumulative,/home/oy/iCAT/result/v6-mixT-20261005/mixT-onlinev6-rep1/control-series.txt
1791211363,2026-10-05T23:42:43+09:00,12348.0,D,1,1,3401171767296,830364201,500411070,1.6026404671556884,active_cumulative,/home/oy/iCAT/result/v6-mixT-20261005/mixT-onlinev6-rep1/control-series.txt
1791211393,2026-10-05T23:43:13+09:00,12378.0,D,1,1,3401535836160,830453085,500411106,1.602576009456332,active_cumulative,/home/oy/iCAT/result/v6-mixT-20261005/mixT-onlinev6-rep1/control-series.txt
1791211423,2026-10-05T23:43:43+09:00,12408.0,D,1,1,3401903738880,830542905,500411117,1.6025108564379345,active_cumulative,/home/oy/iCAT/result/v6-mixT-20261005/mixT-onlinev6-rep1/control-series.txt
1791211453,2026-10-05T23:44:13+09:00,12438.0,D,1,1,3402270937088,830632553,500411155,1.6024458747645542,active_cumulative,/home/oy/iCAT/result/v6-mixT-20261005/mixT-onlinev6-rep1/control-series.txt
1791211483,2026-10-05T23:44:43+09:00,12468.0,D,1,1,3402621464576,830718131,500411159,1.602383817478037,active_cumulative,/home/oy/iCAT/result/v6-mixT-20261005/mixT-onlinev6-rep1/control-series.txt
1791211513,2026-10-05T23:45:13+09:00,12498.0,D,1,1,3402982776832,830806342,500411159,1.6023198592771455,active_cumulative,/home/oy/iCAT/result/v6-mixT-20261005/mixT-onlinev6-rep1/control-series.txt
1791211543,2026-10-05T23:45:43+09:00,12528.0,D,1,1,3403349651456,830895911,500411172,1.6022549459868505,active_cumulative,/home/oy/iCAT/result/v6-mixT-20261005/mixT-onlinev6-rep1/control-series.txt
1791211573,2026-10-05T23:46:13+09:00,12558.0,D,1,1,3403714048000,830984875,500411224,1.6021905320478909,active_cumulative,/home/oy/iCAT/result/v6-mixT-20261005/mixT-onlinev6-rep1/control-series.txt
1791211603,2026-10-05T23:46:43+09:00,12588.0,D,1,1,3404081102848,831074488,500411224,1.6021255991195822,active_cumulative,/home/oy/iCAT/result/v6-mixT-20261005/mixT-onlinev6-rep1/control-series.txt
1791211633,2026-10-05T23:47:13+09:00,12618.0,D,1,1,3404447547392,831163952,500411264,1.6020608362476239,active_cumulative,/home/oy/iCAT/result/v6-mixT-20261005/mixT-onlinev6-rep1/control-series.txt
1791211663,2026-10-05T23:47:43+09:00,12648.0,D,1,1,3404817752064,831254334,500411337,1.601995462197494,active_cumulative,/home/oy/iCAT/result/v6-mixT-20261005/mixT-onlinev6-rep1/control-series.txt
1791211693,2026-10-05T23:48:13+09:00,12678.0,D,1,1,3405186564096,831344376,500411375,1.601930306436571,active_cumulative,/home/oy/iCAT/result/v6-mixT-20261005/mixT-onlinev6-rep1/control-series.txt
1791211723,2026-10-05T23:48:43+09:00,12708.0,D,1,1,3405539475456,831430536,500411388,1.6018679448646087,active_cumulative,/home/oy/iCAT/result/v6-mixT-20261005/mixT-onlinev6-rep1/control-series.txt
1791211753,2026-10-05T23:49:13+09:00,12738.0,D,1,1,3405904687104,831519699,500411388,1.6018034071854261,active_cumulative,/home/oy/iCAT/result/v6-mixT-20261005/mixT-onlinev6-rep1/control-series.txt
1791211783,2026-10-05T23:49:43+09:00,12768.0,D,1,1,3406270836736,831609091,500411389,1.6017387188471703,active_cumulative,/home/oy/iCAT/result/v6-mixT-20261005/mixT-onlinev6-rep1/control-series.txt
1791211813,2026-10-05T23:50:13+09:00,12798.0,D,1,1,3406640037888,831699228,500411421,1.6016735427341289,active_cumulative,/home/oy/iCAT/result/v6-mixT-20261005/mixT-onlinev6-rep1/control-series.txt
1791211844,2026-10-05T23:50:44+09:00,12829.0,D,1,1,3407004979200,831788325,500411472,1.601609155790928,active_cumulative,/home/oy/iCAT/result/v6-mixT-20261005/mixT-onlinev6-rep1/control-series.txt
1791211874,2026-10-05T23:51:14+09:00,12859.0,D,1,1,3407360356352,831875087,500411472,1.6015464098157324,active_cumulative,/home/oy/iCAT/result/v6-mixT-20261005/mixT-onlinev6-rep1/control-series.txt
1791211904,2026-10-05T23:51:44+09:00,12889.0,D,1,1,3407725858816,831964321,500411472,1.601481889750414,active_cumulative,/home/oy/iCAT/result/v6-mixT-20261005/mixT-onlinev6-rep1/control-series.txt
1791211934,2026-10-05T23:52:14+09:00,12919.0,D,1,1,3408091017216,832053471,500411474,1.6014174466438829,active_cumulative,/home/oy/iCAT/result/v6-mixT-20261005/mixT-onlinev6-rep1/control-series.txt
1791211964,2026-10-05T23:52:44+09:00,12949.0,D,1,1,3408458293248,832143138,500411491,1.6013526617580545,active_cumulative,/home/oy/iCAT/result/v6-mixT-20261005/mixT-onlinev6-rep1/control-series.txt
1791211994,2026-10-05T23:53:14+09:00,12979.0,D,1,1,3408823848960,832232385,500411536,1.601288227926867,active_cumulative,/home/oy/iCAT/result/v6-mixT-20261005/mixT-onlinev6-rep1/control-series.txt
1791212024,2026-10-05T23:53:44+09:00,13009.0,D,1,1,3409195941888,832323228,500411670,1.6012227619820794,active_cumulative,/home/oy/iCAT/result/v6-mixT-20261005/mixT-onlinev6-rep1/control-series.txt
1791212054,2026-10-05T23:54:14+09:00,13039.0,D,1,1,3409566273536,832413641,500411797,1.6011576124567617,active_cumulative,/home/oy/iCAT/result/v6-mixT-20261005/mixT-onlinev6-rep1/control-series.txt
1791212084,2026-10-05T23:54:44+09:00,13069.0,D,1,1,3409932365824,832503019,500411798,1.6010930730330482,active_cumulative,/home/oy/iCAT/result/v6-mixT-20261005/mixT-onlinev6-rep1/control-series.txt
1791212114,2026-10-05T23:55:14+09:00,13099.0,D,1,1,3409932439552,832503037,500411798,1.6010930600364885,active_cumulative,/home/oy/iCAT/result/v6-mixT-20261005/mixT-onlinev6-rep1/control-series.txt
1791212144,2026-10-05T23:55:44+09:00,13129.0,D,1,1,3410277474304,832587274,500411798,1.6010322444587353,active_cumulative,/home/oy/iCAT/result/v6-mixT-20261005/mixT-onlinev6-rep1/control-series.txt
1791212174,2026-10-05T23:56:14+09:00,13159.0,D,1,1,3410642063360,832676285,500411798,1.6009679956238936,active_cumulative,/home/oy/iCAT/result/v6-mixT-20261005/mixT-onlinev6-rep1/control-series.txt
1791212204,2026-10-05T23:56:44+09:00,13189.0,D,1,1,3411009769472,832766057,500411802,1.6009032162078143,active_cumulative,/home/oy/iCAT/result/v6-mixT-20261005/mixT-onlinev6-rep1/control-series.txt
1791212234,2026-10-05T23:57:14+09:00,13219.0,D,1,1,3411381104640,832856715,500411866,1.600837883620834,active_cumulative,/home/oy/iCAT/result/v6-mixT-20261005/mixT-onlinev6-rep1/control-series.txt
1791212264,2026-10-05T23:57:44+09:00,13249.0,D,1,1,3411748413440,832946390,500411912,1.6007732526459475,active_cumulative,/home/oy/iCAT/result/v6-mixT-20261005/mixT-onlinev6-rep1/control-series.txt
1791212294,2026-10-05T23:58:14+09:00,13279.0,D,1,1,3412120481792,833037227,500411926,1.6007077592463945,active_cumulative,/home/oy/iCAT/result/v6-mixT-20261005/mixT-onlinev6-rep1/control-series.txt
1791212324,2026-10-05T23:58:44+09:00,13309.0,D,1,1,3412486369280,833126555,500411965,1.6006433980489314,active_cumulative,/home/oy/iCAT/result/v6-mixT-20261005/mixT-onlinev6-rep1/control-series.txt
1791212354,2026-10-05T23:59:14+09:00,13339.0,D,1,1,3412848443392,833214952,500411965,1.600579674907226,active_cumulative,/home/oy/iCAT/result/v6-mixT-20261005/mixT-onlinev6-rep1/control-series.txt
1791212384,2026-10-05T23:59:44+09:00,13369.0,D,1,1,3413191974912,833298822,500411965,1.6005192276630869,active_cumulative,/home/oy/iCAT/result/v6-mixT-20261005/mixT-onlinev6-rep1/control-series.txt
1791212414,2026-10-06T00:00:14+09:00,13399.0,D,1,1,3413554307072,833387282,500411965,1.6004554854725992,active_cumulative,/home/oy/iCAT/result/v6-mixT-20261005/mixT-onlinev6-rep1/control-series.txt
1791212444,2026-10-06T00:00:44+09:00,13429.0,D,1,1,3413924167680,833477580,500411995,1.6003904688114106,active_cumulative,/home/oy/iCAT/result/v6-mixT-20261005/mixT-onlinev6-rep1/control-series.txt
1791212474,2026-10-06T00:01:14+09:00,13459.0,D,1,1,3414291263488,833567203,500412034,1.6003259631605251,active_cumulative,/home/oy/iCAT/result/v6-mixT-20261005/mixT-onlinev6-rep1/control-series.txt
1791212504,2026-10-06T00:01:44+09:00,13489.0,D,1,1,3414660927488,833657453,500412044,1.6002609851315035,active_cumulative,/home/oy/iCAT/result/v6-mixT-20261005/mixT-onlinev6-rep1/control-series.txt
1791212534,2026-10-06T00:02:14+09:00,13519.0,D,1,1,3415025172480,833746380,500412082,1.600197007152223,active_cumulative,/home/oy/iCAT/result/v6-mixT-20261005/mixT-onlinev6-rep1/control-series.txt
1791212564,2026-10-06T00:02:44+09:00,13549.0,D,1,1,3415397744640,833837340,500412139,1.600131602405812,active_cumulative,/home/oy/iCAT/result/v6-mixT-20261005/mixT-onlinev6-rep1/control-series.txt
1791212594,2026-10-06T00:03:14+09:00,13579.0,D,1,1,3415768186880,833927780,500412187,1.6000665753094352,active_cumulative,/home/oy/iCAT/result/v6-mixT-20261005/mixT-onlinev6-rep1/control-series.txt
1791212624,2026-10-06T00:03:44+09:00,13609.0,D,1,1,3416112508928,834011843,500412192,1.6000060984745512,active_cumulative,/home/oy/iCAT/result/v6-mixT-20261005/mixT-onlinev6-rep1/control-series.txt
1791212654,2026-10-06T00:04:14+09:00,13639.0,D,1,1,3416478535680,834101205,500412192,1.5999418164130335,active_cumulative,/home/oy/iCAT/result/v6-mixT-20261005/mixT-onlinev6-rep1/control-series.txt
1791212684,2026-10-06T00:04:44+09:00,13669.0,D,1,1,3416843251712,834190247,500412192,1.5998777782401956,active_cumulative,/home/oy/iCAT/result/v6-mixT-20261005/mixT-onlinev6-rep1/control-series.txt
1791212714,2026-10-06T00:05:14+09:00,13699.0,D,1,1,3417206943744,834279039,500412192,1.599813933476998,active_cumulative,/home/oy/iCAT/result/v6-mixT-20261005/mixT-onlinev6-rep1/control-series.txt
1791212744,2026-10-06T00:05:44+09:00,13729.0,D,1,1,3417868361728,834440518,500416066,1.5997025015029291,active_cumulative,/home/oy/iCAT/result/v6-mixT-20261005/mixT-onlinev6-rep1/control-series.txt
1791212774,2026-10-06T00:06:14+09:00,13759.0,D,1,1,3418237771776,834530706,500416125,1.5996377621604254,active_cumulative,/home/oy/iCAT/result/v6-mixT-20261005/mixT-onlinev6-rep1/control-series.txt
1791212804,2026-10-06T00:06:44+09:00,13789.0,D,1,1,3418605735936,834620541,500416127,1.5995732221021384,active_cumulative,/home/oy/iCAT/result/v6-mixT-20261005/mixT-onlinev6-rep1/control-series.txt
1791212834,2026-10-06T00:07:14+09:00,13819.0,D,1,1,3418976866304,834711149,500416140,1.5995081539278684,active_cumulative,/home/oy/iCAT/result/v6-mixT-20261005/mixT-onlinev6-rep1/control-series.txt
1791212864,2026-10-06T00:07:44+09:00,13849.0,D,1,1,3418976940032,834711167,500416140,1.5995081409998675,active_cumulative,/home/oy/iCAT/result/v6-mixT-20261005/mixT-onlinev6-rep1/control-series.txt
1791212894,2026-10-06T00:08:14+09:00,13879.0,D,1,1,3419341017088,834800053,500416170,1.5994443438301986,active_cumulative,/home/oy/iCAT/result/v6-mixT-20261005/mixT-onlinev6-rep1/control-series.txt
1791212924,2026-10-06T00:08:44+09:00,13909.0,D,1,1,3419711102976,834890406,500416171,1.5993794723280124,active_cumulative,/home/oy/iCAT/result/v6-mixT-20261005/mixT-onlinev6-rep1/control-series.txt
1791212954,2026-10-06T00:09:14+09:00,13939.0,D,1,1,3420083908608,834981423,500416204,1.599314176598154,active_cumulative,/home/oy/iCAT/result/v6-mixT-20261005/mixT-onlinev6-rep1/control-series.txt
1791212984,2026-10-06T00:09:44+09:00,13969.0,D,1,1,3420446801920,835070020,500416251,1.59925064846658,active_cumulative,/home/oy/iCAT/result/v6-mixT-20261005/mixT-onlinev6-rep1/control-series.txt
1791213014,2026-10-06T00:10:14+09:00,13999.0,D,1,1,3420814426112,835159772,500416251,1.5991862488798132,active_cumulative,/home/oy/iCAT/result/v6-mixT-20261005/mixT-onlinev6-rep1/control-series.txt
1791213044,2026-10-06T00:10:44+09:00,14029.0,D,1,1,3421184430080,835250105,500416251,1.5991214463840144,active_cumulative,/home/oy/iCAT/result/v6-mixT-20261005/mixT-onlinev6-rep1/control-series.txt
1791213074,2026-10-06T00:11:14+09:00,14059.0,D,1,1,3421550256128,835339418,500416267,1.5990574085419251,active_cumulative,/home/oy/iCAT/result/v6-mixT-20261005/mixT-onlinev6-rep1/control-series.txt
1791213104,2026-10-06T00:11:44+09:00,14089.0,D,1,1,3421912936448,835427963,500416267,1.5989939158883528,active_cumulative,/home/oy/iCAT/result/v6-mixT-20261005/mixT-onlinev6-rep1/control-series.txt
1791213134,2026-10-06T00:12:14+09:00,14119.0,D,1,1,3422256799744,835511914,500416267,1.5989337298665975,active_cumulative,/home/oy/iCAT/result/v6-mixT-20261005/mixT-onlinev6-rep1/control-series.txt
1791213164,2026-10-06T00:12:44+09:00,14149.0,D,1,1,3422621933568,835601058,500416268,1.598869835322779,active_cumulative,/home/oy/iCAT/result/v6-mixT-20261005/mixT-onlinev6-rep1/control-series.txt
1791213194,2026-10-06T00:13:14+09:00,14179.0,D,1,1,3422987272192,835690252,500416271,1.598805920976568,active_cumulative,/home/oy/iCAT/result/v6-mixT-20261005/mixT-onlinev6-rep1/control-series.txt
1791213224,2026-10-06T00:13:44+09:00,14209.0,D,1,1,3423352008704,835779299,500416288,1.5987421423320034,active_cumulative,/home/oy/iCAT/result/v6-mixT-20261005/mixT-onlinev6-rep1/control-series.txt
1791213254,2026-10-06T00:14:14+09:00,14239.0,D,1,1,3423721254912,835869447,500416347,1.598677638949519,active_cumulative,/home/oy/iCAT/result/v6-mixT-20261005/mixT-onlinev6-rep1/control-series.txt
1791213284,2026-10-06T00:14:44+09:00,14269.0,D,1,1,3424089358336,835959316,500416393,1.5986133337139579,active_cumulative,/home/oy/iCAT/result/v6-mixT-20261005/mixT-onlinev6-rep1/control-series.txt
1791213314,2026-10-06T00:15:14+09:00,14299.0,D,1,1,3424455073792,836048602,500416405,1.5985494190204985,active_cumulative,/home/oy/iCAT/result/v6-mixT-20261005/mixT-onlinev6-rep1/control-series.txt
1791213344,2026-10-06T00:15:44+09:00,14329.0,D,1,1,3424816418816,836136821,500416405,1.5984862673569546,active_cumulative,/home/oy/iCAT/result/v6-mixT-20261005/mixT-onlinev6-rep1/control-series.txt
1791213374,2026-10-06T00:16:14+09:00,14359.0,D,1,1,3425176023040,836224615,500416405,1.5984234331585658,active_cumulative,/home/oy/iCAT/result/v6-mixT-20261005/mixT-onlinev6-rep1/control-series.txt
1791213404,2026-10-06T00:16:44+09:00,14389.0,D,1,1,3425544835072,836314657,500416438,1.5983590432279127,active_cumulative,/home/oy/iCAT/result/v6-mixT-20261005/mixT-onlinev6-rep1/control-series.txt
1791213434,2026-10-06T00:17:14+09:00,14419.0,D,1,1,3425908641792,836403477,500416505,1.5982955819300115,active_cumulative,/home/oy/iCAT/result/v6-mixT-20261005/mixT-onlinev6-rep1/control-series.txt
1791213464,2026-10-06T00:17:44+09:00,14449.0,D,1,1,3426281381888,836494478,500416568,1.5982305695507533,active_cumulative,/home/oy/iCAT/result/v6-mixT-20261005/mixT-onlinev6-rep1/control-series.txt
1791213494,2026-10-06T00:18:14+09:00,14479.0,D,1,1,3426651213824,836584769,500416619,1.5981660646274567,active_cumulative,/home/oy/iCAT/result/v6-mixT-20261005/mixT-onlinev6-rep1/control-series.txt
1791213524,2026-10-06T00:18:44+09:00,14509.0,D,1,1,3426998853632,836669642,500416621,1.5981053881718348,active_cumulative,/home/oy/iCAT/result/v6-mixT-20261005/mixT-onlinev6-rep1/control-series.txt
1791213554,2026-10-06T00:19:14+09:00,14539.0,D,1,1,3427365814272,836759232,500416621,1.598041350322383,active_cumulative,/home/oy/iCAT/result/v6-mixT-20261005/mixT-onlinev6-rep1/control-series.txt
1791213584,2026-10-06T00:19:44+09:00,14569.0,D,1,1,3427734155264,836849159,500416621,1.5979770853781785,active_cumulative,/home/oy/iCAT/result/v6-mixT-20261005/mixT-onlinev6-rep1/control-series.txt
1791213614,2026-10-06T00:20:14+09:00,14599.0,D,1,1,3428099661824,836938394,500416644,1.5979133560934473,active_cumulative,/home/oy/iCAT/result/v6-mixT-20261005/mixT-onlinev6-rep1/control-series.txt
1791213644,2026-10-06T00:20:44+09:00,14629.0,D,1,1,3428099735552,836938412,500416644,1.5979133432341495,active_cumulative,/home/oy/iCAT/result/v6-mixT-20261005/mixT-onlinev6-rep1/control-series.txt
1791213674,2026-10-06T00:21:14+09:00,14659.0,D,1,1,3428465328128,837027668,500416644,1.5978495850629395,active_cumulative,/home/oy/iCAT/result/v6-mixT-20261005/mixT-onlinev6-rep1/control-series.txt
1791213704,2026-10-06T00:21:44+09:00,14689.0,D,1,1,3428821835776,837114706,500416644,1.597787424367623,active_cumulative,/home/oy/iCAT/result/v6-mixT-20261005/mixT-onlinev6-rep1/control-series.txt
1791213734,2026-10-06T00:22:14+09:00,14719.0,D,1,1,3429181034496,837202401,500416644,1.597724807528353,active_cumulative,/home/oy/iCAT/result/v6-mixT-20261005/mixT-onlinev6-rep1/control-series.txt
1791213764,2026-10-06T00:22:44+09:00,14749.0,D,1,1,3429543587840,837290915,500416645,1.5976616203939105,active_cumulative,/home/oy/iCAT/result/v6-mixT-20261005/mixT-onlinev6-rep1/control-series.txt
1791213794,2026-10-06T00:23:14+09:00,14779.0,D,1,1,3429916307456,837381911,500416823,1.5975968867089607,active_cumulative,/home/oy/iCAT/result/v6-mixT-20261005/mixT-onlinev6-rep1/control-series.txt
1791213824,2026-10-06T00:23:44+09:00,14809.0,D,1,1,3430289666048,837473063,500416895,1.5975319292150176,active_cumulative,/home/oy/iCAT/result/v6-mixT-20261005/mixT-onlinev6-rep1/control-series.txt
1791213854,2026-10-06T00:24:14+09:00,14839.0,D,1,1,3430656155648,837562538,500416924,1.5974681307916856,active_cumulative,/home/oy/iCAT/result/v6-mixT-20261005/mixT-onlinev6-rep1/control-series.txt
1791213884,2026-10-06T00:24:44+09:00,14869.0,D,1,1,3431026151424,837652869,500416924,1.5974037008879391,active_cumulative,/home/oy/iCAT/result/v6-mixT-20261005/mixT-onlinev6-rep1/control-series.txt
1791213914,2026-10-06T00:25:14+09:00,14899.0,D,1,1,3431390900224,837741919,500416935,1.5973402114070407,active_cumulative,/home/oy/iCAT/result/v6-mixT-20261005/mixT-onlinev6-rep1/control-series.txt
1791213944,2026-10-06T00:25:44+09:00,14929.0,D,1,1,3431734882304,837825899,500416935,1.597280336639486,active_cumulative,/home/oy/iCAT/result/v6-mixT-20261005/mixT-onlinev6-rep1/control-series.txt
1791213974,2026-10-06T00:26:14+09:00,14959.0,D,1,1,3432104288256,837916086,500416937,1.597216052252755,active_cumulative,/home/oy/iCAT/result/v6-mixT-20261005/mixT-onlinev6-rep1/control-series.txt
1791214005,2026-10-06T00:26:45+09:00,14990.0,D,1,1,3432476258304,838006899,500416988,1.5971513940961004,active_cumulative,/home/oy/iCAT/result/v6-mixT-20261005/mixT-onlinev6-rep1/control-series.txt
1791214035,2026-10-06T00:27:15+09:00,15020.0,D,1,1,3432848801792,838097852,500417030,1.5970866394727379,active_cumulative,/home/oy/iCAT/result/v6-mixT-20261005/mixT-onlinev6-rep1/control-series.txt
1791214065,2026-10-06T00:27:45+09:00,15050.0,D,1,1,3433216491520,838187620,500417090,1.5970227644259407,active_cumulative,/home/oy/iCAT/result/v6-mixT-20261005/mixT-onlinev6-rep1/control-series.txt
1791214095,2026-10-06T00:28:15+09:00,15080.0,D,1,1,3433583140864,838277134,500417090,1.5969590123640423,active_cumulative,/home/oy/iCAT/result/v6-mixT-20261005/mixT-onlinev6-rep1/control-series.txt
1791214125,2026-10-06T00:28:45+09:00,15110.0,D,1,1,3433949933568,838366683,500417090,1.596895248996912,active_cumulative,/home/oy/iCAT/result/v6-mixT-20261005/mixT-onlinev6-rep1/control-series.txt
1791214155,2026-10-06T00:29:15+09:00,15140.0,D,1,1,3434316079104,838456074,500417090,1.5968316117178012,active_cumulative,/home/oy/iCAT/result/v6-mixT-20261005/mixT-onlinev6-rep1/control-series.txt
1791214185,2026-10-06T00:29:45+09:00,15170.0,D,1,1,3434662686720,838540695,500417090,1.5967713826935972,active_cumulative,/home/oy/iCAT/result/v6-mixT-20261005/mixT-onlinev6-rep1/control-series.txt
1791214215,2026-10-06T00:30:15+09:00,15200.0,D,1,1,3435028373504,838629974,500417090,1.596707851513068,active_cumulative,/home/oy/iCAT/result/v6-mixT-20261005/mixT-onlinev6-rep1/control-series.txt
1791214245,2026-10-06T00:30:45+09:00,15230.0,D,1,1,3435394764800,838719425,500417096,1.5966442186551242,active_cumulative,/home/oy/iCAT/result/v6-mixT-20261005/mixT-onlinev6-rep1/control-series.txt
1791214275,2026-10-06T00:31:15+09:00,15260.0,D,1,1,3435765153792,838809852,500417179,1.596579997012243,active_cumulative,/home/oy/iCAT/result/v6-mixT-20261005/mixT-onlinev6-rep1/control-series.txt
1791214305,2026-10-06T00:31:45+09:00,15290.0,D,1,1,3436135337984,838900229,500417242,1.5965158009272638,active_cumulative,/home/oy/iCAT/result/v6-mixT-20261005/mixT-onlinev6-rep1/control-series.txt
1791214335,2026-10-06T00:32:15+09:00,15320.0,D,1,1,3436492820480,838987505,500417248,1.5964537552916238,active_cumulative,/home/oy/iCAT/result/v6-mixT-20261005/mixT-onlinev6-rep1/control-series.txt
1791214365,2026-10-06T00:32:45+09:00,15350.0,D,1,1,3436856963072,839076407,500417248,1.5963905596978607,active_cumulative,/home/oy/iCAT/result/v6-mixT-20261005/mixT-onlinev6-rep1/control-series.txt
1791214395,2026-10-06T00:33:15+09:00,15380.0,D,1,1,3436857036800,839076425,500417248,1.5963905469039963,active_cumulative,/home/oy/iCAT/result/v6-mixT-20261005/mixT-onlinev6-rep1/control-series.txt
1791214425,2026-10-06T00:33:45+09:00,15410.0,D,1,1,3437221228544,839165339,500417248,1.5963273561755154,active_cumulative,/home/oy/iCAT/result/v6-mixT-20261005/mixT-onlinev6-rep1/control-series.txt
1791214455,2026-10-06T00:34:15+09:00,15440.0,D,1,1,3437579427840,839252790,500417248,1.5962652182544428,active_cumulative,/home/oy/iCAT/result/v6-mixT-20261005/mixT-onlinev6-rep1/control-series.txt
1791214485,2026-10-06T00:34:45+09:00,15470.0,D,1,1,3437947580416,839342671,500417275,1.5962013993686257,active_cumulative,/home/oy/iCAT/result/v6-mixT-20261005/mixT-onlinev6-rep1/control-series.txt
1791214515,2026-10-06T00:35:15+09:00,15500.0,D,1,1,3438315163648,839432413,500417299,1.5961376892888697,active_cumulative,/home/oy/iCAT/result/v6-mixT-20261005/mixT-onlinev6-rep1/control-series.txt
1791214545,2026-10-06T00:35:45+09:00,15530.0,D,1,1,3438683062272,839522232,500417330,1.59607394649675,active_cumulative,/home/oy/iCAT/result/v6-mixT-20261005/mixT-onlinev6-rep1/control-series.txt
1791214575,2026-10-06T00:36:15+09:00,15560.0,D,1,1,3439050629120,839611970,500417350,1.5960102617403131,active_cumulative,/home/oy/iCAT/result/v6-mixT-20261005/mixT-onlinev6-rep1/control-series.txt
1791214605,2026-10-06T00:36:45+09:00,15590.0,D,1,1,3439398166528,839696818,500417367,1.5959500575361236,active_cumulative,/home/oy/iCAT/result/v6-mixT-20261005/mixT-onlinev6-rep1/control-series.txt
1791214635,2026-10-06T00:37:15+09:00,15620.0,D,1,1,3439763132416,839785921,500417367,1.595886826018842,active_cumulative,/home/oy/iCAT/result/v6-mixT-20261005/mixT-onlinev6-rep1/control-series.txt
1791214665,2026-10-06T00:37:45+09:00,15650.0,D,1,1,3440124416000,839874125,500417367,1.5958242456868166,active_cumulative,/home/oy/iCAT/result/v6-mixT-20261005/mixT-onlinev6-rep1/control-series.txt
1791214695,2026-10-06T00:38:15+09:00,15680.0,D,1,1,3440493998080,839964355,500417440,1.595760328424889,active_cumulative,/home/oy/iCAT/result/v6-mixT-20261005/mixT-onlinev6-rep1/control-series.txt
1791214725,2026-10-06T00:38:45+09:00,15710.0,D,1,1,3440857608192,840053127,500417513,1.5956974587870323,active_cumulative,/home/oy/iCAT/result/v6-mixT-20261005/mixT-onlinev6-rep1/control-series.txt
1791214755,2026-10-06T00:39:15+09:00,15740.0,D,1,1,3441221824512,840142047,500417513,1.5956344106177083,active_cumulative,/home/oy/iCAT/result/v6-mixT-20261005/mixT-onlinev6-rep1/control-series.txt
1791214785,2026-10-06T00:39:45+09:00,15770.0,D,1,1,3441589567488,840231828,500417513,1.595570765500685,active_cumulative,/home/oy/iCAT/result/v6-mixT-20261005/mixT-onlinev6-rep1/control-series.txt
1791214815,2026-10-06T00:40:15+09:00,15800.0,D,1,1,3441952980992,840320552,500417534,1.5955079080345995,active_cumulative,/home/oy/iCAT/result/v6-mixT-20261005/mixT-onlinev6-rep1/control-series.txt
1791214845,2026-10-06T00:40:45+09:00,15830.0,D,1,1,3442297540608,840404673,500417534,1.5954483001785973,active_cumulative,/home/oy/iCAT/result/v6-mixT-20261005/mixT-onlinev6-rep1/control-series.txt
1791214875,2026-10-06T00:41:15+09:00,15860.0,D,1,1,3442671341568,840495933,500417734,1.5953838850996558,active_cumulative,/home/oy/iCAT/result/v6-mixT-20261005/mixT-onlinev6-rep1/control-series.txt
1791214905,2026-10-06T00:41:45+09:00,15890.0,D,1,1,3443041562624,840586319,500417793,1.5953199352510519,active_cumulative,/home/oy/iCAT/result/v6-mixT-20261005/mixT-onlinev6-rep1/control-series.txt
1791214935,2026-10-06T00:42:15+09:00,15920.0,D,1,1,3443405770752,840675237,500417793,1.595256968417163,active_cumulative,/home/oy/iCAT/result/v6-mixT-20261005/mixT-onlinev6-rep1/control-series.txt
1791214965,2026-10-06T00:42:45+09:00,15950.0,D,1,1,3443770896384,840764379,500417793,1.595193856327731,active_cumulative,/home/oy/iCAT/result/v6-mixT-20261005/mixT-onlinev6-rep1/control-series.txt
1791214995,2026-10-06T00:43:15+09:00,15980.0,D,1,1,3444140322816,840854571,500417796,1.5951300180301926,active_cumulative,/home/oy/iCAT/result/v6-mixT-20261005/mixT-onlinev6-rep1/control-series.txt
1791215025,2026-10-06T00:43:45+09:00,16010.0,D,1,1,3444509626368,840944733,500417802,1.5950662182219768,active_cumulative,/home/oy/iCAT/result/v6-mixT-20261005/mixT-onlinev6-rep1/control-series.txt
1791215055,2026-10-06T00:44:15+09:00,16040.0,D,1,1,3445563768832,841202092,500417879,1.5948842540443895,active_cumulative,/home/oy/iCAT/result/v6-mixT-20261005/mixT-onlinev6-rep1/control-series.txt
1791215085,2026-10-06T00:44:45+09:00,16070.0,E,1,1,3445563965440,841202140,500417879,1.5948842200995828,active_cumulative,/home/oy/iCAT/result/v6-mixT-20261005/mixT-onlinev6-rep1/control-series.txt
1791215115,2026-10-06T00:45:15+09:00,16100.0,E,1,1,3445668970496,841227776,500417879,1.5948660912974895,active_cumulative,/home/oy/iCAT/result/v6-mixT-20261005/mixT-onlinev6-rep1/control-series.txt
1791215145,2026-10-06T00:45:45+09:00,16130.0,E,1,1,3445801902080,841260230,500423250,1.5948495271195693,active_cumulative,/home/oy/iCAT/result/v6-mixT-20261005/mixT-onlinev6-rep1/control-series.txt
1791215175,2026-10-06T00:46:15+09:00,16160.0,E,1,1,3445963427840,841299665,500441137,1.594842905351686,active_cumulative,/home/oy/iCAT/result/v6-mixT-20261005/mixT-onlinev6-rep1/control-series.txt
1791215205,2026-10-06T00:46:45+09:00,16190.0,E,1,1,3446153031680,841345955,500454558,1.5948261295200497,active_cumulative,/home/oy/iCAT/result/v6-mixT-20261005/mixT-onlinev6-rep1/control-series.txt
1791215235,2026-10-06T00:47:15+09:00,16220.0,E,1,1,3446372532224,841399544,500462637,1.5947978467171597,active_cumulative,/home/oy/iCAT/result/v6-mixT-20261005/mixT-onlinev6-rep1/control-series.txt
1791215265,2026-10-06T00:47:45+09:00,16250.0,E,1,1,3446597398528,841454443,500475276,1.594774060750904,active_cumulative,/home/oy/iCAT/result/v6-mixT-20261005/mixT-onlinev6-rep1/control-series.txt
1791215295,2026-10-06T00:48:15+09:00,16280.0,E,1,1,3446850527232,841516242,500484724,1.5947416092772217,active_cumulative,/home/oy/iCAT/result/v6-mixT-20261005/mixT-onlinev6-rep1/control-series.txt
1791215325,2026-10-06T00:48:45+09:00,16310.0,E,1,1,3447089852416,841574671,500496145,1.5947138884364072,active_cumulative,/home/oy/iCAT/result/v6-mixT-20261005/mixT-onlinev6-rep1/control-series.txt
1791215355,2026-10-06T00:49:15+09:00,16340.0,E,1,1,3447344762880,841636905,500505770,1.594681348960096,active_cumulative,/home/oy/iCAT/result/v6-mixT-20261005/mixT-onlinev6-rep1/control-series.txt
1791215385,2026-10-06T00:49:45+09:00,16370.0,E,1,1,3447616282624,841703194,500514864,1.5946453186442344,active_cumulative,/home/oy/iCAT/result/v6-mixT-20261005/mixT-onlinev6-rep1/control-series.txt
1791215415,2026-10-06T00:50:15+09:00,16400.0,E,1,1,3447872237568,841765683,500524125,1.59461217665249,active_cumulative,/home/oy/iCAT/result/v6-mixT-20261005/mixT-onlinev6-rep1/control-series.txt
1791215445,2026-10-06T00:50:45+09:00,16430.0,E,1,1,3448140308480,841831130,500535171,1.5945790707454592,active_cumulative,/home/oy/iCAT/result/v6-mixT-20261005/mixT-onlinev6-rep1/control-series.txt
1791215475,2026-10-06T00:51:15+09:00,16460.0,E,1,1,3448389226496,841891901,500543856,1.5945464677893368,active_cumulative,/home/oy/iCAT/result/v6-mixT-20261005/mixT-onlinev6-rep1/control-series.txt
1791215505,2026-10-06T00:51:45+09:00,16490.0,E,1,1,3448661270528,841958318,500553276,1.5945107558162992,active_cumulative,/home/oy/iCAT/result/v6-mixT-20261005/mixT-onlinev6-rep1/control-series.txt
1791215535,2026-10-06T00:52:15+09:00,16520.0,E,1,1,3448899895296,842016576,500565908,1.594484624492713,active_cumulative,/home/oy/iCAT/result/v6-mixT-20261005/mixT-onlinev6-rep1/control-series.txt
1791215565,2026-10-06T00:52:45+09:00,16550.0,E,1,1,3449164582912,842081197,500574997,1.5944497974581897,active_cumulative,/home/oy/iCAT/result/v6-mixT-20261005/mixT-onlinev6-rep1/control-series.txt
1791215595,2026-10-06T00:53:15+09:00,16580.0,E,1,1,3449433382912,842146822,500583645,1.5944137434505452,active_cumulative,/home/oy/iCAT/result/v6-mixT-20261005/mixT-onlinev6-rep1/control-series.txt
1791215625,2026-10-06T00:53:45+09:00,16610.0,E,1,1,3449687646208,842208898,500593372,1.5943814808757815,active_cumulative,/home/oy/iCAT/result/v6-mixT-20261005/mixT-onlinev6-rep1/control-series.txt
1791215655,2026-10-06T00:54:15+09:00,16640.0,E,1,1,3449961218048,842275688,500601289,1.594343747697013,active_cumulative,/home/oy/iCAT/result/v6-mixT-20261005/mixT-onlinev6-rep1/control-series.txt
1791215685,2026-10-06T00:54:45+09:00,16670.0,E,1,1,3449961332736,842275716,500601289,1.5943437279390826,active_cumulative,/home/oy/iCAT/result/v6-mixT-20261005/mixT-onlinev6-rep1/control-series.txt
1791215715,2026-10-06T00:55:15+09:00,16700.0,E,1,1,3450206519296,842335576,500611302,1.5943133784960781,active_cumulative,/home/oy/iCAT/result/v6-mixT-20261005/mixT-onlinev6-rep1/control-series.txt
1791215745,2026-10-06T00:55:45+09:00,16730.0,E,1,1,3450470572032,842400042,500620357,1.5942786467714825,active_cumulative,/home/oy/iCAT/result/v6-mixT-20261005/mixT-onlinev6-rep1/control-series.txt
1791215775,2026-10-06T00:56:15+09:00,16760.0,E,1,1,3450714034176,842459481,500632352,1.594250956029065,active_cumulative,/home/oy/iCAT/result/v6-mixT-20261005/mixT-onlinev6-rep1/control-series.txt
1791215805,2026-10-06T00:56:45+09:00,16790.0,E,1,1,3450972876800,842522675,500646268,1.5942229008851305,active_cumulative,/home/oy/iCAT/result/v6-mixT-20261005/mixT-onlinev6-rep1/control-series.txt
1791215835,2026-10-06T00:57:15+09:00,16820.0,E,1,1,3451242311680,842588455,500654930,1.5941867907506517,active_cumulative,/home/oy/iCAT/result/v6-mixT-20261005/mixT-onlinev6-rep1/control-series.txt
1791215865,2026-10-06T00:57:45+09:00,16850.0,E,1,1,3451504713728,842652518,500665424,1.5941540709903865,active_cumulative,/home/oy/iCAT/result/v6-mixT-20261005/mixT-onlinev6-rep1/control-series.txt
1791215895,2026-10-06T00:58:15+09:00,16880.0,E,1,1,3451780034560,842719735,500675173,1.5941182485776246,active_cumulative,/home/oy/iCAT/result/v6-mixT-20261005/mixT-onlinev6-rep1/control-series.txt
1791215925,2026-10-06T00:58:45+09:00,16910.0,E,1,1,3452029493248,842780638,500683564,1.5940852713324911,active_cumulative,/home/oy/iCAT/result/v6-mixT-20261005/mixT-onlinev6-rep1/control-series.txt
1791215955,2026-10-06T00:59:15+09:00,16940.0,E,1,1,3452300931072,842846907,500692847,1.594049575126459,active_cumulative,/home/oy/iCAT/result/v6-mixT-20261005/mixT-onlinev6-rep1/control-series.txt
1791215985,2026-10-06T00:59:45+09:00,16970.0,E,1,1,3452567916544,842912089,500699322,1.5940113192515857,active_cumulative,/home/oy/iCAT/result/v6-mixT-20261005/mixT-onlinev6-rep1/control-series.txt
1791216015,2026-10-06T01:00:15+09:00,17000.0,E,1,1,3452830666752,842976237,500712185,1.593981375776314,active_cumulative,/home/oy/iCAT/result/v6-mixT-20261005/mixT-onlinev6-rep1/control-series.txt
1791216046,2026-10-06T01:00:46+09:00,17031.0,E,1,1,3453104295936,843043041,500721990,1.5939459382833574,active_cumulative,/home/oy/iCAT/result/v6-mixT-20261005/mixT-onlinev6-rep1/control-series.txt
1791216076,2026-10-06T01:01:16+09:00,17061.0,E,1,1,3453357473792,843104852,500728943,1.5939106409032977,active_cumulative,/home/oy/iCAT/result/v6-mixT-20261005/mixT-onlinev6-rep1/control-series.txt
1791216106,2026-10-06T01:01:46+09:00,17091.0,E,1,1,3453631209472,843171682,500736974,1.5938730921468494,active_cumulative,/home/oy/iCAT/result/v6-mixT-20261005/mixT-onlinev6-rep1/control-series.txt
1791216136,2026-10-06T01:02:16+09:00,17121.0,E,1,1,3453883219968,843233208,500743862,1.5938379291153344,active_cumulative,/home/oy/iCAT/result/v6-mixT-20261005/mixT-onlinev6-rep1/control-series.txt
1791216166,2026-10-06T01:02:46+09:00,17151.0,E,1,1,3454144819200,843297075,500752013,1.5938026205059468,active_cumulative,/home/oy/iCAT/result/v6-mixT-20261005/mixT-onlinev6-rep1/control-series.txt
1791216196,2026-10-06T01:03:16+09:00,17181.0,E,1,1,3454418214912,843363822,500758405,1.593763203895175,active_cumulative,/home/oy/iCAT/result/v6-mixT-20261005/mixT-onlinev6-rep1/control-series.txt
1791216226,2026-10-06T01:03:46+09:00,17211.0,E,1,1,3454678700032,843427417,500763053,1.5937239445940374,active_cumulative,/home/oy/iCAT/result/v6-mixT-20261005/mixT-onlinev6-rep1/control-series.txt
1791216256,2026-10-06T01:04:16+09:00,17241.0,E,1,1,3454946852864,843492884,500767830,1.593683526558358,active_cumulative,/home/oy/iCAT/result/v6-mixT-20261005/mixT-onlinev6-rep1/control-series.txt
1791216286,2026-10-06T01:04:46+09:00,17271.0,E,1,1,3455199637504,843554599,500772917,1.593646122721216,active_cumulative,/home/oy/iCAT/result/v6-mixT-20261005/mixT-onlinev6-rep1/control-series.txt
1791216316,2026-10-06T01:05:16+09:00,17301.0,E,1,1,3455468150784,843620154,500778182,1.5936062333570091,active_cumulative,/home/oy/iCAT/result/v6-mixT-20261005/mixT-onlinev6-rep1/control-series.txt
1791216346,2026-10-06T01:05:46+09:00,17331.0,E,1,1,3455717781504,843681099,500782452,1.5935684141716204,active_cumulative,/home/oy/iCAT/result/v6-mixT-20261005/mixT-onlinev6-rep1/control-series.txt
1791216376,2026-10-06T01:06:16+09:00,17361.0,E,1,1,3455984136192,843746127,500786897,1.5935279356843792,active_cumulative,/home/oy/iCAT/result/v6-mixT-20261005/mixT-onlinev6-rep1/control-series.txt
1791216406,2026-10-06T01:06:46+09:00,17391.0,E,1,1,3456257220608,843812798,500790576,1.5934854000638183,active_cumulative,/home/oy/iCAT/result/v6-mixT-20261005/mixT-onlinev6-rep1/control-series.txt
1791216436,2026-10-06T01:07:16+09:00,17421.0,E,1,1,3456516370432,843876067,500794310,1.5934453287439896,active_cumulative,/home/oy/iCAT/result/v6-mixT-20261005/mixT-onlinev6-rep1/control-series.txt
1791216466,2026-10-06T01:07:46+09:00,17451.0,E,1,1,3456516444160,843876085,500794318,1.593445325565779,active_cumulative,/home/oy/iCAT/result/v6-mixT-20261005/mixT-onlinev6-rep1/control-series.txt
1791216496,2026-10-06T01:08:16+09:00,17481.0,E,1,1,3456788164608,843942423,500798118,1.5934031805390116,active_cumulative,/home/oy/iCAT/result/v6-mixT-20261005/mixT-onlinev6-rep1/control-series.txt
1791216526,2026-10-06T01:08:46+09:00,17511.0,E,1,1,3457041301504,844004224,500802426,1.5933648336812114,active_cumulative,/home/oy/iCAT/result/v6-mixT-20261005/mixT-onlinev6-rep1/control-series.txt
1791216556,2026-10-06T01:09:16+09:00,17541.0,E,1,1,3457312010240,844070315,500806815,1.593323572811585,active_cumulative,/home/oy/iCAT/result/v6-mixT-20261005/mixT-onlinev6-rep1/control-series.txt
1791216586,2026-10-06T01:09:46+09:00,17571.0,E,1,1,3457581400064,844136084,500810863,1.5932821407501874,active_cumulative,/home/oy/iCAT/result/v6-mixT-20261005/mixT-onlinev6-rep1/control-series.txt
1791216616,2026-10-06T01:10:16+09:00,17601.0,E,1,1,3457840222208,844199273,500814878,1.5932424890870522,active_cumulative,/home/oy/iCAT/result/v6-mixT-20261005/mixT-onlinev6-rep1/control-series.txt
1791216646,2026-10-06T01:10:46+09:00,17631.0,E,1,1,3458113343488,844265953,500819072,1.593200602512038,active_cumulative,/home/oy/iCAT/result/v6-mixT-20261005/mixT-onlinev6-rep1/control-series.txt
1791216676,2026-10-06T01:11:16+09:00,17661.0,E,1,1,3458371207168,844328908,500823754,1.5931619174171399,active_cumulative,/home/oy/iCAT/result/v6-mixT-20261005/mixT-onlinev6-rep1/control-series.txt
1791216706,2026-10-06T01:11:46+09:00,17691.0,E,1,1,3458643812352,844395462,500828319,1.593120571507761,active_cumulative,/home/oy/iCAT/result/v6-mixT-20261005/mixT-onlinev6-rep1/control-series.txt
1791216736,2026-10-06T01:12:16+09:00,17721.0,E,1,1,3458899046400,844457775,500833177,1.5930825576210723,active_cumulative,/home/oy/iCAT/result/v6-mixT-20261005/mixT-onlinev6-rep1/control-series.txt
1791216766,2026-10-06T01:12:46+09:00,17751.0,E,1,1,3459163127808,844522248,500839601,1.5930448868411575,active_cumulative,/home/oy/iCAT/result/v6-mixT-20261005/mixT-onlinev6-rep1/control-series.txt
1791216796,2026-10-06T01:13:16+09:00,17781.0,E,1,1,3459437453312,844589222,500844939,1.5930041799657255,active_cumulative,/home/oy/iCAT/result/v6-mixT-20261005/mixT-onlinev6-rep1/control-series.txt
1791216826,2026-10-06T01:13:46+09:00,17811.0,E,1,1,3459702411264,844653909,500850355,1.5929651774097218,active_cumulative,/home/oy/iCAT/result/v6-mixT-20261005/mixT-onlinev6-rep1/control-series.txt
1791216856,2026-10-06T01:14:16+09:00,17841.0,E,1,1,3459976450048,844720813,500856300,1.5929252509136411,active_cumulative,/home/oy/iCAT/result/v6-mixT-20261005/mixT-onlinev6-rep1/control-series.txt
1791216886,2026-10-06T01:14:46+09:00,17871.0,E,1,1,3460232503296,844783326,500862134,1.5928882810359823,active_cumulative,/home/oy/iCAT/result/v6-mixT-20261005/mixT-onlinev6-rep1/control-series.txt
1791216916,2026-10-06T01:15:16+09:00,17901.0,E,1,1,3460503465984,844849479,500870049,1.592851225513983,active_cumulative,/home/oy/iCAT/result/v6-mixT-20261005/mixT-onlinev6-rep1/control-series.txt
1791216946,2026-10-06T01:15:46+09:00,17931.0,E,1,1,3460760440832,844912217,500876340,1.5928146497614202,active_cumulative,/home/oy/iCAT/result/v6-mixT-20261005/mixT-onlinev6-rep1/control-series.txt
1791216976,2026-10-06T01:16:16+09:00,17961.0,E,1,1,3461026516992,844977177,500883997,1.5927781372490255,active_cumulative,/home/oy/iCAT/result/v6-mixT-20261005/mixT-onlinev6-rep1/control-series.txt
1791217006,2026-10-06T01:16:46+09:00,17991.0,E,1,1,3461300416512,845044047,500891003,1.5927395202394699,active_cumulative,/home/oy/iCAT/result/v6-mixT-20261005/mixT-onlinev6-rep1/control-series.txt
1791217036,2026-10-06T01:17:16+09:00,18021.0,E,1,1,3461558341632,845107017,500896170,1.5927014684815948,active_cumulative,/home/oy/iCAT/result/v6-mixT-20261005/mixT-onlinev6-rep1/control-series.txt
1791217066,2026-10-06T01:17:46+09:00,18051.0,E,1,1,3461834784768,845174508,500902370,1.5926614743567253,active_cumulative,/home/oy/iCAT/result/v6-mixT-20261005/mixT-onlinev6-rep1/control-series.txt
1791217096,2026-10-06T01:18:16+09:00,18081.0,E,1,1,3462093840384,845237754,500908242,1.5926240748588238,active_cumulative,/home/oy/iCAT/result/v6-mixT-20261005/mixT-onlinev6-rep1/control-series.txt
1791217126,2026-10-06T01:18:46+09:00,18111.0,E,1,1,3462363176960,845303510,500913655,1.5925843783613296,active_cumulative,/home/oy/iCAT/result/v6-mixT-20261005/mixT-onlinev6-rep1/control-series.txt
1791217156,2026-10-06T01:19:16+09:00,18141.0,E,1,1,3462637461504,845370474,500918192,1.5925428050850048,active_cumulative,/home/oy/iCAT/result/v6-mixT-20261005/mixT-onlinev6-rep1/control-series.txt
1791217186,2026-10-06T01:19:46+09:00,18171.0,E,1,1,3462896865280,845433805,500922209,1.5925031694231815,active_cumulative,/home/oy/iCAT/result/v6-mixT-20261005/mixT-onlinev6-rep1/control-series.txt
1791217216,2026-10-06T01:20:16+09:00,18201.0,E,1,1,3463173529600,845501350,500926389,1.5924607796309256,active_cumulative,/home/oy/iCAT/result/v6-mixT-20261005/mixT-onlinev6-rep1/control-series.txt
1791217246,2026-10-06T01:20:46+09:00,18231.0,E,1,1,3463173603328,845501368,500926389,1.592460767017943,active_cumulative,/home/oy/iCAT/result/v6-mixT-20261005/mixT-onlinev6-rep1/control-series.txt
1791217276,2026-10-06T01:21:16+09:00,18261.0,E,1,1,3463433199616,845564746,500930298,1.59242098298171,active_cumulative,/home/oy/iCAT/result/v6-mixT-20261005/mixT-onlinev6-rep1/control-series.txt
1791217306,2026-10-06T01:21:46+09:00,18291.0,E,1,1,3463709265920,845632145,500933532,1.592377589903468,active_cumulative,/home/oy/iCAT/result/v6-mixT-20261005/mixT-onlinev6-rep1/control-series.txt
1791217336,2026-10-06T01:22:16+09:00,18321.0,E,1,1,3463960743936,845693541,500936674,1.592338299530657,active_cumulative,/home/oy/iCAT/result/v6-mixT-20261005/mixT-onlinev6-rep1/control-series.txt
1791217366,2026-10-06T01:22:46+09:00,18351.0,E,1,1,3464229609472,845759182,500940245,1.5922965492557903,active_cumulative,/home/oy/iCAT/result/v6-mixT-20261005/mixT-onlinev6-rep1/control-series.txt
1791217396,2026-10-06T01:23:16+09:00,18381.0,E,1,1,3464504344576,845826256,500943180,1.5922530501346839,active_cumulative,/home/oy/iCAT/result/v6-mixT-20261005/mixT-onlinev6-rep1/control-series.txt
1791217426,2026-10-06T01:23:46+09:00,18411.0,E,1,1,3464768024576,845890631,500946304,1.5922116709199017,active_cumulative,/home/oy/iCAT/result/v6-mixT-20261005/mixT-onlinev6-rep1/control-series.txt
1791217456,2026-10-06T01:24:16+09:00,18441.0,E,1,1,3465043558400,845957900,500949773,1.5921686800253299,active_cumulative,/home/oy/iCAT/result/v6-mixT-20261005/mixT-onlinev6-rep1/control-series.txt
1791217486,2026-10-06T01:24:46+09:00,18471.0,E,1,1,3465298046976,846020031,500953271,1.59212932630906,active_cumulative,/home/oy/iCAT/result/v6-mixT-20261005/mixT-onlinev6-rep1/control-series.txt
1791217516,2026-10-06T01:25:16+09:00,18501.0,E,1,1,3465569230848,846086238,500956932,1.592087318645171,active_cumulative,/home/oy/iCAT/result/v6-mixT-20261005/mixT-onlinev6-rep1/control-series.txt
1791217546,2026-10-06T01:25:46+09:00,18531.0,E,1,1,3465833287680,846150705,500960398,1.5920463045646225,active_cumulative,/home/oy/iCAT/result/v6-mixT-20261005/mixT-onlinev6-rep1/control-series.txt
1791217576,2026-10-06T01:26:16+09:00,18561.0,E,1,1,3466098868224,846215544,500964217,1.5920054536365265,active_cumulative,/home/oy/iCAT/result/v6-mixT-20261005/mixT-onlinev6-rep1/control-series.txt
1791217606,2026-10-06T01:26:46+09:00,18591.0,E,1,1,3466376155136,846283241,500967987,1.591962551932421,active_cumulative,/home/oy/iCAT/result/v6-mixT-20261005/mixT-onlinev6-rep1/control-series.txt
1791217636,2026-10-06T01:27:16+09:00,18621.0,E,1,1,3466636894208,846346898,500971364,1.5919220182455256,active_cumulative,/home/oy/iCAT/result/v6-mixT-20261005/mixT-onlinev6-rep1/control-series.txt
1791217666,2026-10-06T01:27:46+09:00,18651.0,E,1,1,3466910609408,846413723,500975246,1.5918798719665843,active_cumulative,/home/oy/iCAT/result/v6-mixT-20261005/mixT-onlinev6-rep1/control-series.txt
1791217696,2026-10-06T01:28:16+09:00,18681.0,E,1,1,3467161915392,846475077,500979275,1.5918417312126012,active_cumulative,/home/oy/iCAT/result/v6-mixT-20261005/mixT-onlinev6-rep1/control-series.txt
1791217726,2026-10-06T01:28:46+09:00,18711.0,E,1,1,3467429429248,846540388,500983659,1.5918012490622007,active_cumulative,/home/oy/iCAT/result/v6-mixT-20261005/mixT-onlinev6-rep1/control-series.txt
1791217756,2026-10-06T01:29:16+09:00,18741.0,E,1,1,3467704639488,846607578,500988169,1.5917596086058186,active_cumulative,/home/oy/iCAT/result/v6-mixT-20261005/mixT-onlinev6-rep1/control-series.txt
1791217786,2026-10-06T01:29:46+09:00,18771.0,E,1,1,3467966058496,846671401,500993189,1.5917209302313495,active_cumulative,/home/oy/iCAT/result/v6-mixT-20261005/mixT-onlinev6-rep1/control-series.txt
1791217816,2026-10-06T01:30:16+09:00,18801.0,E,1,1,3468239679488,846738203,500999182,1.5916813251427135,active_cumulative,/home/oy/iCAT/result/v6-mixT-20261005/mixT-onlinev6-rep1/control-series.txt
1791217846,2026-10-06T01:30:46+09:00,18831.0,E,1,1,3468495831040,846800740,501004214,1.5916435713081687,active_cumulative,/home/oy/iCAT/result/v6-mixT-20261005/mixT-onlinev6-rep1/control-series.txt
1791217876,2026-10-06T01:31:16+09:00,18861.0,E,1,1,3468768956416,846867421,501009484,1.5916032091639525,active_cumulative,/home/oy/iCAT/result/v6-mixT-20261005/mixT-onlinev6-rep1/control-series.txt
1791217906,2026-10-06T01:31:46+09:00,18891.0,E,1,1,3469021728768,846929133,501016098,1.591567911030875,active_cumulative,/home/oy/iCAT/result/v6-mixT-20261005/mixT-onlinev6-rep1/control-series.txt
1791217936,2026-10-06T01:32:16+09:00,18921.0,E,1,1,3469254193152,846985887,501027120,1.591541285032061,active_cumulative,/home/oy/iCAT/result/v6-mixT-20261005/mixT-onlinev6-rep1/control-series.txt
1791217966,2026-10-06T01:32:46+09:00,18951.0,E,1,1,3469462077440,847036640,501037686,1.5915183149574261,active_cumulative,/home/oy/iCAT/result/v6-mixT-20261005/mixT-onlinev6-rep1/control-series.txt
1791217996,2026-10-06T01:33:16+09:00,18981.0,E,1,1,3469462151168,847036658,501037686,1.5915183023873332,active_cumulative,/home/oy/iCAT/result/v6-mixT-20261005/mixT-onlinev6-rep1/control-series.txt
1791218026,2026-10-06T01:33:46+09:00,19011.0,E,1,1,3469700792320,847094920,501044220,1.5914853320097824,active_cumulative,/home/oy/iCAT/result/v6-mixT-20261005/mixT-onlinev6-rep1/control-series.txt
1791218056,2026-10-06T01:34:16+09:00,19041.0,E,1,1,3469974106112,847161647,501049017,1.5914444058868025,active_cumulative,/home/oy/iCAT/result/v6-mixT-20261005/mixT-onlinev6-rep1/control-series.txt
1791218087,2026-10-06T01:34:47+09:00,19072.0,E,1,1,3470231601152,847224512,501053078,1.5914053133533512,active_cumulative,/home/oy/iCAT/result/v6-mixT-20261005/mixT-onlinev6-rep1/control-series.txt
1791218117,2026-10-06T01:35:17+09:00,19102.0,E,1,1,3470502756352,847290712,501056358,1.5913629771973707,active_cumulative,/home/oy/iCAT/result/v6-mixT-20261005/mixT-onlinev6-rep1/control-series.txt
1791218147,2026-10-06T01:35:47+09:00,19132.0,E,1,1,3470757302272,847352857,501059306,1.5913230856080065,active_cumulative,/home/oy/iCAT/result/v6-mixT-20261005/mixT-onlinev6-rep1/control-series.txt
1791218177,2026-10-06T01:36:17+09:00,19162.0,E,1,1,3471024140288,847418003,501062091,1.5912809135823847,active_cumulative,/home/oy/iCAT/result/v6-mixT-20261005/mixT-onlinev6-rep1/control-series.txt
1791218207,2026-10-06T01:36:47+09:00,19192.0,E,1,1,3471298691072,847485032,501064686,1.5912372101929937,active_cumulative,/home/oy/iCAT/result/v6-mixT-20261005/mixT-onlinev6-rep1/control-series.txt
1791218237,2026-10-06T01:37:17+09:00,19222.0,E,1,1,3471560183808,847548873,501067182,1.5911956206447577,active_cumulative,/home/oy/iCAT/result/v6-mixT-20261005/mixT-onlinev6-rep1/control-series.txt
1791218267,2026-10-06T01:37:47+09:00,19252.0,E,1,1,3471835140096,847616001,501069459,1.5911514865326382,active_cumulative,/home/oy/iCAT/result/v6-mixT-20261005/mixT-onlinev6-rep1/control-series.txt
1791218297,2026-10-06T01:38:17+09:00,19282.0,E,1,1,3472090492928,847678343,501071901,1.5911108914575631,active_cumulative,/home/oy/iCAT/result/v6-mixT-20261005/mixT-onlinev6-rep1/control-series.txt
1791218327,2026-10-06T01:38:47+09:00,19312.0,E,1,1,3472363667456,847745036,501074232,1.591067137785045,active_cumulative,/home/oy/iCAT/result/v6-mixT-20261005/mixT-onlinev6-rep1/control-series.txt
1791218357,2026-10-06T01:39:17+09:00,19342.0,E,1,1,3472625225728,847808893,501076466,1.5910252536121958,active_cumulative,/home/oy/iCAT/result/v6-mixT-20261005/mixT-onlinev6-rep1/control-series.txt
1791218387,2026-10-06T01:39:47+09:00,19372.0,E,1,1,3472889298944,847873364,501079105,1.5909834254446515,active_cumulative,/home/oy/iCAT/result/v6-mixT-20261005/mixT-onlinev6-rep1/control-series.txt
1791218417,2026-10-06T01:40:17+09:00,19402.0,E,1,1,3473164550144,847940564,501081405,1.5909393019673959,active_cumulative,/home/oy/iCAT/result/v6-mixT-20261005/mixT-onlinev6-rep1/control-series.txt
1791218447,2026-10-06T01:40:47+09:00,19432.0,E,1,1,3473423675392,848003827,501083825,1.5908980703220341,active_cumulative,/home/oy/iCAT/result/v6-mixT-20261005/mixT-onlinev6-rep1/control-series.txt
1791218477,2026-10-06T01:41:17+09:00,19462.0,E,1,1,3473697181696,848070601,501086349,1.5908545213206842,active_cumulative,/home/oy/iCAT/result/v6-mixT-20261005/mixT-onlinev6-rep1/control-series.txt
1791218507,2026-10-06T01:41:47+09:00,19492.0,E,1,1,3473954570240,848133440,501088761,1.5908135882485661,active_cumulative,/home/oy/iCAT/result/v6-mixT-20261005/mixT-onlinev6-rep1/control-series.txt
1791218537,2026-10-06T01:42:17+09:00,19522.0,E,1,1,3474221199360,848198535,501091706,1.5907717183218195,active_cumulative,/home/oy/iCAT/result/v6-mixT-20261005/mixT-onlinev6-rep1/control-series.txt
1791218567,2026-10-06T01:42:47+09:00,19552.0,E,1,1,3474493333504,848264974,501094067,1.5907282303984416,active_cumulative,/home/oy/iCAT/result/v6-mixT-20261005/mixT-onlinev6-rep1/control-series.txt
1791218597,2026-10-06T01:43:17+09:00,19582.0,E,1,1,3474757238784,848329404,501096617,1.590686370927678,active_cumulative,/home/oy/iCAT/result/v6-mixT-20261005/mixT-onlinev6-rep1/control-series.txt
1791218627,2026-10-06T01:43:47+09:00,19612.0,E,1,1,3475030515712,848396122,501099322,1.5906431076308007,active_cumulative,/home/oy/iCAT/result/v6-mixT-20261005/mixT-onlinev6-rep1/control-series.txt
1791218657,2026-10-06T01:44:17+09:00,19642.0,E,1,1,3475248320512,848449297,501102428,1.5906097509560433,active_cumulative,/home/oy/iCAT/result/v6-mixT-20261005/mixT-onlinev6-rep1/control-series.txt
1791218687,2026-10-06T01:44:47+09:00,19672.0,E,1,1,3475453587456,848499411,501108771,1.5905823439634657,active_cumulative,/home/oy/iCAT/result/v6-mixT-20261005/mixT-onlinev6-rep1/control-series.txt
1791218717,2026-10-06T01:45:17+09:00,19702.0,E,1,1,3475636420608,848544048,501115539,1.5905592528533061,active_cumulative,/home/oy/iCAT/result/v6-mixT-20261005/mixT-onlinev6-rep1/control-series.txt
1791218747,2026-10-06T01:45:47+09:00,19732.0,E,1,1,3475897614336,848607816,501119754,1.5905198426784228,active_cumulative,/home/oy/iCAT/result/v6-mixT-20261005/mixT-onlinev6-rep1/control-series.txt
1791218777,2026-10-06T01:46:17+09:00,19762.0,E,1,1,3475897688064,848607834,501119754,1.5905198301527816,active_cumulative,/home/oy/iCAT/result/v6-mixT-20261005/mixT-onlinev6-rep1/control-series.txt
1791218807,2026-10-06T01:46:47+09:00,19792.0,E,1,1,3476147982336,848668941,501123372,1.590481573897966,active_cumulative,/home/oy/iCAT/result/v6-mixT-20261005/mixT-onlinev6-rep1/control-series.txt
1791218837,2026-10-06T01:47:17+09:00,19822.0,E,1,1,3476416270336,848734441,501126490,1.5904396779392624,active_cumulative,/home/oy/iCAT/result/v6-mixT-20261005/mixT-onlinev6-rep1/control-series.txt
1791218867,2026-10-06T01:47:47+09:00,19852.0,E,1,1,3476690604032,848801417,501129283,1.590396378897657,active_cumulative,/home/oy/iCAT/result/v6-mixT-20261005/mixT-onlinev6-rep1/control-series.txt
1791218897,2026-10-06T01:48:17+09:00,19882.0,E,1,1,3476951728128,848865168,501132189,1.5903554626710752,active_cumulative,/home/oy/iCAT/result/v6-mixT-20261005/mixT-onlinev6-rep1/control-series.txt
1791218927,2026-10-06T01:48:47+09:00,19912.0,E,1,1,3477225836544,848932089,501135461,1.5903127794242207,active_cumulative,/home/oy/iCAT/result/v6-mixT-20261005/mixT-onlinev6-rep1/control-series.txt
1791218957,2026-10-06T01:49:17+09:00,19942.0,E,1,1,3477484580864,848995259,501138467,1.5902723975046367,active_cumulative,/home/oy/iCAT/result/v6-mixT-20261005/mixT-onlinev6-rep1/control-series.txt
1791218987,2026-10-06T01:49:47+09:00,19972.0,E,1,1,3477755969536,849061516,501141353,1.590229734308203,active_cumulative,/home/oy/iCAT/result/v6-mixT-20261005/mixT-onlinev6-rep1/control-series.txt
1791219017,2026-10-06T01:50:17+09:00,20002.0,E,1,1,3478014263296,849124576,501144313,1.5901893870046226,active_cumulative,/home/oy/iCAT/result/v6-mixT-20261005/mixT-onlinev6-rep1/control-series.txt
1791219047,2026-10-06T01:50:47+09:00,20032.0,E,1,1,3478280331264,849189534,501147398,1.5901478738667545,active_cumulative,/home/oy/iCAT/result/v6-mixT-20261005/mixT-onlinev6-rep1/control-series.txt
1791219077,2026-10-06T01:51:17+09:00,20062.0,F,1,1,3481698320384,850024004,503374802,1.5921889259964945,active_cumulative,/home/oy/iCAT/result/v6-mixT-20261005/mixT-onlinev6-rep1/control-series.txt
1791219107,2026-10-06T01:51:47+09:00,20092.0,F,1,1,3486614925312,851224347,509062186,1.5980352744774111,active_cumulative,/home/oy/iCAT/result/v6-mixT-20261005/mixT-onlinev6-rep1/control-series.txt
1791219137,2026-10-06T01:52:17+09:00,20122.0,F,1,1,3491531292672,852424632,514079441,1.603079054383778,active_cumulative,/home/oy/iCAT/result/v6-mixT-20261005/mixT-onlinev6-rep1/control-series.txt
1791219167,2026-10-06T01:52:47+09:00,20152.0,F,1,1,3496447844352,853624962,519351362,1.6084069528416625,active_cumulative,/home/oy/iCAT/result/v6-mixT-20261005/mixT-onlinev6-rep1/control-series.txt
1791219197,2026-10-06T01:53:17+09:00,20182.0,F,1,1,3501364404224,854825294,525051641,1.6142209930910163,active_cumulative,/home/oy/iCAT/result/v6-mixT-20261005/mixT-onlinev6-rep1/control-series.txt
1791219227,2026-10-06T01:53:47+09:00,20212.0,F,1,1,3506280890368,856025608,530869641,1.620156261727161,active_cumulative,/home/oy/iCAT/result/v6-mixT-20261005/mixT-onlinev6-rep1/control-series.txt
1791219257,2026-10-06T01:54:17+09:00,20242.0,F,1,1,3511197822976,857226031,536826205,1.6262364715800377,active_cumulative,/home/oy/iCAT/result/v6-mixT-20261005/mixT-onlinev6-rep1/control-series.txt
1791219287,2026-10-06T01:54:47+09:00,20272.0,F,1,1,3516114546688,858426403,542532040,1.632007634089512,active_cumulative,/home/oy/iCAT/result/v6-mixT-20261005/mixT-onlinev6-rep1/control-series.txt
1791219317,2026-10-06T01:55:17+09:00,20302.0,F,1,1,3521031393280,859626805,547531997,1.6369415120786048,active_cumulative,/home/oy/iCAT/result/v6-mixT-20261005/mixT-onlinev6-rep1/control-series.txt
1791219347,2026-10-06T01:55:47+09:00,20332.0,F,1,1,3525948133376,860827181,553029603,1.642439754699149,active_cumulative,/home/oy/iCAT/result/v6-mixT-20261005/mixT-onlinev6-rep1/control-series.txt
1791219377,2026-10-06T01:56:17+09:00,20362.0,F,1,1,3530864742400,862027525,558925644,1.6483849155512753,active_cumulative,/home/oy/iCAT/result/v6-mixT-20261005/mixT-onlinev6-rep1/control-series.txt
1791219407,2026-10-06T01:56:47+09:00,20392.0,F,1,1,3535781502976,863227906,564924109,1.654432166839611,active_cumulative,/home/oy/iCAT/result/v6-mixT-20261005/mixT-onlinev6-rep1/control-series.txt
1791219437,2026-10-06T01:57:17+09:00,20422.0,F,1,1,3540698619904,864428374,570954225,1.660499171675732,active_cumulative,/home/oy/iCAT/result/v6-mixT-20261005/mixT-onlinev6-rep1/control-series.txt
1791219467,2026-10-06T01:57:47+09:00,20452.0,F,1,1,3545615368192,865628752,577005622,1.6665740026158464,active_cumulative,/home/oy/iCAT/result/v6-mixT-20261005/mixT-onlinev6-rep1/control-series.txt
1791219497,2026-10-06T01:58:17+09:00,20482.0,F,1,1,3550532161536,866829141,582753258,1.672281572499649,active_cumulative,/home/oy/iCAT/result/v6-mixT-20261005/mixT-onlinev6-rep1/control-series.txt
1791219527,2026-10-06T01:58:47+09:00,20512.0,F,1,1,3555448782848,868029488,587745166,1.677102764508848,active_cumulative,/home/oy/iCAT/result/v6-mixT-20261005/mixT-onlinev6-rep1/control-series.txt
1791219557,2026-10-06T01:59:17+09:00,20542.0,F,1,1,3560365383680,869229830,593334667,1.6825981420817093,active_cumulative,/home/oy/iCAT/result/v6-mixT-20261005/mixT-onlinev6-rep1/control-series.txt
1791219587,2026-10-06T01:59:47+09:00,20572.0,F,1,1,3565282230272,870430232,599055412,1.6882290963441628,active_cumulative,/home/oy/iCAT/result/v6-mixT-20261005/mixT-onlinev6-rep1/control-series.txt
1791219617,2026-10-06T02:00:17+09:00,20602.0,F,1,1,3570198818816,871630571,605011099,1.6941141340486552,active_cumulative,/home/oy/iCAT/result/v6-mixT-20261005/mixT-onlinev6-rep1/control-series.txt
1791219647,2026-10-06T02:00:47+09:00,20632.0,F,1,1,3575115481088,872830928,611084152,1.700117436718512,active_cumulative,/home/oy/iCAT/result/v6-mixT-20261005/mixT-onlinev6-rep1/control-series.txt
1791219677,2026-10-06T02:01:17+09:00,20662.0,F,1,1,3580032376832,874031342,616978907,1.7059002090110402,active_cumulative,/home/oy/iCAT/result/v6-mixT-20261005/mixT-onlinev6-rep1/control-series.txt
1791219707,2026-10-06T02:01:47+09:00,20692.0,F,1,1,3584949161984,875231729,621937490,1.7105975130844462,active_cumulative,/home/oy/iCAT/result/v6-mixT-20261005/mixT-onlinev6-rep1/control-series.txt
1791219737,2026-10-06T02:02:17+09:00,20722.0,F,1,1,3589865984000,876432125,627070612,1.7154810898790367,active_cumulative,/home/oy/iCAT/result/v6-mixT-20261005/mixT-onlinev6-rep1/control-series.txt
1791219767,2026-10-06T02:02:47+09:00,20752.0,F,1,1,3594782564352,877632462,632511108,1.7207015868107214,active_cumulative,/home/oy/iCAT/result/v6-mixT-20261005/mixT-onlinev6-rep1/control-series.txt
1791219797,2026-10-06T02:03:17+09:00,20782.0,F,1,1,3599699443712,878832872,638346849,1.7263575013384342,active_cumulative,/home/oy/iCAT/result/v6-mixT-20261005/mixT-onlinev6-rep1/control-series.txt
1791219827,2026-10-06T02:03:47+09:00,20812.0,F,1,1,3604616212480,880033255,644357220,1.7321964440991495,active_cumulative,/home/oy/iCAT/result/v6-mixT-20261005/mixT-onlinev6-rep1/control-series.txt
1791219857,2026-10-06T02:04:17+09:00,20842.0,F,1,1,3609532870656,881233611,650386823,1.7380413262516834,active_cumulative,/home/oy/iCAT/result/v6-mixT-20261005/mixT-onlinev6-rep1/control-series.txt
1791219887,2026-10-06T02:04:47+09:00,20872.0,F,1,1,3614449745920,882434020,655030503,1.742299693975987,active_cumulative,/home/oy/iCAT/result/v6-mixT-20261005/mixT-onlinev6-rep1/control-series.txt
1791219917,2026-10-06T02:05:17+09:00,20902.0,F,1,1,3619366490112,883634397,659394736,1.7462302715225786,active_cumulative,/home/oy/iCAT/result/v6-mixT-20261005/mixT-onlinev6-rep1/control-series.txt
1791219947,2026-10-06T02:05:47+09:00,20932.0,F,1,1,3624283230208,884834773,664059826,1.750490200276069,active_cumulative,/home/oy/iCAT/result/v6-mixT-20261005/mixT-onlinev6-rep1/control-series.txt
1791219977,2026-10-06T02:06:17+09:00,20962.0,F,1,1,3629199720448,886035088,668475743,1.7544574160250412,active_cumulative,/home/oy/iCAT/result/v6-mixT-20261005/mixT-onlinev6-rep1/control-series.txt
1791220007,2026-10-06T02:06:47+09:00,20992.0,F,1,1,3634116624384,887235504,673024785,1.7585638558936658,active_cumulative,/home/oy/iCAT/result/v6-mixT-20261005/mixT-onlinev6-rep1/control-series.txt
1791220037,2026-10-06T02:07:17+09:00,21022.0,F,1,1,3639033393152,888435887,677352282,1.7624098619960407,active_cumulative,/home/oy/iCAT/result/v6-mixT-20261005/mixT-onlinev6-rep1/control-series.txt
1791220067,2026-10-06T02:07:47+09:00,21052.0,F,1,1,3643950579712,889636372,681797799,1.7663780623843468,active_cumulative,/home/oy/iCAT/result/v6-mixT-20261005/mixT-onlinev6-rep1/control-series.txt
1791220097,2026-10-06T02:08:17+09:00,21082.0,F,1,1,3648867184640,890836715,686190300,1.770276177941319,active_cumulative,/home/oy/iCAT/result/v6-mixT-20261005/mixT-onlinev6-rep1/control-series.txt
1791220127,2026-10-06T02:08:47+09:00,21112.0,F,1,1,3653784076288,892037128,690648771,1.7742376963036004,active_cumulative,/home/oy/iCAT/result/v6-mixT-20261005/mixT-onlinev6-rep1/control-series.txt
1791220157,2026-10-06T02:09:17+09:00,21142.0,F,1,1,3658701340672,893237632,694921354,1.7779803818207247,active_cumulative,/home/oy/iCAT/result/v6-mixT-20261005/mixT-onlinev6-rep1/control-series.txt
1791220187,2026-10-06T02:09:47+09:00,21172.0,F,1,1,3663618236416,894438046,699354350,1.781892444230844,active_cumulative,/home/oy/iCAT/result/v6-mixT-20261005/mixT-onlinev6-rep1/control-series.txt
1791220217,2026-10-06T02:10:17+09:00,21202.0,F,1,1,3668534996992,895638427,703961363,1.785988342815934,active_cumulative,/home/oy/iCAT/result/v6-mixT-20261005/mixT-onlinev6-rep1/control-series.txt
1791220247,2026-10-06T02:10:47+09:00,21232.0,F,1,1,3673452175360,896838910,708474830,1.7899688808104903,active_cumulative,/home/oy/iCAT/result/v6-mixT-20261005/mixT-onlinev6-rep1/control-series.txt
1791220277,2026-10-06T02:11:17+09:00,21262.0,F,1,1,3678369091584,898039329,712781266,1.7937082964882043,active_cumulative,/home/oy/iCAT/result/v6-mixT-20261005/mixT-onlinev6-rep1/control-series.txt
1791220307,2026-10-06T02:11:47+09:00,21292.0,F,1,1,3683285929984,899239729,717345442,1.7977243652231918,active_cumulative,/home/oy/iCAT/result/v6-mixT-20261005/mixT-onlinev6-rep1/control-series.txt
1791220337,2026-10-06T02:12:17+09:00,21322.0,F,1,1,3688203194368,900440233,721759136,1.8015625130335553,active_cumulative,/home/oy/iCAT/result/v6-mixT-20261005/mixT-onlinev6-rep1/control-series.txt
1791220367,2026-10-06T02:12:47+09:00,21352.0,F,1,1,3693119967232,901640617,726195936,1.8054161739255363,active_cumulative,/home/oy/iCAT/result/v6-mixT-20261005/mixT-onlinev6-rep1/control-series.txt
1791220397,2026-10-06T02:13:17+09:00,21382.0,F,1,1,3698037567488,902841203,730465621,1.8090743073895799,active_cumulative,/home/oy/iCAT/result/v6-mixT-20261005/mixT-onlinev6-rep1/control-series.txt
1791220427,2026-10-06T02:13:47+09:00,21412.0,F,1,1,3702954672128,904041668,735011720,1.8130285870849927,active_cumulative,/home/oy/iCAT/result/v6-mixT-20261005/mixT-onlinev6-rep1/control-series.txt
1791220457,2026-10-06T02:14:17+09:00,21442.0,F,1,1,3707871539200,905242075,739390146,1.816787206891593,active_cumulative,/home/oy/iCAT/result/v6-mixT-20261005/mixT-onlinev6-rep1/control-series.txt
1791220487,2026-10-06T02:14:47+09:00,21472.0,F,1,1,3712788180992,906442427,743857248,1.8206337499689873,active_cumulative,/home/oy/iCAT/result/v6-mixT-20261005/mixT-onlinev6-rep1/control-series.txt
1791220517,2026-10-06T02:15:17+09:00,21502.0,F,1,1,3717705195520,907642870,748285214,1.8244269180454202,active_cumulative,/home/oy/iCAT/result/v6-mixT-20261005/mixT-onlinev6-rep1/control-series.txt
1791220547,2026-10-06T02:15:47+09:00,21532.0,F,1,1,3722622107648,908843288,752906218,1.8284224881682793,active_cumulative,/home/oy/iCAT/result/v6-mixT-20261005/mixT-onlinev6-rep1/control-series.txt
1791220577,2026-10-06T02:16:17+09:00,21562.0,F,1,1,3727539044352,910043712,757272638,1.83212776267169,active_cumulative,/home/oy/iCAT/result/v6-mixT-20261005/mixT-onlinev6-rep1/control-series.txt
1791220607,2026-10-06T02:16:47+09:00,21592.0,F,1,1,3732455981056,911244136,761685672,1.8358744291551743,active_cumulative,/home/oy/iCAT/result/v6-mixT-20261005/mixT-onlinev6-rep1/control-series.txt
1791220637,2026-10-06T02:17:17+09:00,21622.0,F,1,1,3737372704768,912444508,766072151,1.8395821820213092,active_cumulative,/home/oy/iCAT/result/v6-mixT-20261005/mixT-onlinev6-rep1/control-series.txt
1791220667,2026-10-06T02:17:47+09:00,21652.0,F,1,1,3742289432576,913644881,770593218,1.843427500142695,active_cumulative,/home/oy/iCAT/result/v6-mixT-20261005/mixT-onlinev6-rep1/control-series.txt
1791220697,2026-10-06T02:18:17+09:00,21682.0,F,1,1,3747206225920,914845270,774902707,1.8470314406282058,active_cumulative,/home/oy/iCAT/result/v6-mixT-20261005/mixT-onlinev6-rep1/control-series.txt
1791220727,2026-10-06T02:18:47+09:00,21712.0,F,1,1,3752123023360,916045660,779403963,1.850835277141098,active_cumulative,/home/oy/iCAT/result/v6-mixT-20261005/mixT-onlinev6-rep1/control-series.txt
1791220757,2026-10-06T02:19:17+09:00,21742.0,F,1,1,3757039595520,917245995,783827916,1.8545449315371498,active_cumulative,/home/oy/iCAT/result/v6-mixT-20261005/mixT-onlinev6-rep1/control-series.txt
1791220787,2026-10-06T02:19:47+09:00,21772.0,F,1,1,3761956593664,918446434,788310243,1.8583083496407804,active_cumulative,/home/oy/iCAT/result/v6-mixT-20261005/mixT-onlinev6-rep1/control-series.txt
1791220817,2026-10-06T02:20:17+09:00,21802.0,F,1,1,3766873477120,919646845,792636809,1.86189259856592,active_cumulative,/home/oy/iCAT/result/v6-mixT-20261005/mixT-onlinev6-rep1/control-series.txt
1791220847,2026-10-06T02:20:47+09:00,21832.0,F,1,1,3771790086144,920847189,797214052,1.865739789970733,active_cumulative,/home/oy/iCAT/result/v6-mixT-20261005/mixT-onlinev6-rep1/control-series.txt
1791220877,2026-10-06T02:21:17+09:00,21862.0,F,1,1,3776706732032,922047542,801697214,1.8694749212833974,active_cumulative,/home/oy/iCAT/result/v6-mixT-20261005/mixT-onlinev6-rep1/control-series.txt
1791220907,2026-10-06T02:21:47+09:00,21892.0,F,1,1,3781623607296,923247951,806105088,1.8731187403415097,active_cumulative,/home/oy/iCAT/result/v6-mixT-20261005/mixT-onlinev6-rep1/control-series.txt
1791220937,2026-10-06T02:22:17+09:00,21922.0,F,1,1,3786540568576,924448381,810419152,1.8766515996527016,active_cumulative,/home/oy/iCAT/result/v6-mixT-20261005/mixT-onlinev6-rep1/control-series.txt
1791220967,2026-10-06T02:22:47+09:00,21952.0,F,1,1,3791457431552,925648787,814949047,1.8804084858591188,active_cumulative,/home/oy/iCAT/result/v6-mixT-20261005/mixT-onlinev6-rep1/control-series.txt
1791220997,2026-10-06T02:23:17+09:00,21982.0,F,1,1,3796374073344,926849139,819330375,1.8839953996008405,active_cumulative,/home/oy/iCAT/result/v6-mixT-20261005/mixT-onlinev6-rep1/control-series.txt
1791221027,2026-10-06T02:23:47+09:00,22012.0,F,1,1,3801290776576,928049506,823829482,1.8876999305250424,active_cumulative,/home/oy/iCAT/result/v6-mixT-20261005/mixT-onlinev6-rep1/control-series.txt
1791221057,2026-10-06T02:24:17+09:00,22042.0,F,1,1,3806207324160,929249835,828261838,1.8913230939664358,active_cumulative,/home/oy/iCAT/result/v6-mixT-20261005/mixT-onlinev6-rep1/control-series.txt
1791221088,2026-10-06T02:24:48+09:00,22073.0,F,1,1,3811124355072,930450282,832746081,1.8949925612468137,active_cumulative,/home/oy/iCAT/result/v6-mixT-20261005/mixT-onlinev6-rep1/control-series.txt
1791221118,2026-10-06T02:25:18+09:00,22103.0,F,1,1,3816041013248,931650638,837108250,1.898521630164976,active_cumulative,/home/oy/iCAT/result/v6-mixT-20261005/mixT-onlinev6-rep1/control-series.txt
1791221148,2026-10-06T02:25:48+09:00,22133.0,F,1,1,3820957880320,932851045,841529125,1.9021044994380643,active_cumulative,/home/oy/iCAT/result/v6-mixT-20261005/mixT-onlinev6-rep1/control-series.txt
1791221178,2026-10-06T02:26:18+09:00,22163.0,F,1,1,3825874829312,934051472,846037825,1.9057721660546776,active_cumulative,/home/oy/iCAT/result/v6-mixT-20261005/mixT-onlinev6-rep1/control-series.txt
1791221208,2026-10-06T02:26:48+09:00,22193.0,F,1,1,3830791634944,935251864,850528884,1.9094115892614782,active_cumulative,/home/oy/iCAT/result/v6-mixT-20261005/mixT-onlinev6-rep1/control-series.txt
1791221238,2026-10-06T02:27:18+09:00,22223.0,F,1,1,3835708268544,936452214,854884287,1.9128968613875261,active_cumulative,/home/oy/iCAT/result/v6-mixT-20261005/mixT-onlinev6-rep1/control-series.txt
1791221268,2026-10-06T02:27:48+09:00,22253.0,F,1,1,3840624975872,937652582,859369615,1.9165117565900331,active_cumulative,/home/oy/iCAT/result/v6-mixT-20261005/mixT-onlinev6-rep1/control-series.txt
1791221298,2026-10-06T02:28:18+09:00,22283.0,F,1,1,3845541781504,938852974,863804507,1.9200636637702124,active_cumulative,/home/oy/iCAT/result/v6-mixT-20261005/mixT-onlinev6-rep1/control-series.txt
1791221328,2026-10-06T02:28:48+09:00,22313.0,F,1,1,3850458234880,940053280,868232761,1.9235995229972498,active_cumulative,/home/oy/iCAT/result/v6-mixT-20261005/mixT-onlinev6-rep1/control-series.txt
1791221358,2026-10-06T02:29:18+09:00,22343.0,F,1,1,3855375179776,941253706,872650539,1.9271151161873885,active_cumulative,/home/oy/iCAT/result/v6-mixT-20261005/mixT-onlinev6-rep1/control-series.txt
1791221388,2026-10-06T02:29:48+09:00,22373.0,F,1,1,3860291887104,942454074,877168931,1.930728568318545,active_cumulative,/home/oy/iCAT/result/v6-mixT-20261005/mixT-onlinev6-rep1/control-series.txt
1791221418,2026-10-06T02:30:18+09:00,22403.0,F,1,1,3865208623104,943654449,881606405,1.9342470709847732,active_cumulative,/home/oy/iCAT/result/v6-mixT-20261005/mixT-onlinev6-rep1/control-series.txt
1791221448,2026-10-06T02:30:48+09:00,22433.0,F,1,1,3870125338624,944854819,885940790,1.9376475329169063,active_cumulative,/home/oy/iCAT/result/v6-mixT-20261005/mixT-onlinev6-rep1/control-series.txt
1791221478,2026-10-06T02:31:18+09:00,22463.0,F,1,1,3875042082816,946055196,890407279,1.9411789954378096,active_cumulative,/home/oy/iCAT/result/v6-mixT-20261005/mixT-onlinev6-rep1/control-series.txt
1791221508,2026-10-06T02:31:48+09:00,22493.0,F,1,1,3879958880256,947255586,894918011,1.9447482012526236,active_cumulative,/home/oy/iCAT/result/v6-mixT-20261005/mixT-onlinev6-rep1/control-series.txt
1791221538,2026-10-06T02:32:18+09:00,22523.0,F,1,1,3884875583488,948455953,899401041,1.9482791880373174,active_cumulative,/home/oy/iCAT/result/v6-mixT-20261005/mixT-onlinev6-rep1/control-series.txt
1791221568,2026-10-06T02:32:48+09:00,22553.0,F,1,1,3889792364544,949656339,903778931,1.9516905156992799,active_cumulative,/home/oy/iCAT/result/v6-mixT-20261005/mixT-onlinev6-rep1/control-series.txt
1791221598,2026-10-06T02:33:18+09:00,22583.0,F,1,1,3894709133312,950856722,908271377,1.9552137098947702,active_cumulative,/home/oy/iCAT/result/v6-mixT-20261005/mixT-onlinev6-rep1/control-series.txt
1791221628,2026-10-06T02:33:48+09:00,22613.0,F,1,1,3899625832448,952057088,912668808,1.9586282372176405,active_cumulative,/home/oy/iCAT/result/v6-mixT-20261005/mixT-onlinev6-rep1/control-series.txt
1791221658,2026-10-06T02:34:18+09:00,22643.0,F,1,1,3904542597120,953257470,917117197,1.9620876057755938,active_cumulative,/home/oy/iCAT/result/v6-mixT-20261005/mixT-onlinev6-rep1/control-series.txt
1791221688,2026-10-06T02:34:48+09:00,22673.0,F,1,1,3909459357696,954457851,921497037,1.9654664541074638,active_cumulative,/home/oy/iCAT/result/v6-mixT-20261005/mixT-onlinev6-rep1/control-series.txt
1791221718,2026-10-06T02:35:18+09:00,22703.0,F,1,1,3914375991296,955658201,925949289,1.9689126175353149,active_cumulative,/home/oy/iCAT/result/v6-mixT-20261005/mixT-onlinev6-rep1/control-series.txt
1791221748,2026-10-06T02:35:48+09:00,22733.0,F,1,1,3919292723200,956858575,930369967,1.972317112797991,active_cumulative,/home/oy/iCAT/result/v6-mixT-20261005/mixT-onlinev6-rep1/control-series.txt
1791221778,2026-10-06T02:36:18+09:00,22763.0,F,1,1,3924209291264,958058909,934808756,1.9757320215055794,active_cumulative,/home/oy/iCAT/result/v6-mixT-20261005/mixT-onlinev6-rep1/control-series.txt
1791221808,2026-10-06T02:36:48+09:00,22793.0,F,1,1,3929126498304,959259399,939340805,1.9792354455731531,active_cumulative,/home/oy/iCAT/result/v6-mixT-20261005/mixT-onlinev6-rep1/control-series.txt
1791221838,2026-10-06T02:37:18+09:00,22823.0,F,1,1,3934043262976,960459781,943859263,1.9827160716894192,active_cumulative,/home/oy/iCAT/result/v6-mixT-20261005/mixT-onlinev6-rep1/control-series.txt
1791221868,2026-10-06T02:37:48+09:00,22853.0,F,1,1,3938959761408,961660098,948303879,1.986111289188584,active_cumulative,/home/oy/iCAT/result/v6-mixT-20261005/mixT-onlinev6-rep1/control-series.txt
1791221898,2026-10-06T02:38:18+09:00,22883.0,F,1,1,3943876378624,962860444,952717439,1.9894657579265973,active_cumulative,/home/oy/iCAT/result/v6-mixT-20261005/mixT-onlinev6-rep1/control-series.txt
1791221928,2026-10-06T02:38:48+09:00,22913.0,F,1,1,3948793356288,964060878,957132673,1.9928135191893972,active_cumulative,/home/oy/iCAT/result/v6-mixT-20261005/mixT-onlinev6-rep1/control-series.txt
1791221958,2026-10-06T02:39:18+09:00,22943.0,F,1,1,3953710436352,965261337,961573396,1.9961793341775587,active_cumulative,/home/oy/iCAT/result/v6-mixT-20261005/mixT-onlinev6-rep1/control-series.txt
1791221988,2026-10-06T02:39:48+09:00,22973.0,F,1,1,3958627024896,966461676,965890192,1.9994086842611647,active_cumulative,/home/oy/iCAT/result/v6-mixT-20261005/mixT-onlinev6-rep1/control-series.txt
1791222018,2026-10-06T02:40:18+09:00,23003.0,F,1,1,3963543748608,967662048,970414898,2.002844846509884,active_cumulative,/home/oy/iCAT/result/v6-mixT-20261005/mixT-onlinev6-rep1/control-series.txt
1791222048,2026-10-06T02:40:48+09:00,23033.0,F,1,1,3968460517376,968862431,974777911,2.0061055933337144,active_cumulative,/home/oy/iCAT/result/v6-mixT-20261005/mixT-onlinev6-rep1/control-series.txt
1791222078,2026-10-06T02:41:18+09:00,23063.0,F,1,1,3973377196032,970062792,979321850,2.009544802745099,active_cumulative,/home/oy/iCAT/result/v6-mixT-20261005/mixT-onlinev6-rep1/control-series.txt
1791222108,2026-10-06T02:41:48+09:00,23093.0,F,1,1,3978293858304,971263149,983714904,2.0128201662060587,active_cumulative,/home/oy/iCAT/result/v6-mixT-20261005/mixT-onlinev6-rep1/control-series.txt
1791222138,2026-10-06T02:42:18+09:00,23123.0,F,1,1,3983210745856,972463561,988290568,2.016275167147368,active_cumulative,/home/oy/iCAT/result/v6-mixT-20261005/mixT-onlinev6-rep1/control-series.txt
1791222168,2026-10-06T02:42:48+09:00,23153.0,F,1,1,3988127461376,973663931,992717658,2.0195691001724088,active_cumulative,/home/oy/iCAT/result/v6-mixT-20261005/mixT-onlinev6-rep1/control-series.txt
1791222198,2026-10-06T02:43:18+09:00,23183.0,F,1,1,3993044234240,974864315,997232534,2.02294495619116,active_cumulative,/home/oy/iCAT/result/v6-mixT-20261005/mixT-onlinev6-rep1/control-series.txt
1791222228,2026-10-06T02:43:48+09:00,23213.0,F,1,1,3997960867840,976064665,1001561774,2.026122356350232,active_cumulative,/home/oy/iCAT/result/v6-mixT-20261005/mixT-onlinev6-rep1/control-series.txt
1791222258,2026-10-06T02:44:18+09:00,23243.0,F,1,1,4002878038016,977265146,1006050112,2.0294546123105057,active_cumulative,/home/oy/iCAT/result/v6-mixT-20261005/mixT-onlinev6-rep1/control-series.txt
1791222288,2026-10-06T02:44:48+09:00,23273.0,F,1,1,4007795015680,978465580,1010410390,2.0326478627894096,active_cumulative,/home/oy/iCAT/result/v6-mixT-20261005/mixT-onlinev6-rep1/control-series.txt
1791222318,2026-10-06T02:45:18+09:00,23303.0,F,1,1,4012711800832,979665967,1014895330,2.035960586757833,active_cumulative,/home/oy/iCAT/result/v6-mixT-20261005/mixT-onlinev6-rep1/control-series.txt
1791222348,2026-10-06T02:45:48+09:00,23333.0,F,1,1,4017628663808,980866373,1019298108,2.0391814176302687,active_cumulative,/home/oy/iCAT/result/v6-mixT-20261005/mixT-onlinev6-rep1/control-series.txt
1791222378,2026-10-06T02:46:18+09:00,23363.0,F,1,1,4022545547264,982066784,1023813739,2.042509283156857,active_cumulative,/home/oy/iCAT/result/v6-mixT-20261005/mixT-onlinev6-rep1/control-series.txt
1791222408,2026-10-06T02:46:48+09:00,23393.0,F,1,1,4027462373376,983267181,1028147896,2.045644475751093,active_cumulative,/home/oy/iCAT/result/v6-mixT-20261005/mixT-onlinev6-rep1/control-series.txt
1791222438,2026-10-06T02:47:18+09:00,23423.0,F,1,1,4032378920960,984467510,1032755506,2.049049862498763,active_cumulative,/home/oy/iCAT/result/v6-mixT-20261005/mixT-onlinev6-rep1/control-series.txt
1791222468,2026-10-06T02:47:48+09:00,23453.0,F,1,1,4037295788032,985667917,1037207041,2.0522885275163114,active_cumulative,/home/oy/iCAT/result/v6-mixT-20261005/mixT-onlinev6-rep1/control-series.txt
1791222498,2026-10-06T02:48:18+09:00,23483.0,F,1,1,4042212614144,986868314,1041665455,2.0555262948689625,active_cumulative,/home/oy/iCAT/result/v6-mixT-20261005/mixT-onlinev6-rep1/control-series.txt
1791222528,2026-10-06T02:48:48+09:00,23513.0,F,1,1,4047129235456,988068661,1045991566,2.0586223481082557,active_cumulative,/home/oy/iCAT/result/v6-mixT-20261005/mixT-onlinev6-rep1/control-series.txt
1791222558,2026-10-06T02:49:18+09:00,23543.0,F,1,1,4052046036992,989269052,1050551545,2.06194724567205,active_cumulative,/home/oy/iCAT/result/v6-mixT-20261005/mixT-onlinev6-rep1/control-series.txt
1791222588,2026-10-06T02:49:48+09:00,23573.0,F,1,1,4056962633728,990469393,1054933998,2.0650849036382084,active_cumulative,/home/oy/iCAT/result/v6-mixT-20261005/mixT-onlinev6-rep1/control-series.txt
1791222618,2026-10-06T02:50:18+09:00,23603.0,F,1,1,4061879734272,991669857,1059442909,2.0683423535782635,active_cumulative,/home/oy/iCAT/result/v6-mixT-20261005/mixT-onlinev6-rep1/control-series.txt
1791222648,2026-10-06T02:50:48+09:00,23633.0,F,1,1,4066796843008,992870323,1063823115,2.0714622950816106,active_cumulative,/home/oy/iCAT/result/v6-mixT-20261005/mixT-onlinev6-rep1/control-series.txt
1791222678,2026-10-06T02:51:18+09:00,23663.0,F,1,1,4071713517568,994070683,1068315124,2.0746872855921454,active_cumulative,/home/oy/iCAT/result/v6-mixT-20261005/mixT-onlinev6-rep1/control-series.txt
1791222708,2026-10-06T02:51:48+09:00,23693.0,F,1,1,4076630138880,995271030,1072664794,2.077761495780702,active_cumulative,/home/oy/iCAT/result/v6-mixT-20261005/mixT-onlinev6-rep1/control-series.txt
1791222738,2026-10-06T02:52:18+09:00,23723.0,F,1,1,4081547132928,996471468,1077123974,2.0809380986711803,active_cumulative,/home/oy/iCAT/result/v6-mixT-20261005/mixT-onlinev6-rep1/control-series.txt
1791222768,2026-10-06T02:52:48+09:00,23753.0,F,1,1,4086463750144,997671814,1081515919,2.084039765204793,active_cumulative,/home/oy/iCAT/result/v6-mixT-20261005/mixT-onlinev6-rep1/control-series.txt
1791222798,2026-10-06T02:53:18+09:00,23783.0,F,1,1,4091380482048,998872188,1086105008,2.0873313133031193,active_cumulative,/home/oy/iCAT/result/v6-mixT-20261005/mixT-onlinev6-rep1/control-series.txt
1791222828,2026-10-06T02:53:48+09:00,23813.0,F,1,1,4096297316352,1000072587,1090525561,2.090446408766527,active_cumulative,/home/oy/iCAT/result/v6-mixT-20261005/mixT-onlinev6-rep1/control-series.txt
1791222858,2026-10-06T02:54:18+09:00,23843.0,F,1,1,4101213990912,1001272947,1095026460,2.093634321471386,active_cumulative,/home/oy/iCAT/result/v6-mixT-20261005/mixT-onlinev6-rep1/control-series.txt
1791222888,2026-10-06T02:54:48+09:00,23873.0,F,1,1,4106130903040,1002473365,1099400120,2.0966876112464092,active_cumulative,/home/oy/iCAT/result/v6-mixT-20261005/mixT-onlinev6-rep1/control-series.txt
1791222918,2026-10-06T02:55:18+09:00,23903.0,F,1,1,4111047634944,1003673739,1103912500,2.0998718578607747,active_cumulative,/home/oy/iCAT/result/v6-mixT-20261005/mixT-onlinev6-rep1/control-series.txt
1791222948,2026-10-06T02:55:48+09:00,23933.0,F,1,1,4115964481536,1004874141,1108256878,2.102881279139215,active_cumulative,/home/oy/iCAT/result/v6-mixT-20261005/mixT-onlinev6-rep1/control-series.txt
1791222978,2026-10-06T02:56:18+09:00,23963.0,F,1,1,4120881160192,1006074502,1112794116,2.106075259623268,active_cumulative,/home/oy/iCAT/result/v6-mixT-20261005/mixT-onlinev6-rep1/control-series.txt
1791223008,2026-10-06T02:56:48+09:00,23993.0,F,1,1,4125798023168,1007274908,1117115607,2.109047389275381,active_cumulative,/home/oy/iCAT/result/v6-mixT-20261005/mixT-onlinev6-rep1/control-series.txt
1791223038,2026-10-06T02:57:18+09:00,24023.0,F,1,1,4130714914816,1008475321,1121565262,2.1121395225496054,active_cumulative,/home/oy/iCAT/result/v6-mixT-20261005/mixT-onlinev6-rep1/control-series.txt
1791223068,2026-10-06T02:57:48+09:00,24053.0,G,1,1,4136309669888,1009841228,1126362670,2.1153859030203908,active_cumulative,/home/oy/iCAT/result/v6-mixT-20261005/mixT-onlinev6-rep1/control-series.txt
1791223098,2026-10-06T02:58:18+09:00,24083.0,G,1,1,4149540433920,1013071395,1133711821,2.119083834165508,active_cumulative,/home/oy/iCAT/result/v6-mixT-20261005/mixT-onlinev6-rep1/control-series.txt
1791223128,2026-10-06T02:58:48+09:00,24113.0,G,1,1,4163107168256,1016383586,1141758373,2.1233538092576003,active_cumulative,/home/oy/iCAT/result/v6-mixT-20261005/mixT-onlinev6-rep1/control-series.txt
1791223158,2026-10-06T02:59:18+09:00,24143.0,G,1,1,4176638439424,1019687119,1149870369,2.127669799465222,active_cumulative,/home/oy/iCAT/result/v6-mixT-20261005/mixT-onlinev6-rep1/control-series.txt
1791223188,2026-10-06T02:59:48+09:00,24173.0,G,1,1,4190937935872,1023178207,1157606029,2.131382608699366,active_cumulative,/home/oy/iCAT/result/v6-mixT-20261005/mixT-onlinev6-rep1/control-series.txt
1791223218,2026-10-06T03:00:18+09:00,24203.0,G,1,1,4207089278976,1027121406,1164731654,2.1339766138609715,active_cumulative,/home/oy/iCAT/result/v6-mixT-20261005/mixT-onlinev6-rep1/control-series.txt
1791223248,2026-10-06T03:00:48+09:00,24233.0,G,1,1,4223459999744,1031118164,1172044309,2.136673128182814,active_cumulative,/home/oy/iCAT/result/v6-mixT-20261005/mixT-onlinev6-rep1/control-series.txt
1791223278,2026-10-06T03:01:18+09:00,24263.0,G,1,1,4239945199616,1035142871,1178350027,2.1383453047999597,active_cumulative,/home/oy/iCAT/result/v6-mixT-20261005/mixT-onlinev6-rep1/control-series.txt
1791223308,2026-10-06T03:01:48+09:00,24293.0,G,1,1,4256866693120,1039274095,1184710189,2.1399400742303696,active_cumulative,/home/oy/iCAT/result/v6-mixT-20261005/mixT-onlinev6-rep1/control-series.txt
1791223338,2026-10-06T03:02:18+09:00,24323.0,G,1,1,4274066026496,1043473151,1190581508,2.1409795324958965,active_cumulative,/home/oy/iCAT/result/v6-mixT-20261005/mixT-onlinev6-rep1/control-series.txt
1791223368,2026-10-06T03:02:48+09:00,24353.0,G,1,1,4291539582976,1047739156,1196202592,2.141698852381155,active_cumulative,/home/oy/iCAT/result/v6-mixT-20261005/mixT-onlinev6-rep1/control-series.txt
1791223398,2026-10-06T03:03:18+09:00,24383.0,G,1,1,4309142478848,1052036738,1201447919,2.1420208777918175,active_cumulative,/home/oy/iCAT/result/v6-mixT-20261005/mixT-onlinev6-rep1/control-series.txt
1791223428,2026-10-06T03:03:48+09:00,24413.0,G,1,1,4326825013248,1056353763,1206535058,2.1421695082275196,active_cumulative,/home/oy/iCAT/result/v6-mixT-20261005/mixT-onlinev6-rep1/control-series.txt
1791223458,2026-10-06T03:04:18+09:00,24443.0,G,1,1,4344569143296,1060685826,1211614613,2.1422935833593386,active_cumulative,/home/oy/iCAT/result/v6-mixT-20261005/mixT-onlinev6-rep1/control-series.txt
1791223488,2026-10-06T03:04:48+09:00,24473.0,G,1,1,4362313650176,1065017981,1216673898,2.1423975178875407,active_cumulative,/home/oy/iCAT/result/v6-mixT-20261005/mixT-onlinev6-rep1/control-series.txt
1791223518,2026-10-06T03:05:18+09:00,24503.0,G,1,1,4380127006720,1069366945,1221672991,2.142426364226173,active_cumulative,/home/oy/iCAT/result/v6-mixT-20261005/mixT-onlinev6-rep1/control-series.txt
1791223548,2026-10-06T03:05:48+09:00,24533.0,G,1,1,4398032519168,1073738408,1226663819,2.142423340601969,active_cumulative,/home/oy/iCAT/result/v6-mixT-20261005/mixT-onlinev6-rep1/control-series.txt
1791223578,2026-10-06T03:06:18+09:00,24563.0,G,1,1,4416015114240,1078128690,1231635826,2.142382943171654,active_cumulative,/home/oy/iCAT/result/v6-mixT-20261005/mixT-onlinev6-rep1/control-series.txt
1791223608,2026-10-06T03:06:48+09:00,24593.0,G,1,1,4433972535296,1082512826,1236556824,2.142302238181518,active_cumulative,/home/oy/iCAT/result/v6-mixT-20261005/mixT-onlinev6-rep1/control-series.txt
1791223638,2026-10-06T03:07:18+09:00,24623.0,G,1,1,4451956260864,1086903384,1241453034,2.142192629331256,active_cumulative,/home/oy/iCAT/result/v6-mixT-20261005/mixT-onlinev6-rep1/control-series.txt
1791223668,2026-10-06T03:07:48+09:00,24653.0,G,1,1,4469986385920,1091305270,1246349876,2.1420726264796652,active_cumulative,/home/oy/iCAT/result/v6-mixT-20261005/mixT-onlinev6-rep1/control-series.txt
1791223698,2026-10-06T03:08:18+09:00,24683.0,G,1,1,4488110284800,1095730050,1251194087,2.1418816952222857,active_cumulative,/home/oy/iCAT/result/v6-mixT-20261005/mixT-onlinev6-rep1/control-series.txt
1791223728,2026-10-06T03:08:48+09:00,24713.0,G,1,1,4506283999232,1100166992,1256056721,2.1416964243915437,active_cumulative,/home/oy/iCAT/result/v6-mixT-20261005/mixT-onlinev6-rep1/control-series.txt
1791223758,2026-10-06T03:09:18+09:00,24743.0,G,1,1,4524402528256,1104590461,1260868385,2.141480421493519,active_cumulative,/home/oy/iCAT/result/v6-mixT-20261005/mixT-onlinev6-rep1/control-series.txt
1791223788,2026-10-06T03:09:48+09:00,24773.0,G,1,1,4542516531200,1109012825,1265634144,2.141225886183958,active_cumulative,/home/oy/iCAT/result/v6-mixT-20261005/mixT-onlinev6-rep1/control-series.txt
1791223818,2026-10-06T03:10:18+09:00,24803.0,G,1,1,4560707805184,1113454054,1270386711,2.1409421937404884,active_cumulative,/home/oy/iCAT/result/v6-mixT-20261005/mixT-onlinev6-rep1/control-series.txt
1791223848,2026-10-06T03:10:48+09:00,24833.0,G,1,1,4578922774528,1117901068,1275135675,2.1406516296485014,active_cumulative,/home/oy/iCAT/result/v6-mixT-20261005/mixT-onlinev6-rep1/control-series.txt
1791223878,2026-10-06T03:11:18+09:00,24863.0,G,1,1,4597125464064,1122345084,1279852785,2.140338032611724,active_cumulative,/home/oy/iCAT/result/v6-mixT-20261005/mixT-onlinev6-rep1/control-series.txt
1791223908,2026-10-06T03:11:48+09:00,24893.0,G,1,1,4615350902784,1126794654,1284540313,2.139995036753165,active_cumulative,/home/oy/iCAT/result/v6-mixT-20261005/mixT-onlinev6-rep1/control-series.txt
1791223938,2026-10-06T03:12:18+09:00,24923.0,G,1,1,4633543823360,1131236285,1289205247,2.1396427643761444,active_cumulative,/home/oy/iCAT/result/v6-mixT-20261005/mixT-onlinev6-rep1/control-series.txt
1791223968,2026-10-06T03:12:48+09:00,24953.0,G,1,1,4651812077568,1135696308,1293859235,2.1392651590798337,active_cumulative,/home/oy/iCAT/result/v6-mixT-20261005/mixT-onlinev6-rep1/control-series.txt
1791223998,2026-10-06T03:13:18+09:00,24983.0,G,1,1,4670067585024,1140153219,1298494233,2.1388769608867806,active_cumulative,/home/oy/iCAT/result/v6-mixT-20261005/mixT-onlinev6-rep1/control-series.txt
1791224028,2026-10-06T03:13:48+09:00,25013.0,G,1,1,4688386367488,1144625578,1303104189,2.1384545427308286,active_cumulative,/home/oy/iCAT/result/v6-mixT-20261005/mixT-onlinev6-rep1/control-series.txt
1791224058,2026-10-06T03:14:18+09:00,25043.0,G,1,1,4706658263040,1149086490,1307725470,2.13805660529522,active_cumulative,/home/oy/iCAT/result/v6-mixT-20261005/mixT-onlinev6-rep1/control-series.txt
1791224088,2026-10-06T03:14:48+09:00,25073.0,G,1,1,4724957978624,1153554194,1312325095,2.1376362738966384,active_cumulative,/home/oy/iCAT/result/v6-mixT-20261005/mixT-onlinev6-rep1/control-series.txt
1791224118,2026-10-06T03:15:18+09:00,25103.0,G,1,1,4743318384640,1158036715,1316925191,2.137205041897139,active_cumulative,/home/oy/iCAT/result/v6-mixT-20261005/mixT-onlinev6-rep1/control-series.txt
1791224148,2026-10-06T03:15:48+09:00,25133.0,G,1,1,4761648906240,1162511940,1321509238,2.136770464482283,active_cumulative,/home/oy/iCAT/result/v6-mixT-20261005/mixT-onlinev6-rep1/control-series.txt
1791224178,2026-10-06T03:16:18+09:00,25163.0,G,1,1,4780018163712,1166996622,1326095572,2.136331971319108,active_cumulative,/home/oy/iCAT/result/v6-mixT-20261005/mixT-onlinev6-rep1/control-series.txt
1791224208,2026-10-06T03:16:48+09:00,25193.0,G,1,1,4798419922944,1171489239,1330666413,2.1358759164837706,active_cumulative,/home/oy/iCAT/result/v6-mixT-20261005/mixT-onlinev6-rep1/control-series.txt
1791224238,2026-10-06T03:17:18+09:00,25223.0,G,1,1,4816815235072,1175980282,1335209708,2.135401442045607,active_cumulative,/home/oy/iCAT/result/v6-mixT-20261005/mixT-onlinev6-rep1/control-series.txt
1791224268,2026-10-06T03:17:48+09:00,25253.0,G,1,1,4835230351360,1180476160,1339758275,2.1349303953753713,active_cumulative,/home/oy/iCAT/result/v6-mixT-20261005/mixT-onlinev6-rep1/control-series.txt
1791224298,2026-10-06T03:18:18+09:00,25283.0,G,1,1,4853597241344,1184960264,1344291746,2.1344614556627866,active_cumulative,/home/oy/iCAT/result/v6-mixT-20261005/mixT-onlinev6-rep1/control-series.txt
1791224328,2026-10-06T03:18:48+09:00,25313.0,G,1,1,4872020275200,1189458075,1348820851,2.1339793132263196,active_cumulative,/home/oy/iCAT/result/v6-mixT-20261005/mixT-onlinev6-rep1/control-series.txt
1791224358,2026-10-06T03:19:18+09:00,25343.0,G,1,1,4890459754496,1193959901,1353325258,2.1334763059182507,active_cumulative,/home/oy/iCAT/result/v6-mixT-20261005/mixT-onlinev6-rep1/control-series.txt
1791224388,2026-10-06T03:19:48+09:00,25373.0,G,1,1,4908844347392,1198448327,1357812476,2.132975402785138,active_cumulative,/home/oy/iCAT/result/v6-mixT-20261005/mixT-onlinev6-rep1/control-series.txt
1791224418,2026-10-06T03:20:18+09:00,25403.0,G,1,1,4927242747904,1202940124,1362310450,2.1324840054965195,active_cumulative,/home/oy/iCAT/result/v6-mixT-20261005/mixT-onlinev6-rep1/control-series.txt
1791224448,2026-10-06T03:20:48+09:00,25433.0,G,1,1,4945655365632,1207435392,1366790683,2.1319783170642723,active_cumulative,/home/oy/iCAT/result/v6-mixT-20261005/mixT-onlinev6-rep1/control-series.txt
1791224478,2026-10-06T03:21:18+09:00,25463.0,G,1,1,4964035923968,1211922833,1371248078,2.1314648430260243,active_cumulative,/home/oy/iCAT/result/v6-mixT-20261005/mixT-onlinev6-rep1/control-series.txt
1791224508,2026-10-06T03:21:48+09:00,25493.0,G,1,1,4982475149312,1216424597,1375706753,2.1309428931253356,active_cumulative,/home/oy/iCAT/result/v6-mixT-20261005/mixT-onlinev6-rep1/control-series.txt
1791224538,2026-10-06T03:22:18+09:00,25523.0,G,1,1,5000943161344,1220933389,1380196055,2.1304433701583374,active_cumulative,/home/oy/iCAT/result/v6-mixT-20261005/mixT-onlinev6-rep1/control-series.txt
1791224568,2026-10-06T03:22:48+09:00,25553.0,G,1,1,5019395694592,1225438402,1384669845,2.129938349198232,active_cumulative,/home/oy/iCAT/result/v6-mixT-20261005/mixT-onlinev6-rep1/control-series.txt
1791224598,2026-10-06T03:23:18+09:00,25583.0,G,1,1,5037861347328,1229946618,1389113923,2.129409929399066,active_cumulative,/home/oy/iCAT/result/v6-mixT-20261005/mixT-onlinev6-rep1/control-series.txt
1791224628,2026-10-06T03:23:48+09:00,25613.0,G,1,1,5056321507328,1234453493,1393532322,2.12886579356943,active_cumulative,/home/oy/iCAT/result/v6-mixT-20261005/mixT-onlinev6-rep1/control-series.txt
1791224658,2026-10-06T03:24:18+09:00,25643.0,G,1,1,5074761523200,1238955450,1397942225,2.128323237934019,active_cumulative,/home/oy/iCAT/result/v6-mixT-20261005/mixT-onlinev6-rep1/control-series.txt
1791224688,2026-10-06T03:24:48+09:00,25673.0,G,1,1,5093242400768,1243467383,1402376945,2.1277955209541672,active_cumulative,/home/oy/iCAT/result/v6-mixT-20261005/mixT-onlinev6-rep1/control-series.txt
1791224718,2026-10-06T03:25:18+09:00,25703.0,G,1,1,5111686463488,1247970328,1406783441,2.1272571225747923,active_cumulative,/home/oy/iCAT/result/v6-mixT-20261005/mixT-onlinev6-rep1/control-series.txt
1791224748,2026-10-06T03:25:48+09:00,25733.0,G,1,1,5130179403776,1252485206,1411198355,2.1267185817762067,active_cumulative,/home/oy/iCAT/result/v6-mixT-20261005/mixT-onlinev6-rep1/control-series.txt
1791224778,2026-10-06T03:26:18+09:00,25763.0,G,1,1,5148685996032,1257003417,1415571158,2.1261474223979775,active_cumulative,/home/oy/iCAT/result/v6-mixT-20261005/mixT-onlinev6-rep1/control-series.txt
1791224808,2026-10-06T03:26:48+09:00,25793.0,G,1,1,5167180787712,1261518747,1419960601,2.1255961152989507,active_cumulative,/home/oy/iCAT/result/v6-mixT-20261005/mixT-onlinev6-rep1/control-series.txt
1791224838,2026-10-06T03:27:18+09:00,25823.0,G,1,1,5185683447808,1266035998,1424339660,2.1250388316367603,active_cumulative,/home/oy/iCAT/result/v6-mixT-20261005/mixT-onlinev6-rep1/control-series.txt
1791224869,2026-10-06T03:27:49+09:00,25854.0,G,1,1,5204174036992,1270550302,1428706111,2.124478195590559,active_cumulative,/home/oy/iCAT/result/v6-mixT-20261005/mixT-onlinev6-rep1/control-series.txt
1791224899,2026-10-06T03:28:19+09:00,25884.0,G,1,1,5222689882112,1275070772,1433059408,2.1239057779923765,active_cumulative,/home/oy/iCAT/result/v6-mixT-20261005/mixT-onlinev6-rep1/control-series.txt
1791224929,2026-10-06T03:28:49+09:00,25914.0,G,1,1,5241216102400,1279593775,1437418513,2.123339720060767,active_cumulative,/home/oy/iCAT/result/v6-mixT-20261005/mixT-onlinev6-rep1/control-series.txt
1791224959,2026-10-06T03:29:19+09:00,25944.0,G,1,1,5259741454336,1284116566,1441797013,2.1227929388771702,active_cumulative,/home/oy/iCAT/result/v6-mixT-20261005/mixT-onlinev6-rep1/control-series.txt
1791224989,2026-10-06T03:29:49+09:00,25974.0,G,1,1,5278266933248,1288639388,1446161090,2.122238776392267,active_cumulative,/home/oy/iCAT/result/v6-mixT-20261005/mixT-onlinev6-rep1/control-series.txt
1791225019,2026-10-06T03:30:19+09:00,26004.0,G,1,1,5296757235712,1293153622,1450504473,2.1216799368018164,active_cumulative,/home/oy/iCAT/result/v6-mixT-20261005/mixT-onlinev6-rep1/control-series.txt
1791225049,2026-10-06T03:30:49+09:00,26034.0,G,1,1,5315256889344,1297670139,1454817945,2.1210999631394,active_cumulative,/home/oy/iCAT/result/v6-mixT-20261005/mixT-onlinev6-rep1/control-series.txt
1791225079,2026-10-06T03:31:19+09:00,26064.0,G,1,1,5333793935360,1302195785,1459162872,2.120540312607447,active_cumulative,/home/oy/iCAT/result/v6-mixT-20261005/mixT-onlinev6-rep1/control-series.txt
1791225109,2026-10-06T03:31:49+09:00,26094.0,G,1,1,5352339562496,1306723526,1463504510,2.119980226023726,active_cumulative,/home/oy/iCAT/result/v6-mixT-20261005/mixT-onlinev6-rep1/control-series.txt
1791225139,2026-10-06T03:32:19+09:00,26124.0,G,1,1,5370902368256,1311255461,1467842650,2.1194177592828343,active_cumulative,/home/oy/iCAT/result/v6-mixT-20261005/mixT-onlinev6-rep1/control-series.txt
1791225169,2026-10-06T03:32:49+09:00,26154.0,G,1,1,5389452288000,1315784250,1472142554,2.1188327828061477,active_cumulative,/home/oy/iCAT/result/v6-mixT-20261005/mixT-onlinev6-rep1/control-series.txt
1791225199,2026-10-06T03:33:19+09:00,26184.0,G,1,1,5407979159552,1320307412,1476428855,2.1182462823286796,active_cumulative,/home/oy/iCAT/result/v6-mixT-20261005/mixT-onlinev6-rep1/control-series.txt
1791225229,2026-10-06T03:33:49+09:00,26214.0,G,1,1,5426490023936,1324826666,1480750391,2.1176936794839545,active_cumulative,/home/oy/iCAT/result/v6-mixT-20261005/mixT-onlinev6-rep1/control-series.txt
1791225259,2026-10-06T03:34:19+09:00,26244.0,G,1,1,5445018841088,1329350303,1485067720,2.1171379858631587,active_cumulative,/home/oy/iCAT/result/v6-mixT-20261005/mixT-onlinev6-rep1/control-series.txt
1791225289,2026-10-06T03:34:49+09:00,26274.0,G,1,1,5463591211008,1333884573,1489364159,2.1165614995083986,active_cumulative,/home/oy/iCAT/result/v6-mixT-20261005/mixT-onlinev6-rep1/control-series.txt
1791225319,2026-10-06T03:35:19+09:00,26304.0,G,1,1,5482188390400,1338424900,1493676823,2.1159959912580826,active_cumulative,/home/oy/iCAT/result/v6-mixT-20261005/mixT-onlinev6-rep1/control-series.txt
1791225349,2026-10-06T03:35:49+09:00,26334.0,G,1,1,5500831596544,1342976464,1497991400,2.1154263981204067,active_cumulative,/home/oy/iCAT/result/v6-mixT-20261005/mixT-onlinev6-rep1/control-series.txt
1791225379,2026-10-06T03:36:19+09:00,26364.0,G,1,1,5519419080704,1347514424,1502296140,2.114864607935358,active_cumulative,/home/oy/iCAT/result/v6-mixT-20261005/mixT-onlinev6-rep1/control-series.txt
1791225409,2026-10-06T03:36:49+09:00,26394.0,G,1,1,5537970835456,1352043661,1506582327,2.114300055876672,active_cumulative,/home/oy/iCAT/result/v6-mixT-20261005/mixT-onlinev6-rep1/control-series.txt
1791225439,2026-10-06T03:37:19+09:00,26424.0,G,1,1,5556551208960,1356579885,1510858051,2.1137258245576893,active_cumulative,/home/oy/iCAT/result/v6-mixT-20261005/mixT-onlinev6-rep1/control-series.txt
1791225469,2026-10-06T03:37:49+09:00,26454.0,G,1,1,5575136075776,1361117206,1515129497,2.1131513805872792,active_cumulative,/home/oy/iCAT/result/v6-mixT-20261005/mixT-onlinev6-rep1/control-series.txt
1791225499,2026-10-06T03:38:19+09:00,26484.0,G,1,1,5593695875072,1365648407,1519429642,2.112606754572958,active_cumulative,/home/oy/iCAT/result/v6-mixT-20261005/mixT-onlinev6-rep1/control-series.txt
1791225529,2026-10-06T03:38:49+09:00,26514.0,G,1,1,5612233580544,1370174214,1523688239,2.112039785475046,active_cumulative,/home/oy/iCAT/result/v6-mixT-20261005/mixT-onlinev6-rep1/control-series.txt
1791225559,2026-10-06T03:39:19+09:00,26544.0,G,1,1,5630791725056,1374705011,1527944490,2.1114708084816893,active_cumulative,/home/oy/iCAT/result/v6-mixT-20261005/mixT-onlinev6-rep1/control-series.txt
1791225589,2026-10-06T03:39:49+09:00,26574.0,G,1,1,5649417826304,1379252399,1532214088,2.1109018835935336,active_cumulative,/home/oy/iCAT/result/v6-mixT-20261005/mixT-onlinev6-rep1/control-series.txt
1791225619,2026-10-06T03:40:19+09:00,26604.0,G,1,1,5667980288000,1383784250,1536482215,2.110348101591704,active_cumulative,/home/oy/iCAT/result/v6-mixT-20261005/mixT-onlinev6-rep1/control-series.txt
1791225649,2026-10-06T03:40:49+09:00,26634.0,G,1,1,5686589173760,1388327435,1540745689,2.109785523326491,active_cumulative,/home/oy/iCAT/result/v6-mixT-20261005/mixT-onlinev6-rep1/control-series.txt
1791225679,2026-10-06T03:41:19+09:00,26664.0,G,1,1,5705187573760,1392868060,1544997118,2.1092200060930395,active_cumulative,/home/oy/iCAT/result/v6-mixT-20261005/mixT-onlinev6-rep1/control-series.txt
1791225709,2026-10-06T03:41:49+09:00,26694.0,G,1,1,5723770703872,1397404957,1549236340,2.1086523861529427,active_cumulative,/home/oy/iCAT/result/v6-mixT-20261005/mixT-onlinev6-rep1/control-series.txt
1791225739,2026-10-06T03:42:19+09:00,26724.0,G,1,1,5742370750464,1401945984,1553480192,2.1080884782505285,active_cumulative,/home/oy/iCAT/result/v6-mixT-20261005/mixT-onlinev6-rep1/control-series.txt
1791225769,2026-10-06T03:42:49+09:00,26754.0,G,1,1,5760913854464,1406473109,1557716813,2.1075340175593786,active_cumulative,/home/oy/iCAT/result/v6-mixT-20261005/mixT-onlinev6-rep1/control-series.txt
1791225799,2026-10-06T03:43:19+09:00,26784.0,G,1,1,5779470835712,1411003622,1561940773,2.1069714837344335,active_cumulative,/home/oy/iCAT/result/v6-mixT-20261005/mixT-onlinev6-rep1/control-series.txt
1791225829,2026-10-06T03:43:49+09:00,26814.0,G,1,1,5798046412800,1415538675,1566156392,2.106403109756079,active_cumulative,/home/oy/iCAT/result/v6-mixT-20261005/mixT-onlinev6-rep1/control-series.txt
1791225859,2026-10-06T03:44:19+09:00,26844.0,G,1,1,5816604991488,1420069578,1570377207,2.1058452566892463,active_cumulative,/home/oy/iCAT/result/v6-mixT-20261005/mixT-onlinev6-rep1/control-series.txt
1791225889,2026-10-06T03:44:49+09:00,26874.0,G,1,1,5835185184768,1424605758,1574608842,2.105294452979461,active_cumulative,/home/oy/iCAT/result/v6-mixT-20261005/mixT-onlinev6-rep1/control-series.txt
1791225919,2026-10-06T03:45:19+09:00,26904.0,G,1,1,5853783461888,1429146353,1578829802,2.104736263494492,active_cumulative,/home/oy/iCAT/result/v6-mixT-20261005/mixT-onlinev6-rep1/control-series.txt
1791225949,2026-10-06T03:45:49+09:00,26934.0,G,1,1,5872385335296,1433687826,1583043594,2.1041759337642585,active_cumulative,/home/oy/iCAT/result/v6-mixT-20261005/mixT-onlinev6-rep1/control-series.txt
1791225979,2026-10-06T03:46:19+09:00,26964.0,G,1,1,5891011309568,1438235183,1587271438,2.1036243979855413,active_cumulative,/home/oy/iCAT/result/v6-mixT-20261005/mixT-onlinev6-rep1/control-series.txt
1791226009,2026-10-06T03:46:49+09:00,26994.0,G,1,1,5909597470720,1442772820,1591486566,2.1030749567350457,active_cumulative,/home/oy/iCAT/result/v6-mixT-20261005/mixT-onlinev6-rep1/control-series.txt
1791226039,2026-10-06T03:47:19+09:00,27024.0,G,1,1,5928170106880,1447307155,1595686671,2.1025210961525302,active_cumulative,/home/oy/iCAT/result/v6-mixT-20261005/mixT-onlinev6-rep1/control-series.txt
1791226069,2026-10-06T03:47:49+09:00,27054.0,G,1,1,5946749263872,1451843082,1599884812,2.1019681340465963,active_cumulative,/home/oy/iCAT/result/v6-mixT-20261005/mixT-onlinev6-rep1/control-series.txt
1791226099,2026-10-06T03:48:19+09:00,27084.0,G,1,1,5965318385664,1456376559,1604078215,2.101417215957813,active_cumulative,/home/oy/iCAT/result/v6-mixT-20261005/mixT-onlinev6-rep1/control-series.txt
1791226129,2026-10-06T03:48:49+09:00,27114.0,G,1,1,5983890128896,1460910676,1608273616,2.100870602440583,active_cumulative,/home/oy/iCAT/result/v6-mixT-20261005/mixT-onlinev6-rep1/control-series.txt
1791226159,2026-10-06T03:49:19+09:00,27144.0,G,1,1,6002481029120,1465449470,1612480913,2.1003319773284304,active_cumulative,/home/oy/iCAT/result/v6-mixT-20261005/mixT-onlinev6-rep1/control-series.txt
1791226189,2026-10-06T03:49:49+09:00,27174.0,G,1,1,6021061832704,1469985799,1616678243,2.0997917422738315,active_cumulative,/home/oy/iCAT/result/v6-mixT-20261005/mixT-onlinev6-rep1/control-series.txt
1791226219,2026-10-06T03:50:19+09:00,27204.0,G,1,1,6039674966016,1474530021,1620872151,2.099246626325555,active_cumulative,/home/oy/iCAT/result/v6-mixT-20261005/mixT-onlinev6-rep1/control-series.txt
1791226249,2026-10-06T03:50:49+09:00,27234.0,G,1,1,6058265731072,1479068782,1625059555,2.0987045192060583,active_cumulative,/home/oy/iCAT/result/v6-mixT-20261005/mixT-onlinev6-rep1/control-series.txt
1791226279,2026-10-06T03:51:19+09:00,27264.0,G,1,1,6076823781376,1483599556,1629218096,2.098152186289816,active_cumulative,/home/oy/iCAT/result/v6-mixT-20261005/mixT-onlinev6-rep1/control-series.txt
1791226309,2026-10-06T03:51:49+09:00,27294.0,G,1,1,6095449612288,1488146878,1633392889,2.09760193240818,active_cumulative,/home/oy/iCAT/result/v6-mixT-20261005/mixT-onlinev6-rep1/control-series.txt
1791226339,2026-10-06T03:52:19+09:00,27324.0,G,1,1,6114022178816,1492681196,1637563823,2.097062003184771,active_cumulative,/home/oy/iCAT/result/v6-mixT-20261005/mixT-onlinev6-rep1/control-series.txt
1791226369,2026-10-06T03:52:49+09:00,27354.0,G,1,1,6132632932352,1497224837,1641725691,2.0965124612075883,active_cumulative,/home/oy/iCAT/result/v6-mixT-20261005/mixT-onlinev6-rep1/control-series.txt
1791226399,2026-10-06T03:53:19+09:00,27384.0,G,1,1,6151245938688,1501769028,1645884809,2.095964011983872,active_cumulative,/home/oy/iCAT/result/v6-mixT-20261005/mixT-onlinev6-rep1/control-series.txt
1791226429,2026-10-06T03:53:49+09:00,27414.0,G,1,1,6169852313600,1506311600,1650043274,2.0954196157023555,active_cumulative,/home/oy/iCAT/result/v6-mixT-20261005/mixT-onlinev6-rep1/control-series.txt
1791226459,2026-10-06T03:54:19+09:00,27444.0,G,1,1,6188446871552,1510851287,1654207351,2.0948842981658724,active_cumulative,/home/oy/iCAT/result/v6-mixT-20261005/mixT-onlinev6-rep1/control-series.txt
1791226489,2026-10-06T03:54:49+09:00,27474.0,G,1,1,6207055147008,1515394323,1658364559,2.094345236635811,active_cumulative,/home/oy/iCAT/result/v6-mixT-20261005/mixT-onlinev6-rep1/control-series.txt
1791226519,2026-10-06T03:55:19+09:00,27504.0,G,1,1,6225653542912,1519934947,1662504269,2.093799621017596,active_cumulative,/home/oy/iCAT/result/v6-mixT-20261005/mixT-onlinev6-rep1/control-series.txt
1791226549,2026-10-06T03:55:49+09:00,27534.0,G,1,1,6244298022912,1524486822,1666649748,2.0932529713923627,active_cumulative,/home/oy/iCAT/result/v6-mixT-20261005/mixT-onlinev6-rep1/control-series.txt
1791226579,2026-10-06T03:56:19+09:00,27564.0,G,1,1,6262924693504,1529034349,1670807241,2.0927205409693515,active_cumulative,/home/oy/iCAT/result/v6-mixT-20261005/mixT-onlinev6-rep1/control-series.txt
1791226609,2026-10-06T03:56:49+09:00,27594.0,G,1,1,6281514221568,1533572808,1674947916,2.0921867597433303,active_cumulative,/home/oy/iCAT/result/v6-mixT-20261005/mixT-onlinev6-rep1/control-series.txt
1791226639,2026-10-06T03:57:19+09:00,27624.0,G,1,1,6300116619264,1538114409,1679074491,2.0916447314810895,active_cumulative,/home/oy/iCAT/result/v6-mixT-20261005/mixT-onlinev6-rep1/control-series.txt
1791226669,2026-10-06T03:57:49+09:00,27654.0,G,1,1,6318763556864,1542666884,1683218638,2.091109594338061,active_cumulative,/home/oy/iCAT/result/v6-mixT-20261005/mixT-onlinev6-rep1/control-series.txt
1791226699,2026-10-06T03:58:19+09:00,27684.0,G,1,1,6337377390592,1547211277,1687362643,2.0905832112804594,active_cumulative,/home/oy/iCAT/result/v6-mixT-20261005/mixT-onlinev6-rep1/control-series.txt
1791226729,2026-10-06T03:58:49+09:00,27714.0,G,1,1,6355977216000,1551752250,1691498736,2.090057214996788,active_cumulative,/home/oy/iCAT/result/v6-mixT-20261005/mixT-onlinev6-rep1/control-series.txt
1791226759,2026-10-06T03:59:19+09:00,27744.0,G,1,1,6374560522240,1556289190,1695614473,2.0895240318414086,active_cumulative,/home/oy/iCAT/result/v6-mixT-20261005/mixT-onlinev6-rep1/control-series.txt
1791226789,2026-10-06T03:59:49+09:00,27774.0,G,1,1,6393182171136,1560835491,1699726173,2.0889848307530574,active_cumulative,/home/oy/iCAT/result/v6-mixT-20261005/mixT-onlinev6-rep1/control-series.txt
1791226819,2026-10-06T04:00:19+09:00,27804.0,G,1,1,6411837329408,1565389973,1703844714,2.0884474433771016,active_cumulative,/home/oy/iCAT/result/v6-mixT-20261005/mixT-onlinev6-rep1/control-series.txt
1791226849,2026-10-06T04:00:49+09:00,27834.0,G,1,1,6430493335552,1569944662,1707981918,2.087924918209633,active_cumulative,/home/oy/iCAT/result/v6-mixT-20261005/mixT-onlinev6-rep1/control-series.txt
1791226879,2026-10-06T04:01:19+09:00,27864.0,G,1,1,6449152040960,1574500010,1712122640,2.087407195380075,active_cumulative,/home/oy/iCAT/result/v6-mixT-20261005/mixT-onlinev6-rep1/control-series.txt
1791226909,2026-10-06T04:01:49+09:00,27894.0,G,1,1,6467802644480,1579053380,1716244198,2.08688168477243,active_cumulative,/home/oy/iCAT/result/v6-mixT-20261005/mixT-onlinev6-rep1/control-series.txt
1791226939,2026-10-06T04:02:19+09:00,27924.0,G,1,1,6486487658496,1583615151,1720371765,2.0863572275837616,active_cumulative,/home/oy/iCAT/result/v6-mixT-20261005/mixT-onlinev6-rep1/control-series.txt
1791226969,2026-10-06T04:02:49+09:00,27954.0,G,1,1,6505112842240,1588162315,1724489890,2.0858398248796126,active_cumulative,/home/oy/iCAT/result/v6-mixT-20261005/mixT-onlinev6-rep1/control-series.txt
1791226999,2026-10-06T04:03:19+09:00,27984.0,G,1,1,6523753844736,1592713341,1728604927,2.0853208060118833,active_cumulative,/home/oy/iCAT/result/v6-mixT-20261005/mixT-onlinev6-rep1/control-series.txt
1791227029,2026-10-06T04:03:49+09:00,28014.0,G,1,1,6542218637312,1597221347,1732666330,2.0848003836502693,active_cumulative,/home/oy/iCAT/result/v6-mixT-20261005/mixT-onlinev6-rep1/control-series.txt
1791227059,2026-10-06T04:04:19+09:00,28044.0,G,1,1,6560177750016,1601605896,1736609750,2.0842928053256866,active_cumulative,/home/oy/iCAT/result/v6-mixT-20261005/mixT-onlinev6-rep1/control-series.txt
1791227089,2026-10-06T04:04:49+09:00,28074.0,H,1,1,6562340429824,1602133894,1737084649,2.0842318831811695,active_cumulative,/home/oy/iCAT/result/v6-mixT-20261005/mixT-onlinev6-rep1/control-series.txt
1791227119,2026-10-06T04:05:19+09:00,28104.0,H,1,1,6562709417984,1602223979,1737181819,2.0842315692243174,active_cumulative,/home/oy/iCAT/result/v6-mixT-20261005/mixT-onlinev6-rep1/control-series.txt
1791227149,2026-10-06T04:05:49+09:00,28134.0,H,1,1,6563075805184,1602313429,1737182452,2.0841714364736816,active_cumulative,/home/oy/iCAT/result/v6-mixT-20261005/mixT-onlinev6-rep1/control-series.txt
1791227179,2026-10-06T04:06:19+09:00,28164.0,H,1,1,6563450920960,1602405010,1737183594,2.084110186350453,active_cumulative,/home/oy/iCAT/result/v6-mixT-20261005/mixT-onlinev6-rep1/control-series.txt
1791227209,2026-10-06T04:06:49+09:00,28194.0,H,1,1,6563813900288,1602493628,1737183796,2.0840503610414354,active_cumulative,/home/oy/iCAT/result/v6-mixT-20261005/mixT-onlinev6-rep1/control-series.txt
1791227239,2026-10-06T04:07:19+09:00,28224.0,H,1,1,6564185710592,1602584402,1737183796,2.083988957980636,active_cumulative,/home/oy/iCAT/result/v6-mixT-20261005/mixT-onlinev6-rep1/control-series.txt
1791227269,2026-10-06T04:07:49+09:00,28254.0,H,1,1,6564556947456,1602675036,1737183807,2.08392766342434,active_cumulative,/home/oy/iCAT/result/v6-mixT-20261005/mixT-onlinev6-rep1/control-series.txt
1791227299,2026-10-06T04:08:19+09:00,28284.0,H,1,1,6564921114624,1602763944,1737183817,2.0838675423809008,active_cumulative,/home/oy/iCAT/result/v6-mixT-20261005/mixT-onlinev6-rep1/control-series.txt
1791227329,2026-10-06T04:08:49+09:00,28314.0,H,1,1,6565290700800,1602854175,1737183817,2.0838065271907844,active_cumulative,/home/oy/iCAT/result/v6-mixT-20261005/mixT-onlinev6-rep1/control-series.txt
1791227359,2026-10-06T04:09:19+09:00,28344.0,H,1,1,6565660360704,1602944424,1737183833,2.0837455166817436,active_cumulative,/home/oy/iCAT/result/v6-mixT-20261005/mixT-onlinev6-rep1/control-series.txt
1791227389,2026-10-06T04:09:49+09:00,28374.0,H,1,1,6566006059008,1603028823,1737183846,2.083688465906018,active_cumulative,/home/oy/iCAT/result/v6-mixT-20261005/mixT-onlinev6-rep1/control-series.txt
1791227419,2026-10-06T04:10:19+09:00,28404.0,H,1,1,6566376439808,1603119248,1737183853,2.0836273441088395,active_cumulative,/home/oy/iCAT/result/v6-mixT-20261005/mixT-onlinev6-rep1/control-series.txt
1791227449,2026-10-06T04:10:49+09:00,28434.0,H,1,1,6566738415616,1603207621,1737183879,2.08356762795104,active_cumulative,/home/oy/iCAT/result/v6-mixT-20261005/mixT-onlinev6-rep1/control-series.txt
1791227479,2026-10-06T04:11:19+09:00,28464.0,H,1,1,6567100301312,1603295972,1737183879,2.0835079170273123,active_cumulative,/home/oy/iCAT/result/v6-mixT-20261005/mixT-onlinev6-rep1/control-series.txt
1791227509,2026-10-06T04:11:49+09:00,28494.0,H,1,1,6567461978112,1603384272,1737183879,2.083448247146084,active_cumulative,/home/oy/iCAT/result/v6-mixT-20261005/mixT-onlinev6-rep1/control-series.txt
1791227539,2026-10-06T04:12:19+09:00,28524.0,H,1,1,6567834324992,1603475177,1737183963,2.0833868761536802,active_cumulative,/home/oy/iCAT/result/v6-mixT-20261005/mixT-onlinev6-rep1/control-series.txt
1791227569,2026-10-06T04:12:49+09:00,28554.0,H,1,1,6568201510912,1603564822,1737184005,2.0833263371500923,active_cumulative,/home/oy/iCAT/result/v6-mixT-20261005/mixT-onlinev6-rep1/control-series.txt
1791227599,2026-10-06T04:13:19+09:00,28584.0,H,1,1,6568569495552,1603654662,1737184005,2.083265647002497,active_cumulative,/home/oy/iCAT/result/v6-mixT-20261005/mixT-onlinev6-rep1/control-series.txt
1791227629,2026-10-06T04:13:49+09:00,28614.0,H,1,1,6568913719296,1603738701,1737184005,2.0832088817940173,active_cumulative,/home/oy/iCAT/result/v6-mixT-20261005/mixT-onlinev6-rep1/control-series.txt
1791227659,2026-10-06T04:14:19+09:00,28644.0,H,1,1,6569280532480,1603828255,1737184005,2.083148397956114,active_cumulative,/home/oy/iCAT/result/v6-mixT-20261005/mixT-onlinev6-rep1/control-series.txt
1791227689,2026-10-06T04:14:49+09:00,28674.0,H,1,1,6569651937280,1603918930,1737184058,2.0830871969320794,active_cumulative,/home/oy/iCAT/result/v6-mixT-20261005/mixT-onlinev6-rep1/control-series.txt
1791227719,2026-10-06T04:15:19+09:00,28704.0,H,1,1,6569652011008,1603918948,1737184058,2.0830871847771197,active_cumulative,/home/oy/iCAT/result/v6-mixT-20261005/mixT-onlinev6-rep1/control-series.txt
1791227749,2026-10-06T04:15:49+09:00,28734.0,H,1,1,6570025017344,1604010014,1737184130,2.083025738516368,active_cumulative,/home/oy/iCAT/result/v6-mixT-20261005/mixT-onlinev6-rep1/control-series.txt
1791227779,2026-10-06T04:16:19+09:00,28764.0,H,1,1,6570397458432,1604100942,1737184158,2.082964364969496,active_cumulative,/home/oy/iCAT/result/v6-mixT-20261005/mixT-onlinev6-rep1/control-series.txt
1791227809,2026-10-06T04:16:49+09:00,28794.0,H,1,1,6570765324288,1604190753,1737184164,2.0829037386927265,active_cumulative,/home/oy/iCAT/result/v6-mixT-20261005/mixT-onlinev6-rep1/control-series.txt
1791227839,2026-10-06T04:17:19+09:00,28824.0,H,1,1,6571130023936,1604279791,1737184164,2.082843637216895,active_cumulative,/home/oy/iCAT/result/v6-mixT-20261005/mixT-onlinev6-rep1/control-series.txt
1791227869,2026-10-06T04:17:49+09:00,28854.0,H,1,1,6571497562112,1604369522,1737184164,2.0827830747086455,active_cumulative,/home/oy/iCAT/result/v6-mixT-20261005/mixT-onlinev6-rep1/control-series.txt
1791227899,2026-10-06T04:18:19+09:00,28884.0,H,1,1,6571841323008,1604453448,1737184165,2.0827264369467704,active_cumulative,/home/oy/iCAT/result/v6-mixT-20261005/mixT-onlinev6-rep1/control-series.txt
1791227929,2026-10-06T04:18:49+09:00,28914.0,H,1,1,6572214988800,1604544675,1737184255,2.082664934212567,active_cumulative,/home/oy/iCAT/result/v6-mixT-20261005/mixT-onlinev6-rep1/control-series.txt
1791227959,2026-10-06T04:19:19+09:00,28944.0,H,1,1,6572581855232,1604634242,1737184316,2.082604540356057,active_cumulative,/home/oy/iCAT/result/v6-mixT-20261005/mixT-onlinev6-rep1/control-series.txt
1791227989,2026-10-06T04:19:49+09:00,28974.0,H,1,1,6572951601152,1604724512,1737184316,2.0825436409860236,active_cumulative,/home/oy/iCAT/result/v6-mixT-20261005/mixT-onlinev6-rep1/control-series.txt
1791228019,2026-10-06T04:20:19+09:00,29004.0,H,1,1,6573319086080,1604814230,1737184316,2.0824831208033343,active_cumulative,/home/oy/iCAT/result/v6-mixT-20261005/mixT-onlinev6-rep1/control-series.txt
1791228049,2026-10-06T04:20:49+09:00,29034.0,H,1,1,6573688156160,1604904335,1737184316,2.082422346376178,active_cumulative,/home/oy/iCAT/result/v6-mixT-20261005/mixT-onlinev6-rep1/control-series.txt
1791228079,2026-10-06T04:21:19+09:00,29064.0,H,1,1,6574054600704,1604993799,1737184325,2.0823620166522527,active_cumulative,/home/oy/iCAT/result/v6-mixT-20261005/mixT-onlinev6-rep1/control-series.txt
1791228109,2026-10-06T04:21:49+09:00,29094.0,H,1,1,6574420492288,1605083128,1737184325,2.082301779076454,active_cumulative,/home/oy/iCAT/result/v6-mixT-20261005/mixT-onlinev6-rep1/control-series.txt
1791228139,2026-10-06T04:22:19+09:00,29124.0,H,1,1,6574764261376,1605167056,1737184325,2.082245189686973,active_cumulative,/home/oy/iCAT/result/v6-mixT-20261005/mixT-onlinev6-rep1/control-series.txt
1791228169,2026-10-06T04:22:49+09:00,29154.0,H,1,1,6575129030656,1605256111,1737184325,2.0821851498312096,active_cumulative,/home/oy/iCAT/result/v6-mixT-20261005/mixT-onlinev6-rep1/control-series.txt
1791228199,2026-10-06T04:23:19+09:00,29184.0,H,1,1,6575498674176,1605346356,1737184389,2.082124354353348,active_cumulative,/home/oy/iCAT/result/v6-mixT-20261005/mixT-onlinev6-rep1/control-series.txt
1791228229,2026-10-06T04:23:49+09:00,29214.0,H,1,1,6575873581056,1605437886,1737184558,2.0820627650243457,active_cumulative,/home/oy/iCAT/result/v6-mixT-20261005/mixT-onlinev6-rep1/control-series.txt
1791228260,2026-10-06T04:24:20+09:00,29245.0,H,1,1,6576248274944,1605529364,1737184676,2.082001185996371,active_cumulative,/home/oy/iCAT/result/v6-mixT-20261005/mixT-onlinev6-rep1/control-series.txt
1791228290,2026-10-06T04:24:50+09:00,29275.0,H,1,1,6576621092864,1605620384,1737184716,2.0819398740269106,active_cumulative,/home/oy/iCAT/result/v6-mixT-20261005/mixT-onlinev6-rep1/control-series.txt
1791228320,2026-10-06T04:25:20+09:00,29305.0,H,1,1,6576989097984,1605710229,1737184721,2.0818793388903547,active_cumulative,/home/oy/iCAT/result/v6-mixT-20261005/mixT-onlinev6-rep1/control-series.txt
1791228350,2026-10-06T04:25:50+09:00,29335.0,H,1,1,6577358008320,1605800295,1737184721,2.0818186585275225,active_cumulative,/home/oy/iCAT/result/v6-mixT-20261005/mixT-onlinev6-rep1/control-series.txt
1791228380,2026-10-06T04:26:20+09:00,29365.0,H,1,1,6577702608896,1605884426,1737184721,2.081761982913707,active_cumulative,/home/oy/iCAT/result/v6-mixT-20261005/mixT-onlinev6-rep1/control-series.txt
1791228410,2026-10-06T04:26:50+09:00,29395.0,H,1,1,6578072870912,1605974822,1737184721,2.081701093443419,active_cumulative,/home/oy/iCAT/result/v6-mixT-20261005/mixT-onlinev6-rep1/control-series.txt
1791228440,2026-10-06T04:27:20+09:00,29425.0,H,1,1,6578445471744,1606065789,1737184760,2.0816398505578277,active_cumulative,/home/oy/iCAT/result/v6-mixT-20261005/mixT-onlinev6-rep1/control-series.txt
1791228470,2026-10-06T04:27:50+09:00,29455.0,H,1,1,6578817609728,1606156643,1737184801,2.081578691948292,active_cumulative,/home/oy/iCAT/result/v6-mixT-20261005/mixT-onlinev6-rep1/control-series.txt
1791228500,2026-10-06T04:28:20+09:00,29485.0,H,1,1,6578817683456,1606156661,1737184801,2.0815786798271727,active_cumulative,/home/oy/iCAT/result/v6-mixT-20261005/mixT-onlinev6-rep1/control-series.txt
1791228530,2026-10-06T04:28:50+09:00,29515.0,H,1,1,6579189510144,1606247439,1737184827,2.0815175699713597,active_cumulative,/home/oy/iCAT/result/v6-mixT-20261005/mixT-onlinev6-rep1/control-series.txt
1791228560,2026-10-06T04:29:20+09:00,29545.0,H,1,1,6579559124992,1606337677,1737184830,2.081456816255702,active_cumulative,/home/oy/iCAT/result/v6-mixT-20261005/mixT-onlinev6-rep1/control-series.txt
1791228590,2026-10-06T04:29:50+09:00,29575.0,H,1,1,6580238581760,1606503560,1737184833,2.0813451499603275,active_cumulative,/home/oy/iCAT/result/v6-mixT-20261005/mixT-onlinev6-rep1/control-series.txt
1791228620,2026-10-06T04:30:20+09:00,29605.0,H,1,1,6580594434048,1606590438,1737186980,2.081288011500041,active_cumulative,/home/oy/iCAT/result/v6-mixT-20261005/mixT-onlinev6-rep1/control-series.txt
1791228650,2026-10-06T04:30:50+09:00,29635.0,H,1,1,6580963500032,1606680542,1737187026,2.0812274005867684,active_cumulative,/home/oy/iCAT/result/v6-mixT-20261005/mixT-onlinev6-rep1/control-series.txt
1791228680,2026-10-06T04:31:20+09:00,29665.0,H,1,1,6581331091456,1606770286,1737187026,2.081167010079996,active_cumulative,/home/oy/iCAT/result/v6-mixT-20261005/mixT-onlinev6-rep1/control-series.txt
1791228710,2026-10-06T04:31:50+09:00,29695.0,H,1,1,6581698211840,1606859915,1737187026,2.0811067036917157,active_cumulative,/home/oy/iCAT/result/v6-mixT-20261005/mixT-onlinev6-rep1/control-series.txt
1791228740,2026-10-06T04:32:20+09:00,29725.0,H,1,1,6582043971584,1606944329,1737187027,2.0810499129618574,active_cumulative,/home/oy/iCAT/result/v6-mixT-20261005/mixT-onlinev6-rep1/control-series.txt
1791228770,2026-10-06T04:32:50+09:00,29755.0,H,1,1,6582410309632,1607033767,1737187027,2.0809897481139856,active_cumulative,/home/oy/iCAT/result/v6-mixT-20261005/mixT-onlinev6-rep1/control-series.txt
1791228800,2026-10-06T04:33:20+09:00,29785.0,H,1,1,6582778339328,1607123618,1737187038,2.0809293190288987,active_cumulative,/home/oy/iCAT/result/v6-mixT-20261005/mixT-onlinev6-rep1/control-series.txt
1791228830,2026-10-06T04:33:50+09:00,29815.0,H,1,1,6583150682112,1607214522,1737187137,2.080868243299758,active_cumulative,/home/oy/iCAT/result/v6-mixT-20261005/mixT-onlinev6-rep1/control-series.txt
1791228860,2026-10-06T04:34:20+09:00,29845.0,H,1,1,6583520698368,1607304858,1737187170,2.0808075153593544,active_cumulative,/home/oy/iCAT/result/v6-mixT-20261005/mixT-onlinev6-rep1/control-series.txt
1791228890,2026-10-06T04:34:50+09:00,29875.0,H,1,1,6583885619200,1607393950,1737187175,2.0807476132406744,active_cumulative,/home/oy/iCAT/result/v6-mixT-20261005/mixT-onlinev6-rep1/control-series.txt
1791228920,2026-10-06T04:35:20+09:00,29905.0,H,1,1,6584253718528,1607483818,1737187175,2.0806871929581066,active_cumulative,/home/oy/iCAT/result/v6-mixT-20261005/mixT-onlinev6-rep1/control-series.txt
1791228950,2026-10-06T04:35:50+09:00,29935.0,H,1,1,6584622452736,1607573841,1737187175,2.080626675238366,active_cumulative,/home/oy/iCAT/result/v6-mixT-20261005/mixT-onlinev6-rep1/control-series.txt
1791228980,2026-10-06T04:36:20+09:00,29965.0,H,1,1,6584993964032,1607664542,1737187220,2.0805657365801378,active_cumulative,/home/oy/iCAT/result/v6-mixT-20261005/mixT-onlinev6-rep1/control-series.txt
1791229010,2026-10-06T04:36:50+09:00,29995.0,H,1,1,6585367298048,1607755688,1737187279,2.0805045144396344,active_cumulative,/home/oy/iCAT/result/v6-mixT-20261005/mixT-onlinev6-rep1/control-series.txt
1791229040,2026-10-06T04:37:20+09:00,30025.0,H,1,1,6585736527872,1607845832,1737187370,2.0804439924685516,active_cumulative,/home/oy/iCAT/result/v6-mixT-20261005/mixT-onlinev6-rep1/control-series.txt
1791229070,2026-10-06T04:37:50+09:00,30055.0,H,1,1,6586105065472,1607935807,1737187370,2.0803835342414265,active_cumulative,/home/oy/iCAT/result/v6-mixT-20261005/mixT-onlinev6-rep1/control-series.txt
1791229100,2026-10-06T04:38:20+09:00,30085.0,H,1,1,6586470789120,1608025095,1737187370,2.0803235443287655,active_cumulative,/home/oy/iCAT/result/v6-mixT-20261005/mixT-onlinev6-rep1/control-series.txt
1791229130,2026-10-06T04:38:50+09:00,30115.0,H,1,1,6586841399296,1608115576,1737187371,2.080262760293045,active_cumulative,/home/oy/iCAT/result/v6-mixT-20261005/mixT-onlinev6-rep1/control-series.txt
1791229160,2026-10-06T04:39:20+09:00,30145.0,H,1,1,6587214856192,1608206752,1737187441,2.080201559183604,active_cumulative,/home/oy/iCAT/result/v6-mixT-20261005/mixT-onlinev6-rep1/control-series.txt
1791229190,2026-10-06T04:39:50+09:00,30175.0,H,1,1,6587582132224,1608296419,1737187477,2.0801413573252505,active_cumulative,/home/oy/iCAT/result/v6-mixT-20261005/mixT-onlinev6-rep1/control-series.txt
1791229220,2026-10-06T04:40:20+09:00,30205.0,H,1,1,6587934838784,1608382529,1737187477,2.08008352843778,active_cumulative,/home/oy/iCAT/result/v6-mixT-20261005/mixT-onlinev6-rep1/control-series.txt
1791229250,2026-10-06T04:40:50+09:00,30235.0,H,1,1,6587934912512,1608382547,1737187477,2.080083516350168,active_cumulative,/home/oy/iCAT/result/v6-mixT-20261005/mixT-onlinev6-rep1/control-series.txt
1791229280,2026-10-06T04:41:20+09:00,30265.0,H,1,1,6588310056960,1608474135,1737187569,2.08002207259615,active_cumulative,/home/oy/iCAT/result/v6-mixT-20261005/mixT-onlinev6-rep1/control-series.txt
1791229310,2026-10-06T04:41:50+09:00,30295.0,H,1,1,6588676947968,1608563708,1737187626,2.0799619669151457,active_cumulative,/home/oy/iCAT/result/v6-mixT-20261005/mixT-onlinev6-rep1/control-series.txt
1791229340,2026-10-06T04:42:20+09:00,30325.0,H,1,1,6589041987584,1608652829,1737187626,2.0799021359256877,active_cumulative,/home/oy/iCAT/result/v6-mixT-20261005/mixT-onlinev6-rep1/control-series.txt
1791229370,2026-10-06T04:42:50+09:00,30355.0,H,1,1,6589415399424,1608743994,1737187630,2.0798409420510944,active_cumulative,/home/oy/iCAT/result/v6-mixT-20261005/mixT-onlinev6-rep1/control-series.txt
1791229400,2026-10-06T04:43:20+09:00,30385.0,H,1,1,6589788446720,1608835070,1737187658,2.0797798297621646,active_cumulative,/home/oy/iCAT/result/v6-mixT-20261005/mixT-onlinev6-rep1/control-series.txt
1791229430,2026-10-06T04:43:50+09:00,30415.0,H,1,1,6590157152256,1608925086,1737187675,2.0797194289007437,active_cumulative,/home/oy/iCAT/result/v6-mixT-20261005/mixT-onlinev6-rep1/control-series.txt
1791229460,2026-10-06T04:44:20+09:00,30445.0,H,1,1,6590524977152,1609014887,1737187675,2.0796591684984205,active_cumulative,/home/oy/iCAT/result/v6-mixT-20261005/mixT-onlinev6-rep1/control-series.txt
1791229490,2026-10-06T04:44:50+09:00,30475.0,H,1,1,6590872887296,1609099826,1737187675,2.0796021769006146,active_cumulative,/home/oy/iCAT/result/v6-mixT-20261005/mixT-onlinev6-rep1/control-series.txt
1791229520,2026-10-06T04:45:20+09:00,30505.0,H,1,1,6591247769600,1609191350,1737187794,2.079540847643756,active_cumulative,/home/oy/iCAT/result/v6-mixT-20261005/mixT-onlinev6-rep1/control-series.txt
1791229550,2026-10-06T04:45:50+09:00,30535.0,H,1,1,6591613763584,1609280704,1737187837,2.0794809337377105,active_cumulative,/home/oy/iCAT/result/v6-mixT-20261005/mixT-onlinev6-rep1/control-series.txt
1791229580,2026-10-06T04:46:20+09:00,30565.0,H,1,1,6591988482048,1609372188,1737187853,2.079419581096924,active_cumulative,/home/oy/iCAT/result/v6-mixT-20261005/mixT-onlinev6-rep1/control-series.txt
1791229610,2026-10-06T04:46:50+09:00,30595.0,H,1,1,6592354181120,1609461470,1737187916,2.0793597413674028,active_cumulative,/home/oy/iCAT/result/v6-mixT-20261005/mixT-onlinev6-rep1/control-series.txt
1791229640,2026-10-06T04:47:20+09:00,30625.0,H,1,1,6592722079744,1609551289,1737187916,2.0792995090447226,active_cumulative,/home/oy/iCAT/result/v6-mixT-20261005/mixT-onlinev6-rep1/control-series.txt
1791229670,2026-10-06T04:47:50+09:00,30655.0,H,1,1,6593090048000,1609641125,1737187916,2.079239272045811,active_cumulative,/home/oy/iCAT/result/v6-mixT-20261005/mixT-onlinev6-rep1/control-series.txt
1791229700,2026-10-06T04:48:20+09:00,30685.0,H,1,1,6593457115136,1609730741,1737187916,2.079179189260448,active_cumulative,/home/oy/iCAT/result/v6-mixT-20261005/mixT-onlinev6-rep1/control-series.txt
1791229730,2026-10-06T04:48:50+09:00,30715.0,H,1,1,6593801224192,1609814752,1737187916,2.079122870405899,active_cumulative,/home/oy/iCAT/result/v6-mixT-20261005/mixT-onlinev6-rep1/control-series.txt
1791229760,2026-10-06T04:49:20+09:00,30745.0,H,1,1,6594173415424,1609905619,1737187941,2.0790619776077692,active_cumulative,/home/oy/iCAT/result/v6-mixT-20261005/mixT-onlinev6-rep1/control-series.txt
1791229790,2026-10-06T04:49:50+09:00,30775.0,H,1,1,6594542256128,1609995668,1737187974,2.079001644866538,active_cumulative,/home/oy/iCAT/result/v6-mixT-20261005/mixT-onlinev6-rep1/control-series.txt
1791229820,2026-10-06T04:50:20+09:00,30805.0,H,1,1,6594914459648,1610086538,1737187990,2.07894075815197,active_cumulative,/home/oy/iCAT/result/v6-mixT-20261005/mixT-onlinev6-rep1/control-series.txt
1791229850,2026-10-06T04:50:50+09:00,30835.0,H,1,1,6595284164608,1610176798,1737188041,2.078880308769671,active_cumulative,/home/oy/iCAT/result/v6-mixT-20261005/mixT-onlinev6-rep1/control-series.txt
1791229880,2026-10-06T04:51:20+09:00,30865.0,H,1,1,6595653300224,1610266919,1737188041,2.0788199276172303,active_cumulative,/home/oy/iCAT/result/v6-mixT-20261005/mixT-onlinev6-rep1/control-series.txt
1791229910,2026-10-06T04:51:50+09:00,30895.0,H,1,1,6596028076032,1610358417,1737188120,2.0787586798448734,active_cumulative,/home/oy/iCAT/result/v6-mixT-20261005/mixT-onlinev6-rep1/control-series.txt
1791229940,2026-10-06T04:52:20+09:00,30925.0,H,1,1,6596395839488,1610448203,1737188172,2.0786985689846493,active_cumulative,/home/oy/iCAT/result/v6-mixT-20261005/mixT-onlinev6-rep1/control-series.txt
1791229970,2026-10-06T04:52:50+09:00,30955.0,H,1,1,6596740177920,1610532270,1737188172,2.0786422627843404,active_cumulative,/home/oy/iCAT/result/v6-mixT-20261005/mixT-onlinev6-rep1/control-series.txt
1791230000,2026-10-06T04:53:20+09:00,30985.0,H,1,1,6597110390784,1610622654,1737188172,2.078581732155371,active_cumulative,/home/oy/iCAT/result/v6-mixT-20261005/mixT-onlinev6-rep1/control-series.txt
1791230030,2026-10-06T04:53:50+09:00,31015.0,H,1,1,6597110464512,1610622672,1737188172,2.078581720101355,active_cumulative,/home/oy/iCAT/result/v6-mixT-20261005/mixT-onlinev6-rep1/control-series.txt
1791230060,2026-10-06T04:54:20+09:00,31045.0,H,1,1,6597480165376,1610712931,1737188177,2.078521283070273,active_cumulative,/home/oy/iCAT/result/v6-mixT-20261005/mixT-onlinev6-rep1/control-series.txt
1791230090,2026-10-06T04:54:50+09:00,31075.0,H,1,1,6597847793664,1610802684,1737188182,2.078461191588131,active_cumulative,/home/oy/iCAT/result/v6-mixT-20261005/mixT-onlinev6-rep1/control-series.txt
1791230120,2026-10-06T04:55:20+09:00,31105.0,H,1,1,6598220341248,1610893638,1737188218,2.0784003220453466,active_cumulative,/home/oy/iCAT/result/v6-mixT-20261005/mixT-onlinev6-rep1/control-series.txt
1791230150,2026-10-06T04:55:50+09:00,31135.0,H,1,1,6598587625472,1610983307,1737188241,2.0783403114430907,active_cumulative,/home/oy/iCAT/result/v6-mixT-20261005/mixT-onlinev6-rep1/control-series.txt
1791230180,2026-10-06T04:56:20+09:00,31165.0,H,1,1,6598953918464,1611072734,1737188241,2.078280455213762,active_cumulative,/home/oy/iCAT/result/v6-mixT-20261005/mixT-onlinev6-rep1/control-series.txt
1791230210,2026-10-06T04:56:50+09:00,31195.0,H,1,1,6599323713536,1611163016,1737188246,2.0782200365502925,active_cumulative,/home/oy/iCAT/result/v6-mixT-20261005/mixT-onlinev6-rep1/control-series.txt
1791230240,2026-10-06T04:57:20+09:00,31225.0,H,1,1,6599667535872,1611246957,1737188272,2.078163880746432,active_cumulative,/home/oy/iCAT/result/v6-mixT-20261005/mixT-onlinev6-rep1/control-series.txt
1791230270,2026-10-06T04:57:50+09:00,31255.0,H,1,1,6600032952320,1611336170,1737188272,2.078104187284519,active_cumulative,/home/oy/iCAT/result/v6-mixT-20261005/mixT-onlinev6-rep1/control-series.txt
1791230300,2026-10-06T04:58:20+09:00,31285.0,H,1,1,6600401936384,1611426254,1737188272,2.078043917733017,active_cumulative,/home/oy/iCAT/result/v6-mixT-20261005/mixT-onlinev6-rep1/control-series.txt
1791230330,2026-10-06T04:58:50+09:00,31315.0,H,1,1,6600767873024,1611515594,1737188318,2.0779841811446973,active_cumulative,/home/oy/iCAT/result/v6-mixT-20261005/mixT-onlinev6-rep1/control-series.txt
1791230360,2026-10-06T04:59:20+09:00,31345.0,H,1,1,6601140436992,1611606552,1737188381,2.0779233795271885,active_cumulative,/home/oy/iCAT/result/v6-mixT-20261005/mixT-onlinev6-rep1/control-series.txt
1791230390,2026-10-06T04:59:50+09:00,31375.0,H,1,1,6601505148928,1611695593,1737188415,2.07786384882173,active_cumulative,/home/oy/iCAT/result/v6-mixT-20261005/mixT-onlinev6-rep1/control-series.txt
1791230420,2026-10-06T05:00:20+09:00,31405.0,H,1,1,6601872019456,1611785161,1737188415,2.077803951192972,active_cumulative,/home/oy/iCAT/result/v6-mixT-20261005/mixT-onlinev6-rep1/control-series.txt
1791230450,2026-10-06T05:00:50+09:00,31435.0,H,1,1,6602239475712,1611874872,1737188415,2.077743964607198,active_cumulative,/home/oy/iCAT/result/v6-mixT-20261005/mixT-onlinev6-rep1/control-series.txt
1791230480,2026-10-06T05:01:20+09:00,31465.0,H,1,1,6602583040000,1611958750,1737188421,2.077687888105077,active_cumulative,/home/oy/iCAT/result/v6-mixT-20261005/mixT-onlinev6-rep1/control-series.txt
1791230510,2026-10-06T05:01:50+09:00,31495.0,H,1,1,6602956464128,1612049918,1737188510,2.0776269956672646,active_cumulative,/home/oy/iCAT/result/v6-mixT-20261005/mixT-onlinev6-rep1/control-series.txt
1791230540,2026-10-06T05:02:20+09:00,31525.0,H,1,1,6603329363968,1612140958,1737188564,2.0775661739623144,active_cumulative,/home/oy/iCAT/result/v6-mixT-20261005/mixT-onlinev6-rep1/control-series.txt
1791230570,2026-10-06T05:02:50+09:00,31555.0,H,1,1,6603697516544,1612230839,1737188572,2.0775061051911807,active_cumulative,/home/oy/iCAT/result/v6-mixT-20261005/mixT-onlinev6-rep1/control-series.txt
1791230600,2026-10-06T05:03:20+09:00,31585.0,H,1,1,6604064874496,1612320526,1737188572,2.0774461677975316,active_cumulative,/home/oy/iCAT/result/v6-mixT-20261005/mixT-onlinev6-rep1/control-series.txt
1791230630,2026-10-06T05:03:50+09:00,31615.0,H,1,1,6604435709952,1612411062,1737188572,2.0773856697839994,active_cumulative,/home/oy/iCAT/result/v6-mixT-20261005/mixT-onlinev6-rep1/control-series.txt
1791230660,2026-10-06T05:04:20+09:00,31645.0,H,1,1,6604805779456,1612501411,1737188587,2.0773253128024702,active_cumulative,/home/oy/iCAT/result/v6-mixT-20261005/mixT-onlinev6-rep1/control-series.txt
1791230690,2026-10-06T05:04:50+09:00,31675.0,H,1,1,6605175664640,1612591715,1737188598,2.077264990165226,active_cumulative,/home/oy/iCAT/result/v6-mixT-20261005/mixT-onlinev6-rep1/control-series.txt
1791230720,2026-10-06T05:05:20+09:00,31705.0,H,1,1,6605519749120,1612675720,1737188627,2.0772088929323003,active_cumulative,/home/oy/iCAT/result/v6-mixT-20261005/mixT-onlinev6-rep1/control-series.txt
1791230750,2026-10-06T05:05:50+09:00,31735.0,H,1,1,6605884710912,1612764822,1737188627,2.0771493793160127,active_cumulative,/home/oy/iCAT/result/v6-mixT-20261005/mixT-onlinev6-rep1/control-series.txt
1791230781,2026-10-06T05:06:21+09:00,31766.0,H,1,1,6605884784640,1612764840,1737188627,2.0771493672939942,active_cumulative,/home/oy/iCAT/result/v6-mixT-20261005/mixT-onlinev6-rep1/control-series.txt
1791230811,2026-10-06T05:06:51+09:00,31796.0,H,1,1,6606251110400,1612854275,1737188627,2.0770896378719645,active_cumulative,/home/oy/iCAT/result/v6-mixT-20261005/mixT-onlinev6-rep1/control-series.txt
1791230841,2026-10-06T05:07:21+09:00,31826.0,H,1,1,6606619992064,1612944334,1737188649,2.0770295120426643,active_cumulative,/home/oy/iCAT/result/v6-mixT-20261005/mixT-onlinev6-rep1/control-series.txt
1791230871,2026-10-06T05:07:51+09:00,31856.0,H,1,1,6606984949760,1613033435,1737188691,2.076970044951362,active_cumulative,/home/oy/iCAT/result/v6-mixT-20261005/mixT-onlinev6-rep1/control-series.txt
1791230901,2026-10-06T05:08:21+09:00,31886.0,H,1,1,6607353389056,1613123386,1737188692,2.076909991558451,active_cumulative,/home/oy/iCAT/result/v6-mixT-20261005/mixT-onlinev6-rep1/control-series.txt
1791230931,2026-10-06T05:08:51+09:00,31916.0,H,1,1,6607723794432,1613213817,1737188725,2.076849644289899,active_cumulative,/home/oy/iCAT/result/v6-mixT-20261005/mixT-onlinev6-rep1/control-series.txt
1791230961,2026-10-06T05:09:21+09:00,31946.0,H,1,1,6608090820608,1613303423,1737188758,2.0767898544277745,active_cumulative,/home/oy/iCAT/result/v6-mixT-20261005/mixT-onlinev6-rep1/control-series.txt
1791230991,2026-10-06T05:09:51+09:00,31976.0,H,1,1,6608436490240,1613387815,1737188758,2.0767335304314294,active_cumulative,/home/oy/iCAT/result/v6-mixT-20261005/mixT-onlinev6-rep1/control-series.txt
1791231021,2026-10-06T05:10:21+09:00,32006.0,H,1,1,6608803147776,1613477331,1737188758,2.0766737930698573,active_cumulative,/home/oy/iCAT/result/v6-mixT-20261005/mixT-onlinev6-rep1/control-series.txt
1791231051,2026-10-06T05:10:51+09:00,32036.0,H,1,1,6609171972096,1613567376,1737188781,2.076613723627987,active_cumulative,/home/oy/iCAT/result/v6-mixT-20261005/mixT-onlinev6-rep1/control-series.txt
1791231081,2026-10-06T05:11:21+09:00,32066.0,I,1,1,6612724137984,1614434604,1737559395,2.076264960311765,active_cumulative,/home/oy/iCAT/result/v6-mixT-20261005/mixT-onlinev6-rep1/control-series.txt
1791231111,2026-10-06T05:11:51+09:00,32096.0,I,1,1,6617998061568,1615722183,1738124714,2.0757571643738455,active_cumulative,/home/oy/iCAT/result/v6-mixT-20261005/mixT-onlinev6-rep1/control-series.txt
1791231141,2026-10-06T05:12:21+09:00,32126.0,I,1,1,6623306305536,1617018141,1738616355,2.0751990413198462,active_cumulative,/home/oy/iCAT/result/v6-mixT-20261005/mixT-onlinev6-rep1/control-series.txt
1791231171,2026-10-06T05:12:51+09:00,32156.0,I,1,1,6628620464128,1618315543,1739091362,2.074630574687621,active_cumulative,/home/oy/iCAT/result/v6-mixT-20261005/mixT-onlinev6-rep1/control-series.txt
1791231201,2026-10-06T05:13:21+09:00,32186.0,I,1,1,6633831800832,1619587842,1739548249,2.074068478343146,active_cumulative,/home/oy/iCAT/result/v6-mixT-20261005/mixT-onlinev6-rep1/control-series.txt
1791231231,2026-10-06T05:13:51+09:00,32216.0,I,1,1,6639162523648,1620889288,1740013285,2.073492988004743,active_cumulative,/home/oy/iCAT/result/v6-mixT-20261005/mixT-onlinev6-rep1/control-series.txt
1791231261,2026-10-06T05:14:21+09:00,32246.0,I,1,1,6644618100736,1622221216,1740491084,2.0729061282354726,active_cumulative,/home/oy/iCAT/result/v6-mixT-20261005/mixT-onlinev6-rep1/control-series.txt
1791231291,2026-10-06T05:14:51+09:00,32276.0,I,1,1,6649976958976,1623529531,1740962728,2.0723320363182234,active_cumulative,/home/oy/iCAT/result/v6-mixT-20261005/mixT-onlinev6-rep1/control-series.txt
1791231321,2026-10-06T05:15:21+09:00,32306.0,I,1,1,6655262326784,1624819904,1741391244,2.071744160514666,active_cumulative,/home/oy/iCAT/result/v6-mixT-20261005/mixT-onlinev6-rep1/control-series.txt
1791231351,2026-10-06T05:15:51+09:00,32336.0,I,1,1,6660282413056,1626045511,1741769907,2.071169223257983,active_cumulative,/home/oy/iCAT/result/v6-mixT-20261005/mixT-onlinev6-rep1/control-series.txt
1791231381,2026-10-06T05:16:21+09:00,32366.0,I,1,1,6665586802688,1627340528,1742161453,2.0705574051800424,active_cumulative,/home/oy/iCAT/result/v6-mixT-20261005/mixT-onlinev6-rep1/control-series.txt
1791231411,2026-10-06T05:16:51+09:00,32396.0,I,1,1,6670983892992,1628658177,1742568644,2.0699412980628162,active_cumulative,/home/oy/iCAT/result/v6-mixT-20261005/mixT-onlinev6-rep1/control-series.txt
1791231441,2026-10-06T05:17:21+09:00,32426.0,I,1,1,6676307496960,1629957885,1742965811,2.069331807306175,active_cumulative,/home/oy/iCAT/result/v6-mixT-20261005/mixT-onlinev6-rep1/control-series.txt
1791231471,2026-10-06T05:17:51+09:00,32456.0,I,1,1,6681630359552,1631257412,1743357033,2.068719761930498,active_cumulative,/home/oy/iCAT/result/v6-mixT-20261005/mixT-onlinev6-rep1/control-series.txt
1791231501,2026-10-06T05:18:21+09:00,32486.0,I,1,1,6687002353664,1632568934,1743748523,2.0681010073661,active_cumulative,/home/oy/iCAT/result/v6-mixT-20261005/mixT-onlinev6-rep1/control-series.txt
1791231531,2026-10-06T05:18:51+09:00,32516.0,I,1,1,6692392902656,1633884986,1744140891,2.0674808238919704,active_cumulative,/home/oy/iCAT/result/v6-mixT-20261005/mixT-onlinev6-rep1/control-series.txt
1791231561,2026-10-06T05:19:21+09:00,32546.0,I,1,1,6697792253952,1635203187,1744526160,2.0668558952606784,active_cumulative,/home/oy/iCAT/result/v6-mixT-20261005/mixT-onlinev6-rep1/control-series.txt
1791231591,2026-10-06T05:19:51+09:00,32576.0,I,1,1,6703229726720,1636530695,1744916606,2.066229073081944,active_cumulative,/home/oy/iCAT/result/v6-mixT-20261005/mixT-onlinev6-rep1/control-series.txt
1791231621,2026-10-06T05:20:21+09:00,32606.0,I,1,1,6708603490304,1637842649,1745290686,2.0656033942366827,active_cumulative,/home/oy/iCAT/result/v6-mixT-20261005/mixT-onlinev6-rep1/control-series.txt
1791231651,2026-10-06T05:20:51+09:00,32636.0,I,1,1,6713981591552,1639155662,1745664699,2.064977988039308,active_cumulative,/home/oy/iCAT/result/v6-mixT-20261005/mixT-onlinev6-rep1/control-series.txt
1791231681,2026-10-06T05:21:21+09:00,32666.0,I,1,1,6719308177408,1640456098,1746040056,2.0643625624170774,active_cumulative,/home/oy/iCAT/result/v6-mixT-20261005/mixT-onlinev6-rep1/control-series.txt
1791231712,2026-10-06T05:21:52+09:00,32697.0,I,1,1,6724698005504,1641771974,1746411709,2.063735851663405,active_cumulative,/home/oy/iCAT/result/v6-mixT-20261005/mixT-onlinev6-rep1/control-series.txt
1791231742,2026-10-06T05:22:22+09:00,32727.0,I,1,1,6730126774272,1643097357,1746803790,2.0631164261558723,active_cumulative,/home/oy/iCAT/result/v6-mixT-20261005/mixT-onlinev6-rep1/control-series.txt
1791231772,2026-10-06T05:22:52+09:00,32757.0,I,1,1,6735458762752,1644399112,1747177645,2.0625021822561043,active_cumulative,/home/oy/iCAT/result/v6-mixT-20261005/mixT-onlinev6-rep1/control-series.txt
1791231802,2026-10-06T05:23:22+09:00,32787.0,I,1,1,6740881338368,1645722983,1747556910,2.0618779272404435,active_cumulative,/home/oy/iCAT/result/v6-mixT-20261005/mixT-onlinev6-rep1/control-series.txt
1791231832,2026-10-06T05:23:52+09:00,32817.0,I,1,1,6746173771776,1647015081,1747917606,2.061263874365216,active_cumulative,/home/oy/iCAT/result/v6-mixT-20261005/mixT-onlinev6-rep1/control-series.txt
1791231862,2026-10-06T05:24:22+09:00,32847.0,I,1,1,6751541161984,1648325479,1748289755,2.0606459569263262,active_cumulative,/home/oy/iCAT/result/v6-mixT-20261005/mixT-onlinev6-rep1/control-series.txt
1791231892,2026-10-06T05:24:52+09:00,32877.0,I,1,1,6756973187072,1649651657,1748677770,2.0600284990954307,active_cumulative,/home/oy/iCAT/result/v6-mixT-20261005/mixT-onlinev6-rep1/control-series.txt
1791231922,2026-10-06T05:25:22+09:00,32907.0,I,1,1,6762329628672,1650959382,1749047041,2.059412521028334,active_cumulative,/home/oy/iCAT/result/v6-mixT-20261005/mixT-onlinev6-rep1/control-series.txt
1791231952,2026-10-06T05:25:52+09:00,32937.0,I,1,1,6767621869568,1652251433,1749413816,2.058806051584765,active_cumulative,/home/oy/iCAT/result/v6-mixT-20261005/mixT-onlinev6-rep1/control-series.txt
1791231982,2026-10-06T05:26:22+09:00,32967.0,I,1,1,6772877791232,1653534617,1749780357,2.058206062945702,active_cumulative,/home/oy/iCAT/result/v6-mixT-20261005/mixT-onlinev6-rep1/control-series.txt
1791232012,2026-10-06T05:26:52+09:00,32997.0,I,1,1,6778198048768,1654833508,1750152835,2.0576005540975544,active_cumulative,/home/oy/iCAT/result/v6-mixT-20261005/mixT-onlinev6-rep1/control-series.txt
1791232042,2026-10-06T05:27:22+09:00,33027.0,I,1,1,6783492874240,1656126190,1750505376,2.056987919501472,active_cumulative,/home/oy/iCAT/result/v6-mixT-20261005/mixT-onlinev6-rep1/control-series.txt
1791232072,2026-10-06T05:27:52+09:00,33057.0,I,1,1,6788377272320,1657318670,1750837678,2.056427897478522,active_cumulative,/home/oy/iCAT/result/v6-mixT-20261005/mixT-onlinev6-rep1/control-series.txt
1791232102,2026-10-06T05:28:22+09:00,33087.0,I,1,1,6793367846912,1658537072,1751194849,2.0558671726814435,active_cumulative,/home/oy/iCAT/result/v6-mixT-20261005/mixT-onlinev6-rep1/control-series.txt
1791232132,2026-10-06T05:28:52+09:00,33117.0,I,1,1,6798427308032,1659772292,1751556609,2.0552993428329867,active_cumulative,/home/oy/iCAT/result/v6-mixT-20261005/mixT-onlinev6-rep1/control-series.txt
1791232163,2026-10-06T05:29:23+09:00,33148.0,I,1,1,6803573747712,1661028747,1751935372,2.054729109995349,active_cumulative,/home/oy/iCAT/result/v6-mixT-20261005/mixT-onlinev6-rep1/control-series.txt
1791232193,2026-10-06T05:29:53+09:00,33178.0,I,1,1,6808737828864,1662289509,1752322619,2.054162111661381,active_cumulative,/home/oy/iCAT/result/v6-mixT-20261005/mixT-onlinev6-rep1/control-series.txt
1791232223,2026-10-06T05:30:23+09:00,33208.0,I,1,1,6813773209600,1663518850,1752700383,2.0536101727972604,active_cumulative,/home/oy/iCAT/result/v6-mixT-20261005/mixT-onlinev6-rep1/control-series.txt
1791232253,2026-10-06T05:30:53+09:00,33238.0,I,1,1,6818951970816,1664783196,1753070562,2.0530323505259602,active_cumulative,/home/oy/iCAT/result/v6-mixT-20261005/mixT-onlinev6-rep1/control-series.txt
1791232283,2026-10-06T05:31:23+09:00,33268.0,I,1,1,6824063246336,1666031066,1753442684,2.052466979628338,active_cumulative,/home/oy/iCAT/result/v6-mixT-20261005/mixT-onlinev6-rep1/control-series.txt
1791232313,2026-10-06T05:31:53+09:00,33298.0,I,1,1,6829245136896,1667296176,1753821969,2.051895874437608,active_cumulative,/home/oy/iCAT/result/v6-mixT-20261005/mixT-onlinev6-rep1/control-series.txt
1791232343,2026-10-06T05:32:23+09:00,33328.0,I,1,1,6834407976960,1668556635,1754209857,2.0513337217348933,active_cumulative,/home/oy/iCAT/result/v6-mixT-20261005/mixT-onlinev6-rep1/control-series.txt
1791232373,2026-10-06T05:32:53+09:00,33358.0,I,1,1,6839587274752,1669821112,1754599722,2.050771073254942,active_cumulative,/home/oy/iCAT/result/v6-mixT-20261005/mixT-onlinev6-rep1/control-series.txt
1791232403,2026-10-06T05:33:23+09:00,33388.0,I,1,1,6844651098112,1671057397,1754976014,2.050218871686069,active_cumulative,/home/oy/iCAT/result/v6-mixT-20261005/mixT-onlinev6-rep1/control-series.txt
1791232433,2026-10-06T05:33:53+09:00,33418.0,I,1,1,6849801510912,1672314822,1755345243,2.049649994072707,active_cumulative,/home/oy/iCAT/result/v6-mixT-20261005/mixT-onlinev6-rep1/control-series.txt
1791232463,2026-10-06T05:34:23+09:00,33448.0,I,1,1,6855010680832,1673586592,1755717363,2.0490747066166746,active_cumulative,/home/oy/iCAT/result/v6-mixT-20261005/mixT-onlinev6-rep1/control-series.txt
1791232493,2026-10-06T05:34:53+09:00,33478.0,I,1,1,6860157906944,1674843239,1756092971,2.048511842844774,active_cumulative,/home/oy/iCAT/result/v6-mixT-20261005/mixT-onlinev6-rep1/control-series.txt
1791232523,2026-10-06T05:35:23+09:00,33508.0,I,1,1,6865314869248,1676102263,1756461094,2.0479438711908715,active_cumulative,/home/oy/iCAT/result/v6-mixT-20261005/mixT-onlinev6-rep1/control-series.txt
1791232553,2026-10-06T05:35:53+09:00,33538.0,I,1,1,6870457937920,1677357895,1756839623,2.0473850740124844,active_cumulative,/home/oy/iCAT/result/v6-mixT-20261005/mixT-onlinev6-rep1/control-series.txt
1791232583,2026-10-06T05:36:23+09:00,33568.0,I,1,1,6875700391936,1678637791,1757229480,2.046818729699384,active_cumulative,/home/oy/iCAT/result/v6-mixT-20261005/mixT-onlinev6-rep1/control-series.txt
1791232613,2026-10-06T05:36:53+09:00,33598.0,I,1,1,6880873627648,1679900788,1757609963,2.046258193076102,active_cumulative,/home/oy/iCAT/result/v6-mixT-20261005/mixT-onlinev6-rep1/control-series.txt
1791232643,2026-10-06T05:37:23+09:00,33628.0,I,1,1,6886006984704,1681154049,1757978062,2.0456971882176394,active_cumulative,/home/oy/iCAT/result/v6-mixT-20261005/mixT-onlinev6-rep1/control-series.txt
1791232673,2026-10-06T05:37:53+09:00,33658.0,I,1,1,6891157942272,1682411607,1758348090,2.0451354963815342,active_cumulative,/home/oy/iCAT/result/v6-mixT-20261005/mixT-onlinev6-rep1/control-series.txt
1791232703,2026-10-06T05:38:23+09:00,33688.0,I,1,1,6896365543424,1683682994,1758717893,2.044565930325005,active_cumulative,/home/oy/iCAT/result/v6-mixT-20261005/mixT-onlinev6-rep1/control-series.txt
1791232733,2026-10-06T05:38:53+09:00,33718.0,I,1,1,6901535694848,1684945238,1759089577,2.044004005191295,active_cumulative,/home/oy/iCAT/result/v6-mixT-20261005/mixT-onlinev6-rep1/control-series.txt
1791232763,2026-10-06T05:39:23+09:00,33748.0,I,1,1,6906734227456,1686214411,1759464452,2.043440526022168,active_cumulative,/home/oy/iCAT/result/v6-mixT-20261005/mixT-onlinev6-rep1/control-series.txt
1791232793,2026-10-06T05:39:53+09:00,33778.0,I,1,1,6911914700800,1687479175,1759846819,2.042885059011173,active_cumulative,/home/oy/iCAT/result/v6-mixT-20261005/mixT-onlinev6-rep1/control-series.txt
1791232823,2026-10-06T05:40:23+09:00,33808.0,I,1,1,6917090025472,1688742682,1760210691,2.0423202479346108,active_cumulative,/home/oy/iCAT/result/v6-mixT-20261005/mixT-onlinev6-rep1/control-series.txt
1791232853,2026-10-06T05:40:53+09:00,33838.0,I,1,1,6922278592512,1690009422,1760593557,2.041765527506035,active_cumulative,/home/oy/iCAT/result/v6-mixT-20261005/mixT-onlinev6-rep1/control-series.txt
1791232883,2026-10-06T05:41:23+09:00,33868.0,I,1,1,6927465541632,1691275767,1760971631,2.041209047844177,active_cumulative,/home/oy/iCAT/result/v6-mixT-20261005/mixT-onlinev6-rep1/control-series.txt
1791232913,2026-10-06T05:41:53+09:00,33898.0,I,1,1,6932627603456,1692536036,1761349695,2.040657130800375,active_cumulative,/home/oy/iCAT/result/v6-mixT-20261005/mixT-onlinev6-rep1/control-series.txt
1791232944,2026-10-06T05:42:24+09:00,33929.0,I,1,1,6937848430592,1693810652,1761734852,2.040101412705013,active_cumulative,/home/oy/iCAT/result/v6-mixT-20261005/mixT-onlinev6-rep1/control-series.txt
1791232974,2026-10-06T05:42:54+09:00,33959.0,I,1,1,6943039741952,1695078062,1762120416,2.0395511897079817,active_cumulative,/home/oy/iCAT/result/v6-mixT-20261005/mixT-onlinev6-rep1/control-series.txt
1791233004,2026-10-06T05:43:24+09:00,33989.0,I,1,1,6948242472960,1696348260,1762507323,2.0390008729693276,active_cumulative,/home/oy/iCAT/result/v6-mixT-20261005/mixT-onlinev6-rep1/control-series.txt
1791233034,2026-10-06T05:43:54+09:00,34019.0,I,1,1,6953412648960,1697610510,1762877428,2.0384463442088374,active_cumulative,/home/oy/iCAT/result/v6-mixT-20261005/mixT-onlinev6-rep1/control-series.txt
1791233064,2026-10-06T05:44:24+09:00,34049.0,I,1,1,6958591479808,1698874873,1763250371,2.0378930190934668,active_cumulative,/home/oy/iCAT/result/v6-mixT-20261005/mixT-onlinev6-rep1/control-series.txt
1791233094,2026-10-06T05:44:54+09:00,34079.0,I,1,1,6963093651456,1699974036,1763570988,2.0374105431337304,active_cumulative,/home/oy/iCAT/result/v6-mixT-20261005/mixT-onlinev6-rep1/control-series.txt
1791233124,2026-10-06T05:45:24+09:00,34109.0,I,1,1,6968336420864,1701254009,1763937876,2.0368456836359465,active_cumulative,/home/oy/iCAT/result/v6-mixT-20261005/mixT-onlinev6-rep1/control-series.txt
1791233154,2026-10-06T05:45:54+09:00,34139.0,I,1,1,6973621239808,1702544248,1764318914,2.036283735986637,active_cumulative,/home/oy/iCAT/result/v6-mixT-20261005/mixT-onlinev6-rep1/control-series.txt
1791233184,2026-10-06T05:46:24+09:00,34169.0,I,1,1,6978779197440,1703803515,1764689810,2.0357355143735574,active_cumulative,/home/oy/iCAT/result/v6-mixT-20261005/mixT-onlinev6-rep1/control-series.txt
1791233214,2026-10-06T05:46:54+09:00,34199.0,I,1,1,6983790637056,1705027011,1765055106,2.0352065360916445,active_cumulative,/home/oy/iCAT/result/v6-mixT-20261005/mixT-onlinev6-rep1/control-series.txt
1791233244,2026-10-06T05:47:24+09:00,34229.0,I,1,1,6988904337408,1706275473,1765434069,2.0346711870012326,active_cumulative,/home/oy/iCAT/result/v6-mixT-20261005/mixT-onlinev6-rep1/control-series.txt
1791233274,2026-10-06T05:47:54+09:00,34259.0,I,1,1,6993979654144,1707514564,1765815097,2.0341435055543107,active_cumulative,/home/oy/iCAT/result/v6-mixT-20261005/mixT-onlinev6-rep1/control-series.txt
1791233304,2026-10-06T05:48:24+09:00,34289.0,I,1,1,6999150043136,1708776866,1766188369,2.0335980104496567,active_cumulative,/home/oy/iCAT/result/v6-mixT-20261005/mixT-onlinev6-rep1/control-series.txt
1791233334,2026-10-06T05:48:54+09:00,34319.0,I,1,1,7004453335040,1710071615,1766564733,2.0330355275793526,active_cumulative,/home/oy/iCAT/result/v6-mixT-20261005/mixT-onlinev6-rep1/control-series.txt
1791233364,2026-10-06T05:49:24+09:00,34349.0,I,1,1,7009775255552,1711370912,1766946181,2.032474122710811,active_cumulative,/home/oy/iCAT/result/v6-mixT-20261005/mixT-onlinev6-rep1/control-series.txt
1791233394,2026-10-06T05:49:54+09:00,34379.0,I,1,1,7014982524928,1712642218,1767306672,2.0319181983402443,active_cumulative,/home/oy/iCAT/result/v6-mixT-20261005/mixT-onlinev6-rep1/control-series.txt
1791233424,2026-10-06T05:50:24+09:00,34409.0,I,1,1,7020464832512,1713980672,1767706738,2.0313457828770662,active_cumulative,/home/oy/iCAT/result/v6-mixT-20261005/mixT-onlinev6-rep1/control-series.txt
1791233454,2026-10-06T05:50:54+09:00,34439.0,I,1,1,7025608204288,1715236378,1768073551,2.0308046014401873,active_cumulative,/home/oy/iCAT/result/v6-mixT-20261005/mixT-onlinev6-rep1/control-series.txt
1791233484,2026-10-06T05:51:24+09:00,34469.0,I,1,1,7030803165184,1716504679,1768441263,2.0302571758966934,active_cumulative,/home/oy/iCAT/result/v6-mixT-20261005/mixT-onlinev6-rep1/control-series.txt
1791233514,2026-10-06T05:51:54+09:00,34499.0,I,1,1,7035925794816,1717755321,1768799209,2.0297154591087425,active_cumulative,/home/oy/iCAT/result/v6-mixT-20261005/mixT-onlinev6-rep1/control-series.txt
1791233544,2026-10-06T05:52:24+09:00,34529.0,I,1,1,7041018146816,1718998571,1769164280,2.0291831010486625,active_cumulative,/home/oy/iCAT/result/v6-mixT-20261005/mixT-onlinev6-rep1/control-series.txt
1791233574,2026-10-06T05:52:54+09:00,34559.0,I,1,1,7046122680320,1720244795,1769545308,2.028659010126521,active_cumulative,/home/oy/iCAT/result/v6-mixT-20261005/mixT-onlinev6-rep1/control-series.txt
1791233605,2026-10-06T05:53:25+09:00,34590.0,I,1,1,7051221413888,1721489603,1769925566,2.0281360764047554,active_cumulative,/home/oy/iCAT/result/v6-mixT-20261005/mixT-onlinev6-rep1/control-series.txt
1791233635,2026-10-06T05:53:55+09:00,34620.0,I,1,1,7056276332544,1722723714,1770297449,2.0276154177326196,active_cumulative,/home/oy/iCAT/result/v6-mixT-20261005/mixT-onlinev6-rep1/control-series.txt
1791233665,2026-10-06T05:54:25+09:00,34650.0,I,1,1,7061351120896,1723962676,1770678327,2.027097832018261,active_cumulative,/home/oy/iCAT/result/v6-mixT-20261005/mixT-onlinev6-rep1/control-series.txt
1791233695,2026-10-06T05:54:55+09:00,34680.0,I,1,1,7066539765760,1725229435,1771063752,2.0265670849744106,active_cumulative,/home/oy/iCAT/result/v6-mixT-20261005/mixT-onlinev6-rep1/control-series.txt
1791233725,2026-10-06T05:55:25+09:00,34710.0,I,1,1,7071660769280,1726479680,1771448745,2.0260466807231694,active_cumulative,/home/oy/iCAT/result/v6-mixT-20261005/mixT-onlinev6-rep1/control-series.txt
1791233755,2026-10-06T05:55:55+09:00,34740.0,I,1,1,7076840775680,1727744330,1771837167,2.0255204640144875,active_cumulative,/home/oy/iCAT/result/v6-mixT-20261005/mixT-onlinev6-rep1/control-series.txt
1791233785,2026-10-06T05:56:25+09:00,34770.0,I,1,1,7081939468288,1728989128,1772222728,2.0250051312063544,active_cumulative,/home/oy/iCAT/result/v6-mixT-20261005/mixT-onlinev6-rep1/control-series.txt
1791233815,2026-10-06T05:56:55+09:00,34800.0,I,1,1,7087062097920,1730239770,1772601117,2.0244829345241557,active_cumulative,/home/oy/iCAT/result/v6-mixT-20261005/mixT-onlinev6-rep1/control-series.txt
1791233845,2026-10-06T05:57:25+09:00,34830.0,I,1,1,7092128616448,1731476713,1772981555,2.0239707769029636,active_cumulative,/home/oy/iCAT/result/v6-mixT-20261005/mixT-onlinev6-rep1/control-series.txt
1791233875,2026-10-06T05:57:55+09:00,34860.0,I,1,1,7097292959744,1732737539,1773356916,2.023442313729431,active_cumulative,/home/oy/iCAT/result/v6-mixT-20261005/mixT-onlinev6-rep1/control-series.txt
1791233905,2026-10-06T05:58:25+09:00,34890.0,I,1,1,7102751129600,1734070100,1773757073,2.022886602450501,active_cumulative,/home/oy/iCAT/result/v6-mixT-20261005/mixT-onlinev6-rep1/control-series.txt
1791233935,2026-10-06T05:58:55+09:00,34920.0,I,1,1,7108068683776,1735368331,1774143204,2.0223438864864245,active_cumulative,/home/oy/iCAT/result/v6-mixT-20261005/mixT-onlinev6-rep1/control-series.txt
1791233965,2026-10-06T05:59:25+09:00,34950.0,I,1,1,7113378738176,1736664731,1774530464,2.021803709330929,active_cumulative,/home/oy/iCAT/result/v6-mixT-20261005/mixT-onlinev6-rep1/control-series.txt
1791233995,2026-10-06T05:59:55+09:00,34980.0,I,1,1,7118757322752,1737977862,1774926830,2.021259746057686,active_cumulative,/home/oy/iCAT/result/v6-mixT-20261005/mixT-onlinev6-rep1/control-series.txt
1791234025,2026-10-06T06:00:25+09:00,35010.0,I,1,1,7124087963648,1739279288,1775321664,2.0207225925408707,active_cumulative,/home/oy/iCAT/result/v6-mixT-20261005/mixT-onlinev6-rep1/control-series.txt
1791234055,2026-10-06T06:00:55+09:00,35040.0,I,1,1,7129477771264,1740595159,1775721781,2.020180811039473,active_cumulative,/home/oy/iCAT/result/v6-mixT-20261005/mixT-onlinev6-rep1/control-series.txt
1791234085,2026-10-06T06:01:25+09:00,35070.0,I,1,1,7134044971008,1741710198,1776056068,2.0197196238728115,active_cumulative,/home/oy/iCAT/result/v6-mixT-20261005/mixT-onlinev6-rep1/control-series.txt
1791234115,2026-10-06T06:01:55+09:00,35100.0,I,1,1,7139338121216,1743002471,1776438659,2.0191830984501227,active_cumulative,/home/oy/iCAT/result/v6-mixT-20261005/mixT-onlinev6-rep1/control-series.txt
1791234145,2026-10-06T06:02:25+09:00,35130.0,I,1,1,7144737873920,1744320770,1776825687,2.0186347130407674,active_cumulative,/home/oy/iCAT/result/v6-mixT-20261005/mixT-onlinev6-rep1/control-series.txt
1791234175,2026-10-06T06:02:55+09:00,35160.0,I,1,1,7149985271808,1745601873,1777212436,2.0181086898959806,active_cumulative,/home/oy/iCAT/result/v6-mixT-20261005/mixT-onlinev6-rep1/control-series.txt
1791234205,2026-10-06T06:03:25+09:00,35190.0,I,1,1,7155403190272,1746924607,1777611828,2.0175664255211903,active_cumulative,/home/oy/iCAT/result/v6-mixT-20261005/mixT-onlinev6-rep1/control-series.txt
1791234235,2026-10-06T06:03:55+09:00,35220.0,I,1,1,7160784011264,1748238284,1778004748,2.017026548538849,active_cumulative,/home/oy/iCAT/result/v6-mixT-20261005/mixT-onlinev6-rep1/control-series.txt
1791234265,2026-10-06T06:04:25+09:00,35250.0,I,1,1,7166180679680,1749555830,1778411933,2.016493387924637,active_cumulative,/home/oy/iCAT/result/v6-mixT-20261005/mixT-onlinev6-rep1/control-series.txt
1791234296,2026-10-06T06:04:56+09:00,35281.0,I,1,1,7171457167360,1750844035,1778793380,2.0159633550683456,active_cumulative,/home/oy/iCAT/result/v6-mixT-20261005/mixT-onlinev6-rep1/control-series.txt
1791234326,2026-10-06T06:05:26+09:00,35311.0,I,1,1,7176702193664,1752124559,1779181575,2.015442404400428,active_cumulative,/home/oy/iCAT/result/v6-mixT-20261005/mixT-onlinev6-rep1/control-series.txt
1791234356,2026-10-06T06:05:56+09:00,35341.0,I,1,1,7182012620800,1753421050,1779563947,2.014909651620756,active_cumulative,/home/oy/iCAT/result/v6-mixT-20261005/mixT-onlinev6-rep1/control-series.txt
1791234386,2026-10-06T06:06:26+09:00,35371.0,I,1,1,7187358154752,1754726112,1779944533,2.014371713526994,active_cumulative,/home/oy/iCAT/result/v6-mixT-20261005/mixT-onlinev6-rep1/control-series.txt
1791234416,2026-10-06T06:06:56+09:00,35401.0,I,1,1,7192739799040,1756039990,1780339346,2.013837586921924,active_cumulative,/home/oy/iCAT/result/v6-mixT-20261005/mixT-onlinev6-rep1/control-series.txt
1791234446,2026-10-06T06:07:26+09:00,35431.0,I,1,1,7198146260992,1757359927,1780738888,2.0133034563044294,active_cumulative,/home/oy/iCAT/result/v6-mixT-20261005/mixT-onlinev6-rep1/control-series.txt
1791234476,2026-10-06T06:07:56+09:00,35461.0,I,1,1,7203478614016,1758661771,1781132288,2.012777054332183,active_cumulative,/home/oy/iCAT/result/v6-mixT-20261005/mixT-onlinev6-rep1/control-series.txt
1791234506,2026-10-06T06:08:26+09:00,35491.0,I,1,1,7208839938048,1759970688,1781516145,2.0122419408157777,active_cumulative,/home/oy/iCAT/result/v6-mixT-20261005/mixT-onlinev6-rep1/control-series.txt
1791234536,2026-10-06T06:08:56+09:00,35521.0,I,1,1,7214170734592,1761272152,1781902775,2.0117134782245736,active_cumulative,/home/oy/iCAT/result/v6-mixT-20261005/mixT-onlinev6-rep1/control-series.txt
1791234566,2026-10-06T06:09:26+09:00,35551.0,I,1,1,7219448324096,1762560626,1782296919,2.0111975115686036,active_cumulative,/home/oy/iCAT/result/v6-mixT-20261005/mixT-onlinev6-rep1/control-series.txt
1791234596,2026-10-06T06:09:56+09:00,35581.0,I,1,1,7224849215488,1763879203,1782687137,2.0106628242841182,active_cumulative,/home/oy/iCAT/result/v6-mixT-20261005/mixT-onlinev6-rep1/control-series.txt
1791234626,2026-10-06T06:10:26+09:00,35611.0,I,1,1,7230281273344,1765205389,1783085623,2.010129265473254,active_cumulative,/home/oy/iCAT/result/v6-mixT-20261005/mixT-onlinev6-rep1/control-series.txt
1791234656,2026-10-06T06:10:56+09:00,35641.0,I,1,1,7235582730240,1766499690,1783484364,2.0096148751659277,active_cumulative,/home/oy/iCAT/result/v6-mixT-20261005/mixT-onlinev6-rep1/control-series.txt
1791234686,2026-10-06T06:11:26+09:00,35671.0,I,1,1,7240980688896,1767817551,1783869158,2.0090799002368316,active_cumulative,/home/oy/iCAT/result/v6-mixT-20261005/mixT-onlinev6-rep1/control-series.txt
1791234716,2026-10-06T06:11:56+09:00,35701.0,I,1,1,7246300831744,1769116414,1784258163,2.0085589330810425,active_cumulative,/home/oy/iCAT/result/v6-mixT-20261005/mixT-onlinev6-rep1/control-series.txt
1791234746,2026-10-06T06:12:26+09:00,35731.0,I,1,1,7251693187072,1770432907,1784647566,2.0080289170766075,active_cumulative,/home/oy/iCAT/result/v6-mixT-20261005/mixT-onlinev6-rep1/control-series.txt
1791234776,2026-10-06T06:12:56+09:00,35761.0,I,1,1,7256976510976,1771722781,1785031740,2.0075118743985945,active_cumulative,/home/oy/iCAT/result/v6-mixT-20261005/mixT-onlinev6-rep1/control-series.txt
1791234806,2026-10-06T06:13:26+09:00,35791.0,I,1,1,7262302351360,1773023035,1785416893,2.0069902408233515,active_cumulative,/home/oy/iCAT/result/v6-mixT-20261005/mixT-onlinev6-rep1/control-series.txt
1791234836,2026-10-06T06:13:56+09:00,35821.0,I,1,1,7267757932544,1774354964,1785820711,2.006461924041485,active_cumulative,/home/oy/iCAT/result/v6-mixT-20261005/mixT-onlinev6-rep1/control-series.txt
1791234866,2026-10-06T06:14:26+09:00,35851.0,I,1,1,7272938557440,1775619765,1786192030,2.005954126670808,active_cumulative,/home/oy/iCAT/result/v6-mixT-20261005/mixT-onlinev6-rep1/control-series.txt
1791234896,2026-10-06T06:14:56+09:00,35881.0,I,1,1,7278185693184,1776900804,1786572368,2.005442939739927,active_cumulative,/home/oy/iCAT/result/v6-mixT-20261005/mixT-onlinev6-rep1/control-series.txt
1791234926,2026-10-06T06:15:26+09:00,35911.0,I,1,1,7283641942016,1778232896,1786980133,2.0049190615130765,active_cumulative,/home/oy/iCAT/result/v6-mixT-20261005/mixT-onlinev6-rep1/control-series.txt
1791234957,2026-10-06T06:15:57+09:00,35942.0,I,1,1,7288944054272,1779527357,1787367977,2.0044060126241714,active_cumulative,/home/oy/iCAT/result/v6-mixT-20261005/mixT-onlinev6-rep1/control-series.txt
1791234987,2026-10-06T06:16:27+09:00,35972.0,I,1,1,7294322049024,1780840344,1787762086,2.003886784137231,active_cumulative,/home/oy/iCAT/result/v6-mixT-20261005/mixT-onlinev6-rep1/control-series.txt
1791235017,2026-10-06T06:16:57+09:00,36002.0,I,1,1,7299428024320,1782086920,1788131827,2.0033920382514228,active_cumulative,/home/oy/iCAT/result/v6-mixT-20261005/mixT-onlinev6-rep1/control-series.txt
1791235047,2026-10-06T06:17:27+09:00,36032.0,I,1,1,7304534032384,1783333504,1788496311,2.0028950316855596,active_cumulative,/home/oy/iCAT/result/v6-mixT-20261005/mixT-onlinev6-rep1/control-series.txt
1791235077,2026-10-06T06:17:57+09:00,36062.0,I,1,1,7309787746304,1784616149,1788869327,2.0023832452723145,active_cumulative,/home/oy/iCAT/result/v6-mixT-20261005/mixT-onlinev6-rep1/control-series.txt
