unix_timestamp,iso_time,elapsed_measured_seconds,phase,epoch,active,host_bytes,host_pages,gc_pages,cumulative_waf,sample_status,source
1791153614,2026-10-05T07:40:14+09:00,,preparation,0,0,0,0,0,,inactive_or_zero,/home/oy/iCAT/result/mixT-fixed50-tenhour-20261004/mixT-fixed50-rep1/control-series.txt
1791153644,2026-10-05T07:40:44+09:00,,preparation,0,0,0,0,0,,inactive_or_zero,/home/oy/iCAT/result/mixT-fixed50-tenhour-20261004/mixT-fixed50-rep1/control-series.txt
1791153674,2026-10-05T07:41:14+09:00,,preparation,0,0,0,0,0,,inactive_or_zero,/home/oy/iCAT/result/mixT-fixed50-tenhour-20261004/mixT-fixed50-rep1/control-series.txt
1791153704,2026-10-05T07:41:44+09:00,8.0,A_YCSB-A,1,1,2111893504,515599,157105,1.30470384930925,active_cumulative,/home/oy/iCAT/result/mixT-fixed50-tenhour-20261004/mixT-fixed50-rep1/control-series.txt
1791153734,2026-10-05T07:42:14+09:00,38.0,A_YCSB-A,1,1,2369069056,578386,174460,1.3016324738150646,active_cumulative,/home/oy/iCAT/result/mixT-fixed50-tenhour-20261004/mixT-fixed50-rep1/control-series.txt
1791153764,2026-10-05T07:42:44+09:00,68.0,A_YCSB-A,1,1,2819584000,688375,269994,1.3922193571817687,active_cumulative,/home/oy/iCAT/result/mixT-fixed50-tenhour-20261004/mixT-fixed50-rep1/control-series.txt
1791153794,2026-10-05T07:43:14+09:00,98.0,A_YCSB-A,1,1,3260891136,796116,270903,1.3402808133488084,active_cumulative,/home/oy/iCAT/result/mixT-fixed50-tenhour-20261004/mixT-fixed50-rep1/control-series.txt
1791153824,2026-10-05T07:43:44+09:00,128.0,A_YCSB-A,1,1,3702886400,904025,270903,1.2996631730317192,active_cumulative,/home/oy/iCAT/result/mixT-fixed50-tenhour-20261004/mixT-fixed50-rep1/control-series.txt
1791153854,2026-10-05T07:44:14+09:00,158.0,A_YCSB-A,1,1,4148809728,1012893,270903,1.267454706469489,active_cumulative,/home/oy/iCAT/result/mixT-fixed50-tenhour-20261004/mixT-fixed50-rep1/control-series.txt
1791153884,2026-10-05T07:44:44+09:00,188.0,A_YCSB-A,1,1,4562145280,1113805,270904,1.2432239036456112,active_cumulative,/home/oy/iCAT/result/mixT-fixed50-tenhour-20261004/mixT-fixed50-rep1/control-series.txt
1791153914,2026-10-05T07:45:14+09:00,218.0,A_YCSB-A,1,1,5008883712,1222872,270906,1.221532588856397,active_cumulative,/home/oy/iCAT/result/mixT-fixed50-tenhour-20261004/mixT-fixed50-rep1/control-series.txt
1791153944,2026-10-05T07:45:44+09:00,248.0,A_YCSB-A,1,1,5448540160,1330210,270914,1.2036625795926958,active_cumulative,/home/oy/iCAT/result/mixT-fixed50-tenhour-20261004/mixT-fixed50-rep1/control-series.txt
1791153974,2026-10-05T07:46:14+09:00,278.0,A_YCSB-A,1,1,5899456512,1440297,271034,1.188179243586566,active_cumulative,/home/oy/iCAT/result/mixT-fixed50-tenhour-20261004/mixT-fixed50-rep1/control-series.txt
1791154004,2026-10-05T07:46:44+09:00,308.0,A_YCSB-A,1,1,6342967296,1548576,271082,1.1750524352695637,active_cumulative,/home/oy/iCAT/result/mixT-fixed50-tenhour-20261004/mixT-fixed50-rep1/control-series.txt
1791154034,2026-10-05T07:47:14+09:00,338.0,A_YCSB-A,1,1,6781149184,1655554,271082,1.1637409592196932,active_cumulative,/home/oy/iCAT/result/mixT-fixed50-tenhour-20261004/mixT-fixed50-rep1/control-series.txt
1791154064,2026-10-05T07:47:44+09:00,368.0,A_YCSB-A,1,1,7227904000,1764625,271082,1.1536201742579868,active_cumulative,/home/oy/iCAT/result/mixT-fixed50-tenhour-20261004/mixT-fixed50-rep1/control-series.txt
1791154094,2026-10-05T07:48:14+09:00,398.0,A_YCSB-A,1,1,7665913856,1871561,271082,1.144842727541341,active_cumulative,/home/oy/iCAT/result/mixT-fixed50-tenhour-20261004/mixT-fixed50-rep1/control-series.txt
1791154124,2026-10-05T07:48:44+09:00,428.0,A_YCSB-A,1,1,8078974976,1972406,271082,1.1374372213428676,active_cumulative,/home/oy/iCAT/result/mixT-fixed50-tenhour-20261004/mixT-fixed50-rep1/control-series.txt
1791154154,2026-10-05T07:49:14+09:00,458.0,A_YCSB-A,1,1,8511512576,2078006,271082,1.130452943831731,active_cumulative,/home/oy/iCAT/result/mixT-fixed50-tenhour-20261004/mixT-fixed50-rep1/control-series.txt
1791154184,2026-10-05T07:49:44+09:00,488.0,A_YCSB-A,1,1,8947187712,2184372,271082,1.1241006568478262,active_cumulative,/home/oy/iCAT/result/mixT-fixed50-tenhour-20261004/mixT-fixed50-rep1/control-series.txt
1791154214,2026-10-05T07:50:14+09:00,518.0,A_YCSB-A,1,1,9387847680,2291955,271082,1.1182754460711488,active_cumulative,/home/oy/iCAT/result/mixT-fixed50-tenhour-20261004/mixT-fixed50-rep1/control-series.txt
1791154244,2026-10-05T07:50:44+09:00,548.0,A_YCSB-A,1,1,9835433984,2401229,271177,1.1129325857717027,active_cumulative,/home/oy/iCAT/result/mixT-fixed50-tenhour-20261004/mixT-fixed50-rep1/control-series.txt
1791154274,2026-10-05T07:51:14+09:00,578.0,A_YCSB-A,1,1,10266976256,2506586,271205,1.1081969659129989,active_cumulative,/home/oy/iCAT/result/mixT-fixed50-tenhour-20261004/mixT-fixed50-rep1/control-series.txt
1791154304,2026-10-05T07:51:44+09:00,608.0,A_YCSB-A,1,1,10704965632,2613517,271205,1.1037701304410876,active_cumulative,/home/oy/iCAT/result/mixT-fixed50-tenhour-20261004/mixT-fixed50-rep1/control-series.txt
1791154334,2026-10-05T07:52:14+09:00,638.0,A_YCSB-A,1,1,11142615040,2720365,271205,1.0996943424871295,active_cumulative,/home/oy/iCAT/result/mixT-fixed50-tenhour-20261004/mixT-fixed50-rep1/control-series.txt
1791154364,2026-10-05T07:52:44+09:00,668.0,A_YCSB-A,1,1,11555524608,2821173,271205,1.0961319989947444,active_cumulative,/home/oy/iCAT/result/mixT-fixed50-tenhour-20261004/mixT-fixed50-rep1/control-series.txt
1791154394,2026-10-05T07:53:14+09:00,698.0,A_YCSB-A,1,1,11995332608,2928548,271205,1.0926073262244635,active_cumulative,/home/oy/iCAT/result/mixT-fixed50-tenhour-20261004/mixT-fixed50-rep1/control-series.txt
1791154424,2026-10-05T07:53:44+09:00,728.0,A_YCSB-A,1,1,12433137664,3035434,271205,1.0893463669445622,active_cumulative,/home/oy/iCAT/result/mixT-fixed50-tenhour-20261004/mixT-fixed50-rep1/control-series.txt
1791154454,2026-10-05T07:54:14+09:00,758.0,A_YCSB-A,1,1,12867747840,3141540,271206,1.0863289978800206,active_cumulative,/home/oy/iCAT/result/mixT-fixed50-tenhour-20261004/mixT-fixed50-rep1/control-series.txt
1791154484,2026-10-05T07:54:44+09:00,788.0,A_YCSB-A,1,1,12867821568,3141558,271206,1.0863285032458416,active_cumulative,/home/oy/iCAT/result/mixT-fixed50-tenhour-20261004/mixT-fixed50-rep1/control-series.txt
1791154514,2026-10-05T07:55:14+09:00,818.0,A_YCSB-A,1,1,13306241024,3248594,271206,1.0834841165131746,active_cumulative,/home/oy/iCAT/result/mixT-fixed50-tenhour-20261004/mixT-fixed50-rep1/control-series.txt
1791154544,2026-10-05T07:55:44+09:00,848.0,A_YCSB-A,1,1,13752004608,3357423,271325,1.080813469139873,active_cumulative,/home/oy/iCAT/result/mixT-fixed50-tenhour-20261004/mixT-fixed50-rep1/control-series.txt
1791154574,2026-10-05T07:56:14+09:00,878.0,A_YCSB-A,1,1,14196232192,3465877,271335,1.0782875445377895,active_cumulative,/home/oy/iCAT/result/mixT-fixed50-tenhour-20261004/mixT-fixed50-rep1/control-series.txt
1791154604,2026-10-05T07:56:44+09:00,908.0,A_YCSB-A,1,1,14638440448,3573838,271339,1.0759236988358174,active_cumulative,/home/oy/iCAT/result/mixT-fixed50-tenhour-20261004/mixT-fixed50-rep1/control-series.txt
1791154634,2026-10-05T07:57:14+09:00,938.0,A_YCSB-A,1,1,15052574720,3674945,271344,1.0738362070724867,active_cumulative,/home/oy/iCAT/result/mixT-fixed50-tenhour-20261004/mixT-fixed50-rep1/control-series.txt
1791154664,2026-10-05T07:57:44+09:00,968.0,A_YCSB-A,1,1,15487078400,3781025,271344,1.0717646669884489,active_cumulative,/home/oy/iCAT/result/mixT-fixed50-tenhour-20261004/mixT-fixed50-rep1/control-series.txt
1791154694,2026-10-05T07:58:14+09:00,998.0,A_YCSB-A,1,1,15928438784,3888779,271345,1.0697764002531387,active_cumulative,/home/oy/iCAT/result/mixT-fixed50-tenhour-20261004/mixT-fixed50-rep1/control-series.txt
1791154724,2026-10-05T07:58:44+09:00,1028.0,A_YCSB-A,1,1,16370724864,3996759,271382,1.0679005163934077,active_cumulative,/home/oy/iCAT/result/mixT-fixed50-tenhour-20261004/mixT-fixed50-rep1/control-series.txt
1791154754,2026-10-05T07:59:14+09:00,1058.0,A_YCSB-A,1,1,16810225664,4104059,271383,1.0661255113535162,active_cumulative,/home/oy/iCAT/result/mixT-fixed50-tenhour-20261004/mixT-fixed50-rep1/control-series.txt
1791154784,2026-10-05T07:59:44+09:00,1088.0,A_YCSB-A,1,1,17250357248,4211513,271383,1.0644383621753037,active_cumulative,/home/oy/iCAT/result/mixT-fixed50-tenhour-20261004/mixT-fixed50-rep1/control-series.txt
1791154814,2026-10-05T08:00:14+09:00,1118.0,A_YCSB-A,1,1,17688932352,4318587,271388,1.0628418508183348,active_cumulative,/home/oy/iCAT/result/mixT-fixed50-tenhour-20261004/mixT-fixed50-rep1/control-series.txt
1791154844,2026-10-05T08:00:44+09:00,1148.0,A_YCSB-A,1,1,18126262272,4425357,271388,1.0613256738382915,active_cumulative,/home/oy/iCAT/result/mixT-fixed50-tenhour-20261004/mixT-fixed50-rep1/control-series.txt
1791154874,2026-10-05T08:01:14+09:00,1178.0,A_YCSB-A,1,1,18540158976,4526406,271392,1.0599575027074462,active_cumulative,/home/oy/iCAT/result/mixT-fixed50-tenhour-20261004/mixT-fixed50-rep1/control-series.txt
1791154904,2026-10-05T08:01:44+09:00,1208.0,A_YCSB-A,1,1,18985500672,4635132,271512,1.0585769725651826,active_cumulative,/home/oy/iCAT/result/mixT-fixed50-tenhour-20261004/mixT-fixed50-rep1/control-series.txt
1791154934,2026-10-05T08:02:14+09:00,1238.0,A_YCSB-A,1,1,19423641600,4742100,271546,1.0572628160519602,active_cumulative,/home/oy/iCAT/result/mixT-fixed50-tenhour-20261004/mixT-fixed50-rep1/control-series.txt
1791154965,2026-10-05T08:02:45+09:00,1269.0,A_YCSB-A,1,1,19863121920,4849395,271546,1.0559958510288396,active_cumulative,/home/oy/iCAT/result/mixT-fixed50-tenhour-20261004/mixT-fixed50-rep1/control-series.txt
1791154995,2026-10-05T08:03:15+09:00,1299.0,A_YCSB-A,1,1,20308287488,4958078,271585,1.0547762661257043,active_cumulative,/home/oy/iCAT/result/mixT-fixed50-tenhour-20261004/mixT-fixed50-rep1/control-series.txt
1791155025,2026-10-05T08:03:45+09:00,1329.0,A_YCSB-A,1,1,20752232448,5066463,271611,1.0536095891749333,active_cumulative,/home/oy/iCAT/result/mixT-fixed50-tenhour-20261004/mixT-fixed50-rep1/control-series.txt
1791155055,2026-10-05T08:04:15+09:00,1359.0,A_YCSB-A,1,1,21190627328,5173493,271620,1.052502245581467,active_cumulative,/home/oy/iCAT/result/mixT-fixed50-tenhour-20261004/mixT-fixed50-rep1/control-series.txt
1791155085,2026-10-05T08:04:45+09:00,1389.0,A_YCSB-A,1,1,21627006976,5280031,271620,1.0514428797861224,active_cumulative,/home/oy/iCAT/result/mixT-fixed50-tenhour-20261004/mixT-fixed50-rep1/control-series.txt
1791155115,2026-10-05T08:05:15+09:00,1419.0,A_YCSB-A,1,1,22041559040,5381240,271620,1.0504753551226111,active_cumulative,/home/oy/iCAT/result/mixT-fixed50-tenhour-20261004/mixT-fixed50-rep1/control-series.txt
1791155145,2026-10-05T08:05:45+09:00,1449.0,A_YCSB-A,1,1,22480023552,5488287,271620,1.0494908520636768,active_cumulative,/home/oy/iCAT/result/mixT-fixed50-tenhour-20261004/mixT-fixed50-rep1/control-series.txt
1791155175,2026-10-05T08:06:15+09:00,1479.0,A_YCSB-A,1,1,22922256384,5596254,271636,1.0485388976268768,active_cumulative,/home/oy/iCAT/result/mixT-fixed50-tenhour-20261004/mixT-fixed50-rep1/control-series.txt
1791155205,2026-10-05T08:06:45+09:00,1509.0,A_YCSB-A,1,1,23364071424,5704119,271668,1.0476266361203195,active_cumulative,/home/oy/iCAT/result/mixT-fixed50-tenhour-20261004/mixT-fixed50-rep1/control-series.txt
1791155235,2026-10-05T08:07:15+09:00,1539.0,A_YCSB-A,1,1,23364145152,5704137,271668,1.0476264858294952,active_cumulative,/home/oy/iCAT/result/mixT-fixed50-tenhour-20261004/mixT-fixed50-rep1/control-series.txt
1791155265,2026-10-05T08:07:45+09:00,1569.0,A_YCSB-A,1,1,23805001728,5811768,271675,1.0467456718850443,active_cumulative,/home/oy/iCAT/result/mixT-fixed50-tenhour-20261004/mixT-fixed50-rep1/control-series.txt
1791155295,2026-10-05T08:08:15+09:00,1599.0,A_YCSB-A,1,1,24242368512,5918547,271688,1.04590451000896,active_cumulative,/home/oy/iCAT/result/mixT-fixed50-tenhour-20261004/mixT-fixed50-rep1/control-series.txt
1791155325,2026-10-05T08:08:45+09:00,1629.0,A_YCSB-A,1,1,24682426368,6025983,271688,1.0450860880291233,active_cumulative,/home/oy/iCAT/result/mixT-fixed50-tenhour-20261004/mixT-fixed50-rep1/control-series.txt
1791155355,2026-10-05T08:09:15+09:00,1659.0,A_YCSB-A,1,1,25115136000,6131625,271710,1.0443128860620146,active_cumulative,/home/oy/iCAT/result/mixT-fixed50-tenhour-20261004/mixT-fixed50-rep1/control-series.txt
1791155385,2026-10-05T08:09:45+09:00,1689.0,A_YCSB-A,1,1,25528012800,6232425,271710,1.043596192493291,active_cumulative,/home/oy/iCAT/result/mixT-fixed50-tenhour-20261004/mixT-fixed50-rep1/control-series.txt
1791155415,2026-10-05T08:10:15+09:00,1719.0,A_YCSB-A,1,1,25968304128,6339918,271731,1.0428603335248186,active_cumulative,/home/oy/iCAT/result/mixT-fixed50-tenhour-20261004/mixT-fixed50-rep1/control-series.txt
1791155445,2026-10-05T08:10:45+09:00,1749.0,A_YCSB-A,1,1,26403352576,6446131,271772,1.0421604835520717,active_cumulative,/home/oy/iCAT/result/mixT-fixed50-tenhour-20261004/mixT-fixed50-rep1/control-series.txt
1791155475,2026-10-05T08:11:15+09:00,1779.0,A_YCSB-A,1,1,26839932928,6552718,271772,1.0414746979802885,active_cumulative,/home/oy/iCAT/result/mixT-fixed50-tenhour-20261004/mixT-fixed50-rep1/control-series.txt
1791155505,2026-10-05T08:11:45+09:00,1809.0,A_YCSB-A,1,1,27283660800,6661050,271869,1.04081473641543,active_cumulative,/home/oy/iCAT/result/mixT-fixed50-tenhour-20261004/mixT-fixed50-rep1/control-series.txt
1791155535,2026-10-05T08:12:15+09:00,1839.0,A_YCSB-A,1,1,27720884224,6767794,271919,1.0401783801339106,active_cumulative,/home/oy/iCAT/result/mixT-fixed50-tenhour-20261004/mixT-fixed50-rep1/control-series.txt
1791155565,2026-10-05T08:12:45+09:00,1869.0,A_YCSB-A,1,1,28166557696,6876601,271947,1.0395467179206703,active_cumulative,/home/oy/iCAT/result/mixT-fixed50-tenhour-20261004/mixT-fixed50-rep1/control-series.txt
1791155595,2026-10-05T08:13:15+09:00,1899.0,A_YCSB-A,1,1,28605890560,6983860,271962,1.0389415022637911,active_cumulative,/home/oy/iCAT/result/mixT-fixed50-tenhour-20261004/mixT-fixed50-rep1/control-series.txt
1791155625,2026-10-05T08:13:45+09:00,1929.0,A_YCSB-A,1,1,29018943488,7084703,271962,1.038387212562051,active_cumulative,/home/oy/iCAT/result/mixT-fixed50-tenhour-20261004/mixT-fixed50-rep1/control-series.txt
1791155655,2026-10-05T08:14:15+09:00,1959.0,A_YCSB-A,1,1,29457989632,7191892,271962,1.0378150839862446,active_cumulative,/home/oy/iCAT/result/mixT-fixed50-tenhour-20261004/mixT-fixed50-rep1/control-series.txt
1791155685,2026-10-05T08:14:45+09:00,1989.0,A_YCSB-A,1,1,29898366976,7299406,271962,1.0372581001796584,active_cumulative,/home/oy/iCAT/result/mixT-fixed50-tenhour-20261004/mixT-fixed50-rep1/control-series.txt
1791155715,2026-10-05T08:15:15+09:00,2019.0,A_YCSB-A,1,1,30343168000,7408000,272006,1.0367178725701944,active_cumulative,/home/oy/iCAT/result/mixT-fixed50-tenhour-20261004/mixT-fixed50-rep1/control-series.txt
1791155745,2026-10-05T08:15:45+09:00,2049.0,A_YCSB-A,1,1,30785679360,7516035,272037,1.0361942167645575,active_cumulative,/home/oy/iCAT/result/mixT-fixed50-tenhour-20261004/mixT-fixed50-rep1/control-series.txt
1791155775,2026-10-05T08:16:15+09:00,2079.0,A_YCSB-A,1,1,31230599168,7624658,272060,1.03568160040752,active_cumulative,/home/oy/iCAT/result/mixT-fixed50-tenhour-20261004/mixT-fixed50-rep1/control-series.txt
1791155805,2026-10-05T08:16:45+09:00,2109.0,A_YCSB-A,1,1,31665115136,7730741,272104,1.03519766087106,active_cumulative,/home/oy/iCAT/result/mixT-fixed50-tenhour-20261004/mixT-fixed50-rep1/control-series.txt
1791155835,2026-10-05T08:17:15+09:00,2139.0,A_YCSB-A,1,1,32100618240,7837065,272104,1.0347201407669835,active_cumulative,/home/oy/iCAT/result/mixT-fixed50-tenhour-20261004/mixT-fixed50-rep1/control-series.txt
1791155865,2026-10-05T08:17:45+09:00,2169.0,A_YCSB-A,1,1,32513167360,7937785,272104,1.0342795880714835,active_cumulative,/home/oy/iCAT/result/mixT-fixed50-tenhour-20261004/mixT-fixed50-rep1/control-series.txt
1791155895,2026-10-05T08:18:15+09:00,2199.0,A_YCSB-A,1,1,32957812736,8046341,272136,1.0338210871251914,active_cumulative,/home/oy/iCAT/result/mixT-fixed50-tenhour-20261004/mixT-fixed50-rep1/control-series.txt
1791155925,2026-10-05T08:18:45+09:00,2229.0,A_YCSB-A,1,1,33395052544,8153089,272162,1.0333814582423912,active_cumulative,/home/oy/iCAT/result/mixT-fixed50-tenhour-20261004/mixT-fixed50-rep1/control-series.txt
1791155955,2026-10-05T08:19:15+09:00,2259.0,A_YCSB-A,1,1,33836843008,8260948,272162,1.0329456135058592,active_cumulative,/home/oy/iCAT/result/mixT-fixed50-tenhour-20261004/mixT-fixed50-rep1/control-series.txt
1791155985,2026-10-05T08:19:45+09:00,2289.0,A_YCSB-A,1,1,34273615872,8367582,272162,1.0325257643127967,active_cumulative,/home/oy/iCAT/result/mixT-fixed50-tenhour-20261004/mixT-fixed50-rep1/control-series.txt
1791156015,2026-10-05T08:20:15+09:00,2319.0,A_YCSB-A,1,1,34273689600,8367600,272162,1.032525694344854,active_cumulative,/home/oy/iCAT/result/mixT-fixed50-tenhour-20261004/mixT-fixed50-rep1/control-series.txt
1791156045,2026-10-05T08:20:45+09:00,2349.0,A_YCSB-A,1,1,34709995520,8474120,272162,1.032116845170944,active_cumulative,/home/oy/iCAT/result/mixT-fixed50-tenhour-20261004/mixT-fixed50-rep1/control-series.txt
1791156075,2026-10-05T08:21:15+09:00,2379.0,A_YCSB-A,1,1,35151724544,8581964,272178,1.031715117891429,active_cumulative,/home/oy/iCAT/result/mixT-fixed50-tenhour-20261004/mixT-fixed50-rep1/control-series.txt
1791156105,2026-10-05T08:21:45+09:00,2409.0,A_YCSB-A,1,1,35591454720,8689320,272195,1.031325236036882,active_cumulative,/home/oy/iCAT/result/mixT-fixed50-tenhour-20261004/mixT-fixed50-rep1/control-series.txt
1791156135,2026-10-05T08:22:15+09:00,2439.0,A_YCSB-A,1,1,36005335040,8790365,272196,1.0309652670850413,active_cumulative,/home/oy/iCAT/result/mixT-fixed50-tenhour-20261004/mixT-fixed50-rep1/control-series.txt
1791156165,2026-10-05T08:22:45+09:00,2469.0,A_YCSB-A,1,1,36447567872,8898332,272248,1.0305953969800183,active_cumulative,/home/oy/iCAT/result/mixT-fixed50-tenhour-20261004/mixT-fixed50-rep1/control-series.txt
1791156195,2026-10-05T08:23:15+09:00,2499.0,A_YCSB-A,1,1,36885168128,9005168,272284,1.0302364153561598,active_cumulative,/home/oy/iCAT/result/mixT-fixed50-tenhour-20261004/mixT-fixed50-rep1/control-series.txt
1791156225,2026-10-05T08:23:45+09:00,2529.0,A_YCSB-A,1,1,37321682944,9111739,272284,1.0298827699081372,active_cumulative,/home/oy/iCAT/result/mixT-fixed50-tenhour-20261004/mixT-fixed50-rep1/control-series.txt
1791156255,2026-10-05T08:24:15+09:00,2559.0,A_YCSB-A,1,1,37757337600,9218100,272284,1.029537974202927,active_cumulative,/home/oy/iCAT/result/mixT-fixed50-tenhour-20261004/mixT-fixed50-rep1/control-series.txt
1791156285,2026-10-05T08:24:45+09:00,2589.0,A_YCSB-A,1,1,38191452160,9324085,272284,1.0292022219874657,active_cumulative,/home/oy/iCAT/result/mixT-fixed50-tenhour-20261004/mixT-fixed50-rep1/control-series.txt
1791156315,2026-10-05T08:25:15+09:00,2619.0,A_YCSB-A,1,1,38641303552,9433912,272499,1.0288850478995353,active_cumulative,/home/oy/iCAT/result/mixT-fixed50-tenhour-20261004/mixT-fixed50-rep1/control-series.txt
1791156345,2026-10-05T08:25:45+09:00,2649.0,A_YCSB-A,1,1,39079862272,9540982,272617,1.0285732642614775,active_cumulative,/home/oy/iCAT/result/mixT-fixed50-tenhour-20261004/mixT-fixed50-rep1/control-series.txt
1791156375,2026-10-05T08:26:15+09:00,2679.0,A_YCSB-A,1,1,39494180864,9642134,272617,1.0282735128966265,active_cumulative,/home/oy/iCAT/result/mixT-fixed50-tenhour-20261004/mixT-fixed50-rep1/control-series.txt
1791156405,2026-10-05T08:26:45+09:00,2709.0,A_YCSB-A,1,1,39935299584,9749829,272617,1.0279612083452951,active_cumulative,/home/oy/iCAT/result/mixT-fixed50-tenhour-20261004/mixT-fixed50-rep1/control-series.txt
1791156435,2026-10-05T08:27:15+09:00,2739.0,A_YCSB-A,1,1,40369700864,9855884,272617,1.027660329606152,active_cumulative,/home/oy/iCAT/result/mixT-fixed50-tenhour-20261004/mixT-fixed50-rep1/control-series.txt
1791156465,2026-10-05T08:27:45+09:00,2769.0,A_YCSB-A,1,1,40817106944,9965114,272630,1.0273584426630744,active_cumulative,/home/oy/iCAT/result/mixT-fixed50-tenhour-20261004/mixT-fixed50-rep1/control-series.txt
1791156495,2026-10-05T08:28:15+09:00,2799.0,A_YCSB-A,1,1,41251803136,10071241,272649,1.027072036107566,active_cumulative,/home/oy/iCAT/result/mixT-fixed50-tenhour-20261004/mixT-fixed50-rep1/control-series.txt
1791156525,2026-10-05T08:28:45+09:00,2829.0,A_YCSB-A,1,1,41690464256,10178336,272649,1.0267871880040116,active_cumulative,/home/oy/iCAT/result/mixT-fixed50-tenhour-20261004/mixT-fixed50-rep1/control-series.txt
1791156555,2026-10-05T08:29:15+09:00,2859.0,A_YCSB-A,1,1,42128248832,10285217,272649,1.0265088232946373,active_cumulative,/home/oy/iCAT/result/mixT-fixed50-tenhour-20261004/mixT-fixed50-rep1/control-series.txt
1791156585,2026-10-05T08:29:45+09:00,2889.0,A_YCSB-A,1,1,42570264576,10393131,272649,1.0262335767729667,active_cumulative,/home/oy/iCAT/result/mixT-fixed50-tenhour-20261004/mixT-fixed50-rep1/control-series.txt
1791156615,2026-10-05T08:30:15+09:00,2919.0,A_YCSB-A,1,1,42983374848,10493988,272654,1.0259819241264618,active_cumulative,/home/oy/iCAT/result/mixT-fixed50-tenhour-20261004/mixT-fixed50-rep1/control-series.txt
1791156645,2026-10-05T08:30:45+09:00,2949.0,A_YCSB-A,1,1,43422629888,10601228,272654,1.0257190959386968,active_cumulative,/home/oy/iCAT/result/mixT-fixed50-tenhour-20261004/mixT-fixed50-rep1/control-series.txt
1791156675,2026-10-05T08:31:15+09:00,2979.0,A_YCSB-A,1,1,43860832256,10708211,272656,1.0254623297953318,active_cumulative,/home/oy/iCAT/result/mixT-fixed50-tenhour-20261004/mixT-fixed50-rep1/control-series.txt
1791156705,2026-10-05T08:31:45+09:00,3009.0,A_YCSB-A,1,1,44297248768,10814758,272659,1.0252117523110549,active_cumulative,/home/oy/iCAT/result/mixT-fixed50-tenhour-20261004/mixT-fixed50-rep1/control-series.txt
1791156735,2026-10-05T08:32:15+09:00,3039.0,A_YCSB-A,1,1,44739571712,10922747,272705,1.0249667048042035,active_cumulative,/home/oy/iCAT/result/mixT-fixed50-tenhour-20261004/mixT-fixed50-rep1/control-series.txt
1791156765,2026-10-05T08:32:45+09:00,3069.0,A_YCSB-A,1,1,45183164416,11031046,272756,1.0247262136337751,active_cumulative,/home/oy/iCAT/result/mixT-fixed50-tenhour-20261004/mixT-fixed50-rep1/control-series.txt
1791156795,2026-10-05T08:33:15+09:00,3099.0,A_YCSB-A,1,1,45183238144,11031064,272756,1.0247261732866386,active_cumulative,/home/oy/iCAT/result/mixT-fixed50-tenhour-20261004/mixT-fixed50-rep1/control-series.txt
1791156825,2026-10-05T08:33:45+09:00,3129.0,A_YCSB-A,1,1,45634146304,11141149,272981,1.024502050910548,active_cumulative,/home/oy/iCAT/result/mixT-fixed50-tenhour-20261004/mixT-fixed50-rep1/control-series.txt
1791156855,2026-10-05T08:34:15+09:00,3159.0,A_YCSB-A,1,1,46068891648,11247288,273124,1.0242835428416166,active_cumulative,/home/oy/iCAT/result/mixT-fixed50-tenhour-20261004/mixT-fixed50-rep1/control-series.txt
1791156885,2026-10-05T08:34:45+09:00,3189.0,A_YCSB-A,1,1,46481055744,11347914,273124,1.0240682120079514,active_cumulative,/home/oy/iCAT/result/mixT-fixed50-tenhour-20261004/mixT-fixed50-rep1/control-series.txt
1791156915,2026-10-05T08:35:15+09:00,3219.0,A_YCSB-A,1,1,46920228864,11455134,273124,1.0238429336575199,active_cumulative,/home/oy/iCAT/result/mixT-fixed50-tenhour-20261004/mixT-fixed50-rep1/control-series.txt
1791156945,2026-10-05T08:35:45+09:00,3249.0,A_YCSB-A,1,1,47355310080,11561355,273124,1.0236238745371975,active_cumulative,/home/oy/iCAT/result/mixT-fixed50-tenhour-20261004/mixT-fixed50-rep1/control-series.txt
1791156975,2026-10-05T08:36:15+09:00,3279.0,A_YCSB-A,1,1,47797137408,11669223,273124,1.0234055000919942,active_cumulative,/home/oy/iCAT/result/mixT-fixed50-tenhour-20261004/mixT-fixed50-rep1/control-series.txt
1791157006,2026-10-05T08:36:46+09:00,3310.0,A_YCSB-A,1,1,48237617152,11776762,273124,1.023191773765998,active_cumulative,/home/oy/iCAT/result/mixT-fixed50-tenhour-20261004/mixT-fixed50-rep1/control-series.txt
1791157036,2026-10-05T08:37:16+09:00,3340.0,A_YCSB-A,1,1,48675360768,11883633,273124,1.022983207239739,active_cumulative,/home/oy/iCAT/result/mixT-fixed50-tenhour-20261004/mixT-fixed50-rep1/control-series.txt
1791157066,2026-10-05T08:37:46+09:00,3370.0,A_YCSB-A,1,1,49116987392,11991452,273124,1.0227765578346977,active_cumulative,/home/oy/iCAT/result/mixT-fixed50-tenhour-20261004/mixT-fixed50-rep1/control-series.txt
1791157096,2026-10-05T08:38:16+09:00,3400.0,A_YCSB-A,1,1,49554202624,12098194,273131,1.0225761795520885,active_cumulative,/home/oy/iCAT/result/mixT-fixed50-tenhour-20261004/mixT-fixed50-rep1/control-series.txt
1791157126,2026-10-05T08:38:46+09:00,3430.0,A_YCSB-A,1,1,49969307648,12199538,273131,1.0223886347171507,active_cumulative,/home/oy/iCAT/result/mixT-fixed50-tenhour-20261004/mixT-fixed50-rep1/control-series.txt
1791157156,2026-10-05T08:39:16+09:00,3460.0,A_YCSB-A,1,1,50419286016,12309396,273288,1.0222015767467387,active_cumulative,/home/oy/iCAT/result/mixT-fixed50-tenhour-20261004/mixT-fixed50-rep1/control-series.txt
1791157186,2026-10-05T08:39:46+09:00,3490.0,A_YCSB-A,1,1,50868101120,12418970,273324,1.0220085884739234,active_cumulative,/home/oy/iCAT/result/mixT-fixed50-tenhour-20261004/mixT-fixed50-rep1/control-series.txt
1791157216,2026-10-05T08:40:16+09:00,3520.0,A_YCSB-A,1,1,51304132608,12525423,273329,1.0218219376702886,active_cumulative,/home/oy/iCAT/result/mixT-fixed50-tenhour-20261004/mixT-fixed50-rep1/control-series.txt
1791157246,2026-10-05T08:40:46+09:00,3550.0,A_YCSB-A,1,1,51748331520,12633870,273329,1.0216346218537946,active_cumulative,/home/oy/iCAT/result/mixT-fixed50-tenhour-20261004/mixT-fixed50-rep1/control-series.txt
1791157276,2026-10-05T08:41:16+09:00,3580.0,A_YCSB-A,1,1,52176666624,12738444,273329,1.0214570162572445,active_cumulative,/home/oy/iCAT/result/mixT-fixed50-tenhour-20261004/mixT-fixed50-rep1/control-series.txt
1791157306,2026-10-05T08:41:46+09:00,3610.0,A_YCSB-A,1,1,52620959744,12846914,273329,1.0212758488147426,active_cumulative,/home/oy/iCAT/result/mixT-fixed50-tenhour-20261004/mixT-fixed50-rep1/control-series.txt
1791157336,2026-10-05T08:42:16+09:00,3640.0,A_YCSB-A,1,1,53055238144,12952939,273330,1.0211017746628777,active_cumulative,/home/oy/iCAT/result/mixT-fixed50-tenhour-20261004/mixT-fixed50-rep1/control-series.txt
1791157366,2026-10-05T08:42:46+09:00,3670.0,A_YCSB-A,1,1,53473607680,13055080,273330,1.0209366775232322,active_cumulative,/home/oy/iCAT/result/mixT-fixed50-tenhour-20261004/mixT-fixed50-rep1/control-series.txt
1791157396,2026-10-05T08:43:16+09:00,3700.0,A_YCSB-A,1,1,53910339584,13161704,273330,1.020767067850789,active_cumulative,/home/oy/iCAT/result/mixT-fixed50-tenhour-20261004/mixT-fixed50-rep1/control-series.txt
1791157426,2026-10-05T08:43:46+09:00,3730.0,A_YCSB-A,1,1,54352932864,13269759,273339,1.0205986408645402,active_cumulative,/home/oy/iCAT/result/mixT-fixed50-tenhour-20261004/mixT-fixed50-rep1/control-series.txt
1791157456,2026-10-05T08:44:16+09:00,3760.0,A_YCSB-A,1,1,54791634944,13376864,273349,1.0204344605731208,active_cumulative,/home/oy/iCAT/result/mixT-fixed50-tenhour-20261004/mixT-fixed50-rep1/control-series.txt
1791157486,2026-10-05T08:44:46+09:00,3790.0,A_YCSB-A,1,1,55234019328,13484868,273366,1.020272056055721,active_cumulative,/home/oy/iCAT/result/mixT-fixed50-tenhour-20261004/mixT-fixed50-rep1/control-series.txt
1791157516,2026-10-05T08:45:16+09:00,3820.0,A_YCSB-A,1,1,55668961280,13591055,273399,1.020116098419144,active_cumulative,/home/oy/iCAT/result/mixT-fixed50-tenhour-20261004/mixT-fixed50-rep1/control-series.txt
1791157546,2026-10-05T08:45:46+09:00,3850.0,A_YCSB-A,1,1,55669035008,13591073,273399,1.0201160717774087,active_cumulative,/home/oy/iCAT/result/mixT-fixed50-tenhour-20261004/mixT-fixed50-rep1/control-series.txt
1791157576,2026-10-05T08:46:16+09:00,3880.0,A_YCSB-A,1,1,56107126784,13698029,273399,1.0199590028609224,active_cumulative,/home/oy/iCAT/result/mixT-fixed50-tenhour-20261004/mixT-fixed50-rep1/control-series.txt
1791157606,2026-10-05T08:46:46+09:00,3910.0,A_YCSB-A,1,1,56554328064,13807209,273531,1.0198107379992583,active_cumulative,/home/oy/iCAT/result/mixT-fixed50-tenhour-20261004/mixT-fixed50-rep1/control-series.txt
1791157636,2026-10-05T08:47:16+09:00,3940.0,A_YCSB-A,1,1,56976515072,13910282,273539,1.019664518663245,active_cumulative,/home/oy/iCAT/result/mixT-fixed50-tenhour-20261004/mixT-fixed50-rep1/control-series.txt
1791157666,2026-10-05T08:47:46+09:00,3970.0,A_YCSB-A,1,1,57413804032,14017042,273539,1.0195147449797182,active_cumulative,/home/oy/iCAT/result/mixT-fixed50-tenhour-20261004/mixT-fixed50-rep1/control-series.txt
1791157696,2026-10-05T08:48:16+09:00,4000.0,A_YCSB-A,1,1,57852944384,14124254,273539,1.0193666157518833,active_cumulative,/home/oy/iCAT/result/mixT-fixed50-tenhour-20261004/mixT-fixed50-rep1/control-series.txt
1791157726,2026-10-05T08:48:46+09:00,4030.0,B_OLTP,1,1,62387417088,15231303,636093,1.0417622182422608,active_cumulative,/home/oy/iCAT/result/mixT-fixed50-tenhour-20261004/mixT-fixed50-rep1/control-series.txt
1791157756,2026-10-05T08:49:16+09:00,4060.0,B_OLTP,1,1,67571597312,16496972,810496,1.0491299857937566,active_cumulative,/home/oy/iCAT/result/mixT-fixed50-tenhour-20261004/mixT-fixed50-rep1/control-series.txt
1791157786,2026-10-05T08:49:46+09:00,4090.0,B_OLTP,1,1,72757170176,17762981,982900,1.0553341806760925,active_cumulative,/home/oy/iCAT/result/mixT-fixed50-tenhour-20261004/mixT-fixed50-rep1/control-series.txt
1791157816,2026-10-05T08:50:16+09:00,4120.0,B_OLTP,1,1,78021435392,19048202,1161129,1.0609574068985619,active_cumulative,/home/oy/iCAT/result/mixT-fixed50-tenhour-20261004/mixT-fixed50-rep1/control-series.txt
1791157846,2026-10-05T08:50:46+09:00,4150.0,B_OLTP,1,1,83249815552,20324662,1336610,1.0657629632414058,active_cumulative,/home/oy/iCAT/result/mixT-fixed50-tenhour-20261004/mixT-fixed50-rep1/control-series.txt
1791157876,2026-10-05T08:51:16+09:00,4180.0,B_OLTP,1,1,88511184896,21609176,1514243,1.0700740740877857,active_cumulative,/home/oy/iCAT/result/mixT-fixed50-tenhour-20261004/mixT-fixed50-rep1/control-series.txt
1791157906,2026-10-05T08:51:46+09:00,4210.0,B_OLTP,1,1,93719347200,22880700,1690953,1.0739030274423422,active_cumulative,/home/oy/iCAT/result/mixT-fixed50-tenhour-20261004/mixT-fixed50-rep1/control-series.txt
1791157936,2026-10-05T08:52:16+09:00,4240.0,B_OLTP,1,1,98931695616,24153246,1860682,1.077036519232239,active_cumulative,/home/oy/iCAT/result/mixT-fixed50-tenhour-20261004/mixT-fixed50-rep1/control-series.txt
1791157966,2026-10-05T08:52:46+09:00,4270.0,B_OLTP,1,1,104144175104,25425824,2029648,1.0798262427994467,active_cumulative,/home/oy/iCAT/result/mixT-fixed50-tenhour-20261004/mixT-fixed50-rep1/control-series.txt
1791157996,2026-10-05T08:53:16+09:00,4300.0,B_OLTP,1,1,109425983488,26715328,2197642,1.082261464279982,active_cumulative,/home/oy/iCAT/result/mixT-fixed50-tenhour-20261004/mixT-fixed50-rep1/control-series.txt
1791158026,2026-10-05T08:53:46+09:00,4330.0,B_OLTP,1,1,114641391616,27988621,2365588,1.084519633889787,active_cumulative,/home/oy/iCAT/result/mixT-fixed50-tenhour-20261004/mixT-fixed50-rep1/control-series.txt
1791158056,2026-10-05T08:54:16+09:00,4360.0,B_OLTP,1,1,119871987712,29265622,2537741,1.0867140633470904,active_cumulative,/home/oy/iCAT/result/mixT-fixed50-tenhour-20261004/mixT-fixed50-rep1/control-series.txt
1791158086,2026-10-05T08:54:46+09:00,4390.0,B_OLTP,1,1,125100933120,30542220,2707580,1.088650399348836,active_cumulative,/home/oy/iCAT/result/mixT-fixed50-tenhour-20261004/mixT-fixed50-rep1/control-series.txt
1791158116,2026-10-05T08:55:16+09:00,4420.0,B_OLTP,1,1,130328973312,31818597,2879857,1.0905086104205035,active_cumulative,/home/oy/iCAT/result/mixT-fixed50-tenhour-20261004/mixT-fixed50-rep1/control-series.txt
1791158146,2026-10-05T08:55:46+09:00,4450.0,B_OLTP,1,1,135654281216,33118721,3049115,1.09206620630066,active_cumulative,/home/oy/iCAT/result/mixT-fixed50-tenhour-20261004/mixT-fixed50-rep1/control-series.txt
1791158177,2026-10-05T08:56:17+09:00,4481.0,B_OLTP,1,1,140899340288,34399253,3216928,1.093517379577981,active_cumulative,/home/oy/iCAT/result/mixT-fixed50-tenhour-20261004/mixT-fixed50-rep1/control-series.txt
1791158207,2026-10-05T08:56:47+09:00,4511.0,B_OLTP,1,1,146131009536,35676516,3387050,1.0949378016620233,active_cumulative,/home/oy/iCAT/result/mixT-fixed50-tenhour-20261004/mixT-fixed50-rep1/control-series.txt
1791158237,2026-10-05T08:57:17+09:00,4541.0,B_OLTP,1,1,151411023872,36965582,3554488,1.0961566897553514,active_cumulative,/home/oy/iCAT/result/mixT-fixed50-tenhour-20261004/mixT-fixed50-rep1/control-series.txt
1791158267,2026-10-05T08:57:47+09:00,4571.0,B_OLTP,1,1,156667179008,38248823,3724484,1.0973751270725376,active_cumulative,/home/oy/iCAT/result/mixT-fixed50-tenhour-20261004/mixT-fixed50-rep1/control-series.txt
1791158297,2026-10-05T08:58:17+09:00,4601.0,B_OLTP,1,1,161923538944,39532114,3893686,1.0984942520402527,active_cumulative,/home/oy/iCAT/result/mixT-fixed50-tenhour-20261004/mixT-fixed50-rep1/control-series.txt
1791158327,2026-10-05T08:58:47+09:00,4631.0,B_OLTP,1,1,167205953536,40821766,4062999,1.0995302114073164,active_cumulative,/home/oy/iCAT/result/mixT-fixed50-tenhour-20261004/mixT-fixed50-rep1/control-series.txt
1791158357,2026-10-05T08:59:17+09:00,4661.0,B_OLTP,1,1,172479094784,42109154,4234117,1.100550987084661,active_cumulative,/home/oy/iCAT/result/mixT-fixed50-tenhour-20261004/mixT-fixed50-rep1/control-series.txt
1791158387,2026-10-05T08:59:47+09:00,4691.0,B_OLTP,1,1,177624383488,43365328,4399250,1.101446252176393,active_cumulative,/home/oy/iCAT/result/mixT-fixed50-tenhour-20261004/mixT-fixed50-rep1/control-series.txt
1791158417,2026-10-05T09:00:17+09:00,4721.0,B_OLTP,1,1,182874128384,44647004,4566435,1.102278643377728,active_cumulative,/home/oy/iCAT/result/mixT-fixed50-tenhour-20261004/mixT-fixed50-rep1/control-series.txt
1791158447,2026-10-05T09:00:47+09:00,4751.0,B_OLTP,1,1,188023222272,45904107,4734149,1.1031312731995855,active_cumulative,/home/oy/iCAT/result/mixT-fixed50-tenhour-20261004/mixT-fixed50-rep1/control-series.txt
1791158477,2026-10-05T09:01:17+09:00,4781.0,B_OLTP,1,1,193392263168,47214908,4904148,1.1038686340339792,active_cumulative,/home/oy/iCAT/result/mixT-fixed50-tenhour-20261004/mixT-fixed50-rep1/control-series.txt
1791158507,2026-10-05T09:01:47+09:00,4811.0,B_OLTP,1,1,198604488704,48487424,5071528,1.1045947089290618,active_cumulative,/home/oy/iCAT/result/mixT-fixed50-tenhour-20261004/mixT-fixed50-rep1/control-series.txt
1791158537,2026-10-05T09:02:17+09:00,4841.0,B_OLTP,1,1,203830366208,49763273,5240466,1.1053079044861056,active_cumulative,/home/oy/iCAT/result/mixT-fixed50-tenhour-20261004/mixT-fixed50-rep1/control-series.txt
1791158567,2026-10-05T09:02:47+09:00,4871.0,B_OLTP,1,1,209058930688,51039778,5407301,1.1059428785133039,active_cumulative,/home/oy/iCAT/result/mixT-fixed50-tenhour-20261004/mixT-fixed50-rep1/control-series.txt
1791158597,2026-10-05T09:03:17+09:00,4901.0,B_OLTP,1,1,214350548992,52331677,5574467,1.1065218490896058,active_cumulative,/home/oy/iCAT/result/mixT-fixed50-tenhour-20261004/mixT-fixed50-rep1/control-series.txt
1791158627,2026-10-05T09:03:47+09:00,4931.0,B_OLTP,1,1,219551174656,53601361,5740691,1.1070997245760235,active_cumulative,/home/oy/iCAT/result/mixT-fixed50-tenhour-20261004/mixT-fixed50-rep1/control-series.txt
1791158657,2026-10-05T09:04:17+09:00,4961.0,B_OLTP,1,1,224854552576,54896131,5909073,1.1076409738238202,active_cumulative,/home/oy/iCAT/result/mixT-fixed50-tenhour-20261004/mixT-fixed50-rep1/control-series.txt
1791158687,2026-10-05T09:04:47+09:00,4991.0,B_OLTP,1,1,230110232576,56179256,6076257,1.1081583743294856,active_cumulative,/home/oy/iCAT/result/mixT-fixed50-tenhour-20261004/mixT-fixed50-rep1/control-series.txt
1791158717,2026-10-05T09:05:17+09:00,5021.0,B_OLTP,1,1,234591502336,57273316,6221950,1.1086361055120328,active_cumulative,/home/oy/iCAT/result/mixT-fixed50-tenhour-20261004/mixT-fixed50-rep1/control-series.txt
1791158747,2026-10-05T09:05:47+09:00,5051.0,B_OLTP,1,1,239851724800,58557550,6387722,1.1090845160017795,active_cumulative,/home/oy/iCAT/result/mixT-fixed50-tenhour-20261004/mixT-fixed50-rep1/control-series.txt
1791158777,2026-10-05T09:06:17+09:00,5081.0,B_OLTP,1,1,245119725568,59843683,6557269,1.109573286122781,active_cumulative,/home/oy/iCAT/result/mixT-fixed50-tenhour-20261004/mixT-fixed50-rep1/control-series.txt
1791158807,2026-10-05T09:06:47+09:00,5111.0,B_OLTP,1,1,250376593408,61127098,6727355,1.1100552000685522,active_cumulative,/home/oy/iCAT/result/mixT-fixed50-tenhour-20261004/mixT-fixed50-rep1/control-series.txt
1791158837,2026-10-05T09:07:17+09:00,5141.0,B_OLTP,1,1,255690375168,62424408,6899593,1.110527167514348,active_cumulative,/home/oy/iCAT/result/mixT-fixed50-tenhour-20261004/mixT-fixed50-rep1/control-series.txt
1791158867,2026-10-05T09:07:47+09:00,5171.0,B_OLTP,1,1,260734947328,63655993,7059757,1.1109048287095293,active_cumulative,/home/oy/iCAT/result/mixT-fixed50-tenhour-20261004/mixT-fixed50-rep1/control-series.txt
1791158897,2026-10-05T09:08:17+09:00,5201.0,B_OLTP,1,1,265729396736,64875341,7219685,1.1112855036862157,active_cumulative,/home/oy/iCAT/result/mixT-fixed50-tenhour-20261004/mixT-fixed50-rep1/control-series.txt
1791158927,2026-10-05T09:08:47+09:00,5231.0,B_OLTP,,,,,,,inactive_or_zero,/home/oy/iCAT/result/mixT-fixed50-tenhour-20261004/mixT-fixed50-rep1/control-series.txt
1791158958,2026-10-05T09:09:18+09:00,5262.0,B_OLTP,1,1,275795496960,67332885,7546360,1.1120753997099635,active_cumulative,/home/oy/iCAT/result/mixT-fixed50-tenhour-20261004/mixT-fixed50-rep1/control-series.txt
1791158988,2026-10-05T09:09:48+09:00,5292.0,B_OLTP,1,1,280809938944,68557114,7708179,1.1124344149025875,active_cumulative,/home/oy/iCAT/result/mixT-fixed50-tenhour-20261004/mixT-fixed50-rep1/control-series.txt
1791159018,2026-10-05T09:10:18+09:00,5322.0,B_OLTP,1,1,285709963264,69753409,7863481,1.1127325690992393,active_cumulative,/home/oy/iCAT/result/mixT-fixed50-tenhour-20261004/mixT-fixed50-rep1/control-series.txt
1791159048,2026-10-05T09:10:48+09:00,5352.0,B_OLTP,1,1,290656624640,70961090,8019228,1.1130088052480591,active_cumulative,/home/oy/iCAT/result/mixT-fixed50-tenhour-20261004/mixT-fixed50-rep1/control-series.txt
1791159078,2026-10-05T09:11:18+09:00,5382.0,B_OLTP,1,1,295342182400,72105025,8169470,1.1132995931975616,active_cumulative,/home/oy/iCAT/result/mixT-fixed50-tenhour-20261004/mixT-fixed50-rep1/control-series.txt
1791159108,2026-10-05T09:11:48+09:00,5412.0,B_OLTP,1,1,299524419584,73126079,8303227,1.1135467279737505,active_cumulative,/home/oy/iCAT/result/mixT-fixed50-tenhour-20261004/mixT-fixed50-rep1/control-series.txt
1791159138,2026-10-05T09:12:18+09:00,5442.0,B_OLTP,1,1,304330313728,74299393,8457115,1.113824819537893,active_cumulative,/home/oy/iCAT/result/mixT-fixed50-tenhour-20261004/mixT-fixed50-rep1/control-series.txt
1791159168,2026-10-05T09:12:48+09:00,5472.0,B_OLTP,1,1,309268799488,75505078,8613670,1.114080671501326,active_cumulative,/home/oy/iCAT/result/mixT-fixed50-tenhour-20261004/mixT-fixed50-rep1/control-series.txt
1791159198,2026-10-05T09:13:18+09:00,5502.0,B_OLTP,1,1,314265034752,76724862,8772806,1.1143411114900408,active_cumulative,/home/oy/iCAT/result/mixT-fixed50-tenhour-20261004/mixT-fixed50-rep1/control-series.txt
1791159228,2026-10-05T09:13:48+09:00,5532.0,B_OLTP,1,1,319289794560,77951610,8935477,1.1146285112007308,active_cumulative,/home/oy/iCAT/result/mixT-fixed50-tenhour-20261004/mixT-fixed50-rep1/control-series.txt
1791159258,2026-10-05T09:14:18+09:00,5562.0,B_OLTP,1,1,324116897792,79130102,9087739,1.114845536278975,active_cumulative,/home/oy/iCAT/result/mixT-fixed50-tenhour-20261004/mixT-fixed50-rep1/control-series.txt
1791159288,2026-10-05T09:14:48+09:00,5592.0,B_OLTP,1,1,329041903616,80332496,9242491,1.1150529544108776,active_cumulative,/home/oy/iCAT/result/mixT-fixed50-tenhour-20261004/mixT-fixed50-rep1/control-series.txt
1791159318,2026-10-05T09:15:18+09:00,5622.0,B_OLTP,1,1,333981298688,81538403,9398531,1.115265085581821,active_cumulative,/home/oy/iCAT/result/mixT-fixed50-tenhour-20261004/mixT-fixed50-rep1/control-series.txt
1791159348,2026-10-05T09:15:48+09:00,5652.0,B_OLTP,1,1,339009740800,82766050,9558519,1.115488403759754,active_cumulative,/home/oy/iCAT/result/mixT-fixed50-tenhour-20261004/mixT-fixed50-rep1/control-series.txt
1791159378,2026-10-05T09:16:18+09:00,5682.0,B_OLTP,1,1,343994753024,83983094,9718453,1.1157191589059579,active_cumulative,/home/oy/iCAT/result/mixT-fixed50-tenhour-20261004/mixT-fixed50-rep1/control-series.txt
1791159408,2026-10-05T09:16:48+09:00,5712.0,B_OLTP,1,1,349031923712,85212872,9880033,1.1159453116425884,active_cumulative,/home/oy/iCAT/result/mixT-fixed50-tenhour-20261004/mixT-fixed50-rep1/control-series.txt
1791159438,2026-10-05T09:17:18+09:00,5742.0,B_OLTP,1,1,353972817920,86419145,10039263,1.116169432132197,active_cumulative,/home/oy/iCAT/result/mixT-fixed50-tenhour-20261004/mixT-fixed50-rep1/control-series.txt
1791159468,2026-10-05T09:17:48+09:00,5772.0,B_OLTP,1,1,358945554432,87633192,10199483,1.1163883543121425,active_cumulative,/home/oy/iCAT/result/mixT-fixed50-tenhour-20261004/mixT-fixed50-rep1/control-series.txt
1791159498,2026-10-05T09:18:18+09:00,5802.0,B_OLTP,1,1,363936165888,88851603,10360997,1.1166101302640539,active_cumulative,/home/oy/iCAT/result/mixT-fixed50-tenhour-20261004/mixT-fixed50-rep1/control-series.txt
1791159528,2026-10-05T09:18:48+09:00,5832.0,B_OLTP,1,1,368658464768,90004508,10515340,1.1168312591631522,active_cumulative,/home/oy/iCAT/result/mixT-fixed50-tenhour-20261004/mixT-fixed50-rep1/control-series.txt
1791159558,2026-10-05T09:19:18+09:00,5862.0,B_OLTP,1,1,373450158080,91174355,10671519,1.1170451822774068,active_cumulative,/home/oy/iCAT/result/mixT-fixed50-tenhour-20261004/mixT-fixed50-rep1/control-series.txt
1791159588,2026-10-05T09:19:48+09:00,5892.0,B_OLTP,1,1,378342727680,92368830,10823581,1.1171778510131611,active_cumulative,/home/oy/iCAT/result/mixT-fixed50-tenhour-20261004/mixT-fixed50-rep1/control-series.txt
1791159619,2026-10-05T09:20:19+09:00,5923.0,B_OLTP,1,1,383324774400,93585150,10981254,1.1173397061392754,active_cumulative,/home/oy/iCAT/result/mixT-fixed50-tenhour-20261004/mixT-fixed50-rep1/control-series.txt
1791159649,2026-10-05T09:20:49+09:00,5953.0,B_OLTP,1,1,388264390656,94791111,11137990,1.1175003635098233,active_cumulative,/home/oy/iCAT/result/mixT-fixed50-tenhour-20261004/mixT-fixed50-rep1/control-series.txt
1791159679,2026-10-05T09:21:19+09:00,5983.0,B_OLTP,1,1,393147129856,95983186,11292224,1.1176479388796283,active_cumulative,/home/oy/iCAT/result/mixT-fixed50-tenhour-20261004/mixT-fixed50-rep1/control-series.txt
1791159709,2026-10-05T09:21:49+09:00,6013.0,B_OLTP,1,1,398120951808,97197498,11451309,1.117814853629257,active_cumulative,/home/oy/iCAT/result/mixT-fixed50-tenhour-20261004/mixT-fixed50-rep1/control-series.txt
1791159739,2026-10-05T09:22:19+09:00,6043.0,B_OLTP,1,1,402441207808,98252248,11595379,1.1180164244180957,active_cumulative,/home/oy/iCAT/result/mixT-fixed50-tenhour-20261004/mixT-fixed50-rep1/control-series.txt
1791159769,2026-10-05T09:22:49+09:00,6073.0,B_OLTP,1,1,407411257344,99465639,11758876,1.1182204841613694,active_cumulative,/home/oy/iCAT/result/mixT-fixed50-tenhour-20261004/mixT-fixed50-rep1/control-series.txt
1791159799,2026-10-05T09:23:19+09:00,6103.0,B_OLTP,1,1,412396072960,100682635,11922028,1.1184119585269099,active_cumulative,/home/oy/iCAT/result/mixT-fixed50-tenhour-20261004/mixT-fixed50-rep1/control-series.txt
1791159829,2026-10-05T09:23:49+09:00,6133.0,B_OLTP,1,1,417361592320,101894920,12083514,1.118587992414146,active_cumulative,/home/oy/iCAT/result/mixT-fixed50-tenhour-20261004/mixT-fixed50-rep1/control-series.txt
1791159859,2026-10-05T09:24:19+09:00,6163.0,B_OLTP,1,1,422230732800,103083675,12244892,1.1187859474354207,active_cumulative,/home/oy/iCAT/result/mixT-fixed50-tenhour-20261004/mixT-fixed50-rep1/control-series.txt
1791159889,2026-10-05T09:24:49+09:00,6193.0,B_OLTP,,,,,,,inactive_or_zero,/home/oy/iCAT/result/mixT-fixed50-tenhour-20261004/mixT-fixed50-rep1/control-series.txt
1791159919,2026-10-05T09:25:19+09:00,6223.0,B_OLTP,1,1,432149282816,105505196,12570397,1.1191448144411769,active_cumulative,/home/oy/iCAT/result/mixT-fixed50-tenhour-20261004/mixT-fixed50-rep1/control-series.txt
1791159949,2026-10-05T09:25:49+09:00,6253.0,B_OLTP,1,1,436828057600,106647475,12724502,1.1193136733898295,active_cumulative,/home/oy/iCAT/result/mixT-fixed50-tenhour-20261004/mixT-fixed50-rep1/control-series.txt
1791159979,2026-10-05T09:26:19+09:00,6283.0,B_OLTP,1,1,441657298944,107826489,12884609,1.1194939121128205,active_cumulative,/home/oy/iCAT/result/mixT-fixed50-tenhour-20261004/mixT-fixed50-rep1/control-series.txt
1791160009,2026-10-05T09:26:49+09:00,6313.0,B_OLTP,1,1,446506582016,109010396,13047020,1.1196860160016298,active_cumulative,/home/oy/iCAT/result/mixT-fixed50-tenhour-20261004/mixT-fixed50-rep1/control-series.txt
1791160039,2026-10-05T09:27:19+09:00,6343.0,B_OLTP,1,1,451357020160,110194585,13208067,1.1198613071595125,active_cumulative,/home/oy/iCAT/result/mixT-fixed50-tenhour-20261004/mixT-fixed50-rep1/control-series.txt
1791160069,2026-10-05T09:27:49+09:00,6373.0,B_OLTP,1,1,456233652224,111385169,13370748,1.1200406492178505,active_cumulative,/home/oy/iCAT/result/mixT-fixed50-tenhour-20261004/mixT-fixed50-rep1/control-series.txt
1791160099,2026-10-05T09:28:19+09:00,6403.0,B_OLTP,1,1,461122527232,112578742,13532922,1.1202085025963426,active_cumulative,/home/oy/iCAT/result/mixT-fixed50-tenhour-20261004/mixT-fixed50-rep1/control-series.txt
1791160129,2026-10-05T09:28:49+09:00,6433.0,B_OLTP,1,1,465941688320,113755295,13691228,1.1203568414112064,active_cumulative,/home/oy/iCAT/result/mixT-fixed50-tenhour-20261004/mixT-fixed50-rep1/control-series.txt
1791160159,2026-10-05T09:29:19+09:00,6463.0,B_OLTP,1,1,470730334208,114924398,13849273,1.120507683668702,active_cumulative,/home/oy/iCAT/result/mixT-fixed50-tenhour-20261004/mixT-fixed50-rep1/control-series.txt
1791160189,2026-10-05T09:29:49+09:00,6493.0,B_OLTP,1,1,475460796416,116079296,14001877,1.120623379728285,active_cumulative,/home/oy/iCAT/result/mixT-fixed50-tenhour-20261004/mixT-fixed50-rep1/control-series.txt
1791160219,2026-10-05T09:30:19+09:00,6523.0,B_OLTP,1,1,480258830336,117250691,14159484,1.1207624780650547,active_cumulative,/home/oy/iCAT/result/mixT-fixed50-tenhour-20261004/mixT-fixed50-rep1/control-series.txt
1791160249,2026-10-05T09:30:49+09:00,6553.0,B_OLTP,1,1,485227282432,118463692,14323799,1.1209129882597277,active_cumulative,/home/oy/iCAT/result/mixT-fixed50-tenhour-20261004/mixT-fixed50-rep1/control-series.txt
1791160279,2026-10-05T09:31:19+09:00,6583.0,B_OLTP,1,1,490302066688,119702653,14491125,1.121059346946972,active_cumulative,/home/oy/iCAT/result/mixT-fixed50-tenhour-20261004/mixT-fixed50-rep1/control-series.txt
1791160309,2026-10-05T09:31:49+09:00,6613.0,B_OLTP,1,1,495158517760,120888310,14651090,1.1211952586647955,active_cumulative,/home/oy/iCAT/result/mixT-fixed50-tenhour-20261004/mixT-fixed50-rep1/control-series.txt
1791160339,2026-10-05T09:32:19+09:00,6643.0,B_OLTP,1,1,500038180864,122079634,14811815,1.1213291235784668,active_cumulative,/home/oy/iCAT/result/mixT-fixed50-tenhour-20261004/mixT-fixed50-rep1/control-series.txt
1791160370,2026-10-05T09:32:50+09:00,6674.0,B_OLTP,1,1,504801366016,123242521,14968540,1.1214559705412064,active_cumulative,/home/oy/iCAT/result/mixT-fixed50-tenhour-20261004/mixT-fixed50-rep1/control-series.txt
1791160400,2026-10-05T09:33:20+09:00,6704.0,B_OLTP,1,1,509711298560,124441235,15128989,1.1215753684861773,active_cumulative,/home/oy/iCAT/result/mixT-fixed50-tenhour-20261004/mixT-fixed50-rep1/control-series.txt
1791160430,2026-10-05T09:33:50+09:00,6734.0,B_OLTP,1,1,514575609856,125628811,15289709,1.121705434273353,active_cumulative,/home/oy/iCAT/result/mixT-fixed50-tenhour-20261004/mixT-fixed50-rep1/control-series.txt
1791160460,2026-10-05T09:34:20+09:00,6764.0,B_OLTP,1,1,519464693760,126822435,15450998,1.1218317405749227,active_cumulative,/home/oy/iCAT/result/mixT-fixed50-tenhour-20261004/mixT-fixed50-rep1/control-series.txt
1791160490,2026-10-05T09:34:50+09:00,6794.0,B_OLTP,1,1,524417196032,128031542,15612013,1.1219388031739865,active_cumulative,/home/oy/iCAT/result/mixT-fixed50-tenhour-20261004/mixT-fixed50-rep1/control-series.txt
1791160520,2026-10-05T09:35:20+09:00,6824.0,B_OLTP,1,1,529036382208,129159273,15763475,1.1220467925674993,active_cumulative,/home/oy/iCAT/result/mixT-fixed50-tenhour-20261004/mixT-fixed50-rep1/control-series.txt
1791160550,2026-10-05T09:35:50+09:00,6854.0,B_OLTP,1,1,533658689536,130287766,15913727,1.1221429109468344,active_cumulative,/home/oy/iCAT/result/mixT-fixed50-tenhour-20261004/mixT-fixed50-rep1/control-series.txt
1791160580,2026-10-05T09:36:20+09:00,6884.0,B_OLTP,1,1,538207522816,131398321,16061912,1.1222383351458503,active_cumulative,/home/oy/iCAT/result/mixT-fixed50-tenhour-20261004/mixT-fixed50-rep1/control-series.txt
1791160610,2026-10-05T09:36:50+09:00,6914.0,B_OLTP,1,1,542824644608,132525548,16213519,1.122342591633728,active_cumulative,/home/oy/iCAT/result/mixT-fixed50-tenhour-20261004/mixT-fixed50-rep1/control-series.txt
1791160640,2026-10-05T09:37:20+09:00,6944.0,B_OLTP,1,1,547434057728,133650893,16365686,1.122451003750495,active_cumulative,/home/oy/iCAT/result/mixT-fixed50-tenhour-20261004/mixT-fixed50-rep1/control-series.txt
1791160670,2026-10-05T09:37:50+09:00,6974.0,B_OLTP,1,1,552042606592,134776027,16518416,1.1225619746158566,active_cumulative,/home/oy/iCAT/result/mixT-fixed50-tenhour-20261004/mixT-fixed50-rep1/control-series.txt
1791160700,2026-10-05T09:38:20+09:00,7004.0,B_OLTP,1,1,556636327936,135897541,16668018,1.1226513583494495,active_cumulative,/home/oy/iCAT/result/mixT-fixed50-tenhour-20261004/mixT-fixed50-rep1/control-series.txt
1791160730,2026-10-05T09:38:50+09:00,7034.0,B_OLTP,1,1,560626503680,136871705,16797939,1.1227276229225025,active_cumulative,/home/oy/iCAT/result/mixT-fixed50-tenhour-20261004/mixT-fixed50-rep1/control-series.txt
1791160760,2026-10-05T09:39:20+09:00,7064.0,B_OLTP,1,1,565426823168,138043658,16944157,1.122744914511031,active_cumulative,/home/oy/iCAT/result/mixT-fixed50-tenhour-20261004/mixT-fixed50-rep1/control-series.txt
1791160790,2026-10-05T09:39:50+09:00,7094.0,B_OLTP,1,1,570116833280,139188680,17085277,1.1227490410858125,active_cumulative,/home/oy/iCAT/result/mixT-fixed50-tenhour-20261004/mixT-fixed50-rep1/control-series.txt
1791160820,2026-10-05T09:40:20+09:00,7124.0,B_OLTP,1,1,574854111232,140345242,17230340,1.1227711018518176,active_cumulative,/home/oy/iCAT/result/mixT-fixed50-tenhour-20261004/mixT-fixed50-rep1/control-series.txt
1791160850,2026-10-05T09:40:50+09:00,7154.0,B_OLTP,1,1,579830665216,141560221,17380684,1.1227794353330376,active_cumulative,/home/oy/iCAT/result/mixT-fixed50-tenhour-20261004/mixT-fixed50-rep1/control-series.txt
1791160880,2026-10-05T09:41:20+09:00,7184.0,B_OLTP,1,1,584860176384,142788129,17531979,1.1227831691806818,active_cumulative,/home/oy/iCAT/result/mixT-fixed50-tenhour-20261004/mixT-fixed50-rep1/control-series.txt
1791160910,2026-10-05T09:41:50+09:00,7214.0,B_OLTP,1,1,589831499776,144001831,17682802,1.122795674729997,active_cumulative,/home/oy/iCAT/result/mixT-fixed50-tenhour-20261004/mixT-fixed50-rep1/control-series.txt
1791160940,2026-10-05T09:42:20+09:00,7244.0,B_OLTP,1,1,594806980608,145216548,17834299,1.1228117542086182,active_cumulative,/home/oy/iCAT/result/mixT-fixed50-tenhour-20261004/mixT-fixed50-rep1/control-series.txt
1791160970,2026-10-05T09:42:50+09:00,7274.0,B_OLTP,1,1,599557177344,146376264,17976937,1.1228131973637474,active_cumulative,/home/oy/iCAT/result/mixT-fixed50-tenhour-20261004/mixT-fixed50-rep1/control-series.txt
1791161000,2026-10-05T09:43:20+09:00,7304.0,B_OLTP,1,1,604554838016,147596396,18126895,1.1228139405246724,active_cumulative,/home/oy/iCAT/result/mixT-fixed50-tenhour-20261004/mixT-fixed50-rep1/control-series.txt
1791161031,2026-10-05T09:43:51+09:00,7335.0,B_OLTP,1,1,609590407168,148825783,18276101,1.122801981159407,active_cumulative,/home/oy/iCAT/result/mixT-fixed50-tenhour-20261004/mixT-fixed50-rep1/control-series.txt
1791161061,2026-10-05T09:44:21+09:00,7365.0,B_OLTP,1,1,614620635136,150053866,18428674,1.1228137234398212,active_cumulative,/home/oy/iCAT/result/mixT-fixed50-tenhour-20261004/mixT-fixed50-rep1/control-series.txt
1791161091,2026-10-05T09:44:51+09:00,7395.0,B_OLTP,1,1,619373883392,151214327,18572090,1.1228196452575556,active_cumulative,/home/oy/iCAT/result/mixT-fixed50-tenhour-20261004/mixT-fixed50-rep1/control-series.txt
1791161121,2026-10-05T09:45:21+09:00,7425.0,B_OLTP,1,1,624360800256,152431836,18722018,1.12282222986542,active_cumulative,/home/oy/iCAT/result/mixT-fixed50-tenhour-20261004/mixT-fixed50-rep1/control-series.txt
1791161151,2026-10-05T09:45:51+09:00,7455.0,B_OLTP,1,1,629262651392,153628577,18870332,1.1228308714986015,active_cumulative,/home/oy/iCAT/result/mixT-fixed50-tenhour-20261004/mixT-fixed50-rep1/control-series.txt
1791161181,2026-10-05T09:46:21+09:00,7485.0,B_OLTP,1,1,634222563328,154839493,19020908,1.1228427427103498,active_cumulative,/home/oy/iCAT/result/mixT-fixed50-tenhour-20261004/mixT-fixed50-rep1/control-series.txt
1791161211,2026-10-05T09:46:51+09:00,7515.0,B_OLTP,1,1,639212335104,156057699,19172943,1.1228580398330748,active_cumulative,/home/oy/iCAT/result/mixT-fixed50-tenhour-20261004/mixT-fixed50-rep1/control-series.txt
1791161241,2026-10-05T09:47:21+09:00,7545.0,B_OLTP,1,1,644192739328,157273618,19326433,1.1228841381394303,active_cumulative,/home/oy/iCAT/result/mixT-fixed50-tenhour-20261004/mixT-fixed50-rep1/control-series.txt
1791161271,2026-10-05T09:47:51+09:00,7575.0,B_OLTP,1,1,649040416768,158457133,19472142,1.1228858659205958,active_cumulative,/home/oy/iCAT/result/mixT-fixed50-tenhour-20261004/mixT-fixed50-rep1/control-series.txt
1791161301,2026-10-05T09:48:21+09:00,7605.0,B_OLTP,1,1,653998800896,159667676,19619748,1.1228786470218306,active_cumulative,/home/oy/iCAT/result/mixT-fixed50-tenhour-20261004/mixT-fixed50-rep1/control-series.txt
1791161331,2026-10-05T09:48:51+09:00,7635.0,B_OLTP,1,1,658960687104,160879074,19767845,1.122873935736353,active_cumulative,/home/oy/iCAT/result/mixT-fixed50-tenhour-20261004/mixT-fixed50-rep1/control-series.txt
1791161361,2026-10-05T09:49:21+09:00,7665.0,B_OLTP,1,1,663989624832,162106842,19919714,1.1228801557925605,active_cumulative,/home/oy/iCAT/result/mixT-fixed50-tenhour-20261004/mixT-fixed50-rep1/control-series.txt
1791161391,2026-10-05T09:49:51+09:00,7695.0,B_OLTP,1,1,668989968384,163327629,20070279,1.1228835508289905,active_cumulative,/home/oy/iCAT/result/mixT-fixed50-tenhour-20261004/mixT-fixed50-rep1/control-series.txt
1791161421,2026-10-05T09:50:21+09:00,7725.0,B_OLTP,1,1,673938640896,164535801,20219141,1.12288596692704,active_cumulative,/home/oy/iCAT/result/mixT-fixed50-tenhour-20261004/mixT-fixed50-rep1/control-series.txt
1791161451,2026-10-05T09:50:51+09:00,7755.0,B_OLTP,1,1,678923964416,165752921,20368412,1.1228841813291484,active_cumulative,/home/oy/iCAT/result/mixT-fixed50-tenhour-20261004/mixT-fixed50-rep1/control-series.txt
1791161481,2026-10-05T09:51:21+09:00,7785.0,B_OLTP,1,1,683986964480,166989005,20521170,1.1228893483136808,active_cumulative,/home/oy/iCAT/result/mixT-fixed50-tenhour-20261004/mixT-fixed50-rep1/control-series.txt
1791161511,2026-10-05T09:51:51+09:00,7815.0,B_OLTP,1,1,689035603968,168221583,20673317,1.122893368563771,active_cumulative,/home/oy/iCAT/result/mixT-fixed50-tenhour-20261004/mixT-fixed50-rep1/control-series.txt
1791161541,2026-10-05T09:52:21+09:00,7845.0,B_OLTP,1,1,694061694976,169448656,20825215,1.1228998535107886,active_cumulative,/home/oy/iCAT/result/mixT-fixed50-tenhour-20261004/mixT-fixed50-rep1/control-series.txt
1791161571,2026-10-05T09:52:51+09:00,7875.0,B_OLTP,1,1,698907705344,170631764,20971975,1.1229078016212737,active_cumulative,/home/oy/iCAT/result/mixT-fixed50-tenhour-20261004/mixT-fixed50-rep1/control-series.txt
1791161601,2026-10-05T09:53:21+09:00,7905.0,B_OLTP,1,1,703921319936,171855791,21123790,1.1229157881563618,active_cumulative,/home/oy/iCAT/result/mixT-fixed50-tenhour-20261004/mixT-fixed50-rep1/control-series.txt
1791161631,2026-10-05T09:53:51+09:00,7935.0,B_OLTP,1,1,708929847296,173078576,21274631,1.122918916319256,active_cumulative,/home/oy/iCAT/result/mixT-fixed50-tenhour-20261004/mixT-fixed50-rep1/control-series.txt
1791161662,2026-10-05T09:54:22+09:00,7966.0,B_OLTP,1,1,713992085504,174314474,21428375,1.1229294074570078,active_cumulative,/home/oy/iCAT/result/mixT-fixed50-tenhour-20261004/mixT-fixed50-rep1/control-series.txt
1791161692,2026-10-05T09:54:52+09:00,7996.0,B_OLTP,1,1,718929928192,175520002,21575706,1.1229244858372325,active_cumulative,/home/oy/iCAT/result/mixT-fixed50-tenhour-20261004/mixT-fixed50-rep1/control-series.txt
1791161722,2026-10-05T09:55:22+09:00,8026.0,B_OLTP,1,1,723756412928,176698343,21720504,1.1229242087459756,active_cumulative,/home/oy/iCAT/result/mixT-fixed50-tenhour-20261004/mixT-fixed50-rep1/control-series.txt
1791161752,2026-10-05T09:55:52+09:00,8056.0,C_Varmail,1,1,739080269824,180439519,23607071,1.1308309351013066,active_cumulative,/home/oy/iCAT/result/mixT-fixed50-tenhour-20261004/mixT-fixed50-rep1/control-series.txt
1791161782,2026-10-05T09:56:22+09:00,8086.0,C_Varmail,1,1,759544582144,185435689,26615029,1.1435270046641346,active_cumulative,/home/oy/iCAT/result/mixT-fixed50-tenhour-20261004/mixT-fixed50-rep1/control-series.txt
1791161812,2026-10-05T09:56:52+09:00,8116.0,C_Varmail,1,1,779920580608,190410298,29714617,1.1560557244650707,active_cumulative,/home/oy/iCAT/result/mixT-fixed50-tenhour-20261004/mixT-fixed50-rep1/control-series.txt
1791161842,2026-10-05T09:57:22+09:00,8146.0,C_Varmail,1,1,800305881088,195387178,32868524,1.1682225227696363,active_cumulative,/home/oy/iCAT/result/mixT-fixed50-tenhour-20261004/mixT-fixed50-rep1/control-series.txt
1791161872,2026-10-05T09:57:52+09:00,8176.0,C_Varmail,1,1,820671594496,200359276,36049902,1.1799262940039772,active_cumulative,/home/oy/iCAT/result/mixT-fixed50-tenhour-20261004/mixT-fixed50-rep1/control-series.txt
1791161902,2026-10-05T09:58:22+09:00,8206.0,C_Varmail,1,1,841033474048,205330438,39260684,1.1912073260175873,active_cumulative,/home/oy/iCAT/result/mixT-fixed50-tenhour-20261004/mixT-fixed50-rep1/control-series.txt
1791161932,2026-10-05T09:58:52+09:00,8236.0,C_Varmail,1,1,861465894912,210318822,42488920,1.2020214814630332,active_cumulative,/home/oy/iCAT/result/mixT-fixed50-tenhour-20261004/mixT-fixed50-rep1/control-series.txt
1791161962,2026-10-05T09:59:22+09:00,8266.0,C_Varmail,1,1,881938075648,215316913,45739074,1.2124267590628146,active_cumulative,/home/oy/iCAT/result/mixT-fixed50-tenhour-20261004/mixT-fixed50-rep1/control-series.txt
1791161992,2026-10-05T09:59:52+09:00,8296.0,C_Varmail,1,1,902407180288,220314253,48992737,1.2223766112853351,active_cumulative,/home/oy/iCAT/result/mixT-fixed50-tenhour-20261004/mixT-fixed50-rep1/control-series.txt
1791162022,2026-10-05T10:00:22+09:00,8326.0,C_Varmail,1,1,922877198336,225311816,52268507,1.2319829821974362,active_cumulative,/home/oy/iCAT/result/mixT-fixed50-tenhour-20261004/mixT-fixed50-rep1/control-series.txt
1791162052,2026-10-05T10:00:52+09:00,8356.0,C_Varmail,1,1,943404613632,230323392,55529207,1.2410923463648886,active_cumulative,/home/oy/iCAT/result/mixT-fixed50-tenhour-20261004/mixT-fixed50-rep1/control-series.txt
1791162082,2026-10-05T10:01:22+09:00,8386.0,C_Varmail,1,1,963929251840,235334290,58804360,1.249875868068355,active_cumulative,/home/oy/iCAT/result/mixT-fixed50-tenhour-20261004/mixT-fixed50-rep1/control-series.txt
1791162112,2026-10-05T10:01:52+09:00,8416.0,C_Varmail,1,1,984428544000,240339000,62072973,1.2582725774843033,active_cumulative,/home/oy/iCAT/result/mixT-fixed50-tenhour-20261004/mixT-fixed50-rep1/control-series.txt
1791162142,2026-10-05T10:02:22+09:00,8446.0,C_Varmail,1,1,1004940132352,245346712,65352549,1.2663681468044292,active_cumulative,/home/oy/iCAT/result/mixT-fixed50-tenhour-20261004/mixT-fixed50-rep1/control-series.txt
1791162172,2026-10-05T10:02:52+09:00,8476.0,C_Varmail,1,1,1025424166912,250347697,68621967,1.2741066437691257,active_cumulative,/home/oy/iCAT/result/mixT-fixed50-tenhour-20261004/mixT-fixed50-rep1/control-series.txt
1791162202,2026-10-05T10:03:22+09:00,8506.0,C_Varmail,1,1,1045932863488,255354703,71923411,1.2816608041873425,active_cumulative,/home/oy/iCAT/result/mixT-fixed50-tenhour-20261004/mixT-fixed50-rep1/control-series.txt
1791162232,2026-10-05T10:03:52+09:00,8536.0,C_Varmail,1,1,1066416320512,260355547,75194099,1.2888131244616807,active_cumulative,/home/oy/iCAT/result/mixT-fixed50-tenhour-20261004/mixT-fixed50-rep1/control-series.txt
1791162262,2026-10-05T10:04:22+09:00,8566.0,C_Varmail,1,1,1086899523584,265356329,78456267,1.2956638241705551,active_cumulative,/home/oy/iCAT/result/mixT-fixed50-tenhour-20261004/mixT-fixed50-rep1/control-series.txt
1791162292,2026-10-05T10:04:52+09:00,8596.0,C_Varmail,1,1,1107387858944,270358364,81742659,1.3023492885169257,active_cumulative,/home/oy/iCAT/result/mixT-fixed50-tenhour-20261004/mixT-fixed50-rep1/control-series.txt
1791162322,2026-10-05T10:05:22+09:00,8626.0,C_Varmail,1,1,1127949500416,275378296,85021456,1.308744215629833,active_cumulative,/home/oy/iCAT/result/mixT-fixed50-tenhour-20261004/mixT-fixed50-rep1/control-series.txt
1791162352,2026-10-05T10:05:52+09:00,8656.0,C_Varmail,1,1,1148487950336,280392566,88319654,1.3149857189865726,active_cumulative,/home/oy/iCAT/result/mixT-fixed50-tenhour-20261004/mixT-fixed50-rep1/control-series.txt
1791162382,2026-10-05T10:06:22+09:00,8686.0,C_Varmail,1,1,1169047412736,285411966,91610542,1.320976528363215,active_cumulative,/home/oy/iCAT/result/mixT-fixed50-tenhour-20261004/mixT-fixed50-rep1/control-series.txt
1791162412,2026-10-05T10:06:52+09:00,8716.0,C_Varmail,1,1,1189568253952,290421937,94892376,1.326739698041474,active_cumulative,/home/oy/iCAT/result/mixT-fixed50-tenhour-20261004/mixT-fixed50-rep1/control-series.txt
1791162442,2026-10-05T10:07:22+09:00,8746.0,C_Varmail,1,1,1210085871616,295431121,98171534,1.332299229910853,active_cumulative,/home/oy/iCAT/result/mixT-fixed50-tenhour-20261004/mixT-fixed50-rep1/control-series.txt
1791162472,2026-10-05T10:07:52+09:00,8776.0,C_Varmail,1,1,1230624493568,300445433,101461522,1.3377036588204687,active_cumulative,/home/oy/iCAT/result/mixT-fixed50-tenhour-20261004/mixT-fixed50-rep1/control-series.txt
1791162502,2026-10-05T10:08:22+09:00,8806.0,C_Varmail,1,1,1251193815040,305467240,104737955,1.3428778647425499,active_cumulative,/home/oy/iCAT/result/mixT-fixed50-tenhour-20261004/mixT-fixed50-rep1/control-series.txt
1791162532,2026-10-05T10:08:52+09:00,8836.0,C_Varmail,1,1,1271734857728,310482143,108011962,1.3478846189231566,active_cumulative,/home/oy/iCAT/result/mixT-fixed50-tenhour-20261004/mixT-fixed50-rep1/control-series.txt
1791162562,2026-10-05T10:09:22+09:00,8866.0,C_Varmail,1,1,1292267520000,315495000,111293276,1.3527576538455444,active_cumulative,/home/oy/iCAT/result/mixT-fixed50-tenhour-20261004/mixT-fixed50-rep1/control-series.txt
1791162592,2026-10-05T10:09:52+09:00,8896.0,C_Varmail,1,1,1312817844224,320512169,114583589,1.3575015243804986,active_cumulative,/home/oy/iCAT/result/mixT-fixed50-tenhour-20261004/mixT-fixed50-rep1/control-series.txt
1791162622,2026-10-05T10:10:22+09:00,8926.0,C_Varmail,1,1,1333357285376,325526681,117868102,1.362084304849961,active_cumulative,/home/oy/iCAT/result/mixT-fixed50-tenhour-20261004/mixT-fixed50-rep1/control-series.txt
1791162652,2026-10-05T10:10:52+09:00,8956.0,C_Varmail,1,1,1353912852480,330545130,121160166,1.3665465166587085,active_cumulative,/home/oy/iCAT/result/mixT-fixed50-tenhour-20261004/mixT-fixed50-rep1/control-series.txt
1791162682,2026-10-05T10:11:22+09:00,8986.0,C_Varmail,1,1,1374471565312,335564347,124443788,1.370849254733251,active_cumulative,/home/oy/iCAT/result/mixT-fixed50-tenhour-20261004/mixT-fixed50-rep1/control-series.txt
1791162712,2026-10-05T10:11:52+09:00,9016.0,C_Varmail,1,1,1395012091904,340579124,127731483,1.375042021072319,active_cumulative,/home/oy/iCAT/result/mixT-fixed50-tenhour-20261004/mixT-fixed50-rep1/control-series.txt
1791162742,2026-10-05T10:12:22+09:00,9046.0,C_Varmail,1,1,1415504019456,345582036,131016820,1.3791193012127516,active_cumulative,/home/oy/iCAT/result/mixT-fixed50-tenhour-20261004/mixT-fixed50-rep1/control-series.txt
1791162772,2026-10-05T10:12:52+09:00,9076.0,C_Varmail,1,1,1436067749888,350602478,134301115,1.3830580883686738,active_cumulative,/home/oy/iCAT/result/mixT-fixed50-tenhour-20261004/mixT-fixed50-rep1/control-series.txt
1791162802,2026-10-05T10:13:22+09:00,9106.0,C_Varmail,1,1,1456611184640,355617965,137580955,1.386878528479291,active_cumulative,/home/oy/iCAT/result/mixT-fixed50-tenhour-20261004/mixT-fixed50-rep1/control-series.txt
1791162832,2026-10-05T10:13:52+09:00,9136.0,C_Varmail,1,1,1477185007616,360640871,140876483,1.390628168708033,active_cumulative,/home/oy/iCAT/result/mixT-fixed50-tenhour-20261004/mixT-fixed50-rep1/control-series.txt
1791162862,2026-10-05T10:14:22+09:00,9166.0,C_Varmail,1,1,1497760612352,365664212,144156352,1.3942315033006292,active_cumulative,/home/oy/iCAT/result/mixT-fixed50-tenhour-20261004/mixT-fixed50-rep1/control-series.txt
1791162892,2026-10-05T10:14:52+09:00,9196.0,C_Varmail,1,1,1518304677888,370679853,147438964,1.3977528392944518,active_cumulative,/home/oy/iCAT/result/mixT-fixed50-tenhour-20261004/mixT-fixed50-rep1/control-series.txt
1791162922,2026-10-05T10:15:22+09:00,9226.0,C_Varmail,1,1,1538845073408,375694598,150724705,1.4011894389814996,active_cumulative,/home/oy/iCAT/result/mixT-fixed50-tenhour-20261004/mixT-fixed50-rep1/control-series.txt
1791162952,2026-10-05T10:15:52+09:00,9256.0,C_Varmail,1,1,1559395713024,380711844,154019325,1.4045561687332218,active_cumulative,/home/oy/iCAT/result/mixT-fixed50-tenhour-20261004/mixT-fixed50-rep1/control-series.txt
1791162982,2026-10-05T10:16:22+09:00,9286.0,C_Varmail,1,1,1579884703744,385714039,157300433,1.4078161982587312,active_cumulative,/home/oy/iCAT/result/mixT-fixed50-tenhour-20261004/mixT-fixed50-rep1/control-series.txt
1791163012,2026-10-05T10:16:52+09:00,9316.0,C_Varmail,1,1,1600450719744,390735039,160579681,1.4109682136799613,active_cumulative,/home/oy/iCAT/result/mixT-fixed50-tenhour-20261004/mixT-fixed50-rep1/control-series.txt
1791163042,2026-10-05T10:17:22+09:00,9346.0,C_Varmail,1,1,1618333372416,395100921,163428112,1.4136363731736277,active_cumulative,/home/oy/iCAT/result/mixT-fixed50-tenhour-20261004/mixT-fixed50-rep1/control-series.txt
1791163072,2026-10-05T10:17:52+09:00,9376.0,C_Varmail,1,1,1638696067072,400072282,166661509,1.4165784946831184,active_cumulative,/home/oy/iCAT/result/mixT-fixed50-tenhour-20261004/mixT-fixed50-rep1/control-series.txt
1791163102,2026-10-05T10:18:22+09:00,9406.0,C_Varmail,1,1,1659211268096,405080876,169946284,1.4195366754366354,active_cumulative,/home/oy/iCAT/result/mixT-fixed50-tenhour-20261004/mixT-fixed50-rep1/control-series.txt
1791163132,2026-10-05T10:18:52+09:00,9436.0,C_Varmail,1,1,1679720759296,410088076,173241750,1.4224501031334547,active_cumulative,/home/oy/iCAT/result/mixT-fixed50-tenhour-20261004/mixT-fixed50-rep1/control-series.txt
1791163162,2026-10-05T10:19:22+09:00,9466.0,C_Varmail,1,1,1700281741312,415107847,176518288,1.4252347655572022,active_cumulative,/home/oy/iCAT/result/mixT-fixed50-tenhour-20261004/mixT-fixed50-rep1/control-series.txt
1791163192,2026-10-05T10:19:52+09:00,9496.0,C_Varmail,1,1,1720840445952,420127062,179817721,1.4280079463198208,active_cumulative,/home/oy/iCAT/result/mixT-fixed50-tenhour-20261004/mixT-fixed50-rep1/control-series.txt
1791163222,2026-10-05T10:20:22+09:00,9526.0,C_Varmail,1,1,1741370302464,425139234,183094725,1.4306700260931458,active_cumulative,/home/oy/iCAT/result/mixT-fixed50-tenhour-20261004/mixT-fixed50-rep1/control-series.txt
1791163252,2026-10-05T10:20:52+09:00,9556.0,C_Varmail,1,1,1761959907328,430165993,186377595,1.4332690125042031,active_cumulative,/home/oy/iCAT/result/mixT-fixed50-tenhour-20261004/mixT-fixed50-rep1/control-series.txt
1791163282,2026-10-05T10:21:22+09:00,9586.0,C_Varmail,1,1,1782555123712,435194122,189660597,1.4358068903329535,active_cumulative,/home/oy/iCAT/result/mixT-fixed50-tenhour-20261004/mixT-fixed50-rep1/control-series.txt
1791163312,2026-10-05T10:21:52+09:00,9616.0,C_Varmail,1,1,1803095244800,440208800,192952753,1.4383209808618092,active_cumulative,/home/oy/iCAT/result/mixT-fixed50-tenhour-20261004/mixT-fixed50-rep1/control-series.txt
1791163342,2026-10-05T10:22:22+09:00,9646.0,C_Varmail,1,1,1823647715328,445226493,196248130,1.4407826872063518,active_cumulative,/home/oy/iCAT/result/mixT-fixed50-tenhour-20261004/mixT-fixed50-rep1/control-series.txt
1791163372,2026-10-05T10:22:52+09:00,9676.0,C_Varmail,1,1,1844174405632,450237892,199528157,1.443161627542446,active_cumulative,/home/oy/iCAT/result/mixT-fixed50-tenhour-20261004/mixT-fixed50-rep1/control-series.txt
1791163402,2026-10-05T10:23:22+09:00,9706.0,C_Varmail,1,1,1864758173696,455263226,202827878,1.4455178156647337,active_cumulative,/home/oy/iCAT/result/mixT-fixed50-tenhour-20261004/mixT-fixed50-rep1/control-series.txt
1791163432,2026-10-05T10:23:52+09:00,9736.0,C_Varmail,1,1,1885334482944,460286739,206124262,1.4478170769112686,active_cumulative,/home/oy/iCAT/result/mixT-fixed50-tenhour-20261004/mixT-fixed50-rep1/control-series.txt
1791163462,2026-10-05T10:24:22+09:00,9766.0,C_Varmail,1,1,1905889300480,465305005,209402596,1.4500329756822623,active_cumulative,/home/oy/iCAT/result/mixT-fixed50-tenhour-20261004/mixT-fixed50-rep1/control-series.txt
1791163492,2026-10-05T10:24:52+09:00,9796.0,C_Varmail,1,1,1926449803264,470324659,212697223,1.4522348954703648,active_cumulative,/home/oy/iCAT/result/mixT-fixed50-tenhour-20261004/mixT-fixed50-rep1/control-series.txt
1791163522,2026-10-05T10:25:22+09:00,9826.0,C_Varmail,1,1,1947057487872,475355832,215990250,1.4543759336900277,active_cumulative,/home/oy/iCAT/result/mixT-fixed50-tenhour-20261004/mixT-fixed50-rep1/control-series.txt
1791163552,2026-10-05T10:25:52+09:00,9856.0,C_Varmail,1,1,1967612256256,480374086,219275013,1.4564671979412311,active_cumulative,/home/oy/iCAT/result/mixT-fixed50-tenhour-20261004/mixT-fixed50-rep1/control-series.txt
1791163582,2026-10-05T10:26:22+09:00,9886.0,C_Varmail,1,1,1988168368128,485392668,222565278,1.4585262462184534,active_cumulative,/home/oy/iCAT/result/mixT-fixed50-tenhour-20261004/mixT-fixed50-rep1/control-series.txt
1791163612,2026-10-05T10:26:52+09:00,9916.0,C_Varmail,1,1,2008699879424,490405244,225847013,1.4605313988037207,active_cumulative,/home/oy/iCAT/result/mixT-fixed50-tenhour-20261004/mixT-fixed50-rep1/control-series.txt
1791163642,2026-10-05T10:27:22+09:00,9946.0,C_Varmail,1,1,2029272092672,495427757,229126183,1.4624815218013714,active_cumulative,/home/oy/iCAT/result/mixT-fixed50-tenhour-20261004/mixT-fixed50-rep1/control-series.txt
1791163672,2026-10-05T10:27:52+09:00,9976.0,C_Varmail,1,1,2049846726656,500450861,232423377,1.4644279690828625,active_cumulative,/home/oy/iCAT/result/mixT-fixed50-tenhour-20261004/mixT-fixed50-rep1/control-series.txt
1791163702,2026-10-05T10:28:22+09:00,10006.0,C_Varmail,1,1,2070361284608,505459298,235710683,1.4663297003985472,active_cumulative,/home/oy/iCAT/result/mixT-fixed50-tenhour-20261004/mixT-fixed50-rep1/control-series.txt
1791163732,2026-10-05T10:28:52+09:00,10036.0,C_Varmail,1,1,2090859892736,510463841,238977138,1.4681568385565629,active_cumulative,/home/oy/iCAT/result/mixT-fixed50-tenhour-20261004/mixT-fixed50-rep1/control-series.txt
1791163762,2026-10-05T10:29:22+09:00,10066.0,C_Varmail,1,1,2111442915328,515488993,242260826,1.4699631404156868,active_cumulative,/home/oy/iCAT/result/mixT-fixed50-tenhour-20261004/mixT-fixed50-rep1/control-series.txt
1791163792,2026-10-05T10:29:52+09:00,10096.0,C_Varmail,1,1,2131956994048,520497313,245541013,1.4717430942818335,active_cumulative,/home/oy/iCAT/result/mixT-fixed50-tenhour-20261004/mixT-fixed50-rep1/control-series.txt
1791163822,2026-10-05T10:30:22+09:00,10126.0,C_Varmail,1,1,2152459538432,525502817,248819202,1.4734878557273272,active_cumulative,/home/oy/iCAT/result/mixT-fixed50-tenhour-20261004/mixT-fixed50-rep1/control-series.txt
1791163852,2026-10-05T10:30:52+09:00,10156.0,C_Varmail,1,1,2172976508928,530511843,252103981,1.4752089596612454,active_cumulative,/home/oy/iCAT/result/mixT-fixed50-tenhour-20261004/mixT-fixed50-rep1/control-series.txt
1791163882,2026-10-05T10:31:22+09:00,10186.0,C_Varmail,1,1,2193494315008,535521073,255369670,1.4768620375093997,active_cumulative,/home/oy/iCAT/result/mixT-fixed50-tenhour-20261004/mixT-fixed50-rep1/control-series.txt
1791163912,2026-10-05T10:31:52+09:00,10216.0,C_Varmail,1,1,2214001696768,540527758,258662398,1.4785367525935644,active_cumulative,/home/oy/iCAT/result/mixT-fixed50-tenhour-20261004/mixT-fixed50-rep1/control-series.txt
1791163942,2026-10-05T10:32:22+09:00,10246.0,C_Varmail,1,1,2234587738112,545553647,261953722,1.4801612516761344,active_cumulative,/home/oy/iCAT/result/mixT-fixed50-tenhour-20261004/mixT-fixed50-rep1/control-series.txt
1791163972,2026-10-05T10:32:52+09:00,10276.0,C_Varmail,1,1,2255119781888,550566353,265230459,1.481741133570507,active_cumulative,/home/oy/iCAT/result/mixT-fixed50-tenhour-20261004/mixT-fixed50-rep1/control-series.txt
1791164002,2026-10-05T10:33:22+09:00,10306.0,C_Varmail,1,1,2275713740800,555594175,268517504,1.4832979107457345,active_cumulative,/home/oy/iCAT/result/mixT-fixed50-tenhour-20261004/mixT-fixed50-rep1/control-series.txt
1791164032,2026-10-05T10:33:52+09:00,10336.0,C_Varmail,1,1,2296260001792,560610352,271811281,1.48484884381871,active_cumulative,/home/oy/iCAT/result/mixT-fixed50-tenhour-20261004/mixT-fixed50-rep1/control-series.txt
1791164062,2026-10-05T10:34:22+09:00,10366.0,C_Varmail,1,1,2316762857472,565615932,275099748,1.486371992788916,active_cumulative,/home/oy/iCAT/result/mixT-fixed50-tenhour-20261004/mixT-fixed50-rep1/control-series.txt
1791164092,2026-10-05T10:34:52+09:00,10396.0,C_Varmail,1,1,2337251516416,570618046,278378304,1.487854013646109,active_cumulative,/home/oy/iCAT/result/mixT-fixed50-tenhour-20261004/mixT-fixed50-rep1/control-series.txt
1791164122,2026-10-05T10:35:22+09:00,10426.0,C_Varmail,1,1,2357836144640,575643590,281660186,1.489296138952924,active_cumulative,/home/oy/iCAT/result/mixT-fixed50-tenhour-20261004/mixT-fixed50-rep1/control-series.txt
1791164152,2026-10-05T10:35:52+09:00,10456.0,C_Varmail,1,1,2378357227520,580653620,284949551,1.4907392999633757,active_cumulative,/home/oy/iCAT/result/mixT-fixed50-tenhour-20261004/mixT-fixed50-rep1/control-series.txt
1791164182,2026-10-05T10:36:22+09:00,10486.0,C_Varmail,1,1,2398876045312,585663097,288235512,1.4921524225727338,active_cumulative,/home/oy/iCAT/result/mixT-fixed50-tenhour-20261004/mixT-fixed50-rep1/control-series.txt
1791164212,2026-10-05T10:36:52+09:00,10516.0,C_Varmail,1,1,2419422121984,590679229,291515701,1.4935262434968744,active_cumulative,/home/oy/iCAT/result/mixT-fixed50-tenhour-20261004/mixT-fixed50-rep1/control-series.txt
1791164242,2026-10-05T10:37:22+09:00,10546.0,C_Varmail,1,1,2439930560512,595686172,294796163,1.494885019758357,active_cumulative,/home/oy/iCAT/result/mixT-fixed50-tenhour-20261004/mixT-fixed50-rep1/control-series.txt
1791164272,2026-10-05T10:37:52+09:00,10576.0,C_Varmail,1,1,2460445704192,600694752,298078380,1.4962227137952422,active_cumulative,/home/oy/iCAT/result/mixT-fixed50-tenhour-20261004/mixT-fixed50-rep1/control-series.txt
1791164302,2026-10-05T10:38:22+09:00,10606.0,C_Varmail,1,1,2480965988352,605704587,301367220,1.4975481884537882,active_cumulative,/home/oy/iCAT/result/mixT-fixed50-tenhour-20261004/mixT-fixed50-rep1/control-series.txt
1791164332,2026-10-05T10:38:52+09:00,10636.0,C_Varmail,1,1,2501504081920,610718770,304659409,1.4988538488836687,active_cumulative,/home/oy/iCAT/result/mixT-fixed50-tenhour-20261004/mixT-fixed50-rep1/control-series.txt
1791164362,2026-10-05T10:39:22+09:00,10666.0,C_Varmail,1,1,2522058293248,615736888,307949894,1.5001322805269384,active_cumulative,/home/oy/iCAT/result/mixT-fixed50-tenhour-20261004/mixT-fixed50-rep1/control-series.txt
1791164392,2026-10-05T10:39:52+09:00,10696.0,C_Varmail,1,1,2542588014592,620749027,311222547,1.5013661455163265,active_cumulative,/home/oy/iCAT/result/mixT-fixed50-tenhour-20261004/mixT-fixed50-rep1/control-series.txt
1791164422,2026-10-05T10:40:22+09:00,10726.0,C_Varmail,1,1,2563087433728,625753768,314515548,1.5026187041673555,active_cumulative,/home/oy/iCAT/result/mixT-fixed50-tenhour-20261004/mixT-fixed50-rep1/control-series.txt
1791164452,2026-10-05T10:40:52+09:00,10756.0,C_Varmail,1,1,2583687204864,630783009,317798799,1.5038163591372196,active_cumulative,/home/oy/iCAT/result/mixT-fixed50-tenhour-20261004/mixT-fixed50-rep1/control-series.txt
1791164482,2026-10-05T10:41:22+09:00,10786.0,C_Varmail,1,1,2604245008384,635802004,321096450,1.5050258539292054,active_cumulative,/home/oy/iCAT/result/mixT-fixed50-tenhour-20261004/mixT-fixed50-rep1/control-series.txt
1791164512,2026-10-05T10:41:52+09:00,10816.0,C_Varmail,1,1,2624795852800,640819300,324379470,1.5061949132930297,active_cumulative,/home/oy/iCAT/result/mixT-fixed50-tenhour-20261004/mixT-fixed50-rep1/control-series.txt
1791164542,2026-10-05T10:42:22+09:00,10846.0,C_Varmail,1,1,2645298102272,645824732,327657589,1.5073475399204748,active_cumulative,/home/oy/iCAT/result/mixT-fixed50-tenhour-20261004/mixT-fixed50-rep1/control-series.txt
1791164572,2026-10-05T10:42:52+09:00,10876.0,C_Varmail,1,1,2665826222080,650836480,330936127,1.508478146461612,active_cumulative,/home/oy/iCAT/result/mixT-fixed50-tenhour-20261004/mixT-fixed50-rep1/control-series.txt
1791164602,2026-10-05T10:43:22+09:00,10906.0,C_Varmail,1,1,2686349099008,655846948,334218523,1.5095983506810495,active_cumulative,/home/oy/iCAT/result/mixT-fixed50-tenhour-20261004/mixT-fixed50-rep1/control-series.txt
1791164632,2026-10-05T10:43:52+09:00,10936.0,C_Varmail,1,1,2706862997504,660855224,337498250,1.5106992238893158,active_cumulative,/home/oy/iCAT/result/mixT-fixed50-tenhour-20261004/mixT-fixed50-rep1/control-series.txt
1791164662,2026-10-05T10:44:22+09:00,10966.0,C_Varmail,1,1,2727391027200,665866950,340778452,1.5117815984109138,active_cumulative,/home/oy/iCAT/result/mixT-fixed50-tenhour-20261004/mixT-fixed50-rep1/control-series.txt
1791164692,2026-10-05T10:44:52+09:00,10996.0,C_Varmail,1,1,2747913228288,670877253,344060208,1.5128512055841012,active_cumulative,/home/oy/iCAT/result/mixT-fixed50-tenhour-20261004/mixT-fixed50-rep1/control-series.txt
1791164722,2026-10-05T10:45:22+09:00,11026.0,C_Varmail,1,1,2768466612224,675895169,347335509,1.5138896162165052,active_cumulative,/home/oy/iCAT/result/mixT-fixed50-tenhour-20261004/mixT-fixed50-rep1/control-series.txt
1791164752,2026-10-05T10:45:52+09:00,11056.0,C_Varmail,1,1,2788975230976,680902156,350624439,1.5149410027716228,active_cumulative,/home/oy/iCAT/result/mixT-fixed50-tenhour-20261004/mixT-fixed50-rep1/control-series.txt
1791164782,2026-10-05T10:46:22+09:00,11086.0,C_Varmail,1,1,2809502720000,685913750,353921951,1.5159860857141294,active_cumulative,/home/oy/iCAT/result/mixT-fixed50-tenhour-20261004/mixT-fixed50-rep1/control-series.txt
1791164812,2026-10-05T10:46:52+09:00,11116.0,C_Varmail,1,1,2830063927296,690933576,357196027,1.5169759285225415,active_cumulative,/home/oy/iCAT/result/mixT-fixed50-tenhour-20261004/mixT-fixed50-rep1/control-series.txt
1791164842,2026-10-05T10:47:22+09:00,11146.0,C_Varmail,1,1,2850638462976,695956656,360471307,1.5179508003728324,active_cumulative,/home/oy/iCAT/result/mixT-fixed50-tenhour-20261004/mixT-fixed50-rep1/control-series.txt
1791164872,2026-10-05T10:47:52+09:00,11176.0,C_Varmail,1,1,2871198687232,700976242,363758670,1.5189315246435984,active_cumulative,/home/oy/iCAT/result/mixT-fixed50-tenhour-20261004/mixT-fixed50-rep1/control-series.txt
1791164903,2026-10-05T10:48:23+09:00,11207.0,C_Varmail,1,1,2891727958016,705988271,367053640,1.5199146431711754,active_cumulative,/home/oy/iCAT/result/mixT-fixed50-tenhour-20261004/mixT-fixed50-rep1/control-series.txt
1791164933,2026-10-05T10:48:53+09:00,11237.0,C_Varmail,1,1,2912240885760,710996310,370326043,1.520855084325262,active_cumulative,/home/oy/iCAT/result/mixT-fixed50-tenhour-20261004/mixT-fixed50-rep1/control-series.txt
1791164963,2026-10-05T10:49:23+09:00,11267.0,C_Varmail,1,1,2932753059840,716004165,373604183,1.5217905164001384,active_cumulative,/home/oy/iCAT/result/mixT-fixed50-tenhour-20261004/mixT-fixed50-rep1/control-series.txt
1791164993,2026-10-05T10:49:53+09:00,11297.0,C_Varmail,1,1,2953272254464,721013734,376889763,1.522722030423903,active_cumulative,/home/oy/iCAT/result/mixT-fixed50-tenhour-20261004/mixT-fixed50-rep1/control-series.txt
1791165023,2026-10-05T10:50:23+09:00,11327.0,C_Varmail,1,1,2973819785216,726030221,380171627,1.523630581763345,active_cumulative,/home/oy/iCAT/result/mixT-fixed50-tenhour-20261004/mixT-fixed50-rep1/control-series.txt
1791165053,2026-10-05T10:50:53+09:00,11357.0,C_Varmail,1,1,2994375213056,731048636,383451855,1.5245230428143497,active_cumulative,/home/oy/iCAT/result/mixT-fixed50-tenhour-20261004/mixT-fixed50-rep1/control-series.txt
1791165083,2026-10-05T10:51:23+09:00,11387.0,C_Varmail,1,1,3014940344320,736069420,386737680,1.5254092474049528,active_cumulative,/home/oy/iCAT/result/mixT-fixed50-tenhour-20261004/mixT-fixed50-rep1/control-series.txt
1791165113,2026-10-05T10:51:53+09:00,11417.0,C_Varmail,1,1,3035483025408,741084723,390025145,1.5262895494878526,active_cumulative,/home/oy/iCAT/result/mixT-fixed50-tenhour-20261004/mixT-fixed50-rep1/control-series.txt
1791165143,2026-10-05T10:52:23+09:00,11447.0,C_Varmail,1,1,3056011845632,746096642,393301210,1.5271451282044506,active_cumulative,/home/oy/iCAT/result/mixT-fixed50-tenhour-20261004/mixT-fixed50-rep1/control-series.txt
1791165173,2026-10-05T10:52:53+09:00,11477.0,C_Varmail,1,1,3076533338112,751106772,396589573,1.5280069196340569,active_cumulative,/home/oy/iCAT/result/mixT-fixed50-tenhour-20261004/mixT-fixed50-rep1/control-series.txt
1791165203,2026-10-05T10:53:23+09:00,11507.0,C_Varmail,1,1,3097064480768,756119258,399876876,1.5288542406097532,active_cumulative,/home/oy/iCAT/result/mixT-fixed50-tenhour-20261004/mixT-fixed50-rep1/control-series.txt
1791165233,2026-10-05T10:53:53+09:00,11537.0,C_Varmail,1,1,3117616283648,761136788,403152866,1.529672027887844,active_cumulative,/home/oy/iCAT/result/mixT-fixed50-tenhour-20261004/mixT-fixed50-rep1/control-series.txt
1791165263,2026-10-05T10:54:23+09:00,11567.0,C_Varmail,1,1,3138156941312,766151597,406431068,1.530483874981729,active_cumulative,/home/oy/iCAT/result/mixT-fixed50-tenhour-20261004/mixT-fixed50-rep1/control-series.txt
1791165293,2026-10-05T10:54:53+09:00,11597.0,C_Varmail,1,1,3158686715904,771163749,409717284,1.5312973859719126,active_cumulative,/home/oy/iCAT/result/mixT-fixed50-tenhour-20261004/mixT-fixed50-rep1/control-series.txt
1791165323,2026-10-05T10:55:23+09:00,11627.0,C_Varmail,1,1,3179214045184,776175304,412996262,1.5320914745311196,active_cumulative,/home/oy/iCAT/result/mixT-fixed50-tenhour-20261004/mixT-fixed50-rep1/control-series.txt
1791165353,2026-10-05T10:55:53+09:00,11657.0,C_Varmail,1,1,3199769939968,781193833,416287189,1.5328859130919432,active_cumulative,/home/oy/iCAT/result/mixT-fixed50-tenhour-20261004/mixT-fixed50-rep1/control-series.txt
1791165383,2026-10-05T10:56:23+09:00,11687.0,C_Varmail,1,1,3220303826944,786206989,419565007,1.533657182994083,active_cumulative,/home/oy/iCAT/result/mixT-fixed50-tenhour-20261004/mixT-fixed50-rep1/control-series.txt
1791165413,2026-10-05T10:56:53+09:00,11717.0,C_Varmail,1,1,3240797679616,791210371,422862309,1.5344499067492632,active_cumulative,/home/oy/iCAT/result/mixT-fixed50-tenhour-20261004/mixT-fixed50-rep1/control-series.txt
1791165443,2026-10-05T10:57:23+09:00,11747.0,C_Varmail,1,1,3261332914176,796223856,426132872,1.535192293962114,active_cumulative,/home/oy/iCAT/result/mixT-fixed50-tenhour-20261004/mixT-fixed50-rep1/control-series.txt
1791165473,2026-10-05T10:57:53+09:00,11777.0,C_Varmail,1,1,3281895522304,801244024,429404780,1.535922599280441,active_cumulative,/home/oy/iCAT/result/mixT-fixed50-tenhour-20261004/mixT-fixed50-rep1/control-series.txt
1791165503,2026-10-05T10:58:23+09:00,11807.0,C_Varmail,1,1,3302413361152,806253262,432677962,1.5366526653507047,active_cumulative,/home/oy/iCAT/result/mixT-fixed50-tenhour-20261004/mixT-fixed50-rep1/control-series.txt
1791165533,2026-10-05T10:58:53+09:00,11837.0,C_Varmail,1,1,3322913075200,811258075,435954943,1.5373813296095697,active_cumulative,/home/oy/iCAT/result/mixT-fixed50-tenhour-20261004/mixT-fixed50-rep1/control-series.txt
1791165563,2026-10-05T10:59:23+09:00,11867.0,C_Varmail,1,1,3343415709696,816263601,439240405,1.538110978441142,active_cumulative,/home/oy/iCAT/result/mixT-fixed50-tenhour-20261004/mixT-fixed50-rep1/control-series.txt
1791165593,2026-10-05T10:59:53+09:00,11897.0,C_Varmail,1,1,3363991072768,821286883,442519233,1.5388120060843589,active_cumulative,/home/oy/iCAT/result/mixT-fixed50-tenhour-20261004/mixT-fixed50-rep1/control-series.txt
1791165623,2026-10-05T11:00:23+09:00,11927.0,C_Varmail,1,1,3384553107456,826306911,445808521,1.5395192936973996,active_cumulative,/home/oy/iCAT/result/mixT-fixed50-tenhour-20261004/mixT-fixed50-rep1/control-series.txt
1791165653,2026-10-05T11:00:53+09:00,11957.0,C_Varmail,1,1,3405112950784,831326404,449091831,1.5402111960346203,active_cumulative,/home/oy/iCAT/result/mixT-fixed50-tenhour-20261004/mixT-fixed50-rep1/control-series.txt
1791165683,2026-10-05T11:01:23+09:00,11987.0,C_Varmail,1,1,3425693339648,836350913,452371017,1.5408866182465686,active_cumulative,/home/oy/iCAT/result/mixT-fixed50-tenhour-20261004/mixT-fixed50-rep1/control-series.txt
1791165713,2026-10-05T11:01:53+09:00,12017.0,C_Varmail,1,1,3446230036480,841364755,455662055,1.541574926085417,active_cumulative,/home/oy/iCAT/result/mixT-fixed50-tenhour-20261004/mixT-fixed50-rep1/control-series.txt
1791165743,2026-10-05T11:02:23+09:00,12047.0,D_YCSB-A,1,1,3458344460288,844322378,457591386,1.5419628780702528,active_cumulative,/home/oy/iCAT/result/mixT-fixed50-tenhour-20261004/mixT-fixed50-rep1/control-series.txt
1791165773,2026-10-05T11:02:53+09:00,12077.0,D_YCSB-A,1,1,3458759208960,844423635,457667755,1.5419883291163445,active_cumulative,/home/oy/iCAT/result/mixT-fixed50-tenhour-20261004/mixT-fixed50-rep1/control-series.txt
1791165803,2026-10-05T11:03:23+09:00,12107.0,D_YCSB-A,1,1,3459194966016,844530021,457670903,1.541923782008455,active_cumulative,/home/oy/iCAT/result/mixT-fixed50-tenhour-20261004/mixT-fixed50-rep1/control-series.txt
1791165833,2026-10-05T11:03:53+09:00,12137.0,D_YCSB-A,1,1,3459632087040,844636740,457671253,1.5418557248646323,active_cumulative,/home/oy/iCAT/result/mixT-fixed50-tenhour-20261004/mixT-fixed50-rep1/control-series.txt
1791165863,2026-10-05T11:04:23+09:00,12167.0,D_YCSB-A,1,1,3460067524608,844743048,457671410,1.5417877200452557,active_cumulative,/home/oy/iCAT/result/mixT-fixed50-tenhour-20261004/mixT-fixed50-rep1/control-series.txt
1791165893,2026-10-05T11:04:53+09:00,12197.0,D_YCSB-A,1,1,3460502839296,844849326,457671412,1.541719568111486,active_cumulative,/home/oy/iCAT/result/mixT-fixed50-tenhour-20261004/mixT-fixed50-rep1/control-series.txt
1791165923,2026-10-05T11:05:23+09:00,12227.0,D_YCSB-A,1,1,3460940464128,844956168,457671479,1.5416511487019524,active_cumulative,/home/oy/iCAT/result/mixT-fixed50-tenhour-20261004/mixT-fixed50-rep1/control-series.txt
1791165953,2026-10-05T11:05:53+09:00,12257.0,D_YCSB-A,1,1,3461371715584,845061454,457671513,1.5415837047514889,active_cumulative,/home/oy/iCAT/result/mixT-fixed50-tenhour-20261004/mixT-fixed50-rep1/control-series.txt
1791165983,2026-10-05T11:06:23+09:00,12287.0,D_YCSB-A,1,1,3461808492544,845168089,457671527,1.541515389609084,active_cumulative,/home/oy/iCAT/result/mixT-fixed50-tenhour-20261004/mixT-fixed50-rep1/control-series.txt
1791166013,2026-10-05T11:06:53+09:00,12317.0,D_YCSB-A,1,1,3461935640576,845199131,457671570,1.5414955520109261,active_cumulative,/home/oy/iCAT/result/mixT-fixed50-tenhour-20261004/mixT-fixed50-rep1/control-series.txt
1791166043,2026-10-05T11:07:23+09:00,12347.0,D_YCSB-A,1,1,3462244442112,845274522,457671570,1.5414472554042034,active_cumulative,/home/oy/iCAT/result/mixT-fixed50-tenhour-20261004/mixT-fixed50-rep1/control-series.txt
1791166073,2026-10-05T11:07:53+09:00,12377.0,D_YCSB-A,1,1,3462656737280,845375180,457671579,1.5413827964525764,active_cumulative,/home/oy/iCAT/result/mixT-fixed50-tenhour-20261004/mixT-fixed50-rep1/control-series.txt
1791166103,2026-10-05T11:08:23+09:00,12407.0,D_YCSB-A,1,1,3463101300736,845483716,457672324,1.5413141794915421,active_cumulative,/home/oy/iCAT/result/mixT-fixed50-tenhour-20261004/mixT-fixed50-rep1/control-series.txt
1791166133,2026-10-05T11:08:53+09:00,12437.0,D_YCSB-A,1,1,3463530983424,845588619,457672464,1.541247190083101,active_cumulative,/home/oy/iCAT/result/mixT-fixed50-tenhour-20261004/mixT-fixed50-rep1/control-series.txt
1791166163,2026-10-05T11:09:23+09:00,12467.0,D_YCSB-A,1,1,3463964135424,845694369,457672464,1.5411795097337344,active_cumulative,/home/oy/iCAT/result/mixT-fixed50-tenhour-20261004/mixT-fixed50-rep1/control-series.txt
1791166193,2026-10-05T11:09:53+09:00,12497.0,D_YCSB-A,1,1,3464406364160,845802335,457672484,1.5411104522429582,active_cumulative,/home/oy/iCAT/result/mixT-fixed50-tenhour-20261004/mixT-fixed50-rep1/control-series.txt
1791166223,2026-10-05T11:10:23+09:00,12527.0,D_YCSB-A,1,1,3464820727808,845903498,457672496,1.5410457541340017,active_cumulative,/home/oy/iCAT/result/mixT-fixed50-tenhour-20261004/mixT-fixed50-rep1/control-series.txt
1791166253,2026-10-05T11:10:53+09:00,12557.0,D_YCSB-A,1,1,3465259761664,846010684,457672496,1.5409772059096123,active_cumulative,/home/oy/iCAT/result/mixT-fixed50-tenhour-20261004/mixT-fixed50-rep1/control-series.txt
1791166283,2026-10-05T11:11:23+09:00,12587.0,D_YCSB-A,1,1,3465699287040,846117990,457672505,1.5409086089754456,active_cumulative,/home/oy/iCAT/result/mixT-fixed50-tenhour-20261004/mixT-fixed50-rep1/control-series.txt
1791166313,2026-10-05T11:11:53+09:00,12617.0,D_YCSB-A,1,1,3466133770240,846224065,457672516,1.5408408185602709,active_cumulative,/home/oy/iCAT/result/mixT-fixed50-tenhour-20261004/mixT-fixed50-rep1/control-series.txt
1791166343,2026-10-05T11:12:23+09:00,12647.0,D_YCSB-A,1,1,3466572283904,846331124,457672518,1.5407724057658547,active_cumulative,/home/oy/iCAT/result/mixT-fixed50-tenhour-20261004/mixT-fixed50-rep1/control-series.txt
1791166373,2026-10-05T11:12:53+09:00,12677.0,D_YCSB-A,1,1,3467005915136,846436991,457672555,1.5407048130768661,active_cumulative,/home/oy/iCAT/result/mixT-fixed50-tenhour-20261004/mixT-fixed50-rep1/control-series.txt
1791166403,2026-10-05T11:13:23+09:00,12707.0,D_YCSB-A,1,1,3467438784512,846542672,457672555,1.540637312374018,active_cumulative,/home/oy/iCAT/result/mixT-fixed50-tenhour-20261004/mixT-fixed50-rep1/control-series.txt
1791166433,2026-10-05T11:13:53+09:00,12737.0,D_YCSB-A,1,1,3467880595456,846650536,457672652,1.540568549288676,active_cumulative,/home/oy/iCAT/result/mixT-fixed50-tenhour-20261004/mixT-fixed50-rep1/control-series.txt
1791166463,2026-10-05T11:14:23+09:00,12767.0,D_YCSB-A,1,1,3468303286272,846753732,457672667,1.540502686559166,active_cumulative,/home/oy/iCAT/result/mixT-fixed50-tenhour-20261004/mixT-fixed50-rep1/control-series.txt
1791166493,2026-10-05T11:14:53+09:00,12797.0,D_YCSB-A,1,1,3468741304320,846860670,457672667,1.540434434155503,active_cumulative,/home/oy/iCAT/result/mixT-fixed50-tenhour-20261004/mixT-fixed50-rep1/control-series.txt
1791166523,2026-10-05T11:15:23+09:00,12827.0,D_YCSB-A,1,1,3469177237504,846967099,457672667,1.5403665237296307,active_cumulative,/home/oy/iCAT/result/mixT-fixed50-tenhour-20261004/mixT-fixed50-rep1/control-series.txt
1791166553,2026-10-05T11:15:53+09:00,12857.0,D_YCSB-A,1,1,3469610348544,847072839,457672667,1.5402990698418557,active_cumulative,/home/oy/iCAT/result/mixT-fixed50-tenhour-20261004/mixT-fixed50-rep1/control-series.txt
1791166583,2026-10-05T11:16:23+09:00,12887.0,D_YCSB-A,1,1,3470335737856,847249936,457706998,1.540226653968139,active_cumulative,/home/oy/iCAT/result/mixT-fixed50-tenhour-20261004/mixT-fixed50-rep1/control-series.txt
1791166613,2026-10-05T11:16:53+09:00,12917.0,D_YCSB-A,1,1,3470768558080,847355605,457707012,1.5401593018317263,active_cumulative,/home/oy/iCAT/result/mixT-fixed50-tenhour-20261004/mixT-fixed50-rep1/control-series.txt
1791166643,2026-10-05T11:17:23+09:00,12947.0,D_YCSB-A,1,1,3471203987456,847461911,457707012,1.540091544008047,active_cumulative,/home/oy/iCAT/result/mixT-fixed50-tenhour-20261004/mixT-fixed50-rep1/control-series.txt
1791166673,2026-10-05T11:17:53+09:00,12977.0,D_YCSB-A,1,1,3471647326208,847570148,457707012,1.5400225728572972,active_cumulative,/home/oy/iCAT/result/mixT-fixed50-tenhour-20261004/mixT-fixed50-rep1/control-series.txt
1791166703,2026-10-05T11:18:23+09:00,13007.0,D_YCSB-A,1,1,3472059441152,847670762,457707012,1.5399584750570883,active_cumulative,/home/oy/iCAT/result/mixT-fixed50-tenhour-20261004/mixT-fixed50-rep1/control-series.txt
1791166733,2026-10-05T11:18:53+09:00,13037.0,D_YCSB-A,1,1,3472501108736,847778591,457707012,1.5398897977125257,active_cumulative,/home/oy/iCAT/result/mixT-fixed50-tenhour-20261004/mixT-fixed50-rep1/control-series.txt
1791166763,2026-10-05T11:19:23+09:00,13067.0,D_YCSB-A,1,1,3472942366720,847886320,457707012,1.539821201502579,active_cumulative,/home/oy/iCAT/result/mixT-fixed50-tenhour-20261004/mixT-fixed50-rep1/control-series.txt
1791166793,2026-10-05T11:19:53+09:00,13097.0,D_YCSB-A,1,1,3472942440448,847886338,457707012,1.539821190042574,active_cumulative,/home/oy/iCAT/result/mixT-fixed50-tenhour-20261004/mixT-fixed50-rep1/control-series.txt
1791166823,2026-10-05T11:20:23+09:00,13127.0,D_YCSB-A,1,1,3473380171776,847993206,457707012,1.5397531592959486,active_cumulative,/home/oy/iCAT/result/mixT-fixed50-tenhour-20261004/mixT-fixed50-rep1/control-series.txt
1791166853,2026-10-05T11:20:53+09:00,13157.0,D_YCSB-A,1,1,3473817542656,848099986,457707012,1.5396852016927165,active_cumulative,/home/oy/iCAT/result/mixT-fixed50-tenhour-20261004/mixT-fixed50-rep1/control-series.txt
1791166883,2026-10-05T11:21:23+09:00,13187.0,D_YCSB-A,1,1,3474244075520,848204120,457707012,1.5396189445531108,active_cumulative,/home/oy/iCAT/result/mixT-fixed50-tenhour-20261004/mixT-fixed50-rep1/control-series.txt
1791166913,2026-10-05T11:21:53+09:00,13217.0,D_YCSB-A,1,1,3474684547072,848311657,457707012,1.5395505392660187,active_cumulative,/home/oy/iCAT/result/mixT-fixed50-tenhour-20261004/mixT-fixed50-rep1/control-series.txt
1791166943,2026-10-05T11:22:23+09:00,13247.0,D_YCSB-A,1,1,3475120066560,848417985,457707012,1.5394829200844913,active_cumulative,/home/oy/iCAT/result/mixT-fixed50-tenhour-20261004/mixT-fixed50-rep1/control-series.txt
1791166973,2026-10-05T11:22:53+09:00,13277.0,D_YCSB-A,1,1,3475560001536,848525391,457707012,1.5394146325551736,active_cumulative,/home/oy/iCAT/result/mixT-fixed50-tenhour-20261004/mixT-fixed50-rep1/control-series.txt
1791167003,2026-10-05T11:23:23+09:00,13307.0,D_YCSB-A,1,1,3475995607040,848631740,457707012,1.5393470340857154,active_cumulative,/home/oy/iCAT/result/mixT-fixed50-tenhour-20261004/mixT-fixed50-rep1/control-series.txt
1791167033,2026-10-05T11:23:53+09:00,13337.0,D_YCSB-A,1,1,3476432281600,848738350,457707012,1.5392792867201064,active_cumulative,/home/oy/iCAT/result/mixT-fixed50-tenhour-20261004/mixT-fixed50-rep1/control-series.txt
1791167063,2026-10-05T11:24:23+09:00,13367.0,D_YCSB-A,1,1,3476873863168,848846158,457707012,1.5392107953677043,active_cumulative,/home/oy/iCAT/result/mixT-fixed50-tenhour-20261004/mixT-fixed50-rep1/control-series.txt
1791167093,2026-10-05T11:24:53+09:00,13397.0,D_YCSB-A,1,1,3477310115840,848952665,457707012,1.539143147633561,active_cumulative,/home/oy/iCAT/result/mixT-fixed50-tenhour-20261004/mixT-fixed50-rep1/control-series.txt
1791167123,2026-10-05T11:25:23+09:00,13427.0,D_YCSB-A,1,1,3477722439680,849053330,457707012,1.539079226036367,active_cumulative,/home/oy/iCAT/result/mixT-fixed50-tenhour-20261004/mixT-fixed50-rep1/control-series.txt
1791167154,2026-10-05T11:25:54+09:00,13458.0,D_YCSB-A,1,1,3478164123648,849161163,457707012,1.539010769619948,active_cumulative,/home/oy/iCAT/result/mixT-fixed50-tenhour-20261004/mixT-fixed50-rep1/control-series.txt
1791167184,2026-10-05T11:26:24+09:00,13488.0,D_YCSB-A,1,1,3478600368128,849267668,457707012,1.5389431733317793,active_cumulative,/home/oy/iCAT/result/mixT-fixed50-tenhour-20261004/mixT-fixed50-rep1/control-series.txt
1791167214,2026-10-05T11:26:54+09:00,13518.0,D_YCSB-A,1,1,3479038070784,849374529,457707012,1.538875368135745,active_cumulative,/home/oy/iCAT/result/mixT-fixed50-tenhour-20261004/mixT-fixed50-rep1/control-series.txt
1791167244,2026-10-05T11:27:24+09:00,13548.0,D_YCSB-A,1,1,3479474450432,849481067,457707012,1.5388077848708546,active_cumulative,/home/oy/iCAT/result/mixT-fixed50-tenhour-20261004/mixT-fixed50-rep1/control-series.txt
1791167274,2026-10-05T11:27:54+09:00,13578.0,D_YCSB-A,1,1,3479892996096,849583251,457707012,1.5387429795270293,active_cumulative,/home/oy/iCAT/result/mixT-fixed50-tenhour-20261004/mixT-fixed50-rep1/control-series.txt
1791167304,2026-10-05T11:28:24+09:00,13608.0,D_YCSB-A,1,1,3480335233024,849691219,457707012,1.5386745228915917,active_cumulative,/home/oy/iCAT/result/mixT-fixed50-tenhour-20261004/mixT-fixed50-rep1/control-series.txt
1791167334,2026-10-05T11:28:54+09:00,13638.0,D_YCSB-A,1,1,3480773935104,849798324,457707012,1.538606630624515,active_cumulative,/home/oy/iCAT/result/mixT-fixed50-tenhour-20261004/mixT-fixed50-rep1/control-series.txt
1791167364,2026-10-05T11:29:24+09:00,13668.0,D_YCSB-A,1,1,3481213579264,849905659,457707012,1.5385386097305656,active_cumulative,/home/oy/iCAT/result/mixT-fixed50-tenhour-20261004/mixT-fixed50-rep1/control-series.txt
1791167394,2026-10-05T11:29:54+09:00,13698.0,D_YCSB-A,1,1,3481649029120,850011970,457707012,1.5384712547048014,active_cumulative,/home/oy/iCAT/result/mixT-fixed50-tenhour-20261004/mixT-fixed50-rep1/control-series.txt
1791167424,2026-10-05T11:30:24+09:00,13728.0,D_YCSB-A,1,1,3482087178240,850118940,457707012,1.5384034991621292,active_cumulative,/home/oy/iCAT/result/mixT-fixed50-tenhour-20261004/mixT-fixed50-rep1/control-series.txt
1791167454,2026-10-05T11:30:54+09:00,13758.0,D_YCSB-A,1,1,3482522574848,850225238,457707012,1.5383361861577671,active_cumulative,/home/oy/iCAT/result/mixT-fixed50-tenhour-20261004/mixT-fixed50-rep1/control-series.txt
1791167484,2026-10-05T11:31:24+09:00,13788.0,D_YCSB-A,1,1,3482959425536,850331891,457707012,1.5382686652640198,active_cumulative,/home/oy/iCAT/result/mixT-fixed50-tenhour-20261004/mixT-fixed50-rep1/control-series.txt
1791167514,2026-10-05T11:31:54+09:00,13818.0,D_YCSB-A,1,1,3483371700224,850432544,457707012,1.5382049584405368,active_cumulative,/home/oy/iCAT/result/mixT-fixed50-tenhour-20261004/mixT-fixed50-rep1/control-series.txt
1791167544,2026-10-05T11:32:24+09:00,13848.0,D_YCSB-A,1,1,3483371773952,850432562,457707012,1.5382049470490524,active_cumulative,/home/oy/iCAT/result/mixT-fixed50-tenhour-20261004/mixT-fixed50-rep1/control-series.txt
1791167574,2026-10-05T11:32:54+09:00,13878.0,D_YCSB-A,1,1,3483808088064,850539084,457707012,1.5381375419545094,active_cumulative,/home/oy/iCAT/result/mixT-fixed50-tenhour-20261004/mixT-fixed50-rep1/control-series.txt
1791167604,2026-10-05T11:33:24+09:00,13908.0,D_YCSB-A,1,1,3484243836928,850645468,457707012,1.5380702410325426,active_cumulative,/home/oy/iCAT/result/mixT-fixed50-tenhour-20261004/mixT-fixed50-rep1/control-series.txt
1791167634,2026-10-05T11:33:54+09:00,13938.0,D_YCSB-A,1,1,3484678868992,850751677,457707012,1.5380030676095864,active_cumulative,/home/oy/iCAT/result/mixT-fixed50-tenhour-20261004/mixT-fixed50-rep1/control-series.txt
1791167664,2026-10-05T11:34:24+09:00,13968.0,D_YCSB-A,1,1,3485113114624,850857694,457707012,1.537936032344323,active_cumulative,/home/oy/iCAT/result/mixT-fixed50-tenhour-20261004/mixT-fixed50-rep1/control-series.txt
1791167694,2026-10-05T11:34:54+09:00,13998.0,D_YCSB-A,1,1,3485532205056,850960011,457707012,1.537871352453012,active_cumulative,/home/oy/iCAT/result/mixT-fixed50-tenhour-20261004/mixT-fixed50-rep1/control-series.txt
1791167724,2026-10-05T11:35:24+09:00,14028.0,D_YCSB-A,1,1,3485981556736,851069716,457707012,1.5378020194998925,active_cumulative,/home/oy/iCAT/result/mixT-fixed50-tenhour-20261004/mixT-fixed50-rep1/control-series.txt
1791167754,2026-10-05T11:35:54+09:00,14058.0,D_YCSB-A,1,1,3486415798272,851175732,457707012,1.5377350349551553,active_cumulative,/home/oy/iCAT/result/mixT-fixed50-tenhour-20261004/mixT-fixed50-rep1/control-series.txt
1791167784,2026-10-05T11:36:24+09:00,14088.0,D_YCSB-A,1,1,3486854119424,851282744,457707012,1.5376674380233883,active_cumulative,/home/oy/iCAT/result/mixT-fixed50-tenhour-20261004/mixT-fixed50-rep1/control-series.txt
1791167814,2026-10-05T11:36:54+09:00,14118.0,D_YCSB-A,1,1,3487292878848,851389863,457707012,1.5375997905204093,active_cumulative,/home/oy/iCAT/result/mixT-fixed50-tenhour-20261004/mixT-fixed50-rep1/control-series.txt
1791167844,2026-10-05T11:37:24+09:00,14148.0,D_YCSB-A,1,1,3487727996928,851496093,457707012,1.5375327212452636,active_cumulative,/home/oy/iCAT/result/mixT-fixed50-tenhour-20261004/mixT-fixed50-rep1/control-series.txt
1791167874,2026-10-05T11:37:54+09:00,14178.0,D_YCSB-A,1,1,3488163975168,851602533,457707012,1.5374655361669762,active_cumulative,/home/oy/iCAT/result/mixT-fixed50-tenhour-20261004/mixT-fixed50-rep1/control-series.txt
1791167904,2026-10-05T11:38:24+09:00,14208.0,D_YCSB-A,1,1,3488606265344,851710514,457707012,1.5373973955662592,active_cumulative,/home/oy/iCAT/result/mixT-fixed50-tenhour-20261004/mixT-fixed50-rep1/control-series.txt
1791167934,2026-10-05T11:38:54+09:00,14238.0,D_YCSB-A,1,1,3489022451712,851812122,457707012,1.5373332923759448,active_cumulative,/home/oy/iCAT/result/mixT-fixed50-tenhour-20261004/mixT-fixed50-rep1/control-series.txt
1791167964,2026-10-05T11:39:24+09:00,14268.0,D_YCSB-A,1,1,3489461477376,851919306,457707012,1.5372656879312463,active_cumulative,/home/oy/iCAT/result/mixT-fixed50-tenhour-20261004/mixT-fixed50-rep1/control-series.txt
1791167994,2026-10-05T11:39:54+09:00,14298.0,D_YCSB-A,1,1,3489900564480,852026505,457707012,1.5371980910382594,active_cumulative,/home/oy/iCAT/result/mixT-fixed50-tenhour-20261004/mixT-fixed50-rep1/control-series.txt
1791168024,2026-10-05T11:40:24+09:00,14328.0,D_YCSB-A,1,1,3490343276544,852134589,457707012,1.5371299533060028,active_cumulative,/home/oy/iCAT/result/mixT-fixed50-tenhour-20261004/mixT-fixed50-rep1/control-series.txt
1791168054,2026-10-05T11:40:54+09:00,14358.0,D_YCSB-A,1,1,3490784530432,852242317,457707012,1.5370620571989269,active_cumulative,/home/oy/iCAT/result/mixT-fixed50-tenhour-20261004/mixT-fixed50-rep1/control-series.txt
1791168084,2026-10-05T11:41:24+09:00,14388.0,D_YCSB-A,1,1,3491471175680,852409955,457713619,1.5369641876132243,active_cumulative,/home/oy/iCAT/result/mixT-fixed50-tenhour-20261004/mixT-fixed50-rep1/control-series.txt
1791168114,2026-10-05T11:41:54+09:00,14418.0,D_YCSB-A,1,1,3491913846784,852518029,457713645,1.5368961469787286,active_cumulative,/home/oy/iCAT/result/mixT-fixed50-tenhour-20261004/mixT-fixed50-rep1/control-series.txt
1791168144,2026-10-05T11:42:24+09:00,14448.0,D_YCSB-A,1,1,3492352405504,852625099,457713645,1.5368287252355446,active_cumulative,/home/oy/iCAT/result/mixT-fixed50-tenhour-20261004/mixT-fixed50-rep1/control-series.txt
1791168174,2026-10-05T11:42:54+09:00,14478.0,D_YCSB-A,1,1,3492764999680,852725830,457713645,1.5367653106039958,active_cumulative,/home/oy/iCAT/result/mixT-fixed50-tenhour-20261004/mixT-fixed50-rep1/control-series.txt
1791168204,2026-10-05T11:43:24+09:00,14508.0,D_YCSB-A,1,1,3493200896000,852832250,457713645,1.5366983307678619,active_cumulative,/home/oy/iCAT/result/mixT-fixed50-tenhour-20261004/mixT-fixed50-rep1/control-series.txt
1791168234,2026-10-05T11:43:54+09:00,14538.0,D_YCSB-A,1,1,3493639282688,852939278,457713645,1.536630985119201,active_cumulative,/home/oy/iCAT/result/mixT-fixed50-tenhour-20261004/mixT-fixed50-rep1/control-series.txt
1791168264,2026-10-05T11:44:24+09:00,14568.0,D_YCSB-A,1,1,3494081257472,853047182,457713645,1.536563105368772,active_cumulative,/home/oy/iCAT/result/mixT-fixed50-tenhour-20261004/mixT-fixed50-rep1/control-series.txt
1791168294,2026-10-05T11:44:54+09:00,14598.0,D_YCSB-A,1,1,3494516879360,853153535,457713645,1.5364962181162385,active_cumulative,/home/oy/iCAT/result/mixT-fixed50-tenhour-20261004/mixT-fixed50-rep1/control-series.txt
1791168324,2026-10-05T11:45:24+09:00,14628.0,D_YCSB-A,1,1,3494516953088,853153553,457713645,1.5364962067971368,active_cumulative,/home/oy/iCAT/result/mixT-fixed50-tenhour-20261004/mixT-fixed50-rep1/control-series.txt
1791168354,2026-10-05T11:45:54+09:00,14658.0,D_YCSB-A,1,1,3494931083264,853254659,457713645,1.5364326349374202,active_cumulative,/home/oy/iCAT/result/mixT-fixed50-tenhour-20261004/mixT-fixed50-rep1/control-series.txt
1791168384,2026-10-05T11:46:24+09:00,14688.0,D_YCSB-A,1,1,3495371620352,853362212,457713645,1.5363650259685977,active_cumulative,/home/oy/iCAT/result/mixT-fixed50-tenhour-20261004/mixT-fixed50-rep1/control-series.txt
1791168414,2026-10-05T11:46:54+09:00,14718.0,D_YCSB-A,1,1,3495807197184,853468554,457713645,1.5362981950006327,active_cumulative,/home/oy/iCAT/result/mixT-fixed50-tenhour-20261004/mixT-fixed50-rep1/control-series.txt
1791168444,2026-10-05T11:47:24+09:00,14748.0,D_YCSB-A,1,1,3496241688576,853574631,457713645,1.5362315471627461,active_cumulative,/home/oy/iCAT/result/mixT-fixed50-tenhour-20261004/mixT-fixed50-rep1/control-series.txt
1791168474,2026-10-05T11:47:54+09:00,14778.0,D_YCSB-A,1,1,3496685948928,853683093,457713645,1.5361634179628763,active_cumulative,/home/oy/iCAT/result/mixT-fixed50-tenhour-20261004/mixT-fixed50-rep1/control-series.txt
1791168504,2026-10-05T11:48:24+09:00,14808.0,D_YCSB-A,1,1,3497122160640,853789590,457713645,1.5360965398980797,active_cumulative,/home/oy/iCAT/result/mixT-fixed50-tenhour-20261004/mixT-fixed50-rep1/control-series.txt
1791168534,2026-10-05T11:48:54+09:00,14838.0,D_YCSB-A,1,1,3497557262336,853895816,457713645,1.5360298486343678,active_cumulative,/home/oy/iCAT/result/mixT-fixed50-tenhour-20261004/mixT-fixed50-rep1/control-series.txt
1791168564,2026-10-05T11:49:24+09:00,14868.0,D_YCSB-A,1,1,3497990500352,854001587,457713645,1.5359634595152105,active_cumulative,/home/oy/iCAT/result/mixT-fixed50-tenhour-20261004/mixT-fixed50-rep1/control-series.txt
1791168594,2026-10-05T11:49:54+09:00,14898.0,D_YCSB-A,1,1,3498413064192,854104752,457713645,1.535898721940374,active_cumulative,/home/oy/iCAT/result/mixT-fixed50-tenhour-20261004/mixT-fixed50-rep1/control-series.txt
1791168624,2026-10-05T11:50:24+09:00,14928.0,D_YCSB-A,1,1,3498853990400,854212400,457713645,1.535831187887228,active_cumulative,/home/oy/iCAT/result/mixT-fixed50-tenhour-20261004/mixT-fixed50-rep1/control-series.txt
1791168654,2026-10-05T11:50:54+09:00,14958.0,D_YCSB-A,1,1,3499294236672,854319882,457713645,1.535763774955667,active_cumulative,/home/oy/iCAT/result/mixT-fixed50-tenhour-20261004/mixT-fixed50-rep1/control-series.txt
1791168684,2026-10-05T11:51:24+09:00,14988.0,D_YCSB-A,1,1,3499737612288,854428128,457713645,1.5356958999832928,active_cumulative,/home/oy/iCAT/result/mixT-fixed50-tenhour-20261004/mixT-fixed50-rep1/control-series.txt
1791168714,2026-10-05T11:51:54+09:00,15018.0,D_YCSB-A,1,1,3500172902400,854534400,457713645,1.5356292795234459,active_cumulative,/home/oy/iCAT/result/mixT-fixed50-tenhour-20261004/mixT-fixed50-rep1/control-series.txt
1791168744,2026-10-05T11:52:24+09:00,15048.0,D_YCSB-A,1,1,3500585447424,854635119,457713645,1.535566155455402,active_cumulative,/home/oy/iCAT/result/mixT-fixed50-tenhour-20261004/mixT-fixed50-rep1/control-series.txt
1791168774,2026-10-05T11:52:54+09:00,15078.0,D_YCSB-A,1,1,3501023322112,854742022,457713645,1.5354991719361144,active_cumulative,/home/oy/iCAT/result/mixT-fixed50-tenhour-20261004/mixT-fixed50-rep1/control-series.txt
1791168804,2026-10-05T11:53:24+09:00,15108.0,D_YCSB-A,1,1,3501460250624,854848694,457713645,1.5354323498562894,active_cumulative,/home/oy/iCAT/result/mixT-fixed50-tenhour-20261004/mixT-fixed50-rep1/control-series.txt
1791168834,2026-10-05T11:53:54+09:00,15138.0,D_YCSB-A,1,1,3501899689984,854955979,457713645,1.535365160596181,active_cumulative,/home/oy/iCAT/result/mixT-fixed50-tenhour-20261004/mixT-fixed50-rep1/control-series.txt
1791168864,2026-10-05T11:54:24+09:00,15168.0,D_YCSB-A,,,,,,,inactive_or_zero,/home/oy/iCAT/result/mixT-fixed50-tenhour-20261004/mixT-fixed50-rep1/control-series.txt
1791168894,2026-10-05T11:54:54+09:00,15198.0,D_YCSB-A,1,1,3502768238592,855168027,457713645,1.535232411115389,active_cumulative,/home/oy/iCAT/result/mixT-fixed50-tenhour-20261004/mixT-fixed50-rep1/control-series.txt
1791168924,2026-10-05T11:55:24+09:00,15228.0,D_YCSB-A,1,1,3503206629376,855275056,457713645,1.535165432206876,active_cumulative,/home/oy/iCAT/result/mixT-fixed50-tenhour-20261004/mixT-fixed50-rep1/control-series.txt
1791168954,2026-10-05T11:55:54+09:00,15258.0,D_YCSB-A,1,1,3503639044096,855380626,457713645,1.5350993827629666,active_cumulative,/home/oy/iCAT/result/mixT-fixed50-tenhour-20261004/mixT-fixed50-rep1/control-series.txt
1791168984,2026-10-05T11:56:24+09:00,15288.0,D_YCSB-A,1,1,3504066158592,855484902,457713645,1.5350341589079266,active_cumulative,/home/oy/iCAT/result/mixT-fixed50-tenhour-20261004/mixT-fixed50-rep1/control-series.txt
1791169014,2026-10-05T11:56:54+09:00,15318.0,D_YCSB-A,1,1,3504507674624,855592694,457713645,1.5349667525328354,active_cumulative,/home/oy/iCAT/result/mixT-fixed50-tenhour-20261004/mixT-fixed50-rep1/control-series.txt
1791169044,2026-10-05T11:57:24+09:00,15348.0,D_YCSB-A,1,1,3504948609024,855700344,457713645,1.5348994519043924,active_cumulative,/home/oy/iCAT/result/mixT-fixed50-tenhour-20261004/mixT-fixed50-rep1/control-series.txt
1791169074,2026-10-05T11:57:54+09:00,15378.0,D_YCSB-A,1,1,3504948682752,855700362,457713645,1.534899440652568,active_cumulative,/home/oy/iCAT/result/mixT-fixed50-tenhour-20261004/mixT-fixed50-rep1/control-series.txt
1791169104,2026-10-05T11:58:24+09:00,15408.0,D_YCSB-A,1,1,3505384722432,855806817,457713645,1.5348329037673465,active_cumulative,/home/oy/iCAT/result/mixT-fixed50-tenhour-20261004/mixT-fixed50-rep1/control-series.txt
1791169134,2026-10-05T11:58:54+09:00,15438.0,D_YCSB-A,1,1,3505816166400,855912150,457713645,1.534767084449029,active_cumulative,/home/oy/iCAT/result/mixT-fixed50-tenhour-20261004/mixT-fixed50-rep1/control-series.txt
1791169164,2026-10-05T11:59:24+09:00,15468.0,D_YCSB-A,1,1,3506228310016,856012771,457713645,1.5347042246405924,active_cumulative,/home/oy/iCAT/result/mixT-fixed50-tenhour-20261004/mixT-fixed50-rep1/control-series.txt
1791169195,2026-10-05T11:59:55+09:00,15499.0,D_YCSB-A,1,1,3506663587840,856119040,457713645,1.534637852465003,active_cumulative,/home/oy/iCAT/result/mixT-fixed50-tenhour-20261004/mixT-fixed50-rep1/control-series.txt
1791169225,2026-10-05T12:00:25+09:00,15529.0,D_YCSB-A,1,1,3507098710016,856225271,457713645,1.5345715204894952,active_cumulative,/home/oy/iCAT/result/mixT-fixed50-tenhour-20261004/mixT-fixed50-rep1/control-series.txt
1791169255,2026-10-05T12:00:55+09:00,15559.0,D_YCSB-A,1,1,3507542454272,856333607,457713645,1.5345038910752455,active_cumulative,/home/oy/iCAT/result/mixT-fixed50-tenhour-20261004/mixT-fixed50-rep1/control-series.txt
1791169285,2026-10-05T12:01:25+09:00,15589.0,D_YCSB-A,1,1,3507979399168,856440283,457713645,1.534437314644622,active_cumulative,/home/oy/iCAT/result/mixT-fixed50-tenhour-20261004/mixT-fixed50-rep1/control-series.txt
1791169315,2026-10-05T12:01:55+09:00,15619.0,D_YCSB-A,1,1,3508398948352,856542712,457713645,1.534373404370289,active_cumulative,/home/oy/iCAT/result/mixT-fixed50-tenhour-20261004/mixT-fixed50-rep1/control-series.txt
1791169345,2026-10-05T12:02:25+09:00,15649.0,D_YCSB-A,1,1,3508841680896,856650801,457713645,1.5343059791290616,active_cumulative,/home/oy/iCAT/result/mixT-fixed50-tenhour-20261004/mixT-fixed50-rep1/control-series.txt
1791169375,2026-10-05T12:02:55+09:00,15679.0,D_YCSB-A,1,1,3509280915456,856758036,457713645,1.534239103419393,active_cumulative,/home/oy/iCAT/result/mixT-fixed50-tenhour-20261004/mixT-fixed50-rep1/control-series.txt
1791169405,2026-10-05T12:03:25+09:00,15709.0,D_YCSB-A,1,1,3509718196224,856864794,457713645,1.5341725418117715,active_cumulative,/home/oy/iCAT/result/mixT-fixed50-tenhour-20261004/mixT-fixed50-rep1/control-series.txt
1791169435,2026-10-05T12:03:55+09:00,15739.0,D_YCSB-A,1,1,3510152200192,856970752,457713645,1.534106495387138,active_cumulative,/home/oy/iCAT/result/mixT-fixed50-tenhour-20261004/mixT-fixed50-rep1/control-series.txt
1791169465,2026-10-05T12:04:25+09:00,15769.0,D_YCSB-A,1,1,3510585479168,857076533,457713645,1.534040575580664,active_cumulative,/home/oy/iCAT/result/mixT-fixed50-tenhour-20261004/mixT-fixed50-rep1/control-series.txt
1791169495,2026-10-05T12:04:55+09:00,15799.0,D_YCSB-A,1,1,3511022161920,857183145,457713645,1.5339741543798087,active_cumulative,/home/oy/iCAT/result/mixT-fixed50-tenhour-20261004/mixT-fixed50-rep1/control-series.txt
1791169525,2026-10-05T12:05:25+09:00,15829.0,D_YCSB-A,1,1,3511461662720,857290445,457713645,1.5339073212229724,active_cumulative,/home/oy/iCAT/result/mixT-fixed50-tenhour-20261004/mixT-fixed50-rep1/control-series.txt
1791169555,2026-10-05T12:05:55+09:00,15859.0,D_YCSB-A,1,1,3511877857280,857392055,457713645,1.5338440475751784,active_cumulative,/home/oy/iCAT/result/mixT-fixed50-tenhour-20261004/mixT-fixed50-rep1/control-series.txt
1791169585,2026-10-05T12:06:25+09:00,15889.0,D_YCSB-A,1,1,3512314617856,857498686,457713645,1.533777663421399,active_cumulative,/home/oy/iCAT/result/mixT-fixed50-tenhour-20261004/mixT-fixed50-rep1/control-series.txt
1791169615,2026-10-05T12:06:55+09:00,15919.0,D_YCSB-A,1,1,3512749604864,857604884,457713645,1.5337115652433715,active_cumulative,/home/oy/iCAT/result/mixT-fixed50-tenhour-20261004/mixT-fixed50-rep1/control-series.txt
1791169645,2026-10-05T12:07:25+09:00,15949.0,D_YCSB-A,1,1,3513184849920,857711145,457713645,1.5336454442363578,active_cumulative,/home/oy/iCAT/result/mixT-fixed50-tenhour-20261004/mixT-fixed50-rep1/control-series.txt
1791169675,2026-10-05T12:07:55+09:00,15979.0,D_YCSB-A,1,1,3513620291584,857817454,457713645,1.5335793097537043,active_cumulative,/home/oy/iCAT/result/mixT-fixed50-tenhour-20261004/mixT-fixed50-rep1/control-series.txt
1791169705,2026-10-05T12:08:25+09:00,16009.0,D_YCSB-A,1,1,3514033483776,857918331,457713645,1.5335165696558593,active_cumulative,/home/oy/iCAT/result/mixT-fixed50-tenhour-20261004/mixT-fixed50-rep1/control-series.txt
1791169735,2026-10-05T12:08:55+09:00,16039.0,D_YCSB-A,1,1,3515290238976,858225156,457713645,1.5333258315723386,active_cumulative,/home/oy/iCAT/result/mixT-fixed50-tenhour-20261004/mixT-fixed50-rep1/control-series.txt
1791169765,2026-10-05T12:09:25+09:00,16069.0,E_YCSB-B,1,1,3515290435584,858225204,457713645,1.5333258017437577,active_cumulative,/home/oy/iCAT/result/mixT-fixed50-tenhour-20261004/mixT-fixed50-rep1/control-series.txt
1791169795,2026-10-05T12:09:55+09:00,16099.0,E_YCSB-B,1,1,3515389370368,858249358,457713645,1.5333107921765552,active_cumulative,/home/oy/iCAT/result/mixT-fixed50-tenhour-20261004/mixT-fixed50-rep1/control-series.txt
1791169825,2026-10-05T12:10:25+09:00,16129.0,E_YCSB-B,1,1,3515504300032,858277417,457713645,1.5332933570591663,active_cumulative,/home/oy/iCAT/result/mixT-fixed50-tenhour-20261004/mixT-fixed50-rep1/control-series.txt
1791169855,2026-10-05T12:10:55+09:00,16159.0,E_YCSB-B,1,1,3515641126912,858310822,457713645,1.5332726015657765,active_cumulative,/home/oy/iCAT/result/mixT-fixed50-tenhour-20261004/mixT-fixed50-rep1/control-series.txt
1791169885,2026-10-05T12:11:25+09:00,16189.0,E_YCSB-B,1,1,3515794268160,858348210,457714105,1.5332499091481766,active_cumulative,/home/oy/iCAT/result/mixT-fixed50-tenhour-20261004/mixT-fixed50-rep1/control-series.txt
1791169915,2026-10-05T12:11:55+09:00,16219.0,E_YCSB-B,1,1,3515964452864,858389759,457725175,1.5332369942684743,active_cumulative,/home/oy/iCAT/result/mixT-fixed50-tenhour-20261004/mixT-fixed50-rep1/control-series.txt
1791169945,2026-10-05T12:12:25+09:00,16249.0,E_YCSB-B,1,1,3516143996928,858433593,457733611,1.5332195929103163,active_cumulative,/home/oy/iCAT/result/mixT-fixed50-tenhour-20261004/mixT-fixed50-rep1/control-series.txt
1791169975,2026-10-05T12:12:55+09:00,16279.0,E_YCSB-B,1,1,3516337455104,858480824,457747181,1.533206063785066,active_cumulative,/home/oy/iCAT/result/mixT-fixed50-tenhour-20261004/mixT-fixed50-rep1/control-series.txt
1791170005,2026-10-05T12:13:25+09:00,16309.0,E_YCSB-B,1,1,3516539285504,858530099,457764000,1.5331950510916217,active_cumulative,/home/oy/iCAT/result/mixT-fixed50-tenhour-20261004/mixT-fixed50-rep1/control-series.txt
1791170035,2026-10-05T12:13:55+09:00,16339.0,E_YCSB-B,1,1,3516760604672,858584132,457778291,1.533178140543599,active_cumulative,/home/oy/iCAT/result/mixT-fixed50-tenhour-20261004/mixT-fixed50-rep1/control-series.txt
1791170065,2026-10-05T12:14:25+09:00,16369.0,E_YCSB-B,1,1,3516967215104,858634574,457788101,1.533158243171326,active_cumulative,/home/oy/iCAT/result/mixT-fixed50-tenhour-20261004/mixT-fixed50-rep1/control-series.txt
1791170095,2026-10-05T12:14:55+09:00,16399.0,E_YCSB-B,1,1,3517188292608,858688548,457800752,1.533139463739535,active_cumulative,/home/oy/iCAT/result/mixT-fixed50-tenhour-20261004/mixT-fixed50-rep1/control-series.txt
1791170125,2026-10-05T12:15:25+09:00,16429.0,E_YCSB-B,1,1,3517398159360,858739785,457811860,1.5331205890268609,active_cumulative,/home/oy/iCAT/result/mixT-fixed50-tenhour-20261004/mixT-fixed50-rep1/control-series.txt
1791170155,2026-10-05T12:15:55+09:00,16459.0,E_YCSB-B,1,1,3517630418944,858796489,457823903,1.533099411634879,active_cumulative,/home/oy/iCAT/result/mixT-fixed50-tenhour-20261004/mixT-fixed50-rep1/control-series.txt
1791170185,2026-10-05T12:16:25+09:00,16489.0,E_YCSB-B,1,1,3517866618880,858854155,457833177,1.5330744158768144,active_cumulative,/home/oy/iCAT/result/mixT-fixed50-tenhour-20261004/mixT-fixed50-rep1/control-series.txt
1791170215,2026-10-05T12:16:55+09:00,16519.0,E_YCSB-B,1,1,3518093406208,858909523,457841547,1.5330497971437673,active_cumulative,/home/oy/iCAT/result/mixT-fixed50-tenhour-20261004/mixT-fixed50-rep1/control-series.txt
1791170245,2026-10-05T12:17:25+09:00,16549.0,E_YCSB-B,1,1,3518334668800,858968425,457850580,1.5330237604484704,active_cumulative,/home/oy/iCAT/result/mixT-fixed50-tenhour-20261004/mixT-fixed50-rep1/control-series.txt
1791170275,2026-10-05T12:17:55+09:00,16579.0,E_YCSB-B,1,1,3518562934784,859024154,457859460,1.532999517962332,active_cumulative,/home/oy/iCAT/result/mixT-fixed50-tenhour-20261004/mixT-fixed50-rep1/control-series.txt
1791170305,2026-10-05T12:18:25+09:00,16609.0,E_YCSB-B,1,1,3518807240704,859083799,457869273,1.5329739351771898,active_cumulative,/home/oy/iCAT/result/mixT-fixed50-tenhour-20261004/mixT-fixed50-rep1/control-series.txt
1791170335,2026-10-05T12:18:55+09:00,16639.0,E_YCSB-B,1,1,3519032512512,859138797,457879206,1.5329513782858535,active_cumulative,/home/oy/iCAT/result/mixT-fixed50-tenhour-20261004/mixT-fixed50-rep1/control-series.txt
1791170365,2026-10-05T12:19:25+09:00,16669.0,E_YCSB-B,1,1,3519283949568,859200183,457889349,1.5329251064649738,active_cumulative,/home/oy/iCAT/result/mixT-fixed50-tenhour-20261004/mixT-fixed50-rep1/control-series.txt
1791170395,2026-10-05T12:19:55+09:00,16699.0,E_YCSB-B,1,1,3519339241472,859213682,457890732,1.53291834335571,active_cumulative,/home/oy/iCAT/result/mixT-fixed50-tenhour-20261004/mixT-fixed50-rep1/control-series.txt
1791170425,2026-10-05T12:20:25+09:00,16729.0,E_YCSB-B,1,1,3519495086080,859251730,457897585,1.532902721068714,active_cumulative,/home/oy/iCAT/result/mixT-fixed50-tenhour-20261004/mixT-fixed50-rep1/control-series.txt
1791170455,2026-10-05T12:20:55+09:00,16759.0,E_YCSB-B,1,1,3519734693888,859310228,457907005,1.5328774057138301,active_cumulative,/home/oy/iCAT/result/mixT-fixed50-tenhour-20261004/mixT-fixed50-rep1/control-series.txt
1791170485,2026-10-05T12:21:25+09:00,16789.0,E_YCSB-B,1,1,3519934074880,859358905,457915671,1.5328573059937047,active_cumulative,/home/oy/iCAT/result/mixT-fixed50-tenhour-20261004/mixT-fixed50-rep1/control-series.txt
1791170515,2026-10-05T12:21:55+09:00,16819.0,E_YCSB-B,1,1,3520171540480,859416880,457925183,1.532832428192474,active_cumulative,/home/oy/iCAT/result/mixT-fixed50-tenhour-20261004/mixT-fixed50-rep1/control-series.txt
1791170545,2026-10-05T12:22:25+09:00,16849.0,E_YCSB-B,1,1,3520417095680,859476830,457935832,1.5328076523016914,active_cumulative,/home/oy/iCAT/result/mixT-fixed50-tenhour-20261004/mixT-fixed50-rep1/control-series.txt
1791170575,2026-10-05T12:22:55+09:00,16879.0,E_YCSB-B,1,1,3520648101888,859533228,457944826,1.532783156115519,active_cumulative,/home/oy/iCAT/result/mixT-fixed50-tenhour-20261004/mixT-fixed50-rep1/control-series.txt
1791170605,2026-10-05T12:23:25+09:00,16909.0,E_YCSB-B,1,1,3520886054912,859591322,457953898,1.5327577027353936,active_cumulative,/home/oy/iCAT/result/mixT-fixed50-tenhour-20261004/mixT-fixed50-rep1/control-series.txt
1791170635,2026-10-05T12:23:55+09:00,16939.0,E_YCSB-B,1,1,3521112391680,859646580,457963081,1.5327341394180851,active_cumulative,/home/oy/iCAT/result/mixT-fixed50-tenhour-20261004/mixT-fixed50-rep1/control-series.txt
1791170665,2026-10-05T12:24:25+09:00,16969.0,E_YCSB-B,1,1,3521358397440,859706640,457972365,1.5327077210896034,active_cumulative,/home/oy/iCAT/result/mixT-fixed50-tenhour-20261004/mixT-fixed50-rep1/control-series.txt
1791170695,2026-10-05T12:24:55+09:00,16999.0,E_YCSB-B,1,1,3521581674496,859761151,457981679,1.532684779333557,active_cumulative,/home/oy/iCAT/result/mixT-fixed50-tenhour-20261004/mixT-fixed50-rep1/control-series.txt
1791170725,2026-10-05T12:25:25+09:00,17029.0,E_YCSB-B,1,1,3521828831232,859821492,457991780,1.5326591440912716,active_cumulative,/home/oy/iCAT/result/mixT-fixed50-tenhour-20261004/mixT-fixed50-rep1/control-series.txt
1791170755,2026-10-05T12:25:55+09:00,17059.0,E_YCSB-B,1,1,3522042957824,859873769,458001089,1.5326375864827666,active_cumulative,/home/oy/iCAT/result/mixT-fixed50-tenhour-20261004/mixT-fixed50-rep1/control-series.txt
1791170785,2026-10-05T12:26:25+09:00,17089.0,E_YCSB-B,1,1,3522286772224,859933294,458010318,1.5326114492782972,active_cumulative,/home/oy/iCAT/result/mixT-fixed50-tenhour-20261004/mixT-fixed50-rep1/control-series.txt
1791170815,2026-10-05T12:26:55+09:00,17119.0,E_YCSB-B,1,1,3522514235392,859988827,458020132,1.532588468152273,active_cumulative,/home/oy/iCAT/result/mixT-fixed50-tenhour-20261004/mixT-fixed50-rep1/control-series.txt
1791170845,2026-10-05T12:27:25+09:00,17149.0,E_YCSB-B,1,1,3522754482176,860047481,458030044,1.5325636713306063,active_cumulative,/home/oy/iCAT/result/mixT-fixed50-tenhour-20261004/mixT-fixed50-rep1/control-series.txt
1791170875,2026-10-05T12:27:55+09:00,17179.0,E_YCSB-B,1,1,3523000692736,860107591,458039802,1.5325377973556333,active_cumulative,/home/oy/iCAT/result/mixT-fixed50-tenhour-20261004/mixT-fixed50-rep1/control-series.txt
1791170905,2026-10-05T12:28:25+09:00,17209.0,E_YCSB-B,1,1,3523232874496,860164276,458048643,1.5325129812761487,active_cumulative,/home/oy/iCAT/result/mixT-fixed50-tenhour-20261004/mixT-fixed50-rep1/control-series.txt
1791170935,2026-10-05T12:28:55+09:00,17239.0,E_YCSB-B,1,1,3523479470080,860224480,458057955,1.5324865377000199,active_cumulative,/home/oy/iCAT/result/mixT-fixed50-tenhour-20261004/mixT-fixed50-rep1/control-series.txt
1791170965,2026-10-05T12:29:25+09:00,17269.0,E_YCSB-B,1,1,3523709517824,860280644,458066831,1.5324620915218454,active_cumulative,/home/oy/iCAT/result/mixT-fixed50-tenhour-20261004/mixT-fixed50-rep1/control-series.txt
1791170995,2026-10-05T12:29:55+09:00,17299.0,E_YCSB-B,1,1,3523961917440,860342265,458076207,1.5324348525409244,active_cumulative,/home/oy/iCAT/result/mixT-fixed50-tenhour-20261004/mixT-fixed50-rep1/control-series.txt
1791171025,2026-10-05T12:30:25+09:00,17329.0,E_YCSB-B,1,1,3524173090816,860393821,458084739,1.532412864689785,active_cumulative,/home/oy/iCAT/result/mixT-fixed50-tenhour-20261004/mixT-fixed50-rep1/control-series.txt
1791171055,2026-10-05T12:30:55+09:00,17359.0,E_YCSB-B,1,1,3524412575744,860452289,458093428,1.5323867852480082,active_cumulative,/home/oy/iCAT/result/mixT-fixed50-tenhour-20261004/mixT-fixed50-rep1/control-series.txt
1791171085,2026-10-05T12:31:25+09:00,17389.0,E_YCSB-B,1,1,3524628332544,860504964,458103002,1.532365321718237,active_cumulative,/home/oy/iCAT/result/mixT-fixed50-tenhour-20261004/mixT-fixed50-rep1/control-series.txt
1791171115,2026-10-05T12:31:55+09:00,17419.0,E_YCSB-B,1,1,3524865114112,860562772,458114810,1.5323432815195033,active_cumulative,/home/oy/iCAT/result/mixT-fixed50-tenhour-20261004/mixT-fixed50-rep1/control-series.txt
1791171146,2026-10-05T12:32:26+09:00,17450.0,E_YCSB-B,1,1,3525105135616,860621371,458125325,1.532319252620558,active_cumulative,/home/oy/iCAT/result/mixT-fixed50-tenhour-20261004/mixT-fixed50-rep1/control-series.txt
1791171176,2026-10-05T12:32:56+09:00,17480.0,E_YCSB-B,1,1,3525105209344,860621389,458125325,1.5323192414870368,active_cumulative,/home/oy/iCAT/result/mixT-fixed50-tenhour-20261004/mixT-fixed50-rep1/control-series.txt
1791171206,2026-10-05T12:33:26+09:00,17510.0,E_YCSB-B,1,1,3525341794304,860679149,458134096,1.5322937084420991,active_cumulative,/home/oy/iCAT/result/mixT-fixed50-tenhour-20261004/mixT-fixed50-rep1/control-series.txt
1791171236,2026-10-05T12:33:56+09:00,17540.0,E_YCSB-B,1,1,3525585915904,860738749,458143332,1.5322675812286453,active_cumulative,/home/oy/iCAT/result/mixT-fixed50-tenhour-20261004/mixT-fixed50-rep1/control-series.txt
1791171266,2026-10-05T12:34:26+09:00,17570.0,E_YCSB-B,1,1,3525819338752,860795737,458152439,1.5322429228062036,active_cumulative,/home/oy/iCAT/result/mixT-fixed50-tenhour-20261004/mixT-fixed50-rep1/control-series.txt
1791171296,2026-10-05T12:34:56+09:00,17600.0,E_YCSB-B,1,1,3526071021568,860857183,458162304,1.5322163920423488,active_cumulative,/home/oy/iCAT/result/mixT-fixed50-tenhour-20261004/mixT-fixed50-rep1/control-series.txt
1791171326,2026-10-05T12:35:26+09:00,17630.0,E_YCSB-B,1,1,3526291542016,860911021,458170806,1.5321929849008171,active_cumulative,/home/oy/iCAT/result/mixT-fixed50-tenhour-20261004/mixT-fixed50-rep1/control-series.txt
1791171356,2026-10-05T12:35:56+09:00,17660.0,E_YCSB-B,1,1,3526534995968,860970458,458179778,1.5321666658160762,active_cumulative,/home/oy/iCAT/result/mixT-fixed50-tenhour-20261004/mixT-fixed50-rep1/control-series.txt
1791171386,2026-10-05T12:36:26+09:00,17690.0,E_YCSB-B,1,1,3526744133632,861021517,458189057,1.5321458848048741,active_cumulative,/home/oy/iCAT/result/mixT-fixed50-tenhour-20261004/mixT-fixed50-rep1/control-series.txt
1791171416,2026-10-05T12:36:56+09:00,17720.0,E_YCSB-B,,,,,,,inactive_or_zero,/home/oy/iCAT/result/mixT-fixed50-tenhour-20261004/mixT-fixed50-rep1/control-series.txt
1791171446,2026-10-05T12:37:26+09:00,17750.0,E_YCSB-B,1,1,3527217594368,861137108,458208705,1.5320972708564313,active_cumulative,/home/oy/iCAT/result/mixT-fixed50-tenhour-20261004/mixT-fixed50-rep1/control-series.txt
1791171476,2026-10-05T12:37:56+09:00,17780.0,E_YCSB-B,1,1,3527461265408,861196598,458217818,1.5320710962678468,active_cumulative,/home/oy/iCAT/result/mixT-fixed50-tenhour-20261004/mixT-fixed50-rep1/control-series.txt
1791171506,2026-10-05T12:38:26+09:00,17810.0,E_YCSB-B,1,1,3527710535680,861257455,458227361,1.5320445800959714,active_cumulative,/home/oy/iCAT/result/mixT-fixed50-tenhour-20261004/mixT-fixed50-rep1/control-series.txt
1791171536,2026-10-05T12:38:56+09:00,17840.0,E_YCSB-B,1,1,3527946321920,861315020,458236817,1.5320200000691964,active_cumulative,/home/oy/iCAT/result/mixT-fixed50-tenhour-20261004/mixT-fixed50-rep1/control-series.txt
1791171566,2026-10-05T12:39:26+09:00,17870.0,E_YCSB-B,1,1,3528191459328,861374868,458245772,1.5319934316913457,active_cumulative,/home/oy/iCAT/result/mixT-fixed50-tenhour-20261004/mixT-fixed50-rep1/control-series.txt
1791171596,2026-10-05T12:39:56+09:00,17900.0,E_YCSB-B,1,1,3528409178112,861428022,458254428,1.5319706537245663,active_cumulative,/home/oy/iCAT/result/mixT-fixed50-tenhour-20261004/mixT-fixed50-rep1/control-series.txt
1791171626,2026-10-05T12:40:26+09:00,17930.0,E_YCSB-B,1,1,3528653328384,861487629,458264709,1.5319457802684244,active_cumulative,/home/oy/iCAT/result/mixT-fixed50-tenhour-20261004/mixT-fixed50-rep1/control-series.txt
1791171656,2026-10-05T12:40:56+09:00,17960.0,E_YCSB-B,1,1,3528867782656,861539986,458273626,1.5319238032441131,active_cumulative,/home/oy/iCAT/result/mixT-fixed50-tenhour-20261004/mixT-fixed50-rep1/control-series.txt
1791171686,2026-10-05T12:41:26+09:00,17990.0,E_YCSB-B,1,1,3529117143040,861600865,458282475,1.5318964889850708,active_cumulative,/home/oy/iCAT/result/mixT-fixed50-tenhour-20261004/mixT-fixed50-rep1/control-series.txt
1791171716,2026-10-05T12:41:56+09:00,18020.0,E_YCSB-B,1,1,3529359908864,861660134,458292006,1.531870963871238,active_cumulative,/home/oy/iCAT/result/mixT-fixed50-tenhour-20261004/mixT-fixed50-rep1/control-series.txt
1791171746,2026-10-05T12:42:26+09:00,18050.0,E_YCSB-B,1,1,3529597018112,861718022,458301222,1.5318459290619315,active_cumulative,/home/oy/iCAT/result/mixT-fixed50-tenhour-20261004/mixT-fixed50-rep1/control-series.txt
1791171776,2026-10-05T12:42:56+09:00,18080.0,E_YCSB-B,1,1,3529840062464,861777359,458310920,1.5318205627168258,active_cumulative,/home/oy/iCAT/result/mixT-fixed50-tenhour-20261004/mixT-fixed50-rep1/control-series.txt
1791171806,2026-10-05T12:43:26+09:00,18110.0,E_YCSB-B,1,1,3530062233600,861831600,458319502,1.5317970494467827,active_cumulative,/home/oy/iCAT/result/mixT-fixed50-tenhour-20261004/mixT-fixed50-rep1/control-series.txt
1791171836,2026-10-05T12:43:56+09:00,18140.0,E_YCSB-B,1,1,3530291073024,861887469,458328307,1.5317727934155636,active_cumulative,/home/oy/iCAT/result/mixT-fixed50-tenhour-20261004/mixT-fixed50-rep1/control-series.txt
1791171866,2026-10-05T12:44:26+09:00,18170.0,E_YCSB-B,1,1,3530518753280,861943055,458337814,1.5317495295556387,active_cumulative,/home/oy/iCAT/result/mixT-fixed50-tenhour-20261004/mixT-fixed50-rep1/control-series.txt
1791171896,2026-10-05T12:44:56+09:00,18200.0,E_YCSB-B,1,1,3530756816896,862001176,458347169,1.5317245286449586,active_cumulative,/home/oy/iCAT/result/mixT-fixed50-tenhour-20261004/mixT-fixed50-rep1/control-series.txt
1791171926,2026-10-05T12:45:26+09:00,18230.0,E_YCSB-B,1,1,3530964721664,862051934,458355599,1.531702999462211,active_cumulative,/home/oy/iCAT/result/mixT-fixed50-tenhour-20261004/mixT-fixed50-rep1/control-series.txt
1791171956,2026-10-05T12:45:56+09:00,18260.0,E_YCSB-B,1,1,3530964795392,862051952,458355608,1.5317029988002395,active_cumulative,/home/oy/iCAT/result/mixT-fixed50-tenhour-20261004/mixT-fixed50-rep1/control-series.txt
1791171986,2026-10-05T12:46:26+09:00,18290.0,E_YCSB-B,1,1,3531217342464,862113609,458365203,1.5316761018674512,active_cumulative,/home/oy/iCAT/result/mixT-fixed50-tenhour-20261004/mixT-fixed50-rep1/control-series.txt
1791172016,2026-10-05T12:46:56+09:00,18320.0,E_YCSB-B,1,1,3531416743936,862162291,458373752,1.5316559965390553,active_cumulative,/home/oy/iCAT/result/mixT-fixed50-tenhour-20261004/mixT-fixed50-rep1/control-series.txt
1791172046,2026-10-05T12:47:26+09:00,18350.0,E_YCSB-B,1,1,3531655282688,862220528,458382825,1.531630609704064,active_cumulative,/home/oy/iCAT/result/mixT-fixed50-tenhour-20261004/mixT-fixed50-rep1/control-series.txt
1791172076,2026-10-05T12:47:56+09:00,18380.0,E_YCSB-B,1,1,3531890970624,862278069,458393040,1.5316069797897178,active_cumulative,/home/oy/iCAT/result/mixT-fixed50-tenhour-20261004/mixT-fixed50-rep1/control-series.txt
1791172106,2026-10-05T12:48:26+09:00,18410.0,E_YCSB-B,1,1,3532125773824,862335394,458401546,1.5315815043537457,active_cumulative,/home/oy/iCAT/result/mixT-fixed50-tenhour-20261004/mixT-fixed50-rep1/control-series.txt
1791172136,2026-10-05T12:48:56+09:00,18440.0,E_YCSB-B,1,1,3532365324288,862393878,458410609,1.5315559638052068,active_cumulative,/home/oy/iCAT/result/mixT-fixed50-tenhour-20261004/mixT-fixed50-rep1/control-series.txt
1791172166,2026-10-05T12:49:26+09:00,18470.0,E_YCSB-B,1,1,3532598210560,862450735,458419900,1.5315316938074148,active_cumulative,/home/oy/iCAT/result/mixT-fixed50-tenhour-20261004/mixT-fixed50-rep1/control-series.txt
1791172196,2026-10-05T12:49:56+09:00,18500.0,E_YCSB-B,1,1,3532840599552,862509912,458428583,1.531505292428454,active_cumulative,/home/oy/iCAT/result/mixT-fixed50-tenhour-20261004/mixT-fixed50-rep1/control-series.txt
1791172226,2026-10-05T12:50:26+09:00,18530.0,E_YCSB-B,1,1,3533058760704,862563174,458437393,1.5314826865075508,active_cumulative,/home/oy/iCAT/result/mixT-fixed50-tenhour-20261004/mixT-fixed50-rep1/control-series.txt
1791172256,2026-10-05T12:50:56+09:00,18560.0,E_YCSB-B,1,1,3533301833728,862622518,458446745,1.5314569645862177,active_cumulative,/home/oy/iCAT/result/mixT-fixed50-tenhour-20261004/mixT-fixed50-rep1/control-series.txt
1791172286,2026-10-05T12:51:26+09:00,18590.0,E_YCSB-B,1,1,3533510356992,862673427,458455286,1.5314355023016142,active_cumulative,/home/oy/iCAT/result/mixT-fixed50-tenhour-20261004/mixT-fixed50-rep1/control-series.txt
1791172316,2026-10-05T12:51:56+09:00,18620.0,E_YCSB-B,1,1,3533756424192,862733502,458464882,1.5314096194678668,active_cumulative,/home/oy/iCAT/result/mixT-fixed50-tenhour-20261004/mixT-fixed50-rep1/control-series.txt
1791172346,2026-10-05T12:52:26+09:00,18650.0,E_YCSB-B,1,1,3534003433472,862793807,458474857,1.5313840378550607,active_cumulative,/home/oy/iCAT/result/mixT-fixed50-tenhour-20261004/mixT-fixed50-rep1/control-series.txt
1791172376,2026-10-05T12:52:56+09:00,18680.0,E_YCSB-B,1,1,3534241234944,862851864,458483959,1.5313588324125125,active_cumulative,/home/oy/iCAT/result/mixT-fixed50-tenhour-20261004/mixT-fixed50-rep1/control-series.txt
1791172406,2026-10-05T12:53:26+09:00,18710.0,E_YCSB-B,1,1,3534486446080,862911730,458494171,1.5313338028212922,active_cumulative,/home/oy/iCAT/result/mixT-fixed50-tenhour-20261004/mixT-fixed50-rep1/control-series.txt
1791172436,2026-10-05T12:53:56+09:00,18740.0,E_YCSB-B,1,1,3534718078976,862968281,458503350,1.531309620637146,active_cumulative,/home/oy/iCAT/result/mixT-fixed50-tenhour-20261004/mixT-fixed50-rep1/control-series.txt
1791172466,2026-10-05T12:54:26+09:00,18770.0,E_YCSB-B,1,1,3534959517696,863027226,458512980,1.5312844904385439,active_cumulative,/home/oy/iCAT/result/mixT-fixed50-tenhour-20261004/mixT-fixed50-rep1/control-series.txt
1791172496,2026-10-05T12:54:56+09:00,18800.0,E_YCSB-B,1,1,3535173541888,863079478,458521485,1.5312621800051653,active_cumulative,/home/oy/iCAT/result/mixT-fixed50-tenhour-20261004/mixT-fixed50-rep1/control-series.txt
1791172526,2026-10-05T12:55:26+09:00,18830.0,E_YCSB-B,1,1,3535407915008,863136698,458530752,1.5312376974151087,active_cumulative,/home/oy/iCAT/result/mixT-fixed50-tenhour-20261004/mixT-fixed50-rep1/control-series.txt
1791172556,2026-10-05T12:55:56+09:00,18860.0,E_YCSB-B,1,1,3535621697536,863188891,458539652,1.5312158865584844,active_cumulative,/home/oy/iCAT/result/mixT-fixed50-tenhour-20261004/mixT-fixed50-rep1/control-series.txt
1791172586,2026-10-05T12:56:26+09:00,18890.0,E_YCSB-B,1,1,3535861235712,863247372,458549592,1.5311914138094822,active_cumulative,/home/oy/iCAT/result/mixT-fixed50-tenhour-20261004/mixT-fixed50-rep1/control-series.txt
1791172616,2026-10-05T12:56:56+09:00,18920.0,E_YCSB-B,1,1,3536064499712,863296997,458558239,1.5311708955243823,active_cumulative,/home/oy/iCAT/result/mixT-fixed50-tenhour-20261004/mixT-fixed50-rep1/control-series.txt
1791172646,2026-10-05T12:57:26+09:00,18950.0,E_YCSB-B,1,1,3536299925504,863354474,458568238,1.5311471148987177,active_cumulative,/home/oy/iCAT/result/mixT-fixed50-tenhour-20261004/mixT-fixed50-rep1/control-series.txt
1791172676,2026-10-05T12:57:56+09:00,18980.0,E_YCSB-B,1,1,3536532303872,863411207,458578157,1.531123702451548,active_cumulative,/home/oy/iCAT/result/mixT-fixed50-tenhour-20261004/mixT-fixed50-rep1/control-series.txt
1791172706,2026-10-05T12:58:26+09:00,19010.0,E_YCSB-B,1,1,3536572801024,863421094,458579080,1.5311186895788302,active_cumulative,/home/oy/iCAT/result/mixT-fixed50-tenhour-20261004/mixT-fixed50-rep1/control-series.txt
1791172736,2026-10-05T12:58:56+09:00,19040.0,E_YCSB-B,1,1,3536772214784,863469779,458587011,1.5310979285587711,active_cumulative,/home/oy/iCAT/result/mixT-fixed50-tenhour-20261004/mixT-fixed50-rep1/control-series.txt
1791172766,2026-10-05T12:59:26+09:00,19070.0,E_YCSB-B,1,1,3537018839040,863529990,458596254,1.531071600651646,active_cumulative,/home/oy/iCAT/result/mixT-fixed50-tenhour-20261004/mixT-fixed50-rep1/control-series.txt
1791172796,2026-10-05T12:59:56+09:00,19100.0,E_YCSB-B,1,1,3537244160000,863585000,458604491,1.5310473097610542,active_cumulative,/home/oy/iCAT/result/mixT-fixed50-tenhour-20261004/mixT-fixed50-rep1/control-series.txt
1791172826,2026-10-05T13:00:26+09:00,19130.0,E_YCSB-B,1,1,3537496055808,863646498,458613638,1.5310200864150323,active_cumulative,/home/oy/iCAT/result/mixT-fixed50-tenhour-20261004/mixT-fixed50-rep1/control-series.txt
1791172856,2026-10-05T13:00:56+09:00,19160.0,E_YCSB-B,1,1,3537707917312,863698222,458621982,1.5309979461784744,active_cumulative,/home/oy/iCAT/result/mixT-fixed50-tenhour-20261004/mixT-fixed50-rep1/control-series.txt
1791172886,2026-10-05T13:01:26+09:00,19190.0,E_YCSB-B,1,1,3537952808960,863758010,458631113,1.5309717625657677,active_cumulative,/home/oy/iCAT/result/mixT-fixed50-tenhour-20261004/mixT-fixed50-rep1/control-series.txt
1791172916,2026-10-05T13:01:56+09:00,19220.0,E_YCSB-B,1,1,3538153324544,863806964,458639914,1.5309518597490723,active_cumulative,/home/oy/iCAT/result/mixT-fixed50-tenhour-20261004/mixT-fixed50-rep1/control-series.txt
1791172946,2026-10-05T13:02:26+09:00,19250.0,E_YCSB-B,1,1,3538384740352,863863462,458650841,1.5309297836699105,active_cumulative,/home/oy/iCAT/result/mixT-fixed50-tenhour-20261004/mixT-fixed50-rep1/control-series.txt
1791172976,2026-10-05T13:02:56+09:00,19280.0,E_YCSB-B,1,1,3538610348032,863918542,458660595,1.5309072241211372,active_cumulative,/home/oy/iCAT/result/mixT-fixed50-tenhour-20261004/mixT-fixed50-rep1/control-series.txt
1791173006,2026-10-05T13:03:26+09:00,19310.0,E_YCSB-B,1,1,3538853978112,863978022,458670476,1.5308821107951749,active_cumulative,/home/oy/iCAT/result/mixT-fixed50-tenhour-20261004/mixT-fixed50-rep1/control-series.txt
1791173036,2026-10-05T13:03:56+09:00,19340.0,E_YCSB-B,1,1,3539103449088,864038928,458679624,1.5308552764650436,active_cumulative,/home/oy/iCAT/result/mixT-fixed50-tenhour-20261004/mixT-fixed50-rep1/control-series.txt
1791173066,2026-10-05T13:04:26+09:00,19370.0,E_YCSB-B,1,1,3539331514368,864094608,458687793,1.5308305233632473,active_cumulative,/home/oy/iCAT/result/mixT-fixed50-tenhour-20261004/mixT-fixed50-rep1/control-series.txt
1791173096,2026-10-05T13:04:56+09:00,19400.0,E_YCSB-B,1,1,3539569471488,864152703,458696365,1.530804756390376,active_cumulative,/home/oy/iCAT/result/mixT-fixed50-tenhour-20261004/mixT-fixed50-rep1/control-series.txt
1791173126,2026-10-05T13:05:26+09:00,19430.0,E_YCSB-B,1,1,3539784196096,864205126,458704971,1.530782515863022,active_cumulative,/home/oy/iCAT/result/mixT-fixed50-tenhour-20261004/mixT-fixed50-rep1/control-series.txt
1791173156,2026-10-05T13:05:56+09:00,19460.0,E_YCSB-B,1,1,3540023996416,864263671,458714136,1.5307571651938612,active_cumulative,/home/oy/iCAT/result/mixT-fixed50-tenhour-20261004/mixT-fixed50-rep1/control-series.txt
1791173186,2026-10-05T13:06:26+09:00,19490.0,E_YCSB-B,1,1,3540226605056,864313136,458722446,1.5307364043116891,active_cumulative,/home/oy/iCAT/result/mixT-fixed50-tenhour-20261004/mixT-fixed50-rep1/control-series.txt
1791173216,2026-10-05T13:06:56+09:00,19520.0,E_YCSB-B,1,1,3540459171840,864369915,458731662,1.5307122032353475,active_cumulative,/home/oy/iCAT/result/mixT-fixed50-tenhour-20261004/mixT-fixed50-rep1/control-series.txt
1791173246,2026-10-05T13:07:26+09:00,19550.0,E_YCSB-B,1,1,3540667260928,864420718,458740668,1.5306914312065343,active_cumulative,/home/oy/iCAT/result/mixT-fixed50-tenhour-20261004/mixT-fixed50-rep1/control-series.txt
1791173277,2026-10-05T13:07:57+09:00,19581.0,E_YCSB-B,1,1,3540913496064,864480834,458750499,1.5306658990660746,active_cumulative,/home/oy/iCAT/result/mixT-fixed50-tenhour-20261004/mixT-fixed50-rep1/control-series.txt
1791173307,2026-10-05T13:08:27+09:00,19611.0,E_YCSB-B,1,1,3541160488960,864541135,458760141,1.5306400383135037,active_cumulative,/home/oy/iCAT/result/mixT-fixed50-tenhour-20261004/mixT-fixed50-rep1/control-series.txt
1791173337,2026-10-05T13:08:57+09:00,19641.0,E_YCSB-B,1,1,3541393096704,864597924,458768206,1.5306145125557808,active_cumulative,/home/oy/iCAT/result/mixT-fixed50-tenhour-20261004/mixT-fixed50-rep1/control-series.txt
1791173367,2026-10-05T13:09:27+09:00,19671.0,E_YCSB-B,1,1,3541633654784,864656654,458777183,1.5305888538272905,active_cumulative,/home/oy/iCAT/result/mixT-fixed50-tenhour-20261004/mixT-fixed50-rep1/control-series.txt
1791173397,2026-10-05T13:09:57+09:00,19701.0,E_YCSB-B,1,1,3541849964544,864709464,458785637,1.5305662261145323,active_cumulative,/home/oy/iCAT/result/mixT-fixed50-tenhour-20261004/mixT-fixed50-rep1/control-series.txt
1791173427,2026-10-05T13:10:27+09:00,19731.0,E_YCSB-B,1,1,3542081560576,864766006,458794558,1.5305418515722737,active_cumulative,/home/oy/iCAT/result/mixT-fixed50-tenhour-20261004/mixT-fixed50-rep1/control-series.txt
1791173457,2026-10-05T13:10:57+09:00,19761.0,E_YCSB-B,1,1,3542299312128,864819168,458803361,1.530519417210697,active_cumulative,/home/oy/iCAT/result/mixT-fixed50-tenhour-20261004/mixT-fixed50-rep1/control-series.txt
1791173487,2026-10-05T13:11:27+09:00,19791.0,E_YCSB-B,1,1,3542299385856,864819186,458803369,1.530519415419167,active_cumulative,/home/oy/iCAT/result/mixT-fixed50-tenhour-20261004/mixT-fixed50-rep1/control-series.txt
1791173517,2026-10-05T13:11:57+09:00,19821.0,E_YCSB-B,1,1,3542532931584,864876204,458812105,1.5304945411586326,active_cumulative,/home/oy/iCAT/result/mixT-fixed50-tenhour-20261004/mixT-fixed50-rep1/control-series.txt
1791173547,2026-10-05T13:12:27+09:00,19851.0,E_YCSB-B,1,1,3542747529216,864928596,458821124,1.5304728345459861,active_cumulative,/home/oy/iCAT/result/mixT-fixed50-tenhour-20261004/mixT-fixed50-rep1/control-series.txt
1791173577,2026-10-05T13:12:57+09:00,19881.0,E_YCSB-B,1,1,3542983057408,864986098,458830452,1.5304483540959755,active_cumulative,/home/oy/iCAT/result/mixT-fixed50-tenhour-20261004/mixT-fixed50-rep1/control-series.txt
1791173607,2026-10-05T13:13:27+09:00,19911.0,E_YCSB-B,1,1,3543194767360,865037785,458839178,1.5304267466189354,active_cumulative,/home/oy/iCAT/result/mixT-fixed50-tenhour-20261004/mixT-fixed50-rep1/control-series.txt
1791173637,2026-10-05T13:13:57+09:00,19941.0,E_YCSB-B,1,1,3543429742592,865095152,458848577,1.5304024371645073,active_cumulative,/home/oy/iCAT/result/mixT-fixed50-tenhour-20261004/mixT-fixed50-rep1/control-series.txt
1791173667,2026-10-05T13:14:27+09:00,19971.0,E_YCSB-B,1,1,3543671119872,865154082,458858446,1.5303777160008822,active_cumulative,/home/oy/iCAT/result/mixT-fixed50-tenhour-20261004/mixT-fixed50-rep1/control-series.txt
1791173697,2026-10-05T13:14:57+09:00,20001.0,E_YCSB-B,1,1,3543903989760,865210935,458866953,1.5303526971720487,active_cumulative,/home/oy/iCAT/result/mixT-fixed50-tenhour-20261004/mixT-fixed50-rep1/control-series.txt
1791173727,2026-10-05T13:15:27+09:00,20031.0,E_YCSB-B,1,1,3544145498112,865269897,458875855,1.5303268455206642,active_cumulative,/home/oy/iCAT/result/mixT-fixed50-tenhour-20261004/mixT-fixed50-rep1/control-series.txt
1791173757,2026-10-05T13:15:57+09:00,20061.0,F_FIO-Fast,1,1,3547760152576,866152381,460974866,1.5322098929841768,active_cumulative,/home/oy/iCAT/result/mixT-fixed50-tenhour-20261004/mixT-fixed50-rep1/control-series.txt
1791173787,2026-10-05T13:16:27+09:00,20091.0,F_FIO-Fast,1,1,3552676872192,867352752,466142323,1.5374310762548893,active_cumulative,/home/oy/iCAT/result/mixT-fixed50-tenhour-20261004/mixT-fixed50-rep1/control-series.txt
1791173817,2026-10-05T13:16:57+09:00,20121.0,F_FIO-Fast,1,1,3557593415680,868553080,471314974,1.5426438347325877,active_cumulative,/home/oy/iCAT/result/mixT-fixed50-tenhour-20261004/mixT-fixed50-rep1/control-series.txt
1791173847,2026-10-05T13:17:27+09:00,20151.0,F_FIO-Fast,1,1,3562510217216,869753471,476526303,1.5478866355682528,active_cumulative,/home/oy/iCAT/result/mixT-fixed50-tenhour-20261004/mixT-fixed50-rep1/control-series.txt
1791173877,2026-10-05T13:17:57+09:00,20181.0,F_FIO-Fast,1,1,3567426912256,870953836,481709123,1.5530822680709795,active_cumulative,/home/oy/iCAT/result/mixT-fixed50-tenhour-20261004/mixT-fixed50-rep1/control-series.txt
1791173907,2026-10-05T13:18:27+09:00,20211.0,F_FIO-Fast,1,1,3572343787520,872154245,486947553,1.558327332340164,active_cumulative,/home/oy/iCAT/result/mixT-fixed50-tenhour-20261004/mixT-fixed50-rep1/control-series.txt
1791173937,2026-10-05T13:18:57+09:00,20241.0,F_FIO-Fast,1,1,3577260408832,873354592,492163658,1.5635324557840076,active_cumulative,/home/oy/iCAT/result/mixT-fixed50-tenhour-20261004/mixT-fixed50-rep1/control-series.txt
1791173967,2026-10-05T13:19:27+09:00,20271.0,F_FIO-Fast,1,1,3582177083392,874554952,497408918,1.5687566194239557,active_cumulative,/home/oy/iCAT/result/mixT-fixed50-tenhour-20261004/mixT-fixed50-rep1/control-series.txt
1791173997,2026-10-05T13:19:57+09:00,20301.0,F_FIO-Fast,1,1,3587093565440,875755265,502634202,1.5739436827707796,active_cumulative,/home/oy/iCAT/result/mixT-fixed50-tenhour-20261004/mixT-fixed50-rep1/control-series.txt
1791174027,2026-10-05T13:20:27+09:00,20331.0,F_FIO-Fast,1,1,3592010346496,876955651,507832154,1.5790853316480882,active_cumulative,/home/oy/iCAT/result/mixT-fixed50-tenhour-20261004/mixT-fixed50-rep1/control-series.txt
1791174057,2026-10-05T13:20:57+09:00,20361.0,F_FIO-Fast,1,1,3596927057920,878156020,513050353,1.5842359914585566,active_cumulative,/home/oy/iCAT/result/mixT-fixed50-tenhour-20261004/mixT-fixed50-rep1/control-series.txt
1791174087,2026-10-05T13:21:27+09:00,20391.0,F_FIO-Fast,1,1,3601843843072,879356407,518304110,1.5894130137383533,active_cumulative,/home/oy/iCAT/result/mixT-fixed50-tenhour-20261004/mixT-fixed50-rep1/control-series.txt
1791174117,2026-10-05T13:21:57+09:00,20421.0,F_FIO-Fast,1,1,3606760435712,880556747,523550353,1.5945674197417739,active_cumulative,/home/oy/iCAT/result/mixT-fixed50-tenhour-20261004/mixT-fixed50-rep1/control-series.txt
1791174147,2026-10-05T13:22:27+09:00,20451.0,F_FIO-Fast,1,1,3611677257728,881757143,528812500,1.5997257909369722,active_cumulative,/home/oy/iCAT/result/mixT-fixed50-tenhour-20261004/mixT-fixed50-rep1/control-series.txt
1791174177,2026-10-05T13:22:57+09:00,20481.0,F_FIO-Fast,1,1,3616594087936,882957541,534081266,1.6048776313695927,active_cumulative,/home/oy/iCAT/result/mixT-fixed50-tenhour-20261004/mixT-fixed50-rep1/control-series.txt
1791174207,2026-10-05T13:23:27+09:00,20511.0,F_FIO-Fast,1,1,3621510873088,884157928,539353793,1.6100197441197406,active_cumulative,/home/oy/iCAT/result/mixT-fixed50-tenhour-20261004/mixT-fixed50-rep1/control-series.txt
1791174237,2026-10-05T13:23:57+09:00,20541.0,F_FIO-Fast,1,1,3626427564032,885358292,544594460,1.6151119438547032,active_cumulative,/home/oy/iCAT/result/mixT-fixed50-tenhour-20261004/mixT-fixed50-rep1/control-series.txt
1791174267,2026-10-05T13:24:27+09:00,20571.0,F_FIO-Fast,1,1,3631344238592,886558652,549872483,1.6202324930894703,active_cumulative,/home/oy/iCAT/result/mixT-fixed50-tenhour-20261004/mixT-fixed50-rep1/control-series.txt
1791174297,2026-10-05T13:24:57+09:00,20601.0,F_FIO-Fast,1,1,3636260974592,887759027,555065498,1.625243428811679,active_cumulative,/home/oy/iCAT/result/mixT-fixed50-tenhour-20261004/mixT-fixed50-rep1/control-series.txt
1791174327,2026-10-05T13:25:27+09:00,20631.0,F_FIO-Fast,1,1,3641177681920,888959395,560338101,1.6303303662143085,active_cumulative,/home/oy/iCAT/result/mixT-fixed50-tenhour-20261004/mixT-fixed50-rep1/control-series.txt
1791174357,2026-10-05T13:25:57+09:00,20661.0,F_FIO-Fast,1,1,3646094405632,890159767,565602189,1.6353940157351552,active_cumulative,/home/oy/iCAT/result/mixT-fixed50-tenhour-20261004/mixT-fixed50-rep1/control-series.txt
1791174387,2026-10-05T13:26:27+09:00,20691.0,F_FIO-Fast,1,1,3651011063808,891360123,570892515,1.6404734744903997,active_cumulative,/home/oy/iCAT/result/mixT-fixed50-tenhour-20261004/mixT-fixed50-rep1/control-series.txt
1791174417,2026-10-05T13:26:57+09:00,20721.0,F_FIO-Fast,1,1,3655927615488,892560453,576166624,1.6455211207974054,active_cumulative,/home/oy/iCAT/result/mixT-fixed50-tenhour-20261004/mixT-fixed50-rep1/control-series.txt
1791174447,2026-10-05T13:27:27+09:00,20751.0,F_FIO-Fast,1,1,3660844236800,893760800,581444413,1.6505593140804564,active_cumulative,/home/oy/iCAT/result/mixT-fixed50-tenhour-20261004/mixT-fixed50-rep1/control-series.txt
1791174477,2026-10-05T13:27:57+09:00,20781.0,F_FIO-Fast,1,1,3665760911360,894961160,586713944,1.6555747558921998,active_cumulative,/home/oy/iCAT/result/mixT-fixed50-tenhour-20261004/mixT-fixed50-rep1/control-series.txt
1791174507,2026-10-05T13:28:27+09:00,20811.0,F_FIO-Fast,1,1,3670677659648,896161538,591987364,1.6605810882278682,active_cumulative,/home/oy/iCAT/result/mixT-fixed50-tenhour-20261004/mixT-fixed50-rep1/control-series.txt
1791174537,2026-10-05T13:28:57+09:00,20841.0,F_FIO-Fast,1,1,3675594268672,897361882,597231754,1.665541701714493,active_cumulative,/home/oy/iCAT/result/mixT-fixed50-tenhour-20261004/mixT-fixed50-rep1/control-series.txt
1791174567,2026-10-05T13:29:27+09:00,20871.0,F_FIO-Fast,1,1,3680511066112,898562272,602452798,1.6704630461048335,active_cumulative,/home/oy/iCAT/result/mixT-fixed50-tenhour-20261004/mixT-fixed50-rep1/control-series.txt
1791174597,2026-10-05T13:29:57+09:00,20901.0,F_FIO-Fast,1,1,3685427671040,899762615,607701550,1.675402089249952,active_cumulative,/home/oy/iCAT/result/mixT-fixed50-tenhour-20261004/mixT-fixed50-rep1/control-series.txt
1791174627,2026-10-05T13:30:27+09:00,20931.0,F_FIO-Fast,1,1,3690344562688,900963028,613003980,1.680387497543351,active_cumulative,/home/oy/iCAT/result/mixT-fixed50-tenhour-20261004/mixT-fixed50-rep1/control-series.txt
1791174657,2026-10-05T13:30:57+09:00,20961.0,F_FIO-Fast,1,1,3695261188096,902163376,618281006,1.6853315291309277,active_cumulative,/home/oy/iCAT/result/mixT-fixed50-tenhour-20261004/mixT-fixed50-rep1/control-series.txt
1791174687,2026-10-05T13:31:27+09:00,20991.0,F_FIO-Fast,1,1,3700177543168,903363658,623577105,1.6902835856609144,active_cumulative,/home/oy/iCAT/result/mixT-fixed50-tenhour-20261004/mixT-fixed50-rep1/control-series.txt
1791174717,2026-10-05T13:31:57+09:00,21021.0,F_FIO-Fast,1,1,3705094434816,904564071,628862462,1.6952105242305162,active_cumulative,/home/oy/iCAT/result/mixT-fixed50-tenhour-20261004/mixT-fixed50-rep1/control-series.txt
1791174747,2026-10-05T13:32:27+09:00,21051.0,F_FIO-Fast,1,1,3710011236352,905764462,634140479,1.700116316773753,active_cumulative,/home/oy/iCAT/result/mixT-fixed50-tenhour-20261004/mixT-fixed50-rep1/control-series.txt
1791174777,2026-10-05T13:32:57+09:00,21081.0,F_FIO-Fast,1,1,3714927980544,906964839,639405310,1.7049945957166264,active_cumulative,/home/oy/iCAT/result/mixT-fixed50-tenhour-20261004/mixT-fixed50-rep1/control-series.txt
1791174807,2026-10-05T13:33:27+09:00,21111.0,F_FIO-Fast,1,1,3719844466688,908165153,644642872,1.7098300015922323,active_cumulative,/home/oy/iCAT/result/mixT-fixed50-tenhour-20261004/mixT-fixed50-rep1/control-series.txt
1791174837,2026-10-05T13:33:57+09:00,21141.0,F_FIO-Fast,1,1,3724761133056,909365511,649863327,1.714633795914875,active_cumulative,/home/oy/iCAT/result/mixT-fixed50-tenhour-20261004/mixT-fixed50-rep1/control-series.txt
1791174867,2026-10-05T13:34:27+09:00,21171.0,F_FIO-Fast,1,1,3729677836288,910565878,655146869,1.719494201165311,active_cumulative,/home/oy/iCAT/result/mixT-fixed50-tenhour-20261004/mixT-fixed50-rep1/control-series.txt
1791174897,2026-10-05T13:34:57+09:00,21201.0,F_FIO-Fast,1,1,3734594482176,911766231,660429575,1.724340902904091,active_cumulative,/home/oy/iCAT/result/mixT-fixed50-tenhour-20261004/mixT-fixed50-rep1/control-series.txt
1791174927,2026-10-05T13:35:27+09:00,21231.0,F_FIO-Fast,1,1,3739511238656,912966611,665711117,1.7291735633911371,active_cumulative,/home/oy/iCAT/result/mixT-fixed50-tenhour-20261004/mixT-fixed50-rep1/control-series.txt
1791174957,2026-10-05T13:35:57+09:00,21261.0,F_FIO-Fast,1,1,3744427671552,914166912,670969246,1.7339679846124205,active_cumulative,/home/oy/iCAT/result/mixT-fixed50-tenhour-20261004/mixT-fixed50-rep1/control-series.txt
1791174987,2026-10-05T13:36:27+09:00,21291.0,F_FIO-Fast,1,1,3749344481280,915367305,676267277,1.7387933491900283,active_cumulative,/home/oy/iCAT/result/mixT-fixed50-tenhour-20261004/mixT-fixed50-rep1/control-series.txt
1791175017,2026-10-05T13:36:57+09:00,21321.0,F_FIO-Fast,1,1,3754261327872,916567707,681541048,1.7435795989700955,active_cumulative,/home/oy/iCAT/result/mixT-fixed50-tenhour-20261004/mixT-fixed50-rep1/control-series.txt
1791175047,2026-10-05T13:37:27+09:00,21351.0,F_FIO-Fast,1,1,3759177969664,917768059,686821489,1.7483606367259727,active_cumulative,/home/oy/iCAT/result/mixT-fixed50-tenhour-20261004/mixT-fixed50-rep1/control-series.txt
1791175077,2026-10-05T13:37:57+09:00,21381.0,F_FIO-Fast,1,1,3764095168512,918968547,692026101,1.7530465577512306,active_cumulative,/home/oy/iCAT/result/mixT-fixed50-tenhour-20261004/mixT-fixed50-rep1/control-series.txt
1791175107,2026-10-05T13:38:27+09:00,21411.0,F_FIO-Fast,1,1,3769011748864,920168884,697274993,1.7577684978532702,active_cumulative,/home/oy/iCAT/result/mixT-fixed50-tenhour-20261004/mixT-fixed50-rep1/control-series.txt
1791175137,2026-10-05T13:38:57+09:00,21441.0,F_FIO-Fast,1,1,3773928599552,921369287,702548761,1.7625050790302716,active_cumulative,/home/oy/iCAT/result/mixT-fixed50-tenhour-20261004/mixT-fixed50-rep1/control-series.txt
1791175167,2026-10-05T13:39:27+09:00,21471.0,F_FIO-Fast,1,1,3778845319168,922569658,707836325,1.767244314683499,active_cumulative,/home/oy/iCAT/result/mixT-fixed50-tenhour-20261004/mixT-fixed50-rep1/control-series.txt
1791175197,2026-10-05T13:39:57+09:00,21501.0,F_FIO-Fast,1,1,3783762059264,923770034,713122536,1.7719697649339423,active_cumulative,/home/oy/iCAT/result/mixT-fixed50-tenhour-20261004/mixT-fixed50-rep1/control-series.txt
1791175227,2026-10-05T13:40:27+09:00,21531.0,F_FIO-Fast,1,1,3788678520832,924970342,718394691,1.7766678112583203,active_cumulative,/home/oy/iCAT/result/mixT-fixed50-tenhour-20261004/mixT-fixed50-rep1/control-series.txt
1791175257,2026-10-05T13:40:57+09:00,21561.0,F_FIO-Fast,1,1,3793595199488,926170703,723669138,1.7813561103325033,active_cumulative,/home/oy/iCAT/result/mixT-fixed50-tenhour-20261004/mixT-fixed50-rep1/control-series.txt
1791175287,2026-10-05T13:41:27+09:00,21591.0,F_FIO-Fast,1,1,3798512037888,927371103,728944642,1.7860333793471672,active_cumulative,/home/oy/iCAT/result/mixT-fixed50-tenhour-20261004/mixT-fixed50-rep1/control-series.txt
1791175317,2026-10-05T13:41:57+09:00,21621.0,F_FIO-Fast,1,1,3803428581376,928571431,734201198,1.7906782111628416,active_cumulative,/home/oy/iCAT/result/mixT-fixed50-tenhour-20261004/mixT-fixed50-rep1/control-series.txt
1791175347,2026-10-05T13:42:27+09:00,21651.0,F_FIO-Fast,1,1,3808345288704,929771799,739416394,1.7952665318471333,active_cumulative,/home/oy/iCAT/result/mixT-fixed50-tenhour-20261004/mixT-fixed50-rep1/control-series.txt
1791175377,2026-10-05T13:42:57+09:00,21681.0,F_FIO-Fast,1,1,3813261737984,930972104,744691720,1.7999076629690292,active_cumulative,/home/oy/iCAT/result/mixT-fixed50-tenhour-20261004/mixT-fixed50-rep1/control-series.txt
1791175407,2026-10-05T13:43:27+09:00,21711.0,F_FIO-Fast,1,1,3818178564096,932172501,749982284,1.8045531092104166,active_cumulative,/home/oy/iCAT/result/mixT-fixed50-tenhour-20261004/mixT-fixed50-rep1/control-series.txt
1791175437,2026-10-05T13:43:57+09:00,21741.0,F_FIO-Fast,1,1,3823095058432,933372817,755279246,1.8091935315060712,active_cumulative,/home/oy/iCAT/result/mixT-fixed50-tenhour-20261004/mixT-fixed50-rep1/control-series.txt
1791175467,2026-10-05T13:44:27+09:00,21771.0,F_FIO-Fast,1,1,3828011528192,934573127,760559330,1.8138039796215968,active_cumulative,/home/oy/iCAT/result/mixT-fixed50-tenhour-20261004/mixT-fixed50-rep1/control-series.txt
1791175497,2026-10-05T13:44:57+09:00,21801.0,F_FIO-Fast,1,1,3832928165888,935773478,765835449,1.8183983271643867,active_cumulative,/home/oy/iCAT/result/mixT-fixed50-tenhour-20261004/mixT-fixed50-rep1/control-series.txt
1791175527,2026-10-05T13:45:27+09:00,21831.0,F_FIO-Fast,1,1,3837844877312,936973847,771106439,1.822975413314818,active_cumulative,/home/oy/iCAT/result/mixT-fixed50-tenhour-20261004/mixT-fixed50-rep1/control-series.txt
1791175557,2026-10-05T13:45:57+09:00,21861.0,F_FIO-Fast,1,1,3842761551872,938174207,776374510,1.8275376835210735,active_cumulative,/home/oy/iCAT/result/mixT-fixed50-tenhour-20261004/mixT-fixed50-rep1/control-series.txt
1791175587,2026-10-05T13:46:27+09:00,21891.0,F_FIO-Fast,1,1,3847678177280,939374555,781622085,1.8320664859822609,active_cumulative,/home/oy/iCAT/result/mixT-fixed50-tenhour-20261004/mixT-fixed50-rep1/control-series.txt
1791175617,2026-10-05T13:46:57+09:00,21921.0,F_FIO-Fast,1,1,3852595068928,940574968,786846820,1.8365593884271858,active_cumulative,/home/oy/iCAT/result/mixT-fixed50-tenhour-20261004/mixT-fixed50-rep1/control-series.txt
1791175647,2026-10-05T13:47:27+09:00,21951.0,F_FIO-Fast,1,1,3857511784448,941775338,792111732,1.8410835366342966,active_cumulative,/home/oy/iCAT/result/mixT-fixed50-tenhour-20261004/mixT-fixed50-rep1/control-series.txt
1791175677,2026-10-05T13:47:57+09:00,21981.0,F_FIO-Fast,1,1,3862428622848,942975738,797402730,1.8456238033135905,active_cumulative,/home/oy/iCAT/result/mixT-fixed50-tenhour-20261004/mixT-fixed50-rep1/control-series.txt
1791175707,2026-10-05T13:48:27+09:00,22011.0,F_FIO-Fast,1,1,3867345195008,944176073,802695963,1.8501549509187785,active_cumulative,/home/oy/iCAT/result/mixT-fixed50-tenhour-20261004/mixT-fixed50-rep1/control-series.txt
1791175737,2026-10-05T13:48:57+09:00,22041.0,F_FIO-Fast,1,1,3872261836800,945376425,808002617,1.8546887733105888,active_cumulative,/home/oy/iCAT/result/mixT-fixed50-tenhour-20261004/mixT-fixed50-rep1/control-series.txt
1791175767,2026-10-05T13:49:27+09:00,22071.0,F_FIO-Fast,1,1,3877178900480,946576880,813277940,1.8591779042817949,active_cumulative,/home/oy/iCAT/result/mixT-fixed50-tenhour-20261004/mixT-fixed50-rep1/control-series.txt
1791175797,2026-10-05T13:49:57+09:00,22101.0,F_FIO-Fast,1,1,3882095652864,947777259,818561846,1.8636647885639974,active_cumulative,/home/oy/iCAT/result/mixT-fixed50-tenhour-20261004/mixT-fixed50-rep1/control-series.txt
1791175827,2026-10-05T13:50:27+09:00,22131.0,F_FIO-Fast,1,1,3887012429824,948977644,823833723,1.8681276405284843,active_cumulative,/home/oy/iCAT/result/mixT-fixed50-tenhour-20261004/mixT-fixed50-rep1/control-series.txt
1791175857,2026-10-05T13:50:57+09:00,22161.0,F_FIO-Fast,1,1,3891929169920,950178020,829078982,1.8725512109825484,active_cumulative,/home/oy/iCAT/result/mixT-fixed50-tenhour-20261004/mixT-fixed50-rep1/control-series.txt
1791175887,2026-10-05T13:51:27+09:00,22191.0,F_FIO-Fast,1,1,3896845852672,951378382,834305170,1.8769435860483952,active_cumulative,/home/oy/iCAT/result/mixT-fixed50-tenhour-20261004/mixT-fixed50-rep1/control-series.txt
1791175917,2026-10-05T13:51:57+09:00,22221.0,F_FIO-Fast,1,1,3901762736128,952578793,839597553,1.881394336268832,active_cumulative,/home/oy/iCAT/result/mixT-fixed50-tenhour-20261004/mixT-fixed50-rep1/control-series.txt
1791175947,2026-10-05T13:52:27+09:00,22251.0,F_FIO-Fast,1,1,3906679676928,953779218,844874635,1.8858178277061182,active_cumulative,/home/oy/iCAT/result/mixT-fixed50-tenhour-20261004/mixT-fixed50-rep1/control-series.txt
1791175977,2026-10-05T13:52:57+09:00,22281.0,F_FIO-Fast,1,1,3911596359680,954979580,850186663,1.8902668505226048,active_cumulative,/home/oy/iCAT/result/mixT-fixed50-tenhour-20261004/mixT-fixed50-rep1/control-series.txt
1791176007,2026-10-05T13:53:27+09:00,22311.0,F_FIO-Fast,1,1,3916513079296,956179951,855469300,1.8946739566180257,active_cumulative,/home/oy/iCAT/result/mixT-fixed50-tenhour-20261004/mixT-fixed50-rep1/control-series.txt
1791176037,2026-10-05T13:53:57+09:00,22341.0,F_FIO-Fast,1,1,3921429831680,957380330,860766078,1.8990847743863717,active_cumulative,/home/oy/iCAT/result/mixT-fixed50-tenhour-20261004/mixT-fixed50-rep1/control-series.txt
1791176067,2026-10-05T13:54:27+09:00,22371.0,F_FIO-Fast,1,1,3926346571776,958580706,866034824,1.9034553048890595,active_cumulative,/home/oy/iCAT/result/mixT-fixed50-tenhour-20261004/mixT-fixed50-rep1/control-series.txt
1791176097,2026-10-05T13:54:57+09:00,22401.0,F_FIO-Fast,1,1,3931263152128,959781043,871320766,1.9078328566237372,active_cumulative,/home/oy/iCAT/result/mixT-fixed50-tenhour-20261004/mixT-fixed50-rep1/control-series.txt
1791176127,2026-10-05T13:55:27+09:00,22431.0,F_FIO-Fast,1,1,3936179953664,960981434,876534898,1.91212469563694,active_cumulative,/home/oy/iCAT/result/mixT-fixed50-tenhour-20261004/mixT-fixed50-rep1/control-series.txt
1791176157,2026-10-05T13:55:57+09:00,22461.0,F_FIO-Fast,1,1,3941096669184,962181804,881799288,1.9164580792675228,active_cumulative,/home/oy/iCAT/result/mixT-fixed50-tenhour-20261004/mixT-fixed50-rep1/control-series.txt
1791176187,2026-10-05T13:56:27+09:00,22491.0,F_FIO-Fast,1,1,3946013319168,963382158,887067666,1.9207848190188301,active_cumulative,/home/oy/iCAT/result/mixT-fixed50-tenhour-20261004/mixT-fixed50-rep1/control-series.txt
1791176217,2026-10-05T13:56:57+09:00,22521.0,F_FIO-Fast,1,1,3950929989632,964582517,892357805,1.9251233453570877,active_cumulative,/home/oy/iCAT/result/mixT-fixed50-tenhour-20261004/mixT-fixed50-rep1/control-series.txt
1791176247,2026-10-05T13:57:27+09:00,22551.0,F_FIO-Fast,1,1,3955846594560,965782860,897635104,1.9294378075833734,active_cumulative,/home/oy/iCAT/result/mixT-fixed50-tenhour-20261004/mixT-fixed50-rep1/control-series.txt
1791176277,2026-10-05T13:57:57+09:00,22581.0,F_FIO-Fast,1,1,3960763445248,966983263,902930687,1.9337604088396718,active_cumulative,/home/oy/iCAT/result/mixT-fixed50-tenhour-20261004/mixT-fixed50-rep1/control-series.txt
1791176307,2026-10-05T13:58:27+09:00,22611.0,F_FIO-Fast,1,1,3965680263168,968183658,908210801,1.9380563217479962,active_cumulative,/home/oy/iCAT/result/mixT-fixed50-tenhour-20261004/mixT-fixed50-rep1/control-series.txt
1791176337,2026-10-05T13:58:57+09:00,22641.0,F_FIO-Fast,1,1,3970596917248,969384013,913479581,1.9423299422620044,active_cumulative,/home/oy/iCAT/result/mixT-fixed50-tenhour-20261004/mixT-fixed50-rep1/control-series.txt
1791176367,2026-10-05T13:59:27+09:00,22671.0,F_FIO-Fast,1,1,3975513772032,970584417,918735310,1.946579497783138,active_cumulative,/home/oy/iCAT/result/mixT-fixed50-tenhour-20261004/mixT-fixed50-rep1/control-series.txt
1791176397,2026-10-05T13:59:57+09:00,22701.0,F_FIO-Fast,1,1,3980430491648,971784788,923956120,1.9507826541528452,active_cumulative,/home/oy/iCAT/result/mixT-fixed50-tenhour-20261004/mixT-fixed50-rep1/control-series.txt
1791176427,2026-10-05T14:00:27+09:00,22731.0,F_FIO-Fast,1,1,3985347055616,972985121,929216395,1.9550160377015673,active_cumulative,/home/oy/iCAT/result/mixT-fixed50-tenhour-20261004/mixT-fixed50-rep1/control-series.txt
1791176457,2026-10-05T14:00:57+09:00,22761.0,F_FIO-Fast,1,1,3990263738368,974185483,934534355,1.9592981740213429,active_cumulative,/home/oy/iCAT/result/mixT-fixed50-tenhour-20261004/mixT-fixed50-rep1/control-series.txt
1791176487,2026-10-05T14:01:27+09:00,22791.0,F_FIO-Fast,1,1,3995180658688,975385903,939825081,1.9635417921351688,active_cumulative,/home/oy/iCAT/result/mixT-fixed50-tenhour-20261004/mixT-fixed50-rep1/control-series.txt
1791176517,2026-10-05T14:01:57+09:00,22821.0,F_FIO-Fast,1,1,4000097308672,976586257,945114257,1.9677734559805504,active_cumulative,/home/oy/iCAT/result/mixT-fixed50-tenhour-20261004/mixT-fixed50-rep1/control-series.txt
1791176547,2026-10-05T14:02:27+09:00,22851.0,F_FIO-Fast,1,1,4005013909504,977786599,950379575,1.9719703419662022,active_cumulative,/home/oy/iCAT/result/mixT-fixed50-tenhour-20261004/mixT-fixed50-rep1/control-series.txt
1791176577,2026-10-05T14:02:57+09:00,22881.0,F_FIO-Fast,1,1,4009930502144,978986939,955654958,1.9761672193258955,active_cumulative,/home/oy/iCAT/result/mixT-fixed50-tenhour-20261004/mixT-fixed50-rep1/control-series.txt
1791176607,2026-10-05T14:03:27+09:00,22911.0,F_FIO-Fast,1,1,4014847664128,980187418,960919496,1.98034261443662,active_cumulative,/home/oy/iCAT/result/mixT-fixed50-tenhour-20261004/mixT-fixed50-rep1/control-series.txt
1791176637,2026-10-05T14:03:57+09:00,22941.0,F_FIO-Fast,1,1,4019764318208,981387773,966169815,1.9844934302029458,active_cumulative,/home/oy/iCAT/result/mixT-fixed50-tenhour-20261004/mixT-fixed50-rep1/control-series.txt
1791176667,2026-10-05T14:04:27+09:00,22971.0,F_FIO-Fast,1,1,4024681148416,982588171,971382675,1.9885959384300382,active_cumulative,/home/oy/iCAT/result/mixT-fixed50-tenhour-20261004/mixT-fixed50-rep1/control-series.txt
1791176698,2026-10-05T14:04:58+09:00,23002.0,F_FIO-Fast,1,1,4029597986816,983788571,976672786,1.9927669570375603,active_cumulative,/home/oy/iCAT/result/mixT-fixed50-tenhour-20261004/mixT-fixed50-rep1/control-series.txt
1791176728,2026-10-05T14:05:28+09:00,23032.0,F_FIO-Fast,1,1,4034514784256,984988961,981952964,1.9969177349998748,active_cumulative,/home/oy/iCAT/result/mixT-fixed50-tenhour-20261004/mixT-fixed50-rep1/control-series.txt
1791176758,2026-10-05T14:05:58+09:00,23062.0,F_FIO-Fast,1,1,4039431868416,986189421,987265389,2.0010910358366134,active_cumulative,/home/oy/iCAT/result/mixT-fixed50-tenhour-20261004/mixT-fixed50-rep1/control-series.txt
1791176788,2026-10-05T14:06:28+09:00,23092.0,F_FIO-Fast,1,1,4044349022208,987389898,992552529,2.005228563721846,active_cumulative,/home/oy/iCAT/result/mixT-fixed50-tenhour-20261004/mixT-fixed50-rep1/control-series.txt
1791176818,2026-10-05T14:06:58+09:00,23122.0,F_FIO-Fast,1,1,4049265561600,988590225,997847642,2.0093642611123332,active_cumulative,/home/oy/iCAT/result/mixT-fixed50-tenhour-20261004/mixT-fixed50-rep1/control-series.txt
1791176848,2026-10-05T14:07:28+09:00,23152.0,F_FIO-Fast,1,1,4054182207488,989790578,1003130860,2.01347788339929,active_cumulative,/home/oy/iCAT/result/mixT-fixed50-tenhour-20261004/mixT-fixed50-rep1/control-series.txt
1791176878,2026-10-05T14:07:58+09:00,23182.0,F_FIO-Fast,1,1,4059098644480,990990880,1008401659,2.0175690607768257,active_cumulative,/home/oy/iCAT/result/mixT-fixed50-tenhour-20261004/mixT-fixed50-rep1/control-series.txt
1791176908,2026-10-05T14:08:28+09:00,23212.0,F_FIO-Fast,1,1,4064015331328,992191243,1013633678,2.0216111915432418,active_cumulative,/home/oy/iCAT/result/mixT-fixed50-tenhour-20261004/mixT-fixed50-rep1/control-series.txt
1791176938,2026-10-05T14:08:58+09:00,23242.0,F_FIO-Fast,1,1,4068932136960,993391635,1018883977,2.025661925369444,active_cumulative,/home/oy/iCAT/result/mixT-fixed50-tenhour-20261004/mixT-fixed50-rep1/control-series.txt
1791176968,2026-10-05T14:09:28+09:00,23272.0,F_FIO-Fast,1,1,4073848647680,994591955,1024154644,2.0297234346722623,active_cumulative,/home/oy/iCAT/result/mixT-fixed50-tenhour-20261004/mixT-fixed50-rep1/control-series.txt
1791176998,2026-10-05T14:09:58+09:00,23302.0,F_FIO-Fast,1,1,4078765436928,995792343,1029446216,2.033796075292778,active_cumulative,/home/oy/iCAT/result/mixT-fixed50-tenhour-20261004/mixT-fixed50-rep1/control-series.txt
1791177028,2026-10-05T14:10:28+09:00,23332.0,F_FIO-Fast,1,1,4083682680832,996992842,1034741022,2.0378620371278453,active_cumulative,/home/oy/iCAT/result/mixT-fixed50-tenhour-20261004/mixT-fixed50-rep1/control-series.txt
1791177058,2026-10-05T14:10:58+09:00,23362.0,F_FIO-Fast,1,1,4088599433216,998193221,1040044182,2.0419267133051386,active_cumulative,/home/oy/iCAT/result/mixT-fixed50-tenhour-20261004/mixT-fixed50-rep1/control-series.txt
1791177088,2026-10-05T14:11:28+09:00,23392.0,F_FIO-Fast,1,1,4093515980800,999393550,1045311569,2.045945882880673,active_cumulative,/home/oy/iCAT/result/mixT-fixed50-tenhour-20261004/mixT-fixed50-rep1/control-series.txt
1791177118,2026-10-05T14:11:58+09:00,23422.0,F_FIO-Fast,1,1,4098432684032,1000593917,1050599332,2.04997573356225,active_cumulative,/home/oy/iCAT/result/mixT-fixed50-tenhour-20261004/mixT-fixed50-rep1/control-series.txt
1791177148,2026-10-05T14:12:28+09:00,23452.0,F_FIO-Fast,1,1,4103349325824,1001794269,1055885900,2.0539947498941022,active_cumulative,/home/oy/iCAT/result/mixT-fixed50-tenhour-20261004/mixT-fixed50-rep1/control-series.txt
1791177178,2026-10-05T14:12:58+09:00,23482.0,F_FIO-Fast,1,1,4108266037248,1002994638,1061127244,2.0579590396573986,active_cumulative,/home/oy/iCAT/result/mixT-fixed50-tenhour-20261004/mixT-fixed50-rep1/control-series.txt
1791177208,2026-10-05T14:13:28+09:00,23512.0,F_FIO-Fast,1,1,4113182875648,1004195038,1066392901,2.0619380306079544,active_cumulative,/home/oy/iCAT/result/mixT-fixed50-tenhour-20261004/mixT-fixed50-rep1/control-series.txt
1791177238,2026-10-05T14:13:58+09:00,23542.0,F_FIO-Fast,1,1,4118099513344,1005395389,1071692586,2.0659414174019055,active_cumulative,/home/oy/iCAT/result/mixT-fixed50-tenhour-20261004/mixT-fixed50-rep1/control-series.txt
1791177268,2026-10-05T14:14:28+09:00,23572.0,F_FIO-Fast,1,1,4123016347648,1006595788,1076991641,2.069934579340799,active_cumulative,/home/oy/iCAT/result/mixT-fixed50-tenhour-20261004/mixT-fixed50-rep1/control-series.txt
1791177298,2026-10-05T14:14:58+09:00,23602.0,F_FIO-Fast,1,1,4127932932096,1007796126,1082286411,2.0739140418168267,active_cumulative,/home/oy/iCAT/result/mixT-fixed50-tenhour-20261004/mixT-fixed50-rep1/control-series.txt
1791177328,2026-10-05T14:15:28+09:00,23632.0,F_FIO-Fast,1,1,4132849815552,1008996537,1087568804,2.0778716914466475,active_cumulative,/home/oy/iCAT/result/mixT-fixed50-tenhour-20261004/mixT-fixed50-rep1/control-series.txt
1791177358,2026-10-05T14:15:58+09:00,23662.0,F_FIO-Fast,1,1,4137766612992,1010196927,1092870294,2.0818388620974293,active_cumulative,/home/oy/iCAT/result/mixT-fixed50-tenhour-20261004/mixT-fixed50-rep1/control-series.txt
1791177388,2026-10-05T14:16:28+09:00,23692.0,F_FIO-Fast,1,1,4142683009024,1011397219,1098148421,2.085773621254144,active_cumulative,/home/oy/iCAT/result/mixT-fixed50-tenhour-20261004/mixT-fixed50-rep1/control-series.txt
1791177418,2026-10-05T14:16:58+09:00,23722.0,F_FIO-Fast,1,1,4147599609856,1012597561,1103424299,2.089696777375509,active_cumulative,/home/oy/iCAT/result/mixT-fixed50-tenhour-20261004/mixT-fixed50-rep1/control-series.txt
1791177448,2026-10-05T14:17:28+09:00,23752.0,F_FIO-Fast,1,1,4152516542464,1013797984,1108608758,2.093520381275487,active_cumulative,/home/oy/iCAT/result/mixT-fixed50-tenhour-20261004/mixT-fixed50-rep1/control-series.txt
1791177478,2026-10-05T14:17:58+09:00,23782.0,F_FIO-Fast,1,1,4157433298944,1014998364,1113899902,2.097440095972411,active_cumulative,/home/oy/iCAT/result/mixT-fixed50-tenhour-20261004/mixT-fixed50-rep1/control-series.txt
1791177508,2026-10-05T14:18:28+09:00,23812.0,F_FIO-Fast,1,1,4162349993984,1016198729,1119188902,2.1013484568135095,active_cumulative,/home/oy/iCAT/result/mixT-fixed50-tenhour-20261004/mixT-fixed50-rep1/control-series.txt
1791177538,2026-10-05T14:18:58+09:00,23842.0,F_FIO-Fast,1,1,4167266664448,1017399088,1124499644,2.1052689718943407,active_cumulative,/home/oy/iCAT/result/mixT-fixed50-tenhour-20261004/mixT-fixed50-rep1/control-series.txt
1791177568,2026-10-05T14:19:28+09:00,23872.0,F_FIO-Fast,1,1,4172183265280,1018599430,1129786903,2.1091572110932755,active_cumulative,/home/oy/iCAT/result/mixT-fixed50-tenhour-20261004/mixT-fixed50-rep1/control-series.txt
1791177598,2026-10-05T14:19:58+09:00,23902.0,F_FIO-Fast,1,1,4177099956224,1019799794,1135089455,2.113051269159209,active_cumulative,/home/oy/iCAT/result/mixT-fixed50-tenhour-20261004/mixT-fixed50-rep1/control-series.txt
1791177628,2026-10-05T14:20:28+09:00,23932.0,F_FIO-Fast,1,1,4182016696320,1021000170,1140364797,2.1169095074685442,active_cumulative,/home/oy/iCAT/result/mixT-fixed50-tenhour-20261004/mixT-fixed50-rep1/control-series.txt
1791177658,2026-10-05T14:20:58+09:00,23962.0,F_FIO-Fast,1,1,4186933440512,1022200547,1145640966,2.120759492217333,active_cumulative,/home/oy/iCAT/result/mixT-fixed50-tenhour-20261004/mixT-fixed50-rep1/control-series.txt
1791177688,2026-10-05T14:21:28+09:00,23992.0,F_FIO-Fast,1,1,4191849996288,1023400878,1150883960,2.12456807956735,active_cumulative,/home/oy/iCAT/result/mixT-fixed50-tenhour-20261004/mixT-fixed50-rep1/control-series.txt
1791177718,2026-10-05T14:21:58+09:00,24022.0,F_FIO-Fast,1,1,4196766699520,1024601245,1156132293,2.128372914479525,active_cumulative,/home/oy/iCAT/result/mixT-fixed50-tenhour-20261004/mixT-fixed50-rep1/control-series.txt
1791177748,2026-10-05T14:22:28+09:00,24052.0,G_Varmail,1,1,4202394480640,1025975215,1161784507,2.1323709286680965,active_cumulative,/home/oy/iCAT/result/mixT-fixed50-tenhour-20261004/mixT-fixed50-rep1/control-series.txt
1791177778,2026-10-05T14:22:58+09:00,24082.0,G_Varmail,1,1,4215040638976,1029062656,1170043382,2.1369991663559116,active_cumulative,/home/oy/iCAT/result/mixT-fixed50-tenhour-20261004/mixT-fixed50-rep1/control-series.txt
1791177808,2026-10-05T14:23:28+09:00,24112.0,G_Varmail,1,1,4228181233664,1032270809,1178187838,2.1413553766393485,active_cumulative,/home/oy/iCAT/result/mixT-fixed50-tenhour-20261004/mixT-fixed50-rep1/control-series.txt
1791177838,2026-10-05T14:23:58+09:00,24142.0,G_Varmail,1,1,4241517027328,1035526618,1185956220,2.145268696511672,active_cumulative,/home/oy/iCAT/result/mixT-fixed50-tenhour-20261004/mixT-fixed50-rep1/control-series.txt
1791177868,2026-10-05T14:24:28+09:00,24172.0,G_Varmail,1,1,4255142752256,1038853211,1193476592,2.1488404515313184,active_cumulative,/home/oy/iCAT/result/mixT-fixed50-tenhour-20261004/mixT-fixed50-rep1/control-series.txt
1791177898,2026-10-05T14:24:58+09:00,24202.0,G_Varmail,1,1,4268835897344,1042196264,1200709143,2.152095036679195,active_cumulative,/home/oy/iCAT/result/mixT-fixed50-tenhour-20261004/mixT-fixed50-rep1/control-series.txt
1791177928,2026-10-05T14:25:28+09:00,24232.0,G_Varmail,1,1,4282701815808,1045581498,1207774884,2.1551226626621123,active_cumulative,/home/oy/iCAT/result/mixT-fixed50-tenhour-20261004/mixT-fixed50-rep1/control-series.txt
1791177958,2026-10-05T14:25:58+09:00,24262.0,G_Varmail,1,1,4296557965312,1048964347,1214511603,2.1578197166314177,active_cumulative,/home/oy/iCAT/result/mixT-fixed50-tenhour-20261004/mixT-fixed50-rep1/control-series.txt
1791177988,2026-10-05T14:26:28+09:00,24292.0,G_Varmail,1,1,4310692200448,1052415088,1221122662,2.1603051646861227,active_cumulative,/home/oy/iCAT/result/mixT-fixed50-tenhour-20261004/mixT-fixed50-rep1/control-series.txt
1791178018,2026-10-05T14:26:58+09:00,24322.0,G_Varmail,1,1,4324959293440,1055898265,1227647083,2.162656596466706,active_cumulative,/home/oy/iCAT/result/mixT-fixed50-tenhour-20261004/mixT-fixed50-rep1/control-series.txt
1791178048,2026-10-05T14:27:28+09:00,24352.0,G_Varmail,1,1,4339304890368,1059400608,1234109879,2.1649133195513515,active_cumulative,/home/oy/iCAT/result/mixT-fixed50-tenhour-20261004/mixT-fixed50-rep1/control-series.txt
1791178078,2026-10-05T14:27:58+09:00,24382.0,G_Varmail,1,1,4353841954816,1062949696,1240490417,2.1670264563488804,active_cumulative,/home/oy/iCAT/result/mixT-fixed50-tenhour-20261004/mixT-fixed50-rep1/control-series.txt
1791178108,2026-10-05T14:28:28+09:00,24412.0,G_Varmail,1,1,4368432783360,1066511910,1246805641,2.1690498993114855,active_cumulative,/home/oy/iCAT/result/mixT-fixed50-tenhour-20261004/mixT-fixed50-rep1/control-series.txt
1791178138,2026-10-05T14:28:58+09:00,24442.0,G_Varmail,1,1,4383037046784,1070077404,1253000040,2.1709433685042097,active_cumulative,/home/oy/iCAT/result/mixT-fixed50-tenhour-20261004/mixT-fixed50-rep1/control-series.txt
1791178168,2026-10-05T14:29:28+09:00,24472.0,G_Varmail,1,1,4397680492544,1073652464,1259081613,2.1727087257911792,active_cumulative,/home/oy/iCAT/result/mixT-fixed50-tenhour-20261004/mixT-fixed50-rep1/control-series.txt
1791178198,2026-10-05T14:29:58+09:00,24502.0,G_Varmail,1,1,4412416348160,1077250085,1265076034,2.1743568662610038,active_cumulative,/home/oy/iCAT/result/mixT-fixed50-tenhour-20261004/mixT-fixed50-rep1/control-series.txt
1791178228,2026-10-05T14:30:28+09:00,24532.0,G_Varmail,1,1,4427286167552,1080880412,1271068565,2.17595670241455,active_cumulative,/home/oy/iCAT/result/mixT-fixed50-tenhour-20261004/mixT-fixed50-rep1/control-series.txt
1791178258,2026-10-05T14:30:58+09:00,24562.0,G_Varmail,1,1,4442222985216,1084527096,1276966216,2.1774405828215473,active_cumulative,/home/oy/iCAT/result/mixT-fixed50-tenhour-20261004/mixT-fixed50-rep1/control-series.txt
1791178288,2026-10-05T14:31:28+09:00,24592.0,G_Varmail,1,1,4457081663488,1088154703,1282702296,2.178786704191637,active_cumulative,/home/oy/iCAT/result/mixT-fixed50-tenhour-20261004/mixT-fixed50-rep1/control-series.txt
1791178318,2026-10-05T14:31:58+09:00,24622.0,G_Varmail,1,1,4471970631680,1091789705,1288380127,2.180062535028209,active_cumulative,/home/oy/iCAT/result/mixT-fixed50-tenhour-20261004/mixT-fixed50-rep1/control-series.txt
1791178348,2026-10-05T14:32:28+09:00,24652.0,G_Varmail,1,1,4487007936512,1095460922,1294008344,2.1812455542800278,active_cumulative,/home/oy/iCAT/result/mixT-fixed50-tenhour-20261004/mixT-fixed50-rep1/control-series.txt
1791178378,2026-10-05T14:32:58+09:00,24682.0,G_Varmail,1,1,4502055190528,1099134568,1299621982,2.1824047935866577,active_cumulative,/home/oy/iCAT/result/mixT-fixed50-tenhour-20261004/mixT-fixed50-rep1/control-series.txt
1791178408,2026-10-05T14:33:28+09:00,24712.0,G_Varmail,1,1,4517226512384,1102838504,1305204444,2.183495533812084,active_cumulative,/home/oy/iCAT/result/mixT-fixed50-tenhour-20261004/mixT-fixed50-rep1/control-series.txt
1791178438,2026-10-05T14:33:58+09:00,24742.0,G_Varmail,1,1,4532538531840,1106576790,1310747176,2.184506297118341,active_cumulative,/home/oy/iCAT/result/mixT-fixed50-tenhour-20261004/mixT-fixed50-rep1/control-series.txt
1791178468,2026-10-05T14:34:28+09:00,24772.0,G_Varmail,1,1,4547897970688,1110326653,1316223613,2.1854381856399514,active_cumulative,/home/oy/iCAT/result/mixT-fixed50-tenhour-20261004/mixT-fixed50-rep1/control-series.txt
1791178498,2026-10-05T14:34:58+09:00,24802.0,G_Varmail,1,1,4563264901120,1114078345,1321655125,2.1863215284020265,active_cumulative,/home/oy/iCAT/result/mixT-fixed50-tenhour-20261004/mixT-fixed50-rep1/control-series.txt
1791178528,2026-10-05T14:35:28+09:00,24832.0,G_Varmail,1,1,4578681946112,1117842272,1327014040,2.1871210037761033,active_cumulative,/home/oy/iCAT/result/mixT-fixed50-tenhour-20261004/mixT-fixed50-rep1/control-series.txt
1791178558,2026-10-05T14:35:58+09:00,24862.0,G_Varmail,1,1,4594113699840,1121609790,1332338284,2.187880398226553,active_cumulative,/home/oy/iCAT/result/mixT-fixed50-tenhour-20261004/mixT-fixed50-rep1/control-series.txt
1791178588,2026-10-05T14:36:28+09:00,24892.0,G_Varmail,1,1,4609593384960,1125389010,1337618224,2.1885829807419217,active_cumulative,/home/oy/iCAT/result/mixT-fixed50-tenhour-20261004/mixT-fixed50-rep1/control-series.txt
1791178618,2026-10-05T14:36:58+09:00,24922.0,G_Varmail,1,1,4625117483008,1129179073,1342856170,2.1892322503217345,active_cumulative,/home/oy/iCAT/result/mixT-fixed50-tenhour-20261004/mixT-fixed50-rep1/control-series.txt
1791178648,2026-10-05T14:37:28+09:00,24952.0,G_Varmail,1,1,4640673976320,1132977045,1348078897,2.1898554370093173,active_cumulative,/home/oy/iCAT/result/mixT-fixed50-tenhour-20261004/mixT-fixed50-rep1/control-series.txt
1791178678,2026-10-05T14:37:58+09:00,24982.0,G_Varmail,1,1,4656272846848,1136785363,1353287919,2.1904515690003654,active_cumulative,/home/oy/iCAT/result/mixT-fixed50-tenhour-20261004/mixT-fixed50-rep1/control-series.txt
1791178708,2026-10-05T14:38:28+09:00,25012.0,G_Varmail,1,1,4671929978880,1140607905,1358459889,2.1909963827578416,active_cumulative,/home/oy/iCAT/result/mixT-fixed50-tenhour-20261004/mixT-fixed50-rep1/control-series.txt
1791178738,2026-10-05T14:38:58+09:00,25042.0,G_Varmail,1,1,4687609098240,1144435815,1363622342,2.1915236522023736,active_cumulative,/home/oy/iCAT/result/mixT-fixed50-tenhour-20261004/mixT-fixed50-rep1/control-series.txt
1791178768,2026-10-05T14:39:28+09:00,25072.0,G_Varmail,1,1,4703322165248,1148272013,1368754736,2.1920126246253813,active_cumulative,/home/oy/iCAT/result/mixT-fixed50-tenhour-20261004/mixT-fixed50-rep1/control-series.txt
1791178798,2026-10-05T14:39:58+09:00,25102.0,G_Varmail,1,1,4719044788224,1152110544,1373873265,2.1924838915457405,active_cumulative,/home/oy/iCAT/result/mixT-fixed50-tenhour-20261004/mixT-fixed50-rep1/control-series.txt
1791178828,2026-10-05T14:40:28+09:00,25132.0,G_Varmail,1,1,4734763552768,1155948133,1378964859,2.192929699554262,active_cumulative,/home/oy/iCAT/result/mixT-fixed50-tenhour-20261004/mixT-fixed50-rep1/control-series.txt
1791178858,2026-10-05T14:40:58+09:00,25162.0,G_Varmail,1,1,4750497886208,1159789523,1384013824,2.1933318904450907,active_cumulative,/home/oy/iCAT/result/mixT-fixed50-tenhour-20261004/mixT-fixed50-rep1/control-series.txt
1791178888,2026-10-05T14:41:28+09:00,25192.0,G_Varmail,1,1,4766290579456,1163645161,1389066279,2.193719808714093,active_cumulative,/home/oy/iCAT/result/mixT-fixed50-tenhour-20261004/mixT-fixed50-rep1/control-series.txt
1791178918,2026-10-05T14:41:58+09:00,25222.0,G_Varmail,1,1,4782073257984,1167498354,1394111482,2.1941014539537416,active_cumulative,/home/oy/iCAT/result/mixT-fixed50-tenhour-20261004/mixT-fixed50-rep1/control-series.txt
1791178948,2026-10-05T14:42:28+09:00,25252.0,G_Varmail,1,1,4797857116160,1171351835,1399133583,2.19446057213032,active_cumulative,/home/oy/iCAT/result/mixT-fixed50-tenhour-20261004/mixT-fixed50-rep1/control-series.txt
1791178978,2026-10-05T14:42:58+09:00,25282.0,G_Varmail,1,1,4813659533312,1175209847,1404120049,2.194782406379888,active_cumulative,/home/oy/iCAT/result/mixT-fixed50-tenhour-20261004/mixT-fixed50-rep1/control-series.txt
1791179008,2026-10-05T14:43:28+09:00,25312.0,G_Varmail,1,1,4829474910208,1179071023,1409114637,2.195105815945406,active_cumulative,/home/oy/iCAT/result/mixT-fixed50-tenhour-20261004/mixT-fixed50-rep1/control-series.txt
1791179038,2026-10-05T14:43:58+09:00,25342.0,G_Varmail,1,1,4845347328000,1182946125,1414105387,2.195409796874731,active_cumulative,/home/oy/iCAT/result/mixT-fixed50-tenhour-20261004/mixT-fixed50-rep1/control-series.txt
1791179068,2026-10-05T14:44:28+09:00,25372.0,G_Varmail,1,1,4861236371456,1186825286,1419069996,2.195685677360939,active_cumulative,/home/oy/iCAT/result/mixT-fixed50-tenhour-20261004/mixT-fixed50-rep1/control-series.txt
1791179098,2026-10-05T14:44:58+09:00,25402.0,G_Varmail,1,1,4877108715520,1190700370,1423999139,2.195934069458633,active_cumulative,/home/oy/iCAT/result/mixT-fixed50-tenhour-20261004/mixT-fixed50-rep1/control-series.txt
1791179128,2026-10-05T14:45:28+09:00,25432.0,G_Varmail,1,1,4893009326080,1194582355,1428893866,2.1961451297344836,active_cumulative,/home/oy/iCAT/result/mixT-fixed50-tenhour-20261004/mixT-fixed50-rep1/control-series.txt
1791179158,2026-10-05T14:45:58+09:00,25462.0,G_Varmail,1,1,4908900110336,1198461941,1433757209,2.1963310305904824,active_cumulative,/home/oy/iCAT/result/mixT-fixed50-tenhour-20261004/mixT-fixed50-rep1/control-series.txt
1791179188,2026-10-05T14:46:28+09:00,25492.0,G_Varmail,1,1,4924798705664,1202343434,1438588174,2.1964869049220423,active_cumulative,/home/oy/iCAT/result/mixT-fixed50-tenhour-20261004/mixT-fixed50-rep1/control-series.txt
1791179218,2026-10-05T14:46:58+09:00,25522.0,G_Varmail,1,1,4940748890112,1206237522,1443410839,2.196622400376632,active_cumulative,/home/oy/iCAT/result/mixT-fixed50-tenhour-20261004/mixT-fixed50-rep1/control-series.txt
1791179248,2026-10-05T14:47:28+09:00,25552.0,G_Varmail,1,1,4956673867776,1210125456,1448193381,2.196729953757786,active_cumulative,/home/oy/iCAT/result/mixT-fixed50-tenhour-20261004/mixT-fixed50-rep1/control-series.txt
1791179278,2026-10-05T14:47:58+09:00,25582.0,G_Varmail,1,1,4972641411072,1214023782,1452979018,2.196829122742836,active_cumulative,/home/oy/iCAT/result/mixT-fixed50-tenhour-20261004/mixT-fixed50-rep1/control-series.txt
1791179308,2026-10-05T14:48:28+09:00,25612.0,G_Varmail,1,1,4988553809920,1217908645,1457738798,2.196919657303196,active_cumulative,/home/oy/iCAT/result/mixT-fixed50-tenhour-20261004/mixT-fixed50-rep1/control-series.txt
1791179338,2026-10-05T14:48:58+09:00,25642.0,G_Varmail,1,1,5004531535872,1221809457,1462481111,2.1969796948461497,active_cumulative,/home/oy/iCAT/result/mixT-fixed50-tenhour-20261004/mixT-fixed50-rep1/control-series.txt
1791179368,2026-10-05T14:49:28+09:00,25672.0,G_Varmail,1,1,5020543647744,1225718664,1467203456,2.1970148608261706,active_cumulative,/home/oy/iCAT/result/mixT-fixed50-tenhour-20261004/mixT-fixed50-rep1/control-series.txt
1791179398,2026-10-05T14:49:58+09:00,25702.0,G_Varmail,1,1,5036597645312,1229638097,1471892979,2.197013155814739,active_cumulative,/home/oy/iCAT/result/mixT-fixed50-tenhour-20261004/mixT-fixed50-rep1/control-series.txt
1791179428,2026-10-05T14:50:28+09:00,25732.0,G_Varmail,1,1,5052631961600,1233552725,1476571349,2.197007082935997,active_cumulative,/home/oy/iCAT/result/mixT-fixed50-tenhour-20261004/mixT-fixed50-rep1/control-series.txt
1791179458,2026-10-05T14:50:58+09:00,25762.0,G_Varmail,1,1,5068657385472,1237465182,1481227681,2.1969853395034757,active_cumulative,/home/oy/iCAT/result/mixT-fixed50-tenhour-20261004/mixT-fixed50-rep1/control-series.txt
1791179488,2026-10-05T14:51:28+09:00,25792.0,G_Varmail,1,1,5084689702912,1241379322,1485875144,2.196954965873034,active_cumulative,/home/oy/iCAT/result/mixT-fixed50-tenhour-20261004/mixT-fixed50-rep1/control-series.txt
1791179518,2026-10-05T14:51:58+09:00,25822.0,G_Varmail,1,1,5100749312000,1245300125,1490510434,2.1969086038596517,active_cumulative,/home/oy/iCAT/result/mixT-fixed50-tenhour-20261004/mixT-fixed50-rep1/control-series.txt
1791179548,2026-10-05T14:52:28+09:00,25852.0,G_Varmail,1,1,5116852162560,1249231485,1495129457,2.19683939682324,active_cumulative,/home/oy/iCAT/result/mixT-fixed50-tenhour-20261004/mixT-fixed50-rep1/control-series.txt
1791179578,2026-10-05T14:52:58+09:00,25882.0,G_Varmail,1,1,5132978475008,1253168573,1499759573,2.196774005758601,active_cumulative,/home/oy/iCAT/result/mixT-fixed50-tenhour-20261004/mixT-fixed50-rep1/control-series.txt
1791179608,2026-10-05T14:53:28+09:00,25912.0,G_Varmail,1,1,5149110534144,1257107064,1504353879,2.196679202655407,active_cumulative,/home/oy/iCAT/result/mixT-fixed50-tenhour-20261004/mixT-fixed50-rep1/control-series.txt
1791179638,2026-10-05T14:53:58+09:00,25942.0,G_Varmail,1,1,5165254197248,1261048388,1508951729,2.1965851139092054,active_cumulative,/home/oy/iCAT/result/mixT-fixed50-tenhour-20261004/mixT-fixed50-rep1/control-series.txt
1791179668,2026-10-05T14:54:28+09:00,25972.0,G_Varmail,1,1,5181369024512,1264982672,1513550755,2.1964991999510963,active_cumulative,/home/oy/iCAT/result/mixT-fixed50-tenhour-20261004/mixT-fixed50-rep1/control-series.txt
1791179698,2026-10-05T14:54:58+09:00,26002.0,G_Varmail,1,1,5197489094656,1268918236,1518133412,2.1963997119196574,active_cumulative,/home/oy/iCAT/result/mixT-fixed50-tenhour-20261004/mixT-fixed50-rep1/control-series.txt
1791179728,2026-10-05T14:55:28+09:00,26032.0,G_Varmail,1,1,5213669089280,1272868430,1522731565,2.196299263231786,active_cumulative,/home/oy/iCAT/result/mixT-fixed50-tenhour-20261004/mixT-fixed50-rep1/control-series.txt
1791179758,2026-10-05T14:55:58+09:00,26062.0,G_Varmail,1,1,5229834842112,1276815147,1527318100,2.1961935943418127,active_cumulative,/home/oy/iCAT/result/mixT-fixed50-tenhour-20261004/mixT-fixed50-rep1/control-series.txt
1791179788,2026-10-05T14:56:28+09:00,26092.0,G_Varmail,1,1,5245982601216,1280757471,1531872660,2.196067713588219,active_cumulative,/home/oy/iCAT/result/mixT-fixed50-tenhour-20261004/mixT-fixed50-rep1/control-series.txt
1791179818,2026-10-05T14:56:58+09:00,26122.0,G_Varmail,1,1,5262158090240,1284706565,1536424832,2.195934444376409,active_cumulative,/home/oy/iCAT/result/mixT-fixed50-tenhour-20261004/mixT-fixed50-rep1/control-series.txt
1791179848,2026-10-05T14:57:28+09:00,26152.0,G_Varmail,1,1,5278352637952,1288660312,1540974294,2.195795571300251,active_cumulative,/home/oy/iCAT/result/mixT-fixed50-tenhour-20261004/mixT-fixed50-rep1/control-series.txt
1791179878,2026-10-05T14:57:58+09:00,26182.0,G_Varmail,1,1,5294557577216,1292616596,1545526767,2.195657530456154,active_cumulative,/home/oy/iCAT/result/mixT-fixed50-tenhour-20261004/mixT-fixed50-rep1/control-series.txt
1791179908,2026-10-05T14:58:28+09:00,26212.0,G_Varmail,1,1,5310731825152,1296565387,1550055037,2.1955085740693154,active_cumulative,/home/oy/iCAT/result/mixT-fixed50-tenhour-20261004/mixT-fixed50-rep1/control-series.txt
1791179938,2026-10-05T14:58:58+09:00,26242.0,G_Varmail,1,1,5326942683136,1300523116,1554567461,2.1953401226587657,active_cumulative,/home/oy/iCAT/result/mixT-fixed50-tenhour-20261004/mixT-fixed50-rep1/control-series.txt
1791179968,2026-10-05T14:59:28+09:00,26272.0,G_Varmail,1,1,5343171432448,1304485213,1559087009,2.195174152579681,active_cumulative,/home/oy/iCAT/result/mixT-fixed50-tenhour-20261004/mixT-fixed50-rep1/control-series.txt
1791179998,2026-10-05T14:59:58+09:00,26302.0,G_Varmail,1,1,5359397810176,1308446731,1563585754,2.1949938174441432,active_cumulative,/home/oy/iCAT/result/mixT-fixed50-tenhour-20261004/mixT-fixed50-rep1/control-series.txt
1791180028,2026-10-05T15:00:28+09:00,26332.0,G_Varmail,1,1,5375601680384,1312402754,1568072679,2.194810567274991,active_cumulative,/home/oy/iCAT/result/mixT-fixed50-tenhour-20261004/mixT-fixed50-rep1/control-series.txt
1791180058,2026-10-05T15:00:58+09:00,26362.0,G_Varmail,1,1,5391770464256,1316350211,1572525120,2.194609995774141,active_cumulative,/home/oy/iCAT/result/mixT-fixed50-tenhour-20261004/mixT-fixed50-rep1/control-series.txt
1791180088,2026-10-05T15:01:28+09:00,26392.0,G_Varmail,1,1,5408019427328,1320317243,1576977349,2.1943927547418998,active_cumulative,/home/oy/iCAT/result/mixT-fixed50-tenhour-20261004/mixT-fixed50-rep1/control-series.txt
1791180118,2026-10-05T15:01:58+09:00,26422.0,G_Varmail,1,1,5424256815104,1324281449,1581435940,2.194184167719169,active_cumulative,/home/oy/iCAT/result/mixT-fixed50-tenhour-20261004/mixT-fixed50-rep1/control-series.txt
1791180148,2026-10-05T15:02:28+09:00,26452.0,G_Varmail,1,1,5440470716416,1328239921,1585858489,2.1939548449997233,active_cumulative,/home/oy/iCAT/result/mixT-fixed50-tenhour-20261004/mixT-fixed50-rep1/control-series.txt
1791180178,2026-10-05T15:02:58+09:00,26482.0,G_Varmail,1,1,5456701005824,1332202394,1590294712,2.1937335641809392,active_cumulative,/home/oy/iCAT/result/mixT-fixed50-tenhour-20261004/mixT-fixed50-rep1/control-series.txt
1791180208,2026-10-05T15:03:28+09:00,26512.0,G_Varmail,1,1,5472944193536,1336168016,1594721385,2.1935036356984616,active_cumulative,/home/oy/iCAT/result/mixT-fixed50-tenhour-20261004/mixT-fixed50-rep1/control-series.txt
1791180238,2026-10-05T15:03:58+09:00,26542.0,G_Varmail,1,1,5489222479872,1340142207,1599136287,2.1932586546764883,active_cumulative,/home/oy/iCAT/result/mixT-fixed50-tenhour-20261004/mixT-fixed50-rep1/control-series.txt
1791180268,2026-10-05T15:04:28+09:00,26572.0,G_Varmail,1,1,5505507901440,1344118140,1603561432,2.193021196782598,active_cumulative,/home/oy/iCAT/result/mixT-fixed50-tenhour-20261004/mixT-fixed50-rep1/control-series.txt
1791180298,2026-10-05T15:04:58+09:00,26602.0,G_Varmail,1,1,5521820020736,1348100591,1607974089,2.1927701090964065,active_cumulative,/home/oy/iCAT/result/mixT-fixed50-tenhour-20261004/mixT-fixed50-rep1/control-series.txt
1791180328,2026-10-05T15:05:28+09:00,26632.0,G_Varmail,1,1,5538125033472,1352081307,1612376347,2.1925143396720297,active_cumulative,/home/oy/iCAT/result/mixT-fixed50-tenhour-20261004/mixT-fixed50-rep1/control-series.txt
1791180358,2026-10-05T15:05:58+09:00,26662.0,G_Varmail,1,1,5554463694848,1356070238,1616766682,2.1922440569040793,active_cumulative,/home/oy/iCAT/result/mixT-fixed50-tenhour-20261004/mixT-fixed50-rep1/control-series.txt
1791180388,2026-10-05T15:06:28+09:00,26692.0,G_Varmail,1,1,5570766655488,1360050453,1621149829,2.191977713344433,active_cumulative,/home/oy/iCAT/result/mixT-fixed50-tenhour-20261004/mixT-fixed50-rep1/control-series.txt
1791180418,2026-10-05T15:06:58+09:00,26722.0,G_Varmail,1,1,5587031773184,1364021429,1625515805,2.1917084075370488,active_cumulative,/home/oy/iCAT/result/mixT-fixed50-tenhour-20261004/mixT-fixed50-rep1/control-series.txt
1791180448,2026-10-05T15:07:28+09:00,26752.0,G_Varmail,1,1,5603364974592,1368009027,1629915298,2.1914506891627408,active_cumulative,/home/oy/iCAT/result/mixT-fixed50-tenhour-20261004/mixT-fixed50-rep1/control-series.txt
1791180478,2026-10-05T15:07:58+09:00,26782.0,G_Varmail,1,1,5619698491392,1371996702,1634306547,2.1911883932502336,active_cumulative,/home/oy/iCAT/result/mixT-fixed50-tenhour-20261004/mixT-fixed50-rep1/control-series.txt
1791180508,2026-10-05T15:08:28+09:00,26812.0,G_Varmail,1,1,5635997253632,1375975892,1638664477,2.1909107467124143,active_cumulative,/home/oy/iCAT/result/mixT-fixed50-tenhour-20261004/mixT-fixed50-rep1/control-series.txt
1791180538,2026-10-05T15:08:58+09:00,26842.0,G_Varmail,1,1,5652286140416,1379952671,1643010544,2.1906281849575118,active_cumulative,/home/oy/iCAT/result/mixT-fixed50-tenhour-20261004/mixT-fixed50-rep1/control-series.txt
1791180568,2026-10-05T15:09:28+09:00,26872.0,G_Varmail,1,1,5668598030336,1383935066,1647378465,2.19035820789008,active_cumulative,/home/oy/iCAT/result/mixT-fixed50-tenhour-20261004/mixT-fixed50-rep1/control-series.txt
1791180599,2026-10-05T15:09:59+09:00,26903.0,G_Varmail,1,1,5684926844928,1387921593,1651731083,2.19007521125871,active_cumulative,/home/oy/iCAT/result/mixT-fixed50-tenhour-20261004/mixT-fixed50-rep1/control-series.txt
1791180629,2026-10-05T15:10:29+09:00,26933.0,G_Varmail,1,1,5701273907200,1391912575,1656094779,2.1897979864144843,active_cumulative,/home/oy/iCAT/result/mixT-fixed50-tenhour-20261004/mixT-fixed50-rep1/control-series.txt
1791180659,2026-10-05T15:10:59+09:00,26963.0,G_Varmail,1,1,5717593620480,1395896880,1660435235,2.189511387832603,active_cumulative,/home/oy/iCAT/result/mixT-fixed50-tenhour-20261004/mixT-fixed50-rep1/control-series.txt
1791180689,2026-10-05T15:11:29+09:00,26993.0,G_Varmail,1,1,5733895397376,1399876806,1664759430,2.189218524704952,active_cumulative,/home/oy/iCAT/result/mixT-fixed50-tenhour-20261004/mixT-fixed50-rep1/control-series.txt
1791180719,2026-10-05T15:11:59+09:00,27023.0,G_Varmail,1,1,5750223097856,1403863061,1669103754,2.188936300390341,active_cumulative,/home/oy/iCAT/result/mixT-fixed50-tenhour-20261004/mixT-fixed50-rep1/control-series.txt
1791180749,2026-10-05T15:12:29+09:00,27053.0,G_Varmail,1,1,5766593957888,1407859853,1673460269,2.1886554371403046,active_cumulative,/home/oy/iCAT/result/mixT-fixed50-tenhour-20261004/mixT-fixed50-rep1/control-series.txt
1791180779,2026-10-05T15:12:59+09:00,27083.0,G_Varmail,1,1,5782970109952,1411857937,1677817509,2.188375590086016,active_cumulative,/home/oy/iCAT/result/mixT-fixed50-tenhour-20261004/mixT-fixed50-rep1/control-series.txt
1791180809,2026-10-05T15:13:29+09:00,27113.0,G_Varmail,1,1,5799357104128,1415858668,1682156186,2.1880819915282674,active_cumulative,/home/oy/iCAT/result/mixT-fixed50-tenhour-20261004/mixT-fixed50-rep1/control-series.txt
1791180839,2026-10-05T15:13:59+09:00,27143.0,G_Varmail,1,1,5815785791488,1419869578,1686489969,2.1877780854883557,active_cumulative,/home/oy/iCAT/result/mixT-fixed50-tenhour-20261004/mixT-fixed50-rep1/control-series.txt
1791180869,2026-10-05T15:14:29+09:00,27173.0,G_Varmail,1,1,5832182243328,1423872618,1690802299,2.187467388322233,active_cumulative,/home/oy/iCAT/result/mixT-fixed50-tenhour-20261004/mixT-fixed50-rep1/control-series.txt
1791180899,2026-10-05T15:14:59+09:00,27203.0,G_Varmail,1,1,5848590102528,1427878443,1695122393,2.1871615551800865,active_cumulative,/home/oy/iCAT/result/mixT-fixed50-tenhour-20261004/mixT-fixed50-rep1/control-series.txt
1791180929,2026-10-05T15:15:29+09:00,27233.0,G_Varmail,1,1,5865001435136,1431885116,1699443530,2.1868574587516,active_cumulative,/home/oy/iCAT/result/mixT-fixed50-tenhour-20261004/mixT-fixed50-rep1/control-series.txt
1791180959,2026-10-05T15:15:59+09:00,27263.0,G_Varmail,1,1,5881398280192,1435888252,1703751420,2.186548756581094,active_cumulative,/home/oy/iCAT/result/mixT-fixed50-tenhour-20261004/mixT-fixed50-rep1/control-series.txt
1791180989,2026-10-05T15:16:29+09:00,27293.0,G_Varmail,1,1,5897807003648,1439894288,1708051968,2.186234282776737,active_cumulative,/home/oy/iCAT/result/mixT-fixed50-tenhour-20261004/mixT-fixed50-rep1/control-series.txt
1791181019,2026-10-05T15:16:59+09:00,27323.0,G_Varmail,1,1,5914240380928,1443906343,1712349129,2.1859142646622476,active_cumulative,/home/oy/iCAT/result/mixT-fixed50-tenhour-20261004/mixT-fixed50-rep1/control-series.txt
1791181049,2026-10-05T15:17:29+09:00,27353.0,G_Varmail,1,1,5930630332416,1447907796,1716659251,2.185613652846165,active_cumulative,/home/oy/iCAT/result/mixT-fixed50-tenhour-20261004/mixT-fixed50-rep1/control-series.txt
1791181079,2026-10-05T15:17:59+09:00,27383.0,G_Varmail,1,1,5947074011136,1451922366,1720957995,2.1852961530864663,active_cumulative,/home/oy/iCAT/result/mixT-fixed50-tenhour-20261004/mixT-fixed50-rep1/control-series.txt
1791181109,2026-10-05T15:18:29+09:00,27413.0,G_Varmail,1,1,5963489755136,1455930116,1725252528,2.1849830627447506,active_cumulative,/home/oy/iCAT/result/mixT-fixed50-tenhour-20261004/mixT-fixed50-rep1/control-series.txt
1791181139,2026-10-05T15:18:59+09:00,27443.0,G_Varmail,1,1,5979888750592,1459933777,1729526055,2.184660621082404,active_cumulative,/home/oy/iCAT/result/mixT-fixed50-tenhour-20261004/mixT-fixed50-rep1/control-series.txt
1791181169,2026-10-05T15:19:29+09:00,27473.0,G_Varmail,1,1,5996299526144,1463940314,1733804178,2.184340755848602,active_cumulative,/home/oy/iCAT/result/mixT-fixed50-tenhour-20261004/mixT-fixed50-rep1/control-series.txt
1791181199,2026-10-05T15:19:59+09:00,27503.0,G_Varmail,1,1,6012709752832,1467946717,1738084200,2.1840240383874914,active_cumulative,/home/oy/iCAT/result/mixT-fixed50-tenhour-20261004/mixT-fixed50-rep1/control-series.txt
1791181229,2026-10-05T15:20:29+09:00,27533.0,G_Varmail,1,1,6029111967744,1471951164,1742352542,2.18370268295124,active_cumulative,/home/oy/iCAT/result/mixT-fixed50-tenhour-20261004/mixT-fixed50-rep1/control-series.txt
1791181259,2026-10-05T15:20:59+09:00,27563.0,G_Varmail,1,1,6045549383680,1475964205,1746617820,2.1833741049295976,active_cumulative,/home/oy/iCAT/result/mixT-fixed50-tenhour-20261004/mixT-fixed50-rep1/control-series.txt
1791181289,2026-10-05T15:21:29+09:00,27593.0,G_Varmail,1,1,6062009151488,1479982703,1750880851,2.183041428424046,active_cumulative,/home/oy/iCAT/result/mixT-fixed50-tenhour-20261004/mixT-fixed50-rep1/control-series.txt
1791181319,2026-10-05T15:21:59+09:00,27623.0,G_Varmail,1,1,6078463102976,1483999781,1755130021,2.182702345021438,active_cumulative,/home/oy/iCAT/result/mixT-fixed50-tenhour-20261004/mixT-fixed50-rep1/control-series.txt
1791181349,2026-10-05T15:22:29+09:00,27653.0,G_Varmail,1,1,6094918324224,1488017169,1759383252,2.1823675752225142,active_cumulative,/home/oy/iCAT/result/mixT-fixed50-tenhour-20261004/mixT-fixed50-rep1/control-series.txt
1791181379,2026-10-05T15:22:59+09:00,27683.0,G_Varmail,,,,,,,inactive_or_zero,/home/oy/iCAT/result/mixT-fixed50-tenhour-20261004/mixT-fixed50-rep1/control-series.txt
1791181409,2026-10-05T15:23:29+09:00,27713.0,G_Varmail,1,1,6127812423680,1496047955,1767867739,2.1816918923564854,active_cumulative,/home/oy/iCAT/result/mixT-fixed50-tenhour-20261004/mixT-fixed50-rep1/control-series.txt
1791181439,2026-10-05T15:23:59+09:00,27743.0,G_Varmail,1,1,6144272834560,1500066610,1772099725,2.1813473569683683,active_cumulative,/home/oy/iCAT/result/mixT-fixed50-tenhour-20261004/mixT-fixed50-rep1/control-series.txt
1791181469,2026-10-05T15:24:29+09:00,27773.0,G_Varmail,1,1,6160708849664,1504079309,1776317114,2.180999634374998,active_cumulative,/home/oy/iCAT/result/mixT-fixed50-tenhour-20261004/mixT-fixed50-rep1/control-series.txt
1791181499,2026-10-05T15:24:59+09:00,27803.0,G_Varmail,1,1,6177172619264,1508098784,1780536465,2.180649758417947,active_cumulative,/home/oy/iCAT/result/mixT-fixed50-tenhour-20261004/mixT-fixed50-rep1/control-series.txt
1791181529,2026-10-05T15:25:29+09:00,27833.0,G_Varmail,1,1,6193651134464,1512121859,1784756204,2.180299189101267,active_cumulative,/home/oy/iCAT/result/mixT-fixed50-tenhour-20261004/mixT-fixed50-rep1/control-series.txt
1791181559,2026-10-05T15:25:59+09:00,27863.0,G_Varmail,1,1,6210101374976,1516138031,1788970292,2.1799521253484078,active_cumulative,/home/oy/iCAT/result/mixT-fixed50-tenhour-20261004/mixT-fixed50-rep1/control-series.txt
1791181589,2026-10-05T15:26:29+09:00,27893.0,G_Varmail,1,1,6226580709376,1520161306,1793160414,2.179585618264645,active_cumulative,/home/oy/iCAT/result/mixT-fixed50-tenhour-20261004/mixT-fixed50-rep1/control-series.txt
1791181619,2026-10-05T15:26:59+09:00,27923.0,G_Varmail,1,1,6243077693440,1524188890,1797369253,2.1792299922878984,active_cumulative,/home/oy/iCAT/result/mixT-fixed50-tenhour-20261004/mixT-fixed50-rep1/control-series.txt
1791181649,2026-10-05T15:27:29+09:00,27953.0,G_Varmail,1,1,6259553456128,1528211293,1801562487,2.1788700261881915,active_cumulative,/home/oy/iCAT/result/mixT-fixed50-tenhour-20261004/mixT-fixed50-rep1/control-series.txt
1791181679,2026-10-05T15:27:59+09:00,27983.0,G_Varmail,1,1,6276060442624,1532241319,1805770778,2.178515913654199,active_cumulative,/home/oy/iCAT/result/mixT-fixed50-tenhour-20261004/mixT-fixed50-rep1/control-series.txt
1791181709,2026-10-05T15:28:29+09:00,28013.0,G_Varmail,1,1,6292524404736,1536260841,1809948346,2.178151715968916,active_cumulative,/home/oy/iCAT/result/mixT-fixed50-tenhour-20261004/mixT-fixed50-rep1/control-series.txt
1791181739,2026-10-05T15:28:59+09:00,28043.0,G_Varmail,1,1,6309017260032,1540287417,1814146130,2.177797150049691,active_cumulative,/home/oy/iCAT/result/mixT-fixed50-tenhour-20261004/mixT-fixed50-rep1/control-series.txt
1791181769,2026-10-05T15:29:29+09:00,28073.0,H_YCSB-A,1,1,6311136014336,1540804691,1814684020,2.1777508405833377,active_cumulative,/home/oy/iCAT/result/mixT-fixed50-tenhour-20261004/mixT-fixed50-rep1/control-series.txt
1791181799,2026-10-05T15:29:59+09:00,28103.0,H_YCSB-A,1,1,6311550599168,1540905908,1814803362,2.1777509272811484,active_cumulative,/home/oy/iCAT/result/mixT-fixed50-tenhour-20261004/mixT-fixed50-rep1/control-series.txt
1791181829,2026-10-05T15:30:29+09:00,28133.0,H_YCSB-A,1,1,6311989698560,1541013110,1814808953,2.177672624082997,active_cumulative,/home/oy/iCAT/result/mixT-fixed50-tenhour-20261004/mixT-fixed50-rep1/control-series.txt
1791181859,2026-10-05T15:30:59+09:00,28163.0,H_YCSB-A,1,1,6312425897984,1541119604,1814809310,2.177591476540584,active_cumulative,/home/oy/iCAT/result/mixT-fixed50-tenhour-20261004/mixT-fixed50-rep1/control-series.txt
1791181889,2026-10-05T15:31:29+09:00,28193.0,H_YCSB-A,1,1,6312863940608,1541226548,1814809322,2.177509772560705,active_cumulative,/home/oy/iCAT/result/mixT-fixed50-tenhour-20261004/mixT-fixed50-rep1/control-series.txt
1791181919,2026-10-05T15:31:59+09:00,28223.0,H_YCSB-A,1,1,6313305133056,1541334261,1814809713,2.177427738369075,active_cumulative,/home/oy/iCAT/result/mixT-fixed50-tenhour-20261004/mixT-fixed50-rep1/control-series.txt
1791181949,2026-10-05T15:32:29+09:00,28253.0,H_YCSB-A,1,1,6313754845184,1541444054,1814811329,2.177344921660063,active_cumulative,/home/oy/iCAT/result/mixT-fixed50-tenhour-20261004/mixT-fixed50-rep1/control-series.txt
1791181979,2026-10-05T15:32:59+09:00,28283.0,H_YCSB-A,1,1,6314193973248,1541551263,1814811551,2.1772631858302334,active_cumulative,/home/oy/iCAT/result/mixT-fixed50-tenhour-20261004/mixT-fixed50-rep1/control-series.txt
1791182009,2026-10-05T15:33:29+09:00,28313.0,H_YCSB-A,1,1,6314631168000,1541658000,1814811551,2.177181677778081,active_cumulative,/home/oy/iCAT/result/mixT-fixed50-tenhour-20261004/mixT-fixed50-rep1/control-series.txt
1791182039,2026-10-05T15:33:59+09:00,28343.0,H_YCSB-A,1,1,6315070906368,1541765358,1814811551,2.1770997068932716,active_cumulative,/home/oy/iCAT/result/mixT-fixed50-tenhour-20261004/mixT-fixed50-rep1/control-series.txt
1791182069,2026-10-05T15:34:29+09:00,28373.0,H_YCSB-A,1,1,6315485646848,1541866613,1814811551,2.1770224062825596,active_cumulative,/home/oy/iCAT/result/mixT-fixed50-tenhour-20261004/mixT-fixed50-rep1/control-series.txt
1791182099,2026-10-05T15:34:59+09:00,28403.0,H_YCSB-A,1,1,6315924156416,1541973671,1814811551,2.1769406865572867,active_cumulative,/home/oy/iCAT/result/mixT-fixed50-tenhour-20261004/mixT-fixed50-rep1/control-series.txt
1791182129,2026-10-05T15:35:29+09:00,28433.0,H_YCSB-A,1,1,6316367347712,1542081872,1814811555,2.1768581084779135,active_cumulative,/home/oy/iCAT/result/mixT-fixed50-tenhour-20261004/mixT-fixed50-rep1/control-series.txt
1791182159,2026-10-05T15:35:59+09:00,28463.0,H_YCSB-A,1,1,6316800999424,1542187744,1814811567,2.176777324330753,active_cumulative,/home/oy/iCAT/result/mixT-fixed50-tenhour-20261004/mixT-fixed50-rep1/control-series.txt
1791182189,2026-10-05T15:36:29+09:00,28493.0,H_YCSB-A,1,1,6317234647040,1542293615,1814811567,2.1766965442569117,active_cumulative,/home/oy/iCAT/result/mixT-fixed50-tenhour-20261004/mixT-fixed50-rep1/control-series.txt
1791182219,2026-10-05T15:36:59+09:00,28523.0,H_YCSB-A,1,1,6317649133568,1542394808,1814811567,2.1766193438846173,active_cumulative,/home/oy/iCAT/result/mixT-fixed50-tenhour-20261004/mixT-fixed50-rep1/control-series.txt
1791182249,2026-10-05T15:37:29+09:00,28553.0,H_YCSB-A,1,1,6318085439488,1542501328,1814811567,2.176538090474824,active_cumulative,/home/oy/iCAT/result/mixT-fixed50-tenhour-20261004/mixT-fixed50-rep1/control-series.txt
1791182279,2026-10-05T15:37:59+09:00,28583.0,H_YCSB-A,1,1,6318513770496,1542605901,1814811567,2.176458333151417,active_cumulative,/home/oy/iCAT/result/mixT-fixed50-tenhour-20261004/mixT-fixed50-rep1/control-series.txt
1791182309,2026-10-05T15:38:29+09:00,28613.0,H_YCSB-A,1,1,6318952841216,1542713096,1814811581,2.1763765963389474,active_cumulative,/home/oy/iCAT/result/mixT-fixed50-tenhour-20261004/mixT-fixed50-rep1/control-series.txt
1791182339,2026-10-05T15:38:59+09:00,28643.0,H_YCSB-A,1,1,6319395565568,1542821183,1814811672,2.1762942407046273,active_cumulative,/home/oy/iCAT/result/mixT-fixed50-tenhour-20261004/mixT-fixed50-rep1/control-series.txt
1791182369,2026-10-05T15:39:29+09:00,28673.0,H_YCSB-A,1,1,6319828791296,1542926951,1814811709,2.1762136294422665,active_cumulative,/home/oy/iCAT/result/mixT-fixed50-tenhour-20261004/mixT-fixed50-rep1/control-series.txt
1791182399,2026-10-05T15:39:59+09:00,28703.0,H_YCSB-A,1,1,6319828865024,1542926969,1814811709,2.1762136157203953,active_cumulative,/home/oy/iCAT/result/mixT-fixed50-tenhour-20261004/mixT-fixed50-rep1/control-series.txt
1791182429,2026-10-05T15:40:29+09:00,28733.0,H_YCSB-A,1,1,6320275963904,1543036124,1814811790,2.1761304623870235,active_cumulative,/home/oy/iCAT/result/mixT-fixed50-tenhour-20261004/mixT-fixed50-rep1/control-series.txt
1791182459,2026-10-05T15:40:59+09:00,28763.0,H_YCSB-A,1,1,6320714059776,1543143081,1814811860,2.1760489888105194,active_cumulative,/home/oy/iCAT/result/mixT-fixed50-tenhour-20261004/mixT-fixed50-rep1/control-series.txt
1791182489,2026-10-05T15:41:29+09:00,28793.0,H_YCSB-A,1,1,6321142644736,1543247716,1814811860,2.1759692505516073,active_cumulative,/home/oy/iCAT/result/mixT-fixed50-tenhour-20261004/mixT-fixed50-rep1/control-series.txt
1791182519,2026-10-05T15:41:59+09:00,28823.0,H_YCSB-A,1,1,6321579401216,1543354346,1814811860,2.1758880031041166,active_cumulative,/home/oy/iCAT/result/mixT-fixed50-tenhour-20261004/mixT-fixed50-rep1/control-series.txt
1791182549,2026-10-05T15:42:29+09:00,28853.0,H_YCSB-A,1,1,6322020630528,1543462068,1814811860,2.175805934998851,active_cumulative,/home/oy/iCAT/result/mixT-fixed50-tenhour-20261004/mixT-fixed50-rep1/control-series.txt
1791182579,2026-10-05T15:42:59+09:00,28883.0,H_YCSB-A,1,1,6322464382976,1543570406,1814811864,2.175723411737916,active_cumulative,/home/oy/iCAT/result/mixT-fixed50-tenhour-20261004/mixT-fixed50-rep1/control-series.txt
1791182609,2026-10-05T15:43:29+09:00,28913.0,H_YCSB-A,1,1,6322901753856,1543677186,1814811897,2.1756421053954735,active_cumulative,/home/oy/iCAT/result/mixT-fixed50-tenhour-20261004/mixT-fixed50-rep1/control-series.txt
1791182639,2026-10-05T15:43:59+09:00,28943.0,H_YCSB-A,1,1,6323314057216,1543777846,1814811897,2.1755654492012964,active_cumulative,/home/oy/iCAT/result/mixT-fixed50-tenhour-20261004/mixT-fixed50-rep1/control-series.txt
1791182669,2026-10-05T15:44:29+09:00,28973.0,H_YCSB-A,1,1,6323750293504,1543884349,1814811897,2.1754843542364326,active_cumulative,/home/oy/iCAT/result/mixT-fixed50-tenhour-20261004/mixT-fixed50-rep1/control-series.txt
1791182699,2026-10-05T15:44:59+09:00,29003.0,H_YCSB-A,1,1,6324194615296,1543992826,1814811946,2.175401799438154,active_cumulative,/home/oy/iCAT/result/mixT-fixed50-tenhour-20261004/mixT-fixed50-rep1/control-series.txt
1791182729,2026-10-05T15:45:29+09:00,29033.0,H_YCSB-A,1,1,6324641943552,1544102037,1814812044,2.175318729276438,active_cumulative,/home/oy/iCAT/result/mixT-fixed50-tenhour-20261004/mixT-fixed50-rep1/control-series.txt
1791182759,2026-10-05T15:45:59+09:00,29063.0,H_YCSB-A,1,1,6325081235456,1544209286,1814812058,2.175237109667271,active_cumulative,/home/oy/iCAT/result/mixT-fixed50-tenhour-20261004/mixT-fixed50-rep1/control-series.txt
1791182789,2026-10-05T15:46:29+09:00,29093.0,H_YCSB-A,1,1,6325497442304,1544310899,1814812058,2.1751597810875776,active_cumulative,/home/oy/iCAT/result/mixT-fixed50-tenhour-20261004/mixT-fixed50-rep1/control-series.txt
1791182819,2026-10-05T15:46:59+09:00,29123.0,H_YCSB-A,1,1,6325935988736,1544417966,1814812058,2.1750783129649243,active_cumulative,/home/oy/iCAT/result/mixT-fixed50-tenhour-20261004/mixT-fixed50-rep1/control-series.txt
1791182849,2026-10-05T15:47:29+09:00,29153.0,H_YCSB-A,1,1,6326378958848,1544526113,1814812062,2.1749960371178263,active_cumulative,/home/oy/iCAT/result/mixT-fixed50-tenhour-20261004/mixT-fixed50-rep1/control-series.txt
1791182879,2026-10-05T15:47:59+09:00,29183.0,H_YCSB-A,1,1,6326819434496,1544633651,1814812063,2.1749142340807386,active_cumulative,/home/oy/iCAT/result/mixT-fixed50-tenhour-20261004/mixT-fixed50-rep1/control-series.txt
1791182909,2026-10-05T15:48:29+09:00,29213.0,H_YCSB-A,1,1,6327260344320,1544741295,1814812077,2.174832370231936,active_cumulative,/home/oy/iCAT/result/mixT-fixed50-tenhour-20261004/mixT-fixed50-rep1/control-series.txt
1791182939,2026-10-05T15:48:59+09:00,29243.0,H_YCSB-A,1,1,6327690276864,1544846259,1814812084,2.1747525512181083,active_cumulative,/home/oy/iCAT/result/mixT-fixed50-tenhour-20261004/mixT-fixed50-rep1/control-series.txt
1791182969,2026-10-05T15:49:29+09:00,29273.0,H_YCSB-A,1,1,6328130543616,1544953746,1814812084,2.1746708202097853,active_cumulative,/home/oy/iCAT/result/mixT-fixed50-tenhour-20261004/mixT-fixed50-rep1/control-series.txt
1791182999,2026-10-05T15:49:59+09:00,29303.0,H_YCSB-A,1,1,6328580718592,1545063652,1814812408,2.174587471299856,active_cumulative,/home/oy/iCAT/result/mixT-fixed50-tenhour-20261004/mixT-fixed50-rep1/control-series.txt
1791183029,2026-10-05T15:50:29+09:00,29333.0,H_YCSB-A,1,1,6329013755904,1545169374,1814812517,2.174507175418557,active_cumulative,/home/oy/iCAT/result/mixT-fixed50-tenhour-20261004/mixT-fixed50-rep1/control-series.txt
1791183059,2026-10-05T15:50:59+09:00,29363.0,H_YCSB-A,1,1,6329450110976,1545275906,1814812517,2.1744262043777702,active_cumulative,/home/oy/iCAT/result/mixT-fixed50-tenhour-20261004/mixT-fixed50-rep1/control-series.txt
1791183089,2026-10-05T15:51:29+09:00,29393.0,H_YCSB-A,1,1,6329886973952,1545382562,1814812517,2.174345150272247,active_cumulative,/home/oy/iCAT/result/mixT-fixed50-tenhour-20261004/mixT-fixed50-rep1/control-series.txt
1791183119,2026-10-05T15:51:59+09:00,29423.0,H_YCSB-A,1,1,6330328965120,1545490470,1814812517,2.174263156084036,active_cumulative,/home/oy/iCAT/result/mixT-fixed50-tenhour-20261004/mixT-fixed50-rep1/control-series.txt
1791183149,2026-10-05T15:52:29+09:00,29453.0,H_YCSB-A,1,1,6330329038848,1545490488,1814812517,2.174263142407642,active_cumulative,/home/oy/iCAT/result/mixT-fixed50-tenhour-20261004/mixT-fixed50-rep1/control-series.txt
1791183179,2026-10-05T15:52:59+09:00,29483.0,H_YCSB-A,1,1,6330765414400,1545597025,1814812517,2.1741822012112113,active_cumulative,/home/oy/iCAT/result/mixT-fixed50-tenhour-20261004/mixT-fixed50-rep1/control-series.txt
1791183209,2026-10-05T15:53:29+09:00,29513.0,H_YCSB-A,1,1,6331178323968,1545697833,1814812517,2.1741056228808207,active_cumulative,/home/oy/iCAT/result/mixT-fixed50-tenhour-20261004/mixT-fixed50-rep1/control-series.txt
1791183239,2026-10-05T15:53:59+09:00,29543.0,H_YCSB-A,1,1,6331618983936,1545805416,1814812517,2.174023908970442,active_cumulative,/home/oy/iCAT/result/mixT-fixed50-tenhour-20261004/mixT-fixed50-rep1/control-series.txt
1791183269,2026-10-05T15:54:29+09:00,29573.0,H_YCSB-A,1,1,6332064604160,1545914210,1814812562,2.173941315928521,active_cumulative,/home/oy/iCAT/result/mixT-fixed50-tenhour-20261004/mixT-fixed50-rep1/control-series.txt
1791183299,2026-10-05T15:54:59+09:00,29603.0,H_YCSB-A,1,1,6332503113728,1546021268,1814812576,2.1738600325645714,active_cumulative,/home/oy/iCAT/result/mixT-fixed50-tenhour-20261004/mixT-fixed50-rep1/control-series.txt
1791183330,2026-10-05T15:55:30+09:00,29634.0,H_YCSB-A,1,1,6332940005376,1546127931,1814812576,2.1737790512756736,active_cumulative,/home/oy/iCAT/result/mixT-fixed50-tenhour-20261004/mixT-fixed50-rep1/control-series.txt
1791183360,2026-10-05T15:56:00+09:00,29664.0,H_YCSB-A,1,1,6333371314176,1546233231,1814812576,2.1736991157707175,active_cumulative,/home/oy/iCAT/result/mixT-fixed50-tenhour-20261004/mixT-fixed50-rep1/control-series.txt
1791183390,2026-10-05T15:56:30+09:00,29694.0,H_YCSB-A,1,1,6333811531776,1546340706,1814812576,2.1736175404025095,active_cumulative,/home/oy/iCAT/result/mixT-fixed50-tenhour-20261004/mixT-fixed50-rep1/control-series.txt
1791183420,2026-10-05T15:57:00+09:00,29724.0,H_YCSB-A,1,1,6334250360832,1546447842,1814812578,2.1735362349194576,active_cumulative,/home/oy/iCAT/result/mixT-fixed50-tenhour-20261004/mixT-fixed50-rep1/control-series.txt
1791183450,2026-10-05T15:57:30+09:00,29754.0,H_YCSB-A,1,1,6334689632256,1546555086,1814812586,2.173454862635265,active_cumulative,/home/oy/iCAT/result/mixT-fixed50-tenhour-20261004/mixT-fixed50-rep1/control-series.txt
1791183480,2026-10-05T15:58:00+09:00,29784.0,H_YCSB-A,1,1,6335136960512,1546664297,1814812754,2.1733721128237824,active_cumulative,/home/oy/iCAT/result/mixT-fixed50-tenhour-20261004/mixT-fixed50-rep1/control-series.txt
1791183510,2026-10-05T15:58:30+09:00,29814.0,H_YCSB-A,1,1,6335573393408,1546770848,1814812769,2.1732912935012854,active_cumulative,/home/oy/iCAT/result/mixT-fixed50-tenhour-20261004/mixT-fixed50-rep1/control-series.txt
1791183540,2026-10-05T15:59:00+09:00,29844.0,H_YCSB-A,1,1,6336016613376,1546879056,1814812769,2.1732092188854355,active_cumulative,/home/oy/iCAT/result/mixT-fixed50-tenhour-20261004/mixT-fixed50-rep1/control-series.txt
1791183570,2026-10-05T15:59:30+09:00,29874.0,H_YCSB-A,1,1,6336455512064,1546986209,1814812777,2.173127960961674,active_cumulative,/home/oy/iCAT/result/mixT-fixed50-tenhour-20261004/mixT-fixed50-rep1/control-series.txt
1791183600,2026-10-05T16:00:00+09:00,29904.0,H_YCSB-A,1,1,6336874807296,1547088576,1814812777,2.1730503380046935,active_cumulative,/home/oy/iCAT/result/mixT-fixed50-tenhour-20261004/mixT-fixed50-rep1/control-series.txt
1791183630,2026-10-05T16:00:30+09:00,29934.0,H_YCSB-A,1,1,6337323831296,1547198201,1814812892,2.172967297161432,active_cumulative,/home/oy/iCAT/result/mixT-fixed50-tenhour-20261004/mixT-fixed50-rep1/control-series.txt
1791183660,2026-10-05T16:01:00+09:00,29964.0,H_YCSB-A,1,1,6337758683136,1547304366,1814812912,2.1728868294293946,active_cumulative,/home/oy/iCAT/result/mixT-fixed50-tenhour-20261004/mixT-fixed50-rep1/control-series.txt
1791183690,2026-10-05T16:01:30+09:00,29994.0,H_YCSB-A,1,1,6338197852160,1547411585,1814812912,2.172805560971679,active_cumulative,/home/oy/iCAT/result/mixT-fixed50-tenhour-20261004/mixT-fixed50-rep1/control-series.txt
1791183720,2026-10-05T16:02:00+09:00,30024.0,H_YCSB-A,1,1,6338634813440,1547518265,1814812912,2.1727247122346567,active_cumulative,/home/oy/iCAT/result/mixT-fixed50-tenhour-20261004/mixT-fixed50-rep1/control-series.txt
1791183750,2026-10-05T16:02:30+09:00,30054.0,H_YCSB-A,1,1,6339048042496,1547619151,1814812912,2.1726482648055576,active_cumulative,/home/oy/iCAT/result/mixT-fixed50-tenhour-20261004/mixT-fixed50-rep1/control-series.txt
1791183780,2026-10-05T16:03:00+09:00,30084.0,H_YCSB-A,1,1,6339484004352,1547725587,1814812912,2.172567622609188,active_cumulative,/home/oy/iCAT/result/mixT-fixed50-tenhour-20261004/mixT-fixed50-rep1/control-series.txt
1791183810,2026-10-05T16:03:30+09:00,30114.0,H_YCSB-A,1,1,6339926241280,1547833555,1814812916,2.1724858335946853,active_cumulative,/home/oy/iCAT/result/mixT-fixed50-tenhour-20261004/mixT-fixed50-rep1/control-series.txt
1791183840,2026-10-05T16:04:00+09:00,30144.0,H_YCSB-A,1,1,6340360929280,1547939680,1814812928,2.1724054570395146,active_cumulative,/home/oy/iCAT/result/mixT-fixed50-tenhour-20261004/mixT-fixed50-rep1/control-series.txt
1791183870,2026-10-05T16:04:30+09:00,30174.0,H_YCSB-A,1,1,6340802473984,1548047479,1814812936,2.1723238212127214,active_cumulative,/home/oy/iCAT/result/mixT-fixed50-tenhour-20261004/mixT-fixed50-rep1/control-series.txt
1791183900,2026-10-05T16:05:00+09:00,30204.0,H_YCSB-A,1,1,6341228601344,1548151514,1814812951,2.172245051332876,active_cumulative,/home/oy/iCAT/result/mixT-fixed50-tenhour-20261004/mixT-fixed50-rep1/control-series.txt
1791183930,2026-10-05T16:05:30+09:00,30234.0,H_YCSB-A,1,1,6341228675072,1548151532,1814812951,2.172245037703454,active_cumulative,/home/oy/iCAT/result/mixT-fixed50-tenhour-20261004/mixT-fixed50-rep1/control-series.txt
1791183960,2026-10-05T16:06:00+09:00,30264.0,H_YCSB-A,1,1,6341673500672,1548260132,1814813015,2.172162853961546,active_cumulative,/home/oy/iCAT/result/mixT-fixed50-tenhour-20261004/mixT-fixed50-rep1/control-series.txt
1791183990,2026-10-05T16:06:30+09:00,30294.0,H_YCSB-A,1,1,6342115172352,1548367962,1814813038,2.1720812381417645,active_cumulative,/home/oy/iCAT/result/mixT-fixed50-tenhour-20261004/mixT-fixed50-rep1/control-series.txt
1791184020,2026-10-05T16:07:00+09:00,30324.0,H_YCSB-A,1,1,6342557872128,1548476043,1814813039,2.1719994295061884,active_cumulative,/home/oy/iCAT/result/mixT-fixed50-tenhour-20261004/mixT-fixed50-rep1/control-series.txt
1791184050,2026-10-05T16:07:30+09:00,30354.0,H_YCSB-A,1,1,6342996627456,1548583161,1814813066,2.1719183778468065,active_cumulative,/home/oy/iCAT/result/mixT-fixed50-tenhour-20261004/mixT-fixed50-rep1/control-series.txt
1791184080,2026-10-05T16:08:00+09:00,30384.0,H_YCSB-A,1,1,6343430578176,1548689106,1814813066,2.171838207532403,active_cumulative,/home/oy/iCAT/result/mixT-fixed50-tenhour-20261004/mixT-fixed50-rep1/control-series.txt
1791184110,2026-10-05T16:08:30+09:00,30414.0,H_YCSB-A,1,1,6343863988224,1548794919,1814813066,2.1717581480521373,active_cumulative,/home/oy/iCAT/result/mixT-fixed50-tenhour-20261004/mixT-fixed50-rep1/control-series.txt
1791184140,2026-10-05T16:09:00+09:00,30444.0,H_YCSB-A,1,1,6344301641728,1548901768,1814813066,2.171677315820586,active_cumulative,/home/oy/iCAT/result/mixT-fixed50-tenhour-20261004/mixT-fixed50-rep1/control-series.txt
1791184170,2026-10-05T16:09:30+09:00,30474.0,H_YCSB-A,1,1,6344721088512,1549004172,1814813071,2.1715998599647413,active_cumulative,/home/oy/iCAT/result/mixT-fixed50-tenhour-20261004/mixT-fixed50-rep1/control-series.txt
1791184200,2026-10-05T16:10:00+09:00,30504.0,H_YCSB-A,1,1,6345153495040,1549109740,1814813071,2.171520018330012,active_cumulative,/home/oy/iCAT/result/mixT-fixed50-tenhour-20261004/mixT-fixed50-rep1/control-series.txt
1791184230,2026-10-05T16:10:30+09:00,30534.0,H_YCSB-A,1,1,6345604083712,1549219747,1814813352,2.171437012414999,active_cumulative,/home/oy/iCAT/result/mixT-fixed50-tenhour-20261004/mixT-fixed50-rep1/control-series.txt
1791184260,2026-10-05T16:11:00+09:00,30564.0,H_YCSB-A,1,1,6346041753600,1549326600,1814813399,2.17135625180643,active_cumulative,/home/oy/iCAT/result/mixT-fixed50-tenhour-20261004/mixT-fixed50-rep1/control-series.txt
1791184290,2026-10-05T16:11:30+09:00,30594.0,H_YCSB-A,1,1,6346479370240,1549433440,1814813399,2.1712754818303135,active_cumulative,/home/oy/iCAT/result/mixT-fixed50-tenhour-20261004/mixT-fixed50-rep1/control-series.txt
1791184320,2026-10-05T16:12:00+09:00,30624.0,H_YCSB-A,1,1,6346892607488,1549534328,1814813399,2.1711992217316016,active_cumulative,/home/oy/iCAT/result/mixT-fixed50-tenhour-20261004/mixT-fixed50-rep1/control-series.txt
1791184350,2026-10-05T16:12:30+09:00,30654.0,H_YCSB-A,1,1,6347334438912,1549642197,1814813399,2.1711176957579967,active_cumulative,/home/oy/iCAT/result/mixT-fixed50-tenhour-20261004/mixT-fixed50-rep1/control-series.txt
1791184380,2026-10-05T16:13:00+09:00,30684.0,H_YCSB-A,1,1,6347771281408,1549748848,1814813399,2.1710371014903957,active_cumulative,/home/oy/iCAT/result/mixT-fixed50-tenhour-20261004/mixT-fixed50-rep1/control-series.txt
1791184410,2026-10-05T16:13:30+09:00,30714.0,H_YCSB-A,1,1,6348206465024,1549855094,1814813399,2.1709568243029564,active_cumulative,/home/oy/iCAT/result/mixT-fixed50-tenhour-20261004/mixT-fixed50-rep1/control-series.txt
1791184440,2026-10-05T16:14:00+09:00,30744.0,H_YCSB-A,1,1,6348643565568,1549961808,1814813399,2.1708762045832293,active_cumulative,/home/oy/iCAT/result/mixT-fixed50-tenhour-20261004/mixT-fixed50-rep1/control-series.txt
1791184470,2026-10-05T16:14:30+09:00,30774.0,H_YCSB-A,1,1,6349074178048,1550066938,1814813399,2.1707967923898783,active_cumulative,/home/oy/iCAT/result/mixT-fixed50-tenhour-20261004/mixT-fixed50-rep1/control-series.txt
1791184500,2026-10-05T16:15:00+09:00,30804.0,H_YCSB-A,1,1,6349519863808,1550175748,1814813467,2.170714655639162,active_cumulative,/home/oy/iCAT/result/mixT-fixed50-tenhour-20261004/mixT-fixed50-rep1/control-series.txt
1791184530,2026-10-05T16:15:30+09:00,30834.0,H_YCSB-A,1,1,6349961842688,1550283653,1814813491,2.1706331854097156,active_cumulative,/home/oy/iCAT/result/mixT-fixed50-tenhour-20261004/mixT-fixed50-rep1/control-series.txt
1791184560,2026-10-05T16:16:00+09:00,30864.0,H_YCSB-A,1,1,6350402322432,1550391192,1814813491,2.17055198737223,active_cumulative,/home/oy/iCAT/result/mixT-fixed50-tenhour-20261004/mixT-fixed50-rep1/control-series.txt
1791184590,2026-10-05T16:16:30+09:00,30894.0,H_YCSB-A,1,1,6350834208768,1550496633,1814813493,2.170472385669476,active_cumulative,/home/oy/iCAT/result/mixT-fixed50-tenhour-20261004/mixT-fixed50-rep1/control-series.txt
1791184620,2026-10-05T16:17:00+09:00,30924.0,H_YCSB-A,1,1,6351274889216,1550604221,1814813493,2.1703911729516694,active_cumulative,/home/oy/iCAT/result/mixT-fixed50-tenhour-20261004/mixT-fixed50-rep1/control-series.txt
1791184650,2026-10-05T16:17:30+09:00,30954.0,H_YCSB-A,1,1,6351718191104,1550712449,1814813523,2.1703095078460932,active_cumulative,/home/oy/iCAT/result/mixT-fixed50-tenhour-20261004/mixT-fixed50-rep1/control-series.txt
1791184680,2026-10-05T16:18:00+09:00,30984.0,H_YCSB-A,1,1,6352158527488,1550819953,1814813574,2.1702284140008095,active_cumulative,/home/oy/iCAT/result/mixT-fixed50-tenhour-20261004/mixT-fixed50-rep1/control-series.txt
1791184710,2026-10-05T16:18:30+09:00,31014.0,H_YCSB-A,1,1,6352158601216,1550819971,1814813574,2.1702284004182455,active_cumulative,/home/oy/iCAT/result/mixT-fixed50-tenhour-20261004/mixT-fixed50-rep1/control-series.txt
1791184740,2026-10-05T16:19:00+09:00,31044.0,H_YCSB-A,1,1,6352575082496,1550921651,1814813574,2.17015167905474,active_cumulative,/home/oy/iCAT/result/mixT-fixed50-tenhour-20261004/mixT-fixed50-rep1/control-series.txt
1791184770,2026-10-05T16:19:30+09:00,31074.0,H_YCSB-A,1,1,6353008238592,1551027402,1814813574,2.170071896640805,active_cumulative,/home/oy/iCAT/result/mixT-fixed50-tenhour-20261004/mixT-fixed50-rep1/control-series.txt
1791184800,2026-10-05T16:20:00+09:00,31104.0,H_YCSB-A,1,1,6353458847744,1551137414,1814813839,2.169989081960214,active_cumulative,/home/oy/iCAT/result/mixT-fixed50-tenhour-20261004/mixT-fixed50-rep1/control-series.txt
1791184830,2026-10-05T16:20:30+09:00,31134.0,H_YCSB-A,1,1,6353900032000,1551245125,1814813864,2.1699078596620893,active_cumulative,/home/oy/iCAT/result/mixT-fixed50-tenhour-20261004/mixT-fixed50-rep1/control-series.txt
1791184860,2026-10-05T16:21:00+09:00,31164.0,H_YCSB-A,1,1,6354343313408,1551353348,1814813864,2.1698262464445337,active_cumulative,/home/oy/iCAT/result/mixT-fixed50-tenhour-20261004/mixT-fixed50-rep1/control-series.txt
1791184890,2026-10-05T16:21:30+09:00,31194.0,H_YCSB-A,1,1,6354758926336,1551454816,1814813864,2.1697497376552666,active_cumulative,/home/oy/iCAT/result/mixT-fixed50-tenhour-20261004/mixT-fixed50-rep1/control-series.txt
1791184920,2026-10-05T16:22:00+09:00,31224.0,H_YCSB-A,1,1,6355194327040,1551561115,1814813864,2.1696695969336663,active_cumulative,/home/oy/iCAT/result/mixT-fixed50-tenhour-20261004/mixT-fixed50-rep1/control-series.txt
1791184950,2026-10-05T16:22:30+09:00,31254.0,H_YCSB-A,1,1,6355635097600,1551668725,1814813864,2.1695884790099127,active_cumulative,/home/oy/iCAT/result/mixT-fixed50-tenhour-20261004/mixT-fixed50-rep1/control-series.txt
1791184980,2026-10-05T16:23:00+09:00,31284.0,H_YCSB-A,1,1,6356070408192,1551775002,1814813864,2.1695083769625,active_cumulative,/home/oy/iCAT/result/mixT-fixed50-tenhour-20261004/mixT-fixed50-rep1/control-series.txt
1791185010,2026-10-05T16:23:30+09:00,31314.0,H_YCSB-A,1,1,6356519804928,1551884718,1814813975,2.169425765941462,active_cumulative,/home/oy/iCAT/result/mixT-fixed50-tenhour-20261004/mixT-fixed50-rep1/control-series.txt
1791185040,2026-10-05T16:24:00+09:00,31344.0,H_YCSB-A,1,1,6356956254208,1551991273,1814814001,2.169345493478171,active_cumulative,/home/oy/iCAT/result/mixT-fixed50-tenhour-20261004/mixT-fixed50-rep1/control-series.txt
1791185070,2026-10-05T16:24:30+09:00,31374.0,H_YCSB-A,1,1,6357395386368,1552098483,1814814001,2.1692647218443293,active_cumulative,/home/oy/iCAT/result/mixT-fixed50-tenhour-20261004/mixT-fixed50-rep1/control-series.txt
1791185100,2026-10-05T16:25:00+09:00,31404.0,H_YCSB-A,1,1,6357834256384,1552205629,1814814001,2.1691840095755763,active_cumulative,/home/oy/iCAT/result/mixT-fixed50-tenhour-20261004/mixT-fixed50-rep1/control-series.txt
1791185130,2026-10-05T16:25:30+09:00,31434.0,H_YCSB-A,1,1,6358265868288,1552311003,1814814001,2.1691046430081897,active_cumulative,/home/oy/iCAT/result/mixT-fixed50-tenhour-20261004/mixT-fixed50-rep1/control-series.txt
1791185160,2026-10-05T16:26:00+09:00,31464.0,H_YCSB-A,1,1,6358702219264,1552417534,1814814001,2.169024415953292,active_cumulative,/home/oy/iCAT/result/mixT-fixed50-tenhour-20261004/mixT-fixed50-rep1/control-series.txt
1791185190,2026-10-05T16:26:30+09:00,31494.0,H_YCSB-A,1,1,6359151812608,1552527298,1814814114,2.168941838470656,active_cumulative,/home/oy/iCAT/result/mixT-fixed50-tenhour-20261004/mixT-fixed50-rep1/control-series.txt
1791185220,2026-10-05T16:27:00+09:00,31524.0,H_YCSB-A,1,1,6359598186496,1552636276,1814814137,2.1688598064161164,active_cumulative,/home/oy/iCAT/result/mixT-fixed50-tenhour-20261004/mixT-fixed50-rep1/control-series.txt
1791185250,2026-10-05T16:27:30+09:00,31554.0,H_YCSB-A,1,1,6360043831296,1552745076,1814814137,2.1687779050474347,active_cumulative,/home/oy/iCAT/result/mixT-fixed50-tenhour-20261004/mixT-fixed50-rep1/control-series.txt
1791185280,2026-10-05T16:28:00+09:00,31584.0,H_YCSB-A,1,1,6360456351744,1552845789,1814814137,2.168702101558135,active_cumulative,/home/oy/iCAT/result/mixT-fixed50-tenhour-20261004/mixT-fixed50-rep1/control-series.txt
1791185310,2026-10-05T16:28:30+09:00,31614.0,H_YCSB-A,1,1,6360891731968,1552952083,1814814137,2.1686221080911485,active_cumulative,/home/oy/iCAT/result/mixT-fixed50-tenhour-20261004/mixT-fixed50-rep1/control-series.txt
1791185340,2026-10-05T16:29:00+09:00,31644.0,H_YCSB-A,1,1,6361327525888,1553058478,1814814137,2.168542049580183,active_cumulative,/home/oy/iCAT/result/mixT-fixed50-tenhour-20261004/mixT-fixed50-rep1/control-series.txt
1791185370,2026-10-05T16:29:30+09:00,31674.0,H_YCSB-A,1,1,6361772658688,1553167153,1814814155,2.168460298361718,active_cumulative,/home/oy/iCAT/result/mixT-fixed50-tenhour-20261004/mixT-fixed50-rep1/control-series.txt
1791185400,2026-10-05T16:30:00+09:00,31704.0,H_YCSB-A,1,1,6362209705984,1553273854,1814814174,2.1683800440768897,active_cumulative,/home/oy/iCAT/result/mixT-fixed50-tenhour-20261004/mixT-fixed50-rep1/control-series.txt
1791185431,2026-10-05T16:30:31+09:00,31735.0,H_YCSB-A,1,1,6362627194880,1553375780,1814814174,2.1683033798814604,active_cumulative,/home/oy/iCAT/result/mixT-fixed50-tenhour-20261004/mixT-fixed50-rep1/control-series.txt
1791185461,2026-10-05T16:31:01+09:00,31765.0,H_YCSB-A,1,1,6362627268608,1553375798,1814814174,2.168303366343551,active_cumulative,/home/oy/iCAT/result/mixT-fixed50-tenhour-20261004/mixT-fixed50-rep1/control-series.txt
1791185491,2026-10-05T16:31:31+09:00,31795.0,H_YCSB-A,1,1,6363065294848,1553482738,1814814174,2.1682229416571737,active_cumulative,/home/oy/iCAT/result/mixT-fixed50-tenhour-20261004/mixT-fixed50-rep1/control-series.txt
1791185521,2026-10-05T16:32:01+09:00,31825.0,H_YCSB-A,1,1,6363508244480,1553590880,1814814200,2.168141640996245,active_cumulative,/home/oy/iCAT/result/mixT-fixed50-tenhour-20261004/mixT-fixed50-rep1/control-series.txt
1791185551,2026-10-05T16:32:31+09:00,31855.0,H_YCSB-A,1,1,6363948871680,1553698455,1814814214,2.1680607701962344,active_cumulative,/home/oy/iCAT/result/mixT-fixed50-tenhour-20261004/mixT-fixed50-rep1/control-series.txt
1791185581,2026-10-05T16:33:01+09:00,31885.0,H_YCSB-A,1,1,6364394000384,1553807129,1814814280,2.1679791179539634,active_cumulative,/home/oy/iCAT/result/mixT-fixed50-tenhour-20261004/mixT-fixed50-rep1/control-series.txt
1791185611,2026-10-05T16:33:31+09:00,31915.0,H_YCSB-A,1,1,6364834172928,1553914593,1814814294,2.1678983530853553,active_cumulative,/home/oy/iCAT/result/mixT-fixed50-tenhour-20261004/mixT-fixed50-rep1/control-series.txt
1791185641,2026-10-05T16:34:01+09:00,31945.0,H_YCSB-A,1,1,6365275111424,1554022244,1814814294,2.1678174498511233,active_cumulative,/home/oy/iCAT/result/mixT-fixed50-tenhour-20261004/mixT-fixed50-rep1/control-series.txt
1791185671,2026-10-05T16:34:31+09:00,31975.0,H_YCSB-A,1,1,6365714001920,1554129395,1814814294,2.1677369335131838,active_cumulative,/home/oy/iCAT/result/mixT-fixed50-tenhour-20261004/mixT-fixed50-rep1/control-series.txt
1791185701,2026-10-05T16:35:01+09:00,32005.0,H_YCSB-A,1,1,6366143041536,1554234141,1814814294,2.1676582350921345,active_cumulative,/home/oy/iCAT/result/mixT-fixed50-tenhour-20261004/mixT-fixed50-rep1/control-series.txt
1791185731,2026-10-05T16:35:31+09:00,32035.0,H_YCSB-A,1,1,6366575030272,1554339607,1814814294,2.167579006432666,active_cumulative,/home/oy/iCAT/result/mixT-fixed50-tenhour-20261004/mixT-fixed50-rep1/control-series.txt
1791185761,2026-10-05T16:36:01+09:00,32065.0,I_OLTP,1,1,6369685401600,1555098975,1815097327,2.1671908709218974,active_cumulative,/home/oy/iCAT/result/mixT-fixed50-tenhour-20261004/mixT-fixed50-rep1/control-series.txt
1791185791,2026-10-05T16:36:31+09:00,32095.0,I_OLTP,1,1,6374342529024,1556235969,1815629308,2.166679953533448,active_cumulative,/home/oy/iCAT/result/mixT-fixed50-tenhour-20261004/mixT-fixed50-rep1/control-series.txt
1791185821,2026-10-05T16:37:01+09:00,32125.0,I_OLTP,1,1,6379209408512,1557424172,1816176247,2.1661410421463527,active_cumulative,/home/oy/iCAT/result/mixT-fixed50-tenhour-20261004/mixT-fixed50-rep1/control-series.txt
1791185851,2026-10-05T16:37:31+09:00,32155.0,I_OLTP,1,1,6384001724416,1558594171,1816717393,2.165612849581227,active_cumulative,/home/oy/iCAT/result/mixT-fixed50-tenhour-20261004/mixT-fixed50-rep1/control-series.txt
1791185881,2026-10-05T16:38:01+09:00,32185.0,I_OLTP,1,1,6388709146624,1559743444,1817221747,2.1650773426812364,active_cumulative,/home/oy/iCAT/result/mixT-fixed50-tenhour-20261004/mixT-fixed50-rep1/control-series.txt
1791185911,2026-10-05T16:38:31+09:00,32215.0,I_OLTP,1,1,6393497735168,1560912533,1817712969,2.16451942730349,active_cumulative,/home/oy/iCAT/result/mixT-fixed50-tenhour-20261004/mixT-fixed50-rep1/control-series.txt
1791185941,2026-10-05T16:39:01+09:00,32245.0,I_OLTP,1,1,6398238855168,1562070033,1818197502,2.163966700332955,active_cumulative,/home/oy/iCAT/result/mixT-fixed50-tenhour-20261004/mixT-fixed50-rep1/control-series.txt
1791185971,2026-10-05T16:39:31+09:00,32275.0,I_OLTP,1,1,6402994044928,1563230968,1818682671,2.163412642296119,active_cumulative,/home/oy/iCAT/result/mixT-fixed50-tenhour-20261004/mixT-fixed50-rep1/control-series.txt
1791186001,2026-10-05T16:40:01+09:00,32305.0,I_OLTP,1,1,6407743184896,1564390426,1819160011,2.162855499986293,active_cumulative,/home/oy/iCAT/result/mixT-fixed50-tenhour-20261004/mixT-fixed50-rep1/control-series.txt
1791186031,2026-10-05T16:40:31+09:00,32335.0,I_OLTP,1,1,6412542369792,1565562102,1819637178,2.162290001575421,active_cumulative,/home/oy/iCAT/result/mixT-fixed50-tenhour-20261004/mixT-fixed50-rep1/control-series.txt
1791186061,2026-10-05T16:41:01+09:00,32365.0,I_OLTP,1,1,6417277968384,1566718254,1820095588,2.1617248879006166,active_cumulative,/home/oy/iCAT/result/mixT-fixed50-tenhour-20261004/mixT-fixed50-rep1/control-series.txt
1791186091,2026-10-05T16:41:31+09:00,32395.0,I_OLTP,1,1,6422096834560,1567894735,1820553344,2.1611451351675086,active_cumulative,/home/oy/iCAT/result/mixT-fixed50-tenhour-20261004/mixT-fixed50-rep1/control-series.txt
1791186121,2026-10-05T16:42:01+09:00,32425.0,I_OLTP,1,1,6426758287360,1569032785,1820994942,2.1605843800134488,active_cumulative,/home/oy/iCAT/result/mixT-fixed50-tenhour-20261004/mixT-fixed50-rep1/control-series.txt
1791186151,2026-10-05T16:42:31+09:00,32455.0,I_OLTP,1,1,6431597326336,1570214191,1821459856,2.1600072566150947,active_cumulative,/home/oy/iCAT/result/mixT-fixed50-tenhour-20261004/mixT-fixed50-rep1/control-series.txt
1791186181,2026-10-05T16:43:01+09:00,32485.0,I_OLTP,1,1,6436478808064,1571405959,1821931743,2.1594277930315524,active_cumulative,/home/oy/iCAT/result/mixT-fixed50-tenhour-20261004/mixT-fixed50-rep1/control-series.txt
1791186211,2026-10-05T16:43:31+09:00,32515.0,I_OLTP,1,1,6441156689920,1572548020,1822379053,2.1588702092544048,active_cumulative,/home/oy/iCAT/result/mixT-fixed50-tenhour-20261004/mixT-fixed50-rep1/control-series.txt
1791186241,2026-10-05T16:44:01+09:00,32545.0,I_OLTP,1,1,6445755637760,1573670810,1822800200,2.1583109938984,active_cumulative,/home/oy/iCAT/result/mixT-fixed50-tenhour-20261004/mixT-fixed50-rep1/control-series.txt
1791186271,2026-10-05T16:44:31+09:00,32575.0,I_OLTP,1,1,6450579456000,1574848500,1823248848,2.157729678759576,active_cumulative,/home/oy/iCAT/result/mixT-fixed50-tenhour-20261004/mixT-fixed50-rep1/control-series.txt
1791186302,2026-10-05T16:45:02+09:00,32606.0,I_OLTP,1,1,6455377833984,1576019979,1823687647,2.1571475433688017,active_cumulative,/home/oy/iCAT/result/mixT-fixed50-tenhour-20261004/mixT-fixed50-rep1/control-series.txt
1791186332,2026-10-05T16:45:32+09:00,32636.0,I_OLTP,1,1,6460188180480,1577194380,1824139550,2.156572438458727,active_cumulative,/home/oy/iCAT/result/mixT-fixed50-tenhour-20261004/mixT-fixed50-rep1/control-series.txt
1791186362,2026-10-05T16:46:02+09:00,32666.0,I_OLTP,1,1,6465051267072,1578381657,1824592092,2.155989163906002,active_cumulative,/home/oy/iCAT/result/mixT-fixed50-tenhour-20261004/mixT-fixed50-rep1/control-series.txt
1791186392,2026-10-05T16:46:32+09:00,32696.0,I_OLTP,1,1,6469920657408,1579570473,1825033715,2.1553987278160522,active_cumulative,/home/oy/iCAT/result/mixT-fixed50-tenhour-20261004/mixT-fixed50-rep1/control-series.txt
1791186422,2026-10-05T16:47:02+09:00,32726.0,I_OLTP,1,1,6474790309888,1580759353,1825481505,2.1548130343404646,active_cumulative,/home/oy/iCAT/result/mixT-fixed50-tenhour-20261004/mixT-fixed50-rep1/control-series.txt
1791186452,2026-10-05T16:47:32+09:00,32756.0,I_OLTP,1,1,6479618568192,1581938127,1825924688,2.154232682578236,active_cumulative,/home/oy/iCAT/result/mixT-fixed50-tenhour-20261004/mixT-fixed50-rep1/control-series.txt
1791186482,2026-10-05T16:48:02+09:00,32786.0,I_OLTP,1,1,6484433981440,1583113765,1826343381,2.1536400108301756,active_cumulative,/home/oy/iCAT/result/mixT-fixed50-tenhour-20261004/mixT-fixed50-rep1/control-series.txt
1791186512,2026-10-05T16:48:32+09:00,32816.0,I_OLTP,1,1,6489316851712,1584305872,1826776104,2.153045088253009,active_cumulative,/home/oy/iCAT/result/mixT-fixed50-tenhour-20261004/mixT-fixed50-rep1/control-series.txt
1791186542,2026-10-05T16:49:02+09:00,32846.0,I_OLTP,1,1,6494152142848,1585486363,1827217714,2.1524651089036206,active_cumulative,/home/oy/iCAT/result/mixT-fixed50-tenhour-20261004/mixT-fixed50-rep1/control-series.txt
1791186572,2026-10-05T16:49:32+09:00,32876.0,I_OLTP,1,1,6499005345792,1586671227,1827664316,2.1518859640857406,active_cumulative,/home/oy/iCAT/result/mixT-fixed50-tenhour-20261004/mixT-fixed50-rep1/control-series.txt
1791186602,2026-10-05T16:50:02+09:00,32906.0,I_OLTP,1,1,6503799558144,1587841689,1828103098,2.1513132012243066,active_cumulative,/home/oy/iCAT/result/mixT-fixed50-tenhour-20261004/mixT-fixed50-rep1/control-series.txt
1791186632,2026-10-05T16:50:32+09:00,32936.0,I_OLTP,1,1,6508571832320,1589006795,1828516770,2.1507293585865375,active_cumulative,/home/oy/iCAT/result/mixT-fixed50-tenhour-20261004/mixT-fixed50-rep1/control-series.txt
1791186662,2026-10-05T16:51:02+09:00,32966.0,I_OLTP,1,1,6513293303808,1590159498,1828938865,2.150160639420336,active_cumulative,/home/oy/iCAT/result/mixT-fixed50-tenhour-20261004/mixT-fixed50-rep1/control-series.txt
1791186692,2026-10-05T16:51:32+09:00,32996.0,I_OLTP,1,1,6518024749056,1591314636,1829368791,2.1495959061863363,active_cumulative,/home/oy/iCAT/result/mixT-fixed50-tenhour-20261004/mixT-fixed50-rep1/control-series.txt
1791186722,2026-10-05T16:52:02+09:00,33026.0,I_OLTP,1,1,6522722869248,1592461638,1829777287,2.1490244055725256,active_cumulative,/home/oy/iCAT/result/mixT-fixed50-tenhour-20261004/mixT-fixed50-rep1/control-series.txt
1791186752,2026-10-05T16:52:32+09:00,33056.0,I_OLTP,1,1,6527453261824,1593616519,1830190624,2.1484510873095437,active_cumulative,/home/oy/iCAT/result/mixT-fixed50-tenhour-20261004/mixT-fixed50-rep1/control-series.txt
1791186782,2026-10-05T16:53:02+09:00,33086.0,I_OLTP,1,1,6531625889792,1594635227,1830552088,2.147944092169488,active_cumulative,/home/oy/iCAT/result/mixT-fixed50-tenhour-20261004/mixT-fixed50-rep1/control-series.txt
1791186812,2026-10-05T16:53:32+09:00,33116.0,I_OLTP,1,1,6536570634240,1595842440,1830989360,2.1473497095364875,active_cumulative,/home/oy/iCAT/result/mixT-fixed50-tenhour-20261004/mixT-fixed50-rep1/control-series.txt
1791186842,2026-10-05T16:54:02+09:00,33146.0,I_OLTP,1,1,6541454217216,1597034721,1831422777,2.146764533618427,active_cumulative,/home/oy/iCAT/result/mixT-fixed50-tenhour-20261004/mixT-fixed50-rep1/control-series.txt
1791186872,2026-10-05T16:54:32+09:00,33176.0,I_OLTP,1,1,6546389667840,1598239665,1831859284,2.1461730828711474,active_cumulative,/home/oy/iCAT/result/mixT-fixed50-tenhour-20261004/mixT-fixed50-rep1/control-series.txt
1791186902,2026-10-05T16:55:02+09:00,33206.0,I_OLTP,1,1,6551362678784,1599453779,1832302528,2.1455801674654085,active_cumulative,/home/oy/iCAT/result/mixT-fixed50-tenhour-20261004/mixT-fixed50-rep1/control-series.txt
1791186933,2026-10-05T16:55:33+09:00,33237.0,I_OLTP,1,1,6556303044608,1600659923,1832742505,2.1449918116054434,active_cumulative,/home/oy/iCAT/result/mixT-fixed50-tenhour-20261004/mixT-fixed50-rep1/control-series.txt
1791186963,2026-10-05T16:56:03+09:00,33267.0,I_OLTP,1,1,6561261166592,1601870402,1833183661,2.1444019807789667,active_cumulative,/home/oy/iCAT/result/mixT-fixed50-tenhour-20261004/mixT-fixed50-rep1/control-series.txt
1791186993,2026-10-05T16:56:33+09:00,33297.0,I_OLTP,1,1,6566174478336,1603069941,1833621857,2.1438190000968897,active_cumulative,/home/oy/iCAT/result/mixT-fixed50-tenhour-20261004/mixT-fixed50-rep1/control-series.txt
1791187023,2026-10-05T16:57:03+09:00,33327.0,I_OLTP,1,1,6571086753792,1604269227,1834058055,2.143235826089931,active_cumulative,/home/oy/iCAT/result/mixT-fixed50-tenhour-20261004/mixT-fixed50-rep1/control-series.txt
1791187053,2026-10-05T16:57:33+09:00,33357.0,I_OLTP,1,1,6576016871424,1605472869,1834489036,2.1426471735661576,active_cumulative,/home/oy/iCAT/result/mixT-fixed50-tenhour-20261004/mixT-fixed50-rep1/control-series.txt
1791187083,2026-10-05T16:58:03+09:00,33387.0,I_OLTP,1,1,6580961476608,1606680048,1834922148,2.142058215189836,active_cumulative,/home/oy/iCAT/result/mixT-fixed50-tenhour-20261004/mixT-fixed50-rep1/control-series.txt
1791187113,2026-10-05T16:58:33+09:00,33417.0,I_OLTP,1,1,6585904087040,1607886740,1835358272,2.1414723601738266,active_cumulative,/home/oy/iCAT/result/mixT-fixed50-tenhour-20261004/mixT-fixed50-rep1/control-series.txt
1791187143,2026-10-05T16:59:03+09:00,33447.0,I_OLTP,1,1,6590835163136,1609090616,1835794850,2.140889662611767,active_cumulative,/home/oy/iCAT/result/mixT-fixed50-tenhour-20261004/mixT-fixed50-rep1/control-series.txt
1791187173,2026-10-05T16:59:33+09:00,33477.0,I_OLTP,1,1,6595786321920,1610299395,1836232563,2.140305069170072,active_cumulative,/home/oy/iCAT/result/mixT-fixed50-tenhour-20261004/mixT-fixed50-rep1/control-series.txt
1791187203,2026-10-05T17:00:03+09:00,33507.0,I_OLTP,1,1,6600685166592,1611495402,1836663314,2.1397260654424133,active_cumulative,/home/oy/iCAT/result/mixT-fixed50-tenhour-20261004/mixT-fixed50-rep1/control-series.txt
1791187233,2026-10-05T17:00:33+09:00,33537.0,I_OLTP,1,1,6605608865792,1612697477,1837099282,2.1391468692674094,active_cumulative,/home/oy/iCAT/result/mixT-fixed50-tenhour-20261004/mixT-fixed50-rep1/control-series.txt
1791187263,2026-10-05T17:01:03+09:00,33567.0,I_OLTP,1,1,6610544078848,1613902363,1837534826,2.138566290084799,active_cumulative,/home/oy/iCAT/result/mixT-fixed50-tenhour-20261004/mixT-fixed50-rep1/control-series.txt
1791187293,2026-10-05T17:01:33+09:00,33597.0,I_OLTP,1,1,6615459667968,1615102458,1837968631,2.137988876121195,active_cumulative,/home/oy/iCAT/result/mixT-fixed50-tenhour-20261004/mixT-fixed50-rep1/control-series.txt
1791187323,2026-10-05T17:02:03+09:00,33627.0,I_OLTP,1,1,6620430553088,1616316053,1838408120,2.1374063362099145,active_cumulative,/home/oy/iCAT/result/mixT-fixed50-tenhour-20261004/mixT-fixed50-rep1/control-series.txt
1791187353,2026-10-05T17:02:33+09:00,33657.0,I_OLTP,1,1,6625408274432,1617531317,1838843285,2.136820824223955,active_cumulative,/home/oy/iCAT/result/mixT-fixed50-tenhour-20261004/mixT-fixed50-rep1/control-series.txt
1791187383,2026-10-05T17:03:03+09:00,33687.0,I_OLTP,1,1,6630355828736,1618739216,1839276147,2.1362399383545916,active_cumulative,/home/oy/iCAT/result/mixT-fixed50-tenhour-20261004/mixT-fixed50-rep1/control-series.txt
1791187413,2026-10-05T17:03:33+09:00,33717.0,I_OLTP,1,1,6635312795648,1619949413,1839710417,2.1356591769078905,active_cumulative,/home/oy/iCAT/result/mixT-fixed50-tenhour-20261004/mixT-fixed50-rep1/control-series.txt
1791187443,2026-10-05T17:04:03+09:00,33747.0,I_OLTP,1,1,6640266805248,1621158888,1840148773,2.135082308477588,active_cumulative,/home/oy/iCAT/result/mixT-fixed50-tenhour-20261004/mixT-fixed50-rep1/control-series.txt
1791187473,2026-10-05T17:04:33+09:00,33777.0,I_OLTP,,,,,,,inactive_or_zero,/home/oy/iCAT/result/mixT-fixed50-tenhour-20261004/mixT-fixed50-rep1/control-series.txt
1791187503,2026-10-05T17:05:03+09:00,33807.0,I_OLTP,1,1,6650170163200,1623576700,1841017117,2.1339267907700323,active_cumulative,/home/oy/iCAT/result/mixT-fixed50-tenhour-20261004/mixT-fixed50-rep1/control-series.txt
1791187534,2026-10-05T17:05:34+09:00,33838.0,I_OLTP,1,1,6655124176896,1624786176,1841451484,2.1333500439629542,active_cumulative,/home/oy/iCAT/result/mixT-fixed50-tenhour-20261004/mixT-fixed50-rep1/control-series.txt
1791187564,2026-10-05T17:06:04+09:00,33868.0,I_OLTP,1,1,6660085030912,1625997322,1841889651,2.1327753287652707,active_cumulative,/home/oy/iCAT/result/mixT-fixed50-tenhour-20261004/mixT-fixed50-rep1/control-series.txt
1791187594,2026-10-05T17:06:34+09:00,33898.0,I_OLTP,1,1,6665033187328,1627205368,1842326370,2.1322027361945133,active_cumulative,/home/oy/iCAT/result/mixT-fixed50-tenhour-20261004/mixT-fixed50-rep1/control-series.txt
1791187624,2026-10-05T17:07:04+09:00,33928.0,I_OLTP,1,1,6669969895424,1628410619,1842760359,2.13163125903197,active_cumulative,/home/oy/iCAT/result/mixT-fixed50-tenhour-20261004/mixT-fixed50-rep1/control-series.txt
1791187654,2026-10-05T17:07:34+09:00,33958.0,I_OLTP,1,1,6674958028800,1629628425,1843198642,2.131054548217027,active_cumulative,/home/oy/iCAT/result/mixT-fixed50-tenhour-20261004/mixT-fixed50-rep1/control-series.txt
1791187684,2026-10-05T17:08:04+09:00,33988.0,I_OLTP,1,1,6679909036032,1630837167,1843631584,2.130481706761347,active_cumulative,/home/oy/iCAT/result/mixT-fixed50-tenhour-20261004/mixT-fixed50-rep1/control-series.txt
1791187714,2026-10-05T17:08:34+09:00,34018.0,I_OLTP,1,1,6684846198784,1632042529,1844061389,2.1299101317720623,active_cumulative,/home/oy/iCAT/result/mixT-fixed50-tenhour-20261004/mixT-fixed50-rep1/control-series.txt
1791187744,2026-10-05T17:09:04+09:00,34048.0,I_OLTP,1,1,6689822920704,1633257549,1844494598,2.12933480646046,active_cumulative,/home/oy/iCAT/result/mixT-fixed50-tenhour-20261004/mixT-fixed50-rep1/control-series.txt
1791187774,2026-10-05T17:09:34+09:00,34078.0,I_OLTP,1,1,6693990989824,1634275144,1844852027,2.128850324728429,active_cumulative,/home/oy/iCAT/result/mixT-fixed50-tenhour-20261004/mixT-fixed50-rep1/control-series.txt
1791187804,2026-10-05T17:10:04+09:00,34108.0,I_OLTP,1,1,6698705739776,1635426206,1845240175,2.128293143542791,active_cumulative,/home/oy/iCAT/result/mixT-fixed50-tenhour-20261004/mixT-fixed50-rep1/control-series.txt
1791187834,2026-10-05T17:10:34+09:00,34138.0,I_OLTP,1,1,6703505211392,1636597952,1845653916,2.127738131252409,active_cumulative,/home/oy/iCAT/result/mixT-fixed50-tenhour-20261004/mixT-fixed50-rep1/control-series.txt
1791187864,2026-10-05T17:11:04+09:00,34168.0,I_OLTP,1,1,6708312600576,1637771631,1846073498,2.1271861491902957,active_cumulative,/home/oy/iCAT/result/mixT-fixed50-tenhour-20261004/mixT-fixed50-rep1/control-series.txt
1791187894,2026-10-05T17:11:34+09:00,34198.0,I_OLTP,1,1,6713062875136,1638931366,1846485178,2.1266397216538477,active_cumulative,/home/oy/iCAT/result/mixT-fixed50-tenhour-20261004/mixT-fixed50-rep1/control-series.txt
1791187924,2026-10-05T17:12:04+09:00,34228.0,I_OLTP,1,1,6717857394688,1640101903,1846897396,2.1260869782674714,active_cumulative,/home/oy/iCAT/result/mixT-fixed50-tenhour-20261004/mixT-fixed50-rep1/control-series.txt
1791187954,2026-10-05T17:12:34+09:00,34258.0,I_OLTP,1,1,6722589995008,1641257323,1847308078,2.1255444543110196,active_cumulative,/home/oy/iCAT/result/mixT-fixed50-tenhour-20261004/mixT-fixed50-rep1/control-series.txt
1791187984,2026-10-05T17:13:04+09:00,34288.0,I_OLTP,1,1,6727311421440,1642410015,1847725701,2.1250087883810185,active_cumulative,/home/oy/iCAT/result/mixT-fixed50-tenhour-20261004/mixT-fixed50-rep1/control-series.txt
1791188014,2026-10-05T17:13:34+09:00,34318.0,I_OLTP,1,1,6732013309952,1643557937,1848136232,2.1244728222805573,active_cumulative,/home/oy/iCAT/result/mixT-fixed50-tenhour-20261004/mixT-fixed50-rep1/control-series.txt
1791188044,2026-10-05T17:14:04+09:00,34348.0,I_OLTP,1,1,6736659488768,1644692258,1848538695,2.1239419934084713,active_cumulative,/home/oy/iCAT/result/mixT-fixed50-tenhour-20261004/mixT-fixed50-rep1/control-series.txt
1791188074,2026-10-05T17:14:34+09:00,34378.0,I_OLTP,1,1,6741420851200,1645854700,1848940338,2.1233922034551407,active_cumulative,/home/oy/iCAT/result/mixT-fixed50-tenhour-20261004/mixT-fixed50-rep1/control-series.txt
1791188104,2026-10-05T17:15:04+09:00,34408.0,I_OLTP,1,1,6746129244160,1647004210,1849351832,2.122857987108606,active_cumulative,/home/oy/iCAT/result/mixT-fixed50-tenhour-20261004/mixT-fixed50-rep1/control-series.txt
1791188135,2026-10-05T17:15:35+09:00,34439.0,I_OLTP,1,1,6750839418880,1648154155,1849747608,2.1223146829975983,active_cumulative,/home/oy/iCAT/result/mixT-fixed50-tenhour-20261004/mixT-fixed50-rep1/control-series.txt
1791188165,2026-10-05T17:16:05+09:00,34469.0,I_OLTP,1,1,6755326038016,1649249521,1850128311,2.1218001202620935,active_cumulative,/home/oy/iCAT/result/mixT-fixed50-tenhour-20261004/mixT-fixed50-rep1/control-series.txt
1791188195,2026-10-05T17:16:35+09:00,34499.0,I_OLTP,1,1,6759950426112,1650378522,1850530402,2.121276348020724,active_cumulative,/home/oy/iCAT/result/mixT-fixed50-tenhour-20261004/mixT-fixed50-rep1/control-series.txt
1791188225,2026-10-05T17:17:05+09:00,34529.0,I_OLTP,1,1,6764412989440,1651468015,1850906924,2.120764621045355,active_cumulative,/home/oy/iCAT/result/mixT-fixed50-tenhour-20261004/mixT-fixed50-rep1/control-series.txt
1791188255,2026-10-05T17:17:35+09:00,34559.0,I_OLTP,1,1,6769104355328,1652613368,1851302275,2.1202270965776187,active_cumulative,/home/oy/iCAT/result/mixT-fixed50-tenhour-20261004/mixT-fixed50-rep1/control-series.txt
1791188285,2026-10-05T17:18:05+09:00,34589.0,I_OLTP,1,1,6773801291776,1653760081,1851709253,2.1196964265096443,active_cumulative,/home/oy/iCAT/result/mixT-fixed50-tenhour-20261004/mixT-fixed50-rep1/control-series.txt
1791188315,2026-10-05T17:18:35+09:00,34619.0,I_OLTP,1,1,6778522533888,1654912728,1852105952,2.119156267677216,active_cumulative,/home/oy/iCAT/result/mixT-fixed50-tenhour-20261004/mixT-fixed50-rep1/control-series.txt
1791188345,2026-10-05T17:19:05+09:00,34649.0,I_OLTP,1,1,6783237718016,1656063896,1852504722,2.118619110334134,active_cumulative,/home/oy/iCAT/result/mixT-fixed50-tenhour-20261004/mixT-fixed50-rep1/control-series.txt
1791188375,2026-10-05T17:19:35+09:00,34679.0,I_OLTP,1,1,6787955871744,1657215789,1852910206,2.118086261486856,active_cumulative,/home/oy/iCAT/result/mixT-fixed50-tenhour-20261004/mixT-fixed50-rep1/control-series.txt
1791188405,2026-10-05T17:20:05+09:00,34709.0,I_OLTP,1,1,6792695967744,1658373039,1853320746,2.117553591631925,active_cumulative,/home/oy/iCAT/result/mixT-fixed50-tenhour-20261004/mixT-fixed50-rep1/control-series.txt
1791188435,2026-10-05T17:20:35+09:00,34739.0,I_OLTP,1,1,6797424586752,1659527487,1853737018,2.1170270046873894,active_cumulative,/home/oy/iCAT/result/mixT-fixed50-tenhour-20261004/mixT-fixed50-rep1/control-series.txt
1791188465,2026-10-05T17:21:05+09:00,34769.0,I_OLTP,1,1,6802116464640,1660672965,1854129749,2.116493004990901,active_cumulative,/home/oy/iCAT/result/mixT-fixed50-tenhour-20261004/mixT-fixed50-rep1/control-series.txt
1791188495,2026-10-05T17:21:35+09:00,34799.0,I_OLTP,1,1,6806830186496,1661823776,1854536544,2.1159646231948,active_cumulative,/home/oy/iCAT/result/mixT-fixed50-tenhour-20261004/mixT-fixed50-rep1/control-series.txt
1791188525,2026-10-05T17:22:05+09:00,34829.0,I_OLTP,1,1,6811545559040,1662974990,1854946922,2.115438856960801,active_cumulative,/home/oy/iCAT/result/mixT-fixed50-tenhour-20261004/mixT-fixed50-rep1/control-series.txt
1791188555,2026-10-05T17:22:35+09:00,34859.0,I_OLTP,1,1,6816300650496,1664135901,1855359128,2.114908419970443,active_cumulative,/home/oy/iCAT/result/mixT-fixed50-tenhour-20261004/mixT-fixed50-rep1/control-series.txt
1791188585,2026-10-05T17:23:05+09:00,34889.0,I_OLTP,1,1,6821032284160,1665291085,1855768040,2.1143805768947592,active_cumulative,/home/oy/iCAT/result/mixT-fixed50-tenhour-20261004/mixT-fixed50-rep1/control-series.txt
1791188615,2026-10-05T17:23:35+09:00,34919.0,I_OLTP,1,1,6825759723520,1666445245,1856165118,2.113847048721964,active_cumulative,/home/oy/iCAT/result/mixT-fixed50-tenhour-20261004/mixT-fixed50-rep1/control-series.txt
1791188645,2026-10-05T17:24:05+09:00,34949.0,I_OLTP,1,1,6830446698496,1667589526,1856555381,2.113316767737962,active_cumulative,/home/oy/iCAT/result/mixT-fixed50-tenhour-20261004/mixT-fixed50-rep1/control-series.txt
1791188675,2026-10-05T17:24:35+09:00,34979.0,I_OLTP,1,1,6835225284608,1668756173,1856954007,2.1127773110565746,active_cumulative,/home/oy/iCAT/result/mixT-fixed50-tenhour-20261004/mixT-fixed50-rep1/control-series.txt
1791188705,2026-10-05T17:25:05+09:00,35009.0,I_OLTP,1,1,6839945445376,1669908556,1857349950,2.11224650195756,active_cumulative,/home/oy/iCAT/result/mixT-fixed50-tenhour-20261004/mixT-fixed50-rep1/control-series.txt
1791188735,2026-10-05T17:25:35+09:00,35039.0,I_OLTP,1,1,6844595990528,1671043943,1857755163,2.1117332795359047,active_cumulative,/home/oy/iCAT/result/mixT-fixed50-tenhour-20261004/mixT-fixed50-rep1/control-series.txt
1791188765,2026-10-05T17:26:05+09:00,35069.0,I_OLTP,1,1,6849056743424,1672132994,1858125876,2.111230914447227,active_cumulative,/home/oy/iCAT/result/mixT-fixed50-tenhour-20261004/mixT-fixed50-rep1/control-series.txt
1791188795,2026-10-05T17:26:35+09:00,35099.0,I_OLTP,1,1,6853524025344,1673223639,1858495882,2.1107277226317027,active_cumulative,/home/oy/iCAT/result/mixT-fixed50-tenhour-20261004/mixT-fixed50-rep1/control-series.txt
1791188826,2026-10-05T17:27:06+09:00,35130.0,I_OLTP,1,1,6858385756160,1674410585,1858917305,2.1101920410996446,active_cumulative,/home/oy/iCAT/result/mixT-fixed50-tenhour-20261004/mixT-fixed50-rep1/control-series.txt
1791188856,2026-10-05T17:27:36+09:00,35160.0,I_OLTP,1,1,6863194554368,1675584608,1859319829,2.1096543977085758,active_cumulative,/home/oy/iCAT/result/mixT-fixed50-tenhour-20261004/mixT-fixed50-rep1/control-series.txt
1791188886,2026-10-05T17:28:06+09:00,35190.0,I_OLTP,1,1,6867935780864,1676742134,1859715642,2.1091244171001433,active_cumulative,/home/oy/iCAT/result/mixT-fixed50-tenhour-20261004/mixT-fixed50-rep1/control-series.txt
1791188916,2026-10-05T17:28:36+09:00,35220.0,I_OLTP,1,1,6872595685376,1677879806,1860111130,2.108608091800349,active_cumulative,/home/oy/iCAT/result/mixT-fixed50-tenhour-20261004/mixT-fixed50-rep1/control-series.txt
1791188946,2026-10-05T17:29:06+09:00,35250.0,I_OLTP,1,1,6877344047104,1679039074,1860518173,2.1080850957015906,active_cumulative,/home/oy/iCAT/result/mixT-fixed50-tenhour-20261004/mixT-fixed50-rep1/control-series.txt
1791188976,2026-10-05T17:29:36+09:00,35280.0,I_OLTP,1,1,6882029367296,1680182951,1860917230,2.1075682138617298,active_cumulative,/home/oy/iCAT/result/mixT-fixed50-tenhour-20261004/mixT-fixed50-rep1/control-series.txt
1791189006,2026-10-05T17:30:06+09:00,35310.0,I_OLTP,1,1,6886526836736,1681280966,1861296723,2.107070597146105,active_cumulative,/home/oy/iCAT/result/mixT-fixed50-tenhour-20261004/mixT-fixed50-rep1/control-series.txt
1791189036,2026-10-05T17:30:36+09:00,35340.0,I_OLTP,1,1,6891233824768,1682430133,1861694972,2.1065511342693,active_cumulative,/home/oy/iCAT/result/mixT-fixed50-tenhour-20261004/mixT-fixed50-rep1/control-series.txt
1791189066,2026-10-05T17:31:06+09:00,35370.0,I_OLTP,1,1,6895970045952,1683586437,1862105708,2.10603510878723,active_cumulative,/home/oy/iCAT/result/mixT-fixed50-tenhour-20261004/mixT-fixed50-rep1/control-series.txt
1791189096,2026-10-05T17:31:36+09:00,35400.0,I_OLTP,1,1,6900726521856,1684747686,1862507816,2.1055114255251155,active_cumulative,/home/oy/iCAT/result/mixT-fixed50-tenhour-20261004/mixT-fixed50-rep1/control-series.txt
1791189126,2026-10-05T17:32:06+09:00,35430.0,I_OLTP,1,1,6905485451264,1685909534,1862919227,2.104993589175586,active_cumulative,/home/oy/iCAT/result/mixT-fixed50-tenhour-20261004/mixT-fixed50-rep1/control-series.txt
1791189156,2026-10-05T17:32:36+09:00,35460.0,I_OLTP,1,1,6910267961344,1687077139,1863327837,2.1044710368753328,active_cumulative,/home/oy/iCAT/result/mixT-fixed50-tenhour-20261004/mixT-fixed50-rep1/control-series.txt
1791189186,2026-10-05T17:33:06+09:00,35490.0,I_OLTP,1,1,6914973298688,1688225903,1863728141,2.103956607754999,active_cumulative,/home/oy/iCAT/result/mixT-fixed50-tenhour-20261004/mixT-fixed50-rep1/control-series.txt
1791189216,2026-10-05T17:33:36+09:00,35520.0,I_OLTP,1,1,6919719182336,1689384566,1864123243,2.1034333333669153,active_cumulative,/home/oy/iCAT/result/mixT-fixed50-tenhour-20261004/mixT-fixed50-rep1/control-series.txt
1791189246,2026-10-05T17:34:06+09:00,35550.0,I_OLTP,1,1,6924477317120,1690546220,1864530908,2.102916256261837,active_cumulative,/home/oy/iCAT/result/mixT-fixed50-tenhour-20261004/mixT-fixed50-rep1/control-series.txt
1791189276,2026-10-05T17:34:36+09:00,35580.0,I_OLTP,1,1,6929280081920,1691718770,1864949174,2.1023990553701783,active_cumulative,/home/oy/iCAT/result/mixT-fixed50-tenhour-20261004/mixT-fixed50-rep1/control-series.txt
1791189306,2026-10-05T17:35:06+09:00,35610.0,I_OLTP,1,1,6934024089600,1692876975,1865358916,2.101886872789442,active_cumulative,/home/oy/iCAT/result/mixT-fixed50-tenhour-20261004/mixT-fixed50-rep1/control-series.txt
1791189336,2026-10-05T17:35:36+09:00,35640.0,I_OLTP,1,1,6938778300416,1694037671,1865770188,2.1013746742117165,active_cumulative,/home/oy/iCAT/result/mixT-fixed50-tenhour-20261004/mixT-fixed50-rep1/control-series.txt
1791189366,2026-10-05T17:36:06+09:00,35670.0,I_OLTP,1,1,6943496396800,1695189550,1866176128,2.100865757460574,active_cumulative,/home/oy/iCAT/result/mixT-fixed50-tenhour-20261004/mixT-fixed50-rep1/control-series.txt
1791189396,2026-10-05T17:36:36+09:00,35700.0,I_OLTP,1,1,6948183015424,1696333744,1866571192,2.1003561053962034,active_cumulative,/home/oy/iCAT/result/mixT-fixed50-tenhour-20261004/mixT-fixed50-rep1/control-series.txt
1791189426,2026-10-05T17:37:06+09:00,35730.0,I_OLTP,1,1,6952952655872,1697498207,1866978070,2.099840967313611,active_cumulative,/home/oy/iCAT/result/mixT-fixed50-tenhour-20261004/mixT-fixed50-rep1/control-series.txt
1791189456,2026-10-05T17:37:36+09:00,35760.0,I_OLTP,1,1,6957638430720,1698642195,1867366871,2.0993291444758913,active_cumulative,/home/oy/iCAT/result/mixT-fixed50-tenhour-20261004/mixT-fixed50-rep1/control-series.txt
1791189486,2026-10-05T17:38:06+09:00,35790.0,I_OLTP,1,1,6962362855424,1699795619,1867767546,2.098818896296967,active_cumulative,/home/oy/iCAT/result/mixT-fixed50-tenhour-20261004/mixT-fixed50-rep1/control-series.txt
1791189516,2026-10-05T17:38:36+09:00,35820.0,I_OLTP,1,1,6967109373952,1700954437,1868173556,2.098308993681763,active_cumulative,/home/oy/iCAT/result/mixT-fixed50-tenhour-20261004/mixT-fixed50-rep1/control-series.txt
1791189547,2026-10-05T17:39:07+09:00,35851.0,I_OLTP,1,1,6971839025152,1702109137,1868579336,2.0978023061984183,active_cumulative,/home/oy/iCAT/result/mixT-fixed50-tenhour-20261004/mixT-fixed50-rep1/control-series.txt
1791189577,2026-10-05T17:39:37+09:00,35881.0,I_OLTP,1,1,6976572452864,1703264759,1868979176,2.0972922243147285,active_cumulative,/home/oy/iCAT/result/mixT-fixed50-tenhour-20261004/mixT-fixed50-rep1/control-series.txt
1791189607,2026-10-05T17:40:07+09:00,35911.0,I_OLTP,1,1,6981368340480,1704435630,1869390519,2.0967797704393214,active_cumulative,/home/oy/iCAT/result/mixT-fixed50-tenhour-20261004/mixT-fixed50-rep1/control-series.txt
1791189637,2026-10-05T17:40:37+09:00,35941.0,I_OLTP,1,1,6986165841920,1705606895,1869803143,2.0962685179576503,active_cumulative,/home/oy/iCAT/result/mixT-fixed50-tenhour-20261004/mixT-fixed50-rep1/control-series.txt
1791189667,2026-10-05T17:41:07+09:00,35971.0,I_OLTP,1,1,6990829051904,1706745374,1870196809,2.0957679086113052,active_cumulative,/home/oy/iCAT/result/mixT-fixed50-tenhour-20261004/mixT-fixed50-rep1/control-series.txt
1791189697,2026-10-05T17:41:37+09:00,36001.0,I_OLTP,1,1,6995653820416,1707923296,1870611023,2.095254703405603,active_cumulative,/home/oy/iCAT/result/mixT-fixed50-tenhour-20261004/mixT-fixed50-rep1/control-series.txt
1791189727,2026-10-05T17:42:07+09:00,36031.0,I_OLTP,1,1,7000377831424,1709076619,1871016869,2.094753066187725,active_cumulative,/home/oy/iCAT/result/mixT-fixed50-tenhour-20261004/mixT-fixed50-rep1/control-series.txt
1791189757,2026-10-05T17:42:37+09:00,36061.0,I_OLTP,1,1,7005094481920,1710228145,1871413152,2.0942476636647793,active_cumulative,/home/oy/iCAT/result/mixT-fixed50-tenhour-20261004/mixT-fixed50-rep1/control-series.txt
