unix_timestamp,iso_time,elapsed_measured_seconds,phase,epoch,active,host_bytes,host_pages,gc_pages,cumulative_waf,sample_status,source
1791040640,2026-10-04T00:17:20+09:00,,preparation,0,0,0,0,0,,inactive_or_zero,/home/oy/iCAT/result/mixF-fixed37-tenhour-20261004/mixF-fixed37-rep1-x30/control-series.txt
1791040670,2026-10-04T00:17:50+09:00,,preparation,0,0,0,0,0,,inactive_or_zero,/home/oy/iCAT/result/mixF-fixed37-tenhour-20261004/mixF-fixed37-rep1-x30/control-series.txt
1791040700,2026-10-04T00:18:20+09:00,,preparation,0,0,0,0,0,,inactive_or_zero,/home/oy/iCAT/result/mixF-fixed37-tenhour-20261004/mixF-fixed37-rep1-x30/control-series.txt
1791040730,2026-10-04T00:18:50+09:00,8.0,FIO-Fast,1,1,1246720000,304375,276890,1.909700205338809,active_cumulative,/home/oy/iCAT/result/mixF-fixed37-tenhour-20261004/mixF-fixed37-rep1-x30/control-series.txt
1791040760,2026-10-04T00:19:20+09:00,38.0,FIO-Fast,1,1,6163611648,1504788,1445167,1.9603791364630765,active_cumulative,/home/oy/iCAT/result/mixF-fixed37-tenhour-20261004/mixF-fixed37-rep1-x30/control-series.txt
1791040790,2026-10-04T00:19:50+09:00,68.0,FIO-Fast,1,1,11080323072,2705157,2622412,1.9694121265420086,active_cumulative,/home/oy/iCAT/result/mixF-fixed37-tenhour-20261004/mixF-fixed37-rep1-x30/control-series.txt
1791040820,2026-10-04T00:20:20+09:00,98.0,FIO-Fast,1,1,15996702720,3905445,3839213,1.9830411131125902,active_cumulative,/home/oy/iCAT/result/mixF-fixed37-tenhour-20261004/mixF-fixed37-rep1-x30/control-series.txt
1791040850,2026-10-04T00:20:50+09:00,128.0,FIO-Fast,1,1,20913270784,5105779,5087085,1.9963386586062577,active_cumulative,/home/oy/iCAT/result/mixF-fixed37-tenhour-20261004/mixF-fixed37-rep1-x30/control-series.txt
1791040880,2026-10-04T00:21:20+09:00,158.0,FIO-Fast,1,1,25829699584,6306079,6294958,1.9982364635774466,active_cumulative,/home/oy/iCAT/result/mixF-fixed37-tenhour-20261004/mixF-fixed37-rep1-x30/control-series.txt
1791040910,2026-10-04T00:21:50+09:00,188.0,FIO-Fast,1,1,30746329088,7506428,7463607,1.9942954225365246,active_cumulative,/home/oy/iCAT/result/mixF-fixed37-tenhour-20261004/mixF-fixed37-rep1-x30/control-series.txt
1791040940,2026-10-04T00:22:20+09:00,218.0,FIO-Fast,1,1,35662802944,8706739,8622766,1.9903554017181404,active_cumulative,/home/oy/iCAT/result/mixF-fixed37-tenhour-20261004/mixF-fixed37-rep1-x30/control-series.txt
1791040970,2026-10-04T00:22:50+09:00,248.0,FIO-Fast,1,1,40579325952,9907062,9721474,1.9812671001756121,active_cumulative,/home/oy/iCAT/result/mixF-fixed37-tenhour-20261004/mixF-fixed37-rep1-x30/control-series.txt
1791041000,2026-10-04T00:23:20+09:00,278.0,FIO-Fast,1,1,45495988224,11107419,10809917,1.9732159199180295,active_cumulative,/home/oy/iCAT/result/mixF-fixed37-tenhour-20261004/mixF-fixed37-rep1-x30/control-series.txt
1791041030,2026-10-04T00:23:50+09:00,308.0,FIO-Fast,1,1,50412519424,12307744,11905399,1.9673096060496547,active_cumulative,/home/oy/iCAT/result/mixF-fixed37-tenhour-20261004/mixF-fixed37-rep1-x30/control-series.txt
1791041060,2026-10-04T00:24:20+09:00,338.0,FIO-Fast,1,1,55329251328,13508118,13159805,1.9742145426920317,active_cumulative,/home/oy/iCAT/result/mixF-fixed37-tenhour-20261004/mixF-fixed37-rep1-x30/control-series.txt
1791041090,2026-10-04T00:24:50+09:00,368.0,FIO-Fast,1,1,60246249472,14708557,14397238,1.9788341575587598,active_cumulative,/home/oy/iCAT/result/mixF-fixed37-tenhour-20261004/mixF-fixed37-rep1-x30/control-series.txt
1791041120,2026-10-04T00:25:20+09:00,398.0,FIO-Fast,1,1,65162792960,15908885,15626500,1.9822498559767072,active_cumulative,/home/oy/iCAT/result/mixF-fixed37-tenhour-20261004/mixF-fixed37-rep1-x30/control-series.txt
1791041150,2026-10-04T00:25:50+09:00,428.0,FIO-Fast,1,1,70079475712,17109247,16802660,1.9820806257575216,active_cumulative,/home/oy/iCAT/result/mixF-fixed37-tenhour-20261004/mixF-fixed37-rep1-x30/control-series.txt
1791041180,2026-10-04T00:26:20+09:00,458.0,FIO-Fast,1,1,74996060160,18309585,17984775,1.9822601113023588,active_cumulative,/home/oy/iCAT/result/mixF-fixed37-tenhour-20261004/mixF-fixed37-rep1-x30/control-series.txt
1791041210,2026-10-04T00:26:50+09:00,488.0,FIO-Fast,1,1,79912828928,19509968,19108889,1.9794423548003768,active_cumulative,/home/oy/iCAT/result/mixF-fixed37-tenhour-20261004/mixF-fixed37-rep1-x30/control-series.txt
1791041240,2026-10-04T00:27:20+09:00,518.0,FIO-Fast,1,1,84829446144,20710314,20232975,1.9769516290288984,active_cumulative,/home/oy/iCAT/result/mixF-fixed37-tenhour-20261004/mixF-fixed37-rep1-x30/control-series.txt
1791041270,2026-10-04T00:27:50+09:00,548.0,FIO-Fast,1,1,89746276352,21910712,21318729,1.9729820281513444,active_cumulative,/home/oy/iCAT/result/mixF-fixed37-tenhour-20261004/mixF-fixed37-rep1-x30/control-series.txt
1791041300,2026-10-04T00:28:20+09:00,578.0,FIO-Fast,1,1,94663196672,23111132,22494269,1.9733088366247054,active_cumulative,/home/oy/iCAT/result/mixF-fixed37-tenhour-20261004/mixF-fixed37-rep1-x30/control-series.txt
1791041330,2026-10-04T00:28:50+09:00,608.0,FIO-Fast,1,1,99579805696,24311476,23736130,1.9763343862791383,active_cumulative,/home/oy/iCAT/result/mixF-fixed37-tenhour-20261004/mixF-fixed37-rep1-x30/control-series.txt
1791041360,2026-10-04T00:29:20+09:00,638.0,FIO-Fast,1,1,104496381952,25511812,24995249,1.9797520066391208,active_cumulative,/home/oy/iCAT/result/mixF-fixed37-tenhour-20261004/mixF-fixed37-rep1-x30/control-series.txt
1791041390,2026-10-04T00:29:50+09:00,668.0,FIO-Fast,1,1,109413007360,26712160,26185312,1.9802768476978274,active_cumulative,/home/oy/iCAT/result/mixF-fixed37-tenhour-20261004/mixF-fixed37-rep1-x30/control-series.txt
1791041420,2026-10-04T00:30:20+09:00,698.0,FIO-Fast,1,1,114329497600,27912475,27375124,1.9807487154041339,active_cumulative,/home/oy/iCAT/result/mixF-fixed37-tenhour-20261004/mixF-fixed37-rep1-x30/control-series.txt
1791041450,2026-10-04T00:30:50+09:00,728.0,FIO-Fast,1,1,119246213120,29112845,28497557,1.9788654114704352,active_cumulative,/home/oy/iCAT/result/mixF-fixed37-tenhour-20261004/mixF-fixed37-rep1-x30/control-series.txt
1791041480,2026-10-04T00:31:20+09:00,758.0,FIO-Fast,1,1,124162957312,30313222,29638884,1.977754327797949,active_cumulative,/home/oy/iCAT/result/mixF-fixed37-tenhour-20261004/mixF-fixed37-rep1-x30/control-series.txt
1791041510,2026-10-04T00:31:50+09:00,788.0,FIO-Fast,1,1,129079578624,31513569,30731116,1.975170917645031,active_cumulative,/home/oy/iCAT/result/mixF-fixed37-tenhour-20261004/mixF-fixed37-rep1-x30/control-series.txt
1791041540,2026-10-04T00:32:20+09:00,818.0,FIO-Fast,1,1,133996310528,32713943,31841934,1.9733444238134181,active_cumulative,/home/oy/iCAT/result/mixF-fixed37-tenhour-20261004/mixF-fixed37-rep1-x30/control-series.txt
1791041570,2026-10-04T00:32:50+09:00,848.0,FIO-Fast,1,1,138913021952,33914312,33031620,1.9739728761120086,active_cumulative,/home/oy/iCAT/result/mixF-fixed37-tenhour-20261004/mixF-fixed37-rep1-x30/control-series.txt
1791041600,2026-10-04T00:33:20+09:00,878.0,FIO-Fast,1,1,143829782528,35114693,34321859,1.9774215881653872,active_cumulative,/home/oy/iCAT/result/mixF-fixed37-tenhour-20261004/mixF-fixed37-rep1-x30/control-series.txt
1791041630,2026-10-04T00:33:50+09:00,908.0,FIO-Fast,1,1,148746428416,36315046,35556142,1.979102215649128,active_cumulative,/home/oy/iCAT/result/mixF-fixed37-tenhour-20261004/mixF-fixed37-rep1-x30/control-series.txt
1791041660,2026-10-04T00:34:20+09:00,938.0,FIO-Fast,1,1,153662980096,37515376,36781534,1.9804389005723948,active_cumulative,/home/oy/iCAT/result/mixF-fixed37-tenhour-20261004/mixF-fixed37-rep1-x30/control-series.txt
1791041690,2026-10-04T00:34:50+09:00,968.0,FIO-Fast,1,1,158579675136,38715741,37941890,1.9800119801400675,active_cumulative,/home/oy/iCAT/result/mixF-fixed37-tenhour-20261004/mixF-fixed37-rep1-x30/control-series.txt
1791041720,2026-10-04T00:35:20+09:00,998.0,FIO-Fast,1,1,163496185856,39916061,39097094,1.979482770105998,active_cumulative,/home/oy/iCAT/result/mixF-fixed37-tenhour-20261004/mixF-fixed37-rep1-x30/control-series.txt
1791041750,2026-10-04T00:35:50+09:00,1028.0,FIO-Fast,1,1,168412921856,41116436,40193275,1.9775476405591186,active_cumulative,/home/oy/iCAT/result/mixF-fixed37-tenhour-20261004/mixF-fixed37-rep1-x30/control-series.txt
1791041780,2026-10-04T00:36:20+09:00,1058.0,FIO-Fast,1,1,173329620992,42316802,41284376,1.9756024569153405,active_cumulative,/home/oy/iCAT/result/mixF-fixed37-tenhour-20261004/mixF-fixed37-rep1-x30/control-series.txt
1791041810,2026-10-04T00:36:50+09:00,1088.0,FIO-Fast,1,1,178246475776,43517206,42362911,1.9734749744733153,active_cumulative,/home/oy/iCAT/result/mixF-fixed37-tenhour-20261004/mixF-fixed37-rep1-x30/control-series.txt
1791041840,2026-10-04T00:37:20+09:00,1118.0,FIO-Fast,1,1,183163064320,44717545,43614608,1.9753354751473946,active_cumulative,/home/oy/iCAT/result/mixF-fixed37-tenhour-20261004/mixF-fixed37-rep1-x30/control-series.txt
1791041870,2026-10-04T00:37:50+09:00,1148.0,FIO-Fast,1,1,188079652864,45917884,44885795,1.9775231585148827,active_cumulative,/home/oy/iCAT/result/mixF-fixed37-tenhour-20261004/mixF-fixed37-rep1-x30/control-series.txt
1791041900,2026-10-04T00:38:20+09:00,1178.0,FIO-Fast,1,1,192996327424,47118244,46136968,1.9791741814486974,active_cumulative,/home/oy/iCAT/result/mixF-fixed37-tenhour-20261004/mixF-fixed37-rep1-x30/control-series.txt
1791041930,2026-10-04T00:38:50+09:00,1208.0,FIO-Fast,1,1,197913329664,48318684,47329548,1.9795289126665785,active_cumulative,/home/oy/iCAT/result/mixF-fixed37-tenhour-20261004/mixF-fixed37-rep1-x30/control-series.txt
1791041960,2026-10-04T00:39:20+09:00,1238.0,FIO-Fast,1,1,202829987840,49519040,48520150,1.979828163066166,active_cumulative,/home/oy/iCAT/result/mixF-fixed37-tenhour-20261004/mixF-fixed37-rep1-x30/control-series.txt
1791041990,2026-10-04T00:39:50+09:00,1268.0,FIO-Fast,1,1,207746678784,50719404,49668457,1.979279192634046,active_cumulative,/home/oy/iCAT/result/mixF-fixed37-tenhour-20261004/mixF-fixed37-rep1-x30/control-series.txt
1791042020,2026-10-04T00:40:20+09:00,1298.0,FIO-Fast,1,1,212663635968,51919833,50794810,1.9783315366210827,active_cumulative,/home/oy/iCAT/result/mixF-fixed37-tenhour-20261004/mixF-fixed37-rep1-x30/control-series.txt
1791042050,2026-10-04T00:40:50+09:00,1328.0,FIO-Fast,1,1,217580433408,53120223,51868828,1.9764422110953865,active_cumulative,/home/oy/iCAT/result/mixF-fixed37-tenhour-20261004/mixF-fixed37-rep1-x30/control-series.txt
1791042080,2026-10-04T00:41:20+09:00,1358.0,FIO-Fast,1,1,222497300480,54320630,53004548,1.9757719672986118,active_cumulative,/home/oy/iCAT/result/mixF-fixed37-tenhour-20261004/mixF-fixed37-rep1-x30/control-series.txt
1791042110,2026-10-04T00:41:50+09:00,1388.0,FIO-Fast,1,1,227413884928,55520968,54231228,1.9767702176950517,active_cumulative,/home/oy/iCAT/result/mixF-fixed37-tenhour-20261004/mixF-fixed37-rep1-x30/control-series.txt
1791042140,2026-10-04T00:42:20+09:00,1418.0,FIO-Fast,1,1,232330489856,56721311,55503241,1.9785253553113398,active_cumulative,/home/oy/iCAT/result/mixF-fixed37-tenhour-20261004/mixF-fixed37-rep1-x30/control-series.txt
1791042170,2026-10-04T00:42:50+09:00,1448.0,FIO-Fast,1,1,237247086592,57921652,56690740,1.9787486724308208,active_cumulative,/home/oy/iCAT/result/mixF-fixed37-tenhour-20261004/mixF-fixed37-rep1-x30/control-series.txt
1791042200,2026-10-04T00:43:20+09:00,1478.0,FIO-Fast,1,1,242163748864,59122009,57896707,1.97927502768047,active_cumulative,/home/oy/iCAT/result/mixF-fixed37-tenhour-20261004/mixF-fixed37-rep1-x30/control-series.txt
1791042230,2026-10-04T00:43:50+09:00,1508.0,FIO-Fast,1,1,247080378368,60322358,59056029,1.9790073027317665,active_cumulative,/home/oy/iCAT/result/mixF-fixed37-tenhour-20261004/mixF-fixed37-rep1-x30/control-series.txt
1791042260,2026-10-04T00:44:20+09:00,1538.0,FIO-Fast,1,1,251997028352,61522712,60200698,1.9785117730180684,active_cumulative,/home/oy/iCAT/result/mixF-fixed37-tenhour-20261004/mixF-fixed37-rep1-x30/control-series.txt
1791042290,2026-10-04T00:44:50+09:00,1568.0,FIO-Fast,1,1,256913547264,62723034,61309087,1.9774572926430822,active_cumulative,/home/oy/iCAT/result/mixF-fixed37-tenhour-20261004/mixF-fixed37-rep1-x30/control-series.txt
1791042320,2026-10-04T00:45:20+09:00,1598.0,FIO-Fast,1,1,261830393856,63923436,62415010,1.9764026139020436,active_cumulative,/home/oy/iCAT/result/mixF-fixed37-tenhour-20261004/mixF-fixed37-rep1-x30/control-series.txt
1791042350,2026-10-04T00:45:50+09:00,1628.0,FIO-Fast,1,1,266747006976,65123781,63582966,1.9763402097307587,active_cumulative,/home/oy/iCAT/result/mixF-fixed37-tenhour-20261004/mixF-fixed37-rep1-x30/control-series.txt
1791042380,2026-10-04T00:46:20+09:00,1658.0,FIO-Fast,1,1,271663788032,66324167,64864064,1.9779853548707216,active_cumulative,/home/oy/iCAT/result/mixF-fixed37-tenhour-20261004/mixF-fixed37-rep1-x30/control-series.txt
1791042410,2026-10-04T00:46:50+09:00,1688.0,FIO-Fast,1,1,276580515840,67524540,66106521,1.9789999457974834,active_cumulative,/home/oy/iCAT/result/mixF-fixed37-tenhour-20261004/mixF-fixed37-rep1-x30/control-series.txt
1791042440,2026-10-04T00:47:20+09:00,1718.0,FIO-Fast,1,1,281497272320,68724920,67326360,1.9796498853690916,active_cumulative,/home/oy/iCAT/result/mixF-fixed37-tenhour-20261004/mixF-fixed37-rep1-x30/control-series.txt
1791042470,2026-10-04T00:47:50+09:00,1748.0,FIO-Fast,1,1,286413832192,69925252,68489738,1.979470735407575,active_cumulative,/home/oy/iCAT/result/mixF-fixed37-tenhour-20261004/mixF-fixed37-rep1-x30/control-series.txt
1791042500,2026-10-04T00:48:20+09:00,1778.0,FIO-Fast,1,1,291330228224,71125544,69642560,1.9791497693149456,active_cumulative,/home/oy/iCAT/result/mixF-fixed37-tenhour-20261004/mixF-fixed37-rep1-x30/control-series.txt
1791042530,2026-10-04T00:48:50+09:00,1808.0,FIO-Fast,1,1,296246992896,72325926,70747229,1.9781724605917939,active_cumulative,/home/oy/iCAT/result/mixF-fixed37-tenhour-20261004/mixF-fixed37-rep1-x30/control-series.txt
1791042560,2026-10-04T00:49:20+09:00,1838.0,FIO-Fast,1,1,301163859968,73526333,71859171,1.9773256473976473,active_cumulative,/home/oy/iCAT/result/mixF-fixed37-tenhour-20261004/mixF-fixed37-rep1-x30/control-series.txt
1791042590,2026-10-04T00:49:50+09:00,1868.0,FIO-Fast,1,1,306080792576,74726756,72960526,1.976364155296665,active_cumulative,/home/oy/iCAT/result/mixF-fixed37-tenhour-20261004/mixF-fixed37-rep1-x30/control-series.txt
1791042620,2026-10-04T00:50:20+09:00,1898.0,FIO-Fast,1,1,310997835776,75927206,74180112,1.9769898815979086,active_cumulative,/home/oy/iCAT/result/mixF-fixed37-tenhour-20261004/mixF-fixed37-rep1-x30/control-series.txt
1791042650,2026-10-04T00:50:50+09:00,1928.0,FIO-Fast,1,1,315914526720,77127570,75454263,1.9783046840448884,active_cumulative,/home/oy/iCAT/result/mixF-fixed37-tenhour-20261004/mixF-fixed37-rep1-x30/control-series.txt
1791042680,2026-10-04T00:51:20+09:00,1958.0,FIO-Fast,1,1,320831262720,78327945,76707442,1.9793113045414379,active_cumulative,/home/oy/iCAT/result/mixF-fixed37-tenhour-20261004/mixF-fixed37-rep1-x30/control-series.txt
1791042710,2026-10-04T00:51:50+09:00,1988.0,FIO-Fast,1,1,325748224000,79528375,77922223,1.9798040384956943,active_cumulative,/home/oy/iCAT/result/mixF-fixed37-tenhour-20261004/mixF-fixed37-rep1-x30/control-series.txt
1791042740,2026-10-04T00:52:20+09:00,2018.0,FIO-Fast,1,1,330664722432,80728692,79109185,1.9799388921103787,active_cumulative,/home/oy/iCAT/result/mixF-fixed37-tenhour-20261004/mixF-fixed37-rep1-x30/control-series.txt
1791042770,2026-10-04T00:52:50+09:00,2048.0,FIO-Fast,1,1,335581589504,81929099,80251413,1.9795227090194167,active_cumulative,/home/oy/iCAT/result/mixF-fixed37-tenhour-20261004/mixF-fixed37-rep1-x30/control-series.txt
1791042800,2026-10-04T00:53:20+09:00,2078.0,FIO-Fast,1,1,340498120704,83129424,81363565,1.978757713995468,active_cumulative,/home/oy/iCAT/result/mixF-fixed37-tenhour-20261004/mixF-fixed37-rep1-x30/control-series.txt
1791042830,2026-10-04T00:53:50+09:00,2108.0,FIO-Fast,1,1,345414901760,84329810,82441359,1.9776063648192732,active_cumulative,/home/oy/iCAT/result/mixF-fixed37-tenhour-20261004/mixF-fixed37-rep1-x30/control-series.txt
1791042860,2026-10-04T00:54:20+09:00,2138.0,FIO-Fast,1,1,350331658240,85530190,83542917,1.9767652451140352,active_cumulative,/home/oy/iCAT/result/mixF-fixed37-tenhour-20261004/mixF-fixed37-rep1-x30/control-series.txt
1791042890,2026-10-04T00:54:50+09:00,2168.0,FIO-Fast,1,1,355248570368,86730608,84774364,1.9774445948770474,active_cumulative,/home/oy/iCAT/result/mixF-fixed37-tenhour-20261004/mixF-fixed37-rep1-x30/control-series.txt
1791042921,2026-10-04T00:55:21+09:00,2199.0,FIO-Fast,1,1,360165277696,87930976,86061542,1.9787397560559319,active_cumulative,/home/oy/iCAT/result/mixF-fixed37-tenhour-20261004/mixF-fixed37-rep1-x30/control-series.txt
1791042951,2026-10-04T00:55:51+09:00,2229.0,FIO-Fast,1,1,365081886720,89131320,87303628,1.9794943909727802,active_cumulative,/home/oy/iCAT/result/mixF-fixed37-tenhour-20261004/mixF-fixed37-rep1-x30/control-series.txt
1791042981,2026-10-04T00:56:21+09:00,2259.0,FIO-Fast,1,1,369998606336,90331691,88503536,1.9797617538234726,active_cumulative,/home/oy/iCAT/result/mixF-fixed37-tenhour-20261004/mixF-fixed37-rep1-x30/control-series.txt
1791043011,2026-10-04T00:56:51+09:00,2289.0,FIO-Fast,1,1,374915121152,91532012,89684788,1.979818820108532,active_cumulative,/home/oy/iCAT/result/mixF-fixed37-tenhour-20261004/mixF-fixed37-rep1-x30/control-series.txt
1791043041,2026-10-04T00:57:21+09:00,2319.0,FIO-Fast,1,1,379831816192,92732377,90835520,1.9795448249967755,active_cumulative,/home/oy/iCAT/result/mixF-fixed37-tenhour-20261004/mixF-fixed37-rep1-x30/control-series.txt
1791043071,2026-10-04T00:57:51+09:00,2349.0,FIO-Fast,1,1,384748326912,93932697,91966391,1.9790668631605457,active_cumulative,/home/oy/iCAT/result/mixF-fixed37-tenhour-20261004/mixF-fixed37-rep1-x30/control-series.txt
1791043101,2026-10-04T00:58:21+09:00,2379.0,FIO-Fast,1,1,389664886784,95133029,93054290,1.978149134723756,active_cumulative,/home/oy/iCAT/result/mixF-fixed37-tenhour-20261004/mixF-fixed37-rep1-x30/control-series.txt
1791043131,2026-10-04T00:58:51+09:00,2409.0,FIO-Fast,1,1,394581880832,96333467,94192600,1.977776497964098,active_cumulative,/home/oy/iCAT/result/mixF-fixed37-tenhour-20261004/mixF-fixed37-rep1-x30/control-series.txt
1791043161,2026-10-04T00:59:21+09:00,2439.0,FIO-Fast,1,1,399498461184,97533804,95442995,1.9785632374186903,active_cumulative,/home/oy/iCAT/result/mixF-fixed37-tenhour-20261004/mixF-fixed37-rep1-x30/control-series.txt
1791043191,2026-10-04T00:59:51+09:00,2469.0,FIO-Fast,1,1,404414992384,98734129,96697971,1.9793773640318435,active_cumulative,/home/oy/iCAT/result/mixF-fixed37-tenhour-20261004/mixF-fixed37-rep1-x30/control-series.txt
1791043221,2026-10-04T01:00:21+09:00,2499.0,FIO-Fast,1,1,409331552256,99934461,97903586,1.9796779311192763,active_cumulative,/home/oy/iCAT/result/mixF-fixed37-tenhour-20261004/mixF-fixed37-rep1-x30/control-series.txt
1791043251,2026-10-04T01:00:51+09:00,2529.0,FIO-Fast,1,1,414248054784,101134779,99086680,1.979748816181227,active_cumulative,/home/oy/iCAT/result/mixF-fixed37-tenhour-20261004/mixF-fixed37-rep1-x30/control-series.txt
1791043281,2026-10-04T01:01:21+09:00,2559.0,FIO-Fast,,,,,,,inactive_or_zero,/home/oy/iCAT/result/mixF-fixed37-tenhour-20261004/mixF-fixed37-rep1-x30/control-series.txt
1791043311,2026-10-04T01:01:51+09:00,2589.0,FIO-Fast,1,1,424081117184,103535429,101401546,1.9793898279979119,active_cumulative,/home/oy/iCAT/result/mixF-fixed37-tenhour-20261004/mixF-fixed37-rep1-x30/control-series.txt
1791043341,2026-10-04T01:02:21+09:00,2619.0,FIO-Fast,1,1,428997787648,104735788,102504045,1.9786916865513056,active_cumulative,/home/oy/iCAT/result/mixF-fixed37-tenhour-20261004/mixF-fixed37-rep1-x30/control-series.txt
1791043371,2026-10-04T01:02:51+09:00,2649.0,FIO-Fast,1,1,433914605568,105936183,103612687,1.9780670217276,active_cumulative,/home/oy/iCAT/result/mixF-fixed37-tenhour-20261004/mixF-fixed37-rep1-x30/control-series.txt
1791043401,2026-10-04T01:03:21+09:00,2679.0,FIO-Fast,1,1,438831235072,107136532,104789817,1.97809603357331,active_cumulative,/home/oy/iCAT/result/mixF-fixed37-tenhour-20261004/mixF-fixed37-rep1-x30/control-series.txt
1791043431,2026-10-04T01:03:51+09:00,2709.0,FIO-Fast,1,1,443747999744,108336914,106070546,1.979080371442,active_cumulative,/home/oy/iCAT/result/mixF-fixed37-tenhour-20261004/mixF-fixed37-rep1-x30/control-series.txt
1791043461,2026-10-04T01:04:21+09:00,2739.0,FIO-Fast,1,1,448664715264,109537284,107319417,1.9797524010180862,active_cumulative,/home/oy/iCAT/result/mixF-fixed37-tenhour-20261004/mixF-fixed37-rep1-x30/control-series.txt
1791043491,2026-10-04T01:04:51+09:00,2769.0,FIO-Fast,1,1,453581324288,110737628,108538534,1.9801414023424813,active_cumulative,/home/oy/iCAT/result/mixF-fixed37-tenhour-20261004/mixF-fixed37-rep1-x30/control-series.txt
1791043521,2026-10-04T01:05:21+09:00,2799.0,FIO-Fast,1,1,458497933312,111937972,109702949,1.980033379557743,active_cumulative,/home/oy/iCAT/result/mixF-fixed37-tenhour-20261004/mixF-fixed37-rep1-x30/control-series.txt
1791043551,2026-10-04T01:05:51+09:00,2829.0,FIO-Fast,1,1,463414824960,113138385,110866523,1.9799196179086347,active_cumulative,/home/oy/iCAT/result/mixF-fixed37-tenhour-20261004/mixF-fixed37-rep1-x30/control-series.txt
1791043581,2026-10-04T01:06:21+09:00,2859.0,FIO-Fast,1,1,468331630592,114338777,111958154,1.9791792158140715,active_cumulative,/home/oy/iCAT/result/mixF-fixed37-tenhour-20261004/mixF-fixed37-rep1-x30/control-series.txt
1791043611,2026-10-04T01:06:51+09:00,2889.0,FIO-Fast,1,1,473248346112,115539147,113063164,1.9785701810659897,active_cumulative,/home/oy/iCAT/result/mixF-fixed37-tenhour-20261004/mixF-fixed37-rep1-x30/control-series.txt
1791043641,2026-10-04T01:07:21+09:00,2919.0,FIO-Fast,1,1,478165032960,116739510,114163095,1.9779302225955893,active_cumulative,/home/oy/iCAT/result/mixF-fixed37-tenhour-20261004/mixF-fixed37-rep1-x30/control-series.txt
1791043671,2026-10-04T01:07:51+09:00,2949.0,FIO-Fast,1,1,483081842688,117939903,115394920,1.9784213575281642,active_cumulative,/home/oy/iCAT/result/mixF-fixed37-tenhour-20261004/mixF-fixed37-rep1-x30/control-series.txt
1791043701,2026-10-04T01:08:21+09:00,2979.0,FIO-Fast,1,1,487998771200,119140325,116663551,1.9792112871943233,active_cumulative,/home/oy/iCAT/result/mixF-fixed37-tenhour-20261004/mixF-fixed37-rep1-x30/control-series.txt
1791043731,2026-10-04T01:08:51+09:00,3009.0,FIO-Fast,1,1,492915462144,120340689,117926062,1.979935074162655,active_cumulative,/home/oy/iCAT/result/mixF-fixed37-tenhour-20261004/mixF-fixed37-rep1-x30/control-series.txt
1791043761,2026-10-04T01:09:21+09:00,3039.0,FIO-Fast,1,1,497832079360,121541035,119132009,1.9801793196840887,active_cumulative,/home/oy/iCAT/result/mixF-fixed37-tenhour-20261004/mixF-fixed37-rep1-x30/control-series.txt
1791043791,2026-10-04T01:09:51+09:00,3069.0,FIO-Fast,1,1,502748917760,122741435,120323677,1.9803020227032542,active_cumulative,/home/oy/iCAT/result/mixF-fixed37-tenhour-20261004/mixF-fixed37-rep1-x30/control-series.txt
1791043821,2026-10-04T01:10:21+09:00,3099.0,FIO-Fast,1,1,507665518592,123941777,121459644,1.9799733950885665,active_cumulative,/home/oy/iCAT/result/mixF-fixed37-tenhour-20261004/mixF-fixed37-rep1-x30/control-series.txt
1791043851,2026-10-04T01:10:51+09:00,3129.0,FIO-Fast,1,1,512582144000,125142125,122590430,1.979609623857674,active_cumulative,/home/oy/iCAT/result/mixF-fixed37-tenhour-20261004/mixF-fixed37-rep1-x30/control-series.txt
1791043881,2026-10-04T01:11:21+09:00,3159.0,FIO-Fast,1,1,517498732544,126342464,123658670,1.97875778328971,active_cumulative,/home/oy/iCAT/result/mixF-fixed37-tenhour-20261004/mixF-fixed37-rep1-x30/control-series.txt
1791043911,2026-10-04T01:11:51+09:00,3189.0,FIO-Fast,1,1,522415349760,127542810,124780621,1.9783430441904173,active_cumulative,/home/oy/iCAT/result/mixF-fixed37-tenhour-20261004/mixF-fixed37-rep1-x30/control-series.txt
1791043941,2026-10-04T01:12:21+09:00,3219.0,FIO-Fast,1,1,527332036608,128743173,126003356,1.9787187395171626,active_cumulative,/home/oy/iCAT/result/mixF-fixed37-tenhour-20261004/mixF-fixed37-rep1-x30/control-series.txt
1791043971,2026-10-04T01:12:51+09:00,3249.0,FIO-Fast,1,1,532248899584,129943579,127282727,1.9795230205257006,active_cumulative,/home/oy/iCAT/result/mixF-fixed37-tenhour-20261004/mixF-fixed37-rep1-x30/control-series.txt
1791044001,2026-10-04T01:13:21+09:00,3279.0,FIO-Fast,1,1,537165914112,131144022,128505274,1.979879006608475,active_cumulative,/home/oy/iCAT/result/mixF-fixed37-tenhour-20261004/mixF-fixed37-rep1-x30/control-series.txt
1791044031,2026-10-04T01:13:51+09:00,3309.0,FIO-Fast,1,1,542082420736,132344341,129722633,1.980190252335761,active_cumulative,/home/oy/iCAT/result/mixF-fixed37-tenhour-20261004/mixF-fixed37-rep1-x30/control-series.txt
1791044061,2026-10-04T01:14:21+09:00,3339.0,FIO-Fast,1,1,546999246848,133544738,130882174,1.9800623817914862,active_cumulative,/home/oy/iCAT/result/mixF-fixed37-tenhour-20261004/mixF-fixed37-rep1-x30/control-series.txt
1791044091,2026-10-04T01:14:51+09:00,3369.0,FIO-Fast,1,1,551915991040,134745115,132049844,1.9799972637226961,active_cumulative,/home/oy/iCAT/result/mixF-fixed37-tenhour-20261004/mixF-fixed37-rep1-x30/control-series.txt
1791044121,2026-10-04T01:15:21+09:00,3399.0,FIO-Fast,1,1,556832722944,135945489,133166760,1.979559976425551,active_cumulative,/home/oy/iCAT/result/mixF-fixed37-tenhour-20261004/mixF-fixed37-rep1-x30/control-series.txt
1791044151,2026-10-04T01:15:51+09:00,3429.0,FIO-Fast,1,1,561749401600,137145850,134277508,1.9790854626662053,active_cumulative,/home/oy/iCAT/result/mixF-fixed37-tenhour-20261004/mixF-fixed37-rep1-x30/control-series.txt
1791044181,2026-10-04T01:16:21+09:00,3459.0,FIO-Fast,1,1,566666207232,138346242,135416723,1.9788247302012005,active_cumulative,/home/oy/iCAT/result/mixF-fixed37-tenhour-20261004/mixF-fixed37-rep1-x30/control-series.txt
1791044211,2026-10-04T01:16:51+09:00,3489.0,FIO-Fast,1,1,571582652416,139546546,136686554,1.9795051036232743,active_cumulative,/home/oy/iCAT/result/mixF-fixed37-tenhour-20261004/mixF-fixed37-rep1-x30/control-series.txt
1791044241,2026-10-04T01:17:21+09:00,3519.0,FIO-Fast,1,1,576499310592,140746902,137931849,1.9799991832147041,active_cumulative,/home/oy/iCAT/result/mixF-fixed37-tenhour-20261004/mixF-fixed37-rep1-x30/control-series.txt
1791044271,2026-10-04T01:17:51+09:00,3549.0,FIO-Fast,1,1,581415956480,141947255,139173161,1.9804568675878937,active_cumulative,/home/oy/iCAT/result/mixF-fixed37-tenhour-20261004/mixF-fixed37-rep1-x30/control-series.txt
1791044301,2026-10-04T01:18:21+09:00,3579.0,FIO-Fast,1,1,586332655616,143147621,140328903,1.9803090126101361,active_cumulative,/home/oy/iCAT/result/mixF-fixed37-tenhour-20261004/mixF-fixed37-rep1-x30/control-series.txt
1791044331,2026-10-04T01:18:51+09:00,3609.0,FIO-Fast,1,1,591249211392,144347952,141503626,1.9802953491158641,active_cumulative,/home/oy/iCAT/result/mixF-fixed37-tenhour-20261004/mixF-fixed37-rep1-x30/control-series.txt
1791044361,2026-10-04T01:19:21+09:00,3639.0,FIO-Fast,1,1,596165660672,145548257,142629183,1.9799442874812305,active_cumulative,/home/oy/iCAT/result/mixF-fixed37-tenhour-20261004/mixF-fixed37-rep1-x30/control-series.txt
1791044391,2026-10-04T01:19:51+09:00,3669.0,FIO-Fast,1,1,601082200064,146748584,143750817,1.9795720890908222,active_cumulative,/home/oy/iCAT/result/mixF-fixed37-tenhour-20261004/mixF-fixed37-rep1-x30/control-series.txt
1791044421,2026-10-04T01:20:21+09:00,3699.0,FIO-Fast,1,1,605998886912,147948947,144848903,1.9790465288002355,active_cumulative,/home/oy/iCAT/result/mixF-fixed37-tenhour-20261004/mixF-fixed37-rep1-x30/control-series.txt
1791044451,2026-10-04T01:20:51+09:00,3729.0,FIO-Fast,1,1,610915708928,149149343,146054958,1.9792531100857749,active_cumulative,/home/oy/iCAT/result/mixF-fixed37-tenhour-20261004/mixF-fixed37-rep1-x30/control-series.txt
1791044481,2026-10-04T01:21:21+09:00,3759.0,FIO-Fast,1,1,615832629248,150349763,147319737,1.9798468189138416,active_cumulative,/home/oy/iCAT/result/mixF-fixed37-tenhour-20261004/mixF-fixed37-rep1-x30/control-series.txt
1791044511,2026-10-04T01:21:51+09:00,3789.0,FIO-Fast,1,1,620749217792,151550102,148591281,1.9804762849978155,active_cumulative,/home/oy/iCAT/result/mixF-fixed37-tenhour-20261004/mixF-fixed37-rep1-x30/control-series.txt
1791044541,2026-10-04T01:22:21+09:00,3819.0,FIO-Fast,1,1,625665765376,152750431,149790399,1.9806217764452658,active_cumulative,/home/oy/iCAT/result/mixF-fixed37-tenhour-20261004/mixF-fixed37-rep1-x30/control-series.txt
1791044571,2026-10-04T01:22:51+09:00,3849.0,FIO-Fast,1,1,630582345728,153950768,150983470,1.98072566939062,active_cumulative,/home/oy/iCAT/result/mixF-fixed37-tenhour-20261004/mixF-fixed37-rep1-x30/control-series.txt
1791044601,2026-10-04T01:23:21+09:00,3879.0,FIO-Fast,1,1,635498971136,155151116,152108827,1.980391446233619,active_cumulative,/home/oy/iCAT/result/mixF-fixed37-tenhour-20261004/mixF-fixed37-rep1-x30/control-series.txt
1791044631,2026-10-04T01:23:51+09:00,3909.0,FIO-Fast,1,1,640415694848,156351488,153240057,1.9800997672628482,active_cumulative,/home/oy/iCAT/result/mixF-fixed37-tenhour-20261004/mixF-fixed37-rep1-x30/control-series.txt
1791044661,2026-10-04T01:24:21+09:00,3939.0,FIO-Fast,1,1,645332357120,157551845,154306946,1.9794042462657293,active_cumulative,/home/oy/iCAT/result/mixF-fixed37-tenhour-20261004/mixF-fixed37-rep1-x30/control-series.txt
1791044691,2026-10-04T01:24:51+09:00,3969.0,FIO-Fast,1,1,650248990720,158752195,155433697,1.9790963646203443,active_cumulative,/home/oy/iCAT/result/mixF-fixed37-tenhour-20261004/mixF-fixed37-rep1-x30/control-series.txt
1791044721,2026-10-04T01:25:21+09:00,3999.0,FIO-Fast,1,1,655165665280,159952555,156648015,1.9793404988122885,active_cumulative,/home/oy/iCAT/result/mixF-fixed37-tenhour-20261004/mixF-fixed37-rep1-x30/control-series.txt
1791044751,2026-10-04T01:25:51+09:00,4029.0,FIO-Fast,1,1,660082216960,161152885,157944149,1.9800888702675103,active_cumulative,/home/oy/iCAT/result/mixF-fixed37-tenhour-20261004/mixF-fixed37-rep1-x30/control-series.txt
1791044781,2026-10-04T01:26:21+09:00,4059.0,FIO-Fast,1,1,664999006208,162353273,159176333,1.9804319312983607,active_cumulative,/home/oy/iCAT/result/mixF-fixed37-tenhour-20261004/mixF-fixed37-rep1-x30/control-series.txt
1791044811,2026-10-04T01:26:51+09:00,4089.0,FIO-Fast,1,1,669915582464,163553609,160396475,1.980696641185093,active_cumulative,/home/oy/iCAT/result/mixF-fixed37-tenhour-20261004/mixF-fixed37-rep1-x30/control-series.txt
1791044841,2026-10-04T01:27:21+09:00,4119.0,FIO-Fast,1,1,674832441344,164754014,161578528,1.9807258960015384,active_cumulative,/home/oy/iCAT/result/mixF-fixed37-tenhour-20261004/mixF-fixed37-rep1-x30/control-series.txt
1791044871,2026-10-04T01:27:51+09:00,4149.0,FIO-Fast,1,1,679749218304,165954399,162742979,1.9806487805122899,active_cumulative,/home/oy/iCAT/result/mixF-fixed37-tenhour-20261004/mixF-fixed37-rep1-x30/control-series.txt
1791044901,2026-10-04T01:28:21+09:00,4179.0,FIO-Fast,1,1,684665909248,167154763,163848534,1.9802205516572686,active_cumulative,/home/oy/iCAT/result/mixF-fixed37-tenhour-20261004/mixF-fixed37-rep1-x30/control-series.txt
1791044931,2026-10-04T01:28:51+09:00,4209.0,FIO-Fast,1,1,689582555136,168355116,164944068,1.9797389703322112,active_cumulative,/home/oy/iCAT/result/mixF-fixed37-tenhour-20261004/mixF-fixed37-rep1-x30/control-series.txt
1791044961,2026-10-04T01:29:21+09:00,4239.0,FIO-Fast,1,1,694499164160,169555460,166042150,1.9792792871429796,active_cumulative,/home/oy/iCAT/result/mixF-fixed37-tenhour-20261004/mixF-fixed37-rep1-x30/control-series.txt
1791044991,2026-10-04T01:29:51+09:00,4269.0,FIO-Fast,1,1,699415891968,170755833,167302142,1.9797740965018749,active_cumulative,/home/oy/iCAT/result/mixF-fixed37-tenhour-20261004/mixF-fixed37-rep1-x30/control-series.txt
1791045021,2026-10-04T01:30:21+09:00,4299.0,FIO-Fast,1,1,704332357632,171956142,168547591,1.980177788589837,active_cumulative,/home/oy/iCAT/result/mixF-fixed37-tenhour-20261004/mixF-fixed37-rep1-x30/control-series.txt
1791045051,2026-10-04T01:30:51+09:00,4329.0,FIO-Fast,1,1,709249212416,173156546,169800653,1.9806193119606348,active_cumulative,/home/oy/iCAT/result/mixF-fixed37-tenhour-20261004/mixF-fixed37-rep1-x30/control-series.txt
1791045081,2026-10-04T01:31:21+09:00,4359.0,FIO-Fast,1,1,714165927936,174356916,170990941,1.9806949154801523,active_cumulative,/home/oy/iCAT/result/mixF-fixed37-tenhour-20261004/mixF-fixed37-rep1-x30/control-series.txt
1791045111,2026-10-04T01:31:51+09:00,4389.0,FIO-Fast,1,1,719082622976,175557281,172175583,1.9807373526137033,active_cumulative,/home/oy/iCAT/result/mixF-fixed37-tenhour-20261004/mixF-fixed37-rep1-x30/control-series.txt
1791045141,2026-10-04T01:32:21+09:00,4419.0,FIO-Fast,1,1,723999240192,176757627,173326384,1.9805878645338455,active_cumulative,/home/oy/iCAT/result/mixF-fixed37-tenhour-20261004/mixF-fixed37-rep1-x30/control-series.txt
1791045171,2026-10-04T01:32:51+09:00,4449.0,FIO-Fast,1,1,728915591168,177957908,174452371,1.980301313724142,active_cumulative,/home/oy/iCAT/result/mixF-fixed37-tenhour-20261004/mixF-fixed37-rep1-x30/control-series.txt
1791045201,2026-10-04T01:33:21+09:00,4479.0,FIO-Fast,1,1,733832175616,179158246,175555445,1.9798903981232323,active_cumulative,/home/oy/iCAT/result/mixF-fixed37-tenhour-20261004/mixF-fixed37-rep1-x30/control-series.txt
1791045231,2026-10-04T01:33:51+09:00,4509.0,FIO-Fast,1,1,738749177856,180358686,176719378,1.9798218312590723,active_cumulative,/home/oy/iCAT/result/mixF-fixed37-tenhour-20261004/mixF-fixed37-rep1-x30/control-series.txt
1791045261,2026-10-04T01:34:21+09:00,4539.0,FIO-Fast,1,1,743665872896,181559051,177967910,1.9802205344199557,active_cumulative,/home/oy/iCAT/result/mixF-fixed37-tenhour-20261004/mixF-fixed37-rep1-x30/control-series.txt
1791045291,2026-10-04T01:34:51+09:00,4569.0,FIO-Fast,1,1,748582432768,182759383,179238542,1.980735101299833,active_cumulative,/home/oy/iCAT/result/mixF-fixed37-tenhour-20261004/mixF-fixed37-rep1-x30/control-series.txt
1791045321,2026-10-04T01:35:21+09:00,4599.0,FIO-Fast,1,1,753499271168,183959783,180446842,1.980903755469205,active_cumulative,/home/oy/iCAT/result/mixF-fixed37-tenhour-20261004/mixF-fixed37-rep1-x30/control-series.txt
1791045351,2026-10-04T01:35:51+09:00,4629.0,FIO-Fast,1,1,758416064512,185160172,181633514,1.9809534741628994,active_cumulative,/home/oy/iCAT/result/mixF-fixed37-tenhour-20261004/mixF-fixed37-rep1-x30/control-series.txt
1791045381,2026-10-04T01:36:21+09:00,4659.0,FIO-Fast,1,1,763332677632,186360517,182774317,1.980756653513684,active_cumulative,/home/oy/iCAT/result/mixF-fixed37-tenhour-20261004/mixF-fixed37-rep1-x30/control-series.txt
1791045411,2026-10-04T01:36:51+09:00,4689.0,FIO-Fast,1,1,768249421824,187560894,183924944,1.9806145624364533,active_cumulative,/home/oy/iCAT/result/mixF-fixed37-tenhour-20261004/mixF-fixed37-rep1-x30/control-series.txt
1791045441,2026-10-04T01:37:21+09:00,4719.0,FIO-Fast,1,1,773166247936,188761291,185035323,1.9802609529726092,active_cumulative,/home/oy/iCAT/result/mixF-fixed37-tenhour-20261004/mixF-fixed37-rep1-x30/control-series.txt
1791045471,2026-10-04T01:37:51+09:00,4749.0,FIO-Fast,1,1,778082865152,189961637,186139766,1.9798808272009154,active_cumulative,/home/oy/iCAT/result/mixF-fixed37-tenhour-20261004/mixF-fixed37-rep1-x30/control-series.txt
1791045501,2026-10-04T01:38:21+09:00,4779.0,FIO-Fast,1,1,782999392256,191161961,187341991,1.9800171018333508,active_cumulative,/home/oy/iCAT/result/mixF-fixed37-tenhour-20261004/mixF-fixed37-rep1-x30/control-series.txt
1791045531,2026-10-04T01:38:51+09:00,4809.0,FIO-Fast,1,1,787916091392,192362327,188622115,1.980556421528421,active_cumulative,/home/oy/iCAT/result/mixF-fixed37-tenhour-20261004/mixF-fixed37-rep1-x30/control-series.txt
1791045561,2026-10-04T01:39:21+09:00,4839.0,FIO-Fast,1,1,792832753664,193562684,189873797,1.980942158251949,active_cumulative,/home/oy/iCAT/result/mixF-fixed37-tenhour-20261004/mixF-fixed37-rep1-x30/control-series.txt
1791045591,2026-10-04T01:39:51+09:00,4869.0,FIO-Fast,1,1,797749657600,194763100,191090517,1.981143332592262,active_cumulative,/home/oy/iCAT/result/mixF-fixed37-tenhour-20261004/mixF-fixed37-rep1-x30/control-series.txt
1791045621,2026-10-04T01:40:21+09:00,4899.0,FIO-Fast,1,1,802666541056,195963511,192268481,1.9811442957867804,active_cumulative,/home/oy/iCAT/result/mixF-fixed37-tenhour-20261004/mixF-fixed37-rep1-x30/control-series.txt
1791045651,2026-10-04T01:40:51+09:00,4929.0,FIO-Fast,1,1,807583227904,197163874,193421118,1.9810170295193124,active_cumulative,/home/oy/iCAT/result/mixF-fixed37-tenhour-20261004/mixF-fixed37-rep1-x30/control-series.txt
1791045681,2026-10-04T01:41:21+09:00,4959.0,FIO-Fast,1,1,812499873792,198364227,194534018,1.9806910295372966,active_cumulative,/home/oy/iCAT/result/mixF-fixed37-tenhour-20261004/mixF-fixed37-rep1-x30/control-series.txt
1791045711,2026-10-04T01:41:51+09:00,4989.0,FIO-Fast,1,1,817416683520,199564620,195615356,1.9802106004561328,active_cumulative,/home/oy/iCAT/result/mixF-fixed37-tenhour-20261004/mixF-fixed37-rep1-x30/control-series.txt
1791045741,2026-10-04T01:42:21+09:00,5019.0,FIO-Fast,1,1,822333325312,200764972,196717702,1.979840756284916,active_cumulative,/home/oy/iCAT/result/mixF-fixed37-tenhour-20261004/mixF-fixed37-rep1-x30/control-series.txt
1791045771,2026-10-04T01:42:51+09:00,5049.0,FIO-Fast,1,1,827250057216,201965346,197957802,1.9801572691584428,active_cumulative,/home/oy/iCAT/result/mixF-fixed37-tenhour-20261004/mixF-fixed37-rep1-x30/control-series.txt
1791045801,2026-10-04T01:43:21+09:00,5079.0,FIO-Fast,1,1,832166838272,203165732,199242453,1.9806892680110049,active_cumulative,/home/oy/iCAT/result/mixF-fixed37-tenhour-20261004/mixF-fixed37-rep1-x30/control-series.txt
1791045831,2026-10-04T01:43:51+09:00,5109.0,FIO-Fast,1,1,837083443200,204366075,200487384,1.981020866599312,active_cumulative,/home/oy/iCAT/result/mixF-fixed37-tenhour-20261004/mixF-fixed37-rep1-x30/control-series.txt
1791045861,2026-10-04T01:44:21+09:00,5139.0,FIO-Fast,1,1,842000334848,205566488,201703628,1.9812087075204592,active_cumulative,/home/oy/iCAT/result/mixF-fixed37-tenhour-20261004/mixF-fixed37-rep1-x30/control-series.txt
1791045891,2026-10-04T01:44:51+09:00,5169.0,FIO-Fast,1,1,846917070848,206766863,202888213,1.9812414332561596,active_cumulative,/home/oy/iCAT/result/mixF-fixed37-tenhour-20261004/mixF-fixed37-rep1-x30/control-series.txt
1791045921,2026-10-04T01:45:21+09:00,5199.0,FIO-Fast,1,1,851834298368,207967358,204048860,1.981158110399229,active_cumulative,/home/oy/iCAT/result/mixF-fixed37-tenhour-20261004/mixF-fixed37-rep1-x30/control-series.txt
1791045951,2026-10-04T01:45:51+09:00,5229.0,FIO-Fast,1,1,856751034368,209167733,205163324,1.9808555127381908,active_cumulative,/home/oy/iCAT/result/mixF-fixed37-tenhour-20261004/mixF-fixed37-rep1-x30/control-series.txt
1791045981,2026-10-04T01:46:21+09:00,5259.0,FIO-Fast,1,1,861667569664,210368059,206253877,1.9804429340672862,active_cumulative,/home/oy/iCAT/result/mixF-fixed37-tenhour-20261004/mixF-fixed37-rep1-x30/control-series.txt
1791046011,2026-10-04T01:46:51+09:00,5289.0,FIO-Fast,1,1,866584420352,211568462,207373880,1.9801738786568293,active_cumulative,/home/oy/iCAT/result/mixF-fixed37-tenhour-20261004/mixF-fixed37-rep1-x30/control-series.txt
1791046041,2026-10-04T01:47:21+09:00,5319.0,FIO-Fast,1,1,871500996608,212768798,208629934,1.980547598901226,active_cumulative,/home/oy/iCAT/result/mixF-fixed37-tenhour-20261004/mixF-fixed37-rep1-x30/control-series.txt
1791046071,2026-10-04T01:47:51+09:00,5349.0,FIO-Fast,1,1,876417626112,213969147,209885277,1.9809137436062219,active_cumulative,/home/oy/iCAT/result/mixF-fixed37-tenhour-20261004/mixF-fixed37-rep1-x30/control-series.txt
1791046101,2026-10-04T01:48:21+09:00,5379.0,FIO-Fast,1,1,881334185984,215169479,211108271,1.981125538720108,active_cumulative,/home/oy/iCAT/result/mixF-fixed37-tenhour-20261004/mixF-fixed37-rep1-x30/control-series.txt
1791046131,2026-10-04T01:48:51+09:00,5409.0,FIO-Fast,1,1,886250950656,216369861,212307146,1.9812232859917582,active_cumulative,/home/oy/iCAT/result/mixF-fixed37-tenhour-20261004/mixF-fixed37-rep1-x30/control-series.txt
1791046161,2026-10-04T01:49:21+09:00,5439.0,FIO-Fast,1,1,891167559680,217570205,213486418,1.9812300264183693,active_cumulative,/home/oy/iCAT/result/mixF-fixed37-tenhour-20261004/mixF-fixed37-rep1-x30/control-series.txt
1791046191,2026-10-04T01:49:51+09:00,5469.0,FIO-Fast,1,1,896084197376,218770556,214627019,1.9810598963783774,active_cumulative,/home/oy/iCAT/result/mixF-fixed37-tenhour-20261004/mixF-fixed37-rep1-x30/control-series.txt
1791046221,2026-10-04T01:50:21+09:00,5499.0,FIO-Fast,1,1,901000962048,219970938,215753638,1.9808279219139395,active_cumulative,/home/oy/iCAT/result/mixF-fixed37-tenhour-20261004/mixF-fixed37-rep1-x30/control-series.txt
1791046251,2026-10-04T01:50:51+09:00,5529.0,FIO-Fast,1,1,905917829120,221171345,216848600,1.9804552212674746,active_cumulative,/home/oy/iCAT/result/mixF-fixed37-tenhour-20261004/mixF-fixed37-rep1-x30/control-series.txt
1791046281,2026-10-04T01:51:21+09:00,5559.0,FIO-Fast,1,1,910834757632,222371767,218025665,1.980455693370463,active_cumulative,/home/oy/iCAT/result/mixF-fixed37-tenhour-20261004/mixF-fixed37-rep1-x30/control-series.txt
1791046311,2026-10-04T01:51:51+09:00,5589.0,FIO-Fast,1,1,915751661568,223572183,219286110,1.980829131144638,active_cumulative,/home/oy/iCAT/result/mixF-fixed37-tenhour-20261004/mixF-fixed37-rep1-x30/control-series.txt
1791046341,2026-10-04T01:52:21+09:00,5619.0,FIO-Fast,1,1,920668270592,224772527,220555539,1.9812388637691474,active_cumulative,/home/oy/iCAT/result/mixF-fixed37-tenhour-20261004/mixF-fixed37-rep1-x30/control-series.txt
1791046371,2026-10-04T01:52:51+09:00,5649.0,FIO-Fast,1,1,925584994304,225972899,221757162,1.9813440593157146,active_cumulative,/home/oy/iCAT/result/mixF-fixed37-tenhour-20261004/mixF-fixed37-rep1-x30/control-series.txt
1791046401,2026-10-04T01:53:21+09:00,5679.0,FIO-Fast,1,1,930501812224,227173294,222954917,1.981431017151162,active_cumulative,/home/oy/iCAT/result/mixF-fixed37-tenhour-20261004/mixF-fixed37-rep1-x30/control-series.txt
1791046431,2026-10-04T01:53:51+09:00,5709.0,FIO-Fast,1,1,935418490880,228373655,224093913,1.9812599137146534,active_cumulative,/home/oy/iCAT/result/mixF-fixed37-tenhour-20261004/mixF-fixed37-rep1-x30/control-series.txt
1791046461,2026-10-04T01:54:21+09:00,5739.0,FIO-Fast,1,1,940335640576,229574131,225231704,1.9810848592518466,active_cumulative,/home/oy/iCAT/result/mixF-fixed37-tenhour-20261004/mixF-fixed37-rep1-x30/control-series.txt
1791046491,2026-10-04T01:54:51+09:00,5769.0,FIO-Fast,1,1,945252560896,230774551,226331191,1.980745883890811,active_cumulative,/home/oy/iCAT/result/mixF-fixed37-tenhour-20261004/mixF-fixed37-rep1-x30/control-series.txt
1791046522,2026-10-04T01:55:22+09:00,5800.0,FIO-Fast,1,1,950169276416,231974921,227452761,1.9805058237308333,active_cumulative,/home/oy/iCAT/result/mixF-fixed37-tenhour-20261004/mixF-fixed37-rep1-x30/control-series.txt
1791046552,2026-10-04T01:55:52+09:00,5830.0,FIO-Fast,1,1,955085934592,233175277,228650659,1.980595635788609,active_cumulative,/home/oy/iCAT/result/mixF-fixed37-tenhour-20261004/mixF-fixed37-rep1-x30/control-series.txt
1791046582,2026-10-04T01:56:22+09:00,5860.0,FIO-Fast,1,1,960002678784,234375654,229944177,1.981092417559718,active_cumulative,/home/oy/iCAT/result/mixF-fixed37-tenhour-20261004/mixF-fixed37-rep1-x30/control-series.txt
1791046612,2026-10-04T01:56:52+09:00,5890.0,FIO-Fast,1,1,964919582720,235576070,231187417,1.9813705483753083,active_cumulative,/home/oy/iCAT/result/mixF-fixed37-tenhour-20261004/mixF-fixed37-rep1-x30/control-series.txt
1791046642,2026-10-04T01:57:22+09:00,5920.0,FIO-Fast,1,1,969836204032,236776417,232421806,1.9816087638491462,active_cumulative,/home/oy/iCAT/result/mixF-fixed37-tenhour-20261004/mixF-fixed37-rep1-x30/control-series.txt
1791046672,2026-10-04T01:57:52+09:00,5950.0,FIO-Fast,1,1,974752960512,237976797,233592844,1.9815782334443304,active_cumulative,/home/oy/iCAT/result/mixF-fixed37-tenhour-20261004/mixF-fixed37-rep1-x30/control-series.txt
1791046702,2026-10-04T01:58:22+09:00,5980.0,FIO-Fast,1,1,979669643264,239177159,234757617,1.9815218893874393,active_cumulative,/home/oy/iCAT/result/mixF-fixed37-tenhour-20261004/mixF-fixed37-rep1-x30/control-series.txt
1791046732,2026-10-04T01:58:52+09:00,6010.0,FIO-Fast,1,1,984586391552,240377537,235858462,1.9812000944164763,active_cumulative,/home/oy/iCAT/result/mixF-fixed37-tenhour-20261004/mixF-fixed37-rep1-x30/control-series.txt
1791046762,2026-10-04T01:59:22+09:00,6040.0,FIO-Fast,1,1,989503000576,241577881,236959351,1.9808818175700447,active_cumulative,/home/oy/iCAT/result/mixF-fixed37-tenhour-20261004/mixF-fixed37-rep1-x30/control-series.txt
1791046792,2026-10-04T01:59:52+09:00,6070.0,FIO-Fast,1,1,994419589120,242778220,238042809,1.9804949101282645,active_cumulative,/home/oy/iCAT/result/mixF-fixed37-tenhour-20261004/mixF-fixed37-rep1-x30/control-series.txt
1791046822,2026-10-04T02:00:22+09:00,6100.0,FIO-Fast,1,1,999336366080,243978605,239297726,1.9808143873926978,active_cumulative,/home/oy/iCAT/result/mixF-fixed37-tenhour-20261004/mixF-fixed37-rep1-x30/control-series.txt
1791046852,2026-10-04T02:00:52+09:00,6130.0,FIO-Fast,1,1,1004253155328,245178993,240569626,1.9811999921216743,active_cumulative,/home/oy/iCAT/result/mixF-fixed37-tenhour-20261004/mixF-fixed37-rep1-x30/control-series.txt
1791046882,2026-10-04T02:01:22+09:00,6160.0,FIO-Fast,1,1,1009169833984,246379354,241829116,1.9815315775200872,active_cumulative,/home/oy/iCAT/result/mixF-fixed37-tenhour-20261004/mixF-fixed37-rep1-x30/control-series.txt
1791046912,2026-10-04T02:01:52+09:00,6190.0,FIO-Fast,1,1,1014086901760,247579810,243023354,1.981596011403353,active_cumulative,/home/oy/iCAT/result/mixF-fixed37-tenhour-20261004/mixF-fixed37-rep1-x30/control-series.txt
1791046942,2026-10-04T02:02:22+09:00,6220.0,FIO-Fast,1,1,1019003711488,248780203,244216867,1.9816571578245719,active_cumulative,/home/oy/iCAT/result/mixF-fixed37-tenhour-20261004/mixF-fixed37-rep1-x30/control-series.txt
1791046972,2026-10-04T02:02:52+09:00,6250.0,FIO-Fast,1,1,1023920623616,249980621,245366650,1.9815426852627909,active_cumulative,/home/oy/iCAT/result/mixF-fixed37-tenhour-20261004/mixF-fixed37-rep1-x30/control-series.txt
1791047002,2026-10-04T02:03:22+09:00,6280.0,FIO-Fast,1,1,1028837134336,251180941,246498759,1.9813593261440963,active_cumulative,/home/oy/iCAT/result/mixF-fixed37-tenhour-20261004/mixF-fixed37-rep1-x30/control-series.txt
1791047032,2026-10-04T02:03:52+09:00,6310.0,FIO-Fast,1,1,1033753833472,252381307,247577172,1.9809647748594945,active_cumulative,/home/oy/iCAT/result/mixF-fixed37-tenhour-20261004/mixF-fixed37-rep1-x30/control-series.txt
1791047062,2026-10-04T02:04:22+09:00,6340.0,FIO-Fast,1,1,1038670446592,253581652,248720242,1.9808290151844266,active_cumulative,/home/oy/iCAT/result/mixF-fixed37-tenhour-20261004/mixF-fixed37-rep1-x30/control-series.txt
1791047092,2026-10-04T02:04:52+09:00,6370.0,FIO-Fast,1,1,1043587104768,254782008,249957460,1.9810640161058783,active_cumulative,/home/oy/iCAT/result/mixF-fixed37-tenhour-20261004/mixF-fixed37-rep1-x30/control-series.txt
1791047122,2026-10-04T02:05:22+09:00,6400.0,FIO-Fast,1,1,1048503943168,255982408,251233306,1.9814475454110112,active_cumulative,/home/oy/iCAT/result/mixF-fixed37-tenhour-20261004/mixF-fixed37-rep1-x30/control-series.txt
1791047152,2026-10-04T02:05:52+09:00,6430.0,FIO-Fast,1,1,1053420478464,257182734,252436922,1.9815469260856369,active_cumulative,/home/oy/iCAT/result/mixF-fixed37-tenhour-20261004/mixF-fixed37-rep1-x30/control-series.txt
1791047182,2026-10-04T02:06:22+09:00,6460.0,FIO-Fast,1,1,1058337296384,258383129,253647598,1.9816724450302634,active_cumulative,/home/oy/iCAT/result/mixF-fixed37-tenhour-20261004/mixF-fixed37-rep1-x30/control-series.txt
1791047212,2026-10-04T02:06:52+09:00,6490.0,FIO-Fast,1,1,1063253970944,259583489,254815564,1.9816324026679524,active_cumulative,/home/oy/iCAT/result/mixF-fixed37-tenhour-20261004/mixF-fixed37-rep1-x30/control-series.txt
1791047242,2026-10-04T02:07:22+09:00,6520.0,FIO-Fast,1,1,1068170633216,260783846,255979385,1.9815768458296301,active_cumulative,/home/oy/iCAT/result/mixF-fixed37-tenhour-20261004/mixF-fixed37-rep1-x30/control-series.txt
1791047272,2026-10-04T02:07:52+09:00,6550.0,FIO-Fast,1,1,1073087229952,261984187,257092048,1.9813265867073113,active_cumulative,/home/oy/iCAT/result/mixF-fixed37-tenhour-20261004/mixF-fixed37-rep1-x30/control-series.txt
1791047302,2026-10-04T02:08:22+09:00,6580.0,FIO-Fast,1,1,1078003744768,263184508,258206986,1.9810873290459785,active_cumulative,/home/oy/iCAT/result/mixF-fixed37-tenhour-20261004/mixF-fixed37-rep1-x30/control-series.txt
1791047332,2026-10-04T02:08:52+09:00,6610.0,FIO-Fast,1,1,1082920394752,264384862,259379596,1.9810682579852095,active_cumulative,/home/oy/iCAT/result/mixF-fixed37-tenhour-20261004/mixF-fixed37-rep1-x30/control-series.txt
1791047362,2026-10-04T02:09:22+09:00,6640.0,FIO-Fast,1,1,1087836995584,265585204,260661272,1.9814600665781064,active_cumulative,/home/oy/iCAT/result/mixF-fixed37-tenhour-20261004/mixF-fixed37-rep1-x30/control-series.txt
1791047392,2026-10-04T02:09:52+09:00,6670.0,FIO-Fast,1,1,1092753903616,266785621,261899923,1.981686801628638,active_cumulative,/home/oy/iCAT/result/mixF-fixed37-tenhour-20261004/mixF-fixed37-rep1-x30/control-series.txt
1791047422,2026-10-04T02:10:22+09:00,6700.0,FIO-Fast,1,1,1097670643712,267985997,263129643,1.981878329262107,active_cumulative,/home/oy/iCAT/result/mixF-fixed37-tenhour-20261004/mixF-fixed37-rep1-x30/control-series.txt
1791047452,2026-10-04T02:10:52+09:00,6730.0,FIO-Fast,1,1,1102587293696,269186351,264290740,1.9818133015221118,active_cumulative,/home/oy/iCAT/result/mixF-fixed37-tenhour-20261004/mixF-fixed37-rep1-x30/control-series.txt
1791047482,2026-10-04T02:11:22+09:00,6760.0,FIO-Fast,1,1,1107503935488,270386703,265463813,1.9817931505307789,active_cumulative,/home/oy/iCAT/result/mixF-fixed37-tenhour-20261004/mixF-fixed37-rep1-x30/control-series.txt
1791047512,2026-10-04T02:11:52+09:00,6790.0,FIO-Fast,1,1,1112420593664,271587059,266565786,1.981511368698904,active_cumulative,/home/oy/iCAT/result/mixF-fixed37-tenhour-20261004/mixF-fixed37-rep1-x30/control-series.txt
1791047542,2026-10-04T02:12:22+09:00,6820.0,FIO-Fast,1,1,1117337214976,272787406,267684632,1.9812939531379978,active_cumulative,/home/oy/iCAT/result/mixF-fixed37-tenhour-20261004/mixF-fixed37-rep1-x30/control-series.txt
1791047572,2026-10-04T02:12:52+09:00,6850.0,FIO-Fast,1,1,1122253848576,273987756,268782387,1.981001453948183,active_cumulative,/home/oy/iCAT/result/mixF-fixed37-tenhour-20261004/mixF-fixed37-rep1-x30/control-series.txt
1791047602,2026-10-04T02:13:22+09:00,6880.0,FIO-Fast,1,1,1127170818048,275188188,270017069,1.981208790109843,active_cumulative,/home/oy/iCAT/result/mixF-fixed37-tenhour-20261004/mixF-fixed37-rep1-x30/control-series.txt
1791047632,2026-10-04T02:13:52+09:00,6910.0,FIO-Fast,1,1,1132087779328,276388618,271282586,1.981525896265381,active_cumulative,/home/oy/iCAT/result/mixF-fixed37-tenhour-20261004/mixF-fixed37-rep1-x30/control-series.txt
1791047662,2026-10-04T02:14:22+09:00,6940.0,FIO-Fast,1,1,1137004466176,277588981,272547357,1.9818378093329287,active_cumulative,/home/oy/iCAT/result/mixF-fixed37-tenhour-20261004/mixF-fixed37-rep1-x30/control-series.txt
1791047692,2026-10-04T02:14:52+09:00,6970.0,FIO-Fast,1,1,1141921394688,278789403,273760384,1.9819612261230746,active_cumulative,/home/oy/iCAT/result/mixF-fixed37-tenhour-20261004/mixF-fixed37-rep1-x30/control-series.txt
1791047722,2026-10-04T02:15:22+09:00,7000.0,FIO-Fast,1,1,1146838003712,279989747,274960619,1.9820381708477348,active_cumulative,/home/oy/iCAT/result/mixF-fixed37-tenhour-20261004/mixF-fixed37-rep1-x30/control-series.txt
1791047752,2026-10-04T02:15:52+09:00,7030.0,FIO-Fast,1,1,1151754776576,281190131,276100479,1.9818996065690513,active_cumulative,/home/oy/iCAT/result/mixF-fixed37-tenhour-20261004/mixF-fixed37-rep1-x30/control-series.txt
1791047782,2026-10-04T02:16:22+09:00,7060.0,FIO-Fast,1,1,1156671467520,282390495,277229808,1.981724997507441,active_cumulative,/home/oy/iCAT/result/mixF-fixed37-tenhour-20261004/mixF-fixed37-rep1-x30/control-series.txt
1791047812,2026-10-04T02:16:52+09:00,7090.0,FIO-Fast,1,1,1161588363264,283590909,278302440,1.9813517682261104,active_cumulative,/home/oy/iCAT/result/mixF-fixed37-tenhour-20261004/mixF-fixed37-rep1-x30/control-series.txt
1791047842,2026-10-04T02:17:22+09:00,7120.0,FIO-Fast,1,1,1166505021440,284791265,279423634,1.981152402971348,active_cumulative,/home/oy/iCAT/result/mixF-fixed37-tenhour-20261004/mixF-fixed37-rep1-x30/control-series.txt
1791047872,2026-10-04T02:17:52+09:00,7150.0,FIO-Fast,1,1,1171421790208,285991648,280640254,1.981288285733435,active_cumulative,/home/oy/iCAT/result/mixF-fixed37-tenhour-20261004/mixF-fixed37-rep1-x30/control-series.txt
1791047902,2026-10-04T02:18:22+09:00,7180.0,FIO-Fast,1,1,1176338526208,287192023,281944923,1.981729645742981,active_cumulative,/home/oy/iCAT/result/mixF-fixed37-tenhour-20261004/mixF-fixed37-rep1-x30/control-series.txt
1791047932,2026-10-04T02:18:52+09:00,7210.0,FIO-Fast,1,1,1181255274496,288392401,283181113,1.981929870614032,active_cumulative,/home/oy/iCAT/result/mixF-fixed37-tenhour-20261004/mixF-fixed37-rep1-x30/control-series.txt
1791047962,2026-10-04T02:19:22+09:00,7240.0,FIO-Fast,1,1,1186171969536,289592766,284398595,1.982063878626029,active_cumulative,/home/oy/iCAT/result/mixF-fixed37-tenhour-20261004/mixF-fixed37-rep1-x30/control-series.txt
1791047992,2026-10-04T02:19:52+09:00,7270.0,FIO-Fast,1,1,1191088459776,290793081,285577869,1.982065556779874,active_cumulative,/home/oy/iCAT/result/mixF-fixed37-tenhour-20261004/mixF-fixed37-rep1-x30/control-series.txt
1791048022,2026-10-04T02:20:22+09:00,7300.0,FIO-Fast,1,1,1196005249024,291993469,286744852,1.9820248822072113,active_cumulative,/home/oy/iCAT/result/mixF-fixed37-tenhour-20261004/mixF-fixed37-rep1-x30/control-series.txt
1791048052,2026-10-04T02:20:52+09:00,7330.0,FIO-Fast,1,1,1200921968640,293193840,287868217,1.9818358291565743,active_cumulative,/home/oy/iCAT/result/mixF-fixed37-tenhour-20261004/mixF-fixed37-rep1-x30/control-series.txt
1791048082,2026-10-04T02:21:22+09:00,7360.0,FIO-Fast,1,1,1205838741504,294394224,288972625,1.9815838812109303,active_cumulative,/home/oy/iCAT/result/mixF-fixed37-tenhour-20261004/mixF-fixed37-rep1-x30/control-series.txt
1791048112,2026-10-04T02:21:52+09:00,7390.0,FIO-Fast,1,1,1210755502080,295594605,290105838,1.9814314371535975,active_cumulative,/home/oy/iCAT/result/mixF-fixed37-tenhour-20261004/mixF-fixed37-rep1-x30/control-series.txt
1791048142,2026-10-04T02:22:22+09:00,7420.0,FIO-Fast,1,1,1215672307712,296794997,291372200,1.9817288126322425,active_cumulative,/home/oy/iCAT/result/mixF-fixed37-tenhour-20261004/mixF-fixed37-rep1-x30/control-series.txt
1791048172,2026-10-04T02:22:52+09:00,7450.0,FIO-Fast,1,1,1220588916736,297995341,292625222,1.9819791847014145,active_cumulative,/home/oy/iCAT/result/mixF-fixed37-tenhour-20261004/mixF-fixed37-rep1-x30/control-series.txt
1791048202,2026-10-04T02:23:22+09:00,7480.0,FIO-Fast,1,1,1225505738752,299195737,293848467,1.9821278536465243,active_cumulative,/home/oy/iCAT/result/mixF-fixed37-tenhour-20261004/mixF-fixed37-rep1-x30/control-series.txt
1791048232,2026-10-04T02:23:52+09:00,7510.0,FIO-Fast,1,1,1230422548480,300396130,295016100,1.9820902153433202,active_cumulative,/home/oy/iCAT/result/mixF-fixed37-tenhour-20261004/mixF-fixed37-rep1-x30/control-series.txt
1791048262,2026-10-04T02:24:22+09:00,7540.0,FIO-Fast,1,1,1235339128832,301596467,296193763,1.982086315354616,active_cumulative,/home/oy/iCAT/result/mixF-fixed37-tenhour-20261004/mixF-fixed37-rep1-x30/control-series.txt
1791048292,2026-10-04T02:24:52+09:00,7570.0,FIO-Fast,1,1,1240255840256,302796836,297337118,1.9819690388046194,active_cumulative,/home/oy/iCAT/result/mixF-fixed37-tenhour-20261004/mixF-fixed37-rep1-x30/control-series.txt
1791048322,2026-10-04T02:25:22+09:00,7600.0,FIO-Fast,1,1,1245172752384,303997254,298452962,1.9817620326267815,active_cumulative,/home/oy/iCAT/result/mixF-fixed37-tenhour-20261004/mixF-fixed37-rep1-x30/control-series.txt
1791048352,2026-10-04T02:25:52+09:00,7630.0,FIO-Fast,1,1,1250089439232,305197617,299557538,1.9815199114087447,active_cumulative,/home/oy/iCAT/result/mixF-fixed37-tenhour-20261004/mixF-fixed37-rep1-x30/control-series.txt
1791048382,2026-10-04T02:26:22+09:00,7660.0,FIO-Fast,1,1,1255006195712,306397997,300753262,1.9815771152054888,active_cumulative,/home/oy/iCAT/result/mixF-fixed37-tenhour-20261004/mixF-fixed37-rep1-x30/control-series.txt
1791048412,2026-10-04T02:26:52+09:00,7690.0,FIO-Fast,1,1,1259922862080,307598355,302029573,1.9818959304902655,active_cumulative,/home/oy/iCAT/result/mixF-fixed37-tenhour-20261004/mixF-fixed37-rep1-x30/control-series.txt
1791048442,2026-10-04T02:27:22+09:00,7720.0,FIO-Fast,1,1,1264839479296,308798701,303297073,1.9821837722044044,active_cumulative,/home/oy/iCAT/result/mixF-fixed37-tenhour-20261004/mixF-fixed37-rep1-x30/control-series.txt
1791048472,2026-10-04T02:27:52+09:00,7750.0,FIO-Fast,1,1,1269756243968,309999083,304513150,1.9823033895877686,active_cumulative,/home/oy/iCAT/result/mixF-fixed37-tenhour-20261004/mixF-fixed37-rep1-x30/control-series.txt
1791048502,2026-10-04T02:28:22+09:00,7780.0,FIO-Fast,1,1,1274672799744,311199414,305699343,1.9823262167196756,active_cumulative,/home/oy/iCAT/result/mixF-fixed37-tenhour-20261004/mixF-fixed37-rep1-x30/control-series.txt
1791048532,2026-10-04T02:28:52+09:00,7810.0,FIO-Fast,1,1,1279589634048,312399813,306848717,1.9822307960216352,active_cumulative,/home/oy/iCAT/result/mixF-fixed37-tenhour-20261004/mixF-fixed37-rep1-x30/control-series.txt
1791048562,2026-10-04T02:29:22+09:00,7840.0,FIO-Fast,1,1,1284506198016,313600146,307963327,1.9820254579855967,active_cumulative,/home/oy/iCAT/result/mixF-fixed37-tenhour-20261004/mixF-fixed37-rep1-x30/control-series.txt
1791048592,2026-10-04T02:29:52+09:00,7870.0,FIO-Fast,1,1,1289422921728,314800518,309054125,1.9817459226671286,active_cumulative,/home/oy/iCAT/result/mixF-fixed37-tenhour-20261004/mixF-fixed37-rep1-x30/control-series.txt
1791048622,2026-10-04T02:30:22+09:00,7900.0,FIO-Fast,1,1,1294339620864,316000884,310166453,1.9815366624100963,active_cumulative,/home/oy/iCAT/result/mixF-fixed37-tenhour-20261004/mixF-fixed37-rep1-x30/control-series.txt
1791048652,2026-10-04T02:30:52+09:00,7930.0,FIO-Fast,1,1,1299256320000,317201250,311399648,1.9817100279396755,active_cumulative,/home/oy/iCAT/result/mixF-fixed37-tenhour-20261004/mixF-fixed37-rep1-x30/control-series.txt
1791048682,2026-10-04T02:31:22+09:00,7960.0,FIO-Fast,1,1,1304172896256,318401586,312679475,1.9820286353724381,active_cumulative,/home/oy/iCAT/result/mixF-fixed37-tenhour-20261004/mixF-fixed37-rep1-x30/control-series.txt
1791048712,2026-10-04T02:31:52+09:00,7990.0,FIO-Fast,1,1,1309089398784,319601904,313929911,1.9822529436495473,active_cumulative,/home/oy/iCAT/result/mixF-fixed37-tenhour-20261004/mixF-fixed37-rep1-x30/control-series.txt
1791048742,2026-10-04T02:32:22+09:00,8020.0,FIO-Fast,1,1,1314006212608,320802298,315142426,1.9823571338631745,active_cumulative,/home/oy/iCAT/result/mixF-fixed37-tenhour-20261004/mixF-fixed37-rep1-x30/control-series.txt
1791048772,2026-10-04T02:32:52+09:00,8050.0,FIO-Fast,1,1,1318923341824,322002769,316339588,1.9824126326068954,active_cumulative,/home/oy/iCAT/result/mixF-fixed37-tenhour-20261004/mixF-fixed37-rep1-x30/control-series.txt
1791048802,2026-10-04T02:33:22+09:00,8080.0,FIO-Fast,1,1,1323840106496,323203151,317493899,1.982335407367362,active_cumulative,/home/oy/iCAT/result/mixF-fixed37-tenhour-20261004/mixF-fixed37-rep1-x30/control-series.txt
1791048832,2026-10-04T02:33:52+09:00,8110.0,FIO-Fast,1,1,1328756826112,324403522,318621730,1.9821771602097464,active_cumulative,/home/oy/iCAT/result/mixF-fixed37-tenhour-20261004/mixF-fixed37-rep1-x30/control-series.txt
1791048862,2026-10-04T02:34:22+09:00,8140.0,FIO-Fast,1,1,1333673533440,325603890,319702716,1.9818762177564895,active_cumulative,/home/oy/iCAT/result/mixF-fixed37-tenhour-20261004/mixF-fixed37-rep1-x30/control-series.txt
1791048892,2026-10-04T02:34:52+09:00,8170.0,FIO-Fast,1,1,1338590216192,326804252,320819026,1.981685593246198,active_cumulative,/home/oy/iCAT/result/mixF-fixed37-tenhour-20261004/mixF-fixed37-rep1-x30/control-series.txt
1791048922,2026-10-04T02:35:22+09:00,8200.0,FIO-Fast,1,1,1343506956288,328004628,322062980,1.9818854751037231,active_cumulative,/home/oy/iCAT/result/mixF-fixed37-tenhour-20261004/mixF-fixed37-rep1-x30/control-series.txt
1791048952,2026-10-04T02:35:52+09:00,8230.0,FIO-Fast,1,1,1348423663616,329204996,323331072,1.9821572452685379,active_cumulative,/home/oy/iCAT/result/mixF-fixed37-tenhour-20261004/mixF-fixed37-rep1-x30/control-series.txt
1791048982,2026-10-04T02:36:22+09:00,8260.0,FIO-Fast,1,1,1353340407808,330405373,324569053,1.9823358804761324,active_cumulative,/home/oy/iCAT/result/mixF-fixed37-tenhour-20261004/mixF-fixed37-rep1-x30/control-series.txt
1791049012,2026-10-04T02:36:52+09:00,8290.0,FIO-Fast,1,1,1358257328128,331605793,325782415,1.9824388532319759,active_cumulative,/home/oy/iCAT/result/mixF-fixed37-tenhour-20261004/mixF-fixed37-rep1-x30/control-series.txt
1791049042,2026-10-04T02:37:22+09:00,8320.0,FIO-Fast,1,1,1363174137856,332806186,326953371,1.982413743355119,active_cumulative,/home/oy/iCAT/result/mixF-fixed37-tenhour-20261004/mixF-fixed37-rep1-x30/control-series.txt
1791049072,2026-10-04T02:37:52+09:00,8350.0,FIO-Fast,1,1,1368090574848,334006488,328118128,1.982370522095966,active_cumulative,/home/oy/iCAT/result/mixF-fixed37-tenhour-20261004/mixF-fixed37-rep1-x30/control-series.txt
1791049102,2026-10-04T02:38:22+09:00,8380.0,FIO-Fast,1,1,1373007290368,335206858,329243695,1.982210498211227,active_cumulative,/home/oy/iCAT/result/mixF-fixed37-tenhour-20261004/mixF-fixed37-rep1-x30/control-series.txt
1791049132,2026-10-04T02:38:52+09:00,8410.0,FIO-Fast,1,1,1377923788800,336407175,330352072,1.9820006722508223,active_cumulative,/home/oy/iCAT/result/mixF-fixed37-tenhour-20261004/mixF-fixed37-rep1-x30/control-series.txt
1791049162,2026-10-04T02:39:22+09:00,8440.0,FIO-Fast,1,1,1382840410112,337607522,331496281,1.9818983861384463,active_cumulative,/home/oy/iCAT/result/mixF-fixed37-tenhour-20261004/mixF-fixed37-rep1-x30/control-series.txt
1791049192,2026-10-04T02:39:52+09:00,8470.0,FIO-Fast,1,1,1387757187072,338807907,332765282,1.98216504138435,active_cumulative,/home/oy/iCAT/result/mixF-fixed37-tenhour-20261004/mixF-fixed37-rep1-x30/control-series.txt
1791049222,2026-10-04T02:40:22+09:00,8500.0,FIO-Fast,1,1,1392673681408,340008223,334021690,1.9823929758310581,active_cumulative,/home/oy/iCAT/result/mixF-fixed37-tenhour-20261004/mixF-fixed37-rep1-x30/control-series.txt
1791049252,2026-10-04T02:40:52+09:00,8530.0,FIO-Fast,1,1,1397590192128,341208543,335255701,1.9825536548772753,active_cumulative,/home/oy/iCAT/result/mixF-fixed37-tenhour-20261004/mixF-fixed37-rep1-x30/control-series.txt
1791049282,2026-10-04T02:41:22+09:00,8560.0,FIO-Fast,1,1,1402506588160,342408835,336418500,1.9825053141517217,active_cumulative,/home/oy/iCAT/result/mixF-fixed37-tenhour-20261004/mixF-fixed37-rep1-x30/control-series.txt
1791049312,2026-10-04T02:41:52+09:00,8590.0,FIO-Fast,1,1,1407423725568,343609308,337588316,1.9824772150817287,active_cumulative,/home/oy/iCAT/result/mixF-fixed37-tenhour-20261004/mixF-fixed37-rep1-x30/control-series.txt
1791049342,2026-10-04T02:42:22+09:00,8620.0,FIO-Fast,1,1,1412340326400,344809650,338728533,1.9823638433553121,active_cumulative,/home/oy/iCAT/result/mixF-fixed37-tenhour-20261004/mixF-fixed37-rep1-x30/control-series.txt
1791049372,2026-10-04T02:42:52+09:00,8650.0,FIO-Fast,1,1,1417257324544,346010089,339857559,1.9822186398732438,active_cumulative,/home/oy/iCAT/result/mixF-fixed37-tenhour-20261004/mixF-fixed37-rep1-x30/control-series.txt
1791049402,2026-10-04T02:43:22+09:00,8680.0,FIO-Fast,1,1,1422174306304,347210524,340951934,1.9819746535102145,active_cumulative,/home/oy/iCAT/result/mixF-fixed37-tenhour-20261004/mixF-fixed37-rep1-x30/control-series.txt
1791049432,2026-10-04T02:43:52+09:00,8710.0,FIO-Fast,1,1,1427090800640,348410840,342159020,1.9820561840153998,active_cumulative,/home/oy/iCAT/result/mixF-fixed37-tenhour-20261004/mixF-fixed37-rep1-x30/control-series.txt
1791049462,2026-10-04T02:44:22+09:00,8740.0,FIO-Fast,1,1,1432007962624,349611319,343426138,1.9823084074689241,active_cumulative,/home/oy/iCAT/result/mixF-fixed37-tenhour-20261004/mixF-fixed37-rep1-x30/control-series.txt
1791049492,2026-10-04T02:44:52+09:00,8770.0,FIO-Fast,1,1,1436924452864,350811634,344705897,1.9825953976201371,active_cumulative,/home/oy/iCAT/result/mixF-fixed37-tenhour-20261004/mixF-fixed37-rep1-x30/control-series.txt
1791049522,2026-10-04T02:45:22+09:00,8800.0,FIO-Fast,1,1,1441841188864,352012009,345912788,1.9826732587410107,active_cumulative,/home/oy/iCAT/result/mixF-fixed37-tenhour-20261004/mixF-fixed37-rep1-x30/control-series.txt
1791049552,2026-10-04T02:45:52+09:00,8830.0,FIO-Fast,1,1,1446757588992,353212302,347110779,1.982725621487555,active_cumulative,/home/oy/iCAT/result/mixF-fixed37-tenhour-20261004/mixF-fixed37-rep1-x30/control-series.txt
1791049582,2026-10-04T02:46:22+09:00,8860.0,FIO-Fast,1,1,1451674292224,354412669,348252386,1.9826183329806417,active_cumulative,/home/oy/iCAT/result/mixF-fixed37-tenhour-20261004/mixF-fixed37-rep1-x30/control-series.txt
1791049612,2026-10-04T02:46:52+09:00,8890.0,FIO-Fast,1,1,1456591110144,355613064,349388496,1.9824962336029364,active_cumulative,/home/oy/iCAT/result/mixF-fixed37-tenhour-20261004/mixF-fixed37-rep1-x30/control-series.txt
1791049642,2026-10-04T02:47:22+09:00,8920.0,FIO-Fast,1,1,1461508022272,356813482,350455029,1.982179897002883,active_cumulative,/home/oy/iCAT/result/mixF-fixed37-tenhour-20261004/mixF-fixed37-rep1-x30/control-series.txt
1791049672,2026-10-04T02:47:52+09:00,8950.0,FIO-Fast,1,1,1466425180160,358013960,351581446,1.9820327844199148,active_cumulative,/home/oy/iCAT/result/mixF-fixed37-tenhour-20261004/mixF-fixed37-rep1-x30/control-series.txt
1791049702,2026-10-04T02:48:22+09:00,8980.0,FIO-Fast,1,1,1471341924352,359214337,352804586,1.9821561938381094,active_cumulative,/home/oy/iCAT/result/mixF-fixed37-tenhour-20261004/mixF-fixed37-rep1-x30/control-series.txt
1791049732,2026-10-04T02:48:52+09:00,9010.0,FIO-Fast,1,1,1476258435072,360414657,354103764,1.9824899102258207,active_cumulative,/home/oy/iCAT/result/mixF-fixed37-tenhour-20261004/mixF-fixed37-rep1-x30/control-series.txt
1791049762,2026-10-04T02:49:22+09:00,9040.0,FIO-Fast,1,1,1481175728128,361615168,355336649,1.9826375673489447,active_cumulative,/home/oy/iCAT/result/mixF-fixed37-tenhour-20261004/mixF-fixed37-rep1-x30/control-series.txt
1791049792,2026-10-04T02:49:52+09:00,9070.0,FIO-Fast,1,1,1486092193792,362815477,356569188,1.9827838408337801,active_cumulative,/home/oy/iCAT/result/mixF-fixed37-tenhour-20261004/mixF-fixed37-rep1-x30/control-series.txt
1791049822,2026-10-04T02:50:22+09:00,9100.0,FIO-Fast,1,1,1491008851968,364015833,357753100,1.982795437911625,active_cumulative,/home/oy/iCAT/result/mixF-fixed37-tenhour-20261004/mixF-fixed37-rep1-x30/control-series.txt
1791049852,2026-10-04T02:50:52+09:00,9130.0,FIO-Fast,1,1,1495925587968,365216208,358920786,1.9827624791504324,active_cumulative,/home/oy/iCAT/result/mixF-fixed37-tenhour-20261004/mixF-fixed37-rep1-x30/control-series.txt
1791049882,2026-10-04T02:51:22+09:00,9160.0,FIO-Fast,1,1,1500842377216,366416596,360032326,1.9825764715089487,active_cumulative,/home/oy/iCAT/result/mixF-fixed37-tenhour-20261004/mixF-fixed37-rep1-x30/control-series.txt
1791049912,2026-10-04T02:51:52+09:00,9190.0,FIO-Fast,1,1,1505759043584,367616954,361138549,1.9823772953627161,active_cumulative,/home/oy/iCAT/result/mixF-fixed37-tenhour-20261004/mixF-fixed37-rep1-x30/control-series.txt
1791049942,2026-10-04T02:52:22+09:00,9220.0,FIO-Fast,1,1,1510675746816,368817321,362245292,1.9821808016440747,active_cumulative,/home/oy/iCAT/result/mixF-fixed37-tenhour-20261004/mixF-fixed37-rep1-x30/control-series.txt
1791049972,2026-10-04T02:52:52+09:00,9250.0,FIO-Fast,1,1,1515592327168,370017658,363514252,1.98242406582661,active_cumulative,/home/oy/iCAT/result/mixF-fixed37-tenhour-20261004/mixF-fixed37-rep1-x30/control-series.txt
1791050002,2026-10-04T02:53:22+09:00,9280.0,FIO-Fast,1,1,1520509399040,371218115,364763321,1.9826118561051365,active_cumulative,/home/oy/iCAT/result/mixF-fixed37-tenhour-20261004/mixF-fixed37-rep1-x30/control-series.txt
1791050032,2026-10-04T02:53:52+09:00,9310.0,FIO-Fast,1,1,1525426032640,372418465,366012006,1.9827976870051274,active_cumulative,/home/oy/iCAT/result/mixF-fixed37-tenhour-20261004/mixF-fixed37-rep1-x30/control-series.txt
1791050063,2026-10-04T02:54:23+09:00,9341.0,FIO-Fast,1,1,1530342973440,373618890,367201016,1.9828224049378231,active_cumulative,/home/oy/iCAT/result/mixF-fixed37-tenhour-20261004/mixF-fixed37-rep1-x30/control-series.txt
1791050093,2026-10-04T02:54:53+09:00,9371.0,FIO-Fast,1,1,1535259688960,374819260,368397506,1.9828670650488984,active_cumulative,/home/oy/iCAT/result/mixF-fixed37-tenhour-20261004/mixF-fixed37-rep1-x30/control-series.txt
1791050123,2026-10-04T02:55:23+09:00,9401.0,FIO-Fast,1,1,1540176322560,376019610,369537905,1.9827623218906056,active_cumulative,/home/oy/iCAT/result/mixF-fixed37-tenhour-20261004/mixF-fixed37-rep1-x30/control-series.txt
1791050153,2026-10-04T02:55:53+09:00,9431.0,FIO-Fast,1,1,1545093210112,377220022,370675247,1.9826499798040942,active_cumulative,/home/oy/iCAT/result/mixF-fixed37-tenhour-20261004/mixF-fixed37-rep1-x30/control-series.txt
1791050183,2026-10-04T02:56:23+09:00,9461.0,FIO-Fast,1,1,1550009729024,378420344,371774977,1.982439192011305,active_cumulative,/home/oy/iCAT/result/mixF-fixed37-tenhour-20261004/mixF-fixed37-rep1-x30/control-series.txt
1791050213,2026-10-04T02:56:53+09:00,9491.0,FIO-Fast,1,1,1554926219264,379620659,372949745,1.9824274210534996,active_cumulative,/home/oy/iCAT/result/mixF-fixed37-tenhour-20261004/mixF-fixed37-rep1-x30/control-series.txt
1791050243,2026-10-04T02:57:23+09:00,9521.0,FIO-Fast,1,1,1559842844672,380821007,374208587,1.9826364095507998,active_cumulative,/home/oy/iCAT/result/mixF-fixed37-tenhour-20261004/mixF-fixed37-rep1-x30/control-series.txt
1791050273,2026-10-04T02:57:53+09:00,9551.0,FIO-Fast,1,1,1564759523328,382021368,375488027,1.9828979697282274,active_cumulative,/home/oy/iCAT/result/mixF-fixed37-tenhour-20261004/mixF-fixed37-rep1-x30/control-series.txt
1791050303,2026-10-04T02:58:23+09:00,9581.0,FIO-Fast,1,1,1569676111872,383221707,376696966,1.9829739785591007,active_cumulative,/home/oy/iCAT/result/mixF-fixed37-tenhour-20261004/mixF-fixed37-rep1-x30/control-series.txt
1791050333,2026-10-04T02:58:53+09:00,9611.0,FIO-Fast,1,1,1574592651264,384422034,377891847,1.9830129742250935,active_cumulative,/home/oy/iCAT/result/mixF-fixed37-tenhour-20261004/mixF-fixed37-rep1-x30/control-series.txt
1791050363,2026-10-04T02:59:23+09:00,9641.0,FIO-Fast,1,1,1579509235712,385622372,379026542,1.9828956241159161,active_cumulative,/home/oy/iCAT/result/mixF-fixed37-tenhour-20261004/mixF-fixed37-rep1-x30/control-series.txt
1791050393,2026-10-04T02:59:53+09:00,9671.0,FIO-Fast,1,1,1584425992192,386822752,380181799,1.9828320517196465,active_cumulative,/home/oy/iCAT/result/mixF-fixed37-tenhour-20261004/mixF-fixed37-rep1-x30/control-series.txt
1791050423,2026-10-04T03:00:23+09:00,9701.0,FIO-Fast,1,1,1589342896128,388023168,381282148,1.982627274462127,active_cumulative,/home/oy/iCAT/result/mixF-fixed37-tenhour-20261004/mixF-fixed37-rep1-x30/control-series.txt
1791050453,2026-10-04T03:00:53+09:00,9731.0,FIO-Fast,1,1,1594259591168,389223533,382402548,1.9824754044355277,active_cumulative,/home/oy/iCAT/result/mixF-fixed37-tenhour-20261004/mixF-fixed37-rep1-x30/control-series.txt
1791050483,2026-10-04T03:01:23+09:00,9761.0,FIO-Fast,1,1,1599176302592,390423902,383606009,1.9825372038825635,active_cumulative,/home/oy/iCAT/result/mixF-fixed37-tenhour-20261004/mixF-fixed37-rep1-x30/control-series.txt
1791050513,2026-10-04T03:01:53+09:00,9791.0,FIO-Fast,1,1,1604092841984,391624229,384900709,1.9828317057471947,active_cumulative,/home/oy/iCAT/result/mixF-fixed37-tenhour-20261004/mixF-fixed37-rep1-x30/control-series.txt
1791050543,2026-10-04T03:02:23+09:00,9821.0,FIO-Fast,1,1,1609009975296,392824701,386153273,1.983016780810838,active_cumulative,/home/oy/iCAT/result/mixF-fixed37-tenhour-20261004/mixF-fixed37-rep1-x30/control-series.txt
1791050573,2026-10-04T03:02:53+09:00,9851.0,FIO-Fast,1,1,1613926531072,394025032,387386434,1.983151836911722,active_cumulative,/home/oy/iCAT/result/mixF-fixed37-tenhour-20261004/mixF-fixed37-rep1-x30/control-series.txt
1791050603,2026-10-04T03:03:23+09:00,9881.0,FIO-Fast,1,1,1618843082752,395225362,388560049,1.9831354117400997,active_cumulative,/home/oy/iCAT/result/mixF-fixed37-tenhour-20261004/mixF-fixed37-rep1-x30/control-series.txt
1791050633,2026-10-04T03:03:53+09:00,9911.0,FIO-Fast,1,1,1623759831040,396425740,389729868,1.9831093914335634,active_cumulative,/home/oy/iCAT/result/mixF-fixed37-tenhour-20261004/mixF-fixed37-rep1-x30/control-series.txt
1791050663,2026-10-04T03:04:23+09:00,9941.0,FIO-Fast,1,1,1628676497408,397626098,390832983,1.9829158220897263,active_cumulative,/home/oy/iCAT/result/mixF-fixed37-tenhour-20261004/mixF-fixed37-rep1-x30/control-series.txt
1791050693,2026-10-04T03:04:53+09:00,9971.0,FIO-Fast,1,1,1633593061376,398826431,391930027,1.9827082573672254,active_cumulative,/home/oy/iCAT/result/mixF-fixed37-tenhour-20261004/mixF-fixed37-rep1-x30/control-series.txt
1791050723,2026-10-04T03:05:23+09:00,10001.0,FIO-Fast,1,1,1638509760512,400026797,393026173,1.9824996123947165,active_cumulative,/home/oy/iCAT/result/mixF-fixed37-tenhour-20261004/mixF-fixed37-rep1-x30/control-series.txt
1791050753,2026-10-04T03:05:53+09:00,10031.0,FIO-Fast,1,1,1643426353152,401227137,394287708,1.9827044874085873,active_cumulative,/home/oy/iCAT/result/mixF-fixed37-tenhour-20261004/mixF-fixed37-rep1-x30/control-series.txt
1791050783,2026-10-04T03:06:23+09:00,10061.0,FIO-Fast,1,1,1648342999040,402427490,395561455,1.9829384543287536,active_cumulative,/home/oy/iCAT/result/mixF-fixed37-tenhour-20261004/mixF-fixed37-rep1-x30/control-series.txt
1791050813,2026-10-04T03:06:53+09:00,10091.0,FIO-Fast,1,1,1653259808768,403627883,396817592,1.9831273029271865,active_cumulative,/home/oy/iCAT/result/mixF-fixed37-tenhour-20261004/mixF-fixed37-rep1-x30/control-series.txt
1791050843,2026-10-04T03:07:23+09:00,10121.0,FIO-Fast,1,1,1658176540672,404828257,398030406,1.9832080619807129,active_cumulative,/home/oy/iCAT/result/mixF-fixed37-tenhour-20261004/mixF-fixed37-rep1-x30/control-series.txt
1791050873,2026-10-04T03:07:53+09:00,10151.0,FIO-Fast,1,1,1663093264384,406028629,399231503,1.983259490798123,active_cumulative,/home/oy/iCAT/result/mixF-fixed37-tenhour-20261004/mixF-fixed37-rep1-x30/control-series.txt
1791050903,2026-10-04T03:08:23+09:00,10181.0,FIO-Fast,1,1,1668010110976,407229031,400391989,1.983210818778782,active_cumulative,/home/oy/iCAT/result/mixF-fixed37-tenhour-20261004/mixF-fixed37-rep1-x30/control-series.txt
1791050933,2026-10-04T03:08:53+09:00,10211.0,FIO-Fast,1,1,1672926851072,408429407,401520847,1.9830850573401537,active_cumulative,/home/oy/iCAT/result/mixF-fixed37-tenhour-20261004/mixF-fixed37-rep1-x30/control-series.txt
1791050963,2026-10-04T03:09:23+09:00,10241.0,FIO-Fast,1,1,1677843759104,409629824,402606935,1.9828555232345582,active_cumulative,/home/oy/iCAT/result/mixF-fixed37-tenhour-20261004/mixF-fixed37-rep1-x30/control-series.txt
1791050993,2026-10-04T03:09:53+09:00,10271.0,FIO-Fast,1,1,1682760458240,410830190,403738191,1.9827373957108654,active_cumulative,/home/oy/iCAT/result/mixF-fixed37-tenhour-20261004/mixF-fixed37-rep1-x30/control-series.txt
1791051023,2026-10-04T03:10:23+09:00,10301.0,FIO-Fast,1,1,1687676985344,412030514,404983437,1.9828967108974846,active_cumulative,/home/oy/iCAT/result/mixF-fixed37-tenhour-20261004/mixF-fixed37-rep1-x30/control-series.txt
1791051053,2026-10-04T03:10:53+09:00,10331.0,FIO-Fast,1,1,1692593639424,413230869,406260637,1.983132354035245,active_cumulative,/home/oy/iCAT/result/mixF-fixed37-tenhour-20261004/mixF-fixed37-rep1-x30/control-series.txt
1791051083,2026-10-04T03:11:23+09:00,10361.0,FIO-Fast,1,1,1697510375424,414431244,407473846,1.9832121778926495,active_cumulative,/home/oy/iCAT/result/mixF-fixed37-tenhour-20261004/mixF-fixed37-rep1-x30/control-series.txt
1791051113,2026-10-04T03:11:53+09:00,10391.0,FIO-Fast,1,1,1702426845184,415631554,408687870,1.9832936553224254,active_cumulative,/home/oy/iCAT/result/mixF-fixed37-tenhour-20261004/mixF-fixed37-rep1-x30/control-series.txt
1791051143,2026-10-04T03:12:23+09:00,10421.0,FIO-Fast,1,1,1707343511552,416831912,409867317,1.9832915983649544,active_cumulative,/home/oy/iCAT/result/mixF-fixed37-tenhour-20261004/mixF-fixed37-rep1-x30/control-series.txt
1791051173,2026-10-04T03:12:53+09:00,10451.0,FIO-Fast,1,1,1712260050944,418032239,411024859,1.9832372258733852,active_cumulative,/home/oy/iCAT/result/mixF-fixed37-tenhour-20261004/mixF-fixed37-rep1-x30/control-series.txt
1791051203,2026-10-04T03:13:23+09:00,10481.0,FIO-Fast,1,1,1717176655872,419232582,412153813,1.9831149359474165,active_cumulative,/home/oy/iCAT/result/mixF-fixed37-tenhour-20261004/mixF-fixed37-rep1-x30/control-series.txt
1791051233,2026-10-04T03:13:53+09:00,10511.0,FIO-Fast,1,1,1722093318144,420432939,413261980,1.9829438696762054,active_cumulative,/home/oy/iCAT/result/mixF-fixed37-tenhour-20261004/mixF-fixed37-rep1-x30/control-series.txt
1791051263,2026-10-04T03:14:23+09:00,10541.0,FIO-Fast,1,1,1727009943552,421633287,414449110,1.9829610772642816,active_cumulative,/home/oy/iCAT/result/mixF-fixed37-tenhour-20261004/mixF-fixed37-rep1-x30/control-series.txt
1791051293,2026-10-04T03:14:53+09:00,10571.0,FIO-Fast,1,1,1731926560768,422833633,415730027,1.9831999977163597,active_cumulative,/home/oy/iCAT/result/mixF-fixed37-tenhour-20261004/mixF-fixed37-rep1-x30/control-series.txt
1791051323,2026-10-04T03:15:23+09:00,10601.0,FIO-Fast,1,1,1736843210752,424033987,416981542,1.9833682081714832,active_cumulative,/home/oy/iCAT/result/mixF-fixed37-tenhour-20261004/mixF-fixed37-rep1-x30/control-series.txt
1791051353,2026-10-04T03:15:53+09:00,10631.0,FIO-Fast,1,1,1741759954944,425234364,418201941,1.9834622420120307,active_cumulative,/home/oy/iCAT/result/mixF-fixed37-tenhour-20261004/mixF-fixed37-rep1-x30/control-series.txt
1791051383,2026-10-04T03:16:23+09:00,10661.0,FIO-Fast,1,1,1746677075968,426434833,419374442,1.9834432122949957,active_cumulative,/home/oy/iCAT/result/mixF-fixed37-tenhour-20261004/mixF-fixed37-rep1-x30/control-series.txt
1791051413,2026-10-04T03:16:53+09:00,10691.0,FIO-Fast,1,1,1751593631744,427635164,420532042,1.9833897616520608,active_cumulative,/home/oy/iCAT/result/mixF-fixed37-tenhour-20261004/mixF-fixed37-rep1-x30/control-series.txt
1791051443,2026-10-04T03:17:23+09:00,10721.0,FIO-Fast,1,1,1756510490624,428835569,421655422,1.9832566430607812,active_cumulative,/home/oy/iCAT/result/mixF-fixed37-tenhour-20261004/mixF-fixed37-rep1-x30/control-series.txt
1791051473,2026-10-04T03:17:53+09:00,10751.0,FIO-Fast,1,1,1761427144704,430035924,422764786,1.9830917893268842,active_cumulative,/home/oy/iCAT/result/mixF-fixed37-tenhour-20261004/mixF-fixed37-rep1-x30/control-series.txt
1791051503,2026-10-04T03:18:23+09:00,10781.0,FIO-Fast,1,1,1766343831552,431236287,423880360,1.9829422355637711,active_cumulative,/home/oy/iCAT/result/mixF-fixed37-tenhour-20261004/mixF-fixed37-rep1-x30/control-series.txt
1791051533,2026-10-04T03:18:53+09:00,10811.0,FIO-Fast,1,1,1771260702720,432436695,425087755,1.9830057437655702,active_cumulative,/home/oy/iCAT/result/mixF-fixed37-tenhour-20261004/mixF-fixed37-rep1-x30/control-series.txt
1791051563,2026-10-04T03:19:23+09:00,10841.0,FIO-Fast,1,1,1776177512448,433637088,426375302,1.9832537709505142,active_cumulative,/home/oy/iCAT/result/mixF-fixed37-tenhour-20261004/mixF-fixed37-rep1-x30/control-series.txt
1791051593,2026-10-04T03:19:53+09:00,10871.0,FIO-Fast,1,1,1781094232064,434837459,427633980,1.9834340881842012,active_cumulative,/home/oy/iCAT/result/mixF-fixed37-tenhour-20261004/mixF-fixed37-rep1-x30/control-series.txt
1791051623,2026-10-04T03:20:23+09:00,10901.0,FIO-Fast,1,1,1786011021312,436037847,428864002,1.9835476552107643,active_cumulative,/home/oy/iCAT/result/mixF-fixed37-tenhour-20261004/mixF-fixed37-rep1-x30/control-series.txt
1791051653,2026-10-04T03:20:53+09:00,10931.0,FIO-Fast,1,1,1790927790080,437238230,430050433,1.983560913692291,active_cumulative,/home/oy/iCAT/result/mixF-fixed37-tenhour-20261004/mixF-fixed37-rep1-x30/control-series.txt
1791051683,2026-10-04T03:21:23+09:00,10961.0,FIO-Fast,1,1,1795844775936,438438666,431202238,1.9834950049775035,active_cumulative,/home/oy/iCAT/result/mixF-fixed37-tenhour-20261004/mixF-fixed37-rep1-x30/control-series.txt
1791051713,2026-10-04T03:21:53+09:00,10991.0,FIO-Fast,1,1,1800761430016,439639021,432317999,1.9833476519364734,active_cumulative,/home/oy/iCAT/result/mixF-fixed37-tenhour-20261004/mixF-fixed37-rep1-x30/control-series.txt
1791051743,2026-10-04T03:22:23+09:00,11021.0,FIO-Fast,1,1,1805678067712,440839372,433412033,1.9831518247421875,active_cumulative,/home/oy/iCAT/result/mixF-fixed37-tenhour-20261004/mixF-fixed37-rep1-x30/control-series.txt
1791051773,2026-10-04T03:22:53+09:00,11051.0,FIO-Fast,1,1,1810594639872,442039707,434513535,1.9829739910672775,active_cumulative,/home/oy/iCAT/result/mixF-fixed37-tenhour-20261004/mixF-fixed37-rep1-x30/control-series.txt
1791051803,2026-10-04T03:23:23+09:00,11081.0,FIO-Fast,1,1,1815511392256,443240086,435757827,1.9831191734765614,active_cumulative,/home/oy/iCAT/result/mixF-fixed37-tenhour-20261004/mixF-fixed37-rep1-x30/control-series.txt
1791051833,2026-10-04T03:23:53+09:00,11111.0,FIO-Fast,1,1,1820427837440,444440390,437038806,1.9833462840764766,active_cumulative,/home/oy/iCAT/result/mixF-fixed37-tenhour-20261004/mixF-fixed37-rep1-x30/control-series.txt
1791051863,2026-10-04T03:24:23+09:00,11141.0,FIO-Fast,1,1,1825344524288,445640753,438290532,1.9835063984823669,active_cumulative,/home/oy/iCAT/result/mixF-fixed37-tenhour-20261004/mixF-fixed37-rep1-x30/control-series.txt
1791051893,2026-10-04T03:24:53+09:00,11171.0,FIO-Fast,1,1,1830261067776,446841081,439492395,1.983554139687528,active_cumulative,/home/oy/iCAT/result/mixF-fixed37-tenhour-20261004/mixF-fixed37-rep1-x30/control-series.txt
1791051923,2026-10-04T03:25:23+09:00,11201.0,FIO-Fast,1,1,1835177598976,448041406,440689192,1.9835903246853037,active_cumulative,/home/oy/iCAT/result/mixF-fixed37-tenhour-20261004/mixF-fixed37-rep1-x30/control-series.txt
1791051953,2026-10-04T03:25:53+09:00,11231.0,FIO-Fast,1,1,1840094208000,449241750,441845763,1.98353673272798,active_cumulative,/home/oy/iCAT/result/mixF-fixed37-tenhour-20261004/mixF-fixed37-rep1-x30/control-series.txt
1791051983,2026-10-04T03:26:23+09:00,11261.0,FIO-Fast,1,1,1845011001344,450442139,442986078,1.9834472391580575,active_cumulative,/home/oy/iCAT/result/mixF-fixed37-tenhour-20261004/mixF-fixed37-rep1-x30/control-series.txt
1791052013,2026-10-04T03:26:53+09:00,11291.0,FIO-Fast,1,1,1849928282112,451642647,444070944,1.9832351903650056,active_cumulative,/home/oy/iCAT/result/mixF-fixed37-tenhour-20261004/mixF-fixed37-rep1-x30/control-series.txt
1791052043,2026-10-04T03:27:23+09:00,11321.0,FIO-Fast,1,1,1854844907520,452842995,445219245,1.9831646948629513,active_cumulative,/home/oy/iCAT/result/mixF-fixed37-tenhour-20261004/mixF-fixed37-rep1-x30/control-series.txt
1791052073,2026-10-04T03:27:53+09:00,11351.0,FIO-Fast,1,1,1859762147328,454043493,446466341,1.9833118366041642,active_cumulative,/home/oy/iCAT/result/mixF-fixed37-tenhour-20261004/mixF-fixed37-rep1-x30/control-series.txt
1791052103,2026-10-04T03:28:23+09:00,11381.0,FIO-Fast,1,1,1864678944768,455243883,447749146,1.983536874893056,active_cumulative,/home/oy/iCAT/result/mixF-fixed37-tenhour-20261004/mixF-fixed37-rep1-x30/control-series.txt
1791052133,2026-10-04T03:28:53+09:00,11411.0,FIO-Fast,1,1,1869595754496,456444276,448955222,1.9835926215010744,active_cumulative,/home/oy/iCAT/result/mixF-fixed37-tenhour-20261004/mixF-fixed37-rep1-x30/control-series.txt
1791052163,2026-10-04T03:29:23+09:00,11441.0,FIO-Fast,1,1,1874512252928,457644593,450160434,1.9836463510888678,active_cumulative,/home/oy/iCAT/result/mixF-fixed37-tenhour-20261004/mixF-fixed37-rep1-x30/control-series.txt
1791052193,2026-10-04T03:29:53+09:00,11471.0,FIO-Fast,1,1,1879428915200,458844950,451331584,1.9836254795873858,active_cumulative,/home/oy/iCAT/result/mixF-fixed37-tenhour-20261004/mixF-fixed37-rep1-x30/control-series.txt
1791052223,2026-10-04T03:30:23+09:00,11501.0,FIO-Fast,1,1,1884345610240,460045315,452494340,1.9835864538692238,active_cumulative,/home/oy/iCAT/result/mixF-fixed37-tenhour-20261004/mixF-fixed37-rep1-x30/control-series.txt
1791052253,2026-10-04T03:30:53+09:00,11531.0,FIO-Fast,1,1,1889262030848,461245613,453605562,1.9834360462524334,active_cumulative,/home/oy/iCAT/result/mixF-fixed37-tenhour-20261004/mixF-fixed37-rep1-x30/control-series.txt
1791052283,2026-10-04T03:31:23+09:00,11561.0,FIO-Fast,1,1,1894178852864,462446009,454719618,1.983292339322578,active_cumulative,/home/oy/iCAT/result/mixF-fixed37-tenhour-20261004/mixF-fixed37-rep1-x30/control-series.txt
1791052313,2026-10-04T03:31:53+09:00,11591.0,FIO-Fast,1,1,1899096113152,463646512,455900136,1.9832924959004115,active_cumulative,/home/oy/iCAT/result/mixF-fixed37-tenhour-20261004/mixF-fixed37-rep1-x30/control-series.txt
1791052343,2026-10-04T03:32:23+09:00,11621.0,FIO-Fast,1,1,1904012615680,464846830,457189646,1.983527511632165,active_cumulative,/home/oy/iCAT/result/mixF-fixed37-tenhour-20261004/mixF-fixed37-rep1-x30/control-series.txt
1791052373,2026-10-04T03:32:53+09:00,11651.0,FIO-Fast,1,1,1908929441792,466047227,458438451,1.9836738090923132,active_cumulative,/home/oy/iCAT/result/mixF-fixed37-tenhour-20261004/mixF-fixed37-rep1-x30/control-series.txt
1791052403,2026-10-04T03:33:23+09:00,11681.0,FIO-Fast,1,1,1913846140928,467247593,459662750,1.9837669725566676,active_cumulative,/home/oy/iCAT/result/mixF-fixed37-tenhour-20261004/mixF-fixed37-rep1-x30/control-series.txt
1791052433,2026-10-04T03:33:53+09:00,11711.0,FIO-Fast,1,1,1918762733568,468447933,460836177,1.9837511162633308,active_cumulative,/home/oy/iCAT/result/mixF-fixed37-tenhour-20261004/mixF-fixed37-rep1-x30/control-series.txt
1791052463,2026-10-04T03:34:23+09:00,11741.0,FIO-Fast,1,1,1923679449088,469648303,462008616,1.9837331744814162,active_cumulative,/home/oy/iCAT/result/mixF-fixed37-tenhour-20261004/mixF-fixed37-rep1-x30/control-series.txt
1791052493,2026-10-04T03:34:53+09:00,11771.0,FIO-Fast,1,1,1928596054016,470848646,463114694,1.9835744414565015,active_cumulative,/home/oy/iCAT/result/mixF-fixed37-tenhour-20261004/mixF-fixed37-rep1-x30/control-series.txt
1791052523,2026-10-04T03:35:23+09:00,11801.0,FIO-Fast,1,1,1933513125888,472049103,464235525,1.9834475313048099,active_cumulative,/home/oy/iCAT/result/mixF-fixed37-tenhour-20261004/mixF-fixed37-rep1-x30/control-series.txt
1791052553,2026-10-04T03:35:53+09:00,11831.0,FIO-Fast,1,1,1938429845504,473249474,465341780,1.9832906438687345,active_cumulative,/home/oy/iCAT/result/mixF-fixed37-tenhour-20261004/mixF-fixed37-rep1-x30/control-series.txt
1791052583,2026-10-04T03:36:23+09:00,11861.0,FIO-Fast,1,1,1943346532352,474449837,466584468,1.983422127300678,active_cumulative,/home/oy/iCAT/result/mixF-fixed37-tenhour-20261004/mixF-fixed37-rep1-x30/control-series.txt
1791052613,2026-10-04T03:36:53+09:00,11891.0,FIO-Fast,1,1,1948263333888,475650228,467856990,1.9836156117641974,active_cumulative,/home/oy/iCAT/result/mixF-fixed37-tenhour-20261004/mixF-fixed37-rep1-x30/control-series.txt
1791052643,2026-10-04T03:37:23+09:00,11921.0,FIO-Fast,1,1,1953180028928,476850593,469133622,1.9838167947921583,active_cumulative,/home/oy/iCAT/result/mixF-fixed37-tenhour-20261004/mixF-fixed37-rep1-x30/control-series.txt
1791052673,2026-10-04T03:37:53+09:00,11951.0,FIO-Fast,1,1,1958096592896,478050926,470347448,1.983885654056865,active_cumulative,/home/oy/iCAT/result/mixF-fixed37-tenhour-20261004/mixF-fixed37-rep1-x30/control-series.txt
1791052703,2026-10-04T03:38:23+09:00,11981.0,FIO-Fast,1,1,1963013464064,479251334,471553142,1.9839370462764325,active_cumulative,/home/oy/iCAT/result/mixF-fixed37-tenhour-20261004/mixF-fixed37-rep1-x30/control-series.txt
1791052733,2026-10-04T03:38:53+09:00,12011.0,FIO-Fast,1,1,1967930118144,480451689,472701198,1.9838683239596229,active_cumulative,/home/oy/iCAT/result/mixF-fixed37-tenhour-20261004/mixF-fixed37-rep1-x30/control-series.txt
1791052763,2026-10-04T03:39:23+09:00,12041.0,FIO-Fast,1,1,1972847112192,481652127,473832343,1.9837646642428302,active_cumulative,/home/oy/iCAT/result/mixF-fixed37-tenhour-20261004/mixF-fixed37-rep1-x30/control-series.txt
1791052793,2026-10-04T03:39:53+09:00,12071.0,FIO-Fast,1,1,1977764270080,482852605,474914012,1.983558972411467,active_cumulative,/home/oy/iCAT/result/mixF-fixed37-tenhour-20261004/mixF-fixed37-rep1-x30/control-series.txt
1791052823,2026-10-04T03:40:23+09:00,12101.0,FIO-Fast,1,1,1982680895488,484052953,476050994,1.98346883548503,active_cumulative,/home/oy/iCAT/result/mixF-fixed37-tenhour-20261004/mixF-fixed37-rep1-x30/control-series.txt
1791052853,2026-10-04T03:40:53+09:00,12131.0,FIO-Fast,1,1,1987597627392,485253327,477277508,1.983563597493892,active_cumulative,/home/oy/iCAT/result/mixF-fixed37-tenhour-20261004/mixF-fixed37-rep1-x30/control-series.txt
1791052883,2026-10-04T03:41:23+09:00,12161.0,FIO-Fast,1,1,1992514703360,486453785,478570666,1.983794721630134,active_cumulative,/home/oy/iCAT/result/mixF-fixed37-tenhour-20261004/mixF-fixed37-rep1-x30/control-series.txt
1791052913,2026-10-04T03:41:53+09:00,12191.0,FIO-Fast,1,1,1997431361536,487654141,479801997,1.9838981291455906,active_cumulative,/home/oy/iCAT/result/mixF-fixed37-tenhour-20261004/mixF-fixed37-rep1-x30/control-series.txt
1791052943,2026-10-04T03:42:23+09:00,12221.0,FIO-Fast,1,1,2002348101632,488854517,481027230,1.9839885145215912,active_cumulative,/home/oy/iCAT/result/mixF-fixed37-tenhour-20261004/mixF-fixed37-rep1-x30/control-series.txt
1791052973,2026-10-04T03:42:53+09:00,12251.0,FIO-Fast,1,1,2007265021952,490054937,482194754,1.9839606084817385,active_cumulative,/home/oy/iCAT/result/mixF-fixed37-tenhour-20261004/mixF-fixed37-rep1-x30/control-series.txt
1791053003,2026-10-04T03:43:23+09:00,12281.0,FIO-Fast,1,1,2012181942272,491255357,483364890,1.9839381558133318,active_cumulative,/home/oy/iCAT/result/mixF-fixed37-tenhour-20261004/mixF-fixed37-rep1-x30/control-series.txt
1791053033,2026-10-04T03:43:53+09:00,12311.0,FIO-Fast,1,1,2017098498048,492455688,484486084,1.9838166068659562,active_cumulative,/home/oy/iCAT/result/mixF-fixed37-tenhour-20261004/mixF-fixed37-rep1-x30/control-series.txt
1791053063,2026-10-04T03:44:23+09:00,12341.0,FIO-Fast,1,1,2022015397888,493656103,485599169,1.9836790552146786,active_cumulative,/home/oy/iCAT/result/mixF-fixed37-tenhour-20261004/mixF-fixed37-rep1-x30/control-series.txt
1791053093,2026-10-04T03:44:53+09:00,12371.0,FIO-Fast,1,1,2026931798016,494856396,486738643,1.983595739964933,active_cumulative,/home/oy/iCAT/result/mixF-fixed37-tenhour-20261004/mixF-fixed37-rep1-x30/control-series.txt
1791053123,2026-10-04T03:45:23+09:00,12401.0,FIO-Fast,1,1,2031848554496,496056776,488018842,1.983796342699288,active_cumulative,/home/oy/iCAT/result/mixF-fixed37-tenhour-20261004/mixF-fixed37-rep1-x30/control-series.txt
1791053153,2026-10-04T03:45:53+09:00,12431.0,FIO-Fast,1,1,2036765724672,497257257,489267958,1.9839332681674668,active_cumulative,/home/oy/iCAT/result/mixF-fixed37-tenhour-20261004/mixF-fixed37-rep1-x30/control-series.txt
1791053183,2026-10-04T03:46:23+09:00,12461.0,FIO-Fast,1,1,2041682345984,498457604,490509952,1.9840555105665516,active_cumulative,/home/oy/iCAT/result/mixF-fixed37-tenhour-20261004/mixF-fixed37-rep1-x30/control-series.txt
1791053213,2026-10-04T03:46:53+09:00,12491.0,FIO-Fast,1,1,2046599430144,499658064,491682678,1.984038312248674,active_cumulative,/home/oy/iCAT/result/mixF-fixed37-tenhour-20261004/mixF-fixed37-rep1-x30/control-series.txt
1791053243,2026-10-04T03:47:23+09:00,12521.0,FIO-Fast,1,1,2051516760064,500858584,492871166,1.9840525484534772,active_cumulative,/home/oy/iCAT/result/mixF-fixed37-tenhour-20261004/mixF-fixed37-rep1-x30/control-series.txt
1791053273,2026-10-04T03:47:53+09:00,12551.0,FIO-Fast,1,1,2056433311744,502058914,494016831,1.983981794216286,active_cumulative,/home/oy/iCAT/result/mixF-fixed37-tenhour-20261004/mixF-fixed37-rep1-x30/control-series.txt
1791053303,2026-10-04T03:48:23+09:00,12581.0,FIO-Fast,1,1,2061350014976,503259281,495145860,1.983878248635816,active_cumulative,/home/oy/iCAT/result/mixF-fixed37-tenhour-20261004/mixF-fixed37-rep1-x30/control-series.txt
1791053333,2026-10-04T03:48:53+09:00,12611.0,FIO-Fast,1,1,2066266914816,504459696,496249807,1.9837253817002658,active_cumulative,/home/oy/iCAT/result/mixF-fixed37-tenhour-20261004/mixF-fixed37-rep1-x30/control-series.txt
1791053363,2026-10-04T03:49:23+09:00,12641.0,FIO-Fast,1,1,2071183544320,505660045,497457679,1.9837788923979547,active_cumulative,/home/oy/iCAT/result/mixF-fixed37-tenhour-20261004/mixF-fixed37-rep1-x30/control-series.txt
1791053393,2026-10-04T03:49:53+09:00,12671.0,FIO-Fast,1,1,2076100177920,506860395,498731073,1.9839614180153098,active_cumulative,/home/oy/iCAT/result/mixF-fixed37-tenhour-20261004/mixF-fixed37-rep1-x30/control-series.txt
1791053423,2026-10-04T03:50:23+09:00,12701.0,FIO-Fast,1,1,2081017143296,508060826,500009552,1.984152932900991,active_cumulative,/home/oy/iCAT/result/mixF-fixed37-tenhour-20261004/mixF-fixed37-rep1-x30/control-series.txt
1791053453,2026-10-04T03:50:53+09:00,12731.0,FIO-Fast,1,1,2085934047232,509261242,501220080,1.98421014336685,active_cumulative,/home/oy/iCAT/result/mixF-fixed37-tenhour-20261004/mixF-fixed37-rep1-x30/control-series.txt
1791053483,2026-10-04T03:51:23+09:00,12761.0,FIO-Fast,1,1,2090850725888,510461603,502422567,1.9842514383985899,active_cumulative,/home/oy/iCAT/result/mixF-fixed37-tenhour-20261004/mixF-fixed37-rep1-x30/control-series.txt
1791053513,2026-10-04T03:51:53+09:00,12791.0,FIO-Fast,1,1,2095767486464,511661984,503567711,1.9841804291639535,active_cumulative,/home/oy/iCAT/result/mixF-fixed37-tenhour-20261004/mixF-fixed37-rep1-x30/control-series.txt
1791053544,2026-10-04T03:52:24+09:00,12822.0,FIO-Fast,1,1,2100684455936,512862416,504706507,1.9840972768805893,active_cumulative,/home/oy/iCAT/result/mixF-fixed37-tenhour-20261004/mixF-fixed37-rep1-x30/control-series.txt
1791053574,2026-10-04T03:52:54+09:00,12852.0,FIO-Fast,1,1,2105601314816,514062821,505789465,1.9839059436667568,active_cumulative,/home/oy/iCAT/result/mixF-fixed37-tenhour-20261004/mixF-fixed37-rep1-x30/control-series.txt
1791053604,2026-10-04T03:53:24+09:00,12882.0,FIO-Fast,1,1,2110517891072,515263157,506926076,1.983819761054641,active_cumulative,/home/oy/iCAT/result/mixF-fixed37-tenhour-20261004/mixF-fixed37-rep1-x30/control-series.txt
1791053634,2026-10-04T03:53:54+09:00,12912.0,FIO-Fast,1,1,2115434659840,516463540,508153034,1.9839088234573152,active_cumulative,/home/oy/iCAT/result/mixF-fixed37-tenhour-20261004/mixF-fixed37-rep1-x30/control-series.txt
1791053664,2026-10-04T03:54:24+09:00,12942.0,FIO-Fast,1,1,2120351535104,517663949,509454349,1.984141062911839,active_cumulative,/home/oy/iCAT/result/mixF-fixed37-tenhour-20261004/mixF-fixed37-rep1-x30/control-series.txt
1791053694,2026-10-04T03:54:54+09:00,12972.0,FIO-Fast,1,1,2125268164608,518864298,510698934,1.9842630066638347,active_cumulative,/home/oy/iCAT/result/mixF-fixed37-tenhour-20261004/mixF-fixed37-rep1-x30/control-series.txt
1791053724,2026-10-04T03:55:24+09:00,13002.0,FIO-Fast,1,1,2130184867840,520064665,511925938,1.9843505480227157,active_cumulative,/home/oy/iCAT/result/mixF-fixed37-tenhour-20261004/mixF-fixed37-rep1-x30/control-series.txt
1791053754,2026-10-04T03:55:54+09:00,13032.0,FIO-Fast,1,1,2135101349888,521264978,513117252,1.9843693201272385,active_cumulative,/home/oy/iCAT/result/mixF-fixed37-tenhour-20261004/mixF-fixed37-rep1-x30/control-series.txt
1791053784,2026-10-04T03:56:24+09:00,13062.0,FIO-Fast,1,1,2140018073600,522465350,514281656,1.9843363890064671,active_cumulative,/home/oy/iCAT/result/mixF-fixed37-tenhour-20261004/mixF-fixed37-rep1-x30/control-series.txt
1791053814,2026-10-04T03:56:54+09:00,13092.0,FIO-Fast,1,1,2144934850560,523665735,515402750,1.9842208789925886,active_cumulative,/home/oy/iCAT/result/mixF-fixed37-tenhour-20261004/mixF-fixed37-rep1-x30/control-series.txt
1791053844,2026-10-04T03:57:24+09:00,13122.0,FIO-Fast,1,1,2149851451392,524866077,516509748,1.984079121577522,active_cumulative,/home/oy/iCAT/result/mixF-fixed37-tenhour-20261004/mixF-fixed37-rep1-x30/control-series.txt
1791053874,2026-10-04T03:57:54+09:00,13152.0,FIO-Fast,1,1,2154768109568,526066433,517624556,1.9839528309155585,active_cumulative,/home/oy/iCAT/result/mixF-fixed37-tenhour-20261004/mixF-fixed37-rep1-x30/control-series.txt
1791053904,2026-10-04T03:58:24+09:00,13182.0,FIO-Fast,1,1,2159684722688,527266778,518890294,1.9841133855772721,active_cumulative,/home/oy/iCAT/result/mixF-fixed37-tenhour-20261004/mixF-fixed37-rep1-x30/control-series.txt
1791053934,2026-10-04T03:58:54+09:00,13212.0,FIO-Fast,1,1,2164601438208,528467148,520150886,1.9842634267210872,active_cumulative,/home/oy/iCAT/result/mixF-fixed37-tenhour-20261004/mixF-fixed37-rep1-x30/control-series.txt
1791053964,2026-10-04T03:59:24+09:00,13242.0,FIO-Fast,1,1,2169518235648,529667538,521410302,1.9844105303655593,active_cumulative,/home/oy/iCAT/result/mixF-fixed37-tenhour-20261004/mixF-fixed37-rep1-x30/control-series.txt
1791053994,2026-10-04T03:59:54+09:00,13272.0,FIO-Fast,1,1,2174435377152,530868012,522620410,1.9844639311211691,active_cumulative,/home/oy/iCAT/result/mixF-fixed37-tenhour-20261004/mixF-fixed37-rep1-x30/control-series.txt
1791054024,2026-10-04T04:00:24+09:00,13302.0,FIO-Fast,1,1,2179352330240,532068440,523802518,1.9844645512145016,active_cumulative,/home/oy/iCAT/result/mixF-fixed37-tenhour-20261004/mixF-fixed37-rep1-x30/control-series.txt
1791054054,2026-10-04T04:00:54+09:00,13332.0,FIO-Fast,1,1,2184268935168,533268783,524960800,1.9844206462766074,active_cumulative,/home/oy/iCAT/result/mixF-fixed37-tenhour-20261004/mixF-fixed37-rep1-x30/control-series.txt
1791054084,2026-10-04T04:01:24+09:00,13362.0,FIO-Fast,1,1,2189186150400,534469275,526093541,1.9843288765289642,active_cumulative,/home/oy/iCAT/result/mixF-fixed37-tenhour-20261004/mixF-fixed37-rep1-x30/control-series.txt
1791054114,2026-10-04T04:01:54+09:00,13392.0,FIO-Fast,1,1,2194102792192,535669627,527200311,1.984189292106345,active_cumulative,/home/oy/iCAT/result/mixF-fixed37-tenhour-20261004/mixF-fixed37-rep1-x30/control-series.txt
1791054144,2026-10-04T04:02:24+09:00,13422.0,FIO-Fast,1,1,2199020081152,536870137,528360492,1.984149528138124,active_cumulative,/home/oy/iCAT/result/mixF-fixed37-tenhour-20261004/mixF-fixed37-rep1-x30/control-series.txt
1791054174,2026-10-04T04:02:54+09:00,13452.0,FIO-Fast,1,1,2203936714752,538070487,529622986,1.9843003821913765,active_cumulative,/home/oy/iCAT/result/mixF-fixed37-tenhour-20261004/mixF-fixed37-rep1-x30/control-series.txt
1791054204,2026-10-04T04:03:24+09:00,13482.0,FIO-Fast,1,1,2208853401600,539270850,530895383,1.9844689046329873,active_cumulative,/home/oy/iCAT/result/mixF-fixed37-tenhour-20261004/mixF-fixed37-rep1-x30/control-series.txt
1791054234,2026-10-04T04:03:54+09:00,13512.0,FIO-Fast,1,1,2213770190848,540471238,532114926,1.9845388405293827,active_cumulative,/home/oy/iCAT/result/mixF-fixed37-tenhour-20261004/mixF-fixed37-rep1-x30/control-series.txt
1791054264,2026-10-04T04:04:24+09:00,13542.0,FIO-Fast,1,1,2218686763008,541671573,533304341,1.98455294237861,active_cumulative,/home/oy/iCAT/result/mixF-fixed37-tenhour-20261004/mixF-fixed37-rep1-x30/control-series.txt
1791054294,2026-10-04T04:04:54+09:00,13572.0,FIO-Fast,1,1,2223603396608,542871923,534463981,1.9845121074718022,active_cumulative,/home/oy/iCAT/result/mixF-fixed37-tenhour-20261004/mixF-fixed37-rep1-x30/control-series.txt
1791054324,2026-10-04T04:05:24+09:00,13602.0,FIO-Fast,1,1,2228519989248,544072263,535613231,1.9844523741141349,active_cumulative,/home/oy/iCAT/result/mixF-fixed37-tenhour-20261004/mixF-fixed37-rep1-x30/control-series.txt
1791054354,2026-10-04T04:05:54+09:00,13632.0,FIO-Fast,1,1,2233436876800,545272675,536734387,1.984341250916342,active_cumulative,/home/oy/iCAT/result/mixF-fixed37-tenhour-20261004/mixF-fixed37-rep1-x30/control-series.txt
1791054384,2026-10-04T04:06:24+09:00,13662.0,FIO-Fast,1,1,2238354022400,546473150,537843440,1.984208354975903,active_cumulative,/home/oy/iCAT/result/mixF-fixed37-tenhour-20261004/mixF-fixed37-rep1-x30/control-series.txt
1791054414,2026-10-04T04:06:54+09:00,13692.0,FIO-Fast,1,1,2243270746112,547673522,539051827,1.9842576011918283,active_cumulative,/home/oy/iCAT/result/mixF-fixed37-tenhour-20261004/mixF-fixed37-rep1-x30/control-series.txt
1791054444,2026-10-04T04:07:24+09:00,13722.0,FIO-Fast,1,1,2248187334656,548873861,540339164,1.9844505311576497,active_cumulative,/home/oy/iCAT/result/mixF-fixed37-tenhour-20261004/mixF-fixed37-rep1-x30/control-series.txt
1791054474,2026-10-04T04:07:54+09:00,13752.0,FIO-Fast,1,1,2253104078848,550074238,541609981,1.984612518792418,active_cumulative,/home/oy/iCAT/result/mixF-fixed37-tenhour-20261004/mixF-fixed37-rep1-x30/control-series.txt
1791054504,2026-10-04T04:08:24+09:00,13782.0,FIO-Fast,1,1,2258020802560,551274610,542833406,1.9846878418724927,active_cumulative,/home/oy/iCAT/result/mixF-fixed37-tenhour-20261004/mixF-fixed37-rep1-x30/control-series.txt
1791054534,2026-10-04T04:08:54+09:00,13812.0,FIO-Fast,1,1,2262937616384,552475004,544025198,1.984705541537948,active_cumulative,/home/oy/iCAT/result/mixF-fixed37-tenhour-20261004/mixF-fixed37-rep1-x30/control-series.txt
1791054564,2026-10-04T04:09:24+09:00,13842.0,FIO-Fast,1,1,2267854336000,553675375,545186915,1.9846688865294038,active_cumulative,/home/oy/iCAT/result/mixF-fixed37-tenhour-20261004/mixF-fixed37-rep1-x30/control-series.txt
1791054594,2026-10-04T04:09:54+09:00,13872.0,FIO-Fast,1,1,2272771391488,554875828,546316933,1.9845751165069674,active_cumulative,/home/oy/iCAT/result/mixF-fixed37-tenhour-20261004/mixF-fixed37-rep1-x30/control-series.txt
1791054624,2026-10-04T04:10:24+09:00,13902.0,FIO-Fast,1,1,2277688176640,556076215,547400112,1.9843976369318368,active_cumulative,/home/oy/iCAT/result/mixF-fixed37-tenhour-20261004/mixF-fixed37-rep1-x30/control-series.txt
1791054654,2026-10-04T04:10:54+09:00,13932.0,FIO-Fast,1,1,2282604941312,557276597,548515909,1.9842794618558153,active_cumulative,/home/oy/iCAT/result/mixF-fixed37-tenhour-20261004/mixF-fixed37-rep1-x30/control-series.txt
1791054684,2026-10-04T04:11:24+09:00,13962.0,FIO-Fast,1,1,2287521533952,558476937,549754250,1.9843812941553933,active_cumulative,/home/oy/iCAT/result/mixF-fixed37-tenhour-20261004/mixF-fixed37-rep1-x30/control-series.txt
1791054714,2026-10-04T04:11:54+09:00,13992.0,FIO-Fast,1,1,2292438298624,559677319,551056371,1.9845965742985556,active_cumulative,/home/oy/iCAT/result/mixF-fixed37-tenhour-20261004/mixF-fixed37-rep1-x30/control-series.txt
1791054744,2026-10-04T04:12:24+09:00,14022.0,FIO-Fast,1,1,2297355476992,560877802,552305984,1.984717138083493,active_cumulative,/home/oy/iCAT/result/mixF-fixed37-tenhour-20261004/mixF-fixed37-rep1-x30/control-series.txt
1791054774,2026-10-04T04:12:54+09:00,14052.0,FIO-Fast,1,1,2302271946752,562078112,553535461,1.9848016657869787,active_cumulative,/home/oy/iCAT/result/mixF-fixed37-tenhour-20261004/mixF-fixed37-rep1-x30/control-series.txt
1791054804,2026-10-04T04:13:24+09:00,14082.0,FIO-Fast,1,1,2307188592640,563278465,554727015,1.9848184325669187,active_cumulative,/home/oy/iCAT/result/mixF-fixed37-tenhour-20261004/mixF-fixed37-rep1-x30/control-series.txt
1791054834,2026-10-04T04:13:54+09:00,14112.0,FIO-Fast,1,1,2312105734144,564478939,555906548,1.9848136211863168,active_cumulative,/home/oy/iCAT/result/mixF-fixed37-tenhour-20261004/mixF-fixed37-rep1-x30/control-series.txt
1791054864,2026-10-04T04:14:24+09:00,14142.0,FIO-Fast,1,1,2317022515200,565679325,557028984,1.9847080481507788,active_cumulative,/home/oy/iCAT/result/mixF-fixed37-tenhour-20261004/mixF-fixed37-rep1-x30/control-series.txt
1791054894,2026-10-04T04:14:54+09:00,14172.0,FIO-Fast,1,1,2321939402752,566879737,558137113,1.9845776389075627,active_cumulative,/home/oy/iCAT/result/mixF-fixed37-tenhour-20261004/mixF-fixed37-rep1-x30/control-series.txt
1791054924,2026-10-04T04:15:24+09:00,14202.0,FIO-Fast,1,1,2326856245248,568080138,559258957,1.9844719425835655,active_cumulative,/home/oy/iCAT/result/mixF-fixed37-tenhour-20261004/mixF-fixed37-rep1-x30/control-series.txt
1791054954,2026-10-04T04:15:54+09:00,14232.0,FIO-Fast,1,1,2331772899328,569280493,560524303,1.984618847637205,active_cumulative,/home/oy/iCAT/result/mixF-fixed37-tenhour-20261004/mixF-fixed37-rep1-x30/control-series.txt
1791054984,2026-10-04T04:16:24+09:00,14262.0,FIO-Fast,1,1,2336689471488,570480828,561784588,1.9847562975420447,active_cumulative,/home/oy/iCAT/result/mixF-fixed37-tenhour-20261004/mixF-fixed37-rep1-x30/control-series.txt
1791055014,2026-10-04T04:16:54+09:00,14292.0,FIO-Fast,1,1,2341606223872,571681207,563025727,1.98485960375465,active_cumulative,/home/oy/iCAT/result/mixF-fixed37-tenhour-20261004/mixF-fixed37-rep1-x30/control-series.txt
1791055044,2026-10-04T04:17:24+09:00,14322.0,FIO-Fast,1,1,2346522796032,572881542,564232741,1.9849029854063618,active_cumulative,/home/oy/iCAT/result/mixF-fixed37-tenhour-20261004/mixF-fixed37-rep1-x30/control-series.txt
1791055074,2026-10-04T04:17:54+09:00,14352.0,FIO-Fast,1,1,2351440015360,574082035,565433656,1.9849352906505775,active_cumulative,/home/oy/iCAT/result/mixF-fixed37-tenhour-20261004/mixF-fixed37-rep1-x30/control-series.txt
1791055104,2026-10-04T04:18:24+09:00,14382.0,FIO-Fast,1,1,2356356608000,575282375,566584098,1.9848799869803069,active_cumulative,/home/oy/iCAT/result/mixF-fixed37-tenhour-20261004/mixF-fixed37-rep1-x30/control-series.txt
1791055134,2026-10-04T04:18:54+09:00,14412.0,FIO-Fast,1,1,2361273094144,576482689,567725867,1.9848099133467647,active_cumulative,/home/oy/iCAT/result/mixF-fixed37-tenhour-20261004/mixF-fixed37-rep1-x30/control-series.txt
1791055164,2026-10-04T04:19:24+09:00,14442.0,FIO-Fast,1,1,2366190407680,577683205,568830244,1.9846750590576716,active_cumulative,/home/oy/iCAT/result/mixF-fixed37-tenhour-20261004/mixF-fixed37-rep1-x30/control-series.txt
1791055194,2026-10-04T04:19:54+09:00,14472.0,FIO-Fast,1,1,2371106873344,578883514,570020508,1.984689482796361,active_cumulative,/home/oy/iCAT/result/mixF-fixed37-tenhour-20261004/mixF-fixed37-rep1-x30/control-series.txt
1791055224,2026-10-04T04:20:24+09:00,14502.0,FIO-Fast,1,1,2376023740416,580083921,571281075,1.9848248750201094,active_cumulative,/home/oy/iCAT/result/mixF-fixed37-tenhour-20261004/mixF-fixed37-rep1-x30/control-series.txt
1791055254,2026-10-04T04:20:54+09:00,14532.0,FIO-Fast,1,1,2380940701696,581284351,572557810,1.984987483346167,active_cumulative,/home/oy/iCAT/result/mixF-fixed37-tenhour-20261004/mixF-fixed37-rep1-x30/control-series.txt
1791055284,2026-10-04T04:21:24+09:00,14562.0,FIO-Fast,1,1,2385857781760,582484810,573769295,1.9850373523045177,active_cumulative,/home/oy/iCAT/result/mixF-fixed37-tenhour-20261004/mixF-fixed37-rep1-x30/control-series.txt
1791055314,2026-10-04T04:21:54+09:00,14592.0,FIO-Fast,1,1,2390774554624,583685194,574973533,1.9850747267712945,active_cumulative,/home/oy/iCAT/result/mixF-fixed37-tenhour-20261004/mixF-fixed37-rep1-x30/control-series.txt
1791055344,2026-10-04T04:22:24+09:00,14622.0,FIO-Fast,1,1,2395691175936,584885541,576106937,1.9849909026901384,active_cumulative,/home/oy/iCAT/result/mixF-fixed37-tenhour-20261004/mixF-fixed37-rep1-x30/control-series.txt
1791055374,2026-10-04T04:22:54+09:00,14652.0,FIO-Fast,1,1,2400607764480,586085880,577258342,1.9849381493374316,active_cumulative,/home/oy/iCAT/result/mixF-fixed37-tenhour-20261004/mixF-fixed37-rep1-x30/control-series.txt
1791055404,2026-10-04T04:23:24+09:00,14682.0,FIO-Fast,1,1,2405524402176,587286231,578363397,1.9848066691691262,active_cumulative,/home/oy/iCAT/result/mixF-fixed37-tenhour-20261004/mixF-fixed37-rep1-x30/control-series.txt
1791055434,2026-10-04T04:23:54+09:00,14712.0,FIO-Fast,1,1,2410441056256,588486586,579490750,1.9847136090881092,active_cumulative,/home/oy/iCAT/result/mixF-fixed37-tenhour-20261004/mixF-fixed37-rep1-x30/control-series.txt
1791055464,2026-10-04T04:24:24+09:00,14742.0,FIO-Fast,1,1,2415357669376,589686931,580693375,1.9847485919609094,active_cumulative,/home/oy/iCAT/result/mixF-fixed37-tenhour-20261004/mixF-fixed37-rep1-x30/control-series.txt
1791055494,2026-10-04T04:24:54+09:00,14772.0,FIO-Fast,1,1,2420274880512,590887422,581999714,1.9849587118136354,active_cumulative,/home/oy/iCAT/result/mixF-fixed37-tenhour-20261004/mixF-fixed37-rep1-x30/control-series.txt
1791055524,2026-10-04T04:25:24+09:00,14802.0,FIO-Fast,1,1,2425191542784,592087779,583256205,1.9850840123487838,active_cumulative,/home/oy/iCAT/result/mixF-fixed37-tenhour-20261004/mixF-fixed37-rep1-x30/control-series.txt
1791055554,2026-10-04T04:25:54+09:00,14832.0,FIO-Fast,1,1,2430108139520,593288120,584494741,1.9851785688882493,active_cumulative,/home/oy/iCAT/result/mixF-fixed37-tenhour-20261004/mixF-fixed37-rep1-x30/control-series.txt
1791055584,2026-10-04T04:26:24+09:00,14862.0,FIO-Fast,1,1,2435024924672,594488507,585675090,1.9851747899308,active_cumulative,/home/oy/iCAT/result/mixF-fixed37-tenhour-20261004/mixF-fixed37-rep1-x30/control-series.txt
1791055614,2026-10-04T04:26:54+09:00,14892.0,FIO-Fast,1,1,2439941558272,595688857,586846821,1.9851566201111597,active_cumulative,/home/oy/iCAT/result/mixF-fixed37-tenhour-20261004/mixF-fixed37-rep1-x30/control-series.txt
1791055644,2026-10-04T04:27:24+09:00,14922.0,FIO-Fast,1,1,2444858400768,596889258,587961203,1.9850423593986006,active_cumulative,/home/oy/iCAT/result/mixF-fixed37-tenhour-20261004/mixF-fixed37-rep1-x30/control-series.txt
1791055674,2026-10-04T04:27:54+09:00,14952.0,FIO-Fast,1,1,2449775280128,598089668,589074820,1.9849272634483965,active_cumulative,/home/oy/iCAT/result/mixF-fixed37-tenhour-20261004/mixF-fixed37-rep1-x30/control-series.txt
1791055704,2026-10-04T04:28:24+09:00,14982.0,FIO-Fast,1,1,2454692413440,599290140,590168207,1.9847787700962343,active_cumulative,/home/oy/iCAT/result/mixF-fixed37-tenhour-20261004/mixF-fixed37-rep1-x30/control-series.txt
1791055734,2026-10-04T04:28:54+09:00,15012.0,FIO-Fast,1,1,2459609214976,600490531,591432989,1.984916428265877,active_cumulative,/home/oy/iCAT/result/mixF-fixed37-tenhour-20261004/mixF-fixed37-rep1-x30/control-series.txt
1791055764,2026-10-04T04:29:24+09:00,15042.0,FIO-Fast,1,1,2464525787136,601690866,592700080,1.9850574663701144,active_cumulative,/home/oy/iCAT/result/mixF-fixed37-tenhour-20261004/mixF-fixed37-rep1-x30/control-series.txt
1791055794,2026-10-04T04:29:54+09:00,15072.0,FIO-Fast,1,1,2469442830336,602891316,593965483,1.9851949551053079,active_cumulative,/home/oy/iCAT/result/mixF-fixed37-tenhour-20261004/mixF-fixed37-rep1-x30/control-series.txt
1791055824,2026-10-04T04:30:24+09:00,15102.0,FIO-Fast,1,1,2474359394304,604091649,595165840,1.9852244125294969,active_cumulative,/home/oy/iCAT/result/mixF-fixed37-tenhour-20261004/mixF-fixed37-rep1-x30/control-series.txt
1791055854,2026-10-04T04:30:54+09:00,15132.0,FIO-Fast,1,1,2479276531712,605292122,596365883,1.9852530064813894,active_cumulative,/home/oy/iCAT/result/mixF-fixed37-tenhour-20261004/mixF-fixed37-rep1-x30/control-series.txt
1791055884,2026-10-04T04:31:24+09:00,15162.0,FIO-Fast,1,1,2484193198080,606492480,597526630,1.9852168818317417,active_cumulative,/home/oy/iCAT/result/mixF-fixed37-tenhour-20261004/mixF-fixed37-rep1-x30/control-series.txt
1791055914,2026-10-04T04:31:54+09:00,15192.0,FIO-Fast,1,1,2489109741568,607692808,598675883,1.9851620343678644,active_cumulative,/home/oy/iCAT/result/mixF-fixed37-tenhour-20261004/mixF-fixed37-rep1-x30/control-series.txt
1791055944,2026-10-04T04:32:24+09:00,15222.0,FIO-Fast,1,1,2494026326016,608893146,599766185,1.985010570311133,active_cumulative,/home/oy/iCAT/result/mixF-fixed37-tenhour-20261004/mixF-fixed37-rep1-x30/control-series.txt
1791055974,2026-10-04T04:32:54+09:00,15252.0,FIO-Fast,1,1,2498943438848,610093613,600916462,1.9849577985993438,active_cumulative,/home/oy/iCAT/result/mixF-fixed37-tenhour-20261004/mixF-fixed37-rep1-x30/control-series.txt
1791056004,2026-10-04T04:33:24+09:00,15282.0,FIO-Fast,1,1,2503860465664,611294059,602153794,1.9850476789927383,active_cumulative,/home/oy/iCAT/result/mixF-fixed37-tenhour-20261004/mixF-fixed37-rep1-x30/control-series.txt
1791056034,2026-10-04T04:33:54+09:00,15312.0,FIO-Fast,1,1,2508777517056,612494511,603439860,1.9852167638445988,active_cumulative,/home/oy/iCAT/result/mixF-fixed37-tenhour-20261004/mixF-fixed37-rep1-x30/control-series.txt
1791056064,2026-10-04T04:34:24+09:00,15342.0,FIO-Fast,1,1,2513694175232,613694867,604648269,1.9852588012602688,active_cumulative,/home/oy/iCAT/result/mixF-fixed37-tenhour-20261004/mixF-fixed37-rep1-x30/control-series.txt
1791056094,2026-10-04T04:34:54+09:00,15372.0,FIO-Fast,1,1,2518610681856,614895186,605869006,1.9853207827845964,active_cumulative,/home/oy/iCAT/result/mixF-fixed37-tenhour-20261004/mixF-fixed37-rep1-x30/control-series.txt
1791056124,2026-10-04T04:35:24+09:00,15402.0,FIO-Fast,1,1,2523527323648,616095538,607038500,1.9852992962270082,active_cumulative,/home/oy/iCAT/result/mixF-fixed37-tenhour-20261004/mixF-fixed37-rep1-x30/control-series.txt
1791056154,2026-10-04T04:35:54+09:00,15432.0,FIO-Fast,1,1,2528444317696,617295976,608208239,1.9852781528580707,active_cumulative,/home/oy/iCAT/result/mixF-fixed37-tenhour-20261004/mixF-fixed37-rep1-x30/control-series.txt
1791056184,2026-10-04T04:36:24+09:00,15462.0,FIO-Fast,1,1,2533360979968,618496333,609326660,1.9851742483976862,active_cumulative,/home/oy/iCAT/result/mixF-fixed37-tenhour-20261004/mixF-fixed37-rep1-x30/control-series.txt
1791056214,2026-10-04T04:36:54+09:00,15492.0,FIO-Fast,1,1,2538277404672,619696632,610456772,1.985089704344238,active_cumulative,/home/oy/iCAT/result/mixF-fixed37-tenhour-20261004/mixF-fixed37-rep1-x30/control-series.txt
1791056244,2026-10-04T04:37:24+09:00,15522.0,FIO-Fast,1,1,2543194656768,620897133,611635973,1.9850842281148044,active_cumulative,/home/oy/iCAT/result/mixF-fixed37-tenhour-20261004/mixF-fixed37-rep1-x30/control-series.txt
1791056274,2026-10-04T04:37:54+09:00,15552.0,FIO-Fast,1,1,2548111663104,622097574,612930100,1.9852636075381962,active_cumulative,/home/oy/iCAT/result/mixF-fixed37-tenhour-20261004/mixF-fixed37-rep1-x30/control-series.txt
1791056304,2026-10-04T04:38:24+09:00,15582.0,FIO-Fast,1,1,2553028444160,623297960,614181937,1.9853745341954914,active_cumulative,/home/oy/iCAT/result/mixF-fixed37-tenhour-20261004/mixF-fixed37-rep1-x30/control-series.txt
1791056334,2026-10-04T04:38:54+09:00,15612.0,FIO-Fast,1,1,2557945217024,624498344,615423928,1.9854692713164344,active_cumulative,/home/oy/iCAT/result/mixF-fixed37-tenhour-20261004/mixF-fixed37-rep1-x30/control-series.txt
1791056364,2026-10-04T04:39:24+09:00,15642.0,FIO-Fast,1,1,2562861961216,625698721,616592091,1.9854456630733628,active_cumulative,/home/oy/iCAT/result/mixF-fixed37-tenhour-20261004/mixF-fixed37-rep1-x30/control-series.txt
1791056394,2026-10-04T04:39:54+09:00,15672.0,FIO-Fast,1,1,2567779184640,626899215,617765074,1.9854296499637507,active_cumulative,/home/oy/iCAT/result/mixF-fixed37-tenhour-20261004/mixF-fixed37-rep1-x30/control-series.txt
1791056424,2026-10-04T04:40:24+09:00,15702.0,FIO-Fast,1,1,2572695613440,628099515,618874146,1.9853122494450581,active_cumulative,/home/oy/iCAT/result/mixF-fixed37-tenhour-20261004/mixF-fixed37-rep1-x30/control-series.txt
1791056454,2026-10-04T04:40:54+09:00,15732.0,FIO-Fast,1,1,2577612685312,629299972,620010407,1.985238256136455,active_cumulative,/home/oy/iCAT/result/mixF-fixed37-tenhour-20261004/mixF-fixed37-rep1-x30/control-series.txt
1791056484,2026-10-04T04:41:24+09:00,15762.0,FIO-Fast,1,1,2582529351680,630500330,621124599,1.985129696918636,active_cumulative,/home/oy/iCAT/result/mixF-fixed37-tenhour-20261004/mixF-fixed37-rep1-x30/control-series.txt
1791056514,2026-10-04T04:41:54+09:00,15792.0,FIO-Fast,1,1,2587446067200,631700700,622357393,1.9852092818640221,active_cumulative,/home/oy/iCAT/result/mixF-fixed37-tenhour-20261004/mixF-fixed37-rep1-x30/control-series.txt
1791056544,2026-10-04T04:42:24+09:00,15822.0,FIO-Fast,1,1,2592362864640,632901090,623634415,1.9853584151672106,active_cumulative,/home/oy/iCAT/result/mixF-fixed37-tenhour-20261004/mixF-fixed37-rep1-x30/control-series.txt
1791056574,2026-10-04T04:42:54+09:00,15852.0,FIO-Fast,1,1,2597279928320,634101545,624902887,1.985493399168425,active_cumulative,/home/oy/iCAT/result/mixF-fixed37-tenhour-20261004/mixF-fixed37-rep1-x30/control-series.txt
1791056604,2026-10-04T04:43:24+09:00,15882.0,FIO-Fast,1,1,2602196676608,635301923,626131366,1.985565041332324,active_cumulative,/home/oy/iCAT/result/mixF-fixed37-tenhour-20261004/mixF-fixed37-rep1-x30/control-series.txt
1791056634,2026-10-04T04:43:54+09:00,15912.0,FIO-Fast,1,1,2607113273344,636502264,627332179,1.98559300489778,active_cumulative,/home/oy/iCAT/result/mixF-fixed37-tenhour-20261004/mixF-fixed37-rep1-x30/control-series.txt
1791056664,2026-10-04T04:44:24+09:00,15942.0,FIO-Fast,1,1,2612029845504,637702599,628486792,1.9855484249014328,active_cumulative,/home/oy/iCAT/result/mixF-fixed37-tenhour-20261004/mixF-fixed37-rep1-x30/control-series.txt
1791056694,2026-10-04T04:44:54+09:00,15972.0,FIO-Fast,1,1,2616946348032,638902917,629616193,1.985464577241866,active_cumulative,/home/oy/iCAT/result/mixF-fixed37-tenhour-20261004/mixF-fixed37-rep1-x30/control-series.txt
1791056724,2026-10-04T04:45:24+09:00,16002.0,FIO-Fast,1,1,2621862809600,640103225,630699300,1.9853087367275801,active_cumulative,/home/oy/iCAT/result/mixF-fixed37-tenhour-20261004/mixF-fixed37-rep1-x30/control-series.txt
1791056754,2026-10-04T04:45:54+09:00,16032.0,FIO-Fast,1,1,2626779869184,641303679,631822234,1.985215358479177,active_cumulative,/home/oy/iCAT/result/mixF-fixed37-tenhour-20261004/mixF-fixed37-rep1-x30/control-series.txt
1791056784,2026-10-04T04:46:24+09:00,16062.0,FIO-Fast,1,1,2631696535552,642504037,633052380,1.98528934223646,active_cumulative,/home/oy/iCAT/result/mixF-fixed37-tenhour-20261004/mixF-fixed37-rep1-x30/control-series.txt
1791056814,2026-10-04T04:46:54+09:00,16092.0,FIO-Fast,1,1,2636613079040,643704365,634357953,1.9854802724539549,active_cumulative,/home/oy/iCAT/result/mixF-fixed37-tenhour-20261004/mixF-fixed37-rep1-x30/control-series.txt
1791056844,2026-10-04T04:47:24+09:00,16122.0,FIO-Fast,1,1,2641529724928,644904718,635600500,1.985572724558669,active_cumulative,/home/oy/iCAT/result/mixF-fixed37-tenhour-20261004/mixF-fixed37-rep1-x30/control-series.txt
1791056874,2026-10-04T04:47:54+09:00,16152.0,FIO-Fast,1,1,2646446460928,646105093,636813278,1.9856187250330186,active_cumulative,/home/oy/iCAT/result/mixF-fixed37-tenhour-20261004/mixF-fixed37-rep1-x30/control-series.txt
1791056904,2026-10-04T04:48:24+09:00,16182.0,FIO-Fast,1,1,2651363024896,647305426,638001631,1.98562688550675,active_cumulative,/home/oy/iCAT/result/mixF-fixed37-tenhour-20261004/mixF-fixed37-rep1-x30/control-series.txt
1791056934,2026-10-04T04:48:54+09:00,16212.0,FIO-Fast,1,1,2656279887872,648505832,639167148,1.9855996915691576,active_cumulative,/home/oy/iCAT/result/mixF-fixed37-tenhour-20261004/mixF-fixed37-rep1-x30/control-series.txt
1791056965,2026-10-04T04:49:25+09:00,16243.0,FIO-Fast,1,1,2661196627968,649706208,640307157,1.9855333828055404,active_cumulative,/home/oy/iCAT/result/mixF-fixed37-tenhour-20261004/mixF-fixed37-rep1-x30/control-series.txt
1791056995,2026-10-04T04:49:55+09:00,16273.0,FIO-Fast,1,1,2666113314816,650906571,641411999,1.985413310568653,active_cumulative,/home/oy/iCAT/result/mixF-fixed37-tenhour-20261004/mixF-fixed37-rep1-x30/control-series.txt
1791057025,2026-10-04T04:50:25+09:00,16303.0,FIO-Fast,1,1,2671029866496,652106901,642557045,1.9853553827058794,active_cumulative,/home/oy/iCAT/result/mixF-fixed37-tenhour-20261004/mixF-fixed37-rep1-x30/control-series.txt
1791057055,2026-10-04T04:50:55+09:00,16333.0,FIO-Fast,1,1,2675946369024,653307219,643821154,1.9854799323746644,active_cumulative,/home/oy/iCAT/result/mixF-fixed37-tenhour-20261004/mixF-fixed37-rep1-x30/control-series.txt
1791057085,2026-10-04T04:51:25+09:00,16363.0,FIO-Fast,1,1,2680863100928,654507593,645087046,1.9856066650704234,active_cumulative,/home/oy/iCAT/result/mixF-fixed37-tenhour-20261004/mixF-fixed37-rep1-x30/control-series.txt
1791057115,2026-10-04T04:51:55+09:00,16393.0,FIO-Fast,1,1,2685779898368,655707983,646320040,1.9856827379818556,active_cumulative,/home/oy/iCAT/result/mixF-fixed37-tenhour-20261004/mixF-fixed37-rep1-x30/control-series.txt
1791057145,2026-10-04T04:52:25+09:00,16423.0,FIO-Fast,1,1,2690696642560,656908360,647505947,1.9856868726712507,active_cumulative,/home/oy/iCAT/result/mixF-fixed37-tenhour-20261004/mixF-fixed37-rep1-x30/control-series.txt
1791057175,2026-10-04T04:52:55+09:00,16453.0,FIO-Fast,1,1,2695613472768,658108758,648690637,1.9856891115860216,active_cumulative,/home/oy/iCAT/result/mixF-fixed37-tenhour-20261004/mixF-fixed37-rep1-x30/control-series.txt
1791057205,2026-10-04T04:53:25+09:00,16483.0,FIO-Fast,1,1,2700529958912,659309072,649843817,1.9856436754748614,active_cumulative,/home/oy/iCAT/result/mixF-fixed37-tenhour-20261004/mixF-fixed37-rep1-x30/control-series.txt
1791057235,2026-10-04T04:53:55+09:00,16513.0,FIO-Fast,1,1,2705446699008,660509448,650961297,1.9855442627975854,active_cumulative,/home/oy/iCAT/result/mixF-fixed37-tenhour-20261004/mixF-fixed37-rep1-x30/control-series.txt
1791057265,2026-10-04T04:54:25+09:00,16543.0,FIO-Fast,1,1,2710363217920,661709770,652076318,1.9854415750881236,active_cumulative,/home/oy/iCAT/result/mixF-fixed37-tenhour-20261004/mixF-fixed37-rep1-x30/control-series.txt
1791057295,2026-10-04T04:54:55+09:00,16573.0,FIO-Fast,1,1,2715280203776,662910206,653269790,1.985457433129337,active_cumulative,/home/oy/iCAT/result/mixF-fixed37-tenhour-20261004/mixF-fixed37-rep1-x30/control-series.txt
1791057325,2026-10-04T04:55:25+09:00,16603.0,FIO-Fast,1,1,2720197181440,664110640,654554678,1.9856108885712176,active_cumulative,/home/oy/iCAT/result/mixF-fixed37-tenhour-20261004/mixF-fixed37-rep1-x30/control-series.txt
1791057355,2026-10-04T04:55:55+09:00,16633.0,FIO-Fast,1,1,2725114130432,665311067,655821305,1.9857363533079482,active_cumulative,/home/oy/iCAT/result/mixF-fixed37-tenhour-20261004/mixF-fixed37-rep1-x30/control-series.txt
1791057385,2026-10-04T04:56:25+09:00,16663.0,FIO-Fast,1,1,2730030620672,666511382,657043259,1.9857945066570521,active_cumulative,/home/oy/iCAT/result/mixF-fixed37-tenhour-20261004/mixF-fixed37-rep1-x30/control-series.txt
1791057415,2026-10-04T04:56:55+09:00,16693.0,FIO-Fast,1,1,2734947434496,667711776,658226529,1.985794399109115,active_cumulative,/home/oy/iCAT/result/mixF-fixed37-tenhour-20261004/mixF-fixed37-rep1-x30/control-series.txt
1791057445,2026-10-04T04:57:25+09:00,16723.0,FIO-Fast,1,1,2739863937024,668912094,659392560,1.985768632253194,active_cumulative,/home/oy/iCAT/result/mixF-fixed37-tenhour-20261004/mixF-fixed37-rep1-x30/control-series.txt
1791057475,2026-10-04T04:57:55+09:00,16753.0,FIO-Fast,1,1,2744780652544,670112464,660514022,1.9856763714814294,active_cumulative,/home/oy/iCAT/result/mixF-fixed37-tenhour-20261004/mixF-fixed37-rep1-x30/control-series.txt
1791057505,2026-10-04T04:58:25+09:00,16783.0,FIO-Fast,1,1,2749697511424,671312869,661625151,1.9855689970394415,active_cumulative,/home/oy/iCAT/result/mixF-fixed37-tenhour-20261004/mixF-fixed37-rep1-x30/control-series.txt
1791057535,2026-10-04T04:58:55+09:00,16813.0,FIO-Fast,1,1,2754614067200,672513200,662739229,1.9854664993936177,active_cumulative,/home/oy/iCAT/result/mixF-fixed37-tenhour-20261004/mixF-fixed37-rep1-x30/control-series.txt
1791057565,2026-10-04T04:59:25+09:00,16843.0,FIO-Fast,1,1,2759530549248,673713513,663981224,1.9855542618454205,active_cumulative,/home/oy/iCAT/result/mixF-fixed37-tenhour-20261004/mixF-fixed37-rep1-x30/control-series.txt
1791057595,2026-10-04T04:59:55+09:00,16873.0,FIO-Fast,1,1,2764447199232,674913867,665260668,1.9856971393358553,active_cumulative,/home/oy/iCAT/result/mixF-fixed37-tenhour-20261004/mixF-fixed37-rep1-x30/control-series.txt
1791057625,2026-10-04T05:00:25+09:00,16903.0,FIO-Fast,1,1,2769363636224,676114169,666532398,1.9858281760103154,active_cumulative,/home/oy/iCAT/result/mixF-fixed37-tenhour-20261004/mixF-fixed37-rep1-x30/control-series.txt
1791057655,2026-10-04T05:00:55+09:00,16933.0,FIO-Fast,1,1,2774280499200,677314575,667754397,1.9858851730748597,active_cumulative,/home/oy/iCAT/result/mixF-fixed37-tenhour-20261004/mixF-fixed37-rep1-x30/control-series.txt
1791057685,2026-10-04T05:01:25+09:00,16963.0,FIO-Fast,1,1,2779197034496,678514901,668961970,1.9859208235723034,active_cumulative,/home/oy/iCAT/result/mixF-fixed37-tenhour-20261004/mixF-fixed37-rep1-x30/control-series.txt
1791057715,2026-10-04T05:01:55+09:00,16993.0,FIO-Fast,1,1,2784114184192,679715377,670116390,1.985877931668449,active_cumulative,/home/oy/iCAT/result/mixF-fixed37-tenhour-20261004/mixF-fixed37-rep1-x30/control-series.txt
1791057745,2026-10-04T05:02:25+09:00,17023.0,FIO-Fast,1,1,2789031038976,680915781,671247675,1.985801318944611,active_cumulative,/home/oy/iCAT/result/mixF-fixed37-tenhour-20261004/mixF-fixed37-rep1-x30/control-series.txt
1791057775,2026-10-04T05:02:55+09:00,17053.0,FIO-Fast,1,1,2793947561984,682116104,672344935,1.9856752113860077,active_cumulative,/home/oy/iCAT/result/mixF-fixed37-tenhour-20261004/mixF-fixed37-rep1-x30/control-series.txt
1791057805,2026-10-04T05:03:25+09:00,17083.0,FIO-Fast,1,1,2798864138240,683316440,673478833,1.985603146032898,active_cumulative,/home/oy/iCAT/result/mixF-fixed37-tenhour-20261004/mixF-fixed37-rep1-x30/control-series.txt
1791057835,2026-10-04T05:03:55+09:00,17113.0,FIO-Fast,1,1,2803780743168,684516783,674719810,1.9856877534001969,active_cumulative,/home/oy/iCAT/result/mixF-fixed37-tenhour-20261004/mixF-fixed37-rep1-x30/control-series.txt
1791057865,2026-10-04T05:04:25+09:00,17143.0,FIO-Fast,1,1,2808697409536,685717141,676009299,1.9858427893667019,active_cumulative,/home/oy/iCAT/result/mixF-fixed37-tenhour-20261004/mixF-fixed37-rep1-x30/control-series.txt
1791057895,2026-10-04T05:04:55+09:00,17173.0,FIO-Fast,1,1,2813614276608,686917548,677247467,1.9859225011383752,active_cumulative,/home/oy/iCAT/result/mixF-fixed37-tenhour-20261004/mixF-fixed37-rep1-x30/control-series.txt
1791057925,2026-10-04T05:05:25+09:00,17203.0,FIO-Fast,1,1,2818530897920,688117895,678472250,1.9859825691642565,active_cumulative,/home/oy/iCAT/result/mixF-fixed37-tenhour-20261004/mixF-fixed37-rep1-x30/control-series.txt
1791057955,2026-10-04T05:05:55+09:00,17233.0,FIO-Fast,1,1,2823447965696,689318351,679651649,1.9859764331154444,active_cumulative,/home/oy/iCAT/result/mixF-fixed37-tenhour-20261004/mixF-fixed37-rep1-x30/control-series.txt
1791057985,2026-10-04T05:06:25+09:00,17263.0,FIO-Fast,1,1,2828364853248,690518763,680831994,1.9859717512122115,active_cumulative,/home/oy/iCAT/result/mixF-fixed37-tenhour-20261004/mixF-fixed37-rep1-x30/control-series.txt
1791058015,2026-10-04T05:06:55+09:00,17293.0,FIO-Fast,1,1,2833281495040,691719115,681963913,1.9858971628968212,active_cumulative,/home/oy/iCAT/result/mixF-fixed37-tenhour-20261004/mixF-fixed37-rep1-x30/control-series.txt
1791058045,2026-10-04T05:07:25+09:00,17323.0,FIO-Fast,1,1,2838198321152,692919512,683085944,1.9858084989241869,active_cumulative,/home/oy/iCAT/result/mixF-fixed37-tenhour-20261004/mixF-fixed37-rep1-x30/control-series.txt
1791058075,2026-10-04T05:07:55+09:00,17353.0,FIO-Fast,1,1,2843115208704,694119924,684238931,1.985764717798246,active_cumulative,/home/oy/iCAT/result/mixF-fixed37-tenhour-20261004/mixF-fixed37-rep1-x30/control-series.txt
1791058105,2026-10-04T05:08:25+09:00,17383.0,FIO-Fast,1,1,2848031739904,695320249,685515914,1.9858995405151791,active_cumulative,/home/oy/iCAT/result/mixF-fixed37-tenhour-20261004/mixF-fixed37-rep1-x30/control-series.txt
1791058135,2026-10-04T05:08:55+09:00,17413.0,FIO-Fast,1,1,2852948365312,696520597,686772531,1.9860046263642652,active_cumulative,/home/oy/iCAT/result/mixF-fixed37-tenhour-20261004/mixF-fixed37-rep1-x30/control-series.txt
1791058165,2026-10-04T05:09:25+09:00,17443.0,FIO-Fast,1,1,2857864880128,697720918,688023026,1.9861006145153297,active_cumulative,/home/oy/iCAT/result/mixF-fixed37-tenhour-20261004/mixF-fixed37-rep1-x30/control-series.txt
1791058195,2026-10-04T05:09:55+09:00,17473.0,FIO-Fast,1,1,2862782009344,698921389,689199339,1.986089923483512,active_cumulative,/home/oy/iCAT/result/mixF-fixed37-tenhour-20261004/mixF-fixed37-rep1-x30/control-series.txt
1791058225,2026-10-04T05:10:25+09:00,17503.0,FIO-Fast,1,1,2867698708480,700121755,690382087,1.9860886082592877,active_cumulative,/home/oy/iCAT/result/mixF-fixed37-tenhour-20261004/mixF-fixed37-rep1-x30/control-series.txt
1791058255,2026-10-04T05:10:55+09:00,17533.0,FIO-Fast,1,1,2872615510016,701322146,691526025,1.9860319240510622,active_cumulative,/home/oy/iCAT/result/mixF-fixed37-tenhour-20261004/mixF-fixed37-rep1-x30/control-series.txt
1791058285,2026-10-04T05:11:25+09:00,17563.0,FIO-Fast,1,1,2877532114944,702522489,692659564,1.9859606985478298,active_cumulative,/home/oy/iCAT/result/mixF-fixed37-tenhour-20261004/mixF-fixed37-rep1-x30/control-series.txt
1791058315,2026-10-04T05:11:55+09:00,17593.0,FIO-Fast,1,1,2882448928768,703722883,693762073,1.985845550513383,active_cumulative,/home/oy/iCAT/result/mixF-fixed37-tenhour-20261004/mixF-fixed37-rep1-x30/control-series.txt
1791058345,2026-10-04T05:12:25+09:00,17623.0,FIO-Fast,1,1,2887365521408,704923223,694984281,1.9859006744625294,active_cumulative,/home/oy/iCAT/result/mixF-fixed37-tenhour-20261004/mixF-fixed37-rep1-x30/control-series.txt
1791058375,2026-10-04T05:12:55+09:00,17653.0,FIO-Fast,1,1,2892282232832,706123592,696259605,1.9860307924678433,active_cumulative,/home/oy/iCAT/result/mixF-fixed37-tenhour-20261004/mixF-fixed37-rep1-x30/control-series.txt
1791058405,2026-10-04T05:13:25+09:00,17683.0,FIO-Fast,1,1,2897198825472,707323932,697536093,1.9861621549092447,active_cumulative,/home/oy/iCAT/result/mixF-fixed37-tenhour-20261004/mixF-fixed37-rep1-x30/control-series.txt
1791058435,2026-10-04T05:13:55+09:00,17713.0,FIO-Fast,1,1,2902115647488,708524328,698747076,1.9862005415853554,active_cumulative,/home/oy/iCAT/result/mixF-fixed37-tenhour-20261004/mixF-fixed37-rep1-x30/control-series.txt
1791058465,2026-10-04T05:14:25+09:00,17743.0,FIO-Fast,1,1,2907032256512,709724672,699960087,1.9862417281162237,active_cumulative,/home/oy/iCAT/result/mixF-fixed37-tenhour-20261004/mixF-fixed37-rep1-x30/control-series.txt
1791058495,2026-10-04T05:14:55+09:00,17773.0,FIO-Fast,1,1,2911949402112,710925147,701104204,1.9861856862970133,active_cumulative,/home/oy/iCAT/result/mixF-fixed37-tenhour-20261004/mixF-fixed37-rep1-x30/control-series.txt
1791058525,2026-10-04T05:15:25+09:00,17803.0,FIO-Fast,1,1,2916866101248,712125513,702241925,1.98612100280137,active_cumulative,/home/oy/iCAT/result/mixF-fixed37-tenhour-20261004/mixF-fixed37-rep1-x30/control-series.txt
1791058555,2026-10-04T05:15:55+09:00,17833.0,FIO-Fast,1,1,2921783308288,713326003,703322555,1.98597633065677,active_cumulative,/home/oy/iCAT/result/mixF-fixed37-tenhour-20261004/mixF-fixed37-rep1-x30/control-series.txt
1791058585,2026-10-04T05:16:25+09:00,17863.0,FIO-Fast,1,1,2926700101632,714526392,704463023,1.9859160289771354,active_cumulative,/home/oy/iCAT/result/mixF-fixed37-tenhour-20261004/mixF-fixed37-rep1-x30/control-series.txt
1791058615,2026-10-04T05:16:55+09:00,17893.0,FIO-Fast,1,1,2931616899072,715726782,705689622,1.9859762688047629,active_cumulative,/home/oy/iCAT/result/mixF-fixed37-tenhour-20261004/mixF-fixed37-rep1-x30/control-series.txt
1791058645,2026-10-04T05:17:25+09:00,17923.0,FIO-Fast,1,1,2936533704704,716927174,707000026,1.9861531988742835,active_cumulative,/home/oy/iCAT/result/mixF-fixed37-tenhour-20261004/mixF-fixed37-rep1-x30/control-series.txt
1791058675,2026-10-04T05:17:55+09:00,17953.0,FIO-Fast,1,1,2941450203136,718127491,708238172,1.986229020440049,active_cumulative,/home/oy/iCAT/result/mixF-fixed37-tenhour-20261004/mixF-fixed37-rep1-x30/control-series.txt
1791058705,2026-10-04T05:18:25+09:00,17983.0,FIO-Fast,1,1,2946367262720,719327945,709473678,1.9863007310247067,active_cumulative,/home/oy/iCAT/result/mixF-fixed37-tenhour-20261004/mixF-fixed37-rep1-x30/control-series.txt
1791058735,2026-10-04T05:18:55+09:00,18013.0,Varmail,1,1,2954700288000,721362375,712731226,1.988034933205381,active_cumulative,/home/oy/iCAT/result/mixF-fixed37-tenhour-20261004/mixF-fixed37-rep1-x30/control-series.txt
1791058765,2026-10-04T05:19:25+09:00,18043.0,Varmail,1,1,2965768773632,724064642,721554547,1.9965333274760293,active_cumulative,/home/oy/iCAT/result/mixF-fixed37-tenhour-20261004/mixF-fixed37-rep1-x30/control-series.txt
1791058795,2026-10-04T05:19:55+09:00,18073.0,Varmail,1,1,2976455249920,726673645,730349433,2.005058375276566,active_cumulative,/home/oy/iCAT/result/mixF-fixed37-tenhour-20261004/mixF-fixed37-rep1-x30/control-series.txt
1791058825,2026-10-04T05:20:25+09:00,18103.0,Varmail,1,1,2987351887872,729333957,739035123,2.0133014045306545,active_cumulative,/home/oy/iCAT/result/mixF-fixed37-tenhour-20261004/mixF-fixed37-rep1-x30/control-series.txt
1791058855,2026-10-04T05:20:55+09:00,18133.0,Varmail,1,1,2998459736064,732045834,747625192,2.0212819433926317,active_cumulative,/home/oy/iCAT/result/mixF-fixed37-tenhour-20261004/mixF-fixed37-rep1-x30/control-series.txt
1791058885,2026-10-04T05:21:25+09:00,18163.0,Varmail,1,1,3009678163968,734784708,756155250,2.029084086491359,active_cumulative,/home/oy/iCAT/result/mixF-fixed37-tenhour-20261004/mixF-fixed37-rep1-x30/control-series.txt
1791058915,2026-10-04T05:21:55+09:00,18193.0,Varmail,1,1,3021156831232,737587117,764681293,2.0367335266242184,active_cumulative,/home/oy/iCAT/result/mixF-fixed37-tenhour-20261004/mixF-fixed37-rep1-x30/control-series.txt
1791058945,2026-10-04T05:22:25+09:00,18223.0,Varmail,1,1,3032836997120,740438720,773220340,2.0442732384389624,active_cumulative,/home/oy/iCAT/result/mixF-fixed37-tenhour-20261004/mixF-fixed37-rep1-x30/control-series.txt
1791058975,2026-10-04T05:22:55+09:00,18253.0,Varmail,1,1,3044746117120,743346220,781788999,2.051715846486715,active_cumulative,/home/oy/iCAT/result/mixF-fixed37-tenhour-20261004/mixF-fixed37-rep1-x30/control-series.txt
1791059005,2026-10-04T05:23:25+09:00,18283.0,Varmail,1,1,3056799612928,746288968,790331559,2.059015465708988,active_cumulative,/home/oy/iCAT/result/mixF-fixed37-tenhour-20261004/mixF-fixed37-rep1-x30/control-series.txt
1791059035,2026-10-04T05:23:55+09:00,18313.0,Varmail,1,1,3068984348672,749263757,798874906,2.0662131973373965,active_cumulative,/home/oy/iCAT/result/mixF-fixed37-tenhour-20261004/mixF-fixed37-rep1-x30/control-series.txt
1791059065,2026-10-04T05:24:25+09:00,18343.0,Varmail,1,1,3081204289536,752247141,807349639,2.0732505249893665,active_cumulative,/home/oy/iCAT/result/mixF-fixed37-tenhour-20261004/mixF-fixed37-rep1-x30/control-series.txt
1791059095,2026-10-04T05:24:55+09:00,18373.0,Varmail,1,1,3093617332224,755277669,815831515,2.080174283558753,active_cumulative,/home/oy/iCAT/result/mixF-fixed37-tenhour-20261004/mixF-fixed37-rep1-x30/control-series.txt
1791059125,2026-10-04T05:25:25+09:00,18403.0,Varmail,1,1,3106146570240,758336565,824286948,2.086967167408049,active_cumulative,/home/oy/iCAT/result/mixF-fixed37-tenhour-20261004/mixF-fixed37-rep1-x30/control-series.txt
1791059155,2026-10-04T05:25:55+09:00,18433.0,Varmail,1,1,3118820425728,761430768,832745765,2.0936592005433647,active_cumulative,/home/oy/iCAT/result/mixF-fixed37-tenhour-20261004/mixF-fixed37-rep1-x30/control-series.txt
1791059185,2026-10-04T05:26:25+09:00,18463.0,Varmail,1,1,3131547676672,764538007,841168101,2.100230588013135,active_cumulative,/home/oy/iCAT/result/mixF-fixed37-tenhour-20261004/mixF-fixed37-rep1-x30/control-series.txt
1791059215,2026-10-04T05:26:55+09:00,18493.0,Varmail,1,1,3144438026240,767685065,849570792,2.106665780973608,active_cumulative,/home/oy/iCAT/result/mixF-fixed37-tenhour-20261004/mixF-fixed37-rep1-x30/control-series.txt
1791059245,2026-10-04T05:27:25+09:00,18523.0,Varmail,1,1,3157334351872,770833582,857908626,2.112962182802254,active_cumulative,/home/oy/iCAT/result/mixF-fixed37-tenhour-20261004/mixF-fixed37-rep1-x30/control-series.txt
1791059275,2026-10-04T05:27:55+09:00,18553.0,Varmail,1,1,3170315841536,774002891,866224991,2.1191495549594785,active_cumulative,/home/oy/iCAT/result/mixF-fixed37-tenhour-20261004/mixF-fixed37-rep1-x30/control-series.txt
1791059305,2026-10-04T05:28:25+09:00,18583.0,Varmail,1,1,3183416111104,777201199,874526659,2.125225565947692,active_cumulative,/home/oy/iCAT/result/mixF-fixed37-tenhour-20261004/mixF-fixed37-rep1-x30/control-series.txt
1791059335,2026-10-04T05:28:55+09:00,18613.0,Varmail,1,1,3196552937472,780408432,882775626,2.13117130697532,active_cumulative,/home/oy/iCAT/result/mixF-fixed37-tenhour-20261004/mixF-fixed37-rep1-x30/control-series.txt
1791059365,2026-10-04T05:29:25+09:00,18643.0,Varmail,1,1,3209827762176,783649356,891017694,2.1370106887448266,active_cumulative,/home/oy/iCAT/result/mixF-fixed37-tenhour-20261004/mixF-fixed37-rep1-x30/control-series.txt
1791059395,2026-10-04T05:29:55+09:00,18673.0,Varmail,1,1,3223217192960,786918260,899254957,2.142755229749021,active_cumulative,/home/oy/iCAT/result/mixF-fixed37-tenhour-20261004/mixF-fixed37-rep1-x30/control-series.txt
1791059425,2026-10-04T05:30:25+09:00,18703.0,Varmail,1,1,3236713021440,790213140,907466253,2.148381629037452,active_cumulative,/home/oy/iCAT/result/mixF-fixed37-tenhour-20261004/mixF-fixed37-rep1-x30/control-series.txt
1791059455,2026-10-04T05:30:55+09:00,18733.0,Varmail,1,1,3250252242944,793518614,915628438,2.1538840070612384,active_cumulative,/home/oy/iCAT/result/mixF-fixed37-tenhour-20261004/mixF-fixed37-rep1-x30/control-series.txt
1791059485,2026-10-04T05:31:25+09:00,18763.0,Varmail,1,1,3263815360512,796829922,923776537,2.1593145682599,active_cumulative,/home/oy/iCAT/result/mixF-fixed37-tenhour-20261004/mixF-fixed37-rep1-x30/control-series.txt
1791059515,2026-10-04T05:31:55+09:00,18793.0,Varmail,1,1,3277478936576,800165756,931888808,2.164619706619887,active_cumulative,/home/oy/iCAT/result/mixF-fixed37-tenhour-20261004/mixF-fixed37-rep1-x30/control-series.txt
1791059545,2026-10-04T05:32:25+09:00,18823.0,Varmail,1,1,3291132444672,803499132,939977015,2.169854424932969,active_cumulative,/home/oy/iCAT/result/mixF-fixed37-tenhour-20261004/mixF-fixed37-rep1-x30/control-series.txt
1791059575,2026-10-04T05:32:55+09:00,18853.0,Varmail,1,1,3304877256704,806854799,948059106,2.175005846374101,active_cumulative,/home/oy/iCAT/result/mixF-fixed37-tenhour-20261004/mixF-fixed37-rep1-x30/control-series.txt
1791059605,2026-10-04T05:33:25+09:00,18883.0,Varmail,1,1,3318675550208,810223523,956118732,2.1800678514736234,active_cumulative,/home/oy/iCAT/result/mixF-fixed37-tenhour-20261004/mixF-fixed37-rep1-x30/control-series.txt
1791059635,2026-10-04T05:33:55+09:00,18913.0,Varmail,1,1,3332521070592,813603777,964156901,2.185044770262909,active_cumulative,/home/oy/iCAT/result/mixF-fixed37-tenhour-20261004/mixF-fixed37-rep1-x30/control-series.txt
1791059665,2026-10-04T05:34:25+09:00,18943.0,Varmail,1,1,3346405826560,816993610,972185255,2.189954539546521,active_cumulative,/home/oy/iCAT/result/mixF-fixed37-tenhour-20261004/mixF-fixed37-rep1-x30/control-series.txt
1791059695,2026-10-04T05:34:55+09:00,18973.0,Varmail,1,1,3360331325440,820393390,980175656,2.1947629855964585,active_cumulative,/home/oy/iCAT/result/mixF-fixed37-tenhour-20261004/mixF-fixed37-rep1-x30/control-series.txt
1791059725,2026-10-04T05:35:25+09:00,19003.0,Varmail,1,1,3374288142336,823800816,988132530,2.1994799116586456,active_cumulative,/home/oy/iCAT/result/mixF-fixed37-tenhour-20261004/mixF-fixed37-rep1-x30/control-series.txt
1791059755,2026-10-04T05:35:55+09:00,19033.0,Varmail,1,1,3388260249600,827211975,996054962,2.2041109076062395,active_cumulative,/home/oy/iCAT/result/mixF-fixed37-tenhour-20261004/mixF-fixed37-rep1-x30/control-series.txt
1791059785,2026-10-04T05:36:25+09:00,19063.0,Varmail,1,1,3402269220864,830632134,1003956016,2.2086650334189937,active_cumulative,/home/oy/iCAT/result/mixF-fixed37-tenhour-20261004/mixF-fixed37-rep1-x30/control-series.txt
1791059815,2026-10-04T05:36:55+09:00,19093.0,Varmail,1,1,3416304779264,834058784,1011817466,2.213124884492554,active_cumulative,/home/oy/iCAT/result/mixF-fixed37-tenhour-20261004/mixF-fixed37-rep1-x30/control-series.txt
1791059845,2026-10-04T05:37:25+09:00,19123.0,Varmail,1,1,3430279888896,837470676,1019602191,2.2174780803907215,active_cumulative,/home/oy/iCAT/result/mixF-fixed37-tenhour-20261004/mixF-fixed37-rep1-x30/control-series.txt
1791059875,2026-10-04T05:37:55+09:00,19153.0,Varmail,1,1,3444328632320,840900545,1027354458,2.221731231010202,active_cumulative,/home/oy/iCAT/result/mixF-fixed37-tenhour-20261004/mixF-fixed37-rep1-x30/control-series.txt
1791059905,2026-10-04T05:38:25+09:00,19183.0,Varmail,1,1,3458316046336,844315441,1035047354,2.225901249388616,active_cumulative,/home/oy/iCAT/result/mixF-fixed37-tenhour-20261004/mixF-fixed37-rep1-x30/control-series.txt
1791059935,2026-10-04T05:38:55+09:00,19213.0,Varmail,1,1,3472313925632,847732892,1042709853,2.229998107705841,active_cumulative,/home/oy/iCAT/result/mixF-fixed37-tenhour-20261004/mixF-fixed37-rep1-x30/control-series.txt
1791059965,2026-10-04T05:39:25+09:00,19243.0,Varmail,1,1,3486346473472,851158807,1050328784,2.2339986091455666,active_cumulative,/home/oy/iCAT/result/mixF-fixed37-tenhour-20261004/mixF-fixed37-rep1-x30/control-series.txt
1791059995,2026-10-04T05:39:55+09:00,19273.0,Varmail,1,1,3500381892608,854585423,1057928404,2.2379434232404405,active_cumulative,/home/oy/iCAT/result/mixF-fixed37-tenhour-20261004/mixF-fixed37-rep1-x30/control-series.txt
1791060025,2026-10-04T05:40:25+09:00,19303.0,Varmail,1,1,3514550247424,858044494,1065531713,2.24181405562402,active_cumulative,/home/oy/iCAT/result/mixF-fixed37-tenhour-20261004/mixF-fixed37-rep1-x30/control-series.txt
1791060055,2026-10-04T05:40:55+09:00,19333.0,Varmail,1,1,3528781279232,861518867,1073083861,2.2455720961012915,active_cumulative,/home/oy/iCAT/result/mixF-fixed37-tenhour-20261004/mixF-fixed37-rep1-x30/control-series.txt
1791060085,2026-10-04T05:41:25+09:00,19363.0,Varmail,1,1,3543042396160,865000585,1080639121,2.249292936605355,active_cumulative,/home/oy/iCAT/result/mixF-fixed37-tenhour-20261004/mixF-fixed37-rep1-x30/control-series.txt
1791060115,2026-10-04T05:41:55+09:00,19393.0,Varmail,1,1,3557314760704,868485049,1088193840,2.252979359003335,active_cumulative,/home/oy/iCAT/result/mixF-fixed37-tenhour-20261004/mixF-fixed37-rep1-x30/control-series.txt
1791060145,2026-10-04T05:42:25+09:00,19423.0,Varmail,1,1,3571649748992,871984802,1095696571,2.2565546652727098,active_cumulative,/home/oy/iCAT/result/mixF-fixed37-tenhour-20261004/mixF-fixed37-rep1-x30/control-series.txt
1791060175,2026-10-04T05:42:55+09:00,19453.0,Varmail,1,1,3586013294592,875491527,1103187244,2.2600775792545162,active_cumulative,/home/oy/iCAT/result/mixF-fixed37-tenhour-20261004/mixF-fixed37-rep1-x30/control-series.txt
1791060205,2026-10-04T05:43:25+09:00,19483.0,Varmail,1,1,3600377774080,878998480,1110660681,2.263552447781252,active_cumulative,/home/oy/iCAT/result/mixF-fixed37-tenhour-20261004/mixF-fixed37-rep1-x30/control-series.txt
1791060235,2026-10-04T05:43:55+09:00,19513.0,Varmail,1,1,3614743568384,882505754,1118084125,2.266942589249112,active_cumulative,/home/oy/iCAT/result/mixF-fixed37-tenhour-20261004/mixF-fixed37-rep1-x30/control-series.txt
1791060265,2026-10-04T05:44:25+09:00,19543.0,Varmail,1,1,3629097033728,886010018,1125479230,2.2702782216171284,active_cumulative,/home/oy/iCAT/result/mixF-fixed37-tenhour-20261004/mixF-fixed37-rep1-x30/control-series.txt
1791060295,2026-10-04T05:44:55+09:00,19573.0,Varmail,1,1,3643468177408,889518598,1132877660,2.273585130819266,active_cumulative,/home/oy/iCAT/result/mixF-fixed37-tenhour-20261004/mixF-fixed37-rep1-x30/control-series.txt
1791060325,2026-10-04T05:45:25+09:00,19603.0,Varmail,1,1,3657880870912,893037322,1140255585,2.2768285903732925,active_cumulative,/home/oy/iCAT/result/mixF-fixed37-tenhour-20261004/mixF-fixed37-rep1-x30/control-series.txt
1791060355,2026-10-04T05:45:55+09:00,19633.0,Varmail,1,1,3672277508096,896552126,1147584889,2.279997956303993,active_cumulative,/home/oy/iCAT/result/mixF-fixed37-tenhour-20261004/mixF-fixed37-rep1-x30/control-series.txt
1791060385,2026-10-04T05:46:25+09:00,19663.0,Varmail,1,1,3686768607232,900089992,1154924772,2.283121445927598,active_cumulative,/home/oy/iCAT/result/mixF-fixed37-tenhour-20261004/mixF-fixed37-rep1-x30/control-series.txt
1791060415,2026-10-04T05:46:55+09:00,19693.0,Varmail,1,1,3701196013568,903612308,1162234103,2.286208800732714,active_cumulative,/home/oy/iCAT/result/mixF-fixed37-tenhour-20261004/mixF-fixed37-rep1-x30/control-series.txt
1791060445,2026-10-04T05:47:25+09:00,19723.0,Varmail,1,1,3715600699392,907129077,1169484076,2.2892146284932724,active_cumulative,/home/oy/iCAT/result/mixF-fixed37-tenhour-20261004/mixF-fixed37-rep1-x30/control-series.txt
1791060475,2026-10-04T05:47:55+09:00,19753.0,Varmail,1,1,3730031910912,910652322,1176726164,2.2921793922576743,active_cumulative,/home/oy/iCAT/result/mixF-fixed37-tenhour-20261004/mixF-fixed37-rep1-x30/control-series.txt
1791060505,2026-10-04T05:48:25+09:00,19783.0,Varmail,1,1,3744484065280,914180680,1183943635,2.2950871320098343,active_cumulative,/home/oy/iCAT/result/mixF-fixed37-tenhour-20261004/mixF-fixed37-rep1-x30/control-series.txt
1791060535,2026-10-04T05:48:55+09:00,19813.0,Varmail,1,1,3758999150592,917724402,1191154685,2.297943786178195,active_cumulative,/home/oy/iCAT/result/mixF-fixed37-tenhour-20261004/mixF-fixed37-rep1-x30/control-series.txt
1791060565,2026-10-04T05:49:25+09:00,19843.0,Varmail,1,1,3773522350080,921270105,1198350912,2.3007595769104006,active_cumulative,/home/oy/iCAT/result/mixF-fixed37-tenhour-20261004/mixF-fixed37-rep1-x30/control-series.txt
1791060595,2026-10-04T05:49:55+09:00,19873.0,Varmail,1,1,3788051091456,924817161,1205512735,2.3035146684523946,active_cumulative,/home/oy/iCAT/result/mixF-fixed37-tenhour-20261004/mixF-fixed37-rep1-x30/control-series.txt
1791060625,2026-10-04T05:50:25+09:00,19903.0,Varmail,1,1,3802613370880,928372405,1212648217,2.306208812830881,active_cumulative,/home/oy/iCAT/result/mixF-fixed37-tenhour-20261004/mixF-fixed37-rep1-x30/control-series.txt
1791060655,2026-10-04T05:50:55+09:00,19933.0,Varmail,1,1,3817191698432,931931567,1219778481,2.3088712993450944,active_cumulative,/home/oy/iCAT/result/mixF-fixed37-tenhour-20261004/mixF-fixed37-rep1-x30/control-series.txt
1791060685,2026-10-04T05:51:25+09:00,19963.0,Varmail,1,1,3831762563072,935488907,1226876405,2.311481510704862,active_cumulative,/home/oy/iCAT/result/mixF-fixed37-tenhour-20261004/mixF-fixed37-rep1-x30/control-series.txt
1791060715,2026-10-04T05:51:55+09:00,19993.0,Varmail,1,1,3846378000384,939057129,1233947120,2.314027743247131,active_cumulative,/home/oy/iCAT/result/mixF-fixed37-tenhour-20261004/mixF-fixed37-rep1-x30/control-series.txt
1791060745,2026-10-04T05:52:25+09:00,20023.0,Varmail,1,1,3860998529024,942626594,1240978694,2.316511439311249,active_cumulative,/home/oy/iCAT/result/mixF-fixed37-tenhour-20261004/mixF-fixed37-rep1-x30/control-series.txt
1791060776,2026-10-04T05:52:56+09:00,20054.0,Varmail,1,1,3875608170496,946193401,1247961840,2.3189289194799616,active_cumulative,/home/oy/iCAT/result/mixF-fixed37-tenhour-20261004/mixF-fixed37-rep1-x30/control-series.txt
1791060806,2026-10-04T05:53:26+09:00,20084.0,Varmail,1,1,3890205310976,949757156,1254925471,2.321311940712558,active_cumulative,/home/oy/iCAT/result/mixF-fixed37-tenhour-20261004/mixF-fixed37-rep1-x30/control-series.txt
1791060836,2026-10-04T05:53:56+09:00,20114.0,Varmail,1,1,3904837120000,953329375,1261855893,2.3236305584310775,active_cumulative,/home/oy/iCAT/result/mixF-fixed37-tenhour-20261004/mixF-fixed37-rep1-x30/control-series.txt
1791060866,2026-10-04T05:54:26+09:00,20144.0,Varmail,1,1,3919437115392,956893827,1268761008,2.325916180249327,active_cumulative,/home/oy/iCAT/result/mixF-fixed37-tenhour-20261004/mixF-fixed37-rep1-x30/control-series.txt
1791060896,2026-10-04T05:54:56+09:00,20174.0,Varmail,1,1,3934034489344,960457639,1275650227,2.3281691718628728,active_cumulative,/home/oy/iCAT/result/mixF-fixed37-tenhour-20261004/mixF-fixed37-rep1-x30/control-series.txt
1791060926,2026-10-04T05:55:26+09:00,20204.0,Varmail,1,1,3948683272192,964034002,1282554715,2.3304040234464676,active_cumulative,/home/oy/iCAT/result/mixF-fixed37-tenhour-20261004/mixF-fixed37-rep1-x30/control-series.txt
1791060956,2026-10-04T05:55:56+09:00,20234.0,Varmail,1,1,3963393257472,967625307,1289443943,2.3325860058350045,active_cumulative,/home/oy/iCAT/result/mixF-fixed37-tenhour-20261004/mixF-fixed37-rep1-x30/control-series.txt
1791060986,2026-10-04T05:56:26+09:00,20264.0,Varmail,1,1,3978119303168,971220533,1296318134,2.3347309801985006,active_cumulative,/home/oy/iCAT/result/mixF-fixed37-tenhour-20261004/mixF-fixed37-rep1-x30/control-series.txt
1791061016,2026-10-04T05:56:56+09:00,20294.0,Varmail,1,1,3992870383616,974821871,1303177253,2.3368362895501757,active_cumulative,/home/oy/iCAT/result/mixF-fixed37-tenhour-20261004/mixF-fixed37-rep1-x30/control-series.txt
1791061046,2026-10-04T05:57:26+09:00,20324.0,Varmail,1,1,4007637454848,978427113,1310020071,2.3389040978058016,active_cumulative,/home/oy/iCAT/result/mixF-fixed37-tenhour-20261004/mixF-fixed37-rep1-x30/control-series.txt
1791061076,2026-10-04T05:57:56+09:00,20354.0,Varmail,1,1,4022418255872,982035707,1316849715,2.3409387312634653,active_cumulative,/home/oy/iCAT/result/mixF-fixed37-tenhour-20261004/mixF-fixed37-rep1-x30/control-series.txt
1791061106,2026-10-04T05:58:26+09:00,20384.0,Varmail,1,1,4037147443200,985631700,1323651760,2.3429476344967393,active_cumulative,/home/oy/iCAT/result/mixF-fixed37-tenhour-20261004/mixF-fixed37-rep1-x30/control-series.txt
1791061136,2026-10-04T05:58:56+09:00,20414.0,Varmail,1,1,4051921764352,989238712,1330469806,2.3449431263260143,active_cumulative,/home/oy/iCAT/result/mixF-fixed37-tenhour-20261004/mixF-fixed37-rep1-x30/control-series.txt
1791061166,2026-10-04T05:59:26+09:00,20444.0,Varmail,1,1,4066752425984,992859479,1337266212,2.346883663080785,active_cumulative,/home/oy/iCAT/result/mixF-fixed37-tenhour-20261004/mixF-fixed37-rep1-x30/control-series.txt
1791061196,2026-10-04T05:59:56+09:00,20474.0,Varmail,1,1,4081538621440,996469390,1344063750,2.3488259283107533,active_cumulative,/home/oy/iCAT/result/mixF-fixed37-tenhour-20261004/mixF-fixed37-rep1-x30/control-series.txt
1791061226,2026-10-04T06:00:26+09:00,20504.0,Varmail,1,1,4096339980288,1000083003,1350845206,2.3507330911012394,active_cumulative,/home/oy/iCAT/result/mixF-fixed37-tenhour-20261004/mixF-fixed37-rep1-x30/control-series.txt
1791061256,2026-10-04T06:00:56+09:00,20534.0,Varmail,1,1,4111159566336,1003701066,1357629263,2.352623115576127,active_cumulative,/home/oy/iCAT/result/mixF-fixed37-tenhour-20261004/mixF-fixed37-rep1-x30/control-series.txt
1791061286,2026-10-04T06:01:26+09:00,20564.0,Varmail,1,1,4126000418816,1007324321,1364392107,2.3544715227817874,active_cumulative,/home/oy/iCAT/result/mixF-fixed37-tenhour-20261004/mixF-fixed37-rep1-x30/control-series.txt
1791061316,2026-10-04T06:01:56+09:00,20594.0,Varmail,1,1,4140863098880,1010952905,1371160595,2.3563051139360445,active_cumulative,/home/oy/iCAT/result/mixF-fixed37-tenhour-20261004/mixF-fixed37-rep1-x30/control-series.txt
1791061346,2026-10-04T06:02:26+09:00,20624.0,Varmail,1,1,4155712831488,1014578328,1377909833,2.3581108476032813,active_cumulative,/home/oy/iCAT/result/mixF-fixed37-tenhour-20261004/mixF-fixed37-rep1-x30/control-series.txt
1791061376,2026-10-04T06:02:56+09:00,20654.0,Varmail,1,1,4170583248896,1018208801,1384651224,2.3598892708844303,active_cumulative,/home/oy/iCAT/result/mixF-fixed37-tenhour-20261004/mixF-fixed37-rep1-x30/control-series.txt
1791061406,2026-10-04T06:03:26+09:00,20684.0,Varmail,1,1,4185409843200,1021828575,1391354177,2.361631697371548,active_cumulative,/home/oy/iCAT/result/mixF-fixed37-tenhour-20261004/mixF-fixed37-rep1-x30/control-series.txt
1791061436,2026-10-04T06:03:56+09:00,20714.0,Varmail,1,1,4200266952704,1025455799,1398034615,2.363329961528649,active_cumulative,/home/oy/iCAT/result/mixF-fixed37-tenhour-20261004/mixF-fixed37-rep1-x30/control-series.txt
1791061466,2026-10-04T06:04:26+09:00,20744.0,Varmail,1,1,4215170998272,1029094482,1404720961,2.36500679536245,active_cumulative,/home/oy/iCAT/result/mixF-fixed37-tenhour-20261004/mixF-fixed37-rep1-x30/control-series.txt
1791061496,2026-10-04T06:04:56+09:00,20774.0,Varmail,1,1,4230058074112,1032729022,1411398364,2.3666686361410303,active_cumulative,/home/oy/iCAT/result/mixF-fixed37-tenhour-20261004/mixF-fixed37-rep1-x30/control-series.txt
1791061526,2026-10-04T06:05:26+09:00,20804.0,Varmail,1,1,4244966608896,1036368801,1418064093,2.368300639339682,active_cumulative,/home/oy/iCAT/result/mixF-fixed37-tenhour-20261004/mixF-fixed37-rep1-x30/control-series.txt
1791061556,2026-10-04T06:05:56+09:00,20834.0,Varmail,1,1,4259873157120,1040008095,1424699627,2.369892824728446,active_cumulative,/home/oy/iCAT/result/mixF-fixed37-tenhour-20261004/mixF-fixed37-rep1-x30/control-series.txt
1791061586,2026-10-04T06:06:26+09:00,20864.0,Varmail,1,1,4274751393792,1043640477,1431333258,2.3714811657309838,active_cumulative,/home/oy/iCAT/result/mixF-fixed37-tenhour-20261004/mixF-fixed37-rep1-x30/control-series.txt
1791061616,2026-10-04T06:06:56+09:00,20894.0,Varmail,1,1,4289634865152,1047274137,1437940233,2.373031360364817,active_cumulative,/home/oy/iCAT/result/mixF-fixed37-tenhour-20261004/mixF-fixed37-rep1-x30/control-series.txt
1791061646,2026-10-04T06:07:26+09:00,20924.0,Varmail,1,1,4304516722688,1050907403,1444530010,2.3745549854119736,active_cumulative,/home/oy/iCAT/result/mixF-fixed37-tenhour-20261004/mixF-fixed37-rep1-x30/control-series.txt
1791061676,2026-10-04T06:07:56+09:00,20954.0,Varmail,1,1,4319374151680,1054534705,1451131378,2.376086885637396,active_cumulative,/home/oy/iCAT/result/mixF-fixed37-tenhour-20261004/mixF-fixed37-rep1-x30/control-series.txt
1791061706,2026-10-04T06:08:26+09:00,20984.0,Varmail,1,1,4334297882624,1058178194,1457726484,2.3775812923243818,active_cumulative,/home/oy/iCAT/result/mixF-fixed37-tenhour-20261004/mixF-fixed37-rep1-x30/control-series.txt
1791061736,2026-10-04T06:08:56+09:00,21014.0,Varmail,1,1,4349198811136,1061816116,1464306852,2.3790587936414407,active_cumulative,/home/oy/iCAT/result/mixF-fixed37-tenhour-20261004/mixF-fixed37-rep1-x30/control-series.txt
1791061766,2026-10-04T06:09:26+09:00,21044.0,Varmail,1,1,4364102787072,1065454782,1470880147,2.3805186028063647,active_cumulative,/home/oy/iCAT/result/mixF-fixed37-tenhour-20261004/mixF-fixed37-rep1-x30/control-series.txt
1791061796,2026-10-04T06:09:56+09:00,21074.0,Varmail,1,1,4379050967040,1069104240,1477438702,2.3819407376029114,active_cumulative,/home/oy/iCAT/result/mixF-fixed37-tenhour-20261004/mixF-fixed37-rep1-x30/control-series.txt
1791061826,2026-10-04T06:10:26+09:00,21104.0,Varmail,1,1,4393999974400,1072753900,1483992097,2.383348125791013,active_cumulative,/home/oy/iCAT/result/mixF-fixed37-tenhour-20261004/mixF-fixed37-rep1-x30/control-series.txt
1791061856,2026-10-04T06:10:56+09:00,21134.0,Varmail,1,1,4408995176448,1076414838,1490552973,2.3847384116048387,active_cumulative,/home/oy/iCAT/result/mixF-fixed37-tenhour-20261004/mixF-fixed37-rep1-x30/control-series.txt
1791061886,2026-10-04T06:11:26+09:00,21164.0,Varmail,1,1,4423988719616,1080075371,1497107767,2.38611416128662,active_cumulative,/home/oy/iCAT/result/mixF-fixed37-tenhour-20261004/mixF-fixed37-rep1-x30/control-series.txt
1791061916,2026-10-04T06:11:56+09:00,21194.0,Varmail,1,1,4438952927232,1083728742,1503644716,2.38747332033019,active_cumulative,/home/oy/iCAT/result/mixF-fixed37-tenhour-20261004/mixF-fixed37-rep1-x30/control-series.txt
1791061946,2026-10-04T06:12:26+09:00,21224.0,Varmail,1,1,4453869846528,1087370568,1510167652,2.3888252049875236,active_cumulative,/home/oy/iCAT/result/mixF-fixed37-tenhour-20261004/mixF-fixed37-rep1-x30/control-series.txt
1791061976,2026-10-04T06:12:56+09:00,21254.0,Varmail,1,1,4468804251648,1091016663,1516660548,2.3901350909064893,active_cumulative,/home/oy/iCAT/result/mixF-fixed37-tenhour-20261004/mixF-fixed37-rep1-x30/control-series.txt
1791062006,2026-10-04T06:13:26+09:00,21284.0,Varmail,1,1,4483731628032,1094661042,1523134707,2.391421315421217,active_cumulative,/home/oy/iCAT/result/mixF-fixed37-tenhour-20261004/mixF-fixed37-rep1-x30/control-series.txt
1791062036,2026-10-04T06:13:56+09:00,21314.0,Varmail,1,1,4498674171904,1098309124,1529639276,2.392721996544208,active_cumulative,/home/oy/iCAT/result/mixF-fixed37-tenhour-20261004/mixF-fixed37-rep1-x30/control-series.txt
1791062066,2026-10-04T06:14:26+09:00,21344.0,Varmail,1,1,4513642586112,1101963522,1536127016,2.393990803989608,active_cumulative,/home/oy/iCAT/result/mixF-fixed37-tenhour-20261004/mixF-fixed37-rep1-x30/control-series.txt
1791062096,2026-10-04T06:14:56+09:00,21374.0,Varmail,1,1,4528642187264,1105625534,1542616883,2.395243539120362,active_cumulative,/home/oy/iCAT/result/mixF-fixed37-tenhour-20261004/mixF-fixed37-rep1-x30/control-series.txt
1791062126,2026-10-04T06:15:26+09:00,21404.0,Varmail,1,1,4543608946688,1109279528,1549096295,2.3964886720599425,active_cumulative,/home/oy/iCAT/result/mixF-fixed37-tenhour-20261004/mixF-fixed37-rep1-x30/control-series.txt
1791062156,2026-10-04T06:15:56+09:00,21434.0,Varmail,1,1,4558640369664,1112949309,1555589482,2.3977181794539395,active_cumulative,/home/oy/iCAT/result/mixF-fixed37-tenhour-20261004/mixF-fixed37-rep1-x30/control-series.txt
1791062186,2026-10-04T06:16:26+09:00,21464.0,Varmail,1,1,4573638664192,1116611002,1562069476,2.398937923056574,active_cumulative,/home/oy/iCAT/result/mixF-fixed37-tenhour-20261004/mixF-fixed37-rep1-x30/control-series.txt
1791062216,2026-10-04T06:16:56+09:00,21494.0,Varmail,1,1,4588675411968,1120282083,1568534017,2.400124165870463,active_cumulative,/home/oy/iCAT/result/mixF-fixed37-tenhour-20261004/mixF-fixed37-rep1-x30/control-series.txt
1791062246,2026-10-04T06:17:26+09:00,21524.0,Varmail,1,1,4603725565952,1123956437,1574995990,2.401296294190804,active_cumulative,/home/oy/iCAT/result/mixF-fixed37-tenhour-20261004/mixF-fixed37-rep1-x30/control-series.txt
1791062276,2026-10-04T06:17:56+09:00,21554.0,Varmail,1,1,4618764759040,1127628115,1581469263,2.4024741330611468,active_cumulative,/home/oy/iCAT/result/mixF-fixed37-tenhour-20261004/mixF-fixed37-rep1-x30/control-series.txt
1791062306,2026-10-04T06:18:26+09:00,21584.0,Varmail,1,1,4633766961152,1131290762,1587922781,2.403638069308304,active_cumulative,/home/oy/iCAT/result/mixF-fixed37-tenhour-20261004/mixF-fixed37-rep1-x30/control-series.txt
1791062336,2026-10-04T06:18:56+09:00,21614.0,Varmail,1,1,4648782278656,1134956611,1594370729,2.4047856222408486,active_cumulative,/home/oy/iCAT/result/mixF-fixed37-tenhour-20261004/mixF-fixed37-rep1-x30/control-series.txt
1791062366,2026-10-04T06:19:26+09:00,21644.0,Varmail,1,1,4663861821440,1138638140,1600831564,2.4059177431031777,active_cumulative,/home/oy/iCAT/result/mixF-fixed37-tenhour-20261004/mixF-fixed37-rep1-x30/control-series.txt
1791062396,2026-10-04T06:19:56+09:00,21674.0,Varmail,1,1,4678949949440,1142321765,1607274588,2.407024392991409,active_cumulative,/home/oy/iCAT/result/mixF-fixed37-tenhour-20261004/mixF-fixed37-rep1-x30/control-series.txt
1791062426,2026-10-04T06:20:26+09:00,21704.0,Varmail,1,1,4694038437888,1146005478,1613698787,2.4081073938810613,active_cumulative,/home/oy/iCAT/result/mixF-fixed37-tenhour-20261004/mixF-fixed37-rep1-x30/control-series.txt
1791062456,2026-10-04T06:20:56+09:00,21734.0,Varmail,1,1,4709099741184,1149682554,1620112246,2.4091822480590586,active_cumulative,/home/oy/iCAT/result/mixF-fixed37-tenhour-20261004/mixF-fixed37-rep1-x30/control-series.txt
1791062486,2026-10-04T06:21:26+09:00,21764.0,Varmail,1,1,4724177678336,1153363691,1626519065,2.4102395260854452,active_cumulative,/home/oy/iCAT/result/mixF-fixed37-tenhour-20261004/mixF-fixed37-rep1-x30/control-series.txt
1791062516,2026-10-04T06:21:56+09:00,21794.0,Varmail,1,1,4739264176128,1157046918,1632927789,2.4112891738414364,active_cumulative,/home/oy/iCAT/result/mixF-fixed37-tenhour-20261004/mixF-fixed37-rep1-x30/control-series.txt
1791062546,2026-10-04T06:22:26+09:00,21824.0,Varmail,1,1,4754400460800,1160742300,1639363651,2.4123407503973966,active_cumulative,/home/oy/iCAT/result/mixF-fixed37-tenhour-20261004/mixF-fixed37-rep1-x30/control-series.txt
1791062576,2026-10-04T06:22:56+09:00,21854.0,Varmail,1,1,4769519624192,1164433502,1645764150,2.413360356923156,active_cumulative,/home/oy/iCAT/result/mixF-fixed37-tenhour-20261004/mixF-fixed37-rep1-x30/control-series.txt
1791062606,2026-10-04T06:23:26+09:00,21884.0,Varmail,1,1,4784634925056,1168123761,1652162366,2.4143727070371614,active_cumulative,/home/oy/iCAT/result/mixF-fixed37-tenhour-20261004/mixF-fixed37-rep1-x30/control-series.txt
1791062636,2026-10-04T06:23:56+09:00,21914.0,Varmail,1,1,4799761354752,1171816737,1658548407,2.415365009417851,active_cumulative,/home/oy/iCAT/result/mixF-fixed37-tenhour-20261004/mixF-fixed37-rep1-x30/control-series.txt
1791062666,2026-10-04T06:24:26+09:00,21944.0,Varmail,1,1,4814916186112,1175516647,1664925056,2.416334732688817,active_cumulative,/home/oy/iCAT/result/mixF-fixed37-tenhour-20261004/mixF-fixed37-rep1-x30/control-series.txt
1791062696,2026-10-04T06:24:56+09:00,21974.0,Varmail,1,1,4830025953280,1179205555,1671317280,2.4173248022054983,active_cumulative,/home/oy/iCAT/result/mixF-fixed37-tenhour-20261004/mixF-fixed37-rep1-x30/control-series.txt
1791062726,2026-10-04T06:25:26+09:00,22004.0,Varmail,1,1,4845177479168,1182904658,1677697725,2.4182865150235973,active_cumulative,/home/oy/iCAT/result/mixF-fixed37-tenhour-20261004/mixF-fixed37-rep1-x30/control-series.txt
1791062756,2026-10-04T06:25:56+09:00,22034.0,Varmail,1,1,4860317609984,1186600979,1684085533,2.4192517643287736,active_cumulative,/home/oy/iCAT/result/mixF-fixed37-tenhour-20261004/mixF-fixed37-rep1-x30/control-series.txt
1791062786,2026-10-04T06:26:26+09:00,22064.0,Varmail,1,1,4875488583680,1190304830,1690451125,2.4201833701708155,active_cumulative,/home/oy/iCAT/result/mixF-fixed37-tenhour-20261004/mixF-fixed37-rep1-x30/control-series.txt
1791062816,2026-10-04T06:26:56+09:00,22094.0,Varmail,1,1,4890628616192,1194001127,1696802198,2.4211060271469913,active_cumulative,/home/oy/iCAT/result/mixF-fixed37-tenhour-20261004/mixF-fixed37-rep1-x30/control-series.txt
1791062846,2026-10-04T06:27:26+09:00,22124.0,Varmail,1,1,4905718484992,1197685177,1703133716,2.422021202822317,active_cumulative,/home/oy/iCAT/result/mixF-fixed37-tenhour-20261004/mixF-fixed37-rep1-x30/control-series.txt
1791062876,2026-10-04T06:27:56+09:00,22154.0,Varmail,1,1,4920888258560,1201388735,1709503768,2.422939734822801,active_cumulative,/home/oy/iCAT/result/mixF-fixed37-tenhour-20261004/mixF-fixed37-rep1-x30/control-series.txt
1791062906,2026-10-04T06:28:26+09:00,22184.0,Varmail,1,1,4936067928064,1205094709,1715856453,2.423835355167923,active_cumulative,/home/oy/iCAT/result/mixF-fixed37-tenhour-20261004/mixF-fixed37-rep1-x30/control-series.txt
1791062936,2026-10-04T06:28:56+09:00,22214.0,Varmail,1,1,4951183171584,1208784954,1722207275,2.424742481531583,active_cumulative,/home/oy/iCAT/result/mixF-fixed37-tenhour-20261004/mixF-fixed37-rep1-x30/control-series.txt
1791062966,2026-10-04T06:29:26+09:00,22244.0,Varmail,1,1,4966325436416,1212481796,1728541951,2.4256230128175877,active_cumulative,/home/oy/iCAT/result/mixF-fixed37-tenhour-20261004/mixF-fixed37-rep1-x30/control-series.txt
1791062996,2026-10-04T06:29:56+09:00,22274.0,Varmail,1,1,4981485334528,1216182943,1734868796,2.4264867025026184,active_cumulative,/home/oy/iCAT/result/mixF-fixed37-tenhour-20261004/mixF-fixed37-rep1-x30/control-series.txt
1791063026,2026-10-04T06:30:26+09:00,22304.0,Varmail,1,1,4996659449856,1219887561,1741190637,2.4273369879865507,active_cumulative,/home/oy/iCAT/result/mixF-fixed37-tenhour-20261004/mixF-fixed37-rep1-x30/control-series.txt
1791063056,2026-10-04T06:30:56+09:00,22334.0,Varmail,1,1,5011864756224,1223599794,1747517997,2.4281777469799084,active_cumulative,/home/oy/iCAT/result/mixF-fixed37-tenhour-20261004/mixF-fixed37-rep1-x30/control-series.txt
1791063086,2026-10-04T06:31:26+09:00,22364.0,Varmail,1,1,5027105677312,1227320722,1753834511,2.4289944588746217,active_cumulative,/home/oy/iCAT/result/mixF-fixed37-tenhour-20261004/mixF-fixed37-rep1-x30/control-series.txt
1791063116,2026-10-04T06:31:56+09:00,22394.0,Varmail,1,1,5042327080960,1231036885,1760145745,2.4298074789205035,active_cumulative,/home/oy/iCAT/result/mixF-fixed37-tenhour-20261004/mixF-fixed37-rep1-x30/control-series.txt
1791063146,2026-10-04T06:32:26+09:00,22424.0,Varmail,1,1,5057469673472,1234733807,1766427899,2.4306143469836976,active_cumulative,/home/oy/iCAT/result/mixF-fixed37-tenhour-20261004/mixF-fixed37-rep1-x30/control-series.txt
1791063176,2026-10-04T06:32:56+09:00,22454.0,Varmail,1,1,5072651694080,1238440355,1772699218,2.4313965229274204,active_cumulative,/home/oy/iCAT/result/mixF-fixed37-tenhour-20261004/mixF-fixed37-rep1-x30/control-series.txt
1791063206,2026-10-04T06:33:26+09:00,22484.0,Varmail,1,1,5087847362560,1242150235,1778984515,2.4321814422069483,active_cumulative,/home/oy/iCAT/result/mixF-fixed37-tenhour-20261004/mixF-fixed37-rep1-x30/control-series.txt
1791063236,2026-10-04T06:33:56+09:00,22514.0,Varmail,1,1,5103055106048,1245863063,1785268636,2.432957352231896,active_cumulative,/home/oy/iCAT/result/mixF-fixed37-tenhour-20261004/mixF-fixed37-rep1-x30/control-series.txt
1791063266,2026-10-04T06:34:26+09:00,22544.0,Varmail,1,1,5118293110784,1249583279,1791551727,2.433719350369124,active_cumulative,/home/oy/iCAT/result/mixF-fixed37-tenhour-20261004/mixF-fixed37-rep1-x30/control-series.txt
1791063296,2026-10-04T06:34:56+09:00,22574.0,Varmail,1,1,5133505609728,1253297268,1797829728,2.4344798906878333,active_cumulative,/home/oy/iCAT/result/mixF-fixed37-tenhour-20261004/mixF-fixed37-rep1-x30/control-series.txt
1791063326,2026-10-04T06:35:26+09:00,22604.0,Varmail,1,1,5148660662272,1256997232,1804063086,2.43521643490779,active_cumulative,/home/oy/iCAT/result/mixF-fixed37-tenhour-20261004/mixF-fixed37-rep1-x30/control-series.txt
1791063356,2026-10-04T06:35:56+09:00,22634.0,Varmail,1,1,5163822239744,1260698789,1810297852,2.4359479582239847,active_cumulative,/home/oy/iCAT/result/mixF-fixed37-tenhour-20261004/mixF-fixed37-rep1-x30/control-series.txt
1791063386,2026-10-04T06:36:26+09:00,22664.0,Varmail,1,1,5179026157568,1264410683,1816553709,2.4366801336176307,active_cumulative,/home/oy/iCAT/result/mixF-fixed37-tenhour-20261004/mixF-fixed37-rep1-x30/control-series.txt
1791063416,2026-10-04T06:36:56+09:00,22694.0,Varmail,1,1,5194265591808,1268131248,1822811070,2.437399380288751,active_cumulative,/home/oy/iCAT/result/mixF-fixed37-tenhour-20261004/mixF-fixed37-rep1-x30/control-series.txt
1791063446,2026-10-04T06:37:26+09:00,22724.0,Varmail,1,1,5209492615168,1271848783,1829060594,2.438111683124518,active_cumulative,/home/oy/iCAT/result/mixF-fixed37-tenhour-20261004/mixF-fixed37-rep1-x30/control-series.txt
1791063476,2026-10-04T06:37:56+09:00,22754.0,Varmail,1,1,5224696664064,1275560709,1835296391,2.438815399416634,active_cumulative,/home/oy/iCAT/result/mixF-fixed37-tenhour-20261004/mixF-fixed37-rep1-x30/control-series.txt
1791063506,2026-10-04T06:38:26+09:00,22784.0,Varmail,1,1,5239944220672,1279283257,1841522270,2.439495326717936,active_cumulative,/home/oy/iCAT/result/mixF-fixed37-tenhour-20261004/mixF-fixed37-rep1-x30/control-series.txt
1791063536,2026-10-04T06:38:56+09:00,22814.0,Varmail,1,1,5255147741184,1282995054,1847745813,2.440181555836302,active_cumulative,/home/oy/iCAT/result/mixF-fixed37-tenhour-20261004/mixF-fixed37-rep1-x30/control-series.txt
1791063566,2026-10-04T06:39:26+09:00,22844.0,Varmail,1,1,5270361587712,1286709372,1853969074,2.4408607835958156,active_cumulative,/home/oy/iCAT/result/mixF-fixed37-tenhour-20261004/mixF-fixed37-rep1-x30/control-series.txt
1791063596,2026-10-04T06:39:56+09:00,22874.0,Varmail,1,1,5285587464192,1290426627,1860201505,2.4415399264696047,active_cumulative,/home/oy/iCAT/result/mixF-fixed37-tenhour-20261004/mixF-fixed37-rep1-x30/control-series.txt
1791063626,2026-10-04T06:40:26+09:00,22904.0,Varmail,1,1,5300820246528,1294145568,1866435082,2.4422141744722183,active_cumulative,/home/oy/iCAT/result/mixF-fixed37-tenhour-20261004/mixF-fixed37-rep1-x30/control-series.txt
1791063656,2026-10-04T06:40:56+09:00,22934.0,Varmail,1,1,5316081852416,1297871546,1872672633,2.442879797135178,active_cumulative,/home/oy/iCAT/result/mixF-fixed37-tenhour-20261004/mixF-fixed37-rep1-x30/control-series.txt
1791063686,2026-10-04T06:41:26+09:00,22964.0,Varmail,1,1,5331356221440,1301600640,1878900560,2.4435307591735667,active_cumulative,/home/oy/iCAT/result/mixF-fixed37-tenhour-20261004/mixF-fixed37-rep1-x30/control-series.txt
1791063716,2026-10-04T06:41:56+09:00,22994.0,Varmail,1,1,5346640478208,1305332148,1885125515,2.4441730542592905,active_cumulative,/home/oy/iCAT/result/mixF-fixed37-tenhour-20261004/mixF-fixed37-rep1-x30/control-series.txt
1791063746,2026-10-04T06:42:26+09:00,23024.0,Varmail,1,1,5361893851136,1309056116,1891347815,2.444817981355354,active_cumulative,/home/oy/iCAT/result/mixF-fixed37-tenhour-20261004/mixF-fixed37-rep1-x30/control-series.txt
1791063776,2026-10-04T06:42:56+09:00,23054.0,Varmail,1,1,5377155993600,1312782225,1897552804,2.4454437056382297,active_cumulative,/home/oy/iCAT/result/mixF-fixed37-tenhour-20261004/mixF-fixed37-rep1-x30/control-series.txt
1791063806,2026-10-04T06:43:26+09:00,23084.0,Varmail,1,1,5392364208128,1316495168,1903729442,2.4460588145508484,active_cumulative,/home/oy/iCAT/result/mixF-fixed37-tenhour-20261004/mixF-fixed37-rep1-x30/control-series.txt
1791063836,2026-10-04T06:43:56+09:00,23114.0,Varmail,1,1,5407652917248,1320227763,1909935081,2.4466708961338517,active_cumulative,/home/oy/iCAT/result/mixF-fixed37-tenhour-20261004/mixF-fixed37-rep1-x30/control-series.txt
1791063866,2026-10-04T06:44:26+09:00,23144.0,Varmail,1,1,5422915710976,1323954031,1916118839,2.4472699158238376,active_cumulative,/home/oy/iCAT/result/mixF-fixed37-tenhour-20261004/mixF-fixed37-rep1-x30/control-series.txt
1791063896,2026-10-04T06:44:56+09:00,23174.0,Varmail,1,1,5438141325312,1327671222,1922294828,2.44786962023946,active_cumulative,/home/oy/iCAT/result/mixF-fixed37-tenhour-20261004/mixF-fixed37-rep1-x30/control-series.txt
1791063926,2026-10-04T06:45:26+09:00,23204.0,Varmail,1,1,5453448003584,1331408204,1928500566,2.448466788927793,active_cumulative,/home/oy/iCAT/result/mixF-fixed37-tenhour-20261004/mixF-fixed37-rep1-x30/control-series.txt
1791063956,2026-10-04T06:45:56+09:00,23234.0,Varmail,1,1,5468760784896,1335146676,1934682725,2.4490413373878632,active_cumulative,/home/oy/iCAT/result/mixF-fixed37-tenhour-20261004/mixF-fixed37-rep1-x30/control-series.txt
1791063986,2026-10-04T06:46:26+09:00,23264.0,Varmail,1,1,5484047675392,1338878827,1940863341,2.449618368638225,active_cumulative,/home/oy/iCAT/result/mixF-fixed37-tenhour-20261004/mixF-fixed37-rep1-x30/control-series.txt
1791064016,2026-10-04T06:46:56+09:00,23294.0,Varmail,1,1,5499347099648,1342614038,1947020995,2.450171784216068,active_cumulative,/home/oy/iCAT/result/mixF-fixed37-tenhour-20261004/mixF-fixed37-rep1-x30/control-series.txt
1791064046,2026-10-04T06:47:26+09:00,23324.0,Varmail,1,1,5514640945152,1346347887,1953177383,2.450722656350112,active_cumulative,/home/oy/iCAT/result/mixF-fixed37-tenhour-20261004/mixF-fixed37-rep1-x30/control-series.txt
1791064076,2026-10-04T06:47:56+09:00,23354.0,Varmail,1,1,5529910231040,1350075740,1959303698,2.451254651831608,active_cumulative,/home/oy/iCAT/result/mixF-fixed37-tenhour-20261004/mixF-fixed37-rep1-x30/control-series.txt
1791064106,2026-10-04T06:48:26+09:00,23384.0,Varmail,1,1,5545161531392,1353799202,1965451379,2.451804208553522,active_cumulative,/home/oy/iCAT/result/mixF-fixed37-tenhour-20261004/mixF-fixed37-rep1-x30/control-series.txt
1791064136,2026-10-04T06:48:56+09:00,23414.0,Varmail,1,1,5560428126208,1357526398,1971578715,2.4523317689473023,active_cumulative,/home/oy/iCAT/result/mixF-fixed37-tenhour-20261004/mixF-fixed37-rep1-x30/control-series.txt
1791064166,2026-10-04T06:49:26+09:00,23444.0,Varmail,1,1,5575681716224,1361250419,1977696704,2.452852962537821,active_cumulative,/home/oy/iCAT/result/mixF-fixed37-tenhour-20261004/mixF-fixed37-rep1-x30/control-series.txt
1791064196,2026-10-04T06:49:56+09:00,23474.0,Varmail,1,1,5590905573376,1364967181,1983799127,2.453367637415745,active_cumulative,/home/oy/iCAT/result/mixF-fixed37-tenhour-20261004/mixF-fixed37-rep1-x30/control-series.txt
1791064226,2026-10-04T06:50:26+09:00,23504.0,Varmail,1,1,5606115328000,1368680500,1989918765,2.4538957521496068,active_cumulative,/home/oy/iCAT/result/mixF-fixed37-tenhour-20261004/mixF-fixed37-rep1-x30/control-series.txt
1791064256,2026-10-04T06:50:56+09:00,23534.0,Varmail,1,1,5621364375552,1372403412,1996024514,2.4544007225187516,active_cumulative,/home/oy/iCAT/result/mixF-fixed37-tenhour-20261004/mixF-fixed37-rep1-x30/control-series.txt
1791064286,2026-10-04T06:51:26+09:00,23564.0,Varmail,1,1,5636596043776,1376122081,2002132038,2.4549087364001103,active_cumulative,/home/oy/iCAT/result/mixF-fixed37-tenhour-20261004/mixF-fixed37-rep1-x30/control-series.txt
1791064316,2026-10-04T06:51:56+09:00,23594.0,Varmail,1,1,5651825344512,1379840172,2008240290,2.4554151493423833,active_cumulative,/home/oy/iCAT/result/mixF-fixed37-tenhour-20261004/mixF-fixed37-rep1-x30/control-series.txt
1791064346,2026-10-04T06:52:26+09:00,23624.0,Varmail,1,1,5667040956416,1383554921,2014334447,2.4559121697489883,active_cumulative,/home/oy/iCAT/result/mixF-fixed37-tenhour-20261004/mixF-fixed37-rep1-x30/control-series.txt
1791064376,2026-10-04T06:52:56+09:00,23654.0,Varmail,1,1,5682274668544,1387274089,2020426759,2.4564005592120592,active_cumulative,/home/oy/iCAT/result/mixF-fixed37-tenhour-20261004/mixF-fixed37-rep1-x30/control-series.txt
1791064406,2026-10-04T06:53:26+09:00,23684.0,Varmail,1,1,5697467219968,1390983208,2026492549,2.4568777950337415,active_cumulative,/home/oy/iCAT/result/mixF-fixed37-tenhour-20261004/mixF-fixed37-rep1-x30/control-series.txt
1791064436,2026-10-04T06:53:56+09:00,23714.0,Varmail,1,1,5712677482496,1394696651,2032570910,2.4573569876593906,active_cumulative,/home/oy/iCAT/result/mixF-fixed37-tenhour-20261004/mixF-fixed37-rep1-x30/control-series.txt
1791064466,2026-10-04T06:54:26+09:00,23744.0,Varmail,1,1,5727910395904,1398415624,2038635234,2.4578178325616307,active_cumulative,/home/oy/iCAT/result/mixF-fixed37-tenhour-20261004/mixF-fixed37-rep1-x30/control-series.txt
1791064496,2026-10-04T06:54:56+09:00,23774.0,Varmail,1,1,5743082967040,1402119865,2044690656,2.458285205880027,active_cumulative,/home/oy/iCAT/result/mixF-fixed37-tenhour-20261004/mixF-fixed37-rep1-x30/control-series.txt
1791064526,2026-10-04T06:55:26+09:00,23804.0,Varmail,1,1,5758333120512,1405843047,2050751295,2.4587341733319397,active_cumulative,/home/oy/iCAT/result/mixF-fixed37-tenhour-20261004/mixF-fixed37-rep1-x30/control-series.txt
1791064556,2026-10-04T06:55:56+09:00,23834.0,Varmail,1,1,5773561970688,1409561028,2056806225,2.459182102897924,active_cumulative,/home/oy/iCAT/result/mixF-fixed37-tenhour-20261004/mixF-fixed37-rep1-x30/control-series.txt
1791064586,2026-10-04T06:56:26+09:00,23864.0,Varmail,1,1,5788830670848,1413288738,2062870624,2.459624327665165,active_cumulative,/home/oy/iCAT/result/mixF-fixed37-tenhour-20261004/mixF-fixed37-rep1-x30/control-series.txt
1791064616,2026-10-04T06:56:56+09:00,23894.0,Varmail,1,1,5804085596160,1417013085,2068919805,2.4600569514148134,active_cumulative,/home/oy/iCAT/result/mixF-fixed37-tenhour-20261004/mixF-fixed37-rep1-x30/control-series.txt
1791064646,2026-10-04T06:57:26+09:00,23924.0,Varmail,1,1,5819328020480,1420734380,2074960570,2.460484520688519,active_cumulative,/home/oy/iCAT/result/mixF-fixed37-tenhour-20261004/mixF-fixed37-rep1-x30/control-series.txt
1791064676,2026-10-04T06:57:56+09:00,23954.0,Varmail,1,1,5834565955584,1424454579,2081016859,2.4609218782257853,active_cumulative,/home/oy/iCAT/result/mixF-fixed37-tenhour-20261004/mixF-fixed37-rep1-x30/control-series.txt
1791064706,2026-10-04T06:58:26+09:00,23984.0,Varmail,1,1,5849815248896,1428177551,2087064965,2.461348390148446,active_cumulative,/home/oy/iCAT/result/mixF-fixed37-tenhour-20261004/mixF-fixed37-rep1-x30/control-series.txt
1791064736,2026-10-04T06:58:56+09:00,24014.0,Varmail,1,1,5865061834752,1431899862,2093125971,2.4617823679907582,active_cumulative,/home/oy/iCAT/result/mixF-fixed37-tenhour-20261004/mixF-fixed37-rep1-x30/control-series.txt
1791064766,2026-10-04T06:59:26+09:00,24044.0,Varmail,1,1,5880307806208,1435622023,2099178269,2.4622081824945647,active_cumulative,/home/oy/iCAT/result/mixF-fixed37-tenhour-20261004/mixF-fixed37-rep1-x30/control-series.txt
1791064796,2026-10-04T06:59:56+09:00,24074.0,Varmail,1,1,5895613374464,1439358734,2105232525,2.462618369744092,active_cumulative,/home/oy/iCAT/result/mixF-fixed37-tenhour-20261004/mixF-fixed37-rep1-x30/control-series.txt
1791064826,2026-10-04T07:00:26+09:00,24104.0,Varmail,1,1,5910892748800,1443089050,2111288713,2.4630342548853794,active_cumulative,/home/oy/iCAT/result/mixF-fixed37-tenhour-20261004/mixF-fixed37-rep1-x30/control-series.txt
1791064856,2026-10-04T07:00:56+09:00,24134.0,Varmail,1,1,5926145118208,1446812773,2117337348,2.4634494438486687,active_cumulative,/home/oy/iCAT/result/mixF-fixed37-tenhour-20261004/mixF-fixed37-rep1-x30/control-series.txt
1791064887,2026-10-04T07:01:27+09:00,24165.0,Varmail,1,1,5941446852608,1450548548,2123378320,2.463845055670622,active_cumulative,/home/oy/iCAT/result/mixF-fixed37-tenhour-20261004/mixF-fixed37-rep1-x30/control-series.txt
1791064917,2026-10-04T07:01:57+09:00,24195.0,Varmail,1,1,5956740481024,1454282344,2129429369,2.464247556731666,active_cumulative,/home/oy/iCAT/result/mixF-fixed37-tenhour-20261004/mixF-fixed37-rep1-x30/control-series.txt
1791064947,2026-10-04T07:02:27+09:00,24225.0,Varmail,1,1,5972032835584,1458015829,2135475565,2.4646449802020634,active_cumulative,/home/oy/iCAT/result/mixF-fixed37-tenhour-20261004/mixF-fixed37-rep1-x30/control-series.txt
1791064977,2026-10-04T07:02:57+09:00,24255.0,Varmail,1,1,5987342327808,1461753498,2141525530,2.465038758539027,active_cumulative,/home/oy/iCAT/result/mixF-fixed37-tenhour-20261004/mixF-fixed37-rep1-x30/control-series.txt
1791065007,2026-10-04T07:03:27+09:00,24285.0,Varmail,1,1,6002679529472,1465497932,2147567587,2.4654183674412717,active_cumulative,/home/oy/iCAT/result/mixF-fixed37-tenhour-20261004/mixF-fixed37-rep1-x30/control-series.txt
1791065037,2026-10-04T07:03:57+09:00,24315.0,Varmail,1,1,6017967947776,1469230456,2153607236,2.4658062846472877,active_cumulative,/home/oy/iCAT/result/mixF-fixed37-tenhour-20261004/mixF-fixed37-rep1-x30/control-series.txt
1791065067,2026-10-04T07:04:27+09:00,24345.0,Varmail,1,1,6033248993280,1472961180,2159648324,2.4661950045418033,active_cumulative,/home/oy/iCAT/result/mixF-fixed37-tenhour-20261004/mixF-fixed37-rep1-x30/control-series.txt
1791065097,2026-10-04T07:04:57+09:00,24375.0,Varmail,1,1,6048579928064,1476704084,2165695114,2.4665735250990206,active_cumulative,/home/oy/iCAT/result/mixF-fixed37-tenhour-20261004/mixF-fixed37-rep1-x30/control-series.txt
1791065127,2026-10-04T07:05:27+09:00,24405.0,Varmail,1,1,6063901667328,1480444743,2171725476,2.466941259556352,active_cumulative,/home/oy/iCAT/result/mixF-fixed37-tenhour-20261004/mixF-fixed37-rep1-x30/control-series.txt
1791065157,2026-10-04T07:05:57+09:00,24435.0,Varmail,1,1,6079273304064,1484197584,2177768255,2.46730346314861,active_cumulative,/home/oy/iCAT/result/mixF-fixed37-tenhour-20261004/mixF-fixed37-rep1-x30/control-series.txt
1791065187,2026-10-04T07:06:27+09:00,24465.0,Varmail,1,1,6094600151040,1487939490,2183796543,2.46766488669509,active_cumulative,/home/oy/iCAT/result/mixF-fixed37-tenhour-20261004/mixF-fixed37-rep1-x30/control-series.txt
1791065217,2026-10-04T07:06:57+09:00,24495.0,Varmail,1,1,6109946228736,1491686091,2189831567,2.46802439213734,active_cumulative,/home/oy/iCAT/result/mixF-fixed37-tenhour-20261004/mixF-fixed37-rep1-x30/control-series.txt
1791065247,2026-10-04T07:07:27+09:00,24525.0,Varmail,1,1,6125275320320,1495428545,2195862446,2.468383396412966,active_cumulative,/home/oy/iCAT/result/mixF-fixed37-tenhour-20261004/mixF-fixed37-rep1-x30/control-series.txt
1791065277,2026-10-04T07:07:57+09:00,24555.0,Varmail,1,1,6140639551488,1499179578,2201893422,2.4687322681766144,active_cumulative,/home/oy/iCAT/result/mixF-fixed37-tenhour-20261004/mixF-fixed37-rep1-x30/control-series.txt
1791065307,2026-10-04T07:08:27+09:00,24585.0,Varmail,1,1,6156006932480,1502931380,2207925571,2.4690794272989365,active_cumulative,/home/oy/iCAT/result/mixF-fixed37-tenhour-20261004/mixF-fixed37-rep1-x30/control-series.txt
1791065337,2026-10-04T07:08:57+09:00,24615.0,Varmail,1,1,6171322089472,1506670432,2213952381,2.469433748733711,active_cumulative,/home/oy/iCAT/result/mixF-fixed37-tenhour-20261004/mixF-fixed37-rep1-x30/control-series.txt
1791065367,2026-10-04T07:09:27+09:00,24645.0,Varmail,1,1,6186708312064,1510426834,2219981883,2.469771215015371,active_cumulative,/home/oy/iCAT/result/mixF-fixed37-tenhour-20261004/mixF-fixed37-rep1-x30/control-series.txt
1791065397,2026-10-04T07:09:57+09:00,24675.0,Varmail,1,1,6202068516864,1514176884,2226016364,2.4701164622983374,active_cumulative,/home/oy/iCAT/result/mixF-fixed37-tenhour-20261004/mixF-fixed37-rep1-x30/control-series.txt
1791065427,2026-10-04T07:10:27+09:00,24705.0,Varmail,1,1,6217434378240,1517928315,2232029738,2.470444760759338,active_cumulative,/home/oy/iCAT/result/mixF-fixed37-tenhour-20261004/mixF-fixed37-rep1-x30/control-series.txt
1791065457,2026-10-04T07:10:57+09:00,24735.0,Varmail,1,1,6232800301056,1521679761,2238054552,2.4707789440067343,active_cumulative,/home/oy/iCAT/result/mixF-fixed37-tenhour-20261004/mixF-fixed37-rep1-x30/control-series.txt
1791065487,2026-10-04T07:11:27+09:00,24765.0,Varmail,1,1,6248150368256,1525427336,2244058268,2.471101385847985,active_cumulative,/home/oy/iCAT/result/mixF-fixed37-tenhour-20261004/mixF-fixed37-rep1-x30/control-series.txt
1791065517,2026-10-04T07:11:57+09:00,24795.0,Varmail,1,1,6263549034496,1529186776,2250068441,2.471415052964073,active_cumulative,/home/oy/iCAT/result/mixF-fixed37-tenhour-20261004/mixF-fixed37-rep1-x30/control-series.txt
1791065547,2026-10-04T07:12:27+09:00,24825.0,Varmail,1,1,6278946791424,1532945994,2256080234,2.471728451511254,active_cumulative,/home/oy/iCAT/result/mixF-fixed37-tenhour-20261004/mixF-fixed37-rep1-x30/control-series.txt
1791065577,2026-10-04T07:12:57+09:00,24855.0,Varmail,1,1,6294314991616,1536697996,2262082387,2.4720409559250833,active_cumulative,/home/oy/iCAT/result/mixF-fixed37-tenhour-20261004/mixF-fixed37-rep1-x30/control-series.txt
1791065607,2026-10-04T07:13:27+09:00,24885.0,Varmail,1,1,6309716631552,1540458162,2268084016,2.472343794819661,active_cumulative,/home/oy/iCAT/result/mixF-fixed37-tenhour-20261004/mixF-fixed37-rep1-x30/control-series.txt
1791065637,2026-10-04T07:13:57+09:00,24915.0,Varmail,1,1,6325137723392,1544223077,2274067628,2.4726289626612026,active_cumulative,/home/oy/iCAT/result/mixF-fixed37-tenhour-20261004/mixF-fixed37-rep1-x30/control-series.txt
1791065667,2026-10-04T07:14:27+09:00,24945.0,Varmail,1,1,6340551630848,1547986238,2280055942,2.4729174497997057,active_cumulative,/home/oy/iCAT/result/mixF-fixed37-tenhour-20261004/mixF-fixed37-rep1-x30/control-series.txt
1791065697,2026-10-04T07:14:57+09:00,24975.0,Varmail,1,1,6356003721216,1551758721,2286052950,2.4732012902926037,active_cumulative,/home/oy/iCAT/result/mixF-fixed37-tenhour-20261004/mixF-fixed37-rep1-x30/control-series.txt
1791065727,2026-10-04T07:15:27+09:00,25005.0,Varmail,1,1,6371371429888,1555510603,2292030905,2.473491019977316,active_cumulative,/home/oy/iCAT/result/mixF-fixed37-tenhour-20261004/mixF-fixed37-rep1-x30/control-series.txt
1791065757,2026-10-04T07:15:57+09:00,25035.0,Varmail,1,1,6386788827136,1559274616,2298029421,2.4737810757768406,active_cumulative,/home/oy/iCAT/result/mixF-fixed37-tenhour-20261004/mixF-fixed37-rep1-x30/control-series.txt
1791065787,2026-10-04T07:16:27+09:00,25065.0,Varmail,1,1,6402197262336,1563036441,2304016859,2.474064710561665,active_cumulative,/home/oy/iCAT/result/mixF-fixed37-tenhour-20261004/mixF-fixed37-rep1-x30/control-series.txt
1791065817,2026-10-04T07:16:57+09:00,25095.0,Varmail,1,1,6417611739136,1566799741,2310000172,2.474342962633921,active_cumulative,/home/oy/iCAT/result/mixF-fixed37-tenhour-20261004/mixF-fixed37-rep1-x30/control-series.txt
1791065847,2026-10-04T07:17:27+09:00,25125.0,Varmail,1,1,6433023639552,1570562412,2315975894,2.474615638515612,active_cumulative,/home/oy/iCAT/result/mixF-fixed37-tenhour-20261004/mixF-fixed37-rep1-x30/control-series.txt
1791065877,2026-10-04T07:17:57+09:00,25155.0,Varmail,1,1,6448427421696,1574323101,2321966749,2.474898480194505,active_cumulative,/home/oy/iCAT/result/mixF-fixed37-tenhour-20261004/mixF-fixed37-rep1-x30/control-series.txt
1791065907,2026-10-04T07:18:27+09:00,25185.0,Varmail,1,1,6463867969536,1578092766,2327955706,2.4751703804464436,active_cumulative,/home/oy/iCAT/result/mixF-fixed37-tenhour-20261004/mixF-fixed37-rep1-x30/control-series.txt
1791065937,2026-10-04T07:18:57+09:00,25215.0,Varmail,1,1,6479304138752,1581861362,2333953860,2.475447795911207,active_cumulative,/home/oy/iCAT/result/mixF-fixed37-tenhour-20261004/mixF-fixed37-rep1-x30/control-series.txt
1791065967,2026-10-04T07:19:27+09:00,25245.0,Varmail,1,1,6494752559104,1585632949,2339923359,2.475703037374257,active_cumulative,/home/oy/iCAT/result/mixF-fixed37-tenhour-20261004/mixF-fixed37-rep1-x30/control-series.txt
1791065997,2026-10-04T07:19:57+09:00,25275.0,Varmail,1,1,6510201528320,1589404670,2345898019,2.475960190176112,active_cumulative,/home/oy/iCAT/result/mixF-fixed37-tenhour-20261004/mixF-fixed37-rep1-x30/control-series.txt
1791066027,2026-10-04T07:20:27+09:00,25305.0,Varmail,1,1,6525634777088,1593172553,2351873919,2.4762204599692224,active_cumulative,/home/oy/iCAT/result/mixF-fixed37-tenhour-20261004/mixF-fixed37-rep1-x30/control-series.txt
1791066057,2026-10-04T07:20:57+09:00,25335.0,Varmail,1,1,6541090136064,1596945834,2357861596,2.476481885483913,active_cumulative,/home/oy/iCAT/result/mixF-fixed37-tenhour-20261004/mixF-fixed37-rep1-x30/control-series.txt
1791066087,2026-10-04T07:21:27+09:00,25365.0,Varmail,1,1,6556519944192,1600712877,2363831203,2.4767365446764007,active_cumulative,/home/oy/iCAT/result/mixF-fixed37-tenhour-20261004/mixF-fixed37-rep1-x30/control-series.txt
1791066117,2026-10-04T07:21:57+09:00,25395.0,Varmail,1,1,6571975200768,1604486133,2369799591,2.476983529031223,active_cumulative,/home/oy/iCAT/result/mixF-fixed37-tenhour-20261004/mixF-fixed37-rep1-x30/control-series.txt
1791066147,2026-10-04T07:22:27+09:00,25425.0,Varmail,1,1,6587436023808,1608260748,2375773013,2.4772312362621935,active_cumulative,/home/oy/iCAT/result/mixF-fixed37-tenhour-20261004/mixF-fixed37-rep1-x30/control-series.txt
1791066177,2026-10-04T07:22:57+09:00,25455.0,Varmail,1,1,6602921304064,1612041334,2381747637,2.47747305653144,active_cumulative,/home/oy/iCAT/result/mixF-fixed37-tenhour-20261004/mixF-fixed37-rep1-x30/control-series.txt
1791066207,2026-10-04T07:23:27+09:00,25485.0,Varmail,1,1,6618394415104,1615818949,2387728325,2.4777202151749242,active_cumulative,/home/oy/iCAT/result/mixF-fixed37-tenhour-20261004/mixF-fixed37-rep1-x30/control-series.txt
1791066237,2026-10-04T07:23:57+09:00,25515.0,Varmail,1,1,6633896722432,1619603692,2393692339,2.4779494210982573,active_cumulative,/home/oy/iCAT/result/mixF-fixed37-tenhour-20261004/mixF-fixed37-rep1-x30/control-series.txt
1791066267,2026-10-04T07:24:27+09:00,25545.0,Varmail,1,1,6649388818432,1623385942,2399658692,2.47818126910945,active_cumulative,/home/oy/iCAT/result/mixF-fixed37-tenhour-20261004/mixF-fixed37-rep1-x30/control-series.txt
1791066297,2026-10-04T07:24:57+09:00,25575.0,Varmail,1,1,6664832237568,1627156308,2405608040,2.478412386181156,active_cumulative,/home/oy/iCAT/result/mixF-fixed37-tenhour-20261004/mixF-fixed37-rep1-x30/control-series.txt
1791066327,2026-10-04T07:25:27+09:00,25605.0,Varmail,1,1,6680315637760,1630936435,2411563440,2.4786372958796523,active_cumulative,/home/oy/iCAT/result/mixF-fixed37-tenhour-20261004/mixF-fixed37-rep1-x30/control-series.txt
1791066357,2026-10-04T07:25:57+09:00,25635.0,Varmail,1,1,6695790678016,1634714521,2417508406,2.478856629059087,active_cumulative,/home/oy/iCAT/result/mixF-fixed37-tenhour-20261004/mixF-fixed37-rep1-x30/control-series.txt
1791066387,2026-10-04T07:26:27+09:00,25665.0,Varmail,1,1,6711247413248,1638488138,2423442926,2.4790726095570914,active_cumulative,/home/oy/iCAT/result/mixF-fixed37-tenhour-20261004/mixF-fixed37-rep1-x30/control-series.txt
1791066417,2026-10-04T07:26:57+09:00,25695.0,Varmail,,,,,,,inactive_or_zero,/home/oy/iCAT/result/mixF-fixed37-tenhour-20261004/mixF-fixed37-rep1-x30/control-series.txt
1791066447,2026-10-04T07:27:27+09:00,25725.0,Varmail,1,1,6742229561344,1646052139,2435317639,2.479489975620997,active_cumulative,/home/oy/iCAT/result/mixF-fixed37-tenhour-20261004/mixF-fixed37-rep1-x30/control-series.txt
1791066477,2026-10-04T07:27:57+09:00,25755.0,Varmail,1,1,6757732962304,1649837149,2441270206,2.479703743778411,active_cumulative,/home/oy/iCAT/result/mixF-fixed37-tenhour-20261004/mixF-fixed37-rep1-x30/control-series.txt
1791066507,2026-10-04T07:28:27+09:00,25785.0,Varmail,1,1,6773274771456,1653631536,2447231484,2.479913409198553,active_cumulative,/home/oy/iCAT/result/mixF-fixed37-tenhour-20261004/mixF-fixed37-rep1-x30/control-series.txt
1791066537,2026-10-04T07:28:57+09:00,25815.0,Varmail,1,1,6788767875072,1657414032,2453177821,2.4801237190201366,active_cumulative,/home/oy/iCAT/result/mixF-fixed37-tenhour-20261004/mixF-fixed37-rep1-x30/control-series.txt
1791066567,2026-10-04T07:29:27+09:00,25845.0,Varmail,,,,,,,inactive_or_zero,/home/oy/iCAT/result/mixF-fixed37-tenhour-20261004/mixF-fixed37-rep1-x30/control-series.txt
1791066597,2026-10-04T07:29:57+09:00,25875.0,Varmail,,,,,,,inactive_or_zero,/home/oy/iCAT/result/mixF-fixed37-tenhour-20261004/mixF-fixed37-rep1-x30/control-series.txt
1791066627,2026-10-04T07:30:27+09:00,25905.0,Varmail,1,1,6835301117952,1668774687,2470993064,2.4807230018823985,active_cumulative,/home/oy/iCAT/result/mixF-fixed37-tenhour-20261004/mixF-fixed37-rep1-x30/control-series.txt
1791066657,2026-10-04T07:30:57+09:00,25935.0,Varmail,,,,,,,inactive_or_zero,/home/oy/iCAT/result/mixF-fixed37-tenhour-20261004/mixF-fixed37-rep1-x30/control-series.txt
1791066687,2026-10-04T07:31:27+09:00,25965.0,Varmail,,,,,,,inactive_or_zero,/home/oy/iCAT/result/mixF-fixed37-tenhour-20261004/mixF-fixed37-rep1-x30/control-series.txt
1791066717,2026-10-04T07:31:57+09:00,25995.0,Varmail,,,,,,,inactive_or_zero,/home/oy/iCAT/result/mixF-fixed37-tenhour-20261004/mixF-fixed37-rep1-x30/control-series.txt
1791066747,2026-10-04T07:32:27+09:00,26025.0,Varmail,1,1,6897151557632,1683874892,2494627622,2.481480384232726,active_cumulative,/home/oy/iCAT/result/mixF-fixed37-tenhour-20261004/mixF-fixed37-rep1-x30/control-series.txt
1791066777,2026-10-04T07:32:57+09:00,26055.0,Varmail,1,1,6912671670272,1687663982,2500552083,2.4816646617276685,active_cumulative,/home/oy/iCAT/result/mixF-fixed37-tenhour-20261004/mixF-fixed37-rep1-x30/control-series.txt
1791066807,2026-10-04T07:33:27+09:00,26085.0,Varmail,1,1,6928197267456,1691454411,2506456448,2.481835059638507,active_cumulative,/home/oy/iCAT/result/mixF-fixed37-tenhour-20261004/mixF-fixed37-rep1-x30/control-series.txt
1791066837,2026-10-04T07:33:57+09:00,26115.0,Varmail,1,1,6943648018432,1695226567,2512349593,2.4820140516356126,active_cumulative,/home/oy/iCAT/result/mixF-fixed37-tenhour-20261004/mixF-fixed37-rep1-x30/control-series.txt
1791066867,2026-10-04T07:34:27+09:00,26145.0,Varmail,1,1,6959176421376,1699017681,2518273461,2.482193793014447,active_cumulative,/home/oy/iCAT/result/mixF-fixed37-tenhour-20261004/mixF-fixed37-rep1-x30/control-series.txt
1791066897,2026-10-04T07:34:57+09:00,26175.0,Varmail,1,1,6974713139200,1702810825,2524174750,2.4823577069989557,active_cumulative,/home/oy/iCAT/result/mixF-fixed37-tenhour-20261004/mixF-fixed37-rep1-x30/control-series.txt
1791066927,2026-10-04T07:35:27+09:00,26205.0,Varmail,1,1,6990213636096,1706595126,2530075427,2.4825282156583404,active_cumulative,/home/oy/iCAT/result/mixF-fixed37-tenhour-20261004/mixF-fixed37-rep1-x30/control-series.txt
1791066957,2026-10-04T07:35:57+09:00,26235.0,Varmail,1,1,7005747064832,1710387467,2535981269,2.4826940198808183,active_cumulative,/home/oy/iCAT/result/mixF-fixed37-tenhour-20261004/mixF-fixed37-rep1-x30/control-series.txt
1791066987,2026-10-04T07:36:27+09:00,26265.0,Varmail,1,1,7021277696000,1714179125,2541894425,2.482863948071938,active_cumulative,/home/oy/iCAT/result/mixF-fixed37-tenhour-20261004/mixF-fixed37-rep1-x30/control-series.txt
1791067017,2026-10-04T07:36:57+09:00,26295.0,Varmail,1,1,7036821946368,1717974108,2547806086,2.483029385679193,active_cumulative,/home/oy/iCAT/result/mixF-fixed37-tenhour-20261004/mixF-fixed37-rep1-x30/control-series.txt
1791067047,2026-10-04T07:37:27+09:00,26325.0,Varmail,1,1,7052381515776,1721772831,2553702456,2.483181991271646,active_cumulative,/home/oy/iCAT/result/mixF-fixed37-tenhour-20261004/mixF-fixed37-rep1-x30/control-series.txt
1791067077,2026-10-04T07:37:57+09:00,26355.0,Varmail,1,1,7067909332992,1725563802,2559601074,2.4833418915216674,active_cumulative,/home/oy/iCAT/result/mixF-fixed37-tenhour-20261004/mixF-fixed37-rep1-x30/control-series.txt
1791067107,2026-10-04T07:38:27+09:00,26385.0,Varmail,1,1,7083415347200,1729349450,2565496475,2.4835037967601057,active_cumulative,/home/oy/iCAT/result/mixF-fixed37-tenhour-20261004/mixF-fixed37-rep1-x30/control-series.txt
1791067137,2026-10-04T07:38:57+09:00,26415.0,Varmail,1,1,7098880610304,1733125149,2571364734,2.48365785095419,active_cumulative,/home/oy/iCAT/result/mixF-fixed37-tenhour-20261004/mixF-fixed37-rep1-x30/control-series.txt
1791067167,2026-10-04T07:39:27+09:00,26445.0,Varmail,1,1,7114379624448,1736909088,2577246979,2.483812248324191,active_cumulative,/home/oy/iCAT/result/mixF-fixed37-tenhour-20261004/mixF-fixed37-rep1-x30/control-series.txt
1791067197,2026-10-04T07:39:57+09:00,26475.0,Varmail,1,1,7129873465344,1740691764,2583109550,2.483955748755987,active_cumulative,/home/oy/iCAT/result/mixF-fixed37-tenhour-20261004/mixF-fixed37-rep1-x30/control-series.txt
1791067227,2026-10-04T07:40:27+09:00,26505.0,Varmail,1,1,7145428328448,1744489338,2589000607,2.4841022817417757,active_cumulative,/home/oy/iCAT/result/mixF-fixed37-tenhour-20261004/mixF-fixed37-rep1-x30/control-series.txt
1791067257,2026-10-04T07:40:57+09:00,26535.0,Varmail,1,1,7161003073536,1748291766,2594897210,2.4842472294753115,active_cumulative,/home/oy/iCAT/result/mixF-fixed37-tenhour-20261004/mixF-fixed37-rep1-x30/control-series.txt
1791067287,2026-10-04T07:41:27+09:00,26565.0,Varmail,1,1,7176542822400,1752085650,2600791853,2.4843976680021322,active_cumulative,/home/oy/iCAT/result/mixF-fixed37-tenhour-20261004/mixF-fixed37-rep1-x30/control-series.txt
1791067317,2026-10-04T07:41:57+09:00,26595.0,Varmail,1,1,7192073310208,1755877273,2606671995,2.4845411094970076,active_cumulative,/home/oy/iCAT/result/mixF-fixed37-tenhour-20261004/mixF-fixed37-rep1-x30/control-series.txt
1791067347,2026-10-04T07:42:27+09:00,26625.0,Varmail,1,1,7207603449856,1759668811,2612547648,2.484681453503355,active_cumulative,/home/oy/iCAT/result/mixF-fixed37-tenhour-20261004/mixF-fixed37-rep1-x30/control-series.txt
1791067377,2026-10-04T07:42:57+09:00,26655.0,Varmail,1,1,7223099518976,1763452031,2618404360,2.484817456880402,active_cumulative,/home/oy/iCAT/result/mixF-fixed37-tenhour-20261004/mixF-fixed37-rep1-x30/control-series.txt
1791067407,2026-10-04T07:43:27+09:00,26685.0,Varmail,1,1,7238641967104,1767246574,2624277047,2.4849524031387373,active_cumulative,/home/oy/iCAT/result/mixF-fixed37-tenhour-20261004/mixF-fixed37-rep1-x30/control-series.txt
1791067437,2026-10-04T07:43:57+09:00,26715.0,Varmail,1,1,7254167822336,1771037066,2630145305,2.4850876672730235,active_cumulative,/home/oy/iCAT/result/mixF-fixed37-tenhour-20261004/mixF-fixed37-rep1-x30/control-series.txt
1791067467,2026-10-04T07:44:27+09:00,26745.0,Varmail,1,1,7269736083456,1774837911,2636025238,2.485220268094668,active_cumulative,/home/oy/iCAT/result/mixF-fixed37-tenhour-20261004/mixF-fixed37-rep1-x30/control-series.txt
1791067497,2026-10-04T07:44:57+09:00,26775.0,Varmail,1,1,7285329612800,1778644925,2641891622,2.4853395328468944,active_cumulative,/home/oy/iCAT/result/mixF-fixed37-tenhour-20261004/mixF-fixed37-rep1-x30/control-series.txt
1791067527,2026-10-04T07:45:27+09:00,26805.0,Varmail,1,1,7300883619840,1782442290,2647753076,2.485463563591728,active_cumulative,/home/oy/iCAT/result/mixF-fixed37-tenhour-20261004/mixF-fixed37-rep1-x30/control-series.txt
1791067557,2026-10-04T07:45:57+09:00,26835.0,Varmail,1,1,7316471029760,1786247810,2653620523,2.4855836397078637,active_cumulative,/home/oy/iCAT/result/mixF-fixed37-tenhour-20261004/mixF-fixed37-rep1-x30/control-series.txt
1791067587,2026-10-04T07:46:27+09:00,26865.0,Varmail,1,1,7331985637376,1790035556,2659465973,2.4857056688543233,active_cumulative,/home/oy/iCAT/result/mixF-fixed37-tenhour-20261004/mixF-fixed37-rep1-x30/control-series.txt
1791067617,2026-10-04T07:46:57+09:00,26895.0,Varmail,1,1,7347478007808,1793817873,2665297464,2.485823897797678,active_cumulative,/home/oy/iCAT/result/mixF-fixed37-tenhour-20261004/mixF-fixed37-rep1-x30/control-series.txt
1791067647,2026-10-04T07:47:27+09:00,26925.0,Varmail,1,1,7362966835200,1797599325,2671123977,2.485939574993999,active_cumulative,/home/oy/iCAT/result/mixF-fixed37-tenhour-20261004/mixF-fixed37-rep1-x30/control-series.txt
1791067677,2026-10-04T07:47:57+09:00,26955.0,Varmail,1,1,7378544091136,1801402366,2676993485,2.4860608243477795,active_cumulative,/home/oy/iCAT/result/mixF-fixed37-tenhour-20261004/mixF-fixed37-rep1-x30/control-series.txt
1791067707,2026-10-04T07:48:27+09:00,26985.0,Varmail,1,1,7394098700288,1805199878,2682841685,2.486174311053216,active_cumulative,/home/oy/iCAT/result/mixF-fixed37-tenhour-20261004/mixF-fixed37-rep1-x30/control-series.txt
1791067737,2026-10-04T07:48:57+09:00,27015.0,Varmail,1,1,7409649483776,1808996456,2688680558,2.4862829327731975,active_cumulative,/home/oy/iCAT/result/mixF-fixed37-tenhour-20261004/mixF-fixed37-rep1-x30/control-series.txt
1791067767,2026-10-04T07:49:27+09:00,27045.0,Varmail,1,1,7425217077248,1812797138,2694512657,2.4863839977002433,active_cumulative,/home/oy/iCAT/result/mixF-fixed37-tenhour-20261004/mixF-fixed37-rep1-x30/control-series.txt
1791067797,2026-10-04T07:49:57+09:00,27075.0,Varmail,1,1,7440796557312,1816600722,2700347928,2.486484011206949,active_cumulative,/home/oy/iCAT/result/mixF-fixed37-tenhour-20261004/mixF-fixed37-rep1-x30/control-series.txt
1791067827,2026-10-04T07:50:27+09:00,27105.0,Varmail,1,1,7456352215040,1820398490,2706172500,2.48658247898239,active_cumulative,/home/oy/iCAT/result/mixF-fixed37-tenhour-20261004/mixF-fixed37-rep1-x30/control-series.txt
1791067857,2026-10-04T07:50:57+09:00,27135.0,Varmail,1,1,7471892627456,1824192536,2711989569,2.4866794570636266,active_cumulative,/home/oy/iCAT/result/mixF-fixed37-tenhour-20261004/mixF-fixed37-rep1-x30/control-series.txt
1791067887,2026-10-04T07:51:27+09:00,27165.0,Varmail,1,1,7487419342848,1827983238,2717787262,2.486768152739484,active_cumulative,/home/oy/iCAT/result/mixF-fixed37-tenhour-20261004/mixF-fixed37-rep1-x30/control-series.txt
1791067917,2026-10-04T07:51:57+09:00,27195.0,Varmail,1,1,7502986973184,1831783929,2723603905,2.4868587183679782,active_cumulative,/home/oy/iCAT/result/mixF-fixed37-tenhour-20261004/mixF-fixed37-rep1-x30/control-series.txt
1791067947,2026-10-04T07:52:27+09:00,27225.0,Varmail,1,1,7518574235648,1835589413,2729422912,2.486946314175544,active_cumulative,/home/oy/iCAT/result/mixF-fixed37-tenhour-20261004/mixF-fixed37-rep1-x30/control-series.txt
1791067977,2026-10-04T07:52:57+09:00,27255.0,Varmail,1,1,7534151921664,1839392559,2735248818,2.487039188354138,active_cumulative,/home/oy/iCAT/result/mixF-fixed37-tenhour-20261004/mixF-fixed37-rep1-x30/control-series.txt
1791068007,2026-10-04T07:53:27+09:00,27285.0,Varmail,1,1,7549755834368,1843202108,2741084544,2.487131840888715,active_cumulative,/home/oy/iCAT/result/mixF-fixed37-tenhour-20261004/mixF-fixed37-rep1-x30/control-series.txt
1791068037,2026-10-04T07:53:57+09:00,27315.0,Varmail,1,1,7565368815616,1847013871,2746915447,2.4872197172578785,active_cumulative,/home/oy/iCAT/result/mixF-fixed37-tenhour-20261004/mixF-fixed37-rep1-x30/control-series.txt
1791068067,2026-10-04T07:54:27+09:00,27345.0,Varmail,1,1,7580982894592,1850825902,2752755052,2.487311717987833,active_cumulative,/home/oy/iCAT/result/mixF-fixed37-tenhour-20261004/mixF-fixed37-rep1-x30/control-series.txt
1791068097,2026-10-04T07:54:57+09:00,27375.0,Varmail,1,1,7596571811840,1854631790,2758572524,2.4873963332635425,active_cumulative,/home/oy/iCAT/result/mixF-fixed37-tenhour-20261004/mixF-fixed37-rep1-x30/control-series.txt
1791068127,2026-10-04T07:55:27+09:00,27405.0,Varmail,1,1,7612175937536,1858441391,2764395765,2.487480734333257,active_cumulative,/home/oy/iCAT/result/mixF-fixed37-tenhour-20261004/mixF-fixed37-rep1-x30/control-series.txt
1791068157,2026-10-04T07:55:57+09:00,27435.0,Varmail,1,1,7627752185856,1862244186,2770202858,2.487561555474766,active_cumulative,/home/oy/iCAT/result/mixF-fixed37-tenhour-20261004/mixF-fixed37-rep1-x30/control-series.txt
1791068187,2026-10-04T07:56:27+09:00,27465.0,Varmail,1,1,7643309977600,1866042475,2775998222,2.487639353975584,active_cumulative,/home/oy/iCAT/result/mixF-fixed37-tenhour-20261004/mixF-fixed37-rep1-x30/control-series.txt
1791068217,2026-10-04T07:56:57+09:00,27495.0,Varmail,1,1,7658887348224,1869845544,2781792695,2.487712556754367,active_cumulative,/home/oy/iCAT/result/mixF-fixed37-tenhour-20261004/mixF-fixed37-rep1-x30/control-series.txt
1791068247,2026-10-04T07:57:27+09:00,27525.0,Varmail,1,1,7674434441216,1873641221,2787590050,2.4877928702445002,active_cumulative,/home/oy/iCAT/result/mixF-fixed37-tenhour-20261004/mixF-fixed37-rep1-x30/control-series.txt
1791068277,2026-10-04T07:57:57+09:00,27555.0,Varmail,1,1,7689990242304,1877439024,2793373003,2.487863503043921,active_cumulative,/home/oy/iCAT/result/mixF-fixed37-tenhour-20261004/mixF-fixed37-rep1-x30/control-series.txt
1791068307,2026-10-04T07:58:27+09:00,27585.0,Varmail,1,1,7705556176896,1881239301,2799163732,2.4879360273369073,active_cumulative,/home/oy/iCAT/result/mixF-fixed37-tenhour-20261004/mixF-fixed37-rep1-x30/control-series.txt
1791068337,2026-10-04T07:58:57+09:00,27615.0,Varmail,1,1,7721137192960,1885043260,2804956779,2.4880065824059656,active_cumulative,/home/oy/iCAT/result/mixF-fixed37-tenhour-20261004/mixF-fixed37-rep1-x30/control-series.txt
1791068367,2026-10-04T07:59:27+09:00,27645.0,Varmail,1,1,7736714608640,1888846340,2810766306,2.488086270691559,active_cumulative,/home/oy/iCAT/result/mixF-fixed37-tenhour-20261004/mixF-fixed37-rep1-x30/control-series.txt
1791068397,2026-10-04T07:59:57+09:00,27675.0,Varmail,1,1,7752282456064,1892647084,2816566147,2.488162357795385,active_cumulative,/home/oy/iCAT/result/mixF-fixed37-tenhour-20261004/mixF-fixed37-rep1-x30/control-series.txt
1791068427,2026-10-04T08:00:27+09:00,27705.0,Varmail,1,1,7767833919488,1896443828,2822336944,2.4882259639487723,active_cumulative,/home/oy/iCAT/result/mixF-fixed37-tenhour-20261004/mixF-fixed37-rep1-x30/control-series.txt
1791068457,2026-10-04T08:00:57+09:00,27735.0,Varmail,1,1,7783388389376,1900241306,2828108064,2.488288911029492,active_cumulative,/home/oy/iCAT/result/mixF-fixed37-tenhour-20261004/mixF-fixed37-rep1-x30/control-series.txt
1791068487,2026-10-04T08:01:27+09:00,27765.0,Varmail,1,1,7798951596032,1904040917,2833895105,2.488358301388331,active_cumulative,/home/oy/iCAT/result/mixF-fixed37-tenhour-20261004/mixF-fixed37-rep1-x30/control-series.txt
1791068517,2026-10-04T08:01:57+09:00,27795.0,Varmail,1,1,7814516764672,1907841007,2839671859,2.4884216496977727,active_cumulative,/home/oy/iCAT/result/mixF-fixed37-tenhour-20261004/mixF-fixed37-rep1-x30/control-series.txt
1791068547,2026-10-04T08:02:27+09:00,27825.0,Varmail,1,1,7830023921664,1911626934,2845430555,2.488486327740766,active_cumulative,/home/oy/iCAT/result/mixF-fixed37-tenhour-20261004/mixF-fixed37-rep1-x30/control-series.txt
1791068577,2026-10-04T08:02:57+09:00,27855.0,Varmail,1,1,7845612916736,1915432841,2851216848,2.488549630647165,active_cumulative,/home/oy/iCAT/result/mixF-fixed37-tenhour-20261004/mixF-fixed37-rep1-x30/control-series.txt
1791068607,2026-10-04T08:03:27+09:00,27885.0,Varmail,1,1,7861154914304,1919227274,2856973720,2.4886062524765893,active_cumulative,/home/oy/iCAT/result/mixF-fixed37-tenhour-20261004/mixF-fixed37-rep1-x30/control-series.txt
1791068637,2026-10-04T08:03:57+09:00,27915.0,Varmail,1,1,7876690542592,1923020152,2862734441,2.488665856165193,active_cumulative,/home/oy/iCAT/result/mixF-fixed37-tenhour-20261004/mixF-fixed37-rep1-x30/control-series.txt
1791068667,2026-10-04T08:04:27+09:00,27945.0,Varmail,1,1,7892235919360,1926815410,2868498510,2.488725123907951,active_cumulative,/home/oy/iCAT/result/mixF-fixed37-tenhour-20261004/mixF-fixed37-rep1-x30/control-series.txt
1791068697,2026-10-04T08:04:57+09:00,27975.0,Varmail,1,1,7907776626688,1930609528,2874258903,2.488783133675698,active_cumulative,/home/oy/iCAT/result/mixF-fixed37-tenhour-20261004/mixF-fixed37-rep1-x30/control-series.txt
1791068727,2026-10-04T08:05:27+09:00,28005.0,Varmail,1,1,7923356209152,1934413137,2880022539,2.4888352875159367,active_cumulative,/home/oy/iCAT/result/mixF-fixed37-tenhour-20261004/mixF-fixed37-rep1-x30/control-series.txt
1791068757,2026-10-04T08:05:57+09:00,28035.0,Varmail,1,1,7938951806976,1938220656,2885803875,2.488893365193813,active_cumulative,/home/oy/iCAT/result/mixF-fixed37-tenhour-20261004/mixF-fixed37-rep1-x30/control-series.txt
1791068787,2026-10-04T08:06:27+09:00,28065.0,Varmail,1,1,7954564149248,1942032263,2891589528,2.4889503038086245,active_cumulative,/home/oy/iCAT/result/mixF-fixed37-tenhour-20261004/mixF-fixed37-rep1-x30/control-series.txt
1791068817,2026-10-04T08:06:57+09:00,28095.0,Varmail,1,1,7970141888512,1945835422,2897349328,2.4890001976744776,active_cumulative,/home/oy/iCAT/result/mixF-fixed37-tenhour-20261004/mixF-fixed37-rep1-x30/control-series.txt
1791068847,2026-10-04T08:07:27+09:00,28125.0,Varmail,1,1,7985679253504,1949628724,2903096064,2.489050724511176,active_cumulative,/home/oy/iCAT/result/mixF-fixed37-tenhour-20261004/mixF-fixed37-rep1-x30/control-series.txt
1791068877,2026-10-04T08:07:57+09:00,28155.0,Varmail,1,1,8001287659520,1953439370,2908870827,2.4891021813489917,active_cumulative,/home/oy/iCAT/result/mixF-fixed37-tenhour-20261004/mixF-fixed37-rep1-x30/control-series.txt
1791068907,2026-10-04T08:08:27+09:00,28185.0,Varmail,1,1,8016839315456,1957236161,2914608425,2.489144990817488,active_cumulative,/home/oy/iCAT/result/mixF-fixed37-tenhour-20261004/mixF-fixed37-rep1-x30/control-series.txt
1791068937,2026-10-04T08:08:57+09:00,28215.0,Varmail,1,1,8032374943744,1961029039,2920385758,2.489210868335336,active_cumulative,/home/oy/iCAT/result/mixF-fixed37-tenhour-20261004/mixF-fixed37-rep1-x30/control-series.txt
1791068968,2026-10-04T08:09:28+09:00,28246.0,Varmail,1,1,8047975415808,1964837748,2926154401,2.489260069427371,active_cumulative,/home/oy/iCAT/result/mixF-fixed37-tenhour-20261004/mixF-fixed37-rep1-x30/control-series.txt
1791068998,2026-10-04T08:09:58+09:00,28276.0,Varmail,1,1,8063598379008,1968651948,2931914090,2.489300377844139,active_cumulative,/home/oy/iCAT/result/mixF-fixed37-tenhour-20261004/mixF-fixed37-rep1-x30/control-series.txt
1791069028,2026-10-04T08:10:28+09:00,28306.0,Varmail,1,1,8079149207552,1972448537,2937657971,2.489345813537948,active_cumulative,/home/oy/iCAT/result/mixF-fixed37-tenhour-20261004/mixF-fixed37-rep1-x30/control-series.txt
1791069058,2026-10-04T08:10:58+09:00,28336.0,Varmail,1,1,8094769799168,1976262158,2943430431,2.4893926997918054,active_cumulative,/home/oy/iCAT/result/mixF-fixed37-tenhour-20261004/mixF-fixed37-rep1-x30/control-series.txt
1791069088,2026-10-04T08:11:28+09:00,28366.0,Varmail,1,1,8110374027264,1980071784,2949194568,2.4894382071554233,active_cumulative,/home/oy/iCAT/result/mixF-fixed37-tenhour-20261004/mixF-fixed37-rep1-x30/control-series.txt
1791069118,2026-10-04T08:11:58+09:00,28396.0,Varmail,1,1,8125938982912,1983871822,2954946131,2.4894844002678718,active_cumulative,/home/oy/iCAT/result/mixF-fixed37-tenhour-20261004/mixF-fixed37-rep1-x30/control-series.txt
1791069148,2026-10-04T08:12:28+09:00,28426.0,Varmail,1,1,8141495156736,1987669716,2960709053,2.4895377381701778,active_cumulative,/home/oy/iCAT/result/mixF-fixed37-tenhour-20261004/mixF-fixed37-rep1-x30/control-series.txt
1791069178,2026-10-04T08:12:58+09:00,28456.0,Varmail,1,1,8157103890432,1991480442,2966456216,2.4895733613235254,active_cumulative,/home/oy/iCAT/result/mixF-fixed37-tenhour-20261004/mixF-fixed37-rep1-x30/control-series.txt
1791069208,2026-10-04T08:13:28+09:00,28486.0,Varmail,1,1,8172676890624,1995282444,2972199872,2.4896136037971375,active_cumulative,/home/oy/iCAT/result/mixF-fixed37-tenhour-20261004/mixF-fixed37-rep1-x30/control-series.txt
1791069238,2026-10-04T08:13:58+09:00,28516.0,Varmail,1,1,8188283473920,1999092645,2977972267,2.4896619596136826,active_cumulative,/home/oy/iCAT/result/mixF-fixed37-tenhour-20261004/mixF-fixed37-rep1-x30/control-series.txt
1791069268,2026-10-04T08:14:28+09:00,28546.0,Varmail,1,1,8203842048000,2002891125,2983713502,2.4897032917852684,active_cumulative,/home/oy/iCAT/result/mixF-fixed37-tenhour-20261004/mixF-fixed37-rep1-x30/control-series.txt
1791069298,2026-10-04T08:14:58+09:00,28576.0,Varmail,1,1,8219439673344,2006699139,2989464481,2.4897422453122404,active_cumulative,/home/oy/iCAT/result/mixF-fixed37-tenhour-20261004/mixF-fixed37-rep1-x30/control-series.txt
1791069328,2026-10-04T08:15:28+09:00,28606.0,Varmail,1,1,8235071049728,2010515393,2995232998,2.489783668619741,active_cumulative,/home/oy/iCAT/result/mixF-fixed37-tenhour-20261004/mixF-fixed37-rep1-x30/control-series.txt
1791069358,2026-10-04T08:15:58+09:00,28636.0,Varmail,1,1,8250670559232,2014323867,3000998105,2.4898289963021125,active_cumulative,/home/oy/iCAT/result/mixF-fixed37-tenhour-20261004/mixF-fixed37-rep1-x30/control-series.txt
1791069388,2026-10-04T08:16:28+09:00,28666.0,Varmail,1,1,8266296881152,2018138887,3006763402,2.489869414522609,active_cumulative,/home/oy/iCAT/result/mixF-fixed37-tenhour-20261004/mixF-fixed37-rep1-x30/control-series.txt
1791069418,2026-10-04T08:16:58+09:00,28696.0,Varmail,1,1,8281894260736,2021946841,3012516910,2.489909056417176,active_cumulative,/home/oy/iCAT/result/mixF-fixed37-tenhour-20261004/mixF-fixed37-rep1-x30/control-series.txt
1791069448,2026-10-04T08:17:28+09:00,28726.0,Varmail,1,1,8297499705344,2025756764,3018267960,2.4899458876988847,active_cumulative,/home/oy/iCAT/result/mixF-fixed37-tenhour-20261004/mixF-fixed37-rep1-x30/control-series.txt
1791069478,2026-10-04T08:17:58+09:00,28756.0,Varmail,1,1,8313103495168,2029566283,3024003532,2.4899752510324884,active_cumulative,/home/oy/iCAT/result/mixF-fixed37-tenhour-20261004/mixF-fixed37-rep1-x30/control-series.txt
1791069508,2026-10-04T08:18:28+09:00,28786.0,Varmail,1,1,8328689586176,2033371481,3029745708,2.490010918472206,active_cumulative,/home/oy/iCAT/result/mixF-fixed37-tenhour-20261004/mixF-fixed37-rep1-x30/control-series.txt
1791069538,2026-10-04T08:18:58+09:00,28816.0,Varmail,1,1,8344296529920,2037181770,3035475523,2.4900366612842797,active_cumulative,/home/oy/iCAT/result/mixF-fixed37-tenhour-20261004/mixF-fixed37-rep1-x30/control-series.txt
1791069568,2026-10-04T08:19:28+09:00,28846.0,Varmail,1,1,8359899947008,2040991198,3041222600,2.4900713942226416,active_cumulative,/home/oy/iCAT/result/mixF-fixed37-tenhour-20261004/mixF-fixed37-rep1-x30/control-series.txt
1791069598,2026-10-04T08:19:58+09:00,28876.0,Varmail,1,1,8375517327360,2044804035,3046977982,2.4901075750273547,active_cumulative,/home/oy/iCAT/result/mixF-fixed37-tenhour-20261004/mixF-fixed37-rep1-x30/control-series.txt
1791069628,2026-10-04T08:20:28+09:00,28906.0,Varmail,1,1,8391108952064,2048610584,3052712153,2.4901378411505855,active_cumulative,/home/oy/iCAT/result/mixF-fixed37-tenhour-20261004/mixF-fixed37-rep1-x30/control-series.txt
1791069658,2026-10-04T08:20:58+09:00,28936.0,Varmail,1,1,8406758219776,2052431206,3058454317,2.490161671708669,active_cumulative,/home/oy/iCAT/result/mixF-fixed37-tenhour-20261004/mixF-fixed37-rep1-x30/control-series.txt
1791069688,2026-10-04T08:21:28+09:00,28966.0,Varmail,1,1,8422407024640,2056251715,3064210442,2.490192285140538,active_cumulative,/home/oy/iCAT/result/mixF-fixed37-tenhour-20261004/mixF-fixed37-rep1-x30/control-series.txt
1791069718,2026-10-04T08:21:58+09:00,28996.0,Varmail,1,1,8437999689728,2060058518,3069943438,2.490221472436833,active_cumulative,/home/oy/iCAT/result/mixF-fixed37-tenhour-20261004/mixF-fixed37-rep1-x30/control-series.txt
1791069748,2026-10-04T08:22:28+09:00,29026.0,Varmail,1,1,8453587603456,2063864161,3075660658,2.4902437457462105,active_cumulative,/home/oy/iCAT/result/mixF-fixed37-tenhour-20261004/mixF-fixed37-rep1-x30/control-series.txt
1791069778,2026-10-04T08:22:58+09:00,29056.0,Varmail,1,1,8469110063104,2067653824,3081356818,2.4902672692273655,active_cumulative,/home/oy/iCAT/result/mixF-fixed37-tenhour-20261004/mixF-fixed37-rep1-x30/control-series.txt
1791069808,2026-10-04T08:23:28+09:00,29086.0,Varmail,1,1,8484670820352,2071452837,3087065355,2.4902899548854176,active_cumulative,/home/oy/iCAT/result/mixF-fixed37-tenhour-20261004/mixF-fixed37-rep1-x30/control-series.txt
1791069838,2026-10-04T08:23:58+09:00,29116.0,Varmail,1,1,8500284563456,2075264786,3092789005,2.49031055018345,active_cumulative,/home/oy/iCAT/result/mixF-fixed37-tenhour-20261004/mixF-fixed37-rep1-x30/control-series.txt
1791069868,2026-10-04T08:24:28+09:00,29146.0,Varmail,1,1,8515922272256,2079082586,3098521225,2.4903309978471437,active_cumulative,/home/oy/iCAT/result/mixF-fixed37-tenhour-20261004/mixF-fixed37-rep1-x30/control-series.txt
1791069898,2026-10-04T08:24:58+09:00,29176.0,Varmail,1,1,8531509964800,2082888175,3104228682,2.4903482190060444,active_cumulative,/home/oy/iCAT/result/mixF-fixed37-tenhour-20261004/mixF-fixed37-rep1-x30/control-series.txt
1791069928,2026-10-04T08:25:28+09:00,29206.0,Varmail,1,1,8547108147200,2086696325,3109941012,2.4903658834976863,active_cumulative,/home/oy/iCAT/result/mixF-fixed37-tenhour-20261004/mixF-fixed37-rep1-x30/control-series.txt
1791069958,2026-10-04T08:25:58+09:00,29236.0,Varmail,1,1,8562661580800,2090493550,3115644714,2.4903871451791852,active_cumulative,/home/oy/iCAT/result/mixF-fixed37-tenhour-20261004/mixF-fixed37-rep1-x30/control-series.txt
1791069988,2026-10-04T08:26:28+09:00,29266.0,Varmail,1,1,8578266206208,2094303273,3121372733,2.4904110465953515,active_cumulative,/home/oy/iCAT/result/mixF-fixed37-tenhour-20261004/mixF-fixed37-rep1-x30/control-series.txt
1791070018,2026-10-04T08:26:58+09:00,29296.0,Varmail,1,1,8593842364416,2098106046,3127099084,2.4904390032914474,active_cumulative,/home/oy/iCAT/result/mixF-fixed37-tenhour-20261004/mixF-fixed37-rep1-x30/control-series.txt
1791070048,2026-10-04T08:27:28+09:00,29326.0,Varmail,1,1,8609446576128,2101915668,3132826942,2.490462719173184,active_cumulative,/home/oy/iCAT/result/mixF-fixed37-tenhour-20261004/mixF-fixed37-rep1-x30/control-series.txt
1791070078,2026-10-04T08:27:58+09:00,29356.0,Varmail,1,1,8625058394112,2105727147,3138569087,2.490491819641246,active_cumulative,/home/oy/iCAT/result/mixF-fixed37-tenhour-20261004/mixF-fixed37-rep1-x30/control-series.txt
1791070108,2026-10-04T08:28:28+09:00,29386.0,Varmail,1,1,8640687665152,2109542887,3144312179,2.4905182532086627,active_cumulative,/home/oy/iCAT/result/mixF-fixed37-tenhour-20261004/mixF-fixed37-rep1-x30/control-series.txt
1791070138,2026-10-04T08:28:58+09:00,29416.0,Varmail,1,1,8656269168640,2113346965,3150040861,2.490545997968677,active_cumulative,/home/oy/iCAT/result/mixF-fixed37-tenhour-20261004/mixF-fixed37-rep1-x30/control-series.txt
1791070168,2026-10-04T08:29:28+09:00,29446.0,Varmail,1,1,8671876595712,2117157372,3155756516,2.490563034064338,active_cumulative,/home/oy/iCAT/result/mixF-fixed37-tenhour-20261004/mixF-fixed37-rep1-x30/control-series.txt
1791070198,2026-10-04T08:29:58+09:00,29476.0,Varmail,1,1,8687500877824,2120971894,3161495462,2.4905880982881143,active_cumulative,/home/oy/iCAT/result/mixF-fixed37-tenhour-20261004/mixF-fixed37-rep1-x30/control-series.txt
1791070228,2026-10-04T08:30:28+09:00,29506.0,Varmail,1,1,8703123148800,2124785925,3167236567,2.4906144330751814,active_cumulative,/home/oy/iCAT/result/mixF-fixed37-tenhour-20261004/mixF-fixed37-rep1-x30/control-series.txt
1791070258,2026-10-04T08:30:58+09:00,29536.0,Varmail,1,1,8718769795072,2128605907,3172971240,2.4906334843690727,active_cumulative,/home/oy/iCAT/result/mixF-fixed37-tenhour-20261004/mixF-fixed37-rep1-x30/control-series.txt
1791070288,2026-10-04T08:31:28+09:00,29566.0,Varmail,1,1,8734433341440,2132430015,3178712397,2.490652623833003,active_cumulative,/home/oy/iCAT/result/mixF-fixed37-tenhour-20261004/mixF-fixed37-rep1-x30/control-series.txt
1791070318,2026-10-04T08:31:58+09:00,29596.0,Varmail,1,1,8750108684288,2136257003,3184443403,2.4906649333521225,active_cumulative,/home/oy/iCAT/result/mixF-fixed37-tenhour-20261004/mixF-fixed37-rep1-x30/control-series.txt
1791070348,2026-10-04T08:32:28+09:00,29626.0,Varmail,1,1,8765754433536,2140076766,3190173062,2.490681602026233,active_cumulative,/home/oy/iCAT/result/mixF-fixed37-tenhour-20261004/mixF-fixed37-rep1-x30/control-series.txt
1791070378,2026-10-04T08:32:58+09:00,29656.0,Varmail,1,1,8781431844864,2143904259,3195917952,2.490699940812982,active_cumulative,/home/oy/iCAT/result/mixF-fixed37-tenhour-20261004/mixF-fixed37-rep1-x30/control-series.txt
1791070408,2026-10-04T08:33:28+09:00,29686.0,Varmail,1,1,8797063671808,2147720623,3201642441,2.4907164398914468,active_cumulative,/home/oy/iCAT/result/mixF-fixed37-tenhour-20261004/mixF-fixed37-rep1-x30/control-series.txt
1791070438,2026-10-04T08:33:58+09:00,29716.0,Varmail,1,1,8812673425408,2151531598,3207351944,2.4907296490469673,active_cumulative,/home/oy/iCAT/result/mixF-fixed37-tenhour-20261004/mixF-fixed37-rep1-x30/control-series.txt
1791070468,2026-10-04T08:34:28+09:00,29746.0,Varmail,1,1,8828272037888,2155339853,3213057488,2.49074285594811,active_cumulative,/home/oy/iCAT/result/mixF-fixed37-tenhour-20261004/mixF-fixed37-rep1-x30/control-series.txt
1791070498,2026-10-04T08:34:58+09:00,29776.0,Varmail,1,1,8843927908352,2159162087,3218762660,2.490746192414039,active_cumulative,/home/oy/iCAT/result/mixF-fixed37-tenhour-20261004/mixF-fixed37-rep1-x30/control-series.txt
1791070528,2026-10-04T08:35:28+09:00,29806.0,Varmail,1,1,8859548880896,2162975801,3224462949,2.490753131638942,active_cumulative,/home/oy/iCAT/result/mixF-fixed37-tenhour-20261004/mixF-fixed37-rep1-x30/control-series.txt
1791070558,2026-10-04T08:35:58+09:00,29836.0,Varmail,1,1,8875155529728,2166786018,3230168220,2.4907647516488636,active_cumulative,/home/oy/iCAT/result/mixF-fixed37-tenhour-20261004/mixF-fixed37-rep1-x30/control-series.txt
1791070588,2026-10-04T08:36:28+09:00,29866.0,Varmail,1,1,8890790383616,2170603121,3235864383,2.4907674054708044,active_cumulative,/home/oy/iCAT/result/mixF-fixed37-tenhour-20261004/mixF-fixed37-rep1-x30/control-series.txt
1791070618,2026-10-04T08:36:58+09:00,29896.0,Varmail,1,1,8906421489664,2174419309,3241575725,2.4907776580087386,active_cumulative,/home/oy/iCAT/result/mixF-fixed37-tenhour-20261004/mixF-fixed37-rep1-x30/control-series.txt
1791070648,2026-10-04T08:37:28+09:00,29926.0,Varmail,1,1,8922044260352,2178233462,3247289992,2.4907906102123776,active_cumulative,/home/oy/iCAT/result/mixF-fixed37-tenhour-20261004/mixF-fixed37-rep1-x30/control-series.txt
1791070678,2026-10-04T08:37:58+09:00,29956.0,Varmail,1,1,8937689743360,2182053160,3253009575,2.490802164966503,active_cumulative,/home/oy/iCAT/result/mixF-fixed37-tenhour-20261004/mixF-fixed37-rep1-x30/control-series.txt
1791070708,2026-10-04T08:38:28+09:00,29986.0,Varmail,1,1,8953376116736,2185882841,3258740789,2.4908121917042854,active_cumulative,/home/oy/iCAT/result/mixF-fixed37-tenhour-20261004/mixF-fixed37-rep1-x30/control-series.txt
1791070738,2026-10-04T08:38:58+09:00,30016.0,Varmail,1,1,8969016016896,2189701176,3264456568,2.4908228592009487,active_cumulative,/home/oy/iCAT/result/mixF-fixed37-tenhour-20261004/mixF-fixed37-rep1-x30/control-series.txt
1791070768,2026-10-04T08:39:28+09:00,30046.0,Varmail,1,1,8984678711296,2193525076,3270179803,2.4908331063911664,active_cumulative,/home/oy/iCAT/result/mixF-fixed37-tenhour-20261004/mixF-fixed37-rep1-x30/control-series.txt
1791070798,2026-10-04T08:39:58+09:00,30076.0,Varmail,1,1,9000350699520,2197351245,3275893402,2.490837393181535,active_cumulative,/home/oy/iCAT/result/mixF-fixed37-tenhour-20261004/mixF-fixed37-rep1-x30/control-series.txt
1791070828,2026-10-04T08:40:28+09:00,30106.0,Varmail,1,1,9016032890880,2201179905,3281623921,2.490847664720981,active_cumulative,/home/oy/iCAT/result/mixF-fixed37-tenhour-20261004/mixF-fixed37-rep1-x30/control-series.txt
1791070858,2026-10-04T08:40:58+09:00,30136.0,Varmail,1,1,9031656611840,2204994290,3287326322,2.490854800354154,active_cumulative,/home/oy/iCAT/result/mixF-fixed37-tenhour-20261004/mixF-fixed37-rep1-x30/control-series.txt
1791070888,2026-10-04T08:41:28+09:00,30166.0,Varmail,1,1,9047321927680,2208818830,3293043579,2.490861782901407,active_cumulative,/home/oy/iCAT/result/mixF-fixed37-tenhour-20261004/mixF-fixed37-rep1-x30/control-series.txt
1791070918,2026-10-04T08:41:58+09:00,30196.0,Varmail,1,1,9063008309248,2212648513,3298777200,2.490872671650583,active_cumulative,/home/oy/iCAT/result/mixF-fixed37-tenhour-20261004/mixF-fixed37-rep1-x30/control-series.txt
1791070948,2026-10-04T08:42:28+09:00,30226.0,Varmail,1,1,9078701277184,2216479804,3304512151,2.490883041224408,active_cumulative,/home/oy/iCAT/result/mixF-fixed37-tenhour-20261004/mixF-fixed37-rep1-x30/control-series.txt
1791070978,2026-10-04T08:42:58+09:00,30256.0,Varmail,1,1,9094379786240,2220307565,3310237822,2.4908915657367494,active_cumulative,/home/oy/iCAT/result/mixF-fixed37-tenhour-20261004/mixF-fixed37-rep1-x30/control-series.txt
1791071008,2026-10-04T08:43:28+09:00,30286.0,Varmail,1,1,9110082854912,2224141322,3315957906,2.49089352965135,active_cumulative,/home/oy/iCAT/result/mixF-fixed37-tenhour-20261004/mixF-fixed37-rep1-x30/control-series.txt
1791071038,2026-10-04T08:43:58+09:00,30316.0,Varmail,1,1,9125783212032,2227974417,3321688883,2.490900818992663,active_cumulative,/home/oy/iCAT/result/mixF-fixed37-tenhour-20261004/mixF-fixed37-rep1-x30/control-series.txt
1791071068,2026-10-04T08:44:28+09:00,30346.0,Varmail,1,1,9141462392832,2231802342,3327421926,2.4909124627130623,active_cumulative,/home/oy/iCAT/result/mixF-fixed37-tenhour-20261004/mixF-fixed37-rep1-x30/control-series.txt
1791071098,2026-10-04T08:44:58+09:00,30376.0,Varmail,1,1,9157150810112,2235632522,3333150577,2.4909205981751237,active_cumulative,/home/oy/iCAT/result/mixF-fixed37-tenhour-20261004/mixF-fixed37-rep1-x30/control-series.txt
1791071128,2026-10-04T08:45:28+09:00,30406.0,Varmail,1,1,9172835364864,2239461759,3338873883,2.4909269468798283,active_cumulative,/home/oy/iCAT/result/mixF-fixed37-tenhour-20261004/mixF-fixed37-rep1-x30/control-series.txt
1791071158,2026-10-04T08:45:58+09:00,30436.0,Varmail,1,1,9188525592576,2243292381,3344588143,2.490928320948102,active_cumulative,/home/oy/iCAT/result/mixF-fixed37-tenhour-20261004/mixF-fixed37-rep1-x30/control-series.txt
1791071188,2026-10-04T08:46:28+09:00,30466.0,Varmail,1,1,9204216918016,2247123271,3350306939,2.4909315310989006,active_cumulative,/home/oy/iCAT/result/mixF-fixed37-tenhour-20261004/mixF-fixed37-rep1-x30/control-series.txt
1791071218,2026-10-04T08:46:58+09:00,30496.0,Varmail,1,1,9219878174720,2250946820,3356012830,2.4909338595569306,active_cumulative,/home/oy/iCAT/result/mixF-fixed37-tenhour-20261004/mixF-fixed37-rep1-x30/control-series.txt
1791071248,2026-10-04T08:47:28+09:00,30526.0,Varmail,1,1,9235557937152,2254774887,3361730198,2.490938282744853,active_cumulative,/home/oy/iCAT/result/mixF-fixed37-tenhour-20261004/mixF-fixed37-rep1-x30/control-series.txt
1791071278,2026-10-04T08:47:58+09:00,30556.0,Varmail,1,1,9251220705280,2258598805,3367455671,2.490949018278614,active_cumulative,/home/oy/iCAT/result/mixF-fixed37-tenhour-20261004/mixF-fixed37-rep1-x30/control-series.txt
1791071308,2026-10-04T08:48:28+09:00,30586.0,Varmail,1,1,9266882695168,2262422533,3373159971,2.4909504841817274,active_cumulative,/home/oy/iCAT/result/mixF-fixed37-tenhour-20261004/mixF-fixed37-rep1-x30/control-series.txt
1791071338,2026-10-04T08:48:58+09:00,30616.0,Varmail,1,1,9282523443200,2266241075,3378867737,2.4909568863939153,active_cumulative,/home/oy/iCAT/result/mixF-fixed37-tenhour-20261004/mixF-fixed37-rep1-x30/control-series.txt
1791071368,2026-10-04T08:49:28+09:00,30646.0,Varmail,1,1,9298169925632,2270061017,3384579906,2.490964287150701,active_cumulative,/home/oy/iCAT/result/mixF-fixed37-tenhour-20261004/mixF-fixed37-rep1-x30/control-series.txt
1791071398,2026-10-04T08:49:58+09:00,30676.0,Varmail,1,1,9313867669504,2273893474,3390310205,2.490971430177032,active_cumulative,/home/oy/iCAT/result/mixF-fixed37-tenhour-20261004/mixF-fixed37-rep1-x30/control-series.txt
1791071428,2026-10-04T08:50:28+09:00,30706.0,Varmail,1,1,9329583439872,2277730332,3396035285,2.490973377001154,active_cumulative,/home/oy/iCAT/result/mixF-fixed37-tenhour-20261004/mixF-fixed37-rep1-x30/control-series.txt
1791071458,2026-10-04T08:50:58+09:00,30736.0,Varmail,1,1,9345233883136,2281551241,3401740897,2.4909772070291187,active_cumulative,/home/oy/iCAT/result/mixF-fixed37-tenhour-20261004/mixF-fixed37-rep1-x30/control-series.txt
1791071488,2026-10-04T08:51:28+09:00,30766.0,Varmail,1,1,9360926720000,2285382500,3407446075,2.4909740820190933,active_cumulative,/home/oy/iCAT/result/mixF-fixed37-tenhour-20261004/mixF-fixed37-rep1-x30/control-series.txt
1791071518,2026-10-04T08:51:58+09:00,30796.0,Varmail,1,1,9376610639872,2289211582,3413154448,2.4909737810334036,active_cumulative,/home/oy/iCAT/result/mixF-fixed37-tenhour-20261004/mixF-fixed37-rep1-x30/control-series.txt
1791071548,2026-10-04T08:52:28+09:00,30826.0,Varmail,1,1,9392288301056,2293039136,3418865618,2.490975694363378,active_cumulative,/home/oy/iCAT/result/mixF-fixed37-tenhour-20261004/mixF-fixed37-rep1-x30/control-series.txt
1791071578,2026-10-04T08:52:58+09:00,30856.0,Varmail,1,1,9407971848192,2296868127,3424563765,2.490970998614933,active_cumulative,/home/oy/iCAT/result/mixF-fixed37-tenhour-20261004/mixF-fixed37-rep1-x30/control-series.txt
1791071608,2026-10-04T08:53:28+09:00,30886.0,Varmail,1,1,9423652454400,2300696400,3430276495,2.4909731223120097,active_cumulative,/home/oy/iCAT/result/mixF-fixed37-tenhour-20261004/mixF-fixed37-rep1-x30/control-series.txt
1791071638,2026-10-04T08:53:58+09:00,30916.0,Varmail,1,1,9439307149312,2304518347,3435969541,2.4909707902620575,active_cumulative,/home/oy/iCAT/result/mixF-fixed37-tenhour-20261004/mixF-fixed37-rep1-x30/control-series.txt
1791071668,2026-10-04T08:54:28+09:00,30946.0,Varmail,1,1,9455031930880,2308357405,3441679484,2.4909647338601797,active_cumulative,/home/oy/iCAT/result/mixF-fixed37-tenhour-20261004/mixF-fixed37-rep1-x30/control-series.txt
1791071698,2026-10-04T08:54:58+09:00,30976.0,Varmail,1,1,9470698586112,2312182272,3447373709,2.4909610504097834,active_cumulative,/home/oy/iCAT/result/mixF-fixed37-tenhour-20261004/mixF-fixed37-rep1-x30/control-series.txt
1791071728,2026-10-04T08:55:28+09:00,31006.0,Varmail,1,1,9486350692352,2316003587,3453075559,2.490962958081118,active_cumulative,/home/oy/iCAT/result/mixF-fixed37-tenhour-20261004/mixF-fixed37-rep1-x30/control-series.txt
1791071758,2026-10-04T08:55:58+09:00,31036.0,Varmail,1,1,9502037811200,2319833450,3458762610,2.4909529863016675,active_cumulative,/home/oy/iCAT/result/mixF-fixed37-tenhour-20261004/mixF-fixed37-rep1-x30/control-series.txt
1791071788,2026-10-04T08:56:28+09:00,31066.0,Varmail,1,1,9517715046400,2323660900,3464448251,2.490943988858271,active_cumulative,/home/oy/iCAT/result/mixF-fixed37-tenhour-20261004/mixF-fixed37-rep1-x30/control-series.txt
1791071818,2026-10-04T08:56:58+09:00,31096.0,Varmail,1,1,9533397659648,2327489663,3470145486,2.4909391612623457,active_cumulative,/home/oy/iCAT/result/mixF-fixed37-tenhour-20261004/mixF-fixed37-rep1-x30/control-series.txt
1791071848,2026-10-04T08:57:28+09:00,31126.0,Varmail,1,1,9549112483840,2331326290,3475848017,2.4909315919909263,active_cumulative,/home/oy/iCAT/result/mixF-fixed37-tenhour-20261004/mixF-fixed37-rep1-x30/control-series.txt
1791071878,2026-10-04T08:57:58+09:00,31156.0,Varmail,1,1,9564833779712,2335164497,3481537420,2.4909174169411843,active_cumulative,/home/oy/iCAT/result/mixF-fixed37-tenhour-20261004/mixF-fixed37-rep1-x30/control-series.txt
1791071908,2026-10-04T08:58:28+09:00,31186.0,Varmail,1,1,9580528713728,2338996268,3487237925,2.4909121372740897,active_cumulative,/home/oy/iCAT/result/mixF-fixed37-tenhour-20261004/mixF-fixed37-rep1-x30/control-series.txt
1791071938,2026-10-04T08:58:58+09:00,31216.0,Varmail,1,1,9596222377984,2342827729,3492938532,2.4909071156891707,active_cumulative,/home/oy/iCAT/result/mixF-fixed37-tenhour-20261004/mixF-fixed37-rep1-x30/control-series.txt
1791071968,2026-10-04T08:59:28+09:00,31246.0,Varmail,1,1,9611914653696,2346658851,3498646088,2.490905287110265,active_cumulative,/home/oy/iCAT/result/mixF-fixed37-tenhour-20261004/mixF-fixed37-rep1-x30/control-series.txt
1791071998,2026-10-04T08:59:58+09:00,31276.0,Varmail,1,1,9627651698688,2350500903,3504357939,2.490898358952896,active_cumulative,/home/oy/iCAT/result/mixF-fixed37-tenhour-20261004/mixF-fixed37-rep1-x30/control-series.txt
1791072028,2026-10-04T09:00:28+09:00,31306.0,Varmail,1,1,9643322048512,2354326672,3510045434,2.49089141950646,active_cumulative,/home/oy/iCAT/result/mixF-fixed37-tenhour-20261004/mixF-fixed37-rep1-x30/control-series.txt
1791072058,2026-10-04T09:00:58+09:00,31336.0,Varmail,1,1,9659038760960,2358163760,3515758769,2.4908883041269365,active_cumulative,/home/oy/iCAT/result/mixF-fixed37-tenhour-20261004/mixF-fixed37-rep1-x30/control-series.txt
1791072088,2026-10-04T09:01:28+09:00,31366.0,Varmail,1,1,9674798841856,2362011436,3521453070,2.4908704574112823,active_cumulative,/home/oy/iCAT/result/mixF-fixed37-tenhour-20261004/mixF-fixed37-rep1-x30/control-series.txt
1791072118,2026-10-04T09:01:58+09:00,31396.0,Varmail,1,1,9690506641408,2365846348,3527161593,2.490866723437781,active_cumulative,/home/oy/iCAT/result/mixF-fixed37-tenhour-20261004/mixF-fixed37-rep1-x30/control-series.txt
1791072148,2026-10-04T09:02:28+09:00,31426.0,Varmail,1,1,9706198097920,2369677270,3532858780,2.490860728051799,active_cumulative,/home/oy/iCAT/result/mixF-fixed37-tenhour-20261004/mixF-fixed37-rep1-x30/control-series.txt
1791072178,2026-10-04T09:02:58+09:00,31456.0,Varmail,1,1,9721886281728,2373507393,3538548707,2.4908521951252247,active_cumulative,/home/oy/iCAT/result/mixF-fixed37-tenhour-20261004/mixF-fixed37-rep1-x30/control-series.txt
1791072208,2026-10-04T09:03:28+09:00,31486.0,Varmail,1,1,9737594654720,2377342445,3544242825,2.4908423615849755,active_cumulative,/home/oy/iCAT/result/mixF-fixed37-tenhour-20261004/mixF-fixed37-rep1-x30/control-series.txt
1791072238,2026-10-04T09:03:58+09:00,31516.0,Varmail,1,1,9753279250432,2381171692,3549929203,2.490832943683424,active_cumulative,/home/oy/iCAT/result/mixF-fixed37-tenhour-20261004/mixF-fixed37-rep1-x30/control-series.txt
1791072268,2026-10-04T09:04:28+09:00,31546.0,Varmail,1,1,9768962658304,2385000649,3555605325,2.490819437089386,active_cumulative,/home/oy/iCAT/result/mixF-fixed37-tenhour-20261004/mixF-fixed37-rep1-x30/control-series.txt
1791072298,2026-10-04T09:04:58+09:00,31576.0,Varmail,1,1,9784652857344,2388831264,3561309202,2.4908165577323924,active_cumulative,/home/oy/iCAT/result/mixF-fixed37-tenhour-20261004/mixF-fixed37-rep1-x30/control-series.txt
1791072328,2026-10-04T09:05:28+09:00,31606.0,Varmail,1,1,9800355291136,2392664866,3566994424,2.4908040297190537,active_cumulative,/home/oy/iCAT/result/mixF-fixed37-tenhour-20261004/mixF-fixed37-rep1-x30/control-series.txt
1791072358,2026-10-04T09:05:58+09:00,31636.0,Varmail,1,1,9816039399424,2396493994,3572671910,2.490791096887681,active_cumulative,/home/oy/iCAT/result/mixF-fixed37-tenhour-20261004/mixF-fixed37-rep1-x30/control-series.txt
1791072388,2026-10-04T09:06:28+09:00,31666.0,Varmail,1,1,9831708102656,2400319361,3578350428,2.4907809711242836,active_cumulative,/home/oy/iCAT/result/mixF-fixed37-tenhour-20261004/mixF-fixed37-rep1-x30/control-series.txt
1791072418,2026-10-04T09:06:58+09:00,31696.0,Varmail,1,1,9847357333504,2404139974,3584023902,2.4907717274202272,active_cumulative,/home/oy/iCAT/result/mixF-fixed37-tenhour-20261004/mixF-fixed37-rep1-x30/control-series.txt
1791072448,2026-10-04T09:07:28+09:00,31726.0,Varmail,1,1,9863011627008,2407961823,3589702727,2.4907639700565136,active_cumulative,/home/oy/iCAT/result/mixF-fixed37-tenhour-20261004/mixF-fixed37-rep1-x30/control-series.txt
1791072478,2026-10-04T09:07:58+09:00,31756.0,Varmail,1,1,9878617354240,2411771815,3595357360,2.490753535487353,active_cumulative,/home/oy/iCAT/result/mixF-fixed37-tenhour-20261004/mixF-fixed37-rep1-x30/control-series.txt
1791072508,2026-10-04T09:08:28+09:00,31786.0,Varmail,1,1,9894254739456,2415589536,3601017036,2.490740451692369,active_cumulative,/home/oy/iCAT/result/mixF-fixed37-tenhour-20261004/mixF-fixed37-rep1-x30/control-series.txt
1791072538,2026-10-04T09:08:58+09:00,31816.0,Varmail,1,1,9909897994240,2419408690,3606682079,2.490728744551215,active_cumulative,/home/oy/iCAT/result/mixF-fixed37-tenhour-20261004/mixF-fixed37-rep1-x30/control-series.txt
1791072568,2026-10-04T09:09:28+09:00,31846.0,Varmail,1,1,9925563568128,2423233293,3612345408,2.4907130148941876,active_cumulative,/home/oy/iCAT/result/mixF-fixed37-tenhour-20261004/mixF-fixed37-rep1-x30/control-series.txt
1791072598,2026-10-04T09:09:58+09:00,31876.0,Varmail,1,1,9941234221056,2427059136,3618020568,2.4907014478282576,active_cumulative,/home/oy/iCAT/result/mixF-fixed37-tenhour-20261004/mixF-fixed37-rep1-x30/control-series.txt
1791072628,2026-10-04T09:10:28+09:00,31906.0,Varmail,1,1,9956870291456,2430876536,3623682607,2.490689697043503,active_cumulative,/home/oy/iCAT/result/mixF-fixed37-tenhour-20261004/mixF-fixed37-rep1-x30/control-series.txt
1791072658,2026-10-04T09:10:58+09:00,31936.0,Varmail,1,1,9972554170368,2434705608,3629359781,2.490677053141285,active_cumulative,/home/oy/iCAT/result/mixF-fixed37-tenhour-20261004/mixF-fixed37-rep1-x30/control-series.txt
1791072688,2026-10-04T09:11:28+09:00,31966.0,Varmail,1,1,9988251222016,2438537896,3635034031,2.4906612839450415,active_cumulative,/home/oy/iCAT/result/mixF-fixed37-tenhour-20261004/mixF-fixed37-rep1-x30/control-series.txt
1791072718,2026-10-04T09:11:58+09:00,31996.0,Varmail,1,1,10003933241344,2442366514,3640711655,2.490649185587385,active_cumulative,/home/oy/iCAT/result/mixF-fixed37-tenhour-20261004/mixF-fixed37-rep1-x30/control-series.txt
1791072748,2026-10-04T09:12:28+09:00,32026.0,Varmail,1,1,10019665248256,2446207336,3646395568,2.4906322593090287,active_cumulative,/home/oy/iCAT/result/mixF-fixed37-tenhour-20261004/mixF-fixed37-rep1-x30/control-series.txt
1791072778,2026-10-04T09:12:58+09:00,32056.0,Varmail,1,1,10035386589184,2450045554,3652083344,2.490618547086819,active_cumulative,/home/oy/iCAT/result/mixF-fixed37-tenhour-20261004/mixF-fixed37-rep1-x30/control-series.txt
1791072808,2026-10-04T09:13:28+09:00,32086.0,Varmail,1,1,10051088375808,2453878998,3657765823,2.4906056190958115,active_cumulative,/home/oy/iCAT/result/mixF-fixed37-tenhour-20261004/mixF-fixed37-rep1-x30/control-series.txt
1791072838,2026-10-04T09:13:58+09:00,32116.0,Varmail,1,1,10066778992640,2457709715,3663433808,2.490588487989925,active_cumulative,/home/oy/iCAT/result/mixF-fixed37-tenhour-20261004/mixF-fixed37-rep1-x30/control-series.txt
1791072868,2026-10-04T09:14:28+09:00,32146.0,Varmail,1,1,10082458255360,2461537660,3669106910,2.490575167556039,active_cumulative,/home/oy/iCAT/result/mixF-fixed37-tenhour-20261004/mixF-fixed37-rep1-x30/control-series.txt
1791072898,2026-10-04T09:14:58+09:00,32176.0,Varmail,1,1,10098155061248,2465369888,3674764092,2.490552841537748,active_cumulative,/home/oy/iCAT/result/mixF-fixed37-tenhour-20261004/mixF-fixed37-rep1-x30/control-series.txt
1791072929,2026-10-04T09:15:29+09:00,32207.0,Varmail,1,1,10113919275008,2469218573,3680445964,2.4905306497546746,active_cumulative,/home/oy/iCAT/result/mixF-fixed37-tenhour-20261004/mixF-fixed37-rep1-x30/control-series.txt
1791072959,2026-10-04T09:15:59+09:00,32237.0,Varmail,1,1,10129666654208,2473063148,3686119086,2.4905074660066866,active_cumulative,/home/oy/iCAT/result/mixF-fixed37-tenhour-20261004/mixF-fixed37-rep1-x30/control-series.txt
1791072989,2026-10-04T09:16:29+09:00,32267.0,Varmail,1,1,10145381629952,2476899812,3691782260,2.490485098393637,active_cumulative,/home/oy/iCAT/result/mixF-fixed37-tenhour-20261004/mixF-fixed37-rep1-x30/control-series.txt
1791073019,2026-10-04T09:16:59+09:00,32297.0,Varmail,1,1,10161087348736,2480734216,3697453470,2.4904673971731923,active_cumulative,/home/oy/iCAT/result/mixF-fixed37-tenhour-20261004/mixF-fixed37-rep1-x30/control-series.txt
1791073049,2026-10-04T09:17:29+09:00,32327.0,Varmail,1,1,10176776642560,2484564610,3703106360,2.490444782597141,active_cumulative,/home/oy/iCAT/result/mixF-fixed37-tenhour-20261004/mixF-fixed37-rep1-x30/control-series.txt
1791073079,2026-10-04T09:17:59+09:00,32357.0,Varmail,1,1,10192457465856,2488392936,3708751079,2.4904201926250766,active_cumulative,/home/oy/iCAT/result/mixF-fixed37-tenhour-20261004/mixF-fixed37-rep1-x30/control-series.txt
1791073109,2026-10-04T09:18:29+09:00,32387.0,Varmail,1,1,10208119971840,2492216790,3714386376,2.4903945719746154,active_cumulative,/home/oy/iCAT/result/mixF-fixed37-tenhour-20261004/mixF-fixed37-rep1-x30/control-series.txt
1791073139,2026-10-04T09:18:59+09:00,32417.0,Varmail,1,1,10223727284224,2496027169,3720030444,2.4903805896833973,active_cumulative,/home/oy/iCAT/result/mixF-fixed37-tenhour-20261004/mixF-fixed37-rep1-x30/control-series.txt
1791073169,2026-10-04T09:19:29+09:00,32447.0,Varmail,1,1,10239398600704,2499853174,3725685153,2.4903615907323684,active_cumulative,/home/oy/iCAT/result/mixF-fixed37-tenhour-20261004/mixF-fixed37-rep1-x30/control-series.txt
1791073199,2026-10-04T09:19:59+09:00,32477.0,Varmail,1,1,10255040589824,2503672019,3731343027,2.490348176072339,active_cumulative,/home/oy/iCAT/result/mixF-fixed37-tenhour-20261004/mixF-fixed37-rep1-x30/control-series.txt
1791073229,2026-10-04T09:20:29+09:00,32507.0,Varmail,1,1,10270686760960,2507491885,3736975812,2.490324189822852,active_cumulative,/home/oy/iCAT/result/mixF-fixed37-tenhour-20261004/mixF-fixed37-rep1-x30/control-series.txt
1791073259,2026-10-04T09:20:59+09:00,32537.0,Varmail,1,1,10286377472000,2511322625,3742620188,2.4902984390546,active_cumulative,/home/oy/iCAT/result/mixF-fixed37-tenhour-20261004/mixF-fixed37-rep1-x30/control-series.txt
1791073289,2026-10-04T09:21:29+09:00,32567.0,Varmail,1,1,10302041317376,2515146806,3748259701,2.4902747195743613,active_cumulative,/home/oy/iCAT/result/mixF-fixed37-tenhour-20261004/mixF-fixed37-rep1-x30/control-series.txt
1791073319,2026-10-04T09:21:59+09:00,32597.0,Varmail,1,1,10317727768576,2518976506,3753897246,2.490247025749751,active_cumulative,/home/oy/iCAT/result/mixF-fixed37-tenhour-20261004/mixF-fixed37-rep1-x30/control-series.txt
1791073349,2026-10-04T09:22:29+09:00,32627.0,Varmail,1,1,10333436510208,2522811648,3759557598,2.490225241737904,active_cumulative,/home/oy/iCAT/result/mixF-fixed37-tenhour-20261004/mixF-fixed37-rep1-x30/control-series.txt
1791073379,2026-10-04T09:22:59+09:00,32657.0,Varmail,1,1,10349135343616,2526644371,3765223717,2.4902072330463323,active_cumulative,/home/oy/iCAT/result/mixF-fixed37-tenhour-20261004/mixF-fixed37-rep1-x30/control-series.txt
1791073409,2026-10-04T09:23:29+09:00,32687.0,Varmail,1,1,10364831240192,2530476377,3770884556,2.4901876145828963,active_cumulative,/home/oy/iCAT/result/mixF-fixed37-tenhour-20261004/mixF-fixed37-rep1-x30/control-series.txt
1791073439,2026-10-04T09:23:59+09:00,32717.0,Varmail,1,1,10380514349056,2534305261,3776527200,2.4901627116971055,active_cumulative,/home/oy/iCAT/result/mixF-fixed37-tenhour-20261004/mixF-fixed37-rep1-x30/control-series.txt
1791073469,2026-10-04T09:24:29+09:00,32747.0,Varmail,1,1,10396236693504,2538143724,3782185853,2.4901385675037524,active_cumulative,/home/oy/iCAT/result/mixF-fixed37-tenhour-20261004/mixF-fixed37-rep1-x30/control-series.txt
1791073499,2026-10-04T09:24:59+09:00,32777.0,Varmail,1,1,10411964252160,2541983460,3787834368,2.4901097617684735,active_cumulative,/home/oy/iCAT/result/mixF-fixed37-tenhour-20261004/mixF-fixed37-rep1-x30/control-series.txt
1791073529,2026-10-04T09:25:29+09:00,32807.0,Varmail,1,1,10427624255488,2545806703,3793470387,2.4900857879468,active_cumulative,/home/oy/iCAT/result/mixF-fixed37-tenhour-20261004/mixF-fixed37-rep1-x30/control-series.txt
1791073559,2026-10-04T09:25:59+09:00,32837.0,Varmail,1,1,10443340550144,2549643689,3799100840,2.4900516712945295,active_cumulative,/home/oy/iCAT/result/mixF-fixed37-tenhour-20261004/mixF-fixed37-rep1-x30/control-series.txt
1791073589,2026-10-04T09:26:29+09:00,32867.0,Varmail,1,1,10459031752704,2553474549,3804732151,2.4900215678632946,active_cumulative,/home/oy/iCAT/result/mixF-fixed37-tenhour-20261004/mixF-fixed37-rep1-x30/control-series.txt
1791073619,2026-10-04T09:26:59+09:00,32897.0,Varmail,1,1,10474748891136,2557311741,3810377046,2.4899931771751875,active_cumulative,/home/oy/iCAT/result/mixF-fixed37-tenhour-20261004/mixF-fixed37-rep1-x30/control-series.txt
1791073649,2026-10-04T09:27:29+09:00,32927.0,Varmail,1,1,10490456330240,2561146565,3816013781,2.489963063086161,active_cumulative,/home/oy/iCAT/result/mixF-fixed37-tenhour-20261004/mixF-fixed37-rep1-x30/control-series.txt
1791073679,2026-10-04T09:27:59+09:00,32957.0,Varmail,1,1,10506174414848,2564983988,3821645985,2.489929762867588,active_cumulative,/home/oy/iCAT/result/mixF-fixed37-tenhour-20261004/mixF-fixed37-rep1-x30/control-series.txt
1791073709,2026-10-04T09:28:29+09:00,32987.0,Varmail,1,1,10521892745216,2568821471,3827292374,2.48990204932774,active_cumulative,/home/oy/iCAT/result/mixF-fixed37-tenhour-20261004/mixF-fixed37-rep1-x30/control-series.txt
1791073739,2026-10-04T09:28:59+09:00,33017.0,Varmail,1,1,10537595277312,2572655097,3832937032,2.4898759792828926,active_cumulative,/home/oy/iCAT/result/mixF-fixed37-tenhour-20261004/mixF-fixed37-rep1-x30/control-series.txt
1791073769,2026-10-04T09:29:29+09:00,33047.0,Varmail,1,1,10553313316864,2576492509,3838588816,2.4898505633497265,active_cumulative,/home/oy/iCAT/result/mixF-fixed37-tenhour-20261004/mixF-fixed37-rep1-x30/control-series.txt
1791073799,2026-10-04T09:29:59+09:00,33077.0,Varmail,1,1,10569035624448,2580330963,3844222044,2.4898174300596496,active_cumulative,/home/oy/iCAT/result/mixF-fixed37-tenhour-20261004/mixF-fixed37-rep1-x30/control-series.txt
1791073829,2026-10-04T09:30:29+09:00,33107.0,Varmail,1,1,10584762134528,2584170443,3849853379,2.4897830711702786,active_cumulative,/home/oy/iCAT/result/mixF-fixed37-tenhour-20261004/mixF-fixed37-rep1-x30/control-series.txt
1791073859,2026-10-04T09:30:59+09:00,33137.0,Varmail,1,1,10600489451520,2588010120,3855495354,2.489752812094877,active_cumulative,/home/oy/iCAT/result/mixF-fixed37-tenhour-20261004/mixF-fixed37-rep1-x30/control-series.txt
1791073889,2026-10-04T09:31:29+09:00,33167.0,Varmail,1,1,10616219283456,2591850411,3861118642,2.4897150798568983,active_cumulative,/home/oy/iCAT/result/mixF-fixed37-tenhour-20261004/mixF-fixed37-rep1-x30/control-series.txt
1791073919,2026-10-04T09:31:59+09:00,33197.0,Varmail,1,1,10631971373056,2595696136,3866779690,2.489688887836754,active_cumulative,/home/oy/iCAT/result/mixF-fixed37-tenhour-20261004/mixF-fixed37-rep1-x30/control-series.txt
1791073949,2026-10-04T09:32:29+09:00,33227.0,Varmail,1,1,10647706632192,2599537752,3872414272,2.489654946930734,active_cumulative,/home/oy/iCAT/result/mixF-fixed37-tenhour-20261004/mixF-fixed37-rep1-x30/control-series.txt
1791073979,2026-10-04T09:32:59+09:00,33257.0,Varmail,1,1,10663448920064,2603381084,3878056906,2.4896232172208563,active_cumulative,/home/oy/iCAT/result/mixF-fixed37-tenhour-20261004/mixF-fixed37-rep1-x30/control-series.txt
1791074009,2026-10-04T09:33:29+09:00,33287.0,Varmail,1,1,10679200743424,2607226744,3883702956,2.4895915612010153,active_cumulative,/home/oy/iCAT/result/mixF-fixed37-tenhour-20261004/mixF-fixed37-rep1-x30/control-series.txt
1791074039,2026-10-04T09:33:59+09:00,33317.0,Varmail,1,1,10694925828096,2611065876,3889333379,2.4895577376079956,active_cumulative,/home/oy/iCAT/result/mixF-fixed37-tenhour-20261004/mixF-fixed37-rep1-x30/control-series.txt
1791074069,2026-10-04T09:34:29+09:00,33347.0,Varmail,1,1,10710683041792,2614912852,3894955594,2.489516406262246,active_cumulative,/home/oy/iCAT/result/mixF-fixed37-tenhour-20261004/mixF-fixed37-rep1-x30/control-series.txt
1791074099,2026-10-04T09:34:59+09:00,33377.0,Varmail,1,1,10726453317632,2618763017,3900608328,2.489485036514856,active_cumulative,/home/oy/iCAT/result/mixF-fixed37-tenhour-20261004/mixF-fixed37-rep1-x30/control-series.txt
1791074129,2026-10-04T09:35:29+09:00,33407.0,Varmail,1,1,10742163111936,2622598416,3906251047,2.4894583262037626,active_cumulative,/home/oy/iCAT/result/mixF-fixed37-tenhour-20261004/mixF-fixed37-rep1-x30/control-series.txt
1791074159,2026-10-04T09:35:59+09:00,33437.0,Varmail,1,1,10757884608512,2626436672,3911894832,2.4894304795939126,active_cumulative,/home/oy/iCAT/result/mixF-fixed37-tenhour-20261004/mixF-fixed37-rep1-x30/control-series.txt
1791074189,2026-10-04T09:36:29+09:00,33467.0,Varmail,1,1,10773625954304,2630279774,3917534549,2.489398423591421,active_cumulative,/home/oy/iCAT/result/mixF-fixed37-tenhour-20261004/mixF-fixed37-rep1-x30/control-series.txt
1791074219,2026-10-04T09:36:59+09:00,33497.0,Varmail,1,1,10789355831296,2634120076,3923162567,2.4893636029521686,active_cumulative,/home/oy/iCAT/result/mixF-fixed37-tenhour-20261004/mixF-fixed37-rep1-x30/control-series.txt
1791074249,2026-10-04T09:37:29+09:00,33527.0,Varmail,1,1,10805109751808,2637966248,3928810244,2.4893330219742826,active_cumulative,/home/oy/iCAT/result/mixF-fixed37-tenhour-20261004/mixF-fixed37-rep1-x30/control-series.txt
1791074279,2026-10-04T09:37:59+09:00,33557.0,Varmail,1,1,10820860305408,2641811598,3934449297,2.489299729011183,active_cumulative,/home/oy/iCAT/result/mixF-fixed37-tenhour-20261004/mixF-fixed37-rep1-x30/control-series.txt
1791074309,2026-10-04T09:38:29+09:00,33587.0,Varmail,1,1,10836573134848,2645647738,3940077052,2.489267446836492,active_cumulative,/home/oy/iCAT/result/mixF-fixed37-tenhour-20261004/mixF-fixed37-rep1-x30/control-series.txt
1791074339,2026-10-04T09:38:59+09:00,33617.0,Varmail,1,1,10852304396288,2649488378,3945727075,2.489241133406474,active_cumulative,/home/oy/iCAT/result/mixF-fixed37-tenhour-20261004/mixF-fixed37-rep1-x30/control-series.txt
1791074369,2026-10-04T09:39:29+09:00,33647.0,Varmail,1,1,10868052979712,2653333247,3951386506,2.489216068304895,active_cumulative,/home/oy/iCAT/result/mixF-fixed37-tenhour-20261004/mixF-fixed37-rep1-x30/control-series.txt
1791074399,2026-10-04T09:39:59+09:00,33677.0,Varmail,1,1,10883780464640,2657172965,3957013998,2.4891819426591226,active_cumulative,/home/oy/iCAT/result/mixF-fixed37-tenhour-20261004/mixF-fixed37-rep1-x30/control-series.txt
1791074429,2026-10-04T09:40:29+09:00,33707.0,Varmail,1,1,10899506753536,2661012391,3962643030,2.4891486576320867,active_cumulative,/home/oy/iCAT/result/mixF-fixed37-tenhour-20261004/mixF-fixed37-rep1-x30/control-series.txt
1791074459,2026-10-04T09:40:59+09:00,33737.0,Varmail,1,1,10915239510016,2664853396,3968270644,2.4891140540625822,active_cumulative,/home/oy/iCAT/result/mixF-fixed37-tenhour-20261004/mixF-fixed37-rep1-x30/control-series.txt
1791074489,2026-10-04T09:41:29+09:00,33767.0,Varmail,1,1,10930978676736,2668695966,3973903874,2.48908078126124,active_cumulative,/home/oy/iCAT/result/mixF-fixed37-tenhour-20261004/mixF-fixed37-rep1-x30/control-series.txt
1791074519,2026-10-04T09:41:59+09:00,33797.0,Varmail,1,1,10946746720256,2672545586,3979554352,2.489050129901133,active_cumulative,/home/oy/iCAT/result/mixF-fixed37-tenhour-20261004/mixF-fixed37-rep1-x30/control-series.txt
1791074549,2026-10-04T09:42:29+09:00,33827.0,Varmail,1,1,10962430513152,2676374637,3985176319,2.4890203575785863,active_cumulative,/home/oy/iCAT/result/mixF-fixed37-tenhour-20261004/mixF-fixed37-rep1-x30/control-series.txt
1791074579,2026-10-04T09:42:59+09:00,33857.0,Varmail,1,1,10978180853760,2680219935,3990813156,2.488987192388747,active_cumulative,/home/oy/iCAT/result/mixF-fixed37-tenhour-20261004/mixF-fixed37-rep1-x30/control-series.txt
1791074609,2026-10-04T09:43:29+09:00,33887.0,Varmail,1,1,10993870389248,2684050388,3996428044,2.488954179797611,active_cumulative,/home/oy/iCAT/result/mixF-fixed37-tenhour-20261004/mixF-fixed37-rep1-x30/control-series.txt
1791074639,2026-10-04T09:43:59+09:00,33917.0,Varmail,1,1,11009569701888,2687883228,4002050779,2.4889228584449503,active_cumulative,/home/oy/iCAT/result/mixF-fixed37-tenhour-20261004/mixF-fixed37-rep1-x30/control-series.txt
1791074669,2026-10-04T09:44:29+09:00,33947.0,Varmail,1,1,11025334448128,2691732043,4007689708,2.488888806158184,active_cumulative,/home/oy/iCAT/result/mixF-fixed37-tenhour-20261004/mixF-fixed37-rep1-x30/control-series.txt
1791074699,2026-10-04T09:44:59+09:00,33977.0,Varmail,1,1,11041061380096,2695571626,4013310366,2.488853172102651,active_cumulative,/home/oy/iCAT/result/mixF-fixed37-tenhour-20261004/mixF-fixed37-rep1-x30/control-series.txt
1791074729,2026-10-04T09:45:29+09:00,34007.0,Varmail,1,1,11056769843200,2699406700,4018930974,2.4888201077666436,active_cumulative,/home/oy/iCAT/result/mixF-fixed37-tenhour-20261004/mixF-fixed37-rep1-x30/control-series.txt
1791074759,2026-10-04T09:45:59+09:00,34037.0,Varmail,1,1,11072487649280,2703244055,4024558278,2.4887883580308108,active_cumulative,/home/oy/iCAT/result/mixF-fixed37-tenhour-20261004/mixF-fixed37-rep1-x30/control-series.txt
1791074789,2026-10-04T09:46:29+09:00,34067.0,Varmail,1,1,11088235364352,2707088712,4030177340,2.4887496379911767,active_cumulative,/home/oy/iCAT/result/mixF-fixed37-tenhour-20261004/mixF-fixed37-rep1-x30/control-series.txt
1791074819,2026-10-04T09:46:59+09:00,34097.0,Varmail,1,1,11103948529664,2710924934,4035786325,2.4887119426966766,active_cumulative,/home/oy/iCAT/result/mixF-fixed37-tenhour-20261004/mixF-fixed37-rep1-x30/control-series.txt
1791074849,2026-10-04T09:47:29+09:00,34127.0,Varmail,1,1,11119677509632,2714765017,4041413206,2.488678828809293,active_cumulative,/home/oy/iCAT/result/mixF-fixed37-tenhour-20261004/mixF-fixed37-rep1-x30/control-series.txt
1791074879,2026-10-04T09:47:59+09:00,34157.0,Varmail,1,1,11135414640640,2718607090,4047054815,2.4886501362725424,active_cumulative,/home/oy/iCAT/result/mixF-fixed37-tenhour-20261004/mixF-fixed37-rep1-x30/control-series.txt
1791074909,2026-10-04T09:48:29+09:00,34187.0,Varmail,1,1,11151157809152,2722450637,4052690967,2.488618714301412,active_cumulative,/home/oy/iCAT/result/mixF-fixed37-tenhour-20261004/mixF-fixed37-rep1-x30/control-series.txt
1791074939,2026-10-04T09:48:59+09:00,34217.0,Varmail,1,1,11166863458304,2726285024,4058309510,2.488585923435715,active_cumulative,/home/oy/iCAT/result/mixF-fixed37-tenhour-20261004/mixF-fixed37-rep1-x30/control-series.txt
1791074969,2026-10-04T09:49:29+09:00,34247.0,Varmail,1,1,11182589308928,2730124343,4063922601,2.4885485386113784,active_cumulative,/home/oy/iCAT/result/mixF-fixed37-tenhour-20261004/mixF-fixed37-rep1-x30/control-series.txt
1791074999,2026-10-04T09:49:59+09:00,34277.0,Varmail,1,1,11198295158784,2733958779,4069529335,2.488511592149356,active_cumulative,/home/oy/iCAT/result/mixF-fixed37-tenhour-20261004/mixF-fixed37-rep1-x30/control-series.txt
1791075029,2026-10-04T09:50:29+09:00,34307.0,Varmail,1,1,11214046322688,2737804278,4075154031,2.4884752952380333,active_cumulative,/home/oy/iCAT/result/mixF-fixed37-tenhour-20261004/mixF-fixed37-rep1-x30/control-series.txt
1791075059,2026-10-04T09:50:59+09:00,34337.0,Varmail,1,1,11229792825344,2741648639,4080785723,2.4884422697171154,active_cumulative,/home/oy/iCAT/result/mixF-fixed37-tenhour-20261004/mixF-fixed37-rep1-x30/control-series.txt
1791075089,2026-10-04T09:51:29+09:00,34367.0,Varmail,1,1,11245524054016,2745489271,4086401388,2.488405520707642,active_cumulative,/home/oy/iCAT/result/mixF-fixed37-tenhour-20261004/mixF-fixed37-rep1-x30/control-series.txt
1791075119,2026-10-04T09:51:59+09:00,34397.0,Varmail,1,1,11261286879232,2749337617,4092018182,2.4883651089985435,active_cumulative,/home/oy/iCAT/result/mixF-fixed37-tenhour-20261004/mixF-fixed37-rep1-x30/control-series.txt
1791075149,2026-10-04T09:52:29+09:00,34427.0,Varmail,1,1,11277040361472,2753183682,4097631843,2.488324905377672,active_cumulative,/home/oy/iCAT/result/mixF-fixed37-tenhour-20261004/mixF-fixed37-rep1-x30/control-series.txt
1791075179,2026-10-04T09:52:59+09:00,34457.0,Varmail,1,1,11292787671040,2757028240,4103264353,2.488292464135224,active_cumulative,/home/oy/iCAT/result/mixF-fixed37-tenhour-20261004/mixF-fixed37-rep1-x30/control-series.txt
1791075209,2026-10-04T09:53:29+09:00,34487.0,Varmail,1,1,11308549861376,2760876431,4108882182,2.4882528373469244,active_cumulative,/home/oy/iCAT/result/mixF-fixed37-tenhour-20261004/mixF-fixed37-rep1-x30/control-series.txt
1791075239,2026-10-04T09:53:59+09:00,34517.0,Varmail,1,1,11324279115776,2764716581,4114504234,2.488219176705549,active_cumulative,/home/oy/iCAT/result/mixF-fixed37-tenhour-20261004/mixF-fixed37-rep1-x30/control-series.txt
1791075269,2026-10-04T09:54:29+09:00,34547.0,Varmail,1,1,11340036452352,2768563587,4120116991,2.4881785668013263,active_cumulative,/home/oy/iCAT/result/mixF-fixed37-tenhour-20261004/mixF-fixed37-rep1-x30/control-series.txt
1791075299,2026-10-04T09:54:59+09:00,34577.0,Varmail,1,1,11355814793216,2772415721,4125738668,2.4881385344734164,active_cumulative,/home/oy/iCAT/result/mixF-fixed37-tenhour-20261004/mixF-fixed37-rep1-x30/control-series.txt
1791075329,2026-10-04T09:55:29+09:00,34607.0,Varmail,1,1,11371557863424,2776259244,4131364711,2.4881048014261022,active_cumulative,/home/oy/iCAT/result/mixF-fixed37-tenhour-20261004/mixF-fixed37-rep1-x30/control-series.txt
1791075359,2026-10-04T09:55:59+09:00,34637.0,Varmail,1,1,11387323015168,2780108158,4136952288,2.4880544399308944,active_cumulative,/home/oy/iCAT/result/mixF-fixed37-tenhour-20261004/mixF-fixed37-rep1-x30/control-series.txt
1791075389,2026-10-04T09:56:29+09:00,34667.0,Varmail,1,1,11403049639936,2783947666,4142551068,2.4880132692839205,active_cumulative,/home/oy/iCAT/result/mixF-fixed37-tenhour-20261004/mixF-fixed37-rep1-x30/control-series.txt
1791075419,2026-10-04T09:56:59+09:00,34697.0,Varmail,1,1,11418805571584,2787794329,4148162587,2.4879729626568157,active_cumulative,/home/oy/iCAT/result/mixF-fixed37-tenhour-20261004/mixF-fixed37-rep1-x30/control-series.txt
1791075449,2026-10-04T09:57:29+09:00,34727.0,Varmail,1,1,11434581803008,2791645948,4153774891,2.4879304067823718,active_cumulative,/home/oy/iCAT/result/mixF-fixed37-tenhour-20261004/mixF-fixed37-rep1-x30/control-series.txt
1791075479,2026-10-04T09:57:59+09:00,34757.0,Varmail,1,1,11450291888128,2795481418,4159365783,2.487888903935472,active_cumulative,/home/oy/iCAT/result/mixF-fixed37-tenhour-20261004/mixF-fixed37-rep1-x30/control-series.txt
1791075509,2026-10-04T09:58:29+09:00,34787.0,Varmail,1,1,11466029903872,2799323707,4164967595,2.48784779144515,active_cumulative,/home/oy/iCAT/result/mixF-fixed37-tenhour-20261004/mixF-fixed37-rep1-x30/control-series.txt
1791075539,2026-10-04T09:58:59+09:00,34817.0,Varmail,1,1,11481780703232,2803169117,4170568906,2.48780495643567,active_cumulative,/home/oy/iCAT/result/mixF-fixed37-tenhour-20261004/mixF-fixed37-rep1-x30/control-series.txt
1791075569,2026-10-04T09:59:29+09:00,34847.0,Varmail,1,1,11497544912896,2807017801,4176186243,2.487766212780066,active_cumulative,/home/oy/iCAT/result/mixF-fixed37-tenhour-20261004/mixF-fixed37-rep1-x30/control-series.txt
1791075599,2026-10-04T09:59:59+09:00,34877.0,Varmail,1,1,11513307082752,2810865987,4181787727,2.4877221989025404,active_cumulative,/home/oy/iCAT/result/mixF-fixed37-tenhour-20261004/mixF-fixed37-rep1-x30/control-series.txt
1791075629,2026-10-04T10:00:29+09:00,34907.0,Varmail,1,1,11529070911488,2814714578,4187389605,2.4876782312952512,active_cumulative,/home/oy/iCAT/result/mixF-fixed37-tenhour-20261004/mixF-fixed37-rep1-x30/control-series.txt
1791075659,2026-10-04T10:00:59+09:00,34937.0,Varmail,1,1,11544825499648,2818560913,4192997140,2.4876375815263425,active_cumulative,/home/oy/iCAT/result/mixF-fixed37-tenhour-20261004/mixF-fixed37-rep1-x30/control-series.txt
1791075689,2026-10-04T10:01:29+09:00,34967.0,Varmail,1,1,11560586752000,2822408875,4198596977,2.487593457556712,active_cumulative,/home/oy/iCAT/result/mixF-fixed37-tenhour-20261004/mixF-fixed37-rep1-x30/control-series.txt
1791075719,2026-10-04T10:01:59+09:00,34997.0,Varmail,1,1,11576357003264,2826259034,4204208892,2.487552570880168,active_cumulative,/home/oy/iCAT/result/mixF-fixed37-tenhour-20261004/mixF-fixed37-rep1-x30/control-series.txt
1791075749,2026-10-04T10:02:29+09:00,35027.0,Varmail,1,1,11592111288320,2830105295,4209815165,2.4875118506854,active_cumulative,/home/oy/iCAT/result/mixF-fixed37-tenhour-20261004/mixF-fixed37-rep1-x30/control-series.txt
1791075779,2026-10-04T10:02:59+09:00,35057.0,Varmail,1,1,11607835508736,2833944216,4215403098,2.487468622071141,active_cumulative,/home/oy/iCAT/result/mixF-fixed37-tenhour-20261004/mixF-fixed37-rep1-x30/control-series.txt
1791075809,2026-10-04T10:03:29+09:00,35087.0,Varmail,1,1,11623565291520,2837784495,4220975582,2.487419354583513,active_cumulative,/home/oy/iCAT/result/mixF-fixed37-tenhour-20261004/mixF-fixed37-rep1-x30/control-series.txt
1791075839,2026-10-04T10:03:59+09:00,35117.0,Varmail,1,1,11639336144896,2841634801,4226552387,2.4873664925248784,active_cumulative,/home/oy/iCAT/result/mixF-fixed37-tenhour-20261004/mixF-fixed37-rep1-x30/control-series.txt
1791075869,2026-10-04T10:04:29+09:00,35147.0,Varmail,1,1,11655083618304,2845479399,4232133563,2.4873182931801647,active_cumulative,/home/oy/iCAT/result/mixF-fixed37-tenhour-20261004/mixF-fixed37-rep1-x30/control-series.txt
1791075899,2026-10-04T10:04:59+09:00,35177.0,Varmail,1,1,11670846070784,2849327654,4237728627,2.4872731891858444,active_cumulative,/home/oy/iCAT/result/mixF-fixed37-tenhour-20261004/mixF-fixed37-rep1-x30/control-series.txt
1791075929,2026-10-04T10:05:29+09:00,35207.0,Varmail,1,1,11686609534976,2853176156,4243339490,2.4872336154487336,active_cumulative,/home/oy/iCAT/result/mixF-fixed37-tenhour-20261004/mixF-fixed37-rep1-x30/control-series.txt
1791075959,2026-10-04T10:05:59+09:00,35237.0,Varmail,1,1,11702368382976,2857023531,4248931579,2.4871881637995514,active_cumulative,/home/oy/iCAT/result/mixF-fixed37-tenhour-20261004/mixF-fixed37-rep1-x30/control-series.txt
1791075989,2026-10-04T10:06:29+09:00,35267.0,Varmail,1,1,11718136750080,2860873230,4254550083,2.487150859529697,active_cumulative,/home/oy/iCAT/result/mixF-fixed37-tenhour-20261004/mixF-fixed37-rep1-x30/control-series.txt
1791076019,2026-10-04T10:06:59+09:00,35297.0,Varmail,1,1,11733888892928,2864718968,4260152982,2.4871102644229777,active_cumulative,/home/oy/iCAT/result/mixF-fixed37-tenhour-20261004/mixF-fixed37-rep1-x30/control-series.txt
1791076049,2026-10-04T10:07:29+09:00,35327.0,Varmail,1,1,11749632909312,2868562722,4265744067,2.4870666882353776,active_cumulative,/home/oy/iCAT/result/mixF-fixed37-tenhour-20261004/mixF-fixed37-rep1-x30/control-series.txt
1791076079,2026-10-04T10:07:59+09:00,35357.0,Varmail,1,1,11765363523584,2872403204,4271324257,2.4870211295725877,active_cumulative,/home/oy/iCAT/result/mixF-fixed37-tenhour-20261004/mixF-fixed37-rep1-x30/control-series.txt
1791076109,2026-10-04T10:08:29+09:00,35387.0,Varmail,1,1,11781141680128,2876255293,4276910914,2.4869719403589814,active_cumulative,/home/oy/iCAT/result/mixF-fixed37-tenhour-20261004/mixF-fixed37-rep1-x30/control-series.txt
1791076139,2026-10-04T10:08:59+09:00,35417.0,Varmail,1,1,11796917665792,2880106852,4282520912,2.4869312605628284,active_cumulative,/home/oy/iCAT/result/mixF-fixed37-tenhour-20261004/mixF-fixed37-rep1-x30/control-series.txt
1791076169,2026-10-04T10:09:29+09:00,35447.0,Varmail,1,1,11812695007232,2883958742,4288129537,2.4868900426870253,active_cumulative,/home/oy/iCAT/result/mixF-fixed37-tenhour-20261004/mixF-fixed37-rep1-x30/control-series.txt
1791076199,2026-10-04T10:09:59+09:00,35477.0,Varmail,1,1,11828459757568,2887807558,4293731099,2.486848071681652,active_cumulative,/home/oy/iCAT/result/mixF-fixed37-tenhour-20261004/mixF-fixed37-rep1-x30/control-series.txt
1791076229,2026-10-04T10:10:29+09:00,35507.0,Varmail,1,1,11844244877312,2891661347,4299343203,2.486807301090227,active_cumulative,/home/oy/iCAT/result/mixF-fixed37-tenhour-20261004/mixF-fixed37-rep1-x30/control-series.txt
1791076259,2026-10-04T10:10:59+09:00,35537.0,Varmail,1,1,11860035571712,2895516497,4304945565,2.486762575678739,active_cumulative,/home/oy/iCAT/result/mixF-fixed37-tenhour-20261004/mixF-fixed37-rep1-x30/control-series.txt
1791076289,2026-10-04T10:11:29+09:00,35567.0,Varmail,1,1,11875793412096,2899363626,4310527242,2.4867149478407646,active_cumulative,/home/oy/iCAT/result/mixF-fixed37-tenhour-20261004/mixF-fixed37-rep1-x30/control-series.txt
1791076319,2026-10-04T10:11:59+09:00,35597.0,Varmail,1,1,11891580186624,2903217819,4316134660,2.486672695294586,active_cumulative,/home/oy/iCAT/result/mixF-fixed37-tenhour-20261004/mixF-fixed37-rep1-x30/control-series.txt
1791076349,2026-10-04T10:12:29+09:00,35627.0,Varmail,1,1,11907323392000,2907061375,4321728989,2.486631491913376,active_cumulative,/home/oy/iCAT/result/mixF-fixed37-tenhour-20261004/mixF-fixed37-rep1-x30/control-series.txt
1791076379,2026-10-04T10:12:59+09:00,35657.0,Varmail,1,1,11923105689600,2910914475,4327331438,2.486588312767245,active_cumulative,/home/oy/iCAT/result/mixF-fixed37-tenhour-20261004/mixF-fixed37-rep1-x30/control-series.txt
1791076409,2026-10-04T10:13:29+09:00,35687.0,Varmail,1,1,11938875740160,2914764585,4332922871,2.4865429933169025,active_cumulative,/home/oy/iCAT/result/mixF-fixed37-tenhour-20261004/mixF-fixed37-rep1-x30/control-series.txt
1791076439,2026-10-04T10:13:59+09:00,35717.0,Varmail,1,1,11954657206272,2918617482,4338524032,2.4864997070554793,active_cumulative,/home/oy/iCAT/result/mixF-fixed37-tenhour-20261004/mixF-fixed37-rep1-x30/control-series.txt
1791076469,2026-10-04T10:14:29+09:00,35747.0,Varmail,1,1,11970479423488,2922480328,4344123736,2.4864509760354494,active_cumulative,/home/oy/iCAT/result/mixF-fixed37-tenhour-20261004/mixF-fixed37-rep1-x30/control-series.txt
1791076499,2026-10-04T10:14:59+09:00,35777.0,Varmail,1,1,11986274689024,2926336594,4349719907,2.4864045085990543,active_cumulative,/home/oy/iCAT/result/mixF-fixed37-tenhour-20261004/mixF-fixed37-rep1-x30/control-series.txt
1791076529,2026-10-04T10:15:29+09:00,35807.0,Varmail,1,1,12002055876608,2930189423,4355323890,2.4863625729496057,active_cumulative,/home/oy/iCAT/result/mixF-fixed37-tenhour-20261004/mixF-fixed37-rep1-x30/control-series.txt
1791076559,2026-10-04T10:15:59+09:00,35837.0,Varmail,1,1,12017784713216,2934029471,4360896694,2.4863165953522897,active_cumulative,/home/oy/iCAT/result/mixF-fixed37-tenhour-20261004/mixF-fixed37-rep1-x30/control-series.txt
1791076589,2026-10-04T10:16:29+09:00,35867.0,Varmail,1,1,12033505042432,2937867442,4366466399,2.4862707338583863,active_cumulative,/home/oy/iCAT/result/mixF-fixed37-tenhour-20261004/mixF-fixed37-rep1-x30/control-series.txt
1791076619,2026-10-04T10:16:59+09:00,35897.0,Varmail,1,1,12049256632320,2941713045,4372046533,2.4862246813743862,active_cumulative,/home/oy/iCAT/result/mixF-fixed37-tenhour-20261004/mixF-fixed37-rep1-x30/control-series.txt
1791076649,2026-10-04T10:17:29+09:00,35927.0,Varmail,1,1,12065033801728,2945564893,4377624628,2.486174906009786,active_cumulative,/home/oy/iCAT/result/mixF-fixed37-tenhour-20261004/mixF-fixed37-rep1-x30/control-series.txt
1791076679,2026-10-04T10:17:59+09:00,35957.0,Varmail,1,1,12080813953024,2949417469,4383224422,2.486132250883471,active_cumulative,/home/oy/iCAT/result/mixF-fixed37-tenhour-20261004/mixF-fixed37-rep1-x30/control-series.txt
1791076709,2026-10-04T10:18:29+09:00,35987.0,Varmail,1,1,12096598593536,2953271141,4388809874,2.4860842992268957,active_cumulative,/home/oy/iCAT/result/mixF-fixed37-tenhour-20261004/mixF-fixed37-rep1-x30/control-series.txt
