unix_timestamp,iso_time,elapsed_measured_seconds,phase,epoch,active,host_bytes,host_pages,gc_pages,cumulative_waf,sample_status,source
1791235111,2026-10-06T06:18:31+09:00,,preparation,0,0,0,0,0,,inactive_or_zero,/home/oy/iCAT/result/mixU-onlinev4-after-v6-20261005/mixU-onlinev4-rep1/control-series.txt
1791235141,2026-10-06T06:19:01+09:00,,preparation,0,0,0,0,0,,inactive_or_zero,/home/oy/iCAT/result/mixU-onlinev4-after-v6-20261005/mixU-onlinev4-rep1/control-series.txt
1791235171,2026-10-06T06:19:31+09:00,,preparation,0,0,0,0,0,,inactive_or_zero,/home/oy/iCAT/result/mixU-onlinev4-after-v6-20261005/mixU-onlinev4-rep1/control-series.txt
1791235201,2026-10-06T06:20:01+09:00,8.0,A_FIO-Fast,1,1,1251205120,305470,269742,1.8830392509902771,active_cumulative,/home/oy/iCAT/result/mixU-onlinev4-after-v6-20261005/mixU-onlinev4-rep1/control-series.txt
1791235231,2026-10-06T06:20:31+09:00,38.0,A_FIO-Fast,1,1,6176280576,1507881,1387653,1.9202669176148515,active_cumulative,/home/oy/iCAT/result/mixU-onlinev4-after-v6-20261005/mixU-onlinev4-rep1/control-series.txt
1791235261,2026-10-06T06:21:01+09:00,68.0,A_FIO-Fast,1,1,11101466624,2710319,2373950,1.8758932066668166,active_cumulative,/home/oy/iCAT/result/mixU-onlinev4-after-v6-20261005/mixU-onlinev4-rep1/control-series.txt
1791235291,2026-10-06T06:21:31+09:00,98.0,A_FIO-Fast,1,1,16026464256,3912711,3351623,1.8565986601105986,active_cumulative,/home/oy/iCAT/result/mixU-onlinev4-after-v6-20261005/mixU-onlinev4-rep1/control-series.txt
1791235321,2026-10-06T06:22:01+09:00,128.0,A_FIO-Fast,1,1,20951240704,5115049,4544965,1.8885476952420202,active_cumulative,/home/oy/iCAT/result/mixU-onlinev4-after-v6-20261005/mixU-onlinev4-rep1/control-series.txt
1791235351,2026-10-06T06:22:31+09:00,158.0,A_FIO-Fast,1,1,25878151168,6317908,5753660,1.9106906906526655,active_cumulative,/home/oy/iCAT/result/mixU-onlinev4-after-v6-20261005/mixU-onlinev4-rep1/control-series.txt
1791235381,2026-10-06T06:23:01+09:00,188.0,A_FIO-Fast,1,1,30803140608,7520298,6951705,1.9243922248825778,active_cumulative,/home/oy/iCAT/result/mixU-onlinev4-after-v6-20261005/mixU-onlinev4-rep1/control-series.txt
1791235411,2026-10-06T06:23:31+09:00,218.0,A_FIO-Fast,1,1,35728187392,8722702,8253040,1.9461563630168726,active_cumulative,/home/oy/iCAT/result/mixU-onlinev4-after-v6-20261005/mixU-onlinev4-rep1/control-series.txt
1791235441,2026-10-06T06:24:01+09:00,248.0,A_FIO-Fast,1,1,40653160448,9925088,9556781,1.9628913113918989,active_cumulative,/home/oy/iCAT/result/mixU-onlinev4-after-v6-20261005/mixU-onlinev4-rep1/control-series.txt
1791235471,2026-10-06T06:24:31+09:00,278.0,A_FIO-Fast,1,1,45578219520,11127495,10840377,1.9741974271837464,active_cumulative,/home/oy/iCAT/result/mixU-onlinev4-after-v6-20261005/mixU-onlinev4-rep1/control-series.txt
1791235501,2026-10-06T06:25:01+09:00,308.0,A_FIO-Fast,1,1,50505326592,12330402,11867094,1.96242555595511,active_cumulative,/home/oy/iCAT/result/mixU-onlinev4-after-v6-20261005/mixU-onlinev4-rep1/control-series.txt
1791235531,2026-10-06T06:25:31+09:00,338.0,A_FIO-Fast,1,1,55430434816,13532821,12786210,1.9448296109140881,active_cumulative,/home/oy/iCAT/result/mixU-onlinev4-after-v6-20261005/mixU-onlinev4-rep1/control-series.txt
1791235561,2026-10-06T06:26:01+09:00,368.0,A_FIO-Fast,1,1,60349120512,14733672,13891211,1.9428207034879017,active_cumulative,/home/oy/iCAT/result/mixU-onlinev4-after-v6-20261005/mixU-onlinev4-rep1/control-series.txt
1791235591,2026-10-06T06:26:31+09:00,398.0,A_FIO-Fast,1,1,65265840128,15934043,15039803,1.9438786502584435,active_cumulative,/home/oy/iCAT/result/mixU-onlinev4-after-v6-20261005/mixU-onlinev4-rep1/control-series.txt
1791235621,2026-10-06T06:27:01+09:00,428.0,A_FIO-Fast,1,1,70182322176,17134356,16304640,1.9515758864821064,active_cumulative,/home/oy/iCAT/result/mixU-onlinev4-after-v6-20261005/mixU-onlinev4-rep1/control-series.txt
1791235651,2026-10-06T06:27:31+09:00,458.0,A_FIO-Fast,1,1,75098963968,18334708,17594439,1.9596247183211208,active_cumulative,/home/oy/iCAT/result/mixU-onlinev4-after-v6-20261005/mixU-onlinev4-rep1/control-series.txt
1791235681,2026-10-06T06:28:01+09:00,488.0,A_FIO-Fast,1,1,80015863808,19535123,18914495,1.9682301462857439,active_cumulative,/home/oy/iCAT/result/mixU-onlinev4-after-v6-20261005/mixU-onlinev4-rep1/control-series.txt
1791235711,2026-10-06T06:28:31+09:00,518.0,A_FIO-Fast,1,1,84932280320,20735420,20071980,1.9680045062988838,active_cumulative,/home/oy/iCAT/result/mixU-onlinev4-after-v6-20261005/mixU-onlinev4-rep1/control-series.txt
1791235741,2026-10-06T06:29:01+09:00,548.0,A_FIO-Fast,1,1,89849028608,21935798,20970570,1.9559975889639394,active_cumulative,/home/oy/iCAT/result/mixU-onlinev4-after-v6-20261005/mixU-onlinev4-rep1/control-series.txt
1791235771,2026-10-06T06:29:31+09:00,578.0,A_FIO-Fast,1,1,94765445120,23136095,22034395,1.952381765375704,active_cumulative,/home/oy/iCAT/result/mixU-onlinev4-after-v6-20261005/mixU-onlinev4-rep1/control-series.txt
1791235801,2026-10-06T06:30:01+09:00,608.0,A_FIO-Fast,1,1,99682312192,24336502,22954575,1.9432158738342922,active_cumulative,/home/oy/iCAT/result/mixU-onlinev4-after-v6-20261005/mixU-onlinev4-rep1/control-series.txt
1791235831,2026-10-06T06:30:31+09:00,638.0,A_FIO-Fast,1,1,104599179264,25536909,24228766,1.9487744190183707,active_cumulative,/home/oy/iCAT/result/mixU-onlinev4-after-v6-20261005/mixU-onlinev4-rep1/control-series.txt
1791235861,2026-10-06T06:31:01+09:00,668.0,A_FIO-Fast,1,1,109515771904,26737249,25315315,1.9468182384807053,active_cumulative,/home/oy/iCAT/result/mixU-onlinev4-after-v6-20261005/mixU-onlinev4-rep1/control-series.txt
1791235891,2026-10-06T06:31:31+09:00,698.0,A_FIO-Fast,1,1,114432307200,27937575,26546167,1.95019582050339,active_cumulative,/home/oy/iCAT/result/mixU-onlinev4-after-v6-20261005/mixU-onlinev4-rep1/control-series.txt
1791235921,2026-10-06T06:32:01+09:00,728.0,A_FIO-Fast,1,1,119349075968,29137958,27803398,1.9541985749310231,active_cumulative,/home/oy/iCAT/result/mixU-onlinev4-after-v6-20261005/mixU-onlinev4-rep1/control-series.txt
1791235951,2026-10-06T06:32:31+09:00,758.0,A_FIO-Fast,1,1,124265775104,30338324,29011133,1.956253648026173,active_cumulative,/home/oy/iCAT/result/mixU-onlinev4-after-v6-20261005/mixU-onlinev4-rep1/control-series.txt
1791235981,2026-10-06T06:33:01+09:00,788.0,A_FIO-Fast,1,1,129182392320,31538670,30009259,1.9515068010160226,active_cumulative,/home/oy/iCAT/result/mixU-onlinev4-after-v6-20261005/mixU-onlinev4-rep1/control-series.txt
1791236011,2026-10-06T06:33:31+09:00,818.0,A_FIO-Fast,1,1,134099271680,32739080,30940935,1.945076495735372,active_cumulative,/home/oy/iCAT/result/mixU-onlinev4-after-v6-20261005/mixU-onlinev4-rep1/control-series.txt
1791236041,2026-10-06T06:34:01+09:00,848.0,A_FIO-Fast,1,1,139015733248,33939388,32178711,1.9481229007429361,active_cumulative,/home/oy/iCAT/result/mixU-onlinev4-after-v6-20261005/mixU-onlinev4-rep1/control-series.txt
1791236071,2026-10-06T06:34:31+09:00,878.0,A_FIO-Fast,1,1,143932502016,35139771,33384794,1.950057244254665,active_cumulative,/home/oy/iCAT/result/mixU-onlinev4-after-v6-20261005/mixU-onlinev4-rep1/control-series.txt
1791236101,2026-10-06T06:35:01+09:00,908.0,A_FIO-Fast,1,1,148849197056,36340136,34383832,1.9461668497883442,active_cumulative,/home/oy/iCAT/result/mixU-onlinev4-after-v6-20261005/mixU-onlinev4-rep1/control-series.txt
1791236131,2026-10-06T06:35:31+09:00,938.0,A_FIO-Fast,1,1,153765924864,37540509,35378060,1.9423969184861078,active_cumulative,/home/oy/iCAT/result/mixU-onlinev4-after-v6-20261005/mixU-onlinev4-rep1/control-series.txt
1791236161,2026-10-06T06:36:01+09:00,968.0,A_FIO-Fast,1,1,158682439680,38740830,36433771,1.9404489010689754,active_cumulative,/home/oy/iCAT/result/mixU-onlinev4-after-v6-20261005/mixU-onlinev4-rep1/control-series.txt
1791236191,2026-10-06T06:36:31+09:00,998.0,A_FIO-Fast,1,1,163599228928,39941218,37472471,1.9381904928387512,active_cumulative,/home/oy/iCAT/result/mixU-onlinev4-after-v6-20261005/mixU-onlinev4-rep1/control-series.txt
1791236221,2026-10-06T06:37:01+09:00,1028.0,A_FIO-Fast,1,1,168515887104,41141574,38466314,1.934974291455159,active_cumulative,/home/oy/iCAT/result/mixU-onlinev4-after-v6-20261005/mixU-onlinev4-rep1/control-series.txt
1791236251,2026-10-06T06:37:31+09:00,1058.0,A_FIO-Fast,1,1,173432614912,42341947,39481696,1.9324487605636085,active_cumulative,/home/oy/iCAT/result/mixU-onlinev4-after-v6-20261005/mixU-onlinev4-rep1/control-series.txt
1791236281,2026-10-06T06:38:01+09:00,1088.0,A_FIO-Fast,1,1,178349522944,43542364,40376347,1.9272888123391738,active_cumulative,/home/oy/iCAT/result/mixU-onlinev4-after-v6-20261005/mixU-onlinev4-rep1/control-series.txt
1791236311,2026-10-06T06:38:31+09:00,1118.0,A_FIO-Fast,1,1,183266373632,44742767,41509237,1.9277306653833008,active_cumulative,/home/oy/iCAT/result/mixU-onlinev4-after-v6-20261005/mixU-onlinev4-rep1/control-series.txt
1791236341,2026-10-06T06:39:01+09:00,1148.0,A_FIO-Fast,1,1,188182851584,45943079,42515879,1.925403345300388,active_cumulative,/home/oy/iCAT/result/mixU-onlinev4-after-v6-20261005/mixU-onlinev4-rep1/control-series.txt
1791236372,2026-10-06T06:39:32+09:00,1179.0,A_FIO-Fast,1,1,193099599872,47143457,43602914,1.9248985283366045,active_cumulative,/home/oy/iCAT/result/mixU-onlinev4-after-v6-20261005/mixU-onlinev4-rep1/control-series.txt
1791236402,2026-10-06T06:40:02+09:00,1209.0,A_FIO-Fast,1,1,198016061440,48343765,44675071,1.9241123648520135,active_cumulative,/home/oy/iCAT/result/mixU-onlinev4-after-v6-20261005/mixU-onlinev4-rep1/control-series.txt
1791236432,2026-10-06T06:40:32+09:00,1239.0,A_FIO-Fast,1,1,202932932608,49544173,45737205,1.9231601262170628,active_cumulative,/home/oy/iCAT/result/mixU-onlinev4-after-v6-20261005/mixU-onlinev4-rep1/control-series.txt
1791236462,2026-10-06T06:41:02+09:00,1269.0,A_FIO-Fast,1,1,207849598976,50744531,46674811,1.919799830251658,active_cumulative,/home/oy/iCAT/result/mixU-onlinev4-after-v6-20261005/mixU-onlinev4-rep1/control-series.txt
1791236492,2026-10-06T06:41:32+09:00,1299.0,A_FIO-Fast,1,1,212766306304,51944899,47623543,1.916808847775409,active_cumulative,/home/oy/iCAT/result/mixU-onlinev4-after-v6-20261005/mixU-onlinev4-rep1/control-series.txt
1791236522,2026-10-06T06:42:02+09:00,1329.0,A_FIO-Fast,1,1,217682849792,53145227,48597974,1.914437226883987,active_cumulative,/home/oy/iCAT/result/mixU-onlinev4-after-v6-20261005/mixU-onlinev4-rep1/control-series.txt
1791236552,2026-10-06T06:42:32+09:00,1359.0,A_FIO-Fast,1,1,222599544832,54345592,49492109,1.9106922416081142,active_cumulative,/home/oy/iCAT/result/mixU-onlinev4-after-v6-20261005/mixU-onlinev4-rep1/control-series.txt
1791236582,2026-10-06T06:43:02+09:00,1389.0,A_FIO-Fast,1,1,227516260352,55545962,50590212,1.9107810933223193,active_cumulative,/home/oy/iCAT/result/mixU-onlinev4-after-v6-20261005/mixU-onlinev4-rep1/control-series.txt
1791236612,2026-10-06T06:43:32+09:00,1419.0,A_FIO-Fast,1,1,232432893952,56746312,51680754,1.9107332649212516,active_cumulative,/home/oy/iCAT/result/mixU-onlinev4-after-v6-20261005/mixU-onlinev4-rep1/control-series.txt
1791236642,2026-10-06T06:44:02+09:00,1449.0,A_FIO-Fast,1,1,237349593088,57946678,52721911,1.9098349175426415,active_cumulative,/home/oy/iCAT/result/mixU-onlinev4-after-v6-20261005/mixU-onlinev4-rep1/control-series.txt
1791236672,2026-10-06T06:44:32+09:00,1479.0,A_FIO-Fast,1,1,242266095616,59146996,53887376,1.9110754500532876,active_cumulative,/home/oy/iCAT/result/mixU-onlinev4-after-v6-20261005/mixU-onlinev4-rep1/control-series.txt
1791236702,2026-10-06T06:45:02+09:00,1509.0,A_FIO-Fast,1,1,247182630912,60347322,54869718,1.9092320285562963,active_cumulative,/home/oy/iCAT/result/mixU-onlinev4-after-v6-20261005/mixU-onlinev4-rep1/control-series.txt
1791236732,2026-10-06T06:45:32+09:00,1539.0,A_FIO-Fast,1,1,252099239936,61547666,55965819,1.9093085511967263,active_cumulative,/home/oy/iCAT/result/mixU-onlinev4-after-v6-20261005/mixU-onlinev4-rep1/control-series.txt
1791236762,2026-10-06T06:46:02+09:00,1569.0,A_FIO-Fast,1,1,257016004608,62748048,56966571,1.907862042178587,active_cumulative,/home/oy/iCAT/result/mixU-onlinev4-after-v6-20261005/mixU-onlinev4-rep1/control-series.txt
1791236792,2026-10-06T06:46:32+09:00,1599.0,A_FIO-Fast,1,1,261932625920,63948395,57880571,1.9051137405403216,active_cumulative,/home/oy/iCAT/result/mixU-onlinev4-after-v6-20261005/mixU-onlinev4-rep1/control-series.txt
1791236822,2026-10-06T06:47:02+09:00,1629.0,A_FIO-Fast,1,1,266849280000,65148750,58928402,1.9045208388495558,active_cumulative,/home/oy/iCAT/result/mixU-onlinev4-after-v6-20261005/mixU-onlinev4-rep1/control-series.txt
1791236852,2026-10-06T06:47:32+09:00,1659.0,A_FIO-Fast,1,1,271765975040,66349115,60019177,1.9045964968786697,active_cumulative,/home/oy/iCAT/result/mixU-onlinev4-after-v6-20261005/mixU-onlinev4-rep1/control-series.txt
1791236882,2026-10-06T06:48:02+09:00,1689.0,A_FIO-Fast,1,1,276682657792,67549477,61084116,1.904287030971387,active_cumulative,/home/oy/iCAT/result/mixU-onlinev4-after-v6-20261005/mixU-onlinev4-rep1/control-series.txt
1791236912,2026-10-06T06:48:32+09:00,1719.0,A_FIO-Fast,1,1,281599307776,68749831,62123794,1.9036210430830005,active_cumulative,/home/oy/iCAT/result/mixU-onlinev4-after-v6-20261005/mixU-onlinev4-rep1/control-series.txt
1791236942,2026-10-06T06:49:02+09:00,1749.0,A_FIO-Fast,1,1,286516084736,69950216,63101814,1.9020960564296185,active_cumulative,/home/oy/iCAT/result/mixU-onlinev4-after-v6-20261005/mixU-onlinev4-rep1/control-series.txt
1791236972,2026-10-06T06:49:32+09:00,1779.0,A_FIO-Fast,1,1,291432730624,71150569,64162790,1.9017888528762152,active_cumulative,/home/oy/iCAT/result/mixU-onlinev4-after-v6-20261005/mixU-onlinev4-rep1/control-series.txt
1791237002,2026-10-06T06:50:02+09:00,1809.0,A_FIO-Fast,1,1,296349364224,72350919,65162227,1.9006413173549324,active_cumulative,/home/oy/iCAT/result/mixU-onlinev4-after-v6-20261005/mixU-onlinev4-rep1/control-series.txt
1791237032,2026-10-06T06:50:32+09:00,1839.0,A_FIO-Fast,1,1,301266038784,73551279,66110520,1.8988357632774817,active_cumulative,/home/oy/iCAT/result/mixU-onlinev4-after-v6-20261005/mixU-onlinev4-rep1/control-series.txt
1791237062,2026-10-06T06:51:02+09:00,1869.0,A_FIO-Fast,1,1,306182819840,74751665,67119134,1.8978948361885986,active_cumulative,/home/oy/iCAT/result/mixU-onlinev4-after-v6-20261005/mixU-onlinev4-rep1/control-series.txt
1791237092,2026-10-06T06:51:32+09:00,1899.0,A_FIO-Fast,1,1,311099342848,75951988,68131463,1.897033307409939,active_cumulative,/home/oy/iCAT/result/mixU-onlinev4-after-v6-20261005/mixU-onlinev4-rep1/control-series.txt
1791237122,2026-10-06T06:52:02+09:00,1929.0,A_FIO-Fast,1,1,316015939584,77152329,69200677,1.8969356842098701,active_cumulative,/home/oy/iCAT/result/mixU-onlinev4-after-v6-20261005/mixU-onlinev4-rep1/control-series.txt
1791237152,2026-10-06T06:52:32+09:00,1959.0,A_FIO-Fast,1,1,320932634624,78352694,70446249,1.899091599837014,active_cumulative,/home/oy/iCAT/result/mixU-onlinev4-after-v6-20261005/mixU-onlinev4-rep1/control-series.txt
1791237182,2026-10-06T06:53:02+09:00,1989.0,A_FIO-Fast,1,1,325849415680,79553080,71523019,1.8990603380786766,active_cumulative,/home/oy/iCAT/result/mixU-onlinev4-after-v6-20261005/mixU-onlinev4-rep1/control-series.txt
1791237212,2026-10-06T06:53:32+09:00,2019.0,A_FIO-Fast,1,1,330766200832,80753467,72584585,1.8988417178422816,active_cumulative,/home/oy/iCAT/result/mixU-onlinev4-after-v6-20261005/mixU-onlinev4-rep1/control-series.txt
1791237242,2026-10-06T06:54:02+09:00,2049.0,A_FIO-Fast,1,1,335682842624,81953819,73504568,1.8969022907889137,active_cumulative,/home/oy/iCAT/result/mixU-onlinev4-after-v6-20261005/mixU-onlinev4-rep1/control-series.txt
1791237272,2026-10-06T06:54:32+09:00,2079.0,A_FIO-Fast,1,1,340599427072,83154157,74427284,1.8950518733537278,active_cumulative,/home/oy/iCAT/result/mixU-onlinev4-after-v6-20261005/mixU-onlinev4-rep1/control-series.txt
1791237302,2026-10-06T06:55:02+09:00,2109.0,A_FIO-Fast,1,1,345516109824,84354519,75344999,1.8931945779929111,active_cumulative,/home/oy/iCAT/result/mixU-onlinev4-after-v6-20261005/mixU-onlinev4-rep1/control-series.txt
1791237332,2026-10-06T06:55:32+09:00,2139.0,A_FIO-Fast,1,1,350432952320,85554920,76380963,1.8927711346115454,active_cumulative,/home/oy/iCAT/result/mixU-onlinev4-after-v6-20261005/mixU-onlinev4-rep1/control-series.txt
1791237362,2026-10-06T06:56:02+09:00,2169.0,A_FIO-Fast,1,1,355349815296,86755326,77335915,1.8914255592792077,active_cumulative,/home/oy/iCAT/result/mixU-onlinev4-after-v6-20261005/mixU-onlinev4-rep1/control-series.txt
1791237392,2026-10-06T06:56:32+09:00,2199.0,A_FIO-Fast,1,1,360266326016,87955646,78444466,1.8918639060419156,active_cumulative,/home/oy/iCAT/result/mixU-onlinev4-after-v6-20261005/mixU-onlinev4-rep1/control-series.txt
1791237422,2026-10-06T06:57:02+09:00,2229.0,A_FIO-Fast,1,1,365182836736,89155966,79515077,1.8918649033537476,active_cumulative,/home/oy/iCAT/result/mixU-onlinev4-after-v6-20261005/mixU-onlinev4-rep1/control-series.txt
1791237452,2026-10-06T06:57:32+09:00,2259.0,A_FIO-Fast,1,1,370099531776,90356331,80552396,1.8914969776716588,active_cumulative,/home/oy/iCAT/result/mixU-onlinev4-after-v6-20261005/mixU-onlinev4-rep1/control-series.txt
1791237482,2026-10-06T06:58:02+09:00,2289.0,A_FIO-Fast,1,1,375016173568,91556683,81591510,1.8911584313293657,active_cumulative,/home/oy/iCAT/result/mixU-onlinev4-after-v6-20261005/mixU-onlinev4-rep1/control-series.txt
1791237512,2026-10-06T06:58:32+09:00,2319.0,A_FIO-Fast,1,1,379932966912,92757072,82563779,1.8901076459162058,active_cumulative,/home/oy/iCAT/result/mixU-onlinev4-after-v6-20261005/mixU-onlinev4-rep1/control-series.txt
1791237542,2026-10-06T06:59:02+09:00,2349.0,A_FIO-Fast,1,1,384849584128,93957418,83552039,1.8892543109262538,active_cumulative,/home/oy/iCAT/result/mixU-onlinev4-after-v6-20261005/mixU-onlinev4-rep1/control-series.txt
1791237572,2026-10-06T06:59:32+09:00,2379.0,A_FIO-Fast,1,1,389766279168,95157783,84529545,1.8883093146463912,active_cumulative,/home/oy/iCAT/result/mixU-onlinev4-after-v6-20261005/mixU-onlinev4-rep1/control-series.txt
1791237602,2026-10-06T07:00:02+09:00,2409.0,A_FIO-Fast,1,1,394682949632,96358142,85466026,1.8869621624709203,active_cumulative,/home/oy/iCAT/result/mixU-onlinev4-after-v6-20261005/mixU-onlinev4-rep1/control-series.txt
1791237632,2026-10-06T07:00:32+09:00,2439.0,A_FIO-Fast,1,1,399599681536,97558516,86505458,1.8867032991768755,active_cumulative,/home/oy/iCAT/result/mixU-onlinev4-after-v6-20261005/mixU-onlinev4-rep1/control-series.txt
1791237662,2026-10-06T07:01:02+09:00,2469.0,A_FIO-Fast,1,1,404516319232,98758867,87575563,1.886761519854212,active_cumulative,/home/oy/iCAT/result/mixU-onlinev4-after-v6-20261005/mixU-onlinev4-rep1/control-series.txt
1791237692,2026-10-06T07:01:32+09:00,2499.0,A_FIO-Fast,1,1,409432891392,99959202,88734549,1.8877076569698907,active_cumulative,/home/oy/iCAT/result/mixU-onlinev4-after-v6-20261005/mixU-onlinev4-rep1/control-series.txt
1791237722,2026-10-06T07:02:02+09:00,2529.0,A_FIO-Fast,1,1,414349643776,101159581,89743737,1.8871501454716384,active_cumulative,/home/oy/iCAT/result/mixU-onlinev4-after-v6-20261005/mixU-onlinev4-rep1/control-series.txt
1791237752,2026-10-06T07:02:32+09:00,2559.0,A_FIO-Fast,1,1,419266224128,102359918,90767099,1.886744545848503,active_cumulative,/home/oy/iCAT/result/mixU-onlinev4-after-v6-20261005/mixU-onlinev4-rep1/control-series.txt
1791237782,2026-10-06T07:03:02+09:00,2589.0,A_FIO-Fast,1,1,424183025664,103560309,91746906,1.8859273102400649,active_cumulative,/home/oy/iCAT/result/mixU-onlinev4-after-v6-20261005/mixU-onlinev4-rep1/control-series.txt
1791237812,2026-10-06T07:03:32+09:00,2619.0,A_FIO-Fast,1,1,429099651072,104760657,92703521,1.8849077855630476,active_cumulative,/home/oy/iCAT/result/mixU-onlinev4-after-v6-20261005/mixU-onlinev4-rep1/control-series.txt
1791237842,2026-10-06T07:04:02+09:00,2649.0,A_FIO-Fast,1,1,434016235520,105960995,93696495,1.8842545787721225,active_cumulative,/home/oy/iCAT/result/mixU-onlinev4-after-v6-20261005/mixU-onlinev4-rep1/control-series.txt
1791237872,2026-10-06T07:04:32+09:00,2679.0,A_FIO-Fast,1,1,438932865024,107161344,94676994,1.8834995014620197,active_cumulative,/home/oy/iCAT/result/mixU-onlinev4-after-v6-20261005/mixU-onlinev4-rep1/control-series.txt
1791237902,2026-10-06T07:05:02+09:00,2709.0,A_FIO-Fast,1,1,443849342976,108361656,95771146,1.883810284331572,active_cumulative,/home/oy/iCAT/result/mixU-onlinev4-after-v6-20261005/mixU-onlinev4-rep1/control-series.txt
1791237932,2026-10-06T07:05:32+09:00,2739.0,A_FIO-Fast,1,1,448766025728,109562018,96843025,1.883910562874079,active_cumulative,/home/oy/iCAT/result/mixU-onlinev4-after-v6-20261005/mixU-onlinev4-rep1/control-series.txt
1791237962,2026-10-06T07:06:02+09:00,2769.0,A_FIO-Fast,1,1,453682528256,110762336,97873969,1.8836394440073927,active_cumulative,/home/oy/iCAT/result/mixU-onlinev4-after-v6-20261005/mixU-onlinev4-rep1/control-series.txt
1791237992,2026-10-06T07:06:32+09:00,2799.0,A_FIO-Fast,1,1,458599157760,111962685,98840310,1.8827968889813602,active_cumulative,/home/oy/iCAT/result/mixU-onlinev4-after-v6-20261005/mixU-onlinev4-rep1/control-series.txt
1791238022,2026-10-06T07:07:02+09:00,2829.0,A_FIO-Fast,1,1,463515860992,113163052,99929943,1.8830615756103857,active_cumulative,/home/oy/iCAT/result/mixU-onlinev4-after-v6-20261005/mixU-onlinev4-rep1/control-series.txt
1791238052,2026-10-06T07:07:32+09:00,2859.0,A_FIO-Fast,1,1,468432523264,114363409,100836450,1.8817195192213971,active_cumulative,/home/oy/iCAT/result/mixU-onlinev4-after-v6-20261005/mixU-onlinev4-rep1/control-series.txt
1791238082,2026-10-06T07:08:02+09:00,2889.0,A_FIO-Fast,1,1,473349124096,115563751,101786312,1.880780617790781,active_cumulative,/home/oy/iCAT/result/mixU-onlinev4-after-v6-20261005/mixU-onlinev4-rep1/control-series.txt
1791238112,2026-10-06T07:08:32+09:00,2919.0,A_FIO-Fast,1,1,478265843712,116764122,102695826,1.8795152504122798,active_cumulative,/home/oy/iCAT/result/mixU-onlinev4-after-v6-20261005/mixU-onlinev4-rep1/control-series.txt
1791238142,2026-10-06T07:09:02+09:00,2949.0,A_FIO-Fast,1,1,483182448640,117964465,103717330,1.879225197181202,active_cumulative,/home/oy/iCAT/result/mixU-onlinev4-after-v6-20261005/mixU-onlinev4-rep1/control-series.txt
1791238172,2026-10-06T07:09:32+09:00,2979.0,A_FIO-Fast,1,1,488099090432,119164817,104777477,1.8792652029163943,active_cumulative,/home/oy/iCAT/result/mixU-onlinev4-after-v6-20261005/mixU-onlinev4-rep1/control-series.txt
1791238202,2026-10-06T07:10:02+09:00,3009.0,A_FIO-Fast,1,1,493015662592,120365152,105814654,1.8791136989549933,active_cumulative,/home/oy/iCAT/result/mixU-onlinev4-after-v6-20261005/mixU-onlinev4-rep1/control-series.txt
1791238232,2026-10-06T07:10:32+09:00,3039.0,A_FIO-Fast,1,1,497932337152,121565512,106797990,1.8785221091323994,active_cumulative,/home/oy/iCAT/result/mixU-onlinev4-after-v6-20261005/mixU-onlinev4-rep1/control-series.txt
1791238262,2026-10-06T07:11:02+09:00,3069.0,A_FIO-Fast,1,1,502848819200,122765825,107840178,1.8784218083493514,active_cumulative,/home/oy/iCAT/result/mixU-onlinev4-after-v6-20261005/mixU-onlinev4-rep1/control-series.txt
1791238292,2026-10-06T07:11:32+09:00,3099.0,A_FIO-Fast,1,1,507765465088,123966178,108803153,1.8776841776956292,active_cumulative,/home/oy/iCAT/result/mixU-onlinev4-after-v6-20261005/mixU-onlinev4-rep1/control-series.txt
1791238322,2026-10-06T07:12:02+09:00,3129.0,A_FIO-Fast,1,1,512682172416,125166546,109694948,1.876391907467032,active_cumulative,/home/oy/iCAT/result/mixU-onlinev4-after-v6-20261005/mixU-onlinev4-rep1/control-series.txt
1791238352,2026-10-06T07:12:32+09:00,3159.0,A_FIO-Fast,1,1,517598736384,126366879,110585563,1.875115092460264,active_cumulative,/home/oy/iCAT/result/mixU-onlinev4-after-v6-20261005/mixU-onlinev4-rep1/control-series.txt
1791238382,2026-10-06T07:13:02+09:00,3189.0,A_FIO-Fast,1,1,522515501056,127567261,111528724,1.8742738781543644,active_cumulative,/home/oy/iCAT/result/mixU-onlinev4-after-v6-20261005/mixU-onlinev4-rep1/control-series.txt
1791238412,2026-10-06T07:13:32+09:00,3219.0,A_FIO-Fast,1,1,527432130560,128767610,112552341,1.8740733869332513,active_cumulative,/home/oy/iCAT/result/mixU-onlinev4-after-v6-20261005/mixU-onlinev4-rep1/control-series.txt
1791238442,2026-10-06T07:14:02+09:00,3249.0,A_FIO-Fast,1,1,532348887040,129967990,113629305,1.8742868532474803,active_cumulative,/home/oy/iCAT/result/mixU-onlinev4-after-v6-20261005/mixU-onlinev4-rep1/control-series.txt
1791238472,2026-10-06T07:14:32+09:00,3279.0,A_FIO-Fast,1,1,537265520640,131168340,114623878,1.8738684807629646,active_cumulative,/home/oy/iCAT/result/mixU-onlinev4-after-v6-20261005/mixU-onlinev4-rep1/control-series.txt
1791238502,2026-10-06T07:15:02+09:00,3309.0,A_FIO-Fast,1,1,542182354944,132368739,115667258,1.8738260927302481,active_cumulative,/home/oy/iCAT/result/mixU-onlinev4-after-v6-20261005/mixU-onlinev4-rep1/control-series.txt
1791238532,2026-10-06T07:15:32+09:00,3339.0,A_FIO-Fast,1,1,547098931200,133569075,116596559,1.8729307962939776,active_cumulative,/home/oy/iCAT/result/mixU-onlinev4-after-v6-20261005/mixU-onlinev4-rep1/control-series.txt
1791238562,2026-10-06T07:16:02+09:00,3369.0,A_FIO-Fast,1,1,552015458304,134769399,117633349,1.8728491027848242,active_cumulative,/home/oy/iCAT/result/mixU-onlinev4-after-v6-20261005/mixU-onlinev4-rep1/control-series.txt
1791238592,2026-10-06T07:16:32+09:00,3399.0,A_FIO-Fast,1,1,556932161536,135969766,118522219,1.8716806867197227,active_cumulative,/home/oy/iCAT/result/mixU-onlinev4-after-v6-20261005/mixU-onlinev4-rep1/control-series.txt
1791238622,2026-10-06T07:17:02+09:00,3429.0,A_FIO-Fast,1,1,561848983552,137170162,119430273,1.8706723915657402,active_cumulative,/home/oy/iCAT/result/mixU-onlinev4-after-v6-20261005/mixU-onlinev4-rep1/control-series.txt
1791238652,2026-10-06T07:17:32+09:00,3459.0,A_FIO-Fast,1,1,566765645824,138370519,120354638,1.8697997150679186,active_cumulative,/home/oy/iCAT/result/mixU-onlinev4-after-v6-20261005/mixU-onlinev4-rep1/control-series.txt
1791238682,2026-10-06T07:18:02+09:00,3489.0,A_FIO-Fast,1,1,571682189312,139570847,121371058,1.8696017872557582,active_cumulative,/home/oy/iCAT/result/mixU-onlinev4-after-v6-20261005/mixU-onlinev4-rep1/control-series.txt
1791238712,2026-10-06T07:18:32+09:00,3519.0,A_FIO-Fast,1,1,576598859776,140771206,122440940,1.869786822739872,active_cumulative,/home/oy/iCAT/result/mixU-onlinev4-after-v6-20261005/mixU-onlinev4-rep1/control-series.txt
1791238742,2026-10-06T07:19:02+09:00,3549.0,A_FIO-Fast,1,1,581515558912,141971572,123471362,1.8696907434398204,active_cumulative,/home/oy/iCAT/result/mixU-onlinev4-after-v6-20261005/mixU-onlinev4-rep1/control-series.txt
1791238772,2026-10-06T07:19:32+09:00,3579.0,A_FIO-Fast,1,1,586432290816,143171946,124495145,1.8695498558076453,active_cumulative,/home/oy/iCAT/result/mixU-onlinev4-after-v6-20261005/mixU-onlinev4-rep1/control-series.txt
1791238802,2026-10-06T07:20:02+09:00,3609.0,A_FIO-Fast,1,1,591348977664,144372309,125471392,1.8690821174024446,active_cumulative,/home/oy/iCAT/result/mixU-onlinev4-after-v6-20261005/mixU-onlinev4-rep1/control-series.txt
1791238832,2026-10-06T07:20:32+09:00,3639.0,A_FIO-Fast,1,1,596265529344,145572639,126417438,1.8684148262229416,active_cumulative,/home/oy/iCAT/result/mixU-onlinev4-after-v6-20261005/mixU-onlinev4-rep1/control-series.txt
1791238862,2026-10-06T07:21:02+09:00,3669.0,A_FIO-Fast,1,1,601182380032,146773042,127350626,1.867670413208442,active_cumulative,/home/oy/iCAT/result/mixU-onlinev4-after-v6-20261005/mixU-onlinev4-rep1/control-series.txt
1791238892,2026-10-06T07:21:32+09:00,3699.0,A_FIO-Fast,1,1,606099197952,147973437,128249594,1.8667068671250773,active_cumulative,/home/oy/iCAT/result/mixU-onlinev4-after-v6-20261005/mixU-onlinev4-rep1/control-series.txt
1791238922,2026-10-06T07:22:02+09:00,3729.0,A_FIO-Fast,1,1,611015749632,149173767,129300806,1.8667797870921903,active_cumulative,/home/oy/iCAT/result/mixU-onlinev4-after-v6-20261005/mixU-onlinev4-rep1/control-series.txt
1791238952,2026-10-06T07:22:32+09:00,3759.0,A_FIO-Fast,1,1,615932440576,150374131,130323088,1.8666589601106325,active_cumulative,/home/oy/iCAT/result/mixU-onlinev4-after-v6-20261005/mixU-onlinev4-rep1/control-series.txt
1791238982,2026-10-06T07:23:02+09:00,3789.0,A_FIO-Fast,1,1,620849045504,151574474,131344834,1.8665366306994409,active_cumulative,/home/oy/iCAT/result/mixU-onlinev4-after-v6-20261005/mixU-onlinev4-rep1/control-series.txt
1791239012,2026-10-06T07:23:32+09:00,3819.0,A_FIO-Fast,1,1,625765646336,152774816,132332213,1.866191277232499,active_cumulative,/home/oy/iCAT/result/mixU-onlinev4-after-v6-20261005/mixU-onlinev4-rep1/control-series.txt
1791239042,2026-10-06T07:24:02+09:00,3849.0,A_FIO-Fast,1,1,630682505216,153975221,133314903,1.8658205010791964,active_cumulative,/home/oy/iCAT/result/mixU-onlinev4-after-v6-20261005/mixU-onlinev4-rep1/control-series.txt
1791239072,2026-10-06T07:24:32+09:00,3879.0,A_FIO-Fast,1,1,635599085568,155175558,134312927,1.86555465777671,active_cumulative,/home/oy/iCAT/result/mixU-onlinev4-after-v6-20261005/mixU-onlinev4-rep1/control-series.txt
1791239102,2026-10-06T07:25:02+09:00,3909.0,A_FIO-Fast,1,1,640515788800,156375925,135228801,1.864767393062583,active_cumulative,/home/oy/iCAT/result/mixU-onlinev4-after-v6-20261005/mixU-onlinev4-rep1/control-series.txt
1791239132,2026-10-06T07:25:32+09:00,3939.0,A_FIO-Fast,1,1,645432549376,157576306,136191449,1.8642888798268948,active_cumulative,/home/oy/iCAT/result/mixU-onlinev4-after-v6-20261005/mixU-onlinev4-rep1/control-series.txt
1791239162,2026-10-06T07:26:02+09:00,3969.0,A_FIO-Fast,1,1,650349191168,158776658,137138207,1.8637176819781658,active_cumulative,/home/oy/iCAT/result/mixU-onlinev4-after-v6-20261005/mixU-onlinev4-rep1/control-series.txt
1791239192,2026-10-06T07:26:32+09:00,3999.0,A_FIO-Fast,1,1,655265959936,159977041,138111751,1.8633223251078883,active_cumulative,/home/oy/iCAT/result/mixU-onlinev4-after-v6-20261005/mixU-onlinev4-rep1/control-series.txt
1791239222,2026-10-06T07:27:02+09:00,4029.0,A_FIO-Fast,1,1,660182605824,161177394,139187632,1.8635679517190855,active_cumulative,/home/oy/iCAT/result/mixU-onlinev4-after-v6-20261005/mixU-onlinev4-rep1/control-series.txt
1791239252,2026-10-06T07:27:32+09:00,4059.0,A_FIO-Fast,1,1,665099137024,162377719,140225585,1.8635765169234826,active_cumulative,/home/oy/iCAT/result/mixU-onlinev4-after-v6-20261005/mixU-onlinev4-rep1/control-series.txt
1791239282,2026-10-06T07:28:02+09:00,4089.0,A_FIO-Fast,1,1,670015811584,163578079,141276708,1.863665283659432,active_cumulative,/home/oy/iCAT/result/mixU-onlinev4-after-v6-20261005/mixU-onlinev4-rep1/control-series.txt
1791239312,2026-10-06T07:28:32+09:00,4119.0,A_FIO-Fast,1,1,674932367360,164778410,142331787,1.8637769171337433,active_cumulative,/home/oy/iCAT/result/mixU-onlinev4-after-v6-20261005/mixU-onlinev4-rep1/control-series.txt
1791239342,2026-10-06T07:29:02+09:00,4149.0,A_FIO-Fast,1,1,679849037824,165978769,143211309,1.8628290826762308,active_cumulative,/home/oy/iCAT/result/mixU-onlinev4-after-v6-20261005/mixU-onlinev4-rep1/control-series.txt
1791239372,2026-10-06T07:29:32+09:00,4179.0,A_FIO-Fast,1,1,684765687808,167179123,144149768,1.8622474230828452,active_cumulative,/home/oy/iCAT/result/mixU-onlinev4-after-v6-20261005/mixU-onlinev4-rep1/control-series.txt
1791239402,2026-10-06T07:30:02+09:00,4209.0,A_FIO-Fast,1,1,689682452480,168379505,145050780,1.8614515169170973,active_cumulative,/home/oy/iCAT/result/mixU-onlinev4-after-v6-20261005/mixU-onlinev4-rep1/control-series.txt
1791239432,2026-10-06T07:30:32+09:00,4239.0,A_FIO-Fast,1,1,694598987776,169579831,146052227,1.861259420644192,active_cumulative,/home/oy/iCAT/result/mixU-onlinev4-after-v6-20261005/mixU-onlinev4-rep1/control-series.txt
1791239462,2026-10-06T07:31:02+09:00,4269.0,A_FIO-Fast,1,1,699515858944,170780239,147099023,1.8613351513110366,active_cumulative,/home/oy/iCAT/result/mixU-onlinev4-after-v6-20261005/mixU-onlinev4-rep1/control-series.txt
1791239492,2026-10-06T07:31:32+09:00,4299.0,A_FIO-Fast,1,1,704432472064,171980584,148269040,1.8621266223866293,active_cumulative,/home/oy/iCAT/result/mixU-onlinev4-after-v6-20261005/mixU-onlinev4-rep1/control-series.txt
1791239522,2026-10-06T07:32:02+09:00,4329.0,A_FIO-Fast,1,1,709348851712,173180872,149298169,1.8620938748939895,active_cumulative,/home/oy/iCAT/result/mixU-onlinev4-after-v6-20261005/mixU-onlinev4-rep1/control-series.txt
1791239552,2026-10-06T07:32:32+09:00,4359.0,A_FIO-Fast,1,1,714265657344,174381264,150306521,1.8619419171087097,active_cumulative,/home/oy/iCAT/result/mixU-onlinev4-after-v6-20261005/mixU-onlinev4-rep1/control-series.txt
1791239582,2026-10-06T07:33:02+09:00,4389.0,A_FIO-Fast,1,1,719182647296,175581701,151335045,1.8619067029086362,active_cumulative,/home/oy/iCAT/result/mixU-onlinev4-after-v6-20261005/mixU-onlinev4-rep1/control-series.txt
1791239612,2026-10-06T07:33:32+09:00,4419.0,A_FIO-Fast,1,1,724099489792,176782102,152315486,1.8616001522597576,active_cumulative,/home/oy/iCAT/result/mixU-onlinev4-after-v6-20261005/mixU-onlinev4-rep1/control-series.txt
1791239642,2026-10-06T07:34:02+09:00,4449.0,A_FIO-Fast,1,1,729016156160,177982460,153296510,1.861301220356208,active_cumulative,/home/oy/iCAT/result/mixU-onlinev4-after-v6-20261005/mixU-onlinev4-rep1/control-series.txt
1791239672,2026-10-06T07:34:32+09:00,4479.0,A_FIO-Fast,1,1,733933232128,179182918,154235123,1.8607691219762366,active_cumulative,/home/oy/iCAT/result/mixU-onlinev4-after-v6-20261005/mixU-onlinev4-rep1/control-series.txt
1791239702,2026-10-06T07:35:02+09:00,4509.0,B_Varmail,1,1,741270921216,180974346,155850506,1.8611745777492685,active_cumulative,/home/oy/iCAT/result/mixU-onlinev4-after-v6-20261005/mixU-onlinev4-rep1/control-series.txt
1791239732,2026-10-06T07:35:32+09:00,4539.0,B_Varmail,1,1,754539622400,184213775,163814756,1.8892644211867435,active_cumulative,/home/oy/iCAT/result/mixU-onlinev4-after-v6-20261005/mixU-onlinev4-rep1/control-series.txt
1791239762,2026-10-06T07:36:02+09:00,4569.0,B_Varmail,1,1,766825877504,187213349,171536046,1.916259694707988,active_cumulative,/home/oy/iCAT/result/mixU-onlinev4-after-v6-20261005/mixU-onlinev4-rep1/control-series.txt
1791239792,2026-10-06T07:36:32+09:00,4599.0,B_Varmail,1,1,779481694208,190303148,179087191,1.941062682788621,active_cumulative,/home/oy/iCAT/result/mixU-onlinev4-after-v6-20261005/mixU-onlinev4-rep1/control-series.txt
1791239822,2026-10-06T07:37:02+09:00,4629.0,B_Varmail,1,1,793303429120,193677595,186623382,1.9635775475216946,active_cumulative,/home/oy/iCAT/result/mixU-onlinev4-after-v6-20261005/mixU-onlinev4-rep1/control-series.txt
1791239852,2026-10-06T07:37:32+09:00,4659.0,B_Varmail,1,1,808731430912,197444197,194289312,1.984021384026799,active_cumulative,/home/oy/iCAT/result/mixU-onlinev4-after-v6-20261005/mixU-onlinev4-rep1/control-series.txt
1791239882,2026-10-06T07:38:02+09:00,4689.0,B_Varmail,1,1,824302272512,201245672,201978930,2.0036435963701122,active_cumulative,/home/oy/iCAT/result/mixU-onlinev4-after-v6-20261005/mixU-onlinev4-rep1/control-series.txt
1791239912,2026-10-06T07:38:32+09:00,4719.0,B_Varmail,1,1,840934428672,205306257,209642890,2.021122751266173,active_cumulative,/home/oy/iCAT/result/mixU-onlinev4-after-v6-20261005/mixU-onlinev4-rep1/control-series.txt
1791239942,2026-10-06T07:39:02+09:00,4749.0,B_Varmail,1,1,857836478464,209432734,217414118,2.038109534491394,active_cumulative,/home/oy/iCAT/result/mixU-onlinev4-after-v6-20261005/mixU-onlinev4-rep1/control-series.txt
1791239972,2026-10-06T07:39:32+09:00,4779.0,B_Varmail,1,1,874963292160,213614085,224983346,2.053223367738134,active_cumulative,/home/oy/iCAT/result/mixU-onlinev4-after-v6-20261005/mixU-onlinev4-rep1/control-series.txt
1791240002,2026-10-06T07:40:02+09:00,4809.0,B_Varmail,1,1,892456529920,217884895,232475355,2.066964072934014,active_cumulative,/home/oy/iCAT/result/mixU-onlinev4-after-v6-20261005/mixU-onlinev4-rep1/control-series.txt
1791240032,2026-10-06T07:40:32+09:00,4839.0,B_Varmail,1,1,910097039360,222191660,239747094,2.0790103192892118,active_cumulative,/home/oy/iCAT/result/mixU-onlinev4-after-v6-20261005/mixU-onlinev4-rep1/control-series.txt
1791240062,2026-10-06T07:41:02+09:00,4869.0,B_Varmail,1,1,927807467520,226515495,247078204,2.0907783769935913,active_cumulative,/home/oy/iCAT/result/mixU-onlinev4-after-v6-20261005/mixU-onlinev4-rep1/control-series.txt
1791240092,2026-10-06T07:41:32+09:00,4899.0,B_Varmail,1,1,945691475968,230881708,254261737,2.101264102741305,active_cumulative,/home/oy/iCAT/result/mixU-onlinev4-after-v6-20261005/mixU-onlinev4-rep1/control-series.txt
1791240123,2026-10-06T07:42:03+09:00,4930.0,B_Varmail,1,1,963614146560,235257360,261251685,2.1104931424887194,active_cumulative,/home/oy/iCAT/result/mixU-onlinev4-after-v6-20261005/mixU-onlinev4-rep1/control-series.txt
1791240153,2026-10-06T07:42:33+09:00,4960.0,B_Varmail,1,1,981657313280,239662430,268155161,2.118886931923372,active_cumulative,/home/oy/iCAT/result/mixU-onlinev4-after-v6-20261005/mixU-onlinev4-rep1/control-series.txt
1791240183,2026-10-06T07:43:03+09:00,4990.0,B_Varmail,1,1,999739920384,244077129,275025041,2.1267956245093327,active_cumulative,/home/oy/iCAT/result/mixU-onlinev4-after-v6-20261005/mixU-onlinev4-rep1/control-series.txt
1791240213,2026-10-06T07:43:33+09:00,5020.0,B_Varmail,1,1,1017848582144,248498189,281814931,2.1340723734610396,active_cumulative,/home/oy/iCAT/result/mixU-onlinev4-after-v6-20261005/mixU-onlinev4-rep1/control-series.txt
1791240243,2026-10-06T07:44:03+09:00,5050.0,B_Varmail,1,1,1035941945344,252915514,288605208,2.141113107043327,active_cumulative,/home/oy/iCAT/result/mixU-onlinev4-after-v6-20261005/mixU-onlinev4-rep1/control-series.txt
1791240273,2026-10-06T07:44:33+09:00,5080.0,B_Varmail,1,1,1054074740736,257342466,295375496,2.1477915036378024,active_cumulative,/home/oy/iCAT/result/mixU-onlinev4-after-v6-20261005/mixU-onlinev4-rep1/control-series.txt
1791240303,2026-10-06T07:45:03+09:00,5110.0,B_Varmail,1,1,1072312897536,261795141,302092039,2.153925309102662,active_cumulative,/home/oy/iCAT/result/mixU-onlinev4-after-v6-20261005/mixU-onlinev4-rep1/control-series.txt
1791240333,2026-10-06T07:45:33+09:00,5140.0,B_Varmail,1,1,1090570887168,266252658,308771602,2.1596939700786013,active_cumulative,/home/oy/iCAT/result/mixU-onlinev4-after-v6-20261005/mixU-onlinev4-rep1/control-series.txt
1791240363,2026-10-06T07:46:03+09:00,5170.0,B_Varmail,1,1,1108893175808,270725873,315355736,2.164852596116663,active_cumulative,/home/oy/iCAT/result/mixU-onlinev4-after-v6-20261005/mixU-onlinev4-rep1/control-series.txt
1791240393,2026-10-06T07:46:33+09:00,5200.0,B_Varmail,1,1,1127222431744,275200789,321947809,2.1698651379956617,active_cumulative,/home/oy/iCAT/result/mixU-onlinev4-after-v6-20261005/mixU-onlinev4-rep1/control-series.txt
1791240423,2026-10-06T07:47:03+09:00,5230.0,B_Varmail,1,1,1145539481600,279672725,328527282,2.1746847390999604,active_cumulative,/home/oy/iCAT/result/mixU-onlinev4-after-v6-20261005/mixU-onlinev4-rep1/control-series.txt
1791240453,2026-10-06T07:47:33+09:00,5260.0,B_Varmail,1,1,1163891486720,284153195,335100703,2.1792959181754052,active_cumulative,/home/oy/iCAT/result/mixU-onlinev4-after-v6-20261005/mixU-onlinev4-rep1/control-series.txt
1791240483,2026-10-06T07:48:03+09:00,5290.0,B_Varmail,1,1,1182266130432,288639192,341634939,2.1836055132804004,active_cumulative,/home/oy/iCAT/result/mixU-onlinev4-after-v6-20261005/mixU-onlinev4-rep1/control-series.txt
1791240513,2026-10-06T07:48:33+09:00,5320.0,B_Varmail,1,1,1200651001856,293127686,348165019,2.187758903810949,active_cumulative,/home/oy/iCAT/result/mixU-onlinev4-after-v6-20261005/mixU-onlinev4-rep1/control-series.txt
1791240543,2026-10-06T07:49:03+09:00,5350.0,B_Varmail,1,1,1218982047744,297603039,354665786,2.1917411434766967,active_cumulative,/home/oy/iCAT/result/mixU-onlinev4-after-v6-20261005/mixU-onlinev4-rep1/control-series.txt
1791240573,2026-10-06T07:49:33+09:00,5380.0,B_Varmail,1,1,1237412626432,302102692,361159492,2.1954858449258703,active_cumulative,/home/oy/iCAT/result/mixU-onlinev4-after-v6-20261005/mixU-onlinev4-rep1/control-series.txt
1791240603,2026-10-06T07:50:03+09:00,5410.0,B_Varmail,1,1,1255809101824,306594019,367631062,2.1990809970758107,active_cumulative,/home/oy/iCAT/result/mixU-onlinev4-after-v6-20261005/mixU-onlinev4-rep1/control-series.txt
1791240633,2026-10-06T07:50:33+09:00,5440.0,B_Varmail,1,1,1274161819648,311074663,374087083,2.2025636527009596,active_cumulative,/home/oy/iCAT/result/mixU-onlinev4-after-v6-20261005/mixU-onlinev4-rep1/control-series.txt
1791240663,2026-10-06T07:51:03+09:00,5470.0,B_Varmail,1,1,1292565565440,315567765,380552934,2.2059309479851343,active_cumulative,/home/oy/iCAT/result/mixU-onlinev4-after-v6-20261005/mixU-onlinev4-rep1/control-series.txt
1791240693,2026-10-06T07:51:33+09:00,5500.0,B_Varmail,1,1,1310987436032,320065292,387022667,2.2091991124111017,active_cumulative,/home/oy/iCAT/result/mixU-onlinev4-after-v6-20261005/mixU-onlinev4-rep1/control-series.txt
1791240723,2026-10-06T07:52:03+09:00,5530.0,B_Varmail,1,1,1329408745472,324562682,393485652,2.2123564224182743,active_cumulative,/home/oy/iCAT/result/mixU-onlinev4-after-v6-20261005/mixU-onlinev4-rep1/control-series.txt
1791240753,2026-10-06T07:52:33+09:00,5560.0,B_Varmail,1,1,1347746103296,329039576,399917748,2.2154092612859433,active_cumulative,/home/oy/iCAT/result/mixU-onlinev4-after-v6-20261005/mixU-onlinev4-rep1/control-series.txt
1791240783,2026-10-06T07:53:03+09:00,5590.0,B_Varmail,1,1,1366192005120,333542970,406360824,2.2183162607204703,active_cumulative,/home/oy/iCAT/result/mixU-onlinev4-after-v6-20261005/mixU-onlinev4-rep1/control-series.txt
1791240813,2026-10-06T07:53:33+09:00,5620.0,B_Varmail,1,1,1384623726592,338042902,412777454,2.2210800805395996,active_cumulative,/home/oy/iCAT/result/mixU-onlinev4-after-v6-20261005/mixU-onlinev4-rep1/control-series.txt
1791240843,2026-10-06T07:54:03+09:00,5650.0,B_Varmail,1,1,1403033276416,342537421,419184970,2.223764016136503,active_cumulative,/home/oy/iCAT/result/mixU-onlinev4-after-v6-20261005/mixU-onlinev4-rep1/control-series.txt
1791240873,2026-10-06T07:54:33+09:00,5680.0,B_Varmail,1,1,1421460463616,347036246,425589801,2.226355477001097,active_cumulative,/home/oy/iCAT/result/mixU-onlinev4-after-v6-20261005/mixU-onlinev4-rep1/control-series.txt
1791240903,2026-10-06T07:55:03+09:00,5710.0,B_Varmail,1,1,1439900454912,351538197,431981013,2.2288309398139172,active_cumulative,/home/oy/iCAT/result/mixU-onlinev4-after-v6-20261005/mixU-onlinev4-rep1/control-series.txt
1791240933,2026-10-06T07:55:33+09:00,5740.0,B_Varmail,1,1,1458382622720,356050445,438388407,2.2312536416012625,active_cumulative,/home/oy/iCAT/result/mixU-onlinev4-after-v6-20261005/mixU-onlinev4-rep1/control-series.txt
1791240963,2026-10-06T07:56:03+09:00,5770.0,B_Varmail,1,1,1476914298880,360574780,444804753,2.2335991801756077,active_cumulative,/home/oy/iCAT/result/mixU-onlinev4-after-v6-20261005/mixU-onlinev4-rep1/control-series.txt
1791240993,2026-10-06T07:56:33+09:00,5800.0,B_Varmail,1,1,1495454855168,365101283,451214227,2.2358604256123638,active_cumulative,/home/oy/iCAT/result/mixU-onlinev4-after-v6-20261005/mixU-onlinev4-rep1/control-series.txt
1791241023,2026-10-06T07:57:03+09:00,5830.0,B_Varmail,1,1,1514029010944,369635989,457605524,2.2379896374213715,active_cumulative,/home/oy/iCAT/result/mixU-onlinev4-after-v6-20261005/mixU-onlinev4-rep1/control-series.txt
1791241053,2026-10-06T07:57:33+09:00,5860.0,B_Varmail,1,1,1532550098944,374157739,463965265,2.2400258410798233,active_cumulative,/home/oy/iCAT/result/mixU-onlinev4-after-v6-20261005/mixU-onlinev4-rep1/control-series.txt
1791241083,2026-10-06T07:58:03+09:00,5890.0,B_Varmail,1,1,1551086895104,378683324,470357461,2.242086543531027,active_cumulative,/home/oy/iCAT/result/mixU-onlinev4-after-v6-20261005/mixU-onlinev4-rep1/control-series.txt
1791241113,2026-10-06T07:58:33+09:00,5920.0,B_Varmail,1,1,1569643151360,383213660,476723364,2.2440145374776046,active_cumulative,/home/oy/iCAT/result/mixU-onlinev4-after-v6-20261005/mixU-onlinev4-rep1/control-series.txt
1791241143,2026-10-06T07:59:03+09:00,5950.0,B_Varmail,1,1,1588228308992,387751052,483084341,2.245862102780317,active_cumulative,/home/oy/iCAT/result/mixU-onlinev4-after-v6-20261005/mixU-onlinev4-rep1/control-series.txt
1791241173,2026-10-06T07:59:33+09:00,5980.0,B_Varmail,1,1,1606820597760,392290185,489415799,2.2475861434055506,active_cumulative,/home/oy/iCAT/result/mixU-onlinev4-after-v6-20261005/mixU-onlinev4-rep1/control-series.txt
1791241203,2026-10-06T08:00:03+09:00,6010.0,B_Varmail,1,1,1625341640704,396811924,495769658,2.249381956576486,active_cumulative,/home/oy/iCAT/result/mixU-onlinev4-after-v6-20261005/mixU-onlinev4-rep1/control-series.txt
1791241233,2026-10-06T08:00:33+09:00,6040.0,B_Varmail,1,1,1643898347520,401342370,502092912,2.251033904045566,active_cumulative,/home/oy/iCAT/result/mixU-onlinev4-after-v6-20261005/mixU-onlinev4-rep1/control-series.txt
1791241263,2026-10-06T08:01:03+09:00,6070.0,B_Varmail,1,1,1662478422016,405878521,508403609,2.2526004277028493,active_cumulative,/home/oy/iCAT/result/mixU-onlinev4-after-v6-20261005/mixU-onlinev4-rep1/control-series.txt
1791241293,2026-10-06T08:01:33+09:00,6100.0,B_Varmail,1,1,1681059807232,410414992,514718029,2.2541404164884895,active_cumulative,/home/oy/iCAT/result/mixU-onlinev4-after-v6-20261005/mixU-onlinev4-rep1/control-series.txt
1791241323,2026-10-06T08:02:03+09:00,6130.0,B_Varmail,1,1,1699659743232,414955992,520988797,2.255527831973083,active_cumulative,/home/oy/iCAT/result/mixU-onlinev4-after-v6-20261005/mixU-onlinev4-rep1/control-series.txt
1791241353,2026-10-06T08:02:33+09:00,6160.0,B_Varmail,1,1,1718266613760,419498685,527241116,2.256836159093085,active_cumulative,/home/oy/iCAT/result/mixU-onlinev4-after-v6-20261005/mixU-onlinev4-rep1/control-series.txt
1791241383,2026-10-06T08:03:03+09:00,6190.0,B_Varmail,1,1,1736876855296,424042201,533556328,2.2582623303570672,active_cumulative,/home/oy/iCAT/result/mixU-onlinev4-after-v6-20261005/mixU-onlinev4-rep1/control-series.txt
1791241413,2026-10-06T08:03:33+09:00,6220.0,B_Varmail,1,1,1755444207616,428575246,539887496,2.2597262698648724,active_cumulative,/home/oy/iCAT/result/mixU-onlinev4-after-v6-20261005/mixU-onlinev4-rep1/control-series.txt
1791241443,2026-10-06T08:04:03+09:00,6250.0,B_Varmail,1,1,1774004277248,433106513,546188539,2.2610951869938747,active_cumulative,/home/oy/iCAT/result/mixU-onlinev4-after-v6-20261005/mixU-onlinev4-rep1/control-series.txt
1791241473,2026-10-06T08:04:33+09:00,6280.0,B_Varmail,1,1,1792555601920,437635645,552440248,2.262329187102664,active_cumulative,/home/oy/iCAT/result/mixU-onlinev4-after-v6-20261005/mixU-onlinev4-rep1/control-series.txt
1791241503,2026-10-06T08:05:03+09:00,6310.0,B_Varmail,1,1,1811120828416,442168171,558736835,2.263629703911908,active_cumulative,/home/oy/iCAT/result/mixU-onlinev4-after-v6-20261005/mixU-onlinev4-rep1/control-series.txt
1791241533,2026-10-06T08:05:33+09:00,6340.0,B_Varmail,1,1,1829689692160,446701585,565019093,2.264869237032145,active_cumulative,/home/oy/iCAT/result/mixU-onlinev4-after-v6-20261005/mixU-onlinev4-rep1/control-series.txt
1791241563,2026-10-06T08:06:03+09:00,6370.0,B_Varmail,1,1,1848271429632,451238142,571296120,2.26606345258819,active_cumulative,/home/oy/iCAT/result/mixU-onlinev4-after-v6-20261005/mixU-onlinev4-rep1/control-series.txt
1791241593,2026-10-06T08:06:33+09:00,6400.0,B_Varmail,1,1,1866821713920,455767020,577550932,2.267206503884375,active_cumulative,/home/oy/iCAT/result/mixU-onlinev4-after-v6-20261005/mixU-onlinev4-rep1/control-series.txt
1791241623,2026-10-06T08:07:03+09:00,6430.0,B_Varmail,1,1,1885415702528,460306568,583840859,2.2683739481205922,active_cumulative,/home/oy/iCAT/result/mixU-onlinev4-after-v6-20261005/mixU-onlinev4-rep1/control-series.txt
1791241653,2026-10-06T08:07:33+09:00,6460.0,B_Varmail,1,1,1903986569216,464840471,590091366,2.26944920421957,active_cumulative,/home/oy/iCAT/result/mixU-onlinev4-after-v6-20261005/mixU-onlinev4-rep1/control-series.txt
1791241683,2026-10-06T08:08:03+09:00,6490.0,B_Varmail,1,1,1922580590592,469380027,596334386,2.270472435334365,active_cumulative,/home/oy/iCAT/result/mixU-onlinev4-after-v6-20261005/mixU-onlinev4-rep1/control-series.txt
1791241713,2026-10-06T08:08:33+09:00,6520.0,B_Varmail,1,1,1941205925888,473927228,602604165,2.2715120157645807,active_cumulative,/home/oy/iCAT/result/mixU-onlinev4-after-v6-20261005/mixU-onlinev4-rep1/control-series.txt
1791241743,2026-10-06T08:09:03+09:00,6550.0,B_Varmail,1,1,1959854481408,478480098,608842012,2.272450023616238,active_cumulative,/home/oy/iCAT/result/mixU-onlinev4-after-v6-20261005/mixU-onlinev4-rep1/control-series.txt
1791241773,2026-10-06T08:09:33+09:00,6580.0,B_Varmail,1,1,1978459881472,483022432,615054102,2.273344799853933,active_cumulative,/home/oy/iCAT/result/mixU-onlinev4-after-v6-20261005/mixU-onlinev4-rep1/control-series.txt
1791241803,2026-10-06T08:10:03+09:00,6610.0,B_Varmail,1,1,1997066604544,487565089,621293642,2.274278359991439,active_cumulative,/home/oy/iCAT/result/mixU-onlinev4-after-v6-20261005/mixU-onlinev4-rep1/control-series.txt
1791241833,2026-10-06T08:10:33+09:00,6640.0,B_Varmail,1,1,2015662325760,492105060,627508590,2.2751516718807974,active_cumulative,/home/oy/iCAT/result/mixU-onlinev4-after-v6-20261005/mixU-onlinev4-rep1/control-series.txt
1791241863,2026-10-06T08:11:03+09:00,6670.0,B_Varmail,1,1,2034286284800,496651925,633698821,2.2759415379292047,active_cumulative,/home/oy/iCAT/result/mixU-onlinev4-after-v6-20261005/mixU-onlinev4-rep1/control-series.txt
1791241893,2026-10-06T08:11:33+09:00,6700.0,B_Varmail,1,1,2052914245632,501199767,639901841,2.276740100719161,active_cumulative,/home/oy/iCAT/result/mixU-onlinev4-after-v6-20261005/mixU-onlinev4-rep1/control-series.txt
1791241923,2026-10-06T08:12:03+09:00,6730.0,B_Varmail,1,1,2071551741952,505749937,646136098,2.277580184849336,active_cumulative,/home/oy/iCAT/result/mixU-onlinev4-after-v6-20261005/mixU-onlinev4-rep1/control-series.txt
1791241953,2026-10-06T08:12:33+09:00,6760.0,B_Varmail,1,1,2090175885312,510296847,652355715,2.278384765328562,active_cumulative,/home/oy/iCAT/result/mixU-onlinev4-after-v6-20261005/mixU-onlinev4-rep1/control-series.txt
1791241983,2026-10-06T08:13:03+09:00,6790.0,B_Varmail,1,1,2108804087808,514844748,658573816,2.279169727492296,active_cumulative,/home/oy/iCAT/result/mixU-onlinev4-after-v6-20261005/mixU-onlinev4-rep1/control-series.txt
1791242013,2026-10-06T08:13:33+09:00,6820.0,B_Varmail,1,1,2127449579520,519396870,664776002,2.2798999000513804,active_cumulative,/home/oy/iCAT/result/mixU-onlinev4-after-v6-20261005/mixU-onlinev4-rep1/control-series.txt
1791242043,2026-10-06T08:14:03+09:00,6850.0,B_Varmail,1,1,2146101035008,523950448,670979022,2.280615418044265,active_cumulative,/home/oy/iCAT/result/mixU-onlinev4-after-v6-20261005/mixU-onlinev4-rep1/control-series.txt
1791242073,2026-10-06T08:14:33+09:00,6880.0,B_Varmail,1,1,2164753543168,528504283,677173994,2.28130275530804,active_cumulative,/home/oy/iCAT/result/mixU-onlinev4-after-v6-20261005/mixU-onlinev4-rep1/control-series.txt
1791242103,2026-10-06T08:15:03+09:00,6910.0,B_Varmail,1,1,2183392415744,533054789,683334587,2.2819218607564187,active_cumulative,/home/oy/iCAT/result/mixU-onlinev4-after-v6-20261005/mixU-onlinev4-rep1/control-series.txt
1791242133,2026-10-06T08:15:33+09:00,6940.0,B_Varmail,1,1,2202074165248,537615763,689485101,2.282486765552669,active_cumulative,/home/oy/iCAT/result/mixU-onlinev4-after-v6-20261005/mixU-onlinev4-rep1/control-series.txt
1791242163,2026-10-06T08:16:03+09:00,6970.0,B_Varmail,1,1,2220753862656,542176236,695622829,2.283019768870873,active_cumulative,/home/oy/iCAT/result/mixU-onlinev4-after-v6-20261005/mixU-onlinev4-rep1/control-series.txt
1791242193,2026-10-06T08:16:33+09:00,7000.0,B_Varmail,1,1,2239400927232,546728742,701787663,2.2836121628301003,active_cumulative,/home/oy/iCAT/result/mixU-onlinev4-after-v6-20261005/mixU-onlinev4-rep1/control-series.txt
1791242223,2026-10-06T08:17:03+09:00,7030.0,B_Varmail,1,1,2258046406656,551280861,707944355,2.2841809050214787,active_cumulative,/home/oy/iCAT/result/mixU-onlinev4-after-v6-20261005/mixU-onlinev4-rep1/control-series.txt
1791242253,2026-10-06T08:17:33+09:00,7060.0,B_Varmail,1,1,2276731904000,555842750,714093913,2.2847049151940904,active_cumulative,/home/oy/iCAT/result/mixU-onlinev4-after-v6-20261005/mixU-onlinev4-rep1/control-series.txt
1791242283,2026-10-06T08:18:03+09:00,7090.0,B_Varmail,1,1,2295394357248,560399013,720216532,2.2851852256920373,active_cumulative,/home/oy/iCAT/result/mixU-onlinev4-after-v6-20261005/mixU-onlinev4-rep1/control-series.txt
1791242313,2026-10-06T08:18:33+09:00,7120.0,B_Varmail,1,1,2314053849088,564954553,726330691,2.2856444596172674,active_cumulative,/home/oy/iCAT/result/mixU-onlinev4-after-v6-20261005/mixU-onlinev4-rep1/control-series.txt
1791242343,2026-10-06T08:19:03+09:00,7150.0,B_Varmail,1,1,2332719677440,569511640,732459302,2.2861182292955418,active_cumulative,/home/oy/iCAT/result/mixU-onlinev4-after-v6-20261005/mixU-onlinev4-rep1/control-series.txt
1791242373,2026-10-06T08:19:33+09:00,7180.0,B_Varmail,1,1,2351363563520,574063370,738582117,2.28658638679559,active_cumulative,/home/oy/iCAT/result/mixU-onlinev4-after-v6-20261005/mixU-onlinev4-rep1/control-series.txt
1791242403,2026-10-06T08:20:03+09:00,7210.0,B_Varmail,1,1,2370038779904,578622749,744717060,2.2870511249117857,active_cumulative,/home/oy/iCAT/result/mixU-onlinev4-after-v6-20261005/mixU-onlinev4-rep1/control-series.txt
1791242433,2026-10-06T08:20:33+09:00,7240.0,B_Varmail,1,1,2388736118784,583187529,750853536,2.287499301103882,active_cumulative,/home/oy/iCAT/result/mixU-onlinev4-after-v6-20261005/mixU-onlinev4-rep1/control-series.txt
1791242463,2026-10-06T08:21:03+09:00,7270.0,B_Varmail,1,1,2407439306752,587753737,756979207,2.2879190030568877,active_cumulative,/home/oy/iCAT/result/mixU-onlinev4-after-v6-20261005/mixU-onlinev4-rep1/control-series.txt
1791242493,2026-10-06T08:21:33+09:00,7300.0,B_Varmail,1,1,2426104115200,592310575,763096773,2.288338930973839,active_cumulative,/home/oy/iCAT/result/mixU-onlinev4-after-v6-20261005/mixU-onlinev4-rep1/control-series.txt
1791242523,2026-10-06T08:22:03+09:00,7330.0,B_Varmail,1,1,2444771041280,596867930,769242340,2.288798243859408,active_cumulative,/home/oy/iCAT/result/mixU-onlinev4-after-v6-20261005/mixU-onlinev4-rep1/control-series.txt
1791242553,2026-10-06T08:22:33+09:00,7360.0,B_Varmail,1,1,2463476740096,601434751,775357056,2.2891790085471797,active_cumulative,/home/oy/iCAT/result/mixU-onlinev4-after-v6-20261005/mixU-onlinev4-rep1/control-series.txt
1791242583,2026-10-06T08:23:03+09:00,7390.0,B_Varmail,1,1,2482150416384,605993754,781491101,2.289602567421842,active_cumulative,/home/oy/iCAT/result/mixU-onlinev4-after-v6-20261005/mixU-onlinev4-rep1/control-series.txt
1791242613,2026-10-06T08:23:33+09:00,7420.0,B_Varmail,1,1,2500809510912,610549197,787594117,2.289976501271199,active_cumulative,/home/oy/iCAT/result/mixU-onlinev4-after-v6-20261005/mixU-onlinev4-rep1/control-series.txt
1791242643,2026-10-06T08:24:03+09:00,7450.0,B_Varmail,1,1,2519504703488,615113453,793686985,2.2903099113327308,active_cumulative,/home/oy/iCAT/result/mixU-onlinev4-after-v6-20261005/mixU-onlinev4-rep1/control-series.txt
1791242673,2026-10-06T08:24:33+09:00,7480.0,B_Varmail,1,1,2538170183680,619670455,799772631,2.2906418638274433,active_cumulative,/home/oy/iCAT/result/mixU-onlinev4-after-v6-20261005/mixU-onlinev4-rep1/control-series.txt
1791242703,2026-10-06T08:25:03+09:00,7510.0,B_Varmail,1,1,2556873519104,624236699,805875245,2.2909770385031463,active_cumulative,/home/oy/iCAT/result/mixU-onlinev4-after-v6-20261005/mixU-onlinev4-rep1/control-series.txt
1791242733,2026-10-06T08:25:33+09:00,7540.0,B_Varmail,1,1,2575584821248,628804888,811984804,2.29131439576214,active_cumulative,/home/oy/iCAT/result/mixU-onlinev4-after-v6-20261005/mixU-onlinev4-rep1/control-series.txt
1791242763,2026-10-06T08:26:03+09:00,7570.0,B_Varmail,1,1,2594272550912,633367322,818105205,2.291675741048099,active_cumulative,/home/oy/iCAT/result/mixU-onlinev4-after-v6-20261005/mixU-onlinev4-rep1/control-series.txt
1791242793,2026-10-06T08:26:33+09:00,7600.0,B_Varmail,1,1,2612970811392,637932327,824216384,2.2920122544597117,active_cumulative,/home/oy/iCAT/result/mixU-onlinev4-after-v6-20261005/mixU-onlinev4-rep1/control-series.txt
1791242823,2026-10-06T08:27:03+09:00,7630.0,B_Varmail,1,1,2631645061120,642491470,830320303,2.2923444773515826,active_cumulative,/home/oy/iCAT/result/mixU-onlinev4-after-v6-20261005/mixU-onlinev4-rep1/control-series.txt
1791242853,2026-10-06T08:27:33+09:00,7660.0,B_Varmail,1,1,2650326564864,647052384,836409710,2.292646052595334,active_cumulative,/home/oy/iCAT/result/mixU-onlinev4-after-v6-20261005/mixU-onlinev4-rep1/control-series.txt
1791242883,2026-10-06T08:28:03+09:00,7690.0,B_Varmail,1,1,2669006843904,651612999,842509863,2.2929604908019954,active_cumulative,/home/oy/iCAT/result/mixU-onlinev4-after-v6-20261005/mixU-onlinev4-rep1/control-series.txt
1791242913,2026-10-06T08:28:33+09:00,7720.0,B_Varmail,1,1,2687649316864,656164384,848619385,2.2933030284679394,active_cumulative,/home/oy/iCAT/result/mixU-onlinev4-after-v6-20261005/mixU-onlinev4-rep1/control-series.txt
1791242943,2026-10-06T08:29:03+09:00,7750.0,B_Varmail,1,1,2706344968192,660728752,854745914,2.2936411672909918,active_cumulative,/home/oy/iCAT/result/mixU-onlinev4-after-v6-20261005/mixU-onlinev4-rep1/control-series.txt
1791242973,2026-10-06T08:29:33+09:00,7780.0,B_Varmail,1,1,2725056172032,665296917,860864948,2.293956015731845,active_cumulative,/home/oy/iCAT/result/mixU-onlinev4-after-v6-20261005/mixU-onlinev4-rep1/control-series.txt
1791243003,2026-10-06T08:30:03+09:00,7810.0,B_Varmail,1,1,2743751442432,669861192,866957450,2.2942344777602823,active_cumulative,/home/oy/iCAT/result/mixU-onlinev4-after-v6-20261005/mixU-onlinev4-rep1/control-series.txt
1791243033,2026-10-06T08:30:33+09:00,7840.0,B_Varmail,1,1,2762444271616,674424871,873048668,2.2945084108560403,active_cumulative,/home/oy/iCAT/result/mixU-onlinev4-after-v6-20261005/mixU-onlinev4-rep1/control-series.txt
1791243063,2026-10-06T08:31:03+09:00,7870.0,B_Varmail,1,1,2781147443200,678991075,879115318,2.294737663525253,active_cumulative,/home/oy/iCAT/result/mixU-onlinev4-after-v6-20261005/mixU-onlinev4-rep1/control-series.txt
1791243093,2026-10-06T08:31:33+09:00,7900.0,B_Varmail,1,1,2799853297664,683557934,885205770,2.294997433238775,active_cumulative,/home/oy/iCAT/result/mixU-onlinev4-after-v6-20261005/mixU-onlinev4-rep1/control-series.txt
1791243123,2026-10-06T08:32:03+09:00,7930.0,B_Varmail,1,1,2818525470720,688116570,891286901,2.295255687564681,active_cumulative,/home/oy/iCAT/result/mixU-onlinev4-after-v6-20261005/mixU-onlinev4-rep1/control-series.txt
1791243153,2026-10-06T08:32:33+09:00,7960.0,B_Varmail,1,1,2837210816512,692678422,897364435,2.2954993348991604,active_cumulative,/home/oy/iCAT/result/mixU-onlinev4-after-v6-20261005/mixU-onlinev4-rep1/control-series.txt
1791243183,2026-10-06T08:33:03+09:00,7990.0,B_Varmail,1,1,2855888510976,697238406,903449301,2.295753781239641,active_cumulative,/home/oy/iCAT/result/mixU-onlinev4-after-v6-20261005/mixU-onlinev4-rep1/control-series.txt
1791243213,2026-10-06T08:33:33+09:00,8020.0,B_Varmail,1,1,2874600099840,701806665,909507102,2.295951075072791,active_cumulative,/home/oy/iCAT/result/mixU-onlinev4-after-v6-20261005/mixU-onlinev4-rep1/control-series.txt
1791243243,2026-10-06T08:34:03+09:00,8050.0,B_Varmail,1,1,2893290029056,706369636,915587090,2.2961869300961855,active_cumulative,/home/oy/iCAT/result/mixU-onlinev4-after-v6-20261005/mixU-onlinev4-rep1/control-series.txt
1791243273,2026-10-06T08:34:33+09:00,8080.0,B_Varmail,1,1,2912008601600,710939600,921663622,2.2964021444297096,active_cumulative,/home/oy/iCAT/result/mixU-onlinev4-after-v6-20261005/mixU-onlinev4-rep1/control-series.txt
1791243303,2026-10-06T08:35:03+09:00,8110.0,B_Varmail,1,1,2930718572544,715507464,927717170,2.296586292494637,active_cumulative,/home/oy/iCAT/result/mixU-onlinev4-after-v6-20261005/mixU-onlinev4-rep1/control-series.txt
1791243333,2026-10-06T08:35:33+09:00,8140.0,B_Varmail,1,1,2949418528768,720072883,933777441,2.2967818439567598,active_cumulative,/home/oy/iCAT/result/mixU-onlinev4-after-v6-20261005/mixU-onlinev4-rep1/control-series.txt
1791243363,2026-10-06T08:36:03+09:00,8170.0,B_Varmail,1,1,2968160808960,724648635,939860859,2.296988379754555,active_cumulative,/home/oy/iCAT/result/mixU-onlinev4-after-v6-20261005/mixU-onlinev4-rep1/control-series.txt
1791243393,2026-10-06T08:36:33+09:00,8200.0,B_Varmail,1,1,2986860417024,729213969,945924543,2.2971837940751243,active_cumulative,/home/oy/iCAT/result/mixU-onlinev4-after-v6-20261005/mixU-onlinev4-rep1/control-series.txt
1791243423,2026-10-06T08:37:03+09:00,8230.0,B_Varmail,1,1,3005531275264,733772284,951985853,2.297385951688521,active_cumulative,/home/oy/iCAT/result/mixU-onlinev4-after-v6-20261005/mixU-onlinev4-rep1/control-series.txt
1791243453,2026-10-06T08:37:33+09:00,8260.0,B_Varmail,1,1,3024233828352,738338337,958048636,2.2975740090819636,active_cumulative,/home/oy/iCAT/result/mixU-onlinev4-after-v6-20261005/mixU-onlinev4-rep1/control-series.txt
1791243483,2026-10-06T08:38:03+09:00,8290.0,B_Varmail,1,1,3042976559104,742914199,964116894,2.29774998956508,active_cumulative,/home/oy/iCAT/result/mixU-onlinev4-after-v6-20261005/mixU-onlinev4-rep1/control-series.txt
1791243513,2026-10-06T08:38:33+09:00,8320.0,B_Varmail,1,1,3061713842176,747488731,970204100,2.297951473732652,active_cumulative,/home/oy/iCAT/result/mixU-onlinev4-after-v6-20261005/mixU-onlinev4-rep1/control-series.txt
1791243543,2026-10-06T08:39:03+09:00,8350.0,B_Varmail,1,1,3080439214080,752060355,976254793,2.29810697573601,active_cumulative,/home/oy/iCAT/result/mixU-onlinev4-after-v6-20261005/mixU-onlinev4-rep1/control-series.txt
1791243573,2026-10-06T08:39:33+09:00,8380.0,B_Varmail,1,1,3099115057152,756619887,982312853,2.298291083644224,active_cumulative,/home/oy/iCAT/result/mixU-onlinev4-after-v6-20261005/mixU-onlinev4-rep1/control-series.txt
1791243603,2026-10-06T08:40:03+09:00,8410.0,B_Varmail,1,1,3117872713728,761199393,988381673,2.2984530493444573,active_cumulative,/home/oy/iCAT/result/mixU-onlinev4-after-v6-20261005/mixU-onlinev4-rep1/control-series.txt
1791243633,2026-10-06T08:40:33+09:00,8440.0,B_Varmail,1,1,3136562425856,765762311,994448497,2.2986386019721463,active_cumulative,/home/oy/iCAT/result/mixU-onlinev4-after-v6-20261005/mixU-onlinev4-rep1/control-series.txt
1791243663,2026-10-06T08:41:03+09:00,8470.0,B_Varmail,1,1,3155257020416,770326421,1000495502,2.298794218561536,active_cumulative,/home/oy/iCAT/result/mixU-onlinev4-after-v6-20261005/mixU-onlinev4-rep1/control-series.txt
1791243693,2026-10-06T08:41:33+09:00,8500.0,B_Varmail,1,1,3173998776320,774902045,1006554545,2.298944236235691,active_cumulative,/home/oy/iCAT/result/mixU-onlinev4-after-v6-20261005/mixU-onlinev4-rep1/control-series.txt
1791243723,2026-10-06T08:42:03+09:00,8530.0,B_Varmail,1,1,3192719757312,779472597,1012595200,2.299077355505802,active_cumulative,/home/oy/iCAT/result/mixU-onlinev4-after-v6-20261005/mixU-onlinev4-rep1/control-series.txt
1791243753,2026-10-06T08:42:33+09:00,8560.0,B_Varmail,1,1,3211433984000,784041500,1018653903,2.299234674440065,active_cumulative,/home/oy/iCAT/result/mixU-onlinev4-after-v6-20261005/mixU-onlinev4-rep1/control-series.txt
1791243783,2026-10-06T08:43:03+09:00,8590.0,B_Varmail,1,1,3230154035200,788611825,1024714631,2.299390395268293,active_cumulative,/home/oy/iCAT/result/mixU-onlinev4-after-v6-20261005/mixU-onlinev4-rep1/control-series.txt
1791243813,2026-10-06T08:43:33+09:00,8620.0,B_Varmail,1,1,3248877490176,793182981,1030781454,2.299550644292001,active_cumulative,/home/oy/iCAT/result/mixU-onlinev4-after-v6-20261005/mixU-onlinev4-rep1/control-series.txt
1791243843,2026-10-06T08:44:03+09:00,8650.0,B_Varmail,1,1,3267615924224,797757794,1036845371,2.299699456148466,active_cumulative,/home/oy/iCAT/result/mixU-onlinev4-after-v6-20261005/mixU-onlinev4-rep1/control-series.txt
1791243873,2026-10-06T08:44:33+09:00,8680.0,B_Varmail,1,1,3286344269824,802330144,1042902040,2.29984152757945,active_cumulative,/home/oy/iCAT/result/mixU-onlinev4-after-v6-20261005/mixU-onlinev4-rep1/control-series.txt
1791243903,2026-10-06T08:45:03+09:00,8710.0,B_Varmail,1,1,3305055358976,806898281,1048928414,2.2999512313993886,active_cumulative,/home/oy/iCAT/result/mixU-onlinev4-after-v6-20261005/mixU-onlinev4-rep1/control-series.txt
1791243933,2026-10-06T08:45:33+09:00,8740.0,B_Varmail,1,1,3323785912320,811471170,1054957239,2.3000551073182303,active_cumulative,/home/oy/iCAT/result/mixU-onlinev4-after-v6-20261005/mixU-onlinev4-rep1/control-series.txt
1791243963,2026-10-06T08:46:03+09:00,8770.0,B_Varmail,1,1,3342482198528,816035693,1060995250,2.3001824051340853,active_cumulative,/home/oy/iCAT/result/mixU-onlinev4-after-v6-20261005/mixU-onlinev4-rep1/control-series.txt
1791243993,2026-10-06T08:46:33+09:00,8800.0,B_Varmail,1,1,3361202122752,820605987,1067033812,2.3002998136790342,active_cumulative,/home/oy/iCAT/result/mixU-onlinev4-after-v6-20261005/mixU-onlinev4-rep1/control-series.txt
1791244023,2026-10-06T08:47:03+09:00,8830.0,B_Varmail,1,1,3379938332672,825180257,1073068579,2.3004050568311163,active_cumulative,/home/oy/iCAT/result/mixU-onlinev4-after-v6-20261005/mixU-onlinev4-rep1/control-series.txt
1791244053,2026-10-06T08:47:33+09:00,8860.0,B_Varmail,1,1,3398691758080,829758730,1079120519,2.3005232484869427,active_cumulative,/home/oy/iCAT/result/mixU-onlinev4-after-v6-20261005/mixU-onlinev4-rep1/control-series.txt
1791244083,2026-10-06T08:48:03+09:00,8890.0,B_Varmail,1,1,3417427349504,834332849,1085169233,2.3006430638571205,active_cumulative,/home/oy/iCAT/result/mixU-onlinev4-after-v6-20261005/mixU-onlinev4-rep1/control-series.txt
1791244113,2026-10-06T08:48:33+09:00,8920.0,B_Varmail,1,1,3436126818304,838898149,1091192794,2.3007452636541696,active_cumulative,/home/oy/iCAT/result/mixU-onlinev4-after-v6-20261005/mixU-onlinev4-rep1/control-series.txt
1791244143,2026-10-06T08:49:03+09:00,8950.0,B_Varmail,1,1,3454813843456,843460411,1097222560,2.3008583991501648,active_cumulative,/home/oy/iCAT/result/mixU-onlinev4-after-v6-20261005/mixU-onlinev4-rep1/control-series.txt
1791244173,2026-10-06T08:49:33+09:00,8980.0,B_Varmail,1,1,3473574465536,848040641,1103266294,2.3009592237219207,active_cumulative,/home/oy/iCAT/result/mixU-onlinev4-after-v6-20261005/mixU-onlinev4-rep1/control-series.txt
1791244203,2026-10-06T08:50:03+09:00,9010.0,C_FIO-Fast,1,1,3488478158848,851679238,1108162216,2.301149736375281,active_cumulative,/home/oy/iCAT/result/mixU-onlinev4-after-v6-20261005/mixU-onlinev4-rep1/control-series.txt
1791244233,2026-10-06T08:50:33+09:00,9040.0,C_FIO-Fast,1,1,3493394915328,852879618,1112917471,2.304893970393838,active_cumulative,/home/oy/iCAT/result/mixU-onlinev4-after-v6-20261005/mixU-onlinev4-rep1/control-series.txt
1791244263,2026-10-06T08:51:03+09:00,9070.0,C_FIO-Fast,1,1,3498311438336,854079941,1117830226,2.3088121759319016,active_cumulative,/home/oy/iCAT/result/mixU-onlinev4-after-v6-20261005/mixU-onlinev4-rep1/control-series.txt
1791244293,2026-10-06T08:51:33+09:00,9100.0,C_FIO-Fast,1,1,3503227899904,855280249,1122817892,2.312806993161373,active_cumulative,/home/oy/iCAT/result/mixU-onlinev4-after-v6-20261005/mixU-onlinev4-rep1/control-series.txt
1791244323,2026-10-06T08:52:03+09:00,9130.0,C_FIO-Fast,1,1,3508144766976,856480656,1127753734,2.316729953093068,active_cumulative,/home/oy/iCAT/result/mixU-onlinev4-after-v6-20261005/mixU-onlinev4-rep1/control-series.txt
1791244354,2026-10-06T08:52:34+09:00,9161.0,C_FIO-Fast,1,1,3513061568512,857681047,1132782470,2.320750264870899,active_cumulative,/home/oy/iCAT/result/mixU-onlinev4-after-v6-20261005/mixU-onlinev4-rep1/control-series.txt
1791244384,2026-10-06T08:53:04+09:00,9191.0,C_FIO-Fast,1,1,3517978501120,858881470,1137727846,2.3246622330785645,active_cumulative,/home/oy/iCAT/result/mixU-onlinev4-after-v6-20261005/mixU-onlinev4-rep1/control-series.txt
1791244414,2026-10-06T08:53:34+09:00,9221.0,C_FIO-Fast,1,1,3522895290368,860081858,1142780431,2.3286879851847777,active_cumulative,/home/oy/iCAT/result/mixU-onlinev4-after-v6-20261005/mixU-onlinev4-rep1/control-series.txt
1791244444,2026-10-06T08:54:04+09:00,9251.0,C_FIO-Fast,1,1,3527812022272,861282232,1147729503,2.3325823526335094,active_cumulative,/home/oy/iCAT/result/mixU-onlinev4-after-v6-20261005/mixU-onlinev4-rep1/control-series.txt
1791244474,2026-10-06T08:54:34+09:00,9281.0,C_FIO-Fast,1,1,3532728676352,862482587,1152781795,2.3365855872056,active_cumulative,/home/oy/iCAT/result/mixU-onlinev4-after-v6-20261005/mixU-onlinev4-rep1/control-series.txt
1791244504,2026-10-06T08:55:04+09:00,9311.0,C_FIO-Fast,1,1,3537645342720,863682945,1157729629,2.340456744806973,active_cumulative,/home/oy/iCAT/result/mixU-onlinev4-after-v6-20261005/mixU-onlinev4-rep1/control-series.txt
1791244534,2026-10-06T08:55:34+09:00,9341.0,C_FIO-Fast,1,1,3542562041856,864883311,1162811504,2.3444721261363313,active_cumulative,/home/oy/iCAT/result/mixU-onlinev4-after-v6-20261005/mixU-onlinev4-rep1/control-series.txt
1791244564,2026-10-06T08:56:04+09:00,9371.0,C_FIO-Fast,1,1,3547478708224,866083669,1167804982,2.348374324328704,active_cumulative,/home/oy/iCAT/result/mixU-onlinev4-after-v6-20261005/mixU-onlinev4-rep1/control-series.txt
1791244594,2026-10-06T08:56:34+09:00,9401.0,C_FIO-Fast,1,1,3552395476992,867284052,1172930950,2.3524184461770776,active_cumulative,/home/oy/iCAT/result/mixU-onlinev4-after-v6-20261005/mixU-onlinev4-rep1/control-series.txt
1791244624,2026-10-06T08:57:04+09:00,9431.0,C_FIO-Fast,1,1,3557312167936,868484416,1177961303,2.356341324379043,active_cumulative,/home/oy/iCAT/result/mixU-onlinev4-after-v6-20261005/mixU-onlinev4-rep1/control-series.txt
1791244654,2026-10-06T08:57:34+09:00,9461.0,C_FIO-Fast,1,1,3562228748288,869684753,1183087434,2.3603635454328815,active_cumulative,/home/oy/iCAT/result/mixU-onlinev4-after-v6-20261005/mixU-onlinev4-rep1/control-series.txt
1791244684,2026-10-06T08:58:04+09:00,9491.0,C_FIO-Fast,1,1,3567145365504,870885099,1188094381,2.364237810894041,active_cumulative,/home/oy/iCAT/result/mixU-onlinev4-after-v6-20261005/mixU-onlinev4-rep1/control-series.txt
1791244714,2026-10-06T08:58:34+09:00,9521.0,C_FIO-Fast,1,1,3572062060544,872085464,1193198983,2.3682133601071005,active_cumulative,/home/oy/iCAT/result/mixU-onlinev4-after-v6-20261005/mixU-onlinev4-rep1/control-series.txt
1791244744,2026-10-06T08:59:04+09:00,9551.0,C_FIO-Fast,1,1,3576979075072,873285907,1198160204,2.372013672035589,active_cumulative,/home/oy/iCAT/result/mixU-onlinev4-after-v6-20261005/mixU-onlinev4-rep1/control-series.txt
1791244774,2026-10-06T08:59:34+09:00,9581.0,C_FIO-Fast,1,1,3581896146944,874486364,1203231367,2.3759292500528915,active_cumulative,/home/oy/iCAT/result/mixU-onlinev4-after-v6-20261005/mixU-onlinev4-rep1/control-series.txt
1791244804,2026-10-06T09:00:04+09:00,9611.0,C_FIO-Fast,1,1,3586812923904,875686749,1208232521,2.379754258448874,active_cumulative,/home/oy/iCAT/result/mixU-onlinev4-after-v6-20261005/mixU-onlinev4-rep1/control-series.txt
1791244834,2026-10-06T09:00:34+09:00,9641.0,C_FIO-Fast,1,1,3591729500160,876887085,1213372649,2.3837273575536813,active_cumulative,/home/oy/iCAT/result/mixU-onlinev4-after-v6-20261005/mixU-onlinev4-rep1/control-series.txt
1791244864,2026-10-06T09:01:04+09:00,9671.0,C_FIO-Fast,1,1,3596646453248,878087513,1218410246,2.387572682633058,active_cumulative,/home/oy/iCAT/result/mixU-onlinev4-after-v6-20261005/mixU-onlinev4-rep1/control-series.txt
1791244894,2026-10-06T09:01:34+09:00,9701.0,C_FIO-Fast,1,1,3601563185152,879287887,1223534289,2.3915059073252083,active_cumulative,/home/oy/iCAT/result/mixU-onlinev4-after-v6-20261005/mixU-onlinev4-rep1/control-series.txt
1791244924,2026-10-06T09:02:04+09:00,9731.0,C_FIO-Fast,1,1,3606479867904,880488249,1228538596,2.3952924384797782,active_cumulative,/home/oy/iCAT/result/mixU-onlinev4-after-v6-20261005/mixU-onlinev4-rep1/control-series.txt
1791244954,2026-10-06T09:02:34+09:00,9761.0,C_FIO-Fast,1,1,3611396493312,881688597,1233680579,2.3992248319845286,active_cumulative,/home/oy/iCAT/result/mixU-onlinev4-after-v6-20261005/mixU-onlinev4-rep1/control-series.txt
1791244984,2026-10-06T09:03:04+09:00,9791.0,C_FIO-Fast,1,1,3616313626624,882889069,1238699004,2.403006388337106,active_cumulative,/home/oy/iCAT/result/mixU-onlinev4-after-v6-20261005/mixU-onlinev4-rep1/control-series.txt
1791245014,2026-10-06T09:03:34+09:00,9821.0,C_FIO-Fast,1,1,3621230227456,884089411,1243760148,2.4068262016543933,active_cumulative,/home/oy/iCAT/result/mixU-onlinev4-after-v6-20261005/mixU-onlinev4-rep1/control-series.txt
1791245044,2026-10-06T09:04:04+09:00,9851.0,C_FIO-Fast,1,1,3626146856960,885289760,1248749744,2.4105548267044226,active_cumulative,/home/oy/iCAT/result/mixU-onlinev4-after-v6-20261005/mixU-onlinev4-rep1/control-series.txt
1791245074,2026-10-06T09:04:34+09:00,9881.0,C_FIO-Fast,1,1,3631063920640,886490215,1253896966,2.414450994250399,active_cumulative,/home/oy/iCAT/result/mixU-onlinev4-after-v6-20261005/mixU-onlinev4-rep1/control-series.txt
1791245104,2026-10-06T09:05:04+09:00,9911.0,C_FIO-Fast,1,1,3635980558336,887690566,1258929298,2.418207364389181,active_cumulative,/home/oy/iCAT/result/mixU-onlinev4-after-v6-20261005/mixU-onlinev4-rep1/control-series.txt
1791245134,2026-10-06T09:05:34+09:00,9941.0,C_FIO-Fast,1,1,3640897527808,888890998,1264073010,2.4220787620126174,active_cumulative,/home/oy/iCAT/result/mixU-onlinev4-after-v6-20261005/mixU-onlinev4-rep1/control-series.txt
1791245164,2026-10-06T09:06:04+09:00,9971.0,C_FIO-Fast,1,1,3645814476800,890091425,1269105538,2.4258148122256094,active_cumulative,/home/oy/iCAT/result/mixU-onlinev4-after-v6-20261005/mixU-onlinev4-rep1/control-series.txt
1791245194,2026-10-06T09:06:34+09:00,10001.0,C_FIO-Fast,1,1,3650731491328,891291868,1274230719,2.42964472665872,active_cumulative,/home/oy/iCAT/result/mixU-onlinev4-after-v6-20261005/mixU-onlinev4-rep1/control-series.txt
1791245224,2026-10-06T09:07:04+09:00,10031.0,C_FIO-Fast,1,1,3655648325632,892492267,1279238565,2.4333329400152666,active_cumulative,/home/oy/iCAT/result/mixU-onlinev4-after-v6-20261005/mixU-onlinev4-rep1/control-series.txt
1791245254,2026-10-06T09:07:34+09:00,10061.0,C_FIO-Fast,1,1,3660565446656,893692736,1284346669,2.4371233168443256,active_cumulative,/home/oy/iCAT/result/mixU-onlinev4-after-v6-20261005/mixU-onlinev4-rep1/control-series.txt
1791245284,2026-10-06T09:08:04+09:00,10091.0,C_FIO-Fast,1,1,3665482104832,894893092,1289265672,2.440692395019628,active_cumulative,/home/oy/iCAT/result/mixU-onlinev4-after-v6-20261005/mixU-onlinev4-rep1/control-series.txt
1791245314,2026-10-06T09:08:34+09:00,10121.0,C_FIO-Fast,1,1,3670399057920,896093520,1294408575,2.444501657594846,active_cumulative,/home/oy/iCAT/result/mixU-onlinev4-after-v6-20261005/mixU-onlinev4-rep1/control-series.txt
1791245344,2026-10-06T09:09:04+09:00,10151.0,C_FIO-Fast,1,1,3675315773440,897293890,1299448804,2.4481863952065916,active_cumulative,/home/oy/iCAT/result/mixU-onlinev4-after-v6-20261005/mixU-onlinev4-rep1/control-series.txt
1791245374,2026-10-06T09:09:34+09:00,10181.0,C_FIO-Fast,1,1,3680232824832,898494342,1304597902,2.451982323111835,active_cumulative,/home/oy/iCAT/result/mixU-onlinev4-after-v6-20261005/mixU-onlinev4-rep1/control-series.txt
1791245404,2026-10-06T09:10:04+09:00,10211.0,C_FIO-Fast,1,1,3685149855744,899694789,1309629190,2.4556371849787384,active_cumulative,/home/oy/iCAT/result/mixU-onlinev4-after-v6-20261005/mixU-onlinev4-rep1/control-series.txt
1791245434,2026-10-06T09:10:34+09:00,10241.0,C_FIO-Fast,1,1,3690066497536,900895141,1314755308,2.45938772246081,active_cumulative,/home/oy/iCAT/result/mixU-onlinev4-after-v6-20261005/mixU-onlinev4-rep1/control-series.txt
1791245464,2026-10-06T09:11:04+09:00,10271.0,C_FIO-Fast,1,1,3694983041024,902095469,1319761343,2.4629952021186794,active_cumulative,/home/oy/iCAT/result/mixU-onlinev4-after-v6-20261005/mixU-onlinev4-rep1/control-series.txt
1791245494,2026-10-06T09:11:34+09:00,10301.0,C_FIO-Fast,1,1,3699900223488,903295953,1324880404,2.4667179672396915,active_cumulative,/home/oy/iCAT/result/mixU-onlinev4-after-v6-20261005/mixU-onlinev4-rep1/control-series.txt
1791245524,2026-10-06T09:12:04+09:00,10331.0,C_FIO-Fast,1,1,3704817012736,904496341,1329868226,2.470285910200271,active_cumulative,/home/oy/iCAT/result/mixU-onlinev4-after-v6-20261005/mixU-onlinev4-rep1/control-series.txt
1791245554,2026-10-06T09:12:34+09:00,10361.0,C_FIO-Fast,1,1,3709733625856,905696686,1334940212,2.4739373927663904,active_cumulative,/home/oy/iCAT/result/mixU-onlinev4-after-v6-20261005/mixU-onlinev4-rep1/control-series.txt
1791245584,2026-10-06T09:13:04+09:00,10391.0,C_FIO-Fast,1,1,3714650411008,906897073,1339962027,2.4775238192879248,active_cumulative,/home/oy/iCAT/result/mixU-onlinev4-after-v6-20261005/mixU-onlinev4-rep1/control-series.txt
1791245614,2026-10-06T09:13:34+09:00,10421.0,C_FIO-Fast,1,1,3719567028224,908097419,1345097555,2.481226052245833,active_cumulative,/home/oy/iCAT/result/mixU-onlinev4-after-v6-20261005/mixU-onlinev4-rep1/control-series.txt
1791245644,2026-10-06T09:14:04+09:00,10451.0,C_FIO-Fast,1,1,3724483846144,909297814,1350133394,2.4848087977477533,active_cumulative,/home/oy/iCAT/result/mixU-onlinev4-after-v6-20261005/mixU-onlinev4-rep1/control-series.txt
1791245674,2026-10-06T09:14:34+09:00,10481.0,C_FIO-Fast,1,1,3729400545280,910498180,1355289042,2.4885137299231066,active_cumulative,/home/oy/iCAT/result/mixU-onlinev4-after-v6-20261005/mixU-onlinev4-rep1/control-series.txt
1791245704,2026-10-06T09:15:04+09:00,10511.0,C_FIO-Fast,1,1,3734317137920,911698520,1360322821,2.492075276155982,active_cumulative,/home/oy/iCAT/result/mixU-onlinev4-after-v6-20261005/mixU-onlinev4-rep1/control-series.txt
1791245734,2026-10-06T09:15:34+09:00,10541.0,C_FIO-Fast,1,1,3739234021376,912898931,1365443961,2.4957230363982097,active_cumulative,/home/oy/iCAT/result/mixU-onlinev4-after-v6-20261005/mixU-onlinev4-rep1/control-series.txt
1791245764,2026-10-06T09:16:04+09:00,10571.0,C_FIO-Fast,1,1,3744150843392,914099327,1370463310,2.499249884033664,active_cumulative,/home/oy/iCAT/result/mixU-onlinev4-after-v6-20261005/mixU-onlinev4-rep1/control-series.txt
1791245794,2026-10-06T09:16:34+09:00,10601.0,C_FIO-Fast,1,1,3749067759616,915299746,1375510078,2.502797399443395,active_cumulative,/home/oy/iCAT/result/mixU-onlinev4-after-v6-20261005/mixU-onlinev4-rep1/control-series.txt
1791245824,2026-10-06T09:17:04+09:00,10631.0,C_FIO-Fast,1,1,3753984487424,916500119,1380495951,2.5062692545051375,active_cumulative,/home/oy/iCAT/result/mixU-onlinev4-after-v6-20261005/mixU-onlinev4-rep1/control-series.txt
1791245854,2026-10-06T09:17:34+09:00,10661.0,C_FIO-Fast,1,1,3758901264384,917700504,1385609923,2.509871594229832,active_cumulative,/home/oy/iCAT/result/mixU-onlinev4-after-v6-20261005/mixU-onlinev4-rep1/control-series.txt
1791245884,2026-10-06T09:18:04+09:00,10691.0,C_FIO-Fast,1,1,3763818082304,918900899,1390655301,2.51338985794158,active_cumulative,/home/oy/iCAT/result/mixU-onlinev4-after-v6-20261005/mixU-onlinev4-rep1/control-series.txt
1791245914,2026-10-06T09:18:34+09:00,10721.0,C_FIO-Fast,1,1,3768734969856,920101311,1395772253,2.5169767027970247,active_cumulative,/home/oy/iCAT/result/mixU-onlinev4-after-v6-20261005/mixU-onlinev4-rep1/control-series.txt
1791245944,2026-10-06T09:19:04+09:00,10751.0,C_FIO-Fast,1,1,3773651726336,921301691,1400816047,2.5204748462792086,active_cumulative,/home/oy/iCAT/result/mixU-onlinev4-after-v6-20261005/mixU-onlinev4-rep1/control-series.txt
1791245974,2026-10-06T09:19:34+09:00,10781.0,C_FIO-Fast,1,1,3778568577024,922502094,1405920087,2.5240291552118688,active_cumulative,/home/oy/iCAT/result/mixU-onlinev4-after-v6-20261005/mixU-onlinev4-rep1/control-series.txt
1791246004,2026-10-06T09:20:04+09:00,10811.0,C_FIO-Fast,1,1,3783485411328,923702493,1410943158,2.5274865757020315,active_cumulative,/home/oy/iCAT/result/mixU-onlinev4-after-v6-20261005/mixU-onlinev4-rep1/control-series.txt
1791246034,2026-10-06T09:20:34+09:00,10841.0,C_FIO-Fast,1,1,3788402266112,924902897,1416082985,2.531061249341075,active_cumulative,/home/oy/iCAT/result/mixU-onlinev4-after-v6-20261005/mixU-onlinev4-rep1/control-series.txt
1791246064,2026-10-06T09:21:04+09:00,10871.0,C_FIO-Fast,1,1,3793318932480,926103255,1421055853,2.5344464511141362,active_cumulative,/home/oy/iCAT/result/mixU-onlinev4-after-v6-20261005/mixU-onlinev4-rep1/control-series.txt
1791246094,2026-10-06T09:21:34+09:00,10901.0,C_FIO-Fast,1,1,3798235889664,927303684,1426149652,2.5379531825520063,active_cumulative,/home/oy/iCAT/result/mixU-onlinev4-after-v6-20261005/mixU-onlinev4-rep1/control-series.txt
1791246124,2026-10-06T09:22:04+09:00,10931.0,C_FIO-Fast,1,1,3803152445440,928504015,1431192649,2.541396295416127,active_cumulative,/home/oy/iCAT/result/mixU-onlinev4-after-v6-20261005/mixU-onlinev4-rep1/control-series.txt
1791246154,2026-10-06T09:22:34+09:00,10961.0,C_FIO-Fast,1,1,3808069156864,929704384,1436321509,2.5449228095712626,active_cumulative,/home/oy/iCAT/result/mixU-onlinev4-after-v6-20261005/mixU-onlinev4-rep1/control-series.txt
1791246184,2026-10-06T09:23:04+09:00,10991.0,C_FIO-Fast,1,1,3812985782272,930904732,1441379839,2.5483644990215817,active_cumulative,/home/oy/iCAT/result/mixU-onlinev4-after-v6-20261005/mixU-onlinev4-rep1/control-series.txt
1791246214,2026-10-06T09:23:34+09:00,11021.0,C_FIO-Fast,1,1,3817902469120,932105095,1446487131,2.551849827620565,active_cumulative,/home/oy/iCAT/result/mixU-onlinev4-after-v6-20261005/mixU-onlinev4-rep1/control-series.txt
1791246244,2026-10-06T09:24:04+09:00,11051.0,C_FIO-Fast,1,1,3822819295232,933305492,1451529422,2.555256488301046,active_cumulative,/home/oy/iCAT/result/mixU-onlinev4-after-v6-20261005/mixU-onlinev4-rep1/control-series.txt
1791246274,2026-10-06T09:24:34+09:00,11081.0,C_FIO-Fast,1,1,3827735924736,934505841,1456634296,2.558721446236525,active_cumulative,/home/oy/iCAT/result/mixU-onlinev4-after-v6-20261005/mixU-onlinev4-rep1/control-series.txt
1791246304,2026-10-06T09:25:04+09:00,11111.0,C_FIO-Fast,1,1,3832652648448,935706213,1461662576,2.56209561900173,active_cumulative,/home/oy/iCAT/result/mixU-onlinev4-after-v6-20261005/mixU-onlinev4-rep1/control-series.txt
1791246334,2026-10-06T09:25:34+09:00,11141.0,C_FIO-Fast,1,1,3837569777664,936906684,1466661287,2.565429420076589,active_cumulative,/home/oy/iCAT/result/mixU-onlinev4-after-v6-20261005/mixU-onlinev4-rep1/control-series.txt
1791246364,2026-10-06T09:26:04+09:00,11171.0,C_FIO-Fast,1,1,3842486566912,938107072,1471710296,2.568808444074921,active_cumulative,/home/oy/iCAT/result/mixU-onlinev4-after-v6-20261005/mixU-onlinev4-rep1/control-series.txt
1791246394,2026-10-06T09:26:34+09:00,11201.0,C_FIO-Fast,1,1,3847403380736,939307466,1476823196,2.5722468408443375,active_cumulative,/home/oy/iCAT/result/mixU-onlinev4-after-v6-20261005/mixU-onlinev4-rep1/control-series.txt
1791246424,2026-10-06T09:27:04+09:00,11231.0,C_FIO-Fast,1,1,3852320116736,940507841,1481903561,2.575641899406557,active_cumulative,/home/oy/iCAT/result/mixU-onlinev4-after-v6-20261005/mixU-onlinev4-rep1/control-series.txt
1791246454,2026-10-06T09:27:34+09:00,11261.0,C_FIO-Fast,1,1,3857237041152,941708262,1486997694,2.579042845861747,active_cumulative,/home/oy/iCAT/result/mixU-onlinev4-after-v6-20261005/mixU-onlinev4-rep1/control-series.txt
1791246484,2026-10-06T09:28:04+09:00,11291.0,C_FIO-Fast,1,1,3862153924608,942908673,1492078996,2.582421541688375,active_cumulative,/home/oy/iCAT/result/mixU-onlinev4-after-v6-20261005/mixU-onlinev4-rep1/control-series.txt
1791246514,2026-10-06T09:28:34+09:00,11321.0,C_FIO-Fast,1,1,3867070566400,944109025,1497159045,2.585790417584452,active_cumulative,/home/oy/iCAT/result/mixU-onlinev4-after-v6-20261005/mixU-onlinev4-rep1/control-series.txt
1791246544,2026-10-06T09:29:04+09:00,11351.0,C_FIO-Fast,1,1,3871987634176,945309481,1502223287,2.589133841555113,active_cumulative,/home/oy/iCAT/result/mixU-onlinev4-after-v6-20261005/mixU-onlinev4-rep1/control-series.txt
1791246574,2026-10-06T09:29:34+09:00,11381.0,C_FIO-Fast,1,1,3876904673280,946509930,1507261363,2.5924411516739188,active_cumulative,/home/oy/iCAT/result/mixU-onlinev4-after-v6-20261005/mixU-onlinev4-rep1/control-series.txt
1791246604,2026-10-06T09:30:04+09:00,11411.0,C_FIO-Fast,1,1,3881821446144,947710314,1512278634,2.5957182396982965,active_cumulative,/home/oy/iCAT/result/mixU-onlinev4-after-v6-20261005/mixU-onlinev4-rep1/control-series.txt
1791246634,2026-10-06T09:30:34+09:00,11441.0,C_FIO-Fast,1,1,3886737944576,948910631,1517339257,2.5990328355800663,active_cumulative,/home/oy/iCAT/result/mixU-onlinev4-after-v6-20261005/mixU-onlinev4-rep1/control-series.txt
1791246664,2026-10-06T09:31:04+09:00,11471.0,C_FIO-Fast,1,1,3891654881280,950111055,1522440722,2.602381862612892,active_cumulative,/home/oy/iCAT/result/mixU-onlinev4-after-v6-20261005/mixU-onlinev4-rep1/control-series.txt
1791246694,2026-10-06T09:31:34+09:00,11501.0,C_FIO-Fast,1,1,3896571678720,951311445,1527520830,2.6057000449521555,active_cumulative,/home/oy/iCAT/result/mixU-onlinev4-after-v6-20261005/mixU-onlinev4-rep1/control-series.txt
1791246724,2026-10-06T09:32:04+09:00,11531.0,C_FIO-Fast,1,1,3901488656384,952511879,1532632594,2.60904302380884,active_cumulative,/home/oy/iCAT/result/mixU-onlinev4-after-v6-20261005/mixU-onlinev4-rep1/control-series.txt
1791246754,2026-10-06T09:32:34+09:00,11561.0,C_FIO-Fast,1,1,3906405429248,953712263,1537713824,2.612345655662393,active_cumulative,/home/oy/iCAT/result/mixU-onlinev4-after-v6-20261005/mixU-onlinev4-rep1/control-series.txt
1791246784,2026-10-06T09:33:04+09:00,11591.0,C_FIO-Fast,1,1,3911322206208,954912648,1542811027,2.6156567097852497,active_cumulative,/home/oy/iCAT/result/mixU-onlinev4-after-v6-20261005/mixU-onlinev4-rep1/control-series.txt
1791246814,2026-10-06T09:33:34+09:00,11621.0,C_FIO-Fast,1,1,3916238983168,956113033,1547861539,2.6189106157702593,active_cumulative,/home/oy/iCAT/result/mixU-onlinev4-after-v6-20261005/mixU-onlinev4-rep1/control-series.txt
1791246844,2026-10-06T09:34:04+09:00,11651.0,C_FIO-Fast,1,1,3921155940352,957313462,1552898407,2.6221420346014104,active_cumulative,/home/oy/iCAT/result/mixU-onlinev4-after-v6-20261005/mixU-onlinev4-rep1/control-series.txt
1791246874,2026-10-06T09:34:34+09:00,11681.0,C_FIO-Fast,1,1,3926072737792,958513852,1557902242,2.6253309628748065,active_cumulative,/home/oy/iCAT/result/mixU-onlinev4-after-v6-20261005/mixU-onlinev4-rep1/control-series.txt
1791246904,2026-10-06T09:35:04+09:00,11711.0,C_FIO-Fast,1,1,3930989518848,959714238,1562989416,2.6285987579565324,active_cumulative,/home/oy/iCAT/result/mixU-onlinev4-after-v6-20261005/mixU-onlinev4-rep1/control-series.txt
1791246934,2026-10-06T09:35:34+09:00,11741.0,C_FIO-Fast,1,1,3935906312192,960914627,1568057300,2.6318383089822612,active_cumulative,/home/oy/iCAT/result/mixU-onlinev4-after-v6-20261005/mixU-onlinev4-rep1/control-series.txt
1791246964,2026-10-06T09:36:04+09:00,11771.0,C_FIO-Fast,1,1,3940823085056,962115011,1573169315,2.635115653548409,active_cumulative,/home/oy/iCAT/result/mixU-onlinev4-after-v6-20261005/mixU-onlinev4-rep1/control-series.txt
1791246994,2026-10-06T09:36:34+09:00,11801.0,C_FIO-Fast,1,1,3945739870208,963315398,1578224975,2.638326324147473,active_cumulative,/home/oy/iCAT/result/mixU-onlinev4-after-v6-20261005/mixU-onlinev4-rep1/control-series.txt
1791247024,2026-10-06T09:37:04+09:00,11831.0,C_FIO-Fast,1,1,3950656860160,964515835,1583338777,2.6415891989995166,active_cumulative,/home/oy/iCAT/result/mixU-onlinev4-after-v6-20261005/mixU-onlinev4-rep1/control-series.txt
1791247054,2026-10-06T09:37:34+09:00,11861.0,C_FIO-Fast,1,1,3955573899264,965716284,1588360365,2.6447484538844126,active_cumulative,/home/oy/iCAT/result/mixU-onlinev4-after-v6-20261005/mixU-onlinev4-rep1/control-series.txt
1791247084,2026-10-06T09:38:04+09:00,11891.0,C_FIO-Fast,1,1,3960490741760,966916685,1593481987,2.6480034026923427,active_cumulative,/home/oy/iCAT/result/mixU-onlinev4-after-v6-20261005/mixU-onlinev4-rep1/control-series.txt
1791247114,2026-10-06T09:38:34+09:00,11921.0,C_FIO-Fast,1,1,3965407457280,968117055,1598441377,2.651082757755982,active_cumulative,/home/oy/iCAT/result/mixU-onlinev4-after-v6-20261005/mixU-onlinev4-rep1/control-series.txt
1791247144,2026-10-06T09:39:04+09:00,11951.0,C_FIO-Fast,1,1,3970323959808,969317373,1603552095,2.654310692933387,active_cumulative,/home/oy/iCAT/result/mixU-onlinev4-after-v6-20261005/mixU-onlinev4-rep1/control-series.txt
1791247174,2026-10-06T09:39:34+09:00,11981.0,C_FIO-Fast,1,1,3975240740864,970517759,1608604177,2.6574701102404044,active_cumulative,/home/oy/iCAT/result/mixU-onlinev4-after-v6-20261005/mixU-onlinev4-rep1/control-series.txt
1791247204,2026-10-06T09:40:04+09:00,12011.0,C_FIO-Fast,1,1,3980157513728,971718143,1613733858,2.6607015826810594,active_cumulative,/home/oy/iCAT/result/mixU-onlinev4-after-v6-20261005/mixU-onlinev4-rep1/control-series.txt
1791247234,2026-10-06T09:40:34+09:00,12041.0,C_FIO-Fast,1,1,3985074659328,972918618,1618788037,2.6638473219144423,active_cumulative,/home/oy/iCAT/result/mixU-onlinev4-after-v6-20261005/mixU-onlinev4-rep1/control-series.txt
1791247264,2026-10-06T09:41:04+09:00,12071.0,C_FIO-Fast,1,1,3989991477248,974119013,1623910265,2.6670553015886984,active_cumulative,/home/oy/iCAT/result/mixU-onlinev4-after-v6-20261005/mixU-onlinev4-rep1/control-series.txt
1791247294,2026-10-06T09:41:34+09:00,12101.0,C_FIO-Fast,1,1,3994908295168,975319408,1628943471,2.6701641099712434,active_cumulative,/home/oy/iCAT/result/mixU-onlinev4-after-v6-20261005/mixU-onlinev4-rep1/control-series.txt
1791247324,2026-10-06T09:42:04+09:00,12131.0,C_FIO-Fast,1,1,3999824908288,976519753,1634050393,2.673340849460523,active_cumulative,/home/oy/iCAT/result/mixU-onlinev4-after-v6-20261005/mixU-onlinev4-rep1/control-series.txt
1791247354,2026-10-06T09:42:34+09:00,12161.0,C_FIO-Fast,1,1,4004741660672,977720132,1639064275,2.6764145703404623,active_cumulative,/home/oy/iCAT/result/mixU-onlinev4-after-v6-20261005/mixU-onlinev4-rep1/control-series.txt
1791247384,2026-10-06T09:43:04+09:00,12191.0,C_FIO-Fast,1,1,4009658208256,978920461,1644113613,2.6795170583322805,active_cumulative,/home/oy/iCAT/result/mixU-onlinev4-after-v6-20261005/mixU-onlinev4-rep1/control-series.txt
1791247414,2026-10-06T09:43:34+09:00,12221.0,C_FIO-Fast,1,1,4014575079424,980120869,1649125105,2.682573198020539,active_cumulative,/home/oy/iCAT/result/mixU-onlinev4-after-v6-20261005/mixU-onlinev4-rep1/control-series.txt
1791247444,2026-10-06T09:44:04+09:00,12251.0,C_FIO-Fast,1,1,4019491569664,981321184,1654294574,2.6857830045580675,active_cumulative,/home/oy/iCAT/result/mixU-onlinev4-after-v6-20261005/mixU-onlinev4-rep1/control-series.txt
1791247474,2026-10-06T09:44:34+09:00,12281.0,C_FIO-Fast,1,1,4024408227840,982521540,1659351450,2.688870302019027,active_cumulative,/home/oy/iCAT/result/mixU-onlinev4-after-v6-20261005/mixU-onlinev4-rep1/control-series.txt
1791247504,2026-10-06T09:45:04+09:00,12311.0,C_FIO-Fast,1,1,4029325078528,983721943,1664498759,2.6920419137178886,active_cumulative,/home/oy/iCAT/result/mixU-onlinev4-after-v6-20261005/mixU-onlinev4-rep1/control-series.txt
1791247534,2026-10-06T09:45:34+09:00,12341.0,C_FIO-Fast,1,1,4034241777664,984922309,1669541149,2.695099332956626,active_cumulative,/home/oy/iCAT/result/mixU-onlinev4-after-v6-20261005/mixU-onlinev4-rep1/control-series.txt
1791247564,2026-10-06T09:46:04+09:00,12371.0,C_FIO-Fast,1,1,4039158657024,986122719,1674675267,2.6982422519361915,active_cumulative,/home/oy/iCAT/result/mixU-onlinev4-after-v6-20261005/mixU-onlinev4-rep1/control-series.txt
1791247594,2026-10-06T09:46:34+09:00,12401.0,C_FIO-Fast,1,1,4044075507712,987323122,1679697324,2.701264040689609,active_cumulative,/home/oy/iCAT/result/mixU-onlinev4-after-v6-20261005/mixU-onlinev4-rep1/control-series.txt
1791247624,2026-10-06T09:47:04+09:00,12431.0,C_FIO-Fast,1,1,4048992149504,988523474,1684787987,2.7043479809160305,active_cumulative,/home/oy/iCAT/result/mixU-onlinev4-after-v6-20261005/mixU-onlinev4-rep1/control-series.txt
1791247654,2026-10-06T09:47:34+09:00,12461.0,C_FIO-Fast,1,1,4053908795392,989723827,1689758893,2.707303438497495,active_cumulative,/home/oy/iCAT/result/mixU-onlinev4-after-v6-20261005/mixU-onlinev4-rep1/control-series.txt
1791247684,2026-10-06T09:48:04+09:00,12491.0,C_FIO-Fast,1,1,4058825494528,990924193,1694879993,2.7104032830894864,active_cumulative,/home/oy/iCAT/result/mixU-onlinev4-after-v6-20261005/mixU-onlinev4-rep1/control-series.txt
1791247715,2026-10-06T09:48:35+09:00,12522.0,C_FIO-Fast,1,1,4063742447616,992124621,1699939587,2.7134335254038615,active_cumulative,/home/oy/iCAT/result/mixU-onlinev4-after-v6-20261005/mixU-onlinev4-rep1/control-series.txt
1791247745,2026-10-06T09:49:05+09:00,12552.0,C_FIO-Fast,1,1,4068659290112,993325022,1705090298,2.716548219601781,active_cumulative,/home/oy/iCAT/result/mixU-onlinev4-after-v6-20261005/mixU-onlinev4-rep1/control-series.txt
1791247775,2026-10-06T09:49:35+09:00,12582.0,C_FIO-Fast,1,1,4073576079360,994525410,1710125894,2.71953966867473,active_cumulative,/home/oy/iCAT/result/mixU-onlinev4-after-v6-20261005/mixU-onlinev4-rep1/control-series.txt
1791247805,2026-10-06T09:50:05+09:00,12612.0,C_FIO-Fast,1,1,4078492680192,995725752,1715291621,2.722654674296302,active_cumulative,/home/oy/iCAT/result/mixU-onlinev4-after-v6-20261005/mixU-onlinev4-rep1/control-series.txt
1791247835,2026-10-06T09:50:35+09:00,12642.0,C_FIO-Fast,1,1,4083409477632,996926142,1720325793,2.7256301349954972,active_cumulative,/home/oy/iCAT/result/mixU-onlinev4-after-v6-20261005/mixU-onlinev4-rep1/control-series.txt
1791247865,2026-10-06T09:51:05+09:00,12672.0,C_FIO-Fast,1,1,4088326238208,998126523,1725464157,2.728702842014348,active_cumulative,/home/oy/iCAT/result/mixU-onlinev4-after-v6-20261005/mixU-onlinev4-rep1/control-series.txt
1791247895,2026-10-06T09:51:35+09:00,12702.0,C_FIO-Fast,1,1,4093242892288,999326878,1730430659,2.731596234520573,active_cumulative,/home/oy/iCAT/result/mixU-onlinev4-after-v6-20261005/mixU-onlinev4-rep1/control-series.txt
1791247925,2026-10-06T09:52:05+09:00,12732.0,C_FIO-Fast,1,1,4098159988736,1000527341,1735531427,2.734616692498761,active_cumulative,/home/oy/iCAT/result/mixU-onlinev4-after-v6-20261005/mixU-onlinev4-rep1/control-series.txt
1791247955,2026-10-06T09:52:35+09:00,12762.0,C_FIO-Fast,1,1,4103076564992,1001727677,1740559909,2.7375579700589627,active_cumulative,/home/oy/iCAT/result/mixU-onlinev4-after-v6-20261005/mixU-onlinev4-rep1/control-series.txt
1791247985,2026-10-06T09:53:05+09:00,12792.0,C_FIO-Fast,1,1,4107993518080,1002928105,1745705955,2.740609268298449,active_cumulative,/home/oy/iCAT/result/mixU-onlinev4-after-v6-20261005/mixU-onlinev4-rep1/control-series.txt
1791248015,2026-10-06T09:53:35+09:00,12822.0,C_FIO-Fast,1,1,4112910135296,1004128451,1750731031,2.7435329406874858,active_cumulative,/home/oy/iCAT/result/mixU-onlinev4-after-v6-20261005/mixU-onlinev4-rep1/control-series.txt
1791248045,2026-10-06T09:54:05+09:00,12852.0,C_FIO-Fast,1,1,4117826928640,1005328840,1755871187,2.7465640267516847,active_cumulative,/home/oy/iCAT/result/mixU-onlinev4-after-v6-20261005/mixU-onlinev4-rep1/control-series.txt
1791248075,2026-10-06T09:54:35+09:00,12882.0,C_FIO-Fast,1,1,4122743746560,1006529235,1760911037,2.74948821729952,active_cumulative,/home/oy/iCAT/result/mixU-onlinev4-after-v6-20261005/mixU-onlinev4-rep1/control-series.txt
1791248105,2026-10-06T09:55:05+09:00,12912.0,C_FIO-Fast,1,1,4127660531712,1007729622,1766040329,2.752494211190311,active_cumulative,/home/oy/iCAT/result/mixU-onlinev4-after-v6-20261005/mixU-onlinev4-rep1/control-series.txt
1791248135,2026-10-06T09:55:35+09:00,12942.0,C_FIO-Fast,1,1,4132577480704,1008930049,1771059533,2.7553838690357013,active_cumulative,/home/oy/iCAT/result/mixU-onlinev4-after-v6-20261005/mixU-onlinev4-rep1/control-series.txt
1791248165,2026-10-06T09:56:05+09:00,12972.0,C_FIO-Fast,1,1,4137494204416,1010130421,1776136224,2.758323665019094,active_cumulative,/home/oy/iCAT/result/mixU-onlinev4-after-v6-20261005/mixU-onlinev4-rep1/control-series.txt
1791248195,2026-10-06T09:56:35+09:00,13002.0,C_FIO-Fast,1,1,4142411186176,1011330856,1781154813,2.7611989216316366,active_cumulative,/home/oy/iCAT/result/mixU-onlinev4-after-v6-20261005/mixU-onlinev4-rep1/control-series.txt
1791248225,2026-10-06T09:57:05+09:00,13032.0,C_FIO-Fast,1,1,4147328176128,1012531293,1786315700,2.764207893967777,active_cumulative,/home/oy/iCAT/result/mixU-onlinev4-after-v6-20261005/mixU-onlinev4-rep1/control-series.txt
1791248255,2026-10-06T09:57:35+09:00,13062.0,C_FIO-Fast,1,1,4152244875264,1013731659,1791358046,2.767092928484736,active_cumulative,/home/oy/iCAT/result/mixU-onlinev4-after-v6-20261005/mixU-onlinev4-rep1/control-series.txt
1791248285,2026-10-06T09:58:05+09:00,13092.0,C_FIO-Fast,1,1,4157161852928,1014932093,1796509474,2.77007849726159,active_cumulative,/home/oy/iCAT/result/mixU-onlinev4-after-v6-20261005/mixU-onlinev4-rep1/control-series.txt
1791248315,2026-10-06T09:58:35+09:00,13122.0,C_FIO-Fast,1,1,4162078703616,1016132496,1801557047,2.7729548598158402,active_cumulative,/home/oy/iCAT/result/mixU-onlinev4-after-v6-20261005/mixU-onlinev4-rep1/control-series.txt
1791248345,2026-10-06T09:59:05+09:00,13152.0,C_FIO-Fast,1,1,4166995550208,1017332898,1806692673,2.775910988971085,active_cumulative,/home/oy/iCAT/result/mixU-onlinev4-after-v6-20261005/mixU-onlinev4-rep1/control-series.txt
1791248375,2026-10-06T09:59:35+09:00,13182.0,C_FIO-Fast,1,1,4171912122368,1018533233,1811703989,2.7787382191386976,active_cumulative,/home/oy/iCAT/result/mixU-onlinev4-after-v6-20261005/mixU-onlinev4-rep1/control-series.txt
1791248405,2026-10-06T10:00:05+09:00,13212.0,C_FIO-Fast,1,1,4176828682240,1019733565,1816816817,2.7816583462171316,active_cumulative,/home/oy/iCAT/result/mixU-onlinev4-after-v6-20261005/mixU-onlinev4-rep1/control-series.txt
1791248435,2026-10-06T10:00:35+09:00,13242.0,C_FIO-Fast,1,1,4181745483776,1020933956,1821801548,2.7844460332554557,active_cumulative,/home/oy/iCAT/result/mixU-onlinev4-after-v6-20261005/mixU-onlinev4-rep1/control-series.txt
1791248465,2026-10-06T10:01:05+09:00,13272.0,C_FIO-Fast,1,1,4186662383616,1022134371,1826921100,2.787359032073876,active_cumulative,/home/oy/iCAT/result/mixU-onlinev4-after-v6-20261005/mixU-onlinev4-rep1/control-series.txt
1791248495,2026-10-06T10:01:35+09:00,13302.0,C_FIO-Fast,1,1,4191579115520,1023334745,1831970176,2.7901963995173444,active_cumulative,/home/oy/iCAT/result/mixU-onlinev4-after-v6-20261005/mixU-onlinev4-rep1/control-series.txt
1791248525,2026-10-06T10:02:05+09:00,13332.0,C_FIO-Fast,1,1,4196496097280,1024535180,1837143960,2.7931487330674187,active_cumulative,/home/oy/iCAT/result/mixU-onlinev4-after-v6-20261005/mixU-onlinev4-rep1/control-series.txt
1791248555,2026-10-06T10:02:35+09:00,13362.0,C_FIO-Fast,1,1,4201412866048,1025735563,1842188884,2.7959686204230785,active_cumulative,/home/oy/iCAT/result/mixU-onlinev4-after-v6-20261005/mixU-onlinev4-rep1/control-series.txt
1791248585,2026-10-06T10:03:05+09:00,13392.0,C_FIO-Fast,1,1,4206329626624,1026935944,1847318801,2.7988646826447043,active_cumulative,/home/oy/iCAT/result/mixU-onlinev4-after-v6-20261005/mixU-onlinev4-rep1/control-series.txt
1791248615,2026-10-06T10:03:35+09:00,13422.0,C_FIO-Fast,1,1,4211246493696,1028136351,1852354473,2.80166227096079,active_cumulative,/home/oy/iCAT/result/mixU-onlinev4-after-v6-20261005/mixU-onlinev4-rep1/control-series.txt
1791248645,2026-10-06T10:04:05+09:00,13452.0,C_FIO-Fast,1,1,4216163041280,1029336680,1857465160,2.8045263479778066,active_cumulative,/home/oy/iCAT/result/mixU-onlinev4-after-v6-20261005/mixU-onlinev4-rep1/control-series.txt
1791248675,2026-10-06T10:04:35+09:00,13482.0,C_FIO-Fast,1,1,4221079904256,1030537086,1862455641,2.8072669739902985,active_cumulative,/home/oy/iCAT/result/mixU-onlinev4-after-v6-20261005/mixU-onlinev4-rep1/control-series.txt
1791248705,2026-10-06T10:05:05+09:00,13512.0,D_Varmail,1,1,4226427604992,1031842677,1867799574,2.810159257446569,active_cumulative,/home/oy/iCAT/result/mixU-onlinev4-after-v6-20261005/mixU-onlinev4-rep1/control-series.txt
1791248735,2026-10-06T10:05:35+09:00,13542.0,D_Varmail,1,1,4237159710720,1034462820,1876076650,2.813575716525027,active_cumulative,/home/oy/iCAT/result/mixU-onlinev4-after-v6-20261005/mixU-onlinev4-rep1/control-series.txt
1791248765,2026-10-06T10:06:05+09:00,13572.0,D_Varmail,1,1,4248313729024,1037185969,1884514506,2.8169494789993634,active_cumulative,/home/oy/iCAT/result/mixU-onlinev4-after-v6-20261005/mixU-onlinev4-rep1/control-series.txt
1791248795,2026-10-06T10:06:35+09:00,13602.0,D_Varmail,1,1,4259803799552,1039991162,1892975775,2.8201844824908235,active_cumulative,/home/oy/iCAT/result/mixU-onlinev4-after-v6-20261005/mixU-onlinev4-rep1/control-series.txt
1791248825,2026-10-06T10:07:05+09:00,13632.0,D_Varmail,1,1,4271432871936,1042830291,1901137536,2.8230555368476535,active_cumulative,/home/oy/iCAT/result/mixU-onlinev4-after-v6-20261005/mixU-onlinev4-rep1/control-series.txt
1791248855,2026-10-06T10:07:35+09:00,13662.0,D_Varmail,1,1,4283298148352,1045727087,1909277027,2.8257890139169746,active_cumulative,/home/oy/iCAT/result/mixU-onlinev4-after-v6-20261005/mixU-onlinev4-rep1/control-series.txt
1791248885,2026-10-06T10:08:05+09:00,13692.0,D_Varmail,1,1,4295397486592,1048681027,1917006105,2.8280163897730173,active_cumulative,/home/oy/iCAT/result/mixU-onlinev4-after-v6-20261005/mixU-onlinev4-rep1/control-series.txt
1791248915,2026-10-06T10:08:35+09:00,13722.0,D_Varmail,1,1,4307626807296,1051666701,1924856360,2.8302912492805072,active_cumulative,/home/oy/iCAT/result/mixU-onlinev4-after-v6-20261005/mixU-onlinev4-rep1/control-series.txt
1791248945,2026-10-06T10:09:05+09:00,13752.0,D_Varmail,1,1,4320500305920,1054809645,1932490988,2.832075576062826,active_cumulative,/home/oy/iCAT/result/mixU-onlinev4-after-v6-20261005/mixU-onlinev4-rep1/control-series.txt
1791248975,2026-10-06T10:09:35+09:00,13782.0,D_Varmail,1,1,4333941735424,1058091244,1940020761,2.8335098905704585,active_cumulative,/home/oy/iCAT/result/mixU-onlinev4-after-v6-20261005/mixU-onlinev4-rep1/control-series.txt
1791249005,2026-10-06T10:10:05+09:00,13812.0,D_Varmail,1,1,4348207321088,1061574053,1947667688,2.8346979021349537,active_cumulative,/home/oy/iCAT/result/mixU-onlinev4-after-v6-20261005/mixU-onlinev4-rep1/control-series.txt
1791249035,2026-10-06T10:10:35+09:00,13842.0,D_Varmail,1,1,4362701336576,1065112631,1955199205,2.835673663135819,active_cumulative,/home/oy/iCAT/result/mixU-onlinev4-after-v6-20261005/mixU-onlinev4-rep1/control-series.txt
1791249065,2026-10-06T10:11:05+09:00,13872.0,D_Varmail,1,1,4377418915840,1068705790,1962402466,2.8362420081957262,active_cumulative,/home/oy/iCAT/result/mixU-onlinev4-after-v6-20261005/mixU-onlinev4-rep1/control-series.txt
1791249095,2026-10-06T10:11:35+09:00,13902.0,D_Varmail,1,1,4392346402816,1072350196,1969488919,2.8366098372960993,active_cumulative,/home/oy/iCAT/result/mixU-onlinev4-after-v6-20261005/mixU-onlinev4-rep1/control-series.txt
1791249125,2026-10-06T10:12:05+09:00,13932.0,D_Varmail,1,1,4407383605248,1076021388,1976345908,2.8367161936004193,active_cumulative,/home/oy/iCAT/result/mixU-onlinev4-after-v6-20261005/mixU-onlinev4-rep1/control-series.txt
1791249155,2026-10-06T10:12:35+09:00,13962.0,D_Varmail,1,1,4422543966208,1079722648,1983031428,2.8366118666429974,active_cumulative,/home/oy/iCAT/result/mixU-onlinev4-after-v6-20261005/mixU-onlinev4-rep1/control-series.txt
1791249185,2026-10-06T10:13:05+09:00,13992.0,D_Varmail,1,1,4437753917440,1083436015,1989675092,2.8364490975500756,active_cumulative,/home/oy/iCAT/result/mixU-onlinev4-after-v6-20261005/mixU-onlinev4-rep1/control-series.txt
1791249215,2026-10-06T10:13:35+09:00,14022.0,D_Varmail,1,1,4453035266048,1087166813,1996262500,2.836206252922108,active_cumulative,/home/oy/iCAT/result/mixU-onlinev4-after-v6-20261005/mixU-onlinev4-rep1/control-series.txt
1791249245,2026-10-06T10:14:05+09:00,14052.0,D_Varmail,1,1,4468461412352,1090932962,2002761412,2.8358244564618813,active_cumulative,/home/oy/iCAT/result/mixU-onlinev4-after-v6-20261005/mixU-onlinev4-rep1/control-series.txt
1791249275,2026-10-06T10:14:35+09:00,14082.0,D_Varmail,1,1,4483899555840,1094702040,2009294388,2.8354714932293357,active_cumulative,/home/oy/iCAT/result/mixU-onlinev4-after-v6-20261005/mixU-onlinev4-rep1/control-series.txt
1791249305,2026-10-06T10:15:05+09:00,14112.0,D_Varmail,1,1,4499299405824,1098461769,2015738921,2.835056055555812,active_cumulative,/home/oy/iCAT/result/mixU-onlinev4-after-v6-20261005/mixU-onlinev4-rep1/control-series.txt
1791249335,2026-10-06T10:15:35+09:00,14142.0,D_Varmail,1,1,4514864746496,1102261901,2022168418,2.834562562822354,active_cumulative,/home/oy/iCAT/result/mixU-onlinev4-after-v6-20261005/mixU-onlinev4-rep1/control-series.txt
1791249365,2026-10-06T10:16:05+09:00,14172.0,D_Varmail,1,1,4530522755072,1106084657,2028609756,2.834045652077063,active_cumulative,/home/oy/iCAT/result/mixU-onlinev4-after-v6-20261005/mixU-onlinev4-rep1/control-series.txt
1791249395,2026-10-06T10:16:35+09:00,14202.0,D_Varmail,1,1,4546180702208,1109907398,2035014838,2.833499661023072,active_cumulative,/home/oy/iCAT/result/mixU-onlinev4-after-v6-20261005/mixU-onlinev4-rep1/control-series.txt
1791249425,2026-10-06T10:17:05+09:00,14232.0,D_Varmail,1,1,4561805508608,1113722048,2041355185,2.832912609268915,active_cumulative,/home/oy/iCAT/result/mixU-onlinev4-after-v6-20261005/mixU-onlinev4-rep1/control-series.txt
1791249455,2026-10-06T10:17:35+09:00,14262.0,D_Varmail,1,1,4577473236992,1117547177,2047678935,2.8322975326168267,active_cumulative,/home/oy/iCAT/result/mixU-onlinev4-after-v6-20261005/mixU-onlinev4-rep1/control-series.txt
1791249485,2026-10-06T10:18:05+09:00,14292.0,D_Varmail,1,1,4593136803840,1121371290,2053985209,2.8316727272373807,active_cumulative,/home/oy/iCAT/result/mixU-onlinev4-after-v6-20261005/mixU-onlinev4-rep1/control-series.txt
1791249515,2026-10-06T10:18:35+09:00,14322.0,D_Varmail,1,1,4608881717248,1125215263,2060259496,2.830991423371761,active_cumulative,/home/oy/iCAT/result/mixU-onlinev4-after-v6-20261005/mixU-onlinev4-rep1/control-series.txt
1791249545,2026-10-06T10:19:05+09:00,14352.0,D_Varmail,1,1,4624638230528,1129062068,2066509760,2.8302888907255364,active_cumulative,/home/oy/iCAT/result/mixU-onlinev4-after-v6-20261005/mixU-onlinev4-rep1/control-series.txt
1791249575,2026-10-06T10:19:35+09:00,14382.0,D_Varmail,1,1,4640473640960,1132928135,2072760992,2.829560876780591,active_cumulative,/home/oy/iCAT/result/mixU-onlinev4-after-v6-20261005/mixU-onlinev4-rep1/control-series.txt
1791249605,2026-10-06T10:20:05+09:00,14412.0,D_Varmail,1,1,4656294699008,1136790698,2078996957,2.8288300217952695,active_cumulative,/home/oy/iCAT/result/mixU-onlinev4-after-v6-20261005/mixU-onlinev4-rep1/control-series.txt
1791249635,2026-10-06T10:20:35+09:00,14442.0,D_Varmail,1,1,4672103911424,1140650369,2085209231,2.828087981795936,active_cumulative,/home/oy/iCAT/result/mixU-onlinev4-after-v6-20261005/mixU-onlinev4-rep1/control-series.txt
1791249665,2026-10-06T10:21:05+09:00,14472.0,D_Varmail,1,1,4687960645632,1144521642,2091394399,2.827308739523162,active_cumulative,/home/oy/iCAT/result/mixU-onlinev4-after-v6-20261005/mixU-onlinev4-rep1/control-series.txt
1791249695,2026-10-06T10:21:35+09:00,14502.0,D_Varmail,1,1,4703834853376,1148397181,2097546913,2.8264995314369377,active_cumulative,/home/oy/iCAT/result/mixU-onlinev4-after-v6-20261005/mixU-onlinev4-rep1/control-series.txt
1791249725,2026-10-06T10:22:05+09:00,14532.0,D_Varmail,1,1,4719688019968,1152267583,2103677062,2.825684496410935,active_cumulative,/home/oy/iCAT/result/mixU-onlinev4-after-v6-20261005/mixU-onlinev4-rep1/control-series.txt
1791249755,2026-10-06T10:22:35+09:00,14562.0,D_Varmail,1,1,4735578275840,1156147040,2109806613,2.8248601086242457,active_cumulative,/home/oy/iCAT/result/mixU-onlinev4-after-v6-20261005/mixU-onlinev4-rep1/control-series.txt
1791249785,2026-10-06T10:23:05+09:00,14592.0,D_Varmail,1,1,4751517786112,1160038522,2115924614,2.8240123701685143,active_cumulative,/home/oy/iCAT/result/mixU-onlinev4-after-v6-20261005/mixU-onlinev4-rep1/control-series.txt
1791249815,2026-10-06T10:23:35+09:00,14622.0,D_Varmail,1,1,4767461900288,1163931128,2122032799,2.8231601062567337,active_cumulative,/home/oy/iCAT/result/mixU-onlinev4-after-v6-20261005/mixU-onlinev4-rep1/control-series.txt
1791249845,2026-10-06T10:24:05+09:00,14652.0,D_Varmail,1,1,4783371509760,1167815310,2128115828,2.822305128025766,active_cumulative,/home/oy/iCAT/result/mixU-onlinev4-after-v6-20261005/mixU-onlinev4-rep1/control-series.txt
1791249875,2026-10-06T10:24:35+09:00,14682.0,D_Varmail,1,1,4799371096064,1171721459,2134214482,2.82143500539918,active_cumulative,/home/oy/iCAT/result/mixU-onlinev4-after-v6-20261005/mixU-onlinev4-rep1/control-series.txt
1791249905,2026-10-06T10:25:05+09:00,14712.0,D_Varmail,1,1,4815382519808,1175630498,2140287552,2.8205444275570333,active_cumulative,/home/oy/iCAT/result/mixU-onlinev4-after-v6-20261005/mixU-onlinev4-rep1/control-series.txt
1791249935,2026-10-06T10:25:35+09:00,14742.0,D_Varmail,1,1,4831375835136,1179535116,2146356440,2.8196630273108374,active_cumulative,/home/oy/iCAT/result/mixU-onlinev4-after-v6-20261005/mixU-onlinev4-rep1/control-series.txt
1791249965,2026-10-06T10:26:05+09:00,14772.0,D_Varmail,1,1,4847370190848,1183439988,2152407700,2.81877215729168,active_cumulative,/home/oy/iCAT/result/mixU-onlinev4-after-v6-20261005/mixU-onlinev4-rep1/control-series.txt
1791249995,2026-10-06T10:26:35+09:00,14802.0,D_Varmail,1,1,4863445057536,1187364516,2158431363,2.817833810859815,active_cumulative,/home/oy/iCAT/result/mixU-onlinev4-after-v6-20261005/mixU-onlinev4-rep1/control-series.txt
1791250025,2026-10-06T10:27:05+09:00,14832.0,D_Varmail,1,1,4879484481536,1191280391,2164452870,2.816913034372275,active_cumulative,/home/oy/iCAT/result/mixU-onlinev4-after-v6-20261005/mixU-onlinev4-rep1/control-series.txt
1791250055,2026-10-06T10:27:35+09:00,14862.0,D_Varmail,1,1,4895530500096,1195197876,2170470533,2.8159926289895783,active_cumulative,/home/oy/iCAT/result/mixU-onlinev4-after-v6-20261005/mixU-onlinev4-rep1/control-series.txt
1791250085,2026-10-06T10:28:05+09:00,14892.0,D_Varmail,1,1,4911569711104,1199113699,2176488874,2.815081318656506,active_cumulative,/home/oy/iCAT/result/mixU-onlinev4-after-v6-20261005/mixU-onlinev4-rep1/control-series.txt
1791250115,2026-10-06T10:28:35+09:00,14922.0,D_Varmail,1,1,4927596388352,1203026462,2182446342,2.8141299555221257,active_cumulative,/home/oy/iCAT/result/mixU-onlinev4-after-v6-20261005/mixU-onlinev4-rep1/control-series.txt
1791250145,2026-10-06T10:29:05+09:00,14952.0,D_Varmail,1,1,4943693156352,1206956337,2188414473,2.813167888442016,active_cumulative,/home/oy/iCAT/result/mixU-onlinev4-after-v6-20261005/mixU-onlinev4-rep1/control-series.txt
1791250175,2026-10-06T10:29:35+09:00,14982.0,D_Varmail,1,1,4959798349824,1210888269,2194386420,2.812212138954994,active_cumulative,/home/oy/iCAT/result/mixU-onlinev4-after-v6-20261005/mixU-onlinev4-rep1/control-series.txt
1791250205,2026-10-06T10:30:05+09:00,15012.0,D_Varmail,1,1,4975905034240,1214820565,2200366522,2.811268746508255,active_cumulative,/home/oy/iCAT/result/mixU-onlinev4-after-v6-20261005/mixU-onlinev4-rep1/control-series.txt
1791250235,2026-10-06T10:30:35+09:00,15042.0,D_Varmail,1,1,4992003043328,1218750743,2206310065,2.810304590723027,active_cumulative,/home/oy/iCAT/result/mixU-onlinev4-after-v6-20261005/mixU-onlinev4-rep1/control-series.txt
1791250265,2026-10-06T10:31:05+09:00,15072.0,D_Varmail,1,1,5008123109376,1222686306,2212249190,2.8093350511443447,active_cumulative,/home/oy/iCAT/result/mixU-onlinev4-after-v6-20261005/mixU-onlinev4-rep1/control-series.txt
1791250295,2026-10-06T10:31:35+09:00,15102.0,D_Varmail,1,1,5024277217280,1226630180,2218193673,2.808363848507298,active_cumulative,/home/oy/iCAT/result/mixU-onlinev4-after-v6-20261005/mixU-onlinev4-rep1/control-series.txt
1791250325,2026-10-06T10:32:05+09:00,15132.0,D_Varmail,1,1,5040458719232,1230580742,2224106689,2.8073634773328835,active_cumulative,/home/oy/iCAT/result/mixU-onlinev4-after-v6-20261005/mixU-onlinev4-rep1/control-series.txt
1791250355,2026-10-06T10:32:35+09:00,15162.0,D_Varmail,1,1,5056578310144,1234516189,2230000524,2.8063760879526223,active_cumulative,/home/oy/iCAT/result/mixU-onlinev4-after-v6-20261005/mixU-onlinev4-rep1/control-series.txt
1791250385,2026-10-06T10:33:05+09:00,15192.0,D_Varmail,1,1,5072721620992,1238457427,2235876012,2.8053717174728527,active_cumulative,/home/oy/iCAT/result/mixU-onlinev4-after-v6-20261005/mixU-onlinev4-rep1/control-series.txt
1791250415,2026-10-06T10:33:35+09:00,15222.0,D_Varmail,1,1,5088901779456,1242407661,2241779435,2.8043831387804037,active_cumulative,/home/oy/iCAT/result/mixU-onlinev4-after-v6-20261005/mixU-onlinev4-rep1/control-series.txt
1791250445,2026-10-06T10:34:05+09:00,15252.0,D_Varmail,1,1,5105116110848,1246366238,2247642864,2.803356666341278,active_cumulative,/home/oy/iCAT/result/mixU-onlinev4-after-v6-20261005/mixU-onlinev4-rep1/control-series.txt
1791250475,2026-10-06T10:34:35+09:00,15282.0,D_Varmail,1,1,5121304379392,1250318452,2253501430,2.8023419764743265,active_cumulative,/home/oy/iCAT/result/mixU-onlinev4-after-v6-20261005/mixU-onlinev4-rep1/control-series.txt
1791250505,2026-10-06T10:35:05+09:00,15312.0,D_Varmail,1,1,5137491640320,1254270420,2259356779,2.801331469652294,active_cumulative,/home/oy/iCAT/result/mixU-onlinev4-after-v6-20261005/mixU-onlinev4-rep1/control-series.txt
1791250535,2026-10-06T10:35:35+09:00,15342.0,D_Varmail,1,1,5153713553408,1258230848,2265179452,2.8002892359542595,active_cumulative,/home/oy/iCAT/result/mixU-onlinev4-after-v6-20261005/mixU-onlinev4-rep1/control-series.txt
1791250565,2026-10-06T10:36:05+09:00,15372.0,D_Varmail,1,1,5169953300480,1262195630,2271002164,2.799247367066229,active_cumulative,/home/oy/iCAT/result/mixU-onlinev4-after-v6-20261005/mixU-onlinev4-rep1/control-series.txt
1791250595,2026-10-06T10:36:35+09:00,15402.0,D_Varmail,1,1,5186156888064,1266151584,2276809595,2.7982124919096574,active_cumulative,/home/oy/iCAT/result/mixU-onlinev4-after-v6-20261005/mixU-onlinev4-rep1/control-series.txt
1791250625,2026-10-06T10:37:05+09:00,15432.0,D_Varmail,1,1,5202404147200,1270118200,2282623540,2.797174105528131,active_cumulative,/home/oy/iCAT/result/mixU-onlinev4-after-v6-20261005/mixU-onlinev4-rep1/control-series.txt
1791250655,2026-10-06T10:37:35+09:00,15462.0,D_Varmail,1,1,5218665013248,1274088138,2288437742,2.7961377033085606,active_cumulative,/home/oy/iCAT/result/mixU-onlinev4-after-v6-20261005/mixU-onlinev4-rep1/control-series.txt
1791250685,2026-10-06T10:38:05+09:00,15492.0,D_Varmail,1,1,5234945728512,1278062922,2294257626,2.7951053790135694,active_cumulative,/home/oy/iCAT/result/mixU-onlinev4-after-v6-20261005/mixU-onlinev4-rep1/control-series.txt
1791250715,2026-10-06T10:38:35+09:00,15522.0,D_Varmail,1,1,5251172925440,1282024640,2300037328,2.794066397975003,active_cumulative,/home/oy/iCAT/result/mixU-onlinev4-after-v6-20261005/mixU-onlinev4-rep1/control-series.txt
1791250745,2026-10-06T10:39:05+09:00,15552.0,D_Varmail,1,1,5267415277568,1285990058,2305797106,2.79301316651392,active_cumulative,/home/oy/iCAT/result/mixU-onlinev4-after-v6-20261005/mixU-onlinev4-rep1/control-series.txt
1791250775,2026-10-06T10:39:35+09:00,15582.0,D_Varmail,1,1,5283687698432,1289962817,2311575340,2.7919705200308886,active_cumulative,/home/oy/iCAT/result/mixU-onlinev4-after-v6-20261005/mixU-onlinev4-rep1/control-series.txt
1791250805,2026-10-06T10:40:05+09:00,15612.0,D_Varmail,1,1,5299917201408,1293925098,2317340564,2.790938724028058,active_cumulative,/home/oy/iCAT/result/mixU-onlinev4-after-v6-20261005/mixU-onlinev4-rep1/control-series.txt
1791250835,2026-10-06T10:40:35+09:00,15642.0,D_Varmail,1,1,5316197580800,1297899800,2323114666,2.7899029385781553,active_cumulative,/home/oy/iCAT/result/mixU-onlinev4-after-v6-20261005/mixU-onlinev4-rep1/control-series.txt
1791250865,2026-10-06T10:41:05+09:00,15672.0,D_Varmail,1,1,5332460621824,1301870269,2328893472,2.7888829075026678,active_cumulative,/home/oy/iCAT/result/mixU-onlinev4-after-v6-20261005/mixU-onlinev4-rep1/control-series.txt
1791250895,2026-10-06T10:41:35+09:00,15702.0,D_Varmail,1,1,5348721827840,1305840290,2334649195,2.7878520159613087,active_cumulative,/home/oy/iCAT/result/mixU-onlinev4-after-v6-20261005/mixU-onlinev4-rep1/control-series.txt
1791250925,2026-10-06T10:42:05+09:00,15732.0,D_Varmail,1,1,5365001297920,1309814770,2340384393,2.786805620614585,active_cumulative,/home/oy/iCAT/result/mixU-onlinev4-after-v6-20261005/mixU-onlinev4-rep1/control-series.txt
1791250955,2026-10-06T10:42:35+09:00,15762.0,D_Varmail,1,1,5381275553792,1313787977,2346116285,2.7857647703226016,active_cumulative,/home/oy/iCAT/result/mixU-onlinev4-after-v6-20261005/mixU-onlinev4-rep1/control-series.txt
1791250985,2026-10-06T10:43:05+09:00,15792.0,D_Varmail,1,1,5397548974080,1317760980,2351849300,2.78473132509964,active_cumulative,/home/oy/iCAT/result/mixU-onlinev4-after-v6-20261005/mixU-onlinev4-rep1/control-series.txt
1791251015,2026-10-06T10:43:35+09:00,15822.0,D_Varmail,1,1,5413760131072,1321718782,2357541525,2.7836937456791015,active_cumulative,/home/oy/iCAT/result/mixU-onlinev4-after-v6-20261005/mixU-onlinev4-rep1/control-series.txt
1791251045,2026-10-06T10:44:05+09:00,15852.0,D_Varmail,1,1,5429998514176,1325683231,2363228194,2.782649232288584,active_cumulative,/home/oy/iCAT/result/mixU-onlinev4-after-v6-20261005/mixU-onlinev4-rep1/control-series.txt
1791251075,2026-10-06T10:44:35+09:00,15882.0,D_Varmail,1,1,5446286278656,1329659736,2368949399,2.7816207672246156,active_cumulative,/home/oy/iCAT/result/mixU-onlinev4-after-v6-20261005/mixU-onlinev4-rep1/control-series.txt
1791251105,2026-10-06T10:45:05+09:00,15912.0,D_Varmail,1,1,5462570852352,1333635462,2374649578,2.7805837094634787,active_cumulative,/home/oy/iCAT/result/mixU-onlinev4-after-v6-20261005/mixU-onlinev4-rep1/control-series.txt
1791251135,2026-10-06T10:45:35+09:00,15942.0,D_Varmail,1,1,5478812917760,1337600810,2380350164,2.77956692774431,active_cumulative,/home/oy/iCAT/result/mixU-onlinev4-after-v6-20261005/mixU-onlinev4-rep1/control-series.txt
1791251165,2026-10-06T10:46:05+09:00,15972.0,D_Varmail,1,1,5495083855872,1341573207,2386054201,2.778549384073977,active_cumulative,/home/oy/iCAT/result/mixU-onlinev4-after-v6-20261005/mixU-onlinev4-rep1/control-series.txt
1791251195,2026-10-06T10:46:35+09:00,16002.0,D_Varmail,1,1,5511354130432,1345545442,2391730981,2.777517805303524,active_cumulative,/home/oy/iCAT/result/mixU-onlinev4-after-v6-20261005/mixU-onlinev4-rep1/control-series.txt
1791251225,2026-10-06T10:47:05+09:00,16032.0,D_Varmail,1,1,5527635890176,1349520481,2397414307,2.776493458790271,active_cumulative,/home/oy/iCAT/result/mixU-onlinev4-after-v6-20261005/mixU-onlinev4-rep1/control-series.txt
1791251255,2026-10-06T10:47:35+09:00,16062.0,D_Varmail,1,1,5543918833664,1353495809,2403107258,2.775481861133713,active_cumulative,/home/oy/iCAT/result/mixU-onlinev4-after-v6-20261005/mixU-onlinev4-rep1/control-series.txt
1791251285,2026-10-06T10:48:05+09:00,16092.0,D_Varmail,1,1,5560211161088,1357473428,2408813508,2.7744829904692616,active_cumulative,/home/oy/iCAT/result/mixU-onlinev4-after-v6-20261005/mixU-onlinev4-rep1/control-series.txt
1791251315,2026-10-06T10:48:35+09:00,16122.0,D_Varmail,1,1,5576538710016,1361459646,2414510487,2.7734719454182044,active_cumulative,/home/oy/iCAT/result/mixU-onlinev4-after-v6-20261005/mixU-onlinev4-rep1/control-series.txt
1791251345,2026-10-06T10:49:05+09:00,16152.0,D_Varmail,1,1,5592843440128,1365440293,2420184978,2.7724575658175628,active_cumulative,/home/oy/iCAT/result/mixU-onlinev4-after-v6-20261005/mixU-onlinev4-rep1/control-series.txt
1791251375,2026-10-06T10:49:35+09:00,16182.0,D_Varmail,1,1,5609119932416,1369414046,2425841843,2.771445130189646,active_cumulative,/home/oy/iCAT/result/mixU-onlinev4-after-v6-20261005/mixU-onlinev4-rep1/control-series.txt
1791251405,2026-10-06T10:50:05+09:00,16212.0,D_Varmail,1,1,5625436762112,1373397647,2431525124,2.7704450923673383,active_cumulative,/home/oy/iCAT/result/mixU-onlinev4-after-v6-20261005/mixU-onlinev4-rep1/control-series.txt
1791251435,2026-10-06T10:50:35+09:00,16242.0,D_Varmail,1,1,5641760231424,1377382869,2437207256,2.769447922471584,active_cumulative,/home/oy/iCAT/result/mixU-onlinev4-after-v6-20261005/mixU-onlinev4-rep1/control-series.txt
1791251465,2026-10-06T10:51:05+09:00,16272.0,D_Varmail,1,1,5658065571840,1381363665,2442856765,2.7684385559685327,active_cumulative,/home/oy/iCAT/result/mixU-onlinev4-after-v6-20261005/mixU-onlinev4-rep1/control-series.txt
1791251495,2026-10-06T10:51:35+09:00,16302.0,D_Varmail,1,1,5674396110848,1385350613,2448502706,2.767424566043773,active_cumulative,/home/oy/iCAT/result/mixU-onlinev4-after-v6-20261005/mixU-onlinev4-rep1/control-series.txt
1791251526,2026-10-06T10:52:06+09:00,16333.0,D_Varmail,1,1,5690707128320,1389332795,2454149247,2.766422887181613,active_cumulative,/home/oy/iCAT/result/mixU-onlinev4-after-v6-20261005/mixU-onlinev4-rep1/control-series.txt
1791251556,2026-10-06T10:52:36+09:00,16363.0,D_Varmail,1,1,5707067822080,1393327105,2459798764,2.765413703051445,active_cumulative,/home/oy/iCAT/result/mixU-onlinev4-after-v6-20261005/mixU-onlinev4-rep1/control-series.txt
1791251586,2026-10-06T10:53:06+09:00,16393.0,D_Varmail,1,1,5723399401472,1397314307,2465444064,2.7644162459720665,active_cumulative,/home/oy/iCAT/result/mixU-onlinev4-after-v6-20261005/mixU-onlinev4-rep1/control-series.txt
1791251616,2026-10-06T10:53:36+09:00,16423.0,D_Varmail,1,1,5739767513088,1401310428,2471094801,2.763417121306115,active_cumulative,/home/oy/iCAT/result/mixU-onlinev4-after-v6-20261005/mixU-onlinev4-rep1/control-series.txt
1791251646,2026-10-06T10:54:06+09:00,16453.0,D_Varmail,1,1,5756171411456,1405315286,2476728844,2.762400842482546,active_cumulative,/home/oy/iCAT/result/mixU-onlinev4-after-v6-20261005/mixU-onlinev4-rep1/control-series.txt
1791251676,2026-10-06T10:54:36+09:00,16483.0,D_Varmail,1,1,5772610691072,1409328782,2482400423,2.7614061776821073,active_cumulative,/home/oy/iCAT/result/mixU-onlinev4-after-v6-20261005/mixU-onlinev4-rep1/control-series.txt
1791251706,2026-10-06T10:55:06+09:00,16513.0,D_Varmail,1,1,5789043359744,1413340664,2488051101,2.7604043840063177,active_cumulative,/home/oy/iCAT/result/mixU-onlinev4-after-v6-20261005/mixU-onlinev4-rep1/control-series.txt
1791251736,2026-10-06T10:55:36+09:00,16543.0,D_Varmail,1,1,5805497425920,1417357770,2493724492,2.759417801759396,active_cumulative,/home/oy/iCAT/result/mixU-onlinev4-after-v6-20261005/mixU-onlinev4-rep1/control-series.txt
1791251766,2026-10-06T10:56:06+09:00,16573.0,D_Varmail,1,1,5822008082432,1421388692,2499427939,2.7584408494787716,active_cumulative,/home/oy/iCAT/result/mixU-onlinev4-after-v6-20261005/mixU-onlinev4-rep1/control-series.txt
1791251796,2026-10-06T10:56:36+09:00,16603.0,D_Varmail,1,1,5838509060096,1425417251,2505092050,2.7574447399472364,active_cumulative,/home/oy/iCAT/result/mixU-onlinev4-after-v6-20261005/mixU-onlinev4-rep1/control-series.txt
1791251826,2026-10-06T10:57:06+09:00,16633.0,D_Varmail,1,1,5854979080192,1429438252,2510766278,2.7564706096867484,active_cumulative,/home/oy/iCAT/result/mixU-onlinev4-after-v6-20261005/mixU-onlinev4-rep1/control-series.txt
1791251856,2026-10-06T10:57:36+09:00,16663.0,D_Varmail,1,1,5871463514112,1433462772,2516404808,2.7554727315931995,active_cumulative,/home/oy/iCAT/result/mixU-onlinev4-after-v6-20261005/mixU-onlinev4-rep1/control-series.txt
1791251886,2026-10-06T10:58:06+09:00,16693.0,D_Varmail,1,1,5887890219008,1437473198,2522031112,2.7544891379602614,active_cumulative,/home/oy/iCAT/result/mixU-onlinev4-after-v6-20261005/mixU-onlinev4-rep1/control-series.txt
1791251916,2026-10-06T10:58:36+09:00,16723.0,D_Varmail,1,1,5904377511936,1441498416,2527663669,2.7534973614566916,active_cumulative,/home/oy/iCAT/result/mixU-onlinev4-after-v6-20261005/mixU-onlinev4-rep1/control-series.txt
1791251946,2026-10-06T10:59:06+09:00,16753.0,D_Varmail,1,1,5920847548416,1445519421,2533284183,2.7525078848456372,active_cumulative,/home/oy/iCAT/result/mixU-onlinev4-after-v6-20261005/mixU-onlinev4-rep1/control-series.txt
1791251976,2026-10-06T10:59:36+09:00,16783.0,D_Varmail,1,1,5937337778176,1449545356,2538931026,2.7515361044004476,active_cumulative,/home/oy/iCAT/result/mixU-onlinev4-after-v6-20261005/mixU-onlinev4-rep1/control-series.txt
1791252006,2026-10-06T11:00:06+09:00,16813.0,D_Varmail,1,1,5953857335296,1453578451,2544575909,2.7505597356987783,active_cumulative,/home/oy/iCAT/result/mixU-onlinev4-after-v6-20261005/mixU-onlinev4-rep1/control-series.txt
1791252036,2026-10-06T11:00:36+09:00,16843.0,D_Varmail,1,1,5970383339520,1457613120,2550220563,2.7495867236705442,active_cumulative,/home/oy/iCAT/result/mixU-onlinev4-after-v6-20261005/mixU-onlinev4-rep1/control-series.txt
1791252066,2026-10-06T11:01:06+09:00,16873.0,D_Varmail,1,1,5986879549440,1461640515,2555868274,2.748629877025542,active_cumulative,/home/oy/iCAT/result/mixU-onlinev4-after-v6-20261005/mixU-onlinev4-rep1/control-series.txt
1791252096,2026-10-06T11:01:36+09:00,16903.0,D_Varmail,1,1,6003366137856,1465665561,2561507050,2.7476749936406537,active_cumulative,/home/oy/iCAT/result/mixU-onlinev4-after-v6-20261005/mixU-onlinev4-rep1/control-series.txt
1791252126,2026-10-06T11:02:06+09:00,16933.0,D_Varmail,1,1,6019913437184,1469705429,2567153145,2.746712704699412,active_cumulative,/home/oy/iCAT/result/mixU-onlinev4-after-v6-20261005/mixU-onlinev4-rep1/control-series.txt
1791252156,2026-10-06T11:02:36+09:00,16963.0,D_Varmail,1,1,6036440563712,1473740372,2572795297,2.7457588499855525,active_cumulative,/home/oy/iCAT/result/mixU-onlinev4-after-v6-20261005/mixU-onlinev4-rep1/control-series.txt
1791252186,2026-10-06T11:03:06+09:00,16993.0,D_Varmail,1,1,6052967587840,1477775290,2578440243,2.7448121243115384,active_cumulative,/home/oy/iCAT/result/mixU-onlinev4-after-v6-20261005/mixU-onlinev4-rep1/control-series.txt
1791252216,2026-10-06T11:03:36+09:00,17023.0,D_Varmail,1,1,6069503123456,1481812286,2584074577,2.743860947445269,active_cumulative,/home/oy/iCAT/result/mixU-onlinev4-after-v6-20261005/mixU-onlinev4-rep1/control-series.txt
1791252246,2026-10-06T11:04:06+09:00,17053.0,D_Varmail,1,1,6086055387136,1485853366,2589689269,2.7428969293057417,active_cumulative,/home/oy/iCAT/result/mixU-onlinev4-after-v6-20261005/mixU-onlinev4-rep1/control-series.txt
1791252276,2026-10-06T11:04:36+09:00,17083.0,D_Varmail,1,1,6102585098240,1489888940,2595272871,2.741923710770012,active_cumulative,/home/oy/iCAT/result/mixU-onlinev4-after-v6-20261005/mixU-onlinev4-rep1/control-series.txt
1791252306,2026-10-06T11:05:06+09:00,17113.0,D_Varmail,1,1,6119142363136,1493931241,2600885517,2.7409673521915456,active_cumulative,/home/oy/iCAT/result/mixU-onlinev4-after-v6-20261005/mixU-onlinev4-rep1/control-series.txt
1791252336,2026-10-06T11:05:36+09:00,17143.0,D_Varmail,1,1,6135716560896,1497977676,2606468209,2.7399913568538388,active_cumulative,/home/oy/iCAT/result/mixU-onlinev4-after-v6-20261005/mixU-onlinev4-rep1/control-series.txt
1791252366,2026-10-06T11:06:06+09:00,17173.0,D_Varmail,1,1,6152321269760,1502031560,2612061177,2.73901883726065,active_cumulative,/home/oy/iCAT/result/mixU-onlinev4-after-v6-20261005/mixU-onlinev4-rep1/control-series.txt
1791252396,2026-10-06T11:06:36+09:00,17203.0,D_Varmail,1,1,6168898355200,1506078700,2617651726,2.7380577296525077,active_cumulative,/home/oy/iCAT/result/mixU-onlinev4-after-v6-20261005/mixU-onlinev4-rep1/control-series.txt
1791252426,2026-10-06T11:07:06+09:00,17233.0,D_Varmail,1,1,6185537757184,1510141054,2623248778,2.7370885792765156,active_cumulative,/home/oy/iCAT/result/mixU-onlinev4-after-v6-20261005/mixU-onlinev4-rep1/control-series.txt
1791252456,2026-10-06T11:07:36+09:00,17263.0,D_Varmail,1,1,6202149101568,1514196558,2628835559,2.736125699870994,active_cumulative,/home/oy/iCAT/result/mixU-onlinev4-after-v6-20261005/mixU-onlinev4-rep1/control-series.txt
1791252486,2026-10-06T11:08:06+09:00,17293.0,D_Varmail,1,1,6218751746048,1518249938,2634410333,2.735162483504083,active_cumulative,/home/oy/iCAT/result/mixU-onlinev4-after-v6-20261005/mixU-onlinev4-rep1/control-series.txt
1791252516,2026-10-06T11:08:36+09:00,17323.0,D_Varmail,1,1,6235348017152,1522301762,2639988432,2.734208353363254,active_cumulative,/home/oy/iCAT/result/mixU-onlinev4-after-v6-20261005/mixU-onlinev4-rep1/control-series.txt
1791252546,2026-10-06T11:09:06+09:00,17353.0,D_Varmail,1,1,6251984650240,1526363440,2645578396,2.7332558725332152,active_cumulative,/home/oy/iCAT/result/mixU-onlinev4-after-v6-20261005/mixU-onlinev4-rep1/control-series.txt
1791252576,2026-10-06T11:09:36+09:00,17383.0,D_Varmail,1,1,6268622901248,1530425513,2651143191,2.732291554525333,active_cumulative,/home/oy/iCAT/result/mixU-onlinev4-after-v6-20261005/mixU-onlinev4-rep1/control-series.txt
1791252606,2026-10-06T11:10:06+09:00,17413.0,D_Varmail,1,1,6285262974976,1534488031,2656746286,2.7313567993545336,active_cumulative,/home/oy/iCAT/result/mixU-onlinev4-after-v6-20261005/mixU-onlinev4-rep1/control-series.txt
1791252636,2026-10-06T11:10:36+09:00,17443.0,D_Varmail,1,1,6301916319744,1538553789,2662334119,2.7304134168298484,active_cumulative,/home/oy/iCAT/result/mixU-onlinev4-after-v6-20261005/mixU-onlinev4-rep1/control-series.txt
1791252666,2026-10-06T11:11:06+09:00,17473.0,D_Varmail,1,1,6318568816640,1542619340,2667905523,2.7294645891059552,active_cumulative,/home/oy/iCAT/result/mixU-onlinev4-after-v6-20261005/mixU-onlinev4-rep1/control-series.txt
1791252696,2026-10-06T11:11:36+09:00,17503.0,D_Varmail,1,1,6335228612608,1546686673,2673503018,2.72853562694401,active_cumulative,/home/oy/iCAT/result/mixU-onlinev4-after-v6-20261005/mixU-onlinev4-rep1/control-series.txt
1791252726,2026-10-06T11:12:06+09:00,17533.0,D_Varmail,1,1,6351883653120,1550752845,2679080784,2.7276001089651394,active_cumulative,/home/oy/iCAT/result/mixU-onlinev4-after-v6-20261005/mixU-onlinev4-rep1/control-series.txt
1791252756,2026-10-06T11:12:36+09:00,17563.0,D_Varmail,1,1,6368556367872,1554823332,2684661495,2.7266665863231334,active_cumulative,/home/oy/iCAT/result/mixU-onlinev4-after-v6-20261005/mixU-onlinev4-rep1/control-series.txt
1791252786,2026-10-06T11:13:06+09:00,17593.0,D_Varmail,1,1,6385222156288,1558892128,2690241193,2.725739160958801,active_cumulative,/home/oy/iCAT/result/mixU-onlinev4-after-v6-20261005/mixU-onlinev4-rep1/control-series.txt
1791252816,2026-10-06T11:13:36+09:00,17623.0,D_Varmail,1,1,6401861308416,1562954421,2695800723,2.7248108369501836,active_cumulative,/home/oy/iCAT/result/mixU-onlinev4-after-v6-20261005/mixU-onlinev4-rep1/control-series.txt
1791252846,2026-10-06T11:14:06+09:00,17653.0,D_Varmail,1,1,6418555310080,1567030105,2701375771,2.7238824974584643,active_cumulative,/home/oy/iCAT/result/mixU-onlinev4-after-v6-20261005/mixU-onlinev4-rep1/control-series.txt
1791252876,2026-10-06T11:14:36+09:00,17683.0,D_Varmail,1,1,6435224076288,1571099628,2706935596,2.7229560415884713,active_cumulative,/home/oy/iCAT/result/mixU-onlinev4-after-v6-20261005/mixU-onlinev4-rep1/control-series.txt
1791252906,2026-10-06T11:15:06+09:00,17713.0,D_Varmail,1,1,6451895214080,1575169730,2712507806,2.722041602462739,active_cumulative,/home/oy/iCAT/result/mixU-onlinev4-after-v6-20261005/mixU-onlinev4-rep1/control-series.txt
1791252936,2026-10-06T11:15:36+09:00,17743.0,D_Varmail,1,1,6468579504128,1579243043,2718077220,2.721126606856295,active_cumulative,/home/oy/iCAT/result/mixU-onlinev4-after-v6-20261005/mixU-onlinev4-rep1/control-series.txt
1791252966,2026-10-06T11:16:06+09:00,17773.0,D_Varmail,1,1,6485268516864,1583317509,2723654451,2.720220003579838,active_cumulative,/home/oy/iCAT/result/mixU-onlinev4-after-v6-20261005/mixU-onlinev4-rep1/control-series.txt
1791252996,2026-10-06T11:16:36+09:00,17803.0,D_Varmail,1,1,6501959880704,1587392549,2729199487,2.719297150990974,active_cumulative,/home/oy/iCAT/result/mixU-onlinev4-after-v6-20261005/mixU-onlinev4-rep1/control-series.txt
1791253026,2026-10-06T11:17:06+09:00,17833.0,D_Varmail,1,1,6516222754816,1590874696,2733825898,2.718442002298338,active_cumulative,/home/oy/iCAT/result/mixU-onlinev4-after-v6-20261005/mixU-onlinev4-rep1/control-series.txt
1791253056,2026-10-06T11:17:36+09:00,17863.0,D_Varmail,1,1,6532383940608,1594820298,2739143541,2.717524880035105,active_cumulative,/home/oy/iCAT/result/mixU-onlinev4-after-v6-20261005/mixU-onlinev4-rep1/control-series.txt
1791253086,2026-10-06T11:18:06+09:00,17893.0,D_Varmail,1,1,6549083754496,1598897401,2744688669,2.7166133782464006,active_cumulative,/home/oy/iCAT/result/mixU-onlinev4-after-v6-20261005/mixU-onlinev4-rep1/control-series.txt
1791253116,2026-10-06T11:18:36+09:00,17923.0,D_Varmail,1,1,6565774475264,1602972284,2750226375,2.7157042591760745,active_cumulative,/home/oy/iCAT/result/mixU-onlinev4-after-v6-20261005/mixU-onlinev4-rep1/control-series.txt
1791253146,2026-10-06T11:19:06+09:00,17953.0,D_Varmail,1,1,6582480117760,1607050810,2755763802,2.714795689627262,active_cumulative,/home/oy/iCAT/result/mixU-onlinev4-after-v6-20261005/mixU-onlinev4-rep1/control-series.txt
1791253176,2026-10-06T11:19:36+09:00,17983.0,D_Varmail,1,1,6599118155776,1611112831,2761287521,2.7139007696227577,active_cumulative,/home/oy/iCAT/result/mixU-onlinev4-after-v6-20261005/mixU-onlinev4-rep1/control-series.txt
1791253206,2026-10-06T11:20:06+09:00,18013.0,E_FIO-Fast,1,1,6613128929280,1614533430,2766037687,2.7132117772253252,active_cumulative,/home/oy/iCAT/result/mixU-onlinev4-after-v6-20261005/mixU-onlinev4-rep1/control-series.txt
1791253236,2026-10-06T11:20:36+09:00,18043.0,E_FIO-Fast,1,1,6618045636608,1615733798,2770639420,2.714787066674952,active_cumulative,/home/oy/iCAT/result/mixU-onlinev4-after-v6-20261005/mixU-onlinev4-rep1/control-series.txt
1791253266,2026-10-06T11:21:06+09:00,18073.0,E_FIO-Fast,1,1,6622962855936,1616934291,2775314108,2.7164050038691396,active_cumulative,/home/oy/iCAT/result/mixU-onlinev4-after-v6-20261005/mixU-onlinev4-rep1/control-series.txt
1791253296,2026-10-06T11:21:36+09:00,18103.0,E_FIO-Fast,1,1,6627879600128,1618134668,2780041408,2.7180531775121697,active_cumulative,/home/oy/iCAT/result/mixU-onlinev4-after-v6-20261005/mixU-onlinev4-rep1/control-series.txt
1791253326,2026-10-06T11:22:06+09:00,18133.0,E_FIO-Fast,1,1,6632796237824,1619335019,2784727385,2.7196734167582406,active_cumulative,/home/oy/iCAT/result/mixU-onlinev4-after-v6-20261005/mixU-onlinev4-rep1/control-series.txt
1791253356,2026-10-06T11:22:36+09:00,18163.0,E_FIO-Fast,1,1,6637713424384,1620535504,2789488321,2.721337369107095,active_cumulative,/home/oy/iCAT/result/mixU-onlinev4-after-v6-20261005/mixU-onlinev4-rep1/control-series.txt
1791253386,2026-10-06T11:23:06+09:00,18193.0,E_FIO-Fast,1,1,6642630012928,1621735843,2794193411,2.722964577160178,active_cumulative,/home/oy/iCAT/result/mixU-onlinev4-after-v6-20261005/mixU-onlinev4-rep1/control-series.txt
1791253416,2026-10-06T11:23:36+09:00,18223.0,E_FIO-Fast,1,1,6647546896384,1622936254,2798974812,2.7246363220375756,active_cumulative,/home/oy/iCAT/result/mixU-onlinev4-after-v6-20261005/mixU-onlinev4-rep1/control-series.txt
1791253446,2026-10-06T11:24:06+09:00,18253.0,E_FIO-Fast,1,1,6652463681536,1624136641,2803711637,2.726278175260994,active_cumulative,/home/oy/iCAT/result/mixU-onlinev4-after-v6-20261005/mixU-onlinev4-rep1/control-series.txt
1791253476,2026-10-06T11:24:36+09:00,18283.0,E_FIO-Fast,1,1,6657380503552,1625337037,2808496418,2.7279470990114403,active_cumulative,/home/oy/iCAT/result/mixU-onlinev4-after-v6-20261005/mixU-onlinev4-rep1/control-series.txt
1791253506,2026-10-06T11:25:06+09:00,18313.0,E_FIO-Fast,1,1,6662297755648,1626537538,2813196810,2.7295615651509175,active_cumulative,/home/oy/iCAT/result/mixU-onlinev4-after-v6-20261005/mixU-onlinev4-rep1/control-series.txt
1791253536,2026-10-06T11:25:36+09:00,18343.0,E_FIO-Fast,1,1,6667214467072,1627737907,2817975602,2.7312219552554784,active_cumulative,/home/oy/iCAT/result/mixU-onlinev4-after-v6-20261005/mixU-onlinev4-rep1/control-series.txt
1791253566,2026-10-06T11:26:06+09:00,18373.0,E_FIO-Fast,1,1,6672131227648,1628938288,2822764891,2.7328863295771457,active_cumulative,/home/oy/iCAT/result/mixU-onlinev4-after-v6-20261005/mixU-onlinev4-rep1/control-series.txt
1791253596,2026-10-06T11:26:36+09:00,18403.0,E_FIO-Fast,1,1,6677047926784,1630138654,2827636233,2.734598603659637,active_cumulative,/home/oy/iCAT/result/mixU-onlinev4-after-v6-20261005/mixU-onlinev4-rep1/control-series.txt
1791253626,2026-10-06T11:27:06+09:00,18433.0,E_FIO-Fast,1,1,6681964478464,1631338984,2832442799,2.7362686889606014,active_cumulative,/home/oy/iCAT/result/mixU-onlinev4-after-v6-20261005/mixU-onlinev4-rep1/control-series.txt
1791253656,2026-10-06T11:27:36+09:00,18463.0,E_FIO-Fast,1,1,6686880931840,1632539290,2837268806,2.737948252381724,active_cumulative,/home/oy/iCAT/result/mixU-onlinev4-after-v6-20261005/mixU-onlinev4-rep1/control-series.txt
1791253686,2026-10-06T11:28:06+09:00,18493.0,E_FIO-Fast,1,1,6691797639168,1633739658,2842076230,2.7396139073218237,active_cumulative,/home/oy/iCAT/result/mixU-onlinev4-after-v6-20261005/mixU-onlinev4-rep1/control-series.txt
1791253716,2026-10-06T11:28:36+09:00,18523.0,E_FIO-Fast,1,1,6696714842112,1634940147,2846888049,2.7412796757262576,active_cumulative,/home/oy/iCAT/result/mixU-onlinev4-after-v6-20261005/mixU-onlinev4-rep1/control-series.txt
1791253746,2026-10-06T11:29:06+09:00,18553.0,E_FIO-Fast,1,1,6701631840256,1636140586,2851652785,2.7429142760718728,active_cumulative,/home/oy/iCAT/result/mixU-onlinev4-after-v6-20261005/mixU-onlinev4-rep1/control-series.txt
1791253776,2026-10-06T11:29:36+09:00,18583.0,E_FIO-Fast,1,1,6706548563968,1637340958,2856398593,2.7445349907383187,active_cumulative,/home/oy/iCAT/result/mixU-onlinev4-after-v6-20261005/mixU-onlinev4-rep1/control-series.txt
1791253806,2026-10-06T11:30:06+09:00,18613.0,E_FIO-Fast,1,1,6711465312256,1638541336,2861207103,2.746191591348416,active_cumulative,/home/oy/iCAT/result/mixU-onlinev4-after-v6-20261005/mixU-onlinev4-rep1/control-series.txt
1791253836,2026-10-06T11:30:36+09:00,18643.0,E_FIO-Fast,1,1,6716382400512,1639741797,2866039866,2.747860468790624,active_cumulative,/home/oy/iCAT/result/mixU-onlinev4-after-v6-20261005/mixU-onlinev4-rep1/control-series.txt
1791253866,2026-10-06T11:31:06+09:00,18673.0,E_FIO-Fast,1,1,6721299144704,1640942174,2870882157,2.749532800416646,active_cumulative,/home/oy/iCAT/result/mixU-onlinev4-after-v6-20261005/mixU-onlinev4-rep1/control-series.txt
1791253896,2026-10-06T11:31:36+09:00,18703.0,E_FIO-Fast,1,1,6726216232960,1642142635,2875668612,2.751168595656126,active_cumulative,/home/oy/iCAT/result/mixU-onlinev4-after-v6-20261005/mixU-onlinev4-rep1/control-series.txt
1791253926,2026-10-06T11:32:06+09:00,18733.0,E_FIO-Fast,1,1,6731133014016,1643343021,2880547828,2.7528585275198,active_cumulative,/home/oy/iCAT/result/mixU-onlinev4-after-v6-20261005/mixU-onlinev4-rep1/control-series.txt
1791253956,2026-10-06T11:32:36+09:00,18763.0,E_FIO-Fast,1,1,6736049811456,1644543411,2885377705,2.7545159864436073,active_cumulative,/home/oy/iCAT/result/mixU-onlinev4-after-v6-20261005/mixU-onlinev4-rep1/control-series.txt
1791253986,2026-10-06T11:33:06+09:00,18793.0,E_FIO-Fast,1,1,6740966694912,1645743822,2890222981,2.7561803619518614,active_cumulative,/home/oy/iCAT/result/mixU-onlinev4-after-v6-20261005/mixU-onlinev4-rep1/control-series.txt
1791254016,2026-10-06T11:33:36+09:00,18823.0,E_FIO-Fast,1,1,6745883471872,1646944207,2894955290,2.7577737470981614,active_cumulative,/home/oy/iCAT/result/mixU-onlinev4-after-v6-20261005/mixU-onlinev4-rep1/control-series.txt
1791254046,2026-10-06T11:34:06+09:00,18853.0,E_FIO-Fast,1,1,6750800355328,1648144618,2899777839,2.7594195359621043,active_cumulative,/home/oy/iCAT/result/mixU-onlinev4-after-v6-20261005/mixU-onlinev4-rep1/control-series.txt
1791254076,2026-10-06T11:34:36+09:00,18883.0,E_FIO-Fast,1,1,6755716902912,1649344947,2904579048,2.7610500782647986,active_cumulative,/home/oy/iCAT/result/mixU-onlinev4-after-v6-20261005/mixU-onlinev4-rep1/control-series.txt
1791254106,2026-10-06T11:35:06+09:00,18913.0,E_FIO-Fast,1,1,6760633831424,1650545369,2909454976,2.76272341896468,active_cumulative,/home/oy/iCAT/result/mixU-onlinev4-after-v6-20261005/mixU-onlinev4-rep1/control-series.txt
1791254136,2026-10-06T11:35:36+09:00,18943.0,E_FIO-Fast,1,1,6765550911488,1651745828,2914256623,2.764349316703708,active_cumulative,/home/oy/iCAT/result/mixU-onlinev4-after-v6-20261005/mixU-onlinev4-rep1/control-series.txt
1791254166,2026-10-06T11:36:06+09:00,18973.0,E_FIO-Fast,1,1,6770468098048,1652946313,2919133002,2.766018036424877,active_cumulative,/home/oy/iCAT/result/mixU-onlinev4-after-v6-20261005/mixU-onlinev4-rep1/control-series.txt
1791254196,2026-10-06T11:36:36+09:00,19003.0,E_FIO-Fast,1,1,6775384748032,1654146667,2923924329,2.7676330565674077,active_cumulative,/home/oy/iCAT/result/mixU-onlinev4-after-v6-20261005/mixU-onlinev4-rep1/control-series.txt
1791254226,2026-10-06T11:37:06+09:00,19033.0,E_FIO-Fast,1,1,6780301533184,1655347054,2928802778,2.769298329871556,active_cumulative,/home/oy/iCAT/result/mixU-onlinev4-after-v6-20261005/mixU-onlinev4-rep1/control-series.txt
1791254256,2026-10-06T11:37:36+09:00,19063.0,E_FIO-Fast,1,1,6785218363392,1656547452,2933532403,2.7708713381305543,active_cumulative,/home/oy/iCAT/result/mixU-onlinev4-after-v6-20261005/mixU-onlinev4-rep1/control-series.txt
1791254286,2026-10-06T11:38:06+09:00,19093.0,E_FIO-Fast,1,1,6790135259136,1657747866,2938371123,2.772507860372055,active_cumulative,/home/oy/iCAT/result/mixU-onlinev4-after-v6-20261005/mixU-onlinev4-rep1/control-series.txt
1791254316,2026-10-06T11:38:36+09:00,19123.0,E_FIO-Fast,1,1,6795052314624,1658948319,2943136199,2.7740975805527794,active_cumulative,/home/oy/iCAT/result/mixU-onlinev4-after-v6-20261005/mixU-onlinev4-rep1/control-series.txt
1791254346,2026-10-06T11:39:06+09:00,19153.0,E_FIO-Fast,1,1,6799968944128,1660148668,2948043988,2.775771076906951,active_cumulative,/home/oy/iCAT/result/mixU-onlinev4-after-v6-20261005/mixU-onlinev4-rep1/control-series.txt
1791254376,2026-10-06T11:39:36+09:00,19183.0,E_FIO-Fast,1,1,6804885594112,1661349022,2952833802,2.777371138091897,active_cumulative,/home/oy/iCAT/result/mixU-onlinev4-after-v6-20261005/mixU-onlinev4-rep1/control-series.txt
1791254406,2026-10-06T11:40:06+09:00,19213.0,E_FIO-Fast,1,1,6809802436608,1662549423,2957729894,2.7790327632263114,active_cumulative,/home/oy/iCAT/result/mixU-onlinev4-after-v6-20261005/mixU-onlinev4-rep1/control-series.txt
1791254436,2026-10-06T11:40:36+09:00,19243.0,E_FIO-Fast,1,1,6814719512576,1663749881,2962491111,2.7806108627454202,active_cumulative,/home/oy/iCAT/result/mixU-onlinev4-after-v6-20261005/mixU-onlinev4-rep1/control-series.txt
1791254466,2026-10-06T11:41:06+09:00,19273.0,E_FIO-Fast,1,1,6819636191232,1664950242,2967378369,2.782262492983259,active_cumulative,/home/oy/iCAT/result/mixU-onlinev4-after-v6-20261005/mixU-onlinev4-rep1/control-series.txt
1791254496,2026-10-06T11:41:36+09:00,19303.0,E_FIO-Fast,1,1,6824552824832,1666150592,2972127908,2.7838290982043477,active_cumulative,/home/oy/iCAT/result/mixU-onlinev4-after-v6-20261005/mixU-onlinev4-rep1/control-series.txt
1791254526,2026-10-06T11:42:06+09:00,19333.0,E_FIO-Fast,1,1,6829469667328,1667350993,2976998395,2.7854659321872006,active_cumulative,/home/oy/iCAT/result/mixU-onlinev4-after-v6-20261005/mixU-onlinev4-rep1/control-series.txt
1791254556,2026-10-06T11:42:36+09:00,19363.0,E_FIO-Fast,1,1,6834386743296,1668551451,2981692097,2.7869943987720642,active_cumulative,/home/oy/iCAT/result/mixU-onlinev4-after-v6-20261005/mixU-onlinev4-rep1/control-series.txt
1791254586,2026-10-06T11:43:06+09:00,19393.0,E_FIO-Fast,1,1,6839303290880,1669751780,2986566651,2.788629116478618,active_cumulative,/home/oy/iCAT/result/mixU-onlinev4-after-v6-20261005/mixU-onlinev4-rep1/control-series.txt
1791254616,2026-10-06T11:43:36+09:00,19423.0,E_FIO-Fast,1,1,6844220375040,1670952240,2991323682,2.7901910122817153,active_cumulative,/home/oy/iCAT/result/mixU-onlinev4-after-v6-20261005/mixU-onlinev4-rep1/control-series.txt
1791254646,2026-10-06T11:44:06+09:00,19453.0,E_FIO-Fast,1,1,6849137655808,1672152748,2996250221,2.7918519851632597,active_cumulative,/home/oy/iCAT/result/mixU-onlinev4-after-v6-20261005/mixU-onlinev4-rep1/control-series.txt
1791254676,2026-10-06T11:44:36+09:00,19483.0,E_FIO-Fast,1,1,6854054375424,1673353119,3001049094,2.79343442811009,active_cumulative,/home/oy/iCAT/result/mixU-onlinev4-after-v6-20261005/mixU-onlinev4-rep1/control-series.txt
1791254706,2026-10-06T11:45:06+09:00,19513.0,E_FIO-Fast,1,1,6858971140096,1674553501,3005958655,2.7950806905870245,active_cumulative,/home/oy/iCAT/result/mixU-onlinev4-after-v6-20261005/mixU-onlinev4-rep1/control-series.txt
1791254736,2026-10-06T11:45:36+09:00,19543.0,E_FIO-Fast,1,1,6863888019456,1675753911,3010711064,2.7966307846498593,active_cumulative,/home/oy/iCAT/result/mixU-onlinev4-after-v6-20261005/mixU-onlinev4-rep1/control-series.txt
1791254766,2026-10-06T11:46:06+09:00,19573.0,E_FIO-Fast,1,1,6868805046272,1676954357,3015614251,2.798268532719522,active_cumulative,/home/oy/iCAT/result/mixU-onlinev4-after-v6-20261005/mixU-onlinev4-rep1/control-series.txt
1791254796,2026-10-06T11:46:36+09:00,19603.0,E_FIO-Fast,1,1,6873722327040,1678154865,3020317677,2.7997848351141297,active_cumulative,/home/oy/iCAT/result/mixU-onlinev4-after-v6-20261005/mixU-onlinev4-rep1/control-series.txt
1791254826,2026-10-06T11:47:06+09:00,19633.0,E_FIO-Fast,1,1,6878639058944,1679355239,3025165865,2.801385314283704,active_cumulative,/home/oy/iCAT/result/mixU-onlinev4-after-v6-20261005/mixU-onlinev4-rep1/control-series.txt
1791254856,2026-10-06T11:47:36+09:00,19663.0,E_FIO-Fast,1,1,6883556077568,1680555683,3029922841,2.802929157093571,active_cumulative,/home/oy/iCAT/result/mixU-onlinev4-after-v6-20261005/mixU-onlinev4-rep1/control-series.txt
1791254886,2026-10-06T11:48:06+09:00,19693.0,E_FIO-Fast,1,1,6888472788992,1681756052,3034839301,2.8045657082017743,active_cumulative,/home/oy/iCAT/result/mixU-onlinev4-after-v6-20261005/mixU-onlinev4-rep1/control-series.txt
1791254916,2026-10-06T11:48:36+09:00,19723.0,E_FIO-Fast,1,1,6893389537280,1682956430,3039619669,2.806119050271551,active_cumulative,/home/oy/iCAT/result/mixU-onlinev4-after-v6-20261005/mixU-onlinev4-rep1/control-series.txt
1791254946,2026-10-06T11:49:06+09:00,19753.0,E_FIO-Fast,1,1,6898306232320,1684156795,3044524312,2.8077439826497868,active_cumulative,/home/oy/iCAT/result/mixU-onlinev4-after-v6-20261005/mixU-onlinev4-rep1/control-series.txt
1791254976,2026-10-06T11:49:36+09:00,19783.0,E_FIO-Fast,1,1,6903222726656,1685357111,3049272230,2.8092736608152595,active_cumulative,/home/oy/iCAT/result/mixU-onlinev4-after-v6-20261005/mixU-onlinev4-rep1/control-series.txt
1791255006,2026-10-06T11:50:06+09:00,19813.0,E_FIO-Fast,1,1,6908139327488,1686557453,3054194390,2.8109044459572288,active_cumulative,/home/oy/iCAT/result/mixU-onlinev4-after-v6-20261005/mixU-onlinev4-rep1/control-series.txt
1791255036,2026-10-06T11:50:36+09:00,19843.0,E_FIO-Fast,1,1,6913056210944,1687757864,3058963947,2.812442419761701,active_cumulative,/home/oy/iCAT/result/mixU-onlinev4-after-v6-20261005/mixU-onlinev4-rep1/control-series.txt
1791255066,2026-10-06T11:51:06+09:00,19873.0,E_FIO-Fast,1,1,6917973147648,1688958288,3063790091,2.8140116974872265,active_cumulative,/home/oy/iCAT/result/mixU-onlinev4-after-v6-20261005/mixU-onlinev4-rep1/control-series.txt
1791255097,2026-10-06T11:51:37+09:00,19904.0,E_FIO-Fast,1,1,6922889711616,1690158621,3068527736,2.8155264824697186,active_cumulative,/home/oy/iCAT/result/mixU-onlinev4-after-v6-20261005/mixU-onlinev4-rep1/control-series.txt
1791255127,2026-10-06T11:52:07+09:00,19934.0,E_FIO-Fast,1,1,6927806369792,1691358977,3073439077,2.8171417888184953,active_cumulative,/home/oy/iCAT/result/mixU-onlinev4-after-v6-20261005/mixU-onlinev4-rep1/control-series.txt
1791255157,2026-10-06T11:52:37+09:00,19964.0,E_FIO-Fast,1,1,6932723208192,1692559377,3078216203,2.818675459679309,active_cumulative,/home/oy/iCAT/result/mixU-onlinev4-after-v6-20261005/mixU-onlinev4-rep1/control-series.txt
1791255187,2026-10-06T11:53:07+09:00,19994.0,E_FIO-Fast,1,1,6937639976960,1693759760,3083123987,2.8202841157355163,active_cumulative,/home/oy/iCAT/result/mixU-onlinev4-after-v6-20261005/mixU-onlinev4-rep1/control-series.txt
1791255217,2026-10-06T11:53:37+09:00,20024.0,E_FIO-Fast,1,1,6942556848128,1694960168,3087881973,2.821802087917856,active_cumulative,/home/oy/iCAT/result/mixU-onlinev4-after-v6-20261005/mixU-onlinev4-rep1/control-series.txt
1791255247,2026-10-06T11:54:07+09:00,20054.0,E_FIO-Fast,1,1,6947473608704,1696160549,3092794881,2.8234092773961814,active_cumulative,/home/oy/iCAT/result/mixU-onlinev4-after-v6-20261005/mixU-onlinev4-rep1/control-series.txt
1791255277,2026-10-06T11:54:37+09:00,20084.0,E_FIO-Fast,1,1,6952390258688,1697360903,3097553123,2.8249231012245133,active_cumulative,/home/oy/iCAT/result/mixU-onlinev4-after-v6-20261005/mixU-onlinev4-rep1/control-series.txt
1791255307,2026-10-06T11:55:07+09:00,20114.0,E_FIO-Fast,1,1,6957307203584,1698561329,3102430820,2.8265050351914613,active_cumulative,/home/oy/iCAT/result/mixU-onlinev4-after-v6-20261005/mixU-onlinev4-rep1/control-series.txt
1791255337,2026-10-06T11:55:37+09:00,20144.0,E_FIO-Fast,1,1,6962224005120,1699761720,3107109451,2.827967658313896,active_cumulative,/home/oy/iCAT/result/mixU-onlinev4-after-v6-20261005/mixU-onlinev4-rep1/control-series.txt
1791255367,2026-10-06T11:56:07+09:00,20174.0,E_FIO-Fast,1,1,6967140892672,1700962132,3112027211,2.8295687790185324,active_cumulative,/home/oy/iCAT/result/mixU-onlinev4-after-v6-20261005/mixU-onlinev4-rep1/control-series.txt
1791255397,2026-10-06T11:56:37+09:00,20204.0,E_FIO-Fast,1,1,6972057571328,1702162493,3116813398,2.8310903987237603,active_cumulative,/home/oy/iCAT/result/mixU-onlinev4-after-v6-20261005/mixU-onlinev4-rep1/control-series.txt
1791255427,2026-10-06T11:57:07+09:00,20234.0,E_FIO-Fast,1,1,6976974266368,1703362858,3121736499,2.8326902481984257,active_cumulative,/home/oy/iCAT/result/mixU-onlinev4-after-v6-20261005/mixU-onlinev4-rep1/control-series.txt
1791255457,2026-10-06T11:57:37+09:00,20264.0,E_FIO-Fast,1,1,6981890994176,1704563231,3126509577,2.8341998232390595,active_cumulative,/home/oy/iCAT/result/mixU-onlinev4-after-v6-20261005/mixU-onlinev4-rep1/control-series.txt
1791255487,2026-10-06T11:58:07+09:00,20294.0,E_FIO-Fast,1,1,6986808025088,1705763678,3131419406,2.8357873639750464,active_cumulative,/home/oy/iCAT/result/mixU-onlinev4-after-v6-20261005/mixU-onlinev4-rep1/control-series.txt
1791255517,2026-10-06T11:58:37+09:00,20324.0,E_FIO-Fast,1,1,6991724625920,1706964020,3136190393,2.8372914462485275,active_cumulative,/home/oy/iCAT/result/mixU-onlinev4-after-v6-20261005/mixU-onlinev4-rep1/control-series.txt
1791255547,2026-10-06T11:59:07+09:00,20354.0,E_FIO-Fast,1,1,6996641353728,1708164393,3141071234,2.838857692428202,active_cumulative,/home/oy/iCAT/result/mixU-onlinev4-after-v6-20261005/mixU-onlinev4-rep1/control-series.txt
1791255577,2026-10-06T11:59:37+09:00,20384.0,E_FIO-Fast,1,1,7001558142976,1709364781,3145790652,2.840327288222045,active_cumulative,/home/oy/iCAT/result/mixU-onlinev4-after-v6-20261005/mixU-onlinev4-rep1/control-series.txt
1791255607,2026-10-06T12:00:07+09:00,20414.0,E_FIO-Fast,1,1,7006474878976,1710565156,3150620140,2.8418591825916977,active_cumulative,/home/oy/iCAT/result/mixU-onlinev4-after-v6-20261005/mixU-onlinev4-rep1/control-series.txt
1791255637,2026-10-06T12:00:37+09:00,20444.0,E_FIO-Fast,1,1,7011391721472,1711765557,3155384552,2.8433508835929917,active_cumulative,/home/oy/iCAT/result/mixU-onlinev4-after-v6-20261005/mixU-onlinev4-rep1/control-series.txt
1791255667,2026-10-06T12:01:07+09:00,20474.0,E_FIO-Fast,1,1,7016308572160,1712965960,3160290778,2.8449232803201765,active_cumulative,/home/oy/iCAT/result/mixU-onlinev4-after-v6-20261005/mixU-onlinev4-rep1/control-series.txt
1791255697,2026-10-06T12:01:37+09:00,20504.0,E_FIO-Fast,1,1,7021225410560,1714166360,3165064976,2.8464164563350782,active_cumulative,/home/oy/iCAT/result/mixU-onlinev4-after-v6-20261005/mixU-onlinev4-rep1/control-series.txt
1791255727,2026-10-06T12:02:07+09:00,20534.0,E_FIO-Fast,1,1,7026142072832,1715366717,3170012062,2.8480083766251596,active_cumulative,/home/oy/iCAT/result/mixU-onlinev4-after-v6-20261005/mixU-onlinev4-rep1/control-series.txt
1791255757,2026-10-06T12:02:37+09:00,20564.0,E_FIO-Fast,1,1,7031058690048,1716567063,3174786178,2.8494973173092975,active_cumulative,/home/oy/iCAT/result/mixU-onlinev4-after-v6-20261005/mixU-onlinev4-rep1/control-series.txt
1791255787,2026-10-06T12:03:07+09:00,20594.0,E_FIO-Fast,1,1,7035975368704,1717767424,3179679078,2.8510533111611736,active_cumulative,/home/oy/iCAT/result/mixU-onlinev4-after-v6-20261005/mixU-onlinev4-rep1/control-series.txt
1791255817,2026-10-06T12:03:37+09:00,20624.0,E_FIO-Fast,1,1,7040892239872,1718967832,3184456636,2.852539981678959,active_cumulative,/home/oy/iCAT/result/mixU-onlinev4-after-v6-20261005/mixU-onlinev4-rep1/control-series.txt
1791255847,2026-10-06T12:04:07+09:00,20654.0,E_FIO-Fast,1,1,7045809057792,1720168227,3189289988,2.8540570264817475,active_cumulative,/home/oy/iCAT/result/mixU-onlinev4-after-v6-20261005/mixU-onlinev4-rep1/control-series.txt
1791255877,2026-10-06T12:04:37+09:00,20684.0,E_FIO-Fast,1,1,7050725797888,1721368603,3194026881,2.8555159397199716,active_cumulative,/home/oy/iCAT/result/mixU-onlinev4-after-v6-20261005/mixU-onlinev4-rep1/control-series.txt
1791255907,2026-10-06T12:05:07+09:00,20714.0,E_FIO-Fast,1,1,7055642628096,1722569001,3198912314,2.857059027616857,active_cumulative,/home/oy/iCAT/result/mixU-onlinev4-after-v6-20261005/mixU-onlinev4-rep1/control-series.txt
1791255937,2026-10-06T12:05:37+09:00,20744.0,E_FIO-Fast,1,1,7060559323136,1723769366,3203703829,2.858545517857869,active_cumulative,/home/oy/iCAT/result/mixU-onlinev4-after-v6-20261005/mixU-onlinev4-rep1/control-series.txt
1791255967,2026-10-06T12:06:07+09:00,20774.0,E_FIO-Fast,1,1,7065476296704,1724969799,3208604448,2.8600931157519938,active_cumulative,/home/oy/iCAT/result/mixU-onlinev4-after-v6-20261005/mixU-onlinev4-rep1/control-series.txt
1791255997,2026-10-06T12:06:37+09:00,20804.0,E_FIO-Fast,1,1,7070393004032,1726170167,3213403044,2.8615795275762057,active_cumulative,/home/oy/iCAT/result/mixU-onlinev4-after-v6-20261005/mixU-onlinev4-rep1/control-series.txt
1791256027,2026-10-06T12:07:07+09:00,20834.0,E_FIO-Fast,1,1,7075309686784,1727370529,3218281483,2.8631101023027816,active_cumulative,/home/oy/iCAT/result/mixU-onlinev4-after-v6-20261005/mixU-onlinev4-rep1/control-series.txt
1791256057,2026-10-06T12:07:37+09:00,20864.0,E_FIO-Fast,1,1,7080226578432,1728570942,3223061709,2.86458167882357,active_cumulative,/home/oy/iCAT/result/mixU-onlinev4-after-v6-20261005/mixU-onlinev4-rep1/control-series.txt
1791256087,2026-10-06T12:08:07+09:00,20894.0,E_FIO-Fast,1,1,7085143441408,1729771348,3227983116,2.8661328387317004,active_cumulative,/home/oy/iCAT/result/mixU-onlinev4-after-v6-20261005/mixU-onlinev4-rep1/control-series.txt
1791256117,2026-10-06T12:08:37+09:00,20924.0,E_FIO-Fast,1,1,7090060398592,1730971777,3232717533,2.867573796380852,active_cumulative,/home/oy/iCAT/result/mixU-onlinev4-after-v6-20261005/mixU-onlinev4-rep1/control-series.txt
1791256147,2026-10-06T12:09:07+09:00,20954.0,E_FIO-Fast,1,1,7094977445888,1732172228,3237583195,2.8690885020932226,active_cumulative,/home/oy/iCAT/result/mixU-onlinev4-after-v6-20261005/mixU-onlinev4-rep1/control-series.txt
1791256177,2026-10-06T12:09:37+09:00,20984.0,E_FIO-Fast,1,1,7099894124544,1733372589,3242378153,2.8705604170598775,active_cumulative,/home/oy/iCAT/result/mixU-onlinev4-after-v6-20261005/mixU-onlinev4-rep1/control-series.txt
1791256207,2026-10-06T12:10:07+09:00,21014.0,E_FIO-Fast,1,1,7104810975232,1734572992,3247263778,2.8720825200073214,active_cumulative,/home/oy/iCAT/result/mixU-onlinev4-after-v6-20261005/mixU-onlinev4-rep1/control-series.txt
1791256237,2026-10-06T12:10:37+09:00,21044.0,E_FIO-Fast,1,1,7109727768576,1735773381,3252061199,2.8735517174059027,active_cumulative,/home/oy/iCAT/result/mixU-onlinev4-after-v6-20261005/mixU-onlinev4-rep1/control-series.txt
1791256267,2026-10-06T12:11:07+09:00,21074.0,E_FIO-Fast,1,1,7114644955136,1736973866,3256922686,2.875055664193856,active_cumulative,/home/oy/iCAT/result/mixU-onlinev4-after-v6-20261005/mixU-onlinev4-rep1/control-series.txt
1791256297,2026-10-06T12:11:37+09:00,21104.0,E_FIO-Fast,1,1,7119561773056,1738174261,3261726557,2.876524483295176,active_cumulative,/home/oy/iCAT/result/mixU-onlinev4-after-v6-20261005/mixU-onlinev4-rep1/control-series.txt
1791256327,2026-10-06T12:12:07+09:00,21134.0,E_FIO-Fast,1,1,7124478365696,1739374601,3266593233,2.8780274422323817,active_cumulative,/home/oy/iCAT/result/mixU-onlinev4-after-v6-20261005/mixU-onlinev4-rep1/control-series.txt
1791256357,2026-10-06T12:12:37+09:00,21164.0,E_FIO-Fast,1,1,7129395462144,1740575064,3271389612,2.8794878081741837,active_cumulative,/home/oy/iCAT/result/mixU-onlinev4-after-v6-20261005/mixU-onlinev4-rep1/control-series.txt
1791256387,2026-10-06T12:13:07+09:00,21194.0,E_FIO-Fast,1,1,7134312194048,1741775438,3276154834,2.8809283691368712,active_cumulative,/home/oy/iCAT/result/mixU-onlinev4-after-v6-20261005/mixU-onlinev4-rep1/control-series.txt
1791256417,2026-10-06T12:13:37+09:00,21224.0,E_FIO-Fast,1,1,7139229024256,1742975836,3280978604,2.882400510800885,active_cumulative,/home/oy/iCAT/result/mixU-onlinev4-after-v6-20261005/mixU-onlinev4-rep1/control-series.txt
1791256447,2026-10-06T12:14:07+09:00,21254.0,E_FIO-Fast,1,1,7144145874944,1744176239,3285888230,2.8839198450977177,active_cumulative,/home/oy/iCAT/result/mixU-onlinev4-after-v6-20261005/mixU-onlinev4-rep1/control-series.txt
1791256477,2026-10-06T12:14:37+09:00,21284.0,E_FIO-Fast,1,1,7149062742016,1745376646,3290716745,2.8853906132762592,active_cumulative,/home/oy/iCAT/result/mixU-onlinev4-after-v6-20261005/mixU-onlinev4-rep1/control-series.txt
1791256507,2026-10-06T12:15:07+09:00,21314.0,E_FIO-Fast,1,1,7153979539456,1746577036,3295570581,2.886873875627894,active_cumulative,/home/oy/iCAT/result/mixU-onlinev4-after-v6-20261005/mixU-onlinev4-rep1/control-series.txt
1791256537,2026-10-06T12:15:37+09:00,21344.0,E_FIO-Fast,1,1,7158896414720,1747777445,3300402504,2.888342542376727,active_cumulative,/home/oy/iCAT/result/mixU-onlinev4-after-v6-20261005/mixU-onlinev4-rep1/control-series.txt
1791256567,2026-10-06T12:16:07+09:00,21374.0,E_FIO-Fast,1,1,7163813011456,1748977786,3305262576,2.889825361109532,active_cumulative,/home/oy/iCAT/result/mixU-onlinev4-after-v6-20261005/mixU-onlinev4-rep1/control-series.txt
1791256597,2026-10-06T12:16:37+09:00,21404.0,E_FIO-Fast,1,1,7168729800704,1750178174,3310082264,2.89128302087945,active_cumulative,/home/oy/iCAT/result/mixU-onlinev4-after-v6-20261005/mixU-onlinev4-rep1/control-series.txt
1791256627,2026-10-06T12:17:07+09:00,21434.0,E_FIO-Fast,1,1,7173646319616,1751378496,3314877855,2.892724994951634,active_cumulative,/home/oy/iCAT/result/mixU-onlinev4-after-v6-20261005/mixU-onlinev4-rep1/control-series.txt
1791256657,2026-10-06T12:17:37+09:00,21464.0,E_FIO-Fast,1,1,7178562859008,1752578823,3319640653,2.8941462771514956,active_cumulative,/home/oy/iCAT/result/mixU-onlinev4-after-v6-20261005/mixU-onlinev4-rep1/control-series.txt
1791256687,2026-10-06T12:18:07+09:00,21494.0,E_FIO-Fast,1,1,7183479705600,1753779225,3324464145,2.8956001403198286,active_cumulative,/home/oy/iCAT/result/mixU-onlinev4-after-v6-20261005/mixU-onlinev4-rep1/control-series.txt
1791256717,2026-10-06T12:18:37+09:00,21524.0,E_FIO-Fast,1,1,7188396302336,1754979566,3329320040,2.8970705440111093,active_cumulative,/home/oy/iCAT/result/mixU-onlinev4-after-v6-20261005/mixU-onlinev4-rep1/control-series.txt
1791256747,2026-10-06T12:19:07+09:00,21554.0,E_FIO-Fast,1,1,7193313054720,1756179945,3334126900,2.8985109751950846,active_cumulative,/home/oy/iCAT/result/mixU-onlinev4-after-v6-20261005/mixU-onlinev4-rep1/control-series.txt
1791256777,2026-10-06T12:19:37+09:00,21584.0,E_FIO-Fast,1,1,7198229917696,1757380351,3339021027,2.899999066849701,active_cumulative,/home/oy/iCAT/result/mixU-onlinev4-after-v6-20261005/mixU-onlinev4-rep1/control-series.txt
1791256807,2026-10-06T12:20:07+09:00,21614.0,E_FIO-Fast,1,1,7203146784768,1758580758,3343868942,2.901458847873963,active_cumulative,/home/oy/iCAT/result/mixU-onlinev4-after-v6-20261005/mixU-onlinev4-rep1/control-series.txt
1791256837,2026-10-06T12:20:37+09:00,21644.0,E_FIO-Fast,1,1,7208063737856,1759781186,3348734873,2.9029268522933283,active_cumulative,/home/oy/iCAT/result/mixU-onlinev4-after-v6-20261005/mixU-onlinev4-rep1/control-series.txt
1791256867,2026-10-06T12:21:07+09:00,21674.0,E_FIO-Fast,1,1,7212980494336,1760981566,3353538539,2.9043575490783984,active_cumulative,/home/oy/iCAT/result/mixU-onlinev4-after-v6-20261005/mixU-onlinev4-rep1/control-series.txt
1791256897,2026-10-06T12:21:37+09:00,21704.0,E_FIO-Fast,1,1,7217897410560,1762181985,3358335925,2.9057826907701587,active_cumulative,/home/oy/iCAT/result/mixU-onlinev4-after-v6-20261005/mixU-onlinev4-rep1/control-series.txt
1791256927,2026-10-06T12:22:07+09:00,21734.0,E_FIO-Fast,1,1,7222814121984,1763382354,3363087387,2.907179903083004,active_cumulative,/home/oy/iCAT/result/mixU-onlinev4-after-v6-20261005/mixU-onlinev4-rep1/control-series.txt
1791256957,2026-10-06T12:22:37+09:00,21764.0,E_FIO-Fast,1,1,7227730976768,1764582758,3367930233,2.9086269644940055,active_cumulative,/home/oy/iCAT/result/mixU-onlinev4-after-v6-20261005/mixU-onlinev4-rep1/control-series.txt
1791256987,2026-10-06T12:23:07+09:00,21794.0,E_FIO-Fast,1,1,7232647774208,1765783148,3372738485,2.910052482276833,active_cumulative,/home/oy/iCAT/result/mixU-onlinev4-after-v6-20261005/mixU-onlinev4-rep1/control-series.txt
1791257017,2026-10-06T12:23:37+09:00,21824.0,E_FIO-Fast,1,1,7237564436480,1766983505,3377611257,2.9115126131299114,active_cumulative,/home/oy/iCAT/result/mixU-onlinev4-after-v6-20261005/mixU-onlinev4-rep1/control-series.txt
1791257047,2026-10-06T12:24:07+09:00,21854.0,E_FIO-Fast,1,1,7242481205248,1768183888,3382420866,2.9129350114290826,active_cumulative,/home/oy/iCAT/result/mixU-onlinev4-after-v6-20261005/mixU-onlinev4-rep1/control-series.txt
1791257077,2026-10-06T12:24:37+09:00,21884.0,E_FIO-Fast,1,1,7247397871616,1769384246,3387296975,2.9143930905102,active_cumulative,/home/oy/iCAT/result/mixU-onlinev4-after-v6-20261005/mixU-onlinev4-rep1/control-series.txt
1791257107,2026-10-06T12:25:07+09:00,21914.0,E_FIO-Fast,1,1,7252314537984,1770584604,3392055118,2.915782567145828,active_cumulative,/home/oy/iCAT/result/mixU-onlinev4-after-v6-20261005/mixU-onlinev4-rep1/control-series.txt
1791257137,2026-10-06T12:25:37+09:00,21944.0,E_FIO-Fast,1,1,7257231491072,1771785032,3396978946,2.9172635983754036,active_cumulative,/home/oy/iCAT/result/mixU-onlinev4-after-v6-20261005/mixU-onlinev4-rep1/control-series.txt
1791257167,2026-10-06T12:26:07+09:00,21974.0,E_FIO-Fast,1,1,7262148308992,1772985427,3401694854,2.918625388678956,active_cumulative,/home/oy/iCAT/result/mixU-onlinev4-after-v6-20261005/mixU-onlinev4-rep1/control-series.txt
1791257197,2026-10-06T12:26:37+09:00,22004.0,E_FIO-Fast,1,1,7267065147392,1774185827,3406574252,2.9200774801364706,active_cumulative,/home/oy/iCAT/result/mixU-onlinev4-after-v6-20261005/mixU-onlinev4-rep1/control-series.txt
1791257227,2026-10-06T12:27:07+09:00,22034.0,E_FIO-Fast,1,1,7271981809664,1775386184,3411365402,2.92147794814652,active_cumulative,/home/oy/iCAT/result/mixU-onlinev4-after-v6-20261005/mixU-onlinev4-rep1/control-series.txt
1791257257,2026-10-06T12:27:37+09:00,22064.0,E_FIO-Fast,1,1,7276898648064,1776586584,3416281285,2.922946686509482,active_cumulative,/home/oy/iCAT/result/mixU-onlinev4-after-v6-20261005/mixU-onlinev4-rep1/control-series.txt
1791257287,2026-10-06T12:28:07+09:00,22094.0,E_FIO-Fast,1,1,7281815265280,1777786930,3421072170,2.9243431888657208,active_cumulative,/home/oy/iCAT/result/mixU-onlinev4-after-v6-20261005/mixU-onlinev4-rep1/control-series.txt
1791257317,2026-10-06T12:28:37+09:00,22124.0,E_FIO-Fast,1,1,7286731771904,1778987249,3425975657,2.9258011314728654,active_cumulative,/home/oy/iCAT/result/mixU-onlinev4-after-v6-20261005/mixU-onlinev4-rep1/control-series.txt
1791257347,2026-10-06T12:29:07+09:00,22154.0,E_FIO-Fast,1,1,7291648643072,1780187657,3430750373,2.9271846760141873,active_cumulative,/home/oy/iCAT/result/mixU-onlinev4-after-v6-20261005/mixU-onlinev4-rep1/control-series.txt
1791257377,2026-10-06T12:29:37+09:00,22184.0,E_FIO-Fast,1,1,7296565379072,1781388032,3435648800,2.928635838056422,active_cumulative,/home/oy/iCAT/result/mixU-onlinev4-after-v6-20261005/mixU-onlinev4-rep1/control-series.txt
1791257407,2026-10-06T12:30:07+09:00,22214.0,E_FIO-Fast,1,1,7301482143744,1782588414,3440412692,2.9300095664146957,active_cumulative,/home/oy/iCAT/result/mixU-onlinev4-after-v6-20261005/mixU-onlinev4-rep1/control-series.txt
1791257437,2026-10-06T12:30:37+09:00,22244.0,E_FIO-Fast,1,1,7306398846976,1783788781,3445247164,2.931421029606756,active_cumulative,/home/oy/iCAT/result/mixU-onlinev4-after-v6-20261005/mixU-onlinev4-rep1/control-series.txt
1791257467,2026-10-06T12:31:07+09:00,22274.0,E_FIO-Fast,1,1,7311315578880,1784989155,3449996854,2.932783089654122,active_cumulative,/home/oy/iCAT/result/mixU-onlinev4-after-v6-20261005/mixU-onlinev4-rep1/control-series.txt
1791257497,2026-10-06T12:31:37+09:00,22304.0,E_FIO-Fast,1,1,7316232286208,1786189523,3454942080,2.9342527965326104,active_cumulative,/home/oy/iCAT/result/mixU-onlinev4-after-v6-20261005/mixU-onlinev4-rep1/control-series.txt
1791257527,2026-10-06T12:32:07+09:00,22334.0,E_FIO-Fast,1,1,7321149300736,1787389966,3459744985,2.9356408231061986,active_cumulative,/home/oy/iCAT/result/mixU-onlinev4-after-v6-20261005/mixU-onlinev4-rep1/control-series.txt
1791257557,2026-10-06T12:32:37+09:00,22364.0,E_FIO-Fast,1,1,7326066032640,1788590340,3464666064,2.9370931322373126,active_cumulative,/home/oy/iCAT/result/mixU-onlinev4-after-v6-20261005/mixU-onlinev4-rep1/control-series.txt
1791257587,2026-10-06T12:33:07+09:00,22394.0,E_FIO-Fast,1,1,7330982809600,1789790725,3469448268,2.938465888518894,active_cumulative,/home/oy/iCAT/result/mixU-onlinev4-after-v6-20261005/mixU-onlinev4-rep1/control-series.txt
1791257617,2026-10-06T12:33:37+09:00,22424.0,E_FIO-Fast,1,1,7335899803648,1790991163,3474355308,2.939906449443492,active_cumulative,/home/oy/iCAT/result/mixU-onlinev4-after-v6-20261005/mixU-onlinev4-rep1/control-series.txt
1791257647,2026-10-06T12:34:07+09:00,22454.0,E_FIO-Fast,1,1,7340816773120,1792191595,3479118316,2.941264720639425,active_cumulative,/home/oy/iCAT/result/mixU-onlinev4-after-v6-20261005/mixU-onlinev4-rep1/control-series.txt
1791257677,2026-10-06T12:34:37+09:00,22484.0,E_FIO-Fast,1,1,7345733197824,1793391894,3483977722,2.942675069323136,active_cumulative,/home/oy/iCAT/result/mixU-onlinev4-after-v6-20261005/mixU-onlinev4-rep1/control-series.txt
1791257707,2026-10-06T12:35:07+09:00,22514.0,F_Varmail,1,1,7350836940800,1794637925,3488823614,2.944026460936403,active_cumulative,/home/oy/iCAT/result/mixU-onlinev4-after-v6-20261005/mixU-onlinev4-rep1/control-series.txt
1791257737,2026-10-06T12:35:37+09:00,22544.0,F_Varmail,1,1,7362394030080,1797459480,3497361381,2.9457247408993052,active_cumulative,/home/oy/iCAT/result/mixU-onlinev4-after-v6-20261005/mixU-onlinev4-rep1/control-series.txt
1791257767,2026-10-06T12:36:07+09:00,22574.0,F_Varmail,1,1,7373938204672,1800277882,3505994517,2.947474082781627,active_cumulative,/home/oy/iCAT/result/mixU-onlinev4-after-v6-20261005/mixU-onlinev4-rep1/control-series.txt
1791257797,2026-10-06T12:36:37+09:00,22604.0,F_Varmail,1,1,7385458012160,1803090335,3514311259,2.9490489138471254,active_cumulative,/home/oy/iCAT/result/mixU-onlinev4-after-v6-20261005/mixU-onlinev4-rep1/control-series.txt
1791257827,2026-10-06T12:37:07+09:00,22634.0,F_Varmail,1,1,7396871655424,1805876869,3522311979,2.950471839727629,active_cumulative,/home/oy/iCAT/result/mixU-onlinev4-after-v6-20261005/mixU-onlinev4-rep1/control-series.txt
1791257857,2026-10-06T12:37:37+09:00,22664.0,F_Varmail,1,1,7408814608384,1808792629,3529922726,2.9515353332413428,active_cumulative,/home/oy/iCAT/result/mixU-onlinev4-after-v6-20261005/mixU-onlinev4-rep1/control-series.txt
1791257887,2026-10-06T12:38:07+09:00,22694.0,F_Varmail,1,1,7420958748672,1811757507,3537458526,2.9525011003583495,active_cumulative,/home/oy/iCAT/result/mixU-onlinev4-after-v6-20261005/mixU-onlinev4-rep1/control-series.txt
1791257917,2026-10-06T12:38:37+09:00,22724.0,F_Varmail,1,1,7433976152064,1814935584,3545069153,2.9532754684256606,active_cumulative,/home/oy/iCAT/result/mixU-onlinev4-after-v6-20261005/mixU-onlinev4-rep1/control-series.txt
1791257947,2026-10-06T12:39:07+09:00,22754.0,F_Varmail,1,1,7447630438400,1818269150,3552515999,2.9537899540340327,active_cumulative,/home/oy/iCAT/result/mixU-onlinev4-after-v6-20261005/mixU-onlinev4-rep1/control-series.txt
1791257977,2026-10-06T12:39:37+09:00,22784.0,F_Varmail,1,1,7462103830528,1821802693,3560023764,2.954121474119481,active_cumulative,/home/oy/iCAT/result/mixU-onlinev4-after-v6-20261005/mixU-onlinev4-rep1/control-series.txt
1791258007,2026-10-06T12:40:07+09:00,22814.0,F_Varmail,1,1,7476810555392,1825393202,3567413315,2.954325956233072,active_cumulative,/home/oy/iCAT/result/mixU-onlinev4-after-v6-20261005/mixU-onlinev4-rep1/control-series.txt
1791258037,2026-10-06T12:40:37+09:00,22844.0,F_Varmail,1,1,7491625369600,1829010100,3574732789,2.954463121335415,active_cumulative,/home/oy/iCAT/result/mixU-onlinev4-after-v6-20261005/mixU-onlinev4-rep1/control-series.txt
1791258067,2026-10-06T12:41:07+09:00,22874.0,F_Varmail,1,1,7506604769280,1832667180,3582022311,2.9545405461999925,active_cumulative,/home/oy/iCAT/result/mixU-onlinev4-after-v6-20261005/mixU-onlinev4-rep1/control-series.txt
1791258097,2026-10-06T12:41:37+09:00,22904.0,F_Varmail,1,1,7521653452800,1836341175,3589210789,2.954544633570066,active_cumulative,/home/oy/iCAT/result/mixU-onlinev4-after-v6-20261005/mixU-onlinev4-rep1/control-series.txt
1791258127,2026-10-06T12:42:07+09:00,22934.0,F_Varmail,1,1,7536735383552,1840023287,3596281440,2.954476046802336,active_cumulative,/home/oy/iCAT/result/mixU-onlinev4-after-v6-20261005/mixU-onlinev4-rep1/control-series.txt
1791258157,2026-10-06T12:42:37+09:00,22964.0,F_Varmail,1,1,7551923556352,1843731337,3603356630,2.954382700824052,active_cumulative,/home/oy/iCAT/result/mixU-onlinev4-after-v6-20261005/mixU-onlinev4-rep1/control-series.txt
1791258187,2026-10-06T12:43:07+09:00,22994.0,F_Varmail,1,1,7567183732736,1847456966,3610408008,2.9542582449522667,active_cumulative,/home/oy/iCAT/result/mixU-onlinev4-after-v6-20261005/mixU-onlinev4-rep1/control-series.txt
1791258217,2026-10-06T12:43:37+09:00,23024.0,F_Varmail,1,1,7582463029248,1851187263,3617401300,2.9540979847374844,active_cumulative,/home/oy/iCAT/result/mixU-onlinev4-after-v6-20261005/mixU-onlinev4-rep1/control-series.txt
1791258247,2026-10-06T12:44:07+09:00,23054.0,F_Varmail,1,1,7597630676992,1854890302,3624278592,2.9539045452403254,active_cumulative,/home/oy/iCAT/result/mixU-onlinev4-after-v6-20261005/mixU-onlinev4-rep1/control-series.txt
1791258277,2026-10-06T12:44:37+09:00,23084.0,F_Varmail,1,1,7611286548480,1858224255,3630260285,2.953617963618713,active_cumulative,/home/oy/iCAT/result/mixU-onlinev4-after-v6-20261005/mixU-onlinev4-rep1/control-series.txt
1791258307,2026-10-06T12:45:07+09:00,23114.0,F_Varmail,1,1,7624276328448,1861395588,3635893373,2.953315778999257,active_cumulative,/home/oy/iCAT/result/mixU-onlinev4-after-v6-20261005/mixU-onlinev4-rep1/control-series.txt
1791258337,2026-10-06T12:45:37+09:00,23144.0,F_Varmail,1,1,7639428059136,1865094741,3642589242,2.953031747892318,active_cumulative,/home/oy/iCAT/result/mixU-onlinev4-after-v6-20261005/mixU-onlinev4-rep1/control-series.txt
1791258367,2026-10-06T12:46:07+09:00,23174.0,F_Varmail,1,1,7654748254208,1868835023,3649360130,2.952746007585925,active_cumulative,/home/oy/iCAT/result/mixU-onlinev4-after-v6-20261005/mixU-onlinev4-rep1/control-series.txt
1791258397,2026-10-06T12:46:37+09:00,23204.0,F_Varmail,1,1,7670207660032,1872609292,3656135938,2.952428599825617,active_cumulative,/home/oy/iCAT/result/mixU-onlinev4-after-v6-20261005/mixU-onlinev4-rep1/control-series.txt
1791258427,2026-10-06T12:47:07+09:00,23234.0,F_Varmail,1,1,7685673611264,1876385159,3662874246,2.9520908212427406,active_cumulative,/home/oy/iCAT/result/mixU-onlinev4-after-v6-20261005/mixU-onlinev4-rep1/control-series.txt
1791258457,2026-10-06T12:47:37+09:00,23264.0,F_Varmail,1,1,7701108113408,1880153348,3669535815,2.9517215544697155,active_cumulative,/home/oy/iCAT/result/mixU-onlinev4-after-v6-20261005/mixU-onlinev4-rep1/control-series.txt
1791258487,2026-10-06T12:48:07+09:00,23294.0,F_Varmail,1,1,7716541931520,1883921370,3676226013,2.951369134371038,active_cumulative,/home/oy/iCAT/result/mixU-onlinev4-after-v6-20261005/mixU-onlinev4-rep1/control-series.txt
1791258517,2026-10-06T12:48:37+09:00,23324.0,F_Varmail,1,1,7732067610624,1887711819,3682926346,2.9510003110278773,active_cumulative,/home/oy/iCAT/result/mixU-onlinev4-after-v6-20261005/mixU-onlinev4-rep1/control-series.txt
1791258547,2026-10-06T12:49:07+09:00,23354.0,F_Varmail,1,1,7747572269056,1891497136,3689589732,2.9506187251239906,active_cumulative,/home/oy/iCAT/result/mixU-onlinev4-after-v6-20261005/mixU-onlinev4-rep1/control-series.txt
1791258577,2026-10-06T12:49:37+09:00,23384.0,F_Varmail,1,1,7763219349504,1895317224,3696263539,2.9502083831640418,active_cumulative,/home/oy/iCAT/result/mixU-onlinev4-after-v6-20261005/mixU-onlinev4-rep1/control-series.txt
1791258607,2026-10-06T12:50:07+09:00,23414.0,F_Varmail,1,1,7778842972160,1899131585,3702866366,2.9497681968150724,active_cumulative,/home/oy/iCAT/result/mixU-onlinev4-after-v6-20261005/mixU-onlinev4-rep1/control-series.txt
1791258637,2026-10-06T12:50:37+09:00,23444.0,F_Varmail,1,1,7794512367616,1902957121,3709511834,2.9493407355656336,active_cumulative,/home/oy/iCAT/result/mixU-onlinev4-after-v6-20261005/mixU-onlinev4-rep1/control-series.txt
1791258668,2026-10-06T12:51:08+09:00,23475.0,F_Varmail,1,1,7810142224384,1906773004,3716130354,2.9489107230930776,active_cumulative,/home/oy/iCAT/result/mixU-onlinev4-after-v6-20261005/mixU-onlinev4-rep1/control-series.txt
1791258698,2026-10-06T12:51:38+09:00,23505.0,F_Varmail,1,1,7825848721408,1910607598,3722717325,2.948446833822337,active_cumulative,/home/oy/iCAT/result/mixU-onlinev4-after-v6-20261005/mixU-onlinev4-rep1/control-series.txt
1791258728,2026-10-06T12:52:08+09:00,23535.0,F_Varmail,1,1,7841558745088,1914443053,3729302148,2.9479828047933063,active_cumulative,/home/oy/iCAT/result/mixU-onlinev4-after-v6-20261005/mixU-onlinev4-rep1/control-series.txt
1791258758,2026-10-06T12:52:38+09:00,23565.0,F_Varmail,1,1,7857306341376,1918287681,3735827677,2.947480408701014,active_cumulative,/home/oy/iCAT/result/mixU-onlinev4-after-v6-20261005/mixU-onlinev4-rep1/control-series.txt
1791258788,2026-10-06T12:53:08+09:00,23595.0,F_Varmail,1,1,7872978022400,1922113775,3742369069,2.9470070490494247,active_cumulative,/home/oy/iCAT/result/mixU-onlinev4-after-v6-20261005/mixU-onlinev4-rep1/control-series.txt
1791258818,2026-10-06T12:53:38+09:00,23625.0,F_Varmail,1,1,7888636751872,1925936707,3748868139,2.946516791218726,active_cumulative,/home/oy/iCAT/result/mixU-onlinev4-after-v6-20261005/mixU-onlinev4-rep1/control-series.txt
1791258848,2026-10-06T12:54:08+09:00,23655.0,F_Varmail,1,1,7904356667392,1929774577,3755307408,2.9459824234175307,active_cumulative,/home/oy/iCAT/result/mixU-onlinev4-after-v6-20261005/mixU-onlinev4-rep1/control-series.txt
1791258878,2026-10-06T12:54:38+09:00,23685.0,F_Varmail,1,1,7920156876800,1933632050,3761786395,2.9454509946708836,active_cumulative,/home/oy/iCAT/result/mixU-onlinev4-after-v6-20261005/mixU-onlinev4-rep1/control-series.txt
1791258908,2026-10-06T12:55:08+09:00,23715.0,F_Varmail,1,1,7935954714624,1937488944,3768250855,2.9449147654078174,active_cumulative,/home/oy/iCAT/result/mixU-onlinev4-after-v6-20261005/mixU-onlinev4-rep1/control-series.txt
1791258938,2026-10-06T12:55:38+09:00,23745.0,F_Varmail,1,1,7951727857664,1941339809,3774619272,2.94433723271988,active_cumulative,/home/oy/iCAT/result/mixU-onlinev4-after-v6-20261005/mixU-onlinev4-rep1/control-series.txt
1791258968,2026-10-06T12:56:08+09:00,23775.0,F_Varmail,1,1,7967487586304,1945187399,3781029947,2.9437869836827995,active_cumulative,/home/oy/iCAT/result/mixU-onlinev4-after-v6-20261005/mixU-onlinev4-rep1/control-series.txt
1791258998,2026-10-06T12:56:38+09:00,23805.0,F_Varmail,1,1,7983197913088,1949022928,3787406737,2.9432335467117707,active_cumulative,/home/oy/iCAT/result/mixU-onlinev4-after-v6-20261005/mixU-onlinev4-rep1/control-series.txt
1791259028,2026-10-06T12:57:08+09:00,23835.0,F_Varmail,1,1,7998760701952,1952822437,3793656604,2.9426531220257583,active_cumulative,/home/oy/iCAT/result/mixU-onlinev4-after-v6-20261005/mixU-onlinev4-rep1/control-series.txt
1791259058,2026-10-06T12:57:38+09:00,23865.0,F_Varmail,1,1,8013884497920,1956514770,3799731524,2.9420919188869705,active_cumulative,/home/oy/iCAT/result/mixU-onlinev4-after-v6-20261005/mixU-onlinev4-rep1/control-series.txt
1791259088,2026-10-06T12:58:08+09:00,23895.0,F_Varmail,1,1,8029742063616,1960386246,3806067168,2.9414884060556705,active_cumulative,/home/oy/iCAT/result/mixU-onlinev4-after-v6-20261005/mixU-onlinev4-rep1/control-series.txt
1791259118,2026-10-06T12:58:38+09:00,23925.0,F_Varmail,1,1,8045583912960,1964253885,3812460997,2.9409206855151515,active_cumulative,/home/oy/iCAT/result/mixU-onlinev4-after-v6-20261005/mixU-onlinev4-rep1/control-series.txt
1791259148,2026-10-06T12:59:08+09:00,23955.0,F_Varmail,1,1,8061428957184,1968122304,3818793463,2.940323248834032,active_cumulative,/home/oy/iCAT/result/mixU-onlinev4-after-v6-20261005/mixU-onlinev4-rep1/control-series.txt
1791259178,2026-10-06T12:59:38+09:00,23985.0,F_Varmail,1,1,8077293244416,1971995421,3825127092,2.939724124744811,active_cumulative,/home/oy/iCAT/result/mixU-onlinev4-after-v6-20261005/mixU-onlinev4-rep1/control-series.txt
1791259208,2026-10-06T13:00:08+09:00,24015.0,F_Varmail,1,1,8093145878528,1975865693,3831451774,2.9391256134330783,active_cumulative,/home/oy/iCAT/result/mixU-onlinev4-after-v6-20261005/mixU-onlinev4-rep1/control-series.txt
1791259238,2026-10-06T13:00:38+09:00,24045.0,F_Varmail,1,1,8109035089920,1979744895,3837761385,2.938513085545802,active_cumulative,/home/oy/iCAT/result/mixU-onlinev4-after-v6-20261005/mixU-onlinev4-rep1/control-series.txt
1791259268,2026-10-06T13:01:08+09:00,24075.0,F_Varmail,1,1,8124919885824,1983623019,3844051953,2.9378944064371133,active_cumulative,/home/oy/iCAT/result/mixU-onlinev4-after-v6-20261005/mixU-onlinev4-rep1/control-series.txt
1791259298,2026-10-06T13:01:38+09:00,24105.0,F_Varmail,1,1,8140818165760,1987504435,3850362927,2.9372852000705096,active_cumulative,/home/oy/iCAT/result/mixU-onlinev4-after-v6-20261005/mixU-onlinev4-rep1/control-series.txt
1791259328,2026-10-06T13:02:08+09:00,24135.0,F_Varmail,1,1,8156670726144,1991374689,3856602013,2.9366531242478797,active_cumulative,/home/oy/iCAT/result/mixU-onlinev4-after-v6-20261005/mixU-onlinev4-rep1/control-series.txt
1791259358,2026-10-06T13:02:38+09:00,24165.0,F_Varmail,1,1,8172520280064,1995244209,3862880576,2.9360439983113866,active_cumulative,/home/oy/iCAT/result/mixU-onlinev4-after-v6-20261005/mixU-onlinev4-rep1/control-series.txt
1791259388,2026-10-06T13:03:08+09:00,24195.0,F_Varmail,1,1,8188402016256,1999121586,3869113050,2.9354065691130007,active_cumulative,/home/oy/iCAT/result/mixU-onlinev4-after-v6-20261005/mixU-onlinev4-rep1/control-series.txt
1791259418,2026-10-06T13:03:38+09:00,24225.0,F_Varmail,1,1,8204331323392,2003010577,3875386913,2.9347810528311555,active_cumulative,/home/oy/iCAT/result/mixU-onlinev4-after-v6-20261005/mixU-onlinev4-rep1/control-series.txt
1791259448,2026-10-06T13:04:08+09:00,24255.0,F_Varmail,1,1,8220305305600,2006910475,3881671234,2.9341526601977597,active_cumulative,/home/oy/iCAT/result/mixU-onlinev4-after-v6-20261005/mixU-onlinev4-rep1/control-series.txt
1791259478,2026-10-06T13:04:38+09:00,24285.0,F_Varmail,1,1,8236245336064,2010802084,3887925733,2.9335198446114203,active_cumulative,/home/oy/iCAT/result/mixU-onlinev4-after-v6-20261005/mixU-onlinev4-rep1/control-series.txt
1791259508,2026-10-06T13:05:08+09:00,24315.0,F_Varmail,1,1,8252246130688,2014708528,3894191190,2.9328806801973295,active_cumulative,/home/oy/iCAT/result/mixU-onlinev4-after-v6-20261005/mixU-onlinev4-rep1/control-series.txt
1791259538,2026-10-06T13:05:38+09:00,24345.0,F_Varmail,1,1,8268239265792,2018613102,3900438110,2.9322365965699553,active_cumulative,/home/oy/iCAT/result/mixU-onlinev4-after-v6-20261005/mixU-onlinev4-rep1/control-series.txt
1791259568,2026-10-06T13:06:08+09:00,24375.0,F_Varmail,1,1,8284177100800,2022504175,3906557978,2.9315450748080654,active_cumulative,/home/oy/iCAT/result/mixU-onlinev4-after-v6-20261005/mixU-onlinev4-rep1/control-series.txt
1791259598,2026-10-06T13:06:38+09:00,24405.0,F_Varmail,1,1,8300100825088,2026391803,3912657964,2.9308496798138695,active_cumulative,/home/oy/iCAT/result/mixU-onlinev4-after-v6-20261005/mixU-onlinev4-rep1/control-series.txt
1791259628,2026-10-06T13:07:08+09:00,24435.0,F_Varmail,1,1,8315980267520,2030268620,3918751918,2.9301642548166855,active_cumulative,/home/oy/iCAT/result/mixU-onlinev4-after-v6-20261005/mixU-onlinev4-rep1/control-series.txt
1791259658,2026-10-06T13:07:38+09:00,24465.0,F_Varmail,1,1,8331959885824,2034169894,3924841620,2.9294561538722688,active_cumulative,/home/oy/iCAT/result/mixU-onlinev4-after-v6-20261005/mixU-onlinev4-rep1/control-series.txt
1791259688,2026-10-06T13:08:08+09:00,24495.0,F_Varmail,1,1,8347933110272,2038069607,3930969174,2.928770813567213,active_cumulative,/home/oy/iCAT/result/mixU-onlinev4-after-v6-20261005/mixU-onlinev4-rep1/control-series.txt
1791259718,2026-10-06T13:08:38+09:00,24525.0,F_Varmail,1,1,8363890798592,2041965527,3937027000,2.928057524939793,active_cumulative,/home/oy/iCAT/result/mixU-onlinev4-after-v6-20261005/mixU-onlinev4-rep1/control-series.txt
1791259748,2026-10-06T13:09:08+09:00,24555.0,F_Varmail,1,1,8379808964608,2045851798,3943092540,2.9273598135772687,active_cumulative,/home/oy/iCAT/result/mixU-onlinev4-after-v6-20261005/mixU-onlinev4-rep1/control-series.txt
1791259778,2026-10-06T13:09:38+09:00,24585.0,F_Varmail,1,1,8395812737024,2049758969,3949183262,2.9266573883692564,active_cumulative,/home/oy/iCAT/result/mixU-onlinev4-after-v6-20261005/mixU-onlinev4-rep1/control-series.txt
1791259808,2026-10-06T13:10:08+09:00,24615.0,F_Varmail,1,1,8411785699328,2053658618,3955247186,2.9259516412965967,active_cumulative,/home/oy/iCAT/result/mixU-onlinev4-after-v6-20261005/mixU-onlinev4-rep1/control-series.txt
1791259838,2026-10-06T13:10:38+09:00,24645.0,F_Varmail,1,1,8427804278784,2057569404,3961302493,2.9252339606620628,active_cumulative,/home/oy/iCAT/result/mixU-onlinev4-after-v6-20261005/mixU-onlinev4-rep1/control-series.txt
1791259868,2026-10-06T13:11:08+09:00,24675.0,F_Varmail,1,1,8443812012032,2061477542,3967346960,2.9245162167282053,active_cumulative,/home/oy/iCAT/result/mixU-onlinev4-after-v6-20261005/mixU-onlinev4-rep1/control-series.txt
1791259898,2026-10-06T13:11:38+09:00,24705.0,F_Varmail,1,1,8459847299072,2065392407,3973396305,2.923797284977624,active_cumulative,/home/oy/iCAT/result/mixU-onlinev4-after-v6-20261005/mixU-onlinev4-rep1/control-series.txt
1791259928,2026-10-06T13:12:08+09:00,24735.0,F_Varmail,1,1,8475890229248,2069309138,3979390168,2.9230525274952903,active_cumulative,/home/oy/iCAT/result/mixU-onlinev4-after-v6-20261005/mixU-onlinev4-rep1/control-series.txt
1791259958,2026-10-06T13:12:38+09:00,24765.0,F_Varmail,1,1,8491992813568,2073240433,3985415120,2.9223120756105763,active_cumulative,/home/oy/iCAT/result/mixU-onlinev4-after-v6-20261005/mixU-onlinev4-rep1/control-series.txt
1791259988,2026-10-06T13:13:08+09:00,24795.0,F_Varmail,1,1,8508051304448,2077160963,3991430135,2.9215796012434496,active_cumulative,/home/oy/iCAT/result/mixU-onlinev4-after-v6-20261005/mixU-onlinev4-rep1/control-series.txt
1791260018,2026-10-06T13:13:38+09:00,24825.0,F_Varmail,1,1,8524185575424,2081099994,3997427423,2.9208242922132266,active_cumulative,/home/oy/iCAT/result/mixU-onlinev4-after-v6-20261005/mixU-onlinev4-rep1/control-series.txt
1791260048,2026-10-06T13:14:08+09:00,24855.0,F_Varmail,1,1,8540408217600,2085060600,4003402374,2.9200412563548515,active_cumulative,/home/oy/iCAT/result/mixU-onlinev4-after-v6-20261005/mixU-onlinev4-rep1/control-series.txt
1791260078,2026-10-06T13:14:38+09:00,24885.0,F_Varmail,1,1,8556814114816,2089065946,4009471534,2.9192651824501095,active_cumulative,/home/oy/iCAT/result/mixU-onlinev4-after-v6-20261005/mixU-onlinev4-rep1/control-series.txt
1791260108,2026-10-06T13:15:08+09:00,24915.0,F_Varmail,1,1,8573467697152,2093131762,4015625282,2.918477066232584,active_cumulative,/home/oy/iCAT/result/mixU-onlinev4-after-v6-20261005/mixU-onlinev4-rep1/control-series.txt
1791260138,2026-10-06T13:15:38+09:00,24945.0,F_Varmail,1,1,8590092906496,2097190651,4021749646,2.91768432883406,active_cumulative,/home/oy/iCAT/result/mixU-onlinev4-after-v6-20261005/mixU-onlinev4-rep1/control-series.txt
1791260168,2026-10-06T13:16:08+09:00,24975.0,F_Varmail,1,1,8606765117440,2101261015,4027894244,2.9168938153073762,active_cumulative,/home/oy/iCAT/result/mixU-onlinev4-after-v6-20261005/mixU-onlinev4-rep1/control-series.txt
1791260198,2026-10-06T13:16:38+09:00,25005.0,F_Varmail,1,1,8623427854336,2105329066,4034006295,2.9160930042467763,active_cumulative,/home/oy/iCAT/result/mixU-onlinev4-after-v6-20261005/mixU-onlinev4-rep1/control-series.txt
1791260228,2026-10-06T13:17:08+09:00,25035.0,F_Varmail,1,1,8640126095360,2109405785,4040145569,2.9153003171459493,active_cumulative,/home/oy/iCAT/result/mixU-onlinev4-after-v6-20261005/mixU-onlinev4-rep1/control-series.txt
1791260258,2026-10-06T13:17:38+09:00,25065.0,F_Varmail,1,1,8656775733248,2113470638,4046252772,2.914506262471199,active_cumulative,/home/oy/iCAT/result/mixU-onlinev4-after-v6-20261005/mixU-onlinev4-rep1/control-series.txt
1791260288,2026-10-06T13:18:08+09:00,25095.0,F_Varmail,1,1,8673504104448,2117554713,4052382364,2.9137084577422203,active_cumulative,/home/oy/iCAT/result/mixU-onlinev4-after-v6-20261005/mixU-onlinev4-rep1/control-series.txt
1791260318,2026-10-06T13:18:38+09:00,25125.0,F_Varmail,1,1,8690201567232,2121631242,4058519382,2.9129240282935087,active_cumulative,/home/oy/iCAT/result/mixU-onlinev4-after-v6-20261005/mixU-onlinev4-rep1/control-series.txt
1791260348,2026-10-06T13:19:08+09:00,25155.0,F_Varmail,1,1,8706926374912,2125714447,4064628287,2.912123377030424,active_cumulative,/home/oy/iCAT/result/mixU-onlinev4-after-v6-20261005/mixU-onlinev4-rep1/control-series.txt
1791260378,2026-10-06T13:19:38+09:00,25185.0,F_Varmail,1,1,8723608170496,2129787151,4070721599,2.9113278982308968,active_cumulative,/home/oy/iCAT/result/mixU-onlinev4-after-v6-20261005/mixU-onlinev4-rep1/control-series.txt
1791260408,2026-10-06T13:20:08+09:00,25215.0,F_Varmail,1,1,8740355403776,2133875831,4076817563,2.9105223948712506,active_cumulative,/home/oy/iCAT/result/mixU-onlinev4-after-v6-20261005/mixU-onlinev4-rep1/control-series.txt
1791260438,2026-10-06T13:20:38+09:00,25245.0,F_Varmail,1,1,8757076537344,2137958139,4082914924,2.909726317611497,active_cumulative,/home/oy/iCAT/result/mixU-onlinev4-after-v6-20261005/mixU-onlinev4-rep1/control-series.txt
1791260468,2026-10-06T13:21:08+09:00,25275.0,F_Varmail,1,1,8773841555456,2142051161,4089035443,2.9089345378151776,active_cumulative,/home/oy/iCAT/result/mixU-onlinev4-after-v6-20261005/mixU-onlinev4-rep1/control-series.txt
1791260498,2026-10-06T13:21:38+09:00,25305.0,F_Varmail,1,1,8790636879872,2146151582,4095114073,2.908119681455007,active_cumulative,/home/oy/iCAT/result/mixU-onlinev4-after-v6-20261005/mixU-onlinev4-rep1/control-series.txt
1791260528,2026-10-06T13:22:08+09:00,25335.0,F_Varmail,1,1,8807326662656,2150226236,4101154514,2.9073130284324185,active_cumulative,/home/oy/iCAT/result/mixU-onlinev4-after-v6-20261005/mixU-onlinev4-rep1/control-series.txt
1791260558,2026-10-06T13:22:38+09:00,25365.0,F_Varmail,1,1,8824062222336,2154312066,4107218390,2.9065104145408434,active_cumulative,/home/oy/iCAT/result/mixU-onlinev4-after-v6-20261005/mixU-onlinev4-rep1/control-series.txt
1791260588,2026-10-06T13:23:08+09:00,25395.0,F_Varmail,1,1,8840854704128,2158411793,4113276125,2.905695724207897,active_cumulative,/home/oy/iCAT/result/mixU-onlinev4-after-v6-20261005/mixU-onlinev4-rep1/control-series.txt
1791260618,2026-10-06T13:23:38+09:00,25425.0,F_Varmail,1,1,8857656496128,2162513793,4119322355,2.904876800478285,active_cumulative,/home/oy/iCAT/result/mixU-onlinev4-after-v6-20261005/mixU-onlinev4-rep1/control-series.txt
1791260648,2026-10-06T13:24:08+09:00,25455.0,F_Varmail,1,1,8874393710592,2166600027,4125338065,2.9040607466031387,active_cumulative,/home/oy/iCAT/result/mixU-onlinev4-after-v6-20261005/mixU-onlinev4-rep1/control-series.txt
1791260678,2026-10-06T13:24:38+09:00,25485.0,F_Varmail,1,1,8891160109056,2170693386,4131366187,2.9032472359502552,active_cumulative,/home/oy/iCAT/result/mixU-onlinev4-after-v6-20261005/mixU-onlinev4-rep1/control-series.txt
1791260708,2026-10-06T13:25:08+09:00,25515.0,F_Varmail,1,1,8907950288896,2174792551,4137399522,2.9024341057714063,active_cumulative,/home/oy/iCAT/result/mixU-onlinev4-after-v6-20261005/mixU-onlinev4-rep1/control-series.txt
1791260738,2026-10-06T13:25:38+09:00,25545.0,F_Varmail,1,1,8924763750400,2178897400,4143419681,2.9016130273045437,active_cumulative,/home/oy/iCAT/result/mixU-onlinev4-after-v6-20261005/mixU-onlinev4-rep1/control-series.txt
1791260768,2026-10-06T13:26:08+09:00,25575.0,F_Varmail,1,1,8941461639168,2182974033,4149401389,2.9008019913537835,active_cumulative,/home/oy/iCAT/result/mixU-onlinev4-after-v6-20261005/mixU-onlinev4-rep1/control-series.txt
1791260798,2026-10-06T13:26:38+09:00,25605.0,F_Varmail,1,1,8958216167424,2187064494,4155381497,2.899981234389698,active_cumulative,/home/oy/iCAT/result/mixU-onlinev4-after-v6-20261005/mixU-onlinev4-rep1/control-series.txt
1791260828,2026-10-06T13:27:08+09:00,25635.0,F_Varmail,1,1,8975010340864,2191164634,4161380989,2.899163999102771,active_cumulative,/home/oy/iCAT/result/mixU-onlinev4-after-v6-20261005/mixU-onlinev4-rep1/control-series.txt
1791260858,2026-10-06T13:27:38+09:00,25665.0,F_Varmail,1,1,8991863341056,2195279136,4167370703,2.8983329430230595,active_cumulative,/home/oy/iCAT/result/mixU-onlinev4-after-v6-20261005/mixU-onlinev4-rep1/control-series.txt
1791260888,2026-10-06T13:28:08+09:00,25695.0,F_Varmail,1,1,9008626237440,2199371640,4173359786,2.8975236881748643,active_cumulative,/home/oy/iCAT/result/mixU-onlinev4-after-v6-20261005/mixU-onlinev4-rep1/control-series.txt
1791260918,2026-10-06T13:28:38+09:00,25725.0,F_Varmail,1,1,9025471754240,2203484315,4179372222,2.896710674793254,active_cumulative,/home/oy/iCAT/result/mixU-onlinev4-after-v6-20261005/mixU-onlinev4-rep1/control-series.txt
1791260948,2026-10-06T13:29:08+09:00,25755.0,F_Varmail,1,1,9042275414016,2207586771,4185343101,2.895890642207513,active_cumulative,/home/oy/iCAT/result/mixU-onlinev4-after-v6-20261005/mixU-onlinev4-rep1/control-series.txt
1791260978,2026-10-06T13:29:38+09:00,25785.0,F_Varmail,1,1,9059113254912,2211697572,4191350520,2.895083022680101,active_cumulative,/home/oy/iCAT/result/mixU-onlinev4-after-v6-20261005/mixU-onlinev4-rep1/control-series.txt
1791261008,2026-10-06T13:30:08+09:00,25815.0,F_Varmail,1,1,9075944751104,2215806824,4197344260,2.89427355062609,active_cumulative,/home/oy/iCAT/result/mixU-onlinev4-after-v6-20261005/mixU-onlinev4-rep1/control-series.txt
1791261038,2026-10-06T13:30:38+09:00,25845.0,F_Varmail,1,1,9092763922432,2219913067,4203308619,2.8934564066872985,active_cumulative,/home/oy/iCAT/result/mixU-onlinev4-after-v6-20261005/mixU-onlinev4-rep1/control-series.txt
1791261068,2026-10-06T13:31:08+09:00,25875.0,F_Varmail,1,1,9109559226368,2224013483,4209293413,2.8926564272991864,active_cumulative,/home/oy/iCAT/result/mixU-onlinev4-after-v6-20261005/mixU-onlinev4-rep1/control-series.txt
1791261098,2026-10-06T13:31:38+09:00,25905.0,F_Varmail,1,1,9126377164800,2228119425,4215276804,2.8918540706138316,active_cumulative,/home/oy/iCAT/result/mixU-onlinev4-after-v6-20261005/mixU-onlinev4-rep1/control-series.txt
1791261128,2026-10-06T13:32:08+09:00,25935.0,F_Varmail,1,1,9143270248448,2232243713,4221253441,2.891036098082181,active_cumulative,/home/oy/iCAT/result/mixU-onlinev4-after-v6-20261005/mixU-onlinev4-rep1/control-series.txt
1791261158,2026-10-06T13:32:38+09:00,25965.0,F_Varmail,1,1,9159378903040,2236176490,4226911500,2.8902405596796164,active_cumulative,/home/oy/iCAT/result/mixU-onlinev4-after-v6-20261005/mixU-onlinev4-rep1/control-series.txt
1791261188,2026-10-06T13:33:08+09:00,25995.0,F_Varmail,1,1,9175601270784,2240137029,4232603008,2.889439330365178,active_cumulative,/home/oy/iCAT/result/mixU-onlinev4-after-v6-20261005/mixU-onlinev4-rep1/control-series.txt
1791261218,2026-10-06T13:33:38+09:00,26025.0,F_Varmail,1,1,9191760535552,2244082162,4238278799,2.888646891262977,active_cumulative,/home/oy/iCAT/result/mixU-onlinev4-after-v6-20261005/mixU-onlinev4-rep1/control-series.txt
1791261248,2026-10-06T13:34:08+09:00,26055.0,F_Varmail,1,1,9207987843072,2248043907,4243969496,2.8878499137783966,active_cumulative,/home/oy/iCAT/result/mixU-onlinev4-after-v6-20261005/mixU-onlinev4-rep1/control-series.txt
1791261278,2026-10-06T13:34:38+09:00,26085.0,F_Varmail,1,1,9224202256384,2252002504,4249659280,2.8870579728271917,active_cumulative,/home/oy/iCAT/result/mixU-onlinev4-after-v6-20261005/mixU-onlinev4-rep1/control-series.txt
1791261308,2026-10-06T13:35:08+09:00,26115.0,F_Varmail,1,1,9240454385664,2255970309,4255356073,2.8862642190030705,active_cumulative,/home/oy/iCAT/result/mixU-onlinev4-after-v6-20261005/mixU-onlinev4-rep1/control-series.txt
1791261338,2026-10-06T13:35:38+09:00,26145.0,F_Varmail,1,1,9256704008192,2259937502,4261056936,2.8854755639167227,active_cumulative,/home/oy/iCAT/result/mixU-onlinev4-after-v6-20261005/mixU-onlinev4-rep1/control-series.txt
1791261368,2026-10-06T13:36:08+09:00,26175.0,F_Varmail,1,1,9272891604992,2263889552,4266733481,2.8846915377256885,active_cumulative,/home/oy/iCAT/result/mixU-onlinev4-after-v6-20261005/mixU-onlinev4-rep1/control-series.txt
1791261398,2026-10-06T13:36:38+09:00,26205.0,F_Varmail,1,1,9289093808128,2267845168,4272418454,2.8839109981074333,active_cumulative,/home/oy/iCAT/result/mixU-onlinev4-after-v6-20261005/mixU-onlinev4-rep1/control-series.txt
1791261428,2026-10-06T13:37:08+09:00,26235.0,F_Varmail,1,1,9305333768192,2271810002,4278052703,2.8831032081176655,active_cumulative,/home/oy/iCAT/result/mixU-onlinev4-after-v6-20261005/mixU-onlinev4-rep1/control-series.txt
1791261458,2026-10-06T13:37:38+09:00,26265.0,F_Varmail,1,1,9321523728384,2275762629,4283709747,2.882318345688943,active_cumulative,/home/oy/iCAT/result/mixU-onlinev4-after-v6-20261005/mixU-onlinev4-rep1/control-series.txt
1791261488,2026-10-06T13:38:08+09:00,26295.0,F_Varmail,1,1,9337850380288,2279748628,4289420607,2.8815322682146167,active_cumulative,/home/oy/iCAT/result/mixU-onlinev4-after-v6-20261005/mixU-onlinev4-rep1/control-series.txt
1791261518,2026-10-06T13:38:38+09:00,26325.0,F_Varmail,1,1,9354704908288,2283863503,4295380619,2.880751898420262,active_cumulative,/home/oy/iCAT/result/mixU-onlinev4-after-v6-20261005/mixU-onlinev4-rep1/control-series.txt
1791261548,2026-10-06T13:39:08+09:00,26355.0,F_Varmail,1,1,9371591217152,2287986137,4301319131,2.879958563315369,active_cumulative,/home/oy/iCAT/result/mixU-onlinev4-after-v6-20261005/mixU-onlinev4-rep1/control-series.txt
1791261578,2026-10-06T13:39:38+09:00,26385.0,F_Varmail,1,1,9388499898368,2292114233,4307267715,2.8791679982556957,active_cumulative,/home/oy/iCAT/result/mixU-onlinev4-after-v6-20261005/mixU-onlinev4-rep1/control-series.txt
1791261608,2026-10-06T13:40:08+09:00,26415.0,F_Varmail,1,1,9405382496256,2296235961,4313183300,2.8783711139693278,active_cumulative,/home/oy/iCAT/result/mixU-onlinev4-after-v6-20261005/mixU-onlinev4-rep1/control-series.txt
1791261638,2026-10-06T13:40:38+09:00,26445.0,F_Varmail,1,1,9422320484352,2300371212,4319121130,2.8775757179837287,active_cumulative,/home/oy/iCAT/result/mixU-onlinev4-after-v6-20261005/mixU-onlinev4-rep1/control-series.txt
1791261668,2026-10-06T13:41:08+09:00,26475.0,F_Varmail,1,1,9439205601280,2304493555,4325045058,2.876787656279646,active_cumulative,/home/oy/iCAT/result/mixU-onlinev4-after-v6-20261005/mixU-onlinev4-rep1/control-series.txt
1791261698,2026-10-06T13:41:38+09:00,26505.0,F_Varmail,1,1,9456116232192,2308622127,4330966493,2.875996267361428,active_cumulative,/home/oy/iCAT/result/mixU-onlinev4-after-v6-20261005/mixU-onlinev4-rep1/control-series.txt
1791261728,2026-10-06T13:42:08+09:00,26535.0,F_Varmail,1,1,9473027731456,2312750911,4336867070,2.8751985133257616,active_cumulative,/home/oy/iCAT/result/mixU-onlinev4-after-v6-20261005/mixU-onlinev4-rep1/control-series.txt
1791261758,2026-10-06T13:42:38+09:00,26565.0,F_Varmail,1,1,9489932709888,2316878103,4342755822,2.874399786668449,active_cumulative,/home/oy/iCAT/result/mixU-onlinev4-after-v6-20261005/mixU-onlinev4-rep1/control-series.txt
1791261788,2026-10-06T13:43:08+09:00,26595.0,F_Varmail,1,1,9506825633792,2321002352,4348646211,2.87360698159258,active_cumulative,/home/oy/iCAT/result/mixU-onlinev4-after-v6-20261005/mixU-onlinev4-rep1/control-series.txt
1791261818,2026-10-06T13:43:38+09:00,26625.0,F_Varmail,1,1,9523773153280,2325139930,4354541214,2.8728082373949855,active_cumulative,/home/oy/iCAT/result/mixU-onlinev4-after-v6-20261005/mixU-onlinev4-rep1/control-series.txt
1791261848,2026-10-06T13:44:08+09:00,26655.0,F_Varmail,1,1,9540688859136,2329269741,4360458067,2.872027953760294,active_cumulative,/home/oy/iCAT/result/mixU-onlinev4-after-v6-20261005/mixU-onlinev4-rep1/control-series.txt
1791261878,2026-10-06T13:44:38+09:00,26685.0,F_Varmail,1,1,9557564833792,2333389852,4366335289,2.871241226688938,active_cumulative,/home/oy/iCAT/result/mixU-onlinev4-after-v6-20261005/mixU-onlinev4-rep1/control-series.txt
1791261908,2026-10-06T13:45:08+09:00,26715.0,F_Varmail,1,1,9574437826560,2337509235,4372218406,2.870460377453867,active_cumulative,/home/oy/iCAT/result/mixU-onlinev4-after-v6-20261005/mixU-onlinev4-rep1/control-series.txt
1791261938,2026-10-06T13:45:38+09:00,26745.0,F_Varmail,1,1,9591322996736,2341631591,4378086510,2.8696734904103023,active_cumulative,/home/oy/iCAT/result/mixU-onlinev4-after-v6-20261005/mixU-onlinev4-rep1/control-series.txt
1791261968,2026-10-06T13:46:08+09:00,26775.0,F_Varmail,1,1,9608208764928,2345754093,4383960354,2.868891699723446,active_cumulative,/home/oy/iCAT/result/mixU-onlinev4-after-v6-20261005/mixU-onlinev4-rep1/control-series.txt
1791261998,2026-10-06T13:46:38+09:00,26805.0,F_Varmail,1,1,9625052762112,2349866397,4389805407,2.8681085071918666,active_cumulative,/home/oy/iCAT/result/mixU-onlinev4-after-v6-20261005/mixU-onlinev4-rep1/control-series.txt
1791262028,2026-10-06T13:47:08+09:00,26835.0,F_Varmail,1,1,9641931448320,2353987170,4395663762,2.8673269837745123,active_cumulative,/home/oy/iCAT/result/mixU-onlinev4-after-v6-20261005/mixU-onlinev4-rep1/control-series.txt
1791262058,2026-10-06T13:47:38+09:00,26865.0,F_Varmail,1,1,9658811568128,2358108293,4401522202,2.866547950773014,active_cumulative,/home/oy/iCAT/result/mixU-onlinev4-after-v6-20261005/mixU-onlinev4-rep1/control-series.txt
1791262088,2026-10-06T13:48:08+09:00,26895.0,F_Varmail,1,1,9675729133568,2362238558,4407367439,2.865758826124453,active_cumulative,/home/oy/iCAT/result/mixU-onlinev4-after-v6-20261005/mixU-onlinev4-rep1/control-series.txt
1791262118,2026-10-06T13:48:38+09:00,26925.0,F_Varmail,1,1,9692614344704,2366360924,4413217645,2.8649807813510026,active_cumulative,/home/oy/iCAT/result/mixU-onlinev4-after-v6-20261005/mixU-onlinev4-rep1/control-series.txt
1791262148,2026-10-06T13:49:08+09:00,26955.0,F_Varmail,1,1,9709554446336,2370496691,4419100816,2.864208810237061,active_cumulative,/home/oy/iCAT/result/mixU-onlinev4-after-v6-20261005/mixU-onlinev4-rep1/control-series.txt
1791262178,2026-10-06T13:49:38+09:00,26985.0,F_Varmail,1,1,9726491967488,2374631828,4424978946,2.8634378996456373,active_cumulative,/home/oy/iCAT/result/mixU-onlinev4-after-v6-20261005/mixU-onlinev4-rep1/control-series.txt
1791262208,2026-10-06T13:50:08+09:00,27015.0,G_FIO-Fast,1,1,9741512916992,2378299052,4430259315,2.862784796249416,active_cumulative,/home/oy/iCAT/result/mixU-onlinev4-after-v6-20261005/mixU-onlinev4-rep1/control-series.txt
1791262238,2026-10-06T13:50:38+09:00,27045.0,G_FIO-Fast,1,1,9746429759488,2379499453,4434840049,2.8637701485531712,active_cumulative,/home/oy/iCAT/result/mixU-onlinev4-after-v6-20261005/mixU-onlinev4-rep1/control-series.txt
1791262268,2026-10-06T13:51:08+09:00,27075.0,G_FIO-Fast,1,1,9751346495488,2380699828,4439792862,2.864910817307792,active_cumulative,/home/oy/iCAT/result/mixU-onlinev4-after-v6-20261005/mixU-onlinev4-rep1/control-series.txt
1791262298,2026-10-06T13:51:38+09:00,27105.0,G_FIO-Fast,1,1,9756263149568,2381900183,4444580356,2.8659809456843224,active_cumulative,/home/oy/iCAT/result/mixU-onlinev4-after-v6-20261005/mixU-onlinev4-rep1/control-series.txt
1791262328,2026-10-06T13:52:08+09:00,27135.0,G_FIO-Fast,1,1,9761179906048,2383100563,4449524489,2.8671157055154453,active_cumulative,/home/oy/iCAT/result/mixU-onlinev4-after-v6-20261005/mixU-onlinev4-rep1/control-series.txt
1791262358,2026-10-06T13:52:38+09:00,27165.0,G_FIO-Fast,1,1,9766096482304,2384300899,4454350900,2.86819998342835,active_cumulative,/home/oy/iCAT/result/mixU-onlinev4-after-v6-20261005/mixU-onlinev4-rep1/control-series.txt
1791262388,2026-10-06T13:53:08+09:00,27195.0,G_FIO-Fast,1,1,9771013091328,2385501243,4459326815,2.869345835842853,active_cumulative,/home/oy/iCAT/result/mixU-onlinev4-after-v6-20261005/mixU-onlinev4-rep1/control-series.txt
1791262418,2026-10-06T13:53:38+09:00,27225.0,G_FIO-Fast,1,1,9775929876480,2386701630,4464157603,2.8704296954789443,active_cumulative,/home/oy/iCAT/result/mixU-onlinev4-after-v6-20261005/mixU-onlinev4-rep1/control-series.txt
1791262448,2026-10-06T13:54:08+09:00,27255.0,G_FIO-Fast,1,1,9780846465024,2387901969,4469159442,2.871584135370341,active_cumulative,/home/oy/iCAT/result/mixU-onlinev4-after-v6-20261005/mixU-onlinev4-rep1/control-series.txt
1791262478,2026-10-06T13:54:38+09:00,27285.0,G_FIO-Fast,1,1,9785763549184,2389102429,4474021640,2.8726788712331093,active_cumulative,/home/oy/iCAT/result/mixU-onlinev4-after-v6-20261005/mixU-onlinev4-rep1/control-series.txt
1791262508,2026-10-06T13:55:08+09:00,27315.0,G_FIO-Fast,1,1,9790680338432,2390302817,4478939263,2.8737957513773873,active_cumulative,/home/oy/iCAT/result/mixU-onlinev4-after-v6-20261005/mixU-onlinev4-rep1/control-series.txt
1791262538,2026-10-06T13:55:38+09:00,27345.0,G_FIO-Fast,1,1,9795597086720,2391503195,4483822335,2.874897070752189,active_cumulative,/home/oy/iCAT/result/mixU-onlinev4-after-v6-20261005/mixU-onlinev4-rep1/control-series.txt
1791262568,2026-10-06T13:56:08+09:00,27375.0,G_FIO-Fast,1,1,9800513781760,2392703560,4488888274,2.8760737222290924,active_cumulative,/home/oy/iCAT/result/mixU-onlinev4-after-v6-20261005/mixU-onlinev4-rep1/control-series.txt
1791262598,2026-10-06T13:56:38+09:00,27405.0,G_FIO-Fast,1,1,9805430382592,2393903902,4493804412,2.877186635706482,active_cumulative,/home/oy/iCAT/result/mixU-onlinev4-after-v6-20261005/mixU-onlinev4-rep1/control-series.txt
1791262628,2026-10-06T13:57:08+09:00,27435.0,G_FIO-Fast,1,1,9810347061248,2395104263,4498834520,2.87834600334474,active_cumulative,/home/oy/iCAT/result/mixU-onlinev4-after-v6-20261005/mixU-onlinev4-rep1/control-series.txt
1791262658,2026-10-06T13:57:38+09:00,27465.0,G_FIO-Fast,1,1,9815263789056,2396304636,4503757278,2.879459401922219,active_cumulative,/home/oy/iCAT/result/mixU-onlinev4-after-v6-20261005/mixU-onlinev4-rep1/control-series.txt
1791262688,2026-10-06T13:58:08+09:00,27495.0,G_FIO-Fast,1,1,9820180725760,2397505060,4508772661,2.880610279504478,active_cumulative,/home/oy/iCAT/result/mixU-onlinev4-after-v6-20261005/mixU-onlinev4-rep1/control-series.txt
1791262718,2026-10-06T13:58:38+09:00,27525.0,G_FIO-Fast,1,1,9825097383936,2398705416,4513678040,2.881714198789302,active_cumulative,/home/oy/iCAT/result/mixU-onlinev4-after-v6-20261005/mixU-onlinev4-rep1/control-series.txt
1791262748,2026-10-06T13:59:08+09:00,27555.0,G_FIO-Fast,1,1,9830014124032,2399905792,4518642339,2.882841549056939,active_cumulative,/home/oy/iCAT/result/mixU-onlinev4-after-v6-20261005/mixU-onlinev4-rep1/control-series.txt
1791262779,2026-10-06T13:59:39+09:00,27586.0,G_FIO-Fast,1,1,9834931023872,2401106207,4523512966,2.883928729521626,active_cumulative,/home/oy/iCAT/result/mixU-onlinev4-after-v6-20261005/mixU-onlinev4-rep1/control-series.txt
1791262809,2026-10-06T14:00:09+09:00,27616.0,G_FIO-Fast,1,1,9839847763968,2402306583,4528542087,2.885080829835115,active_cumulative,/home/oy/iCAT/result/mixU-onlinev4-after-v6-20261005/mixU-onlinev4-rep1/control-series.txt
1791262839,2026-10-06T14:00:39+09:00,27646.0,G_FIO-Fast,1,1,9844764487680,2403506955,4533487439,2.8861969296860224,active_cumulative,/home/oy/iCAT/result/mixU-onlinev4-after-v6-20261005/mixU-onlinev4-rep1/control-series.txt
1791262869,2026-10-06T14:01:09+09:00,27676.0,G_FIO-Fast,1,1,9849681281024,2404707344,4538531550,2.887352970965102,active_cumulative,/home/oy/iCAT/result/mixU-onlinev4-after-v6-20261005/mixU-onlinev4-rep1/control-series.txt
1791262899,2026-10-06T14:01:39+09:00,27706.0,G_FIO-Fast,1,1,9854598033408,2405907723,4543464085,2.8884614906737216,active_cumulative,/home/oy/iCAT/result/mixU-onlinev4-after-v6-20261005/mixU-onlinev4-rep1/control-series.txt
1791262929,2026-10-06T14:02:09+09:00,27736.0,G_FIO-Fast,1,1,9859515105280,2407108180,4548537353,2.88962730914736,active_cumulative,/home/oy/iCAT/result/mixU-onlinev4-after-v6-20261005/mixU-onlinev4-rep1/control-series.txt
1791262959,2026-10-06T14:02:39+09:00,27766.0,G_FIO-Fast,1,1,9864431816704,2408308549,4553470941,2.8907340352592006,active_cumulative,/home/oy/iCAT/result/mixU-onlinev4-after-v6-20261005/mixU-onlinev4-rep1/control-series.txt
1791262989,2026-10-06T14:03:09+09:00,27796.0,G_FIO-Fast,1,1,9869348364288,2409508878,4558495120,2.8918772873681027,active_cumulative,/home/oy/iCAT/result/mixU-onlinev4-after-v6-20261005/mixU-onlinev4-rep1/control-series.txt
1791263019,2026-10-06T14:03:39+09:00,27826.0,G_FIO-Fast,1,1,9874264887296,2410709201,4563362115,2.892954203313716,active_cumulative,/home/oy/iCAT/result/mixU-onlinev4-after-v6-20261005/mixU-onlinev4-rep1/control-series.txt
1791263049,2026-10-06T14:04:09+09:00,27856.0,G_FIO-Fast,1,1,9879181647872,2411909582,4568338327,2.894075284203585,active_cumulative,/home/oy/iCAT/result/mixU-onlinev4-after-v6-20261005/mixU-onlinev4-rep1/control-series.txt
1791263079,2026-10-06T14:04:39+09:00,27886.0,G_FIO-Fast,1,1,9884098367488,2413109953,4573270244,2.8951769016221034,active_cumulative,/home/oy/iCAT/result/mixU-onlinev4-after-v6-20261005/mixU-onlinev4-rep1/control-series.txt
1791263109,2026-10-06T14:05:09+09:00,27916.0,G_FIO-Fast,1,1,9889015361536,2414310391,4578299246,2.8963175833011605,active_cumulative,/home/oy/iCAT/result/mixU-onlinev4-after-v6-20261005/mixU-onlinev4-rep1/control-series.txt
1791263139,2026-10-06T14:05:39+09:00,27946.0,G_FIO-Fast,1,1,9893931933696,2415510726,4583245140,2.89742280614489,active_cumulative,/home/oy/iCAT/result/mixU-onlinev4-after-v6-20261005/mixU-onlinev4-rep1/control-series.txt
1791263169,2026-10-06T14:06:09+09:00,27976.0,G_FIO-Fast,1,1,9898848534528,2416711068,4588289429,2.8985676400270455,active_cumulative,/home/oy/iCAT/result/mixU-onlinev4-after-v6-20261005/mixU-onlinev4-rep1/control-series.txt
1791263199,2026-10-06T14:06:39+09:00,28006.0,G_FIO-Fast,1,1,9903765364736,2417911466,4593240570,2.899672769077311,active_cumulative,/home/oy/iCAT/result/mixU-onlinev4-after-v6-20261005/mixU-onlinev4-rep1/control-series.txt
1791263229,2026-10-06T14:07:09+09:00,28036.0,G_FIO-Fast,1,1,9908682149888,2419111853,4598244007,2.900798427860045,active_cumulative,/home/oy/iCAT/result/mixU-onlinev4-after-v6-20261005/mixU-onlinev4-rep1/control-series.txt
1791263259,2026-10-06T14:07:39+09:00,28066.0,G_FIO-Fast,1,1,9913599107072,2420312282,4603177429,2.901894008981441,active_cumulative,/home/oy/iCAT/result/mixU-onlinev4-after-v6-20261005/mixU-onlinev4-rep1/control-series.txt
1791263289,2026-10-06T14:08:09+09:00,28096.0,G_FIO-Fast,1,1,9918515871744,2421512664,4608139597,2.9030004118946042,active_cumulative,/home/oy/iCAT/result/mixU-onlinev4-after-v6-20261005/mixU-onlinev4-rep1/control-series.txt
1791263319,2026-10-06T14:08:39+09:00,28126.0,G_FIO-Fast,1,1,9923432660992,2422713052,4613082179,2.904097629387766,active_cumulative,/home/oy/iCAT/result/mixU-onlinev4-after-v6-20261005/mixU-onlinev4-rep1/control-series.txt
1791263349,2026-10-06T14:09:09+09:00,28156.0,G_FIO-Fast,1,1,9928349208576,2423913381,4618089729,2.9052206094488326,active_cumulative,/home/oy/iCAT/result/mixU-onlinev4-after-v6-20261005/mixU-onlinev4-rep1/control-series.txt
1791263379,2026-10-06T14:09:39+09:00,28186.0,G_FIO-Fast,1,1,9933266153472,2425113807,4623057489,2.90632599412684,active_cumulative,/home/oy/iCAT/result/mixU-onlinev4-after-v6-20261005/mixU-onlinev4-rep1/control-series.txt
1791263409,2026-10-06T14:10:09+09:00,28216.0,G_FIO-Fast,1,1,9938183131136,2426314241,4628067612,2.90744773854707,active_cumulative,/home/oy/iCAT/result/mixU-onlinev4-after-v6-20261005/mixU-onlinev4-rep1/control-series.txt
1791263439,2026-10-06T14:10:39+09:00,28246.0,G_FIO-Fast,1,1,9943099895808,2427514623,4633028888,2.908548292192924,active_cumulative,/home/oy/iCAT/result/mixU-onlinev4-after-v6-20261005/mixU-onlinev4-rep1/control-series.txt
1791263469,2026-10-06T14:11:09+09:00,28276.0,G_FIO-Fast,1,1,9948016529408,2428714973,4638028797,2.9096636898775357,active_cumulative,/home/oy/iCAT/result/mixU-onlinev4-after-v6-20261005/mixU-onlinev4-rep1/control-series.txt
1791263499,2026-10-06T14:11:39+09:00,28306.0,G_FIO-Fast,1,1,9952933289984,2429915354,4642974007,2.9107554505373936,active_cumulative,/home/oy/iCAT/result/mixU-onlinev4-after-v6-20261005/mixU-onlinev4-rep1/control-series.txt
1791263529,2026-10-06T14:12:09+09:00,28336.0,G_FIO-Fast,1,1,9957849927680,2431115705,4647943529,2.911856157006727,active_cumulative,/home/oy/iCAT/result/mixU-onlinev4-after-v6-20261005/mixU-onlinev4-rep1/control-series.txt
1791263559,2026-10-06T14:12:39+09:00,28366.0,G_FIO-Fast,1,1,9962766663680,2432316080,4652836427,2.912924255715976,active_cumulative,/home/oy/iCAT/result/mixU-onlinev4-after-v6-20261005/mixU-onlinev4-rep1/control-series.txt
1791263589,2026-10-06T14:13:09+09:00,28396.0,G_FIO-Fast,1,1,9967683534848,2433516488,4657813192,2.9140257380495713,active_cumulative,/home/oy/iCAT/result/mixU-onlinev4-after-v6-20261005/mixU-onlinev4-rep1/control-series.txt
1791263619,2026-10-06T14:13:39+09:00,28426.0,G_FIO-Fast,1,1,9972600119296,2434716826,4662817510,2.9151375060156584,active_cumulative,/home/oy/iCAT/result/mixU-onlinev4-after-v6-20261005/mixU-onlinev4-rep1/control-series.txt
1791263649,2026-10-06T14:14:09+09:00,28456.0,G_FIO-Fast,1,1,9977516740608,2435917173,4667844411,2.9162574420587655,active_cumulative,/home/oy/iCAT/result/mixU-onlinev4-after-v6-20261005/mixU-onlinev4-rep1/control-series.txt
1791263679,2026-10-06T14:14:39+09:00,28486.0,G_FIO-Fast,1,1,9982433402880,2437117530,4672840435,2.917363597561091,active_cumulative,/home/oy/iCAT/result/mixU-onlinev4-after-v6-20261005/mixU-onlinev4-rep1/control-series.txt
1791263709,2026-10-06T14:15:09+09:00,28516.0,G_FIO-Fast,1,1,9987349942272,2438317857,4677842121,2.918471009663774,active_cumulative,/home/oy/iCAT/result/mixU-onlinev4-after-v6-20261005/mixU-onlinev4-rep1/control-series.txt
1791263739,2026-10-06T14:15:39+09:00,28546.0,G_FIO-Fast,1,1,9992266739712,2439518247,4682823603,2.919569000460934,active_cumulative,/home/oy/iCAT/result/mixU-onlinev4-after-v6-20261005/mixU-onlinev4-rep1/control-series.txt
1791263769,2026-10-06T14:16:09+09:00,28576.0,G_FIO-Fast,1,1,9997183467520,2440718620,4687786809,2.9206584366533823,active_cumulative,/home/oy/iCAT/result/mixU-onlinev4-after-v6-20261005/mixU-onlinev4-rep1/control-series.txt
1791263799,2026-10-06T14:16:39+09:00,28606.0,G_FIO-Fast,1,1,10002100269056,2441919011,4692718391,2.921733837142398,active_cumulative,/home/oy/iCAT/result/mixU-onlinev4-after-v6-20261005/mixU-onlinev4-rep1/control-series.txt
1791263829,2026-10-06T14:17:09+09:00,28636.0,G_FIO-Fast,1,1,10007017070592,2443119402,4697624561,2.9227977794103737,active_cumulative,/home/oy/iCAT/result/mixU-onlinev4-after-v6-20261005/mixU-onlinev4-rep1/control-series.txt
1791263859,2026-10-06T14:17:39+09:00,28666.0,G_FIO-Fast,1,1,10011933626368,2444319733,4702607093,2.9238919645051196,active_cumulative,/home/oy/iCAT/result/mixU-onlinev4-after-v6-20261005/mixU-onlinev4-rep1/control-series.txt
1791263889,2026-10-06T14:18:09+09:00,28696.0,G_FIO-Fast,1,1,10016850587648,2445520163,4707602318,2.9249901878645845,active_cumulative,/home/oy/iCAT/result/mixU-onlinev4-after-v6-20261005/mixU-onlinev4-rep1/control-series.txt
1791263919,2026-10-06T14:18:39+09:00,28726.0,G_FIO-Fast,1,1,10021767413760,2446720560,4712624690,2.926098454823137,active_cumulative,/home/oy/iCAT/result/mixU-onlinev4-after-v6-20261005/mixU-onlinev4-rep1/control-series.txt
1791263949,2026-10-06T14:19:09+09:00,28756.0,G_FIO-Fast,1,1,10026684375040,2447920990,4717566730,2.927172792451933,active_cumulative,/home/oy/iCAT/result/mixU-onlinev4-after-v6-20261005/mixU-onlinev4-rep1/control-series.txt
1791263979,2026-10-06T14:19:39+09:00,28786.0,G_FIO-Fast,1,1,10031601143808,2449121373,4722607418,2.928286392852446,active_cumulative,/home/oy/iCAT/result/mixU-onlinev4-after-v6-20261005/mixU-onlinev4-rep1/control-series.txt
1791264009,2026-10-06T14:20:09+09:00,28816.0,G_FIO-Fast,1,1,10036517937152,2450321762,4727571456,2.929367615843751,active_cumulative,/home/oy/iCAT/result/mixU-onlinev4-after-v6-20261005/mixU-onlinev4-rep1/control-series.txt
1791264039,2026-10-06T14:20:39+09:00,28846.0,G_FIO-Fast,1,1,10041434689536,2451522141,4732581892,2.930466714067503,active_cumulative,/home/oy/iCAT/result/mixU-onlinev4-after-v6-20261005/mixU-onlinev4-rep1/control-series.txt
1791264069,2026-10-06T14:21:09+09:00,28876.0,G_FIO-Fast,1,1,10046351405056,2452722511,4737457760,2.9315098788197163,active_cumulative,/home/oy/iCAT/result/mixU-onlinev4-after-v6-20261005/mixU-onlinev4-rep1/control-series.txt
1791264099,2026-10-06T14:21:39+09:00,28906.0,G_FIO-Fast,1,1,10051268050944,2453922864,4742442861,2.9325965500274993,active_cumulative,/home/oy/iCAT/result/mixU-onlinev4-after-v6-20261005/mixU-onlinev4-rep1/control-series.txt
1791264129,2026-10-06T14:22:09+09:00,28936.0,G_FIO-Fast,1,1,10056185257984,2455123354,4747382979,2.9336637286535296,active_cumulative,/home/oy/iCAT/result/mixU-onlinev4-after-v6-20261005/mixU-onlinev4-rep1/control-series.txt
1791264159,2026-10-06T14:22:39+09:00,28966.0,G_FIO-Fast,1,1,10061102108672,2456323757,4752404323,2.934763000787929,active_cumulative,/home/oy/iCAT/result/mixU-onlinev4-after-v6-20261005/mixU-onlinev4-rep1/control-series.txt
1791264189,2026-10-06T14:23:09+09:00,28996.0,G_FIO-Fast,1,1,10066018775040,2457524115,4757356672,2.9358331594642357,active_cumulative,/home/oy/iCAT/result/mixU-onlinev4-after-v6-20261005/mixU-onlinev4-rep1/control-series.txt
1791264219,2026-10-06T14:23:39+09:00,29026.0,G_FIO-Fast,1,1,10070935568384,2458724504,4762399302,2.9369389674411446,active_cumulative,/home/oy/iCAT/result/mixU-onlinev4-after-v6-20261005/mixU-onlinev4-rep1/control-series.txt
1791264249,2026-10-06T14:24:09+09:00,29056.0,G_FIO-Fast,1,1,10075852304384,2459924879,4767344785,2.938004215371814,active_cumulative,/home/oy/iCAT/result/mixU-onlinev4-after-v6-20261005/mixU-onlinev4-rep1/control-series.txt
1791264279,2026-10-06T14:24:39+09:00,29086.0,G_FIO-Fast,1,1,10080769146880,2461125280,4772370674,2.939101074123297,active_cumulative,/home/oy/iCAT/result/mixU-onlinev4-after-v6-20261005/mixU-onlinev4-rep1/control-series.txt
1791264309,2026-10-06T14:25:09+09:00,29116.0,G_FIO-Fast,1,1,10085686026240,2462325690,4777267482,2.940144433939606,active_cumulative,/home/oy/iCAT/result/mixU-onlinev4-after-v6-20261005/mixU-onlinev4-rep1/control-series.txt
1791264339,2026-10-06T14:25:39+09:00,29146.0,G_FIO-Fast,1,1,10090602770432,2463526067,4782265307,2.9412278080027314,active_cumulative,/home/oy/iCAT/result/mixU-onlinev4-after-v6-20261005/mixU-onlinev4-rep1/control-series.txt
1791264369,2026-10-06T14:26:09+09:00,29176.0,G_FIO-Fast,1,1,10095519756288,2464726503,4787181942,2.94227713954192,active_cumulative,/home/oy/iCAT/result/mixU-onlinev4-after-v6-20261005/mixU-onlinev4-rep1/control-series.txt
1791264399,2026-10-06T14:26:39+09:00,29206.0,G_FIO-Fast,1,1,10100436451328,2465926868,4792246324,2.9433854207877506,active_cumulative,/home/oy/iCAT/result/mixU-onlinev4-after-v6-20261005/mixU-onlinev4-rep1/control-series.txt
1791264429,2026-10-06T14:27:09+09:00,29236.0,G_FIO-Fast,1,1,10105353285632,2467127267,4797186444,2.9444422297003454,active_cumulative,/home/oy/iCAT/result/mixU-onlinev4-after-v6-20261005/mixU-onlinev4-rep1/control-series.txt
1791264459,2026-10-06T14:27:39+09:00,29266.0,G_FIO-Fast,1,1,10110270103552,2468327662,4802244399,2.9455457526692013,active_cumulative,/home/oy/iCAT/result/mixU-onlinev4-after-v6-20261005/mixU-onlinev4-rep1/control-series.txt
1791264489,2026-10-06T14:28:09+09:00,29296.0,G_FIO-Fast,1,1,10115186712576,2469528006,4807176460,2.9465972640603453,active_cumulative,/home/oy/iCAT/result/mixU-onlinev4-after-v6-20261005/mixU-onlinev4-rep1/control-series.txt
1791264519,2026-10-06T14:28:39+09:00,29326.0,G_FIO-Fast,1,1,10120103288832,2470728342,4812222094,2.947693727471719,active_cumulative,/home/oy/iCAT/result/mixU-onlinev4-after-v6-20261005/mixU-onlinev4-rep1/control-series.txt
1791264549,2026-10-06T14:29:09+09:00,29356.0,G_FIO-Fast,1,1,10125020098560,2471928735,4817142465,2.9487384068942424,active_cumulative,/home/oy/iCAT/result/mixU-onlinev4-after-v6-20261005/mixU-onlinev4-rep1/control-series.txt
1791264579,2026-10-06T14:29:39+09:00,29386.0,G_FIO-Fast,1,1,10129937047552,2473129162,4822145253,2.9498153703789454,active_cumulative,/home/oy/iCAT/result/mixU-onlinev4-after-v6-20261005/mixU-onlinev4-rep1/control-series.txt
1791264609,2026-10-06T14:30:09+09:00,29416.0,G_FIO-Fast,1,1,10134853574656,2474329486,4827016590,2.9508382441836205,active_cumulative,/home/oy/iCAT/result/mixU-onlinev4-after-v6-20261005/mixU-onlinev4-rep1/control-series.txt
1791264639,2026-10-06T14:30:39+09:00,29446.0,G_FIO-Fast,1,1,10139770368000,2475529875,4832051202,2.9519260303816774,active_cumulative,/home/oy/iCAT/result/mixU-onlinev4-after-v6-20261005/mixU-onlinev4-rep1/control-series.txt
1791264669,2026-10-06T14:31:09+09:00,29476.0,G_FIO-Fast,1,1,10144686944256,2476730211,4836966687,2.95296470544809,active_cumulative,/home/oy/iCAT/result/mixU-onlinev4-after-v6-20261005/mixU-onlinev4-rep1/control-series.txt
1791264699,2026-10-06T14:31:39+09:00,29506.0,G_FIO-Fast,1,1,10149603811328,2477930618,4842058603,2.9540735191803504,active_cumulative,/home/oy/iCAT/result/mixU-onlinev4-after-v6-20261005/mixU-onlinev4-rep1/control-series.txt
1791264729,2026-10-06T14:32:09+09:00,29536.0,G_FIO-Fast,1,1,10154520485888,2479130978,4846994476,2.9551183535733303,active_cumulative,/home/oy/iCAT/result/mixU-onlinev4-after-v6-20261005/mixU-onlinev4-rep1/control-series.txt
1791264759,2026-10-06T14:32:39+09:00,29566.0,G_FIO-Fast,1,1,10159437258752,2480331362,4852028281,2.9562016411741037,active_cumulative,/home/oy/iCAT/result/mixU-onlinev4-after-v6-20261005/mixU-onlinev4-rep1/control-series.txt
1791264789,2026-10-06T14:33:09+09:00,29596.0,G_FIO-Fast,1,1,10164354097152,2481531762,4856939057,2.957234290277845,active_cumulative,/home/oy/iCAT/result/mixU-onlinev4-after-v6-20261005/mixU-onlinev4-rep1/control-series.txt
1791264819,2026-10-06T14:33:39+09:00,29626.0,G_FIO-Fast,1,1,10169271083008,2482732198,4861992946,2.9583235557651557,active_cumulative,/home/oy/iCAT/result/mixU-onlinev4-after-v6-20261005/mixU-onlinev4-rep1/control-series.txt
1791264849,2026-10-06T14:34:09+09:00,29656.0,G_FIO-Fast,1,1,10174187831296,2483932576,4866860144,2.959336654716026,active_cumulative,/home/oy/iCAT/result/mixU-onlinev4-after-v6-20261005/mixU-onlinev4-rep1/control-series.txt
1791264879,2026-10-06T14:34:39+09:00,29686.0,G_FIO-Fast,1,1,10179104686080,2485132980,4871853940,2.960399696598932,active_cumulative,/home/oy/iCAT/result/mixU-onlinev4-after-v6-20261005/mixU-onlinev4-rep1/control-series.txt
1791264909,2026-10-06T14:35:09+09:00,29716.0,G_FIO-Fast,1,1,10184021241856,2486333311,4876773783,2.96143202579648,active_cumulative,/home/oy/iCAT/result/mixU-onlinev4-after-v6-20261005/mixU-onlinev4-rep1/control-series.txt
1791264939,2026-10-06T14:35:39+09:00,29746.0,G_FIO-Fast,1,1,10188938313728,2487533768,4881834309,2.9625198145249865,active_cumulative,/home/oy/iCAT/result/mixU-onlinev4-after-v6-20261005/mixU-onlinev4-rep1/control-series.txt
1791264969,2026-10-06T14:36:09+09:00,29776.0,G_FIO-Fast,1,1,10193854980096,2488734126,4886778416,2.9635598535606693,active_cumulative,/home/oy/iCAT/result/mixU-onlinev4-after-v6-20261005/mixU-onlinev4-rep1/control-series.txt
1791264999,2026-10-06T14:36:39+09:00,29806.0,G_FIO-Fast,1,1,10198771961856,2489934561,4891834930,2.9646439736293133,active_cumulative,/home/oy/iCAT/result/mixU-onlinev4-after-v6-20261005/mixU-onlinev4-rep1/control-series.txt
1791265029,2026-10-06T14:37:09+09:00,29836.0,G_FIO-Fast,1,1,10203688615936,2491134916,4896751837,2.965671070462408,active_cumulative,/home/oy/iCAT/result/mixU-onlinev4-after-v6-20261005/mixU-onlinev4-rep1/control-series.txt
1791265059,2026-10-06T14:37:39+09:00,29866.0,G_FIO-Fast,1,1,10208605437952,2492335312,4901828681,2.9667613171465588,active_cumulative,/home/oy/iCAT/result/mixU-onlinev4-after-v6-20261005/mixU-onlinev4-rep1/control-series.txt
1791265089,2026-10-06T14:38:09+09:00,29896.0,G_FIO-Fast,1,1,10213521956864,2493535634,4906751575,2.967788832890607,active_cumulative,/home/oy/iCAT/result/mixU-onlinev4-after-v6-20261005/mixU-onlinev4-rep1/control-series.txt
1791265119,2026-10-06T14:38:39+09:00,29926.0,G_FIO-Fast,1,1,10218438610944,2494735989,4911726370,2.968836138035126,active_cumulative,/home/oy/iCAT/result/mixU-onlinev4-after-v6-20261005/mixU-onlinev4-rep1/control-series.txt
1791265149,2026-10-06T14:39:09+09:00,29956.0,G_FIO-Fast,1,1,10223355539456,2495936411,4916606206,2.9698443375126518,active_cumulative,/home/oy/iCAT/result/mixU-onlinev4-after-v6-20261005/mixU-onlinev4-rep1/control-series.txt
1791265179,2026-10-06T14:39:39+09:00,29986.0,G_FIO-Fast,1,1,10228272152576,2497136756,4921652911,2.970918452573528,active_cumulative,/home/oy/iCAT/result/mixU-onlinev4-after-v6-20261005/mixU-onlinev4-rep1/control-series.txt
1791265209,2026-10-06T14:40:09+09:00,30016.0,G_FIO-Fast,1,1,10233189081088,2498337178,4926588727,2.97194708960137,active_cumulative,/home/oy/iCAT/result/mixU-onlinev4-after-v6-20261005/mixU-onlinev4-rep1/control-series.txt
1791265239,2026-10-06T14:40:39+09:00,30046.0,G_FIO-Fast,1,1,10238105833472,2499537557,4931645134,2.973023017873382,active_cumulative,/home/oy/iCAT/result/mixU-onlinev4-after-v6-20261005/mixU-onlinev4-rep1/control-series.txt
1791265269,2026-10-06T14:41:09+09:00,30076.0,G_FIO-Fast,1,1,10243022786560,2500737985,4936581164,2.974049737961652,active_cumulative,/home/oy/iCAT/result/mixU-onlinev4-after-v6-20261005/mixU-onlinev4-rep1/control-series.txt
1791265299,2026-10-06T14:41:39+09:00,30106.0,G_FIO-Fast,1,1,10247939715072,2501938407,4941637811,2.975123686967726,active_cumulative,/home/oy/iCAT/result/mixU-onlinev4-after-v6-20261005/mixU-onlinev4-rep1/control-series.txt
1791265329,2026-10-06T14:42:09+09:00,30136.0,G_FIO-Fast,1,1,10252856418304,2503138774,4946571787,2.9761476424638693,active_cumulative,/home/oy/iCAT/result/mixU-onlinev4-after-v6-20261005/mixU-onlinev4-rep1/control-series.txt
1791265359,2026-10-06T14:42:39+09:00,30166.0,G_FIO-Fast,1,1,10257773346816,2504339196,4951602465,2.9772091867223245,active_cumulative,/home/oy/iCAT/result/mixU-onlinev4-after-v6-20261005/mixU-onlinev4-rep1/control-series.txt
1791265389,2026-10-06T14:43:09+09:00,30196.0,G_FIO-Fast,1,1,10262690193408,2505539598,4956446272,2.9781951464492478,active_cumulative,/home/oy/iCAT/result/mixU-onlinev4-after-v6-20261005/mixU-onlinev4-rep1/control-series.txt
1791265419,2026-10-06T14:43:39+09:00,30226.0,G_FIO-Fast,1,1,10267606822912,2506739947,4961512058,2.979268756592724,active_cumulative,/home/oy/iCAT/result/mixU-onlinev4-after-v6-20261005/mixU-onlinev4-rep1/control-series.txt
1791265449,2026-10-06T14:44:09+09:00,30256.0,G_FIO-Fast,1,1,10272523935744,2507940414,4966461215,2.980294741962717,active_cumulative,/home/oy/iCAT/result/mixU-onlinev4-after-v6-20261005/mixU-onlinev4-rep1/control-series.txt
1791265479,2026-10-06T14:44:39+09:00,30286.0,G_FIO-Fast,1,1,10277440778240,2509140815,4971518538,2.981362906489567,active_cumulative,/home/oy/iCAT/result/mixU-onlinev4-after-v6-20261005/mixU-onlinev4-rep1/control-series.txt
1791265509,2026-10-06T14:45:09+09:00,30316.0,G_FIO-Fast,1,1,10282357321728,2510341143,4976460744,2.9823842499959374,active_cumulative,/home/oy/iCAT/result/mixU-onlinev4-after-v6-20261005/mixU-onlinev4-rep1/control-series.txt
1791265539,2026-10-06T14:45:39+09:00,30346.0,G_FIO-Fast,1,1,10287274344448,2511541588,4981516880,2.9834498874322444,active_cumulative,/home/oy/iCAT/result/mixU-onlinev4-after-v6-20261005/mixU-onlinev4-rep1/control-series.txt
1791265569,2026-10-06T14:46:09+09:00,30376.0,G_FIO-Fast,1,1,10292191035392,2512741952,4986432290,2.984458565684026,active_cumulative,/home/oy/iCAT/result/mixU-onlinev4-after-v6-20261005/mixU-onlinev4-rep1/control-series.txt
1791265599,2026-10-06T14:46:39+09:00,30406.0,G_FIO-Fast,1,1,10297107877888,2513942353,4991465930,2.9855132811790455,active_cumulative,/home/oy/iCAT/result/mixU-onlinev4-after-v6-20261005/mixU-onlinev4-rep1/control-series.txt
1791265629,2026-10-06T14:47:09+09:00,30436.0,G_FIO-Fast,1,1,10302024556544,2515142714,4996355431,2.986509713022988,active_cumulative,/home/oy/iCAT/result/mixU-onlinev4-after-v6-20261005/mixU-onlinev4-rep1/control-series.txt
1791265659,2026-10-06T14:47:39+09:00,30466.0,G_FIO-Fast,1,1,10306941464576,2516343131,5001324106,2.98753661390069,active_cumulative,/home/oy/iCAT/result/mixU-onlinev4-after-v6-20261005/mixU-onlinev4-rep1/control-series.txt
1791265689,2026-10-06T14:48:09+09:00,30496.0,G_FIO-Fast,1,1,10311858028544,2517543464,5006261804,2.9885502973783016,active_cumulative,/home/oy/iCAT/result/mixU-onlinev4-after-v6-20261005/mixU-onlinev4-rep1/control-series.txt
1791265719,2026-10-06T14:48:39+09:00,30526.0,G_FIO-Fast,1,1,10316774551552,2518743787,5011294076,2.9896005706752735,active_cumulative,/home/oy/iCAT/result/mixU-onlinev4-after-v6-20261005/mixU-onlinev4-rep1/control-series.txt
1791265749,2026-10-06T14:49:09+09:00,30556.0,G_FIO-Fast,1,1,10321691619328,2519944243,5016244315,2.9906171848580856,active_cumulative,/home/oy/iCAT/result/mixU-onlinev4-after-v6-20261005/mixU-onlinev4-rep1/control-series.txt
1791265779,2026-10-06T14:49:39+09:00,30586.0,G_FIO-Fast,1,1,10326608310272,2521144607,5021323406,2.9916840121182307,active_cumulative,/home/oy/iCAT/result/mixU-onlinev4-after-v6-20261005/mixU-onlinev4-rep1/control-series.txt
1791265809,2026-10-06T14:50:09+09:00,30616.0,G_FIO-Fast,1,1,10331524952064,2522344959,5026268828,2.9926968395285223,active_cumulative,/home/oy/iCAT/result/mixU-onlinev4-after-v6-20261005/mixU-onlinev4-rep1/control-series.txt
1791265839,2026-10-06T14:50:39+09:00,30646.0,G_FIO-Fast,1,1,10336441692160,2523545335,5031309805,2.9937465498316476,active_cumulative,/home/oy/iCAT/result/mixU-onlinev4-after-v6-20261005/mixU-onlinev4-rep1/control-series.txt
1791265869,2026-10-06T14:51:09+09:00,30676.0,G_FIO-Fast,1,1,10341358551040,2524745740,5036233248,2.994748686257809,active_cumulative,/home/oy/iCAT/result/mixU-onlinev4-after-v6-20261005/mixU-onlinev4-rep1/control-series.txt
1791265899,2026-10-06T14:51:39+09:00,30706.0,G_FIO-Fast,1,1,10346275725312,2525946222,5041197996,2.9957661616439593,active_cumulative,/home/oy/iCAT/result/mixU-onlinev4-after-v6-20261005/mixU-onlinev4-rep1/control-series.txt
1791265929,2026-10-06T14:52:09+09:00,30736.0,G_FIO-Fast,1,1,10351192584192,2527146627,5046084586,2.996751803827962,active_cumulative,/home/oy/iCAT/result/mixU-onlinev4-after-v6-20261005/mixU-onlinev4-rep1/control-series.txt
1791265959,2026-10-06T14:52:39+09:00,30766.0,G_FIO-Fast,1,1,10356109230080,2528346980,5051103985,2.9977890791714037,active_cumulative,/home/oy/iCAT/result/mixU-onlinev4-after-v6-20261005/mixU-onlinev4-rep1/control-series.txt
1791265989,2026-10-06T14:53:09+09:00,30796.0,G_FIO-Fast,1,1,10361026048000,2529547375,5056045675,2.9987946163688672,active_cumulative,/home/oy/iCAT/result/mixU-onlinev4-after-v6-20261005/mixU-onlinev4-rep1/control-series.txt
1791266019,2026-10-06T14:53:39+09:00,30826.0,G_FIO-Fast,1,1,10365943140352,2530747837,5061077347,2.9998347022196823,active_cumulative,/home/oy/iCAT/result/mixU-onlinev4-after-v6-20261005/mixU-onlinev4-rep1/control-series.txt
1791266049,2026-10-06T14:54:09+09:00,30856.0,G_FIO-Fast,1,1,10370859900928,2531948218,5066037348,3.000845559156692,active_cumulative,/home/oy/iCAT/result/mixU-onlinev4-after-v6-20261005/mixU-onlinev4-rep1/control-series.txt
1791266079,2026-10-06T14:54:39+09:00,30886.0,G_FIO-Fast,1,1,10375777009664,2533148684,5071056711,3.0018788249699124,active_cumulative,/home/oy/iCAT/result/mixU-onlinev4-after-v6-20261005/mixU-onlinev4-rep1/control-series.txt
1791266109,2026-10-06T14:55:09+09:00,30916.0,G_FIO-Fast,1,1,10380693831680,2534349080,5076008625,3.002884553299185,active_cumulative,/home/oy/iCAT/result/mixU-onlinev4-after-v6-20261005/mixU-onlinev4-rep1/control-series.txt
1791266139,2026-10-06T14:55:39+09:00,30946.0,G_FIO-Fast,1,1,10385610567680,2535549455,5081059801,3.003928494070726,active_cumulative,/home/oy/iCAT/result/mixU-onlinev4-after-v6-20261005/mixU-onlinev4-rep1/control-series.txt
1791266169,2026-10-06T14:56:09+09:00,30976.0,G_FIO-Fast,1,1,10390527406080,2536749855,5085949672,3.004907839839021,active_cumulative,/home/oy/iCAT/result/mixU-onlinev4-after-v6-20261005/mixU-onlinev4-rep1/control-series.txt
1791266200,2026-10-06T14:56:40+09:00,31007.0,G_FIO-Fast,1,1,10395444346880,2537950280,5090936984,3.005924633007389,active_cumulative,/home/oy/iCAT/result/mixU-onlinev4-after-v6-20261005/mixU-onlinev4-rep1/control-series.txt
1791266230,2026-10-06T14:57:10+09:00,31037.0,G_FIO-Fast,1,1,10400361103360,2539150660,5095899354,3.0069306773627997,active_cumulative,/home/oy/iCAT/result/mixU-onlinev4-after-v6-20261005/mixU-onlinev4-rep1/control-series.txt
1791266260,2026-10-06T14:57:40+09:00,31067.0,G_FIO-Fast,1,1,10405277933568,2540351058,5100933716,3.007964096118246,active_cumulative,/home/oy/iCAT/result/mixU-onlinev4-after-v6-20261005/mixU-onlinev4-rep1/control-series.txt
1791266290,2026-10-06T14:58:10+09:00,31097.0,G_FIO-Fast,1,1,10410194685952,2541551437,5105893011,3.00896701780976,active_cumulative,/home/oy/iCAT/result/mixU-onlinev4-after-v6-20261005/mixU-onlinev4-rep1/control-series.txt
1791266320,2026-10-06T14:58:40+09:00,31127.0,G_FIO-Fast,1,1,10415111245824,2542751769,5110903623,3.0099892114164133,active_cumulative,/home/oy/iCAT/result/mixU-onlinev4-after-v6-20261005/mixU-onlinev4-rep1/control-series.txt
1791266350,2026-10-06T14:59:10+09:00,31157.0,G_FIO-Fast,1,1,10420027920384,2543952129,5115871324,3.0109935504214826,active_cumulative,/home/oy/iCAT/result/mixU-onlinev4-after-v6-20261005/mixU-onlinev4-rep1/control-series.txt
1791266380,2026-10-06T14:59:40+09:00,31187.0,G_FIO-Fast,1,1,10424944713728,2545152518,5120877661,3.0120120993864936,active_cumulative,/home/oy/iCAT/result/mixU-onlinev4-after-v6-20261005/mixU-onlinev4-rep1/control-series.txt
1791266410,2026-10-06T15:00:10+09:00,31217.0,G_FIO-Fast,1,1,10429861261312,2546352847,5125847724,3.0130154899934807,active_cumulative,/home/oy/iCAT/result/mixU-onlinev4-after-v6-20261005/mixU-onlinev4-rep1/control-series.txt
1791266440,2026-10-06T15:00:40+09:00,31247.0,G_FIO-Fast,1,1,10434778136576,2547553256,5130751044,3.0139916729575917,active_cumulative,/home/oy/iCAT/result/mixU-onlinev4-after-v6-20261005/mixU-onlinev4-rep1/control-series.txt
1791266470,2026-10-06T15:01:10+09:00,31277.0,G_FIO-Fast,1,1,10439694921728,2548753643,5135739757,3.0150004576177865,active_cumulative,/home/oy/iCAT/result/mixU-onlinev4-after-v6-20261005/mixU-onlinev4-rep1/control-series.txt
1791266500,2026-10-06T15:01:40+09:00,31307.0,G_FIO-Fast,1,1,10444611608576,2549954006,5140766422,3.01602319489052,active_cumulative,/home/oy/iCAT/result/mixU-onlinev4-after-v6-20261005/mixU-onlinev4-rep1/control-series.txt
1791266530,2026-10-06T15:02:10+09:00,31337.0,G_FIO-Fast,1,1,10449528229888,2551154353,5145775732,3.0170381795789365,active_cumulative,/home/oy/iCAT/result/mixU-onlinev4-after-v6-20261005/mixU-onlinev4-rep1/control-series.txt
1791266560,2026-10-06T15:02:40+09:00,31367.0,G_FIO-Fast,1,1,10454445031424,2552354744,5150778963,3.0180497930815844,active_cumulative,/home/oy/iCAT/result/mixU-onlinev4-after-v6-20261005/mixU-onlinev4-rep1/control-series.txt
1791266590,2026-10-06T15:03:10+09:00,31397.0,G_FIO-Fast,1,1,10459361820672,2553555132,5155778313,3.0190589380233517,active_cumulative,/home/oy/iCAT/result/mixU-onlinev4-after-v6-20261005/mixU-onlinev4-rep1/control-series.txt
1791266620,2026-10-06T15:03:40+09:00,31427.0,G_FIO-Fast,1,1,10464278564864,2554755509,5160776813,3.0200668106280224,active_cumulative,/home/oy/iCAT/result/mixU-onlinev4-after-v6-20261005/mixU-onlinev4-rep1/control-series.txt
1791266650,2026-10-06T15:04:10+09:00,31457.0,G_FIO-Fast,1,1,10469195423744,2555955914,5165766418,3.0210702343123437,active_cumulative,/home/oy/iCAT/result/mixU-onlinev4-after-v6-20261005/mixU-onlinev4-rep1/control-series.txt
1791266680,2026-10-06T15:04:40+09:00,31487.0,G_FIO-Fast,1,1,10474112262144,2557156314,5170699780,3.0220507255232265,active_cumulative,/home/oy/iCAT/result/mixU-onlinev4-after-v6-20261005/mixU-onlinev4-rep1/control-series.txt
1791266710,2026-10-06T15:05:10+09:00,31517.0,H_Varmail,1,1,10478896017408,2558324223,5175387789,3.0229600855403387,active_cumulative,/home/oy/iCAT/result/mixU-onlinev4-after-v6-20261005/mixU-onlinev4-rep1/control-series.txt
1791266740,2026-10-06T15:05:40+09:00,31547.0,H_Varmail,1,1,10489682284544,2560957589,5183637048,3.0241010902582346,active_cumulative,/home/oy/iCAT/result/mixU-onlinev4-after-v6-20261005/mixU-onlinev4-rep1/control-series.txt
1791266770,2026-10-06T15:06:10+09:00,31577.0,H_Varmail,1,1,10501245558784,2563780654,5191970358,3.025122683525796,active_cumulative,/home/oy/iCAT/result/mixU-onlinev4-after-v6-20261005/mixU-onlinev4-rep1/control-series.txt
1791266800,2026-10-06T15:06:40+09:00,31607.0,H_Varmail,1,1,10512428793856,2566510936,5199499305,3.0259018701488984,active_cumulative,/home/oy/iCAT/result/mixU-onlinev4-after-v6-20261005/mixU-onlinev4-rep1/control-series.txt
1791266830,2026-10-06T15:07:10+09:00,31637.0,H_Varmail,1,1,10524595892224,2569481419,5207478983,3.0266653592018056,active_cumulative,/home/oy/iCAT/result/mixU-onlinev4-after-v6-20261005/mixU-onlinev4-rep1/control-series.txt
1791266860,2026-10-06T15:07:40+09:00,31667.0,H_Varmail,1,1,10537200562176,2572558731,5215301821,3.0272819268047257,active_cumulative,/home/oy/iCAT/result/mixU-onlinev4-after-v6-20261005/mixU-onlinev4-rep1/control-series.txt
1791266890,2026-10-06T15:08:10+09:00,31697.0,H_Varmail,1,1,10549975519232,2575677617,5223060647,3.0278394363202636,active_cumulative,/home/oy/iCAT/result/mixU-onlinev4-after-v6-20261005/mixU-onlinev4-rep1/control-series.txt
1791266920,2026-10-06T15:08:40+09:00,31727.0,H_Varmail,1,1,10563709947904,2579030749,5230876733,3.0282335660512127,active_cumulative,/home/oy/iCAT/result/mixU-onlinev4-after-v6-20261005/mixU-onlinev4-rep1/control-series.txt
1791266950,2026-10-06T15:09:10+09:00,31757.0,H_Varmail,1,1,10577721069568,2582451433,5238520470,3.0285068687291745,active_cumulative,/home/oy/iCAT/result/mixU-onlinev4-after-v6-20261005/mixU-onlinev4-rep1/control-series.txt
1791266980,2026-10-06T15:09:40+09:00,31787.0,H_Varmail,1,1,10591932243968,2585920958,5246001066,3.028678042061021,active_cumulative,/home/oy/iCAT/result/mixU-onlinev4-after-v6-20261005/mixU-onlinev4-rep1/control-series.txt
1791267010,2026-10-06T15:10:10+09:00,31817.0,H_Varmail,1,1,10606448439296,2589464951,5253165522,3.0286683239220253,active_cumulative,/home/oy/iCAT/result/mixU-onlinev4-after-v6-20261005/mixU-onlinev4-rep1/control-series.txt
1791267040,2026-10-06T15:10:40+09:00,31847.0,H_Varmail,1,1,10621070364672,2593034757,5260218369,3.0285953957230354,active_cumulative,/home/oy/iCAT/result/mixU-onlinev4-after-v6-20261005/mixU-onlinev4-rep1/control-series.txt
1791267070,2026-10-06T15:11:10+09:00,31877.0,H_Varmail,1,1,10635871703040,2596648365,5267276051,3.028490311586721,active_cumulative,/home/oy/iCAT/result/mixU-onlinev4-after-v6-20261005/mixU-onlinev4-rep1/control-series.txt
1791267100,2026-10-06T15:11:40+09:00,31907.0,H_Varmail,1,1,10650711867392,2600271452,5274244906,3.0283439646054306,active_cumulative,/home/oy/iCAT/result/mixU-onlinev4-after-v6-20261005/mixU-onlinev4-rep1/control-series.txt
1791267130,2026-10-06T15:12:10+09:00,31937.0,H_Varmail,1,1,10665507954688,2603883778,5281104892,3.0281645965229407,active_cumulative,/home/oy/iCAT/result/mixU-onlinev4-after-v6-20261005/mixU-onlinev4-rep1/control-series.txt
1791267160,2026-10-06T15:12:40+09:00,31967.0,H_Varmail,1,1,10680359215104,2607509574,5287902984,3.0279515123268346,active_cumulative,/home/oy/iCAT/result/mixU-onlinev4-after-v6-20261005/mixU-onlinev4-rep1/control-series.txt
1791267190,2026-10-06T15:13:10+09:00,31997.0,H_Varmail,1,1,10695337869312,2611166472,5294683925,3.027708298867894,active_cumulative,/home/oy/iCAT/result/mixU-onlinev4-after-v6-20261005/mixU-onlinev4-rep1/control-series.txt
1791267220,2026-10-06T15:13:40+09:00,32027.0,H_Varmail,1,1,10710520324096,2614873126,5301493207,3.0274380253047886,active_cumulative,/home/oy/iCAT/result/mixU-onlinev4-after-v6-20261005/mixU-onlinev4-rep1/control-series.txt
1791267250,2026-10-06T15:14:10+09:00,32057.0,H_Varmail,1,1,10726215045120,2618704845,5308478466,3.027138902704402,active_cumulative,/home/oy/iCAT/result/mixU-onlinev4-after-v6-20261005/mixU-onlinev4-rep1/control-series.txt
1791267280,2026-10-06T15:14:40+09:00,32087.0,H_Varmail,,,,,,,inactive_or_zero,/home/oy/iCAT/result/mixU-onlinev4-after-v6-20261005/mixU-onlinev4-rep1/control-series.txt
1791267310,2026-10-06T15:15:10+09:00,32117.0,H_Varmail,1,1,10757682708480,2626387380,5322332621,3.0264842351625982,active_cumulative,/home/oy/iCAT/result/mixU-onlinev4-after-v6-20261005/mixU-onlinev4-rep1/control-series.txt
1791267340,2026-10-06T15:15:40+09:00,32147.0,H_Varmail,1,1,10773497655296,2630248451,5329240205,3.026135669036841,active_cumulative,/home/oy/iCAT/result/mixU-onlinev4-after-v6-20261005/mixU-onlinev4-rep1/control-series.txt
1791267370,2026-10-06T15:16:10+09:00,32177.0,H_Varmail,1,1,10789252464640,2634094840,5336053065,3.025763455426685,active_cumulative,/home/oy/iCAT/result/mixU-onlinev4-after-v6-20261005/mixU-onlinev4-rep1/control-series.txt
1791267400,2026-10-06T15:16:40+09:00,32207.0,H_Varmail,1,1,10805173051392,2637981702,5342865911,3.0253612475587977,active_cumulative,/home/oy/iCAT/result/mixU-onlinev4-after-v6-20261005/mixU-onlinev4-rep1/control-series.txt
1791267430,2026-10-06T15:17:10+09:00,32237.0,H_Varmail,1,1,10821093146624,2641868444,5349630233,3.0249419478663486,active_cumulative,/home/oy/iCAT/result/mixU-onlinev4-after-v6-20261005/mixU-onlinev4-rep1/control-series.txt
1791267460,2026-10-06T15:17:40+09:00,32267.0,H_Varmail,1,1,10837011931136,2645754866,5356424411,3.0245354094720582,active_cumulative,/home/oy/iCAT/result/mixU-onlinev4-after-v6-20261005/mixU-onlinev4-rep1/control-series.txt
1791267490,2026-10-06T15:18:10+09:00,32297.0,H_Varmail,1,1,10852905906176,2649635231,5363123858,3.0240989383191064,active_cumulative,/home/oy/iCAT/result/mixU-onlinev4-after-v6-20261005/mixU-onlinev4-rep1/control-series.txt
1791267520,2026-10-06T15:18:40+09:00,32327.0,H_Varmail,1,1,10868836560896,2653524551,5369795303,3.023646361582128,active_cumulative,/home/oy/iCAT/result/mixU-onlinev4-after-v6-20261005/mixU-onlinev4-rep1/control-series.txt
1791267550,2026-10-06T15:19:10+09:00,32357.0,H_Varmail,1,1,10884852105216,2657434596,5376470055,3.0231805753912897,active_cumulative,/home/oy/iCAT/result/mixU-onlinev4-after-v6-20261005/mixU-onlinev4-rep1/control-series.txt
1791267580,2026-10-06T15:19:40+09:00,32387.0,H_Varmail,1,1,10900917288960,2661356760,5383120849,3.022697944863281,active_cumulative,/home/oy/iCAT/result/mixU-onlinev4-after-v6-20261005/mixU-onlinev4-rep1/control-series.txt
1791267610,2026-10-06T15:20:10+09:00,32417.0,H_Varmail,1,1,10916866056192,2665250502,5389711482,3.02221572717295,active_cumulative,/home/oy/iCAT/result/mixU-onlinev4-after-v6-20261005/mixU-onlinev4-rep1/control-series.txt
1791267640,2026-10-06T15:20:40+09:00,32447.0,H_Varmail,1,1,10932891959296,2669163076,5396244399,3.0216990290030523,active_cumulative,/home/oy/iCAT/result/mixU-onlinev4-after-v6-20261005/mixU-onlinev4-rep1/control-series.txt
1791267670,2026-10-06T15:21:10+09:00,32477.0,H_Varmail,1,1,10948909441024,2673073594,5402789586,3.0211899882319515,active_cumulative,/home/oy/iCAT/result/mixU-onlinev4-after-v6-20261005/mixU-onlinev4-rep1/control-series.txt
1791267700,2026-10-06T15:21:40+09:00,32507.0,H_Varmail,1,1,10965005594624,2677003319,5409270020,3.0206437480326485,active_cumulative,/home/oy/iCAT/result/mixU-onlinev4-after-v6-20261005/mixU-onlinev4-rep1/control-series.txt
1791267730,2026-10-06T15:22:10+09:00,32537.0,H_Varmail,1,1,10981094653952,2680931312,5415777435,3.0201104783097854,active_cumulative,/home/oy/iCAT/result/mixU-onlinev4-after-v6-20261005/mixU-onlinev4-rep1/control-series.txt
1791267760,2026-10-06T15:22:40+09:00,32567.0,H_Varmail,1,1,10997219962880,2684868155,5422258192,3.0195621829333366,active_cumulative,/home/oy/iCAT/result/mixU-onlinev4-after-v6-20261005/mixU-onlinev4-rep1/control-series.txt
1791267790,2026-10-06T15:23:10+09:00,32597.0,H_Varmail,1,1,11013413928960,2688821760,5428739686,3.0190031807835416,active_cumulative,/home/oy/iCAT/result/mixU-onlinev4-after-v6-20261005/mixU-onlinev4-rep1/control-series.txt
1791267820,2026-10-06T15:23:40+09:00,32627.0,H_Varmail,1,1,11029576634368,2692767733,5435189266,3.018439689168691,active_cumulative,/home/oy/iCAT/result/mixU-onlinev4-after-v6-20261005/mixU-onlinev4-rep1/control-series.txt
1791267850,2026-10-06T15:24:10+09:00,32657.0,H_Varmail,1,1,11045717622784,2696708404,5441565090,3.0178544635855262,active_cumulative,/home/oy/iCAT/result/mixU-onlinev4-after-v6-20261005/mixU-onlinev4-rep1/control-series.txt
1791267880,2026-10-06T15:24:40+09:00,32687.0,H_Varmail,1,1,11061866897408,2700651098,5447932888,3.017266462903902,active_cumulative,/home/oy/iCAT/result/mixU-onlinev4-after-v6-20261005/mixU-onlinev4-rep1/control-series.txt
1791267910,2026-10-06T15:25:10+09:00,32717.0,H_Varmail,1,1,11078115278848,2704617988,5454318343,3.0166686634489692,active_cumulative,/home/oy/iCAT/result/mixU-onlinev4-after-v6-20261005/mixU-onlinev4-rep1/control-series.txt
1791267940,2026-10-06T15:25:40+09:00,32747.0,H_Varmail,1,1,11094319050752,2708573987,5460683992,3.0160734091846684,active_cumulative,/home/oy/iCAT/result/mixU-onlinev4-after-v6-20261005/mixU-onlinev4-rep1/control-series.txt
1791267970,2026-10-06T15:26:10+09:00,32777.0,H_Varmail,1,1,11110527926272,2712531232,5467032262,3.0154725584372555,active_cumulative,/home/oy/iCAT/result/mixU-onlinev4-after-v6-20261005/mixU-onlinev4-rep1/control-series.txt
1791268000,2026-10-06T15:26:40+09:00,32807.0,H_Varmail,1,1,11126786465792,2716500602,5473337886,3.0148487660817387,active_cumulative,/home/oy/iCAT/result/mixU-onlinev4-after-v6-20261005/mixU-onlinev4-rep1/control-series.txt
1791268030,2026-10-06T15:27:10+09:00,32837.0,H_Varmail,1,1,11143091654656,2720481361,5479657475,3.014223494986849,active_cumulative,/home/oy/iCAT/result/mixU-onlinev4-after-v6-20261005/mixU-onlinev4-rep1/control-series.txt
1791268060,2026-10-06T15:27:40+09:00,32867.0,H_Varmail,1,1,11159384715264,2724459159,5485978378,3.013602721801711,active_cumulative,/home/oy/iCAT/result/mixU-onlinev4-after-v6-20261005/mixU-onlinev4-rep1/control-series.txt
1791268090,2026-10-06T15:28:10+09:00,32897.0,H_Varmail,1,1,11175726690304,2728448899,5492265275,3.01296248466041,active_cumulative,/home/oy/iCAT/result/mixU-onlinev4-after-v6-20261005/mixU-onlinev4-rep1/control-series.txt
1791268120,2026-10-06T15:28:40+09:00,32927.0,H_Varmail,1,1,11192022900736,2732427466,5498541381,3.0123283964237535,active_cumulative,/home/oy/iCAT/result/mixU-onlinev4-after-v6-20261005/mixU-onlinev4-rep1/control-series.txt
1791268150,2026-10-06T15:29:10+09:00,32957.0,H_Varmail,1,1,11208350765056,2736413761,5504773006,3.011674215520801,active_cumulative,/home/oy/iCAT/result/mixU-onlinev4-after-v6-20261005/mixU-onlinev4-rep1/control-series.txt
1791268180,2026-10-06T15:29:40+09:00,32987.0,H_Varmail,1,1,11224712093696,2740408226,5511032164,3.0110259893811895,active_cumulative,/home/oy/iCAT/result/mixU-onlinev4-after-v6-20261005/mixU-onlinev4-rep1/control-series.txt
1791268210,2026-10-06T15:30:10+09:00,33017.0,H_Varmail,1,1,11241075425280,2744403180,5517281657,3.0103757702977156,active_cumulative,/home/oy/iCAT/result/mixU-onlinev4-after-v6-20261005/mixU-onlinev4-rep1/control-series.txt
1791268240,2026-10-06T15:30:40+09:00,33047.0,H_Varmail,1,1,11257431998464,2748396484,5523498183,3.009716653021304,active_cumulative,/home/oy/iCAT/result/mixU-onlinev4-after-v6-20261005/mixU-onlinev4-rep1/control-series.txt
1791268270,2026-10-06T15:31:10+09:00,33077.0,H_Varmail,1,1,11273748074496,2752379901,5529657091,3.009045731292746,active_cumulative,/home/oy/iCAT/result/mixU-onlinev4-after-v6-20261005/mixU-onlinev4-rep1/control-series.txt
1791268300,2026-10-06T15:31:40+09:00,33107.0,H_Varmail,1,1,11290124881920,2756378145,5535819949,3.0083673784171583,active_cumulative,/home/oy/iCAT/result/mixU-onlinev4-after-v6-20261005/mixU-onlinev4-rep1/control-series.txt
1791268330,2026-10-06T15:32:10+09:00,33137.0,H_Varmail,1,1,11306461958144,2760366689,5541965288,3.0076916991081686,active_cumulative,/home/oy/iCAT/result/mixU-onlinev4-after-v6-20261005/mixU-onlinev4-rep1/control-series.txt
1791268360,2026-10-06T15:32:40+09:00,33167.0,H_Varmail,1,1,11322856718336,2764369316,5548120000,3.0070111355555214,active_cumulative,/home/oy/iCAT/result/mixU-onlinev4-after-v6-20261005/mixU-onlinev4-rep1/control-series.txt
1791268390,2026-10-06T15:33:10+09:00,33197.0,H_Varmail,1,1,11339258814464,2768373734,5554278367,3.0063325622493426,active_cumulative,/home/oy/iCAT/result/mixU-onlinev4-after-v6-20261005/mixU-onlinev4-rep1/control-series.txt
1791268420,2026-10-06T15:33:40+09:00,33227.0,H_Varmail,1,1,11355603030016,2772364021,5560396709,3.00565173508288,active_cumulative,/home/oy/iCAT/result/mixU-onlinev4-after-v6-20261005/mixU-onlinev4-rep1/control-series.txt
1791268450,2026-10-06T15:34:10+09:00,33257.0,H_Varmail,1,1,11372016607232,2776371242,5566485848,3.004950117546276,active_cumulative,/home/oy/iCAT/result/mixU-onlinev4-after-v6-20261005/mixU-onlinev4-rep1/control-series.txt
1791268480,2026-10-06T15:34:40+09:00,33287.0,H_Varmail,1,1,11388477595648,2780390038,5572600374,3.004251309290585,active_cumulative,/home/oy/iCAT/result/mixU-onlinev4-after-v6-20261005/mixU-onlinev4-rep1/control-series.txt
1791268510,2026-10-06T15:35:10+09:00,33317.0,H_Varmail,1,1,11404966563840,2784415665,5578744754,3.0035603247477063,active_cumulative,/home/oy/iCAT/result/mixU-onlinev4-after-v6-20261005/mixU-onlinev4-rep1/control-series.txt
1791268540,2026-10-06T15:35:40+09:00,33347.0,H_Varmail,1,1,11421387685888,2788424728,5584823699,3.002859766275893,active_cumulative,/home/oy/iCAT/result/mixU-onlinev4-after-v6-20261005/mixU-onlinev4-rep1/control-series.txt
1791268570,2026-10-06T15:36:10+09:00,33377.0,H_Varmail,1,1,11437766946816,2792423571,5590855595,3.0021516982818794,active_cumulative,/home/oy/iCAT/result/mixU-onlinev4-after-v6-20261005/mixU-onlinev4-rep1/control-series.txt
1791268600,2026-10-06T15:36:40+09:00,33407.0,H_Varmail,1,1,11454262546432,2796450817,5596954554,3.0014493085218454,active_cumulative,/home/oy/iCAT/result/mixU-onlinev4-after-v6-20261005/mixU-onlinev4-rep1/control-series.txt
1791268630,2026-10-06T15:37:10+09:00,33437.0,H_Varmail,1,1,11470738259968,2800473208,5603032868,3.0007450355154406,active_cumulative,/home/oy/iCAT/result/mixU-onlinev4-after-v6-20261005/mixU-onlinev4-rep1/control-series.txt
1791268660,2026-10-06T15:37:40+09:00,33467.0,H_Varmail,1,1,11487186526208,2804488898,5609066505,3.0000316310754744,active_cumulative,/home/oy/iCAT/result/mixU-onlinev4-after-v6-20261005/mixU-onlinev4-rep1/control-series.txt
1791268690,2026-10-06T15:38:10+09:00,33497.0,H_Varmail,1,1,11503611645952,2808498937,5615110748,2.9993280659732005,active_cumulative,/home/oy/iCAT/result/mixU-onlinev4-after-v6-20261005/mixU-onlinev4-rep1/control-series.txt
1791268720,2026-10-06T15:38:40+09:00,33527.0,H_Varmail,1,1,11520129441792,2812531602,5621171568,2.998616322747367,active_cumulative,/home/oy/iCAT/result/mixU-onlinev4-after-v6-20261005/mixU-onlinev4-rep1/control-series.txt
1791268750,2026-10-06T15:39:10+09:00,33557.0,H_Varmail,1,1,11536642838528,2816563193,5627207060,2.997898386936707,active_cumulative,/home/oy/iCAT/result/mixU-onlinev4-after-v6-20261005/mixU-onlinev4-rep1/control-series.txt
1791268780,2026-10-06T15:39:40+09:00,33587.0,H_Varmail,1,1,11553144549376,2820591931,5633250786,2.997187442850981,active_cumulative,/home/oy/iCAT/result/mixU-onlinev4-after-v6-20261005/mixU-onlinev4-rep1/control-series.txt
1791268810,2026-10-06T15:40:10+09:00,33617.0,H_Varmail,1,1,11569678516224,2824628544,5639306852,2.9964773293744638,active_cumulative,/home/oy/iCAT/result/mixU-onlinev4-after-v6-20261005/mixU-onlinev4-rep1/control-series.txt
1791268840,2026-10-06T15:40:40+09:00,33647.0,H_Varmail,1,1,11586251530240,2828674690,5645347188,2.995756955707056,active_cumulative,/home/oy/iCAT/result/mixU-onlinev4-after-v6-20261005/mixU-onlinev4-rep1/control-series.txt
1791268870,2026-10-06T15:41:10+09:00,33677.0,H_Varmail,1,1,11602789462016,2832712271,5651360161,2.9950350125058645,active_cumulative,/home/oy/iCAT/result/mixU-onlinev4-after-v6-20261005/mixU-onlinev4-rep1/control-series.txt
1791268900,2026-10-06T15:41:40+09:00,33707.0,H_Varmail,1,1,11619223011328,2836724368,5657334442,2.9943194008618605,active_cumulative,/home/oy/iCAT/result/mixU-onlinev4-after-v6-20261005/mixU-onlinev4-rep1/control-series.txt
1791268930,2026-10-06T15:42:10+09:00,33737.0,H_Varmail,1,1,11635777462272,2840765982,5663336809,2.993594982791511,active_cumulative,/home/oy/iCAT/result/mixU-onlinev4-after-v6-20261005/mixU-onlinev4-rep1/control-series.txt
1791268960,2026-10-06T15:42:40+09:00,33767.0,H_Varmail,1,1,11652293353472,2844798182,5669340191,2.9928795746818992,active_cumulative,/home/oy/iCAT/result/mixU-onlinev4-after-v6-20261005/mixU-onlinev4-rep1/control-series.txt
1791268990,2026-10-06T15:43:10+09:00,33797.0,H_Varmail,1,1,11668831727616,2848835871,5675322323,2.992154894135002,active_cumulative,/home/oy/iCAT/result/mixU-onlinev4-after-v6-20261005/mixU-onlinev4-rep1/control-series.txt
1791269020,2026-10-06T15:43:40+09:00,33827.0,H_Varmail,1,1,11685343498240,2852867065,5681308679,2.991438279301668,active_cumulative,/home/oy/iCAT/result/mixU-onlinev4-after-v6-20261005/mixU-onlinev4-rep1/control-series.txt
1791269050,2026-10-06T15:44:10+09:00,33857.0,H_Varmail,1,1,11701891133440,2856907015,5687292101,2.9907165585506466,active_cumulative,/home/oy/iCAT/result/mixU-onlinev4-after-v6-20261005/mixU-onlinev4-rep1/control-series.txt
1791269080,2026-10-06T15:44:40+09:00,33887.0,H_Varmail,1,1,11718428454912,2860944447,5693267391,2.989995785122632,active_cumulative,/home/oy/iCAT/result/mixU-onlinev4-after-v6-20261005/mixU-onlinev4-rep1/control-series.txt
1791269110,2026-10-06T15:45:10+09:00,33917.0,H_Varmail,1,1,11734972407808,2864983498,5699217972,2.9892672945510976,active_cumulative,/home/oy/iCAT/result/mixU-onlinev4-after-v6-20261005/mixU-onlinev4-rep1/control-series.txt
1791269140,2026-10-06T15:45:40+09:00,33947.0,H_Varmail,1,1,11751569227776,2869035456,5705187223,2.9885384166545483,active_cumulative,/home/oy/iCAT/result/mixU-onlinev4-after-v6-20261005/mixU-onlinev4-rep1/control-series.txt
1791269170,2026-10-06T15:46:10+09:00,33977.0,H_Varmail,1,1,11768153980928,2873084468,5711156386,2.987813602283551,active_cumulative,/home/oy/iCAT/result/mixU-onlinev4-after-v6-20261005/mixU-onlinev4-rep1/control-series.txt
1791269200,2026-10-06T15:46:40+09:00,34007.0,H_Varmail,1,1,11784748867584,2877135954,5717124274,2.9870886761717483,active_cumulative,/home/oy/iCAT/result/mixU-onlinev4-after-v6-20261005/mixU-onlinev4-rep1/control-series.txt
1791269230,2026-10-06T15:47:10+09:00,34037.0,H_Varmail,1,1,11801390886912,2881198947,5723085670,2.9863556023991564,active_cumulative,/home/oy/iCAT/result/mixU-onlinev4-after-v6-20261005/mixU-onlinev4-rep1/control-series.txt
1791269260,2026-10-06T15:47:40+09:00,34067.0,H_Varmail,1,1,11818020298752,2885258862,5729047440,2.9856268411315945,active_cumulative,/home/oy/iCAT/result/mixU-onlinev4-after-v6-20261005/mixU-onlinev4-rep1/control-series.txt
1791269290,2026-10-06T15:48:10+09:00,34097.0,H_Varmail,1,1,11834614251520,2889310120,5734986206,2.9848981133254053,active_cumulative,/home/oy/iCAT/result/mixU-onlinev4-after-v6-20261005/mixU-onlinev4-rep1/control-series.txt
1791269320,2026-10-06T15:48:40+09:00,34127.0,H_Varmail,1,1,11851220127744,2893364289,5740908460,2.984163723118378,active_cumulative,/home/oy/iCAT/result/mixU-onlinev4-after-v6-20261005/mixU-onlinev4-rep1/control-series.txt
1791269350,2026-10-06T15:49:10+09:00,34157.0,H_Varmail,1,1,11867866181632,2897428267,5746831919,2.9834250892258587,active_cumulative,/home/oy/iCAT/result/mixU-onlinev4-after-v6-20261005/mixU-onlinev4-rep1/control-series.txt
1791269380,2026-10-06T15:49:40+09:00,34187.0,H_Varmail,1,1,11884492558336,2901487441,5752742321,2.982687307106631,active_cumulative,/home/oy/iCAT/result/mixU-onlinev4-after-v6-20261005/mixU-onlinev4-rep1/control-series.txt
1791269410,2026-10-06T15:50:10+09:00,34217.0,H_Varmail,1,1,11901109972992,2905544427,5758673688,2.9819602944243675,active_cumulative,/home/oy/iCAT/result/mixU-onlinev4-after-v6-20261005/mixU-onlinev4-rep1/control-series.txt
1791269440,2026-10-06T15:50:40+09:00,34247.0,H_Varmail,1,1,11917768511488,2909611453,5764575534,2.9812183266107044,active_cumulative,/home/oy/iCAT/result/mixU-onlinev4-after-v6-20261005/mixU-onlinev4-rep1/control-series.txt
1791269470,2026-10-06T15:51:10+09:00,34277.0,H_Varmail,1,1,11934426624000,2913678375,5770474287,2.9804774392781086,active_cumulative,/home/oy/iCAT/result/mixU-onlinev4-after-v6-20261005/mixU-onlinev4-rep1/control-series.txt
1791269500,2026-10-06T15:51:40+09:00,34307.0,H_Varmail,1,1,11951091736576,2917747006,5776384569,2.9797414090808942,active_cumulative,/home/oy/iCAT/result/mixU-onlinev4-after-v6-20261005/mixU-onlinev4-rep1/control-series.txt
1791269530,2026-10-06T15:52:10+09:00,34337.0,H_Varmail,1,1,11967694815232,2921800492,5782260146,2.9790058088606823,active_cumulative,/home/oy/iCAT/result/mixU-onlinev4-after-v6-20261005/mixU-onlinev4-rep1/control-series.txt
1791269560,2026-10-06T15:52:40+09:00,34367.0,H_Varmail,1,1,11984334610432,2925862942,5788154983,2.9782727686634063,active_cumulative,/home/oy/iCAT/result/mixU-onlinev4-after-v6-20261005/mixU-onlinev4-rep1/control-series.txt
1791269590,2026-10-06T15:53:10+09:00,34397.0,H_Varmail,1,1,12001007689728,2929933518,5794073402,2.9775443252907285,active_cumulative,/home/oy/iCAT/result/mixU-onlinev4-after-v6-20261005/mixU-onlinev4-rep1/control-series.txt
1791269620,2026-10-06T15:53:40+09:00,34427.0,H_Varmail,1,1,12017688514560,2934005985,5799956868,2.97680471602719,active_cumulative,/home/oy/iCAT/result/mixU-onlinev4-after-v6-20261005/mixU-onlinev4-rep1/control-series.txt
1791269650,2026-10-06T15:54:10+09:00,34457.0,H_Varmail,1,1,12034371272704,2938078924,5805851767,2.9760707309712826,active_cumulative,/home/oy/iCAT/result/mixU-onlinev4-after-v6-20261005/mixU-onlinev4-rep1/control-series.txt
1791269680,2026-10-06T15:54:40+09:00,34487.0,H_Varmail,1,1,12051036360704,2942147549,5811713937,2.975330550289815,active_cumulative,/home/oy/iCAT/result/mixU-onlinev4-after-v6-20261005/mixU-onlinev4-rep1/control-series.txt
1791269710,2026-10-06T15:55:10+09:00,34517.0,H_Varmail,1,1,12067788042240,2946237315,5817633118,2.9745975955097155,active_cumulative,/home/oy/iCAT/result/mixU-onlinev4-after-v6-20261005/mixU-onlinev4-rep1/control-series.txt
1791269740,2026-10-06T15:55:40+09:00,34547.0,H_Varmail,1,1,12084400939008,2950293198,5823498475,2.9738710982853305,active_cumulative,/home/oy/iCAT/result/mixU-onlinev4-after-v6-20261005/mixU-onlinev4-rep1/control-series.txt
1791269770,2026-10-06T15:56:10+09:00,34577.0,H_Varmail,1,1,12101084528640,2954366340,5829371662,2.97313771927147,active_cumulative,/home/oy/iCAT/result/mixU-onlinev4-after-v6-20261005/mixU-onlinev4-rep1/control-series.txt
1791269800,2026-10-06T15:56:40+09:00,34607.0,H_Varmail,1,1,12117795459072,2958446157,5835241983,2.972400940673939,active_cumulative,/home/oy/iCAT/result/mixU-onlinev4-after-v6-20261005/mixU-onlinev4-rep1/control-series.txt
1791269830,2026-10-06T15:57:10+09:00,34637.0,H_Varmail,1,1,12134515699712,2962528247,5841124636,2.9716688412726553,active_cumulative,/home/oy/iCAT/result/mixU-onlinev4-after-v6-20261005/mixU-onlinev4-rep1/control-series.txt
1791269860,2026-10-06T15:57:40+09:00,34667.0,H_Varmail,1,1,12151249911808,2966613748,5847005625,2.9709359295398237,active_cumulative,/home/oy/iCAT/result/mixU-onlinev4-after-v6-20261005/mixU-onlinev4-rep1/control-series.txt
1791269890,2026-10-06T15:58:10+09:00,34697.0,H_Varmail,1,1,12167971778560,2970696235,5852862219,2.9701988207488337,active_cumulative,/home/oy/iCAT/result/mixU-onlinev4-after-v6-20261005/mixU-onlinev4-rep1/control-series.txt
1791269920,2026-10-06T15:58:40+09:00,34727.0,H_Varmail,1,1,12184658624512,2974770172,5858699642,2.9694629511701316,active_cumulative,/home/oy/iCAT/result/mixU-onlinev4-after-v6-20261005/mixU-onlinev4-rep1/control-series.txt
1791269950,2026-10-06T15:59:10+09:00,34757.0,H_Varmail,1,1,12201377234944,2978851864,5864538579,2.968724477331042,active_cumulative,/home/oy/iCAT/result/mixU-onlinev4-after-v6-20261005/mixU-onlinev4-rep1/control-series.txt
1791269980,2026-10-06T15:59:40+09:00,34787.0,H_Varmail,1,1,12218068664320,2982926920,5870366967,2.967988866116774,active_cumulative,/home/oy/iCAT/result/mixU-onlinev4-after-v6-20261005/mixU-onlinev4-rep1/control-series.txt
1791270010,2026-10-06T16:00:10+09:00,34817.0,H_Varmail,1,1,12234804387840,2987012790,5876212717,2.9672539524010544,active_cumulative,/home/oy/iCAT/result/mixU-onlinev4-after-v6-20261005/mixU-onlinev4-rep1/control-series.txt
1791270040,2026-10-06T16:00:40+09:00,34847.0,H_Varmail,1,1,12251524136960,2991094760,5882058314,2.9665235594207653,active_cumulative,/home/oy/iCAT/result/mixU-onlinev4-after-v6-20261005/mixU-onlinev4-rep1/control-series.txt
1791270070,2026-10-06T16:01:10+09:00,34877.0,H_Varmail,1,1,12268233744384,2995174254,5887888904,2.965791771926736,active_cumulative,/home/oy/iCAT/result/mixU-onlinev4-after-v6-20261005/mixU-onlinev4-rep1/control-series.txt
1791270100,2026-10-06T16:01:40+09:00,34907.0,H_Varmail,1,1,12284929810432,2999250442,5893697501,2.9650568083503845,active_cumulative,/home/oy/iCAT/result/mixU-onlinev4-after-v6-20261005/mixU-onlinev4-rep1/control-series.txt
1791270130,2026-10-06T16:02:10+09:00,34937.0,H_Varmail,1,1,12301664014336,3003335941,5899488178,2.9643117832618113,active_cumulative,/home/oy/iCAT/result/mixU-onlinev4-after-v6-20261005/mixU-onlinev4-rep1/control-series.txt
1791270160,2026-10-06T16:02:40+09:00,34967.0,H_Varmail,1,1,12318387421184,3007418804,5905259573,2.963564091953453,active_cumulative,/home/oy/iCAT/result/mixU-onlinev4-after-v6-20261005/mixU-onlinev4-rep1/control-series.txt
1791270190,2026-10-06T16:03:10+09:00,34997.0,H_Varmail,1,1,12335141969920,3011509270,5911073126,2.9628274715554834,active_cumulative,/home/oy/iCAT/result/mixU-onlinev4-after-v6-20261005/mixU-onlinev4-rep1/control-series.txt
1791270220,2026-10-06T16:03:40+09:00,35027.0,H_Varmail,1,1,12351852810240,3015589065,5916833453,2.962082142316032,active_cumulative,/home/oy/iCAT/result/mixU-onlinev4-after-v6-20261005/mixU-onlinev4-rep1/control-series.txt
1791270250,2026-10-06T16:04:10+09:00,35057.0,H_Varmail,1,1,12368604147712,3019678747,5922609648,2.9613376601348778,active_cumulative,/home/oy/iCAT/result/mixU-onlinev4-after-v6-20261005/mixU-onlinev4-rep1/control-series.txt
1791270280,2026-10-06T16:04:40+09:00,35087.0,H_Varmail,1,1,12385364197376,3023770556,5928415755,2.960603704945925,active_cumulative,/home/oy/iCAT/result/mixU-onlinev4-after-v6-20261005/mixU-onlinev4-rep1/control-series.txt
1791270310,2026-10-06T16:05:10+09:00,35117.0,H_Varmail,1,1,12402114306048,3027859938,5934196407,2.959864897489192,active_cumulative,/home/oy/iCAT/result/mixU-onlinev4-after-v6-20261005/mixU-onlinev4-rep1/control-series.txt
1791270341,2026-10-06T16:05:41+09:00,35148.0,H_Varmail,1,1,12418842300416,3031943921,5939995140,2.959137535116699,active_cumulative,/home/oy/iCAT/result/mixU-onlinev4-after-v6-20261005/mixU-onlinev4-rep1/control-series.txt
1791270371,2026-10-06T16:06:11+09:00,35178.0,H_Varmail,1,1,12435614195712,3036038622,5945763409,2.9583951817724934,active_cumulative,/home/oy/iCAT/result/mixU-onlinev4-after-v6-20261005/mixU-onlinev4-rep1/control-series.txt
1791270401,2026-10-06T16:06:41+09:00,35208.0,H_Varmail,1,1,12452432011264,3040144534,5951548776,2.957653233074872,active_cumulative,/home/oy/iCAT/result/mixU-onlinev4-after-v6-20261005/mixU-onlinev4-rep1/control-series.txt
1791270431,2026-10-06T16:07:11+09:00,35238.0,H_Varmail,1,1,12469178761216,3044233096,5957334242,2.956924471331613,active_cumulative,/home/oy/iCAT/result/mixU-onlinev4-after-v6-20261005/mixU-onlinev4-rep1/control-series.txt
1791270461,2026-10-06T16:07:41+09:00,35268.0,H_Varmail,1,1,12485929455616,3048322621,5963107073,2.956192901604295,active_cumulative,/home/oy/iCAT/result/mixU-onlinev4-after-v6-20261005/mixU-onlinev4-rep1/control-series.txt
1791270491,2026-10-06T16:08:11+09:00,35298.0,H_Varmail,1,1,12502097182720,3052269820,5968633555,2.9554737644393443,active_cumulative,/home/oy/iCAT/result/mixU-onlinev4-after-v6-20261005/mixU-onlinev4-rep1/control-series.txt
1791270521,2026-10-06T16:08:41+09:00,35328.0,H_Varmail,1,1,12518263410688,3056216653,5974164033,2.954758026442833,active_cumulative,/home/oy/iCAT/result/mixU-onlinev4-after-v6-20261005/mixU-onlinev4-rep1/control-series.txt
1791270551,2026-10-06T16:09:11+09:00,35358.0,H_Varmail,1,1,12534419738624,3060161069,5979720381,2.9540541318480513,active_cumulative,/home/oy/iCAT/result/mixU-onlinev4-after-v6-20261005/mixU-onlinev4-rep1/control-series.txt
1791270581,2026-10-06T16:09:41+09:00,35388.0,H_Varmail,1,1,12550603456512,3064112172,5985253806,2.9533403054540655,active_cumulative,/home/oy/iCAT/result/mixU-onlinev4-after-v6-20261005/mixU-onlinev4-rep1/control-series.txt
1791270611,2026-10-06T16:10:11+09:00,35418.0,H_Varmail,1,1,12566789963776,3068063956,5990805610,2.952633874624483,active_cumulative,/home/oy/iCAT/result/mixU-onlinev4-after-v6-20261005/mixU-onlinev4-rep1/control-series.txt
1791270641,2026-10-06T16:10:41+09:00,35448.0,H_Varmail,1,1,12582966013952,3072013187,5996337575,2.95192442544681,active_cumulative,/home/oy/iCAT/result/mixU-onlinev4-after-v6-20261005/mixU-onlinev4-rep1/control-series.txt
1791270671,2026-10-06T16:11:11+09:00,35478.0,H_Varmail,1,1,12599167115264,3075968534,6001843656,2.951204503446328,active_cumulative,/home/oy/iCAT/result/mixU-onlinev4-after-v6-20261005/mixU-onlinev4-rep1/control-series.txt
1791270701,2026-10-06T16:11:41+09:00,35508.0,H_Varmail,1,1,12615323996160,3079913085,6007331604,2.950487380068389,active_cumulative,/home/oy/iCAT/result/mixU-onlinev4-after-v6-20261005/mixU-onlinev4-rep1/control-series.txt
1791270731,2026-10-06T16:12:11+09:00,35538.0,H_Varmail,1,1,12631533486080,3083870480,6012848807,2.949773457087601,active_cumulative,/home/oy/iCAT/result/mixU-onlinev4-after-v6-20261005/mixU-onlinev4-rep1/control-series.txt
1791270761,2026-10-06T16:12:41+09:00,35568.0,H_Varmail,1,1,12647691673600,3087815350,6018382920,2.9490747463251,active_cumulative,/home/oy/iCAT/result/mixU-onlinev4-after-v6-20261005/mixU-onlinev4-rep1/control-series.txt
1791270791,2026-10-06T16:13:11+09:00,35598.0,H_Varmail,1,1,12663883542528,3091768443,6023903867,2.9483683781812893,active_cumulative,/home/oy/iCAT/result/mixU-onlinev4-after-v6-20261005/mixU-onlinev4-rep1/control-series.txt
1791270821,2026-10-06T16:13:41+09:00,35628.0,H_Varmail,1,1,12680056004608,3095716798,6029424629,2.9476667351791783,active_cumulative,/home/oy/iCAT/result/mixU-onlinev4-after-v6-20261005/mixU-onlinev4-rep1/control-series.txt
1791270851,2026-10-06T16:14:11+09:00,35658.0,H_Varmail,1,1,12696268488704,3099674924,6034956003,2.9469641659107086,active_cumulative,/home/oy/iCAT/result/mixU-onlinev4-after-v6-20261005/mixU-onlinev4-rep1/control-series.txt
1791270881,2026-10-06T16:14:41+09:00,35688.0,H_Varmail,1,1,12712481513472,3103633182,6040472590,2.946258541451565,active_cumulative,/home/oy/iCAT/result/mixU-onlinev4-after-v6-20261005/mixU-onlinev4-rep1/control-series.txt
1791270911,2026-10-06T16:15:11+09:00,35718.0,H_Varmail,1,1,12728646488064,3107579709,6045945871,2.9455481233482335,active_cumulative,/home/oy/iCAT/result/mixU-onlinev4-after-v6-20261005/mixU-onlinev4-rep1/control-series.txt
1791270941,2026-10-06T16:15:41+09:00,35748.0,H_Varmail,1,1,12744849612800,3111535550,6051437404,2.944839551648381,active_cumulative,/home/oy/iCAT/result/mixU-onlinev4-after-v6-20261005/mixU-onlinev4-rep1/control-series.txt
1791270971,2026-10-06T16:16:11+09:00,35778.0,H_Varmail,1,1,12761092714496,3115501151,6056968733,2.944139462460433,active_cumulative,/home/oy/iCAT/result/mixU-onlinev4-after-v6-20261005/mixU-onlinev4-rep1/control-series.txt
1791271001,2026-10-06T16:16:41+09:00,35808.0,H_Varmail,1,1,12777301086208,3119458273,6062466961,2.943435824570172,active_cumulative,/home/oy/iCAT/result/mixU-onlinev4-after-v6-20261005/mixU-onlinev4-rep1/control-series.txt
1791271031,2026-10-06T16:17:11+09:00,35838.0,H_Varmail,1,1,12793527459840,3123419790,6067973676,2.942733953158439,active_cumulative,/home/oy/iCAT/result/mixU-onlinev4-after-v6-20261005/mixU-onlinev4-rep1/control-series.txt
1791271061,2026-10-06T16:17:41+09:00,35868.0,H_Varmail,1,1,12809736982528,3127377193,6073463565,2.942031034374177,active_cumulative,/home/oy/iCAT/result/mixU-onlinev4-after-v6-20261005/mixU-onlinev4-rep1/control-series.txt
1791271091,2026-10-06T16:18:11+09:00,35898.0,H_Varmail,1,1,12825931280384,3131330879,6078948659,2.941330665426622,active_cumulative,/home/oy/iCAT/result/mixU-onlinev4-after-v6-20261005/mixU-onlinev4-rep1/control-series.txt
1791271121,2026-10-06T16:18:41+09:00,35928.0,H_Varmail,1,1,12842122141696,3135283726,6084445669,2.940636382775649,active_cumulative,/home/oy/iCAT/result/mixU-onlinev4-after-v6-20261005/mixU-onlinev4-rep1/control-series.txt
1791271151,2026-10-06T16:19:11+09:00,35958.0,H_Varmail,1,1,12858364911616,3139249246,6089929286,2.939931750803071,active_cumulative,/home/oy/iCAT/result/mixU-onlinev4-after-v6-20261005/mixU-onlinev4-rep1/control-series.txt
1791271181,2026-10-06T16:19:41+09:00,35988.0,H_Varmail,1,1,12874614382592,3143216402,6095423689,2.9392313189513573,active_cumulative,/home/oy/iCAT/result/mixU-onlinev4-after-v6-20261005/mixU-onlinev4-rep1/control-series.txt
