워크로드,파티션,세대(재설정마다 +1),판단구간 번호,경과(분),구간,이번 구간에 쓴 조합,k,임계배율(%),나이비율,구간 WAF,추정 최선 조합,다음 조합,정착(1=예),남은 후보 수,사건
OLTP → Varmail,3,1,1,0.31,A(OLTP),37,7,100,7,1.8138,37,15,0,45,
OLTP → Varmail,1,1,1,0.31,A(OLTP),37,7,100,7,1.8143,37,15,0,45,
OLTP → Varmail,0,1,1,0.31,A(OLTP),37,7,100,7,1.8112,37,15,0,45,
OLTP → Varmail,2,1,1,0.31,A(OLTP),37,7,100,7,1.8109,37,15,0,45,
OLTP → Varmail,0,1,2,0.7,A(OLTP),15,4,25,4,1.4052,15,16,0,45,
OLTP → Varmail,1,1,2,0.7,A(OLTP),15,4,25,4,1.4043,15,16,0,45,
OLTP → Varmail,2,1,2,0.7,A(OLTP),15,4,25,4,1.4090,15,16,0,45,
OLTP → Varmail,3,1,2,0.7,A(OLTP),15,4,25,4,1.3997,15,16,0,45,
OLTP → Varmail,0,1,3,1.08,A(OLTP),16,4,25,7,1.3244,16,17,0,45,
OLTP → Varmail,1,1,3,1.09,A(OLTP),16,4,25,7,1.3155,16,17,0,45,
OLTP → Varmail,3,1,3,1.09,A(OLTP),16,4,25,7,1.3152,16,17,0,45,
OLTP → Varmail,2,1,3,1.09,A(OLTP),16,4,25,7,1.3218,16,17,0,45,
OLTP → Varmail,1,1,4,1.46,A(OLTP),17,4,25,16,1.3010,17,18,0,45,
OLTP → Varmail,2,1,4,1.46,A(OLTP),17,4,25,16,1.3080,17,18,0,45,
OLTP → Varmail,0,1,4,1.46,A(OLTP),17,4,25,16,1.2998,17,18,0,45,
OLTP → Varmail,3,1,4,1.47,A(OLTP),17,4,25,16,1.3032,17,18,0,45,
OLTP → Varmail,1,1,5,1.83,A(OLTP),18,4,50,4,1.2611,18,19,0,45,
OLTP → Varmail,2,1,5,1.83,A(OLTP),18,4,50,4,1.2602,18,19,0,45,
OLTP → Varmail,0,1,5,1.83,A(OLTP),18,4,50,4,1.2590,18,19,0,45,
OLTP → Varmail,3,1,5,1.84,A(OLTP),18,4,50,4,1.2599,18,19,0,45,
OLTP → Varmail,1,1,6,2.22,A(OLTP),19,4,50,7,1.2734,18,20,0,45,
OLTP → Varmail,2,1,6,2.22,A(OLTP),19,4,50,7,1.2753,18,20,0,45,
OLTP → Varmail,0,1,6,2.22,A(OLTP),19,4,50,7,1.2718,18,20,0,45,
OLTP → Varmail,3,1,6,2.22,A(OLTP),19,4,50,7,1.2731,18,20,0,45,
OLTP → Varmail,1,1,7,2.59,A(OLTP),20,4,50,16,1.2633,18,21,0,45,
OLTP → Varmail,2,1,7,2.6,A(OLTP),20,4,50,16,1.2648,18,21,0,45,
OLTP → Varmail,3,1,7,2.6,A(OLTP),20,4,50,16,1.2640,18,21,0,45,
OLTP → Varmail,0,1,7,2.6,A(OLTP),20,4,50,16,1.2647,18,21,0,45,
OLTP → Varmail,1,1,8,2.96,A(OLTP),21,4,100,4,1.2607,18,22,0,45,
OLTP → Varmail,2,1,8,2.97,A(OLTP),21,4,100,4,1.2597,18,22,0,45,
OLTP → Varmail,3,1,8,2.97,A(OLTP),21,4,100,4,1.2608,18,22,0,45,
OLTP → Varmail,0,1,8,2.97,A(OLTP),21,4,100,4,1.2591,18,22,0,45,
OLTP → Varmail,1,1,9,3.34,A(OLTP),22,4,100,7,1.2632,18,23,0,45,
OLTP → Varmail,2,1,9,3.35,A(OLTP),22,4,100,7,1.2663,18,23,0,45,
OLTP → Varmail,3,1,9,3.35,A(OLTP),22,4,100,7,1.2636,18,23,0,45,
OLTP → Varmail,0,1,9,3.35,A(OLTP),22,4,100,7,1.2621,18,23,0,45,
OLTP → Varmail,1,1,10,3.71,A(OLTP),23,4,100,16,1.2615,18,24,0,45,
OLTP → Varmail,3,1,10,3.72,A(OLTP),23,4,100,16,1.2657,18,24,0,45,
OLTP → Varmail,0,1,10,3.72,A(OLTP),23,4,100,16,1.2628,18,24,0,45,
OLTP → Varmail,2,1,10,3.72,A(OLTP),23,4,100,16,1.2664,18,24,0,45,
OLTP → Varmail,1,1,11,4.09,A(OLTP),24,4,200,4,1.2609,18,25,0,45,
OLTP → Varmail,0,1,11,4.11,A(OLTP),24,4,200,4,1.2589,18,25,0,45,
OLTP → Varmail,3,1,11,4.11,A(OLTP),24,4,200,4,1.2592,18,25,0,45,
OLTP → Varmail,2,1,11,4.11,A(OLTP),24,4,200,4,1.2576,18,25,0,45,
OLTP → Varmail,1,1,12,4.47,A(OLTP),25,4,200,7,1.2615,18,26,0,45,
OLTP → Varmail,0,1,12,4.49,A(OLTP),25,4,200,7,1.2645,18,26,0,45,
OLTP → Varmail,3,1,12,4.49,A(OLTP),25,4,200,7,1.2628,18,26,0,45,
OLTP → Varmail,2,1,12,4.49,A(OLTP),25,4,200,7,1.2628,18,26,0,45,
OLTP → Varmail,1,1,13,4.84,A(OLTP),26,4,200,16,1.2648,18,27,0,45,
OLTP → Varmail,0,1,13,4.85,A(OLTP),26,4,200,16,1.2648,18,27,0,45,
OLTP → Varmail,3,1,13,4.86,A(OLTP),26,4,200,16,1.2651,18,27,0,45,
OLTP → Varmail,2,1,13,4.86,A(OLTP),26,4,200,16,1.2650,18,27,0,45,
OLTP → Varmail,1,1,14,5.23,A(OLTP),27,4,400,4,1.2641,18,28,0,45,
OLTP → Varmail,0,1,14,5.24,A(OLTP),27,4,400,4,1.2637,18,28,0,45,
OLTP → Varmail,3,1,14,5.24,A(OLTP),27,4,400,4,1.2642,18,28,0,45,
OLTP → Varmail,2,1,14,5.24,A(OLTP),27,4,400,4,1.2653,18,28,0,45,
OLTP → Varmail,1,1,15,5.59,A(OLTP),28,4,400,7,1.2685,18,29,0,45,
OLTP → Varmail,0,1,15,5.59,A(OLTP),28,4,400,7,1.2654,18,29,0,45,
OLTP → Varmail,3,1,15,5.6,A(OLTP),28,4,400,7,1.2670,18,29,0,45,
OLTP → Varmail,2,1,15,5.6,A(OLTP),28,4,400,7,1.2693,18,29,0,45,
OLTP → Varmail,1,1,16,5.97,A(OLTP),29,4,400,16,1.2630,18,30,0,45,
OLTP → Varmail,2,1,16,5.98,A(OLTP),29,4,400,16,1.2671,18,30,0,45,
OLTP → Varmail,0,1,16,5.98,A(OLTP),29,4,400,16,1.2656,18,30,0,45,
OLTP → Varmail,3,1,16,5.98,A(OLTP),29,4,400,16,1.2661,18,30,0,45,
OLTP → Varmail,1,1,17,6.36,A(OLTP),30,7,25,4,1.2484,30,31,0,45,
OLTP → Varmail,0,1,17,6.36,A(OLTP),30,7,25,4,1.2471,30,31,0,45,
OLTP → Varmail,2,1,17,6.36,A(OLTP),30,7,25,4,1.2492,30,31,0,45,
OLTP → Varmail,3,1,17,6.36,A(OLTP),30,7,25,4,1.2487,30,31,0,45,
OLTP → Varmail,1,1,18,6.73,A(OLTP),31,7,25,7,1.2530,30,32,0,45,
OLTP → Varmail,0,1,18,6.73,A(OLTP),31,7,25,7,1.2545,30,32,0,45,
OLTP → Varmail,3,1,18,6.73,A(OLTP),31,7,25,7,1.2564,30,32,0,45,
OLTP → Varmail,2,1,18,6.73,A(OLTP),31,7,25,7,1.2536,30,32,0,45,
OLTP → Varmail,0,1,19,7.1,A(OLTP),32,7,25,16,1.2436,30,33,0,45,
OLTP → Varmail,3,1,19,7.1,A(OLTP),32,7,25,16,1.2465,30,33,0,45,
OLTP → Varmail,1,1,19,7.11,A(OLTP),32,7,25,16,1.2561,30,33,0,45,
OLTP → Varmail,2,1,19,7.11,A(OLTP),32,7,25,16,1.2449,30,33,0,45,
OLTP → Varmail,1,1,20,7.48,A(OLTP),33,7,50,4,1.2346,33,34,0,45,
OLTP → Varmail,3,1,20,7.48,A(OLTP),33,7,50,4,1.2346,33,34,0,45,
OLTP → Varmail,0,1,20,7.48,A(OLTP),33,7,50,4,1.2340,33,34,0,45,
OLTP → Varmail,2,1,20,7.49,A(OLTP),33,7,50,4,1.2351,33,34,0,45,
OLTP → Varmail,1,1,21,7.86,A(OLTP),34,7,50,7,1.2325,33,35,0,45,
OLTP → Varmail,3,1,21,7.86,A(OLTP),34,7,50,7,1.2348,33,35,0,45,
OLTP → Varmail,0,1,21,7.86,A(OLTP),34,7,50,7,1.2355,33,35,0,45,
OLTP → Varmail,2,1,21,7.87,A(OLTP),34,7,50,7,1.2339,33,35,0,45,
OLTP → Varmail,1,1,22,8.23,A(OLTP),35,7,50,16,1.2274,35,36,0,45,
OLTP → Varmail,0,1,22,8.23,A(OLTP),35,7,50,16,1.2568,33,36,0,45,
OLTP → Varmail,3,1,22,8.24,A(OLTP),35,7,50,16,1.2299,33,36,0,45,
OLTP → Varmail,2,1,22,8.24,A(OLTP),35,7,50,16,1.2283,35,36,0,45,
OLTP → Varmail,1,1,23,8.62,A(OLTP),36,7,100,4,1.2278,35,38,0,45,
OLTP → Varmail,0,1,23,8.62,A(OLTP),36,7,100,4,1.2261,36,38,0,45,
OLTP → Varmail,3,1,23,8.62,A(OLTP),36,7,100,4,1.2258,36,38,0,45,
OLTP → Varmail,2,1,23,8.62,A(OLTP),36,7,100,4,1.2267,35,38,0,45,
OLTP → Varmail,0,1,24,8.99,A(OLTP),38,7,100,16,1.2256,36,39,0,45,
OLTP → Varmail,3,1,24,8.99,A(OLTP),38,7,100,16,1.2248,36,39,0,45,
OLTP → Varmail,1,1,24,8.99,A(OLTP),38,7,100,16,1.2343,35,39,0,45,
OLTP → Varmail,2,1,24,9.0,A(OLTP),38,7,100,16,1.2411,35,39,0,45,
OLTP → Varmail,1,1,25,9.36,A(OLTP),39,7,200,4,1.2249,35,40,0,45,
OLTP → Varmail,3,1,25,9.37,A(OLTP),39,7,200,4,1.2232,36,40,0,45,
OLTP → Varmail,0,1,25,9.37,A(OLTP),39,7,200,4,1.2261,36,40,0,45,
OLTP → Varmail,2,1,25,9.37,A(OLTP),39,7,200,4,1.2249,35,40,0,45,
OLTP → Varmail,1,1,26,9.74,A(OLTP),40,7,200,7,1.2278,35,41,0,45,
OLTP → Varmail,3,1,26,9.74,A(OLTP),40,7,200,7,1.2265,36,41,0,45,
OLTP → Varmail,2,1,26,9.75,A(OLTP),40,7,200,7,1.2280,35,41,0,45,
OLTP → Varmail,0,1,26,9.75,A(OLTP),40,7,200,7,1.2292,36,41,0,45,
OLTP → Varmail,1,1,27,10.1,A(OLTP),41,7,200,16,1.2270,35,42,0,45,
OLTP → Varmail,2,1,27,10.11,A(OLTP),41,7,200,16,1.2256,35,42,0,45,
OLTP → Varmail,3,1,27,10.12,A(OLTP),41,7,200,16,1.2258,36,42,0,45,
OLTP → Varmail,0,1,27,10.12,A(OLTP),41,7,200,16,1.2317,36,42,0,45,
OLTP → Varmail,1,1,28,10.49,A(OLTP),42,7,400,4,1.2248,35,43,0,45,
OLTP → Varmail,3,1,28,10.49,A(OLTP),42,7,400,4,1.2250,36,43,0,45,
OLTP → Varmail,2,1,28,10.49,A(OLTP),42,7,400,4,1.2246,35,43,0,45,
OLTP → Varmail,0,1,28,10.5,A(OLTP),42,7,400,4,1.2251,36,43,0,45,
OLTP → Varmail,1,1,29,10.87,A(OLTP),43,7,400,7,1.2262,35,44,0,45,
OLTP → Varmail,3,1,29,10.87,A(OLTP),43,7,400,7,1.2242,36,44,0,45,
OLTP → Varmail,2,1,29,10.87,A(OLTP),43,7,400,7,1.2254,35,44,0,45,
OLTP → Varmail,0,1,29,10.89,A(OLTP),43,7,400,7,1.2286,36,44,0,45,
OLTP → Varmail,2,1,30,11.24,A(OLTP),44,7,400,16,1.2233,35,45,0,45,
OLTP → Varmail,1,1,30,11.24,A(OLTP),44,7,400,16,1.2263,35,45,0,45,
OLTP → Varmail,3,1,30,11.24,A(OLTP),44,7,400,16,1.2276,36,45,0,45,
OLTP → Varmail,0,1,30,11.26,A(OLTP),44,7,400,16,1.2268,36,45,0,45,
OLTP → Varmail,2,1,31,11.62,A(OLTP),45,10,25,4,1.2214,45,46,0,45,
OLTP → Varmail,1,1,31,11.62,A(OLTP),45,10,25,4,1.2207,45,46,0,45,
OLTP → Varmail,3,1,31,11.62,A(OLTP),45,10,25,4,1.2208,36,46,0,45,
OLTP → Varmail,0,1,31,11.64,A(OLTP),45,10,25,4,1.2250,36,46,0,45,
OLTP → Varmail,2,1,32,12.0,A(OLTP),46,10,25,7,1.2248,45,47,0,45,
OLTP → Varmail,1,1,32,12.0,A(OLTP),46,10,25,7,1.2259,45,47,0,45,
OLTP → Varmail,3,1,32,12.0,A(OLTP),46,10,25,7,1.2253,36,47,0,45,
OLTP → Varmail,0,1,32,12.02,A(OLTP),46,10,25,7,1.2261,36,47,0,45,
OLTP → Varmail,1,1,33,12.37,A(OLTP),47,10,25,16,1.2350,45,48,0,45,
OLTP → Varmail,2,1,33,12.37,A(OLTP),47,10,25,16,1.2315,45,48,0,45,
OLTP → Varmail,3,1,33,12.38,A(OLTP),47,10,25,16,1.2336,36,48,0,45,
OLTP → Varmail,0,1,33,12.39,A(OLTP),47,10,25,16,1.2369,36,48,0,45,
OLTP → Varmail,1,1,34,12.74,A(OLTP),48,10,50,4,1.2212,45,49,0,45,
OLTP → Varmail,2,1,34,12.74,A(OLTP),48,10,50,4,1.2206,45,49,0,45,
OLTP → Varmail,3,1,34,12.75,A(OLTP),48,10,50,4,1.2244,36,49,0,45,
OLTP → Varmail,0,1,34,12.76,A(OLTP),48,10,50,4,1.2239,36,49,0,45,
OLTP → Varmail,2,1,35,13.11,A(OLTP),49,10,50,7,1.2205,45,50,0,45,
OLTP → Varmail,1,1,35,13.11,A(OLTP),49,10,50,7,1.2232,45,50,0,45,
OLTP → Varmail,3,1,35,13.11,A(OLTP),49,10,50,7,1.2218,36,50,0,45,
OLTP → Varmail,0,1,35,13.13,A(OLTP),49,10,50,7,1.2234,36,50,0,45,
OLTP → Varmail,2,1,36,13.49,A(OLTP),50,10,50,16,1.2224,45,51,0,45,
OLTP → Varmail,1,1,36,13.49,A(OLTP),50,10,50,16,1.2229,45,51,0,45,
OLTP → Varmail,3,1,36,13.5,A(OLTP),50,10,50,16,1.2249,36,51,0,45,
OLTP → Varmail,0,1,36,13.51,A(OLTP),50,10,50,16,1.2272,36,51,0,45,
OLTP → Varmail,2,1,37,13.86,A(OLTP),51,10,100,4,1.2169,45,52,0,45,
OLTP → Varmail,1,1,37,13.86,A(OLTP),51,10,100,4,1.2167,45,52,0,45,
OLTP → Varmail,3,1,37,13.87,A(OLTP),51,10,100,4,1.2199,36,52,0,45,
OLTP → Varmail,0,1,37,13.88,A(OLTP),51,10,100,4,1.2207,36,52,0,45,
OLTP → Varmail,2,1,38,14.22,A(OLTP),52,10,100,7,1.2171,45,53,0,45,
OLTP → Varmail,1,1,38,14.23,A(OLTP),52,10,100,7,1.2199,45,53,0,45,
OLTP → Varmail,3,1,38,14.24,A(OLTP),52,10,100,7,1.2189,52,53,0,45,
OLTP → Varmail,0,1,38,14.25,A(OLTP),52,10,100,7,1.2203,36,53,0,45,
OLTP → Varmail,2,1,39,14.61,A(OLTP),53,10,100,16,1.2167,45,54,0,45,
OLTP → Varmail,1,1,39,14.63,A(OLTP),53,10,100,16,1.2192,45,54,0,45,
OLTP → Varmail,3,1,39,14.63,A(OLTP),53,10,100,16,1.2185,52,54,0,45,
OLTP → Varmail,0,1,39,14.64,A(OLTP),53,10,100,16,1.2214,36,54,0,45,
OLTP → Varmail,2,1,40,15.0,A(OLTP),54,10,200,4,1.2180,45,55,0,45,
OLTP → Varmail,1,1,40,15.02,A(OLTP),54,10,200,4,1.2200,45,55,0,45,
OLTP → Varmail,3,1,40,15.02,A(OLTP),54,10,200,4,1.2206,52,55,0,45,
OLTP → Varmail,0,1,40,15.04,A(OLTP),54,10,200,4,1.2213,36,55,0,45,
OLTP → Varmail,2,1,41,16.01,B(Varmail),55,10,200,7,1.2607,45,56,0,45,
OLTP → Varmail,3,1,41,16.02,B(Varmail),55,10,200,7,1.2694,52,56,0,45,
OLTP → Varmail,1,1,41,16.02,B(Varmail),55,10,200,7,1.2677,45,56,0,45,
OLTP → Varmail,0,1,41,16.02,B(Varmail),55,10,200,7,1.2793,36,56,0,45,
OLTP → Varmail,0,1,42,16.08,B(Varmail),56,10,200,16,1.4963,36,57,0,45,
OLTP → Varmail,2,1,42,16.08,B(Varmail),56,10,200,16,1.5215,45,57,0,45,
OLTP → Varmail,3,1,42,16.08,B(Varmail),56,10,200,16,1.5309,52,57,0,45,
OLTP → Varmail,1,1,42,16.08,B(Varmail),56,10,200,16,1.5236,45,57,0,45,
OLTP → Varmail,0,1,43,16.14,B(Varmail),57,10,400,4,1.4608,36,58,0,45,
OLTP → Varmail,2,1,43,16.14,B(Varmail),57,10,400,4,1.4819,45,58,0,45,
OLTP → Varmail,3,1,43,16.14,B(Varmail),57,10,400,4,1.4898,52,58,0,45,
OLTP → Varmail,1,1,43,16.14,B(Varmail),57,10,400,4,1.4957,45,58,0,45,
OLTP → Varmail,0,1,44,16.19,B(Varmail),58,10,400,7,1.7858,36,59,0,45,
OLTP → Varmail,2,1,44,16.2,B(Varmail),58,10,400,7,1.7754,45,59,0,45,
OLTP → Varmail,3,1,44,16.21,B(Varmail),58,10,400,7,1.7589,52,59,0,45,
OLTP → Varmail,1,1,44,16.21,B(Varmail),58,10,400,7,1.7793,45,59,0,45,
OLTP → Varmail,0,1,45,16.26,B(Varmail),59,10,400,16,1.9352,36,52,0,41,후보 제거 45→41
OLTP → Varmail,2,1,45,16.27,B(Varmail),59,10,400,16,1.8819,45,51,0,40,후보 제거 45→40
OLTP → Varmail,3,1,45,16.27,B(Varmail),59,10,400,16,1.8914,52,53,0,41,후보 제거 45→41
OLTP → Varmail,1,1,45,16.27,B(Varmail),59,10,400,16,1.8898,45,51,0,40,후보 제거 45→40
OLTP → Varmail,0,1,46,16.31,B(Varmail),52,10,100,7,2.0043,36,51,0,40,후보 제거 41→40
OLTP → Varmail,2,1,46,16.33,B(Varmail),51,10,100,4,1.9550,45,53,0,39,후보 제거 40→39
OLTP → Varmail,3,1,46,16.33,B(Varmail),53,10,100,16,1.9344,52,52,0,40,후보 제거 41→40
OLTP → Varmail,1,1,46,16.33,B(Varmail),51,10,100,4,1.9537,45,53,0,39,후보 제거 40→39
OLTP → Varmail,0,1,47,16.37,B(Varmail),51,10,100,4,2.0295,36,53,0,39,후보 제거 40→39
OLTP → Varmail,2,1,47,16.39,B(Varmail),53,10,100,16,1.9451,45,52,0,38,후보 제거 39→38
OLTP → Varmail,3,1,47,16.39,B(Varmail),52,10,100,7,1.9404,51,45,0,39,후보 제거 40→39
OLTP → Varmail,1,1,47,16.39,B(Varmail),53,10,100,16,1.9670,45,45,0,38,후보 제거 39→38
OLTP → Varmail,0,1,48,16.43,B(Varmail),53,10,100,16,2.0085,36,54,0,38,후보 제거 39→38
OLTP → Varmail,2,1,48,16.45,B(Varmail),52,10,100,7,1.9554,45,54,0,37,후보 제거 38→37
OLTP → Varmail,3,1,48,16.45,B(Varmail),45,10,25,4,1.9234,51,51,0,38,후보 제거 39→38
OLTP → Varmail,1,1,48,16.46,B(Varmail),45,10,25,4,1.9202,52,52,0,37,후보 제거 38→37
OLTP → Varmail,0,1,49,16.49,B(Varmail),54,10,200,4,2.0187,36,49,0,37,후보 제거 38→37
OLTP → Varmail,3,1,49,16.51,B(Varmail),51,10,100,4,1.9462,54,54,0,37,후보 제거 38→37
OLTP → Varmail,2,1,49,16.51,B(Varmail),54,10,200,4,1.9481,45,48,0,36,후보 제거 37→36
OLTP → Varmail,1,1,49,16.52,B(Varmail),52,10,100,7,1.9581,54,54,0,36,후보 제거 37→36
OLTP → Varmail,0,1,50,16.55,B(Varmail),49,10,50,7,2.0074,36,38,0,36,후보 제거 37→36
OLTP → Varmail,3,1,50,16.58,B(Varmail),54,10,200,4,1.9563,49,39,0,36,후보 제거 37→36
OLTP → Varmail,2,1,50,16.58,B(Varmail),48,10,50,4,1.9655,45,49,0,35,후보 제거 36→35
OLTP → Varmail,1,1,50,16.58,B(Varmail),54,10,200,4,1.9568,48,48,0,35,후보 제거 36→35
OLTP → Varmail,0,1,51,16.6,B(Varmail),38,7,100,16,2.0052,36,48,0,35,후보 제거 36→35
OLTP → Varmail,3,1,51,16.64,B(Varmail),39,7,200,4,1.9476,49,49,0,35,후보 제거 36→35
OLTP → Varmail,2,1,51,16.64,B(Varmail),49,10,50,7,1.9483,45,45,0,34,후보 제거 35→34
OLTP → Varmail,1,1,51,16.64,B(Varmail),48,10,50,4,1.9456,50,50,0,34,후보 제거 35→34
OLTP → Varmail,0,1,52,16.66,B(Varmail),48,10,50,4,1.9908,36,42,0,34,후보 제거 35→34
OLTP → Varmail,3,1,52,16.7,B(Varmail),49,10,50,7,1.9223,43,38,0,34,후보 제거 35→34
OLTP → Varmail,2,1,52,16.7,B(Varmail),45,10,25,4,1.9409,50,44,0,33,후보 제거 34→33
OLTP → Varmail,1,1,52,16.7,B(Varmail),50,10,50,16,1.9324,49,49,0,33,후보 제거 34→33
OLTP → Varmail,0,1,53,16.72,B(Varmail),42,7,400,4,2.0241,36,36,0,33,후보 제거 34→33
OLTP → Varmail,3,1,53,16.76,B(Varmail),38,7,100,16,1.9378,43,43,0,33,후보 제거 34→33
OLTP → Varmail,2,1,53,16.76,B(Varmail),44,7,400,16,1.9378,50,50,0,32,후보 제거 33→32
OLTP → Varmail,1,1,53,16.76,B(Varmail),49,10,50,7,1.9355,42,39,0,32,후보 제거 33→32
OLTP → Varmail,0,1,54,16.77,B(Varmail),36,7,100,4,2.0084,45,45,0,32,후보 제거 33→32
OLTP → Varmail,3,1,54,16.82,B(Varmail),43,7,400,7,1.9478,48,36,0,32,후보 제거 33→32
OLTP → Varmail,2,1,54,16.82,B(Varmail),50,10,50,16,1.9441,42,39,0,31,후보 제거 32→31
OLTP → Varmail,1,1,54,16.82,B(Varmail),39,7,200,4,1.9651,42,42,0,31,후보 제거 32→31
OLTP → Varmail,0,1,55,16.83,B(Varmail),45,10,25,4,1.9991,39,39,0,31,후보 제거 32→31
OLTP → Varmail,3,1,55,16.88,B(Varmail),36,7,100,4,1.9522,48,42,0,31,후보 제거 32→31
OLTP → Varmail,1,1,55,16.88,B(Varmail),42,7,400,4,1.9669,46,43,0,30,후보 제거 31→30
OLTP → Varmail,2,1,55,16.88,B(Varmail),39,7,200,4,1.9460,42,42,0,30,후보 제거 31→30
OLTP → Varmail,0,1,56,16.89,B(Varmail),39,7,200,4,1.9944,46,46,0,30,후보 제거 31→30
OLTP → Varmail,3,1,56,16.94,B(Varmail),42,7,400,4,1.9436,48,48,0,30,후보 제거 31→30
OLTP → Varmail,1,1,56,16.94,B(Varmail),43,7,400,7,1.9637,46,35,0,29,후보 제거 30→29
OLTP → Varmail,2,1,56,16.94,B(Varmail),42,7,400,4,1.9462,46,41,0,29,후보 제거 30→29
OLTP → Varmail,0,1,57,16.95,B(Varmail),46,10,25,7,1.9772,44,44,0,29,후보 제거 30→29
OLTP → Varmail,3,1,57,17.0,B(Varmail),48,10,50,4,1.9457,50,41,0,29,후보 제거 30→29
OLTP → Varmail,1,1,57,17.0,B(Varmail),35,7,50,16,1.9549,46,46,0,28,후보 제거 29→28
OLTP → Varmail,0,1,58,17.0,B(Varmail),44,7,400,16,2.0098,50,50,0,28,후보 제거 29→28
OLTP → Varmail,2,1,57,17.0,B(Varmail),41,7,200,16,1.9623,46,46,0,28,후보 제거 29→28
OLTP → Varmail,0,1,59,17.06,B(Varmail),50,10,50,16,1.9794,43,43,0,27,후보 제거 28→27
OLTP → Varmail,3,1,58,17.06,B(Varmail),41,7,200,16,1.9309,50,46,0,28,후보 제거 29→28
OLTP → Varmail,1,1,58,17.06,B(Varmail),46,10,25,7,1.9263,44,44,0,27,후보 제거 28→27
OLTP → Varmail,2,1,58,17.07,B(Varmail),46,10,25,7,1.9166,43,43,0,27,후보 제거 28→27
OLTP → Varmail,0,1,60,17.12,B(Varmail),43,7,400,7,2.0011,40,40,0,26,후보 제거 27→26
OLTP → Varmail,3,1,59,17.12,B(Varmail),46,10,25,7,1.9061,50,40,0,27,후보 제거 28→27
OLTP → Varmail,1,1,59,17.12,B(Varmail),44,7,400,16,1.9477,41,41,0,26,후보 제거 27→26
OLTP → Varmail,2,1,59,17.13,B(Varmail),43,7,400,7,1.9470,36,36,0,26,후보 제거 27→26
OLTP → Varmail,0,1,61,17.18,B(Varmail),40,7,200,7,2.0095,41,41,0,25,후보 제거 26→25
OLTP → Varmail,3,1,60,17.18,B(Varmail),40,7,200,7,1.9309,50,50,0,26,후보 제거 27→26
OLTP → Varmail,1,1,60,17.19,B(Varmail),41,7,200,16,1.9678,36,36,0,25,후보 제거 26→25
OLTP → Varmail,2,1,60,17.19,B(Varmail),36,7,100,4,1.9652,40,35,0,25,후보 제거 26→25
OLTP → Varmail,0,1,62,17.23,B(Varmail),41,7,200,16,1.9953,33,33,0,24,후보 제거 25→24
OLTP → Varmail,3,1,61,17.24,B(Varmail),50,10,50,16,1.9426,44,44,0,25,후보 제거 26→25
OLTP → Varmail,1,1,61,17.25,B(Varmail),36,7,100,4,1.9561,40,40,0,24,후보 제거 25→24
OLTP → Varmail,2,1,61,17.25,B(Varmail),35,7,50,16,1.9460,40,40,0,24,후보 제거 25→24
OLTP → Varmail,0,1,63,17.29,B(Varmail),33,7,50,4,2.0153,34,34,0,23,후보 제거 24→23
OLTP → Varmail,3,1,62,17.3,B(Varmail),44,7,400,16,1.9385,35,35,0,24,후보 제거 25→24
OLTP → Varmail,1,1,62,17.31,B(Varmail),40,7,200,7,1.9547,34,34,0,23,후보 제거 24→23
OLTP → Varmail,2,1,62,17.31,B(Varmail),40,7,200,7,1.9385,47,47,0,23,후보 제거 24→23
OLTP → Varmail,0,1,64,17.35,B(Varmail),34,7,50,7,2.0099,47,47,0,22,후보 제거 23→22
OLTP → Varmail,3,1,63,17.37,B(Varmail),35,7,50,16,1.9305,47,33,0,23,후보 제거 24→23
OLTP → Varmail,1,1,63,17.37,B(Varmail),34,7,50,7,1.9509,38,33,0,22,후보 제거 23→22
OLTP → Varmail,2,1,63,17.37,B(Varmail),47,10,25,16,1.9197,34,34,0,22,후보 제거 23→22
OLTP → Varmail,0,1,65,17.4,B(Varmail),47,10,25,16,1.9848,32,32,0,21,후보 제거 22→21
OLTP → Varmail,3,1,64,17.43,B(Varmail),33,7,50,4,1.9495,47,34,0,22,후보 제거 23→22
OLTP → Varmail,1,1,64,17.43,B(Varmail),33,7,50,4,1.9495,38,38,0,21,후보 제거 22→21
OLTP → Varmail,2,1,64,17.43,B(Varmail),34,7,50,7,1.9471,33,33,0,21,후보 제거 22→21
OLTP → Varmail,0,1,66,17.46,B(Varmail),32,7,25,16,1.9965,30,30,0,20,후보 제거 21→20
OLTP → Varmail,3,1,65,17.49,B(Varmail),34,7,50,7,1.9453,47,47,0,21,후보 제거 22→21
OLTP → Varmail,1,1,65,17.49,B(Varmail),38,7,100,16,1.9666,47,47,0,20,후보 제거 21→20
OLTP → Varmail,2,1,65,17.49,B(Varmail),33,7,50,4,1.9500,38,38,0,20,후보 제거 21→20
OLTP → Varmail,0,1,67,17.52,B(Varmail),30,7,25,4,1.9968,31,31,0,19,후보 제거 20→19
OLTP → Varmail,3,1,66,17.55,B(Varmail),47,10,25,16,1.8987,32,32,0,20,후보 제거 21→20
OLTP → Varmail,1,1,66,17.55,B(Varmail),47,10,25,16,1.9220,30,30,0,19,후보 제거 20→19
OLTP → Varmail,2,1,66,17.55,B(Varmail),38,7,100,16,1.9460,32,32,0,19,후보 제거 20→19
OLTP → Varmail,0,1,68,17.58,B(Varmail),31,7,25,7,1.9939,35,18,0,18,후보 제거 19→18
OLTP → Varmail,3,1,67,17.61,B(Varmail),32,7,25,16,1.9544,30,30,0,19,후보 제거 20→19
OLTP → Varmail,1,1,67,17.61,B(Varmail),30,7,25,4,1.9522,31,31,0,18,후보 제거 19→18
OLTP → Varmail,2,1,67,17.61,B(Varmail),32,7,25,16,1.9627,30,30,0,18,후보 제거 19→18
OLTP → Varmail,0,1,69,17.63,B(Varmail),18,4,50,4,2.0275,35,35,0,17,후보 제거 18→17
OLTP → Varmail,3,1,68,17.67,B(Varmail),30,7,25,4,1.9482,31,31,0,18,후보 제거 19→18
OLTP → Varmail,1,1,68,17.67,B(Varmail),31,7,25,7,1.9566,32,32,0,17,후보 제거 18→17
OLTP → Varmail,2,1,68,17.68,B(Varmail),30,7,25,4,1.9489,31,31,0,17,후보 제거 18→17
OLTP → Varmail,0,1,70,17.69,B(Varmail),35,7,50,16,2.0021,24,21,0,16,후보 제거 17→16
OLTP → Varmail,3,1,69,17.73,B(Varmail),31,7,25,7,1.9388,24,18,0,17,후보 제거 18→17
OLTP → Varmail,1,1,69,17.73,B(Varmail),32,7,25,16,1.9579,21,18,0,16,후보 제거 17→16
OLTP → Varmail,2,1,69,17.74,B(Varmail),31,7,25,7,1.9433,24,24,0,16,후보 제거 17→16
OLTP → Varmail,0,1,71,17.75,B(Varmail),21,4,100,4,2.0056,24,24,0,15,후보 제거 16→15
OLTP → Varmail,3,1,70,17.79,B(Varmail),18,4,50,4,1.9351,24,24,0,16,후보 제거 17→16
OLTP → Varmail,1,1,70,17.79,B(Varmail),18,4,50,4,1.9517,21,21,0,15,후보 제거 16→15
OLTP → Varmail,2,1,70,17.8,B(Varmail),24,4,200,4,1.9580,21,21,0,15,후보 제거 16→15
OLTP → Varmail,0,1,72,17.8,B(Varmail),24,4,200,4,2.0204,22,22,0,14,후보 제거 15→14
OLTP → Varmail,3,1,71,17.85,B(Varmail),24,4,200,4,1.9482,21,21,0,15,후보 제거 16→15
OLTP → Varmail,1,1,71,17.85,B(Varmail),21,4,100,4,1.9627,24,24,0,14,후보 제거 15→14
OLTP → Varmail,2,1,71,17.86,B(Varmail),21,4,100,4,1.9567,18,18,0,14,후보 제거 15→14
OLTP → Varmail,0,1,73,17.86,B(Varmail),22,4,100,7,1.9914,23,23,0,13,후보 제거 14→13
OLTP → Varmail,3,1,72,17.91,B(Varmail),21,4,100,4,1.9462,25,25,0,14,후보 제거 15→14
OLTP → Varmail,1,1,72,17.91,B(Varmail),24,4,200,4,1.9608,23,23,0,13,후보 제거 14→13
OLTP → Varmail,0,1,74,17.92,B(Varmail),23,4,100,16,2.0023,27,20,0,12,후보 제거 13→12
OLTP → Varmail,2,1,72,17.92,B(Varmail),18,4,50,4,1.9592,55,25,0,13,후보 제거 14→13
OLTP → Varmail,3,1,73,17.97,B(Varmail),25,4,200,7,1.9381,22,22,0,13,후보 제거 14→13
OLTP → Varmail,1,1,73,17.97,B(Varmail),23,4,100,16,1.9498,25,25,0,12,후보 제거 13→12
OLTP → Varmail,0,1,75,17.97,B(Varmail),20,4,50,16,1.9828,27,27,0,11,후보 제거 12→11
OLTP → Varmail,2,1,73,17.98,B(Varmail),25,4,200,7,1.9396,55,20,0,12,후보 제거 13→12
OLTP → Varmail,3,1,74,18.03,B(Varmail),22,4,100,7,1.9568,20,20,0,12,후보 제거 13→12
OLTP → Varmail,0,1,76,18.03,B(Varmail),27,4,400,4,2.0229,25,25,0,10,후보 제거 11→10
OLTP → Varmail,1,1,74,18.03,B(Varmail),25,4,200,7,1.9699,29,20,0,11,후보 제거 12→11
OLTP → Varmail,2,1,74,18.04,B(Varmail),20,4,50,16,1.9599,55,55,0,11,후보 제거 12→11
OLTP → Varmail,0,1,77,18.09,B(Varmail),25,4,200,7,2.0155,26,26,0,9,후보 제거 10→9
OLTP → Varmail,3,1,75,18.09,B(Varmail),20,4,50,16,1.9583,27,27,0,11,후보 제거 12→11
OLTP → Varmail,1,1,75,18.09,B(Varmail),20,4,50,16,1.9547,29,22,0,10,후보 제거 11→10
OLTP → Varmail,2,1,75,18.1,B(Varmail),55,10,200,7,1.9465,26,26,0,10,후보 제거 11→10
OLTP → Varmail,0,1,78,18.15,B(Varmail),26,4,200,16,1.9861,28,28,0,8,후보 제거 9→8
OLTP → Varmail,3,1,76,18.15,B(Varmail),27,4,400,4,1.9159,26,26,0,10,후보 제거 11→10
OLTP → Varmail,1,1,76,18.15,B(Varmail),22,4,100,7,1.9400,29,29,0,9,후보 제거 10→9
OLTP → Varmail,2,1,76,18.16,B(Varmail),26,4,200,16,1.9398,27,27,0,9,후보 제거 10→9
OLTP → Varmail,0,1,79,18.2,B(Varmail),28,4,400,7,2.0217,29,29,0,7,후보 제거 8→7
OLTP → Varmail,3,1,77,18.21,B(Varmail),26,4,200,16,1.9601,23,23,0,9,후보 제거 10→9
OLTP → Varmail,1,1,77,18.22,B(Varmail),29,4,400,16,1.9700,27,27,0,8,후보 제거 9→8
OLTP → Varmail,2,1,77,18.22,B(Varmail),27,4,400,4,1.9587,22,22,0,8,후보 제거 9→8
OLTP → Varmail,0,1,80,18.26,B(Varmail),29,4,400,16,2.0048,19,19,0,6,후보 제거 7→6
OLTP → Varmail,3,1,78,18.27,B(Varmail),23,4,100,16,1.9448,29,29,0,8,후보 제거 9→8
OLTP → Varmail,1,1,78,18.28,B(Varmail),27,4,400,4,1.9542,26,26,0,7,후보 제거 8→7
OLTP → Varmail,2,1,78,18.28,B(Varmail),22,4,100,7,1.9587,23,23,0,7,후보 제거 8→7
OLTP → Varmail,0,1,81,18.32,B(Varmail),19,4,50,7,2.0052,55,55,0,5,후보 제거 6→5
OLTP → Varmail,3,1,79,18.33,B(Varmail),29,4,400,16,1.9593,28,28,0,7,후보 제거 8→7
OLTP → Varmail,1,1,79,18.34,B(Varmail),26,4,200,16,1.9622,55,28,0,6,후보 제거 7→6
OLTP → Varmail,2,1,79,18.34,B(Varmail),23,4,100,16,1.9535,29,29,0,6,후보 제거 7→6
OLTP → Varmail,0,1,82,18.37,B(Varmail),55,10,200,7,2.0026,17,17,0,4,후보 제거 5→4
OLTP → Varmail,3,1,80,18.39,B(Varmail),28,4,400,7,1.9365,55,19,0,6,후보 제거 7→6
OLTP → Varmail,1,1,80,18.4,B(Varmail),28,4,400,7,1.9646,55,55,0,5,후보 제거 6→5
OLTP → Varmail,2,1,80,18.41,B(Varmail),29,4,400,16,1.9531,28,28,0,5,후보 제거 6→5
OLTP → Varmail,0,1,83,18.43,B(Varmail),17,4,25,16,2.0007,16,16,0,3,후보 제거 4→3
OLTP → Varmail,3,1,81,18.45,B(Varmail),19,4,50,7,1.9593,55,55,0,5,후보 제거 6→5
OLTP → Varmail,1,1,81,18.46,B(Varmail),55,10,200,7,1.9749,19,19,0,4,후보 제거 5→4
OLTP → Varmail,2,1,81,18.47,B(Varmail),28,4,400,7,1.9611,19,19,0,4,후보 제거 5→4
OLTP → Varmail,0,1,84,18.49,B(Varmail),16,4,25,7,2.0011,15,15,0,2,후보 제거 3→2
OLTP → Varmail,3,1,82,18.52,B(Varmail),55,10,200,7,1.9600,17,17,0,4,후보 제거 5→4
OLTP → Varmail,1,1,82,18.52,B(Varmail),19,4,50,7,1.9532,17,17,0,3,후보 제거 4→3
OLTP → Varmail,2,1,82,18.53,B(Varmail),19,4,50,7,1.9671,17,17,0,3,후보 제거 4→3
OLTP → Varmail,0,1,85,18.54,B(Varmail),15,4,25,4,2.0042,16,16,0,2,
OLTP → Varmail,3,1,83,18.58,B(Varmail),17,4,25,16,1.9463,16,16,0,3,후보 제거 4→3
OLTP → Varmail,1,1,83,18.58,B(Varmail),17,4,25,16,1.9503,16,16,0,2,후보 제거 3→2
OLTP → Varmail,2,1,83,18.59,B(Varmail),17,4,25,16,1.9431,16,16,0,2,후보 제거 3→2
OLTP → Varmail,0,1,86,18.6,B(Varmail),16,4,25,7,2.0164,15,15,0,2,
OLTP → Varmail,3,1,84,18.64,B(Varmail),16,4,25,7,1.9424,15,15,0,2,후보 제거 3→2
OLTP → Varmail,1,1,84,18.64,B(Varmail),16,4,25,7,1.9686,17,17,0,2,
OLTP → Varmail,2,1,84,18.65,B(Varmail),16,4,25,7,1.9650,17,17,0,2,
OLTP → Varmail,0,1,87,18.66,B(Varmail),15,4,25,4,2.0223,16,16,0,2,
OLTP → Varmail,3,1,85,18.7,B(Varmail),15,4,25,4,1.9512,16,16,0,2,
OLTP → Varmail,1,1,85,18.7,B(Varmail),17,4,25,16,1.9659,16,16,0,2,
OLTP → Varmail,2,1,85,18.71,B(Varmail),17,4,25,16,1.9585,16,16,0,2,
OLTP → Varmail,0,1,88,18.72,B(Varmail),16,4,25,7,2.0099,15,15,0,2,
OLTP → Varmail,3,1,86,18.76,B(Varmail),16,4,25,7,1.9471,15,15,0,2,
OLTP → Varmail,1,1,86,18.76,B(Varmail),16,4,25,7,1.9509,16,17,0,2,
OLTP → Varmail,2,1,86,18.77,B(Varmail),16,4,25,7,1.9460,16,17,0,2,
OLTP → Varmail,0,1,89,18.77,B(Varmail),15,4,25,4,2.0101,16,16,0,2,
OLTP → Varmail,3,1,87,18.82,B(Varmail),15,4,25,4,1.9561,16,16,0,2,
OLTP → Varmail,1,1,87,18.82,B(Varmail),17,4,25,16,1.9645,16,16,0,2,
OLTP → Varmail,0,1,90,18.83,B(Varmail),16,4,25,7,2.0053,15,15,0,2,
OLTP → Varmail,2,1,87,18.83,B(Varmail),17,4,25,16,1.9734,16,16,0,2,
OLTP → Varmail,3,1,88,18.88,B(Varmail),16,4,25,7,1.9559,15,15,0,2,
OLTP → Varmail,1,1,88,18.88,B(Varmail),16,4,25,7,1.9634,16,17,0,2,
OLTP → Varmail,0,1,91,18.89,B(Varmail),15,4,25,4,2.0079,16,16,0,2,
OLTP → Varmail,2,1,88,18.89,B(Varmail),16,4,25,7,1.9565,16,17,0,2,
OLTP → Varmail,3,1,89,18.94,B(Varmail),15,4,25,4,1.9330,16,16,0,2,
OLTP → Varmail,1,1,89,18.94,B(Varmail),17,4,25,16,1.9449,16,16,0,2,
OLTP → Varmail,0,1,92,18.94,B(Varmail),16,4,25,7,2.0037,16,15,0,2,
OLTP → Varmail,2,1,89,18.95,B(Varmail),17,4,25,16,1.9470,16,16,0,2,
OLTP → Varmail,3,1,90,19.0,B(Varmail),16,4,25,7,1.9363,15,15,0,2,
OLTP → Varmail,0,1,93,19.0,B(Varmail),15,4,25,4,1.9915,16,16,0,2,
OLTP → Varmail,1,1,90,19.0,B(Varmail),16,4,25,7,1.9634,16,17,0,2,
OLTP → Varmail,2,1,90,19.02,B(Varmail),16,4,25,7,1.9489,16,17,0,2,
OLTP → Varmail,0,1,94,19.06,B(Varmail),16,4,25,7,2.0087,16,15,0,2,
OLTP → Varmail,3,1,91,19.06,B(Varmail),15,4,25,4,1.9566,16,16,0,2,
OLTP → Varmail,1,1,91,19.07,B(Varmail),17,4,25,16,1.9629,16,16,0,2,
OLTP → Varmail,2,1,91,19.08,B(Varmail),17,4,25,16,1.9598,16,16,0,2,
OLTP → Varmail,0,1,95,19.12,B(Varmail),15,4,25,4,1.9928,16,16,0,2,
OLTP → Varmail,3,1,92,19.13,B(Varmail),16,4,25,7,1.9449,16,15,0,2,
OLTP → Varmail,1,1,92,19.13,B(Varmail),16,4,25,7,1.9597,16,17,0,2,
OLTP → Varmail,2,1,92,19.15,B(Varmail),16,4,25,7,1.9561,16,17,0,2,
OLTP → Varmail,0,1,96,19.18,B(Varmail),16,4,25,7,2.0130,16,15,0,2,
OLTP → Varmail,3,1,93,19.19,B(Varmail),15,4,25,4,1.9465,16,16,0,2,
OLTP → Varmail,1,1,93,19.2,B(Varmail),17,4,25,16,1.9716,16,16,0,2,
OLTP → Varmail,2,1,93,19.21,B(Varmail),17,4,25,16,1.9520,16,16,0,2,
OLTP → Varmail,0,1,97,19.24,B(Varmail),15,4,25,4,2.0233,16,16,0,2,
OLTP → Varmail,3,1,94,19.25,B(Varmail),16,4,25,7,1.9497,16,15,0,2,
OLTP → Varmail,1,1,94,19.26,B(Varmail),16,4,25,7,1.9702,16,17,0,2,
OLTP → Varmail,2,1,94,19.27,B(Varmail),16,4,25,7,1.9520,16,17,0,2,
OLTP → Varmail,0,1,98,19.3,B(Varmail),16,4,25,7,2.0188,16,15,0,2,
OLTP → Varmail,3,1,95,19.31,B(Varmail),15,4,25,4,1.9487,16,16,0,2,
OLTP → Varmail,1,1,95,19.32,B(Varmail),17,4,25,16,1.9664,16,16,0,2,
OLTP → Varmail,2,1,95,19.33,B(Varmail),17,4,25,16,1.9554,16,16,0,2,
OLTP → Varmail,0,1,99,19.35,B(Varmail),15,4,25,4,1.9909,16,16,0,2,
OLTP → Varmail,3,1,96,19.37,B(Varmail),16,4,25,7,1.9380,16,15,0,2,
OLTP → Varmail,1,1,96,19.38,B(Varmail),16,4,25,7,1.9510,16,17,0,2,
OLTP → Varmail,2,1,96,19.39,B(Varmail),16,4,25,7,1.9416,16,16,0,2,
OLTP → Varmail,0,1,100,19.41,B(Varmail),16,4,25,7,2.0004,16,15,0,2,
OLTP → Varmail,3,1,97,19.44,B(Varmail),15,4,25,4,1.9562,16,16,0,2,
OLTP → Varmail,1,1,97,19.44,B(Varmail),17,4,25,16,1.9725,16,16,1,2,정착
OLTP → Varmail,2,1,97,19.44,B(Varmail),16,4,25,7,1.9466,16,16,1,2,정착
OLTP → Varmail,0,1,101,19.47,B(Varmail),15,4,25,4,2.0122,16,16,0,2,
OLTP → Varmail,2,1,98,19.49,B(Varmail),16,4,25,7,1.9494,17,17,0,2,정착 해제
OLTP → Varmail,3,1,98,19.5,B(Varmail),16,4,25,7,1.9491,16,15,0,2,
OLTP → Varmail,1,1,98,19.5,B(Varmail),16,4,25,7,1.9622,16,16,1,2,
OLTP → Varmail,0,1,102,19.53,B(Varmail),16,4,25,7,2.0228,16,15,0,2,
OLTP → Varmail,1,1,99,19.55,B(Varmail),16,4,25,7,1.9626,16,16,1,2,
OLTP → Varmail,2,1,99,19.55,B(Varmail),17,4,25,16,1.9431,17,17,0,2,
OLTP → Varmail,3,1,99,19.56,B(Varmail),15,4,25,4,1.9272,16,16,0,2,
OLTP → Varmail,0,1,103,19.58,B(Varmail),15,4,25,4,1.9895,16,16,1,2,정착
OLTP → Varmail,1,1,100,19.59,B(Varmail),16,4,25,7,1.9612,17,17,0,2,정착 해제
OLTP → Varmail,2,1,100,19.6,B(Varmail),17,4,25,16,1.9632,17,16,0,2,
OLTP → Varmail,3,1,100,19.62,B(Varmail),16,4,25,7,1.9494,16,15,0,2,
OLTP → Varmail,0,1,104,19.64,B(Varmail),16,4,25,7,2.0082,16,16,1,2,
OLTP → Varmail,1,1,101,19.66,B(Varmail),17,4,25,16,1.9571,17,17,0,2,
OLTP → Varmail,2,1,101,19.66,B(Varmail),16,4,25,7,1.9401,17,17,0,2,
OLTP → Varmail,3,1,101,19.68,B(Varmail),15,4,25,4,1.9414,16,16,0,2,
OLTP → Varmail,0,1,105,19.68,B(Varmail),16,4,25,7,2.0083,16,16,1,2,
OLTP → Varmail,1,1,102,19.7,B(Varmail),17,4,25,16,1.9513,17,17,0,2,
OLTP → Varmail,2,1,102,19.72,B(Varmail),17,4,25,16,1.9701,17,16,0,2,
OLTP → Varmail,0,1,106,19.73,B(Varmail),16,4,25,7,2.0098,15,15,0,2,정착 해제
OLTP → Varmail,3,1,102,19.74,B(Varmail),16,4,25,7,1.9467,16,15,0,2,
OLTP → Varmail,1,1,103,19.75,B(Varmail),17,4,25,16,1.9533,17,16,0,2,
OLTP → Varmail,2,1,103,19.78,B(Varmail),16,4,25,7,1.9453,17,17,0,2,
OLTP → Varmail,0,1,107,19.79,B(Varmail),15,4,25,4,2.0014,15,15,0,2,
OLTP → Varmail,3,1,103,19.8,B(Varmail),15,4,25,4,1.9401,16,16,1,2,정착
OLTP → Varmail,1,1,104,19.81,B(Varmail),16,4,25,7,1.9539,17,17,0,2,
OLTP → Varmail,0,1,108,19.83,B(Varmail),15,4,25,4,2.0102,15,15,0,2,
OLTP → Varmail,2,1,104,19.84,B(Varmail),17,4,25,16,1.9645,17,16,0,2,
OLTP → Varmail,3,1,104,19.86,B(Varmail),16,4,25,7,1.9622,16,16,1,2,
OLTP → Varmail,1,1,105,19.87,B(Varmail),17,4,25,16,1.9795,17,16,0,2,
OLTP → Varmail,0,1,109,19.88,B(Varmail),15,4,25,4,2.0239,15,16,0,2,
OLTP → Varmail,2,1,105,19.9,B(Varmail),16,4,25,7,1.9639,17,17,0,2,
OLTP → Varmail,3,1,105,19.91,B(Varmail),16,4,25,7,1.9568,16,16,1,2,
OLTP → Varmail,1,1,106,19.93,B(Varmail),16,4,25,7,1.9428,17,16,0,2,
OLTP → Varmail,0,1,110,19.94,B(Varmail),16,4,25,7,1.9906,15,15,0,2,
OLTP → Varmail,3,1,106,19.95,B(Varmail),16,4,25,7,1.9367,16,16,1,2,
OLTP → Varmail,2,1,106,19.96,B(Varmail),17,4,25,16,1.9509,17,16,0,2,
OLTP → Varmail,1,1,107,19.98,B(Varmail),16,4,25,7,1.9529,17,17,0,2,
OLTP → Varmail,0,1,111,19.99,B(Varmail),15,4,25,4,2.0170,15,16,0,2,
OLTP → Varmail,3,1,107,20.0,B(Varmail),16,4,25,7,1.9545,16,16,1,2,
OLTP → Varmail,2,1,107,20.03,B(Varmail),16,4,25,7,1.9630,17,17,0,2,
OLTP → Varmail,1,1,108,20.04,B(Varmail),17,4,25,16,1.9648,17,16,0,2,
OLTP → Varmail,0,1,112,20.05,B(Varmail),16,4,25,7,1.9963,15,15,0,2,
OLTP → Varmail,3,1,108,20.05,B(Varmail),16,4,25,7,1.9450,15,15,0,2,정착 해제
OLTP → Varmail,2,1,108,20.09,B(Varmail),17,4,25,16,1.9335,17,16,0,2,
OLTP → Varmail,1,1,109,20.11,B(Varmail),16,4,25,7,1.9552,17,17,0,2,
OLTP → Varmail,0,1,113,20.11,B(Varmail),15,4,25,4,2.0207,15,16,0,2,
OLTP → Varmail,3,1,109,20.12,B(Varmail),15,4,25,4,1.9447,15,15,0,2,
OLTP → Varmail,2,1,109,20.15,B(Varmail),16,4,25,7,1.9533,17,17,0,2,
OLTP → Varmail,3,1,110,20.17,B(Varmail),15,4,25,4,1.9388,15,15,0,2,
OLTP → Varmail,1,1,110,20.17,B(Varmail),17,4,25,16,1.9585,17,16,0,2,
OLTP → Varmail,0,1,114,20.17,B(Varmail),16,4,25,7,1.9880,15,15,0,2,
OLTP → Varmail,2,1,110,20.21,B(Varmail),17,4,25,16,1.9590,17,17,1,2,정착
OLTP → Varmail,3,1,111,20.22,B(Varmail),15,4,25,4,1.9438,15,15,0,2,
OLTP → Varmail,0,1,115,20.23,B(Varmail),15,4,25,4,2.0033,15,16,0,2,
OLTP → Varmail,1,1,111,20.23,B(Varmail),16,4,25,7,1.9626,17,17,0,2,
OLTP → Varmail,2,1,111,20.26,B(Varmail),17,4,25,16,1.9489,17,17,1,2,
OLTP → Varmail,3,1,112,20.27,B(Varmail),15,4,25,4,1.9465,15,15,0,2,
OLTP → Varmail,0,1,116,20.29,B(Varmail),16,4,25,7,2.0137,15,15,0,2,
OLTP → Varmail,1,1,112,20.29,B(Varmail),17,4,25,16,1.9553,17,17,1,2,정착
OLTP → Varmail,2,1,112,20.31,B(Varmail),17,4,25,16,1.9546,17,17,1,2,
OLTP → Varmail,3,1,113,20.31,B(Varmail),15,4,25,4,1.9527,15,16,0,2,
OLTP → Varmail,1,1,113,20.34,B(Varmail),17,4,25,16,1.9591,17,17,1,2,
OLTP → Varmail,0,1,117,20.34,B(Varmail),15,4,25,4,2.0058,15,16,0,2,
OLTP → Varmail,2,1,113,20.36,B(Varmail),17,4,25,16,1.9620,17,17,1,2,
OLTP → Varmail,3,1,114,20.38,B(Varmail),16,4,25,7,1.9513,15,15,0,2,
OLTP → Varmail,1,1,114,20.39,B(Varmail),17,4,25,16,1.9370,17,17,1,2,
OLTP → Varmail,0,1,118,20.4,B(Varmail),16,4,25,7,1.9883,15,15,1,2,정착
OLTP → Varmail,2,1,114,20.41,B(Varmail),17,4,25,16,1.9406,16,16,0,2,정착 해제
OLTP → Varmail,3,1,115,20.44,B(Varmail),15,4,25,4,1.9197,15,16,0,2,
OLTP → Varmail,1,1,115,20.44,B(Varmail),17,4,25,16,1.9523,17,17,1,2,
OLTP → Varmail,0,1,119,20.46,B(Varmail),15,4,25,4,2.0039,15,15,1,2,
OLTP → Varmail,2,1,115,20.47,B(Varmail),16,4,25,7,1.9536,16,16,0,2,
OLTP → Varmail,1,1,116,20.49,B(Varmail),17,4,25,16,1.9577,17,17,1,2,
OLTP → Varmail,3,1,116,20.5,B(Varmail),16,4,25,7,1.9528,15,15,0,2,
OLTP → Varmail,0,1,120,20.5,B(Varmail),15,4,25,4,2.0155,15,15,1,2,
OLTP → Varmail,2,1,116,20.52,B(Varmail),16,4,25,7,1.9680,16,16,0,2,
OLTP → Varmail,1,1,117,20.54,B(Varmail),17,4,25,16,1.9902,16,16,0,2,정착 해제
OLTP → Varmail,0,1,121,20.55,B(Varmail),15,4,25,4,1.9969,15,15,1,2,
OLTP → Varmail,3,1,117,20.56,B(Varmail),15,4,25,4,1.9586,15,16,0,2,
OLTP → Varmail,2,1,117,20.57,B(Varmail),16,4,25,7,1.9684,16,16,0,2,
OLTP → Varmail,0,1,122,20.59,B(Varmail),15,4,25,4,2.0143,16,16,0,2,정착 해제
OLTP → Varmail,1,1,118,20.6,B(Varmail),16,4,25,7,1.9659,16,16,0,2,
OLTP → Varmail,3,1,118,20.62,B(Varmail),16,4,25,7,1.9486,15,15,0,2,
OLTP → Varmail,2,1,118,20.62,B(Varmail),16,4,25,7,1.9417,16,16,0,2,
OLTP → Varmail,1,1,119,20.64,B(Varmail),16,4,25,7,1.9581,16,16,0,2,
OLTP → Varmail,0,1,123,20.65,B(Varmail),16,4,25,7,2.0043,16,16,0,2,
OLTP → Varmail,2,1,119,20.67,B(Varmail),16,4,25,7,1.9594,16,17,0,2,
OLTP → Varmail,3,1,119,20.68,B(Varmail),15,4,25,4,1.9452,15,16,0,2,
OLTP → Varmail,1,1,120,20.69,B(Varmail),16,4,25,7,1.9635,16,16,0,2,
OLTP → Varmail,0,1,124,20.7,B(Varmail),16,4,25,7,2.0183,16,16,0,2,
OLTP → Varmail,2,1,120,20.73,B(Varmail),17,4,25,16,1.9718,16,16,0,2,
OLTP → Varmail,3,1,120,20.74,B(Varmail),16,4,25,7,1.9611,15,15,1,2,정착
OLTP → Varmail,1,1,121,20.74,B(Varmail),16,4,25,7,1.9743,16,16,0,2,
OLTP → Varmail,0,1,125,20.74,B(Varmail),16,4,25,7,2.0100,16,16,0,2,
OLTP → Varmail,2,1,121,20.79,B(Varmail),16,4,25,7,1.9558,16,17,0,2,
OLTP → Varmail,0,1,126,20.79,B(Varmail),16,4,25,7,2.0099,16,15,0,2,
OLTP → Varmail,1,1,122,20.79,B(Varmail),16,4,25,7,1.9613,16,17,0,2,
OLTP → Varmail,3,1,121,20.8,B(Varmail),15,4,25,4,1.9396,15,15,1,2,
OLTP → Varmail,0,1,127,20.84,B(Varmail),15,4,25,4,1.9909,16,16,0,2,
OLTP → Varmail,3,1,122,20.85,B(Varmail),15,4,25,4,1.9519,15,15,1,2,
OLTP → Varmail,2,1,122,20.85,B(Varmail),17,4,25,16,1.9556,16,16,0,2,
OLTP → Varmail,1,1,123,20.85,B(Varmail),17,4,25,16,1.9596,16,16,0,2,
OLTP → Varmail,3,1,123,20.9,B(Varmail),15,4,25,4,1.9509,15,15,1,2,
OLTP → Varmail,0,1,128,20.9,B(Varmail),16,4,25,7,2.0091,16,15,0,2,
OLTP → Varmail,2,1,123,20.91,B(Varmail),16,4,25,7,1.9374,16,17,0,2,
OLTP → Varmail,1,1,124,20.91,B(Varmail),16,4,25,7,1.9536,16,16,0,2,
OLTP → Varmail,3,1,124,20.94,B(Varmail),15,4,25,4,1.9688,15,15,1,2,
OLTP → Varmail,1,1,125,20.96,B(Varmail),16,4,25,7,1.9739,16,17,0,2,
OLTP → Varmail,0,1,129,20.96,B(Varmail),15,4,25,4,2.0333,16,16,0,2,
OLTP → Varmail,2,1,124,20.97,B(Varmail),17,4,25,16,1.9504,16,16,0,2,
OLTP → Varmail,3,1,125,20.99,B(Varmail),15,4,25,4,1.9525,15,15,1,2,
OLTP → Varmail,0,1,130,21.02,B(Varmail),16,4,25,7,1.9960,16,16,0,2,
OLTP → Varmail,1,1,126,21.02,B(Varmail),17,4,25,16,1.9543,16,17,0,2,
OLTP → Varmail,2,1,125,21.03,B(Varmail),16,4,25,7,1.9480,16,17,0,2,
OLTP → Varmail,3,1,126,21.04,B(Varmail),15,4,25,4,1.9371,15,15,1,2,
OLTP → Varmail,0,1,131,21.06,B(Varmail),16,4,25,7,2.0040,16,15,0,2,
OLTP → Varmail,1,1,127,21.07,B(Varmail),17,4,25,16,1.9577,16,16,0,2,
OLTP → Varmail,3,1,127,21.09,B(Varmail),15,4,25,4,1.9521,15,15,1,2,
OLTP → Varmail,2,1,126,21.09,B(Varmail),17,4,25,16,1.9536,16,16,1,2,정착
OLTP → Varmail,0,1,132,21.12,B(Varmail),15,4,25,4,2.0221,16,16,0,2,
OLTP → Varmail,1,1,128,21.13,B(Varmail),16,4,25,7,1.9556,16,17,0,2,
OLTP → Varmail,3,1,128,21.14,B(Varmail),15,4,25,4,1.9534,15,30,1,3,후보 복귀 2→3; 이웃 탐침→30
OLTP → Varmail,2,1,127,21.15,B(Varmail),16,4,25,7,1.9637,16,16,1,2,
OLTP → Varmail,0,1,133,21.17,B(Varmail),16,4,25,7,2.0125,16,15,0,2,
OLTP → Varmail,1,1,129,21.19,B(Varmail),17,4,25,16,1.9557,16,16,1,2,정착
OLTP → Varmail,3,1,129,21.2,B(Varmail),30,7,25,4,1.9541,30,30,0,3,정착 해제
OLTP → Varmail,2,1,128,21.2,B(Varmail),16,4,25,7,1.9567,16,16,1,2,
OLTP → Varmail,0,1,134,21.23,B(Varmail),15,4,25,4,2.0046,16,16,1,2,정착
OLTP → Varmail,3,1,130,21.25,B(Varmail),30,7,25,4,1.9335,30,30,0,3,
OLTP → Varmail,1,1,130,21.25,B(Varmail),16,4,25,7,1.9488,16,16,1,2,
OLTP → Varmail,2,1,129,21.25,B(Varmail),16,4,25,7,1.9428,16,16,1,2,
OLTP → Varmail,0,1,135,21.29,B(Varmail),16,4,25,7,2.0042,16,16,1,2,
OLTP → Varmail,3,1,131,21.29,B(Varmail),30,7,25,4,1.9469,30,30,0,3,
OLTP → Varmail,1,1,131,21.3,B(Varmail),16,4,25,7,1.9559,16,16,1,2,
OLTP → Varmail,2,1,130,21.3,B(Varmail),16,4,25,7,1.9592,16,16,1,2,
OLTP → Varmail,0,1,136,21.33,B(Varmail),16,4,25,7,2.0027,16,16,1,2,
OLTP → Varmail,3,1,132,21.34,B(Varmail),30,7,25,4,1.9503,30,30,0,3,
OLTP → Varmail,1,1,132,21.35,B(Varmail),16,4,25,7,1.9659,16,16,1,2,
OLTP → Varmail,2,1,131,21.35,B(Varmail),16,4,25,7,1.9504,16,16,1,2,
OLTP → Varmail,0,1,137,21.38,B(Varmail),16,4,25,7,1.9911,16,16,1,2,
OLTP → Varmail,3,1,133,21.39,B(Varmail),30,7,25,4,1.9469,30,30,0,3,
OLTP → Varmail,1,1,133,21.39,B(Varmail),16,4,25,7,1.9455,16,16,1,2,
OLTP → Varmail,2,1,132,21.4,B(Varmail),16,4,25,7,1.9530,16,16,1,2,
OLTP → Varmail,0,1,138,21.43,B(Varmail),16,4,25,7,1.9890,16,16,1,2,
OLTP → Varmail,3,1,134,21.44,B(Varmail),30,7,25,4,1.9365,30,30,0,3,
OLTP → Varmail,1,1,134,21.44,B(Varmail),16,4,25,7,1.9633,16,16,1,2,
OLTP → Varmail,2,1,133,21.44,B(Varmail),16,4,25,7,1.9542,16,16,1,2,
OLTP → Varmail,0,1,139,21.47,B(Varmail),16,4,25,7,2.0027,16,16,1,2,
OLTP → Varmail,3,1,135,21.49,B(Varmail),30,7,25,4,1.9576,30,30,0,3,
OLTP → Varmail,1,1,135,21.49,B(Varmail),16,4,25,7,1.9605,16,16,1,2,
OLTP → Varmail,2,1,134,21.49,B(Varmail),16,4,25,7,1.9530,16,31,1,3,후보 복귀 2→3; 이웃 탐침→31
OLTP → Varmail,0,1,140,21.52,B(Varmail),16,4,25,7,2.0000,16,16,1,2,
OLTP → Varmail,3,1,136,21.54,B(Varmail),30,7,25,4,1.9460,30,30,0,3,
OLTP → Varmail,1,1,136,21.54,B(Varmail),16,4,25,7,1.9641,16,16,1,2,
OLTP → Varmail,2,1,135,21.55,B(Varmail),31,7,25,7,1.9467,31,31,0,3,정착 해제
OLTP → Varmail,0,1,141,21.56,B(Varmail),16,4,25,7,2.0204,16,16,1,2,
OLTP → Varmail,3,1,137,21.58,B(Varmail),30,7,25,4,1.9405,30,30,0,3,
OLTP → Varmail,1,1,137,21.59,B(Varmail),16,4,25,7,1.9680,16,31,1,3,후보 복귀 2→3; 이웃 탐침→31
OLTP → Varmail,2,1,136,21.6,B(Varmail),31,7,25,7,1.9410,31,31,0,3,
OLTP → Varmail,0,1,142,21.61,B(Varmail),16,4,25,7,2.0122,16,31,1,3,후보 복귀 2→3; 이웃 탐침→31
OLTP → Varmail,3,1,138,21.63,B(Varmail),30,7,25,4,1.9386,30,30,0,3,
OLTP → Varmail,1,1,138,21.65,B(Varmail),31,7,25,7,1.9518,31,31,0,3,정착 해제
OLTP → Varmail,2,1,137,21.65,B(Varmail),31,7,25,7,1.9633,31,31,0,3,
OLTP → Varmail,0,1,143,21.66,B(Varmail),31,7,25,7,1.9905,31,31,0,3,정착 해제
OLTP → Varmail,3,1,139,21.68,B(Varmail),30,7,25,4,1.9462,30,30,0,3,
OLTP → Varmail,1,1,139,21.7,B(Varmail),31,7,25,7,1.9594,31,31,0,3,
OLTP → Varmail,2,1,138,21.7,B(Varmail),31,7,25,7,1.9620,31,31,0,3,
OLTP → Varmail,0,1,144,21.71,B(Varmail),31,7,25,7,1.9979,31,31,0,3,
OLTP → Varmail,3,1,140,21.73,B(Varmail),30,7,25,4,1.9458,30,30,0,3,
OLTP → Varmail,1,1,140,21.75,B(Varmail),31,7,25,7,1.9546,31,31,0,3,
OLTP → Varmail,2,1,139,21.75,B(Varmail),31,7,25,7,1.9661,31,31,0,3,
OLTP → Varmail,0,1,145,21.76,B(Varmail),31,7,25,7,2.0071,31,31,0,3,
OLTP → Varmail,3,1,141,21.78,B(Varmail),30,7,25,4,1.9489,30,30,1,3,정착
OLTP → Varmail,1,1,141,21.79,B(Varmail),31,7,25,7,1.9447,31,31,0,3,
OLTP → Varmail,2,1,140,21.8,B(Varmail),31,7,25,7,1.9531,31,31,0,3,
OLTP → Varmail,0,1,146,21.8,B(Varmail),31,7,25,7,2.0085,31,31,0,3,
OLTP → Varmail,3,1,142,21.83,B(Varmail),30,7,25,4,1.9305,30,30,1,3,
OLTP → Varmail,1,1,142,21.84,B(Varmail),31,7,25,7,1.9617,31,31,0,3,
OLTP → Varmail,2,1,141,21.85,B(Varmail),31,7,25,7,1.9557,31,31,0,3,
OLTP → Varmail,0,1,147,21.85,B(Varmail),31,7,25,7,2.0122,31,31,0,3,
OLTP → Varmail,3,1,143,21.88,B(Varmail),30,7,25,4,1.9489,30,30,1,3,
OLTP → Varmail,1,1,143,21.89,B(Varmail),31,7,25,7,1.9612,31,31,0,3,
OLTP → Varmail,0,1,148,21.89,B(Varmail),31,7,25,7,2.0064,31,31,0,3,
OLTP → Varmail,2,1,142,21.89,B(Varmail),31,7,25,7,1.9516,31,31,0,3,
OLTP → Varmail,3,1,144,21.92,B(Varmail),30,7,25,4,1.9594,30,30,1,3,
OLTP → Varmail,0,1,149,21.94,B(Varmail),31,7,25,7,1.9875,31,31,0,3,
OLTP → Varmail,1,1,144,21.94,B(Varmail),31,7,25,7,1.9514,31,31,0,3,
OLTP → Varmail,2,1,143,21.94,B(Varmail),31,7,25,7,1.9581,31,31,0,3,
OLTP → Varmail,3,1,145,21.97,B(Varmail),30,7,25,4,1.9529,30,30,1,3,
OLTP → Varmail,0,1,150,21.98,B(Varmail),31,7,25,7,1.9989,31,31,0,3,
OLTP → Varmail,1,1,145,21.99,B(Varmail),31,7,25,7,1.9638,31,31,0,3,
OLTP → Varmail,2,1,144,21.99,B(Varmail),31,7,25,7,1.9488,31,31,0,3,
OLTP → Varmail,3,1,146,22.02,B(Varmail),30,7,25,4,1.9531,30,30,1,3,
OLTP → Varmail,0,1,151,22.03,B(Varmail),31,7,25,7,2.0041,31,31,0,3,
OLTP → Varmail,1,1,146,22.04,B(Varmail),31,7,25,7,1.9630,31,31,0,3,
OLTP → Varmail,2,1,145,22.04,B(Varmail),31,7,25,7,1.9451,31,31,0,3,
OLTP → Varmail,3,1,147,22.07,B(Varmail),30,7,25,4,1.9243,30,30,1,3,
OLTP → Varmail,0,1,152,22.08,B(Varmail),31,7,25,7,1.9948,31,31,0,3,
OLTP → Varmail,1,1,147,22.08,B(Varmail),31,7,25,7,1.9453,31,31,0,3,
OLTP → Varmail,2,1,146,22.09,B(Varmail),31,7,25,7,1.9603,31,31,0,3,
OLTP → Varmail,3,1,148,22.12,B(Varmail),30,7,25,4,1.9563,30,33,1,4,후보 복귀 3→4; 이웃 탐침→33
OLTP → Varmail,0,1,153,22.12,B(Varmail),31,7,25,7,2.0102,31,31,0,3,
OLTP → Varmail,1,1,148,22.13,B(Varmail),31,7,25,7,1.9674,31,31,0,3,
OLTP → Varmail,2,1,147,22.14,B(Varmail),31,7,25,7,1.9563,31,31,1,3,정착
OLTP → Varmail,0,1,154,22.17,B(Varmail),31,7,25,7,2.0229,31,31,0,3,
OLTP → Varmail,3,1,149,22.18,B(Varmail),33,7,50,4,1.9438,33,33,0,4,정착 해제
OLTP → Varmail,1,1,149,22.18,B(Varmail),31,7,25,7,1.9684,31,31,0,3,
OLTP → Varmail,2,1,148,22.19,B(Varmail),31,7,25,7,1.9531,31,31,1,3,
OLTP → Varmail,0,1,155,22.21,B(Varmail),31,7,25,7,1.9868,31,31,1,3,정착
OLTP → Varmail,3,1,150,22.23,B(Varmail),33,7,50,4,1.9463,33,33,0,4,
OLTP → Varmail,1,1,150,22.23,B(Varmail),31,7,25,7,1.9621,31,31,1,3,정착
OLTP → Varmail,2,1,149,22.24,B(Varmail),31,7,25,7,1.9562,31,31,1,3,
OLTP → Varmail,0,1,156,22.26,B(Varmail),31,7,25,7,2.0132,31,31,1,3,
OLTP → Varmail,3,1,151,22.28,B(Varmail),33,7,50,4,1.9409,33,33,0,4,
OLTP → Varmail,1,1,151,22.28,B(Varmail),31,7,25,7,1.9586,31,31,1,3,
OLTP → Varmail,2,1,150,22.28,B(Varmail),31,7,25,7,1.9409,31,31,1,3,
OLTP → Varmail,0,1,157,22.3,B(Varmail),31,7,25,7,1.9930,31,31,1,3,
OLTP → Varmail,3,1,152,22.32,B(Varmail),33,7,50,4,1.9574,33,33,0,4,
OLTP → Varmail,1,1,152,22.33,B(Varmail),31,7,25,7,1.9675,31,31,1,3,
OLTP → Varmail,2,1,151,22.33,B(Varmail),31,7,25,7,1.9521,31,31,1,3,
OLTP → Varmail,0,1,158,22.35,B(Varmail),31,7,25,7,2.0168,31,31,1,3,
OLTP → Varmail,3,1,153,22.37,B(Varmail),33,7,50,4,1.9621,33,33,0,4,
OLTP → Varmail,1,1,153,22.38,B(Varmail),31,7,25,7,1.9664,31,31,1,3,
OLTP → Varmail,2,1,152,22.38,B(Varmail),31,7,25,7,1.9492,31,31,1,3,
OLTP → Varmail,0,1,159,22.39,B(Varmail),31,7,25,7,1.9968,31,31,1,3,
OLTP → Varmail,3,1,154,22.42,B(Varmail),33,7,50,4,1.9522,33,33,0,4,
OLTP → Varmail,1,1,154,22.42,B(Varmail),31,7,25,7,1.9478,31,31,1,3,
OLTP → Varmail,2,1,153,22.43,B(Varmail),31,7,25,7,1.9565,31,31,1,3,
OLTP → Varmail,0,1,160,22.44,B(Varmail),31,7,25,7,2.0036,31,31,1,3,
OLTP → Varmail,3,1,155,22.47,B(Varmail),33,7,50,4,1.9476,33,33,0,4,
OLTP → Varmail,1,1,155,22.47,B(Varmail),31,7,25,7,1.9610,31,31,1,3,
OLTP → Varmail,2,1,154,22.48,B(Varmail),31,7,25,7,1.9509,31,34,1,4,후보 복귀 3→4; 이웃 탐침→34
OLTP → Varmail,0,1,161,22.49,B(Varmail),31,7,25,7,1.9889,31,31,1,3,
OLTP → Varmail,3,1,156,22.52,B(Varmail),33,7,50,4,1.9178,33,33,0,4,
OLTP → Varmail,1,1,156,22.52,B(Varmail),31,7,25,7,1.9506,31,31,1,3,
OLTP → Varmail,0,1,162,22.53,B(Varmail),31,7,25,7,1.9947,31,34,1,4,후보 복귀 3→4; 이웃 탐침→34
OLTP → Varmail,2,1,155,22.54,B(Varmail),34,7,50,7,1.9439,34,34,0,4,정착 해제
OLTP → Varmail,3,1,157,22.57,B(Varmail),33,7,50,4,1.9447,33,33,0,4,
OLTP → Varmail,1,1,157,22.57,B(Varmail),31,7,25,7,1.9691,31,34,1,4,후보 복귀 3→4; 이웃 탐침→34
OLTP → Varmail,0,1,163,22.59,B(Varmail),34,7,50,7,2.0313,34,34,0,4,정착 해제
OLTP → Varmail,2,1,156,22.59,B(Varmail),34,7,50,7,1.9557,34,34,0,4,
OLTP → Varmail,3,1,158,22.61,B(Varmail),33,7,50,4,1.9582,33,33,0,4,
OLTP → Varmail,1,1,158,22.63,B(Varmail),34,7,50,7,1.9594,34,34,0,4,정착 해제
OLTP → Varmail,0,1,164,22.63,B(Varmail),34,7,50,7,1.9994,34,34,0,4,
OLTP → Varmail,2,1,157,22.64,B(Varmail),34,7,50,7,1.9596,34,34,0,4,
OLTP → Varmail,3,1,159,22.66,B(Varmail),33,7,50,4,1.9486,33,33,0,4,
OLTP → Varmail,1,1,159,22.68,B(Varmail),34,7,50,7,1.9543,34,34,0,4,
OLTP → Varmail,0,1,165,22.68,B(Varmail),34,7,50,7,2.0024,34,34,0,4,
OLTP → Varmail,2,1,158,22.69,B(Varmail),34,7,50,7,1.9559,34,34,0,4,
OLTP → Varmail,3,1,160,22.71,B(Varmail),33,7,50,4,1.9421,33,33,0,4,
OLTP → Varmail,0,1,166,22.73,B(Varmail),34,7,50,7,2.0132,34,34,0,4,
OLTP → Varmail,1,1,160,22.73,B(Varmail),34,7,50,7,1.9610,34,34,0,4,
OLTP → Varmail,2,1,159,22.73,B(Varmail),34,7,50,7,1.9480,34,34,0,4,
OLTP → Varmail,3,1,161,22.76,B(Varmail),33,7,50,4,1.9724,33,33,1,4,정착
OLTP → Varmail,0,1,167,22.77,B(Varmail),34,7,50,7,2.0246,34,34,0,4,
OLTP → Varmail,1,1,161,22.77,B(Varmail),34,7,50,7,1.9896,34,34,0,4,
OLTP → Varmail,2,1,160,22.78,B(Varmail),34,7,50,7,1.9617,34,34,0,4,
OLTP → Varmail,3,1,162,22.81,B(Varmail),33,7,50,4,1.9509,33,33,1,4,
OLTP → Varmail,0,1,168,22.82,B(Varmail),34,7,50,7,2.0143,34,34,0,4,
OLTP → Varmail,1,1,162,22.82,B(Varmail),34,7,50,7,1.9621,34,34,0,4,
OLTP → Varmail,2,1,161,22.83,B(Varmail),34,7,50,7,1.9313,34,34,0,4,
OLTP → Varmail,3,1,163,22.86,B(Varmail),33,7,50,4,1.9344,33,33,1,4,
OLTP → Varmail,0,1,169,22.86,B(Varmail),34,7,50,7,2.0058,34,34,0,4,
OLTP → Varmail,1,1,163,22.87,B(Varmail),34,7,50,7,1.9395,34,34,0,4,
OLTP → Varmail,2,1,162,22.88,B(Varmail),34,7,50,7,1.9527,34,34,0,4,
OLTP → Varmail,3,1,164,22.9,B(Varmail),33,7,50,4,1.9438,33,33,1,4,
OLTP → Varmail,0,1,170,22.91,B(Varmail),34,7,50,7,2.0084,34,34,0,4,
OLTP → Varmail,1,1,164,22.92,B(Varmail),34,7,50,7,1.9540,34,34,0,4,
OLTP → Varmail,2,1,163,22.93,B(Varmail),34,7,50,7,1.9535,34,34,0,4,
OLTP → Varmail,3,1,165,22.95,B(Varmail),33,7,50,4,1.9306,33,33,1,4,
OLTP → Varmail,0,1,171,22.95,B(Varmail),34,7,50,7,2.0018,34,34,0,4,
OLTP → Varmail,1,1,165,22.97,B(Varmail),34,7,50,7,1.9682,34,34,0,4,
OLTP → Varmail,2,1,164,22.98,B(Varmail),34,7,50,7,1.9579,34,34,0,4,
OLTP → Varmail,0,1,172,23.0,B(Varmail),34,7,50,7,2.0196,34,34,0,4,
OLTP → Varmail,3,1,166,23.0,B(Varmail),33,7,50,4,1.9510,33,33,1,4,
OLTP → Varmail,1,1,166,23.02,B(Varmail),34,7,50,7,1.9645,34,34,0,4,
OLTP → Varmail,2,1,165,23.03,B(Varmail),34,7,50,7,1.9713,34,34,0,4,
OLTP → Varmail,0,1,173,23.05,B(Varmail),34,7,50,7,2.0138,34,34,0,4,
OLTP → Varmail,3,1,167,23.05,B(Varmail),33,7,50,4,1.9633,33,33,1,4,
OLTP → Varmail,1,1,167,23.07,B(Varmail),34,7,50,7,1.9651,34,34,0,4,
OLTP → Varmail,2,1,166,23.08,B(Varmail),34,7,50,7,1.9491,34,34,0,4,
OLTP → Varmail,0,1,174,23.09,B(Varmail),34,7,50,7,1.9969,34,34,0,4,
OLTP → Varmail,3,1,168,23.1,B(Varmail),33,7,50,4,1.9445,33,34,1,5,후보 복귀 4→5; 이웃 탐침→34
OLTP → Varmail,1,1,168,23.11,B(Varmail),34,7,50,7,1.9445,34,34,0,4,
OLTP → Varmail,2,1,167,23.12,B(Varmail),34,7,50,7,1.9467,34,34,1,4,정착
OLTP → Varmail,0,1,175,23.14,B(Varmail),34,7,50,7,1.9958,34,34,1,4,정착
OLTP → Varmail,3,1,169,23.16,B(Varmail),34,7,50,7,1.9534,34,34,0,5,정착 해제
OLTP → Varmail,1,1,169,23.16,B(Varmail),34,7,50,7,1.9603,34,34,0,4,
OLTP → Varmail,2,1,168,23.17,B(Varmail),34,7,50,7,1.9619,34,34,1,4,
OLTP → Varmail,0,1,176,23.18,B(Varmail),34,7,50,7,2.0032,34,34,1,4,
OLTP → Varmail,3,1,170,23.21,B(Varmail),34,7,50,7,1.9461,34,34,0,5,
OLTP → Varmail,1,1,170,23.21,B(Varmail),34,7,50,7,1.9620,34,34,1,4,정착
OLTP → Varmail,2,1,169,23.22,B(Varmail),34,7,50,7,1.9756,34,34,1,4,
OLTP → Varmail,0,1,177,23.23,B(Varmail),34,7,50,7,2.0083,34,34,1,4,
OLTP → Varmail,3,1,171,23.26,B(Varmail),34,7,50,7,1.9472,34,34,0,5,
OLTP → Varmail,1,1,171,23.26,B(Varmail),34,7,50,7,1.9676,34,34,1,4,
OLTP → Varmail,2,1,170,23.27,B(Varmail),34,7,50,7,1.9577,34,34,1,4,
OLTP → Varmail,0,1,178,23.27,B(Varmail),34,7,50,7,2.0133,34,34,1,4,
OLTP → Varmail,3,1,172,23.3,B(Varmail),34,7,50,7,1.9181,34,34,0,5,
OLTP → Varmail,1,1,172,23.31,B(Varmail),34,7,50,7,1.9589,34,34,1,4,
OLTP → Varmail,0,1,179,23.32,B(Varmail),34,7,50,7,2.0103,34,34,1,4,
OLTP → Varmail,2,1,171,23.32,B(Varmail),34,7,50,7,1.9548,34,34,1,4,
OLTP → Varmail,3,1,173,23.35,B(Varmail),34,7,50,7,1.9462,34,34,0,5,
OLTP → Varmail,1,1,173,23.36,B(Varmail),34,7,50,7,1.9615,34,34,1,4,
OLTP → Varmail,0,1,180,23.36,B(Varmail),34,7,50,7,1.9992,34,34,1,4,
OLTP → Varmail,2,1,172,23.37,B(Varmail),34,7,50,7,1.9588,34,34,1,4,
OLTP → Varmail,3,1,174,23.4,B(Varmail),34,7,50,7,1.9416,34,34,0,5,
OLTP → Varmail,1,1,174,23.4,B(Varmail),34,7,50,7,1.9540,34,34,1,4,
OLTP → Varmail,0,1,181,23.41,B(Varmail),34,7,50,7,2.0061,34,34,1,4,
OLTP → Varmail,2,1,173,23.42,B(Varmail),34,7,50,7,1.9497,34,34,1,4,
OLTP → Varmail,3,1,175,23.45,B(Varmail),34,7,50,7,1.9362,34,34,0,5,
OLTP → Varmail,1,1,175,23.45,B(Varmail),34,7,50,7,1.9637,34,34,1,4,
OLTP → Varmail,0,1,182,23.46,B(Varmail),34,7,50,7,2.0011,34,33,1,5,후보 복귀 4→5; 이웃 탐침→33
OLTP → Varmail,2,1,174,23.47,B(Varmail),34,7,50,7,1.9381,34,33,1,5,후보 복귀 4→5; 이웃 탐침→33
OLTP → Varmail,3,1,176,23.5,B(Varmail),34,7,50,7,1.9382,34,34,0,5,
OLTP → Varmail,1,1,176,23.5,B(Varmail),34,7,50,7,1.9664,34,34,1,4,
OLTP → Varmail,0,1,183,23.51,B(Varmail),33,7,50,4,2.0102,33,33,0,5,정착 해제
OLTP → Varmail,2,1,175,23.53,B(Varmail),33,7,50,4,1.9774,33,33,0,5,정착 해제
OLTP → Varmail,3,1,177,23.55,B(Varmail),34,7,50,7,1.9744,34,34,0,5,
OLTP → Varmail,1,1,177,23.55,B(Varmail),34,7,50,7,1.9888,34,33,1,5,후보 복귀 4→5; 이웃 탐침→33
OLTP → Varmail,0,1,184,23.56,B(Varmail),33,7,50,4,2.0008,33,33,0,5,
OLTP → Varmail,2,1,176,23.58,B(Varmail),33,7,50,4,1.9622,33,33,0,5,
OLTP → Varmail,3,1,178,23.59,B(Varmail),34,7,50,7,1.9471,34,34,0,5,
OLTP → Varmail,0,1,185,23.6,B(Varmail),33,7,50,4,1.9978,33,33,0,5,
OLTP → Varmail,1,1,178,23.61,B(Varmail),33,7,50,4,1.9502,33,33,0,5,정착 해제
OLTP → Varmail,2,1,177,23.62,B(Varmail),33,7,50,4,1.9519,33,33,0,5,
OLTP → Varmail,3,1,179,23.64,B(Varmail),34,7,50,7,1.9541,34,34,0,5,
OLTP → Varmail,0,1,186,23.65,B(Varmail),33,7,50,4,2.0119,33,33,0,5,
OLTP → Varmail,1,1,179,23.66,B(Varmail),33,7,50,4,1.9619,33,33,0,5,
OLTP → Varmail,2,1,178,23.67,B(Varmail),33,7,50,4,1.9417,33,33,0,5,
OLTP → Varmail,3,1,180,23.69,B(Varmail),34,7,50,7,1.9459,34,34,0,5,
OLTP → Varmail,0,1,187,23.69,B(Varmail),33,7,50,4,2.0105,33,33,0,5,
OLTP → Varmail,1,1,180,23.71,B(Varmail),33,7,50,4,1.9633,33,33,0,5,
OLTP → Varmail,2,1,179,23.72,B(Varmail),33,7,50,4,1.9671,33,33,0,5,
OLTP → Varmail,3,1,181,23.74,B(Varmail),34,7,50,7,1.9558,34,34,1,5,정착
OLTP → Varmail,0,1,188,23.74,B(Varmail),33,7,50,4,2.0033,33,33,0,5,
OLTP → Varmail,1,1,181,23.76,B(Varmail),33,7,50,4,1.9566,33,33,0,5,
OLTP → Varmail,2,1,180,23.77,B(Varmail),33,7,50,4,1.9636,33,33,0,5,
OLTP → Varmail,0,1,189,23.79,B(Varmail),33,7,50,4,2.0031,33,33,0,5,
OLTP → Varmail,3,1,182,23.79,B(Varmail),34,7,50,7,1.9505,34,34,1,5,
OLTP → Varmail,1,1,182,23.8,B(Varmail),33,7,50,4,1.9587,33,33,0,5,
OLTP → Varmail,2,1,181,23.82,B(Varmail),33,7,50,4,1.9549,33,33,0,5,
OLTP → Varmail,0,1,190,23.83,B(Varmail),33,7,50,4,1.9939,33,33,0,5,
OLTP → Varmail,3,1,183,23.84,B(Varmail),34,7,50,7,1.9445,34,34,1,5,
OLTP → Varmail,1,1,183,23.85,B(Varmail),33,7,50,4,1.9413,33,33,0,5,
OLTP → Varmail,2,1,182,23.87,B(Varmail),33,7,50,4,1.9449,33,33,0,5,
OLTP → Varmail,0,1,191,23.88,B(Varmail),33,7,50,4,2.0170,33,33,0,5,
OLTP → Varmail,3,1,184,23.88,B(Varmail),34,7,50,7,1.9579,34,34,1,5,
OLTP → Varmail,1,1,184,23.9,B(Varmail),33,7,50,4,1.9734,33,33,0,5,
OLTP → Varmail,2,1,183,23.92,B(Varmail),33,7,50,4,1.9604,33,33,0,5,
OLTP → Varmail,0,1,192,23.92,B(Varmail),33,7,50,4,2.0198,33,33,0,5,
OLTP → Varmail,3,1,185,23.93,B(Varmail),34,7,50,7,1.9362,34,34,1,5,
OLTP → Varmail,1,1,185,23.95,B(Varmail),33,7,50,4,1.9499,33,33,0,5,
OLTP → Varmail,2,1,184,23.96,B(Varmail),33,7,50,4,1.9447,33,33,0,5,
OLTP → Varmail,0,1,193,23.97,B(Varmail),33,7,50,4,2.0067,33,33,0,5,
OLTP → Varmail,3,1,186,23.98,B(Varmail),34,7,50,7,1.9516,34,34,1,5,
OLTP → Varmail,1,1,186,24.0,B(Varmail),33,7,50,4,1.9569,33,33,0,5,
OLTP → Varmail,2,1,185,24.01,B(Varmail),33,7,50,4,1.9523,33,33,0,5,
OLTP → Varmail,0,1,194,24.01,B(Varmail),33,7,50,4,1.9862,33,33,0,5,
OLTP → Varmail,3,1,187,24.03,B(Varmail),34,7,50,7,1.9463,34,34,1,5,
OLTP → Varmail,1,1,187,24.05,B(Varmail),33,7,50,4,1.9632,33,33,0,5,
OLTP → Varmail,0,1,195,24.06,B(Varmail),33,7,50,4,2.0091,33,33,1,5,정착
OLTP → Varmail,2,1,186,24.06,B(Varmail),33,7,50,4,1.9560,33,33,0,5,
OLTP → Varmail,3,1,188,24.08,B(Varmail),34,7,50,7,1.9659,34,19,1,6,후보 복귀 5→6; 이웃 탐침→19
OLTP → Varmail,1,1,188,24.09,B(Varmail),33,7,50,4,1.9667,33,33,0,5,
OLTP → Varmail,0,1,196,24.11,B(Varmail),33,7,50,4,2.0102,33,33,1,5,
OLTP → Varmail,2,1,187,24.11,B(Varmail),33,7,50,4,1.9555,33,33,1,5,정착
OLTP → Varmail,3,1,189,24.14,B(Varmail),19,4,50,7,1.9404,19,19,0,6,정착 해제
OLTP → Varmail,1,1,189,24.14,B(Varmail),33,7,50,4,1.9621,33,33,0,5,
OLTP → Varmail,0,1,197,24.15,B(Varmail),33,7,50,4,2.0046,33,33,1,5,
OLTP → Varmail,2,1,188,24.16,B(Varmail),33,7,50,4,1.9539,33,33,1,5,
OLTP → Varmail,3,1,190,24.19,B(Varmail),19,4,50,7,1.9622,19,19,0,6,
OLTP → Varmail,1,1,190,24.19,B(Varmail),33,7,50,4,1.9720,33,33,1,5,정착
OLTP → Varmail,0,1,198,24.2,B(Varmail),33,7,50,4,2.0164,33,33,1,5,
OLTP → Varmail,2,1,189,24.21,B(Varmail),33,7,50,4,1.9573,33,33,1,5,
OLTP → Varmail,3,1,191,24.24,B(Varmail),19,4,50,7,1.9500,19,19,0,6,
OLTP → Varmail,1,1,191,24.24,B(Varmail),33,7,50,4,1.9541,33,33,1,5,
OLTP → Varmail,0,1,199,24.24,B(Varmail),33,7,50,4,1.9964,33,33,1,5,
OLTP → Varmail,2,1,190,24.26,B(Varmail),33,7,50,4,1.9413,33,33,1,5,
OLTP → Varmail,3,1,192,24.28,B(Varmail),19,4,50,7,1.9327,19,19,0,6,
OLTP → Varmail,0,1,200,24.29,B(Varmail),33,7,50,4,1.9994,33,33,1,5,
OLTP → Varmail,1,1,192,24.29,B(Varmail),33,7,50,4,1.9558,33,33,1,5,
OLTP → Varmail,2,1,191,24.31,B(Varmail),33,7,50,4,1.9550,33,33,1,5,
OLTP → Varmail,3,1,193,24.33,B(Varmail),19,4,50,7,1.9469,19,19,0,6,
OLTP → Varmail,0,1,201,24.33,B(Varmail),33,7,50,4,2.0066,33,33,1,5,
OLTP → Varmail,1,1,193,24.34,B(Varmail),33,7,50,4,1.9712,33,33,1,5,
OLTP → Varmail,2,1,192,24.35,B(Varmail),33,7,50,4,1.9736,33,33,1,5,
OLTP → Varmail,0,1,202,24.38,B(Varmail),33,7,50,4,2.0121,33,34,1,5,이웃 탐침→34
OLTP → Varmail,3,1,194,24.38,B(Varmail),19,4,50,7,1.9629,19,19,0,6,
OLTP → Varmail,1,1,194,24.39,B(Varmail),33,7,50,4,1.9809,33,33,1,5,
OLTP → Varmail,2,1,193,24.4,B(Varmail),33,7,50,4,1.9738,33,33,1,5,
OLTP → Varmail,3,1,195,24.43,B(Varmail),19,4,50,7,1.9584,19,19,0,6,
OLTP → Varmail,1,1,195,24.43,B(Varmail),33,7,50,4,1.9776,33,33,1,5,
OLTP → Varmail,0,1,203,24.44,B(Varmail),34,7,50,7,2.0247,33,33,1,5,
OLTP → Varmail,2,1,194,24.45,B(Varmail),33,7,50,4,1.9767,33,34,1,5,이웃 탐침→34
OLTP → Varmail,3,1,196,24.48,B(Varmail),19,4,50,7,1.9625,19,19,0,6,
OLTP → Varmail,1,1,196,24.48,B(Varmail),33,7,50,4,1.9713,33,33,1,5,
OLTP → Varmail,0,1,204,24.49,B(Varmail),33,7,50,4,2.0011,33,33,1,5,
OLTP → Varmail,2,1,195,24.51,B(Varmail),34,7,50,7,1.9423,33,33,1,5,
OLTP → Varmail,3,1,197,24.53,B(Varmail),19,4,50,7,1.9550,19,19,0,6,
OLTP → Varmail,1,1,197,24.53,B(Varmail),33,7,50,4,1.9643,33,34,1,5,이웃 탐침→34
OLTP → Varmail,0,1,205,24.54,B(Varmail),33,7,50,4,2.0302,33,33,1,5,
OLTP → Varmail,2,1,196,24.57,B(Varmail),33,7,50,4,1.9677,33,33,1,5,
OLTP → Varmail,3,1,198,24.58,B(Varmail),19,4,50,7,1.9476,19,19,0,6,
OLTP → Varmail,0,1,206,24.59,B(Varmail),33,7,50,4,2.0194,33,33,1,5,
OLTP → Varmail,1,1,198,24.59,B(Varmail),34,7,50,7,1.9670,33,33,1,5,
OLTP → Varmail,2,1,197,24.62,B(Varmail),33,7,50,4,1.9744,33,33,1,5,
OLTP → Varmail,3,1,199,24.62,B(Varmail),19,4,50,7,1.9548,19,19,0,6,
OLTP → Varmail,0,1,207,24.63,B(Varmail),33,7,50,4,1.9930,31,31,0,5,정착 해제
OLTP → Varmail,1,1,199,24.65,B(Varmail),33,7,50,4,1.9682,33,33,1,5,
OLTP → Varmail,2,1,198,24.67,B(Varmail),33,7,50,4,1.9700,31,31,0,5,정착 해제
OLTP → Varmail,3,1,200,24.67,B(Varmail),19,4,50,7,1.9271,19,19,0,6,
OLTP → Varmail,0,1,208,24.69,B(Varmail),31,7,25,7,2.0196,31,31,0,5,
OLTP → Varmail,1,1,200,24.7,B(Varmail),33,7,50,4,1.9594,33,33,1,5,
OLTP → Varmail,3,1,201,24.72,B(Varmail),19,4,50,7,1.9467,19,19,1,6,정착
OLTP → Varmail,2,1,199,24.73,B(Varmail),31,7,25,7,1.9607,31,31,0,5,
OLTP → Varmail,0,1,209,24.73,B(Varmail),31,7,25,7,2.0081,31,31,0,5,
OLTP → Varmail,1,1,201,24.75,B(Varmail),33,7,50,4,1.9696,33,33,1,5,
OLTP → Varmail,3,1,202,24.77,B(Varmail),19,4,50,7,1.9622,19,19,1,6,
OLTP → Varmail,0,1,210,24.78,B(Varmail),31,7,25,7,2.0122,31,34,0,5,
OLTP → Varmail,2,1,200,24.78,B(Varmail),31,7,25,7,1.9605,31,34,0,5,
OLTP → Varmail,1,1,202,24.8,B(Varmail),33,7,50,4,1.9712,33,33,1,5,
OLTP → Varmail,3,1,203,24.82,B(Varmail),19,4,50,7,1.9456,19,19,1,6,
OLTP → Varmail,0,1,211,24.84,B(Varmail),34,7,50,7,2.0043,31,31,0,5,
OLTP → Varmail,2,1,201,24.84,B(Varmail),34,7,50,7,1.9562,31,17,0,5,
OLTP → Varmail,1,1,203,24.85,B(Varmail),33,7,50,4,1.9632,33,33,1,5,
OLTP → Varmail,3,1,204,24.87,B(Varmail),19,4,50,7,1.9605,19,19,1,6,
OLTP → Varmail,0,1,212,24.89,B(Varmail),31,7,25,7,1.9888,31,34,0,5,
OLTP → Varmail,1,1,204,24.9,B(Varmail),33,7,50,4,1.9560,31,31,0,5,정착 해제
OLTP → Varmail,2,1,202,24.9,B(Varmail),17,4,25,16,1.9435,31,31,0,5,
OLTP → Varmail,3,1,205,24.91,B(Varmail),19,4,50,7,1.9390,19,19,1,6,
OLTP → Varmail,0,1,213,24.95,B(Varmail),34,7,50,7,1.9868,31,31,0,5,
OLTP → Varmail,1,1,205,24.96,B(Varmail),31,7,25,7,1.9504,31,31,0,5,
OLTP → Varmail,3,1,206,24.96,B(Varmail),19,4,50,7,1.9344,19,19,1,6,
OLTP → Varmail,2,1,203,24.96,B(Varmail),31,7,25,7,1.9518,31,34,0,5,
OLTP → Varmail,1,1,206,25.0,B(Varmail),31,7,25,7,1.9636,31,34,0,5,
OLTP → Varmail,0,1,214,25.01,B(Varmail),31,7,25,7,2.0016,31,34,0,5,
OLTP → Varmail,3,1,207,25.01,B(Varmail),19,4,50,7,1.9490,19,19,1,6,
OLTP → Varmail,2,1,204,25.03,B(Varmail),34,7,50,7,1.9581,31,17,0,5,
OLTP → Varmail,3,1,208,25.06,B(Varmail),19,4,50,7,1.9585,19,34,1,6,이웃 탐침→34
OLTP → Varmail,1,1,207,25.06,B(Varmail),34,7,50,7,1.9649,31,31,0,5,
OLTP → Varmail,0,1,215,25.06,B(Varmail),34,7,50,7,2.0254,31,31,0,5,
OLTP → Varmail,2,1,205,25.09,B(Varmail),17,4,25,16,1.9401,31,31,0,5,
OLTP → Varmail,3,1,209,25.12,B(Varmail),34,7,50,7,1.9509,19,19,1,6,
OLTP → Varmail,0,1,216,25.12,B(Varmail),31,7,25,7,1.9873,31,33,0,5,
OLTP → Varmail,1,1,208,25.13,B(Varmail),31,7,25,7,1.9616,31,34,0,5,
OLTP → Varmail,2,1,206,25.15,B(Varmail),31,7,25,7,1.9477,31,34,0,5,
OLTP → Varmail,0,1,217,25.18,B(Varmail),33,7,50,4,2.0097,31,34,0,5,
OLTP → Varmail,3,1,210,25.18,B(Varmail),19,4,50,7,1.9507,19,19,1,6,
OLTP → Varmail,1,1,209,25.19,B(Varmail),34,7,50,7,1.9662,31,31,0,5,
OLTP → Varmail,2,1,207,25.21,B(Varmail),34,7,50,7,1.9603,31,17,0,5,
OLTP → Varmail,3,1,211,25.23,B(Varmail),19,4,50,7,1.9447,19,19,1,6,
OLTP → Varmail,0,1,218,25.24,B(Varmail),34,7,50,7,2.0131,31,31,0,5,
OLTP → Varmail,1,1,210,25.25,B(Varmail),31,7,25,7,1.9536,31,17,0,5,
OLTP → Varmail,2,1,208,25.27,B(Varmail),17,4,25,16,1.9454,31,31,0,5,
OLTP → Varmail,3,1,212,25.28,B(Varmail),19,4,50,7,1.9380,19,19,1,6,
OLTP → Varmail,0,1,219,25.29,B(Varmail),31,7,25,7,2.0043,31,31,1,5,정착
OLTP → Varmail,1,1,211,25.31,B(Varmail),17,4,25,16,1.9553,31,34,0,5,
OLTP → Varmail,3,1,213,25.33,B(Varmail),19,4,50,7,1.9448,19,19,1,6,
OLTP → Varmail,2,1,209,25.33,B(Varmail),31,7,25,7,1.9642,31,17,0,5,
OLTP → Varmail,0,1,220,25.34,B(Varmail),31,7,25,7,1.9938,31,31,1,5,
OLTP → Varmail,1,1,212,25.37,B(Varmail),34,7,50,7,1.9509,31,31,0,5,
OLTP → Varmail,3,1,214,25.37,B(Varmail),19,4,50,7,1.9518,30,16,0,6,정착 해제
OLTP → Varmail,0,1,221,25.38,B(Varmail),31,7,25,7,2.0000,31,31,1,5,
OLTP → Varmail,2,1,210,25.39,B(Varmail),17,4,25,16,1.9639,31,31,1,5,정착
OLTP → Varmail,1,1,213,25.43,B(Varmail),31,7,25,7,1.9722,31,17,0,5,
OLTP → Varmail,0,1,222,25.43,B(Varmail),31,7,25,7,1.9999,31,31,1,5,
OLTP → Varmail,3,1,215,25.44,B(Varmail),16,4,25,7,1.9615,30,16,0,6,
OLTP → Varmail,2,1,211,25.45,B(Varmail),31,7,25,7,1.9641,31,31,1,5,
OLTP → Varmail,0,1,223,25.48,B(Varmail),31,7,25,7,2.0062,31,31,1,5,
OLTP → Varmail,3,1,216,25.48,B(Varmail),16,4,25,7,1.9312,30,30,0,6,
OLTP → Varmail,1,1,214,25.49,B(Varmail),17,4,25,16,1.9547,31,34,0,5,
OLTP → Varmail,2,1,212,25.5,B(Varmail),31,7,25,7,1.9398,31,31,1,5,
OLTP → Varmail,0,1,224,25.52,B(Varmail),31,7,25,7,2.0005,31,31,1,5,
OLTP → Varmail,3,1,217,25.54,B(Varmail),30,7,25,4,1.9527,30,33,0,6,
OLTP → Varmail,1,1,215,25.55,B(Varmail),34,7,50,7,1.9630,31,31,0,5,
OLTP → Varmail,2,1,213,25.55,B(Varmail),31,7,25,7,1.9558,31,31,1,5,
OLTP → Varmail,0,1,225,25.57,B(Varmail),31,7,25,7,1.9899,31,31,1,5,
OLTP → Varmail,2,1,214,25.6,B(Varmail),31,7,25,7,1.9603,31,31,1,5,
OLTP → Varmail,3,1,218,25.6,B(Varmail),33,7,50,4,1.9474,30,16,0,6,
OLTP → Varmail,1,1,216,25.61,B(Varmail),31,7,25,7,1.9625,31,31,1,5,정착
OLTP → Varmail,0,1,226,25.61,B(Varmail),31,7,25,7,2.0033,31,16,1,5,이웃 탐침→16
OLTP → Varmail,2,1,215,25.65,B(Varmail),31,7,25,7,1.9572,31,31,1,5,
OLTP → Varmail,1,1,217,25.66,B(Varmail),31,7,25,7,1.9746,31,31,1,5,
OLTP → Varmail,3,1,219,25.67,B(Varmail),16,4,25,7,1.9344,30,30,0,6,
OLTP → Varmail,0,1,227,25.67,B(Varmail),16,4,25,7,2.0201,31,31,1,5,
OLTP → Varmail,2,1,216,25.7,B(Varmail),31,7,25,7,1.9608,31,31,1,5,
OLTP → Varmail,1,1,218,25.71,B(Varmail),31,7,25,7,1.9586,31,31,1,5,
OLTP → Varmail,3,1,220,25.73,B(Varmail),30,7,25,4,1.9512,30,33,0,6,
OLTP → Varmail,0,1,228,25.73,B(Varmail),31,7,25,7,2.0024,31,31,1,5,
OLTP → Varmail,2,1,217,25.74,B(Varmail),31,7,25,7,1.9574,31,31,1,5,
OLTP → Varmail,1,1,219,25.76,B(Varmail),31,7,25,7,1.9512,31,31,1,5,
OLTP → Varmail,0,1,229,25.77,B(Varmail),31,7,25,7,1.9883,31,31,1,5,
OLTP → Varmail,3,1,221,25.79,B(Varmail),33,7,50,4,1.9354,30,34,0,6,
OLTP → Varmail,2,1,218,25.79,B(Varmail),31,7,25,7,1.9416,31,16,1,5,이웃 탐침→16
OLTP → Varmail,1,1,220,25.8,B(Varmail),31,7,25,7,1.9555,31,31,1,5,
OLTP → Varmail,0,1,230,25.82,B(Varmail),31,7,25,7,1.9994,31,31,1,5,
OLTP → Varmail,3,1,222,25.85,B(Varmail),34,7,50,7,1.9584,30,16,0,6,
OLTP → Varmail,1,1,221,25.85,B(Varmail),31,7,25,7,1.9426,31,31,1,5,
OLTP → Varmail,2,1,219,25.85,B(Varmail),16,4,25,7,1.9477,31,31,1,5,
OLTP → Varmail,0,1,231,25.86,B(Varmail),31,7,25,7,2.0053,31,31,1,5,
OLTP → Varmail,1,1,222,25.9,B(Varmail),31,7,25,7,1.9513,31,31,1,5,
OLTP → Varmail,3,1,223,25.91,B(Varmail),16,4,25,7,1.9462,30,30,0,6,
OLTP → Varmail,0,1,232,25.91,B(Varmail),31,7,25,7,2.0257,31,31,1,5,
OLTP → Varmail,2,1,220,25.92,B(Varmail),31,7,25,7,1.9440,31,31,1,5,
OLTP → Varmail,1,1,223,25.95,B(Varmail),31,7,25,7,1.9485,31,16,1,5,이웃 탐침→16
OLTP → Varmail,0,1,233,25.95,B(Varmail),31,7,25,7,1.9817,31,31,1,5,
OLTP → Varmail,2,1,221,25.96,B(Varmail),31,7,25,7,1.9376,31,31,1,5,
OLTP → Varmail,3,1,224,25.97,B(Varmail),30,7,25,4,1.9440,30,33,0,6,
OLTP → Varmail,0,1,234,26.0,B(Varmail),31,7,25,7,1.9869,31,31,1,5,
OLTP → Varmail,1,1,224,26.01,B(Varmail),16,4,25,7,1.9517,31,31,1,5,
OLTP → Varmail,2,1,222,26.01,B(Varmail),31,7,25,7,1.9451,31,31,1,5,
OLTP → Varmail,3,1,225,26.03,B(Varmail),33,7,50,4,1.9422,30,16,0,6,
OLTP → Varmail,0,1,235,26.05,B(Varmail),31,7,25,7,1.9947,31,46,1,6,후보 복귀 5→6; 이웃 탐침→46
OLTP → Varmail,2,1,223,26.06,B(Varmail),31,7,25,7,1.9429,31,31,1,5,
OLTP → Varmail,1,1,225,26.07,B(Varmail),31,7,25,7,1.9671,31,31,1,5,
OLTP → Varmail,3,1,226,26.09,B(Varmail),16,4,25,7,1.9647,30,30,1,6,정착
OLTP → Varmail,0,1,236,26.1,B(Varmail),46,10,25,7,1.9975,46,46,0,6,정착 해제
OLTP → Varmail,2,1,224,26.11,B(Varmail),31,7,25,7,1.9501,31,31,1,5,
OLTP → Varmail,1,1,226,26.12,B(Varmail),31,7,25,7,1.9497,31,31,1,5,
OLTP → Varmail,0,1,237,26.15,B(Varmail),46,10,25,7,1.9754,46,46,0,6,
OLTP → Varmail,3,1,227,26.15,B(Varmail),30,7,25,4,1.9446,30,30,1,6,
OLTP → Varmail,2,1,225,26.16,B(Varmail),31,7,25,7,1.9559,31,31,1,5,
OLTP → Varmail,1,1,227,26.17,B(Varmail),31,7,25,7,1.9476,31,31,1,5,
OLTP → Varmail,0,1,238,26.19,B(Varmail),46,10,25,7,1.9760,46,46,0,6,
OLTP → Varmail,3,1,228,26.2,B(Varmail),30,7,25,4,1.9484,30,30,1,6,
OLTP → Varmail,2,1,226,26.21,B(Varmail),31,7,25,7,1.9599,31,31,1,5,
OLTP → Varmail,1,1,228,26.22,B(Varmail),31,7,25,7,1.9592,31,31,1,5,
OLTP → Varmail,0,1,239,26.24,B(Varmail),46,10,25,7,1.9986,46,46,0,6,
OLTP → Varmail,3,1,229,26.25,B(Varmail),30,7,25,4,1.9569,30,30,1,6,
OLTP → Varmail,2,1,227,26.26,B(Varmail),31,7,25,7,1.9560,34,34,0,5,정착 해제
OLTP → Varmail,1,1,229,26.26,B(Varmail),31,7,25,7,1.9633,31,31,1,5,
OLTP → Varmail,0,1,240,26.29,B(Varmail),46,10,25,7,1.9841,46,46,0,6,
OLTP → Varmail,3,1,230,26.3,B(Varmail),30,7,25,4,1.9460,30,30,1,6,
OLTP → Varmail,1,1,230,26.31,B(Varmail),31,7,25,7,1.9447,31,31,1,5,
OLTP → Varmail,2,1,228,26.32,B(Varmail),34,7,50,7,1.9592,34,33,0,5,
OLTP → Varmail,0,1,241,26.33,B(Varmail),46,10,25,7,1.9883,46,46,0,6,
OLTP → Varmail,3,1,231,26.34,B(Varmail),30,7,25,4,1.9491,30,30,1,6,
OLTP → Varmail,1,1,231,26.36,B(Varmail),31,7,25,7,1.9564,31,31,1,5,
OLTP → Varmail,0,1,242,26.38,B(Varmail),46,10,25,7,1.9961,46,46,0,6,
OLTP → Varmail,2,1,229,26.38,B(Varmail),33,7,50,4,1.9525,34,34,0,5,
OLTP → Varmail,3,1,232,26.39,B(Varmail),30,7,25,4,1.9349,30,30,1,6,
OLTP → Varmail,1,1,232,26.41,B(Varmail),31,7,25,7,1.9548,31,46,1,6,후보 복귀 5→6; 이웃 탐침→46
OLTP → Varmail,0,1,243,26.42,B(Varmail),46,10,25,7,1.9944,46,46,0,6,
OLTP → Varmail,2,1,230,26.44,B(Varmail),34,7,50,7,1.9637,34,17,0,5,
OLTP → Varmail,3,1,233,26.44,B(Varmail),30,7,25,4,1.9392,30,30,1,6,
OLTP → Varmail,0,1,244,26.47,B(Varmail),46,10,25,7,1.9959,46,46,0,6,
OLTP → Varmail,1,1,233,26.47,B(Varmail),46,10,25,7,1.9580,46,46,0,6,정착 해제
OLTP → Varmail,3,1,234,26.49,B(Varmail),30,7,25,4,1.9471,30,33,1,6,이웃 탐침→33
OLTP → Varmail,2,1,231,26.5,B(Varmail),17,4,25,16,1.9566,34,33,0,5,
OLTP → Varmail,0,1,245,26.51,B(Varmail),46,10,25,7,1.9874,46,46,0,6,
OLTP → Varmail,1,1,234,26.52,B(Varmail),46,10,25,7,1.9538,46,46,0,6,
OLTP → Varmail,3,1,235,26.55,B(Varmail),33,7,50,4,1.9508,30,30,1,6,
OLTP → Varmail,0,1,246,26.56,B(Varmail),46,10,25,7,1.9916,46,46,0,6,
OLTP → Varmail,2,1,232,26.56,B(Varmail),33,7,50,4,1.9593,34,17,0,5,
OLTP → Varmail,1,1,235,26.57,B(Varmail),46,10,25,7,1.9534,46,46,0,6,
OLTP → Varmail,0,1,247,26.61,B(Varmail),46,10,25,7,1.9881,46,46,0,6,
OLTP → Varmail,3,1,236,26.61,B(Varmail),30,7,25,4,1.9433,30,30,1,6,
OLTP → Varmail,1,1,236,26.62,B(Varmail),46,10,25,7,1.9460,46,46,0,6,
OLTP → Varmail,2,1,233,26.62,B(Varmail),17,4,25,16,1.9338,34,34,0,5,
OLTP → Varmail,0,1,248,26.65,B(Varmail),46,10,25,7,2.0008,46,46,1,6,정착
OLTP → Varmail,3,1,237,26.66,B(Varmail),30,7,25,4,1.9341,30,30,1,6,
OLTP → Varmail,1,1,237,26.66,B(Varmail),46,10,25,7,1.9263,46,46,0,6,
OLTP → Varmail,2,1,234,26.68,B(Varmail),34,7,50,7,1.9601,34,33,0,5,
OLTP → Varmail,0,1,249,26.7,B(Varmail),46,10,25,7,1.9953,46,46,1,6,
OLTP → Varmail,3,1,238,26.71,B(Varmail),30,7,25,4,1.9549,30,30,1,6,
OLTP → Varmail,1,1,238,26.71,B(Varmail),46,10,25,7,1.9705,46,46,0,6,
OLTP → Varmail,0,1,250,26.74,B(Varmail),46,10,25,7,1.9853,46,46,1,6,
OLTP → Varmail,2,1,235,26.74,B(Varmail),33,7,50,4,1.9713,34,17,0,5,
OLTP → Varmail,3,1,239,26.76,B(Varmail),30,7,25,4,1.9522,30,30,1,6,
OLTP → Varmail,1,1,239,26.76,B(Varmail),46,10,25,7,1.9453,46,46,0,6,
OLTP → Varmail,0,1,251,26.79,B(Varmail),46,10,25,7,1.9945,46,46,1,6,
OLTP → Varmail,3,1,240,26.8,B(Varmail),30,7,25,4,1.9339,30,30,1,6,
OLTP → Varmail,2,1,236,26.81,B(Varmail),17,4,25,16,1.9782,34,34,0,5,
OLTP → Varmail,1,1,240,26.81,B(Varmail),46,10,25,7,1.9436,46,46,0,6,
OLTP → Varmail,0,1,252,26.83,B(Varmail),46,10,25,7,1.9833,46,46,1,6,
OLTP → Varmail,3,1,241,26.85,B(Varmail),30,7,25,4,1.9409,30,30,1,6,
OLTP → Varmail,1,1,241,26.86,B(Varmail),46,10,25,7,1.9509,46,46,0,6,
OLTP → Varmail,2,1,237,26.87,B(Varmail),34,7,50,7,1.9500,34,33,0,5,
OLTP → Varmail,0,1,253,26.88,B(Varmail),46,10,25,7,1.9821,46,46,1,6,
OLTP → Varmail,3,1,242,26.9,B(Varmail),30,7,25,4,1.9531,30,30,1,6,
OLTP → Varmail,1,1,242,26.91,B(Varmail),46,10,25,7,1.9579,46,46,0,6,
OLTP → Varmail,0,1,254,26.93,B(Varmail),46,10,25,7,1.9914,46,46,1,6,
OLTP → Varmail,2,1,238,26.93,B(Varmail),33,7,50,4,1.9526,34,34,0,5,
OLTP → Varmail,3,1,243,26.95,B(Varmail),30,7,25,4,1.9628,34,34,0,6,정착 해제
OLTP → Varmail,1,1,243,26.96,B(Varmail),46,10,25,7,1.9464,46,46,0,6,
OLTP → Varmail,0,1,255,26.97,B(Varmail),46,10,25,7,2.0023,46,49,1,7,후보 복귀 6→7; 이웃 탐침→49
OLTP → Varmail,2,1,239,26.99,B(Varmail),34,7,50,7,1.9661,34,34,1,5,정착
OLTP → Varmail,1,1,244,27.0,B(Varmail),46,10,25,7,1.9447,46,46,0,6,
OLTP → Varmail,3,1,244,27.01,B(Varmail),34,7,50,7,1.9494,34,34,0,6,
OLTP → Varmail,0,1,256,27.03,B(Varmail),49,10,50,7,2.0032,49,49,0,7,정착 해제
OLTP → Varmail,2,1,240,27.04,B(Varmail),34,7,50,7,1.9491,34,34,1,5,
OLTP → Varmail,1,1,245,27.05,B(Varmail),46,10,25,7,1.9580,46,46,1,6,정착
OLTP → Varmail,3,1,245,27.06,B(Varmail),34,7,50,7,1.9335,34,16,0,6,
OLTP → Varmail,0,1,257,27.07,B(Varmail),49,10,50,7,1.9949,49,49,0,7,
OLTP → Varmail,2,1,241,27.09,B(Varmail),34,7,50,7,1.9539,34,34,1,5,
OLTP → Varmail,1,1,246,27.1,B(Varmail),46,10,25,7,1.9509,46,46,1,6,
OLTP → Varmail,3,1,246,27.12,B(Varmail),16,4,25,7,1.9569,34,33,0,6,
OLTP → Varmail,0,1,258,27.12,B(Varmail),49,10,50,7,2.0075,49,49,0,7,
OLTP → Varmail,2,1,242,27.14,B(Varmail),34,7,50,7,1.9684,34,34,1,5,
OLTP → Varmail,1,1,247,27.15,B(Varmail),46,10,25,7,1.9491,46,46,1,6,
OLTP → Varmail,0,1,259,27.17,B(Varmail),49,10,50,7,2.0118,49,49,0,7,
OLTP → Varmail,3,1,247,27.18,B(Varmail),33,7,50,4,1.9518,34,34,0,6,
OLTP → Varmail,2,1,243,27.18,B(Varmail),34,7,50,7,1.9546,34,34,1,5,
OLTP → Varmail,1,1,248,27.2,B(Varmail),46,10,25,7,1.9450,46,46,1,6,
OLTP → Varmail,0,1,260,27.21,B(Varmail),49,10,50,7,1.9989,49,49,0,7,
OLTP → Varmail,2,1,244,27.23,B(Varmail),34,7,50,7,1.9539,34,34,1,5,
OLTP → Varmail,3,1,248,27.24,B(Varmail),34,7,50,7,1.9362,34,16,0,6,
OLTP → Varmail,1,1,249,27.25,B(Varmail),46,10,25,7,1.9345,46,46,1,6,
OLTP → Varmail,0,1,261,27.26,B(Varmail),49,10,50,7,1.9940,49,49,0,7,
OLTP → Varmail,2,1,245,27.28,B(Varmail),34,7,50,7,1.9411,34,34,1,5,
OLTP → Varmail,1,1,250,27.3,B(Varmail),46,10,25,7,1.9514,46,46,1,6,
OLTP → Varmail,3,1,249,27.3,B(Varmail),16,4,25,7,1.9468,34,33,0,6,
OLTP → Varmail,0,1,262,27.3,B(Varmail),49,10,50,7,1.9957,49,49,0,7,
OLTP → Varmail,2,1,246,27.33,B(Varmail),34,7,50,7,1.9577,34,49,1,6,후보 복귀 5→6; 이웃 탐침→49
OLTP → Varmail,1,1,251,27.34,B(Varmail),46,10,25,7,1.9612,46,46,1,6,
OLTP → Varmail,0,1,263,27.35,B(Varmail),49,10,50,7,2.0186,49,49,0,7,
OLTP → Varmail,3,1,250,27.36,B(Varmail),33,7,50,4,1.9462,34,34,0,6,
OLTP → Varmail,2,1,247,27.39,B(Varmail),49,10,50,7,1.9437,49,49,0,6,정착 해제
OLTP → Varmail,1,1,252,27.39,B(Varmail),46,10,25,7,1.9321,46,49,1,7,후보 복귀 6→7; 이웃 탐침→49
OLTP → Varmail,0,1,264,27.39,B(Varmail),49,10,50,7,1.9979,49,49,0,7,
OLTP → Varmail,3,1,251,27.42,B(Varmail),34,7,50,7,1.9297,34,15,0,6,
OLTP → Varmail,0,1,265,27.44,B(Varmail),49,10,50,7,2.0025,49,49,0,7,
OLTP → Varmail,2,1,248,27.44,B(Varmail),49,10,50,7,1.9612,49,49,0,6,
OLTP → Varmail,1,1,253,27.45,B(Varmail),49,10,50,7,1.9632,49,49,0,7,정착 해제
OLTP → Varmail,3,1,252,27.48,B(Varmail),15,4,25,4,1.9655,34,16,0,6,
OLTP → Varmail,0,1,266,27.49,B(Varmail),49,10,50,7,2.0252,49,49,0,7,
OLTP → Varmail,2,1,249,27.49,B(Varmail),49,10,50,7,1.9728,49,49,0,6,
OLTP → Varmail,1,1,254,27.5,B(Varmail),49,10,50,7,1.9680,49,49,0,7,
OLTP → Varmail,0,1,267,27.53,B(Varmail),49,10,50,7,2.0008,49,49,0,7,
OLTP → Varmail,2,1,250,27.54,B(Varmail),49,10,50,7,1.9484,49,49,0,6,
OLTP → Varmail,3,1,253,27.54,B(Varmail),16,4,25,7,1.9496,34,33,0,6,
OLTP → Varmail,1,1,255,27.55,B(Varmail),49,10,50,7,1.9618,49,49,0,7,
OLTP → Varmail,0,1,268,27.58,B(Varmail),49,10,50,7,2.0000,49,49,1,7,정착
OLTP → Varmail,2,1,251,27.59,B(Varmail),49,10,50,7,1.9377,49,49,0,6,
OLTP → Varmail,1,1,256,27.6,B(Varmail),49,10,50,7,1.9669,49,49,0,7,
OLTP → Varmail,3,1,254,27.61,B(Varmail),33,7,50,4,1.9514,34,34,0,6,
OLTP → Varmail,0,1,269,27.62,B(Varmail),49,10,50,7,1.9964,49,49,1,7,
OLTP → Varmail,2,1,252,27.64,B(Varmail),49,10,50,7,1.9688,49,49,0,6,
OLTP → Varmail,1,1,257,27.65,B(Varmail),49,10,50,7,1.9755,49,49,0,7,
OLTP → Varmail,3,1,255,27.67,B(Varmail),34,7,50,7,1.9547,34,34,1,6,정착
OLTP → Varmail,0,1,270,27.67,B(Varmail),49,10,50,7,2.0094,49,49,1,7,
OLTP → Varmail,2,1,253,27.68,B(Varmail),49,10,50,7,1.9611,49,49,0,6,
OLTP → Varmail,1,1,258,27.7,B(Varmail),49,10,50,7,1.9756,49,49,0,7,
OLTP → Varmail,3,1,256,27.71,B(Varmail),34,7,50,7,1.9488,34,34,1,6,
OLTP → Varmail,0,1,271,27.71,B(Varmail),49,10,50,7,1.9998,49,49,1,7,
OLTP → Varmail,2,1,254,27.73,B(Varmail),49,10,50,7,1.9529,49,49,0,6,
OLTP → Varmail,1,1,259,27.74,B(Varmail),49,10,50,7,1.9456,49,49,0,7,
OLTP → Varmail,0,1,272,27.76,B(Varmail),49,10,50,7,1.9922,49,49,1,7,
OLTP → Varmail,3,1,257,27.76,B(Varmail),34,7,50,7,1.9447,34,34,1,6,
OLTP → Varmail,2,1,255,27.78,B(Varmail),49,10,50,7,1.9585,49,49,0,6,
OLTP → Varmail,1,1,260,27.79,B(Varmail),49,10,50,7,1.9655,49,49,0,7,
OLTP → Varmail,0,1,273,27.81,B(Varmail),49,10,50,7,2.0049,49,49,1,7,
OLTP → Varmail,3,1,258,27.81,B(Varmail),34,7,50,7,1.9591,34,34,1,6,
OLTP → Varmail,2,1,256,27.83,B(Varmail),49,10,50,7,1.9758,49,49,0,6,
OLTP → Varmail,1,1,261,27.84,B(Varmail),49,10,50,7,1.9764,49,49,0,7,
OLTP → Varmail,0,1,274,27.85,B(Varmail),49,10,50,7,2.0138,46,46,0,7,정착 해제
OLTP → Varmail,3,1,259,27.86,B(Varmail),34,7,50,7,1.9549,34,34,1,6,
OLTP → Varmail,2,1,257,27.88,B(Varmail),49,10,50,7,1.9529,49,49,0,6,
OLTP → Varmail,1,1,262,27.89,B(Varmail),49,10,50,7,1.9522,49,49,0,7,
OLTP → Varmail,3,1,260,27.91,B(Varmail),34,7,50,7,1.9358,34,34,1,6,
OLTP → Varmail,0,1,275,27.91,B(Varmail),46,10,25,7,1.9921,46,46,0,7,
OLTP → Varmail,2,1,258,27.93,B(Varmail),49,10,50,7,1.9397,49,49,0,6,
OLTP → Varmail,1,1,263,27.94,B(Varmail),49,10,50,7,1.9490,49,49,0,7,
OLTP → Varmail,0,1,276,27.95,B(Varmail),46,10,25,7,2.0148,46,49,0,7,
OLTP → Varmail,3,1,261,27.96,B(Varmail),34,7,50,7,1.9426,34,34,1,6,
OLTP → Varmail,2,1,259,27.98,B(Varmail),49,10,50,7,1.9650,49,49,1,6,정착
OLTP → Varmail,1,1,264,27.99,B(Varmail),49,10,50,7,1.9704,49,49,0,7,
OLTP → Varmail,3,1,262,28.01,B(Varmail),34,7,50,7,1.9540,34,33,1,6,이웃 탐침→33
OLTP → Varmail,0,1,277,28.01,B(Varmail),49,10,50,7,2.0114,46,46,0,7,
OLTP → Varmail,2,1,260,28.03,B(Varmail),49,10,50,7,1.9590,49,49,1,6,
OLTP → Varmail,1,1,265,28.04,B(Varmail),49,10,50,7,1.9594,49,49,1,7,정착
OLTP → Varmail,3,1,263,28.07,B(Varmail),33,7,50,4,1.9492,34,34,1,6,
OLTP → Varmail,0,1,278,28.07,B(Varmail),46,10,25,7,1.9979,46,49,0,7,
OLTP → Varmail,2,1,261,28.07,B(Varmail),49,10,50,7,1.9572,49,49,1,6,
OLTP → Varmail,1,1,266,28.08,B(Varmail),49,10,50,7,1.9733,49,49,1,7,
OLTP → Varmail,2,1,262,28.12,B(Varmail),49,10,50,7,1.9483,49,49,1,6,
OLTP → Varmail,0,1,279,28.13,B(Varmail),49,10,50,7,1.9953,46,46,0,7,
OLTP → Varmail,3,1,264,28.13,B(Varmail),34,7,50,7,1.9359,34,34,1,6,
OLTP → Varmail,1,1,267,28.13,B(Varmail),49,10,50,7,1.9406,49,49,1,7,
OLTP → Varmail,2,1,263,28.17,B(Varmail),49,10,50,7,1.9601,49,49,1,6,
OLTP → Varmail,3,1,265,28.18,B(Varmail),34,7,50,7,1.9647,34,34,1,6,
OLTP → Varmail,1,1,268,28.18,B(Varmail),49,10,50,7,1.9760,49,49,1,7,
OLTP → Varmail,0,1,280,28.18,B(Varmail),46,10,25,7,2.0036,46,49,0,7,
OLTP → Varmail,2,1,264,28.22,B(Varmail),49,10,50,7,1.9629,49,49,1,6,
OLTP → Varmail,3,1,266,28.22,B(Varmail),34,7,50,7,1.9515,34,34,1,6,
OLTP → Varmail,1,1,269,28.23,B(Varmail),49,10,50,7,1.9803,46,49,0,7,정착 해제
OLTP → Varmail,0,1,281,28.24,B(Varmail),49,10,50,7,2.0102,46,46,0,7,
OLTP → Varmail,2,1,265,28.27,B(Varmail),49,10,50,7,1.9592,49,49,1,6,
OLTP → Varmail,3,1,267,28.27,B(Varmail),34,7,50,7,1.9484,34,34,1,6,
OLTP → Varmail,1,1,270,28.28,B(Varmail),49,10,50,7,1.9556,46,46,0,7,
OLTP → Varmail,0,1,282,28.3,B(Varmail),46,10,25,7,1.9895,46,49,0,7,
OLTP → Varmail,2,1,266,28.32,B(Varmail),49,10,50,7,1.9372,49,46,1,7,후보 복귀 6→7; 이웃 탐침→46
OLTP → Varmail,3,1,268,28.32,B(Varmail),34,7,50,7,1.9363,34,34,1,6,
OLTP → Varmail,1,1,271,28.34,B(Varmail),46,10,25,7,1.9513,46,49,0,7,
OLTP → Varmail,0,1,283,28.35,B(Varmail),49,10,50,7,2.0128,46,46,0,7,
OLTP → Varmail,3,1,269,28.37,B(Varmail),34,7,50,7,1.9519,34,34,1,6,
OLTP → Varmail,2,1,267,28.38,B(Varmail),46,10,25,7,1.9397,46,46,0,7,정착 해제
OLTP → Varmail,1,1,272,28.4,B(Varmail),49,10,50,7,1.9736,46,46,0,7,
OLTP → Varmail,0,1,284,28.41,B(Varmail),46,10,25,7,1.9910,46,46,0,7,
OLTP → Varmail,3,1,270,28.42,B(Varmail),34,7,50,7,1.9632,34,34,1,6,
OLTP → Varmail,2,1,268,28.43,B(Varmail),46,10,25,7,1.9432,46,46,0,7,
OLTP → Varmail,0,1,285,28.46,B(Varmail),46,10,25,7,1.9783,46,49,0,7,
OLTP → Varmail,1,1,273,28.46,B(Varmail),46,10,25,7,1.9455,46,49,0,7,
OLTP → Varmail,3,1,271,28.47,B(Varmail),34,7,50,7,1.9332,34,35,1,7,후보 복귀 6→7; 이웃 탐침→35
OLTP → Varmail,2,1,269,28.48,B(Varmail),46,10,25,7,1.9358,46,46,0,7,
OLTP → Varmail,0,1,286,28.51,B(Varmail),49,10,50,7,1.9975,46,46,1,7,정착
OLTP → Varmail,1,1,274,28.52,B(Varmail),49,10,50,7,1.9434,46,46,0,7,
OLTP → Varmail,2,1,270,28.53,B(Varmail),46,10,25,7,1.9253,46,46,0,7,
OLTP → Varmail,3,1,272,28.53,B(Varmail),35,7,50,16,1.9408,35,35,0,7,정착 해제
OLTP → Varmail,0,1,287,28.57,B(Varmail),46,10,25,7,1.9925,46,46,1,7,
OLTP → Varmail,2,1,271,28.58,B(Varmail),46,10,25,7,1.9389,46,46,0,7,
OLTP → Varmail,3,1,273,28.58,B(Varmail),35,7,50,16,1.9430,35,35,0,7,
OLTP → Varmail,1,1,275,28.58,B(Varmail),46,10,25,7,1.9467,46,46,0,7,
OLTP → Varmail,0,1,288,28.62,B(Varmail),46,10,25,7,1.9942,46,46,1,7,
OLTP → Varmail,3,1,274,28.62,B(Varmail),35,7,50,16,1.9550,35,35,0,7,
OLTP → Varmail,2,1,272,28.62,B(Varmail),46,10,25,7,1.9477,46,46,0,7,
OLTP → Varmail,1,1,276,28.63,B(Varmail),46,10,25,7,1.9588,46,49,0,7,
OLTP → Varmail,0,1,289,28.66,B(Varmail),46,10,25,7,1.9794,46,46,1,7,
OLTP → Varmail,3,1,275,28.67,B(Varmail),35,7,50,16,1.9274,35,35,0,7,
OLTP → Varmail,2,1,273,28.67,B(Varmail),46,10,25,7,1.9417,46,46,0,7,
OLTP → Varmail,1,1,277,28.69,B(Varmail),49,10,50,7,1.9473,46,49,0,7,
OLTP → Varmail,0,1,290,28.71,B(Varmail),46,10,25,7,1.9882,46,46,1,7,
OLTP → Varmail,3,1,276,28.72,B(Varmail),35,7,50,16,1.9398,35,35,0,7,
OLTP → Varmail,2,1,274,28.72,B(Varmail),46,10,25,7,1.9382,46,46,0,7,
OLTP → Varmail,1,1,278,28.74,B(Varmail),49,10,50,7,1.9568,46,46,0,7,
OLTP → Varmail,0,1,291,28.75,B(Varmail),46,10,25,7,1.9947,46,46,1,7,
OLTP → Varmail,3,1,277,28.77,B(Varmail),35,7,50,16,1.9635,35,35,0,7,
OLTP → Varmail,2,1,275,28.77,B(Varmail),46,10,25,7,1.9505,46,46,0,7,
OLTP → Varmail,1,1,279,28.8,B(Varmail),46,10,25,7,1.9529,46,46,0,7,
OLTP → Varmail,0,1,292,28.8,B(Varmail),46,10,25,7,1.9898,46,46,1,7,
OLTP → Varmail,3,1,278,28.82,B(Varmail),35,7,50,16,1.9474,35,35,0,7,
OLTP → Varmail,2,1,276,28.82,B(Varmail),46,10,25,7,1.9284,46,46,0,7,
OLTP → Varmail,0,1,293,28.85,B(Varmail),46,10,25,7,1.9827,46,46,1,7,
OLTP → Varmail,1,1,280,28.85,B(Varmail),46,10,25,7,1.9419,46,49,0,7,
OLTP → Varmail,3,1,279,28.87,B(Varmail),35,7,50,16,1.9507,35,35,0,7,
OLTP → Varmail,2,1,277,28.87,B(Varmail),46,10,25,7,1.9438,46,46,0,7,
OLTP → Varmail,0,1,294,28.89,B(Varmail),46,10,25,7,1.9946,46,45,1,8,후보 복귀 7→8; 이웃 탐침→45
OLTP → Varmail,1,1,281,28.91,B(Varmail),49,10,50,7,1.9700,46,46,1,7,정착
OLTP → Varmail,3,1,280,28.91,B(Varmail),35,7,50,16,1.9506,35,35,0,7,
OLTP → Varmail,2,1,278,28.92,B(Varmail),46,10,25,7,1.9398,46,46,0,7,
OLTP → Varmail,0,1,295,28.95,B(Varmail),45,10,25,4,2.0036,45,45,0,8,정착 해제
OLTP → Varmail,3,1,281,28.96,B(Varmail),35,7,50,16,1.9426,35,35,0,7,
OLTP → Varmail,2,1,279,28.97,B(Varmail),46,10,25,7,1.9489,46,46,1,7,정착
OLTP → Varmail,1,1,282,28.97,B(Varmail),46,10,25,7,1.9452,46,46,1,7,
OLTP → Varmail,0,1,296,29.0,B(Varmail),45,10,25,4,2.0151,45,45,0,8,
OLTP → Varmail,3,1,282,29.01,B(Varmail),35,7,50,16,1.9612,35,35,0,7,
OLTP → Varmail,2,1,280,29.02,B(Varmail),46,10,25,7,1.9375,46,46,1,7,
OLTP → Varmail,1,1,283,29.02,B(Varmail),46,10,25,7,1.9592,46,46,1,7,
OLTP → Varmail,0,1,297,29.04,B(Varmail),45,10,25,4,2.0130,45,45,0,8,
OLTP → Varmail,3,1,283,29.06,B(Varmail),35,7,50,16,1.9489,35,35,0,7,
OLTP → Varmail,2,1,281,29.06,B(Varmail),46,10,25,7,1.9429,46,46,1,7,
OLTP → Varmail,1,1,284,29.07,B(Varmail),46,10,25,7,1.9359,46,46,1,7,
OLTP → Varmail,0,1,298,29.09,B(Varmail),45,10,25,4,2.0006,45,45,0,8,
OLTP → Varmail,3,1,284,29.11,B(Varmail),35,7,50,16,1.9487,35,35,1,7,정착
OLTP → Varmail,2,1,282,29.11,B(Varmail),46,10,25,7,1.9478,46,46,1,7,
OLTP → Varmail,1,1,285,29.12,B(Varmail),46,10,25,7,1.9467,46,46,1,7,
OLTP → Varmail,0,1,299,29.13,B(Varmail),45,10,25,4,2.0096,45,45,0,8,
OLTP → Varmail,3,1,285,29.16,B(Varmail),35,7,50,16,1.9560,35,35,1,7,
OLTP → Varmail,2,1,283,29.16,B(Varmail),46,10,25,7,1.9574,46,46,1,7,
OLTP → Varmail,1,1,286,29.17,B(Varmail),46,10,25,7,1.9606,46,46,1,7,
OLTP → Varmail,0,1,300,29.18,B(Varmail),45,10,25,4,2.0015,45,45,0,8,
OLTP → Varmail,3,1,286,29.21,B(Varmail),35,7,50,16,1.9439,35,35,1,7,
OLTP → Varmail,2,1,284,29.21,B(Varmail),46,10,25,7,1.9298,46,46,1,7,
OLTP → Varmail,1,1,287,29.21,B(Varmail),46,10,25,7,1.9301,46,46,1,7,
OLTP → Varmail,0,1,301,29.22,B(Varmail),45,10,25,4,2.0133,45,45,0,8,
OLTP → Varmail,3,1,287,29.26,B(Varmail),35,7,50,16,1.9516,35,35,1,7,
OLTP → Varmail,2,1,285,29.26,B(Varmail),46,10,25,7,1.9613,46,46,1,7,
OLTP → Varmail,1,1,288,29.26,B(Varmail),46,10,25,7,1.9476,46,46,1,7,
OLTP → Varmail,0,1,302,29.27,B(Varmail),45,10,25,4,2.0074,45,45,0,8,
OLTP → Varmail,3,1,288,29.3,B(Varmail),35,7,50,16,1.9420,35,35,1,7,
OLTP → Varmail,2,1,286,29.31,B(Varmail),46,10,25,7,1.9499,46,49,1,7,이웃 탐침→49
OLTP → Varmail,1,1,289,29.31,B(Varmail),46,10,25,7,1.9568,46,45,1,8,후보 복귀 7→8; 이웃 탐침→45
OLTP → Varmail,0,1,303,29.32,B(Varmail),45,10,25,4,2.0097,45,45,0,8,
OLTP → Varmail,3,1,289,29.35,B(Varmail),35,7,50,16,1.9421,35,35,1,7,
OLTP → Varmail,0,1,304,29.36,B(Varmail),45,10,25,4,1.9959,45,45,0,8,
OLTP → Varmail,2,1,287,29.37,B(Varmail),49,10,50,7,1.9583,46,46,1,7,
OLTP → Varmail,1,1,290,29.37,B(Varmail),45,10,25,4,1.9558,45,45,0,8,정착 해제
OLTP → Varmail,3,1,290,29.4,B(Varmail),35,7,50,16,1.9479,35,35,1,7,
OLTP → Varmail,0,1,305,29.41,B(Varmail),45,10,25,4,1.9822,45,45,0,8,
OLTP → Varmail,1,1,291,29.42,B(Varmail),45,10,25,4,1.9511,45,45,0,8,
OLTP → Varmail,2,1,288,29.43,B(Varmail),46,10,25,7,1.9435,46,46,1,7,
OLTP → Varmail,3,1,291,29.45,B(Varmail),35,7,50,16,1.9524,35,20,1,8,후보 복귀 7→8; 이웃 탐침→20
OLTP → Varmail,0,1,306,29.45,B(Varmail),45,10,25,4,1.9999,45,45,0,8,
OLTP → Varmail,1,1,292,29.47,B(Varmail),45,10,25,4,1.9447,45,45,0,8,
OLTP → Varmail,2,1,289,29.48,B(Varmail),46,10,25,7,1.9302,46,46,1,7,
OLTP → Varmail,0,1,307,29.5,B(Varmail),45,10,25,4,2.0000,45,45,1,8,정착
OLTP → Varmail,3,1,292,29.51,B(Varmail),20,4,50,16,1.9369,20,20,0,8,정착 해제
OLTP → Varmail,1,1,293,29.52,B(Varmail),45,10,25,4,1.9599,45,45,0,8,
OLTP → Varmail,2,1,290,29.53,B(Varmail),46,10,25,7,1.9353,46,46,1,7,
OLTP → Varmail,0,1,308,29.54,B(Varmail),45,10,25,4,2.0079,45,45,1,8,
OLTP → Varmail,3,1,293,29.56,B(Varmail),20,4,50,16,1.9593,20,20,0,8,
OLTP → Varmail,1,1,294,29.57,B(Varmail),45,10,25,4,1.9471,45,45,0,8,
OLTP → Varmail,2,1,291,29.58,B(Varmail),46,10,25,7,1.9417,46,46,1,7,
OLTP → Varmail,0,1,309,29.59,B(Varmail),45,10,25,4,1.9959,45,45,1,8,
OLTP → Varmail,3,1,294,29.61,B(Varmail),20,4,50,16,1.9436,20,20,0,8,
OLTP → Varmail,1,1,295,29.61,B(Varmail),45,10,25,4,1.9601,45,45,0,8,
OLTP → Varmail,2,1,292,29.63,B(Varmail),46,10,25,7,1.9418,46,46,1,7,
OLTP → Varmail,0,1,310,29.64,B(Varmail),45,10,25,4,2.0002,45,45,1,8,
OLTP → Varmail,3,1,295,29.66,B(Varmail),20,4,50,16,1.9521,20,20,0,8,
OLTP → Varmail,1,1,296,29.66,B(Varmail),45,10,25,4,1.9551,45,45,0,8,
OLTP → Varmail,2,1,293,29.67,B(Varmail),46,10,25,7,1.9320,46,46,1,7,
OLTP → Varmail,0,1,311,29.68,B(Varmail),45,10,25,4,1.9726,45,45,1,8,
OLTP → Varmail,3,1,296,29.7,B(Varmail),20,4,50,16,1.9366,20,20,0,8,
OLTP → Varmail,1,1,297,29.71,B(Varmail),45,10,25,4,1.9402,45,45,0,8,
OLTP → Varmail,2,1,294,29.72,B(Varmail),46,10,25,7,1.9426,46,46,1,7,
OLTP → Varmail,0,1,312,29.73,B(Varmail),45,10,25,4,2.0182,45,45,1,8,
OLTP → Varmail,3,1,297,29.75,B(Varmail),20,4,50,16,1.9641,20,20,0,8,
OLTP → Varmail,1,1,298,29.76,B(Varmail),45,10,25,4,1.9713,45,45,0,8,
OLTP → Varmail,2,1,295,29.77,B(Varmail),46,10,25,7,1.9302,46,45,1,8,후보 복귀 7→8; 이웃 탐침→45
OLTP → Varmail,0,1,313,29.77,B(Varmail),45,10,25,4,1.9896,45,45,1,8,
OLTP → Varmail,3,1,298,29.8,B(Varmail),20,4,50,16,1.9590,20,20,0,8,
OLTP → Varmail,1,1,299,29.81,B(Varmail),45,10,25,4,1.9578,45,45,0,8,
OLTP → Varmail,0,1,314,29.82,B(Varmail),45,10,25,4,1.9849,45,46,1,8,이웃 탐침→46
OLTP → Varmail,2,1,296,29.83,B(Varmail),45,10,25,4,1.9391,45,45,0,8,정착 해제
OLTP → Varmail,3,1,299,29.85,B(Varmail),20,4,50,16,1.9401,20,20,0,8,
OLTP → Varmail,1,1,300,29.86,B(Varmail),45,10,25,4,1.9518,45,45,0,8,
OLTP → Varmail,0,1,315,29.88,B(Varmail),46,10,25,7,1.9967,45,45,1,8,
OLTP → Varmail,2,1,297,29.88,B(Varmail),45,10,25,4,1.9285,45,45,0,8,
OLTP → Varmail,3,1,300,29.9,B(Varmail),20,4,50,16,1.9365,20,20,0,8,
OLTP → Varmail,1,1,301,29.91,B(Varmail),45,10,25,4,1.9501,45,45,0,8,
OLTP → Varmail,2,1,298,29.93,B(Varmail),45,10,25,4,1.9522,45,45,0,8,
OLTP → Varmail,0,1,316,29.93,B(Varmail),45,10,25,4,1.9994,45,45,1,8,
OLTP → Varmail,3,1,301,29.95,B(Varmail),20,4,50,16,1.9545,20,20,0,8,
OLTP → Varmail,1,1,302,29.95,B(Varmail),45,10,25,4,1.9598,45,45,1,8,정착
OLTP → Varmail,0,1,317,29.98,B(Varmail),45,10,25,4,1.9974,45,45,1,8,
OLTP → Varmail,2,1,299,29.98,B(Varmail),45,10,25,4,1.9540,45,45,0,8,
OLTP → Varmail,3,1,302,30.0,B(Varmail),20,4,50,16,1.9426,20,20,0,8,
OLTP → Varmail,1,1,303,30.0,B(Varmail),45,10,25,4,1.9571,45,45,1,8,
OLTP → Varmail,0,1,318,30.02,B(Varmail),45,10,25,4,1.9960,45,45,1,8,
OLTP → Varmail,2,1,300,30.03,B(Varmail),45,10,25,4,1.9540,45,45,0,8,
OLTP → Varmail,3,1,303,30.04,B(Varmail),20,4,50,16,1.9527,20,20,0,8,
OLTP → Varmail,1,1,304,30.05,B(Varmail),45,10,25,4,1.9400,45,45,1,8,
OLTP → Varmail,0,1,319,30.07,B(Varmail),45,10,25,4,2.0100,45,45,1,8,
OLTP → Varmail,2,1,301,30.08,B(Varmail),45,10,25,4,1.9418,45,45,0,8,
OLTP → Varmail,3,1,304,30.09,B(Varmail),20,4,50,16,1.9509,20,20,1,8,정착
OLTP → Varmail,1,1,305,30.1,B(Varmail),45,10,25,4,1.9506,45,45,1,8,
OLTP → Varmail,0,1,320,30.12,B(Varmail),45,10,25,4,1.9732,45,45,1,8,
OLTP → Varmail,2,1,302,30.13,B(Varmail),45,10,25,4,1.9564,45,45,0,8,
OLTP → Varmail,3,1,305,30.14,B(Varmail),20,4,50,16,1.9535,20,20,1,8,
OLTP → Varmail,1,1,306,30.15,B(Varmail),45,10,25,4,1.9613,45,45,1,8,
OLTP → Varmail,0,1,321,30.16,B(Varmail),45,10,25,4,1.9888,45,45,1,8,
OLTP → Varmail,2,1,303,30.18,B(Varmail),45,10,25,4,1.9384,45,45,0,8,
OLTP → Varmail,3,1,306,30.19,B(Varmail),20,4,50,16,1.9438,20,20,1,8,
OLTP → Varmail,1,1,307,30.2,B(Varmail),45,10,25,4,1.9568,45,45,1,8,
OLTP → Varmail,0,1,322,30.21,B(Varmail),45,10,25,4,2.0018,45,45,1,8,
OLTP → Varmail,2,1,304,30.22,B(Varmail),45,10,25,4,1.9440,45,45,0,8,
OLTP → Varmail,3,1,307,30.24,B(Varmail),20,4,50,16,1.9613,20,20,1,8,
OLTP → Varmail,1,1,308,30.24,B(Varmail),45,10,25,4,1.9563,45,45,1,8,
OLTP → Varmail,0,1,323,30.25,B(Varmail),45,10,25,4,1.9957,45,30,1,9,후보 복귀 8→9; 이웃 탐침→30
OLTP → Varmail,2,1,305,30.27,B(Varmail),45,10,25,4,1.9403,45,45,0,8,
OLTP → Varmail,3,1,308,30.29,B(Varmail),20,4,50,16,1.9578,20,20,1,8,
OLTP → Varmail,1,1,309,30.29,B(Varmail),45,10,25,4,1.9641,45,46,1,8,이웃 탐침→46
OLTP → Varmail,0,1,324,30.31,B(Varmail),30,7,25,4,1.9994,30,30,0,9,정착 해제
OLTP → Varmail,2,1,306,30.32,B(Varmail),45,10,25,4,1.9510,45,45,0,8,
OLTP → Varmail,3,1,309,30.33,B(Varmail),20,4,50,16,1.9477,20,20,1,8,
OLTP → Varmail,1,1,310,30.35,B(Varmail),46,10,25,7,1.9508,45,45,1,8,
OLTP → Varmail,0,1,325,30.36,B(Varmail),30,7,25,4,1.9976,30,30,0,9,
OLTP → Varmail,2,1,307,30.37,B(Varmail),45,10,25,4,1.9520,45,45,0,8,
OLTP → Varmail,3,1,310,30.38,B(Varmail),20,4,50,16,1.9504,20,20,1,8,
OLTP → Varmail,0,1,326,30.4,B(Varmail),30,7,25,4,2.0034,30,30,0,9,
OLTP → Varmail,1,1,311,30.41,B(Varmail),45,10,25,4,1.9415,45,45,1,8,
OLTP → Varmail,2,1,308,30.42,B(Varmail),45,10,25,4,1.9463,45,45,1,8,정착
OLTP → Varmail,3,1,311,30.43,B(Varmail),20,4,50,16,1.9343,20,35,1,8,이웃 탐침→35
OLTP → Varmail,0,1,327,30.45,B(Varmail),30,7,25,4,2.0089,30,30,0,9,
OLTP → Varmail,1,1,312,30.46,B(Varmail),45,10,25,4,1.9496,45,45,1,8,
OLTP → Varmail,2,1,309,30.47,B(Varmail),45,10,25,4,1.9357,45,45,1,8,
OLTP → Varmail,3,1,312,30.49,B(Varmail),35,7,50,16,1.9580,20,20,1,8,
OLTP → Varmail,0,1,328,30.49,B(Varmail),30,7,25,4,2.0140,30,30,0,9,
OLTP → Varmail,1,1,313,30.51,B(Varmail),45,10,25,4,1.9403,45,45,1,8,
OLTP → Varmail,2,1,310,30.52,B(Varmail),45,10,25,4,1.9412,45,45,1,8,
OLTP → Varmail,0,1,329,30.54,B(Varmail),30,7,25,4,1.9991,30,30,0,9,
OLTP → Varmail,3,1,313,30.55,B(Varmail),20,4,50,16,1.9328,20,20,1,8,
OLTP → Varmail,1,1,314,30.56,B(Varmail),45,10,25,4,1.9458,45,45,1,8,
OLTP → Varmail,2,1,311,30.56,B(Varmail),45,10,25,4,1.9292,45,45,1,8,
OLTP → Varmail,0,1,330,30.58,B(Varmail),30,7,25,4,2.0092,30,30,0,9,
OLTP → Varmail,3,1,314,30.6,B(Varmail),20,4,50,16,1.9376,20,20,1,8,
OLTP → Varmail,1,1,315,30.61,B(Varmail),45,10,25,4,1.9473,45,45,1,8,
OLTP → Varmail,2,1,312,30.61,B(Varmail),45,10,25,4,1.9589,45,45,1,8,
OLTP → Varmail,0,1,331,30.63,B(Varmail),30,7,25,4,2.0238,30,30,0,9,
OLTP → Varmail,3,1,315,30.65,B(Varmail),20,4,50,16,1.9607,20,20,1,8,
OLTP → Varmail,1,1,316,30.66,B(Varmail),45,10,25,4,1.9774,45,45,1,8,
OLTP → Varmail,2,1,313,30.66,B(Varmail),45,10,25,4,1.9487,45,45,1,8,
OLTP → Varmail,0,1,332,30.68,B(Varmail),30,7,25,4,2.0000,30,30,0,9,
OLTP → Varmail,3,1,316,30.7,B(Varmail),20,4,50,16,1.9339,20,20,1,8,
OLTP → Varmail,1,1,317,30.71,B(Varmail),45,10,25,4,1.9345,45,45,1,8,
OLTP → Varmail,2,1,314,30.71,B(Varmail),45,10,25,4,1.9370,45,45,1,8,
OLTP → Varmail,0,1,333,30.72,B(Varmail),30,7,25,4,1.9926,30,30,0,9,
OLTP → Varmail,3,1,317,30.75,B(Varmail),20,4,50,16,1.9502,20,20,1,8,
OLTP → Varmail,1,1,318,30.75,B(Varmail),45,10,25,4,1.9621,45,30,1,9,후보 복귀 8→9; 이웃 탐침→30
OLTP → Varmail,2,1,315,30.76,B(Varmail),45,10,25,4,1.9451,45,46,1,8,이웃 탐침→46
OLTP → Varmail,0,1,334,30.77,B(Varmail),30,7,25,4,2.0090,30,30,0,9,
OLTP → Varmail,3,1,318,30.8,B(Varmail),20,4,50,16,1.9583,20,20,1,8,
OLTP → Varmail,0,1,335,30.81,B(Varmail),30,7,25,4,1.9965,30,30,0,9,
OLTP → Varmail,1,1,319,30.81,B(Varmail),30,7,25,4,1.9584,30,30,0,9,정착 해제
OLTP → Varmail,2,1,316,30.82,B(Varmail),46,10,25,7,1.9413,45,45,1,8,
OLTP → Varmail,3,1,319,30.84,B(Varmail),20,4,50,16,1.9494,20,20,1,8,
OLTP → Varmail,0,1,336,30.86,B(Varmail),30,7,25,4,1.9998,30,30,1,9,정착
OLTP → Varmail,1,1,320,30.86,B(Varmail),30,7,25,4,1.9568,30,30,0,9,
OLTP → Varmail,2,1,317,30.88,B(Varmail),45,10,25,4,1.9349,45,45,1,8,
OLTP → Varmail,3,1,320,30.89,B(Varmail),20,4,50,16,1.9375,20,17,1,9,후보 복귀 8→9; 이웃 탐침→17
OLTP → Varmail,0,1,337,30.9,B(Varmail),30,7,25,4,1.9894,30,30,1,9,
OLTP → Varmail,1,1,321,30.91,B(Varmail),30,7,25,4,1.9484,30,30,0,9,
OLTP → Varmail,2,1,318,30.93,B(Varmail),45,10,25,4,1.9509,45,45,1,8,
OLTP → Varmail,0,1,338,30.95,B(Varmail),30,7,25,4,2.0117,30,30,1,9,
OLTP → Varmail,3,1,321,30.95,B(Varmail),17,4,25,16,1.9525,17,17,0,9,정착 해제
OLTP → Varmail,1,1,322,30.96,B(Varmail),30,7,25,4,1.9649,30,30,0,9,
FIO-Fast → Varmail,2,1,1,0.28,A(FIO-Fast),37,7,100,7,1.8958,37,15,0,45,
FIO-Fast → Varmail,3,1,1,0.28,A(FIO-Fast),37,7,100,7,1.8979,37,15,0,45,
FIO-Fast → Varmail,0,1,1,0.28,A(FIO-Fast),37,7,100,7,1.8999,37,15,0,45,
FIO-Fast → Varmail,1,1,1,0.28,A(FIO-Fast),37,7,100,7,1.9026,37,15,0,45,
FIO-Fast → Varmail,2,1,2,0.56,A(FIO-Fast),15,4,25,4,1.9771,37,16,0,45,
FIO-Fast → Varmail,0,1,2,0.56,A(FIO-Fast),15,4,25,4,1.9882,37,16,0,45,
FIO-Fast → Varmail,3,1,2,0.56,A(FIO-Fast),15,4,25,4,1.9772,37,16,0,45,
FIO-Fast → Varmail,1,1,2,0.56,A(FIO-Fast),15,4,25,4,1.9814,37,16,0,45,
FIO-Fast → Varmail,1,1,3,0.83,A(FIO-Fast),16,4,25,7,1.8820,16,17,0,45,
FIO-Fast → Varmail,3,1,3,0.83,A(FIO-Fast),16,4,25,7,1.8771,16,17,0,45,
FIO-Fast → Varmail,2,1,3,0.83,A(FIO-Fast),16,4,25,7,1.8706,16,17,0,45,
FIO-Fast → Varmail,0,1,3,0.83,A(FIO-Fast),16,4,25,7,1.8823,16,17,0,45,
FIO-Fast → Varmail,1,1,4,1.1,A(FIO-Fast),17,4,25,16,1.8192,17,18,0,45,
FIO-Fast → Varmail,3,1,4,1.1,A(FIO-Fast),17,4,25,16,1.8206,17,18,0,45,
FIO-Fast → Varmail,2,1,4,1.1,A(FIO-Fast),17,4,25,16,1.8140,17,18,0,45,
FIO-Fast → Varmail,0,1,4,1.1,A(FIO-Fast),17,4,25,16,1.8023,17,18,0,45,
FIO-Fast → Varmail,2,1,5,1.38,A(FIO-Fast),18,4,50,4,1.7632,18,19,0,45,
FIO-Fast → Varmail,0,1,5,1.38,A(FIO-Fast),18,4,50,4,1.7633,18,19,0,45,
FIO-Fast → Varmail,3,1,5,1.38,A(FIO-Fast),18,4,50,4,1.7570,18,19,0,45,
FIO-Fast → Varmail,1,1,5,1.38,A(FIO-Fast),18,4,50,4,1.7559,18,19,0,45,
FIO-Fast → Varmail,2,1,6,1.65,A(FIO-Fast),19,4,50,7,1.9161,18,20,0,45,
FIO-Fast → Varmail,0,1,6,1.65,A(FIO-Fast),19,4,50,7,1.9099,18,20,0,45,
FIO-Fast → Varmail,1,1,6,1.65,A(FIO-Fast),19,4,50,7,1.9075,18,20,0,45,
FIO-Fast → Varmail,3,1,6,1.65,A(FIO-Fast),19,4,50,7,1.9024,18,20,0,45,
FIO-Fast → Varmail,2,1,7,1.92,A(FIO-Fast),20,4,50,16,2.1131,18,21,0,45,
FIO-Fast → Varmail,0,1,7,1.92,A(FIO-Fast),20,4,50,16,2.1073,18,21,0,45,
FIO-Fast → Varmail,3,1,7,1.92,A(FIO-Fast),20,4,50,16,2.0996,18,21,0,45,
FIO-Fast → Varmail,1,1,7,1.92,A(FIO-Fast),20,4,50,16,2.0964,18,21,0,45,
FIO-Fast → Varmail,2,1,8,2.19,A(FIO-Fast),21,4,100,4,1.9454,18,22,0,45,
FIO-Fast → Varmail,3,1,8,2.2,A(FIO-Fast),21,4,100,4,1.9285,18,22,0,45,
FIO-Fast → Varmail,0,1,8,2.2,A(FIO-Fast),21,4,100,4,1.9226,18,22,0,45,
FIO-Fast → Varmail,1,1,8,2.2,A(FIO-Fast),21,4,100,4,1.9355,18,22,0,45,
FIO-Fast → Varmail,2,1,9,2.47,A(FIO-Fast),22,4,100,7,2.0373,18,23,0,45,
FIO-Fast → Varmail,3,1,9,2.47,A(FIO-Fast),22,4,100,7,2.0382,18,23,0,45,
FIO-Fast → Varmail,0,1,9,2.47,A(FIO-Fast),22,4,100,7,2.0386,18,23,0,45,
FIO-Fast → Varmail,1,1,9,2.47,A(FIO-Fast),22,4,100,7,2.0430,18,23,0,45,
FIO-Fast → Varmail,2,1,10,2.74,A(FIO-Fast),23,4,100,16,1.9900,18,24,0,45,
FIO-Fast → Varmail,0,1,10,2.74,A(FIO-Fast),23,4,100,16,2.0002,18,24,0,45,
FIO-Fast → Varmail,3,1,10,2.74,A(FIO-Fast),23,4,100,16,1.9865,18,24,0,45,
FIO-Fast → Varmail,1,1,10,2.74,A(FIO-Fast),23,4,100,16,1.9863,18,24,0,45,
FIO-Fast → Varmail,2,1,11,3.01,A(FIO-Fast),24,4,200,4,2.0565,18,25,0,45,
FIO-Fast → Varmail,3,1,11,3.01,A(FIO-Fast),24,4,200,4,2.0462,18,25,0,45,
FIO-Fast → Varmail,1,1,11,3.01,A(FIO-Fast),24,4,200,4,2.0561,18,25,0,45,
FIO-Fast → Varmail,0,1,11,3.02,A(FIO-Fast),24,4,200,4,2.0484,18,25,0,45,
FIO-Fast → Varmail,2,1,12,3.29,A(FIO-Fast),25,4,200,7,2.0648,18,26,0,45,
FIO-Fast → Varmail,3,1,12,3.29,A(FIO-Fast),25,4,200,7,2.0495,18,26,0,45,
FIO-Fast → Varmail,1,1,12,3.29,A(FIO-Fast),25,4,200,7,2.0629,18,26,0,45,
FIO-Fast → Varmail,0,1,12,3.29,A(FIO-Fast),25,4,200,7,2.0518,18,26,0,45,
FIO-Fast → Varmail,2,1,13,3.56,A(FIO-Fast),26,4,200,16,2.1366,18,27,0,45,
FIO-Fast → Varmail,1,1,13,3.56,A(FIO-Fast),26,4,200,16,2.1419,18,27,0,45,
FIO-Fast → Varmail,3,1,13,3.56,A(FIO-Fast),26,4,200,16,2.1296,18,27,0,45,
FIO-Fast → Varmail,0,1,13,3.56,A(FIO-Fast),26,4,200,16,2.1373,18,27,0,45,
FIO-Fast → Varmail,2,1,14,3.83,A(FIO-Fast),27,4,400,4,2.0746,18,28,0,45,
FIO-Fast → Varmail,3,1,14,3.83,A(FIO-Fast),27,4,400,4,2.0815,18,28,0,45,
FIO-Fast → Varmail,1,1,14,3.83,A(FIO-Fast),27,4,400,4,2.0815,18,28,0,45,
FIO-Fast → Varmail,0,1,14,3.83,A(FIO-Fast),27,4,400,4,2.0675,18,28,0,45,
FIO-Fast → Varmail,0,1,15,4.11,A(FIO-Fast),28,4,400,7,2.1420,18,29,0,45,
FIO-Fast → Varmail,2,1,15,4.11,A(FIO-Fast),28,4,400,7,2.1519,18,29,0,45,
FIO-Fast → Varmail,3,1,15,4.11,A(FIO-Fast),28,4,400,7,2.1459,18,29,0,45,
FIO-Fast → Varmail,1,1,15,4.11,A(FIO-Fast),28,4,400,7,2.1509,18,29,0,45,
FIO-Fast → Varmail,2,1,16,4.38,A(FIO-Fast),29,4,400,16,2.1355,18,30,0,45,
FIO-Fast → Varmail,0,1,16,4.38,A(FIO-Fast),29,4,400,16,2.1379,18,30,0,45,
FIO-Fast → Varmail,3,1,16,4.38,A(FIO-Fast),29,4,400,16,2.1230,18,30,0,45,
FIO-Fast → Varmail,1,1,16,4.38,A(FIO-Fast),29,4,400,16,2.1259,18,30,0,45,
FIO-Fast → Varmail,0,1,17,4.65,A(FIO-Fast),30,7,25,4,1.9057,18,31,0,45,
FIO-Fast → Varmail,2,1,17,4.65,A(FIO-Fast),30,7,25,4,1.9101,18,31,0,45,
FIO-Fast → Varmail,3,1,17,4.65,A(FIO-Fast),30,7,25,4,1.9048,18,31,0,45,
FIO-Fast → Varmail,1,1,17,4.65,A(FIO-Fast),30,7,25,4,1.8902,18,31,0,45,
FIO-Fast → Varmail,0,1,18,4.93,A(FIO-Fast),31,7,25,7,1.7070,31,32,0,45,
FIO-Fast → Varmail,2,1,18,4.93,A(FIO-Fast),31,7,25,7,1.7021,31,32,0,45,
FIO-Fast → Varmail,3,1,18,4.93,A(FIO-Fast),31,7,25,7,1.7014,31,32,0,45,
FIO-Fast → Varmail,1,1,18,4.93,A(FIO-Fast),31,7,25,7,1.7032,31,32,0,45,
FIO-Fast → Varmail,3,1,19,5.2,A(FIO-Fast),32,7,25,16,1.8740,31,33,0,45,
FIO-Fast → Varmail,2,1,19,5.2,A(FIO-Fast),32,7,25,16,1.8712,31,33,0,45,
FIO-Fast → Varmail,0,1,19,5.2,A(FIO-Fast),32,7,25,16,1.8725,31,33,0,45,
FIO-Fast → Varmail,1,1,19,5.2,A(FIO-Fast),32,7,25,16,1.8804,31,33,0,45,
FIO-Fast → Varmail,0,1,20,5.47,A(FIO-Fast),33,7,50,4,1.7129,31,34,0,45,
FIO-Fast → Varmail,3,1,20,5.47,A(FIO-Fast),33,7,50,4,1.7091,31,34,0,45,
FIO-Fast → Varmail,2,1,20,5.47,A(FIO-Fast),33,7,50,4,1.7042,31,34,0,45,
FIO-Fast → Varmail,1,1,20,5.47,A(FIO-Fast),33,7,50,4,1.7008,31,34,0,45,
FIO-Fast → Varmail,0,1,21,5.75,A(FIO-Fast),34,7,50,7,1.9532,31,35,0,45,
FIO-Fast → Varmail,2,1,21,5.75,A(FIO-Fast),34,7,50,7,1.9606,31,35,0,45,
FIO-Fast → Varmail,3,1,21,5.75,A(FIO-Fast),34,7,50,7,1.9541,31,35,0,45,
FIO-Fast → Varmail,1,1,21,5.75,A(FIO-Fast),34,7,50,7,1.9567,31,35,0,45,
FIO-Fast → Varmail,0,1,22,6.02,A(FIO-Fast),35,7,50,16,1.8647,31,36,0,45,
FIO-Fast → Varmail,2,1,22,6.02,A(FIO-Fast),35,7,50,16,1.8750,31,36,0,45,
FIO-Fast → Varmail,3,1,22,6.02,A(FIO-Fast),35,7,50,16,1.8687,31,36,0,45,
FIO-Fast → Varmail,1,1,22,6.02,A(FIO-Fast),35,7,50,16,1.8842,31,36,0,45,
FIO-Fast → Varmail,1,1,23,6.29,A(FIO-Fast),36,7,100,4,1.7643,31,38,0,45,
FIO-Fast → Varmail,2,1,23,6.29,A(FIO-Fast),36,7,100,4,1.7625,31,38,0,45,
FIO-Fast → Varmail,0,1,23,6.29,A(FIO-Fast),36,7,100,4,1.7617,31,38,0,45,
FIO-Fast → Varmail,3,1,23,6.29,A(FIO-Fast),36,7,100,4,1.7571,31,38,0,45,
FIO-Fast → Varmail,0,1,24,6.56,A(FIO-Fast),38,7,100,16,1.9502,31,39,0,45,
FIO-Fast → Varmail,2,1,24,6.56,A(FIO-Fast),38,7,100,16,1.9604,31,39,0,45,
FIO-Fast → Varmail,1,1,24,6.56,A(FIO-Fast),38,7,100,16,1.9677,31,39,0,45,
FIO-Fast → Varmail,3,1,24,6.56,A(FIO-Fast),38,7,100,16,1.9681,31,39,0,45,
FIO-Fast → Varmail,0,1,25,6.84,A(FIO-Fast),39,7,200,4,2.0219,31,40,0,45,
FIO-Fast → Varmail,1,1,25,6.84,A(FIO-Fast),39,7,200,4,2.0167,31,40,0,45,
FIO-Fast → Varmail,2,1,25,6.84,A(FIO-Fast),39,7,200,4,2.0169,31,40,0,45,
FIO-Fast → Varmail,3,1,25,6.84,A(FIO-Fast),39,7,200,4,2.0221,31,40,0,45,
FIO-Fast → Varmail,2,1,26,7.11,A(FIO-Fast),40,7,200,7,1.9913,31,41,0,45,
FIO-Fast → Varmail,0,1,26,7.11,A(FIO-Fast),40,7,200,7,1.9760,31,41,0,45,
FIO-Fast → Varmail,1,1,26,7.11,A(FIO-Fast),40,7,200,7,1.9784,31,41,0,45,
FIO-Fast → Varmail,3,1,26,7.11,A(FIO-Fast),40,7,200,7,1.9927,31,41,0,45,
FIO-Fast → Varmail,2,1,27,7.38,A(FIO-Fast),41,7,200,16,2.0691,31,42,0,45,
FIO-Fast → Varmail,0,1,27,7.38,A(FIO-Fast),41,7,200,16,2.0618,31,42,0,45,
FIO-Fast → Varmail,3,1,27,7.38,A(FIO-Fast),41,7,200,16,2.0624,31,42,0,45,
FIO-Fast → Varmail,1,1,27,7.38,A(FIO-Fast),41,7,200,16,2.0616,31,42,0,45,
FIO-Fast → Varmail,3,1,28,7.66,A(FIO-Fast),42,7,400,4,2.0107,31,43,0,45,
FIO-Fast → Varmail,2,1,28,7.66,A(FIO-Fast),42,7,400,4,2.0160,31,43,0,45,
FIO-Fast → Varmail,1,1,28,7.66,A(FIO-Fast),42,7,400,4,2.0053,31,43,0,45,
FIO-Fast → Varmail,0,1,28,7.66,A(FIO-Fast),42,7,400,4,2.0011,31,43,0,45,
FIO-Fast → Varmail,2,1,29,7.93,A(FIO-Fast),43,7,400,7,2.1036,31,44,0,45,
FIO-Fast → Varmail,1,1,29,7.93,A(FIO-Fast),43,7,400,7,2.0964,31,44,0,45,
FIO-Fast → Varmail,0,1,29,7.93,A(FIO-Fast),43,7,400,7,2.0985,31,44,0,45,
FIO-Fast → Varmail,3,1,29,7.93,A(FIO-Fast),43,7,400,7,2.1017,31,44,0,45,
FIO-Fast → Varmail,2,1,30,8.2,A(FIO-Fast),44,7,400,16,2.0378,31,45,0,45,
FIO-Fast → Varmail,1,1,30,8.2,A(FIO-Fast),44,7,400,16,2.0430,31,45,0,45,
FIO-Fast → Varmail,0,1,30,8.2,A(FIO-Fast),44,7,400,16,2.0318,31,45,0,45,
FIO-Fast → Varmail,3,1,30,8.2,A(FIO-Fast),44,7,400,16,2.0476,31,45,0,45,
FIO-Fast → Varmail,0,1,31,8.48,A(FIO-Fast),45,10,25,4,1.8887,31,46,0,45,
FIO-Fast → Varmail,1,1,31,8.48,A(FIO-Fast),45,10,25,4,1.8878,31,46,0,45,
FIO-Fast → Varmail,2,1,31,8.48,A(FIO-Fast),45,10,25,4,1.8760,31,46,0,45,
FIO-Fast → Varmail,3,1,31,8.48,A(FIO-Fast),45,10,25,4,1.8783,31,46,0,45,
FIO-Fast → Varmail,1,1,32,8.75,A(FIO-Fast),46,10,25,7,1.6935,46,47,0,45,
FIO-Fast → Varmail,0,1,32,8.75,A(FIO-Fast),46,10,25,7,1.6985,31,47,0,45,
FIO-Fast → Varmail,3,1,32,8.75,A(FIO-Fast),46,10,25,7,1.6975,31,47,0,45,
FIO-Fast → Varmail,2,1,32,8.75,A(FIO-Fast),46,10,25,7,1.7088,31,47,0,45,
FIO-Fast → Varmail,2,1,33,9.02,A(FIO-Fast),47,10,25,16,1.8605,31,48,0,45,
FIO-Fast → Varmail,1,1,33,9.02,A(FIO-Fast),47,10,25,16,1.8588,46,48,0,45,
FIO-Fast → Varmail,3,1,33,9.02,A(FIO-Fast),47,10,25,16,1.8585,31,48,0,45,
FIO-Fast → Varmail,0,1,33,9.02,A(FIO-Fast),47,10,25,16,1.8662,31,48,0,45,
FIO-Fast → Varmail,1,1,34,9.3,A(FIO-Fast),48,10,50,4,1.6640,48,49,0,45,
FIO-Fast → Varmail,0,1,34,9.3,A(FIO-Fast),48,10,50,4,1.6566,48,49,0,45,
FIO-Fast → Varmail,3,1,34,9.3,A(FIO-Fast),48,10,50,4,1.6586,48,49,0,45,
FIO-Fast → Varmail,2,1,34,9.3,A(FIO-Fast),48,10,50,4,1.6646,48,49,0,45,
FIO-Fast → Varmail,1,1,35,9.57,A(FIO-Fast),49,10,50,7,1.8437,48,50,0,45,
FIO-Fast → Varmail,0,1,35,9.57,A(FIO-Fast),49,10,50,7,1.8443,48,50,0,45,
FIO-Fast → Varmail,2,1,35,9.57,A(FIO-Fast),49,10,50,7,1.8495,48,50,0,45,
FIO-Fast → Varmail,3,1,35,9.57,A(FIO-Fast),49,10,50,7,1.8361,48,50,0,45,
FIO-Fast → Varmail,1,1,36,9.84,A(FIO-Fast),50,10,50,16,1.8146,48,51,0,45,
FIO-Fast → Varmail,0,1,36,9.84,A(FIO-Fast),50,10,50,16,1.8275,48,51,0,45,
FIO-Fast → Varmail,2,1,36,9.84,A(FIO-Fast),50,10,50,16,1.8108,48,51,0,45,
FIO-Fast → Varmail,3,1,36,9.84,A(FIO-Fast),50,10,50,16,1.8184,48,51,0,45,
FIO-Fast → Varmail,0,1,37,10.11,A(FIO-Fast),51,10,100,4,1.7666,48,52,0,45,
FIO-Fast → Varmail,2,1,37,10.12,A(FIO-Fast),51,10,100,4,1.7675,48,52,0,45,
FIO-Fast → Varmail,1,1,37,10.12,A(FIO-Fast),51,10,100,4,1.7734,48,52,0,45,
FIO-Fast → Varmail,3,1,37,10.12,A(FIO-Fast),51,10,100,4,1.7722,48,52,0,45,
FIO-Fast → Varmail,0,1,38,10.39,A(FIO-Fast),52,10,100,7,1.9413,48,53,0,45,
FIO-Fast → Varmail,1,1,38,10.39,A(FIO-Fast),52,10,100,7,1.9393,48,53,0,45,
FIO-Fast → Varmail,2,1,38,10.39,A(FIO-Fast),52,10,100,7,1.9273,48,53,0,45,
FIO-Fast → Varmail,3,1,38,10.39,A(FIO-Fast),52,10,100,7,1.9303,48,53,0,45,
FIO-Fast → Varmail,0,1,39,10.66,A(FIO-Fast),53,10,100,16,2.0482,48,54,0,45,
FIO-Fast → Varmail,1,1,39,10.66,A(FIO-Fast),53,10,100,16,2.0388,48,54,0,45,
FIO-Fast → Varmail,2,1,39,10.66,A(FIO-Fast),53,10,100,16,2.0495,48,54,0,45,
FIO-Fast → Varmail,3,1,39,10.66,A(FIO-Fast),53,10,100,16,2.0339,48,54,0,45,
FIO-Fast → Varmail,1,1,40,10.93,A(FIO-Fast),54,10,200,4,1.8175,48,55,0,45,
FIO-Fast → Varmail,0,1,40,10.93,A(FIO-Fast),54,10,200,4,1.8282,48,55,0,45,
FIO-Fast → Varmail,2,1,40,10.93,A(FIO-Fast),54,10,200,4,1.8285,48,55,0,45,
FIO-Fast → Varmail,3,1,40,10.93,A(FIO-Fast),54,10,200,4,1.8257,48,55,0,45,
FIO-Fast → Varmail,2,1,41,11.21,A(FIO-Fast),55,10,200,7,2.0374,48,56,0,45,
FIO-Fast → Varmail,0,1,41,11.21,A(FIO-Fast),55,10,200,7,2.0437,48,56,0,45,
FIO-Fast → Varmail,3,1,41,11.21,A(FIO-Fast),55,10,200,7,2.0449,48,56,0,45,
FIO-Fast → Varmail,1,1,41,11.21,A(FIO-Fast),55,10,200,7,2.0296,48,56,0,45,
FIO-Fast → Varmail,2,1,42,11.48,A(FIO-Fast),56,10,200,16,1.9737,48,57,0,45,
FIO-Fast → Varmail,3,1,42,11.48,A(FIO-Fast),56,10,200,16,1.9828,48,57,0,45,
FIO-Fast → Varmail,0,1,42,11.48,A(FIO-Fast),56,10,200,16,1.9627,48,57,0,45,
FIO-Fast → Varmail,1,1,42,11.48,A(FIO-Fast),56,10,200,16,1.9733,48,57,0,45,
FIO-Fast → Varmail,2,1,43,11.75,A(FIO-Fast),57,10,400,4,2.0181,48,58,0,45,
FIO-Fast → Varmail,0,1,43,11.75,A(FIO-Fast),57,10,400,4,2.0144,48,58,0,45,
FIO-Fast → Varmail,3,1,43,11.75,A(FIO-Fast),57,10,400,4,2.0166,48,58,0,45,
FIO-Fast → Varmail,1,1,43,11.75,A(FIO-Fast),57,10,400,4,2.0206,48,58,0,45,
FIO-Fast → Varmail,2,1,44,12.03,A(FIO-Fast),58,10,400,7,1.9960,48,59,0,45,
FIO-Fast → Varmail,1,1,44,12.03,A(FIO-Fast),58,10,400,7,2.0081,48,59,0,45,
FIO-Fast → Varmail,0,1,44,12.03,A(FIO-Fast),58,10,400,7,2.0016,48,59,0,45,
FIO-Fast → Varmail,3,1,44,12.03,A(FIO-Fast),58,10,400,7,2.0014,48,59,0,45,
FIO-Fast → Varmail,1,1,45,12.3,A(FIO-Fast),59,10,400,16,2.0665,48,48,0,20,후보 제거 45→20
FIO-Fast → Varmail,0,1,45,12.3,A(FIO-Fast),59,10,400,16,2.0688,48,48,0,18,후보 제거 45→18
FIO-Fast → Varmail,3,1,45,12.3,A(FIO-Fast),59,10,400,16,2.0777,48,48,0,20,후보 제거 45→20
FIO-Fast → Varmail,2,1,45,12.3,A(FIO-Fast),59,10,400,16,2.0803,48,48,0,19,후보 제거 45→19
FIO-Fast → Varmail,1,1,46,12.57,A(FIO-Fast),48,10,50,4,1.8419,46,46,0,19,후보 제거 20→19
FIO-Fast → Varmail,3,1,46,12.57,A(FIO-Fast),48,10,50,4,1.8442,46,46,0,19,후보 제거 20→19
FIO-Fast → Varmail,2,1,46,12.57,A(FIO-Fast),48,10,50,4,1.8448,31,31,0,18,후보 제거 19→18
FIO-Fast → Varmail,0,1,46,12.57,A(FIO-Fast),48,10,50,4,1.8401,46,46,0,17,후보 제거 18→17
FIO-Fast → Varmail,3,1,47,12.85,A(FIO-Fast),46,10,25,7,1.8660,31,31,0,19,
FIO-Fast → Varmail,2,1,47,12.85,A(FIO-Fast),31,7,25,7,1.8415,33,33,0,18,
FIO-Fast → Varmail,1,1,47,12.85,A(FIO-Fast),46,10,25,7,1.8527,33,33,0,19,
FIO-Fast → Varmail,0,1,47,12.85,A(FIO-Fast),46,10,25,7,1.8671,31,31,0,17,
FIO-Fast → Varmail,0,1,48,13.12,A(FIO-Fast),31,7,25,7,1.7010,31,33,0,17,
FIO-Fast → Varmail,2,1,48,13.12,A(FIO-Fast),33,7,50,4,1.7135,33,46,0,18,
FIO-Fast → Varmail,3,1,48,13.12,A(FIO-Fast),31,7,25,7,1.7001,31,33,0,19,
FIO-Fast → Varmail,1,1,48,13.12,A(FIO-Fast),33,7,50,4,1.7122,33,31,0,19,
FIO-Fast → Varmail,2,1,49,13.39,A(FIO-Fast),46,10,25,7,1.8273,33,18,0,18,
FIO-Fast → Varmail,3,1,49,13.39,A(FIO-Fast),33,7,50,4,1.7752,31,18,0,19,
FIO-Fast → Varmail,0,1,49,13.39,A(FIO-Fast),33,7,50,4,1.7722,31,18,0,17,
FIO-Fast → Varmail,1,1,49,13.39,A(FIO-Fast),31,7,25,7,1.8043,33,18,0,19,
FIO-Fast → Varmail,1,1,50,13.67,A(FIO-Fast),18,4,50,4,1.7360,33,36,0,19,
FIO-Fast → Varmail,0,1,50,13.67,A(FIO-Fast),18,4,50,4,1.8171,31,36,0,17,
FIO-Fast → Varmail,3,1,50,13.67,A(FIO-Fast),18,4,50,4,1.8177,31,36,0,19,
FIO-Fast → Varmail,2,1,50,13.67,A(FIO-Fast),18,4,50,4,1.7460,33,36,0,18,
FIO-Fast → Varmail,1,1,51,13.94,A(FIO-Fast),36,7,100,4,2.0036,33,51,0,19,
FIO-Fast → Varmail,0,1,51,13.94,A(FIO-Fast),36,7,100,4,2.0448,31,51,0,17,
FIO-Fast → Varmail,2,1,51,13.94,A(FIO-Fast),36,7,100,4,2.0278,33,51,0,18,
FIO-Fast → Varmail,3,1,51,13.94,A(FIO-Fast),36,7,100,4,2.0474,31,51,0,19,
FIO-Fast → Varmail,1,1,52,14.21,A(FIO-Fast),51,10,100,4,2.0011,33,17,0,19,
FIO-Fast → Varmail,2,1,52,14.21,A(FIO-Fast),51,10,100,4,2.0126,33,17,0,18,
FIO-Fast → Varmail,3,1,52,14.21,A(FIO-Fast),51,10,100,4,2.0168,31,17,0,19,
FIO-Fast → Varmail,0,1,52,14.21,A(FIO-Fast),51,10,100,4,2.0136,31,17,0,17,
FIO-Fast → Varmail,1,1,53,14.48,A(FIO-Fast),17,4,25,16,2.0691,33,50,0,19,
FIO-Fast → Varmail,0,1,53,14.48,A(FIO-Fast),17,4,25,16,2.0682,31,50,0,17,
FIO-Fast → Varmail,2,1,53,14.48,A(FIO-Fast),17,4,25,16,2.0737,33,50,0,18,
FIO-Fast → Varmail,3,1,53,14.49,A(FIO-Fast),17,4,25,16,2.0549,31,50,0,19,
FIO-Fast → Varmail,2,1,54,14.76,A(FIO-Fast),50,10,50,16,1.6634,33,54,0,18,
FIO-Fast → Varmail,1,1,54,14.76,A(FIO-Fast),50,10,50,16,1.6660,33,54,0,19,
FIO-Fast → Varmail,0,1,54,14.76,A(FIO-Fast),50,10,50,16,1.6623,31,54,0,17,
FIO-Fast → Varmail,3,1,54,14.76,A(FIO-Fast),50,10,50,16,1.6709,31,54,0,19,
FIO-Fast → Varmail,0,1,55,15.03,A(FIO-Fast),54,10,200,4,1.8265,31,49,0,17,
FIO-Fast → Varmail,2,1,55,15.03,A(FIO-Fast),54,10,200,4,1.8063,33,49,0,18,
FIO-Fast → Varmail,3,1,55,15.03,A(FIO-Fast),54,10,200,4,1.8262,31,49,0,19,
FIO-Fast → Varmail,1,1,55,15.03,A(FIO-Fast),54,10,200,4,1.8080,33,49,0,19,
FIO-Fast → Varmail,2,1,56,15.3,A(FIO-Fast),49,10,50,7,1.8053,33,47,0,18,
FIO-Fast → Varmail,0,1,56,15.3,A(FIO-Fast),49,10,50,7,1.8151,31,35,0,17,
FIO-Fast → Varmail,3,1,56,15.3,A(FIO-Fast),49,10,50,7,1.8166,31,47,0,19,
FIO-Fast → Varmail,1,1,56,15.3,A(FIO-Fast),49,10,50,7,1.8038,33,47,0,19,
FIO-Fast → Varmail,2,1,57,15.58,A(FIO-Fast),47,10,25,16,2.0188,33,16,0,18,
FIO-Fast → Varmail,3,1,57,15.58,A(FIO-Fast),47,10,25,16,2.0164,31,35,0,19,
FIO-Fast → Varmail,0,1,57,15.58,A(FIO-Fast),35,7,50,16,1.9572,31,47,0,17,
FIO-Fast → Varmail,1,1,57,15.58,A(FIO-Fast),47,10,25,16,2.0049,33,16,0,19,
FIO-Fast → Varmail,2,1,58,15.85,A(FIO-Fast),16,4,25,7,1.7365,33,32,0,18,
FIO-Fast → Varmail,3,1,58,15.85,A(FIO-Fast),35,7,50,16,1.7799,31,32,0,19,
FIO-Fast → Varmail,0,1,58,15.85,A(FIO-Fast),47,10,25,16,1.7913,31,32,0,17,
FIO-Fast → Varmail,1,1,58,15.85,A(FIO-Fast),16,4,25,7,1.7396,33,32,0,19,
FIO-Fast → Varmail,2,1,59,16.12,A(FIO-Fast),32,7,25,16,1.8621,33,35,0,18,
FIO-Fast → Varmail,3,1,59,16.12,A(FIO-Fast),32,7,25,16,1.8230,31,16,0,19,
FIO-Fast → Varmail,0,1,59,16.12,A(FIO-Fast),32,7,25,16,1.8208,31,16,0,17,
FIO-Fast → Varmail,1,1,59,16.12,A(FIO-Fast),32,7,25,16,1.8732,33,35,0,19,
FIO-Fast → Varmail,2,1,60,16.4,A(FIO-Fast),35,7,50,16,1.8018,33,45,0,18,
FIO-Fast → Varmail,3,1,60,16.4,A(FIO-Fast),16,4,25,7,1.7566,31,45,0,19,
FIO-Fast → Varmail,0,1,60,16.4,A(FIO-Fast),16,4,25,7,1.7566,31,45,0,17,
FIO-Fast → Varmail,1,1,60,16.4,A(FIO-Fast),35,7,50,16,1.7941,33,30,0,19,
FIO-Fast → Varmail,3,1,61,16.67,A(FIO-Fast),45,10,25,4,1.7865,31,37,0,19,
FIO-Fast → Varmail,0,1,61,16.67,A(FIO-Fast),45,10,25,4,1.7493,31,37,0,17,
FIO-Fast → Varmail,2,1,61,16.67,A(FIO-Fast),45,10,25,4,1.6929,33,37,0,18,
FIO-Fast → Varmail,1,1,61,16.67,A(FIO-Fast),30,7,25,4,1.6930,33,45,0,19,
FIO-Fast → Varmail,2,1,62,16.94,A(FIO-Fast),37,7,100,7,1.7801,33,33,0,18,
FIO-Fast → Varmail,0,1,62,16.94,A(FIO-Fast),37,7,100,7,1.8013,31,31,0,17,
FIO-Fast → Varmail,3,1,62,16.94,A(FIO-Fast),37,7,100,7,1.8029,31,19,0,19,
FIO-Fast → Varmail,1,1,62,16.94,A(FIO-Fast),45,10,25,4,1.7055,33,37,0,19,
FIO-Fast → Varmail,0,1,63,17.22,A(FIO-Fast),31,7,25,7,1.8289,31,33,0,17,
FIO-Fast → Varmail,3,1,63,17.22,A(FIO-Fast),19,4,50,7,1.9556,31,31,0,19,
FIO-Fast → Varmail,1,1,63,17.22,A(FIO-Fast),37,7,100,7,1.8940,33,19,0,19,
FIO-Fast → Varmail,2,1,63,17.22,A(FIO-Fast),33,7,50,4,1.8582,50,30,0,18,
FIO-Fast → Varmail,0,1,64,17.49,A(FIO-Fast),33,7,50,4,1.7112,33,50,0,17,
FIO-Fast → Varmail,2,1,64,17.49,A(FIO-Fast),30,7,25,4,1.7080,50,50,0,18,
FIO-Fast → Varmail,1,1,64,17.49,A(FIO-Fast),19,4,50,7,1.8007,33,33,0,19,
FIO-Fast → Varmail,3,1,64,17.49,A(FIO-Fast),31,7,25,7,1.6932,31,30,0,19,
FIO-Fast → Varmail,3,1,65,17.76,A(FIO-Fast),30,7,25,4,1.7320,31,33,0,19,
FIO-Fast → Varmail,0,1,65,17.76,A(FIO-Fast),50,10,50,16,1.8076,33,48,0,17,
FIO-Fast → Varmail,2,1,65,17.76,A(FIO-Fast),50,10,50,16,1.8094,50,18,0,18,
FIO-Fast → Varmail,1,1,65,17.76,A(FIO-Fast),33,7,50,4,1.8058,33,50,0,19,
FIO-Fast → Varmail,2,1,66,18.04,A(FIO-Fast),18,4,50,4,1.7082,18,48,0,18,
FIO-Fast → Varmail,3,1,66,18.04,A(FIO-Fast),33,7,50,4,1.7840,31,50,0,19,
FIO-Fast → Varmail,0,1,66,18.04,A(FIO-Fast),48,10,50,4,1.6713,48,46,0,17,
FIO-Fast → Varmail,1,1,66,18.04,A(FIO-Fast),50,10,50,16,1.7741,33,18,0,19,
FIO-Fast → Varmail,2,1,67,18.31,A(FIO-Fast),48,10,50,4,1.8811,18,46,0,18,
FIO-Fast → Varmail,1,1,67,18.31,A(FIO-Fast),18,4,50,4,1.7700,33,48,0,19,
FIO-Fast → Varmail,0,1,67,18.31,A(FIO-Fast),46,10,25,7,1.8369,48,18,0,17,
FIO-Fast → Varmail,3,1,67,18.31,A(FIO-Fast),50,10,50,16,1.8951,31,48,0,19,
FIO-Fast → Varmail,2,1,68,18.58,A(FIO-Fast),46,10,25,7,1.7339,18,31,0,18,
FIO-Fast → Varmail,1,1,68,18.58,A(FIO-Fast),48,10,50,4,1.8283,33,31,0,19,
FIO-Fast → Varmail,0,1,68,18.58,A(FIO-Fast),18,4,50,4,1.7875,48,48,0,17,
FIO-Fast → Varmail,3,1,68,18.58,A(FIO-Fast),48,10,50,4,1.6934,31,46,0,19,
FIO-Fast → Varmail,2,1,69,18.85,A(FIO-Fast),31,7,25,7,1.9091,18,45,0,18,
FIO-Fast → Varmail,1,1,69,18.85,A(FIO-Fast),31,7,25,7,1.9520,33,46,0,19,
FIO-Fast → Varmail,0,1,69,18.85,A(FIO-Fast),48,10,50,4,2.0316,33,16,0,17,
FIO-Fast → Varmail,3,1,69,18.86,A(FIO-Fast),46,10,25,7,1.8979,31,18,0,19,
FIO-Fast → Varmail,2,1,70,19.13,A(FIO-Fast),45,10,25,4,1.7573,18,16,0,18,
FIO-Fast → Varmail,0,1,70,19.13,A(FIO-Fast),16,4,25,7,1.8407,33,45,0,17,
FIO-Fast → Varmail,3,1,70,19.13,A(FIO-Fast),18,4,50,4,1.8028,31,31,0,19,
FIO-Fast → Varmail,1,1,70,19.13,A(FIO-Fast),46,10,25,7,1.7520,33,30,0,19,
FIO-Fast → Varmail,0,1,71,19.4,A(FIO-Fast),45,10,25,4,1.8082,33,33,0,17,
FIO-Fast → Varmail,2,1,71,19.4,A(FIO-Fast),16,4,25,7,1.9052,18,30,0,18,
FIO-Fast → Varmail,3,1,71,19.4,A(FIO-Fast),31,7,25,7,1.9184,48,16,0,19,
FIO-Fast → Varmail,1,1,71,19.4,A(FIO-Fast),30,7,25,4,1.8841,33,45,0,19,
FIO-Fast → Varmail,2,1,72,19.67,A(FIO-Fast),30,7,25,4,1.7211,18,54,0,18,
FIO-Fast → Varmail,0,1,72,19.67,A(FIO-Fast),33,7,50,4,1.8464,31,54,0,17,
FIO-Fast → Varmail,1,1,72,19.67,A(FIO-Fast),45,10,25,4,1.7501,33,16,0,19,
FIO-Fast → Varmail,3,1,72,19.67,A(FIO-Fast),16,4,25,7,1.7893,48,30,0,19,
FIO-Fast → Varmail,0,1,73,19.95,A(FIO-Fast),54,10,200,4,2.1077,31,47,0,17,
FIO-Fast → Varmail,2,1,73,19.95,A(FIO-Fast),54,10,200,4,2.0206,18,49,0,18,
FIO-Fast → Varmail,1,1,73,19.95,A(FIO-Fast),16,4,25,7,1.8898,33,54,0,19,
FIO-Fast → Varmail,3,1,73,19.95,A(FIO-Fast),30,7,25,4,1.7855,48,48,0,19,
FIO-Fast → Varmail,0,1,74,20.22,A(FIO-Fast),47,10,25,16,1.8844,31,49,0,17,
FIO-Fast → Varmail,2,1,74,20.22,A(FIO-Fast),49,10,50,7,1.7934,18,18,0,18,
FIO-Fast → Varmail,1,1,74,20.22,A(FIO-Fast),54,10,200,4,1.7700,33,49,0,19,
FIO-Fast → Varmail,3,1,74,20.22,A(FIO-Fast),48,10,50,4,1.8211,48,35,0,19,
FIO-Fast → Varmail,0,1,75,20.49,A(FIO-Fast),49,10,50,7,1.7216,31,31,0,17,
FIO-Fast → Varmail,2,1,75,20.49,A(FIO-Fast),18,4,50,4,1.9059,46,37,0,18,
FIO-Fast → Varmail,1,1,75,20.49,A(FIO-Fast),49,10,50,7,1.8895,33,33,0,19,
FIO-Fast → Varmail,3,1,75,20.49,A(FIO-Fast),35,7,50,16,1.9235,48,54,0,19,
FIO-Fast → Varmail,0,1,76,20.77,A(FIO-Fast),31,7,25,7,1.7442,31,32,0,17,
FIO-Fast → Varmail,2,1,76,20.77,A(FIO-Fast),37,7,100,7,1.8438,46,35,0,18,
FIO-Fast → Varmail,1,1,76,20.77,A(FIO-Fast),33,7,50,4,1.7694,33,33,1,19,정착
FIO-Fast → Varmail,3,1,76,20.77,A(FIO-Fast),54,10,200,4,1.7177,48,49,0,19,
FIO-Fast → Varmail,1,1,77,20.98,A(FIO-Fast),33,7,50,4,1.8586,50,35,0,19,정착 해제
FIO-Fast → Varmail,0,1,77,21.04,A(FIO-Fast),32,7,25,16,1.8670,31,37,0,17,
FIO-Fast → Varmail,2,1,77,21.04,A(FIO-Fast),35,7,50,16,1.8979,46,46,0,18,
FIO-Fast → Varmail,3,1,77,21.04,A(FIO-Fast),49,10,50,7,1.7986,48,45,0,19,
FIO-Fast → Varmail,1,1,78,21.26,A(FIO-Fast),35,7,50,16,1.8974,50,50,0,19,
FIO-Fast → Varmail,0,1,78,21.31,A(FIO-Fast),37,7,100,7,1.7091,31,50,0,17,
FIO-Fast → Varmail,2,1,78,21.31,A(FIO-Fast),46,10,25,7,1.6597,46,33,0,18,
FIO-Fast → Varmail,3,1,78,21.31,A(FIO-Fast),45,10,25,4,1.7094,48,32,0,19,
FIO-Fast → Varmail,1,1,79,21.53,A(FIO-Fast),50,10,50,16,1.6912,50,18,0,19,
FIO-Fast → Varmail,0,1,79,21.59,A(FIO-Fast),50,10,50,16,1.8268,31,18,0,17,
FIO-Fast → Varmail,2,1,79,21.59,A(FIO-Fast),33,7,50,4,1.7412,46,50,0,18,
FIO-Fast → Varmail,3,1,79,21.59,A(FIO-Fast),32,7,25,16,1.8881,48,37,0,19,
FIO-Fast → Varmail,1,1,80,21.8,A(FIO-Fast),18,4,50,4,1.7459,50,19,0,19,
FIO-Fast → Varmail,0,1,80,21.86,A(FIO-Fast),18,4,50,4,1.6984,31,49,0,17,
FIO-Fast → Varmail,2,1,80,21.86,A(FIO-Fast),50,10,50,16,1.7792,46,32,0,18,
FIO-Fast → Varmail,3,1,80,21.86,A(FIO-Fast),37,7,100,7,1.7032,48,33,0,19,
FIO-Fast → Varmail,1,1,81,22.08,A(FIO-Fast),19,4,50,7,1.8515,50,46,0,19,
FIO-Fast → Varmail,2,1,81,22.13,A(FIO-Fast),32,7,25,16,1.7287,46,45,0,18,
FIO-Fast → Varmail,0,1,81,22.13,A(FIO-Fast),49,10,50,7,1.7686,31,51,0,17,
FIO-Fast → Varmail,3,1,81,22.13,A(FIO-Fast),33,7,50,4,1.8000,48,54,0,19,
FIO-Fast → Varmail,1,1,82,22.35,A(FIO-Fast),46,10,25,7,1.7315,50,48,0,19,
FIO-Fast → Varmail,2,1,82,22.4,A(FIO-Fast),45,10,25,4,1.6434,46,30,0,18,
FIO-Fast → Varmail,3,1,82,22.41,A(FIO-Fast),54,10,200,4,1.8090,48,45,0,19,
FIO-Fast → Varmail,0,1,82,22.41,A(FIO-Fast),51,10,100,4,1.7560,31,31,0,17,
FIO-Fast → Varmail,1,1,83,22.62,A(FIO-Fast),48,10,50,4,1.7583,50,45,0,19,
FIO-Fast → Varmail,2,1,83,22.68,A(FIO-Fast),30,7,25,4,1.8134,46,46,0,18,
FIO-Fast → Varmail,3,1,83,22.68,A(FIO-Fast),45,10,25,4,1.9053,48,18,0,19,
FIO-Fast → Varmail,0,1,83,22.68,A(FIO-Fast),31,7,25,7,1.8658,33,46,0,17,
FIO-Fast → Varmail,1,1,84,22.9,A(FIO-Fast),45,10,25,4,1.8550,50,32,0,19,
FIO-Fast → Varmail,3,1,84,22.95,A(FIO-Fast),18,4,50,4,1.8522,48,50,0,19,
FIO-Fast → Varmail,2,1,84,22.95,A(FIO-Fast),46,10,25,7,1.7326,46,51,0,18,
FIO-Fast → Varmail,0,1,84,22.95,A(FIO-Fast),46,10,25,7,1.7255,33,37,0,17,
FIO-Fast → Varmail,1,1,85,23.17,A(FIO-Fast),32,7,25,16,1.9162,50,36,0,19,
FIO-Fast → Varmail,3,1,85,23.22,A(FIO-Fast),50,10,50,16,1.9540,48,37,0,19,
FIO-Fast → Varmail,2,1,85,23.22,A(FIO-Fast),51,10,100,4,2.0157,46,48,0,18,
FIO-Fast → Varmail,0,1,85,23.23,A(FIO-Fast),37,7,100,7,2.0094,33,36,0,17,
FIO-Fast → Varmail,1,1,86,23.44,A(FIO-Fast),36,7,100,4,1.7562,50,50,0,19,
FIO-Fast → Varmail,3,1,86,23.5,A(FIO-Fast),37,7,100,7,1.7272,48,51,0,19,
FIO-Fast → Varmail,2,1,86,23.5,A(FIO-Fast),48,10,50,4,1.9259,46,45,0,18,
FIO-Fast → Varmail,0,1,86,23.5,A(FIO-Fast),36,7,100,4,2.0113,33,45,0,17,
FIO-Fast → Varmail,1,1,87,23.72,A(FIO-Fast),50,10,50,16,1.9136,18,51,0,19,
FIO-Fast → Varmail,3,1,87,23.77,A(FIO-Fast),51,10,100,4,2.0045,48,16,0,19,
FIO-Fast → Varmail,2,1,87,23.77,A(FIO-Fast),45,10,25,4,1.9487,46,36,0,18,
FIO-Fast → Varmail,0,1,87,23.77,A(FIO-Fast),45,10,25,4,1.9349,33,35,0,17,
FIO-Fast → Varmail,1,1,88,23.99,A(FIO-Fast),51,10,100,4,1.7823,18,54,0,19,
FIO-Fast → Varmail,3,1,88,24.04,A(FIO-Fast),16,4,25,7,1.8648,48,30,0,19,
FIO-Fast → Varmail,2,1,88,24.04,A(FIO-Fast),36,7,100,4,1.8351,46,33,0,18,
FIO-Fast → Varmail,0,1,88,24.04,A(FIO-Fast),35,7,50,16,1.8274,33,33,0,17,
FIO-Fast → Varmail,1,1,89,24.26,A(FIO-Fast),54,10,200,4,2.0510,18,37,0,19,
FIO-Fast → Varmail,2,1,89,24.32,A(FIO-Fast),33,7,50,4,1.9765,46,49,0,18,
FIO-Fast → Varmail,3,1,89,24.32,A(FIO-Fast),30,7,25,4,1.7997,48,36,0,19,
FIO-Fast → Varmail,0,1,89,24.32,A(FIO-Fast),33,7,50,4,1.7533,33,18,0,17,
FIO-Fast → Varmail,1,1,90,24.54,A(FIO-Fast),37,7,100,7,1.9958,18,18,0,19,
FIO-Fast → Varmail,2,1,90,24.59,A(FIO-Fast),49,10,50,7,1.7535,46,31,0,18,
FIO-Fast → Varmail,3,1,90,24.59,A(FIO-Fast),36,7,100,4,1.8654,48,31,0,19,
FIO-Fast → Varmail,0,1,90,24.59,A(FIO-Fast),18,4,50,4,1.8611,33,16,0,17,
FIO-Fast → Varmail,1,1,91,24.81,A(FIO-Fast),18,4,50,4,2.0051,46,46,0,19,
FIO-Fast → Varmail,2,1,91,24.86,A(FIO-Fast),31,7,25,7,1.8422,46,32,0,18,
FIO-Fast → Varmail,3,1,91,24.86,A(FIO-Fast),31,7,25,7,1.8866,48,48,0,19,
FIO-Fast → Varmail,0,1,91,24.86,A(FIO-Fast),16,4,25,7,1.9085,33,50,0,17,
FIO-Fast → Varmail,1,1,92,25.08,A(FIO-Fast),46,10,25,7,1.7604,46,31,0,19,
FIO-Fast → Varmail,2,1,92,25.14,A(FIO-Fast),32,7,25,16,1.8666,46,50,0,18,
FIO-Fast → Varmail,3,1,92,25.14,A(FIO-Fast),48,10,50,4,1.7002,48,49,0,19,
FIO-Fast → Varmail,0,1,92,25.14,A(FIO-Fast),50,10,50,16,1.7464,33,46,0,17,
FIO-Fast → Varmail,1,1,93,25.36,A(FIO-Fast),31,7,25,7,1.7564,46,30,0,19,
FIO-Fast → Varmail,2,1,93,25.41,A(FIO-Fast),50,10,50,16,1.7542,46,46,0,18,
FIO-Fast → Varmail,3,1,93,25.41,A(FIO-Fast),49,10,50,7,1.8377,48,46,0,19,
FIO-Fast → Varmail,0,1,93,25.41,A(FIO-Fast),46,10,25,7,1.7325,33,17,0,17,
FIO-Fast → Varmail,1,1,94,25.63,A(FIO-Fast),30,7,25,4,1.7880,46,48,0,19,
FIO-Fast → Varmail,2,1,94,25.68,A(FIO-Fast),46,10,25,7,1.6997,46,46,1,18,정착
FIO-Fast → Varmail,3,1,94,25.68,A(FIO-Fast),46,10,25,7,1.7021,48,33,0,19,
FIO-Fast → Varmail,0,1,94,25.68,A(FIO-Fast),17,4,25,16,1.8368,33,49,0,17,
FIO-Fast → Varmail,2,1,95,25.9,A(FIO-Fast),46,10,25,7,1.6994,46,46,1,18,
FIO-Fast → Varmail,1,1,95,25.9,A(FIO-Fast),48,10,50,4,1.8187,46,16,0,19,
FIO-Fast → Varmail,3,1,95,25.96,A(FIO-Fast),33,7,50,4,1.7850,48,19,0,19,
FIO-Fast → Varmail,0,1,95,25.96,A(FIO-Fast),49,10,50,7,1.6351,33,51,0,17,
FIO-Fast → Varmail,2,1,96,26.12,A(FIO-Fast),46,10,25,7,1.8717,46,46,1,18,
FIO-Fast → Varmail,1,1,96,26.17,A(FIO-Fast),16,4,25,7,1.8415,46,47,0,19,
FIO-Fast → Varmail,0,1,96,26.23,A(FIO-Fast),51,10,100,4,1.7415,33,47,0,17,
FIO-Fast → Varmail,3,1,96,26.23,A(FIO-Fast),19,4,50,7,1.8027,48,37,0,19,
FIO-Fast → Varmail,2,1,97,26.34,A(FIO-Fast),46,10,25,7,1.6160,46,46,1,18,
FIO-Fast → Varmail,1,1,97,26.45,A(FIO-Fast),47,10,25,16,1.6813,46,36,0,19,
FIO-Fast → Varmail,3,1,97,26.5,A(FIO-Fast),37,7,100,7,1.8679,48,48,0,19,
FIO-Fast → Varmail,0,1,97,26.5,A(FIO-Fast),47,10,25,16,1.9101,33,49,0,17,
FIO-Fast → Varmail,2,1,98,26.56,A(FIO-Fast),46,10,25,7,1.8451,46,46,1,18,
FIO-Fast → Varmail,1,1,98,26.72,A(FIO-Fast),36,7,100,4,1.7656,46,49,0,19,
FIO-Fast → Varmail,0,1,98,26.77,A(FIO-Fast),49,10,50,7,1.6531,49,32,0,17,
FIO-Fast → Varmail,3,1,98,26.78,A(FIO-Fast),48,10,50,4,1.7434,48,48,1,19,정착
FIO-Fast → Varmail,2,1,99,26.78,A(FIO-Fast),46,10,25,7,1.6864,46,46,1,18,
FIO-Fast → Varmail,3,1,99,26.99,A(FIO-Fast),48,10,50,4,1.9188,48,48,1,19,
FIO-Fast → Varmail,2,1,100,26.99,A(FIO-Fast),46,10,25,7,1.7315,46,46,1,18,
FIO-Fast → Varmail,1,1,99,26.99,A(FIO-Fast),49,10,50,7,1.8713,46,17,0,19,
FIO-Fast → Varmail,0,1,99,27.05,A(FIO-Fast),32,7,25,16,1.9048,49,33,0,17,
FIO-Fast → Varmail,2,1,101,27.21,A(FIO-Fast),46,10,25,7,1.9393,46,31,1,18,이웃 탐침→31
FIO-Fast → Varmail,3,1,100,27.21,A(FIO-Fast),48,10,50,4,1.9452,33,17,0,19,정착 해제
FIO-Fast → Varmail,1,1,100,27.27,A(FIO-Fast),17,4,25,16,1.9488,46,47,0,19,
FIO-Fast → Varmail,0,1,100,27.32,A(FIO-Fast),33,7,50,4,1.7026,49,48,0,17,
FIO-Fast → Varmail,3,1,101,27.49,A(FIO-Fast),17,4,25,16,2.0118,33,47,0,19,
FIO-Fast → Varmail,2,1,102,27.49,A(FIO-Fast),31,7,25,7,1.7291,46,46,1,18,
FIO-Fast → Varmail,1,1,101,27.54,A(FIO-Fast),47,10,25,16,1.6255,46,47,0,19,
FIO-Fast → Varmail,0,1,101,27.59,A(FIO-Fast),48,10,50,4,1.9915,49,49,0,17,
FIO-Fast → Varmail,3,1,102,27.76,A(FIO-Fast),47,10,25,16,1.8169,33,46,0,19,
FIO-Fast → Varmail,2,1,103,27.76,A(FIO-Fast),46,10,25,7,1.9667,46,46,1,18,
FIO-Fast → Varmail,1,1,102,27.76,A(FIO-Fast),47,10,25,16,1.9754,46,19,0,19,
FIO-Fast → Varmail,0,1,102,27.87,A(FIO-Fast),49,10,50,7,1.7947,49,31,0,17,
FIO-Fast → Varmail,2,1,104,27.98,A(FIO-Fast),46,10,25,7,1.6733,46,46,1,18,
FIO-Fast → Varmail,3,1,103,28.03,A(FIO-Fast),46,10,25,7,1.6812,33,54,0,19,
FIO-Fast → Varmail,1,1,103,28.03,A(FIO-Fast),19,4,50,7,1.7460,46,51,0,19,
FIO-Fast → Varmail,0,1,103,28.14,A(FIO-Fast),31,7,25,7,1.8907,49,46,0,17,
FIO-Fast → Varmail,2,1,105,28.19,A(FIO-Fast),46,10,25,7,1.9779,50,16,0,18,정착 해제
FIO-Fast → Varmail,3,1,104,28.3,A(FIO-Fast),54,10,200,4,2.0542,33,35,0,19,
FIO-Fast → Varmail,1,1,104,28.31,A(FIO-Fast),51,10,100,4,2.0222,46,46,0,19,
FIO-Fast → Varmail,0,1,104,28.41,A(FIO-Fast),46,10,25,7,1.7260,49,50,0,17,
FIO-Fast → Varmail,2,1,106,28.47,A(FIO-Fast),16,4,25,7,1.7861,50,37,0,18,
FIO-Fast → Varmail,3,1,105,28.58,A(FIO-Fast),35,7,50,16,2.0062,33,32,0,19,
FIO-Fast → Varmail,1,1,105,28.58,A(FIO-Fast),46,10,25,7,1.8731,46,45,0,19,
FIO-Fast → Varmail,0,1,105,28.69,A(FIO-Fast),50,10,50,16,1.8636,49,33,0,17,
FIO-Fast → Varmail,2,1,107,28.74,A(FIO-Fast),37,7,100,7,1.9527,50,18,0,18,
FIO-Fast → Varmail,1,1,106,28.85,A(FIO-Fast),45,10,25,4,1.8251,46,35,0,19,
FIO-Fast → Varmail,3,1,106,28.85,A(FIO-Fast),32,7,25,16,1.8425,33,30,0,19,
FIO-Fast → Varmail,0,1,106,28.96,A(FIO-Fast),33,7,50,4,1.7366,49,51,0,17,
FIO-Fast → Varmail,2,1,108,29.01,A(FIO-Fast),18,4,50,4,1.9057,50,47,0,18,
FIO-Fast → Varmail,3,1,107,29.12,A(FIO-Fast),30,7,25,4,1.6094,33,30,0,19,
FIO-Fast → Varmail,1,1,107,29.12,A(FIO-Fast),35,7,50,16,1.8639,46,31,0,19,
FIO-Fast → Varmail,0,1,107,29.23,A(FIO-Fast),51,10,100,4,1.9430,49,35,0,17,
FIO-Fast → Varmail,2,1,109,29.29,A(FIO-Fast),47,10,25,16,1.9333,50,17,0,18,
FIO-Fast → Varmail,3,1,108,29.34,A(FIO-Fast),30,7,25,4,1.8864,33,18,0,19,
FIO-Fast → Varmail,1,1,108,29.4,A(FIO-Fast),31,7,25,7,1.8112,46,33,0,19,
FIO-Fast → Varmail,0,1,108,29.51,A(FIO-Fast),35,7,50,16,1.8649,49,18,0,17,
FIO-Fast → Varmail,2,1,110,29.56,A(FIO-Fast),17,4,25,16,1.7752,50,30,0,18,
FIO-Fast → Varmail,3,1,109,29.62,A(FIO-Fast),18,4,50,4,1.7646,33,46,0,19,
FIO-Fast → Varmail,1,1,109,29.67,A(FIO-Fast),33,7,50,4,1.6854,33,50,0,19,
FIO-Fast → Varmail,0,1,109,29.78,A(FIO-Fast),18,4,50,4,1.7147,49,46,0,17,
FIO-Fast → Varmail,2,1,111,29.83,A(FIO-Fast),30,7,25,4,1.7077,50,35,0,18,
FIO-Fast → Varmail,3,1,110,29.89,A(FIO-Fast),46,10,25,7,1.8781,33,33,0,19,
FIO-Fast → Varmail,1,1,110,29.94,A(FIO-Fast),50,10,50,16,1.9055,33,30,0,19,
FIO-Fast → Varmail,0,1,110,30.05,B(Varmail),46,10,25,7,1.6892,49,49,0,17,
FIO-Fast → Varmail,2,1,112,30.06,B(Varmail),35,7,50,16,1.7939,50,49,0,18,
FIO-Fast → Varmail,3,1,111,30.08,B(Varmail),33,7,50,4,1.7008,33,45,0,19,
FIO-Fast → Varmail,1,1,111,30.09,B(Varmail),30,7,25,4,1.6283,33,30,0,19,
FIO-Fast → Varmail,0,1,111,30.12,B(Varmail),49,10,50,7,1.8436,33,33,0,17,
FIO-Fast → Varmail,2,1,113,30.14,B(Varmail),49,10,50,7,1.8063,50,50,0,18,
FIO-Fast → Varmail,3,1,112,30.16,B(Varmail),45,10,25,4,2.3409,33,31,0,19,
FIO-Fast → Varmail,1,1,112,30.16,B(Varmail),30,7,25,4,2.0570,33,36,0,19,
FIO-Fast → Varmail,0,1,112,30.22,B(Varmail),33,7,50,4,3.4583,46,18,0,17,
FIO-Fast → Varmail,2,1,114,30.25,B(Varmail),50,10,50,16,2.6678,30,30,0,18,
FIO-Fast → Varmail,3,1,113,30.27,B(Varmail),31,7,25,7,3.0593,33,16,0,19,
FIO-Fast → Varmail,1,1,113,30.27,B(Varmail),36,7,100,4,3.6227,33,48,0,19,
FIO-Fast → Varmail,0,1,113,30.31,B(Varmail),18,4,50,4,3.7298,46,17,0,17,
FIO-Fast → Varmail,2,1,115,30.36,B(Varmail),30,7,25,4,2.7232,46,36,0,18,
FIO-Fast → Varmail,3,1,114,30.37,B(Varmail),16,4,25,7,3.3757,33,49,0,19,
FIO-Fast → Varmail,1,1,114,30.37,B(Varmail),48,10,50,4,3.5639,33,33,0,18,후보 제거 19→18
FIO-Fast → Varmail,0,1,114,30.41,B(Varmail),17,4,25,16,3.4287,46,45,0,16,후보 제거 17→16
FIO-Fast → Varmail,2,1,116,30.45,B(Varmail),36,7,100,4,3.1371,46,45,0,18,
FIO-Fast → Varmail,3,1,115,30.47,B(Varmail),49,10,50,7,3.6018,33,19,0,18,후보 제거 19→18
FIO-Fast → Varmail,1,1,115,30.47,B(Varmail),33,7,50,4,3.6611,46,19,0,17,후보 제거 18→17
FIO-Fast → Varmail,0,1,115,30.51,B(Varmail),45,10,25,4,3.3586,46,46,0,15,후보 제거 16→15
FIO-Fast → Varmail,2,1,117,30.56,B(Varmail),45,10,25,4,3.0753,46,16,0,17,후보 제거 18→17
FIO-Fast → Varmail,3,1,116,30.57,B(Varmail),19,4,50,7,3.7818,33,33,0,17,후보 제거 18→17
FIO-Fast → Varmail,1,1,116,30.58,B(Varmail),19,4,50,7,3.7319,46,32,0,17,
FIO-Fast → Varmail,0,1,116,30.61,B(Varmail),46,10,25,7,3.3220,49,16,0,14,후보 제거 15→14
FIO-Fast → Varmail,2,1,118,30.66,B(Varmail),16,4,25,7,3.0887,46,54,0,17,
FIO-Fast → Varmail,3,1,117,30.68,B(Varmail),33,7,50,4,3.8135,30,36,0,16,후보 제거 17→16
FIO-Fast → Varmail,1,1,117,30.68,B(Varmail),32,7,25,16,3.2124,46,16,0,16,후보 제거 17→16
FIO-Fast → Varmail,0,1,117,30.71,B(Varmail),16,4,25,7,3.4671,49,37,0,14,
FIO-Fast → Varmail,2,1,119,30.76,B(Varmail),54,10,200,4,3.1143,46,17,0,16,후보 제거 17→16
FIO-Fast → Varmail,3,1,118,30.78,B(Varmail),36,7,100,4,3.8215,30,50,0,15,후보 제거 16→15
FIO-Fast → Varmail,1,1,118,30.79,B(Varmail),16,4,25,7,3.2457,46,18,0,15,후보 제거 16→15
FIO-Fast → Varmail,0,1,118,30.81,B(Varmail),37,7,100,7,3.5713,49,50,0,13,후보 제거 14→13
FIO-Fast → Varmail,2,1,120,30.87,B(Varmail),17,4,25,16,2.9935,46,48,0,15,후보 제거 16→15
FIO-Fast → Varmail,3,1,119,30.88,B(Varmail),50,10,50,16,3.5235,30,18,0,14,후보 제거 15→14
FIO-Fast → Varmail,1,1,119,30.89,B(Varmail),18,4,50,4,3.3862,46,45,0,14,후보 제거 15→14
FIO-Fast → Varmail,0,1,119,30.9,B(Varmail),50,10,50,16,3.3103,49,31,0,12,후보 제거 13→12
FIO-Fast → Varmail,2,1,121,30.96,B(Varmail),48,10,50,4,2.9578,46,32,0,14,후보 제거 15→14
FIO-Fast → Varmail,3,1,120,30.98,B(Varmail),18,4,50,4,3.4805,30,37,0,13,후보 제거 14→13
FIO-Fast → Varmail,1,1,120,30.98,B(Varmail),45,10,25,4,3.2550,46,31,0,13,후보 제거 14→13
FIO-Fast → Varmail,0,1,120,30.99,B(Varmail),31,7,25,7,3.2762,49,47,0,12,
FIO-Fast → Varmail,2,1,122,31.06,B(Varmail),32,7,25,16,2.8578,46,33,0,13,후보 제거 14→13
FIO-Fast → Varmail,3,1,121,31.07,B(Varmail),37,7,100,7,3.5584,30,47,0,12,후보 제거 13→12
FIO-Fast → Varmail,1,1,121,31.07,B(Varmail),31,7,25,7,3.1756,46,46,0,12,후보 제거 13→12
FIO-Fast → Varmail,0,1,121,31.08,B(Varmail),47,10,25,16,3.0957,49,54,0,12,
FIO-Fast → Varmail,2,1,123,31.15,B(Varmail),33,7,50,4,2.8985,46,49,0,12,후보 제거 13→12
FIO-Fast → Varmail,3,1,122,31.16,B(Varmail),47,10,25,16,3.0916,30,30,0,11,후보 제거 12→11
FIO-Fast → Varmail,0,1,122,31.16,B(Varmail),54,10,200,4,3.1524,49,32,0,11,후보 제거 12→11
FIO-Fast → Varmail,1,1,122,31.16,B(Varmail),46,10,25,7,3.0815,50,49,0,12,
FIO-Fast → Varmail,2,1,124,31.24,B(Varmail),49,10,50,7,2.9310,46,35,0,12,
FIO-Fast → Varmail,0,1,123,31.25,B(Varmail),32,7,25,16,3.1944,49,49,0,10,후보 제거 11→10
FIO-Fast → Varmail,3,1,123,31.25,B(Varmail),30,7,25,4,3.1320,46,46,0,10,후보 제거 11→10
FIO-Fast → Varmail,1,1,123,31.25,B(Varmail),49,10,50,7,3.1946,50,35,0,12,
FIO-Fast → Varmail,2,1,125,31.33,B(Varmail),35,7,50,16,2.9166,46,31,0,12,
FIO-Fast → Varmail,0,1,124,31.33,B(Varmail),49,10,50,7,3.2175,48,48,0,9,후보 제거 10→9
FIO-Fast → Varmail,3,1,124,31.34,B(Varmail),46,10,25,7,3.1413,48,32,0,10,
FIO-Fast → Varmail,1,1,124,31.34,B(Varmail),35,7,50,16,3.2372,50,50,0,11,후보 제거 12→11
FIO-Fast → Varmail,0,1,125,31.42,B(Varmail),48,10,50,4,3.2712,51,35,0,9,
FIO-Fast → Varmail,2,1,126,31.42,B(Varmail),31,7,25,7,2.8323,46,18,0,11,후보 제거 12→11
FIO-Fast → Varmail,3,1,125,31.43,B(Varmail),32,7,25,16,3.1142,48,51,0,10,
FIO-Fast → Varmail,1,1,125,31.43,B(Varmail),50,10,50,16,3.1104,30,54,0,10,후보 제거 11→10
FIO-Fast → Varmail,0,1,126,31.5,B(Varmail),35,7,50,16,3.2482,51,51,0,9,
FIO-Fast → Varmail,2,1,127,31.51,B(Varmail),18,4,50,4,2.8755,46,37,0,11,
FIO-Fast → Varmail,3,1,126,31.52,B(Varmail),51,10,100,4,3.1657,48,54,0,9,후보 제거 10→9
FIO-Fast → Varmail,1,1,126,31.52,B(Varmail),54,10,200,4,3.1675,30,47,0,10,
FIO-Fast → Varmail,0,1,127,31.59,B(Varmail),51,10,100,4,3.2508,49,36,0,9,
FIO-Fast → Varmail,2,1,128,31.6,B(Varmail),37,7,100,7,2.9366,46,51,0,11,
FIO-Fast → Varmail,3,1,127,31.61,B(Varmail),54,10,200,4,3.3076,48,48,0,8,후보 제거 9→8
FIO-Fast → Varmail,1,1,127,31.61,B(Varmail),47,10,25,16,2.9032,30,37,0,9,후보 제거 10→9
FIO-Fast → Varmail,0,1,128,31.68,B(Varmail),36,7,100,4,3.2580,49,49,0,9,
FIO-Fast → Varmail,2,1,129,31.69,B(Varmail),51,10,100,4,2.9436,46,47,0,10,후보 제거 11→10
FIO-Fast → Varmail,3,1,128,31.7,B(Varmail),48,10,50,4,3.2198,35,35,0,8,
FIO-Fast → Varmail,1,1,128,31.71,B(Varmail),37,7,100,7,2.9561,30,30,0,9,
FIO-Fast → Varmail,0,1,129,31.76,B(Varmail),49,10,50,7,3.1806,46,46,0,8,후보 제거 9→8
FIO-Fast → Varmail,2,1,130,31.78,B(Varmail),47,10,25,16,2.6446,46,46,0,9,후보 제거 10→9
FIO-Fast → Varmail,3,1,129,31.79,B(Varmail),35,7,50,16,3.1741,45,17,0,8,
FIO-Fast → Varmail,1,1,129,31.79,B(Varmail),30,7,25,4,3.0262,51,17,0,8,후보 제거 9→8
FIO-Fast → Varmail,0,1,130,31.84,B(Varmail),46,10,25,7,3.0290,33,33,0,8,
FIO-Fast → Varmail,2,1,131,31.86,B(Varmail),46,10,25,7,2.6705,46,50,0,8,후보 제거 9→8
FIO-Fast → Varmail,3,1,130,31.87,B(Varmail),17,4,25,16,3.1338,45,45,0,8,
FIO-Fast → Varmail,1,1,130,31.87,B(Varmail),17,4,25,16,3.0751,51,51,0,8,
FIO-Fast → Varmail,0,1,131,31.92,B(Varmail),33,7,50,4,3.1024,31,31,0,8,
FIO-Fast → Varmail,2,1,132,31.95,B(Varmail),50,10,50,16,2.7649,46,30,0,8,
FIO-Fast → Varmail,3,1,131,31.96,B(Varmail),45,10,25,4,3.0319,48,31,0,7,후보 제거 8→7
FIO-Fast → Varmail,1,1,131,31.96,B(Varmail),51,10,100,4,3.1196,46,46,0,8,
FIO-Fast → Varmail,0,1,132,32.0,B(Varmail),31,7,25,7,3.0338,50,50,0,8,
FIO-Fast → Varmail,2,1,133,32.04,B(Varmail),30,7,25,4,2.7558,46,46,0,8,
FIO-Fast → Varmail,3,1,132,32.04,B(Varmail),31,7,25,7,3.0303,48,30,0,7,
FIO-Fast → Varmail,1,1,132,32.05,B(Varmail),46,10,25,7,2.9231,50,50,0,8,
FIO-Fast → Varmail,0,1,133,32.08,B(Varmail),50,10,50,16,3.0619,49,48,0,8,
FIO-Fast → Varmail,2,1,134,32.12,B(Varmail),46,10,25,7,2.7083,46,31,0,8,
FIO-Fast → Varmail,3,1,133,32.13,B(Varmail),30,7,25,4,3.0272,48,46,0,7,
FIO-Fast → Varmail,1,1,133,32.13,B(Varmail),50,10,50,16,2.9488,30,47,0,8,
FIO-Fast → Varmail,0,1,134,32.16,B(Varmail),48,10,50,4,3.0463,49,51,0,8,
FIO-Fast → Varmail,2,1,135,32.21,B(Varmail),31,7,25,7,2.7050,46,33,0,8,
FIO-Fast → Varmail,3,1,134,32.21,B(Varmail),46,10,25,7,2.9348,48,48,0,7,
FIO-Fast → Varmail,1,1,134,32.21,B(Varmail),47,10,25,16,2.7794,30,30,0,8,
FIO-Fast → Varmail,0,1,135,32.24,B(Varmail),51,10,100,4,3.0865,49,49,0,8,
FIO-Fast → Varmail,2,1,136,32.29,B(Varmail),33,7,50,4,2.7620,46,18,0,8,
FIO-Fast → Varmail,3,1,135,32.3,B(Varmail),48,10,50,4,2.9955,48,54,0,7,
FIO-Fast → Varmail,1,1,135,32.3,B(Varmail),30,7,25,4,2.8871,33,31,0,8,
FIO-Fast → Varmail,0,1,136,32.32,B(Varmail),49,10,50,7,3.0477,46,46,0,8,
FIO-Fast → Varmail,2,1,137,32.37,B(Varmail),18,4,50,4,2.8132,46,49,0,8,
FIO-Fast → Varmail,3,1,136,32.38,B(Varmail),54,10,200,4,3.0739,48,45,0,7,
FIO-Fast → Varmail,1,1,136,32.38,B(Varmail),31,7,25,7,2.8994,33,33,0,8,
FIO-Fast → Varmail,0,1,137,32.4,B(Varmail),46,10,25,7,2.9027,33,35,0,8,
FIO-Fast → Varmail,2,1,138,32.46,B(Varmail),49,10,50,7,2.7710,46,45,0,8,
FIO-Fast → Varmail,3,1,137,32.46,B(Varmail),45,10,25,4,2.9816,48,48,0,7,
FIO-Fast → Varmail,1,1,137,32.46,B(Varmail),33,7,50,4,2.9372,46,51,0,8,
FIO-Fast → Varmail,0,1,138,32.48,B(Varmail),35,7,50,16,2.9953,33,33,0,8,
FIO-Fast → Varmail,2,1,139,32.54,B(Varmail),45,10,25,4,2.7040,46,46,0,8,
FIO-Fast → Varmail,3,1,138,32.55,B(Varmail),48,10,50,4,3.0147,46,35,0,7,
FIO-Fast → Varmail,1,1,138,32.55,B(Varmail),51,10,100,4,2.9723,46,46,0,8,
FIO-Fast → Varmail,0,1,139,32.56,B(Varmail),33,7,50,4,3.0233,31,31,0,8,
FIO-Fast → Varmail,2,1,140,32.62,B(Varmail),46,10,25,7,2.6207,46,46,1,8,정착
FIO-Fast → Varmail,3,1,139,32.63,B(Varmail),35,7,50,16,2.9716,46,46,0,7,
FIO-Fast → Varmail,1,1,139,32.63,B(Varmail),46,10,25,7,2.8185,50,47,0,8,
FIO-Fast → Varmail,0,1,140,32.63,B(Varmail),31,7,25,7,2.9475,49,50,0,8,
FIO-Fast → Varmail,2,1,141,32.69,B(Varmail),46,10,25,7,2.6527,46,46,1,8,
FIO-Fast → Varmail,3,1,140,32.71,B(Varmail),46,10,25,7,2.7961,30,30,0,7,
FIO-Fast → Varmail,0,1,141,32.71,B(Varmail),50,10,50,16,2.9318,49,49,0,8,
FIO-Fast → Varmail,1,1,140,32.71,B(Varmail),47,10,25,16,2.6902,50,50,0,8,
FIO-Fast → Varmail,2,1,142,32.75,B(Varmail),46,10,25,7,2.6701,46,46,1,8,
FIO-Fast → Varmail,0,1,142,32.79,B(Varmail),49,10,50,7,2.9373,46,46,0,8,
FIO-Fast → Varmail,3,1,141,32.79,B(Varmail),30,7,25,4,2.8656,48,31,0,7,
FIO-Fast → Varmail,1,1,141,32.79,B(Varmail),50,10,50,16,2.7582,30,30,0,8,
FIO-Fast → Varmail,2,,143,32.82,,,,,,,,,,,재설정(변화 감지)
FIO-Fast → Varmail,2,2,143,32.82,B(Varmail),46,10,25,7,2.6274,46,15,0,20,후보 복귀 8→20; 정착 해제
FIO-Fast → Varmail,0,1,143,32.86,B(Varmail),46,10,25,7,2.8764,33,48,0,8,
FIO-Fast → Varmail,3,1,142,32.87,B(Varmail),31,7,25,7,2.8394,48,48,0,7,
FIO-Fast → Varmail,1,1,142,32.87,B(Varmail),30,7,25,4,2.8032,33,17,0,8,
FIO-Fast → Varmail,2,2,144,32.9,B(Varmail),15,4,25,4,2.7368,46,16,0,20,
FIO-Fast → Varmail,0,1,144,32.94,B(Varmail),48,10,50,4,2.9428,33,51,0,8,
FIO-Fast → Varmail,3,1,143,32.95,B(Varmail),48,10,50,4,2.8701,46,46,0,7,
FIO-Fast → Varmail,1,1,143,32.95,B(Varmail),17,4,25,16,2.8346,33,31,0,8,
FIO-Fast → Varmail,2,2,145,32.98,B(Varmail),16,4,25,7,2.7401,46,18,0,20,
FIO-Fast → Varmail,0,1,145,33.01,B(Varmail),51,10,100,4,3.0020,33,33,0,8,
FIO-Fast → Varmail,3,1,144,33.03,B(Varmail),46,10,25,7,2.7701,30,30,0,7,
FIO-Fast → Varmail,1,1,144,33.03,B(Varmail),31,7,25,7,2.7560,33,33,0,8,
FIO-Fast → Varmail,2,2,146,33.06,B(Varmail),18,4,50,4,2.7354,46,19,0,20,
FIO-Fast → Varmail,0,1,146,33.09,B(Varmail),33,7,50,4,2.9661,49,31,0,8,
FIO-Fast → Varmail,3,1,145,33.11,B(Varmail),30,7,25,4,2.8103,48,54,0,7,
FIO-Fast → Varmail,1,1,145,33.11,B(Varmail),33,7,50,4,2.7819,46,46,0,8,
FIO-Fast → Varmail,2,2,147,33.14,B(Varmail),19,4,50,7,2.7607,46,21,0,20,
FIO-Fast → Varmail,0,1,147,33.17,B(Varmail),31,7,25,7,2.8741,49,50,0,8,
FIO-Fast → Varmail,3,1,146,33.19,B(Varmail),54,10,200,4,2.8693,48,45,0,7,
FIO-Fast → Varmail,1,1,146,33.2,B(Varmail),46,10,25,7,2.7234,50,47,0,8,
FIO-Fast → Varmail,2,2,148,33.23,B(Varmail),21,4,100,4,2.7471,46,30,0,20,
FIO-Fast → Varmail,0,1,148,33.24,B(Varmail),50,10,50,16,2.8559,49,35,0,8,
FIO-Fast → Varmail,3,1,147,33.27,B(Varmail),45,10,25,4,2.8005,48,31,0,7,
FIO-Fast → Varmail,1,1,147,33.27,B(Varmail),47,10,25,16,2.6147,50,50,0,8,
FIO-Fast → Varmail,2,2,149,33.3,B(Varmail),30,7,25,4,2.6748,46,31,0,20,
FIO-Fast → Varmail,0,1,149,33.32,B(Varmail),35,7,50,16,2.8749,49,49,0,8,
FIO-Fast → Varmail,3,1,148,33.35,B(Varmail),31,7,25,7,2.7576,48,35,0,7,
FIO-Fast → Varmail,1,1,148,33.35,B(Varmail),50,10,50,16,2.6966,30,30,0,8,
FIO-Fast → Varmail,2,2,150,33.38,B(Varmail),31,7,25,7,2.6751,46,32,0,20,
FIO-Fast → Varmail,0,1,150,33.39,B(Varmail),49,10,50,7,2.8597,46,46,0,8,
FIO-Fast → Varmail,3,1,149,33.43,B(Varmail),35,7,50,16,2.7928,48,48,0,7,
FIO-Fast → Varmail,1,1,149,33.43,B(Varmail),30,7,25,4,2.7669,33,33,0,8,
FIO-Fast → Varmail,2,2,151,33.46,B(Varmail),32,7,25,16,2.5741,32,33,0,20,
FIO-Fast → Varmail,0,1,151,33.47,B(Varmail),46,10,25,7,2.7951,33,33,0,8,
FIO-Fast → Varmail,3,1,150,33.51,B(Varmail),48,10,50,4,2.8133,46,46,0,7,
FIO-Fast → Varmail,1,1,150,33.51,B(Varmail),33,7,50,4,2.7907,46,31,0,8,
FIO-Fast → Varmail,0,1,152,33.54,B(Varmail),33,7,50,4,2.8385,49,48,0,8,
FIO-Fast → Varmail,2,2,152,33.54,B(Varmail),33,7,50,4,2.6363,32,34,0,20,
FIO-Fast → Varmail,3,1,151,33.59,B(Varmail),46,10,25,7,2.6877,48,30,0,7,
FIO-Fast → Varmail,1,1,151,33.59,B(Varmail),31,7,25,7,2.6994,46,51,0,8,
FIO-Fast → Varmail,0,1,153,33.62,B(Varmail),48,10,50,4,2.8774,49,49,0,8,
FIO-Fast → Varmail,2,2,153,33.62,B(Varmail),34,7,50,7,2.6898,32,35,0,20,
FIO-Fast → Varmail,3,1,152,33.67,B(Varmail),30,7,25,4,2.7569,48,31,0,7,
FIO-Fast → Varmail,1,1,152,33.67,B(Varmail),51,10,100,4,2.7333,46,46,0,8,
FIO-Fast → Varmail,0,1,154,33.69,B(Varmail),49,10,50,7,2.8723,46,46,0,8,
FIO-Fast → Varmail,2,2,154,33.7,B(Varmail),35,7,50,16,2.6548,32,36,0,20,
FIO-Fast → Varmail,3,1,153,33.74,B(Varmail),31,7,25,7,2.7607,48,45,0,7,
FIO-Fast → Varmail,1,1,153,33.75,B(Varmail),46,10,25,7,2.6572,50,47,0,8,
FIO-Fast → Varmail,0,1,155,33.76,B(Varmail),46,10,25,7,2.7430,31,31,0,8,
FIO-Fast → Varmail,2,2,155,33.78,B(Varmail),36,7,100,4,2.6783,32,45,0,20,
FIO-Fast → Varmail,3,1,154,33.82,B(Varmail),45,10,25,4,2.7270,48,48,0,7,
FIO-Fast → Varmail,1,1,154,33.82,B(Varmail),47,10,25,16,2.5738,50,50,0,8,
FIO-Fast → Varmail,0,1,156,33.84,B(Varmail),31,7,25,7,2.7707,50,50,0,8,
FIO-Fast → Varmail,2,2,156,33.86,B(Varmail),45,10,25,4,2.5958,32,47,0,20,
FIO-Fast → Varmail,3,1,155,33.9,B(Varmail),48,10,50,4,2.7623,48,54,0,7,
FIO-Fast → Varmail,1,1,155,33.9,B(Varmail),50,10,50,16,2.6730,30,30,0,8,
FIO-Fast → Varmail,0,1,157,33.91,B(Varmail),50,10,50,16,2.7977,49,51,0,8,
FIO-Fast → Varmail,2,2,157,33.93,B(Varmail),47,10,25,16,2.5198,47,48,0,20,
FIO-Fast → Varmail,3,1,156,33.98,B(Varmail),54,10,200,4,2.7922,48,46,0,7,
FIO-Fast → Varmail,1,1,156,33.98,B(Varmail),30,7,25,4,2.6692,46,17,0,8,
FIO-Fast → Varmail,0,1,158,33.98,B(Varmail),51,10,100,4,2.8346,49,33,0,8,
FIO-Fast → Varmail,2,2,158,34.01,B(Varmail),48,10,50,4,2.5726,47,49,0,20,
FIO-Fast → Varmail,3,1,157,34.05,B(Varmail),46,10,25,7,2.6689,48,30,0,7,
FIO-Fast → Varmail,1,1,157,34.05,B(Varmail),17,4,25,16,2.7188,46,47,0,8,
FIO-Fast → Varmail,0,1,159,34.06,B(Varmail),33,7,50,4,2.8524,49,35,0,8,
FIO-Fast → Varmail,2,2,159,34.09,B(Varmail),49,10,50,7,2.6214,47,50,0,20,
FIO-Fast → Varmail,0,1,160,34.13,B(Varmail),35,7,50,16,2.8324,49,46,0,8,
FIO-Fast → Varmail,3,1,158,34.13,B(Varmail),30,7,25,4,2.7020,48,35,0,7,
FIO-Fast → Varmail,1,1,158,34.13,B(Varmail),47,10,25,16,2.5738,46,33,0,8,
FIO-Fast → Varmail,2,2,160,34.17,B(Varmail),50,10,50,16,2.6101,47,52,0,20,
FIO-Fast → Varmail,0,1,161,34.2,B(Varmail),46,10,25,7,2.7251,49,49,0,8,
FIO-Fast → Varmail,3,1,159,34.21,B(Varmail),35,7,50,16,2.7461,48,48,0,7,
FIO-Fast → Varmail,1,1,159,34.21,B(Varmail),33,7,50,4,2.6461,46,46,0,8,
FIO-Fast → Varmail,2,2,161,34.24,B(Varmail),52,10,100,7,2.6086,47,53,0,20,
FIO-Fast → Varmail,0,1,162,34.27,B(Varmail),49,10,50,7,2.7758,49,31,0,8,
FIO-Fast → Varmail,3,1,160,34.28,B(Varmail),48,10,50,4,2.7311,48,46,0,7,
FIO-Fast → Varmail,1,1,160,34.29,B(Varmail),46,10,25,7,2.6136,50,31,0,8,
FIO-Fast → Varmail,2,2,162,34.32,B(Varmail),53,10,100,16,2.6318,47,47,0,20,
FIO-Fast → Varmail,0,1,163,34.35,B(Varmail),31,7,25,7,2.7700,49,50,0,8,
FIO-Fast → Varmail,3,1,161,34.36,B(Varmail),46,10,25,7,2.6542,48,31,0,7,
FIO-Fast → Varmail,1,1,161,34.36,B(Varmail),31,7,25,7,2.6503,50,50,0,8,
FIO-Fast → Varmail,2,2,163,34.4,B(Varmail),47,10,25,16,2.4927,47,48,0,20,
FIO-Fast → Varmail,0,1,164,34.42,B(Varmail),50,10,50,16,2.7890,49,48,0,8,
FIO-Fast → Varmail,3,1,162,34.43,B(Varmail),31,7,25,7,2.6920,48,45,0,7,
FIO-Fast → Varmail,1,1,162,34.44,B(Varmail),50,10,50,16,2.6433,30,30,0,8,
FIO-Fast → Varmail,2,2,164,34.47,B(Varmail),48,10,50,4,2.5518,47,32,0,20,
FIO-Fast → Varmail,0,1,165,34.49,B(Varmail),48,10,50,4,2.7680,49,51,0,8,
FIO-Fast → Varmail,3,1,163,34.51,B(Varmail),45,10,25,4,2.6694,48,54,0,7,
FIO-Fast → Varmail,1,1,163,34.51,B(Varmail),30,7,25,4,2.6247,46,51,0,8,
FIO-Fast → Varmail,2,2,165,34.55,B(Varmail),32,7,25,16,2.5059,47,45,0,20,
FIO-Fast → Varmail,0,1,166,34.56,B(Varmail),51,10,100,4,2.8181,49,46,0,8,
FIO-Fast → Varmail,3,1,164,34.59,B(Varmail),54,10,200,4,2.7118,48,30,0,7,
FIO-Fast → Varmail,1,1,164,34.59,B(Varmail),51,10,100,4,2.6746,46,47,0,8,
FIO-Fast → Varmail,2,2,166,34.63,B(Varmail),45,10,25,4,2.5515,47,52,0,20,
FIO-Fast → Varmail,0,1,167,34.63,B(Varmail),46,10,25,7,2.7139,49,33,0,8,
FIO-Fast → Varmail,3,1,165,34.66,B(Varmail),30,7,25,4,2.6915,48,48,0,7,
FIO-Fast → Varmail,1,1,165,34.67,B(Varmail),47,10,25,16,2.5620,46,46,0,8,
FIO-Fast → Varmail,2,2,167,34.7,B(Varmail),52,10,100,7,2.6149,47,50,0,20,
FIO-Fast → Varmail,0,1,168,34.71,B(Varmail),33,7,50,4,2.7523,49,49,0,8,
FIO-Fast → Varmail,3,1,166,34.74,B(Varmail),48,10,50,4,2.6953,48,48,1,7,정착
FIO-Fast → Varmail,1,1,166,34.74,B(Varmail),46,10,25,7,2.5442,46,33,0,8,
FIO-Fast → Varmail,2,2,168,34.78,B(Varmail),50,10,50,16,2.5580,47,49,0,20,
FIO-Fast → Varmail,0,1,169,34.78,B(Varmail),49,10,50,7,2.7425,49,31,0,8,
FIO-Fast → Varmail,3,1,167,34.8,B(Varmail),48,10,50,4,2.7104,46,46,0,7,정착 해제
FIO-Fast → Varmail,1,1,167,34.82,B(Varmail),33,7,50,4,2.6382,46,50,0,8,
FIO-Fast → Varmail,0,1,170,34.85,B(Varmail),31,7,25,7,2.7083,49,50,0,8,
FIO-Fast → Varmail,2,2,169,34.85,B(Varmail),49,10,50,7,2.5528,47,46,0,20,
FIO-Fast → Varmail,3,1,168,34.87,B(Varmail),46,10,25,7,2.5961,46,31,0,7,
FIO-Fast → Varmail,1,1,168,34.89,B(Varmail),50,10,50,16,2.6202,46,31,0,8,
FIO-Fast → Varmail,0,1,171,34.92,B(Varmail),50,10,50,16,2.7403,49,46,0,8,
FIO-Fast → Varmail,2,2,170,34.93,B(Varmail),46,10,25,7,2.4946,47,53,0,20,
FIO-Fast → Varmail,3,1,169,34.95,B(Varmail),31,7,25,7,2.6365,46,35,0,7,
FIO-Fast → Varmail,1,1,169,34.97,B(Varmail),31,7,25,7,2.5765,46,30,0,8,
FIO-Fast → Varmail,0,1,172,34.99,B(Varmail),46,10,25,7,2.6481,49,35,0,8,
FIO-Fast → Varmail,2,2,171,35.01,B(Varmail),53,10,100,16,2.5590,47,33,0,20,
FIO-Fast → Varmail,3,1,170,35.03,B(Varmail),35,7,50,16,2.6863,46,45,0,7,
FIO-Fast → Varmail,1,1,170,35.04,B(Varmail),30,7,25,4,2.5693,46,46,0,8,
FIO-Fast → Varmail,0,1,173,35.06,B(Varmail),35,7,50,16,2.7421,49,49,0,8,
FIO-Fast → Varmail,2,2,172,35.08,B(Varmail),33,7,50,4,2.5824,47,35,0,20,
FIO-Fast → Varmail,3,1,171,35.1,B(Varmail),45,10,25,4,2.6446,46,30,0,7,
FIO-Fast → Varmail,1,1,171,35.12,B(Varmail),46,10,25,7,2.5618,46,47,0,8,
FIO-Fast → Varmail,0,1,174,35.13,B(Varmail),49,10,50,7,2.7419,49,49,1,8,정착
FIO-Fast → Varmail,2,2,173,35.16,B(Varmail),35,7,50,16,2.5809,47,30,0,20,
FIO-Fast → Varmail,3,1,172,35.18,B(Varmail),30,7,25,4,2.6586,46,46,0,7,
FIO-Fast → Varmail,0,1,175,35.19,B(Varmail),49,10,50,7,2.7364,33,48,0,8,정착 해제
FIO-Fast → Varmail,1,1,172,35.19,B(Varmail),47,10,25,16,2.4947,46,17,0,8,
FIO-Fast → Varmail,2,2,174,35.23,B(Varmail),30,7,25,4,2.5421,47,31,0,20,
FIO-Fast → Varmail,3,1,173,35.25,B(Varmail),46,10,25,7,2.5806,46,54,0,7,
FIO-Fast → Varmail,0,1,176,35.26,B(Varmail),48,10,50,4,2.7497,33,33,0,8,
FIO-Fast → Varmail,1,1,173,35.27,B(Varmail),17,4,25,16,2.5904,46,50,0,8,
FIO-Fast → Varmail,2,2,175,35.31,B(Varmail),31,7,25,7,2.5093,47,36,0,20,
FIO-Fast → Varmail,3,1,174,35.33,B(Varmail),54,10,200,4,2.6434,46,31,0,7,
FIO-Fast → Varmail,0,1,177,35.33,B(Varmail),33,7,50,4,2.7562,46,51,0,8,
FIO-Fast → Varmail,1,1,174,35.34,B(Varmail),50,10,50,16,2.5919,46,33,0,8,
FIO-Fast → Varmail,2,2,176,35.38,B(Varmail),36,7,100,4,2.5538,47,34,0,20,
FIO-Fast → Varmail,3,1,175,35.4,B(Varmail),31,7,25,7,2.6107,46,46,0,7,
FIO-Fast → Varmail,0,1,178,35.4,B(Varmail),51,10,100,4,2.7581,46,31,0,8,
FIO-Fast → Varmail,1,1,175,35.42,B(Varmail),33,7,50,4,2.6279,46,31,0,8,
FIO-Fast → Varmail,2,2,177,35.46,B(Varmail),34,7,50,7,2.5703,47,47,0,20,
FIO-Fast → Varmail,0,1,179,35.48,B(Varmail),31,7,25,7,2.7029,46,46,0,8,
FIO-Fast → Varmail,3,1,176,35.48,B(Varmail),46,10,25,7,2.5731,48,48,0,7,
FIO-Fast → Varmail,1,1,176,35.49,B(Varmail),31,7,25,7,2.5862,46,51,0,8,
FIO-Fast → Varmail,2,2,178,35.53,B(Varmail),47,10,25,16,2.4127,47,18,0,20,
FIO-Fast → Varmail,0,1,180,35.55,B(Varmail),46,10,25,7,2.6549,46,50,0,8,
FIO-Fast → Varmail,3,1,177,35.55,B(Varmail),48,10,50,4,2.6190,48,45,0,7,
FIO-Fast → Varmail,1,1,177,35.57,B(Varmail),51,10,100,4,2.6183,46,30,0,8,
FIO-Fast → Varmail,2,2,179,35.61,B(Varmail),18,4,50,4,2.5309,47,15,0,20,
FIO-Fast → Varmail,0,1,181,35.62,B(Varmail),50,10,50,16,2.6829,46,33,0,8,
FIO-Fast → Varmail,3,1,178,35.62,B(Varmail),45,10,25,4,2.5968,48,30,0,7,
FIO-Fast → Varmail,1,1,178,35.64,B(Varmail),30,7,25,4,2.5774,46,47,0,8,
FIO-Fast → Varmail,2,2,180,35.68,B(Varmail),15,4,25,4,2.5566,47,16,0,20,
FIO-Fast → Varmail,0,1,182,35.69,B(Varmail),33,7,50,4,2.7088,46,46,0,8,
FIO-Fast → Varmail,3,1,179,35.7,B(Varmail),30,7,25,4,2.6205,48,35,0,7,
FIO-Fast → Varmail,1,1,179,35.72,B(Varmail),47,10,25,16,2.4739,46,46,0,8,
FIO-Fast → Varmail,0,1,183,35.76,B(Varmail),46,10,25,7,2.6345,46,48,0,8,
FIO-Fast → Varmail,2,2,181,35.76,B(Varmail),16,4,25,7,2.5466,47,32,0,20,
FIO-Fast → Varmail,3,1,180,35.77,B(Varmail),35,7,50,16,2.6201,48,46,0,7,
FIO-Fast → Varmail,1,1,180,35.79,B(Varmail),46,10,25,7,2.4950,46,46,1,8,정착
FIO-Fast → Varmail,0,1,184,35.83,B(Varmail),48,10,50,4,2.6838,46,35,0,8,
FIO-Fast → Varmail,2,2,182,35.83,B(Varmail),32,7,25,16,2.4820,47,21,0,20,
FIO-Fast → Varmail,3,1,181,35.85,B(Varmail),46,10,25,7,2.5412,48,54,0,7,
FIO-Fast → Varmail,1,1,181,35.85,B(Varmail),46,10,25,7,2.5468,46,46,1,8,
FIO-Fast → Varmail,0,1,185,35.9,B(Varmail),35,7,50,16,2.6802,46,31,0,8,
FIO-Fast → Varmail,2,2,183,35.91,B(Varmail),21,4,100,4,2.5309,47,19,0,20,
FIO-Fast → Varmail,1,1,182,35.91,B(Varmail),46,10,25,7,2.5030,47,47,0,8,정착 해제
FIO-Fast → Varmail,3,1,182,35.92,B(Varmail),54,10,200,4,2.6198,48,48,0,7,
FIO-Fast → Varmail,0,1,186,35.97,B(Varmail),31,7,25,7,2.6417,46,50,0,8,
FIO-Fast → Varmail,2,2,184,35.98,B(Varmail),19,4,50,7,2.5290,47,46,0,20,
FIO-Fast → Varmail,1,1,183,35.98,B(Varmail),47,10,25,16,2.4551,47,50,0,8,
FIO-Fast → Varmail,3,1,183,35.99,B(Varmail),48,10,50,4,2.6095,48,31,0,7,
FIO-Fast → Varmail,0,1,187,36.04,B(Varmail),50,10,50,16,2.6714,46,49,0,8,
FIO-Fast → Varmail,2,2,185,36.06,B(Varmail),46,10,25,7,2.4630,47,48,0,20,
FIO-Fast → Varmail,1,1,184,36.06,B(Varmail),50,10,50,16,2.5173,47,30,0,8,
FIO-Fast → Varmail,3,1,184,36.07,B(Varmail),31,7,25,7,2.5763,48,30,0,7,
FIO-Fast → Varmail,0,1,188,36.11,B(Varmail),49,10,50,7,2.6826,46,51,0,8,
FIO-Fast → Varmail,2,2,186,36.13,B(Varmail),48,10,50,4,2.4880,47,47,0,20,
FIO-Fast → Varmail,1,1,185,36.13,B(Varmail),30,7,25,4,2.5506,47,31,0,8,
FIO-Fast → Varmail,3,1,185,36.14,B(Varmail),30,7,25,4,2.5487,48,45,0,7,
FIO-Fast → Varmail,0,1,189,36.18,B(Varmail),51,10,100,4,2.6728,46,46,0,8,
FIO-Fast → Varmail,2,2,187,36.21,B(Varmail),47,10,25,16,2.3982,47,47,1,20,정착
FIO-Fast → Varmail,1,1,186,36.21,B(Varmail),31,7,25,7,2.5312,47,33,0,8,
FIO-Fast → Varmail,3,1,186,36.22,B(Varmail),45,10,25,4,2.5602,48,46,0,7,
FIO-Fast → Varmail,0,1,190,36.25,B(Varmail),46,10,25,7,2.6227,46,46,1,8,정착
FIO-Fast → Varmail,2,2,188,36.26,B(Varmail),47,10,25,16,2.4043,47,47,1,20,
FIO-Fast → Varmail,1,1,187,36.28,B(Varmail),33,7,50,4,2.5615,47,17,0,8,
FIO-Fast → Varmail,3,1,187,36.29,B(Varmail),46,10,25,7,2.5194,48,48,0,7,
FIO-Fast → Varmail,0,1,191,36.3,B(Varmail),46,10,25,7,2.5905,46,46,1,8,
FIO-Fast → Varmail,2,2,189,36.32,B(Varmail),47,10,25,16,2.4062,47,47,1,20,
FIO-Fast → Varmail,1,1,188,36.35,B(Varmail),17,4,25,16,2.5310,47,47,0,8,
FIO-Fast → Varmail,0,1,192,36.36,B(Varmail),46,10,25,7,2.5909,49,33,0,8,정착 해제
FIO-Fast → Varmail,3,1,188,36.36,B(Varmail),48,10,50,4,2.5711,48,48,1,7,정착
FIO-Fast → Varmail,2,2,190,36.38,B(Varmail),47,10,25,16,2.4073,47,47,1,20,
FIO-Fast → Varmail,3,1,189,36.42,B(Varmail),48,10,50,4,2.5968,48,48,1,7,
FIO-Fast → Varmail,1,1,189,36.42,B(Varmail),47,10,25,16,2.4345,47,51,0,8,
FIO-Fast → Varmail,0,1,193,36.43,B(Varmail),33,7,50,4,2.6470,49,31,0,8,
FIO-Fast → Varmail,2,2,191,36.44,B(Varmail),47,10,25,16,2.4341,47,47,1,20,
FIO-Fast → Varmail,3,1,190,36.48,B(Varmail),48,10,50,4,2.5836,46,35,0,7,정착 해제
FIO-Fast → Varmail,0,1,194,36.5,B(Varmail),31,7,25,7,2.6149,49,49,0,8,
FIO-Fast → Varmail,1,1,190,36.5,B(Varmail),51,10,100,4,2.5165,47,50,0,8,
FIO-Fast → Varmail,2,2,192,36.5,B(Varmail),47,10,25,16,2.3978,47,47,1,20,
FIO-Fast → Varmail,3,1,191,36.55,B(Varmail),35,7,50,16,2.5862,46,31,0,7,
FIO-Fast → Varmail,2,2,193,36.56,B(Varmail),47,10,25,16,2.4189,47,47,1,20,
FIO-Fast → Varmail,0,1,195,36.56,B(Varmail),49,10,50,7,2.6414,49,48,0,8,
FIO-Fast → Varmail,1,1,191,36.57,B(Varmail),50,10,50,16,2.5142,47,47,0,8,
FIO-Fast → Varmail,2,2,194,36.62,B(Varmail),47,10,25,16,2.4181,47,32,1,20,이웃 탐침→32
FIO-Fast → Varmail,3,1,192,36.63,B(Varmail),31,7,25,7,2.5418,46,30,0,7,
FIO-Fast → Varmail,0,1,196,36.63,B(Varmail),48,10,50,4,2.6545,49,50,0,8,
FIO-Fast → Varmail,1,1,192,36.65,B(Varmail),47,10,25,16,2.4426,47,30,0,8,
FIO-Fast → Varmail,2,2,195,36.69,B(Varmail),32,7,25,16,2.4886,47,47,1,20,
FIO-Fast → Varmail,3,1,193,36.7,B(Varmail),30,7,25,4,2.5114,46,54,0,7,
FIO-Fast → Varmail,0,1,197,36.7,B(Varmail),50,10,50,16,2.6633,49,35,0,8,
FIO-Fast → Varmail,1,1,193,36.72,B(Varmail),30,7,25,4,2.4914,47,31,0,8,
FIO-Fast → Varmail,2,2,196,36.77,B(Varmail),47,10,25,16,2.4216,47,47,1,20,
FIO-Fast → Varmail,0,1,198,36.77,B(Varmail),35,7,50,16,2.6431,49,33,0,8,
FIO-Fast → Varmail,3,1,194,36.77,B(Varmail),54,10,200,4,2.5830,46,46,0,7,
FIO-Fast → Varmail,1,1,194,36.79,B(Varmail),31,7,25,7,2.5026,47,47,1,8,정착
FIO-Fast → Varmail,2,2,197,36.82,B(Varmail),47,10,25,16,2.4224,47,47,1,20,
FIO-Fast → Varmail,0,1,199,36.84,B(Varmail),33,7,50,4,2.6445,49,51,0,8,
FIO-Fast → Varmail,3,1,195,36.85,B(Varmail),46,10,25,7,2.4944,46,45,0,7,
FIO-Fast → Varmail,1,1,195,36.86,B(Varmail),47,10,25,16,2.4426,47,47,1,8,
FIO-Fast → Varmail,2,2,198,36.88,B(Varmail),47,10,25,16,2.3894,47,47,1,20,
FIO-Fast → Varmail,0,1,200,36.91,B(Varmail),51,10,100,4,2.6564,49,31,0,8,
FIO-Fast → Varmail,3,1,196,36.92,B(Varmail),45,10,25,4,2.5065,46,46,0,7,
FIO-Fast → Varmail,1,1,196,36.92,B(Varmail),47,10,25,16,2.4162,47,47,1,8,
FIO-Fast → Varmail,2,2,199,36.94,B(Varmail),47,10,25,16,2.3936,47,47,1,20,
FIO-Fast → Varmail,0,1,201,36.98,B(Varmail),31,7,25,7,2.6227,49,49,0,8,
FIO-Fast → Varmail,1,1,197,36.98,B(Varmail),47,10,25,16,2.4311,47,47,1,8,
FIO-Fast → Varmail,3,1,197,36.99,B(Varmail),46,10,25,7,2.5026,46,30,0,7,
FIO-Fast → Varmail,2,2,200,37.0,B(Varmail),47,10,25,16,2.4220,47,47,1,20,
FIO-Fast → Varmail,1,1,198,37.04,B(Varmail),47,10,25,16,2.4358,47,47,1,8,
FIO-Fast → Varmail,0,1,202,37.05,B(Varmail),49,10,50,7,2.6254,49,50,0,8,
FIO-Fast → Varmail,2,2,201,37.06,B(Varmail),47,10,25,16,2.4235,47,47,1,20,
FIO-Fast → Varmail,3,1,198,37.06,B(Varmail),30,7,25,4,2.5260,46,31,0,7,
FIO-Fast → Varmail,1,1,199,37.1,B(Varmail),47,10,25,16,2.4296,46,33,0,8,정착 해제
FIO-Fast → Varmail,0,1,203,37.12,B(Varmail),50,10,50,16,2.6282,49,48,0,8,
FIO-Fast → Varmail,2,2,202,37.12,B(Varmail),47,10,25,16,2.3972,47,47,1,20,
FIO-Fast → Varmail,3,1,199,37.14,B(Varmail),31,7,25,7,2.5067,46,45,0,7,
FIO-Fast → Varmail,1,1,200,37.17,B(Varmail),33,7,50,4,2.5022,46,50,0,8,
FIO-Fast → Varmail,2,2,203,37.18,B(Varmail),47,10,25,16,2.3905,47,50,1,20,이웃 탐침→50
FIO-Fast → Varmail,0,1,204,37.19,B(Varmail),48,10,50,4,2.6330,49,33,0,8,
FIO-Fast → Varmail,3,1,200,37.21,B(Varmail),45,10,25,4,2.5053,46,54,0,7,
FIO-Fast → Varmail,1,1,201,37.24,B(Varmail),50,10,50,16,2.5232,46,46,0,8,
FIO-Fast → Varmail,2,2,204,37.25,B(Varmail),50,10,50,16,2.4910,47,47,1,20,
FIO-Fast → Varmail,0,1,205,37.26,B(Varmail),33,7,50,4,2.6398,49,46,0,8,
FIO-Fast → Varmail,3,1,201,37.28,B(Varmail),54,10,200,4,2.5521,46,46,0,7,
FIO-Fast → Varmail,1,1,202,37.32,B(Varmail),46,10,25,7,2.4590,46,17,0,8,
FIO-Fast → Varmail,2,2,205,37.32,B(Varmail),47,10,25,16,2.4207,47,47,1,20,
FIO-Fast → Varmail,0,1,206,37.32,B(Varmail),46,10,25,7,2.5705,49,31,0,8,
FIO-Fast → Varmail,3,1,202,37.36,B(Varmail),46,10,25,7,2.4587,46,46,1,7,정착
FIO-Fast → Varmail,2,2,206,37.38,B(Varmail),47,10,25,16,2.3911,47,47,1,20,
FIO-Fast → Varmail,1,1,203,37.39,B(Varmail),17,4,25,16,2.5170,46,30,0,8,
FIO-Fast → Varmail,0,1,207,37.39,B(Varmail),31,7,25,7,2.5803,49,49,0,8,
FIO-Fast → Varmail,3,1,203,37.41,B(Varmail),46,10,25,7,2.4630,46,46,1,7,
FIO-Fast → Varmail,2,2,207,37.44,B(Varmail),47,10,25,16,2.4253,47,47,1,20,
FIO-Fast → Varmail,0,1,208,37.46,B(Varmail),49,10,50,7,2.5945,49,49,1,8,정착
FIO-Fast → Varmail,1,1,204,37.46,B(Varmail),30,7,25,4,2.5129,46,51,0,8,
FIO-Fast → Varmail,3,1,204,37.47,B(Varmail),46,10,25,7,2.4668,46,46,1,7,
FIO-Fast → Varmail,2,2,208,37.5,B(Varmail),47,10,25,16,2.3969,47,47,1,20,
FIO-Fast → Varmail,0,1,209,37.52,B(Varmail),49,10,50,7,2.6101,49,49,1,8,
FIO-Fast → Varmail,3,1,205,37.53,B(Varmail),46,10,25,7,2.4670,46,46,1,7,
FIO-Fast → Varmail,1,1,205,37.53,B(Varmail),51,10,100,4,2.5359,46,31,0,8,
FIO-Fast → Varmail,2,2,209,37.56,B(Varmail),47,10,25,16,2.4162,47,47,1,20,
FIO-Fast → Varmail,0,1,210,37.57,B(Varmail),49,10,50,7,2.5999,46,35,0,8,정착 해제
FIO-Fast → Varmail,3,1,206,37.59,B(Varmail),46,10,25,7,2.4813,46,46,1,7,
FIO-Fast → Varmail,1,1,206,37.61,B(Varmail),31,7,25,7,2.4926,46,33,0,8,
FIO-Fast → Varmail,2,2,210,37.61,B(Varmail),47,10,25,16,2.3922,47,47,1,20,
FIO-Fast → Varmail,0,1,211,37.64,B(Varmail),35,7,50,16,2.5955,46,51,0,8,
FIO-Fast → Varmail,3,1,207,37.65,B(Varmail),46,10,25,7,2.4555,46,46,1,7,
FIO-Fast → Varmail,2,2,211,37.67,B(Varmail),47,10,25,16,2.3947,47,47,1,20,
FIO-Fast → Varmail,1,1,207,37.68,B(Varmail),33,7,50,4,2.5257,46,46,0,8,
FIO-Fast → Varmail,3,1,208,37.7,B(Varmail),46,10,25,7,2.4816,46,46,1,7,
FIO-Fast → Varmail,0,1,212,37.71,B(Varmail),51,10,100,4,2.6069,46,50,0,8,
FIO-Fast → Varmail,2,2,212,37.73,B(Varmail),47,10,25,16,2.4185,47,46,1,20,이웃 탐침→46
FIO-Fast → Varmail,1,1,208,37.75,B(Varmail),46,10,25,7,2.4635,46,50,0,8,
FIO-Fast → Varmail,3,1,209,37.76,B(Varmail),46,10,25,7,2.4929,46,31,1,7,이웃 탐침→31
FIO-Fast → Varmail,0,1,213,37.78,B(Varmail),50,10,50,16,2.5867,46,46,0,8,
FIO-Fast → Varmail,2,2,213,37.8,B(Varmail),46,10,25,7,2.4338,47,47,1,20,
FIO-Fast → Varmail,1,1,209,37.82,B(Varmail),50,10,50,16,2.4776,46,30,0,8,
FIO-Fast → Varmail,3,1,210,37.83,B(Varmail),31,7,25,7,2.5020,46,46,1,7,
FIO-Fast → Varmail,0,1,214,37.84,B(Varmail),46,10,25,7,2.5624,46,33,0,8,
FIO-Fast → Varmail,2,2,214,37.88,B(Varmail),47,10,25,16,2.4004,47,47,1,20,
FIO-Fast → Varmail,1,1,210,37.9,B(Varmail),30,7,25,4,2.4842,46,31,0,8,
FIO-Fast → Varmail,3,1,211,37.91,B(Varmail),46,10,25,7,2.4689,46,46,1,7,
FIO-Fast → Varmail,0,1,215,37.91,B(Varmail),33,7,50,4,2.6004,46,31,0,8,
FIO-Fast → Varmail,2,2,215,37.93,B(Varmail),47,10,25,16,2.4028,47,47,1,20,
FIO-Fast → Varmail,3,1,212,37.96,B(Varmail),46,10,25,7,2.4568,46,46,1,7,
FIO-Fast → Varmail,1,1,211,37.97,B(Varmail),31,7,25,7,2.4892,46,46,0,8,
FIO-Fast → Varmail,0,1,216,37.98,B(Varmail),31,7,25,7,2.5788,46,48,0,8,
FIO-Fast → Varmail,2,2,216,37.99,B(Varmail),47,10,25,16,2.4040,47,47,1,20,
FIO-Fast → Varmail,3,1,213,38.02,B(Varmail),46,10,25,7,2.4824,48,35,0,7,정착 해제
FIO-Fast → Varmail,1,1,212,38.04,B(Varmail),46,10,25,7,2.4368,46,46,1,8,정착
FIO-Fast → Varmail,0,1,217,38.05,B(Varmail),48,10,50,4,2.5870,46,46,0,8,
FIO-Fast → Varmail,2,2,217,38.05,B(Varmail),47,10,25,16,2.4364,47,47,1,20,
FIO-Fast → Varmail,3,1,214,38.09,B(Varmail),35,7,50,16,2.5118,48,30,0,7,
FIO-Fast → Varmail,1,1,213,38.1,B(Varmail),46,10,25,7,2.4630,46,46,1,8,
FIO-Fast → Varmail,2,2,218,38.11,B(Varmail),47,10,25,16,2.4153,47,47,1,20,
FIO-Fast → Varmail,0,1,218,38.12,B(Varmail),46,10,25,7,2.5519,46,35,0,8,
FIO-Fast → Varmail,1,1,214,38.16,B(Varmail),46,10,25,7,2.4675,46,46,1,8,
FIO-Fast → Varmail,3,1,215,38.17,B(Varmail),30,7,25,4,2.5068,48,45,0,7,
FIO-Fast → Varmail,2,2,219,38.17,B(Varmail),47,10,25,16,2.4098,47,47,1,20,
FIO-Fast → Varmail,0,1,219,38.19,B(Varmail),35,7,50,16,2.5758,46,51,0,8,
FIO-Fast → Varmail,1,1,215,38.21,B(Varmail),46,10,25,7,2.4646,46,46,1,8,
FIO-Fast → Varmail,2,2,220,38.23,B(Varmail),47,10,25,16,2.4279,47,47,1,20,
FIO-Fast → Varmail,3,1,216,38.24,B(Varmail),45,10,25,4,2.4816,48,30,0,7,
FIO-Fast → Varmail,0,1,220,38.26,B(Varmail),51,10,100,4,2.5891,46,50,0,8,
FIO-Fast → Varmail,1,1,216,38.27,B(Varmail),46,10,25,7,2.4604,47,33,0,8,정착 해제
FIO-Fast → Varmail,2,2,221,38.28,B(Varmail),47,10,25,16,2.4214,47,32,1,20,이웃 탐침→32
FIO-Fast → Varmail,3,1,217,38.31,B(Varmail),30,7,25,4,2.4968,48,35,0,7,
FIO-Fast → Varmail,0,1,221,38.32,B(Varmail),50,10,50,16,2.5893,46,33,0,8,
FIO-Fast → Varmail,1,1,217,38.34,B(Varmail),33,7,50,4,2.5074,47,17,0,8,
FIO-Fast → Varmail,2,2,222,38.36,B(Varmail),32,7,25,16,2.4731,47,47,1,20,
FIO-Fast → Varmail,3,1,218,38.38,B(Varmail),35,7,50,16,2.5141,48,31,0,7,
FIO-Fast → Varmail,0,1,222,38.39,B(Varmail),33,7,50,4,2.5991,46,31,0,8,
FIO-Fast → Varmail,1,1,218,38.42,B(Varmail),17,4,25,16,2.5166,47,51,0,8,
FIO-Fast → Varmail,2,2,223,38.43,B(Varmail),47,10,25,16,2.4078,47,47,1,20,
FIO-Fast → Varmail,3,1,219,38.46,B(Varmail),31,7,25,7,2.4756,48,54,0,7,
FIO-Fast → Varmail,0,1,223,38.46,B(Varmail),31,7,25,7,2.5643,46,46,0,8,
FIO-Fast → Varmail,2,2,224,38.49,B(Varmail),47,10,25,16,2.3993,47,47,1,20,
FIO-Fast → Varmail,1,1,219,38.49,B(Varmail),51,10,100,4,2.5205,47,50,0,8,
FIO-Fast → Varmail,3,1,220,38.53,B(Varmail),54,10,200,4,2.5173,48,48,0,7,
FIO-Fast → Varmail,0,1,224,38.53,B(Varmail),46,10,25,7,2.5375,46,46,1,8,정착
FIO-Fast → Varmail,2,2,225,38.55,B(Varmail),47,10,25,16,2.4043,47,47,1,20,
FIO-Fast → Varmail,1,1,220,38.56,B(Varmail),50,10,50,16,2.4770,47,30,0,8,
FIO-Fast → Varmail,0,1,225,38.58,B(Varmail),46,10,25,7,2.5210,46,46,1,8,
FIO-Fast → Varmail,3,1,221,38.6,B(Varmail),48,10,50,4,2.4989,48,45,0,7,
FIO-Fast → Varmail,2,2,226,38.6,B(Varmail),47,10,25,16,2.4180,47,47,1,20,
FIO-Fast → Varmail,1,1,221,38.63,B(Varmail),30,7,25,4,2.4860,47,31,0,8,
FIO-Fast → Varmail,0,1,226,38.64,B(Varmail),46,10,25,7,2.5262,46,46,1,8,
FIO-Fast → Varmail,2,2,227,38.66,B(Varmail),47,10,25,16,2.4252,47,47,1,20,
FIO-Fast → Varmail,3,1,222,38.67,B(Varmail),45,10,25,4,2.4715,48,30,0,7,
FIO-Fast → Varmail,0,1,227,38.69,B(Varmail),46,10,25,7,2.5206,46,46,1,8,
FIO-Fast → Varmail,1,1,222,38.71,B(Varmail),31,7,25,7,2.4821,47,50,0,8,
FIO-Fast → Varmail,2,2,228,38.72,B(Varmail),47,10,25,16,2.4025,47,47,1,20,
FIO-Fast → Varmail,3,1,223,38.74,B(Varmail),30,7,25,4,2.4668,48,31,0,7,
FIO-Fast → Varmail,0,1,228,38.75,B(Varmail),46,10,25,7,2.5036,46,46,1,8,
FIO-Fast → Varmail,1,1,223,38.78,B(Varmail),50,10,50,16,2.4673,47,33,0,8,
FIO-Fast → Varmail,2,2,229,38.78,B(Varmail),47,10,25,16,2.4081,47,47,1,20,
FIO-Fast → Varmail,0,1,229,38.8,B(Varmail),46,10,25,7,2.5345,46,46,1,8,
FIO-Fast → Varmail,3,1,224,38.82,B(Varmail),31,7,25,7,2.4634,48,48,0,7,
FIO-Fast → Varmail,2,2,230,38.84,B(Varmail),47,10,25,16,2.4098,47,50,1,20,이웃 탐침→50
FIO-Fast → Varmail,1,1,224,38.85,B(Varmail),33,7,50,4,2.5037,47,47,0,8,
FIO-Fast → Varmail,0,1,230,38.86,B(Varmail),46,10,25,7,2.5330,46,46,1,8,
FIO-Fast → Varmail,3,1,225,38.89,B(Varmail),48,10,50,4,2.4921,48,45,0,7,
FIO-Fast → Varmail,2,2,231,38.91,B(Varmail),50,10,50,16,2.4788,47,47,1,20,
FIO-Fast → Varmail,0,1,231,38.91,B(Varmail),46,10,25,7,2.5263,46,31,1,8,이웃 탐침→31
FIO-Fast → Varmail,1,1,225,38.92,B(Varmail),47,10,25,16,2.3875,47,30,0,8,
FIO-Fast → Varmail,3,1,226,38.96,B(Varmail),45,10,25,4,2.4456,48,35,0,7,
FIO-Fast → Varmail,0,1,232,38.98,B(Varmail),31,7,25,7,2.5309,46,46,1,8,
FIO-Fast → Varmail,2,2,232,38.98,B(Varmail),47,10,25,16,2.3997,47,47,1,20,
FIO-Fast → Varmail,1,1,226,38.99,B(Varmail),30,7,25,4,2.4412,47,51,0,8,
FIO-Fast → Varmail,3,1,227,39.03,B(Varmail),35,7,50,16,2.5035,48,54,0,7,
FIO-Fast → Varmail,2,2,233,39.04,B(Varmail),47,10,25,16,2.4016,47,47,1,20,
FIO-Fast → Varmail,0,1,233,39.05,B(Varmail),46,10,25,7,2.5189,49,48,0,8,정착 해제
FIO-Fast → Varmail,1,1,227,39.07,B(Varmail),51,10,100,4,2.4727,47,47,0,8,
FIO-Fast → Varmail,2,2,234,39.1,B(Varmail),47,10,25,16,2.4140,47,47,1,20,
FIO-Fast → Varmail,3,1,228,39.1,B(Varmail),54,10,200,4,2.5206,48,30,0,7,
FIO-Fast → Varmail,0,1,234,39.12,B(Varmail),48,10,50,4,2.5594,49,35,0,8,
FIO-Fast → Varmail,1,1,228,39.14,B(Varmail),47,10,25,16,2.3854,47,17,0,8,
FIO-Fast → Varmail,2,2,235,39.16,B(Varmail),47,10,25,16,2.3926,47,47,1,20,
FIO-Fast → Varmail,3,1,229,39.18,B(Varmail),30,7,25,4,2.4678,48,31,0,7,
FIO-Fast → Varmail,0,1,235,39.18,B(Varmail),35,7,50,16,2.5711,49,50,0,8,
FIO-Fast → Varmail,1,1,229,39.21,B(Varmail),17,4,25,16,2.4713,47,31,0,8,
FIO-Fast → Varmail,2,2,236,39.21,B(Varmail),47,10,25,16,2.3869,47,47,1,20,
FIO-Fast → Varmail,3,1,230,39.25,B(Varmail),31,7,25,7,2.4410,48,45,0,7,
FIO-Fast → Varmail,0,1,236,39.25,B(Varmail),50,10,50,16,2.5502,49,51,0,8,
FIO-Fast → Varmail,2,2,237,39.27,B(Varmail),47,10,25,16,2.4081,47,47,1,20,
FIO-Fast → Varmail,1,1,230,39.28,B(Varmail),31,7,25,7,2.4364,47,50,0,8,
FIO-Fast → Varmail,0,1,237,39.32,B(Varmail),51,10,100,4,2.5862,49,49,0,8,
FIO-Fast → Varmail,3,1,231,39.32,B(Varmail),45,10,25,4,2.4286,48,48,0,7,
FIO-Fast → Varmail,2,2,238,39.33,B(Varmail),47,10,25,16,2.4036,47,47,1,20,
FIO-Fast → Varmail,1,1,231,39.35,B(Varmail),50,10,50,16,2.4564,47,30,0,8,
FIO-Fast → Varmail,2,2,239,39.39,B(Varmail),47,10,25,16,2.3823,47,46,1,20,이웃 탐침→46
FIO-Fast → Varmail,0,1,238,39.39,B(Varmail),49,10,50,7,2.5666,49,33,0,8,
FIO-Fast → Varmail,3,1,232,39.39,B(Varmail),48,10,50,4,2.4811,48,48,1,7,정착
FIO-Fast → Varmail,1,1,232,39.43,B(Varmail),30,7,25,4,2.4344,47,47,0,8,
FIO-Fast → Varmail,3,1,233,39.45,B(Varmail),48,10,50,4,2.4935,48,48,1,7,
FIO-Fast → Varmail,0,1,239,39.46,B(Varmail),33,7,50,4,2.5784,49,48,0,8,
FIO-Fast → Varmail,2,2,240,39.46,B(Varmail),46,10,25,7,2.4240,47,47,1,20,
FIO-Fast → Varmail,1,1,233,39.5,B(Varmail),47,10,25,16,2.3921,47,47,1,8,정착
FIO-Fast → Varmail,3,1,234,39.51,B(Varmail),48,10,50,4,2.4679,48,48,1,7,
FIO-Fast → Varmail,0,1,240,39.52,B(Varmail),48,10,50,4,2.5636,49,31,0,8,
FIO-Fast → Varmail,2,2,241,39.53,B(Varmail),47,10,25,16,2.3717,47,47,1,20,
FIO-Fast → Varmail,1,1,234,39.56,B(Varmail),47,10,25,16,2.3600,47,47,1,8,
FIO-Fast → Varmail,3,1,235,39.56,B(Varmail),48,10,50,4,2.4854,48,48,1,7,
FIO-Fast → Varmail,2,2,242,39.59,B(Varmail),47,10,25,16,2.4156,47,47,1,20,
FIO-Fast → Varmail,0,1,241,39.59,B(Varmail),31,7,25,7,2.5452,49,49,0,8,
FIO-Fast → Varmail,1,1,235,39.61,B(Varmail),47,10,25,16,2.3910,47,47,1,8,
FIO-Fast → Varmail,3,1,236,39.62,B(Varmail),48,10,50,4,2.4719,48,48,1,7,
FIO-Fast → Varmail,2,2,243,39.65,B(Varmail),47,10,25,16,2.3922,47,47,1,20,
FIO-Fast → Varmail,0,1,242,39.66,B(Varmail),49,10,50,7,2.5379,49,50,0,8,
FIO-Fast → Varmail,1,1,236,39.67,B(Varmail),47,10,25,16,2.3959,47,47,1,8,
FIO-Fast → Varmail,3,1,237,39.68,B(Varmail),48,10,50,4,2.4734,48,48,1,7,
FIO-Fast → Varmail,2,2,244,39.71,B(Varmail),47,10,25,16,2.4168,47,47,1,20,
FIO-Fast → Varmail,0,1,243,39.73,B(Varmail),50,10,50,16,2.5294,49,33,0,8,
FIO-Fast → Varmail,1,1,237,39.73,B(Varmail),47,10,25,16,2.3839,47,47,1,8,
FIO-Fast → Varmail,3,1,238,39.74,B(Varmail),48,10,50,4,2.4716,48,48,1,7,
FIO-Fast → Varmail,2,2,245,39.76,B(Varmail),47,10,25,16,2.3940,47,47,1,20,
FIO-Fast → Varmail,1,1,238,39.79,B(Varmail),47,10,25,16,2.3603,47,47,1,8,
FIO-Fast → Varmail,3,1,239,39.79,B(Varmail),48,10,50,4,2.4763,48,45,1,7,이웃 탐침→45
FIO-Fast → Varmail,0,1,244,39.8,B(Varmail),33,7,50,4,2.5517,49,35,0,8,
FIO-Fast → Varmail,2,2,246,39.82,B(Varmail),47,10,25,16,2.3942,47,47,1,20,
FIO-Fast → Varmail,1,1,239,39.84,B(Varmail),47,10,25,16,2.3677,47,47,1,8,
FIO-Fast → Varmail,0,1,245,39.86,B(Varmail),35,7,50,16,2.5491,49,51,0,8,
FIO-Fast → Varmail,3,1,240,39.87,B(Varmail),45,10,25,4,2.4454,48,48,1,7,
FIO-Fast → Varmail,2,2,247,39.88,B(Varmail),47,10,25,16,2.3798,47,47,1,20,
FIO-Fast → Varmail,1,1,240,39.9,B(Varmail),47,10,25,16,2.3856,47,32,1,9,후보 복귀 8→9; 이웃 탐침→32
FIO-Fast → Varmail,0,1,246,39.93,B(Varmail),51,10,100,4,2.5567,49,49,0,8,
FIO-Fast → Varmail,2,2,248,39.94,B(Varmail),47,10,25,16,2.4040,47,32,1,20,이웃 탐침→32
FIO-Fast → Varmail,3,1,241,39.94,B(Varmail),48,10,50,4,2.4847,48,48,1,7,
FIO-Fast → Varmail,1,1,241,39.97,B(Varmail),32,7,25,16,2.4233,32,32,0,9,정착 해제
FIO-Fast → Varmail,3,1,242,40.0,B(Varmail),48,10,50,4,2.4497,48,48,1,7,
FIO-Fast → Varmail,0,1,247,40.0,B(Varmail),49,10,50,7,2.5259,49,49,1,8,정착
FIO-Fast → Varmail,2,2,249,40.01,B(Varmail),32,7,25,16,2.4424,47,47,1,20,
FIO-Fast → Varmail,1,1,242,40.03,B(Varmail),32,7,25,16,2.4282,32,32,0,9,
FIO-Fast → Varmail,3,1,243,40.05,B(Varmail),48,10,50,4,2.4641,48,48,1,7,
FIO-Fast → Varmail,0,1,248,40.05,B(Varmail),49,10,50,7,2.5259,49,49,1,8,
FIO-Fast → Varmail,2,2,250,40.08,B(Varmail),47,10,25,16,2.3973,47,47,1,20,
FIO-Fast → Varmail,1,1,243,40.09,B(Varmail),32,7,25,16,2.4176,32,32,0,9,
FIO-Fast → Varmail,0,1,249,40.11,B(Varmail),49,10,50,7,2.5391,49,49,1,8,
FIO-Fast → Varmail,3,1,244,40.11,B(Varmail),48,10,50,4,2.4901,48,48,1,7,
FIO-Fast → Varmail,2,2,251,40.14,B(Varmail),47,10,25,16,2.4160,47,47,1,20,
FIO-Fast → Varmail,1,1,244,40.15,B(Varmail),32,7,25,16,2.4233,32,32,0,9,
FIO-Fast → Varmail,0,1,250,40.16,B(Varmail),49,10,50,7,2.5199,49,49,1,8,
FIO-Fast → Varmail,3,1,245,40.17,B(Varmail),48,10,50,4,2.4769,48,48,1,7,
FIO-Fast → Varmail,2,2,252,40.2,B(Varmail),47,10,25,16,2.3802,47,47,1,20,
FIO-Fast → Varmail,1,1,245,40.2,B(Varmail),32,7,25,16,2.4338,32,32,0,9,
FIO-Fast → Varmail,0,1,251,40.22,B(Varmail),49,10,50,7,2.5241,49,49,1,8,
FIO-Fast → Varmail,3,1,246,40.22,B(Varmail),48,10,50,4,2.4665,48,48,1,7,
FIO-Fast → Varmail,2,2,253,40.25,B(Varmail),47,10,25,16,2.3619,47,47,1,20,
FIO-Fast → Varmail,1,1,246,40.26,B(Varmail),32,7,25,16,2.4268,32,32,0,9,
FIO-Fast → Varmail,0,1,252,40.27,B(Varmail),49,10,50,7,2.5151,49,49,1,8,
FIO-Fast → Varmail,3,1,247,40.28,B(Varmail),48,10,50,4,2.4758,48,48,1,7,
FIO-Fast → Varmail,2,2,254,40.31,B(Varmail),47,10,25,16,2.3947,47,47,1,20,
FIO-Fast → Varmail,1,1,247,40.32,B(Varmail),32,7,25,16,2.4269,32,32,0,9,
FIO-Fast → Varmail,0,1,253,40.33,B(Varmail),49,10,50,7,2.5314,49,49,1,8,
FIO-Fast → Varmail,3,1,248,40.34,B(Varmail),48,10,50,4,2.4513,48,51,1,8,후보 복귀 7→8; 이웃 탐침→51
FIO-Fast → Varmail,2,2,255,40.37,B(Varmail),47,10,25,16,2.4140,47,47,1,20,
FIO-Fast → Varmail,1,1,248,40.38,B(Varmail),32,7,25,16,2.4434,32,32,0,9,
FIO-Fast → Varmail,0,1,254,40.38,B(Varmail),49,10,50,7,2.5348,49,46,1,8,이웃 탐침→46
FIO-Fast → Varmail,3,1,249,40.41,B(Varmail),51,10,100,4,2.4929,51,51,0,8,정착 해제
FIO-Fast → Varmail,2,2,256,40.43,B(Varmail),47,10,25,16,2.3837,47,47,1,20,
FIO-Fast → Varmail,1,1,249,40.43,B(Varmail),32,7,25,16,2.4411,32,32,0,9,
FIO-Fast → Varmail,0,1,255,40.45,B(Varmail),46,10,25,7,2.4771,49,49,1,8,
FIO-Fast → Varmail,3,1,250,40.47,B(Varmail),51,10,100,4,2.4830,51,51,0,8,
FIO-Fast → Varmail,2,2,257,40.49,B(Varmail),47,10,25,16,2.3973,47,50,1,20,이웃 탐침→50
FIO-Fast → Varmail,1,1,250,40.49,B(Varmail),32,7,25,16,2.4371,32,32,0,9,
FIO-Fast → Varmail,0,1,256,40.52,B(Varmail),49,10,50,7,2.5058,49,49,1,8,
FIO-Fast → Varmail,3,1,251,40.53,B(Varmail),51,10,100,4,2.4855,51,51,0,8,
FIO-Fast → Varmail,1,1,251,40.55,B(Varmail),32,7,25,16,2.4356,32,32,0,9,
FIO-Fast → Varmail,2,2,258,40.56,B(Varmail),50,10,50,16,2.4564,47,47,1,20,
FIO-Fast → Varmail,0,1,257,40.57,B(Varmail),49,10,50,7,2.5272,49,49,1,8,
FIO-Fast → Varmail,3,1,252,40.58,B(Varmail),51,10,100,4,2.4796,51,51,0,8,
FIO-Fast → Varmail,1,1,252,40.61,B(Varmail),32,7,25,16,2.4327,32,32,0,9,
FIO-Fast → Varmail,0,1,258,40.62,B(Varmail),49,10,50,7,2.5273,49,49,1,8,
FIO-Fast → Varmail,2,2,259,40.63,B(Varmail),47,10,25,16,2.3967,47,47,1,20,
FIO-Fast → Varmail,3,1,253,40.64,B(Varmail),51,10,100,4,2.4792,51,51,0,8,
FIO-Fast → Varmail,1,1,253,40.66,B(Varmail),32,7,25,16,2.4436,32,32,1,9,정착
FIO-Fast → Varmail,0,1,259,40.68,B(Varmail),49,10,50,7,2.5192,49,49,1,8,
FIO-Fast → Varmail,2,2,260,40.69,B(Varmail),47,10,25,16,2.3899,47,47,1,20,
FIO-Fast → Varmail,3,1,254,40.7,B(Varmail),51,10,100,4,2.4719,51,51,0,8,
FIO-Fast → Varmail,1,1,254,40.72,B(Varmail),32,7,25,16,2.4212,32,32,1,9,
FIO-Fast → Varmail,0,1,260,40.73,B(Varmail),49,10,50,7,2.5323,46,31,0,8,정착 해제
FIO-Fast → Varmail,2,2,261,40.75,B(Varmail),47,10,25,16,2.3828,47,47,1,20,
FIO-Fast → Varmail,3,1,255,40.76,B(Varmail),51,10,100,4,2.4832,51,51,0,8,
FIO-Fast → Varmail,1,1,255,40.78,B(Varmail),32,7,25,16,2.4256,32,32,1,9,
FIO-Fast → Varmail,0,1,261,40.8,B(Varmail),31,7,25,7,2.5031,46,50,0,8,
FIO-Fast → Varmail,2,2,262,40.8,B(Varmail),47,10,25,16,2.3836,47,47,1,20,
FIO-Fast → Varmail,3,1,256,40.81,B(Varmail),51,10,100,4,2.4962,51,51,0,8,
FIO-Fast → Varmail,1,1,256,40.84,B(Varmail),32,7,25,16,2.4186,32,32,1,9,
FIO-Fast → Varmail,2,2,263,40.86,B(Varmail),47,10,25,16,2.4292,47,47,1,20,
FIO-Fast → Varmail,0,1,262,40.87,B(Varmail),50,10,50,16,2.5064,46,48,0,8,
FIO-Fast → Varmail,3,1,257,40.87,B(Varmail),51,10,100,4,2.4719,51,51,0,8,
FIO-Fast → Varmail,1,1,257,40.89,B(Varmail),32,7,25,16,2.4366,47,33,0,9,정착 해제
FIO-Fast → Varmail,2,2,264,40.92,B(Varmail),47,10,25,16,2.4009,47,47,1,20,
FIO-Fast → Varmail,3,1,258,40.93,B(Varmail),51,10,100,4,2.4899,51,51,0,8,
FIO-Fast → Varmail,0,1,263,40.94,B(Varmail),48,10,50,4,2.5064,46,33,0,8,
FIO-Fast → Varmail,1,1,258,40.96,B(Varmail),33,7,50,4,2.4650,47,32,0,9,
FIO-Fast → Varmail,2,2,265,40.98,B(Varmail),47,10,25,16,2.3969,47,47,1,20,
FIO-Fast → Varmail,3,1,259,40.99,B(Varmail),51,10,100,4,2.4565,51,51,0,8,
FIO-Fast → Varmail,0,1,264,41.01,B(Varmail),33,7,50,4,2.5234,46,31,0,8,
FIO-Fast → Varmail,2,2,266,41.04,B(Varmail),47,10,25,16,2.3594,47,46,1,20,이웃 탐침→46
FIO-Fast → Varmail,1,1,259,41.05,B(Varmail),32,7,25,16,2.4355,47,31,0,9,
FIO-Fast → Varmail,3,1,260,41.05,B(Varmail),51,10,100,4,2.4757,51,51,0,8,
FIO-Fast → Varmail,0,1,265,41.08,B(Varmail),31,7,25,7,2.5126,46,50,0,8,
FIO-Fast → Varmail,3,1,261,41.11,B(Varmail),51,10,100,4,2.4840,51,51,1,8,정착
FIO-Fast → Varmail,2,2,267,41.12,B(Varmail),46,10,25,7,2.4492,47,47,1,20,
FIO-Fast → Varmail,1,1,260,41.12,B(Varmail),31,7,25,7,2.4369,47,50,0,9,
FIO-Fast → Varmail,0,1,266,41.15,B(Varmail),50,10,50,16,2.4789,46,35,0,8,
FIO-Fast → Varmail,3,1,262,41.17,B(Varmail),51,10,100,4,2.4608,51,51,1,8,
FIO-Fast → Varmail,2,2,268,41.19,B(Varmail),47,10,25,16,2.3987,47,47,1,20,
FIO-Fast → Varmail,1,1,261,41.19,B(Varmail),50,10,50,16,2.4394,47,51,0,9,
FIO-Fast → Varmail,0,1,267,41.22,B(Varmail),35,7,50,16,2.4956,46,51,0,8,
FIO-Fast → Varmail,3,1,263,41.23,B(Varmail),51,10,100,4,2.4559,51,51,1,8,
FIO-Fast → Varmail,2,2,269,41.25,B(Varmail),47,10,25,16,2.4181,47,47,1,20,
FIO-Fast → Varmail,1,1,262,41.26,B(Varmail),51,10,100,4,2.4824,47,30,0,9,
FIO-Fast → Varmail,3,1,264,41.28,B(Varmail),51,10,100,4,2.4928,51,51,1,8,
FIO-Fast → Varmail,0,1,268,41.29,B(Varmail),51,10,100,4,2.5269,46,48,0,8,
FIO-Fast → Varmail,2,2,270,41.31,B(Varmail),47,10,25,16,2.3974,47,47,1,20,
FIO-Fast → Varmail,1,1,263,41.33,B(Varmail),30,7,25,4,2.4677,47,17,0,9,
FIO-Fast → Varmail,3,1,265,41.34,B(Varmail),51,10,100,4,2.4831,51,51,1,8,
FIO-Fast → Varmail,0,1,269,41.36,B(Varmail),48,10,50,4,2.4940,46,33,0,8,
FIO-Fast → Varmail,2,2,271,41.36,B(Varmail),47,10,25,16,2.3655,47,47,1,20,
FIO-Fast → Varmail,3,1,266,41.4,B(Varmail),51,10,100,4,2.4849,51,51,1,8,
FIO-Fast → Varmail,1,1,264,41.41,B(Varmail),17,4,25,16,2.4510,47,33,0,9,
FIO-Fast → Varmail,2,2,272,41.42,B(Varmail),47,10,25,16,2.3842,47,47,1,20,
FIO-Fast → Varmail,0,1,270,41.42,B(Varmail),33,7,50,4,2.5186,46,50,0,8,
FIO-Fast → Varmail,3,1,267,41.46,B(Varmail),51,10,100,4,2.4713,51,51,1,8,
FIO-Fast → Varmail,1,1,265,41.48,B(Varmail),33,7,50,4,2.4608,47,32,0,9,
FIO-Fast → Varmail,2,2,273,41.48,B(Varmail),47,10,25,16,2.4151,47,47,1,20,
FIO-Fast → Varmail,0,1,271,41.49,B(Varmail),50,10,50,16,2.4881,46,31,0,8,
FIO-Fast → Varmail,3,1,268,41.51,B(Varmail),51,10,100,4,2.4661,51,52,1,9,후보 복귀 8→9; 이웃 탐침→52
FIO-Fast → Varmail,2,2,274,41.54,B(Varmail),47,10,25,16,2.3988,47,47,1,20,
FIO-Fast → Varmail,1,1,266,41.55,B(Varmail),32,7,25,16,2.4117,47,31,0,9,
FIO-Fast → Varmail,0,1,272,41.56,B(Varmail),31,7,25,7,2.4804,46,35,0,8,
FIO-Fast → Varmail,3,1,269,41.59,B(Varmail),52,10,100,7,2.4598,52,52,0,9,정착 해제
FIO-Fast → Varmail,2,2,275,41.59,B(Varmail),47,10,25,16,2.3877,47,32,1,20,이웃 탐침→32
FIO-Fast → Varmail,1,1,267,41.62,B(Varmail),31,7,25,7,2.4264,47,50,0,9,
FIO-Fast → Varmail,0,1,273,41.63,B(Varmail),35,7,50,16,2.4989,46,48,0,8,
FIO-Fast → Varmail,3,1,270,41.64,B(Varmail),52,10,100,7,2.4434,52,52,0,9,
FIO-Fast → Varmail,2,2,276,41.67,B(Varmail),32,7,25,16,2.4540,47,47,1,20,
FIO-Fast → Varmail,1,1,268,41.69,B(Varmail),50,10,50,16,2.4574,47,46,0,9,
FIO-Fast → Varmail,0,1,274,41.69,B(Varmail),48,10,50,4,2.4875,46,51,0,8,
FIO-Fast → Varmail,3,1,271,41.7,B(Varmail),52,10,100,7,2.4541,52,52,0,9,
FIO-Fast → Varmail,2,2,277,41.74,B(Varmail),47,10,25,16,2.4043,47,47,1,20,
FIO-Fast → Varmail,3,1,272,41.76,B(Varmail),52,10,100,7,2.4518,52,52,0,9,
FIO-Fast → Varmail,0,1,275,41.76,B(Varmail),51,10,100,4,2.5131,46,50,0,8,
FIO-Fast → Varmail,1,1,269,41.76,B(Varmail),46,10,25,7,2.4043,47,30,0,9,
FIO-Fast → Varmail,2,2,278,41.8,B(Varmail),47,10,25,16,2.4001,47,47,1,20,
FIO-Fast → Varmail,3,1,273,41.82,B(Varmail),52,10,100,7,2.4626,52,52,0,9,
FIO-Fast → Varmail,0,1,276,41.83,B(Varmail),50,10,50,16,2.4796,46,31,0,8,
FIO-Fast → Varmail,1,1,270,41.84,B(Varmail),30,7,25,4,2.4368,47,32,0,9,
FIO-Fast → Varmail,2,2,279,41.85,B(Varmail),47,10,25,16,2.3971,47,47,1,20,
FIO-Fast → Varmail,3,1,274,41.87,B(Varmail),52,10,100,7,2.4379,52,52,0,9,
FIO-Fast → Varmail,0,1,277,41.9,B(Varmail),31,7,25,7,2.4684,46,33,0,8,
FIO-Fast → Varmail,1,1,271,41.91,B(Varmail),32,7,25,16,2.4215,47,17,0,9,
FIO-Fast → Varmail,2,2,280,41.91,B(Varmail),47,10,25,16,2.3881,47,47,1,20,
FIO-Fast → Varmail,3,1,275,41.93,B(Varmail),52,10,100,7,2.4447,52,52,0,9,
FIO-Fast → Varmail,0,1,278,41.96,B(Varmail),33,7,50,4,2.4640,46,48,0,8,
FIO-Fast → Varmail,2,2,281,41.97,B(Varmail),47,10,25,16,2.3948,47,47,1,20,
FIO-Fast → Varmail,1,1,272,41.98,B(Varmail),17,4,25,16,2.4440,47,51,0,9,
FIO-Fast → Varmail,3,1,276,41.99,B(Varmail),52,10,100,7,2.4490,52,52,0,9,
FIO-Fast → Varmail,2,2,282,42.03,B(Varmail),47,10,25,16,2.3813,47,47,1,20,
FIO-Fast → Varmail,0,1,279,42.03,B(Varmail),48,10,50,4,2.4901,46,35,0,8,
FIO-Fast → Varmail,3,1,277,42.05,B(Varmail),52,10,100,7,2.4579,52,52,0,9,
FIO-Fast → Varmail,1,1,273,42.06,B(Varmail),51,10,100,4,2.4674,47,31,0,9,
FIO-Fast → Varmail,2,2,283,42.09,B(Varmail),47,10,25,16,2.3501,47,47,1,20,
FIO-Fast → Varmail,0,1,280,42.11,B(Varmail),35,7,50,16,2.4766,46,31,0,8,
FIO-Fast → Varmail,3,1,278,42.11,B(Varmail),52,10,100,7,2.4635,52,52,0,9,
FIO-Fast → Varmail,1,1,274,42.13,B(Varmail),31,7,25,7,2.3918,47,33,0,9,
FIO-Fast → Varmail,2,2,284,42.15,B(Varmail),47,10,25,16,2.3424,47,50,1,20,이웃 탐침→50
FIO-Fast → Varmail,3,1,279,42.17,B(Varmail),52,10,100,7,2.4632,52,52,0,9,
FIO-Fast → Varmail,0,1,281,42.18,B(Varmail),31,7,25,7,2.4374,46,50,0,8,
FIO-Fast → Varmail,1,1,275,42.21,B(Varmail),33,7,50,4,2.4318,47,46,0,9,
FIO-Fast → Varmail,2,2,285,42.23,B(Varmail),50,10,50,16,2.4580,47,47,1,20,
FIO-Fast → Varmail,3,1,280,42.23,B(Varmail),52,10,100,7,2.4609,52,52,0,9,
FIO-Fast → Varmail,0,1,282,42.25,B(Varmail),50,10,50,16,2.4799,46,33,0,8,
FIO-Fast → Varmail,1,1,276,42.28,B(Varmail),46,10,25,7,2.3981,47,50,0,9,
FIO-Fast → Varmail,3,1,281,42.29,B(Varmail),52,10,100,7,2.4537,52,52,1,9,정착
FIO-Fast → Varmail,2,2,286,42.3,B(Varmail),47,10,25,16,2.4085,47,47,1,20,
FIO-Fast → Varmail,0,1,283,42.31,B(Varmail),33,7,50,4,2.5056,46,31,0,8,
FIO-Fast → Varmail,3,1,282,42.34,B(Varmail),52,10,100,7,2.4513,52,52,1,9,
FIO-Fast → Varmail,1,1,277,42.35,B(Varmail),50,10,50,16,2.4245,47,32,0,9,
FIO-Fast → Varmail,2,2,287,42.36,B(Varmail),47,10,25,16,2.3826,47,47,1,20,
FIO-Fast → Varmail,0,1,284,42.38,B(Varmail),31,7,25,7,2.4633,46,51,0,8,
FIO-Fast → Varmail,3,1,283,42.4,B(Varmail),52,10,100,7,2.4450,52,52,1,9,
FIO-Fast → Varmail,2,2,288,42.41,B(Varmail),47,10,25,16,2.3692,47,47,1,20,
FIO-Fast → Varmail,1,1,278,42.42,B(Varmail),32,7,25,16,2.3873,47,30,0,9,
FIO-Fast → Varmail,0,1,285,42.45,B(Varmail),51,10,100,4,2.4750,46,35,0,8,
FIO-Fast → Varmail,3,1,284,42.46,B(Varmail),52,10,100,7,2.4451,52,52,1,9,
FIO-Fast → Varmail,2,2,289,42.47,B(Varmail),47,10,25,16,2.3965,47,47,1,20,
FIO-Fast → Varmail,1,1,279,42.49,B(Varmail),30,7,25,4,2.4048,47,31,0,9,
FIO-Fast → Varmail,3,1,285,42.51,B(Varmail),52,10,100,7,2.4520,52,52,1,9,
FIO-Fast → Varmail,0,1,286,42.52,B(Varmail),35,7,50,16,2.4696,46,48,0,8,
FIO-Fast → Varmail,2,2,290,42.53,B(Varmail),47,10,25,16,2.3699,47,47,1,20,
FIO-Fast → Varmail,1,1,280,42.56,B(Varmail),31,7,25,7,2.3994,47,46,0,9,
FIO-Fast → Varmail,3,1,286,42.57,B(Varmail),52,10,100,7,2.4744,52,52,1,9,
FIO-Fast → Varmail,0,1,287,42.59,B(Varmail),48,10,50,4,2.4639,46,50,0,8,
FIO-Fast → Varmail,2,2,291,42.59,B(Varmail),47,10,25,16,2.4018,47,47,1,20,
FIO-Fast → Varmail,3,1,287,42.63,B(Varmail),52,10,100,7,2.4487,52,52,1,9,
FIO-Fast → Varmail,1,1,281,42.64,B(Varmail),46,10,25,7,2.3848,47,32,0,9,
FIO-Fast → Varmail,2,2,292,42.64,B(Varmail),47,10,25,16,2.3944,47,47,1,20,
FIO-Fast → Varmail,0,1,288,42.65,B(Varmail),50,10,50,16,2.4427,46,31,0,8,
FIO-Fast → Varmail,3,1,288,42.69,B(Varmail),52,10,100,7,2.4457,52,37,1,10,후보 복귀 9→10; 이웃 탐침→37
FIO-Fast → Varmail,2,2,293,42.7,B(Varmail),47,10,25,16,2.4224,47,46,1,20,이웃 탐침→46
FIO-Fast → Varmail,1,1,282,42.71,B(Varmail),32,7,25,16,2.4035,47,33,0,9,
FIO-Fast → Varmail,0,1,289,42.72,B(Varmail),31,7,25,7,2.4720,46,33,0,8,
FIO-Fast → Varmail,3,1,289,42.76,B(Varmail),37,7,100,7,2.4736,37,37,0,9,후보 제거 10→9; 정착 해제
FIO-Fast → Varmail,2,2,294,42.77,B(Varmail),46,10,25,7,2.4014,47,47,1,20,
FIO-Fast → Varmail,1,1,283,42.78,B(Varmail),33,7,50,4,2.4333,47,47,0,9,
FIO-Fast → Varmail,0,1,290,42.79,B(Varmail),33,7,50,4,2.4870,46,50,0,8,
FIO-Fast → Varmail,3,1,290,42.81,B(Varmail),37,7,100,7,2.4579,37,37,0,9,
FIO-Fast → Varmail,2,2,295,42.84,B(Varmail),47,10,25,16,2.4105,47,47,1,20,
FIO-Fast → Varmail,1,1,284,42.85,B(Varmail),47,10,25,16,2.3366,47,30,0,9,
FIO-Fast → Varmail,0,1,291,42.85,B(Varmail),50,10,50,16,2.4459,46,51,0,8,
FIO-Fast → Varmail,3,1,291,42.87,B(Varmail),37,7,100,7,2.4575,37,37,0,9,
FIO-Fast → Varmail,2,2,296,42.9,B(Varmail),47,10,25,16,2.3988,47,47,1,20,
FIO-Fast → Varmail,1,1,285,42.92,B(Varmail),30,7,25,4,2.3817,47,50,0,9,
FIO-Fast → Varmail,0,1,292,42.92,B(Varmail),51,10,100,4,2.4715,46,48,0,8,
FIO-Fast → Varmail,3,1,292,42.93,B(Varmail),37,7,100,7,2.4201,37,37,0,9,
FIO-Fast → Varmail,2,2,297,42.96,B(Varmail),47,10,25,16,2.3839,47,47,1,20,
FIO-Fast → Varmail,3,1,293,42.98,B(Varmail),37,7,100,7,2.4416,37,37,0,9,
FIO-Fast → Varmail,0,1,293,42.99,B(Varmail),48,10,50,4,2.4746,46,35,0,8,
FIO-Fast → Varmail,1,1,286,42.99,B(Varmail),50,10,50,16,2.4145,47,17,0,9,
FIO-Fast → Varmail,2,2,298,43.02,B(Varmail),47,10,25,16,2.4077,47,47,1,20,
FIO-Fast → Varmail,3,1,294,43.04,B(Varmail),37,7,100,7,2.4297,37,37,0,9,
FIO-Fast → Varmail,0,1,294,43.06,B(Varmail),35,7,50,16,2.4581,46,50,0,8,
FIO-Fast → Varmail,1,1,287,43.06,B(Varmail),17,4,25,16,2.4160,47,46,0,9,
FIO-Fast → Varmail,2,2,299,43.07,B(Varmail),47,10,25,16,2.4030,47,47,1,20,
FIO-Fast → Varmail,3,1,295,43.1,B(Varmail),37,7,100,7,2.4504,37,37,0,9,
FIO-Fast → Varmail,0,1,295,43.12,B(Varmail),50,10,50,16,2.4665,46,31,0,8,
FIO-Fast → Varmail,2,2,300,43.13,B(Varmail),47,10,25,16,2.4008,47,47,1,20,
FIO-Fast → Varmail,1,1,288,43.13,B(Varmail),46,10,25,7,2.3815,47,31,0,9,
FIO-Fast → Varmail,3,1,296,43.16,B(Varmail),37,7,100,7,2.4611,37,37,0,9,
FIO-Fast → Varmail,2,2,301,43.19,B(Varmail),47,10,25,16,2.3881,47,47,1,20,
FIO-Fast → Varmail,0,1,296,43.19,B(Varmail),31,7,25,7,2.4481,46,35,0,8,
FIO-Fast → Varmail,1,1,289,43.21,B(Varmail),31,7,25,7,2.4023,47,47,0,9,
FIO-Fast → Varmail,3,1,297,43.21,B(Varmail),37,7,100,7,2.4481,37,37,0,9,
FIO-Fast → Varmail,2,2,302,43.24,B(Varmail),47,10,25,16,2.4001,47,32,1,20,이웃 탐침→32
FIO-Fast → Varmail,0,1,297,43.26,B(Varmail),35,7,50,16,2.4550,46,51,0,8,
FIO-Fast → Varmail,3,1,298,43.27,B(Varmail),37,7,100,7,2.4413,37,37,0,9,
FIO-Fast → Varmail,1,1,290,43.28,B(Varmail),47,10,25,16,2.3187,47,47,0,9,
FIO-Fast → Varmail,2,2,303,43.32,B(Varmail),32,7,25,16,2.4226,47,47,1,20,
FIO-Fast → Varmail,0,1,298,43.32,B(Varmail),51,10,100,4,2.4721,46,48,0,8,
FIO-Fast → Varmail,3,1,299,43.33,B(Varmail),37,7,100,7,2.4399,37,37,0,9,
FIO-Fast → Varmail,1,1,291,43.33,B(Varmail),47,10,25,16,2.3594,47,47,1,9,정착
FIO-Fast → Varmail,3,1,300,43.38,B(Varmail),37,7,100,7,2.4647,37,37,0,9,
FIO-Fast → Varmail,2,2,304,43.39,B(Varmail),47,10,25,16,2.3882,47,47,1,20,
FIO-Fast → Varmail,1,1,292,43.39,B(Varmail),47,10,25,16,2.3419,47,47,1,9,
FIO-Fast → Varmail,0,1,299,43.39,B(Varmail),48,10,50,4,2.4768,46,33,0,8,
FIO-Fast → Varmail,3,1,301,43.44,B(Varmail),37,7,100,7,2.4565,37,37,1,9,정착
FIO-Fast → Varmail,2,2,305,43.44,B(Varmail),47,10,25,16,2.3777,47,47,1,20,
FIO-Fast → Varmail,1,1,293,43.45,B(Varmail),47,10,25,16,2.3032,47,47,1,9,
FIO-Fast → Varmail,0,1,300,43.46,B(Varmail),33,7,50,4,2.4640,46,31,0,8,
FIO-Fast → Varmail,3,1,302,43.5,B(Varmail),37,7,100,7,2.4326,37,37,1,9,
FIO-Fast → Varmail,2,2,306,43.5,B(Varmail),47,10,25,16,2.4074,47,47,1,20,
FIO-Fast → Varmail,1,1,294,43.5,B(Varmail),47,10,25,16,2.3655,47,47,1,9,
FIO-Fast → Varmail,0,1,301,43.53,B(Varmail),31,7,25,7,2.4309,46,50,0,8,
FIO-Fast → Varmail,3,1,303,43.55,B(Varmail),37,7,100,7,2.4462,37,37,1,9,
FIO-Fast → Varmail,2,2,307,43.56,B(Varmail),47,10,25,16,2.4050,47,47,1,20,
FIO-Fast → Varmail,1,1,295,43.56,B(Varmail),47,10,25,16,2.3441,47,47,1,9,
FIO-Fast → Varmail,0,1,302,43.59,B(Varmail),50,10,50,16,2.4548,46,35,0,8,
FIO-Fast → Varmail,3,1,304,43.61,B(Varmail),37,7,100,7,2.4247,37,37,1,9,
FIO-Fast → Varmail,2,2,308,43.62,B(Varmail),47,10,25,16,2.4067,47,47,1,20,
FIO-Fast → Varmail,1,1,296,43.62,B(Varmail),47,10,25,16,2.3125,47,47,1,9,
FIO-Fast → Varmail,0,1,303,43.66,B(Varmail),35,7,50,16,2.4459,46,31,0,8,
FIO-Fast → Varmail,3,1,305,43.67,B(Varmail),37,7,100,7,2.4296,37,37,1,9,
FIO-Fast → Varmail,2,2,309,43.67,B(Varmail),47,10,25,16,2.3747,47,47,1,20,
FIO-Fast → Varmail,1,1,297,43.67,B(Varmail),47,10,25,16,2.3247,47,47,1,9,
FIO-Fast → Varmail,3,1,306,43.72,B(Varmail),37,7,100,7,2.4469,37,37,1,9,
FIO-Fast → Varmail,0,1,304,43.73,B(Varmail),31,7,25,7,2.4386,46,35,0,8,
FIO-Fast → Varmail,2,2,310,43.73,B(Varmail),47,10,25,16,2.3704,47,47,1,20,
FIO-Fast → Varmail,1,1,298,43.73,B(Varmail),47,10,25,16,2.3121,47,50,1,9,이웃 탐침→50
FIO-Fast → Varmail,3,1,307,43.78,B(Varmail),37,7,100,7,2.4456,37,37,1,9,
FIO-Fast → Varmail,2,2,311,43.79,B(Varmail),47,10,25,16,2.3705,47,50,1,20,이웃 탐침→50
FIO-Fast → Varmail,0,1,305,43.8,B(Varmail),35,7,50,16,2.4714,46,33,0,8,
FIO-Fast → Varmail,1,1,299,43.8,B(Varmail),50,10,50,16,2.3704,47,47,1,9,
FIO-Fast → Varmail,3,1,308,43.84,B(Varmail),37,7,100,7,2.4286,37,52,1,9,이웃 탐침→52
FIO-Fast → Varmail,2,2,312,43.86,B(Varmail),50,10,50,16,2.4741,47,47,1,20,
FIO-Fast → Varmail,0,1,306,43.86,B(Varmail),33,7,50,4,2.4554,46,51,0,8,
FIO-Fast → Varmail,1,1,300,43.87,B(Varmail),47,10,25,16,2.3489,47,47,1,9,
FIO-Fast → Varmail,3,1,309,43.91,B(Varmail),52,10,100,7,2.4474,37,37,1,9,
FIO-Fast → Varmail,0,1,307,43.93,B(Varmail),51,10,100,4,2.4463,46,31,0,8,
FIO-Fast → Varmail,1,1,301,43.93,B(Varmail),47,10,25,16,2.3486,47,47,1,9,
FIO-Fast → Varmail,2,2,313,43.93,B(Varmail),47,10,25,16,2.3787,47,47,1,20,
FIO-Fast → Varmail,3,1,310,43.98,B(Varmail),37,7,100,7,2.4483,37,37,1,9,
FIO-Fast → Varmail,1,1,302,43.99,B(Varmail),47,10,25,16,2.3573,47,47,1,9,
FIO-Fast → Varmail,2,2,314,43.99,B(Varmail),47,10,25,16,2.3984,47,47,1,20,
FIO-Fast → Varmail,0,1,308,44.0,B(Varmail),31,7,25,7,2.4314,46,50,0,8,
FIO-Fast → Varmail,3,1,311,44.04,B(Varmail),37,7,100,7,2.4480,37,37,1,9,
FIO-Fast → Varmail,1,1,303,44.04,B(Varmail),47,10,25,16,2.3500,47,47,1,9,
FIO-Fast → Varmail,2,2,315,44.05,B(Varmail),47,10,25,16,2.3853,47,47,1,20,
FIO-Fast → Varmail,0,1,309,44.06,B(Varmail),50,10,50,16,2.4412,46,48,0,8,
FIO-Fast → Varmail,3,1,312,44.09,B(Varmail),37,7,100,7,2.4301,37,37,1,9,
FIO-Fast → Varmail,1,1,304,44.1,B(Varmail),47,10,25,16,2.3303,47,47,1,9,
FIO-Fast → Varmail,2,2,316,44.1,B(Varmail),47,10,25,16,2.4020,47,47,1,20,
FIO-Fast → Varmail,0,1,310,44.13,B(Varmail),48,10,50,4,2.4459,46,31,0,8,
FIO-Fast → Varmail,3,1,313,44.15,B(Varmail),37,7,100,7,2.4202,37,37,1,9,
FIO-Fast → Varmail,1,1,305,44.16,B(Varmail),47,10,25,16,2.3428,47,47,1,9,
FIO-Fast → Varmail,2,2,317,44.16,B(Varmail),47,10,25,16,2.3685,47,47,1,20,
FIO-Fast → Varmail,0,1,311,44.2,B(Varmail),31,7,25,7,2.4287,46,51,0,8,
FIO-Fast → Varmail,3,1,314,44.21,B(Varmail),37,7,100,7,2.4279,37,37,1,9,
FIO-Fast → Varmail,1,1,306,44.21,B(Varmail),47,10,25,16,2.3205,47,47,1,9,
FIO-Fast → Varmail,2,2,318,44.22,B(Varmail),47,10,25,16,2.3799,47,47,1,20,
FIO-Fast → Varmail,3,1,315,44.26,B(Varmail),37,7,100,7,2.4207,37,37,1,9,
FIO-Fast → Varmail,0,1,312,44.27,B(Varmail),51,10,100,4,2.4701,46,46,0,8,
FIO-Fast → Varmail,1,1,307,44.27,B(Varmail),47,10,25,16,2.3297,47,46,1,9,이웃 탐침→46
FIO-Fast → Varmail,2,2,319,44.27,B(Varmail),47,10,25,16,2.3786,47,47,1,20,
FIO-Fast → Varmail,3,1,316,44.32,B(Varmail),37,7,100,7,2.4275,37,37,1,9,
FIO-Fast → Varmail,2,2,320,44.33,B(Varmail),47,10,25,16,2.3887,47,46,1,20,이웃 탐침→46
FIO-Fast → Varmail,0,1,313,44.33,B(Varmail),46,10,25,7,2.4332,46,50,0,8,
FIO-Fast → Varmail,1,1,308,44.34,B(Varmail),46,10,25,7,2.3728,47,47,1,9,
FIO-Fast → Varmail,3,1,317,44.38,B(Varmail),37,7,100,7,2.4332,37,34,1,10,후보 복귀 9→10; 이웃 탐침→34
FIO-Fast → Varmail,0,1,314,44.4,B(Varmail),50,10,50,16,2.4235,46,33,0,8,
FIO-Fast → Varmail,2,2,321,44.4,B(Varmail),46,10,25,7,2.4051,47,47,1,20,
FIO-Fast → Varmail,1,1,309,44.41,B(Varmail),47,10,25,16,2.3311,47,47,1,9,
FIO-Fast → Varmail,3,1,318,44.45,B(Varmail),34,7,50,7,2.4359,34,34,0,10,정착 해제
FIO-Fast → Varmail,0,1,315,44.47,B(Varmail),33,7,50,4,2.4362,46,48,0,8,
FIO-Fast → Varmail,1,1,310,44.47,B(Varmail),47,10,25,16,2.3436,47,47,1,9,
FIO-Fast → Varmail,2,2,322,44.47,B(Varmail),47,10,25,16,2.3680,47,47,1,20,
FIO-Fast → Varmail,3,1,319,44.5,B(Varmail),34,7,50,7,2.4214,34,34,0,10,
FIO-Fast → Varmail,1,1,311,44.53,B(Varmail),47,10,25,16,2.3386,47,47,1,9,
FIO-Fast → Varmail,2,2,323,44.53,B(Varmail),47,10,25,16,2.4061,47,47,1,20,
FIO-Fast → Varmail,0,1,316,44.53,B(Varmail),48,10,50,4,2.4519,46,31,0,8,
FIO-Fast → Varmail,3,1,320,44.56,B(Varmail),34,7,50,7,2.4073,34,34,0,10,
FIO-Fast → Varmail,1,1,312,44.58,B(Varmail),47,10,25,16,2.3405,47,47,1,9,
FIO-Fast → Varmail,2,2,324,44.59,B(Varmail),47,10,25,16,2.4121,47,47,1,20,
FIO-Fast → Varmail,0,1,317,44.6,B(Varmail),31,7,25,7,2.4254,46,50,0,8,
FIO-Fast → Varmail,3,1,321,44.62,B(Varmail),34,7,50,7,2.4429,34,34,0,10,
FIO-Fast → Varmail,1,1,313,44.64,B(Varmail),47,10,25,16,2.3091,47,47,1,9,
FIO-Fast → Varmail,2,2,325,44.64,B(Varmail),47,10,25,16,2.3547,47,47,1,20,
FIO-Fast → Varmail,0,1,318,44.67,B(Varmail),50,10,50,16,2.4485,46,35,0,8,
FIO-Fast → Varmail,3,1,322,44.67,B(Varmail),34,7,50,7,2.4150,34,34,0,10,
FIO-Fast → Varmail,1,1,314,44.7,B(Varmail),47,10,25,16,2.3145,47,47,1,9,
FIO-Fast → Varmail,2,2,326,44.7,B(Varmail),47,10,25,16,2.3969,47,47,1,20,
FIO-Fast → Varmail,3,1,323,44.73,B(Varmail),34,7,50,7,2.4181,34,34,0,10,
FIO-Fast → Varmail,0,1,319,44.73,B(Varmail),35,7,50,16,2.4224,46,46,0,8,
FIO-Fast → Varmail,1,1,315,44.75,B(Varmail),47,10,25,16,2.3288,47,47,1,9,
FIO-Fast → Varmail,2,2,327,44.76,B(Varmail),47,10,25,16,2.3621,47,47,1,20,
FIO-Fast → Varmail,3,1,324,44.79,B(Varmail),34,7,50,7,2.4195,34,34,0,10,
FIO-Fast → Varmail,0,1,320,44.8,B(Varmail),46,10,25,7,2.3983,46,46,0,8,
FIO-Fast → Varmail,1,1,316,44.81,B(Varmail),47,10,25,16,2.3321,47,32,1,9,이웃 탐침→32
FIO-Fast → Varmail,2,2,328,44.82,B(Varmail),47,10,25,16,2.3903,47,47,1,20,
FIO-Fast → Varmail,3,1,325,44.84,B(Varmail),34,7,50,7,2.4496,34,34,0,10,
FIO-Fast → Varmail,0,1,321,44.85,B(Varmail),46,10,25,7,2.3910,46,46,1,8,정착
FIO-Fast → Varmail,2,2,329,44.87,B(Varmail),47,10,25,16,2.3900,47,32,1,20,이웃 탐침→32
FIO-Fast → Varmail,1,1,317,44.88,B(Varmail),32,7,25,16,2.3817,47,47,1,9,
FIO-Fast → Varmail,3,1,326,44.9,B(Varmail),34,7,50,7,2.4152,34,34,0,10,
FIO-Fast → Varmail,0,1,322,44.91,B(Varmail),46,10,25,7,2.4012,46,46,1,8,
FIO-Fast → Varmail,2,2,330,44.94,B(Varmail),32,7,25,16,2.4253,47,47,1,20,
FIO-Fast → Varmail,1,1,318,44.95,B(Varmail),47,10,25,16,2.2921,47,47,1,9,
FIO-Fast → Varmail,3,1,327,44.96,B(Varmail),34,7,50,7,2.4279,34,34,0,10,
FIO-Fast → Varmail,0,1,323,44.96,B(Varmail),46,10,25,7,2.3940,46,46,1,8,
FIO-Fast → Varmail,1,1,319,45.01,B(Varmail),47,10,25,16,2.3356,47,47,1,9,
FIO-Fast → Varmail,3,1,328,45.01,B(Varmail),34,7,50,7,2.4056,34,34,0,10,
FIO-Fast → Varmail,2,2,331,45.01,B(Varmail),47,10,25,16,2.3791,47,47,1,20,
FIO-Fast → Varmail,0,1,324,45.02,B(Varmail),46,10,25,7,2.4030,46,46,1,8,
YCSB-A → YCSB-B,0,1,1,0.21,A(YCSB-A),37,7,100,7,1.4220,37,15,0,45,
YCSB-A → YCSB-B,1,1,1,0.21,A(YCSB-A),37,7,100,7,1.4148,37,15,0,45,
YCSB-A → YCSB-B,2,1,1,0.21,A(YCSB-A),37,7,100,7,1.4321,37,15,0,45,
YCSB-A → YCSB-B,3,1,1,0.21,A(YCSB-A),37,7,100,7,1.4173,37,15,0,45,
YCSB-A → YCSB-B,0,1,2,0.37,A(YCSB-A),15,4,25,4,1.4517,37,16,0,45,
YCSB-A → YCSB-B,1,1,2,0.38,A(YCSB-A),15,4,25,4,1.4412,37,16,0,45,
YCSB-A → YCSB-B,2,1,2,0.38,A(YCSB-A),15,4,25,4,1.4458,37,16,0,45,
YCSB-A → YCSB-B,3,1,2,0.38,A(YCSB-A),15,4,25,4,1.4459,37,16,0,45,
YCSB-A → YCSB-B,0,1,3,0.8,A(YCSB-A),16,4,25,7,1.6194,37,17,0,45,
YCSB-A → YCSB-B,1,1,3,0.81,A(YCSB-A),16,4,25,7,1.6368,37,17,0,45,
YCSB-A → YCSB-B,2,1,3,0.81,A(YCSB-A),16,4,25,7,1.6130,37,17,0,45,
YCSB-A → YCSB-B,3,1,3,0.83,A(YCSB-A),16,4,25,7,1.6244,37,17,0,45,
YCSB-A → YCSB-B,0,1,4,1.31,A(YCSB-A),17,4,25,16,1.4653,37,18,0,45,
YCSB-A → YCSB-B,1,1,4,1.32,A(YCSB-A),17,4,25,16,1.4476,37,18,0,45,
YCSB-A → YCSB-B,2,1,4,1.32,A(YCSB-A),17,4,25,16,1.4297,37,18,0,45,
YCSB-A → YCSB-B,3,1,4,1.34,A(YCSB-A),17,4,25,16,1.4462,37,18,0,45,
YCSB-A → YCSB-B,0,1,5,1.81,A(YCSB-A),18,4,50,4,1.3517,18,19,0,45,
YCSB-A → YCSB-B,2,1,5,1.81,A(YCSB-A),18,4,50,4,1.3530,18,19,0,45,
YCSB-A → YCSB-B,1,1,5,1.81,A(YCSB-A),18,4,50,4,1.3551,18,19,0,45,
YCSB-A → YCSB-B,3,1,5,1.83,A(YCSB-A),18,4,50,4,1.3512,18,19,0,45,
YCSB-A → YCSB-B,0,1,6,2.31,A(YCSB-A),19,4,50,7,1.4097,18,20,0,45,
YCSB-A → YCSB-B,2,1,6,2.32,A(YCSB-A),19,4,50,7,1.4181,18,20,0,45,
YCSB-A → YCSB-B,1,1,6,2.32,A(YCSB-A),19,4,50,7,1.4136,18,20,0,45,
YCSB-A → YCSB-B,3,1,6,2.33,A(YCSB-A),19,4,50,7,1.4077,18,20,0,45,
YCSB-A → YCSB-B,0,1,7,2.79,A(YCSB-A),20,4,50,16,1.4379,18,21,0,45,
YCSB-A → YCSB-B,2,1,7,2.79,A(YCSB-A),20,4,50,16,1.3952,18,21,0,45,
YCSB-A → YCSB-B,1,1,7,2.8,A(YCSB-A),20,4,50,16,1.3910,18,21,0,45,
YCSB-A → YCSB-B,3,1,7,2.81,A(YCSB-A),20,4,50,16,1.3898,18,21,0,45,
YCSB-A → YCSB-B,0,1,8,3.28,A(YCSB-A),21,4,100,4,1.3458,18,22,0,45,
YCSB-A → YCSB-B,2,1,8,3.28,A(YCSB-A),21,4,100,4,1.3567,18,22,0,45,
YCSB-A → YCSB-B,1,1,8,3.29,A(YCSB-A),21,4,100,4,1.3497,18,22,0,45,
YCSB-A → YCSB-B,3,1,8,3.3,A(YCSB-A),21,4,100,4,1.3500,18,22,0,45,
YCSB-A → YCSB-B,2,1,9,3.78,A(YCSB-A),22,4,100,7,1.3567,18,23,0,45,
YCSB-A → YCSB-B,0,1,9,3.78,A(YCSB-A),22,4,100,7,1.3727,18,23,0,45,
YCSB-A → YCSB-B,1,1,9,3.79,A(YCSB-A),22,4,100,7,1.3650,18,23,0,45,
YCSB-A → YCSB-B,3,1,9,3.8,A(YCSB-A),22,4,100,7,1.3657,18,23,0,45,
YCSB-A → YCSB-B,2,1,10,4.27,A(YCSB-A),23,4,100,16,1.3884,18,24,0,45,
YCSB-A → YCSB-B,0,1,10,4.28,A(YCSB-A),23,4,100,16,1.4012,18,24,0,45,
YCSB-A → YCSB-B,1,1,10,4.28,A(YCSB-A),23,4,100,16,1.3972,18,24,0,45,
YCSB-A → YCSB-B,3,1,10,4.29,A(YCSB-A),23,4,100,16,1.4038,18,24,0,45,
YCSB-A → YCSB-B,2,1,11,4.76,A(YCSB-A),24,4,200,4,1.3668,18,25,0,45,
YCSB-A → YCSB-B,0,1,11,4.76,A(YCSB-A),24,4,200,4,1.3664,18,25,0,45,
YCSB-A → YCSB-B,1,1,11,4.77,A(YCSB-A),24,4,200,4,1.3617,18,25,0,45,
YCSB-A → YCSB-B,3,1,11,4.78,A(YCSB-A),24,4,200,4,1.3647,18,25,0,45,
YCSB-A → YCSB-B,2,1,12,5.26,A(YCSB-A),25,4,200,7,1.3777,18,26,0,45,
YCSB-A → YCSB-B,0,1,12,5.27,A(YCSB-A),25,4,200,7,1.3766,18,26,0,45,
YCSB-A → YCSB-B,1,1,12,5.27,A(YCSB-A),25,4,200,7,1.3749,18,26,0,45,
YCSB-A → YCSB-B,3,1,12,5.28,A(YCSB-A),25,4,200,7,1.3795,18,26,0,45,
YCSB-A → YCSB-B,2,1,13,5.75,A(YCSB-A),26,4,200,16,1.3780,18,27,0,45,
YCSB-A → YCSB-B,0,1,13,5.77,A(YCSB-A),26,4,200,16,1.3775,18,27,0,45,
YCSB-A → YCSB-B,1,1,13,5.77,A(YCSB-A),26,4,200,16,1.3812,18,27,0,45,
YCSB-A → YCSB-B,3,1,13,5.78,A(YCSB-A),26,4,200,16,1.3864,18,27,0,45,
YCSB-A → YCSB-B,2,1,14,6.24,A(YCSB-A),27,4,400,4,1.3705,18,28,0,45,
YCSB-A → YCSB-B,0,1,14,6.26,A(YCSB-A),27,4,400,4,1.3724,18,28,0,45,
YCSB-A → YCSB-B,1,1,14,6.26,A(YCSB-A),27,4,400,4,1.3729,18,28,0,45,
YCSB-A → YCSB-B,3,1,14,6.27,A(YCSB-A),27,4,400,4,1.3746,18,28,0,45,
YCSB-A → YCSB-B,2,1,15,6.74,A(YCSB-A),28,4,400,7,1.3811,18,29,0,45,
YCSB-A → YCSB-B,0,1,15,6.76,A(YCSB-A),28,4,400,7,1.3813,18,29,0,45,
YCSB-A → YCSB-B,1,1,15,6.76,A(YCSB-A),28,4,400,7,1.3802,18,29,0,45,
YCSB-A → YCSB-B,3,1,15,6.76,A(YCSB-A),28,4,400,7,1.3877,18,29,0,45,
YCSB-A → YCSB-B,2,1,16,7.24,A(YCSB-A),29,4,400,16,1.3833,18,30,0,45,
YCSB-A → YCSB-B,0,1,16,7.26,A(YCSB-A),29,4,400,16,1.3774,18,30,0,45,
YCSB-A → YCSB-B,1,1,16,7.26,A(YCSB-A),29,4,400,16,1.3776,18,30,0,45,
YCSB-A → YCSB-B,3,1,16,7.26,A(YCSB-A),29,4,400,16,1.3849,18,30,0,45,
YCSB-A → YCSB-B,2,1,17,7.74,A(YCSB-A),30,7,25,4,1.3409,30,31,0,45,
YCSB-A → YCSB-B,0,1,17,7.77,A(YCSB-A),30,7,25,4,1.3501,18,31,0,45,
YCSB-A → YCSB-B,1,1,17,7.77,A(YCSB-A),30,7,25,4,1.3446,30,31,0,45,
YCSB-A → YCSB-B,3,1,17,7.77,A(YCSB-A),30,7,25,4,1.3428,30,31,0,45,
YCSB-A → YCSB-B,2,1,18,8.24,A(YCSB-A),31,7,25,7,1.3470,30,32,0,45,
YCSB-A → YCSB-B,3,1,18,8.26,A(YCSB-A),31,7,25,7,1.3448,30,32,0,45,
YCSB-A → YCSB-B,1,1,18,8.26,A(YCSB-A),31,7,25,7,1.3419,30,32,0,45,
YCSB-A → YCSB-B,0,1,18,8.26,A(YCSB-A),31,7,25,7,1.3432,31,32,0,45,
YCSB-A → YCSB-B,2,1,19,8.73,A(YCSB-A),32,7,25,16,1.3717,30,33,0,45,
YCSB-A → YCSB-B,3,1,19,8.76,A(YCSB-A),32,7,25,16,1.3677,30,33,0,45,
YCSB-A → YCSB-B,1,1,19,8.76,A(YCSB-A),32,7,25,16,1.3722,30,33,0,45,
YCSB-A → YCSB-B,0,1,19,8.76,A(YCSB-A),32,7,25,16,1.3772,31,33,0,45,
YCSB-A → YCSB-B,2,1,20,9.22,A(YCSB-A),33,7,50,4,1.3297,33,34,0,45,
YCSB-A → YCSB-B,3,1,20,9.25,A(YCSB-A),33,7,50,4,1.3244,33,34,0,45,
YCSB-A → YCSB-B,1,1,20,9.26,A(YCSB-A),33,7,50,4,1.3290,33,34,0,45,
YCSB-A → YCSB-B,0,1,20,9.26,A(YCSB-A),33,7,50,4,1.3285,33,34,0,45,
YCSB-A → YCSB-B,2,1,21,9.69,A(YCSB-A),34,7,50,7,1.3240,33,35,0,45,
YCSB-A → YCSB-B,3,1,21,9.72,A(YCSB-A),34,7,50,7,1.3308,33,35,0,45,
YCSB-A → YCSB-B,1,1,21,9.73,A(YCSB-A),34,7,50,7,1.3312,33,35,0,45,
YCSB-A → YCSB-B,0,1,21,9.73,A(YCSB-A),34,7,50,7,1.3376,33,35,0,45,
YCSB-A → YCSB-B,2,1,22,10.17,A(YCSB-A),35,7,50,16,1.3072,35,36,0,45,
YCSB-A → YCSB-B,3,1,22,10.2,A(YCSB-A),35,7,50,16,1.3112,35,36,0,45,
YCSB-A → YCSB-B,1,1,22,10.21,A(YCSB-A),35,7,50,16,1.3128,35,36,0,45,
YCSB-A → YCSB-B,0,1,22,10.21,A(YCSB-A),35,7,50,16,1.3168,35,36,0,45,
YCSB-A → YCSB-B,2,1,23,10.65,A(YCSB-A),36,7,100,4,1.3143,35,38,0,45,
YCSB-A → YCSB-B,3,1,23,10.68,A(YCSB-A),36,7,100,4,1.3041,36,38,0,45,
YCSB-A → YCSB-B,1,1,23,10.69,A(YCSB-A),36,7,100,4,1.3113,35,38,0,45,
YCSB-A → YCSB-B,0,1,23,10.7,A(YCSB-A),36,7,100,4,1.3060,36,38,0,45,
YCSB-A → YCSB-B,2,1,24,11.13,A(YCSB-A),38,7,100,16,1.3312,35,39,0,45,
YCSB-A → YCSB-B,3,1,24,11.16,A(YCSB-A),38,7,100,16,1.3304,36,39,0,45,
YCSB-A → YCSB-B,1,1,24,11.17,A(YCSB-A),38,7,100,16,1.3322,35,39,0,45,
YCSB-A → YCSB-B,0,1,24,11.17,A(YCSB-A),38,7,100,16,1.3292,36,39,0,45,
YCSB-A → YCSB-B,2,1,25,11.62,A(YCSB-A),39,7,200,4,1.3165,35,40,0,45,
YCSB-A → YCSB-B,3,1,25,11.65,A(YCSB-A),39,7,200,4,1.3159,36,40,0,45,
YCSB-A → YCSB-B,1,1,25,11.66,A(YCSB-A),39,7,200,4,1.3192,35,40,0,45,
YCSB-A → YCSB-B,0,1,25,11.67,A(YCSB-A),39,7,200,4,1.3161,36,40,0,45,
YCSB-A → YCSB-B,2,1,26,12.11,A(YCSB-A),40,7,200,7,1.3185,35,41,0,45,
YCSB-A → YCSB-B,3,1,26,12.14,A(YCSB-A),40,7,200,7,1.3271,36,41,0,45,
YCSB-A → YCSB-B,1,1,26,12.15,A(YCSB-A),40,7,200,7,1.3260,35,41,0,45,
YCSB-A → YCSB-B,0,1,26,12.15,A(YCSB-A),40,7,200,7,1.3244,36,41,0,45,
YCSB-A → YCSB-B,2,1,27,12.58,A(YCSB-A),41,7,200,16,1.3256,35,42,0,45,
YCSB-A → YCSB-B,3,1,27,12.61,A(YCSB-A),41,7,200,16,1.3214,36,42,0,45,
YCSB-A → YCSB-B,1,1,27,12.63,A(YCSB-A),41,7,200,16,1.3215,35,42,0,45,
YCSB-A → YCSB-B,0,1,27,12.63,A(YCSB-A),41,7,200,16,1.3288,36,42,0,45,
YCSB-A → YCSB-B,2,1,28,13.07,A(YCSB-A),42,7,400,4,1.3186,35,43,0,45,
YCSB-A → YCSB-B,3,1,28,13.1,A(YCSB-A),42,7,400,4,1.3253,36,43,0,45,
YCSB-A → YCSB-B,1,1,28,13.12,A(YCSB-A),42,7,400,4,1.3264,35,43,0,45,
YCSB-A → YCSB-B,0,1,28,13.12,A(YCSB-A),42,7,400,4,1.3262,36,43,0,45,
YCSB-A → YCSB-B,2,1,29,13.55,A(YCSB-A),43,7,400,7,1.3203,35,44,0,45,
YCSB-A → YCSB-B,3,1,29,13.57,A(YCSB-A),43,7,400,7,1.3160,36,44,0,45,
YCSB-A → YCSB-B,1,1,29,13.6,A(YCSB-A),43,7,400,7,1.3222,35,44,0,45,
YCSB-A → YCSB-B,0,1,29,13.61,A(YCSB-A),43,7,400,7,1.3226,36,44,0,45,
YCSB-A → YCSB-B,2,1,30,14.03,A(YCSB-A),44,7,400,16,1.3253,35,45,0,45,
YCSB-A → YCSB-B,3,1,30,14.06,A(YCSB-A),44,7,400,16,1.3233,36,45,0,45,
YCSB-A → YCSB-B,1,1,30,14.08,A(YCSB-A),44,7,400,16,1.3279,35,45,0,45,
YCSB-A → YCSB-B,0,1,30,14.09,A(YCSB-A),44,7,400,16,1.3266,36,45,0,45,
YCSB-A → YCSB-B,2,1,31,14.53,A(YCSB-A),45,10,25,4,1.3111,35,46,0,45,
YCSB-A → YCSB-B,3,1,31,14.57,A(YCSB-A),45,10,25,4,1.3165,36,46,0,45,
YCSB-A → YCSB-B,1,1,31,14.59,A(YCSB-A),45,10,25,4,1.3193,35,46,0,45,
YCSB-A → YCSB-B,0,1,31,14.6,A(YCSB-A),45,10,25,4,1.3200,36,46,0,45,
YCSB-A → YCSB-B,2,1,32,15.02,A(YCSB-A),46,10,25,7,1.3279,35,47,0,45,
YCSB-A → YCSB-B,3,1,32,15.05,A(YCSB-A),46,10,25,7,1.3286,36,47,0,45,
YCSB-A → YCSB-B,1,1,32,15.08,A(YCSB-A),46,10,25,7,1.3288,35,47,0,45,
YCSB-A → YCSB-B,0,1,32,15.08,A(YCSB-A),46,10,25,7,1.3285,36,47,0,45,
YCSB-A → YCSB-B,2,1,33,16.64,B(YCSB-B),47,10,25,16,1.3178,35,48,0,45,
YCSB-A → YCSB-B,3,1,33,16.7,B(YCSB-B),47,10,25,16,1.3301,36,48,0,45,
YCSB-A → YCSB-B,1,1,33,16.74,B(YCSB-B),47,10,25,16,1.3316,35,48,0,45,
YCSB-A → YCSB-B,0,1,33,16.75,B(YCSB-B),47,10,25,16,1.3221,36,48,0,45,
YCSB-A → YCSB-B,2,1,34,17.39,B(YCSB-B),48,10,50,4,1.3436,35,49,0,45,
YCSB-A → YCSB-B,3,1,34,17.44,B(YCSB-B),48,10,50,4,1.3603,36,49,0,45,
YCSB-A → YCSB-B,1,1,34,17.48,B(YCSB-B),48,10,50,4,1.3520,35,49,0,45,
YCSB-A → YCSB-B,0,1,34,17.49,B(YCSB-B),48,10,50,4,1.3552,36,49,0,45,
YCSB-A → YCSB-B,2,1,35,18.12,B(YCSB-B),49,10,50,7,1.3860,35,50,0,45,
YCSB-A → YCSB-B,3,1,35,18.17,B(YCSB-B),49,10,50,7,1.3925,36,50,0,45,
YCSB-A → YCSB-B,1,1,35,18.21,B(YCSB-B),49,10,50,7,1.3908,35,50,0,45,
YCSB-A → YCSB-B,0,1,35,18.22,B(YCSB-B),49,10,50,7,1.3851,36,50,0,45,
YCSB-A → YCSB-B,2,1,36,18.84,B(YCSB-B),50,10,50,16,1.3368,35,51,0,45,
YCSB-A → YCSB-B,3,1,36,18.89,B(YCSB-B),50,10,50,16,1.3356,36,51,0,45,
YCSB-A → YCSB-B,1,1,36,18.94,B(YCSB-B),50,10,50,16,1.3480,35,51,0,45,
YCSB-A → OLTP,0,1,1,1.71,A(YCSB-A),37,7,100,7,1.4551,37,15,0,45,
YCSB-A → OLTP,1,1,1,1.71,A(YCSB-A),37,7,100,7,1.4473,37,15,0,45,
YCSB-A → OLTP,2,1,1,1.71,A(YCSB-A),37,7,100,7,1.4524,37,15,0,45,
YCSB-A → OLTP,3,1,1,1.71,A(YCSB-A),37,7,100,7,1.4415,37,15,0,45,
YCSB-A → OLTP,2,1,2,3.47,B(OLTP),15,4,25,4,1.3045,15,16,0,45,
YCSB-A → OLTP,0,1,2,3.47,B(OLTP),15,4,25,4,1.2851,15,16,0,45,
YCSB-A → OLTP,1,1,2,3.47,B(OLTP),15,4,25,4,1.2999,15,16,0,45,
YCSB-A → OLTP,3,1,2,3.48,B(OLTP),15,4,25,4,1.3045,15,16,0,45,
YCSB-A → OLTP,2,1,3,3.88,B(OLTP),16,4,25,7,1.1668,16,17,0,45,
YCSB-A → OLTP,3,1,3,3.88,B(OLTP),16,4,25,7,1.1607,16,17,0,45,
YCSB-A → OLTP,0,1,3,3.88,B(OLTP),16,4,25,7,1.1688,16,17,0,45,
YCSB-A → OLTP,1,1,3,3.88,B(OLTP),16,4,25,7,1.1678,16,17,0,45,
YCSB-A → OLTP,2,1,4,4.26,B(OLTP),17,4,25,16,1.1127,17,18,0,45,
YCSB-A → OLTP,0,1,4,4.26,B(OLTP),17,4,25,16,1.1075,17,18,0,45,
YCSB-A → OLTP,3,1,4,4.27,B(OLTP),17,4,25,16,1.1091,17,18,0,45,
YCSB-A → OLTP,1,1,4,4.27,B(OLTP),17,4,25,16,1.1091,17,18,0,45,
YCSB-A → OLTP,2,1,5,4.61,B(OLTP),18,4,50,4,1.1095,17,19,0,45,
YCSB-A → OLTP,0,1,5,4.61,B(OLTP),18,4,50,4,1.1057,17,19,0,45,
YCSB-A → OLTP,1,1,5,4.62,B(OLTP),18,4,50,4,1.1066,17,19,0,45,
YCSB-A → OLTP,3,1,5,4.62,B(OLTP),18,4,50,4,1.1062,17,19,0,45,
YCSB-A → OLTP,2,1,6,4.96,B(OLTP),19,4,50,7,1.1087,17,20,0,45,
YCSB-A → OLTP,0,1,6,4.96,B(OLTP),19,4,50,7,1.1064,17,20,0,45,
YCSB-A → OLTP,1,1,6,4.97,B(OLTP),19,4,50,7,1.1087,17,20,0,45,
YCSB-A → OLTP,3,1,6,4.97,B(OLTP),19,4,50,7,1.1053,17,20,0,45,
YCSB-A → OLTP,2,1,7,5.3,B(OLTP),20,4,50,16,1.1093,17,21,0,45,
YCSB-A → OLTP,0,1,7,5.31,B(OLTP),20,4,50,16,1.1065,17,21,0,45,
YCSB-A → OLTP,1,1,7,5.31,B(OLTP),20,4,50,16,1.1080,17,21,0,45,
YCSB-A → OLTP,3,1,7,5.32,B(OLTP),20,4,50,16,1.1057,17,21,0,45,
YCSB-A → OLTP,2,1,8,5.65,B(OLTP),21,4,100,4,1.1086,17,22,0,45,
YCSB-A → OLTP,0,1,8,5.66,B(OLTP),21,4,100,4,1.1051,17,22,0,45,
YCSB-A → OLTP,3,1,8,5.66,B(OLTP),21,4,100,4,1.1052,17,22,0,45,
YCSB-A → OLTP,1,1,8,5.66,B(OLTP),21,4,100,4,1.1062,17,22,0,45,
YCSB-A → OLTP,2,1,9,6.0,B(OLTP),22,4,100,7,1.1085,17,23,0,45,
YCSB-A → OLTP,0,1,9,6.0,B(OLTP),22,4,100,7,1.1056,17,23,0,45,
YCSB-A → OLTP,1,1,9,6.01,B(OLTP),22,4,100,7,1.1071,17,23,0,45,
YCSB-A → OLTP,3,1,9,6.01,B(OLTP),22,4,100,7,1.1059,17,23,0,45,
YCSB-A → OLTP,2,1,10,6.35,B(OLTP),23,4,100,16,1.1105,17,24,0,45,
YCSB-A → OLTP,0,1,10,6.36,B(OLTP),23,4,100,16,1.1052,17,24,0,45,
YCSB-A → OLTP,1,1,10,6.36,B(OLTP),23,4,100,16,1.1083,17,24,0,45,
YCSB-A → OLTP,3,1,10,6.36,B(OLTP),23,4,100,16,1.1071,17,24,0,45,
YCSB-A → OLTP,2,1,11,6.7,B(OLTP),24,4,200,4,1.1088,17,25,0,45,
YCSB-A → OLTP,1,1,11,6.71,B(OLTP),24,4,200,4,1.1073,17,25,0,45,
YCSB-A → OLTP,0,1,11,6.71,B(OLTP),24,4,200,4,1.1050,17,25,0,45,
YCSB-A → OLTP,3,1,11,6.72,B(OLTP),24,4,200,4,1.1071,17,25,0,45,
YCSB-A → OLTP,2,1,12,7.06,B(OLTP),25,4,200,7,1.1094,17,26,0,45,
YCSB-A → OLTP,0,1,12,7.07,B(OLTP),25,4,200,7,1.1040,17,26,0,45,
YCSB-A → OLTP,1,1,12,7.07,B(OLTP),25,4,200,7,1.1074,17,26,0,45,
YCSB-A → OLTP,3,1,12,7.08,B(OLTP),25,4,200,7,1.1055,17,26,0,45,
YCSB-A → OLTP,2,1,13,7.42,B(OLTP),26,4,200,16,1.1080,17,27,0,45,
YCSB-A → OLTP,0,1,13,7.43,B(OLTP),26,4,200,16,1.1039,17,27,0,45,
YCSB-A → OLTP,1,1,13,7.43,B(OLTP),26,4,200,16,1.1078,17,27,0,45,
YCSB-A → OLTP,3,1,13,7.44,B(OLTP),26,4,200,16,1.1050,17,27,0,45,
YCSB-A → OLTP,2,1,14,7.77,B(OLTP),27,4,400,4,1.1105,17,28,0,45,
YCSB-A → OLTP,0,1,14,7.78,B(OLTP),27,4,400,4,1.1056,17,28,0,45,
YCSB-A → OLTP,1,1,14,7.78,B(OLTP),27,4,400,4,1.1076,17,28,0,45,
YCSB-A → OLTP,3,1,14,7.79,B(OLTP),27,4,400,4,1.1071,17,28,0,45,
YCSB-A → OLTP,2,1,15,8.12,B(OLTP),28,4,400,7,1.1095,17,29,0,45,
YCSB-A → OLTP,0,1,15,8.13,B(OLTP),28,4,400,7,1.1074,17,29,0,45,
YCSB-A → OLTP,1,1,15,8.13,B(OLTP),28,4,400,7,1.1089,17,29,0,45,
YCSB-A → OLTP,3,1,15,8.14,B(OLTP),28,4,400,7,1.1060,17,29,0,45,
YCSB-A → OLTP,2,1,16,8.47,B(OLTP),29,4,400,16,1.1102,17,30,0,45,
YCSB-A → OLTP,1,1,16,8.48,B(OLTP),29,4,400,16,1.1072,17,30,0,45,
YCSB-A → OLTP,0,1,16,8.48,B(OLTP),29,4,400,16,1.1048,17,30,0,45,
YCSB-A → OLTP,3,1,16,8.49,B(OLTP),29,4,400,16,1.1063,17,30,0,45,
YCSB-A → OLTP,2,1,17,8.81,B(OLTP),30,7,25,4,1.1072,17,31,0,45,
YCSB-A → OLTP,1,1,17,8.84,B(OLTP),30,7,25,4,1.1061,17,31,0,45,
YCSB-A → OLTP,0,1,17,8.85,B(OLTP),30,7,25,4,1.1030,17,31,0,45,
YCSB-A → OLTP,3,1,17,8.85,B(OLTP),30,7,25,4,1.1047,17,31,0,45,
YCSB-A → OLTP,2,1,18,9.18,B(OLTP),31,7,25,7,1.1059,31,32,0,45,
YCSB-A → OLTP,1,1,18,9.19,B(OLTP),31,7,25,7,1.1073,17,32,0,45,
YCSB-A → OLTP,0,1,18,9.2,B(OLTP),31,7,25,7,1.1045,17,32,0,45,
YCSB-A → OLTP,3,1,18,9.2,B(OLTP),31,7,25,7,1.1060,17,32,0,45,
YCSB-A → OLTP,2,1,19,9.53,B(OLTP),32,7,25,16,1.1072,31,33,0,45,
YCSB-A → OLTP,1,1,19,9.54,B(OLTP),32,7,25,16,1.1060,17,33,0,45,
YCSB-A → OLTP,0,1,19,9.55,B(OLTP),32,7,25,16,1.1044,17,33,0,45,
YCSB-A → OLTP,3,1,19,9.56,B(OLTP),32,7,25,16,1.1033,32,33,0,45,
YCSB-A → OLTP,2,1,20,9.89,B(OLTP),33,7,50,4,1.1012,31,34,0,45,
YCSB-A → OLTP,1,1,20,9.9,B(OLTP),33,7,50,4,1.1021,33,34,0,45,
YCSB-A → OLTP,0,1,20,9.91,B(OLTP),33,7,50,4,1.1014,33,34,0,45,
YCSB-A → OLTP,3,1,20,9.92,B(OLTP),33,7,50,4,1.1001,32,34,0,45,
YCSB-A → OLTP,2,1,21,10.24,B(OLTP),34,7,50,7,1.1023,31,35,0,45,
YCSB-A → OLTP,1,1,21,10.26,B(OLTP),34,7,50,7,1.1007,33,35,0,45,
YCSB-A → OLTP,0,1,21,10.26,B(OLTP),34,7,50,7,1.1016,33,35,0,45,
YCSB-A → OLTP,3,1,21,10.27,B(OLTP),34,7,50,7,1.1005,32,35,0,45,
YCSB-A → OLTP,2,1,22,10.6,B(OLTP),35,7,50,16,1.1040,31,36,0,45,
YCSB-A → OLTP,1,1,22,10.61,B(OLTP),35,7,50,16,1.1006,33,36,0,45,
YCSB-A → OLTP,0,1,22,10.61,B(OLTP),35,7,50,16,1.1062,33,36,0,45,
YCSB-A → OLTP,3,1,22,10.62,B(OLTP),35,7,50,16,1.0981,32,36,0,45,
YCSB-A → OLTP,2,1,23,10.95,B(OLTP),36,7,100,4,1.0989,36,38,0,45,
YCSB-A → OLTP,0,1,23,10.96,B(OLTP),36,7,100,4,1.1001,33,38,0,45,
YCSB-A → OLTP,1,1,23,10.97,B(OLTP),36,7,100,4,1.1003,33,38,0,45,
YCSB-A → OLTP,3,1,23,10.97,B(OLTP),36,7,100,4,1.0982,32,38,0,45,
YCSB-A → OLTP,2,1,24,11.3,B(OLTP),38,7,100,16,1.1003,36,39,0,45,
YCSB-A → OLTP,0,1,24,11.31,B(OLTP),38,7,100,16,1.0982,33,39,0,45,
YCSB-A → OLTP,1,1,24,11.32,B(OLTP),38,7,100,16,1.0999,33,39,0,45,
YCSB-A → OLTP,3,1,24,11.33,B(OLTP),38,7,100,16,1.0975,38,39,0,45,
YCSB-A → OLTP,2,1,25,11.65,B(OLTP),39,7,200,4,1.1031,36,40,0,45,
YCSB-A → OLTP,0,1,25,11.66,B(OLTP),39,7,200,4,1.0990,33,40,0,45,
YCSB-A → OLTP,1,1,25,11.67,B(OLTP),39,7,200,4,1.1026,33,40,0,45,
YCSB-A → OLTP,3,1,25,11.68,B(OLTP),39,7,200,4,1.0971,38,40,0,45,
YCSB-A → OLTP,2,1,26,12.01,B(OLTP),40,7,200,7,1.1004,36,41,0,45,
YCSB-A → OLTP,0,1,26,12.03,B(OLTP),40,7,200,7,1.0991,33,41,0,45,
YCSB-A → OLTP,1,1,26,12.03,B(OLTP),40,7,200,7,1.1004,33,41,0,45,
YCSB-A → OLTP,3,1,26,12.04,B(OLTP),40,7,200,7,1.0974,38,41,0,45,
YCSB-A → OLTP,2,1,27,12.36,B(OLTP),41,7,200,16,1.1007,36,42,0,45,
YCSB-A → OLTP,0,1,27,12.38,B(OLTP),41,7,200,16,1.0991,33,42,0,45,
YCSB-A → OLTP,1,1,27,12.39,B(OLTP),41,7,200,16,1.1016,33,42,0,45,
YCSB-A → OLTP,3,1,27,12.39,B(OLTP),41,7,200,16,1.0991,38,42,0,45,
YCSB-A → OLTP,2,1,28,12.72,B(OLTP),42,7,400,4,1.1029,36,43,0,45,
YCSB-A → OLTP,0,1,28,12.75,B(OLTP),42,7,400,4,1.0996,33,43,0,45,
YCSB-A → OLTP,1,1,28,12.75,B(OLTP),42,7,400,4,1.1021,33,43,0,45,
YCSB-A → OLTP,3,1,28,12.75,B(OLTP),42,7,400,4,1.0983,38,43,0,45,
YCSB-A → OLTP,2,1,29,13.08,B(OLTP),43,7,400,7,1.1021,36,44,0,45,
YCSB-A → OLTP,0,1,29,13.1,B(OLTP),43,7,400,7,1.0981,33,44,0,45,
YCSB-A → OLTP,1,1,29,13.1,B(OLTP),43,7,400,7,1.1016,33,44,0,45,
YCSB-A → OLTP,3,1,29,13.11,B(OLTP),43,7,400,7,1.0985,38,44,0,45,
YCSB-A → OLTP,2,1,30,13.43,B(OLTP),44,7,400,16,1.1022,36,45,0,45,
YCSB-A → OLTP,0,1,30,13.45,B(OLTP),44,7,400,16,1.1001,33,45,0,45,
YCSB-A → OLTP,1,1,30,13.45,B(OLTP),44,7,400,16,1.1001,33,45,0,45,
YCSB-A → OLTP,3,1,30,13.46,B(OLTP),44,7,400,16,1.0990,38,45,0,45,
YCSB-A → OLTP,2,1,31,13.78,B(OLTP),45,10,25,4,1.1008,36,46,0,45,
YCSB-A → OLTP,0,1,31,13.81,B(OLTP),45,10,25,4,1.0993,33,46,0,45,
YCSB-A → OLTP,1,1,31,13.81,B(OLTP),45,10,25,4,1.0993,33,46,0,45,
YCSB-A → OLTP,3,1,31,13.81,B(OLTP),45,10,25,4,1.0997,38,46,0,45,
YCSB-A → OLTP,2,1,32,14.13,B(OLTP),46,10,25,7,1.1023,36,47,0,45,
YCSB-A → OLTP,0,1,32,14.16,B(OLTP),46,10,25,7,1.1020,33,47,0,45,
YCSB-A → OLTP,1,1,32,14.16,B(OLTP),46,10,25,7,1.1011,33,47,0,45,
YCSB-A → OLTP,3,1,32,14.16,B(OLTP),46,10,25,7,1.1001,38,47,0,45,
YCSB-A → OLTP,2,1,33,14.49,B(OLTP),47,10,25,16,1.1058,36,48,0,45,
YCSB-A → OLTP,1,1,33,14.52,B(OLTP),47,10,25,16,1.1050,33,48,0,45,
YCSB-A → OLTP,3,1,33,14.52,B(OLTP),47,10,25,16,1.1039,38,48,0,45,
YCSB-A → OLTP,0,1,33,14.53,B(OLTP),47,10,25,16,1.1058,33,48,0,45,
YCSB-A → OLTP,2,1,34,14.84,B(OLTP),48,10,50,4,1.0997,36,49,0,45,
YCSB-A → OLTP,3,1,34,14.86,B(OLTP),48,10,50,4,1.0989,38,49,0,45,
YCSB-A → OLTP,1,1,34,14.87,B(OLTP),48,10,50,4,1.0988,33,49,0,45,
YCSB-A → OLTP,0,1,34,14.87,B(OLTP),48,10,50,4,1.0978,33,49,0,45,
YCSB-A → OLTP,2,1,35,15.2,B(OLTP),49,10,50,7,1.0988,36,50,0,45,
YCSB-A → OLTP,1,1,35,15.22,B(OLTP),49,10,50,7,1.1014,33,50,0,45,
YCSB-A → OLTP,3,1,35,15.22,B(OLTP),49,10,50,7,1.0986,38,50,0,45,
YCSB-A → OLTP,0,1,35,15.23,B(OLTP),49,10,50,7,1.1013,33,50,0,45,
YCSB-A → OLTP,2,1,36,15.55,B(OLTP),50,10,50,16,1.0986,36,51,0,45,
YCSB-A → OLTP,3,1,36,15.57,B(OLTP),50,10,50,16,1.0985,38,51,0,45,
YCSB-A → OLTP,1,1,36,15.57,B(OLTP),50,10,50,16,1.0995,33,51,0,45,
YCSB-A → OLTP,0,1,36,15.58,B(OLTP),50,10,50,16,1.1004,33,51,0,45,
YCSB-A → OLTP,2,1,37,15.9,B(OLTP),51,10,100,4,1.0997,36,52,0,45,
YCSB-A → OLTP,3,1,37,15.93,B(OLTP),51,10,100,4,1.0983,38,52,0,45,
YCSB-A → OLTP,1,1,37,15.93,B(OLTP),51,10,100,4,1.1002,33,52,0,45,
YCSB-A → OLTP,0,1,37,15.94,B(OLTP),51,10,100,4,1.0993,33,52,0,45,
YCSB-A → OLTP,2,1,38,16.27,B(OLTP),52,10,100,7,1.0999,36,53,0,45,
YCSB-A → OLTP,1,1,38,16.29,B(OLTP),52,10,100,7,1.0993,33,53,0,45,
YCSB-A → OLTP,3,1,38,16.29,B(OLTP),52,10,100,7,1.0987,38,53,0,45,
YCSB-A → OLTP,0,1,38,16.3,B(OLTP),52,10,100,7,1.0982,33,53,0,45,
YCSB-A → OLTP,2,1,39,17.3,B(OLTP),53,10,100,16,1.1032,36,54,0,45,
YCSB-A → OLTP,1,1,39,17.31,B(OLTP),53,10,100,16,1.1026,33,54,0,45,
YCSB-A → OLTP,3,1,39,17.34,B(OLTP),53,10,100,16,1.1013,38,54,0,45,
YCSB-A → OLTP,0,1,39,17.34,B(OLTP),53,10,100,16,1.1026,33,54,0,45,
YCSB-A → OLTP,2,1,40,17.7,B(OLTP),54,10,200,4,1.1005,36,55,0,45,
YCSB-A → OLTP,1,1,40,17.71,B(OLTP),54,10,200,4,1.0998,33,55,0,45,
YCSB-A → OLTP,3,1,40,17.72,B(OLTP),54,10,200,4,1.0995,38,55,0,45,
YCSB-A → OLTP,0,1,40,17.72,B(OLTP),54,10,200,4,1.1001,33,55,0,45,
YCSB-A → OLTP,2,1,41,18.05,B(OLTP),55,10,200,7,1.0996,36,56,0,45,
YCSB-A → OLTP,1,1,41,18.07,B(OLTP),55,10,200,7,1.0996,33,56,0,45,
YCSB-A → OLTP,3,1,41,18.07,B(OLTP),55,10,200,7,1.0977,38,56,0,45,
YCSB-A → OLTP,0,1,41,18.08,B(OLTP),55,10,200,7,1.0978,33,56,0,45,
FIO-Fast → Varmail (2회차),1,1,1,0.28,A(FIO-Fast),37,7,100,7,1.8964,37,15,0,45,
FIO-Fast → Varmail (2회차),0,1,1,0.28,A(FIO-Fast),37,7,100,7,1.8931,37,15,0,45,
FIO-Fast → Varmail (2회차),2,1,1,0.28,A(FIO-Fast),37,7,100,7,1.8930,37,15,0,45,
FIO-Fast → Varmail (2회차),3,1,1,0.28,A(FIO-Fast),37,7,100,7,1.8906,37,15,0,45,
FIO-Fast → Varmail (2회차),1,1,2,0.55,A(FIO-Fast),15,4,25,4,1.9731,37,16,0,45,
FIO-Fast → Varmail (2회차),2,1,2,0.55,A(FIO-Fast),15,4,25,4,1.9731,37,16,0,45,
FIO-Fast → Varmail (2회차),3,1,2,0.55,A(FIO-Fast),15,4,25,4,1.9697,37,16,0,45,
FIO-Fast → Varmail (2회차),0,1,2,0.55,A(FIO-Fast),15,4,25,4,1.9829,37,16,0,45,
FIO-Fast → Varmail (2회차),0,1,3,0.83,A(FIO-Fast),16,4,25,7,1.8817,16,17,0,45,
FIO-Fast → Varmail (2회차),3,1,3,0.83,A(FIO-Fast),16,4,25,7,1.8843,37,17,0,45,
FIO-Fast → Varmail (2회차),1,1,3,0.83,A(FIO-Fast),16,4,25,7,1.8899,37,17,0,45,
FIO-Fast → Varmail (2회차),2,1,3,0.83,A(FIO-Fast),16,4,25,7,1.8884,37,17,0,45,
FIO-Fast → Varmail (2회차),0,1,4,1.1,A(FIO-Fast),17,4,25,16,1.8395,17,18,0,45,
FIO-Fast → Varmail (2회차),1,1,4,1.1,A(FIO-Fast),17,4,25,16,1.8179,17,18,0,45,
FIO-Fast → Varmail (2회차),2,1,4,1.1,A(FIO-Fast),17,4,25,16,1.8095,17,18,0,45,
FIO-Fast → Varmail (2회차),3,1,4,1.1,A(FIO-Fast),17,4,25,16,1.8061,17,18,0,45,
FIO-Fast → Varmail (2회차),0,1,5,1.37,A(FIO-Fast),18,4,50,4,1.7572,18,19,0,45,
FIO-Fast → Varmail (2회차),1,1,5,1.37,A(FIO-Fast),18,4,50,4,1.7621,18,19,0,45,
FIO-Fast → Varmail (2회차),2,1,5,1.37,A(FIO-Fast),18,4,50,4,1.7651,18,19,0,45,
FIO-Fast → Varmail (2회차),3,1,5,1.37,A(FIO-Fast),18,4,50,4,1.7623,18,19,0,45,
FIO-Fast → Varmail (2회차),0,1,6,1.65,A(FIO-Fast),19,4,50,7,1.9164,18,20,0,45,
FIO-Fast → Varmail (2회차),1,1,6,1.65,A(FIO-Fast),19,4,50,7,1.9274,18,20,0,45,
FIO-Fast → Varmail (2회차),3,1,6,1.65,A(FIO-Fast),19,4,50,7,1.9185,18,20,0,45,
FIO-Fast → Varmail (2회차),2,1,6,1.65,A(FIO-Fast),19,4,50,7,1.9149,18,20,0,45,
FIO-Fast → Varmail (2회차),1,1,7,1.92,A(FIO-Fast),20,4,50,16,2.1129,18,21,0,45,
FIO-Fast → Varmail (2회차),0,1,7,1.92,A(FIO-Fast),20,4,50,16,2.1192,18,21,0,45,
FIO-Fast → Varmail (2회차),3,1,7,1.92,A(FIO-Fast),20,4,50,16,2.0970,18,21,0,45,
FIO-Fast → Varmail (2회차),2,1,7,1.92,A(FIO-Fast),20,4,50,16,2.1019,18,21,0,45,
FIO-Fast → Varmail (2회차),1,1,8,2.19,A(FIO-Fast),21,4,100,4,1.9481,18,22,0,45,
FIO-Fast → Varmail (2회차),0,1,8,2.19,A(FIO-Fast),21,4,100,4,1.9414,18,22,0,45,
FIO-Fast → Varmail (2회차),3,1,8,2.19,A(FIO-Fast),21,4,100,4,1.9579,18,22,0,45,
FIO-Fast → Varmail (2회차),2,1,8,2.19,A(FIO-Fast),21,4,100,4,1.9376,18,22,0,45,
FIO-Fast → Varmail (2회차),1,1,9,2.47,A(FIO-Fast),22,4,100,7,2.0537,18,23,0,45,
FIO-Fast → Varmail (2회차),0,1,9,2.47,A(FIO-Fast),22,4,100,7,2.0393,18,23,0,45,
FIO-Fast → Varmail (2회차),2,1,9,2.47,A(FIO-Fast),22,4,100,7,2.0506,18,23,0,45,
FIO-Fast → Varmail (2회차),3,1,9,2.47,A(FIO-Fast),22,4,100,7,2.0525,18,23,0,45,
FIO-Fast → Varmail (2회차),1,1,10,2.74,A(FIO-Fast),23,4,100,16,2.0182,18,24,0,45,
FIO-Fast → Varmail (2회차),0,1,10,2.74,A(FIO-Fast),23,4,100,16,1.9956,18,24,0,45,
FIO-Fast → Varmail (2회차),2,1,10,2.74,A(FIO-Fast),23,4,100,16,2.0104,18,24,0,45,
FIO-Fast → Varmail (2회차),3,1,10,2.74,A(FIO-Fast),23,4,100,16,2.0114,18,24,0,45,
FIO-Fast → Varmail (2회차),1,1,11,3.01,A(FIO-Fast),24,4,200,4,2.0608,18,25,0,45,
FIO-Fast → Varmail (2회차),0,1,11,3.01,A(FIO-Fast),24,4,200,4,2.0587,18,25,0,45,
FIO-Fast → Varmail (2회차),3,1,11,3.01,A(FIO-Fast),24,4,200,4,2.0570,18,25,0,45,
FIO-Fast → Varmail (2회차),2,1,11,3.01,A(FIO-Fast),24,4,200,4,2.0658,18,25,0,45,
FIO-Fast → Varmail (2회차),1,1,12,3.28,A(FIO-Fast),25,4,200,7,2.0820,18,26,0,45,
FIO-Fast → Varmail (2회차),0,1,12,3.29,A(FIO-Fast),25,4,200,7,2.0596,18,26,0,45,
FIO-Fast → Varmail (2회차),2,1,12,3.29,A(FIO-Fast),25,4,200,7,2.0644,18,26,0,45,
FIO-Fast → Varmail (2회차),3,1,12,3.29,A(FIO-Fast),25,4,200,7,2.0605,18,26,0,45,
FIO-Fast → Varmail (2회차),0,1,13,3.56,A(FIO-Fast),26,4,200,16,2.1444,18,27,0,45,
FIO-Fast → Varmail (2회차),1,1,13,3.56,A(FIO-Fast),26,4,200,16,2.1506,18,27,0,45,
FIO-Fast → Varmail (2회차),3,1,13,3.56,A(FIO-Fast),26,4,200,16,2.1425,18,27,0,45,
FIO-Fast → Varmail (2회차),2,1,13,3.56,A(FIO-Fast),26,4,200,16,2.1515,18,27,0,45,
FIO-Fast → Varmail (2회차),0,1,14,3.83,A(FIO-Fast),27,4,400,4,2.0689,18,28,0,45,
FIO-Fast → Varmail (2회차),2,1,14,3.83,A(FIO-Fast),27,4,400,4,2.0941,18,28,0,45,
FIO-Fast → Varmail (2회차),1,1,14,3.83,A(FIO-Fast),27,4,400,4,2.1021,18,28,0,45,
FIO-Fast → Varmail (2회차),3,1,14,3.83,A(FIO-Fast),27,4,400,4,2.0844,18,28,0,45,
FIO-Fast → Varmail (2회차),2,1,15,4.1,A(FIO-Fast),28,4,400,7,2.1568,18,29,0,45,
FIO-Fast → Varmail (2회차),0,1,15,4.1,A(FIO-Fast),28,4,400,7,2.1420,18,29,0,45,
FIO-Fast → Varmail (2회차),1,1,15,4.1,A(FIO-Fast),28,4,400,7,2.1601,18,29,0,45,
FIO-Fast → Varmail (2회차),3,1,15,4.1,A(FIO-Fast),28,4,400,7,2.1549,18,29,0,45,
FIO-Fast → Varmail (2회차),1,1,16,4.38,A(FIO-Fast),29,4,400,16,2.1410,18,30,0,45,
FIO-Fast → Varmail (2회차),2,1,16,4.38,A(FIO-Fast),29,4,400,16,2.1471,18,30,0,45,
FIO-Fast → Varmail (2회차),3,1,16,4.38,A(FIO-Fast),29,4,400,16,2.1352,18,30,0,45,
FIO-Fast → Varmail (2회차),0,1,16,4.38,A(FIO-Fast),29,4,400,16,2.1086,18,30,0,45,
FIO-Fast → Varmail (2회차),2,1,17,4.65,A(FIO-Fast),30,7,25,4,1.9062,18,31,0,45,
FIO-Fast → Varmail (2회차),3,1,17,4.65,A(FIO-Fast),30,7,25,4,1.8952,18,31,0,45,
FIO-Fast → Varmail (2회차),1,1,17,4.65,A(FIO-Fast),30,7,25,4,1.9096,18,31,0,45,
FIO-Fast → Varmail (2회차),0,1,17,4.65,A(FIO-Fast),30,7,25,4,1.9034,18,31,0,45,
FIO-Fast → Varmail (2회차),3,1,18,4.92,A(FIO-Fast),31,7,25,7,1.7118,31,32,0,45,
FIO-Fast → Varmail (2회차),1,1,18,4.92,A(FIO-Fast),31,7,25,7,1.7144,31,32,0,45,
FIO-Fast → Varmail (2회차),2,1,18,4.92,A(FIO-Fast),31,7,25,7,1.7097,31,32,0,45,
FIO-Fast → Varmail (2회차),0,1,18,4.92,A(FIO-Fast),31,7,25,7,1.7061,31,32,0,45,
FIO-Fast → Varmail (2회차),3,1,19,5.2,A(FIO-Fast),32,7,25,16,1.8568,31,33,0,45,
FIO-Fast → Varmail (2회차),2,1,19,5.2,A(FIO-Fast),32,7,25,16,1.8598,31,33,0,45,
FIO-Fast → Varmail (2회차),1,1,19,5.2,A(FIO-Fast),32,7,25,16,1.8649,31,33,0,45,
FIO-Fast → Varmail (2회차),0,1,19,5.2,A(FIO-Fast),32,7,25,16,1.8672,31,33,0,45,
FIO-Fast → Varmail (2회차),3,1,20,5.47,A(FIO-Fast),33,7,50,4,1.7113,31,34,0,45,
FIO-Fast → Varmail (2회차),2,1,20,5.47,A(FIO-Fast),33,7,50,4,1.7226,31,34,0,45,
FIO-Fast → Varmail (2회차),1,1,20,5.47,A(FIO-Fast),33,7,50,4,1.7159,31,34,0,45,
FIO-Fast → Varmail (2회차),0,1,20,5.47,A(FIO-Fast),33,7,50,4,1.7159,31,34,0,45,
FIO-Fast → Varmail (2회차),3,1,21,5.74,A(FIO-Fast),34,7,50,7,1.9654,31,35,0,45,
FIO-Fast → Varmail (2회차),0,1,21,5.74,A(FIO-Fast),34,7,50,7,1.9594,31,35,0,45,
FIO-Fast → Varmail (2회차),2,1,21,5.74,A(FIO-Fast),34,7,50,7,1.9644,31,35,0,45,
FIO-Fast → Varmail (2회차),1,1,21,5.74,A(FIO-Fast),34,7,50,7,1.9749,31,35,0,45,
FIO-Fast → Varmail (2회차),2,1,22,6.02,A(FIO-Fast),35,7,50,16,1.8841,31,36,0,45,
FIO-Fast → Varmail (2회차),0,1,22,6.02,A(FIO-Fast),35,7,50,16,1.8859,31,36,0,45,
FIO-Fast → Varmail (2회차),1,1,22,6.02,A(FIO-Fast),35,7,50,16,1.8801,31,36,0,45,
FIO-Fast → Varmail (2회차),3,1,22,6.02,A(FIO-Fast),35,7,50,16,1.8733,31,36,0,45,
FIO-Fast → Varmail (2회차),0,1,23,6.29,A(FIO-Fast),36,7,100,4,1.7723,31,38,0,45,
FIO-Fast → Varmail (2회차),2,1,23,6.29,A(FIO-Fast),36,7,100,4,1.7702,31,38,0,45,
FIO-Fast → Varmail (2회차),3,1,23,6.29,A(FIO-Fast),36,7,100,4,1.7608,31,38,0,45,
FIO-Fast → Varmail (2회차),1,1,23,6.29,A(FIO-Fast),36,7,100,4,1.7581,31,38,0,45,
FIO-Fast → Varmail (2회차),0,1,24,6.56,A(FIO-Fast),38,7,100,16,1.9754,31,39,0,45,
FIO-Fast → Varmail (2회차),3,1,24,6.56,A(FIO-Fast),38,7,100,16,1.9735,31,39,0,45,
FIO-Fast → Varmail (2회차),2,1,24,6.56,A(FIO-Fast),38,7,100,16,1.9708,31,39,0,45,
FIO-Fast → Varmail (2회차),1,1,24,6.56,A(FIO-Fast),38,7,100,16,1.9580,31,39,0,45,
FIO-Fast → Varmail (2회차),0,1,25,6.84,A(FIO-Fast),39,7,200,4,2.0267,31,40,0,45,
FIO-Fast → Varmail (2회차),3,1,25,6.84,A(FIO-Fast),39,7,200,4,2.0383,31,40,0,45,
FIO-Fast → Varmail (2회차),1,1,25,6.84,A(FIO-Fast),39,7,200,4,2.0373,31,40,0,45,
FIO-Fast → Varmail (2회차),2,1,25,6.84,A(FIO-Fast),39,7,200,4,2.0210,31,40,0,45,
FIO-Fast → Varmail (2회차),0,1,26,7.11,A(FIO-Fast),40,7,200,7,2.0179,31,41,0,45,
FIO-Fast → Varmail (2회차),3,1,26,7.11,A(FIO-Fast),40,7,200,7,2.0007,31,41,0,45,
FIO-Fast → Varmail (2회차),2,1,26,7.11,A(FIO-Fast),40,7,200,7,1.9924,31,41,0,45,
FIO-Fast → Varmail (2회차),1,1,26,7.11,A(FIO-Fast),40,7,200,7,1.9968,31,41,0,45,
FIO-Fast → Varmail (2회차),3,1,27,7.38,A(FIO-Fast),41,7,200,16,2.0747,31,42,0,45,
FIO-Fast → Varmail (2회차),1,1,27,7.38,A(FIO-Fast),41,7,200,16,2.0832,31,42,0,45,
FIO-Fast → Varmail (2회차),0,1,27,7.38,A(FIO-Fast),41,7,200,16,2.0800,31,42,0,45,
FIO-Fast → Varmail (2회차),2,1,27,7.38,A(FIO-Fast),41,7,200,16,2.0687,31,42,0,45,
FIO-Fast → Varmail (2회차),0,1,28,7.65,A(FIO-Fast),42,7,400,4,2.0342,31,43,0,45,
FIO-Fast → Varmail (2회차),2,1,28,7.66,A(FIO-Fast),42,7,400,4,2.0210,31,43,0,45,
FIO-Fast → Varmail (2회차),3,1,28,7.66,A(FIO-Fast),42,7,400,4,2.0266,31,43,0,45,
FIO-Fast → Varmail (2회차),1,1,28,7.66,A(FIO-Fast),42,7,400,4,2.0278,31,43,0,45,
FIO-Fast → Varmail (2회차),1,1,29,7.93,A(FIO-Fast),43,7,400,7,2.1172,31,44,0,45,
FIO-Fast → Varmail (2회차),0,1,29,7.93,A(FIO-Fast),43,7,400,7,2.1139,31,44,0,45,
FIO-Fast → Varmail (2회차),2,1,29,7.93,A(FIO-Fast),43,7,400,7,2.1084,31,44,0,45,
FIO-Fast → Varmail (2회차),3,1,29,7.93,A(FIO-Fast),43,7,400,7,2.1201,31,44,0,45,
FIO-Fast → Varmail (2회차),3,1,30,8.2,A(FIO-Fast),44,7,400,16,2.0629,31,45,0,45,
FIO-Fast → Varmail (2회차),0,1,30,8.2,A(FIO-Fast),44,7,400,16,2.0557,31,45,0,45,
FIO-Fast → Varmail (2회차),1,1,30,8.2,A(FIO-Fast),44,7,400,16,2.0623,31,45,0,45,
FIO-Fast → Varmail (2회차),2,1,30,8.2,A(FIO-Fast),44,7,400,16,2.0566,31,45,0,45,
FIO-Fast → Varmail (2회차),3,1,31,8.47,A(FIO-Fast),45,10,25,4,1.8883,31,46,0,45,
FIO-Fast → Varmail (2회차),1,1,31,8.47,A(FIO-Fast),45,10,25,4,1.8979,31,46,0,45,
FIO-Fast → Varmail (2회차),0,1,31,8.47,A(FIO-Fast),45,10,25,4,1.8894,31,46,0,45,
FIO-Fast → Varmail (2회차),2,1,31,8.47,A(FIO-Fast),45,10,25,4,1.8878,31,46,0,45,
FIO-Fast → Varmail (2회차),1,1,32,8.75,A(FIO-Fast),46,10,25,7,1.7025,46,47,0,45,
FIO-Fast → Varmail (2회차),3,1,32,8.75,A(FIO-Fast),46,10,25,7,1.7033,31,47,0,45,
FIO-Fast → Varmail (2회차),0,1,32,8.75,A(FIO-Fast),46,10,25,7,1.6985,31,47,0,45,
FIO-Fast → Varmail (2회차),2,1,32,8.75,A(FIO-Fast),46,10,25,7,1.6922,46,47,0,45,
FIO-Fast → Varmail (2회차),0,1,33,9.02,A(FIO-Fast),47,10,25,16,1.8572,31,48,0,45,
FIO-Fast → Varmail (2회차),2,1,33,9.02,A(FIO-Fast),47,10,25,16,1.8501,46,48,0,45,
FIO-Fast → Varmail (2회차),3,1,33,9.02,A(FIO-Fast),47,10,25,16,1.8480,31,48,0,45,
FIO-Fast → Varmail (2회차),1,1,33,9.02,A(FIO-Fast),47,10,25,16,1.8617,46,48,0,45,
FIO-Fast → Varmail (2회차),3,1,34,9.29,A(FIO-Fast),48,10,50,4,1.6587,48,49,0,45,
FIO-Fast → Varmail (2회차),0,1,34,9.29,A(FIO-Fast),48,10,50,4,1.6625,48,49,0,45,
FIO-Fast → Varmail (2회차),2,1,34,9.29,A(FIO-Fast),48,10,50,4,1.6628,48,49,0,45,
FIO-Fast → Varmail (2회차),1,1,34,9.29,A(FIO-Fast),48,10,50,4,1.6641,48,49,0,45,
FIO-Fast → Varmail (2회차),2,1,35,9.57,A(FIO-Fast),49,10,50,7,1.8618,48,50,0,45,
FIO-Fast → Varmail (2회차),3,1,35,9.57,A(FIO-Fast),49,10,50,7,1.8467,48,50,0,45,
FIO-Fast → Varmail (2회차),1,1,35,9.57,A(FIO-Fast),49,10,50,7,1.8522,48,50,0,45,
FIO-Fast → Varmail (2회차),0,1,35,9.57,A(FIO-Fast),49,10,50,7,1.8420,48,50,0,45,
FIO-Fast → Varmail (2회차),2,1,36,9.84,A(FIO-Fast),50,10,50,16,1.8245,48,51,0,45,
FIO-Fast → Varmail (2회차),3,1,36,9.84,A(FIO-Fast),50,10,50,16,1.8223,48,51,0,45,
FIO-Fast → Varmail (2회차),1,1,36,9.84,A(FIO-Fast),50,10,50,16,1.8232,48,51,0,45,
FIO-Fast → Varmail (2회차),0,1,36,9.84,A(FIO-Fast),50,10,50,16,1.8075,48,51,0,45,
FIO-Fast → Varmail (2회차),2,1,37,10.11,A(FIO-Fast),51,10,100,4,1.7750,48,52,0,45,
FIO-Fast → Varmail (2회차),0,1,37,10.11,A(FIO-Fast),51,10,100,4,1.7699,48,52,0,45,
FIO-Fast → Varmail (2회차),3,1,37,10.11,A(FIO-Fast),51,10,100,4,1.7666,48,52,0,45,
FIO-Fast → Varmail (2회차),1,1,37,10.11,A(FIO-Fast),51,10,100,4,1.7639,48,52,0,45,
FIO-Fast → Varmail (2회차),3,1,38,10.39,A(FIO-Fast),52,10,100,7,1.9428,48,53,0,45,
FIO-Fast → Varmail (2회차),2,1,38,10.39,A(FIO-Fast),52,10,100,7,1.9454,48,53,0,45,
FIO-Fast → Varmail (2회차),0,1,38,10.39,A(FIO-Fast),52,10,100,7,1.9349,48,53,0,45,
FIO-Fast → Varmail (2회차),1,1,38,10.39,A(FIO-Fast),52,10,100,7,1.9433,48,53,0,45,
FIO-Fast → Varmail (2회차),3,1,39,10.66,A(FIO-Fast),53,10,100,16,2.0622,48,54,0,45,
FIO-Fast → Varmail (2회차),2,1,39,10.66,A(FIO-Fast),53,10,100,16,2.0363,48,54,0,45,
FIO-Fast → Varmail (2회차),0,1,39,10.66,A(FIO-Fast),53,10,100,16,2.0419,48,54,0,45,
FIO-Fast → Varmail (2회차),1,1,39,10.66,A(FIO-Fast),53,10,100,16,2.0378,48,54,0,45,
FIO-Fast → Varmail (2회차),3,1,40,10.93,A(FIO-Fast),54,10,200,4,1.8246,48,55,0,45,
FIO-Fast → Varmail (2회차),2,1,40,10.93,A(FIO-Fast),54,10,200,4,1.8289,48,55,0,45,
FIO-Fast → Varmail (2회차),1,1,40,10.93,A(FIO-Fast),54,10,200,4,1.8288,48,55,0,45,
FIO-Fast → Varmail (2회차),0,1,40,10.93,A(FIO-Fast),54,10,200,4,1.8228,48,55,0,45,
FIO-Fast → Varmail (2회차),3,1,41,11.2,A(FIO-Fast),55,10,200,7,2.0519,48,56,0,45,
FIO-Fast → Varmail (2회차),1,1,41,11.21,A(FIO-Fast),55,10,200,7,2.0561,48,56,0,45,
FIO-Fast → Varmail (2회차),2,1,41,11.21,A(FIO-Fast),55,10,200,7,2.0499,48,56,0,45,
FIO-Fast → Varmail (2회차),0,1,41,11.21,A(FIO-Fast),55,10,200,7,2.0403,48,56,0,45,
FIO-Fast → Varmail (2회차),3,1,42,11.48,A(FIO-Fast),56,10,200,16,1.9811,48,57,0,45,
FIO-Fast → Varmail (2회차),2,1,42,11.48,A(FIO-Fast),56,10,200,16,1.9782,48,57,0,45,
FIO-Fast → Varmail (2회차),0,1,42,11.48,A(FIO-Fast),56,10,200,16,1.9774,48,57,0,45,
FIO-Fast → Varmail (2회차),1,1,42,11.48,A(FIO-Fast),56,10,200,16,1.9909,48,57,0,45,
FIO-Fast → Varmail (2회차),3,1,43,11.75,A(FIO-Fast),57,10,400,4,2.0336,48,58,0,45,
FIO-Fast → Varmail (2회차),2,1,43,11.75,A(FIO-Fast),57,10,400,4,2.0106,48,58,0,45,
FIO-Fast → Varmail (2회차),0,1,43,11.75,A(FIO-Fast),57,10,400,4,2.0266,48,58,0,45,
FIO-Fast → Varmail (2회차),1,1,43,11.75,A(FIO-Fast),57,10,400,4,2.0235,48,58,0,45,
FIO-Fast → Varmail (2회차),3,1,44,12.02,A(FIO-Fast),58,10,400,7,2.0005,48,59,0,45,
FIO-Fast → Varmail (2회차),2,1,44,12.02,A(FIO-Fast),58,10,400,7,2.0019,48,59,0,45,
FIO-Fast → Varmail (2회차),0,1,44,12.03,A(FIO-Fast),58,10,400,7,2.0112,48,59,0,45,
FIO-Fast → Varmail (2회차),1,1,44,12.03,A(FIO-Fast),58,10,400,7,2.0108,48,59,0,45,
FIO-Fast → Varmail (2회차),3,1,45,12.3,A(FIO-Fast),59,10,400,16,2.0791,48,48,0,19,후보 제거 45→19
FIO-Fast → Varmail (2회차),2,1,45,12.3,A(FIO-Fast),59,10,400,16,2.0738,48,48,0,19,후보 제거 45→19
FIO-Fast → Varmail (2회차),1,1,45,12.3,A(FIO-Fast),59,10,400,16,2.0711,48,48,0,19,후보 제거 45→19
FIO-Fast → Varmail (2회차),0,1,45,12.3,A(FIO-Fast),59,10,400,16,2.0760,48,48,0,19,후보 제거 45→19
FIO-Fast → Varmail (2회차),3,1,46,12.57,A(FIO-Fast),48,10,50,4,1.8519,46,46,0,18,후보 제거 19→18
FIO-Fast → Varmail (2회차),2,1,46,12.57,A(FIO-Fast),48,10,50,4,1.8455,46,46,0,18,후보 제거 19→18
FIO-Fast → Varmail (2회차),1,1,46,12.57,A(FIO-Fast),48,10,50,4,1.8529,46,46,0,18,후보 제거 19→18
FIO-Fast → Varmail (2회차),0,1,46,12.57,A(FIO-Fast),48,10,50,4,1.8444,46,46,0,18,후보 제거 19→18
FIO-Fast → Varmail (2회차),3,1,47,12.84,A(FIO-Fast),46,10,25,7,1.8696,33,33,0,18,
FIO-Fast → Varmail (2회차),1,1,47,12.84,A(FIO-Fast),46,10,25,7,1.8689,31,31,0,18,
FIO-Fast → Varmail (2회차),2,1,47,12.84,A(FIO-Fast),46,10,25,7,1.8712,31,31,0,18,
FIO-Fast → Varmail (2회차),0,1,47,12.84,A(FIO-Fast),46,10,25,7,1.8648,31,31,0,18,
FIO-Fast → Varmail (2회차),1,1,48,13.12,A(FIO-Fast),31,7,25,7,1.7098,31,33,0,18,
FIO-Fast → Varmail (2회차),3,1,48,13.12,A(FIO-Fast),33,7,50,4,1.7144,33,31,0,18,
FIO-Fast → Varmail (2회차),2,1,48,13.12,A(FIO-Fast),31,7,25,7,1.7187,31,33,0,18,
FIO-Fast → Varmail (2회차),0,1,48,13.12,A(FIO-Fast),31,7,25,7,1.7119,31,33,0,18,
FIO-Fast → Varmail (2회차),3,1,49,13.39,A(FIO-Fast),31,7,25,7,1.7960,33,18,0,18,
FIO-Fast → Varmail (2회차),1,1,49,13.39,A(FIO-Fast),33,7,50,4,1.7884,31,36,0,18,
FIO-Fast → Varmail (2회차),2,1,49,13.39,A(FIO-Fast),33,7,50,4,1.7802,31,18,0,18,
FIO-Fast → Varmail (2회차),0,1,49,13.39,A(FIO-Fast),33,7,50,4,1.7850,31,18,0,18,
FIO-Fast → Varmail (2회차),2,1,50,13.66,A(FIO-Fast),18,4,50,4,1.8346,31,36,0,18,
FIO-Fast → Varmail (2회차),1,1,50,13.66,A(FIO-Fast),36,7,100,4,1.8420,31,18,0,18,
FIO-Fast → Varmail (2회차),3,1,50,13.66,A(FIO-Fast),18,4,50,4,1.7410,33,36,0,18,
FIO-Fast → Varmail (2회차),0,1,50,13.66,A(FIO-Fast),18,4,50,4,1.8260,31,51,0,18,
FIO-Fast → Varmail (2회차),2,1,51,13.94,A(FIO-Fast),36,7,100,4,2.0478,31,51,0,18,
FIO-Fast → Varmail (2회차),1,1,51,13.94,A(FIO-Fast),18,4,50,4,2.0503,31,51,0,18,
FIO-Fast → Varmail (2회차),3,1,51,13.94,A(FIO-Fast),36,7,100,4,2.0223,33,51,0,18,
FIO-Fast → Varmail (2회차),0,1,51,13.94,A(FIO-Fast),51,10,100,4,2.0373,31,36,0,18,
FIO-Fast → Varmail (2회차),2,1,52,14.21,A(FIO-Fast),51,10,100,4,2.0293,31,17,0,18,
FIO-Fast → Varmail (2회차),1,1,52,14.21,A(FIO-Fast),51,10,100,4,1.9516,31,17,0,18,
FIO-Fast → Varmail (2회차),0,1,52,14.21,A(FIO-Fast),36,7,100,4,2.0585,31,50,0,18,
FIO-Fast → Varmail (2회차),3,1,52,14.21,A(FIO-Fast),51,10,100,4,2.0163,33,17,0,18,
FIO-Fast → Varmail (2회차),2,1,53,14.48,A(FIO-Fast),17,4,25,16,2.0660,31,50,0,18,
FIO-Fast → Varmail (2회차),0,1,53,14.48,A(FIO-Fast),50,10,50,16,1.9986,31,54,0,18,
FIO-Fast → Varmail (2회차),1,1,53,14.48,A(FIO-Fast),17,4,25,16,2.0441,31,50,0,18,
FIO-Fast → Varmail (2회차),3,1,53,14.48,A(FIO-Fast),17,4,25,16,2.0784,33,50,0,18,
FIO-Fast → Varmail (2회차),2,1,54,14.76,A(FIO-Fast),50,10,50,16,1.6669,31,54,0,18,
FIO-Fast → Varmail (2회차),0,1,54,14.76,A(FIO-Fast),54,10,200,4,1.7280,31,17,0,18,
FIO-Fast → Varmail (2회차),3,1,54,14.76,A(FIO-Fast),50,10,50,16,1.6619,33,54,0,18,
FIO-Fast → Varmail (2회차),1,1,54,14.76,A(FIO-Fast),50,10,50,16,1.6810,31,54,0,18,
FIO-Fast → Varmail (2회차),2,1,55,15.03,A(FIO-Fast),54,10,200,4,1.8279,31,47,0,18,
FIO-Fast → Varmail (2회차),3,1,55,15.03,A(FIO-Fast),54,10,200,4,1.8133,33,49,0,18,
FIO-Fast → Varmail (2회차),1,1,55,15.03,A(FIO-Fast),54,10,200,4,1.8229,31,49,0,18,
FIO-Fast → Varmail (2회차),0,1,55,15.03,A(FIO-Fast),17,4,25,16,1.9702,31,49,0,18,
FIO-Fast → Varmail (2회차),2,1,56,15.3,A(FIO-Fast),47,10,25,16,1.9081,31,32,0,18,
FIO-Fast → Varmail (2회차),3,1,56,15.3,A(FIO-Fast),49,10,50,7,1.8269,33,47,0,18,
FIO-Fast → Varmail (2회차),1,1,56,15.3,A(FIO-Fast),49,10,50,7,1.8183,31,47,0,18,
FIO-Fast → Varmail (2회차),0,1,56,15.3,A(FIO-Fast),49,10,50,7,1.6768,31,47,0,18,
FIO-Fast → Varmail (2회차),2,1,57,15.58,A(FIO-Fast),32,7,25,16,1.8410,31,49,0,18,
FIO-Fast → Varmail (2회차),3,1,57,15.58,A(FIO-Fast),47,10,25,16,2.0135,33,32,0,18,
FIO-Fast → Varmail (2회차),1,1,57,15.58,A(FIO-Fast),47,10,25,16,2.0128,31,32,0,18,
FIO-Fast → Varmail (2회차),0,1,57,15.58,A(FIO-Fast),47,10,25,16,1.9457,31,32,0,18,
FIO-Fast → Varmail (2회차),3,1,58,15.85,A(FIO-Fast),32,7,25,16,1.7957,33,35,0,18,
FIO-Fast → Varmail (2회차),2,1,58,15.85,A(FIO-Fast),49,10,50,7,1.6966,31,35,0,18,
FIO-Fast → Varmail (2회차),1,1,58,15.85,A(FIO-Fast),32,7,25,16,1.7985,31,35,0,18,
FIO-Fast → Varmail (2회차),0,1,58,15.85,A(FIO-Fast),32,7,25,16,1.8551,31,16,0,18,
FIO-Fast → Varmail (2회차),1,1,59,16.12,A(FIO-Fast),35,7,50,16,1.8017,31,16,0,18,
FIO-Fast → Varmail (2회차),3,1,59,16.12,A(FIO-Fast),35,7,50,16,1.7940,33,16,0,18,
FIO-Fast → Varmail (2회차),2,1,59,16.12,A(FIO-Fast),35,7,50,16,1.9059,31,16,0,18,
FIO-Fast → Varmail (2회차),0,1,59,16.12,A(FIO-Fast),16,4,25,7,1.7056,31,35,0,18,
FIO-Fast → Varmail (2회차),3,1,60,16.39,A(FIO-Fast),16,4,25,7,1.7555,33,37,0,18,
FIO-Fast → Varmail (2회차),1,1,60,16.39,A(FIO-Fast),16,4,25,7,1.7563,31,37,0,18,
FIO-Fast → Varmail (2회차),0,1,60,16.4,A(FIO-Fast),35,7,50,16,1.8243,31,37,0,18,
FIO-Fast → Varmail (2회차),2,1,60,16.4,A(FIO-Fast),16,4,25,7,1.7252,31,45,0,18,
FIO-Fast → Varmail (2회차),3,1,61,16.67,A(FIO-Fast),37,7,100,7,1.8328,33,45,0,18,
FIO-Fast → Varmail (2회차),1,1,61,16.67,A(FIO-Fast),37,7,100,7,1.8342,31,45,0,18,
FIO-Fast → Varmail (2회차),2,1,61,16.67,A(FIO-Fast),45,10,25,4,1.7380,31,37,0,18,
FIO-Fast → Varmail (2회차),0,1,61,16.67,A(FIO-Fast),37,7,100,7,1.7294,31,45,0,18,
FIO-Fast → Varmail (2회차),3,1,62,16.94,A(FIO-Fast),45,10,25,4,1.7316,33,30,0,18,
FIO-Fast → Varmail (2회차),2,1,62,16.94,A(FIO-Fast),37,7,100,7,1.8058,31,30,0,18,
FIO-Fast → Varmail (2회차),1,1,62,16.94,A(FIO-Fast),45,10,25,4,1.7287,31,30,0,18,
FIO-Fast → Varmail (2회차),0,1,62,16.94,A(FIO-Fast),45,10,25,4,1.7241,31,30,0,18,
FIO-Fast → Varmail (2회차),2,1,63,17.21,A(FIO-Fast),30,7,25,4,1.8509,31,31,0,18,
FIO-Fast → Varmail (2회차),1,1,63,17.21,A(FIO-Fast),30,7,25,4,1.8539,31,31,0,18,
FIO-Fast → Varmail (2회차),3,1,63,17.21,A(FIO-Fast),30,7,25,4,1.8472,33,33,0,18,
FIO-Fast → Varmail (2회차),0,1,63,17.21,A(FIO-Fast),30,7,25,4,1.8404,31,31,0,18,
FIO-Fast → Varmail (2회차),3,1,64,17.49,A(FIO-Fast),33,7,50,4,1.7585,33,50,0,18,
FIO-Fast → Varmail (2회차),0,1,64,17.49,A(FIO-Fast),31,7,25,7,1.7197,31,33,0,18,
FIO-Fast → Varmail (2회차),1,1,64,17.49,A(FIO-Fast),31,7,25,7,1.7232,31,33,0,18,
FIO-Fast → Varmail (2회차),2,1,64,17.49,A(FIO-Fast),31,7,25,7,1.7108,31,50,0,18,
FIO-Fast → Varmail (2회차),0,1,65,17.76,A(FIO-Fast),33,7,50,4,1.7334,31,48,0,18,
FIO-Fast → Varmail (2회차),1,1,65,17.76,A(FIO-Fast),33,7,50,4,1.7477,31,50,0,18,
FIO-Fast → Varmail (2회차),3,1,65,17.76,A(FIO-Fast),50,10,50,16,1.8164,33,18,0,18,
FIO-Fast → Varmail (2회차),2,1,65,17.76,A(FIO-Fast),50,10,50,16,1.7739,31,33,0,18,
FIO-Fast → Varmail (2회차),0,1,66,18.03,A(FIO-Fast),48,10,50,4,1.7728,31,49,0,18,
FIO-Fast → Varmail (2회차),1,1,66,18.03,A(FIO-Fast),50,10,50,16,1.7762,31,48,0,18,
FIO-Fast → Varmail (2회차),2,1,66,18.03,A(FIO-Fast),33,7,50,4,1.6985,31,48,0,18,
FIO-Fast → Varmail (2회차),3,1,66,18.03,A(FIO-Fast),18,4,50,4,1.7034,33,31,0,18,
FIO-Fast → Varmail (2회차),0,1,67,18.31,A(FIO-Fast),49,10,50,7,1.9057,31,54,0,18,
FIO-Fast → Varmail (2회차),1,1,67,18.31,A(FIO-Fast),48,10,50,4,1.7051,31,46,0,18,
FIO-Fast → Varmail (2회차),3,1,67,18.31,A(FIO-Fast),31,7,25,7,1.8136,33,48,0,18,
FIO-Fast → Varmail (2회차),2,1,67,18.31,A(FIO-Fast),48,10,50,4,1.9035,31,49,0,18,
FIO-Fast → Varmail (2회차),0,1,68,18.58,A(FIO-Fast),54,10,200,4,1.8275,31,46,0,18,
FIO-Fast → Varmail (2회차),1,1,68,18.58,A(FIO-Fast),46,10,25,7,1.7486,31,36,0,18,
FIO-Fast → Varmail (2회차),2,1,68,18.58,A(FIO-Fast),49,10,50,7,1.7750,31,46,0,18,
FIO-Fast → Varmail (2회차),3,1,68,18.58,A(FIO-Fast),48,10,50,4,1.7563,33,46,0,18,
FIO-Fast → Varmail (2회차),2,1,69,18.85,A(FIO-Fast),46,10,25,7,1.9331,31,18,0,18,
FIO-Fast → Varmail (2회차),1,1,69,18.85,A(FIO-Fast),36,7,100,4,2.0350,31,31,0,18,
FIO-Fast → Varmail (2회차),0,1,69,18.85,A(FIO-Fast),46,10,25,7,1.9321,31,18,0,18,
FIO-Fast → Varmail (2회차),3,1,69,18.85,A(FIO-Fast),46,10,25,7,1.9439,33,45,0,18,
FIO-Fast → Varmail (2회차),3,1,70,19.13,A(FIO-Fast),45,10,25,4,1.7514,33,16,0,18,
FIO-Fast → Varmail (2회차),2,1,70,19.13,A(FIO-Fast),18,4,50,4,1.8124,31,31,0,18,
FIO-Fast → Varmail (2회차),0,1,70,19.13,A(FIO-Fast),18,4,50,4,1.7833,31,16,0,18,
FIO-Fast → Varmail (2회차),1,1,70,19.13,A(FIO-Fast),31,7,25,7,1.8135,31,31,1,18,정착
FIO-Fast → Varmail (2회차),1,1,71,19.34,A(FIO-Fast),31,7,25,7,1.7978,48,45,0,18,정착 해제
FIO-Fast → Varmail (2회차),3,1,71,19.4,A(FIO-Fast),16,4,25,7,1.9041,33,33,0,18,
FIO-Fast → Varmail (2회차),2,1,71,19.4,A(FIO-Fast),31,7,25,7,1.9104,33,16,0,18,
FIO-Fast → Varmail (2회차),0,1,71,19.4,A(FIO-Fast),16,4,25,7,1.8973,31,31,0,18,
FIO-Fast → Varmail (2회차),1,1,72,19.62,A(FIO-Fast),45,10,25,4,1.8111,48,16,0,18,
FIO-Fast → Varmail (2회차),0,1,72,19.67,A(FIO-Fast),31,7,25,7,1.7288,31,31,1,18,정착
FIO-Fast → Varmail (2회차),2,1,72,19.67,A(FIO-Fast),16,4,25,7,1.7897,33,45,0,18,
FIO-Fast → Varmail (2회차),3,1,72,19.67,A(FIO-Fast),33,7,50,4,1.7490,33,33,1,18,정착
FIO-Fast → Varmail (2회차),3,1,73,19.89,A(FIO-Fast),33,7,50,4,1.9071,18,54,0,18,정착 해제
FIO-Fast → Varmail (2회차),1,1,73,19.89,A(FIO-Fast),16,4,25,7,1.8433,48,54,0,18,
FIO-Fast → Varmail (2회차),0,1,73,19.89,A(FIO-Fast),31,7,25,7,1.7886,31,31,1,18,
FIO-Fast → Varmail (2회차),2,1,73,19.95,A(FIO-Fast),45,10,25,4,1.8040,33,33,0,18,
FIO-Fast → Varmail (2회차),0,1,74,20.11,A(FIO-Fast),31,7,25,7,1.9285,33,45,0,18,정착 해제
FIO-Fast → Varmail (2회차),1,1,74,20.16,A(FIO-Fast),54,10,200,4,1.8543,48,32,0,18,
FIO-Fast → Varmail (2회차),3,1,74,20.16,A(FIO-Fast),54,10,200,4,1.9725,18,32,0,18,
FIO-Fast → Varmail (2회차),2,1,74,20.22,A(FIO-Fast),33,7,50,4,1.8471,33,54,0,18,
FIO-Fast → Varmail (2회차),0,1,75,20.38,A(FIO-Fast),45,10,25,4,1.7007,33,37,0,18,
FIO-Fast → Varmail (2회차),3,1,75,20.44,A(FIO-Fast),32,7,25,16,1.9033,18,18,0,18,
FIO-Fast → Varmail (2회차),1,1,75,20.44,A(FIO-Fast),32,7,25,16,1.8897,48,48,0,18,
FIO-Fast → Varmail (2회차),2,1,75,20.49,A(FIO-Fast),54,10,200,4,2.0589,33,50,0,18,
FIO-Fast → Varmail (2회차),0,1,76,20.66,A(FIO-Fast),37,7,100,7,2.0113,33,33,0,18,
FIO-Fast → Varmail (2회차),1,1,76,20.71,A(FIO-Fast),48,10,50,4,1.7095,48,49,0,18,
FIO-Fast → Varmail (2회차),3,1,76,20.71,A(FIO-Fast),18,4,50,4,1.7303,18,35,0,18,
FIO-Fast → Varmail (2회차),2,1,76,20.76,A(FIO-Fast),50,10,50,16,1.8294,33,37,0,18,
FIO-Fast → Varmail (2회차),0,1,77,20.93,A(FIO-Fast),33,7,50,4,1.8930,48,48,0,18,
FIO-Fast → Varmail (2회차),3,1,77,20.98,A(FIO-Fast),35,7,50,16,1.8436,18,49,0,18,
FIO-Fast → Varmail (2회차),1,1,77,20.98,A(FIO-Fast),49,10,50,7,1.7734,48,35,0,18,
FIO-Fast → Varmail (2회차),2,1,77,21.04,A(FIO-Fast),37,7,100,7,1.7126,33,32,0,18,
FIO-Fast → Varmail (2회차),0,1,78,21.2,A(FIO-Fast),48,10,50,4,1.8892,31,35,0,18,
FIO-Fast → Varmail (2회차),3,1,78,21.26,A(FIO-Fast),49,10,50,7,1.7362,18,48,0,18,
FIO-Fast → Varmail (2회차),1,1,78,21.26,A(FIO-Fast),35,7,50,16,1.8650,48,33,0,18,
FIO-Fast → Varmail (2회차),2,1,78,21.31,A(FIO-Fast),32,7,25,16,1.8882,33,49,0,18,
FIO-Fast → Varmail (2회차),0,1,79,21.48,A(FIO-Fast),35,7,50,16,1.8554,31,32,0,18,
FIO-Fast → Varmail (2회차),1,1,79,21.53,A(FIO-Fast),33,7,50,4,1.6171,33,50,0,18,
FIO-Fast → Varmail (2회차),3,1,79,21.53,A(FIO-Fast),48,10,50,4,1.7244,18,50,0,18,
FIO-Fast → Varmail (2회차),2,1,79,21.58,A(FIO-Fast),49,10,50,7,1.6310,49,30,0,18,
FIO-Fast → Varmail (2회차),0,1,80,21.75,A(FIO-Fast),32,7,25,16,1.8311,31,45,0,18,
FIO-Fast → Varmail (2회차),3,1,80,21.8,A(FIO-Fast),50,10,50,16,1.8518,18,37,0,18,
FIO-Fast → Varmail (2회차),1,1,80,21.8,A(FIO-Fast),50,10,50,16,1.8399,33,51,0,18,
FIO-Fast → Varmail (2회차),2,1,80,21.86,A(FIO-Fast),30,7,25,4,1.6949,49,47,0,18,
FIO-Fast → Varmail (2회차),0,1,81,22.02,A(FIO-Fast),45,10,25,4,1.5899,45,30,0,18,
FIO-Fast → Varmail (2회차),3,1,81,22.08,A(FIO-Fast),37,7,100,7,1.6087,18,31,0,18,
FIO-Fast → Varmail (2회차),1,1,81,22.08,A(FIO-Fast),51,10,100,4,1.6365,33,37,0,18,
FIO-Fast → Varmail (2회차),2,1,81,22.13,A(FIO-Fast),47,10,25,16,1.8667,49,49,0,18,
FIO-Fast → Varmail (2회차),0,1,82,22.29,A(FIO-Fast),30,7,25,4,1.8316,45,45,0,18,
FIO-Fast → Varmail (2회차),3,1,82,22.35,A(FIO-Fast),31,7,25,7,1.7829,18,37,0,18,
FIO-Fast → Varmail (2회차),1,1,82,22.35,A(FIO-Fast),37,7,100,7,1.8477,33,33,0,18,
FIO-Fast → Varmail (2회차),2,1,82,22.4,A(FIO-Fast),49,10,50,7,1.6616,49,16,0,18,
FIO-Fast → Varmail (2회차),0,1,83,22.57,A(FIO-Fast),45,10,25,4,1.7626,45,18,0,18,
FIO-Fast → Varmail (2회차),3,1,83,22.62,A(FIO-Fast),37,7,100,7,1.7972,18,30,0,18,
FIO-Fast → Varmail (2회차),1,1,83,22.62,A(FIO-Fast),33,7,50,4,1.9212,48,46,0,18,
FIO-Fast → Varmail (2회차),2,1,83,22.68,A(FIO-Fast),16,4,25,7,1.8260,49,35,0,18,
FIO-Fast → Varmail (2회차),0,1,84,22.84,A(FIO-Fast),18,4,50,4,2.0405,45,54,0,18,
FIO-Fast → Varmail (2회차),3,1,84,22.89,A(FIO-Fast),30,7,25,4,1.8744,18,18,0,18,
FIO-Fast → Varmail (2회차),1,1,84,22.9,A(FIO-Fast),46,10,25,7,1.8134,48,51,0,18,
FIO-Fast → Varmail (2회차),2,1,84,22.95,A(FIO-Fast),35,7,50,16,1.8407,49,37,0,18,
FIO-Fast → Varmail (2회차),0,1,85,23.11,A(FIO-Fast),54,10,200,4,2.1050,45,47,0,18,
FIO-Fast → Varmail (2회차),1,1,85,23.17,A(FIO-Fast),51,10,100,4,1.9531,48,30,0,18,
FIO-Fast → Varmail (2회차),3,1,85,23.17,A(FIO-Fast),18,4,50,4,2.0981,48,45,0,18,
FIO-Fast → Varmail (2회차),2,1,85,23.22,A(FIO-Fast),37,7,100,7,1.7930,49,18,0,18,
FIO-Fast → Varmail (2회차),0,1,86,23.39,A(FIO-Fast),47,10,25,16,2.0556,45,49,0,18,
FIO-Fast → Varmail (2회차),1,1,86,23.44,A(FIO-Fast),30,7,25,4,1.8936,48,48,0,18,
FIO-Fast → Varmail (2회차),3,1,86,23.44,A(FIO-Fast),45,10,25,4,1.8687,48,36,0,18,
FIO-Fast → Varmail (2회차),2,1,86,23.5,A(FIO-Fast),18,4,50,4,1.9750,49,48,0,18,
FIO-Fast → Varmail (2회차),0,1,87,23.66,A(FIO-Fast),49,10,50,7,1.6713,45,50,0,18,
FIO-Fast → Varmail (2회차),1,1,87,23.71,A(FIO-Fast),48,10,50,4,1.9948,31,18,0,18,
FIO-Fast → Varmail (2회차),3,1,87,23.71,A(FIO-Fast),36,7,100,4,2.0692,48,51,0,18,
FIO-Fast → Varmail (2회차),2,1,87,23.77,A(FIO-Fast),48,10,50,4,2.0137,49,51,0,18,
FIO-Fast → Varmail (2회차),0,1,88,23.93,A(FIO-Fast),50,10,50,16,1.9182,45,17,0,18,
FIO-Fast → Varmail (2회차),1,1,88,23.99,A(FIO-Fast),18,4,50,4,1.9530,31,45,0,18,
FIO-Fast → Varmail (2회차),3,1,88,23.99,A(FIO-Fast),51,10,100,4,2.0157,48,49,0,18,
FIO-Fast → Varmail (2회차),2,1,88,24.04,A(FIO-Fast),51,10,100,4,1.9363,49,45,0,18,
FIO-Fast → Varmail (2회차),0,1,89,24.21,A(FIO-Fast),17,4,25,16,1.8313,45,51,0,18,
FIO-Fast → Varmail (2회차),1,1,89,24.26,A(FIO-Fast),45,10,25,4,1.8794,31,49,0,18,
FIO-Fast → Varmail (2회차),3,1,89,24.26,A(FIO-Fast),49,10,50,7,1.9121,48,48,0,18,
FIO-Fast → Varmail (2회차),2,1,89,24.32,A(FIO-Fast),45,10,25,4,1.8969,49,36,0,18,
FIO-Fast → Varmail (2회차),0,1,90,24.48,A(FIO-Fast),51,10,100,4,1.7609,45,36,0,18,
FIO-Fast → Varmail (2회차),3,1,90,24.53,A(FIO-Fast),48,10,50,4,1.8161,48,31,0,18,
FIO-Fast → Varmail (2회차),1,1,90,24.53,A(FIO-Fast),49,10,50,7,1.8079,31,16,0,18,
FIO-Fast → Varmail (2회차),2,1,90,24.59,A(FIO-Fast),36,7,100,4,1.8020,49,30,0,18,
FIO-Fast → Varmail (2회차),0,1,91,24.75,A(FIO-Fast),36,7,100,4,1.9015,45,16,0,18,
FIO-Fast → Varmail (2회차),3,1,91,24.81,A(FIO-Fast),31,7,25,7,1.8341,48,47,0,18,
FIO-Fast → Varmail (2회차),1,1,91,24.81,A(FIO-Fast),16,4,25,7,1.8015,31,17,0,18,
FIO-Fast → Varmail (2회차),2,1,91,24.86,A(FIO-Fast),30,7,25,4,1.9240,49,33,0,18,
FIO-Fast → Varmail (2회차),0,1,92,25.03,A(FIO-Fast),16,4,25,7,1.9699,45,45,0,18,
FIO-Fast → Varmail (2회차),3,1,92,25.08,A(FIO-Fast),47,10,25,16,1.8187,48,35,0,18,
FIO-Fast → Varmail (2회차),1,1,92,25.08,A(FIO-Fast),17,4,25,16,1.8993,31,54,0,18,
FIO-Fast → Varmail (2회차),2,1,92,25.14,A(FIO-Fast),33,7,50,4,1.7932,49,31,0,18,
FIO-Fast → Varmail (2회차),0,1,93,25.3,A(FIO-Fast),45,10,25,4,1.6502,45,45,1,18,정착
FIO-Fast → Varmail (2회차),3,1,93,25.35,A(FIO-Fast),35,7,50,16,1.7718,48,37,0,18,
FIO-Fast → Varmail (2회차),1,1,93,25.35,A(FIO-Fast),54,10,200,4,1.6426,31,50,0,18,
FIO-Fast → Varmail (2회차),2,1,93,25.41,A(FIO-Fast),31,7,25,7,1.8595,49,49,0,18,
FIO-Fast → Varmail (2회차),0,1,94,25.52,A(FIO-Fast),45,10,25,4,1.8632,45,45,1,18,
FIO-Fast → Varmail (2회차),3,1,94,25.63,A(FIO-Fast),37,7,100,7,1.7627,48,46,0,18,
FIO-Fast → Varmail (2회차),1,1,94,25.63,A(FIO-Fast),50,10,50,16,1.8689,31,46,0,18,
FIO-Fast → Varmail (2회차),2,1,94,25.68,A(FIO-Fast),49,10,50,7,1.7045,49,49,1,18,정착
FIO-Fast → Varmail (2회차),0,1,95,25.74,A(FIO-Fast),45,10,25,4,1.7454,45,45,1,18,
FIO-Fast → Varmail (2회차),1,1,95,25.9,A(FIO-Fast),46,10,25,7,1.6107,31,47,0,18,
FIO-Fast → Varmail (2회차),3,1,95,25.9,A(FIO-Fast),46,10,25,7,1.7507,48,50,0,18,
FIO-Fast → Varmail (2회차),2,1,95,25.9,A(FIO-Fast),49,10,50,7,1.7720,49,49,1,18,
FIO-Fast → Varmail (2회차),0,1,96,25.95,A(FIO-Fast),45,10,25,4,1.8424,45,45,1,18,
FIO-Fast → Varmail (2회차),2,1,96,26.12,A(FIO-Fast),49,10,50,7,1.8740,49,49,1,18,
FIO-Fast → Varmail (2회차),1,1,96,26.17,A(FIO-Fast),47,10,25,16,1.8185,31,54,0,18,
FIO-Fast → Varmail (2회차),0,1,97,26.17,A(FIO-Fast),45,10,25,4,1.7789,45,45,1,18,
FIO-Fast → Varmail (2회차),3,1,96,26.17,A(FIO-Fast),50,10,50,16,1.8512,48,17,0,18,
FIO-Fast → Varmail (2회차),2,1,97,26.34,A(FIO-Fast),49,10,50,7,1.6646,49,49,1,18,
FIO-Fast → Varmail (2회차),0,1,98,26.39,A(FIO-Fast),45,10,25,4,1.7210,45,45,1,18,
FIO-Fast → Varmail (2회차),3,1,97,26.45,A(FIO-Fast),17,4,25,16,1.7539,48,16,0,18,
FIO-Fast → Varmail (2회차),1,1,97,26.45,A(FIO-Fast),54,10,200,4,1.6292,31,46,0,18,
FIO-Fast → Varmail (2회차),2,1,98,26.56,A(FIO-Fast),49,10,50,7,1.8856,49,49,1,18,
FIO-Fast → Varmail (2회차),0,1,99,26.61,A(FIO-Fast),45,10,25,4,1.8868,45,45,1,18,
FIO-Fast → Varmail (2회차),3,1,98,26.72,A(FIO-Fast),16,4,25,7,1.7052,48,32,0,18,
FIO-Fast → Varmail (2회차),1,1,98,26.72,A(FIO-Fast),46,10,25,7,1.7621,31,31,0,18,
FIO-Fast → Varmail (2회차),2,1,99,26.77,A(FIO-Fast),49,10,50,7,1.7354,49,49,1,18,
FIO-Fast → Varmail (2회차),0,1,100,26.83,A(FIO-Fast),45,10,25,4,1.7173,45,30,1,18,이웃 탐침→30
FIO-Fast → Varmail (2회차),2,1,100,26.99,A(FIO-Fast),49,10,50,7,1.8178,49,49,1,18,
FIO-Fast → Varmail (2회차),3,1,99,26.99,A(FIO-Fast),32,7,25,16,1.8435,48,48,0,18,
FIO-Fast → Varmail (2회차),1,1,99,26.99,A(FIO-Fast),31,7,25,7,1.7209,31,35,0,18,
FIO-Fast → Varmail (2회차),0,1,101,27.1,A(FIO-Fast),30,7,25,4,1.9982,45,45,1,18,
FIO-Fast → Varmail (2회차),2,1,101,27.21,A(FIO-Fast),49,10,50,7,1.9328,49,34,1,19,후보 복귀 18→19; 이웃 탐침→34
FIO-Fast → Varmail (2회차),3,1,100,27.26,A(FIO-Fast),48,10,50,4,1.7428,48,33,0,18,
FIO-Fast → Varmail (2회차),1,1,100,27.27,A(FIO-Fast),35,7,50,16,1.9470,31,32,0,18,
FIO-Fast → Varmail (2회차),0,1,102,27.37,A(FIO-Fast),45,10,25,4,1.7812,45,45,1,18,
FIO-Fast → Varmail (2회차),2,1,102,27.48,A(FIO-Fast),34,7,50,7,1.8618,49,49,1,19,
FIO-Fast → Varmail (2회차),3,1,101,27.54,A(FIO-Fast),33,7,50,4,2.0074,48,45,0,18,
FIO-Fast → Varmail (2회차),1,1,101,27.54,A(FIO-Fast),32,7,25,16,1.7677,31,54,0,18,
FIO-Fast → Varmail (2회차),0,1,103,27.59,A(FIO-Fast),45,10,25,4,1.9547,31,49,0,18,정착 해제
FIO-Fast → Varmail (2회차),2,1,103,27.76,A(FIO-Fast),49,10,50,7,1.9538,33,34,0,19,정착 해제
FIO-Fast → Varmail (2회차),3,1,102,27.81,A(FIO-Fast),45,10,25,4,1.8506,48,16,0,18,
FIO-Fast → Varmail (2회차),1,1,102,27.81,A(FIO-Fast),54,10,200,4,1.7986,31,33,0,18,
FIO-Fast → Varmail (2회차),0,1,104,27.87,A(FIO-Fast),49,10,50,7,1.7718,31,46,0,18,
FIO-Fast → Varmail (2회차),2,1,104,28.03,A(FIO-Fast),34,7,50,7,1.8573,33,50,0,19,
FIO-Fast → Varmail (2회차),3,1,103,28.08,A(FIO-Fast),16,4,25,7,1.8813,48,54,0,18,
FIO-Fast → Varmail (2회차),1,1,103,28.08,A(FIO-Fast),33,7,50,4,2.0272,31,37,0,18,
FIO-Fast → Varmail (2회차),0,1,105,28.14,A(FIO-Fast),46,10,25,7,1.8875,31,33,0,18,
FIO-Fast → Varmail (2회차),2,1,105,28.3,A(FIO-Fast),50,10,50,16,1.9417,33,46,0,19,
FIO-Fast → Varmail (2회차),3,1,104,28.36,A(FIO-Fast),54,10,200,4,1.8428,48,30,0,18,
FIO-Fast → Varmail (2회차),1,1,104,28.36,A(FIO-Fast),37,7,100,7,1.9853,31,49,0,18,
FIO-Fast → Varmail (2회차),0,1,106,28.41,A(FIO-Fast),33,7,50,4,1.7724,31,48,0,18,
FIO-Fast → Varmail (2회차),2,1,106,28.58,A(FIO-Fast),46,10,25,7,1.6424,33,17,0,19,
FIO-Fast → Varmail (2회차),3,1,105,28.63,A(FIO-Fast),30,7,25,4,1.9104,48,37,0,18,
FIO-Fast → Varmail (2회차),1,1,105,28.63,A(FIO-Fast),49,10,50,7,1.9021,31,31,0,18,
FIO-Fast → Varmail (2회차),0,1,107,28.69,A(FIO-Fast),48,10,50,4,1.9555,31,32,0,18,
FIO-Fast → Varmail (2회차),2,1,107,28.85,A(FIO-Fast),17,4,25,16,2.0173,33,46,0,19,
FIO-Fast → Varmail (2회차),3,1,106,28.9,A(FIO-Fast),37,7,100,7,1.9160,48,46,0,18,
FIO-Fast → Varmail (2회차),1,1,106,28.9,A(FIO-Fast),31,7,25,7,1.7756,31,46,0,18,
FIO-Fast → Varmail (2회차),0,1,108,28.96,A(FIO-Fast),32,7,25,16,1.9146,31,35,0,18,
FIO-Fast → Varmail (2회차),2,1,108,29.12,A(FIO-Fast),46,10,25,7,1.5998,46,46,0,19,
FIO-Fast → Varmail (2회차),3,1,107,29.18,A(FIO-Fast),46,10,25,7,1.7925,48,17,0,18,
FIO-Fast → Varmail (2회차),1,1,107,29.18,A(FIO-Fast),46,10,25,7,1.7285,31,36,0,18,
FIO-Fast → Varmail (2회차),0,1,109,29.23,A(FIO-Fast),35,7,50,16,1.7680,31,51,0,18,
FIO-Fast → Varmail (2회차),2,1,109,29.34,A(FIO-Fast),46,10,25,7,1.8390,46,37,0,19,
FIO-Fast → Varmail (2회차),3,1,108,29.45,A(FIO-Fast),17,4,25,16,1.8646,48,35,0,18,
FIO-Fast → Varmail (2회차),1,1,108,29.45,A(FIO-Fast),36,7,100,4,1.9056,31,16,0,18,
FIO-Fast → Varmail (2회차),0,1,110,29.5,A(FIO-Fast),51,10,100,4,1.7454,31,49,0,18,
FIO-Fast → Varmail (2회차),2,1,110,29.61,A(FIO-Fast),37,7,100,7,1.7137,46,32,0,19,
FIO-Fast → Varmail (2회차),3,1,109,29.72,A(FIO-Fast),35,7,50,16,1.7203,48,31,0,18,
FIO-Fast → Varmail (2회차),1,1,109,29.72,A(FIO-Fast),16,4,25,7,1.8626,31,48,0,18,
FIO-Fast → Varmail (2회차),0,1,111,29.78,A(FIO-Fast),49,10,50,7,1.8474,31,37,0,18,
FIO-Fast → Varmail (2회차),2,1,111,29.89,A(FIO-Fast),32,7,25,16,2.0691,46,16,0,19,
FIO-Fast → Varmail (2회차),3,1,110,30.0,A(FIO-Fast),31,7,25,7,1.7489,48,48,0,18,
FIO-Fast → Varmail (2회차),1,1,110,30.0,A(FIO-Fast),48,10,50,4,1.7424,31,51,0,18,
FIO-Fast → Varmail (2회차),0,1,112,30.05,B(Varmail),37,7,100,7,1.7722,31,33,0,18,
FIO-Fast → Varmail (2회차),2,1,112,30.08,B(Varmail),16,4,25,7,1.6527,46,33,0,19,
FIO-Fast → Varmail (2회차),3,1,111,30.11,B(Varmail),48,10,50,4,1.8494,48,48,1,18,정착
FIO-Fast → Varmail (2회차),1,1,111,30.11,B(Varmail),51,10,100,4,2.1426,31,30,0,18,
FIO-Fast → Varmail (2회차),0,1,113,30.13,B(Varmail),33,7,50,4,2.1202,31,17,0,18,
FIO-Fast → Varmail (2회차),2,1,113,30.18,B(Varmail),33,7,50,4,2.1871,46,36,0,19,
FIO-Fast → Varmail (2회차),3,1,112,30.2,B(Varmail),48,10,50,4,2.9691,31,49,0,18,정착 해제
FIO-Fast → Varmail (2회차),1,1,112,30.22,B(Varmail),30,7,25,4,3.3285,31,45,0,18,
FIO-Fast → Varmail (2회차),0,1,114,30.23,B(Varmail),17,4,25,16,3.0166,31,51,0,18,
FIO-Fast → Varmail (2회차),2,1,114,30.29,B(Varmail),36,7,100,4,3.6644,46,16,0,19,
FIO-Fast → Varmail (2회차),3,1,113,30.31,B(Varmail),49,10,50,7,3.2750,31,47,0,18,
FIO-Fast → Varmail (2회차),1,1,113,30.34,B(Varmail),45,10,25,4,3.3808,31,32,0,17,후보 제거 18→17
FIO-Fast → Varmail (2회차),0,1,115,30.34,B(Varmail),51,10,100,4,3.0582,31,31,0,17,후보 제거 18→17
FIO-Fast → Varmail (2회차),2,1,115,30.4,B(Varmail),16,4,25,7,3.2038,46,47,0,18,후보 제거 19→18
FIO-Fast → Varmail (2회차),3,1,114,30.42,B(Varmail),47,10,25,16,2.9182,31,35,0,17,후보 제거 18→17
FIO-Fast → Varmail (2회차),0,1,116,30.44,B(Varmail),31,7,25,7,3.2184,45,35,0,16,후보 제거 17→16
FIO-Fast → Varmail (2회차),1,1,114,30.44,B(Varmail),32,7,25,16,3.3183,31,54,0,16,후보 제거 17→16
FIO-Fast → Varmail (2회차),2,1,116,30.51,B(Varmail),47,10,25,16,3.0125,46,35,0,18,
FIO-Fast → Varmail (2회차),3,1,115,30.52,B(Varmail),35,7,50,16,3.3389,31,50,0,16,후보 제거 17→16
FIO-Fast → Varmail (2회차),0,1,117,30.54,B(Varmail),35,7,50,16,3.5124,45,46,0,16,
FIO-Fast → Varmail (2회차),1,1,115,30.54,B(Varmail),54,10,200,4,3.6018,31,50,0,15,후보 제거 16→15
FIO-Fast → Varmail (2회차),2,1,117,30.61,B(Varmail),35,7,50,16,3.2974,46,31,0,17,후보 제거 18→17
FIO-Fast → Varmail (2회차),3,1,116,30.63,B(Varmail),50,10,50,16,3.5096,31,18,0,15,후보 제거 16→15
FIO-Fast → Varmail (2회차),0,1,118,30.64,B(Varmail),46,10,25,7,3.3534,45,50,0,15,후보 제거 16→15
FIO-Fast → Varmail (2회차),1,1,116,30.65,B(Varmail),50,10,50,16,3.7003,31,46,0,14,후보 제거 15→14
FIO-Fast → Varmail (2회차),2,1,118,30.71,B(Varmail),31,7,25,7,3.1912,46,37,0,16,후보 제거 17→16
FIO-Fast → Varmail (2회차),3,1,117,30.73,B(Varmail),18,4,50,4,3.4839,31,31,0,14,후보 제거 15→14
FIO-Fast → Varmail (2회차),0,1,119,30.73,B(Varmail),50,10,50,16,3.4020,45,37,0,14,후보 제거 15→14
FIO-Fast → Varmail (2회차),1,1,117,30.75,B(Varmail),46,10,25,7,3.3847,31,31,0,13,후보 제거 14→13
FIO-Fast → Varmail (2회차),2,1,119,30.81,B(Varmail),37,7,100,7,3.3367,46,45,0,16,
FIO-Fast → Varmail (2회차),0,1,120,30.83,B(Varmail),37,7,100,7,3.4667,45,18,0,13,후보 제거 14→13
FIO-Fast → Varmail (2회차),3,1,118,30.83,B(Varmail),31,7,25,7,3.2854,37,32,0,13,후보 제거 14→13
FIO-Fast → Varmail (2회차),1,1,118,30.85,B(Varmail),31,7,25,7,3.5150,48,47,0,13,
FIO-Fast → Varmail (2회차),2,1,120,30.92,B(Varmail),45,10,25,4,3.2368,46,46,0,15,후보 제거 16→15
FIO-Fast → Varmail (2회차),0,1,121,30.93,B(Varmail),18,4,50,4,3.6150,45,36,0,12,후보 제거 13→12
FIO-Fast → Varmail (2회차),3,1,119,30.94,B(Varmail),32,7,25,16,3.1229,37,46,0,13,
FIO-Fast → Varmail (2회차),1,1,119,30.96,B(Varmail),47,10,25,16,3.1559,48,48,0,13,
FIO-Fast → Varmail (2회차),2,1,121,31.02,B(Varmail),46,10,25,7,3.0687,49,34,0,14,후보 제거 15→14
FIO-Fast → Varmail (2회차),0,1,122,31.03,B(Varmail),36,7,100,4,3.6613,45,49,0,11,후보 제거 12→11
FIO-Fast → Varmail (2회차),3,1,120,31.04,B(Varmail),46,10,25,7,3.0096,37,45,0,12,후보 제거 13→12
FIO-Fast → Varmail (2회차),1,1,120,31.06,B(Varmail),48,10,50,4,3.2636,33,17,0,12,후보 제거 13→12
FIO-Fast → Varmail (2회차),0,1,123,31.12,B(Varmail),49,10,50,7,3.4071,45,16,0,10,후보 제거 11→10
FIO-Fast → Varmail (2회차),2,1,122,31.12,B(Varmail),34,7,50,7,3.1771,49,30,0,14,
FIO-Fast → Varmail (2회차),3,1,121,31.14,B(Varmail),45,10,25,4,3.1523,37,54,0,12,
FIO-Fast → Varmail (2회차),1,1,121,31.16,B(Varmail),17,4,25,16,3.4614,33,18,0,12,
FIO-Fast → Varmail (2회차),0,1,124,31.21,B(Varmail),16,4,25,7,3.4229,45,48,0,10,
FIO-Fast → Varmail (2회차),2,1,123,31.22,B(Varmail),30,7,25,4,3.1840,49,18,0,13,후보 제거 14→13
FIO-Fast → Varmail (2회차),3,1,122,31.24,B(Varmail),54,10,200,4,3.3088,37,16,0,12,
FIO-Fast → Varmail (2회차),1,1,122,31.26,B(Varmail),18,4,50,4,3.4924,33,16,0,11,후보 제거 12→11
FIO-Fast → Varmail (2회차),0,1,125,31.31,B(Varmail),48,10,50,4,3.4015,45,32,0,9,후보 제거 10→9
FIO-Fast → Varmail (2회차),2,1,124,31.32,B(Varmail),18,4,50,4,3.2874,49,50,0,12,후보 제거 13→12
FIO-Fast → Varmail (2회차),3,1,123,31.34,B(Varmail),16,4,25,7,3.2611,37,37,0,11,후보 제거 12→11
FIO-Fast → Varmail (2회차),1,1,123,31.36,B(Varmail),16,4,25,7,3.4066,33,49,0,10,후보 제거 11→10
FIO-Fast → Varmail (2회차),0,1,126,31.4,B(Varmail),32,7,25,16,3.1585,45,54,0,8,후보 제거 9→8
FIO-Fast → Varmail (2회차),2,1,125,31.42,B(Varmail),50,10,50,16,3.0575,49,54,0,11,후보 제거 12→11
FIO-Fast → Varmail (2회차),3,1,124,31.43,B(Varmail),37,7,100,7,3.2602,33,33,0,11,
FIO-Fast → Varmail (2회차),1,1,124,31.45,B(Varmail),49,10,50,7,3.3138,33,33,0,9,후보 제거 10→9
FIO-Fast → Varmail (2회차),0,1,127,31.49,B(Varmail),54,10,200,4,3.2145,45,30,0,7,후보 제거 8→7
FIO-Fast → Varmail (2회차),2,1,126,31.52,B(Varmail),54,10,200,4,3.0646,49,51,0,11,
FIO-Fast → Varmail (2회차),3,1,125,31.53,B(Varmail),33,7,50,4,3.2260,17,17,0,11,
FIO-Fast → Varmail (2회차),1,1,125,31.55,B(Varmail),33,7,50,4,3.3819,35,35,0,9,
FIO-Fast → Varmail (2회차),0,1,128,31.59,B(Varmail),30,7,25,4,3.2193,45,47,0,6,후보 제거 7→6
FIO-Fast → Varmail (2회차),2,1,127,31.62,B(Varmail),51,10,100,4,3.1249,49,48,0,10,후보 제거 11→10
FIO-Fast → Varmail (2회차),3,1,126,31.63,B(Varmail),17,4,25,16,3.1112,30,51,0,11,
FIO-Fast → Varmail (2회차),1,1,126,31.65,B(Varmail),35,7,50,16,3.3034,36,36,0,9,
FIO-Fast → Varmail (2회차),0,1,129,31.68,B(Varmail),47,10,25,16,3.0158,45,33,0,5,후보 제거 6→5
FIO-Fast → Varmail (2회차),2,1,128,31.71,B(Varmail),48,10,50,4,3.0910,49,33,0,9,후보 제거 10→9
FIO-Fast → Varmail (2회차),3,1,127,31.72,B(Varmail),51,10,100,4,3.1302,30,30,0,11,
FIO-Fast → Varmail (2회차),1,1,127,31.74,B(Varmail),36,7,100,4,3.3459,51,37,0,9,
FIO-Fast → Varmail (2회차),0,1,130,31.76,B(Varmail),33,7,50,4,3.0746,45,45,0,4,후보 제거 5→4
FIO-Fast → Varmail (2회차),2,1,129,31.81,B(Varmail),33,7,50,4,3.0907,49,17,0,8,후보 제거 9→8
FIO-Fast → Varmail (2회차),3,1,128,31.81,B(Varmail),30,7,25,4,3.0131,48,36,0,10,후보 제거 11→10
FIO-Fast → Varmail (2회차),1,1,128,31.83,B(Varmail),37,7,100,7,3.3425,51,51,0,8,후보 제거 9→8
FIO-Fast → Varmail (2회차),0,1,131,31.85,B(Varmail),45,10,25,4,3.1212,45,45,0,4,
FIO-Fast → Varmail (2회차),2,1,130,31.9,B(Varmail),17,4,25,16,2.9929,49,32,0,8,
FIO-Fast → Varmail (2회차),3,1,129,31.91,B(Varmail),36,7,100,4,3.0722,48,48,0,10,
FIO-Fast → Varmail (2회차),0,1,132,31.92,B(Varmail),45,10,25,4,3.1499,45,31,0,4,
FIO-Fast → Varmail (2회차),1,1,129,31.93,B(Varmail),51,10,100,4,3.2984,46,46,0,8,
FIO-Fast → Varmail (2회차),2,1,131,31.99,B(Varmail),32,7,25,16,2.8306,49,49,0,7,후보 제거 8→7
FIO-Fast → Varmail (2회차),3,1,130,32.0,B(Varmail),48,10,50,4,3.0991,31,46,0,10,
FIO-Fast → Varmail (2회차),0,1,133,32.01,B(Varmail),31,7,25,7,3.1112,45,33,0,4,
FIO-Fast → Varmail (2회차),1,1,130,32.02,B(Varmail),46,10,25,7,3.0618,31,31,0,8,
FIO-Fast → Varmail (2회차),2,1,132,32.09,B(Varmail),49,10,50,7,2.8530,49,49,0,7,
FIO-Fast → Varmail (2회차),3,1,131,32.09,B(Varmail),46,10,25,7,2.8270,31,31,0,10,
FIO-Fast → Varmail (2회차),0,1,134,32.1,B(Varmail),33,7,50,4,3.1069,45,49,0,4,
FIO-Fast → Varmail (2회차),1,1,131,32.11,B(Varmail),31,7,25,7,3.0483,48,48,0,8,
FIO-Fast → Varmail (2회차),2,1,133,32.16,B(Varmail),49,10,50,7,2.9412,49,46,0,7,
FIO-Fast → Varmail (2회차),3,1,132,32.19,B(Varmail),31,7,25,7,2.8837,37,37,0,10,
FIO-Fast → Varmail (2회차),0,1,135,32.19,B(Varmail),49,10,50,7,3.1001,45,45,0,4,
FIO-Fast → Varmail (2회차),1,1,132,32.21,B(Varmail),48,10,50,4,3.1080,33,33,0,8,
FIO-Fast → Varmail (2회차),2,1,134,32.25,B(Varmail),46,10,25,7,2.8386,49,16,0,7,
FIO-Fast → Varmail (2회차),0,1,136,32.27,B(Varmail),45,10,25,4,3.0832,45,45,1,4,정착
FIO-Fast → Varmail (2회차),3,1,133,32.28,B(Varmail),37,7,100,7,2.9397,33,33,0,10,
FIO-Fast → Varmail (2회차),1,1,133,32.3,B(Varmail),33,7,50,4,3.2112,46,49,0,8,
FIO-Fast → Varmail (2회차),0,1,137,32.34,B(Varmail),45,10,25,4,3.0423,45,45,1,4,
FIO-Fast → Varmail (2회차),2,1,135,32.35,B(Varmail),16,4,25,7,2.9001,49,50,0,7,
FIO-Fast → Varmail (2회차),3,1,134,32.37,B(Varmail),33,7,50,4,3.0001,45,45,0,10,
FIO-Fast → Varmail (2회차),1,1,134,32.39,B(Varmail),49,10,50,7,3.0814,46,51,0,8,
FIO-Fast → Varmail (2회차),0,1,138,32.42,B(Varmail),45,10,25,4,3.0125,45,45,1,4,
FIO-Fast → Varmail (2회차),2,1,136,32.44,B(Varmail),50,10,50,16,2.8599,49,31,0,7,
FIO-Fast → Varmail (2회차),3,1,135,32.46,B(Varmail),45,10,25,4,2.8823,48,16,0,10,
FIO-Fast → Varmail (2회차),1,1,135,32.48,B(Varmail),51,10,100,4,3.1208,46,46,0,8,
FIO-Fast → Varmail (2회차),0,,139,32.49,,,,,,,,,,,재설정(변화 감지)
FIO-Fast → Varmail (2회차),0,2,139,32.49,B(Varmail),45,10,25,4,3.0420,45,16,0,14,후보 복귀 4→14; 정착 해제
FIO-Fast → Varmail (2회차),2,1,137,32.53,B(Varmail),31,7,25,7,2.7966,49,49,0,7,
FIO-Fast → Varmail (2회차),3,1,136,32.55,B(Varmail),16,4,25,7,2.9023,48,30,0,10,
FIO-Fast → Varmail (2회차),0,2,140,32.57,B(Varmail),16,4,25,7,3.0616,45,18,0,14,
FIO-Fast → Varmail (2회차),1,1,136,32.57,B(Varmail),46,10,25,7,2.9066,31,35,0,8,
FIO-Fast → Varmail (2회차),2,1,138,32.62,B(Varmail),49,10,50,7,2.8251,49,49,1,7,정착
FIO-Fast → Varmail (2회차),3,1,137,32.64,B(Varmail),30,7,25,4,2.8565,48,17,0,10,
FIO-Fast → Varmail (2회차),0,2,141,32.66,B(Varmail),18,4,50,4,3.1148,45,30,0,14,
FIO-Fast → Varmail (2회차),1,1,137,32.67,B(Varmail),35,7,50,16,2.9935,31,31,0,8,
FIO-Fast → Varmail (2회차),2,1,139,32.7,B(Varmail),49,10,50,7,2.8555,49,49,1,7,
FIO-Fast → Varmail (2회차),3,1,138,32.74,B(Varmail),17,4,25,16,2.8689,48,48,0,10,
FIO-Fast → Varmail (2회차),0,2,142,32.74,B(Varmail),30,7,25,4,3.0140,30,31,0,14,
FIO-Fast → Varmail (2회차),1,1,138,32.76,B(Varmail),31,7,25,7,2.9067,48,37,0,8,
FIO-Fast → Varmail (2회차),2,1,140,32.77,B(Varmail),49,10,50,7,2.8355,33,33,0,7,정착 해제
FIO-Fast → Varmail (2회차),3,1,139,32.82,B(Varmail),48,10,50,4,2.8539,31,31,0,10,
FIO-Fast → Varmail (2회차),0,2,143,32.83,B(Varmail),31,7,25,7,2.9679,31,32,0,14,
FIO-Fast → Varmail (2회차),1,1,139,32.84,B(Varmail),37,7,100,7,2.9882,48,48,0,8,
FIO-Fast → Varmail (2회차),2,1,141,32.86,B(Varmail),33,7,50,4,2.8730,46,32,0,7,
FIO-Fast → Varmail (2회차),0,2,144,32.91,B(Varmail),32,7,25,16,2.8456,32,33,0,14,
FIO-Fast → Varmail (2회차),3,1,140,32.91,B(Varmail),31,7,25,7,2.7810,37,46,0,10,
FIO-Fast → Varmail (2회차),1,1,140,32.93,B(Varmail),48,10,50,4,2.9908,46,33,0,8,
FIO-Fast → Varmail (2회차),2,1,142,32.95,B(Varmail),32,7,25,16,2.7227,46,46,0,7,
FIO-Fast → Varmail (2회차),0,2,145,32.99,B(Varmail),33,7,50,4,2.9333,32,34,0,14,
FIO-Fast → Varmail (2회차),3,1,141,33.0,B(Varmail),46,10,25,7,2.7283,37,36,0,10,
FIO-Fast → Varmail (2회차),1,1,141,33.02,B(Varmail),33,7,50,4,3.0222,46,46,0,8,
FIO-Fast → Varmail (2회차),2,1,143,33.03,B(Varmail),46,10,25,7,2.6592,49,31,0,7,
FIO-Fast → Varmail (2회차),0,2,146,33.07,B(Varmail),34,7,50,7,2.9901,32,36,0,14,
FIO-Fast → Varmail (2회차),3,1,142,33.09,B(Varmail),36,7,100,4,2.8103,37,37,0,10,
FIO-Fast → Varmail (2회차),1,1,142,33.11,B(Varmail),46,10,25,7,2.8143,31,31,0,8,
FIO-Fast → Varmail (2회차),2,1,144,33.12,B(Varmail),31,7,25,7,2.7373,49,50,0,7,
FIO-Fast → Varmail (2회차),0,2,147,33.16,B(Varmail),36,7,100,4,3.0395,32,46,0,14,
FIO-Fast → Varmail (2회차),3,1,143,33.17,B(Varmail),37,7,100,7,2.8807,48,33,0,10,
FIO-Fast → Varmail (2회차),1,1,143,33.19,B(Varmail),31,7,25,7,2.8286,46,49,0,8,
FIO-Fast → Varmail (2회차),2,1,145,33.21,B(Varmail),50,10,50,16,2.7415,49,16,0,7,
FIO-Fast → Varmail (2회차),0,2,148,33.24,B(Varmail),46,10,25,7,2.8562,32,48,0,14,
FIO-Fast → Varmail (2회차),3,1,144,33.26,B(Varmail),33,7,50,4,2.8522,48,45,0,10,
FIO-Fast → Varmail (2회차),1,1,144,33.28,B(Varmail),49,10,50,7,2.8830,46,48,0,8,
FIO-Fast → Varmail (2회차),2,1,146,33.3,B(Varmail),16,4,25,7,2.7885,49,33,0,7,
FIO-Fast → Varmail (2회차),0,2,149,33.32,B(Varmail),48,10,50,4,2.8997,32,49,0,14,
FIO-Fast → Varmail (2회차),3,1,145,33.35,B(Varmail),45,10,25,4,2.7499,48,48,0,10,
FIO-Fast → Varmail (2회차),1,1,145,33.37,B(Varmail),48,10,50,4,2.8945,46,51,0,8,
FIO-Fast → Varmail (2회차),2,1,147,33.39,B(Varmail),33,7,50,4,2.7939,49,46,0,7,
FIO-Fast → Varmail (2회차),0,2,150,33.41,B(Varmail),49,10,50,7,2.9287,32,50,0,14,
FIO-Fast → Varmail (2회차),3,1,146,33.44,B(Varmail),48,10,50,4,2.7672,48,16,0,10,
FIO-Fast → Varmail (2회차),1,1,146,33.46,B(Varmail),51,10,100,4,2.9331,46,46,0,8,
FIO-Fast → Varmail (2회차),2,1,148,33.48,B(Varmail),46,10,25,7,2.6663,49,49,0,7,
FIO-Fast → Varmail (2회차),0,2,151,33.49,B(Varmail),50,10,50,16,2.9093,32,52,0,14,
FIO-Fast → Varmail (2회차),3,1,147,33.52,B(Varmail),16,4,25,7,2.7601,48,30,0,10,
FIO-Fast → Varmail (2회차),1,1,147,33.54,B(Varmail),46,10,25,7,2.7727,31,35,0,8,
FIO-Fast → Varmail (2회차),2,1,149,33.56,B(Varmail),49,10,50,7,2.7583,49,32,0,7,
FIO-Fast → Varmail (2회차),0,2,152,33.57,B(Varmail),52,10,100,7,2.9160,32,32,0,14,
FIO-Fast → Varmail (2회차),3,1,148,33.61,B(Varmail),30,7,25,4,2.7188,48,31,0,10,
FIO-Fast → Varmail (2회차),1,1,148,33.63,B(Varmail),35,7,50,16,2.8271,31,31,0,8,
FIO-Fast → Varmail (2회차),2,1,150,33.65,B(Varmail),32,7,25,16,2.6565,49,49,0,7,
FIO-Fast → Varmail (2회차),0,2,153,33.65,B(Varmail),32,7,25,16,2.8178,32,46,0,14,
FIO-Fast → Varmail (2회차),3,1,149,33.69,B(Varmail),31,7,25,7,2.6793,48,46,0,10,
FIO-Fast → Varmail (2회차),1,1,149,33.71,B(Varmail),31,7,25,7,2.7548,46,37,0,8,
FIO-Fast → Varmail (2회차),0,2,154,33.73,B(Varmail),46,10,25,7,2.7573,46,48,0,14,
FIO-Fast → Varmail (2회차),2,1,151,33.73,B(Varmail),49,10,50,7,2.7077,49,31,0,7,
FIO-Fast → Varmail (2회차),3,1,150,33.78,B(Varmail),46,10,25,7,2.6335,48,17,0,10,
FIO-Fast → Varmail (2회차),1,1,150,33.8,B(Varmail),37,7,100,7,2.7916,46,33,0,8,
FIO-Fast → Varmail (2회차),0,2,155,33.81,B(Varmail),48,10,50,4,2.8564,46,50,0,14,
FIO-Fast → Varmail (2회차),2,1,152,33.82,B(Varmail),31,7,25,7,2.6736,49,46,0,7,
FIO-Fast → Varmail (2회차),3,1,151,33.86,B(Varmail),17,4,25,16,2.6974,48,37,0,10,
FIO-Fast → Varmail (2회차),1,1,151,33.88,B(Varmail),33,7,50,4,2.8339,46,49,0,8,
FIO-Fast → Varmail (2회차),0,2,156,33.89,B(Varmail),50,10,50,16,2.8679,46,52,0,14,
FIO-Fast → Varmail (2회차),2,1,153,33.9,B(Varmail),46,10,25,7,2.6402,49,50,0,7,
FIO-Fast → Varmail (2회차),3,1,152,33.95,B(Varmail),37,7,100,7,2.7539,48,48,0,10,
FIO-Fast → Varmail (2회차),1,1,152,33.97,B(Varmail),49,10,50,7,2.7883,46,46,0,8,
FIO-Fast → Varmail (2회차),0,2,157,33.97,B(Varmail),52,10,100,7,2.8520,46,49,0,14,
FIO-Fast → Varmail (2회차),2,1,154,33.99,B(Varmail),50,10,50,16,2.6703,49,33,0,7,
FIO-Fast → Varmail (2회차),3,1,153,34.03,B(Varmail),48,10,50,4,2.7262,33,33,0,10,
FIO-Fast → Varmail (2회차),0,2,158,34.05,B(Varmail),49,10,50,7,2.8563,46,33,0,14,
FIO-Fast → Varmail (2회차),1,1,153,34.05,B(Varmail),46,10,25,7,2.6859,31,48,0,8,
FIO-Fast → Varmail (2회차),2,1,155,34.07,B(Varmail),33,7,50,4,2.7185,49,16,0,7,
FIO-Fast → Varmail (2회차),3,1,154,34.12,B(Varmail),33,7,50,4,2.7446,31,45,0,10,
FIO-Fast → Varmail (2회차),0,2,159,34.13,B(Varmail),33,7,50,4,2.8680,46,31,0,14,
FIO-Fast → Varmail (2회차),1,1,154,34.14,B(Varmail),48,10,50,4,2.7256,31,31,0,8,
FIO-Fast → Varmail (2회차),2,1,156,34.16,B(Varmail),16,4,25,7,2.7263,49,49,0,7,
FIO-Fast → Varmail (2회차),3,1,155,34.2,B(Varmail),45,10,25,4,2.6429,31,16,0,10,
FIO-Fast → Varmail (2회차),0,2,160,34.21,B(Varmail),31,7,25,7,2.7898,46,46,0,14,
FIO-Fast → Varmail (2회차),1,1,155,34.22,B(Varmail),31,7,25,7,2.7059,46,51,0,8,
FIO-Fast → Varmail (2회차),2,1,157,34.25,B(Varmail),49,10,50,7,2.7036,49,49,1,7,정착
FIO-Fast → Varmail (2회차),3,1,156,34.29,B(Varmail),16,4,25,7,2.7012,31,31,0,10,
FIO-Fast → Varmail (2회차),0,2,161,34.29,B(Varmail),46,10,25,7,2.7264,46,34,0,14,
FIO-Fast → Varmail (2회차),1,1,156,34.31,B(Varmail),51,10,100,4,2.7408,46,46,0,8,
FIO-Fast → Varmail (2회차),2,1,158,34.31,B(Varmail),49,10,50,7,2.7035,49,49,1,7,
FIO-Fast → Varmail (2회차),3,1,157,34.37,B(Varmail),31,7,25,7,2.6243,48,46,0,10,
FIO-Fast → Varmail (2회차),0,2,162,34.37,B(Varmail),34,7,50,7,2.8050,46,30,0,14,
FIO-Fast → Varmail (2회차),2,1,159,34.38,B(Varmail),49,10,50,7,2.6816,49,49,1,7,
FIO-Fast → Varmail (2회차),1,1,157,34.39,B(Varmail),46,10,25,7,2.6677,31,35,0,8,
FIO-Fast → Varmail (2회차),2,1,160,34.45,B(Varmail),49,10,50,7,2.7153,49,49,1,7,
FIO-Fast → Varmail (2회차),0,2,163,34.45,B(Varmail),30,7,25,4,2.8003,46,32,0,14,
FIO-Fast → Varmail (2회차),3,1,158,34.46,B(Varmail),46,10,25,7,2.5633,48,36,0,10,
FIO-Fast → Varmail (2회차),1,1,158,34.48,B(Varmail),35,7,50,16,2.7106,31,33,0,8,
FIO-Fast → Varmail (2회차),2,1,161,34.52,B(Varmail),49,10,50,7,2.6956,46,32,0,7,정착 해제
FIO-Fast → Varmail (2회차),0,2,164,34.53,B(Varmail),32,7,25,16,2.7262,46,36,0,14,
FIO-Fast → Varmail (2회차),3,1,159,34.54,B(Varmail),36,7,100,4,2.6496,48,30,0,10,
FIO-Fast → Varmail (2회차),1,1,159,34.56,B(Varmail),33,7,50,4,2.7111,31,37,0,8,
FIO-Fast → Varmail (2회차),2,1,162,34.6,B(Varmail),32,7,25,16,2.6115,46,46,0,7,
FIO-Fast → Varmail (2회차),0,2,165,34.61,B(Varmail),36,7,100,4,2.7441,46,45,0,14,
FIO-Fast → Varmail (2회차),3,1,160,34.62,B(Varmail),30,7,25,4,2.6616,48,48,0,10,
FIO-Fast → Varmail (2회차),1,1,160,34.64,B(Varmail),37,7,100,7,2.7463,31,31,0,8,
FIO-Fast → Varmail (2회차),2,1,163,34.69,B(Varmail),46,10,25,7,2.5881,49,31,0,7,
FIO-Fast → Varmail (2회차),0,2,166,34.69,B(Varmail),45,10,25,4,2.7362,46,46,0,14,
FIO-Fast → Varmail (2회차),3,1,161,34.71,B(Varmail),48,10,50,4,2.6743,48,17,0,10,
FIO-Fast → Varmail (2회차),1,1,161,34.73,B(Varmail),31,7,25,7,2.6535,31,48,0,8,
FIO-Fast → Varmail (2회차),2,1,164,34.77,B(Varmail),31,7,25,7,2.6216,49,50,0,7,
FIO-Fast → Varmail (2회차),0,2,167,34.77,B(Varmail),46,10,25,7,2.6786,46,46,1,14,정착
FIO-Fast → Varmail (2회차),3,1,162,34.79,B(Varmail),17,4,25,16,2.6359,48,37,0,10,
FIO-Fast → Varmail (2회차),1,1,162,34.81,B(Varmail),48,10,50,4,2.6920,31,49,0,8,
FIO-Fast → Varmail (2회차),0,2,168,34.83,B(Varmail),46,10,25,7,2.6599,46,46,1,14,
FIO-Fast → Varmail (2회차),2,1,165,34.85,B(Varmail),50,10,50,16,2.6730,49,33,0,7,
FIO-Fast → Varmail (2회차),3,1,163,34.87,B(Varmail),37,7,100,7,2.6610,48,45,0,10,
FIO-Fast → Varmail (2회차),1,1,163,34.89,B(Varmail),49,10,50,7,2.6875,31,46,0,8,
FIO-Fast → Varmail (2회차),0,2,169,34.89,B(Varmail),46,10,25,7,2.6597,46,46,1,14,
FIO-Fast → Varmail (2회차),2,1,166,34.94,B(Varmail),33,7,50,4,2.6879,49,16,0,7,
FIO-Fast → Varmail (2회차),3,1,164,34.96,B(Varmail),45,10,25,4,2.5565,48,33,0,10,
FIO-Fast → Varmail (2회차),0,2,170,34.96,B(Varmail),46,10,25,7,2.6966,46,46,1,14,
FIO-Fast → Varmail (2회차),1,1,164,34.98,B(Varmail),46,10,25,7,2.6122,31,31,0,8,
FIO-Fast → Varmail (2회차),2,1,167,35.02,B(Varmail),16,4,25,7,2.6820,49,46,0,7,
FIO-Fast → Varmail (2회차),0,2,171,35.02,B(Varmail),46,10,25,7,2.6916,46,46,1,14,
FIO-Fast → Varmail (2회차),3,1,165,35.04,B(Varmail),33,7,50,4,2.6181,48,31,0,10,
FIO-Fast → Varmail (2회차),1,1,165,35.06,B(Varmail),31,7,25,7,2.6291,46,33,0,8,
FIO-Fast → Varmail (2회차),0,2,172,35.08,B(Varmail),46,10,25,7,2.6371,46,46,1,13,후보 제거 14→13
FIO-Fast → Varmail (2회차),2,1,168,35.1,B(Varmail),46,10,25,7,2.5689,49,32,0,7,
FIO-Fast → Varmail (2회차),3,1,166,35.12,B(Varmail),31,7,25,7,2.5585,48,46,0,10,
FIO-Fast → Varmail (2회차),1,1,166,35.14,B(Varmail),33,7,50,4,2.6629,46,51,0,8,
FIO-Fast → Varmail (2회차),0,2,173,35.15,B(Varmail),46,10,25,7,2.6843,46,46,1,13,
FIO-Fast → Varmail (2회차),2,1,169,35.19,B(Varmail),32,7,25,16,2.5937,49,31,0,7,
FIO-Fast → Varmail (2회차),3,1,167,35.2,B(Varmail),46,10,25,7,2.5113,48,16,0,10,
FIO-Fast → Varmail (2회차),0,2,174,35.21,B(Varmail),46,10,25,7,2.6667,46,31,1,13,이웃 탐침→31
FIO-Fast → Varmail (2회차),1,1,167,35.22,B(Varmail),51,10,100,4,2.7376,46,48,0,8,
FIO-Fast → Varmail (2회차),2,1,170,35.27,B(Varmail),31,7,25,7,2.5731,49,33,0,7,
FIO-Fast → Varmail (2회차),0,2,175,35.29,B(Varmail),31,7,25,7,2.7062,46,46,1,13,
FIO-Fast → Varmail (2회차),3,1,168,35.29,B(Varmail),16,4,25,7,2.5669,48,48,0,10,
FIO-Fast → Varmail (2회차),1,1,168,35.31,B(Varmail),48,10,50,4,2.6940,46,46,0,8,
FIO-Fast → Varmail (2회차),2,1,171,35.35,B(Varmail),33,7,50,4,2.6367,49,50,0,7,
FIO-Fast → Varmail (2회차),0,2,176,35.36,B(Varmail),46,10,25,7,2.6846,46,46,1,13,
FIO-Fast → Varmail (2회차),3,1,169,35.37,B(Varmail),48,10,50,4,2.6120,48,45,0,10,
FIO-Fast → Varmail (2회차),1,1,169,35.39,B(Varmail),46,10,25,7,2.5865,46,35,0,8,
FIO-Fast → Varmail (2회차),0,2,177,35.43,B(Varmail),46,10,25,7,2.6900,46,46,1,13,
FIO-Fast → Varmail (2회차),2,1,172,35.43,B(Varmail),50,10,50,16,2.5995,49,46,0,7,
FIO-Fast → Varmail (2회차),3,1,170,35.45,B(Varmail),45,10,25,4,2.5438,48,37,0,10,
FIO-Fast → Varmail (2회차),1,1,170,35.47,B(Varmail),35,7,50,16,2.6448,46,49,0,8,
FIO-Fast → Varmail (2회차),0,2,178,35.49,B(Varmail),46,10,25,7,2.6691,46,46,1,13,
FIO-Fast → Varmail (2회차),2,1,173,35.52,B(Varmail),46,10,25,7,2.5580,49,16,0,7,
FIO-Fast → Varmail (2회차),3,1,171,35.53,B(Varmail),37,7,100,7,2.5850,48,33,0,10,
FIO-Fast → Varmail (2회차),0,2,179,35.55,B(Varmail),46,10,25,7,2.6661,46,46,1,13,
FIO-Fast → Varmail (2회차),1,1,171,35.55,B(Varmail),49,10,50,7,2.6434,46,31,0,8,
FIO-Fast → Varmail (2회차),2,1,174,35.6,B(Varmail),16,4,25,7,2.6211,49,32,0,7,
FIO-Fast → Varmail (2회차),0,2,180,35.61,B(Varmail),46,10,25,7,2.6504,46,46,1,13,
FIO-Fast → Varmail (2회차),3,1,172,35.62,B(Varmail),33,7,50,4,2.5909,48,31,0,10,
FIO-Fast → Varmail (2회차),1,1,172,35.64,B(Varmail),31,7,25,7,2.5959,46,37,0,8,
FIO-Fast → Varmail (2회차),0,2,181,35.67,B(Varmail),46,10,25,7,2.6731,46,46,1,13,
FIO-Fast → Varmail (2회차),2,1,175,35.68,B(Varmail),32,7,25,16,2.5661,49,49,0,7,
FIO-Fast → Varmail (2회차),3,1,173,35.7,B(Varmail),31,7,25,7,2.5025,48,46,0,10,
FIO-Fast → Varmail (2회차),1,1,173,35.72,B(Varmail),37,7,100,7,2.6416,46,46,0,8,
FIO-Fast → Varmail (2회차),0,2,182,35.74,B(Varmail),46,10,25,7,2.6765,46,46,1,13,
FIO-Fast → Varmail (2회차),2,1,176,35.77,B(Varmail),49,10,50,7,2.5789,49,31,0,7,
FIO-Fast → Varmail (2회차),3,1,174,35.78,B(Varmail),46,10,25,7,2.4902,48,30,0,10,
FIO-Fast → Varmail (2회차),0,2,183,35.8,B(Varmail),46,10,25,7,2.6748,46,49,1,13,이웃 탐침→49
FIO-Fast → Varmail (2회차),1,1,174,35.8,B(Varmail),46,10,25,7,2.5661,46,33,0,8,
FIO-Fast → Varmail (2회차),2,1,177,35.85,B(Varmail),31,7,25,7,2.5811,49,46,0,7,
FIO-Fast → Varmail (2회차),3,1,175,35.86,B(Varmail),30,7,25,4,2.5264,48,17,0,10,
FIO-Fast → Varmail (2회차),0,2,184,35.88,B(Varmail),49,10,50,7,2.7280,46,46,1,13,
FIO-Fast → Varmail (2회차),1,1,175,35.88,B(Varmail),33,7,50,4,2.6234,46,48,0,8,
FIO-Fast → Varmail (2회차),2,1,178,35.93,B(Varmail),46,10,25,7,2.5076,49,33,0,7,
FIO-Fast → Varmail (2회차),3,1,176,35.94,B(Varmail),17,4,25,16,2.5742,48,36,0,10,
FIO-Fast → Varmail (2회차),0,2,185,35.95,B(Varmail),46,10,25,7,2.6348,46,46,1,13,
FIO-Fast → Varmail (2회차),1,1,176,35.96,B(Varmail),48,10,50,4,2.6358,46,31,0,8,
FIO-Fast → Varmail (2회차),2,1,179,36.01,B(Varmail),33,7,50,4,2.6092,49,50,0,7,
FIO-Fast → Varmail (2회차),0,2,186,36.02,B(Varmail),46,10,25,7,2.6375,46,46,1,13,
FIO-Fast → Varmail (2회차),3,1,177,36.03,B(Varmail),36,7,100,4,2.5699,48,48,0,10,
FIO-Fast → Varmail (2회차),1,1,177,36.05,B(Varmail),31,7,25,7,2.5637,46,49,0,8,
FIO-Fast → Varmail (2회차),0,2,187,36.08,B(Varmail),46,10,25,7,2.6629,46,46,1,13,
FIO-Fast → Varmail (2회차),2,1,180,36.09,B(Varmail),50,10,50,16,2.5847,49,49,0,7,
FIO-Fast → Varmail (2회차),3,1,178,36.11,B(Varmail),48,10,50,4,2.5434,48,48,1,10,정착
FIO-Fast → Varmail (2회차),1,1,178,36.13,B(Varmail),49,10,50,7,2.5964,46,46,0,8,
FIO-Fast → Varmail (2회차),0,2,188,36.14,B(Varmail),46,10,25,7,2.6673,46,46,1,13,
FIO-Fast → Varmail (2회차),3,1,179,36.17,B(Varmail),48,10,50,4,2.5286,31,16,0,10,정착 해제
FIO-Fast → Varmail (2회차),2,1,181,36.18,B(Varmail),49,10,50,7,2.5718,49,46,0,7,
FIO-Fast → Varmail (2회차),0,2,189,36.2,B(Varmail),46,10,25,7,2.6564,46,46,1,13,
FIO-Fast → Varmail (2회차),1,1,179,36.21,B(Varmail),46,10,25,7,2.5011,46,46,1,8,정착
FIO-Fast → Varmail (2회차),3,1,180,36.25,B(Varmail),16,4,25,7,2.5563,31,31,0,10,
FIO-Fast → Varmail (2회차),2,1,182,36.26,B(Varmail),46,10,25,7,2.5238,49,16,0,7,
FIO-Fast → Varmail (2회차),0,2,190,36.26,B(Varmail),46,10,25,7,2.6405,46,46,1,13,
FIO-Fast → Varmail (2회차),1,1,180,36.28,B(Varmail),46,10,25,7,2.5378,46,46,1,8,
FIO-Fast → Varmail (2회차),0,2,191,36.32,B(Varmail),46,10,25,7,2.6370,46,46,1,13,
FIO-Fast → Varmail (2회차),3,1,181,36.34,B(Varmail),31,7,25,7,2.4893,31,46,0,10,
FIO-Fast → Varmail (2회차),1,1,181,36.34,B(Varmail),46,10,25,7,2.5376,46,46,1,8,
FIO-Fast → Varmail (2회차),2,1,183,36.34,B(Varmail),16,4,25,7,2.5764,49,49,0,7,
FIO-Fast → Varmail (2회차),0,2,192,36.39,B(Varmail),46,10,25,7,2.6457,46,45,1,13,이웃 탐침→45
FIO-Fast → Varmail (2회차),1,1,182,36.41,B(Varmail),46,10,25,7,2.5295,31,51,0,8,정착 해제
FIO-Fast → Varmail (2회차),3,1,182,36.42,B(Varmail),46,10,25,7,2.4577,31,45,0,10,
FIO-Fast → Varmail (2회차),2,1,184,36.42,B(Varmail),49,10,50,7,2.5723,49,49,1,7,정착
FIO-Fast → Varmail (2회차),0,2,193,36.46,B(Varmail),45,10,25,4,2.6544,46,46,1,13,
FIO-Fast → Varmail (2회차),1,1,183,36.49,B(Varmail),51,10,100,4,2.5717,31,35,0,8,
FIO-Fast → Varmail (2회차),2,1,185,36.49,B(Varmail),49,10,50,7,2.5757,49,49,1,7,
FIO-Fast → Varmail (2회차),3,1,183,36.5,B(Varmail),45,10,25,4,2.5028,31,37,0,10,
FIO-Fast → Varmail (2회차),0,2,194,36.54,B(Varmail),46,10,25,7,2.6428,46,46,1,13,
FIO-Fast → Varmail (2회차),2,1,186,36.56,B(Varmail),49,10,50,7,2.5867,49,49,1,7,
FIO-Fast → Varmail (2회차),1,1,184,36.57,B(Varmail),35,7,50,16,2.6069,31,33,0,8,
FIO-Fast → Varmail (2회차),3,1,184,36.58,B(Varmail),37,7,100,7,2.5086,31,33,0,10,
FIO-Fast → Varmail (2회차),0,2,195,36.6,B(Varmail),46,10,25,7,2.6329,46,46,1,13,
FIO-Fast → Varmail (2회차),2,1,187,36.62,B(Varmail),49,10,50,7,2.5623,49,49,1,7,
FIO-Fast → Varmail (2회차),1,1,185,36.65,B(Varmail),33,7,50,4,2.5953,31,31,0,8,
FIO-Fast → Varmail (2회차),3,1,185,36.66,B(Varmail),33,7,50,4,2.5296,31,30,0,10,
FIO-Fast → Varmail (2회차),0,2,196,36.66,B(Varmail),46,10,25,7,2.6256,46,46,1,13,
FIO-Fast → Varmail (2회차),2,1,188,36.69,B(Varmail),49,10,50,7,2.5610,49,49,1,7,
FIO-Fast → Varmail (2회차),0,2,197,36.73,B(Varmail),46,10,25,7,2.6510,46,46,1,13,
FIO-Fast → Varmail (2회차),1,1,186,36.73,B(Varmail),31,7,25,7,2.5155,31,37,0,8,
FIO-Fast → Varmail (2회차),3,1,186,36.74,B(Varmail),30,7,25,4,2.5050,31,46,0,10,
FIO-Fast → Varmail (2회차),2,1,189,36.75,B(Varmail),49,10,50,7,2.5650,49,49,1,7,
FIO-Fast → Varmail (2회차),0,2,198,36.79,B(Varmail),46,10,25,7,2.6299,46,46,1,13,
FIO-Fast → Varmail (2회차),1,1,187,36.81,B(Varmail),37,7,100,7,2.5544,31,48,0,8,
FIO-Fast → Varmail (2회차),2,1,190,36.82,B(Varmail),49,10,50,7,2.5664,49,49,1,7,
FIO-Fast → Varmail (2회차),3,1,187,36.82,B(Varmail),46,10,25,7,2.4326,31,31,0,10,
FIO-Fast → Varmail (2회차),0,2,199,36.85,B(Varmail),46,10,25,7,2.6497,46,46,1,13,
FIO-Fast → Varmail (2회차),2,1,191,36.88,B(Varmail),49,10,50,7,2.5668,49,46,1,7,이웃 탐침→46
FIO-Fast → Varmail (2회차),1,1,188,36.89,B(Varmail),48,10,50,4,2.5856,31,49,0,8,
FIO-Fast → Varmail (2회차),3,1,188,36.91,B(Varmail),31,7,25,7,2.4557,31,17,0,10,
FIO-Fast → Varmail (2회차),0,2,200,36.91,B(Varmail),46,10,25,7,2.6503,46,46,1,13,
FIO-Fast → Varmail (2회차),2,1,192,36.96,B(Varmail),46,10,25,7,2.4902,49,49,1,7,
FIO-Fast → Varmail (2회차),0,2,201,36.97,B(Varmail),46,10,25,7,2.6259,46,47,1,14,후보 복귀 13→14; 이웃 탐침→47
FIO-Fast → Varmail (2회차),1,1,189,36.98,B(Varmail),49,10,50,7,2.5697,31,31,0,8,
FIO-Fast → Varmail (2회차),3,1,189,36.99,B(Varmail),17,4,25,16,2.4920,31,16,0,10,
FIO-Fast → Varmail (2회차),2,1,193,37.05,B(Varmail),49,10,50,7,2.5459,49,49,1,7,
FIO-Fast → Varmail (2회차),0,2,202,37.05,B(Varmail),47,10,25,16,2.5573,47,47,0,13,후보 제거 14→13; 정착 해제
FIO-Fast → Varmail (2회차),1,1,190,37.06,B(Varmail),31,7,25,7,2.4928,31,51,0,8,
FIO-Fast → Varmail (2회차),3,1,190,37.07,B(Varmail),16,4,25,7,2.5201,31,45,0,10,
FIO-Fast → Varmail (2회차),0,2,203,37.11,B(Varmail),47,10,25,16,2.6367,47,47,0,13,
FIO-Fast → Varmail (2회차),2,1,194,37.11,B(Varmail),49,10,50,7,2.5665,49,49,1,7,
FIO-Fast → Varmail (2회차),1,1,191,37.14,B(Varmail),51,10,100,4,2.5528,31,33,0,8,
FIO-Fast → Varmail (2회차),3,1,191,37.15,B(Varmail),45,10,25,4,2.4639,31,37,0,10,
FIO-Fast → Varmail (2회차),0,2,204,37.17,B(Varmail),47,10,25,16,2.5821,47,47,0,13,
FIO-Fast → Varmail (2회차),2,1,195,37.17,B(Varmail),49,10,50,7,2.5641,46,31,0,7,정착 해제
FIO-Fast → Varmail (2회차),1,1,192,37.22,B(Varmail),33,7,50,4,2.5643,31,35,0,8,
FIO-Fast → Varmail (2회차),3,1,192,37.23,B(Varmail),37,7,100,7,2.5007,31,33,0,10,
FIO-Fast → Varmail (2회차),0,2,205,37.23,B(Varmail),47,10,25,16,2.5524,47,47,0,13,
FIO-Fast → Varmail (2회차),2,1,196,37.26,B(Varmail),31,7,25,7,2.5374,46,32,0,7,
FIO-Fast → Varmail (2회차),0,2,206,37.29,B(Varmail),47,10,25,16,2.5970,47,47,0,13,
FIO-Fast → Varmail (2회차),1,1,193,37.3,B(Varmail),35,7,50,16,2.5195,31,31,0,8,
FIO-Fast → Varmail (2회차),3,1,193,37.31,B(Varmail),33,7,50,4,2.4919,31,36,0,10,
FIO-Fast → Varmail (2회차),2,1,197,37.34,B(Varmail),32,7,25,16,2.5077,46,33,0,7,
FIO-Fast → Varmail (2회차),0,2,207,37.35,B(Varmail),47,10,25,16,2.5665,47,47,0,13,
FIO-Fast → Varmail (2회차),1,1,194,37.38,B(Varmail),31,7,25,7,2.4744,31,31,1,8,정착
FIO-Fast → Varmail (2회차),3,1,194,37.39,B(Varmail),36,7,100,4,2.5197,31,46,0,10,
FIO-Fast → Varmail (2회차),0,2,208,37.41,B(Varmail),47,10,25,16,2.5688,47,47,0,13,
FIO-Fast → Varmail (2회차),2,1,198,37.42,B(Varmail),33,7,50,4,2.5357,46,50,0,7,
FIO-Fast → Varmail (2회차),1,1,195,37.44,B(Varmail),31,7,25,7,2.4869,31,31,1,8,
FIO-Fast → Varmail (2회차),3,1,195,37.47,B(Varmail),46,10,25,7,2.4198,31,31,0,10,
FIO-Fast → Varmail (2회차),0,2,209,37.47,B(Varmail),47,10,25,16,2.5789,47,47,0,13,
FIO-Fast → Varmail (2회차),2,1,199,37.5,B(Varmail),50,10,50,16,2.5394,46,16,0,7,
FIO-Fast → Varmail (2회차),1,1,196,37.5,B(Varmail),31,7,25,7,2.4727,31,31,1,8,
FIO-Fast → Varmail (2회차),0,2,210,37.53,B(Varmail),47,10,25,16,2.5676,47,47,0,13,
FIO-Fast → Varmail (2회차),3,1,196,37.55,B(Varmail),31,7,25,7,2.4630,48,48,0,10,
FIO-Fast → Varmail (2회차),1,1,197,37.57,B(Varmail),31,7,25,7,2.4891,31,31,1,8,
FIO-Fast → Varmail (2회차),2,1,200,37.58,B(Varmail),16,4,25,7,2.5435,46,31,0,7,
FIO-Fast → Varmail (2회차),0,2,211,37.59,B(Varmail),47,10,25,16,2.6107,47,47,0,13,
FIO-Fast → Varmail (2회차),3,1,197,37.63,B(Varmail),48,10,50,4,2.4852,48,30,0,10,
FIO-Fast → Varmail (2회차),1,1,198,37.63,B(Varmail),31,7,25,7,2.5062,46,37,0,8,정착 해제
FIO-Fast → Varmail (2회차),0,2,212,37.65,B(Varmail),47,10,25,16,2.5651,47,48,0,13,
FIO-Fast → Varmail (2회차),2,1,201,37.66,B(Varmail),31,7,25,7,2.4966,46,32,0,7,
FIO-Fast → Varmail (2회차),3,1,198,37.71,B(Varmail),30,7,25,4,2.4702,48,45,0,10,
FIO-Fast → Varmail (2회차),1,1,199,37.71,B(Varmail),37,7,100,7,2.5237,46,48,0,8,
FIO-Fast → Varmail (2회차),0,2,213,37.73,B(Varmail),48,10,50,4,2.6750,47,52,0,13,
FIO-Fast → Varmail (2회차),2,1,202,37.74,B(Varmail),32,7,25,16,2.4781,46,46,0,7,
FIO-Fast → Varmail (2회차),3,1,199,37.79,B(Varmail),45,10,25,4,2.4536,48,46,0,10,
FIO-Fast → Varmail (2회차),1,1,200,37.79,B(Varmail),48,10,50,4,2.5329,46,49,0,8,
FIO-Fast → Varmail (2회차),0,2,214,37.8,B(Varmail),52,10,100,7,2.7392,47,47,1,13,정착
FIO-Fast → Varmail (2회차),2,1,203,37.82,B(Varmail),46,10,25,7,2.4683,46,33,0,7,
FIO-Fast → Varmail (2회차),3,1,200,37.87,B(Varmail),46,10,25,7,2.4327,48,17,0,10,
FIO-Fast → Varmail (2회차),1,1,201,37.87,B(Varmail),49,10,50,7,2.5291,46,51,0,8,
FIO-Fast → Varmail (2회차),0,2,215,37.88,B(Varmail),47,10,25,16,2.5726,47,47,1,13,
FIO-Fast → Varmail (2회차),2,1,204,37.9,B(Varmail),33,7,50,4,2.5312,46,50,0,7,
FIO-Fast → Varmail (2회차),0,2,216,37.94,B(Varmail),47,10,25,16,2.5546,47,47,1,13,
FIO-Fast → Varmail (2회차),3,1,201,37.95,B(Varmail),17,4,25,16,2.4544,48,16,0,10,
FIO-Fast → Varmail (2회차),1,1,202,37.95,B(Varmail),51,10,100,4,2.5285,46,35,0,8,
FIO-Fast → Varmail (2회차),2,1,205,37.98,B(Varmail),50,10,50,16,2.4920,46,46,0,7,
FIO-Fast → Varmail (2회차),0,2,217,38.0,B(Varmail),47,10,25,16,2.5740,47,47,1,13,
FIO-Fast → Varmail (2회차),3,1,202,38.02,B(Varmail),16,4,25,7,2.4868,48,37,0,10,
FIO-Fast → Varmail (2회차),1,1,203,38.03,B(Varmail),35,7,50,16,2.5047,46,33,0,8,
FIO-Fast → Varmail (2회차),2,1,206,38.06,B(Varmail),46,10,25,7,2.4336,46,31,0,7,
FIO-Fast → Varmail (2회차),0,2,218,38.06,B(Varmail),47,10,25,16,2.5513,47,47,1,13,
FIO-Fast → Varmail (2회차),3,1,203,38.1,B(Varmail),37,7,100,7,2.4945,48,31,0,10,
FIO-Fast → Varmail (2회차),1,1,204,38.11,B(Varmail),33,7,50,4,2.5182,46,46,0,8,
FIO-Fast → Varmail (2회차),0,2,219,38.12,B(Varmail),47,10,25,16,2.5837,47,47,1,13,
FIO-Fast → Varmail (2회차),2,1,207,38.14,B(Varmail),31,7,25,7,2.5064,46,32,0,7,
FIO-Fast → Varmail (2회차),0,2,220,38.18,B(Varmail),47,10,25,16,2.5482,47,47,1,13,
FIO-Fast → Varmail (2회차),3,1,204,38.18,B(Varmail),31,7,25,7,2.4216,48,33,0,10,
FIO-Fast → Varmail (2회차),1,1,205,38.19,B(Varmail),46,10,25,7,2.4458,46,48,0,8,
FIO-Fast → Varmail (2회차),2,1,208,38.22,B(Varmail),32,7,25,16,2.4321,46,16,0,7,
FIO-Fast → Varmail (2회차),0,2,221,38.24,B(Varmail),47,10,25,16,2.5479,47,47,1,13,
FIO-Fast → Varmail (2회차),3,1,205,38.26,B(Varmail),33,7,50,4,2.4901,48,48,0,10,
FIO-Fast → Varmail (2회차),1,1,206,38.27,B(Varmail),48,10,50,4,2.4879,46,37,0,8,
FIO-Fast → Varmail (2회차),2,1,209,38.3,B(Varmail),16,4,25,7,2.4966,46,46,0,7,
FIO-Fast → Varmail (2회차),0,2,222,38.3,B(Varmail),47,10,25,16,2.5558,47,32,1,13,이웃 탐침→32
FIO-Fast → Varmail (2회차),3,1,206,38.34,B(Varmail),48,10,50,4,2.4856,48,45,0,10,
FIO-Fast → Varmail (2회차),1,1,207,38.35,B(Varmail),37,7,100,7,2.5152,46,46,0,8,
FIO-Fast → Varmail (2회차),0,2,223,38.37,B(Varmail),32,7,25,16,2.6291,47,47,1,13,
FIO-Fast → Varmail (2회차),2,1,210,38.38,B(Varmail),46,10,25,7,2.4316,46,46,1,7,정착
FIO-Fast → Varmail (2회차),3,1,207,38.42,B(Varmail),45,10,25,4,2.4520,48,46,0,10,
FIO-Fast → Varmail (2회차),1,1,208,38.43,B(Varmail),46,10,25,7,2.4301,46,49,0,8,
FIO-Fast → Varmail (2회차),2,1,211,38.44,B(Varmail),46,10,25,7,2.4517,46,46,1,7,
FIO-Fast → Varmail (2회차),0,2,224,38.45,B(Varmail),47,10,25,16,2.5781,47,47,1,13,
FIO-Fast → Varmail (2회차),3,1,208,38.5,B(Varmail),46,10,25,7,2.3777,48,30,0,10,
FIO-Fast → Varmail (2회차),2,1,212,38.5,B(Varmail),46,10,25,7,2.4358,46,46,1,7,
FIO-Fast → Varmail (2회차),1,1,209,38.51,B(Varmail),49,10,50,7,2.4661,46,51,0,8,
FIO-Fast → Varmail (2회차),0,2,225,38.51,B(Varmail),47,10,25,16,2.5415,47,47,1,13,
FIO-Fast → Varmail (2회차),2,1,213,38.57,B(Varmail),46,10,25,7,2.4341,46,46,1,7,
FIO-Fast → Varmail (2회차),0,2,226,38.57,B(Varmail),47,10,25,16,2.5614,47,47,1,13,
FIO-Fast → Varmail (2회차),3,1,209,38.58,B(Varmail),30,7,25,4,2.4561,48,31,0,10,
FIO-Fast → Varmail (2회차),1,1,210,38.59,B(Varmail),51,10,100,4,2.4839,46,48,0,8,
FIO-Fast → Varmail (2회차),0,2,227,38.63,B(Varmail),47,10,25,16,2.5687,47,47,1,13,
FIO-Fast → Varmail (2회차),2,1,214,38.63,B(Varmail),46,10,25,7,2.4601,49,33,0,7,정착 해제
FIO-Fast → Varmail (2회차),3,1,210,38.66,B(Varmail),31,7,25,7,2.4413,48,36,0,10,
FIO-Fast → Varmail (2회차),1,1,211,38.66,B(Varmail),48,10,50,4,2.4829,46,46,0,8,
FIO-Fast → Varmail (2회차),0,2,228,38.69,B(Varmail),47,10,25,16,2.5574,47,47,1,13,
FIO-Fast → Varmail (2회차),2,1,215,38.71,B(Varmail),33,7,50,4,2.4798,49,50,0,7,
FIO-Fast → Varmail (2회차),3,1,211,38.74,B(Varmail),36,7,100,4,2.4836,48,17,0,10,
FIO-Fast → Varmail (2회차),1,1,212,38.74,B(Varmail),46,10,25,7,2.4156,46,46,1,8,정착
FIO-Fast → Varmail (2회차),0,2,229,38.75,B(Varmail),47,10,25,16,2.5679,47,47,1,13,
FIO-Fast → Varmail (2회차),2,1,216,38.79,B(Varmail),50,10,50,16,2.5071,49,32,0,7,
FIO-Fast → Varmail (2회차),1,1,213,38.81,B(Varmail),46,10,25,7,2.4073,46,46,1,8,
FIO-Fast → Varmail (2회차),0,2,230,38.81,B(Varmail),47,10,25,16,2.5147,47,47,1,13,
FIO-Fast → Varmail (2회차),3,1,212,38.82,B(Varmail),17,4,25,16,2.4600,48,48,0,10,
FIO-Fast → Varmail (2회차),0,2,231,38.87,B(Varmail),47,10,25,16,2.5593,47,50,1,13,이웃 탐침→50
FIO-Fast → Varmail (2회차),1,1,214,38.87,B(Varmail),46,10,25,7,2.4229,46,46,1,8,
FIO-Fast → Varmail (2회차),2,1,217,38.87,B(Varmail),32,7,25,16,2.4593,49,31,0,7,
FIO-Fast → Varmail (2회차),3,1,213,38.9,B(Varmail),48,10,50,4,2.4438,48,48,1,10,정착
FIO-Fast → Varmail (2회차),1,1,215,38.93,B(Varmail),46,10,25,7,2.4276,46,46,1,8,
FIO-Fast → Varmail (2회차),0,2,232,38.94,B(Varmail),50,10,50,16,2.6675,47,47,1,13,
FIO-Fast → Varmail (2회차),2,1,218,38.95,B(Varmail),31,7,25,7,2.4468,49,16,0,7,
FIO-Fast → Varmail (2회차),3,1,214,38.96,B(Varmail),48,10,50,4,2.4500,48,48,1,10,
FIO-Fast → Varmail (2회차),1,1,216,39.0,B(Varmail),46,10,25,7,2.4200,46,46,1,8,
FIO-Fast → Varmail (2회차),0,2,233,39.02,B(Varmail),47,10,25,16,2.5359,47,47,1,13,
FIO-Fast → Varmail (2회차),3,1,215,39.02,B(Varmail),48,10,50,4,2.4540,48,48,1,10,
FIO-Fast → Varmail (2회차),2,1,219,39.03,B(Varmail),16,4,25,7,2.5080,49,33,0,7,
FIO-Fast → Varmail (2회차),1,1,217,39.06,B(Varmail),46,10,25,7,2.4056,46,46,1,8,
FIO-Fast → Varmail (2회차),0,2,234,39.08,B(Varmail),47,10,25,16,2.5379,47,47,1,13,
FIO-Fast → Varmail (2회차),3,1,216,39.09,B(Varmail),48,10,50,4,2.4563,46,37,0,10,정착 해제
FIO-Fast → Varmail (2회차),2,1,220,39.11,B(Varmail),33,7,50,4,2.5187,49,50,0,7,
FIO-Fast → Varmail (2회차),1,1,218,39.12,B(Varmail),46,10,25,7,2.4252,46,46,1,8,
FIO-Fast → Varmail (2회차),0,2,235,39.14,B(Varmail),47,10,25,16,2.5491,47,47,1,13,
FIO-Fast → Varmail (2회차),3,1,217,39.17,B(Varmail),37,7,100,7,2.4698,46,16,0,10,
FIO-Fast → Varmail (2회차),1,1,219,39.19,B(Varmail),46,10,25,7,2.4315,46,31,1,8,이웃 탐침→31
FIO-Fast → Varmail (2회차),2,1,221,39.19,B(Varmail),50,10,50,16,2.5006,49,32,0,7,
FIO-Fast → Varmail (2회차),0,2,236,39.2,B(Varmail),47,10,25,16,2.5719,47,47,1,13,
FIO-Fast → Varmail (2회차),3,1,218,39.25,B(Varmail),16,4,25,7,2.4540,46,46,0,10,
FIO-Fast → Varmail (2회차),0,2,237,39.26,B(Varmail),47,10,25,16,2.5564,47,47,1,13,
FIO-Fast → Varmail (2회차),1,1,220,39.27,B(Varmail),31,7,25,7,2.4329,46,46,1,8,
FIO-Fast → Varmail (2회차),2,1,222,39.27,B(Varmail),32,7,25,16,2.4520,49,31,0,7,
FIO-Fast → Varmail (2회차),0,2,238,39.32,B(Varmail),47,10,25,16,2.5505,47,47,1,13,
FIO-Fast → Varmail (2회차),3,1,219,39.32,B(Varmail),46,10,25,7,2.3570,46,33,0,10,
FIO-Fast → Varmail (2회차),1,1,221,39.35,B(Varmail),46,10,25,7,2.4047,46,46,1,8,
FIO-Fast → Varmail (2회차),2,1,223,39.35,B(Varmail),31,7,25,7,2.4321,49,16,0,7,
FIO-Fast → Varmail (2회차),0,2,239,39.38,B(Varmail),47,10,25,16,2.5635,47,47,1,13,
FIO-Fast → Varmail (2회차),3,1,220,39.4,B(Varmail),33,7,50,4,2.4233,46,45,0,10,
FIO-Fast → Varmail (2회차),1,1,222,39.41,B(Varmail),46,10,25,7,2.4075,46,46,1,8,
FIO-Fast → Varmail (2회차),2,1,224,39.43,B(Varmail),16,4,25,7,2.4864,49,31,0,7,
FIO-Fast → Varmail (2회차),0,2,240,39.44,B(Varmail),47,10,25,16,2.5672,47,46,1,13,이웃 탐침→46
FIO-Fast → Varmail (2회차),1,1,223,39.47,B(Varmail),46,10,25,7,2.4128,46,46,1,8,
FIO-Fast → Varmail (2회차),3,1,221,39.48,B(Varmail),45,10,25,4,2.4243,46,31,0,10,
FIO-Fast → Varmail (2회차),2,1,225,39.51,B(Varmail),31,7,25,7,2.4459,49,33,0,7,
FIO-Fast → Varmail (2회차),0,2,241,39.51,B(Varmail),46,10,25,7,2.5562,47,47,1,13,
FIO-Fast → Varmail (2회차),1,1,224,39.54,B(Varmail),46,10,25,7,2.3798,46,46,1,8,
FIO-Fast → Varmail (2회차),3,1,222,39.56,B(Varmail),31,7,25,7,2.4313,46,46,0,10,
FIO-Fast → Varmail (2회차),0,2,242,39.59,B(Varmail),47,10,25,16,2.5130,47,47,1,13,
FIO-Fast → Varmail (2회차),2,1,226,39.59,B(Varmail),33,7,50,4,2.4822,49,32,0,7,
FIO-Fast → Varmail (2회차),1,1,225,39.6,B(Varmail),46,10,25,7,2.3672,46,46,1,8,
FIO-Fast → Varmail (2회차),3,1,223,39.64,B(Varmail),46,10,25,7,2.3596,46,30,0,10,
FIO-Fast → Varmail (2회차),0,2,243,39.65,B(Varmail),47,10,25,16,2.5563,47,47,1,13,
FIO-Fast → Varmail (2회차),1,1,226,39.66,B(Varmail),46,10,25,7,2.4308,46,46,1,8,
FIO-Fast → Varmail (2회차),2,1,227,39.67,B(Varmail),32,7,25,16,2.4284,49,50,0,7,
FIO-Fast → Varmail (2회차),0,2,244,39.7,B(Varmail),47,10,25,16,2.5548,47,47,1,13,
FIO-Fast → Varmail (2회차),3,1,224,39.72,B(Varmail),30,7,25,4,2.4125,46,33,0,10,
FIO-Fast → Varmail (2회차),1,1,227,39.72,B(Varmail),46,10,25,7,2.4126,46,46,1,8,
FIO-Fast → Varmail (2회차),2,1,228,39.75,B(Varmail),50,10,50,16,2.4449,49,31,0,7,
FIO-Fast → Varmail (2회차),0,2,245,39.76,B(Varmail),47,10,25,16,2.5270,47,47,1,13,
FIO-Fast → Varmail (2회차),1,1,228,39.79,B(Varmail),46,10,25,7,2.4069,46,49,1,8,이웃 탐침→49
FIO-Fast → Varmail (2회차),3,1,225,39.8,B(Varmail),33,7,50,4,2.4614,46,46,0,10,
FIO-Fast → Varmail (2회차),0,2,246,39.82,B(Varmail),47,10,25,16,2.5155,47,47,1,13,
FIO-Fast → Varmail (2회차),2,1,229,39.83,B(Varmail),31,7,25,7,2.4412,49,32,0,7,
FIO-Fast → Varmail (2회차),1,1,229,39.87,B(Varmail),49,10,50,7,2.4502,46,46,1,8,
FIO-Fast → Varmail (2회차),3,1,226,39.88,B(Varmail),46,10,25,7,2.3487,46,37,0,10,
FIO-Fast → Varmail (2회차),0,2,247,39.88,B(Varmail),47,10,25,16,2.5332,47,47,1,13,
FIO-Fast → Varmail (2회차),2,1,230,39.91,B(Varmail),32,7,25,16,2.4229,49,33,0,7,
FIO-Fast → Varmail (2회차),0,2,248,39.94,B(Varmail),47,10,25,16,2.5449,47,47,1,13,
FIO-Fast → Varmail (2회차),1,1,230,39.95,B(Varmail),46,10,25,7,2.4043,46,46,1,8,
FIO-Fast → Varmail (2회차),3,1,227,39.95,B(Varmail),37,7,100,7,2.4389,46,16,0,10,
FIO-Fast → Varmail (2회차),2,1,231,39.98,B(Varmail),33,7,50,4,2.4420,49,50,0,7,
FIO-Fast → Varmail (2회차),0,2,249,40.0,B(Varmail),47,10,25,16,2.5473,47,32,1,13,이웃 탐침→32
FIO-Fast → Varmail (2회차),1,1,231,40.01,B(Varmail),46,10,25,7,2.4008,46,46,1,8,
FIO-Fast → Varmail (2회차),3,1,228,40.03,B(Varmail),16,4,25,7,2.4424,46,46,1,10,정착
FIO-Fast → Varmail (2회차),2,1,232,40.06,B(Varmail),50,10,50,16,2.4767,49,16,0,7,
FIO-Fast → Varmail (2회차),1,1,232,40.07,B(Varmail),46,10,25,7,2.4032,46,46,1,8,
FIO-Fast → Varmail (2회차),0,2,250,40.08,B(Varmail),32,7,25,16,2.6196,47,47,1,13,
FIO-Fast → Varmail (2회차),3,1,229,40.11,B(Varmail),46,10,25,7,2.3261,46,46,1,10,
FIO-Fast → Varmail (2회차),1,1,233,40.14,B(Varmail),46,10,25,7,2.3778,46,46,1,8,
FIO-Fast → Varmail (2회차),2,1,233,40.14,B(Varmail),16,4,25,7,2.4807,49,46,0,7,
FIO-Fast → Varmail (2회차),0,2,251,40.15,B(Varmail),47,10,25,16,2.5423,47,47,1,13,
FIO-Fast → Varmail (2회차),3,1,230,40.18,B(Varmail),46,10,25,7,2.3483,46,46,1,10,
FIO-Fast → Varmail (2회차),1,1,234,40.2,B(Varmail),46,10,25,7,2.4096,46,46,1,8,
FIO-Fast → Varmail (2회차),0,2,252,40.21,B(Varmail),47,10,25,16,2.5507,47,47,1,13,
FIO-Fast → Varmail (2회차),2,1,234,40.22,B(Varmail),46,10,25,7,2.4403,49,32,0,7,
FIO-Fast → Varmail (2회차),3,1,231,40.24,B(Varmail),46,10,25,7,2.4043,46,46,1,10,
FIO-Fast → Varmail (2회차),1,1,235,40.26,B(Varmail),46,10,25,7,2.4163,46,46,1,8,
FIO-Fast → Varmail (2회차),0,2,253,40.27,B(Varmail),47,10,25,16,2.5540,47,47,1,13,
FIO-Fast → Varmail (2회차),2,1,235,40.3,B(Varmail),32,7,25,16,2.4417,49,31,0,7,
FIO-Fast → Varmail (2회차),3,1,232,40.3,B(Varmail),46,10,25,7,2.3665,46,46,1,10,
FIO-Fast → Varmail (2회차),1,1,236,40.32,B(Varmail),46,10,25,7,2.4183,46,46,1,8,
FIO-Fast → Varmail (2회차),0,2,254,40.33,B(Varmail),47,10,25,16,2.5478,47,47,1,13,
FIO-Fast → Varmail (2회차),3,1,233,40.37,B(Varmail),46,10,25,7,2.3554,46,46,1,10,
FIO-Fast → Varmail (2회차),2,1,236,40.38,B(Varmail),31,7,25,7,2.4276,49,33,0,7,
FIO-Fast → Varmail (2회차),1,1,237,40.39,B(Varmail),46,10,25,7,2.4042,46,45,1,9,후보 복귀 8→9; 이웃 탐침→45
FIO-Fast → Varmail (2회차),0,2,255,40.39,B(Varmail),47,10,25,16,2.5281,47,47,1,13,
FIO-Fast → Varmail (2회차),3,1,234,40.43,B(Varmail),46,10,25,7,2.3403,46,46,1,10,
FIO-Fast → Varmail (2회차),0,2,256,40.45,B(Varmail),47,10,25,16,2.5589,47,47,1,13,
FIO-Fast → Varmail (2회차),2,1,237,40.46,B(Varmail),33,7,50,4,2.4922,49,46,0,7,
FIO-Fast → Varmail (2회차),1,1,238,40.47,B(Varmail),45,10,25,4,2.4218,45,45,0,9,정착 해제
FIO-Fast → Varmail (2회차),3,1,235,40.49,B(Varmail),46,10,25,7,2.3730,46,46,1,10,
FIO-Fast → Varmail (2회차),0,2,257,40.51,B(Varmail),47,10,25,16,2.5705,47,47,1,13,
FIO-Fast → Varmail (2회차),1,1,239,40.53,B(Varmail),45,10,25,4,2.3994,45,45,0,9,
FIO-Fast → Varmail (2회차),2,1,238,40.54,B(Varmail),46,10,25,7,2.3936,49,50,0,7,
FIO-Fast → Varmail (2회차),3,1,236,40.56,B(Varmail),46,10,25,7,2.3951,46,31,1,10,이웃 탐침→31
FIO-Fast → Varmail (2회차),0,2,258,40.57,B(Varmail),47,10,25,16,2.5579,47,50,1,13,이웃 탐침→50
FIO-Fast → Varmail (2회차),1,1,240,40.59,B(Varmail),45,10,25,4,2.4302,45,45,0,9,
FIO-Fast → Varmail (2회차),2,1,239,40.62,B(Varmail),50,10,50,16,2.4550,49,16,0,7,
FIO-Fast → Varmail (2회차),3,1,237,40.64,B(Varmail),31,7,25,7,2.4360,46,46,1,10,
FIO-Fast → Varmail (2회차),0,2,259,40.65,B(Varmail),50,10,50,16,2.6452,47,47,1,13,
FIO-Fast → Varmail (2회차),1,1,241,40.66,B(Varmail),45,10,25,4,2.4393,45,45,0,9,
FIO-Fast → Varmail (2회차),2,1,240,40.7,B(Varmail),16,4,25,7,2.4812,49,31,0,7,
FIO-Fast → Varmail (2회차),3,1,238,40.72,B(Varmail),46,10,25,7,2.3519,46,46,1,10,
FIO-Fast → Varmail (2회차),1,1,242,40.72,B(Varmail),45,10,25,4,2.4278,45,45,0,9,
FIO-Fast → Varmail (2회차),0,2,260,40.72,B(Varmail),47,10,25,16,2.5570,47,47,1,13,
FIO-Fast → Varmail (2회차),3,1,239,40.78,B(Varmail),46,10,25,7,2.3603,46,46,1,10,
FIO-Fast → Varmail (2회차),2,1,241,40.78,B(Varmail),31,7,25,7,2.4384,49,46,0,7,
FIO-Fast → Varmail (2회차),0,2,261,40.78,B(Varmail),47,10,25,16,2.5108,47,47,1,13,
FIO-Fast → Varmail (2회차),1,1,243,40.78,B(Varmail),45,10,25,4,2.4293,45,45,0,9,
FIO-Fast → Varmail (2회차),0,2,262,40.84,B(Varmail),47,10,25,16,2.5748,47,47,1,13,
FIO-Fast → Varmail (2회차),3,1,240,40.84,B(Varmail),46,10,25,7,2.3677,46,46,1,10,
FIO-Fast → Varmail (2회차),1,1,244,40.85,B(Varmail),45,10,25,4,2.4085,45,45,0,9,
FIO-Fast → Varmail (2회차),2,1,242,40.86,B(Varmail),46,10,25,7,2.3857,49,32,0,7,
FIO-Fast → Varmail (2회차),0,2,263,40.9,B(Varmail),47,10,25,16,2.5658,47,47,1,13,
FIO-Fast → Varmail (2회차),3,1,241,40.9,B(Varmail),46,10,25,7,2.3724,46,46,1,10,
FIO-Fast → Varmail (2회차),1,1,245,40.91,B(Varmail),45,10,25,4,2.4094,45,45,0,9,
FIO-Fast → Varmail (2회차),2,1,243,40.94,B(Varmail),32,7,25,16,2.4193,49,46,0,7,
FIO-Fast → Varmail (2회차),0,2,264,40.96,B(Varmail),47,10,25,16,2.5612,47,47,1,13,
FIO-Fast → Varmail (2회차),3,1,242,40.97,B(Varmail),46,10,25,7,2.3733,46,46,1,10,
FIO-Fast → Varmail (2회차),1,1,246,40.97,B(Varmail),45,10,25,4,2.4280,45,45,0,9,
FIO-Fast → Varmail (2회차),2,1,244,41.02,B(Varmail),46,10,25,7,2.3768,49,33,0,7,
FIO-Fast → Varmail (2회차),0,2,265,41.02,B(Varmail),47,10,25,16,2.5376,47,47,1,13,
FIO-Fast → Varmail (2회차),3,1,243,41.03,B(Varmail),46,10,25,7,2.3671,46,46,1,10,
FIO-Fast → Varmail (2회차),1,1,247,41.04,B(Varmail),45,10,25,4,2.4269,45,45,0,9,
FIO-Fast → Varmail (2회차),0,2,266,41.08,B(Varmail),47,10,25,16,2.5284,47,47,1,13,
FIO-Fast → Varmail (2회차),3,1,244,41.09,B(Varmail),46,10,25,7,2.3712,46,46,1,10,
FIO-Fast → Varmail (2회차),2,1,245,41.1,B(Varmail),33,7,50,4,2.4638,49,50,0,7,
FIO-Fast → Varmail (2회차),1,1,248,41.1,B(Varmail),45,10,25,4,2.4256,45,45,0,9,
FIO-Fast → Varmail (2회차),0,2,267,41.14,B(Varmail),47,10,25,16,2.5502,47,46,1,13,이웃 탐침→46
FIO-Fast → Varmail (2회차),3,1,245,41.16,B(Varmail),46,10,25,7,2.3632,46,49,1,11,후보 복귀 10→11; 이웃 탐침→49
FIO-Fast → Varmail (2회차),1,1,249,41.16,B(Varmail),45,10,25,4,2.4444,45,45,0,9,
FIO-Fast → Varmail (2회차),2,1,246,41.18,B(Varmail),50,10,50,16,2.4443,49,31,0,7,
FIO-Fast → Varmail (2회차),0,2,268,41.22,B(Varmail),46,10,25,7,2.5714,47,47,1,13,
FIO-Fast → Varmail (2회차),1,1,250,41.23,B(Varmail),45,10,25,4,2.4283,45,45,1,9,정착
FIO-Fast → Varmail (2회차),3,1,246,41.24,B(Varmail),49,10,50,7,2.4262,49,49,0,11,정착 해제
FIO-Fast → Varmail (2회차),2,1,247,41.26,B(Varmail),31,7,25,7,2.4294,49,46,0,7,
FIO-Fast → Varmail (2회차),0,2,269,41.29,B(Varmail),47,10,25,16,2.5529,47,47,1,13,
FIO-Fast → Varmail (2회차),1,1,251,41.29,B(Varmail),45,10,25,4,2.4255,45,45,1,9,
FIO-Fast → Varmail (2회차),3,1,247,41.3,B(Varmail),49,10,50,7,2.4074,49,49,0,11,
FIO-Fast → Varmail (2회차),2,1,248,41.34,B(Varmail),46,10,25,7,2.3925,49,32,0,7,
FIO-Fast → Varmail (2회차),0,2,270,41.35,B(Varmail),47,10,25,16,2.5299,47,47,1,13,
FIO-Fast → Varmail (2회차),1,1,252,41.35,B(Varmail),45,10,25,4,2.4068,45,45,1,9,
FIO-Fast → Varmail (2회차),3,1,248,41.36,B(Varmail),49,10,50,7,2.4038,49,49,0,11,
FIO-Fast → Varmail (2회차),0,2,271,41.41,B(Varmail),47,10,25,16,2.5394,47,47,1,13,
FIO-Fast → Varmail (2회차),1,1,253,41.42,B(Varmail),45,10,25,4,2.4144,45,45,1,9,
FIO-Fast → Varmail (2회차),2,1,249,41.42,B(Varmail),32,7,25,16,2.4048,49,16,0,7,
FIO-Fast → Varmail (2회차),3,1,249,41.43,B(Varmail),49,10,50,7,2.3858,49,49,0,11,
FIO-Fast → Varmail (2회차),0,2,272,41.47,B(Varmail),47,10,25,16,2.5314,47,47,1,13,
FIO-Fast → Varmail (2회차),1,1,254,41.48,B(Varmail),45,10,25,4,2.4125,45,45,1,9,
FIO-Fast → Varmail (2회차),3,1,250,41.49,B(Varmail),49,10,50,7,2.4263,49,49,0,11,
FIO-Fast → Varmail (2회차),2,1,250,41.5,B(Varmail),16,4,25,7,2.4626,49,49,0,7,
FIO-Fast → Varmail (2회차),0,2,273,41.53,B(Varmail),47,10,25,16,2.5540,47,47,1,13,
FIO-Fast → Varmail (2회차),1,1,255,41.54,B(Varmail),45,10,25,4,2.4106,45,45,1,9,
FIO-Fast → Varmail (2회차),3,1,251,41.55,B(Varmail),49,10,50,7,2.4539,49,49,0,11,
FIO-Fast → Varmail (2회차),2,1,251,41.58,B(Varmail),49,10,50,7,2.4560,49,46,0,7,
FIO-Fast → Varmail (2회차),0,2,274,41.59,B(Varmail),47,10,25,16,2.5337,47,47,1,13,
FIO-Fast → Varmail (2회차),1,1,256,41.61,B(Varmail),45,10,25,4,2.4104,45,45,1,9,
FIO-Fast → Varmail (2회차),3,1,252,41.62,B(Varmail),49,10,50,7,2.4419,49,49,0,11,
FIO-Fast → Varmail (2회차),0,2,275,41.65,B(Varmail),47,10,25,16,2.5202,47,47,1,13,
FIO-Fast → Varmail (2회차),2,1,252,41.66,B(Varmail),46,10,25,7,2.3803,49,32,0,7,
FIO-Fast → Varmail (2회차),1,1,257,41.67,B(Varmail),45,10,25,4,2.4114,45,46,1,9,이웃 탐침→46
FIO-Fast → Varmail (2회차),3,1,253,41.68,B(Varmail),49,10,50,7,2.4082,49,49,0,11,
FIO-Fast → Varmail (2회차),0,2,276,41.71,B(Varmail),47,10,25,16,2.5032,47,32,1,13,이웃 탐침→32
FIO-Fast → Varmail (2회차),2,1,253,41.74,B(Varmail),32,7,25,16,2.4034,49,31,0,7,
FIO-Fast → Varmail (2회차),3,1,254,41.74,B(Varmail),49,10,50,7,2.4129,49,49,0,11,
FIO-Fast → Varmail (2회차),1,1,258,41.75,B(Varmail),46,10,25,7,2.3762,45,45,1,9,
FIO-Fast → Varmail (2회차),0,2,277,41.78,B(Varmail),32,7,25,16,2.5784,47,47,1,13,
FIO-Fast → Varmail (2회차),3,1,255,41.8,B(Varmail),49,10,50,7,2.4230,49,49,0,11,
FIO-Fast → Varmail (2회차),2,1,254,41.81,B(Varmail),31,7,25,7,2.4141,49,46,0,7,
FIO-Fast → Varmail (2회차),1,1,259,41.83,B(Varmail),45,10,25,4,2.4063,45,45,1,9,
FIO-Fast → Varmail (2회차),0,2,278,41.86,B(Varmail),47,10,25,16,2.5326,47,47,1,13,
FIO-Fast → Varmail (2회차),3,1,256,41.87,B(Varmail),49,10,50,7,2.4158,49,49,0,11,
FIO-Fast → Varmail (2회차),1,1,260,41.89,B(Varmail),45,10,25,4,2.4098,45,45,1,9,
FIO-Fast → Varmail (2회차),2,1,255,41.89,B(Varmail),46,10,25,7,2.3629,49,50,0,7,
FIO-Fast → Varmail (2회차),0,2,279,41.92,B(Varmail),47,10,25,16,2.5147,47,47,1,13,
FIO-Fast → Varmail (2회차),3,1,257,41.93,B(Varmail),49,10,50,7,2.4371,49,49,0,11,
FIO-Fast → Varmail (2회차),1,1,261,41.95,B(Varmail),45,10,25,4,2.4014,45,45,1,9,
FIO-Fast → Varmail (2회차),2,1,256,41.97,B(Varmail),50,10,50,16,2.4145,49,33,0,7,
FIO-Fast → Varmail (2회차),0,2,280,41.98,B(Varmail),47,10,25,16,2.4901,47,47,1,13,
FIO-Fast → Varmail (2회차),3,1,258,41.99,B(Varmail),49,10,50,7,2.4201,49,49,1,11,정착
FIO-Fast → Varmail (2회차),1,1,262,42.02,B(Varmail),45,10,25,4,2.4105,45,45,1,9,
FIO-Fast → Varmail (2회차),0,2,281,42.04,B(Varmail),47,10,25,16,2.5320,47,47,1,13,
FIO-Fast → Varmail (2회차),2,1,257,42.05,B(Varmail),33,7,50,4,2.4780,49,49,0,7,
FIO-Fast → Varmail (2회차),3,1,259,42.06,B(Varmail),49,10,50,7,2.4194,49,49,1,11,
FIO-Fast → Varmail (2회차),1,1,263,42.08,B(Varmail),45,10,25,4,2.4077,45,45,1,9,
FIO-Fast → Varmail (2회차),0,2,282,42.1,B(Varmail),47,10,25,16,2.5200,47,47,1,13,
FIO-Fast → Varmail (2회차),3,1,260,42.12,B(Varmail),49,10,50,7,2.4179,49,49,1,11,
FIO-Fast → Varmail (2회차),2,1,258,42.13,B(Varmail),49,10,50,7,2.4246,49,46,0,7,
FIO-Fast → Varmail (2회차),1,1,264,42.14,B(Varmail),45,10,25,4,2.4173,45,45,1,9,
FIO-Fast → Varmail (2회차),0,2,283,42.16,B(Varmail),47,10,25,16,2.5494,47,47,1,13,
FIO-Fast → Varmail (2회차),3,1,261,42.18,B(Varmail),49,10,50,7,2.4145,49,49,1,11,
FIO-Fast → Varmail (2회차),1,1,265,42.21,B(Varmail),45,10,25,4,2.4042,45,45,1,9,
FIO-Fast → Varmail (2회차),2,1,259,42.21,B(Varmail),46,10,25,7,2.3847,49,32,0,7,
FIO-Fast → Varmail (2회차),0,2,284,42.21,B(Varmail),47,10,25,16,2.5295,47,47,1,13,
FIO-Fast → Varmail (2회차),3,1,262,42.25,B(Varmail),49,10,50,7,2.4147,49,49,1,11,
FIO-Fast → Varmail (2회차),1,1,266,42.27,B(Varmail),45,10,25,4,2.3982,45,30,1,10,후보 복귀 9→10; 이웃 탐침→30
FIO-Fast → Varmail (2회차),0,2,285,42.27,B(Varmail),47,10,25,16,2.5244,47,50,1,13,이웃 탐침→50
FIO-Fast → Varmail (2회차),2,1,260,42.29,B(Varmail),32,7,25,16,2.3977,49,16,0,7,
FIO-Fast → Varmail (2회차),3,1,263,42.31,B(Varmail),49,10,50,7,2.4091,49,49,1,11,
FIO-Fast → Varmail (2회차),1,1,267,42.35,B(Varmail),30,7,25,4,2.4278,30,30,0,10,정착 해제
FIO-Fast → Varmail (2회차),0,2,286,42.35,B(Varmail),50,10,50,16,2.6139,47,47,1,13,
FIO-Fast → Varmail (2회차),2,1,261,42.37,B(Varmail),16,4,25,7,2.4235,49,31,0,7,
FIO-Fast → Varmail (2회차),3,1,264,42.37,B(Varmail),49,10,50,7,2.4088,49,49,1,11,
FIO-Fast → Varmail (2회차),1,1,268,42.41,B(Varmail),30,7,25,4,2.4331,30,30,0,10,
FIO-Fast → Varmail (2회차),0,2,287,42.42,B(Varmail),47,10,25,16,2.5235,47,47,1,13,
FIO-Fast → Varmail (2회차),3,1,265,42.43,B(Varmail),49,10,50,7,2.4018,49,48,1,11,이웃 탐침→48
FIO-Fast → Varmail (2회차),2,1,262,42.45,B(Varmail),31,7,25,7,2.3987,49,50,0,7,
FIO-Fast → Varmail (2회차),1,1,269,42.47,B(Varmail),30,7,25,4,2.4342,30,30,0,10,
FIO-Fast → Varmail (2회차),0,2,288,42.48,B(Varmail),47,10,25,16,2.5066,47,47,1,13,
FIO-Fast → Varmail (2회차),3,1,266,42.51,B(Varmail),48,10,50,4,2.4196,49,49,1,11,
FIO-Fast → Varmail (2회차),2,1,263,42.53,B(Varmail),50,10,50,16,2.4198,49,46,0,7,
FIO-Fast → Varmail (2회차),1,1,270,42.54,B(Varmail),30,7,25,4,2.4330,30,30,0,10,
FIO-Fast → Varmail (2회차),0,2,289,42.54,B(Varmail),47,10,25,16,2.4886,47,47,1,13,
FIO-Fast → Varmail (2회차),3,1,267,42.59,B(Varmail),49,10,50,7,2.4254,49,49,1,11,
FIO-Fast → Varmail (2회차),1,1,271,42.6,B(Varmail),30,7,25,4,2.3999,30,30,0,10,
FIO-Fast → Varmail (2회차),0,2,290,42.6,B(Varmail),47,10,25,16,2.4992,47,47,1,13,
FIO-Fast → Varmail (2회차),2,1,264,42.61,B(Varmail),46,10,25,7,2.3596,49,49,0,7,
FIO-Fast → Varmail (2회차),3,1,268,42.65,B(Varmail),49,10,50,7,2.4152,49,49,1,11,
FIO-Fast → Varmail (2회차),0,2,291,42.66,B(Varmail),47,10,25,16,2.5292,47,47,1,13,
FIO-Fast → Varmail (2회차),1,1,272,42.66,B(Varmail),30,7,25,4,2.4097,30,30,0,10,
FIO-Fast → Varmail (2회차),2,1,265,42.69,B(Varmail),49,10,50,7,2.4319,49,49,1,7,정착
FIO-Fast → Varmail (2회차),3,1,269,42.72,B(Varmail),49,10,50,7,2.3965,49,49,1,11,
FIO-Fast → Varmail (2회차),0,2,292,42.72,B(Varmail),47,10,25,16,2.5346,47,47,1,13,
FIO-Fast → Varmail (2회차),1,1,273,42.73,B(Varmail),30,7,25,4,2.4181,30,30,0,10,
FIO-Fast → Varmail (2회차),2,1,266,42.75,B(Varmail),49,10,50,7,2.4173,49,49,1,7,
FIO-Fast → Varmail (2회차),0,2,293,42.78,B(Varmail),47,10,25,16,2.5071,47,47,1,13,
FIO-Fast → Varmail (2회차),3,1,270,42.78,B(Varmail),49,10,50,7,2.4066,49,49,1,11,
FIO-Fast → Varmail (2회차),1,1,274,42.79,B(Varmail),30,7,25,4,2.4175,30,30,0,10,
FIO-Fast → Varmail (2회차),2,1,267,42.81,B(Varmail),49,10,50,7,2.4427,49,49,1,7,
FIO-Fast → Varmail (2회차),0,2,294,42.84,B(Varmail),47,10,25,16,2.5112,47,46,1,13,이웃 탐침→46
FIO-Fast → Varmail (2회차),3,1,271,42.84,B(Varmail),49,10,50,7,2.4152,49,49,1,11,
FIO-Fast → Varmail (2회차),1,1,275,42.85,B(Varmail),30,7,25,4,2.4015,30,30,0,10,
FIO-Fast → Varmail (2회차),2,1,268,42.88,B(Varmail),49,10,50,7,2.4120,49,49,1,7,
FIO-Fast → Varmail (2회차),3,1,272,42.91,B(Varmail),49,10,50,7,2.3872,46,17,0,11,정착 해제
FIO-Fast → Varmail (2회차),0,2,295,42.91,B(Varmail),46,10,25,7,2.5389,47,47,1,13,
FIO-Fast → Varmail (2회차),1,1,276,42.91,B(Varmail),30,7,25,4,2.3955,30,30,0,10,
FIO-Fast → Varmail (2회차),2,1,269,42.94,B(Varmail),49,10,50,7,2.4161,49,49,1,7,
FIO-Fast → Varmail (2회차),1,1,277,42.98,B(Varmail),30,7,25,4,2.4077,30,30,0,10,
FIO-Fast → Varmail (2회차),3,1,273,42.99,B(Varmail),17,4,25,16,2.4044,46,45,0,11,
FIO-Fast → Varmail (2회차),0,2,296,42.99,B(Varmail),47,10,25,16,2.5114,47,47,1,13,
FIO-Fast → Varmail (2회차),2,1,270,43.0,B(Varmail),49,10,50,7,2.4182,49,49,1,7,
FIO-Fast → Varmail (2회차),1,1,278,43.04,B(Varmail),30,7,25,4,2.4178,30,30,0,10,
FIO-Fast → Varmail (2회차),0,2,297,43.05,B(Varmail),47,10,25,16,2.5107,47,47,1,13,
FIO-Fast → Varmail (2회차),3,1,274,43.06,B(Varmail),45,10,25,4,2.3806,46,36,0,11,
FIO-Fast → Varmail (2회차),2,1,271,43.07,B(Varmail),49,10,50,7,2.4464,49,49,1,7,
FIO-Fast → Varmail (2회차),1,1,279,43.1,B(Varmail),30,7,25,4,2.3940,30,30,1,10,정착
FIO-Fast → Varmail (2회차),0,2,298,43.11,B(Varmail),47,10,25,16,2.4828,47,47,1,13,
FIO-Fast → Varmail (2회차),2,1,272,43.13,B(Varmail),49,10,50,7,2.4390,49,52,1,8,후보 복귀 7→8; 이웃 탐침→52
FIO-Fast → Varmail (2회차),3,1,275,43.14,B(Varmail),36,7,100,4,2.4073,46,30,0,11,
FIO-Fast → Varmail (2회차),1,1,280,43.16,B(Varmail),30,7,25,4,2.4084,30,30,1,10,
FIO-Fast → Varmail (2회차),0,2,299,43.17,B(Varmail),47,10,25,16,2.4996,47,47,1,13,
FIO-Fast → Varmail (2회차),2,1,273,43.21,B(Varmail),52,10,100,7,2.4331,52,52,0,8,정착 해제
FIO-Fast → Varmail (2회차),3,1,276,43.22,B(Varmail),30,7,25,4,2.3948,46,45,0,11,
FIO-Fast → Varmail (2회차),0,2,300,43.22,B(Varmail),47,10,25,16,2.5075,47,47,1,13,
FIO-Fast → Varmail (2회차),1,1,281,43.23,B(Varmail),30,7,25,4,2.4085,30,30,1,10,
FIO-Fast → Varmail (2회차),2,1,274,43.27,B(Varmail),52,10,100,7,2.4462,52,52,0,8,
FIO-Fast → Varmail (2회차),0,2,301,43.28,B(Varmail),47,10,25,16,2.4873,47,47,1,13,
FIO-Fast → Varmail (2회차),1,1,282,43.29,B(Varmail),30,7,25,4,2.4249,30,30,1,10,
FIO-Fast → Varmail (2회차),3,1,277,43.3,B(Varmail),45,10,25,4,2.3452,46,17,0,11,
FIO-Fast → Varmail (2회차),2,1,275,43.33,B(Varmail),52,10,100,7,2.4423,52,52,0,8,
FIO-Fast → Varmail (2회차),0,2,302,43.34,B(Varmail),47,10,25,16,2.4956,47,47,1,13,
FIO-Fast → Varmail (2회차),1,1,283,43.35,B(Varmail),30,7,25,4,2.4025,30,30,1,10,
FIO-Fast → Varmail (2회차),3,1,278,43.38,B(Varmail),17,4,25,16,2.4032,46,33,0,11,
FIO-Fast → Varmail (2회차),2,1,276,43.4,B(Varmail),52,10,100,7,2.4197,52,52,0,8,
FIO-Fast → Varmail (2회차),0,2,303,43.4,B(Varmail),47,10,25,16,2.5081,47,32,1,13,이웃 탐침→32
FIO-Fast → Varmail (2회차),1,1,284,43.42,B(Varmail),30,7,25,4,2.4051,30,30,1,10,
FIO-Fast → Varmail (2회차),3,1,279,43.46,B(Varmail),33,7,50,4,2.4192,46,37,0,11,
FIO-Fast → Varmail (2회차),2,1,277,43.46,B(Varmail),52,10,100,7,2.4520,52,52,0,8,
FIO-Fast → Varmail (2회차),0,2,304,43.48,B(Varmail),32,7,25,16,2.5642,47,47,1,13,
FIO-Fast → Varmail (2회차),1,1,285,43.48,B(Varmail),30,7,25,4,2.3943,30,30,1,10,
FIO-Fast → Varmail (2회차),2,1,278,43.52,B(Varmail),52,10,100,7,2.4319,52,52,0,8,
FIO-Fast → Varmail (2회차),3,1,280,43.53,B(Varmail),37,7,100,7,2.4052,46,16,0,11,
FIO-Fast → Varmail (2회차),1,1,286,43.54,B(Varmail),30,7,25,4,2.4051,30,45,1,10,이웃 탐침→45
FIO-Fast → Varmail (2회차),0,2,305,43.55,B(Varmail),47,10,25,16,2.4959,47,47,1,13,
FIO-Fast → Varmail (2회차),2,1,279,43.59,B(Varmail),52,10,100,7,2.4458,52,52,0,8,
FIO-Fast → Varmail (2회차),0,2,306,43.61,B(Varmail),47,10,25,16,2.5130,47,47,1,13,
FIO-Fast → Varmail (2회차),3,1,281,43.61,B(Varmail),16,4,25,7,2.3922,46,31,0,11,
FIO-Fast → Varmail (2회차),1,1,287,43.62,B(Varmail),45,10,25,4,2.3843,30,30,1,10,
FIO-Fast → Varmail (2회차),2,1,280,43.65,B(Varmail),52,10,100,7,2.4365,49,52,0,8,
FIO-Fast → Varmail (2회차),0,2,307,43.67,B(Varmail),47,10,25,16,2.5089,47,47,1,13,
FIO-Fast → Varmail (2회차),3,1,282,43.69,B(Varmail),31,7,25,7,2.3835,46,45,0,11,
FIO-Fast → Varmail (2회차),1,1,288,43.7,B(Varmail),30,7,25,4,2.4016,30,30,1,10,
FIO-Fast → Varmail (2회차),2,1,281,43.71,B(Varmail),52,10,100,7,2.4426,49,52,0,8,
FIO-Fast → Varmail (2회차),0,2,308,43.73,B(Varmail),47,10,25,16,2.5151,47,47,1,13,
FIO-Fast → Varmail (2회차),1,1,289,43.76,B(Varmail),30,7,25,4,2.4031,30,30,1,10,
FIO-Fast → Varmail (2회차),3,1,283,43.77,B(Varmail),45,10,25,4,2.3400,46,36,0,11,
FIO-Fast → Varmail (2회차),2,1,282,43.78,B(Varmail),52,10,100,7,2.4468,49,52,0,8,
FIO-Fast → Varmail (2회차),0,2,309,43.79,B(Varmail),47,10,25,16,2.5137,47,47,1,13,
FIO-Fast → Varmail (2회차),1,1,290,43.82,B(Varmail),30,7,25,4,2.4068,30,30,1,10,
FIO-Fast → Varmail (2회차),2,1,283,43.84,B(Varmail),52,10,100,7,2.4514,49,52,0,8,
FIO-Fast → Varmail (2회차),0,2,310,43.85,B(Varmail),47,10,25,16,2.5030,47,47,1,13,
FIO-Fast → Varmail (2회차),3,1,284,43.85,B(Varmail),36,7,100,4,2.3847,46,30,0,11,
FIO-Fast → Varmail (2회차),1,1,291,43.89,B(Varmail),30,7,25,4,2.4103,30,30,1,10,
FIO-Fast → Varmail (2회차),2,1,284,43.9,B(Varmail),52,10,100,7,2.4342,49,52,0,8,
FIO-Fast → Varmail (2회차),0,2,311,43.91,B(Varmail),47,10,25,16,2.5329,47,47,1,13,
FIO-Fast → Varmail (2회차),3,1,285,43.92,B(Varmail),30,7,25,4,2.3714,46,45,0,11,
FIO-Fast → Varmail (2회차),1,1,292,43.95,B(Varmail),30,7,25,4,2.3918,30,30,1,10,
FIO-Fast → Varmail (2회차),0,2,312,43.96,B(Varmail),47,10,25,16,2.5330,47,50,1,13,이웃 탐침→50
FIO-Fast → Varmail (2회차),2,1,285,43.96,B(Varmail),52,10,100,7,2.4215,49,52,0,8,
FIO-Fast → Varmail (2회차),3,1,286,44.0,B(Varmail),45,10,25,4,2.3437,46,31,0,11,
FIO-Fast → Varmail (2회차),1,1,293,44.01,B(Varmail),30,7,25,4,2.3836,30,30,1,10,
FIO-Fast → Varmail (2회차),2,1,286,44.03,B(Varmail),52,10,100,7,2.4292,49,52,0,8,
FIO-Fast → Varmail (2회차),0,2,313,44.04,B(Varmail),50,10,50,16,2.5875,47,47,1,13,
FIO-Fast → Varmail (2회차),1,1,294,44.07,B(Varmail),30,7,25,4,2.4115,45,35,0,10,정착 해제
FIO-Fast → Varmail (2회차),3,1,287,44.08,B(Varmail),31,7,25,7,2.3558,46,37,0,11,
FIO-Fast → Varmail (2회차),2,1,287,44.09,B(Varmail),52,10,100,7,2.4390,49,52,0,8,
FIO-Fast → Varmail (2회차),0,2,314,44.11,B(Varmail),47,10,25,16,2.5165,47,47,1,13,
FIO-Fast → Varmail (2회차),1,1,295,44.15,B(Varmail),35,7,50,16,2.3844,45,33,0,10,
FIO-Fast → Varmail (2회차),2,1,288,44.15,B(Varmail),52,10,100,7,2.4513,49,52,0,8,
FIO-Fast → Varmail (2회차),3,1,288,44.16,B(Varmail),37,7,100,7,2.3709,46,17,0,11,
FIO-Fast → Varmail (2회차),0,2,315,44.17,B(Varmail),47,10,25,16,2.4861,47,47,1,13,
FIO-Fast → Varmail (2회차),2,1,289,44.22,B(Varmail),52,10,100,7,2.4323,49,52,0,8,
FIO-Fast → Varmail (2회차),1,1,296,44.23,B(Varmail),33,7,50,4,2.4103,45,35,0,10,
FIO-Fast → Varmail (2회차),0,2,316,44.23,B(Varmail),47,10,25,16,2.5151,47,47,1,13,
FIO-Fast → Varmail (2회차),3,1,289,44.24,B(Varmail),17,4,25,16,2.3593,46,33,0,11,
FIO-Fast → Varmail (2회차),2,1,290,44.28,B(Varmail),52,10,100,7,2.4548,49,52,0,8,
FIO-Fast → Varmail (2회차),0,2,317,44.29,B(Varmail),47,10,25,16,2.5197,47,47,1,13,
FIO-Fast → Varmail (2회차),1,1,297,44.31,B(Varmail),35,7,50,16,2.3951,45,37,0,10,
FIO-Fast → Varmail (2회차),3,1,290,44.31,B(Varmail),33,7,50,4,2.3973,46,16,0,11,
FIO-Fast → Varmail (2회차),2,1,291,44.34,B(Varmail),52,10,100,7,2.4327,49,32,0,8,
FIO-Fast → Varmail (2회차),0,2,318,44.35,B(Varmail),47,10,25,16,2.5034,47,47,1,13,
FIO-Fast → Varmail (2회차),1,1,298,44.38,B(Varmail),37,7,100,7,2.4180,45,33,0,10,
FIO-Fast → Varmail (2회차),3,1,291,44.39,B(Varmail),16,4,25,7,2.3772,46,30,0,11,
FIO-Fast → Varmail (2회차),0,2,319,44.4,B(Varmail),47,10,25,16,2.4980,47,47,1,13,
FIO-Fast → Varmail (2회차),2,1,292,44.42,B(Varmail),32,7,25,16,2.3531,49,46,0,8,
FIO-Fast → Varmail (2회차),1,1,299,44.46,B(Varmail),33,7,50,4,2.4091,45,35,0,10,
FIO-Fast → Varmail (2회차),0,2,320,44.46,B(Varmail),47,10,25,16,2.5302,47,47,1,13,
FIO-Fast → Varmail (2회차),3,1,292,44.47,B(Varmail),30,7,25,4,2.3610,46,36,0,11,
FIO-Fast → Varmail (2회차),2,1,293,44.5,B(Varmail),46,10,25,7,2.3455,49,31,0,8,
FIO-Fast → Varmail (2회차),0,2,321,44.52,B(Varmail),47,10,25,16,2.5061,47,46,1,13,이웃 탐침→46
FIO-Fast → Varmail (2회차),1,1,300,44.54,B(Varmail),35,7,50,16,2.4236,45,45,0,10,
FIO-Fast → Varmail (2회차),3,1,293,44.55,B(Varmail),36,7,100,4,2.3846,46,45,0,11,
FIO-Fast → Varmail (2회차),2,1,294,44.57,B(Varmail),31,7,25,7,2.3694,49,33,0,8,
FIO-Fast → Varmail (2회차),0,2,322,44.6,B(Varmail),46,10,25,7,2.5194,47,47,1,13,
FIO-Fast → Varmail (2회차),1,1,301,44.62,B(Varmail),45,10,25,4,2.3428,45,45,0,10,
FIO-Fast → Varmail (2회차),3,1,294,44.62,B(Varmail),45,10,25,4,2.3264,46,31,0,11,
FIO-Fast → Varmail (2회차),2,1,295,44.65,B(Varmail),33,7,50,4,2.4233,49,32,0,8,
FIO-Fast → Varmail (2회차),0,2,323,44.67,B(Varmail),47,10,25,16,2.5101,47,47,1,13,
FIO-Fast → Varmail (2회차),1,1,302,44.68,B(Varmail),45,10,25,4,2.3305,45,45,0,10,
FIO-Fast → Varmail (2회차),3,1,295,44.71,B(Varmail),31,7,25,7,2.3538,46,17,0,11,
FIO-Fast → Varmail (2회차),0,2,324,44.74,B(Varmail),47,10,25,16,2.4680,47,47,1,13,
FIO-Fast → Varmail (2회차),2,1,296,44.74,B(Varmail),32,7,25,16,2.3461,49,16,0,8,
FIO-Fast → Varmail (2회차),1,1,303,44.75,B(Varmail),45,10,25,4,2.3451,45,51,0,10,
FIO-Fast → Varmail (2회차),3,1,296,44.79,B(Varmail),17,4,25,16,2.3611,46,37,0,11,
FIO-Fast → Varmail (2회차),0,2,325,44.8,B(Varmail),47,10,25,16,2.4888,47,47,1,13,
FIO-Fast → Varmail (2회차),2,1,297,44.82,B(Varmail),16,4,25,7,2.4202,49,46,0,8,
FIO-Fast → Varmail (2회차),1,1,304,44.83,B(Varmail),51,10,100,4,2.4081,45,48,0,10,
FIO-Fast → Varmail (2회차),0,2,326,44.86,B(Varmail),47,10,25,16,2.4520,47,47,1,13,
FIO-Fast → Varmail (2회차),3,1,297,44.87,B(Varmail),37,7,100,7,2.3709,46,45,0,11,
FIO-Fast → Varmail (2회차),2,1,298,44.9,B(Varmail),46,10,25,7,2.3060,49,46,0,8,
FIO-Fast → Varmail (2회차),1,1,305,44.91,B(Varmail),48,10,50,4,2.3896,45,45,0,10,
FIO-Fast → Varmail (2회차),0,2,327,44.92,B(Varmail),47,10,25,16,2.4862,47,47,1,13,
FIO-Fast → Varmail (2회차),3,1,298,44.95,B(Varmail),45,10,25,4,2.3116,46,30,0,11,
FIO-Fast → Varmail (2회차),2,1,299,44.96,B(Varmail),46,10,25,7,2.3167,49,46,0,8,
FIO-Fast → Varmail (2회차),0,2,328,44.98,B(Varmail),47,10,25,16,2.5227,47,47,1,13,
FIO-Fast → Varmail (2회차),1,1,306,44.99,B(Varmail),45,10,25,4,2.3541,45,45,1,10,정착
FIO-Fast → Varmail (2회차),2,1,300,45.03,B(Varmail),46,10,25,7,2.3477,49,32,0,8,
FIO-Fast → Varmail (2회차),3,1,299,45.03,B(Varmail),30,7,25,4,2.3634,46,16,0,11,
FIO-Fast → Varmail (2회차),0,2,329,45.03,B(Varmail),47,10,25,16,2.5173,47,47,1,13,
FIO-Fast → YCSB-A → FIO-Fast,2,1,1,0.28,A(FIO-Fast),37,7,100,7,1.8674,37,15,0,45,
FIO-Fast → YCSB-A → FIO-Fast,3,1,1,0.28,A(FIO-Fast),37,7,100,7,1.8715,37,15,0,45,
FIO-Fast → YCSB-A → FIO-Fast,1,1,1,0.28,A(FIO-Fast),37,7,100,7,1.8689,37,15,0,45,
FIO-Fast → YCSB-A → FIO-Fast,0,1,1,0.28,A(FIO-Fast),37,7,100,7,1.8683,37,15,0,45,
FIO-Fast → YCSB-A → FIO-Fast,2,1,2,0.56,A(FIO-Fast),15,4,25,4,1.8825,37,16,0,45,
FIO-Fast → YCSB-A → FIO-Fast,0,1,2,0.56,A(FIO-Fast),15,4,25,4,1.8893,37,16,0,45,
FIO-Fast → YCSB-A → FIO-Fast,1,1,2,0.56,A(FIO-Fast),15,4,25,4,1.8888,37,16,0,45,
FIO-Fast → YCSB-A → FIO-Fast,3,1,2,0.56,A(FIO-Fast),15,4,25,4,1.8813,37,16,0,45,
FIO-Fast → YCSB-A → FIO-Fast,1,1,3,0.83,A(FIO-Fast),16,4,25,7,1.8716,37,17,0,45,
FIO-Fast → YCSB-A → FIO-Fast,3,1,3,0.83,A(FIO-Fast),16,4,25,7,1.8676,37,17,0,45,
FIO-Fast → YCSB-A → FIO-Fast,2,1,3,0.83,A(FIO-Fast),16,4,25,7,1.8661,37,17,0,45,
FIO-Fast → YCSB-A → FIO-Fast,0,1,3,0.83,A(FIO-Fast),16,4,25,7,1.8693,37,17,0,45,
FIO-Fast → YCSB-A → FIO-Fast,2,1,4,1.1,A(FIO-Fast),17,4,25,16,1.7782,17,18,0,45,
FIO-Fast → YCSB-A → FIO-Fast,1,1,4,1.1,A(FIO-Fast),17,4,25,16,1.7834,17,18,0,45,
FIO-Fast → YCSB-A → FIO-Fast,3,1,4,1.1,A(FIO-Fast),17,4,25,16,1.7843,17,18,0,45,
FIO-Fast → YCSB-A → FIO-Fast,0,1,4,1.1,A(FIO-Fast),17,4,25,16,1.7775,17,18,0,45,
FIO-Fast → YCSB-A → FIO-Fast,2,1,5,1.37,A(FIO-Fast),18,4,50,4,1.7195,18,19,0,45,
FIO-Fast → YCSB-A → FIO-Fast,0,1,5,1.37,A(FIO-Fast),18,4,50,4,1.7090,18,19,0,45,
FIO-Fast → YCSB-A → FIO-Fast,1,1,5,1.37,A(FIO-Fast),18,4,50,4,1.7152,18,19,0,45,
FIO-Fast → YCSB-A → FIO-Fast,3,1,5,1.37,A(FIO-Fast),18,4,50,4,1.7131,18,19,0,45,
FIO-Fast → YCSB-A → FIO-Fast,2,1,6,1.65,A(FIO-Fast),19,4,50,7,1.8788,18,20,0,45,
FIO-Fast → YCSB-A → FIO-Fast,0,1,6,1.65,A(FIO-Fast),19,4,50,7,1.8563,18,20,0,45,
FIO-Fast → YCSB-A → FIO-Fast,1,1,6,1.65,A(FIO-Fast),19,4,50,7,1.8529,18,20,0,45,
FIO-Fast → YCSB-A → FIO-Fast,3,1,6,1.65,A(FIO-Fast),19,4,50,7,1.8580,18,20,0,45,
FIO-Fast → YCSB-A → FIO-Fast,2,1,7,1.92,A(FIO-Fast),20,4,50,16,2.0633,18,21,0,45,
FIO-Fast → YCSB-A → FIO-Fast,0,1,7,1.92,A(FIO-Fast),20,4,50,16,2.0513,18,21,0,45,
FIO-Fast → YCSB-A → FIO-Fast,3,1,7,1.92,A(FIO-Fast),20,4,50,16,2.0502,18,21,0,45,
FIO-Fast → YCSB-A → FIO-Fast,1,1,7,1.92,A(FIO-Fast),20,4,50,16,2.0613,18,21,0,45,
FIO-Fast → YCSB-A → FIO-Fast,2,1,8,2.19,A(FIO-Fast),21,4,100,4,1.8960,18,22,0,45,
FIO-Fast → YCSB-A → FIO-Fast,3,1,8,2.19,A(FIO-Fast),21,4,100,4,1.9019,18,22,0,45,
FIO-Fast → YCSB-A → FIO-Fast,0,1,8,2.19,A(FIO-Fast),21,4,100,4,1.9081,18,22,0,45,
FIO-Fast → YCSB-A → FIO-Fast,1,1,8,2.19,A(FIO-Fast),21,4,100,4,1.8937,18,22,0,45,
FIO-Fast → YCSB-A → FIO-Fast,2,1,9,2.46,A(FIO-Fast),22,4,100,7,2.0027,18,23,0,45,
FIO-Fast → YCSB-A → FIO-Fast,3,1,9,2.46,A(FIO-Fast),22,4,100,7,2.0161,18,23,0,45,
FIO-Fast → YCSB-A → FIO-Fast,0,1,9,2.46,A(FIO-Fast),22,4,100,7,2.0206,18,23,0,45,
FIO-Fast → YCSB-A → FIO-Fast,1,1,9,2.46,A(FIO-Fast),22,4,100,7,2.0070,18,23,0,45,
FIO-Fast → YCSB-A → FIO-Fast,2,1,10,2.74,A(FIO-Fast),23,4,100,16,1.9717,18,24,0,45,
FIO-Fast → YCSB-A → FIO-Fast,0,1,10,2.74,A(FIO-Fast),23,4,100,16,1.9625,18,24,0,45,
FIO-Fast → YCSB-A → FIO-Fast,1,1,10,2.74,A(FIO-Fast),23,4,100,16,1.9585,18,24,0,45,
FIO-Fast → YCSB-A → FIO-Fast,3,1,10,2.74,A(FIO-Fast),23,4,100,16,1.9661,18,24,0,45,
FIO-Fast → YCSB-A → FIO-Fast,2,1,11,3.01,A(FIO-Fast),24,4,200,4,2.0027,18,25,0,45,
FIO-Fast → YCSB-A → FIO-Fast,3,1,11,3.01,A(FIO-Fast),24,4,200,4,2.0194,18,25,0,45,
FIO-Fast → YCSB-A → FIO-Fast,1,1,11,3.01,A(FIO-Fast),24,4,200,4,1.9978,18,25,0,45,
FIO-Fast → YCSB-A → FIO-Fast,0,1,11,3.01,A(FIO-Fast),24,4,200,4,1.9955,18,25,0,45,
FIO-Fast → YCSB-A → FIO-Fast,2,1,12,3.28,A(FIO-Fast),25,4,200,7,2.0078,18,26,0,45,
FIO-Fast → YCSB-A → FIO-Fast,3,1,12,3.28,A(FIO-Fast),25,4,200,7,2.0127,18,26,0,45,
FIO-Fast → YCSB-A → FIO-Fast,1,1,12,3.28,A(FIO-Fast),25,4,200,7,2.0022,18,26,0,45,
FIO-Fast → YCSB-A → FIO-Fast,0,1,12,3.28,A(FIO-Fast),25,4,200,7,2.0012,18,26,0,45,
FIO-Fast → YCSB-A → FIO-Fast,2,1,13,3.55,A(FIO-Fast),26,4,200,16,2.1166,18,27,0,45,
FIO-Fast → YCSB-A → FIO-Fast,1,1,13,3.55,A(FIO-Fast),26,4,200,16,2.1065,18,27,0,45,
FIO-Fast → YCSB-A → FIO-Fast,3,1,13,3.55,A(FIO-Fast),26,4,200,16,2.1067,18,27,0,45,
FIO-Fast → YCSB-A → FIO-Fast,0,1,13,3.55,A(FIO-Fast),26,4,200,16,2.0902,18,27,0,45,
FIO-Fast → YCSB-A → FIO-Fast,2,1,14,3.83,A(FIO-Fast),27,4,400,4,2.0450,18,28,0,45,
FIO-Fast → YCSB-A → FIO-Fast,3,1,14,3.83,A(FIO-Fast),27,4,400,4,2.0446,18,28,0,45,
FIO-Fast → YCSB-A → FIO-Fast,1,1,14,3.83,A(FIO-Fast),27,4,400,4,2.0131,18,28,0,45,
FIO-Fast → YCSB-A → FIO-Fast,0,1,14,3.83,A(FIO-Fast),27,4,400,4,2.0260,18,28,0,45,
FIO-Fast → YCSB-A → FIO-Fast,3,1,15,4.1,A(FIO-Fast),28,4,400,7,2.1205,18,29,0,45,
FIO-Fast → YCSB-A → FIO-Fast,0,1,15,4.1,A(FIO-Fast),28,4,400,7,2.1125,18,29,0,45,
FIO-Fast → YCSB-A → FIO-Fast,2,1,15,4.1,A(FIO-Fast),28,4,400,7,2.1207,18,29,0,45,
FIO-Fast → YCSB-A → FIO-Fast,1,1,15,4.1,A(FIO-Fast),28,4,400,7,2.1011,18,29,0,45,
FIO-Fast → YCSB-A → FIO-Fast,1,1,16,4.37,A(FIO-Fast),29,4,400,16,2.0666,18,30,0,45,
FIO-Fast → YCSB-A → FIO-Fast,2,1,16,4.37,A(FIO-Fast),29,4,400,16,2.0984,18,30,0,45,
FIO-Fast → YCSB-A → FIO-Fast,3,1,16,4.37,A(FIO-Fast),29,4,400,16,2.1089,18,30,0,45,
FIO-Fast → YCSB-A → FIO-Fast,0,1,16,4.37,A(FIO-Fast),29,4,400,16,2.0886,18,30,0,45,
FIO-Fast → YCSB-A → FIO-Fast,2,1,17,4.64,A(FIO-Fast),30,7,25,4,1.9137,18,31,0,45,
FIO-Fast → YCSB-A → FIO-Fast,0,1,17,4.64,A(FIO-Fast),30,7,25,4,1.9042,18,31,0,45,
FIO-Fast → YCSB-A → FIO-Fast,3,1,17,4.64,A(FIO-Fast),30,7,25,4,1.9025,18,31,0,45,
FIO-Fast → YCSB-A → FIO-Fast,1,1,17,4.65,A(FIO-Fast),30,7,25,4,1.9057,18,31,0,45,
FIO-Fast → YCSB-A → FIO-Fast,0,1,18,4.92,A(FIO-Fast),31,7,25,7,1.7194,18,32,0,45,
FIO-Fast → YCSB-A → FIO-Fast,2,1,18,4.92,A(FIO-Fast),31,7,25,7,1.7191,18,32,0,45,
FIO-Fast → YCSB-A → FIO-Fast,3,1,18,4.92,A(FIO-Fast),31,7,25,7,1.7191,18,32,0,45,
FIO-Fast → YCSB-A → FIO-Fast,1,1,18,4.92,A(FIO-Fast),31,7,25,7,1.7203,18,32,0,45,
FIO-Fast → YCSB-A → FIO-Fast,2,1,19,5.19,A(FIO-Fast),32,7,25,16,1.8158,18,33,0,45,
FIO-Fast → YCSB-A → FIO-Fast,0,1,19,5.19,A(FIO-Fast),32,7,25,16,1.8182,18,33,0,45,
FIO-Fast → YCSB-A → FIO-Fast,3,1,19,5.19,A(FIO-Fast),32,7,25,16,1.8191,18,33,0,45,
FIO-Fast → YCSB-A → FIO-Fast,1,1,19,5.19,A(FIO-Fast),32,7,25,16,1.8159,18,33,0,45,
FIO-Fast → YCSB-A → FIO-Fast,0,1,20,5.46,A(FIO-Fast),33,7,50,4,1.7362,18,34,0,45,
FIO-Fast → YCSB-A → FIO-Fast,3,1,20,5.46,A(FIO-Fast),33,7,50,4,1.7385,18,34,0,45,
FIO-Fast → YCSB-A → FIO-Fast,2,1,20,5.46,A(FIO-Fast),33,7,50,4,1.7305,18,34,0,45,
FIO-Fast → YCSB-A → FIO-Fast,1,1,20,5.46,A(FIO-Fast),33,7,50,4,1.7293,18,34,0,45,
FIO-Fast → YCSB-A → FIO-Fast,0,1,21,5.73,A(FIO-Fast),34,7,50,7,1.9918,18,35,0,45,
FIO-Fast → YCSB-A → FIO-Fast,2,1,21,5.73,A(FIO-Fast),34,7,50,7,1.9801,18,35,0,45,
FIO-Fast → YCSB-A → FIO-Fast,3,1,21,5.74,A(FIO-Fast),34,7,50,7,1.9814,18,35,0,45,
FIO-Fast → YCSB-A → FIO-Fast,1,1,21,5.74,A(FIO-Fast),34,7,50,7,1.9811,18,35,0,45,
FIO-Fast → YCSB-A → FIO-Fast,0,1,22,6.01,A(FIO-Fast),35,7,50,16,1.8956,18,36,0,45,
FIO-Fast → YCSB-A → FIO-Fast,2,1,22,6.01,A(FIO-Fast),35,7,50,16,1.9034,18,36,0,45,
FIO-Fast → YCSB-A → FIO-Fast,1,1,22,6.01,A(FIO-Fast),35,7,50,16,1.9056,18,36,0,45,
FIO-Fast → YCSB-A → FIO-Fast,3,1,22,6.01,A(FIO-Fast),35,7,50,16,1.9023,18,36,0,45,
FIO-Fast → YCSB-A → FIO-Fast,0,1,23,6.28,A(FIO-Fast),36,7,100,4,1.7594,18,38,0,45,
FIO-Fast → YCSB-A → FIO-Fast,2,1,23,6.28,A(FIO-Fast),36,7,100,4,1.7456,18,38,0,45,
FIO-Fast → YCSB-A → FIO-Fast,1,1,23,6.28,A(FIO-Fast),36,7,100,4,1.7501,18,38,0,45,
FIO-Fast → YCSB-A → FIO-Fast,3,1,23,6.28,A(FIO-Fast),36,7,100,4,1.7554,18,38,0,45,
FIO-Fast → YCSB-A → FIO-Fast,0,1,24,6.55,A(FIO-Fast),38,7,100,16,1.9939,18,39,0,45,
FIO-Fast → YCSB-A → FIO-Fast,2,1,24,6.55,A(FIO-Fast),38,7,100,16,1.9879,18,39,0,45,
FIO-Fast → YCSB-A → FIO-Fast,1,1,24,6.55,A(FIO-Fast),38,7,100,16,1.9914,18,39,0,45,
FIO-Fast → YCSB-A → FIO-Fast,3,1,24,6.55,A(FIO-Fast),38,7,100,16,1.9960,18,39,0,45,
FIO-Fast → YCSB-A → FIO-Fast,0,1,25,6.83,A(FIO-Fast),39,7,200,4,2.0301,18,40,0,45,
FIO-Fast → YCSB-A → FIO-Fast,2,1,25,6.83,A(FIO-Fast),39,7,200,4,2.0261,18,40,0,45,
FIO-Fast → YCSB-A → FIO-Fast,1,1,25,6.83,A(FIO-Fast),39,7,200,4,2.0480,18,40,0,45,
FIO-Fast → YCSB-A → FIO-Fast,3,1,25,6.83,A(FIO-Fast),39,7,200,4,2.0343,18,40,0,45,
FIO-Fast → YCSB-A → FIO-Fast,2,1,26,7.1,A(FIO-Fast),40,7,200,7,2.0178,18,41,0,45,
FIO-Fast → YCSB-A → FIO-Fast,0,1,26,7.1,A(FIO-Fast),40,7,200,7,2.0110,18,41,0,45,
FIO-Fast → YCSB-A → FIO-Fast,3,1,26,7.1,A(FIO-Fast),40,7,200,7,2.0163,18,41,0,45,
FIO-Fast → YCSB-A → FIO-Fast,1,1,26,7.1,A(FIO-Fast),40,7,200,7,2.0321,18,41,0,45,
FIO-Fast → YCSB-A → FIO-Fast,2,1,27,7.37,A(FIO-Fast),41,7,200,16,2.0851,18,42,0,45,
FIO-Fast → YCSB-A → FIO-Fast,0,1,27,7.37,A(FIO-Fast),41,7,200,16,2.0782,18,42,0,45,
FIO-Fast → YCSB-A → FIO-Fast,3,1,27,7.37,A(FIO-Fast),41,7,200,16,2.0801,18,42,0,45,
FIO-Fast → YCSB-A → FIO-Fast,1,1,27,7.37,A(FIO-Fast),41,7,200,16,2.0793,18,42,0,45,
FIO-Fast → YCSB-A → FIO-Fast,2,1,28,7.65,A(FIO-Fast),42,7,400,4,2.0345,18,43,0,45,
FIO-Fast → YCSB-A → FIO-Fast,3,1,28,7.65,A(FIO-Fast),42,7,400,4,2.0352,18,43,0,45,
FIO-Fast → YCSB-A → FIO-Fast,1,1,28,7.65,A(FIO-Fast),42,7,400,4,2.0450,18,43,0,45,
FIO-Fast → YCSB-A → FIO-Fast,0,1,28,7.65,A(FIO-Fast),42,7,400,4,2.0512,18,43,0,45,
FIO-Fast → YCSB-A → FIO-Fast,2,1,29,7.92,A(FIO-Fast),43,7,400,7,2.1176,18,44,0,45,
FIO-Fast → YCSB-A → FIO-Fast,1,1,29,7.92,A(FIO-Fast),43,7,400,7,2.1345,18,44,0,45,
FIO-Fast → YCSB-A → FIO-Fast,3,1,29,7.92,A(FIO-Fast),43,7,400,7,2.1292,18,44,0,45,
FIO-Fast → YCSB-A → FIO-Fast,0,1,29,7.92,A(FIO-Fast),43,7,400,7,2.1291,18,44,0,45,
FIO-Fast → YCSB-A → FIO-Fast,2,1,30,8.19,A(FIO-Fast),44,7,400,16,2.0593,18,45,0,45,
FIO-Fast → YCSB-A → FIO-Fast,1,1,30,8.19,A(FIO-Fast),44,7,400,16,2.0798,18,45,0,45,
FIO-Fast → YCSB-A → FIO-Fast,3,1,30,8.19,A(FIO-Fast),44,7,400,16,2.0668,18,45,0,45,
FIO-Fast → YCSB-A → FIO-Fast,0,1,30,8.19,A(FIO-Fast),44,7,400,16,2.0742,18,45,0,45,
FIO-Fast → YCSB-A → FIO-Fast,2,1,31,8.47,A(FIO-Fast),45,10,25,4,1.9051,18,46,0,45,
FIO-Fast → YCSB-A → FIO-Fast,1,1,31,8.47,A(FIO-Fast),45,10,25,4,1.9220,18,46,0,45,
FIO-Fast → YCSB-A → FIO-Fast,0,1,31,8.47,A(FIO-Fast),45,10,25,4,1.9185,18,46,0,45,
FIO-Fast → YCSB-A → FIO-Fast,3,1,31,8.47,A(FIO-Fast),45,10,25,4,1.9108,18,46,0,45,
FIO-Fast → YCSB-A → FIO-Fast,2,1,32,8.74,A(FIO-Fast),46,10,25,7,1.7117,18,47,0,45,
FIO-Fast → YCSB-A → FIO-Fast,3,1,32,8.74,A(FIO-Fast),46,10,25,7,1.7122,18,47,0,45,
FIO-Fast → YCSB-A → FIO-Fast,1,1,32,8.74,A(FIO-Fast),46,10,25,7,1.7172,18,47,0,45,
FIO-Fast → YCSB-A → FIO-Fast,0,1,32,8.74,A(FIO-Fast),46,10,25,7,1.7121,18,47,0,45,
FIO-Fast → YCSB-A → FIO-Fast,2,1,33,9.01,A(FIO-Fast),47,10,25,16,1.8018,18,48,0,45,
FIO-Fast → YCSB-A → FIO-Fast,1,1,33,9.01,A(FIO-Fast),47,10,25,16,1.8082,18,48,0,45,
FIO-Fast → YCSB-A → FIO-Fast,0,1,33,9.01,A(FIO-Fast),47,10,25,16,1.7966,18,48,0,45,
FIO-Fast → YCSB-A → FIO-Fast,3,1,33,9.01,A(FIO-Fast),47,10,25,16,1.7945,18,48,0,45,
FIO-Fast → YCSB-A → FIO-Fast,2,1,34,9.29,A(FIO-Fast),48,10,50,4,1.6901,48,49,0,45,
FIO-Fast → YCSB-A → FIO-Fast,1,1,34,9.29,A(FIO-Fast),48,10,50,4,1.6904,48,49,0,45,
FIO-Fast → YCSB-A → FIO-Fast,0,1,34,9.29,A(FIO-Fast),48,10,50,4,1.6932,48,49,0,45,
FIO-Fast → YCSB-A → FIO-Fast,3,1,34,9.29,A(FIO-Fast),48,10,50,4,1.6932,48,49,0,45,
FIO-Fast → YCSB-A → FIO-Fast,0,1,35,9.56,A(FIO-Fast),49,10,50,7,1.8723,48,50,0,45,
FIO-Fast → YCSB-A → FIO-Fast,2,1,35,9.56,A(FIO-Fast),49,10,50,7,1.8811,48,50,0,45,
FIO-Fast → YCSB-A → FIO-Fast,1,1,35,9.56,A(FIO-Fast),49,10,50,7,1.8809,48,50,0,45,
FIO-Fast → YCSB-A → FIO-Fast,3,1,35,9.56,A(FIO-Fast),49,10,50,7,1.8624,48,50,0,45,
FIO-Fast → YCSB-A → FIO-Fast,0,1,36,9.83,A(FIO-Fast),50,10,50,16,1.8419,48,51,0,45,
FIO-Fast → YCSB-A → FIO-Fast,1,1,36,9.83,A(FIO-Fast),50,10,50,16,1.8344,48,51,0,45,
FIO-Fast → YCSB-A → FIO-Fast,2,1,36,9.83,A(FIO-Fast),50,10,50,16,1.8152,48,51,0,45,
FIO-Fast → YCSB-A → FIO-Fast,3,1,36,9.83,A(FIO-Fast),50,10,50,16,1.8295,48,51,0,45,
FIO-Fast → YCSB-A → FIO-Fast,0,1,37,10.1,A(FIO-Fast),51,10,100,4,1.7672,48,52,0,45,
FIO-Fast → YCSB-A → FIO-Fast,2,1,37,10.1,A(FIO-Fast),51,10,100,4,1.7667,48,52,0,45,
FIO-Fast → YCSB-A → FIO-Fast,1,1,37,10.11,A(FIO-Fast),51,10,100,4,1.7558,48,52,0,45,
FIO-Fast → YCSB-A → FIO-Fast,3,1,37,10.11,A(FIO-Fast),51,10,100,4,1.7738,48,52,0,45,
FIO-Fast → YCSB-A → FIO-Fast,0,1,38,10.38,A(FIO-Fast),52,10,100,7,1.9538,48,53,0,45,
FIO-Fast → YCSB-A → FIO-Fast,1,1,38,10.38,A(FIO-Fast),52,10,100,7,1.9702,48,53,0,45,
FIO-Fast → YCSB-A → FIO-Fast,2,1,38,10.38,A(FIO-Fast),52,10,100,7,1.9494,48,53,0,45,
FIO-Fast → YCSB-A → FIO-Fast,3,1,38,10.38,A(FIO-Fast),52,10,100,7,1.9538,48,53,0,45,
FIO-Fast → YCSB-A → FIO-Fast,2,1,39,10.65,A(FIO-Fast),53,10,100,16,2.0757,48,54,0,45,
FIO-Fast → YCSB-A → FIO-Fast,0,1,39,10.65,A(FIO-Fast),53,10,100,16,2.0603,48,54,0,45,
FIO-Fast → YCSB-A → FIO-Fast,1,1,39,10.65,A(FIO-Fast),53,10,100,16,2.0655,48,54,0,45,
FIO-Fast → YCSB-A → FIO-Fast,3,1,39,10.65,A(FIO-Fast),53,10,100,16,2.0626,48,54,0,45,
FIO-Fast → YCSB-A → FIO-Fast,0,1,40,10.92,A(FIO-Fast),54,10,200,4,1.8451,48,55,0,45,
FIO-Fast → YCSB-A → FIO-Fast,2,1,40,10.92,A(FIO-Fast),54,10,200,4,1.8515,48,55,0,45,
FIO-Fast → YCSB-A → FIO-Fast,1,1,40,10.92,A(FIO-Fast),54,10,200,4,1.8437,48,55,0,45,
FIO-Fast → YCSB-A → FIO-Fast,3,1,40,10.92,A(FIO-Fast),54,10,200,4,1.8406,48,55,0,45,
FIO-Fast → YCSB-A → FIO-Fast,2,1,41,11.2,A(FIO-Fast),55,10,200,7,2.0425,48,56,0,45,
FIO-Fast → YCSB-A → FIO-Fast,0,1,41,11.2,A(FIO-Fast),55,10,200,7,2.0470,48,56,0,45,
FIO-Fast → YCSB-A → FIO-Fast,3,1,41,11.2,A(FIO-Fast),55,10,200,7,2.0576,48,56,0,45,
FIO-Fast → YCSB-A → FIO-Fast,1,1,41,11.2,A(FIO-Fast),55,10,200,7,2.0500,48,56,0,45,
FIO-Fast → YCSB-A → FIO-Fast,2,1,42,11.47,A(FIO-Fast),56,10,200,16,1.9784,48,57,0,45,
FIO-Fast → YCSB-A → FIO-Fast,3,1,42,11.47,A(FIO-Fast),56,10,200,16,2.0002,48,57,0,45,
FIO-Fast → YCSB-A → FIO-Fast,0,1,42,11.47,A(FIO-Fast),56,10,200,16,1.9998,48,57,0,45,
FIO-Fast → YCSB-A → FIO-Fast,1,1,42,11.47,A(FIO-Fast),56,10,200,16,1.9878,48,57,0,45,
FIO-Fast → YCSB-A → FIO-Fast,2,1,43,11.74,A(FIO-Fast),57,10,400,4,2.0404,48,58,0,45,
FIO-Fast → YCSB-A → FIO-Fast,0,1,43,11.74,A(FIO-Fast),57,10,400,4,2.0335,48,58,0,45,
FIO-Fast → YCSB-A → FIO-Fast,1,1,43,11.74,A(FIO-Fast),57,10,400,4,2.0335,48,58,0,45,
FIO-Fast → YCSB-A → FIO-Fast,3,1,43,11.74,A(FIO-Fast),57,10,400,4,2.0361,48,58,0,45,
FIO-Fast → YCSB-A → FIO-Fast,2,1,44,12.02,A(FIO-Fast),58,10,400,7,2.0245,48,59,0,45,
FIO-Fast → YCSB-A → FIO-Fast,1,1,44,12.02,A(FIO-Fast),58,10,400,7,2.0228,48,59,0,45,
FIO-Fast → YCSB-A → FIO-Fast,0,1,44,12.02,A(FIO-Fast),58,10,400,7,2.0095,48,59,0,45,
FIO-Fast → YCSB-A → FIO-Fast,3,1,44,12.02,A(FIO-Fast),58,10,400,7,2.0289,48,59,0,45,
FIO-Fast → YCSB-A → FIO-Fast,1,1,45,12.29,A(FIO-Fast),59,10,400,16,2.0892,48,48,0,22,후보 제거 45→22
FIO-Fast → YCSB-A → FIO-Fast,0,1,45,12.29,A(FIO-Fast),59,10,400,16,2.0897,48,48,0,22,후보 제거 45→22
FIO-Fast → YCSB-A → FIO-Fast,2,1,45,12.29,A(FIO-Fast),59,10,400,16,2.0961,48,48,0,22,후보 제거 45→22
FIO-Fast → YCSB-A → FIO-Fast,3,1,45,12.29,A(FIO-Fast),59,10,400,16,2.0928,48,48,0,22,후보 제거 45→22
FIO-Fast → YCSB-A → FIO-Fast,1,1,46,12.56,A(FIO-Fast),48,10,50,4,1.8731,18,18,0,21,후보 제거 22→21
FIO-Fast → YCSB-A → FIO-Fast,2,1,46,12.56,A(FIO-Fast),48,10,50,4,1.8801,46,46,0,21,후보 제거 22→21
FIO-Fast → YCSB-A → FIO-Fast,3,1,46,12.56,A(FIO-Fast),48,10,50,4,1.8741,46,18,0,21,후보 제거 22→21
FIO-Fast → YCSB-A → FIO-Fast,0,1,46,12.56,A(FIO-Fast),48,10,50,4,1.8606,18,18,0,21,후보 제거 22→21
FIO-Fast → YCSB-A → FIO-Fast,1,1,47,12.84,A(FIO-Fast),18,4,50,4,1.9853,46,46,0,21,
FIO-Fast → YCSB-A → FIO-Fast,2,1,47,12.84,A(FIO-Fast),46,10,25,7,1.8649,31,18,0,21,
FIO-Fast → YCSB-A → FIO-Fast,3,1,47,12.84,A(FIO-Fast),18,4,50,4,1.9857,46,46,0,21,
FIO-Fast → YCSB-A → FIO-Fast,0,1,47,12.84,A(FIO-Fast),18,4,50,4,1.9718,46,46,0,21,
FIO-Fast → YCSB-A → FIO-Fast,2,1,48,13.11,A(FIO-Fast),18,4,50,4,1.7427,31,31,0,21,
FIO-Fast → YCSB-A → FIO-Fast,0,1,48,13.11,A(FIO-Fast),46,10,25,7,1.7409,46,31,0,21,
FIO-Fast → YCSB-A → FIO-Fast,1,1,48,13.11,A(FIO-Fast),46,10,25,7,1.7335,46,31,0,21,
FIO-Fast → YCSB-A → FIO-Fast,3,1,48,13.11,A(FIO-Fast),46,10,25,7,1.7392,46,31,0,21,
FIO-Fast → YCSB-A → FIO-Fast,3,1,49,13.38,A(FIO-Fast),31,7,25,7,1.7881,46,33,0,21,
FIO-Fast → YCSB-A → FIO-Fast,2,1,49,13.38,A(FIO-Fast),31,7,25,7,1.8152,33,33,0,21,
FIO-Fast → YCSB-A → FIO-Fast,0,1,49,13.38,A(FIO-Fast),31,7,25,7,1.7706,46,33,0,21,
FIO-Fast → YCSB-A → FIO-Fast,1,1,49,13.38,A(FIO-Fast),31,7,25,7,1.7755,46,33,0,21,
FIO-Fast → YCSB-A → FIO-Fast,1,1,50,13.66,A(FIO-Fast),33,7,50,4,1.7544,46,36,0,21,
FIO-Fast → YCSB-A → FIO-Fast,3,1,50,13.66,A(FIO-Fast),33,7,50,4,1.7518,46,36,0,21,
FIO-Fast → YCSB-A → FIO-Fast,2,1,50,13.66,A(FIO-Fast),33,7,50,4,1.7336,33,36,0,21,
FIO-Fast → YCSB-A → FIO-Fast,0,1,50,13.66,A(FIO-Fast),33,7,50,4,1.7557,46,36,0,21,
FIO-Fast → YCSB-A → FIO-Fast,1,1,51,13.93,A(FIO-Fast),36,7,100,4,2.0352,46,51,0,21,
FIO-Fast → YCSB-A → FIO-Fast,0,1,51,13.93,A(FIO-Fast),36,7,100,4,2.0321,46,51,0,21,
FIO-Fast → YCSB-A → FIO-Fast,3,1,51,13.93,A(FIO-Fast),36,7,100,4,2.0214,46,51,0,21,
FIO-Fast → YCSB-A → FIO-Fast,2,1,51,13.93,A(FIO-Fast),36,7,100,4,1.9932,33,51,0,21,
FIO-Fast → YCSB-A → FIO-Fast,0,1,52,14.2,A(FIO-Fast),51,10,100,4,2.0219,46,17,0,21,
FIO-Fast → YCSB-A → FIO-Fast,1,1,52,14.2,A(FIO-Fast),51,10,100,4,2.0437,46,17,0,21,
FIO-Fast → YCSB-A → FIO-Fast,2,1,52,14.2,A(FIO-Fast),51,10,100,4,2.0116,33,17,0,21,
FIO-Fast → YCSB-A → FIO-Fast,3,1,52,14.2,A(FIO-Fast),51,10,100,4,2.0304,46,17,0,21,
FIO-Fast → YCSB-A → FIO-Fast,1,1,53,14.47,A(FIO-Fast),17,4,25,16,2.0690,46,47,0,21,
FIO-Fast → YCSB-A → FIO-Fast,0,1,53,14.47,A(FIO-Fast),17,4,25,16,2.0710,46,47,0,21,
FIO-Fast → YCSB-A → FIO-Fast,2,1,53,14.48,A(FIO-Fast),17,4,25,16,2.0791,33,47,0,21,
FIO-Fast → YCSB-A → FIO-Fast,3,1,53,14.48,A(FIO-Fast),17,4,25,16,2.0638,46,47,0,21,
FIO-Fast → YCSB-A → FIO-Fast,1,1,54,14.75,A(FIO-Fast),47,10,25,16,1.6932,46,32,0,21,
FIO-Fast → YCSB-A → FIO-Fast,0,1,54,14.75,A(FIO-Fast),47,10,25,16,1.6960,46,32,0,21,
FIO-Fast → YCSB-A → FIO-Fast,2,1,54,14.75,A(FIO-Fast),47,10,25,16,1.7040,33,32,0,21,
FIO-Fast → YCSB-A → FIO-Fast,3,1,54,14.75,A(FIO-Fast),47,10,25,16,1.6941,46,32,0,21,
FIO-Fast → YCSB-A → FIO-Fast,0,1,55,15.02,A(FIO-Fast),32,7,25,16,1.8312,46,50,0,21,
FIO-Fast → YCSB-A → FIO-Fast,2,1,55,15.02,A(FIO-Fast),32,7,25,16,1.8306,33,50,0,21,
FIO-Fast → YCSB-A → FIO-Fast,1,1,55,15.02,A(FIO-Fast),32,7,25,16,1.8311,46,50,0,21,
FIO-Fast → YCSB-A → FIO-Fast,3,1,55,15.02,A(FIO-Fast),32,7,25,16,1.8336,46,50,0,21,
FIO-Fast → YCSB-A → FIO-Fast,0,1,56,15.29,A(FIO-Fast),50,10,50,16,1.8146,46,54,0,21,
FIO-Fast → YCSB-A → FIO-Fast,1,1,56,15.29,A(FIO-Fast),50,10,50,16,1.8157,46,54,0,21,
FIO-Fast → YCSB-A → FIO-Fast,2,1,56,15.29,A(FIO-Fast),50,10,50,16,1.8106,33,54,0,21,
FIO-Fast → YCSB-A → FIO-Fast,3,1,56,15.29,A(FIO-Fast),50,10,50,16,1.8265,46,54,0,21,
FIO-Fast → YCSB-A → FIO-Fast,2,1,57,15.57,A(FIO-Fast),54,10,200,4,1.8192,33,16,0,21,
FIO-Fast → YCSB-A → FIO-Fast,3,1,57,15.57,A(FIO-Fast),54,10,200,4,1.8160,46,19,0,21,
FIO-Fast → YCSB-A → FIO-Fast,0,1,57,15.57,A(FIO-Fast),54,10,200,4,1.8234,46,19,0,21,
FIO-Fast → YCSB-A → FIO-Fast,1,1,57,15.57,A(FIO-Fast),54,10,200,4,1.8133,46,19,0,21,
FIO-Fast → YCSB-A → FIO-Fast,2,1,58,15.84,A(FIO-Fast),16,4,25,7,1.8662,33,37,0,21,
FIO-Fast → YCSB-A → FIO-Fast,3,1,58,15.84,A(FIO-Fast),19,4,50,7,1.9534,46,16,0,21,
FIO-Fast → YCSB-A → FIO-Fast,1,1,58,15.84,A(FIO-Fast),19,4,50,7,1.9618,46,37,0,21,
FIO-Fast → YCSB-A → FIO-Fast,0,1,58,15.84,A(FIO-Fast),19,4,50,7,1.9644,46,37,0,21,
FIO-Fast → YCSB-A → FIO-Fast,2,1,59,16.11,A(FIO-Fast),37,7,100,7,1.8303,33,19,0,21,
FIO-Fast → YCSB-A → FIO-Fast,3,1,59,16.11,A(FIO-Fast),16,4,25,7,1.8725,46,49,0,21,
FIO-Fast → YCSB-A → FIO-Fast,0,1,59,16.11,A(FIO-Fast),37,7,100,7,1.9671,46,16,0,21,
FIO-Fast → YCSB-A → FIO-Fast,1,1,59,16.11,A(FIO-Fast),37,7,100,7,1.9808,46,16,0,21,
FIO-Fast → YCSB-A → FIO-Fast,2,1,60,16.39,A(FIO-Fast),19,4,50,7,1.8871,33,15,0,21,
FIO-Fast → YCSB-A → FIO-Fast,3,1,60,16.39,A(FIO-Fast),49,10,50,7,1.7133,46,37,0,21,
FIO-Fast → YCSB-A → FIO-Fast,0,1,60,16.39,A(FIO-Fast),16,4,25,7,1.8198,46,49,0,21,
FIO-Fast → YCSB-A → FIO-Fast,1,1,60,16.39,A(FIO-Fast),16,4,25,7,1.8152,46,49,0,21,
FIO-Fast → YCSB-A → FIO-Fast,3,1,61,16.66,A(FIO-Fast),37,7,100,7,1.9153,46,15,0,21,
FIO-Fast → YCSB-A → FIO-Fast,0,1,61,16.66,A(FIO-Fast),49,10,50,7,1.7803,46,15,0,21,
FIO-Fast → YCSB-A → FIO-Fast,2,1,61,16.66,A(FIO-Fast),15,4,25,4,1.8629,33,49,0,21,
FIO-Fast → YCSB-A → FIO-Fast,1,1,61,16.66,A(FIO-Fast),49,10,50,7,1.7782,46,15,0,21,
FIO-Fast → YCSB-A → FIO-Fast,0,1,62,16.93,A(FIO-Fast),15,4,25,4,1.7859,46,35,0,21,
FIO-Fast → YCSB-A → FIO-Fast,2,1,62,16.93,A(FIO-Fast),49,10,50,7,1.7496,33,21,0,21,
FIO-Fast → YCSB-A → FIO-Fast,3,1,62,16.93,A(FIO-Fast),15,4,25,4,1.7959,46,21,0,21,
FIO-Fast → YCSB-A → FIO-Fast,1,1,62,16.93,A(FIO-Fast),15,4,25,4,1.7904,46,21,0,21,
FIO-Fast → YCSB-A → FIO-Fast,0,1,63,17.21,A(FIO-Fast),35,7,50,16,1.8906,46,30,0,21,
FIO-Fast → YCSB-A → FIO-Fast,1,1,63,17.21,A(FIO-Fast),21,4,100,4,1.9547,46,30,0,21,
FIO-Fast → YCSB-A → FIO-Fast,3,1,63,17.21,A(FIO-Fast),21,4,100,4,1.9099,46,30,0,21,
FIO-Fast → YCSB-A → FIO-Fast,2,1,63,17.21,A(FIO-Fast),21,4,100,4,1.8811,33,35,0,21,
FIO-Fast → YCSB-A → FIO-Fast,1,1,64,17.48,A(FIO-Fast),30,7,25,4,1.7751,46,35,0,21,
FIO-Fast → YCSB-A → FIO-Fast,0,1,64,17.48,A(FIO-Fast),30,7,25,4,1.6740,46,21,0,21,
FIO-Fast → YCSB-A → FIO-Fast,2,1,64,17.48,A(FIO-Fast),35,7,50,16,1.8751,33,45,0,21,
FIO-Fast → YCSB-A → FIO-Fast,3,1,64,17.48,A(FIO-Fast),30,7,25,4,1.7605,46,35,0,21,
FIO-Fast → YCSB-A → FIO-Fast,3,1,65,17.75,A(FIO-Fast),35,7,50,16,1.8596,46,45,0,21,
FIO-Fast → YCSB-A → FIO-Fast,2,1,65,17.75,A(FIO-Fast),45,10,25,4,1.6454,33,30,0,21,
FIO-Fast → YCSB-A → FIO-Fast,0,1,65,17.75,A(FIO-Fast),21,4,100,4,1.7962,46,45,0,21,
FIO-Fast → YCSB-A → FIO-Fast,1,1,65,17.75,A(FIO-Fast),35,7,50,16,1.8680,46,45,0,21,
FIO-Fast → YCSB-A → FIO-Fast,3,1,66,18.03,A(FIO-Fast),45,10,25,4,1.6446,46,46,0,21,
FIO-Fast → YCSB-A → FIO-Fast,1,1,66,18.03,A(FIO-Fast),45,10,25,4,1.6438,46,46,0,21,
FIO-Fast → YCSB-A → FIO-Fast,2,1,66,18.03,A(FIO-Fast),30,7,25,4,1.7206,33,18,0,21,
FIO-Fast → YCSB-A → FIO-Fast,0,1,66,18.03,A(FIO-Fast),45,10,25,4,1.7261,46,46,0,21,
FIO-Fast → YCSB-A → FIO-Fast,1,1,67,18.3,A(FIO-Fast),46,10,25,7,1.8191,33,33,0,21,
FIO-Fast → YCSB-A → FIO-Fast,2,1,67,18.3,A(FIO-Fast),18,4,50,4,1.9601,33,33,0,21,
FIO-Fast → YCSB-A → FIO-Fast,0,1,67,18.3,A(FIO-Fast),46,10,25,7,1.8523,31,31,0,21,
FIO-Fast → YCSB-A → FIO-Fast,3,1,67,18.3,A(FIO-Fast),46,10,25,7,1.8033,46,47,0,21,
FIO-Fast → YCSB-A → FIO-Fast,1,1,68,18.57,A(FIO-Fast),33,7,50,4,1.8047,31,31,0,21,
FIO-Fast → YCSB-A → FIO-Fast,2,1,68,18.57,A(FIO-Fast),33,7,50,4,1.8911,47,47,0,21,
FIO-Fast → YCSB-A → FIO-Fast,0,1,68,18.57,A(FIO-Fast),31,7,25,7,1.7737,33,33,0,21,
FIO-Fast → YCSB-A → FIO-Fast,3,1,68,18.57,A(FIO-Fast),47,10,25,16,1.8885,46,33,0,21,
FIO-Fast → YCSB-A → FIO-Fast,1,1,69,18.84,A(FIO-Fast),31,7,25,7,1.9295,47,47,0,21,
FIO-Fast → YCSB-A → FIO-Fast,2,1,69,18.84,A(FIO-Fast),47,10,25,16,2.0234,31,31,0,21,
FIO-Fast → YCSB-A → FIO-Fast,0,1,69,18.84,A(FIO-Fast),33,7,50,4,1.9508,47,47,0,21,
FIO-Fast → YCSB-A → FIO-Fast,3,1,69,18.85,A(FIO-Fast),33,7,50,4,1.7705,46,31,0,21,
FIO-Fast → YCSB-A → FIO-Fast,2,1,70,19.12,A(FIO-Fast),31,7,25,7,1.7289,31,45,0,21,
FIO-Fast → YCSB-A → FIO-Fast,1,1,70,19.12,A(FIO-Fast),47,10,25,16,1.8788,46,48,0,21,
FIO-Fast → YCSB-A → FIO-Fast,0,1,70,19.12,A(FIO-Fast),47,10,25,16,1.9523,31,48,0,21,
FIO-Fast → YCSB-A → FIO-Fast,3,1,70,19.12,A(FIO-Fast),31,7,25,7,1.8000,46,45,0,21,
FIO-Fast → YCSB-A → FIO-Fast,0,1,71,19.39,A(FIO-Fast),48,10,50,4,1.7208,31,30,0,21,
FIO-Fast → YCSB-A → FIO-Fast,2,1,71,19.39,A(FIO-Fast),45,10,25,4,1.8335,31,48,0,21,
FIO-Fast → YCSB-A → FIO-Fast,1,1,71,19.39,A(FIO-Fast),48,10,50,4,1.7467,46,45,0,21,
FIO-Fast → YCSB-A → FIO-Fast,3,1,71,19.39,A(FIO-Fast),45,10,25,4,1.8518,46,48,0,21,
FIO-Fast → YCSB-A → FIO-Fast,0,1,72,19.66,A(FIO-Fast),30,7,25,4,1.7941,31,45,0,21,
FIO-Fast → YCSB-A → FIO-Fast,1,1,72,19.66,A(FIO-Fast),45,10,25,4,1.7722,46,32,0,21,
FIO-Fast → YCSB-A → FIO-Fast,2,1,72,19.66,A(FIO-Fast),48,10,50,4,1.8269,31,46,0,21,
FIO-Fast → YCSB-A → FIO-Fast,3,1,72,19.66,A(FIO-Fast),48,10,50,4,1.8750,46,49,0,21,
FIO-Fast → YCSB-A → FIO-Fast,1,1,73,19.94,A(FIO-Fast),32,7,25,16,1.9361,46,50,0,21,
FIO-Fast → YCSB-A → FIO-Fast,0,1,73,19.94,A(FIO-Fast),45,10,25,4,1.9408,31,32,0,21,
FIO-Fast → YCSB-A → FIO-Fast,2,1,73,19.94,A(FIO-Fast),46,10,25,7,1.9245,31,50,0,21,
FIO-Fast → YCSB-A → FIO-Fast,3,1,73,19.94,A(FIO-Fast),49,10,50,7,1.9421,46,32,0,21,
FIO-Fast → YCSB-A → FIO-Fast,0,1,74,20.21,A(FIO-Fast),32,7,25,16,1.9199,31,49,0,21,
FIO-Fast → YCSB-A → FIO-Fast,1,1,74,20.21,A(FIO-Fast),50,10,50,16,1.7464,46,54,0,21,
FIO-Fast → YCSB-A → FIO-Fast,2,1,74,20.21,A(FIO-Fast),50,10,50,16,1.7660,31,49,0,21,
FIO-Fast → YCSB-A → FIO-Fast,3,1,74,20.21,A(FIO-Fast),32,7,25,16,1.8455,46,50,0,21,
FIO-Fast → YCSB-A → FIO-Fast,0,1,75,20.48,A(FIO-Fast),49,10,50,7,1.6572,31,50,0,21,
FIO-Fast → YCSB-A → FIO-Fast,1,1,75,20.48,A(FIO-Fast),54,10,200,4,1.7579,46,49,0,21,
FIO-Fast → YCSB-A → FIO-Fast,3,1,75,20.48,A(FIO-Fast),50,10,50,16,1.7430,46,54,0,21,
FIO-Fast → YCSB-A → FIO-Fast,2,1,75,20.48,A(FIO-Fast),49,10,50,7,1.7161,31,30,0,21,
FIO-Fast → YCSB-A → FIO-Fast,0,1,76,20.76,A(FIO-Fast),50,10,50,16,1.7813,31,54,0,21,
FIO-Fast → YCSB-A → FIO-Fast,1,1,76,20.76,A(FIO-Fast),49,10,50,7,1.7747,46,15,0,21,
FIO-Fast → YCSB-A → FIO-Fast,3,1,76,20.76,A(FIO-Fast),54,10,200,4,1.7562,46,30,0,21,
FIO-Fast → YCSB-A → FIO-Fast,2,1,76,20.76,A(FIO-Fast),30,7,25,4,1.7594,31,32,0,21,
FIO-Fast → YCSB-A → FIO-Fast,1,1,77,21.03,A(FIO-Fast),15,4,25,4,1.8437,46,30,0,21,
FIO-Fast → YCSB-A → FIO-Fast,3,1,77,21.03,A(FIO-Fast),30,7,25,4,1.8582,46,15,0,21,
FIO-Fast → YCSB-A → FIO-Fast,0,1,77,21.03,A(FIO-Fast),54,10,200,4,1.7190,31,15,0,21,
FIO-Fast → YCSB-A → FIO-Fast,2,1,77,21.03,A(FIO-Fast),32,7,25,16,1.8777,31,54,0,21,
FIO-Fast → YCSB-A → FIO-Fast,1,1,78,21.3,A(FIO-Fast),30,7,25,4,1.7517,46,16,0,21,
FIO-Fast → YCSB-A → FIO-Fast,0,1,78,21.3,A(FIO-Fast),15,4,25,4,1.8022,31,18,0,21,
FIO-Fast → YCSB-A → FIO-Fast,2,1,78,21.3,A(FIO-Fast),54,10,200,4,1.7308,31,37,0,21,
FIO-Fast → YCSB-A → FIO-Fast,3,1,78,21.3,A(FIO-Fast),15,4,25,4,1.7781,46,46,0,21,
FIO-Fast → YCSB-A → FIO-Fast,0,1,79,21.58,A(FIO-Fast),18,4,50,4,1.8811,31,16,0,21,
FIO-Fast → YCSB-A → FIO-Fast,1,1,79,21.58,A(FIO-Fast),16,4,25,7,1.8344,46,18,0,21,
FIO-Fast → YCSB-A → FIO-Fast,2,1,79,21.58,A(FIO-Fast),37,7,100,7,1.8713,31,31,0,21,
FIO-Fast → YCSB-A → FIO-Fast,3,1,79,21.58,A(FIO-Fast),46,10,25,7,1.8233,33,33,0,21,
FIO-Fast → YCSB-A → FIO-Fast,1,1,80,21.85,A(FIO-Fast),18,4,50,4,1.7342,46,46,0,21,
FIO-Fast → YCSB-A → FIO-Fast,0,1,80,21.85,A(FIO-Fast),16,4,25,7,1.7763,31,31,0,21,
FIO-Fast → YCSB-A → FIO-Fast,3,1,80,21.85,A(FIO-Fast),33,7,50,4,1.7364,33,18,0,21,
FIO-Fast → YCSB-A → FIO-Fast,2,1,80,21.85,A(FIO-Fast),31,7,25,7,1.7398,31,16,0,21,
FIO-Fast → YCSB-A → FIO-Fast,1,1,81,22.12,A(FIO-Fast),46,10,25,7,1.7983,46,33,0,21,
FIO-Fast → YCSB-A → FIO-Fast,0,1,81,22.12,A(FIO-Fast),31,7,25,7,1.7038,31,21,0,21,
FIO-Fast → YCSB-A → FIO-Fast,2,1,81,22.12,A(FIO-Fast),16,4,25,7,1.7587,31,36,0,21,
FIO-Fast → YCSB-A → FIO-Fast,3,1,81,22.12,A(FIO-Fast),18,4,50,4,1.8943,33,31,0,21,
FIO-Fast → YCSB-A → FIO-Fast,2,1,82,22.4,A(FIO-Fast),36,7,100,4,1.7522,31,15,0,21,
FIO-Fast → YCSB-A → FIO-Fast,1,1,82,22.4,A(FIO-Fast),33,7,50,4,1.7460,46,48,0,21,
FIO-Fast → YCSB-A → FIO-Fast,3,1,82,22.4,A(FIO-Fast),31,7,25,7,1.7393,33,16,0,21,
FIO-Fast → YCSB-A → FIO-Fast,0,1,82,22.4,A(FIO-Fast),21,4,100,4,1.7710,31,48,0,21,
FIO-Fast → YCSB-A → FIO-Fast,2,1,83,22.67,A(FIO-Fast),15,4,25,4,1.9351,31,49,0,21,
FIO-Fast → YCSB-A → FIO-Fast,1,1,83,22.67,A(FIO-Fast),48,10,50,4,1.9366,46,45,0,21,
FIO-Fast → YCSB-A → FIO-Fast,3,1,83,22.67,A(FIO-Fast),16,4,25,7,1.8423,33,35,0,21,
FIO-Fast → YCSB-A → FIO-Fast,0,1,83,22.67,A(FIO-Fast),48,10,50,4,1.9554,31,46,0,21,
FIO-Fast → YCSB-A → FIO-Fast,3,1,84,22.94,A(FIO-Fast),35,7,50,16,1.8725,33,47,0,21,
FIO-Fast → YCSB-A → FIO-Fast,1,1,84,22.94,A(FIO-Fast),45,10,25,4,1.7924,46,35,0,21,
FIO-Fast → YCSB-A → FIO-Fast,2,1,84,22.94,A(FIO-Fast),49,10,50,7,1.8078,31,33,0,21,
FIO-Fast → YCSB-A → FIO-Fast,0,1,84,22.94,A(FIO-Fast),46,10,25,7,1.7610,31,49,0,21,
FIO-Fast → YCSB-A → FIO-Fast,3,1,85,23.21,A(FIO-Fast),47,10,25,16,1.8564,33,36,0,21,
FIO-Fast → YCSB-A → FIO-Fast,2,1,85,23.21,A(FIO-Fast),33,7,50,4,2.0161,31,19,0,21,
FIO-Fast → YCSB-A → FIO-Fast,1,1,85,23.21,A(FIO-Fast),35,7,50,16,1.9710,46,47,0,21,
FIO-Fast → YCSB-A → FIO-Fast,0,1,85,23.22,A(FIO-Fast),49,10,50,7,1.9341,31,30,0,21,
FIO-Fast → YCSB-A → FIO-Fast,3,1,86,23.49,A(FIO-Fast),36,7,100,4,1.7931,33,37,0,21,
FIO-Fast → YCSB-A → FIO-Fast,1,1,86,23.49,A(FIO-Fast),47,10,25,16,1.8040,46,36,0,21,
FIO-Fast → YCSB-A → FIO-Fast,2,1,86,23.49,A(FIO-Fast),19,4,50,7,1.9908,31,21,0,21,
FIO-Fast → YCSB-A → FIO-Fast,0,1,86,23.49,A(FIO-Fast),30,7,25,4,1.7928,31,54,0,21,
FIO-Fast → YCSB-A → FIO-Fast,3,1,87,23.76,A(FIO-Fast),37,7,100,7,2.0868,33,50,0,21,
FIO-Fast → YCSB-A → FIO-Fast,1,1,87,23.76,A(FIO-Fast),36,7,100,4,1.8026,46,50,0,21,
FIO-Fast → YCSB-A → FIO-Fast,2,1,87,23.76,A(FIO-Fast),21,4,100,4,2.0693,31,35,0,21,
FIO-Fast → YCSB-A → FIO-Fast,0,1,87,23.76,A(FIO-Fast),54,10,200,4,2.1144,31,35,0,21,
FIO-Fast → YCSB-A → FIO-Fast,3,1,88,24.03,A(FIO-Fast),50,10,50,16,1.8310,33,45,0,21,
FIO-Fast → YCSB-A → FIO-Fast,1,1,88,24.03,A(FIO-Fast),50,10,50,16,1.8552,46,51,0,21,
FIO-Fast → YCSB-A → FIO-Fast,2,1,88,24.03,A(FIO-Fast),35,7,50,16,1.9561,31,51,0,21,
FIO-Fast → YCSB-A → FIO-Fast,0,1,88,24.03,A(FIO-Fast),35,7,50,16,1.9651,31,31,0,21,
FIO-Fast → YCSB-A → FIO-Fast,2,1,89,24.31,A(FIO-Fast),51,10,100,4,1.7724,31,45,0,21,
FIO-Fast → YCSB-A → FIO-Fast,1,1,89,24.31,A(FIO-Fast),51,10,100,4,1.7389,46,54,0,21,
FIO-Fast → YCSB-A → FIO-Fast,3,1,89,24.31,A(FIO-Fast),45,10,25,4,1.7220,33,54,0,21,
FIO-Fast → YCSB-A → FIO-Fast,0,1,89,24.31,A(FIO-Fast),31,7,25,7,1.7168,31,51,0,21,
FIO-Fast → YCSB-A → FIO-Fast,2,1,90,24.58,A(FIO-Fast),45,10,25,4,1.7794,31,30,0,21,
FIO-Fast → YCSB-A → FIO-Fast,3,1,90,24.58,A(FIO-Fast),54,10,200,4,1.8650,33,33,0,21,
FIO-Fast → YCSB-A → FIO-Fast,1,1,90,24.58,A(FIO-Fast),54,10,200,4,1.9364,46,31,0,21,
FIO-Fast → YCSB-A → FIO-Fast,0,1,90,24.58,A(FIO-Fast),51,10,100,4,1.8092,31,36,0,21,
FIO-Fast → YCSB-A → FIO-Fast,2,1,91,24.85,A(FIO-Fast),30,7,25,4,1.9080,31,50,0,21,
FIO-Fast → YCSB-A → FIO-Fast,1,1,91,24.85,A(FIO-Fast),31,7,25,7,1.9032,46,30,0,21,
FIO-Fast → YCSB-A → FIO-Fast,3,1,91,24.85,A(FIO-Fast),33,7,50,4,1.9993,31,51,0,21,
FIO-Fast → YCSB-A → FIO-Fast,0,1,91,24.85,A(FIO-Fast),36,7,100,4,2.0222,31,50,0,21,
FIO-Fast → YCSB-A → FIO-Fast,2,1,92,25.13,A(FIO-Fast),50,10,50,16,1.8013,31,48,0,21,
FIO-Fast → YCSB-A → FIO-Fast,1,1,92,25.13,A(FIO-Fast),30,7,25,4,1.6975,46,19,0,21,
FIO-Fast → YCSB-A → FIO-Fast,3,1,92,25.13,A(FIO-Fast),51,10,100,4,1.8559,31,19,0,21,
FIO-Fast → YCSB-A → FIO-Fast,0,1,92,25.13,A(FIO-Fast),50,10,50,16,1.8311,31,19,0,21,
FIO-Fast → YCSB-A → FIO-Fast,1,1,93,25.4,A(FIO-Fast),19,4,50,7,1.9491,46,18,0,21,
FIO-Fast → YCSB-A → FIO-Fast,2,1,93,25.4,A(FIO-Fast),48,10,50,4,1.6962,31,54,0,21,
FIO-Fast → YCSB-A → FIO-Fast,3,1,93,25.4,A(FIO-Fast),19,4,50,7,1.9863,31,21,0,21,
FIO-Fast → YCSB-A → FIO-Fast,0,1,93,25.4,A(FIO-Fast),19,4,50,7,1.7383,31,33,0,21,
FIO-Fast → YCSB-A → FIO-Fast,1,1,94,25.67,A(FIO-Fast),18,4,50,4,1.8053,46,49,0,21,
FIO-Fast → YCSB-A → FIO-Fast,2,1,94,25.67,A(FIO-Fast),54,10,200,4,1.8347,31,18,0,21,
FIO-Fast → YCSB-A → FIO-Fast,3,1,94,25.67,A(FIO-Fast),21,4,100,4,1.8047,31,48,0,21,
FIO-Fast → YCSB-A → FIO-Fast,0,1,94,25.67,A(FIO-Fast),33,7,50,4,1.7792,31,47,0,21,
FIO-Fast → YCSB-A → FIO-Fast,2,1,95,25.95,A(FIO-Fast),18,4,50,4,1.9878,31,31,0,21,
FIO-Fast → YCSB-A → FIO-Fast,3,1,95,25.95,A(FIO-Fast),48,10,50,4,1.8568,31,15,0,21,
FIO-Fast → YCSB-A → FIO-Fast,0,1,95,25.95,A(FIO-Fast),47,10,25,16,1.8836,31,37,0,21,
FIO-Fast → YCSB-A → FIO-Fast,1,1,95,25.95,A(FIO-Fast),49,10,50,7,1.8315,46,33,0,21,
FIO-Fast → YCSB-A → FIO-Fast,1,1,96,26.22,A(FIO-Fast),33,7,50,4,1.7463,33,46,0,21,
FIO-Fast → YCSB-A → FIO-Fast,0,1,96,26.22,A(FIO-Fast),37,7,100,7,1.7118,31,16,0,21,
FIO-Fast → YCSB-A → FIO-Fast,2,1,96,26.22,A(FIO-Fast),31,7,25,7,1.7455,31,31,1,21,정착
FIO-Fast → YCSB-A → FIO-Fast,3,1,96,26.22,A(FIO-Fast),15,4,25,4,1.7676,31,31,0,21,
FIO-Fast → YCSB-A → FIO-Fast,2,1,97,26.44,A(FIO-Fast),31,7,25,7,1.7055,31,31,1,21,
FIO-Fast → YCSB-A → FIO-Fast,1,1,97,26.49,A(FIO-Fast),46,10,25,7,1.8052,33,21,0,21,
FIO-Fast → YCSB-A → FIO-Fast,3,1,97,26.49,A(FIO-Fast),31,7,25,7,1.7934,31,17,0,21,
FIO-Fast → YCSB-A → FIO-Fast,0,1,97,26.49,A(FIO-Fast),16,4,25,7,1.7885,31,21,0,21,
FIO-Fast → YCSB-A → FIO-Fast,2,1,98,26.66,A(FIO-Fast),31,7,25,7,1.8432,31,31,1,21,
FIO-Fast → YCSB-A → FIO-Fast,0,1,98,26.76,A(FIO-Fast),21,4,100,4,1.7352,31,15,0,21,
FIO-Fast → YCSB-A → FIO-Fast,1,1,98,26.77,A(FIO-Fast),21,4,100,4,1.7568,33,37,0,21,
FIO-Fast → YCSB-A → FIO-Fast,3,1,98,26.77,A(FIO-Fast),17,4,25,16,1.8190,31,46,0,21,
FIO-Fast → YCSB-A → FIO-Fast,2,1,99,26.87,A(FIO-Fast),31,7,25,7,1.6674,31,31,1,21,
FIO-Fast → YCSB-A → FIO-Fast,0,1,99,27.04,A(FIO-Fast),15,4,25,4,1.9299,31,46,0,21,
FIO-Fast → YCSB-A → FIO-Fast,1,1,99,27.04,A(FIO-Fast),37,7,100,7,2.0053,33,17,0,21,
FIO-Fast → YCSB-A → FIO-Fast,3,1,99,27.04,A(FIO-Fast),46,10,25,7,1.6621,46,32,0,21,
FIO-Fast → YCSB-A → FIO-Fast,2,1,100,27.09,A(FIO-Fast),31,7,25,7,1.9127,31,31,1,21,
FIO-Fast → YCSB-A → FIO-Fast,0,1,100,27.31,A(FIO-Fast),46,10,25,7,1.7690,31,17,0,21,
FIO-Fast → YCSB-A → FIO-Fast,1,1,100,27.31,A(FIO-Fast),17,4,25,16,1.9739,33,16,0,21,
FIO-Fast → YCSB-A → FIO-Fast,2,1,101,27.31,A(FIO-Fast),31,7,25,7,1.7870,31,31,1,21,
FIO-Fast → YCSB-A → FIO-Fast,3,1,100,27.31,A(FIO-Fast),32,7,25,16,1.8857,46,49,0,21,
FIO-Fast → YCSB-A → FIO-Fast,2,1,102,27.53,A(FIO-Fast),31,7,25,7,1.8072,31,31,1,21,
FIO-Fast → YCSB-A → FIO-Fast,0,1,101,27.58,A(FIO-Fast),17,4,25,16,1.9691,31,31,0,21,
FIO-Fast → YCSB-A → FIO-Fast,3,1,101,27.58,A(FIO-Fast),49,10,50,7,1.7181,46,30,0,21,
FIO-Fast → YCSB-A → FIO-Fast,1,1,101,27.58,A(FIO-Fast),16,4,25,7,1.6706,33,15,0,21,
FIO-Fast → YCSB-A → FIO-Fast,2,1,103,27.75,A(FIO-Fast),31,7,25,7,1.9625,48,16,0,21,정착 해제
FIO-Fast → YCSB-A → FIO-Fast,0,1,102,27.86,A(FIO-Fast),31,7,25,7,1.7002,31,31,1,21,정착
FIO-Fast → YCSB-A → FIO-Fast,1,1,102,27.86,A(FIO-Fast),15,4,25,4,1.8171,33,30,0,21,
FIO-Fast → YCSB-A → FIO-Fast,3,1,102,27.86,A(FIO-Fast),30,7,25,4,1.8019,46,45,0,21,
FIO-Fast → YCSB-A → FIO-Fast,2,1,104,28.02,A(FIO-Fast),16,4,25,7,1.7619,48,17,0,21,
FIO-Fast → YCSB-A → FIO-Fast,0,1,103,28.08,A(FIO-Fast),31,7,25,7,1.7682,31,31,1,21,
FIO-Fast → YCSB-A → FIO-Fast,1,1,103,28.13,A(FIO-Fast),30,7,25,4,2.0051,33,45,0,21,
FIO-Fast → YCSB-A → FIO-Fast,3,1,103,28.13,A(FIO-Fast),45,10,25,4,2.0145,46,46,0,21,
FIO-Fast → YCSB-A → FIO-Fast,2,1,105,28.29,A(FIO-Fast),17,4,25,16,2.0364,48,36,0,21,
FIO-Fast → YCSB-A → FIO-Fast,0,1,104,28.29,A(FIO-Fast),31,7,25,7,1.9397,31,31,1,21,
FIO-Fast → YCSB-A → FIO-Fast,1,1,104,28.4,A(FIO-Fast),45,10,25,4,1.8002,33,51,0,21,
FIO-Fast → YCSB-A → FIO-Fast,3,1,104,28.4,A(FIO-Fast),46,10,25,7,1.7571,46,36,0,21,
FIO-Fast → YCSB-A → FIO-Fast,0,1,105,28.51,A(FIO-Fast),31,7,25,7,1.6909,31,31,1,21,
FIO-Fast → YCSB-A → FIO-Fast,2,1,106,28.57,A(FIO-Fast),36,7,100,4,1.6597,48,48,0,21,
FIO-Fast → YCSB-A → FIO-Fast,1,1,105,28.68,A(FIO-Fast),51,10,100,4,2.0612,33,33,0,21,
FIO-Fast → YCSB-A → FIO-Fast,3,1,105,28.68,A(FIO-Fast),36,7,100,4,1.9079,46,16,0,21,
FIO-Fast → YCSB-A → FIO-Fast,0,1,106,28.73,A(FIO-Fast),31,7,25,7,1.9138,31,31,1,21,
FIO-Fast → YCSB-A → FIO-Fast,2,1,107,28.84,A(FIO-Fast),48,10,50,4,1.9152,31,46,0,21,
FIO-Fast → YCSB-A → FIO-Fast,1,1,106,28.95,A(FIO-Fast),33,7,50,4,1.8670,33,47,0,21,
FIO-Fast → YCSB-A → FIO-Fast,0,1,107,28.95,A(FIO-Fast),31,7,25,7,1.7732,31,31,1,21,
FIO-Fast → YCSB-A → FIO-Fast,3,1,106,28.95,A(FIO-Fast),16,4,25,7,1.8412,46,15,0,21,
FIO-Fast → YCSB-A → FIO-Fast,2,1,108,29.11,A(FIO-Fast),46,10,25,7,1.7845,31,32,0,21,
FIO-Fast → YCSB-A → FIO-Fast,0,1,108,29.17,A(FIO-Fast),31,7,25,7,1.7577,31,31,1,21,
FIO-Fast → YCSB-A → FIO-Fast,3,1,107,29.22,A(FIO-Fast),15,4,25,4,1.7876,46,18,0,21,
FIO-Fast → YCSB-A → FIO-Fast,1,1,107,29.22,A(FIO-Fast),47,10,25,16,1.9674,33,16,0,21,
FIO-Fast → YCSB-A → FIO-Fast,2,1,109,29.39,A(FIO-Fast),32,7,25,16,1.8901,31,47,0,21,
FIO-Fast → YCSB-A → FIO-Fast,0,1,109,29.39,A(FIO-Fast),31,7,25,7,1.9101,46,37,0,21,정착 해제
FIO-Fast → YCSB-A → FIO-Fast,1,1,108,29.5,A(FIO-Fast),16,4,25,7,1.7389,33,32,0,21,
FIO-Fast → YCSB-A → FIO-Fast,3,1,108,29.5,A(FIO-Fast),18,4,50,4,1.8601,46,50,0,21,
FIO-Fast → YCSB-A → FIO-Fast,2,1,110,29.66,A(FIO-Fast),47,10,25,16,1.5963,31,47,0,21,
FIO-Fast → YCSB-A → FIO-Fast,0,1,110,29.66,A(FIO-Fast),37,7,100,7,1.7415,46,30,0,21,
FIO-Fast → YCSB-A → FIO-Fast,3,1,109,29.77,A(FIO-Fast),50,10,50,16,1.8757,46,31,0,21,
FIO-Fast → YCSB-A → FIO-Fast,1,1,109,29.77,A(FIO-Fast),32,7,25,16,1.8427,33,36,0,21,
FIO-Fast → YCSB-A → FIO-Fast,2,1,111,29.88,A(FIO-Fast),47,10,25,16,1.9813,31,36,0,21,
FIO-Fast → YCSB-A → FIO-Fast,0,1,111,29.93,A(FIO-Fast),30,7,25,4,1.8986,46,19,0,21,
FIO-Fast → YCSB-A → FIO-Fast,1,1,110,30.06,B(YCSB-A),36,7,100,4,1.6784,33,21,0,21,
FIO-Fast → YCSB-A → FIO-Fast,3,1,110,30.06,B(YCSB-A),31,7,25,7,1.6181,46,47,0,21,
FIO-Fast → YCSB-A → FIO-Fast,2,1,112,30.13,B(YCSB-A),36,7,100,4,1.4487,36,36,0,21,
FIO-Fast → YCSB-A → FIO-Fast,0,1,112,30.17,B(YCSB-A),19,4,50,7,1.5729,46,19,0,21,
FIO-Fast → YCSB-A → FIO-Fast,1,1,111,30.26,B(YCSB-A),21,4,100,4,1.8179,33,18,0,21,
FIO-Fast → YCSB-A → FIO-Fast,3,1,111,30.26,B(YCSB-A),47,10,25,16,1.2389,47,47,0,20,후보 제거 21→20
FIO-Fast → YCSB-A → FIO-Fast,2,1,113,30.29,B(YCSB-A),36,7,100,4,1.5845,36,36,0,19,후보 제거 21→19
FIO-Fast → YCSB-A → FIO-Fast,0,1,113,30.32,B(YCSB-A),19,4,50,7,1.5183,19,19,0,21,
FIO-Fast → YCSB-A → FIO-Fast,3,1,112,30.4,B(YCSB-A),47,10,25,16,1.3449,47,47,0,17,후보 제거 20→17
FIO-Fast → YCSB-A → FIO-Fast,1,1,112,30.42,B(YCSB-A),18,4,50,4,1.9506,33,48,0,21,
FIO-Fast → YCSB-A → FIO-Fast,2,1,114,30.45,B(YCSB-A),36,7,100,4,1.8988,36,49,0,19,
FIO-Fast → YCSB-A → FIO-Fast,0,1,114,30.49,B(YCSB-A),19,4,50,7,1.8678,19,18,0,21,
FIO-Fast → YCSB-A → FIO-Fast,3,1,113,30.74,B(YCSB-A),47,10,25,16,1.8065,47,47,0,17,
FIO-Fast → YCSB-A → FIO-Fast,1,1,113,30.93,B(YCSB-A),48,10,50,4,2.0846,33,50,0,21,
FIO-Fast → YCSB-A → FIO-Fast,2,1,115,30.93,B(YCSB-A),49,10,50,7,1.9142,36,45,0,19,
FIO-Fast → YCSB-A → FIO-Fast,0,1,115,31.03,B(YCSB-A),18,4,50,4,2.0385,19,32,0,21,
FIO-Fast → YCSB-A → FIO-Fast,3,1,114,31.17,B(YCSB-A),47,10,25,16,1.5828,47,47,0,17,
FIO-Fast → YCSB-A → FIO-Fast,1,1,114,31.45,B(YCSB-A),50,10,50,16,1.6031,33,50,0,21,
FIO-Fast → YCSB-A → FIO-Fast,2,1,116,31.45,B(YCSB-A),45,10,25,4,1.5303,36,45,0,19,
FIO-Fast → YCSB-A → FIO-Fast,0,1,116,31.55,B(YCSB-A),32,7,25,16,1.5945,19,32,0,21,
FIO-Fast → YCSB-A → FIO-Fast,3,1,115,31.58,B(YCSB-A),47,10,25,16,1.5058,47,47,0,16,후보 제거 17→16
FIO-Fast → YCSB-A → FIO-Fast,2,1,117,31.86,B(YCSB-A),45,10,25,4,1.5608,45,45,0,19,
FIO-Fast → YCSB-A → FIO-Fast,1,1,115,31.86,B(YCSB-A),50,10,50,16,1.5419,50,50,0,21,
FIO-Fast → YCSB-A → FIO-Fast,0,1,117,31.96,B(YCSB-A),32,7,25,16,1.5394,32,32,0,21,
FIO-Fast → YCSB-A → FIO-Fast,3,1,116,31.99,B(YCSB-A),47,10,25,16,1.4882,47,47,0,13,후보 제거 16→13
FIO-Fast → YCSB-A → FIO-Fast,2,1,118,32.28,B(YCSB-A),45,10,25,4,1.5401,45,45,0,19,
FIO-Fast → YCSB-A → FIO-Fast,1,1,116,32.29,B(YCSB-A),50,10,50,16,1.5075,50,50,0,21,
FIO-Fast → YCSB-A → FIO-Fast,0,1,118,32.39,B(YCSB-A),32,7,25,16,1.5288,32,32,0,21,
FIO-Fast → YCSB-A → FIO-Fast,3,1,117,32.41,B(YCSB-A),47,10,25,16,1.4839,47,47,0,12,후보 제거 13→12
FIO-Fast → YCSB-A → FIO-Fast,2,1,119,32.71,B(YCSB-A),45,10,25,4,1.5609,45,45,0,18,후보 제거 19→18
FIO-Fast → YCSB-A → FIO-Fast,1,1,117,32.72,B(YCSB-A),50,10,50,16,1.4863,50,50,0,19,후보 제거 21→19
FIO-Fast → YCSB-A → FIO-Fast,0,1,119,32.82,B(YCSB-A),32,7,25,16,1.5096,32,32,0,19,후보 제거 21→19
FIO-Fast → YCSB-A → FIO-Fast,3,1,118,32.84,B(YCSB-A),47,10,25,16,1.4816,47,47,0,11,후보 제거 12→11
FIO-Fast → YCSB-A → FIO-Fast,2,1,120,33.13,B(YCSB-A),45,10,25,4,1.5513,45,45,0,17,후보 제거 18→17
FIO-Fast → YCSB-A → FIO-Fast,1,1,118,33.14,B(YCSB-A),50,10,50,16,1.4831,50,50,0,16,후보 제거 19→16
FIO-Fast → YCSB-A → FIO-Fast,0,1,120,33.24,B(YCSB-A),32,7,25,16,1.4927,32,32,0,17,후보 제거 19→17
FIO-Fast → YCSB-A → FIO-Fast,3,1,119,33.25,B(YCSB-A),47,10,25,16,1.4873,47,47,0,8,후보 제거 11→8
FIO-Fast → YCSB-A → FIO-Fast,2,1,121,33.55,B(YCSB-A),45,10,25,4,1.5510,45,45,0,16,후보 제거 17→16
FIO-Fast → YCSB-A → FIO-Fast,1,1,119,33.56,B(YCSB-A),50,10,50,16,1.4740,50,50,0,16,
FIO-Fast → YCSB-A → FIO-Fast,0,1,121,33.66,B(YCSB-A),32,7,25,16,1.4987,32,32,0,17,
FIO-Fast → YCSB-A → FIO-Fast,3,1,120,33.67,B(YCSB-A),47,10,25,16,1.4759,47,47,0,6,후보 제거 8→6
FIO-Fast → YCSB-A → FIO-Fast,2,1,122,33.96,B(YCSB-A),45,10,25,4,1.5495,45,45,0,16,
FIO-Fast → YCSB-A → FIO-Fast,1,1,120,33.98,B(YCSB-A),50,10,50,16,1.4529,50,50,0,15,후보 제거 16→15
FIO-Fast → YCSB-A → FIO-Fast,0,1,122,34.08,B(YCSB-A),32,7,25,16,1.5017,32,32,0,15,후보 제거 17→15
FIO-Fast → YCSB-A → FIO-Fast,3,1,121,34.09,B(YCSB-A),47,10,25,16,1.4706,47,47,0,5,후보 제거 6→5
FIO-Fast → YCSB-A → FIO-Fast,2,1,123,34.38,B(YCSB-A),45,10,25,4,1.5361,45,45,0,16,
FIO-Fast → YCSB-A → FIO-Fast,1,1,121,34.39,B(YCSB-A),50,10,50,16,1.4555,50,50,0,13,후보 제거 15→13
FIO-Fast → YCSB-A → FIO-Fast,0,1,123,34.5,B(YCSB-A),32,7,25,16,1.4971,32,32,0,13,후보 제거 15→13
FIO-Fast → YCSB-A → FIO-Fast,3,1,122,34.51,B(YCSB-A),47,10,25,16,1.4723,47,47,0,4,후보 제거 5→4
FIO-Fast → YCSB-A → FIO-Fast,2,1,124,34.8,B(YCSB-A),45,10,25,4,1.5364,45,45,0,16,
FIO-Fast → YCSB-A → FIO-Fast,1,1,122,34.81,B(YCSB-A),50,10,50,16,1.4550,50,50,0,8,후보 제거 13→8
FIO-Fast → YCSB-A → FIO-Fast,0,1,124,34.91,B(YCSB-A),32,7,25,16,1.4746,32,32,0,13,
FIO-Fast → YCSB-A → FIO-Fast,3,1,123,34.92,B(YCSB-A),47,10,25,16,1.4542,47,47,1,3,후보 제거 4→3; 정착
FIO-Fast → YCSB-A → FIO-Fast,2,1,125,35.2,B(YCSB-A),45,10,25,4,1.5223,45,45,0,15,후보 제거 16→15
FIO-Fast → YCSB-A → FIO-Fast,1,1,123,35.22,B(YCSB-A),50,10,50,16,1.4550,50,50,0,7,후보 제거 8→7
FIO-Fast → YCSB-A → FIO-Fast,0,1,125,35.32,B(YCSB-A),32,7,25,16,1.4862,32,32,0,12,후보 제거 13→12
FIO-Fast → YCSB-A → FIO-Fast,3,1,124,35.33,B(YCSB-A),47,10,25,16,1.4621,47,47,1,3,
FIO-Fast → YCSB-A → FIO-Fast,2,1,126,35.61,B(YCSB-A),45,10,25,4,1.5247,45,45,0,12,후보 제거 15→12
FIO-Fast → YCSB-A → FIO-Fast,1,1,124,35.63,B(YCSB-A),50,10,50,16,1.4544,50,50,0,5,후보 제거 7→5
FIO-Fast → YCSB-A → FIO-Fast,0,1,126,35.73,B(YCSB-A),32,7,25,16,1.4767,32,32,0,11,후보 제거 12→11
FIO-Fast → YCSB-A → FIO-Fast,3,1,125,35.73,B(YCSB-A),47,10,25,16,1.4626,47,47,1,3,
FIO-Fast → YCSB-A → FIO-Fast,2,1,127,36.01,B(YCSB-A),45,10,25,4,1.5371,45,45,0,11,후보 제거 12→11
FIO-Fast → YCSB-A → FIO-Fast,1,1,125,36.03,B(YCSB-A),50,10,50,16,1.4374,50,50,0,5,
FIO-Fast → YCSB-A → FIO-Fast,0,1,127,36.14,B(YCSB-A),32,7,25,16,1.4654,32,32,0,7,후보 제거 11→7
FIO-Fast → YCSB-A → FIO-Fast,3,1,126,36.14,B(YCSB-A),47,10,25,16,1.4525,47,47,1,3,
FIO-Fast → YCSB-A → FIO-Fast,2,1,128,36.43,B(YCSB-A),45,10,25,4,1.5330,45,45,0,11,
FIO-Fast → YCSB-A → FIO-Fast,1,1,126,36.45,B(YCSB-A),50,10,50,16,1.4505,50,50,0,5,
FIO-Fast → YCSB-A → FIO-Fast,0,1,128,36.56,B(YCSB-A),32,7,25,16,1.4776,32,32,0,5,후보 제거 7→5
FIO-Fast → YCSB-A → FIO-Fast,3,1,127,36.56,B(YCSB-A),47,10,25,16,1.4692,47,47,1,3,
FIO-Fast → YCSB-A → FIO-Fast,2,1,129,36.85,B(YCSB-A),45,10,25,4,1.5267,45,45,1,11,정착
FIO-Fast → YCSB-A → FIO-Fast,1,1,127,36.87,B(YCSB-A),50,10,50,16,1.4460,50,50,1,3,후보 제거 5→3; 정착
FIO-Fast → YCSB-A → FIO-Fast,3,1,128,36.97,B(YCSB-A),47,10,25,16,1.4625,47,47,1,3,
FIO-Fast → YCSB-A → FIO-Fast,0,1,129,36.97,B(YCSB-A),32,7,25,16,1.4712,32,32,1,4,후보 제거 5→4; 정착
FIO-Fast → YCSB-A → FIO-Fast,2,1,130,37.26,B(YCSB-A),45,10,25,4,1.5337,45,45,1,11,
FIO-Fast → YCSB-A → FIO-Fast,1,1,128,37.28,B(YCSB-A),50,10,50,16,1.4351,50,50,1,3,
FIO-Fast → YCSB-A → FIO-Fast,3,1,129,37.39,B(YCSB-A),47,10,25,16,1.4544,47,47,1,3,
FIO-Fast → YCSB-A → FIO-Fast,0,1,130,37.39,B(YCSB-A),32,7,25,16,1.4721,32,32,1,4,
FIO-Fast → YCSB-A → FIO-Fast,2,1,131,37.66,B(YCSB-A),45,10,25,4,1.5252,45,45,1,11,
FIO-Fast → YCSB-A → FIO-Fast,1,1,129,37.69,B(YCSB-A),50,10,50,16,1.4229,50,50,1,1,후보 제거 3→1
FIO-Fast → YCSB-A → FIO-Fast,3,1,130,37.79,B(YCSB-A),47,10,25,16,1.4586,47,32,1,4,후보 복귀 3→4; 이웃 탐침→32
FIO-Fast → YCSB-A → FIO-Fast,0,1,131,37.8,B(YCSB-A),32,7,25,16,1.4718,32,32,1,4,
FIO-Fast → YCSB-A → FIO-Fast,2,1,132,38.07,B(YCSB-A),45,10,25,4,1.5153,45,45,1,10,후보 제거 11→10
FIO-Fast → YCSB-A → FIO-Fast,1,1,130,38.1,B(YCSB-A),50,10,50,16,1.4321,50,50,1,1,
FIO-Fast → YCSB-A → FIO-Fast,0,1,132,38.2,B(YCSB-A),32,7,25,16,1.4558,32,32,1,3,후보 제거 4→3
FIO-Fast → YCSB-A → FIO-Fast,3,1,131,38.3,B(YCSB-A),32,7,25,16,1.4490,47,47,1,4,
FIO-Fast → YCSB-A → FIO-Fast,2,1,133,38.47,B(YCSB-A),45,10,25,4,1.5186,45,45,1,8,후보 제거 10→8
FIO-Fast → YCSB-A → FIO-Fast,1,1,131,38.5,B(YCSB-A),50,10,50,16,1.4275,50,50,1,1,
FIO-Fast → YCSB-A → FIO-Fast,0,1,133,38.61,B(YCSB-A),32,7,25,16,1.4732,32,32,1,3,
FIO-Fast → YCSB-A → FIO-Fast,3,1,132,38.81,B(YCSB-A),47,10,25,16,1.4519,47,47,1,3,후보 제거 4→3
FIO-Fast → YCSB-A → FIO-Fast,2,1,134,38.87,B(YCSB-A),45,10,25,4,1.5298,45,45,1,8,
FIO-Fast → YCSB-A → FIO-Fast,1,1,132,38.91,B(YCSB-A),50,10,50,16,1.4184,50,50,1,1,
FIO-Fast → YCSB-A → FIO-Fast,0,1,134,39.02,B(YCSB-A),32,7,25,16,1.4570,32,32,1,3,
FIO-Fast → YCSB-A → FIO-Fast,3,1,133,39.2,B(YCSB-A),47,10,25,16,1.4497,47,47,1,3,
FIO-Fast → YCSB-A → FIO-Fast,2,1,135,39.27,B(YCSB-A),45,10,25,4,1.5250,45,45,1,7,후보 제거 8→7
FIO-Fast → YCSB-A → FIO-Fast,1,1,133,39.31,B(YCSB-A),50,10,50,16,1.4170,50,50,1,1,
FIO-Fast → YCSB-A → FIO-Fast,0,1,135,39.42,B(YCSB-A),32,7,25,16,1.4627,32,32,1,2,후보 제거 3→2
FIO-Fast → YCSB-A → FIO-Fast,3,1,134,39.6,B(YCSB-A),47,10,25,16,1.4490,47,47,1,2,후보 제거 3→2
FIO-Fast → YCSB-A → FIO-Fast,2,1,136,39.68,B(YCSB-A),45,10,25,4,1.5137,45,30,1,7,이웃 탐침→30
FIO-Fast → YCSB-A → FIO-Fast,1,1,134,39.72,B(YCSB-A),50,10,50,16,1.4277,50,35,1,2,후보 복귀 1→2; 이웃 탐침→35
FIO-Fast → YCSB-A → FIO-Fast,0,1,136,39.83,B(YCSB-A),32,7,25,16,1.4700,32,17,1,3,후보 복귀 2→3; 이웃 탐침→17
FIO-Fast → YCSB-A → FIO-Fast,3,1,135,40.02,B(YCSB-A),47,10,25,16,1.4574,47,47,1,2,
FIO-Fast → YCSB-A → FIO-Fast,2,1,137,40.19,B(YCSB-A),30,7,25,4,1.5237,45,45,1,7,
FIO-Fast → YCSB-A → FIO-Fast,1,1,135,40.23,B(YCSB-A),35,7,50,16,1.4182,50,50,1,2,
FIO-Fast → YCSB-A → FIO-Fast,0,1,137,40.34,B(YCSB-A),17,4,25,16,1.4887,32,32,1,3,
FIO-Fast → YCSB-A → FIO-Fast,3,1,136,40.42,B(YCSB-A),47,10,25,16,1.4445,47,47,1,2,
FIO-Fast → YCSB-A → FIO-Fast,2,1,138,40.7,B(YCSB-A),45,10,25,4,1.5226,45,45,1,6,후보 제거 7→6
FIO-Fast → YCSB-A → FIO-Fast,1,1,136,40.74,B(YCSB-A),50,10,50,16,1.4080,50,50,1,1,후보 제거 2→1
FIO-Fast → YCSB-A → FIO-Fast,3,1,137,40.83,B(YCSB-A),47,10,25,16,1.4460,47,47,1,1,후보 제거 2→1
FIO-Fast → YCSB-A → FIO-Fast,0,1,138,40.85,B(YCSB-A),32,7,25,16,1.4191,32,32,1,2,후보 제거 3→2
FIO-Fast → YCSB-A → FIO-Fast,2,1,139,41.1,B(YCSB-A),45,10,25,4,1.5246,45,45,1,6,
FIO-Fast → YCSB-A → FIO-Fast,1,1,137,41.14,B(YCSB-A),50,10,50,16,1.4100,50,50,1,1,
FIO-Fast → YCSB-A → FIO-Fast,3,1,138,41.23,B(YCSB-A),47,10,25,16,1.4467,47,47,1,1,
FIO-Fast → YCSB-A → FIO-Fast,0,1,139,41.25,B(YCSB-A),32,7,25,16,1.4334,32,32,1,2,
FIO-Fast → YCSB-A → FIO-Fast,2,1,140,41.5,B(YCSB-A),45,10,25,4,1.5070,45,45,1,6,
FIO-Fast → YCSB-A → FIO-Fast,1,1,138,41.55,B(YCSB-A),50,10,50,16,1.4120,50,50,1,1,
FIO-Fast → YCSB-A → FIO-Fast,3,1,139,41.64,B(YCSB-A),47,10,25,16,1.4481,47,50,1,2,후보 복귀 1→2; 이웃 탐침→50
FIO-Fast → YCSB-A → FIO-Fast,0,1,140,41.66,B(YCSB-A),32,7,25,16,1.4421,32,32,1,1,후보 제거 2→1
FIO-Fast → YCSB-A → FIO-Fast,2,1,141,41.91,B(YCSB-A),45,10,25,4,1.5120,45,45,1,5,후보 제거 6→5
FIO-Fast → YCSB-A → FIO-Fast,1,1,139,41.96,B(YCSB-A),50,10,50,16,1.4089,50,50,1,1,
FIO-Fast → YCSB-A → FIO-Fast,0,1,141,42.07,B(YCSB-A),32,7,25,16,1.4344,32,32,1,1,
FIO-Fast → YCSB-A → FIO-Fast,3,1,140,42.15,B(YCSB-A),50,10,50,16,1.4441,47,47,1,2,
FIO-Fast → YCSB-A → FIO-Fast,2,1,142,42.31,B(YCSB-A),45,10,25,4,1.5184,45,45,1,5,
FIO-Fast → YCSB-A → FIO-Fast,1,1,140,42.36,B(YCSB-A),50,10,50,16,1.4070,50,50,1,1,
FIO-Fast → YCSB-A → FIO-Fast,0,1,142,42.47,B(YCSB-A),32,7,25,16,1.4259,32,32,1,1,
FIO-Fast → YCSB-A → FIO-Fast,3,1,141,42.65,B(YCSB-A),47,10,25,16,1.4040,47,47,1,1,후보 제거 2→1
FIO-Fast → YCSB-A → FIO-Fast,2,1,143,42.72,B(YCSB-A),45,10,25,4,1.5093,45,45,1,4,후보 제거 5→4
FIO-Fast → YCSB-A → FIO-Fast,1,1,141,42.77,B(YCSB-A),50,10,50,16,1.3959,50,50,1,1,
FIO-Fast → YCSB-A → FIO-Fast,0,1,143,42.88,B(YCSB-A),32,7,25,16,1.4208,32,32,1,1,
FIO-Fast → YCSB-A → FIO-Fast,3,1,142,43.05,B(YCSB-A),47,10,25,16,1.4157,47,47,1,1,
FIO-Fast → YCSB-A → FIO-Fast,2,1,144,43.12,B(YCSB-A),45,10,25,4,1.5135,45,45,1,4,
FIO-Fast → YCSB-A → FIO-Fast,1,1,142,43.17,B(YCSB-A),50,10,50,16,1.4050,50,50,1,1,
FIO-Fast → YCSB-A → FIO-Fast,0,1,144,43.28,B(YCSB-A),32,7,25,16,1.4353,32,32,1,1,
FIO-Fast → YCSB-A → FIO-Fast,3,1,143,43.45,B(YCSB-A),47,10,25,16,1.4068,47,47,1,1,
FIO-Fast → YCSB-A → FIO-Fast,2,1,145,43.52,B(YCSB-A),45,10,25,4,1.5111,45,48,1,5,후보 복귀 4→5; 이웃 탐침→48
FIO-Fast → YCSB-A → FIO-Fast,1,1,143,43.57,B(YCSB-A),50,10,50,16,1.4081,50,47,1,2,후보 복귀 1→2; 이웃 탐침→47
FIO-Fast → YCSB-A → FIO-Fast,0,1,145,43.68,B(YCSB-A),32,7,25,16,1.4214,32,47,1,2,후보 복귀 1→2; 이웃 탐침→47
FIO-Fast → YCSB-A → FIO-Fast,3,1,144,43.85,B(YCSB-A),47,10,25,16,1.4066,47,47,1,1,
FIO-Fast → YCSB-A → FIO-Fast,2,1,146,44.02,B(YCSB-A),48,10,50,4,1.5340,45,45,1,5,
FIO-Fast → YCSB-A → FIO-Fast,1,1,144,44.07,B(YCSB-A),47,10,25,16,1.4095,50,50,1,2,
FIO-Fast → YCSB-A → FIO-Fast,0,1,146,44.19,B(YCSB-A),47,10,25,16,1.4172,32,32,1,2,
FIO-Fast → YCSB-A → FIO-Fast,3,1,145,44.26,B(YCSB-A),47,10,25,16,1.4138,47,47,1,1,
FIO-Fast → YCSB-A → FIO-Fast,2,1,147,44.52,B(YCSB-A),45,10,25,4,1.5042,45,45,1,5,
FIO-Fast → YCSB-A → FIO-Fast,1,1,145,44.58,B(YCSB-A),50,10,50,16,1.4139,50,50,1,1,후보 제거 2→1
FIO-Fast → YCSB-A → FIO-Fast,3,1,146,44.66,B(YCSB-A),47,10,25,16,1.4106,47,47,1,1,
FIO-Fast → YCSB-A → FIO-Fast,0,1,147,44.69,B(YCSB-A),32,7,25,16,1.4312,32,32,1,1,후보 제거 2→1
FIO-Fast → YCSB-A → FIO-Fast,2,1,148,44.92,B(YCSB-A),45,10,25,4,1.4978,45,45,1,5,
FIO-Fast → YCSB-A → FIO-Fast,1,1,146,44.98,B(YCSB-A),50,10,50,16,1.3935,50,50,1,1,
FIO-Fast → YCSB-A → FIO-Fast,3,1,147,45.06,B(YCSB-A),47,10,25,16,1.4080,47,47,1,1,
FIO-Fast → YCSB-A → FIO-Fast,0,1,148,45.1,B(YCSB-A),32,7,25,16,1.4217,32,32,1,1,
FIO-Fast → YCSB-A → FIO-Fast,2,1,149,45.31,B(YCSB-A),45,10,25,4,1.5042,45,45,1,5,
FIO-Fast → YCSB-A → FIO-Fast,1,1,147,45.38,B(YCSB-A),50,10,50,16,1.4049,50,50,1,1,
FIO-Fast → YCSB-A → FIO-Fast,3,1,148,45.46,B(YCSB-A),47,10,25,16,1.4115,47,46,1,2,후보 복귀 1→2; 이웃 탐침→46
FIO-Fast → YCSB-A → FIO-Fast,0,1,149,45.49,B(YCSB-A),32,7,25,16,1.4191,32,32,1,1,
FIO-Fast → YCSB-A → FIO-Fast,2,1,150,45.72,B(YCSB-A),45,10,25,4,1.4932,45,45,1,4,후보 제거 5→4
FIO-Fast → YCSB-A → FIO-Fast,1,1,148,45.79,B(YCSB-A),50,10,50,16,1.4012,50,50,1,1,
FIO-Fast → YCSB-A → FIO-Fast,0,1,150,45.9,B(YCSB-A),32,7,25,16,1.4228,32,32,1,1,
FIO-Fast → YCSB-A → FIO-Fast,3,1,149,45.96,B(YCSB-A),46,10,25,7,1.3742,47,47,1,2,
FIO-Fast → YCSB-A → FIO-Fast,2,1,151,46.12,B(YCSB-A),45,10,25,4,1.4987,45,45,1,4,
FIO-Fast → YCSB-A → FIO-Fast,1,1,149,46.19,B(YCSB-A),50,10,50,16,1.3946,50,50,1,1,
FIO-Fast → YCSB-A → FIO-Fast,0,1,151,46.31,B(YCSB-A),32,7,25,16,1.4255,32,32,1,1,
FIO-Fast → YCSB-A → FIO-Fast,3,1,150,46.47,B(YCSB-A),47,10,25,16,1.3976,47,47,1,2,
FIO-Fast → YCSB-A → FIO-Fast,2,1,152,46.53,B(YCSB-A),45,10,25,4,1.4984,45,45,1,4,
FIO-Fast → YCSB-A → FIO-Fast,1,1,150,46.6,B(YCSB-A),50,10,50,16,1.4018,50,50,1,1,
FIO-Fast → YCSB-A → FIO-Fast,0,1,152,46.71,B(YCSB-A),32,7,25,16,1.4153,32,32,1,1,
FIO-Fast → YCSB-A → FIO-Fast,3,1,151,46.87,B(YCSB-A),47,10,25,16,1.4085,47,47,1,2,
FIO-Fast → YCSB-A → FIO-Fast,2,1,153,46.93,B(YCSB-A),45,10,25,4,1.4970,45,45,1,4,
FIO-Fast → YCSB-A → FIO-Fast,1,1,151,47.0,B(YCSB-A),50,10,50,16,1.3992,50,50,1,1,
FIO-Fast → YCSB-A → FIO-Fast,0,1,153,47.11,B(YCSB-A),32,7,25,16,1.4199,32,32,1,1,
FIO-Fast → YCSB-A → FIO-Fast,3,1,152,47.27,B(YCSB-A),47,10,25,16,1.4025,47,47,1,2,
FIO-Fast → YCSB-A → FIO-Fast,2,1,154,47.33,B(YCSB-A),45,10,25,4,1.4977,45,46,1,5,후보 복귀 4→5; 이웃 탐침→46
FIO-Fast → YCSB-A → FIO-Fast,1,1,152,47.39,B(YCSB-A),50,10,50,16,1.4015,50,53,1,2,후보 복귀 1→2; 이웃 탐침→53
FIO-Fast → YCSB-A → FIO-Fast,0,1,154,47.52,B(YCSB-A),32,7,25,16,1.4214,32,35,1,2,후보 복귀 1→2; 이웃 탐침→35
FIO-Fast → YCSB-A → FIO-Fast,3,1,153,47.66,B(YCSB-A),47,10,25,16,1.4005,47,47,1,2,
FIO-Fast → YCSB-A → FIO-Fast,2,1,155,47.82,B(YCSB-A),46,10,25,7,1.4540,45,45,1,5,
FIO-Fast → YCSB-A → FIO-Fast,1,1,153,47.9,B(YCSB-A),53,10,100,16,1.4586,50,50,1,2,
FIO-Fast → YCSB-A → FIO-Fast,0,1,155,48.01,B(YCSB-A),35,7,50,16,1.4605,32,32,1,2,
FIO-Fast → YCSB-A → FIO-Fast,3,1,154,48.07,B(YCSB-A),47,10,25,16,1.4056,47,47,1,2,
FIO-Fast → YCSB-A → FIO-Fast,2,1,156,48.33,B(YCSB-A),45,10,25,4,1.4770,45,45,1,5,
FIO-Fast → YCSB-A → FIO-Fast,1,1,154,48.41,B(YCSB-A),50,10,50,16,1.3967,50,50,1,1,후보 제거 2→1
FIO-Fast → YCSB-A → FIO-Fast,3,1,155,48.48,B(YCSB-A),47,10,25,16,1.3993,47,47,1,2,
FIO-Fast → YCSB-A → FIO-Fast,0,1,156,48.52,B(YCSB-A),32,7,25,16,1.4001,32,32,1,1,후보 제거 2→1
FIO-Fast → YCSB-A → FIO-Fast,2,1,157,48.73,B(YCSB-A),45,10,25,4,1.4814,45,45,1,5,
FIO-Fast → YCSB-A → FIO-Fast,1,1,155,48.81,B(YCSB-A),50,10,50,16,1.3880,50,50,1,1,
FIO-Fast → YCSB-A → FIO-Fast,3,1,156,48.88,B(YCSB-A),47,10,25,16,1.4002,47,47,1,2,
FIO-Fast → YCSB-A → FIO-Fast,0,1,157,48.93,B(YCSB-A),32,7,25,16,1.4078,32,32,1,1,
FIO-Fast → YCSB-A → FIO-Fast,2,1,158,49.13,B(YCSB-A),45,10,25,4,1.4759,45,45,1,5,
FIO-Fast → YCSB-A → FIO-Fast,1,1,156,49.21,B(YCSB-A),50,10,50,16,1.3820,50,50,1,1,
FIO-Fast → YCSB-A → FIO-Fast,3,1,157,49.28,B(YCSB-A),47,10,25,16,1.4024,47,32,1,3,후보 복귀 2→3; 이웃 탐침→32
FIO-Fast → YCSB-A → FIO-Fast,0,1,158,49.33,B(YCSB-A),32,7,25,16,1.3999,32,32,1,1,
FIO-Fast → YCSB-A → FIO-Fast,2,1,159,49.52,B(YCSB-A),45,10,25,4,1.4690,45,45,1,5,
FIO-Fast → YCSB-A → FIO-Fast,1,1,157,49.6,B(YCSB-A),50,10,50,16,1.3814,50,50,1,1,
FIO-Fast → YCSB-A → FIO-Fast,0,1,159,49.73,B(YCSB-A),32,7,25,16,1.4057,32,32,1,1,
FIO-Fast → YCSB-A → FIO-Fast,3,1,158,49.77,B(YCSB-A),32,7,25,16,1.3950,47,47,1,3,
FIO-Fast → YCSB-A → FIO-Fast,2,1,160,49.92,B(YCSB-A),45,10,25,4,1.4774,45,45,1,5,
FIO-Fast → YCSB-A → FIO-Fast,1,1,158,50.01,B(YCSB-A),50,10,50,16,1.3801,50,50,1,1,
FIO-Fast → YCSB-A → FIO-Fast,0,1,160,50.13,B(YCSB-A),32,7,25,16,1.3962,32,32,1,1,
FIO-Fast → YCSB-A → FIO-Fast,3,1,159,50.28,B(YCSB-A),47,10,25,16,1.3976,47,47,1,1,후보 제거 3→1
FIO-Fast → YCSB-A → FIO-Fast,2,1,161,50.33,B(YCSB-A),45,10,25,4,1.4792,45,45,1,5,
FIO-Fast → YCSB-A → FIO-Fast,1,1,159,50.41,B(YCSB-A),50,10,50,16,1.3821,50,50,1,1,
FIO-Fast → YCSB-A → FIO-Fast,0,1,161,50.54,B(YCSB-A),32,7,25,16,1.4016,32,32,1,1,
FIO-Fast → YCSB-A → FIO-Fast,3,1,160,50.68,B(YCSB-A),47,10,25,16,1.4002,47,47,1,1,
FIO-Fast → YCSB-A → FIO-Fast,2,1,162,50.73,B(YCSB-A),45,10,25,4,1.4726,45,45,1,5,
FIO-Fast → YCSB-A → FIO-Fast,1,1,160,50.82,B(YCSB-A),50,10,50,16,1.3882,50,50,1,1,
FIO-Fast → YCSB-A → FIO-Fast,0,1,162,50.94,B(YCSB-A),32,7,25,16,1.4024,32,32,1,1,
FIO-Fast → YCSB-A → FIO-Fast,3,1,161,51.08,B(YCSB-A),47,10,25,16,1.4087,47,47,1,1,
FIO-Fast → YCSB-A → FIO-Fast,2,1,163,51.14,B(YCSB-A),45,10,25,4,1.4790,45,30,1,5,이웃 탐침→30
FIO-Fast → YCSB-A → FIO-Fast,1,1,161,51.22,B(YCSB-A),50,10,50,16,1.3847,50,49,1,2,후보 복귀 1→2; 이웃 탐침→49
FIO-Fast → YCSB-A → FIO-Fast,0,1,163,51.35,B(YCSB-A),32,7,25,16,1.4096,32,31,1,2,후보 복귀 1→2; 이웃 탐침→31
FIO-Fast → YCSB-A → FIO-Fast,3,1,162,51.48,B(YCSB-A),47,10,25,16,1.4008,47,47,1,1,
FIO-Fast → YCSB-A → FIO-Fast,2,1,164,51.63,B(YCSB-A),30,7,25,4,1.4675,45,45,1,5,
FIO-Fast → YCSB-A → FIO-Fast,1,1,162,51.73,B(YCSB-A),49,10,50,7,1.3521,50,50,1,2,
FIO-Fast → YCSB-A → FIO-Fast,0,1,164,51.85,B(YCSB-A),31,7,25,7,1.3703,32,32,1,2,
FIO-Fast → YCSB-A → FIO-Fast,3,1,163,51.89,B(YCSB-A),47,10,25,16,1.3954,47,47,1,1,
FIO-Fast → YCSB-A → FIO-Fast,2,1,165,52.14,B(YCSB-A),45,10,25,4,1.4707,45,45,1,5,
FIO-Fast → YCSB-A → FIO-Fast,1,1,163,52.23,B(YCSB-A),50,10,50,16,1.3726,50,50,1,1,후보 제거 2→1
FIO-Fast → YCSB-A → FIO-Fast,3,1,164,52.28,B(YCSB-A),47,10,25,16,1.4047,47,47,1,1,
FIO-Fast → YCSB-A → FIO-Fast,0,1,165,52.35,B(YCSB-A),32,7,25,16,1.3944,32,32,1,1,후보 제거 2→1
FIO-Fast → YCSB-A → FIO-Fast,2,1,166,52.53,B(YCSB-A),45,10,25,4,1.4704,45,45,1,5,
FIO-Fast → YCSB-A → FIO-Fast,1,1,164,52.63,B(YCSB-A),50,10,50,16,1.3814,50,50,1,1,
FIO-Fast → YCSB-A → FIO-Fast,3,1,165,52.68,B(YCSB-A),47,10,25,16,1.4008,47,47,1,1,
FIO-Fast → YCSB-A → FIO-Fast,0,1,166,52.75,B(YCSB-A),32,7,25,16,1.4057,32,32,1,1,
FIO-Fast → YCSB-A → FIO-Fast,2,1,167,52.94,B(YCSB-A),45,10,25,4,1.4723,45,45,1,5,
FIO-Fast → YCSB-A → FIO-Fast,1,1,165,53.03,B(YCSB-A),50,10,50,16,1.3817,50,50,1,1,
FIO-Fast → YCSB-A → FIO-Fast,3,1,166,53.08,B(YCSB-A),47,10,25,16,1.3976,47,50,1,2,후보 복귀 1→2; 이웃 탐침→50
FIO-Fast → YCSB-A → FIO-Fast,0,1,167,53.15,B(YCSB-A),32,7,25,16,1.4030,32,32,1,1,
FIO-Fast → YCSB-A → FIO-Fast,2,1,168,53.33,B(YCSB-A),45,10,25,4,1.4670,45,45,1,5,
FIO-Fast → YCSB-A → FIO-Fast,1,1,166,53.43,B(YCSB-A),50,10,50,16,1.3731,50,50,1,1,
FIO-Fast → YCSB-A → FIO-Fast,0,1,168,53.55,B(YCSB-A),32,7,25,16,1.3950,32,32,1,1,
FIO-Fast → YCSB-A → FIO-Fast,3,1,167,53.58,B(YCSB-A),50,10,50,16,1.3944,47,47,1,2,
FIO-Fast → YCSB-A → FIO-Fast,2,1,169,53.73,B(YCSB-A),45,10,25,4,1.4742,45,45,1,5,
FIO-Fast → YCSB-A → FIO-Fast,1,1,167,53.84,B(YCSB-A),50,10,50,16,1.3826,50,50,1,1,
FIO-Fast → YCSB-A → FIO-Fast,0,1,169,53.96,B(YCSB-A),32,7,25,16,1.4066,32,32,1,1,
FIO-Fast → YCSB-A → FIO-Fast,3,1,168,54.09,B(YCSB-A),47,10,25,16,1.3856,47,47,1,1,후보 제거 2→1
FIO-Fast → YCSB-A → FIO-Fast,2,1,170,54.14,B(YCSB-A),45,10,25,4,1.4704,45,45,1,5,
FIO-Fast → YCSB-A → FIO-Fast,1,1,168,54.25,B(YCSB-A),50,10,50,16,1.3789,50,50,1,1,
FIO-Fast → YCSB-A → FIO-Fast,0,1,170,54.37,B(YCSB-A),32,7,25,16,1.3978,32,32,1,1,
FIO-Fast → YCSB-A → FIO-Fast,3,1,169,54.49,B(YCSB-A),47,10,25,16,1.3973,47,47,1,1,
FIO-Fast → YCSB-A → FIO-Fast,2,1,171,54.55,B(YCSB-A),45,10,25,4,1.4715,45,45,1,5,
FIO-Fast → YCSB-A → FIO-Fast,1,1,169,54.65,B(YCSB-A),50,10,50,16,1.3842,50,50,1,1,
FIO-Fast → YCSB-A → FIO-Fast,0,1,171,54.78,B(YCSB-A),32,7,25,16,1.4001,32,32,1,1,
FIO-Fast → YCSB-A → FIO-Fast,3,1,170,54.89,B(YCSB-A),47,10,25,16,1.3963,47,47,1,1,
FIO-Fast → YCSB-A → FIO-Fast,2,1,172,54.94,B(YCSB-A),45,10,25,4,1.4747,45,48,1,5,이웃 탐침→48
FIO-Fast → YCSB-A → FIO-Fast,1,1,170,55.05,B(YCSB-A),50,10,50,16,1.3668,50,35,1,2,후보 복귀 1→2; 이웃 탐침→35
FIO-Fast → YCSB-A → FIO-Fast,0,1,172,55.17,B(YCSB-A),32,7,25,16,1.4052,32,17,1,2,후보 복귀 1→2; 이웃 탐침→17
FIO-Fast → YCSB-A → FIO-Fast,3,1,171,55.29,B(YCSB-A),47,10,25,16,1.3893,47,47,1,1,
FIO-Fast → YCSB-A → FIO-Fast,2,1,173,55.44,B(YCSB-A),48,10,50,4,1.5005,45,45,1,5,
FIO-Fast → YCSB-A → FIO-Fast,1,1,171,55.54,B(YCSB-A),35,7,50,16,1.3523,50,50,1,2,
FIO-Fast → YCSB-A → FIO-Fast,0,1,173,55.66,B(YCSB-A),17,4,25,16,1.3478,32,32,1,2,
FIO-Fast → YCSB-A → FIO-Fast,3,1,172,55.68,B(YCSB-A),47,10,25,16,1.3920,47,47,1,1,
FIO-Fast → YCSB-A → FIO-Fast,2,1,174,55.93,B(YCSB-A),45,10,25,4,1.4562,45,45,1,5,
FIO-Fast → YCSB-A → FIO-Fast,1,1,172,56.04,B(YCSB-A),50,10,50,16,1.3677,50,50,1,1,후보 제거 2→1
FIO-Fast → YCSB-A → FIO-Fast,3,1,173,56.08,B(YCSB-A),47,10,25,16,1.3926,47,47,1,1,
FIO-Fast → YCSB-A → FIO-Fast,0,1,174,56.16,B(YCSB-A),32,7,25,16,1.3832,32,32,1,1,후보 제거 2→1
FIO-Fast → YCSB-A → FIO-Fast,2,1,175,56.33,B(YCSB-A),45,10,25,4,1.4704,45,45,1,5,
FIO-Fast → YCSB-A → FIO-Fast,1,1,173,56.44,B(YCSB-A),50,10,50,16,1.3776,50,50,1,1,
FIO-Fast → YCSB-A → FIO-Fast,3,1,174,56.49,B(YCSB-A),47,10,25,16,1.3956,47,47,1,1,
FIO-Fast → YCSB-A → FIO-Fast,0,1,175,56.57,B(YCSB-A),32,7,25,16,1.4080,32,32,1,1,
FIO-Fast → YCSB-A → FIO-Fast,2,1,176,56.74,B(YCSB-A),45,10,25,4,1.4674,45,45,1,5,
FIO-Fast → YCSB-A → FIO-Fast,1,1,174,56.85,B(YCSB-A),50,10,50,16,1.3748,50,50,1,1,
FIO-Fast → YCSB-A → FIO-Fast,3,1,175,56.89,B(YCSB-A),47,10,25,16,1.3896,47,46,1,2,후보 복귀 1→2; 이웃 탐침→46
FIO-Fast → YCSB-A → FIO-Fast,0,1,176,56.98,B(YCSB-A),32,7,25,16,1.3980,32,32,1,1,
FIO-Fast → YCSB-A → FIO-Fast,2,1,177,57.13,B(YCSB-A),45,10,25,4,1.4634,45,45,1,5,
FIO-Fast → YCSB-A → FIO-Fast,1,1,175,57.25,B(YCSB-A),50,10,50,16,1.3691,50,50,1,1,
FIO-Fast → YCSB-A → FIO-Fast,0,1,177,57.37,B(YCSB-A),32,7,25,16,1.3949,32,32,1,1,
FIO-Fast → YCSB-A → FIO-Fast,3,1,176,57.38,B(YCSB-A),46,10,25,7,1.3626,47,47,1,2,
FIO-Fast → YCSB-A → FIO-Fast,2,1,178,57.54,B(YCSB-A),45,10,25,4,1.4685,45,45,1,5,
FIO-Fast → YCSB-A → FIO-Fast,1,1,176,57.65,B(YCSB-A),50,10,50,16,1.3799,50,50,1,1,
FIO-Fast → YCSB-A → FIO-Fast,0,1,178,57.79,B(YCSB-A),32,7,25,16,1.3984,32,32,1,1,
FIO-Fast → YCSB-A → FIO-Fast,3,1,177,57.89,B(YCSB-A),47,10,25,16,1.3885,47,47,1,2,
FIO-Fast → YCSB-A → FIO-Fast,2,1,179,57.94,B(YCSB-A),45,10,25,4,1.4682,45,45,1,5,
FIO-Fast → YCSB-A → FIO-Fast,1,1,177,58.06,B(YCSB-A),50,10,50,16,1.3722,50,50,1,1,
FIO-Fast → YCSB-A → FIO-Fast,0,1,179,58.19,B(YCSB-A),32,7,25,16,1.3979,32,32,1,1,
FIO-Fast → YCSB-A → FIO-Fast,3,1,178,58.3,B(YCSB-A),47,10,25,16,1.3934,47,47,1,2,
FIO-Fast → YCSB-A → FIO-Fast,2,1,180,58.35,B(YCSB-A),45,10,25,4,1.4795,45,45,1,5,
FIO-Fast → YCSB-A → FIO-Fast,1,1,178,58.47,B(YCSB-A),50,10,50,16,1.3808,50,50,1,1,
FIO-Fast → YCSB-A → FIO-Fast,0,1,180,58.6,B(YCSB-A),32,7,25,16,1.4015,32,32,1,1,
FIO-Fast → YCSB-A → FIO-Fast,3,1,179,58.71,B(YCSB-A),47,10,25,16,1.3976,47,47,1,2,
FIO-Fast → YCSB-A → FIO-Fast,2,1,181,58.76,B(YCSB-A),45,10,25,4,1.4655,45,46,1,5,이웃 탐침→46
FIO-Fast → YCSB-A → FIO-Fast,1,1,179,58.87,B(YCSB-A),50,10,50,16,1.3744,50,47,1,2,후보 복귀 1→2; 이웃 탐침→47
FIO-Fast → YCSB-A → FIO-Fast,0,1,181,59.01,B(YCSB-A),32,7,25,16,1.3974,32,47,1,2,후보 복귀 1→2; 이웃 탐침→47
FIO-Fast → YCSB-A → FIO-Fast,3,1,180,59.1,B(YCSB-A),47,10,25,16,1.3859,47,47,1,2,
FIO-Fast → YCSB-A → FIO-Fast,2,1,182,59.24,B(YCSB-A),46,10,25,7,1.4446,45,45,1,5,
FIO-Fast → YCSB-A → FIO-Fast,1,1,180,59.35,B(YCSB-A),47,10,25,16,1.3675,50,50,1,2,
FIO-Fast → YCSB-A → FIO-Fast,0,1,182,59.48,B(YCSB-A),47,10,25,16,1.3825,32,32,1,2,
FIO-Fast → YCSB-A → FIO-Fast,3,1,181,59.49,B(YCSB-A),47,10,25,16,1.3918,47,47,1,2,
FIO-Fast → YCSB-A → FIO-Fast,2,1,183,59.73,B(YCSB-A),45,10,25,4,1.4596,45,45,1,5,
FIO-Fast → YCSB-A → FIO-Fast,1,1,181,59.85,B(YCSB-A),50,10,50,16,1.3650,50,50,1,1,후보 제거 2→1
FIO-Fast → YCSB-A → FIO-Fast,3,1,182,59.88,B(YCSB-A),47,10,25,16,1.3862,47,47,1,2,
FIO-Fast → YCSB-A → FIO-Fast,0,1,183,59.98,B(YCSB-A),32,7,25,16,1.3871,32,32,1,1,후보 제거 2→1
FIO-Fast → YCSB-A → FIO-Fast,2,1,184,60.13,B(YCSB-A),45,10,25,4,1.4665,45,45,1,5,
FIO-Fast → YCSB-A → FIO-Fast,1,1,182,60.26,B(YCSB-A),50,10,50,16,1.3755,50,50,1,1,
FIO-Fast → YCSB-A → FIO-Fast,3,1,183,60.28,B(YCSB-A),47,10,25,16,1.3972,47,47,1,2,
FIO-Fast → YCSB-A → FIO-Fast,0,1,184,60.39,B(YCSB-A),32,7,25,16,1.3976,32,32,1,1,
FIO-Fast → YCSB-A → FIO-Fast,2,1,185,60.53,B(YCSB-A),45,10,25,4,1.4609,45,45,1,5,
FIO-Fast → YCSB-A → FIO-Fast,1,1,183,60.66,B(YCSB-A),50,10,50,16,1.3686,50,50,1,1,
FIO-Fast → YCSB-A → FIO-Fast,3,1,184,60.69,B(YCSB-A),47,10,25,16,1.3876,47,32,1,3,후보 복귀 2→3; 이웃 탐침→32
FIO-Fast → YCSB-A → FIO-Fast,0,1,185,60.79,B(YCSB-A),32,7,25,16,1.3978,32,32,1,1,
FIO-Fast → YCSB-A → FIO-Fast,2,1,186,60.94,B(YCSB-A),45,10,25,4,1.4628,45,45,1,5,
FIO-Fast → YCSB-A → FIO-Fast,1,1,184,61.06,B(YCSB-A),50,10,50,16,1.3714,50,50,1,1,
FIO-Fast → YCSB-A → FIO-Fast,3,1,185,61.19,B(YCSB-A),32,7,25,16,1.4038,47,47,1,3,
FIO-Fast → YCSB-A → FIO-Fast,0,1,186,61.2,B(YCSB-A),32,7,25,16,1.3968,32,32,1,1,
FIO-Fast → YCSB-A → FIO-Fast,2,1,187,61.34,B(YCSB-A),45,10,25,4,1.4613,45,45,1,5,
FIO-Fast → YCSB-A → FIO-Fast,1,1,185,61.47,B(YCSB-A),50,10,50,16,1.3656,50,50,1,1,
FIO-Fast → YCSB-A → FIO-Fast,0,1,187,61.6,B(YCSB-A),32,7,25,16,1.3944,32,32,1,1,
FIO-Fast → YCSB-A → FIO-Fast,3,1,186,61.69,B(YCSB-A),47,10,25,16,1.3880,47,47,1,3,
FIO-Fast → YCSB-A → FIO-Fast,2,1,188,61.74,B(YCSB-A),45,10,25,4,1.4676,45,45,1,5,
FIO-Fast → YCSB-A → FIO-Fast,1,1,186,61.87,B(YCSB-A),50,10,50,16,1.3698,50,50,1,1,
FIO-Fast → YCSB-A → FIO-Fast,0,1,188,62.0,B(YCSB-A),32,7,25,16,1.3961,32,32,1,1,
FIO-Fast → YCSB-A → FIO-Fast,3,1,187,62.09,B(YCSB-A),47,10,25,16,1.3948,47,47,1,3,
FIO-Fast → YCSB-A → FIO-Fast,2,1,189,62.13,B(YCSB-A),45,10,25,4,1.4626,45,45,1,5,
FIO-Fast → YCSB-A → FIO-Fast,1,1,187,62.27,B(YCSB-A),50,10,50,16,1.3715,50,50,1,1,
FIO-Fast → YCSB-A → FIO-Fast,0,1,189,62.4,B(YCSB-A),32,7,25,16,1.3905,32,32,1,1,
FIO-Fast → YCSB-A → FIO-Fast,3,1,188,62.49,B(YCSB-A),47,10,25,16,1.3861,47,47,1,3,
FIO-Fast → YCSB-A → FIO-Fast,2,1,190,62.54,B(YCSB-A),45,10,25,4,1.4608,45,30,1,5,이웃 탐침→30
FIO-Fast → YCSB-A → FIO-Fast,1,1,188,62.67,B(YCSB-A),50,10,50,16,1.3678,50,53,1,2,후보 복귀 1→2; 이웃 탐침→53
FIO-Fast → YCSB-A → FIO-Fast,0,1,190,62.8,B(YCSB-A),32,7,25,16,1.4020,32,35,1,2,후보 복귀 1→2; 이웃 탐침→35
FIO-Fast → YCSB-A → FIO-Fast,3,1,189,62.89,B(YCSB-A),47,10,25,16,1.3949,47,47,1,3,
FIO-Fast → YCSB-A → FIO-Fast,2,1,191,63.04,B(YCSB-A),30,7,25,4,1.4657,45,45,1,5,
FIO-Fast → YCSB-A → FIO-Fast,1,1,189,63.18,B(YCSB-A),53,10,100,16,1.3563,50,50,1,2,
FIO-Fast → YCSB-A → FIO-Fast,3,1,190,63.29,B(YCSB-A),47,10,25,16,1.3899,47,47,1,3,
FIO-Fast → YCSB-A → FIO-Fast,0,1,191,63.31,B(YCSB-A),35,7,50,16,1.3599,32,32,1,2,
FIO-Fast → YCSB-A → FIO-Fast,2,1,192,63.53,B(YCSB-A),45,10,25,4,1.4571,45,45,1,5,
FIO-Fast → YCSB-A → FIO-Fast,1,1,190,63.66,B(YCSB-A),50,10,50,16,1.3564,50,50,1,2,
FIO-Fast → YCSB-A → FIO-Fast,3,1,191,63.68,B(YCSB-A),47,10,25,16,1.3764,47,47,1,3,
FIO-Fast → YCSB-A → FIO-Fast,0,1,192,63.8,B(YCSB-A),32,7,25,16,1.3772,32,32,1,1,후보 제거 2→1
FIO-Fast → YCSB-A → FIO-Fast,2,1,193,63.92,B(YCSB-A),45,10,25,4,1.4611,45,45,1,5,
FIO-Fast → YCSB-A → FIO-Fast,1,1,191,64.07,B(YCSB-A),50,10,50,16,1.3716,50,50,1,2,
FIO-Fast → YCSB-A → FIO-Fast,3,1,192,64.08,B(YCSB-A),47,10,25,16,1.3952,47,47,1,3,
FIO-Fast → YCSB-A → FIO-Fast,0,1,193,64.2,B(YCSB-A),32,7,25,16,1.3954,32,32,1,1,
FIO-Fast → YCSB-A → FIO-Fast,2,1,194,64.32,B(YCSB-A),45,10,25,4,1.4674,45,45,1,5,
FIO-Fast → YCSB-A → FIO-Fast,1,1,192,64.47,B(YCSB-A),50,10,50,16,1.3682,50,50,1,2,
FIO-Fast → YCSB-A → FIO-Fast,3,1,193,64.48,B(YCSB-A),47,10,25,16,1.3949,47,50,1,4,후보 복귀 3→4; 이웃 탐침→50
FIO-Fast → YCSB-A → FIO-Fast,0,1,194,64.6,B(YCSB-A),32,7,25,16,1.3906,32,32,1,1,
FIO-Fast → YCSB-A → FIO-Fast,2,1,195,64.72,B(YCSB-A),45,10,25,4,1.4632,45,45,1,5,
FIO-Fast → YCSB-A → FIO-Fast,1,1,193,64.87,B(YCSB-A),50,10,50,16,1.3726,50,50,1,2,
FIO-Fast → YCSB-A → FIO-Fast,3,1,194,64.98,B(YCSB-A),50,10,50,16,1.3813,47,47,1,4,
FIO-Fast → YCSB-A → FIO-Fast,0,1,195,65.01,B(YCSB-A),32,7,25,16,1.3981,32,32,1,1,
FIO-Fast → YCSB-A → FIO-Fast,2,1,196,65.13,B(YCSB-A),45,10,25,4,1.4622,45,45,1,5,
FIO-Fast → YCSB-A → FIO-Fast,1,1,194,65.27,B(YCSB-A),50,10,50,16,1.3711,50,50,1,2,
FIO-Fast → YCSB-A → FIO-Fast,0,1,196,65.41,B(YCSB-A),32,7,25,16,1.3938,32,32,1,1,
FIO-Fast → YCSB-A → FIO-Fast,3,1,195,65.48,B(YCSB-A),47,10,25,16,1.3834,47,47,1,3,후보 제거 4→3
FIO-Fast → YCSB-A → FIO-Fast,2,1,197,65.52,B(YCSB-A),45,10,25,4,1.4583,45,45,1,5,
FIO-Fast → YCSB-A → FIO-Fast,1,1,195,65.67,B(YCSB-A),50,10,50,16,1.3670,50,50,1,2,
FIO-Fast → YCSB-A → FIO-Fast,0,1,197,65.81,B(YCSB-A),32,7,25,16,1.3855,32,32,1,1,
FIO-Fast → YCSB-A → FIO-Fast,3,1,196,65.88,B(YCSB-A),47,10,25,16,1.3901,47,47,1,2,후보 제거 3→2
FIO-Fast → YCSB-A → FIO-Fast,2,1,198,65.92,B(YCSB-A),45,10,25,4,1.4604,45,45,1,5,
FIO-Fast → YCSB-A → FIO-Fast,1,1,196,66.06,B(YCSB-A),50,10,50,16,1.3593,50,50,1,2,
FIO-Fast → YCSB-A → FIO-Fast,0,1,198,66.2,B(YCSB-A),32,7,25,16,1.3874,32,32,1,1,
FIO-Fast → YCSB-A → FIO-Fast,3,1,197,66.27,B(YCSB-A),47,10,25,16,1.3852,47,47,1,2,
FIO-Fast → YCSB-A → FIO-Fast,2,1,199,66.31,B(YCSB-A),45,10,25,4,1.4593,45,48,1,5,이웃 탐침→48
FIO-Fast → YCSB-A → FIO-Fast,1,1,197,66.46,B(YCSB-A),50,10,50,16,1.3696,50,49,1,3,후보 복귀 2→3; 이웃 탐침→49
FIO-Fast → YCSB-A → FIO-Fast,0,1,199,66.59,B(YCSB-A),32,7,25,16,1.3972,32,31,1,2,후보 복귀 1→2; 이웃 탐침→31
FIO-Fast → YCSB-A → FIO-Fast,3,1,198,66.66,B(YCSB-A),47,10,25,16,1.3780,47,47,1,2,
FIO-Fast → YCSB-A → FIO-Fast,2,1,200,66.8,B(YCSB-A),48,10,50,4,1.4901,45,45,1,5,
FIO-Fast → YCSB-A → FIO-Fast,1,1,198,66.95,B(YCSB-A),49,10,50,7,1.3471,50,50,1,3,
FIO-Fast → YCSB-A → FIO-Fast,3,1,199,67.05,B(YCSB-A),47,10,25,16,1.3813,47,47,1,2,
FIO-Fast → YCSB-A → FIO-Fast,0,1,200,67.09,B(YCSB-A),31,7,25,7,1.3525,32,32,1,2,
FIO-Fast → YCSB-A → FIO-Fast,2,1,201,67.29,B(YCSB-A),45,10,25,4,1.4571,45,45,1,5,
FIO-Fast → YCSB-A → FIO-Fast,1,1,199,67.43,B(YCSB-A),50,10,50,16,1.3592,50,50,1,2,후보 제거 3→2
FIO-Fast → YCSB-A → FIO-Fast,3,1,200,67.44,B(YCSB-A),47,10,25,16,1.3928,47,47,1,2,
FIO-Fast → YCSB-A → FIO-Fast,0,1,201,67.57,B(YCSB-A),32,7,25,16,1.3916,32,32,1,1,후보 제거 2→1
FIO-Fast → YCSB-A → FIO-Fast,2,1,202,67.67,B(YCSB-A),45,10,25,4,1.4469,45,45,1,5,
FIO-Fast → YCSB-A → FIO-Fast,1,1,200,67.82,B(YCSB-A),50,10,50,16,1.3563,50,50,1,2,
FIO-Fast → YCSB-A → FIO-Fast,3,1,201,67.83,B(YCSB-A),47,10,25,16,1.3794,47,47,1,2,
FIO-Fast → YCSB-A → FIO-Fast,0,1,202,67.96,B(YCSB-A),32,7,25,16,1.3901,32,32,1,1,
FIO-Fast → YCSB-A → FIO-Fast,2,1,203,68.06,B(YCSB-A),45,10,25,4,1.4592,45,45,1,5,
FIO-Fast → YCSB-A → FIO-Fast,1,1,201,68.21,B(YCSB-A),50,10,50,16,1.3671,50,50,1,2,
FIO-Fast → YCSB-A → FIO-Fast,3,1,202,68.21,B(YCSB-A),47,10,25,16,1.3885,47,46,1,2,이웃 탐침→46
FIO-Fast → YCSB-A → FIO-Fast,0,1,203,68.35,B(YCSB-A),32,7,25,16,1.3886,32,32,1,1,
FIO-Fast → YCSB-A → FIO-Fast,2,1,204,68.45,B(YCSB-A),45,10,25,4,1.4614,45,45,1,5,
FIO-Fast → YCSB-A → FIO-Fast,1,1,202,68.6,B(YCSB-A),50,10,50,16,1.3670,50,50,1,2,
FIO-Fast → YCSB-A → FIO-Fast,3,1,203,68.71,B(YCSB-A),46,10,25,7,1.3633,47,47,1,2,
FIO-Fast → YCSB-A → FIO-Fast,0,1,204,68.74,B(YCSB-A),32,7,25,16,1.3964,32,32,1,1,
FIO-Fast → YCSB-A → FIO-Fast,2,1,205,68.84,B(YCSB-A),45,10,25,4,1.4571,45,45,1,5,
FIO-Fast → YCSB-A → FIO-Fast,1,1,203,69.0,B(YCSB-A),50,10,50,16,1.3636,50,50,1,2,
FIO-Fast → YCSB-A → FIO-Fast,0,1,205,69.14,B(YCSB-A),32,7,25,16,1.3918,32,32,1,1,
FIO-Fast → YCSB-A → FIO-Fast,3,1,204,69.2,B(YCSB-A),47,10,25,16,1.3813,47,47,1,2,
FIO-Fast → YCSB-A → FIO-Fast,2,1,206,69.23,B(YCSB-A),45,10,25,4,1.4548,45,45,1,5,
FIO-Fast → YCSB-A → FIO-Fast,1,1,204,69.39,B(YCSB-A),50,10,50,16,1.3607,50,50,1,2,
FIO-Fast → YCSB-A → FIO-Fast,0,1,206,69.53,B(YCSB-A),32,7,25,16,1.3924,32,32,1,1,
FIO-Fast → YCSB-A → FIO-Fast,3,1,205,69.59,B(YCSB-A),47,10,25,16,1.3822,47,47,1,2,
FIO-Fast → YCSB-A → FIO-Fast,2,1,207,69.62,B(YCSB-A),45,10,25,4,1.4522,45,45,1,5,
FIO-Fast → YCSB-A → FIO-Fast,1,1,205,69.79,B(YCSB-A),50,10,50,16,1.3648,50,50,1,2,
FIO-Fast → YCSB-A → FIO-Fast,0,1,207,69.94,B(YCSB-A),32,7,25,16,1.3858,32,32,1,1,
FIO-Fast → YCSB-A → FIO-Fast,3,1,206,69.99,B(YCSB-A),47,10,25,16,1.3897,47,47,1,2,
FIO-Fast → YCSB-A → FIO-Fast,2,1,208,70.03,B(YCSB-A),45,10,25,4,1.4636,45,46,1,5,이웃 탐침→46
FIO-Fast → YCSB-A → FIO-Fast,1,1,206,70.2,B(YCSB-A),50,10,50,16,1.3728,50,35,1,3,후보 복귀 2→3; 이웃 탐침→35
FIO-Fast → YCSB-A → FIO-Fast,0,1,208,70.34,B(YCSB-A),32,7,25,16,1.4010,32,17,1,2,후보 복귀 1→2; 이웃 탐침→17
FIO-Fast → YCSB-A → FIO-Fast,3,1,207,70.39,B(YCSB-A),47,10,25,16,1.3967,47,47,1,2,
FIO-Fast → YCSB-A → FIO-Fast,2,1,209,70.54,B(YCSB-A),46,10,25,7,1.4467,45,45,1,5,
FIO-Fast → YCSB-A → FIO-Fast,1,1,207,70.7,B(YCSB-A),35,7,50,16,1.3370,50,50,1,3,
FIO-Fast → YCSB-A → FIO-Fast,3,1,208,70.8,B(YCSB-A),47,10,25,16,1.3877,47,47,1,2,
FIO-Fast → YCSB-A → FIO-Fast,0,1,209,70.85,B(YCSB-A),17,4,25,16,1.3403,32,32,1,2,
FIO-Fast → YCSB-A → FIO-Fast,2,1,210,71.04,B(YCSB-A),45,10,25,4,1.4560,45,45,1,5,
FIO-Fast → YCSB-A → FIO-Fast,3,1,209,71.2,B(YCSB-A),47,10,25,16,1.3880,47,47,1,2,
FIO-Fast → YCSB-A → FIO-Fast,1,1,208,71.2,B(YCSB-A),50,10,50,16,1.3611,50,50,1,2,후보 제거 3→2
FIO-Fast → YCSB-A → FIO-Fast,0,1,210,71.36,B(YCSB-A),32,7,25,16,1.3818,32,32,1,1,후보 제거 2→1
FIO-Fast → YCSB-A → FIO-Fast,2,1,211,71.44,B(YCSB-A),45,10,25,4,1.4613,45,45,1,5,
FIO-Fast → YCSB-A → FIO-Fast,3,1,210,71.61,B(YCSB-A),47,10,25,16,1.3882,47,47,1,2,
FIO-Fast → YCSB-A → FIO-Fast,1,1,209,71.61,B(YCSB-A),50,10,50,16,1.3734,50,50,1,2,
FIO-Fast → YCSB-A → FIO-Fast,0,1,211,71.77,B(YCSB-A),32,7,25,16,1.3942,32,32,1,1,
FIO-Fast → YCSB-A → FIO-Fast,2,1,212,71.85,B(YCSB-A),45,10,25,4,1.4501,45,45,1,5,
FIO-Fast → YCSB-A → FIO-Fast,3,1,211,72.02,B(YCSB-A),47,10,25,16,1.3934,47,32,1,3,후보 복귀 2→3; 이웃 탐침→32
FIO-Fast → YCSB-A → FIO-Fast,1,1,210,72.03,B(YCSB-A),50,10,50,16,1.3777,50,50,1,2,
FIO-Fast → YCSB-A → FIO-Fast,0,1,212,72.19,B(YCSB-A),32,7,25,16,1.3961,32,32,1,1,
FIO-Fast → YCSB-A → FIO-Fast,2,1,213,72.27,B(YCSB-A),45,10,25,4,1.4601,45,45,1,5,
FIO-Fast → YCSB-A → FIO-Fast,1,1,211,72.45,B(YCSB-A),50,10,50,16,1.3720,50,50,1,2,
FIO-Fast → YCSB-A → FIO-Fast,3,1,212,72.54,B(YCSB-A),32,7,25,16,1.4040,47,47,1,3,
FIO-Fast → YCSB-A → FIO-Fast,0,1,213,72.6,B(YCSB-A),32,7,25,16,1.3996,32,32,1,1,
FIO-Fast → YCSB-A → FIO-Fast,2,1,214,72.68,B(YCSB-A),45,10,25,4,1.4523,45,45,1,5,
FIO-Fast → YCSB-A → FIO-Fast,1,1,212,72.85,B(YCSB-A),50,10,50,16,1.3720,50,50,1,2,
FIO-Fast → YCSB-A → FIO-Fast,0,1,214,73.0,B(YCSB-A),32,7,25,16,1.3914,32,32,1,1,
FIO-Fast → YCSB-A → FIO-Fast,3,1,213,73.05,B(YCSB-A),47,10,25,16,1.3915,47,47,1,3,
FIO-Fast → YCSB-A → FIO-Fast,2,1,215,73.08,B(YCSB-A),45,10,25,4,1.4514,45,45,1,5,
FIO-Fast → YCSB-A → FIO-Fast,1,1,213,73.26,B(YCSB-A),50,10,50,16,1.3675,50,50,1,2,
FIO-Fast → YCSB-A → FIO-Fast,0,1,215,73.42,B(YCSB-A),32,7,25,16,1.3941,32,32,1,1,
FIO-Fast → YCSB-A → FIO-Fast,3,1,214,73.45,B(YCSB-A),47,10,25,16,1.3925,47,47,1,3,
FIO-Fast → YCSB-A → FIO-Fast,2,1,216,73.49,B(YCSB-A),45,10,25,4,1.4536,45,45,1,4,후보 제거 5→4
FIO-Fast → YCSB-A → FIO-Fast,1,1,214,73.67,B(YCSB-A),50,10,50,16,1.3683,50,50,1,2,
FIO-Fast → YCSB-A → FIO-Fast,0,1,216,73.82,B(YCSB-A),32,7,25,16,1.3870,32,32,1,1,
FIO-Fast → YCSB-A → FIO-Fast,3,1,215,73.86,B(YCSB-A),47,10,25,16,1.3888,47,47,1,3,
FIO-Fast → YCSB-A → FIO-Fast,2,1,217,73.89,B(YCSB-A),45,10,25,4,1.4603,45,30,1,4,이웃 탐침→30
FIO-Fast → YCSB-A → FIO-Fast,1,1,215,74.07,B(YCSB-A),50,10,50,16,1.3717,50,47,1,3,후보 복귀 2→3; 이웃 탐침→47
FIO-Fast → YCSB-A → FIO-Fast,0,1,217,74.23,B(YCSB-A),32,7,25,16,1.3972,32,47,1,2,후보 복귀 1→2; 이웃 탐침→47
FIO-Fast → YCSB-A → FIO-Fast,3,1,216,74.26,B(YCSB-A),47,10,25,16,1.3829,47,47,1,3,
FIO-Fast → YCSB-A → FIO-Fast,2,1,218,74.39,B(YCSB-A),30,7,25,4,1.4620,45,45,1,4,
FIO-Fast → YCSB-A → FIO-Fast,1,1,216,74.57,B(YCSB-A),47,10,25,16,1.3671,50,50,1,3,
FIO-Fast → YCSB-A → FIO-Fast,3,1,217,74.66,B(YCSB-A),47,10,25,16,1.3876,47,47,1,3,
FIO-Fast → YCSB-A → FIO-Fast,0,1,218,74.73,B(YCSB-A),47,10,25,16,1.3701,32,32,1,2,
FIO-Fast → YCSB-A → FIO-Fast,2,1,219,74.89,B(YCSB-A),45,10,25,4,1.4580,45,45,1,4,
FIO-Fast → YCSB-A → FIO-Fast,3,1,218,75.07,B(YCSB-A),47,10,25,16,1.3887,47,47,1,3,
FIO-Fast → YCSB-A → FIO-Fast,1,1,217,75.08,B(YCSB-A),50,10,50,16,1.3785,50,50,1,2,후보 제거 3→2
FIO-Fast → YCSB-A → FIO-Fast,0,1,219,75.24,B(YCSB-A),32,7,25,16,1.3904,32,32,1,2,
FIO-Fast → YCSB-A → FIO-Fast,2,1,220,75.3,B(YCSB-A),45,10,25,4,1.4579,45,45,1,4,
FIO-Fast → YCSB-A → FIO-Fast,3,1,219,75.47,B(YCSB-A),47,10,25,16,1.3946,47,47,1,3,
FIO-Fast → YCSB-A → FIO-Fast,1,1,218,75.49,B(YCSB-A),50,10,50,16,1.3676,50,50,1,2,
FIO-Fast → YCSB-A → FIO-Fast,0,1,220,75.64,B(YCSB-A),32,7,25,16,1.3917,32,32,1,2,
FIO-Fast → YCSB-A → FIO-Fast,2,1,221,75.7,B(YCSB-A),45,10,25,4,1.4525,45,45,1,4,
FIO-Fast → YCSB-A → FIO-Fast,3,1,220,75.87,B(YCSB-A),47,10,25,16,1.3897,47,50,1,4,후보 복귀 3→4; 이웃 탐침→50
FIO-Fast → YCSB-A → FIO-Fast,1,1,219,75.89,B(YCSB-A),50,10,50,16,1.3664,50,50,1,2,
FIO-Fast → YCSB-A → FIO-Fast,0,1,221,76.05,B(YCSB-A),32,7,25,16,1.3917,32,32,1,2,
FIO-Fast → YCSB-A → FIO-Fast,2,1,222,76.11,B(YCSB-A),45,10,25,4,1.4630,45,45,1,4,
FIO-Fast → YCSB-A → FIO-Fast,1,1,220,76.3,B(YCSB-A),50,10,50,16,1.3729,50,50,1,2,
FIO-Fast → YCSB-A → FIO-Fast,3,1,221,76.38,B(YCSB-A),50,10,50,16,1.3863,47,47,1,4,
FIO-Fast → YCSB-A → FIO-Fast,0,1,222,76.45,B(YCSB-A),32,7,25,16,1.3901,32,32,1,2,
FIO-Fast → YCSB-A → FIO-Fast,2,1,223,76.51,B(YCSB-A),45,10,25,4,1.4548,45,45,1,4,
FIO-Fast → YCSB-A → FIO-Fast,1,1,221,76.7,B(YCSB-A),50,10,50,16,1.3625,50,50,1,2,
FIO-Fast → YCSB-A → FIO-Fast,0,1,223,76.85,B(YCSB-A),32,7,25,16,1.3864,32,32,1,2,
FIO-Fast → YCSB-A → FIO-Fast,3,1,222,76.87,B(YCSB-A),47,10,25,16,1.3814,47,47,1,4,
FIO-Fast → YCSB-A → FIO-Fast,2,1,224,76.9,B(YCSB-A),45,10,25,4,1.4513,45,45,1,4,
FIO-Fast → YCSB-A → FIO-Fast,1,1,222,77.09,B(YCSB-A),50,10,50,16,1.3644,50,50,1,2,
FIO-Fast → YCSB-A → FIO-Fast,0,1,224,77.24,B(YCSB-A),32,7,25,16,1.3905,32,32,1,2,
FIO-Fast → YCSB-A → FIO-Fast,3,1,223,77.26,B(YCSB-A),47,10,25,16,1.3837,47,47,1,4,
FIO-Fast → YCSB-A → FIO-Fast,2,1,225,77.28,B(YCSB-A),45,10,25,4,1.4525,45,45,1,4,
FIO-Fast → YCSB-A → FIO-Fast,1,1,223,77.47,B(YCSB-A),50,10,50,16,1.3528,50,50,1,2,
FIO-Fast → YCSB-A → FIO-Fast,0,1,225,77.62,B(YCSB-A),32,7,25,16,1.3824,32,32,1,2,
FIO-Fast → YCSB-A → FIO-Fast,3,1,224,77.64,B(YCSB-A),47,10,25,16,1.3823,47,47,1,4,
FIO-Fast → YCSB-A → FIO-Fast,2,1,226,77.66,B(YCSB-A),45,10,25,4,1.4655,45,48,1,4,이웃 탐침→48
FIO-Fast → YCSB-A → FIO-Fast,1,1,224,77.86,B(YCSB-A),50,10,50,16,1.3573,50,53,1,2,이웃 탐침→53
FIO-Fast → YCSB-A → FIO-Fast,0,1,226,78.02,B(YCSB-A),32,7,25,16,1.3962,32,35,1,3,후보 복귀 2→3; 이웃 탐침→35
FIO-Fast → YCSB-A → FIO-Fast,3,1,225,78.04,B(YCSB-A),47,10,25,16,1.3781,47,47,1,4,
FIO-Fast → YCSB-A → FIO-Fast,2,1,227,78.16,B(YCSB-A),48,10,50,4,1.4860,45,45,1,4,
FIO-Fast → YCSB-A → FIO-Fast,1,1,225,78.34,B(YCSB-A),53,10,100,16,1.3427,50,50,1,2,
FIO-Fast → YCSB-A → FIO-Fast,3,1,226,78.41,B(YCSB-A),47,10,25,16,1.3813,47,47,1,4,
FIO-Fast → YCSB-A → FIO-Fast,0,1,227,78.49,B(YCSB-A),35,7,50,16,1.3602,32,32,1,3,
FIO-Fast → YCSB-A → FIO-Fast,2,1,228,78.63,B(YCSB-A),45,10,25,4,1.4552,45,45,1,4,
FIO-Fast → YCSB-A → FIO-Fast,3,1,227,78.79,B(YCSB-A),47,10,25,16,1.3801,47,47,1,4,
FIO-Fast → YCSB-A → FIO-Fast,1,1,226,78.82,B(YCSB-A),50,10,50,16,1.3487,50,50,1,2,
FIO-Fast → YCSB-A → FIO-Fast,0,1,228,78.97,B(YCSB-A),32,7,25,16,1.3698,32,32,1,2,후보 제거 3→2
FIO-Fast → YCSB-A → FIO-Fast,2,1,229,79.01,B(YCSB-A),45,10,25,4,1.4574,45,45,1,4,
FIO-Fast → YCSB-A → FIO-Fast,3,1,228,79.18,B(YCSB-A),47,10,25,16,1.3901,47,47,1,4,
FIO-Fast → YCSB-A → FIO-Fast,1,1,227,79.21,B(YCSB-A),50,10,50,16,1.3535,50,50,1,2,
FIO-Fast → YCSB-A → FIO-Fast,0,1,229,79.35,B(YCSB-A),32,7,25,16,1.3811,32,32,1,2,
FIO-Fast → YCSB-A → FIO-Fast,2,1,230,79.38,B(YCSB-A),45,10,25,4,1.4501,45,45,1,4,
FIO-Fast → YCSB-A → FIO-Fast,3,1,229,79.54,B(YCSB-A),47,10,25,16,1.3750,47,46,1,4,이웃 탐침→46
FIO-Fast → YCSB-A → FIO-Fast,1,1,228,79.57,B(YCSB-A),50,10,50,16,1.3443,50,50,1,2,
FIO-Fast → YCSB-A → FIO-Fast,0,1,230,79.72,B(YCSB-A),32,7,25,16,1.3761,32,32,1,2,
FIO-Fast → YCSB-A → FIO-Fast,2,1,231,79.75,B(YCSB-A),45,10,25,4,1.4547,45,45,1,4,
FIO-Fast → YCSB-A → FIO-Fast,1,1,229,79.94,B(YCSB-A),50,10,50,16,1.3413,50,50,1,2,
FIO-Fast → YCSB-A → FIO-Fast,3,1,230,80.0,B(YCSB-A),46,10,25,7,1.3491,47,47,1,4,
FIO-Fast → YCSB-A → FIO-Fast,0,1,231,80.09,B(YCSB-A),32,7,25,16,1.3792,32,32,1,2,
FIO-Fast → YCSB-A → FIO-Fast,2,1,232,80.11,B(YCSB-A),45,10,25,4,1.4585,45,45,1,4,
FIO-Fast → YCSB-A → FIO-Fast,1,1,230,80.32,B(YCSB-A),50,10,50,16,1.3536,50,50,1,2,
FIO-Fast → YCSB-A → FIO-Fast,0,1,232,80.47,B(YCSB-A),32,7,25,16,1.3800,32,32,1,2,
FIO-Fast → YCSB-A → FIO-Fast,3,1,231,80.48,B(YCSB-A),47,10,25,16,1.3708,47,47,1,4,
FIO-Fast → YCSB-A → FIO-Fast,2,1,233,80.5,B(YCSB-A),45,10,25,4,1.4526,45,45,1,4,
FIO-Fast → YCSB-A → FIO-Fast,1,1,231,80.71,B(YCSB-A),50,10,50,16,1.3570,50,50,1,2,
FIO-Fast → YCSB-A → FIO-Fast,0,1,233,80.87,B(YCSB-A),32,7,25,16,1.3861,32,32,1,2,
FIO-Fast → YCSB-A → FIO-Fast,3,1,232,80.87,B(YCSB-A),47,10,25,16,1.3896,47,47,1,4,
FIO-Fast → YCSB-A → FIO-Fast,2,1,234,80.89,B(YCSB-A),45,10,25,4,1.4495,45,45,1,4,
FIO-Fast → YCSB-A → FIO-Fast,1,1,232,81.1,B(YCSB-A),50,10,50,16,1.3563,50,50,1,2,
FIO-Fast → YCSB-A → FIO-Fast,0,1,234,81.25,B(YCSB-A),32,7,25,16,1.3844,32,32,1,2,
FIO-Fast → YCSB-A → FIO-Fast,3,1,233,81.25,B(YCSB-A),47,10,25,16,1.3810,47,47,1,4,
FIO-Fast → YCSB-A → FIO-Fast,2,1,235,81.27,B(YCSB-A),45,10,25,4,1.4544,45,46,1,4,이웃 탐침→46
FIO-Fast → YCSB-A → FIO-Fast,1,1,233,81.46,B(YCSB-A),50,10,50,16,1.3464,50,49,1,3,후보 복귀 2→3; 이웃 탐침→49
FIO-Fast → YCSB-A → FIO-Fast,0,1,235,81.61,B(YCSB-A),32,7,25,16,1.3720,32,31,1,3,후보 복귀 2→3; 이웃 탐침→31
FIO-Fast → YCSB-A → FIO-Fast,3,1,234,81.62,B(YCSB-A),47,10,25,16,1.3748,47,47,1,4,
FIO-Fast → YCSB-A → FIO-Fast,2,1,236,81.73,B(YCSB-A),46,10,25,7,1.4291,45,45,1,4,
FIO-Fast → YCSB-A → FIO-Fast,1,1,234,81.94,B(YCSB-A),49,10,50,7,1.3380,50,50,1,3,
FIO-Fast → YCSB-A → FIO-Fast,3,1,235,81.99,B(YCSB-A),47,10,25,16,1.3834,47,47,1,4,
FIO-Fast → YCSB-A → FIO-Fast,0,1,236,82.09,B(YCSB-A),31,7,25,7,1.3473,32,32,1,3,
FIO-Fast → YCSB-A → FIO-Fast,2,1,237,82.2,B(YCSB-A),45,10,25,4,1.4600,45,45,1,4,
FIO-Fast → YCSB-A → FIO-Fast,3,1,236,82.38,B(YCSB-A),47,10,25,16,1.3866,47,47,1,4,
FIO-Fast → YCSB-A → FIO-Fast,1,1,235,82.42,B(YCSB-A),50,10,50,16,1.3561,50,50,1,3,
FIO-Fast → YCSB-A → FIO-Fast,0,1,237,82.58,B(YCSB-A),32,7,25,16,1.3786,32,32,1,2,후보 제거 3→2
FIO-Fast → YCSB-A → FIO-Fast,2,1,238,82.59,B(YCSB-A),45,10,25,4,1.4478,45,45,1,4,
FIO-Fast → YCSB-A → FIO-Fast,3,1,237,82.77,B(YCSB-A),47,10,25,16,1.3797,47,47,1,4,
FIO-Fast → YCSB-A → FIO-Fast,1,1,236,82.81,B(YCSB-A),50,10,50,16,1.3597,50,50,1,3,
FIO-Fast → YCSB-A → FIO-Fast,0,1,238,83.07,B(YCSB-A),32,7,25,16,1.3881,32,32,1,2,
FIO-Fast → YCSB-A → FIO-Fast,2,1,239,83.08,B(YCSB-A),45,10,25,4,1.4552,45,45,1,4,
FIO-Fast → YCSB-A → FIO-Fast,3,1,238,83.26,B(YCSB-A),47,10,25,16,1.3821,47,32,1,4,이웃 탐침→32
FIO-Fast → YCSB-A → FIO-Fast,1,1,237,83.31,B(YCSB-A),50,10,50,16,1.3650,50,50,1,3,
FIO-Fast → YCSB-A → FIO-Fast,0,1,239,83.46,B(YCSB-A),32,7,25,16,1.3932,32,32,1,2,
FIO-Fast → YCSB-A → FIO-Fast,2,1,240,83.48,B(YCSB-A),45,10,25,4,1.4530,45,45,1,4,
FIO-Fast → YCSB-A → FIO-Fast,1,1,238,83.69,B(YCSB-A),50,10,50,16,1.3514,50,50,1,3,
FIO-Fast → YCSB-A → FIO-Fast,3,1,239,83.75,B(YCSB-A),32,7,25,16,1.3943,47,47,1,4,
FIO-Fast → YCSB-A → FIO-Fast,0,1,240,83.85,B(YCSB-A),32,7,25,16,1.3792,32,32,1,2,
FIO-Fast → YCSB-A → FIO-Fast,2,1,241,83.86,B(YCSB-A),45,10,25,4,1.4504,45,45,1,4,
FIO-Fast → YCSB-A → FIO-Fast,1,1,239,84.08,B(YCSB-A),50,10,50,16,1.3597,50,50,1,3,
FIO-Fast → YCSB-A → FIO-Fast,3,1,240,84.23,B(YCSB-A),47,10,25,16,1.3906,47,47,1,4,
FIO-Fast → YCSB-A → FIO-Fast,0,1,241,84.24,B(YCSB-A),32,7,25,16,1.3868,32,32,1,2,
FIO-Fast → YCSB-A → FIO-Fast,2,1,242,84.24,B(YCSB-A),45,10,25,4,1.4593,45,45,1,4,
FIO-Fast → YCSB-A → FIO-Fast,1,1,240,84.47,B(YCSB-A),50,10,50,16,1.3532,50,50,1,3,
FIO-Fast → YCSB-A → FIO-Fast,3,1,241,84.62,B(YCSB-A),47,10,25,16,1.3788,47,47,1,4,
FIO-Fast → YCSB-A → FIO-Fast,0,1,242,84.64,B(YCSB-A),32,7,25,16,1.3808,32,32,1,2,
FIO-Fast → YCSB-A → FIO-Fast,2,1,243,84.64,B(YCSB-A),45,10,25,4,1.4578,45,45,1,4,
FIO-Fast → YCSB-A → FIO-Fast,1,1,241,85.93,C(FIO-Fast),50,10,50,16,1.5326,50,50,1,3,
FIO-Fast → YCSB-A → FIO-Fast,3,1,242,86.01,C(FIO-Fast),47,10,25,16,2.1101,47,47,1,4,
FIO-Fast → YCSB-A → FIO-Fast,0,1,243,86.02,C(FIO-Fast),32,7,25,16,2.0969,32,32,1,2,
FIO-Fast → YCSB-A → FIO-Fast,2,1,244,86.02,C(FIO-Fast),45,10,25,4,2.3468,45,30,1,4,이웃 탐침→30
FIO-Fast → YCSB-A → FIO-Fast,1,1,242,86.15,C(FIO-Fast),50,10,50,16,2.7190,50,35,1,4,후보 복귀 3→4; 이웃 탐침→35
FIO-Fast → YCSB-A → FIO-Fast,3,1,243,86.23,C(FIO-Fast),47,10,25,16,2.5508,47,47,1,4,
FIO-Fast → YCSB-A → FIO-Fast,0,1,244,86.24,C(FIO-Fast),32,7,25,16,2.7528,32,17,1,3,후보 복귀 2→3; 이웃 탐침→17
FIO-Fast → YCSB-A → FIO-Fast,2,1,245,86.29,C(FIO-Fast),30,7,25,4,2.9409,45,45,1,4,
FIO-Fast → YCSB-A → FIO-Fast,1,1,243,86.42,C(FIO-Fast),35,7,50,16,3.1256,50,50,1,4,
FIO-Fast → YCSB-A → FIO-Fast,3,,244,86.45,,,,,,,,,,,재설정(변화 감지)
FIO-Fast → YCSB-A → FIO-Fast,3,2,244,86.45,C(FIO-Fast),47,10,25,16,2.7857,47,17,0,10,후보 복귀 4→10; 정착 해제
FIO-Fast → YCSB-A → FIO-Fast,0,1,245,86.51,C(FIO-Fast),17,4,25,16,3.2191,32,32,1,3,
FIO-Fast → YCSB-A → FIO-Fast,2,1,246,86.57,C(FIO-Fast),45,10,25,4,3.1531,45,45,1,3,후보 제거 4→3
FIO-Fast → YCSB-A → FIO-Fast,1,1,244,86.69,C(FIO-Fast),50,10,50,16,3.0643,50,50,1,3,후보 제거 4→3
FIO-Fast → YCSB-A → FIO-Fast,3,2,245,86.72,C(FIO-Fast),17,4,25,16,3.4350,47,31,0,10,
FIO-Fast → YCSB-A → FIO-Fast,0,,246,86.78,,,,,,,,,,,재설정(변화 감지)
FIO-Fast → YCSB-A → FIO-Fast,0,2,246,86.78,C(FIO-Fast),32,7,25,16,2.7836,32,16,0,9,후보 복귀 3→9; 정착 해제
FIO-Fast → YCSB-A → FIO-Fast,2,,247,86.79,,,,,,,,,,,재설정(변화 감지)
FIO-Fast → YCSB-A → FIO-Fast,2,2,247,86.79,C(FIO-Fast),45,10,25,4,3.2382,45,30,0,9,후보 복귀 3→9; 정착 해제
FIO-Fast → YCSB-A → FIO-Fast,1,,245,86.91,,,,,,,,,,,재설정(변화 감지)
FIO-Fast → YCSB-A → FIO-Fast,1,2,245,86.91,C(FIO-Fast),50,10,50,16,3.0286,50,34,0,11,후보 복귀 3→11; 정착 해제
FIO-Fast → YCSB-A → FIO-Fast,3,2,246,87.0,C(FIO-Fast),31,7,25,7,2.8650,47,32,0,10,
FIO-Fast → YCSB-A → FIO-Fast,0,2,247,87.06,C(FIO-Fast),16,4,25,7,3.1612,32,17,0,9,
FIO-Fast → YCSB-A → FIO-Fast,2,2,248,87.06,C(FIO-Fast),30,7,25,4,3.1709,30,31,0,9,
FIO-Fast → YCSB-A → FIO-Fast,1,2,246,87.19,C(FIO-Fast),34,7,50,7,3.2952,50,35,0,11,
FIO-Fast → YCSB-A → FIO-Fast,3,2,247,87.27,C(FIO-Fast),32,7,25,16,3.1712,47,35,0,10,
FIO-Fast → YCSB-A → FIO-Fast,0,2,248,87.33,C(FIO-Fast),17,4,25,16,3.3452,32,20,0,9,
FIO-Fast → YCSB-A → FIO-Fast,2,2,249,87.33,C(FIO-Fast),31,7,25,7,3.0254,31,33,0,9,
FIO-Fast → YCSB-A → FIO-Fast,1,2,247,87.46,C(FIO-Fast),35,7,50,16,3.2657,50,38,0,11,
FIO-Fast → YCSB-A → FIO-Fast,3,2,248,87.54,C(FIO-Fast),35,7,50,16,3.1563,47,45,0,10,
FIO-Fast → YCSB-A → FIO-Fast,0,2,249,87.6,C(FIO-Fast),20,4,50,16,3.2475,32,31,0,9,
FIO-Fast → YCSB-A → FIO-Fast,2,2,250,87.6,C(FIO-Fast),33,7,50,4,3.3373,31,46,0,9,
FIO-Fast → YCSB-A → FIO-Fast,1,2,248,87.73,C(FIO-Fast),38,7,100,16,3.4812,50,46,0,11,
FIO-Fast → YCSB-A → FIO-Fast,3,2,249,87.82,C(FIO-Fast),45,10,25,4,3.1800,47,46,0,10,
FIO-Fast → YCSB-A → FIO-Fast,0,2,250,87.88,C(FIO-Fast),31,7,25,7,3.0657,32,35,0,9,
FIO-Fast → YCSB-A → FIO-Fast,2,2,251,87.88,C(FIO-Fast),46,10,25,7,3.0410,31,47,0,9,
FIO-Fast → YCSB-A → FIO-Fast,1,2,249,88.01,C(FIO-Fast),46,10,25,7,2.9995,46,47,0,11,
FIO-Fast → YCSB-A → FIO-Fast,3,2,250,88.09,C(FIO-Fast),46,10,25,7,2.9909,47,49,0,10,
FIO-Fast → YCSB-A → FIO-Fast,0,2,251,88.15,C(FIO-Fast),35,7,50,16,3.1608,32,46,0,9,
FIO-Fast → YCSB-A → FIO-Fast,2,2,252,88.15,C(FIO-Fast),47,10,25,16,2.4971,47,48,0,9,
FIO-Fast → YCSB-A → FIO-Fast,1,2,250,88.28,C(FIO-Fast),47,10,25,16,2.9968,46,48,0,11,
FIO-Fast → YCSB-A → FIO-Fast,3,2,251,88.36,C(FIO-Fast),49,10,50,7,3.2702,47,50,0,10,
FIO-Fast → YCSB-A → FIO-Fast,0,2,252,88.42,C(FIO-Fast),46,10,25,7,2.9750,32,47,0,9,
FIO-Fast → YCSB-A → FIO-Fast,2,2,253,88.42,C(FIO-Fast),48,10,50,4,3.4303,47,49,0,9,
FIO-Fast → YCSB-A → FIO-Fast,1,2,251,88.55,C(FIO-Fast),48,10,50,4,3.0562,46,49,0,11,
FIO-Fast → YCSB-A → FIO-Fast,3,2,252,88.63,C(FIO-Fast),50,10,50,16,3.0782,47,53,0,10,
FIO-Fast → YCSB-A → FIO-Fast,0,2,253,88.7,C(FIO-Fast),47,10,25,16,2.4930,47,50,0,9,
FIO-Fast → YCSB-A → FIO-Fast,2,2,254,88.7,C(FIO-Fast),49,10,50,7,3.2098,47,51,0,9,
FIO-Fast → YCSB-A → FIO-Fast,1,2,252,88.82,C(FIO-Fast),49,10,50,7,3.3011,46,52,0,11,
FIO-Fast → YCSB-A → FIO-Fast,3,2,253,88.91,C(FIO-Fast),53,10,100,16,3.3018,47,47,0,8,후보 제거 10→8
FIO-Fast → YCSB-A → FIO-Fast,0,2,254,88.97,C(FIO-Fast),50,10,50,16,3.1067,47,47,0,3,후보 제거 9→3
FIO-Fast → YCSB-A → FIO-Fast,2,2,255,88.97,C(FIO-Fast),51,10,100,4,3.5138,47,47,0,2,후보 제거 9→2
FIO-Fast → YCSB-A → FIO-Fast,1,2,253,89.1,C(FIO-Fast),52,10,100,7,3.3660,46,53,0,11,
FIO-Fast → YCSB-A → FIO-Fast,3,2,254,89.18,C(FIO-Fast),47,10,25,16,2.7446,47,31,0,6,후보 제거 8→6
FIO-Fast → YCSB-A → FIO-Fast,0,2,255,89.24,C(FIO-Fast),47,10,25,16,2.4535,47,47,0,2,후보 제거 3→2
FIO-Fast → YCSB-A → FIO-Fast,2,2,256,89.24,C(FIO-Fast),47,10,25,16,2.5453,47,47,0,1,후보 제거 2→1
FIO-Fast → YCSB-A → FIO-Fast,1,2,254,89.37,C(FIO-Fast),53,10,100,16,3.5266,46,56,0,11,
FIO-Fast → YCSB-A → FIO-Fast,3,2,255,89.45,C(FIO-Fast),31,7,25,7,3.1191,47,47,0,6,
FIO-Fast → YCSB-A → FIO-Fast,0,2,256,89.46,C(FIO-Fast),47,10,25,16,3.0753,47,32,0,2,
FIO-Fast → YCSB-A → FIO-Fast,2,2,257,89.46,C(FIO-Fast),47,10,25,16,3.0201,47,47,0,1,
FIO-Fast → YCSB-A → FIO-Fast,1,2,255,89.64,C(FIO-Fast),56,10,200,16,3.4877,46,47,0,9,후보 제거 11→9
FIO-Fast → YCSB-A → FIO-Fast,2,2,258,89.68,C(FIO-Fast),47,10,25,16,2.6644,47,47,0,1,
FIO-Fast → YCSB-A → FIO-Fast,3,2,256,89.73,C(FIO-Fast),47,10,25,16,2.7962,47,46,0,6,
FIO-Fast → YCSB-A → FIO-Fast,0,2,257,89.73,C(FIO-Fast),32,7,25,16,2.9103,47,47,0,2,
FIO-Fast → YCSB-A → FIO-Fast,2,2,259,89.9,C(FIO-Fast),47,10,25,16,2.8476,47,47,0,1,
FIO-Fast → YCSB-A → FIO-Fast,1,2,256,89.92,C(FIO-Fast),47,10,25,16,2.8713,47,46,0,8,후보 제거 9→8
FIO-Fast → YCSB-A → FIO-Fast,3,2,257,90.0,C(FIO-Fast),46,10,25,7,3.0477,47,47,0,6,
FIO-Fast → YCSB-A → FIO-Fast,0,2,258,90.01,C(FIO-Fast),47,10,25,16,3.0204,47,32,0,2,
FIO-Fast → YCSB-A → FIO-Fast,2,2,260,90.12,C(FIO-Fast),47,10,25,16,2.7498,47,47,0,1,
FIO-Fast → YCSB-A → FIO-Fast,1,2,257,90.19,C(FIO-Fast),46,10,25,7,2.8693,47,50,0,8,
FIO-Fast → YCSB-A → FIO-Fast,3,2,258,90.27,C(FIO-Fast),47,10,25,16,2.7681,47,47,0,6,
FIO-Fast → YCSB-A → FIO-Fast,0,2,259,90.28,C(FIO-Fast),32,7,25,16,2.8937,47,47,0,2,
FIO-Fast → YCSB-A → FIO-Fast,2,2,261,90.34,C(FIO-Fast),47,10,25,16,2.5075,47,47,0,1,
FIO-Fast → YCSB-A → FIO-Fast,1,2,258,90.46,C(FIO-Fast),50,10,50,16,3.0884,47,48,0,8,
FIO-Fast → YCSB-A → FIO-Fast,3,2,259,90.49,C(FIO-Fast),47,10,25,16,2.8629,47,50,0,6,
FIO-Fast → YCSB-A → FIO-Fast,0,2,260,90.55,C(FIO-Fast),47,10,25,16,2.9740,47,32,0,2,
FIO-Fast → YCSB-A → FIO-Fast,2,2,262,90.55,C(FIO-Fast),47,10,25,16,3.0421,47,47,0,1,
FIO-Fast → YCSB-A → FIO-Fast,1,2,259,90.74,C(FIO-Fast),48,10,50,4,3.0357,47,47,0,8,
FIO-Fast → YCSB-A → FIO-Fast,3,2,260,90.76,C(FIO-Fast),50,10,50,16,2.8652,47,47,0,6,
FIO-Fast → YCSB-A → FIO-Fast,2,2,263,90.77,C(FIO-Fast),47,10,25,16,2.6217,47,47,0,1,
FIO-Fast → YCSB-A → FIO-Fast,0,2,261,90.83,C(FIO-Fast),32,7,25,16,2.8928,47,47,0,2,
FIO-Fast → YCSB-A → FIO-Fast,2,2,264,90.99,C(FIO-Fast),47,10,25,16,2.9098,47,47,0,1,
FIO-Fast → YCSB-A → FIO-Fast,1,2,260,91.01,C(FIO-Fast),47,10,25,16,2.9237,47,46,0,8,
FIO-Fast → YCSB-A → FIO-Fast,3,2,261,91.04,C(FIO-Fast),47,10,25,16,2.7971,47,47,0,6,
FIO-Fast → YCSB-A → FIO-Fast,0,2,262,91.1,C(FIO-Fast),47,10,25,16,3.0547,47,32,0,2,
FIO-Fast → YCSB-A → FIO-Fast,2,2,265,91.21,C(FIO-Fast),47,10,25,16,2.8025,47,47,0,1,
FIO-Fast → YCSB-A → FIO-Fast,3,2,262,91.26,C(FIO-Fast),47,10,25,16,2.7037,47,47,0,6,
FIO-Fast → YCSB-A → FIO-Fast,1,2,261,91.28,C(FIO-Fast),46,10,25,7,2.8771,46,46,0,7,후보 제거 8→7
FIO-Fast → YCSB-A → FIO-Fast,0,2,263,91.37,C(FIO-Fast),32,7,25,16,2.9667,47,47,0,2,
FIO-Fast → YCSB-A → FIO-Fast,2,2,266,91.43,C(FIO-Fast),47,10,25,16,2.5721,47,47,0,1,
FIO-Fast → YCSB-A → FIO-Fast,3,2,263,91.47,C(FIO-Fast),47,10,25,16,2.8886,47,50,0,6,
FIO-Fast → YCSB-A → FIO-Fast,1,2,262,91.5,C(FIO-Fast),46,10,25,7,2.9212,46,47,0,7,
FIO-Fast → YCSB-A → FIO-Fast,0,2,264,91.64,C(FIO-Fast),47,10,25,16,3.0769,47,32,0,2,
FIO-Fast → YCSB-A → FIO-Fast,2,2,267,91.65,C(FIO-Fast),47,10,25,16,3.1518,47,47,1,1,정착
FIO-Fast → YCSB-A → FIO-Fast,3,2,264,91.75,C(FIO-Fast),50,10,50,16,3.0410,47,35,0,6,
FIO-Fast → YCSB-A → FIO-Fast,1,2,263,91.77,C(FIO-Fast),47,10,25,16,2.6017,47,47,0,5,후보 제거 7→5
FIO-Fast → YCSB-A → FIO-Fast,2,2,268,91.87,C(FIO-Fast),47,10,25,16,2.6810,47,47,1,1,
FIO-Fast → YCSB-A → FIO-Fast,0,2,265,91.92,C(FIO-Fast),32,7,25,16,2.9476,47,47,0,2,
FIO-Fast → YCSB-A → FIO-Fast,1,2,264,91.99,C(FIO-Fast),47,10,25,16,2.7726,47,47,0,4,후보 제거 5→4
FIO-Fast → YCSB-A → FIO-Fast,3,2,265,92.02,C(FIO-Fast),35,7,50,16,3.2166,47,47,1,6,정착
FIO-Fast → YCSB-A → FIO-Fast,2,2,269,92.08,C(FIO-Fast),47,10,25,16,2.9233,47,47,1,1,
FIO-Fast → YCSB-A → FIO-Fast,0,2,266,92.19,C(FIO-Fast),47,10,25,16,3.0411,47,47,1,2,정착
FIO-Fast → YCSB-A → FIO-Fast,1,2,265,92.21,C(FIO-Fast),47,10,25,16,2.9339,47,47,0,4,
FIO-Fast → YCSB-A → FIO-Fast,3,2,266,92.29,C(FIO-Fast),47,10,25,16,2.8106,47,47,1,6,
FIO-Fast → YCSB-A → FIO-Fast,2,2,270,92.3,C(FIO-Fast),47,10,25,16,2.7929,47,47,1,1,
FIO-Fast → YCSB-A → FIO-Fast,0,2,267,92.41,C(FIO-Fast),47,10,25,16,2.6622,47,47,1,2,
FIO-Fast → YCSB-A → FIO-Fast,1,2,266,92.43,C(FIO-Fast),47,10,25,16,2.6528,47,47,0,4,
FIO-Fast → YCSB-A → FIO-Fast,3,2,267,92.51,C(FIO-Fast),47,10,25,16,2.5700,47,47,1,6,
FIO-Fast → YCSB-A → FIO-Fast,2,2,271,92.52,C(FIO-Fast),47,10,25,16,2.5838,47,47,1,1,
FIO-Fast → YCSB-A → FIO-Fast,0,2,268,92.63,C(FIO-Fast),47,10,25,16,2.8877,47,47,1,2,
FIO-Fast → YCSB-A → FIO-Fast,1,2,267,92.65,C(FIO-Fast),47,10,25,16,3.0058,47,46,0,4,
FIO-Fast → YCSB-A → FIO-Fast,3,2,268,92.73,C(FIO-Fast),47,10,25,16,3.0277,47,47,1,6,
FIO-Fast → YCSB-A → FIO-Fast,2,2,272,92.74,C(FIO-Fast),47,10,25,16,3.1045,47,47,1,1,
FIO-Fast → YCSB-A → FIO-Fast,0,2,269,92.85,C(FIO-Fast),47,10,25,16,2.7979,47,47,1,2,
FIO-Fast → YCSB-A → FIO-Fast,1,2,268,92.92,C(FIO-Fast),46,10,25,7,2.8812,47,48,0,4,
FIO-Fast → YCSB-A → FIO-Fast,3,2,269,92.95,C(FIO-Fast),47,10,25,16,2.7214,47,47,1,6,
FIO-Fast → YCSB-A → FIO-Fast,2,2,273,92.96,C(FIO-Fast),47,10,25,16,2.6880,47,47,1,1,
FIO-Fast → YCSB-A → FIO-Fast,0,2,270,93.07,C(FIO-Fast),47,10,25,16,2.5356,47,47,1,2,
FIO-Fast → YCSB-A → FIO-Fast,3,2,270,93.17,C(FIO-Fast),47,10,25,16,2.7838,47,47,1,6,
FIO-Fast → YCSB-A → FIO-Fast,2,2,274,93.18,C(FIO-Fast),47,10,25,16,2.8916,47,32,1,2,후보 복귀 1→2; 이웃 탐침→32
FIO-Fast → YCSB-A → FIO-Fast,1,2,269,93.19,C(FIO-Fast),48,10,50,4,3.4373,47,47,0,4,
FIO-Fast → YCSB-A → FIO-Fast,0,2,271,93.28,C(FIO-Fast),47,10,25,16,3.0743,47,47,1,2,
FIO-Fast → YCSB-A → FIO-Fast,3,2,271,93.39,C(FIO-Fast),47,10,25,16,2.8500,47,47,1,6,
FIO-Fast → YCSB-A → FIO-Fast,2,2,275,93.45,C(FIO-Fast),32,7,25,16,2.8818,47,47,1,2,
FIO-Fast → YCSB-A → FIO-Fast,1,2,270,93.47,C(FIO-Fast),47,10,25,16,2.7050,47,47,0,4,
FIO-Fast → YCSB-A → FIO-Fast,0,2,272,93.5,C(FIO-Fast),47,10,25,16,2.6399,47,47,1,2,
FIO-Fast → YCSB-A → FIO-Fast,3,2,272,93.6,C(FIO-Fast),47,10,25,16,2.5300,47,47,1,6,
FIO-Fast → YCSB-A → FIO-Fast,1,2,271,93.69,C(FIO-Fast),47,10,25,16,2.6686,47,47,0,4,
FIO-Fast → YCSB-A → FIO-Fast,0,2,273,93.72,C(FIO-Fast),47,10,25,16,2.8512,47,32,1,2,이웃 탐침→32
FIO-Fast → YCSB-A → FIO-Fast,2,2,276,93.72,C(FIO-Fast),47,10,25,16,2.8459,47,47,1,2,
FIO-Fast → YCSB-A → FIO-Fast,3,2,273,93.82,C(FIO-Fast),47,10,25,16,3.0139,47,32,1,6,이웃 탐침→32
FIO-Fast → YCSB-A → FIO-Fast,1,2,272,93.9,C(FIO-Fast),47,10,25,16,2.8266,47,50,0,4,
FIO-Fast → YCSB-A → FIO-Fast,2,2,277,93.94,C(FIO-Fast),47,10,25,16,2.7639,47,47,1,2,
FIO-Fast → YCSB-A → FIO-Fast,0,2,274,93.99,C(FIO-Fast),32,7,25,16,2.8428,47,47,1,2,
FIO-Fast → YCSB-A → FIO-Fast,3,2,274,94.1,C(FIO-Fast),32,7,25,16,2.9456,47,47,1,6,
FIO-Fast → YCSB-A → FIO-Fast,2,2,278,94.16,C(FIO-Fast),47,10,25,16,2.5024,47,47,1,2,
FIO-Fast → YCSB-A → FIO-Fast,1,2,273,94.18,C(FIO-Fast),50,10,50,16,3.0306,47,47,0,4,
FIO-Fast → YCSB-A → FIO-Fast,0,2,275,94.27,C(FIO-Fast),47,10,25,16,2.8048,47,47,1,2,
FIO-Fast → YCSB-A → FIO-Fast,3,2,275,94.37,C(FIO-Fast),47,10,25,16,2.9558,47,47,1,6,
FIO-Fast → YCSB-A → FIO-Fast,2,2,279,94.38,C(FIO-Fast),47,10,25,16,3.0550,47,47,1,2,
FIO-Fast → YCSB-A → FIO-Fast,1,2,274,94.45,C(FIO-Fast),47,10,25,16,2.7697,47,46,0,4,
FIO-Fast → YCSB-A → FIO-Fast,0,2,276,94.49,C(FIO-Fast),47,10,25,16,2.7780,47,47,1,2,
FIO-Fast → YCSB-A → FIO-Fast,3,2,276,94.59,C(FIO-Fast),47,10,25,16,2.6763,47,47,1,6,
FIO-Fast → YCSB-A → FIO-Fast,2,2,280,94.6,C(FIO-Fast),47,10,25,16,2.6407,47,47,1,2,
FIO-Fast → YCSB-A → FIO-Fast,0,2,277,94.7,C(FIO-Fast),47,10,25,16,2.4804,47,47,1,2,
FIO-Fast → YCSB-A → FIO-Fast,1,2,275,94.72,C(FIO-Fast),46,10,25,7,2.8571,47,47,1,4,정착
FIO-Fast → YCSB-A → FIO-Fast,3,2,277,94.81,C(FIO-Fast),47,10,25,16,2.7369,47,47,1,6,
FIO-Fast → YCSB-A → FIO-Fast,2,2,281,94.81,C(FIO-Fast),47,10,25,16,2.8312,47,47,1,2,
FIO-Fast → YCSB-A → FIO-Fast,0,2,278,94.92,C(FIO-Fast),47,10,25,16,3.0422,47,47,1,2,
FIO-Fast → YCSB-A → FIO-Fast,1,2,276,95.0,C(FIO-Fast),47,10,25,16,2.7965,47,47,1,4,
FIO-Fast → YCSB-A → FIO-Fast,3,2,278,95.02,C(FIO-Fast),47,10,25,16,2.8269,47,47,1,6,
FIO-Fast → YCSB-A → FIO-Fast,2,2,282,95.03,C(FIO-Fast),47,10,25,16,2.7722,47,47,1,2,
FIO-Fast → YCSB-A → FIO-Fast,0,2,279,95.14,C(FIO-Fast),47,10,25,16,2.6345,47,47,1,2,
FIO-Fast → YCSB-A → FIO-Fast,1,2,277,95.22,C(FIO-Fast),47,10,25,16,2.7270,47,47,1,4,
FIO-Fast → YCSB-A → FIO-Fast,3,2,279,95.24,C(FIO-Fast),47,10,25,16,2.5287,47,47,1,6,
FIO-Fast → YCSB-A → FIO-Fast,2,2,283,95.25,C(FIO-Fast),47,10,25,16,2.5187,47,50,1,3,후보 복귀 2→3; 이웃 탐침→50
FIO-Fast → YCSB-A → FIO-Fast,0,2,280,95.36,C(FIO-Fast),47,10,25,16,2.8802,47,47,1,2,
FIO-Fast → YCSB-A → FIO-Fast,1,2,278,95.43,C(FIO-Fast),47,10,25,16,2.8382,47,47,1,4,
FIO-Fast → YCSB-A → FIO-Fast,3,2,280,95.46,C(FIO-Fast),47,10,25,16,3.0783,47,47,1,6,
FIO-Fast → YCSB-A → FIO-Fast,2,2,284,95.53,C(FIO-Fast),50,10,50,16,3.1658,47,47,1,3,
FIO-Fast → YCSB-A → FIO-Fast,0,2,281,95.58,C(FIO-Fast),47,10,25,16,2.8159,47,47,1,2,
FIO-Fast → YCSB-A → FIO-Fast,1,2,279,95.65,C(FIO-Fast),47,10,25,16,2.8962,47,47,1,4,
FIO-Fast → YCSB-A → FIO-Fast,3,2,281,95.68,C(FIO-Fast),47,10,25,16,2.7447,47,47,1,6,
FIO-Fast → YCSB-A → FIO-Fast,0,2,282,95.8,C(FIO-Fast),47,10,25,16,2.5533,47,50,1,3,후보 복귀 2→3; 이웃 탐침→50
FIO-Fast → YCSB-A → FIO-Fast,2,2,285,95.8,C(FIO-Fast),47,10,25,16,2.4806,47,47,1,3,
FIO-Fast → YCSB-A → FIO-Fast,1,2,280,95.87,C(FIO-Fast),47,10,25,16,2.7036,47,47,1,4,
FIO-Fast → YCSB-A → FIO-Fast,3,2,282,95.9,C(FIO-Fast),47,10,25,16,2.8299,47,50,1,6,이웃 탐침→50
FIO-Fast → YCSB-A → FIO-Fast,2,2,286,96.02,C(FIO-Fast),47,10,25,16,3.1405,47,47,1,3,
FIO-Fast → YCSB-A → FIO-Fast,0,2,283,96.07,C(FIO-Fast),50,10,50,16,3.1650,47,47,1,3,
FIO-Fast → YCSB-A → FIO-Fast,1,2,281,96.09,C(FIO-Fast),47,10,25,16,2.8668,47,47,1,4,
FIO-Fast → YCSB-A → FIO-Fast,3,2,283,96.17,C(FIO-Fast),50,10,50,16,3.0723,47,47,1,6,
FIO-Fast → YCSB-A → FIO-Fast,2,2,287,96.23,C(FIO-Fast),47,10,25,16,2.6770,47,47,1,3,
FIO-Fast → YCSB-A → FIO-Fast,1,2,282,96.31,C(FIO-Fast),47,10,25,16,2.8004,47,47,1,4,
FIO-Fast → YCSB-A → FIO-Fast,0,2,284,96.34,C(FIO-Fast),47,10,25,16,2.4816,47,47,1,3,
FIO-Fast → YCSB-A → FIO-Fast,3,2,284,96.45,C(FIO-Fast),47,10,25,16,2.8046,47,47,1,6,
FIO-Fast → YCSB-A → FIO-Fast,2,2,288,96.45,C(FIO-Fast),47,10,25,16,2.9151,47,47,1,3,
FIO-Fast → YCSB-A → FIO-Fast,1,2,283,96.53,C(FIO-Fast),47,10,25,16,2.8591,47,32,1,5,후보 복귀 4→5; 이웃 탐침→32
FIO-Fast → YCSB-A → FIO-Fast,0,2,285,96.56,C(FIO-Fast),47,10,25,16,3.0980,47,47,1,3,
FIO-Fast → YCSB-A → FIO-Fast,3,2,285,96.66,C(FIO-Fast),47,10,25,16,2.8625,47,47,1,6,
FIO-Fast → YCSB-A → FIO-Fast,2,2,289,96.67,C(FIO-Fast),47,10,25,16,2.8014,47,47,1,3,
FIO-Fast → YCSB-A → FIO-Fast,0,2,286,96.78,C(FIO-Fast),47,10,25,16,2.6780,47,47,1,3,
FIO-Fast → YCSB-A → FIO-Fast,1,2,284,96.8,C(FIO-Fast),32,7,25,16,2.8141,47,47,1,5,
FIO-Fast → YCSB-A → FIO-Fast,3,2,286,96.88,C(FIO-Fast),47,10,25,16,2.5784,47,47,1,6,
FIO-Fast → YCSB-A → FIO-Fast,2,2,290,96.89,C(FIO-Fast),47,10,25,16,2.5690,47,47,1,3,
FIO-Fast → YCSB-A → FIO-Fast,0,2,287,97.0,C(FIO-Fast),47,10,25,16,2.8906,47,47,1,3,
FIO-Fast → YCSB-A → FIO-Fast,1,2,285,97.07,C(FIO-Fast),47,10,25,16,2.8045,47,47,1,5,
FIO-Fast → YCSB-A → FIO-Fast,3,2,287,97.1,C(FIO-Fast),47,10,25,16,3.0694,47,47,1,6,
FIO-Fast → YCSB-A → FIO-Fast,2,2,291,97.11,C(FIO-Fast),47,10,25,16,3.1203,47,47,1,3,
FIO-Fast → YCSB-A → FIO-Fast,0,2,288,97.22,C(FIO-Fast),47,10,25,16,2.7948,47,47,1,3,
FIO-Fast → YCSB-A → FIO-Fast,1,2,286,97.29,C(FIO-Fast),47,10,25,16,2.8539,47,47,1,5,
FIO-Fast → YCSB-A → FIO-Fast,3,2,288,97.32,C(FIO-Fast),47,10,25,16,2.7244,47,47,1,6,
FIO-Fast → YCSB-A → FIO-Fast,2,2,292,97.33,C(FIO-Fast),47,10,25,16,2.6648,47,46,1,4,후보 복귀 3→4; 이웃 탐침→46
FIO-Fast → YCSB-A → FIO-Fast,0,2,289,97.44,C(FIO-Fast),47,10,25,16,2.5564,47,47,1,3,
FIO-Fast → YCSB-A → FIO-Fast,1,2,287,97.51,C(FIO-Fast),47,10,25,16,2.6980,47,47,1,5,
FIO-Fast → YCSB-A → FIO-Fast,3,2,289,97.54,C(FIO-Fast),47,10,25,16,2.7765,47,47,1,6,
FIO-Fast → YCSB-A → FIO-Fast,2,2,293,97.6,C(FIO-Fast),46,10,25,7,2.9530,47,47,1,4,
FIO-Fast → YCSB-A → FIO-Fast,0,2,290,97.65,C(FIO-Fast),47,10,25,16,3.0779,47,47,1,3,
FIO-Fast → YCSB-A → FIO-Fast,1,2,288,97.73,C(FIO-Fast),47,10,25,16,2.8404,47,47,1,5,
FIO-Fast → YCSB-A → FIO-Fast,3,2,290,97.76,C(FIO-Fast),47,10,25,16,2.8413,47,47,1,6,
FIO-Fast → YCSB-A → FIO-Fast,0,2,291,97.87,C(FIO-Fast),47,10,25,16,2.6569,47,46,1,4,후보 복귀 3→4; 이웃 탐침→46
FIO-Fast → YCSB-A → FIO-Fast,2,2,294,97.87,C(FIO-Fast),47,10,25,16,2.6098,47,47,1,4,
FIO-Fast → YCSB-A → FIO-Fast,1,2,289,97.95,C(FIO-Fast),47,10,25,16,2.7513,47,47,1,5,
FIO-Fast → YCSB-A → FIO-Fast,3,2,291,97.97,C(FIO-Fast),47,10,25,16,2.5518,47,46,1,6,이웃 탐침→46
FIO-Fast → YCSB-A → FIO-Fast,2,2,295,98.09,C(FIO-Fast),47,10,25,16,2.8358,47,47,1,4,
FIO-Fast → YCSB-A → FIO-Fast,0,2,292,98.15,C(FIO-Fast),46,10,25,7,2.9263,47,47,1,4,
FIO-Fast → YCSB-A → FIO-Fast,1,2,290,98.16,C(FIO-Fast),47,10,25,16,2.7969,47,47,1,5,
FIO-Fast → YCSB-A → FIO-Fast,3,2,292,98.25,C(FIO-Fast),46,10,25,7,2.9700,47,47,1,6,
FIO-Fast → YCSB-A → FIO-Fast,2,2,296,98.31,C(FIO-Fast),47,10,25,16,2.7661,47,47,1,4,
FIO-Fast → YCSB-A → FIO-Fast,1,2,291,98.38,C(FIO-Fast),47,10,25,16,2.8527,47,47,1,5,
FIO-Fast → YCSB-A → FIO-Fast,0,2,293,98.42,C(FIO-Fast),47,10,25,16,2.5928,47,47,1,4,
FIO-Fast → YCSB-A → FIO-Fast,3,2,293,98.52,C(FIO-Fast),47,10,25,16,2.4374,47,47,1,6,
FIO-Fast → YCSB-A → FIO-Fast,2,2,297,98.53,C(FIO-Fast),47,10,25,16,2.5214,47,47,1,4,
FIO-Fast → YCSB-A → FIO-Fast,1,2,292,98.6,C(FIO-Fast),47,10,25,16,2.6627,47,50,1,5,이웃 탐침→50
FIO-Fast → YCSB-A → FIO-Fast,0,2,294,98.64,C(FIO-Fast),47,10,25,16,2.8242,47,47,1,4,
FIO-Fast → YCSB-A → FIO-Fast,3,2,294,98.74,C(FIO-Fast),47,10,25,16,3.0026,47,47,1,6,
FIO-Fast → YCSB-A → FIO-Fast,2,2,298,98.75,C(FIO-Fast),47,10,25,16,3.0616,47,47,1,4,
FIO-Fast → YCSB-A → FIO-Fast,0,2,295,98.85,C(FIO-Fast),47,10,25,16,2.7807,47,47,1,4,
FIO-Fast → YCSB-A → FIO-Fast,1,2,293,98.87,C(FIO-Fast),50,10,50,16,2.8940,47,47,1,5,
FIO-Fast → YCSB-A → FIO-Fast,3,2,295,98.96,C(FIO-Fast),47,10,25,16,2.6942,47,47,1,6,
FIO-Fast → YCSB-A → FIO-Fast,2,2,299,98.97,C(FIO-Fast),47,10,25,16,2.6173,47,47,1,4,
FIO-Fast → YCSB-A → FIO-Fast,0,2,296,99.07,C(FIO-Fast),47,10,25,16,2.4966,47,47,1,4,
FIO-Fast → YCSB-A → FIO-Fast,1,2,294,99.15,C(FIO-Fast),47,10,25,16,2.5741,47,47,1,5,
FIO-Fast → YCSB-A → FIO-Fast,3,2,296,99.18,C(FIO-Fast),47,10,25,16,2.7471,47,47,1,6,
FIO-Fast → YCSB-A → FIO-Fast,2,2,300,99.18,C(FIO-Fast),47,10,25,16,2.8516,47,47,1,4,
FIO-Fast → YCSB-A → FIO-Fast,0,2,297,99.29,C(FIO-Fast),47,10,25,16,3.0114,47,47,1,4,
FIO-Fast → YCSB-A → FIO-Fast,1,2,295,99.37,C(FIO-Fast),47,10,25,16,2.8009,47,47,1,5,
FIO-Fast → YCSB-A → FIO-Fast,3,2,297,99.39,C(FIO-Fast),47,10,25,16,2.8213,47,47,1,6,
FIO-Fast → YCSB-A → FIO-Fast,2,2,301,99.4,C(FIO-Fast),47,10,25,16,2.7845,47,32,1,4,이웃 탐침→32
FIO-Fast → YCSB-A → FIO-Fast,0,2,298,99.51,C(FIO-Fast),47,10,25,16,2.6526,47,47,1,4,
FIO-Fast → YCSB-A → FIO-Fast,1,2,296,99.58,C(FIO-Fast),47,10,25,16,2.7467,47,47,1,5,
FIO-Fast → YCSB-A → FIO-Fast,3,2,298,99.61,C(FIO-Fast),47,10,25,16,2.5341,47,47,1,6,
FIO-Fast → YCSB-A → FIO-Fast,2,2,302,99.68,C(FIO-Fast),32,7,25,16,2.8326,47,47,1,4,
FIO-Fast → YCSB-A → FIO-Fast,0,2,299,99.73,C(FIO-Fast),47,10,25,16,2.8809,47,47,1,4,
FIO-Fast → YCSB-A → FIO-Fast,1,2,297,99.8,C(FIO-Fast),47,10,25,16,2.8228,47,47,1,5,
FIO-Fast → YCSB-A → FIO-Fast,3,2,299,99.83,C(FIO-Fast),47,10,25,16,3.0479,47,47,1,6,
FIO-Fast → YCSB-A → FIO-Fast,0,2,300,99.95,C(FIO-Fast),47,10,25,16,2.8172,47,32,1,4,이웃 탐침→32
FIO-Fast → YCSB-A → FIO-Fast,2,2,303,99.95,C(FIO-Fast),47,10,25,16,2.8250,47,47,1,4,
FIO-Fast → YCSB-A → FIO-Fast,1,2,298,100.02,C(FIO-Fast),47,10,25,16,2.8747,47,47,1,5,
FIO-Fast → YCSB-A → FIO-Fast,3,2,300,100.05,C(FIO-Fast),47,10,25,16,2.7092,47,32,1,6,이웃 탐침→32
FIO-Fast → YCSB-A → FIO-Fast,2,2,304,100.17,C(FIO-Fast),47,10,25,16,2.5480,47,47,1,4,
FIO-Fast → YCSB-A → FIO-Fast,0,2,301,100.22,C(FIO-Fast),32,7,25,16,2.8856,47,47,1,4,
FIO-Fast → YCSB-A → FIO-Fast,1,2,299,100.24,C(FIO-Fast),47,10,25,16,2.7076,47,47,1,5,
FIO-Fast → YCSB-A → FIO-Fast,3,2,301,100.32,C(FIO-Fast),32,7,25,16,2.9406,47,47,1,6,
FIO-Fast → YCSB-A → FIO-Fast,2,2,305,100.39,C(FIO-Fast),47,10,25,16,3.1372,47,47,1,4,
FIO-Fast → YCSB-A → FIO-Fast,1,2,300,100.46,C(FIO-Fast),47,10,25,16,2.8815,47,47,1,5,
FIO-Fast → YCSB-A → FIO-Fast,0,2,302,100.49,C(FIO-Fast),47,10,25,16,2.8001,47,47,1,4,
FIO-Fast → YCSB-A → FIO-Fast,3,2,302,100.6,C(FIO-Fast),47,10,25,16,2.7018,47,47,1,6,
FIO-Fast → YCSB-A → FIO-Fast,2,2,306,100.6,C(FIO-Fast),47,10,25,16,2.6800,47,47,1,4,
FIO-Fast → YCSB-A → FIO-Fast,1,2,301,100.68,C(FIO-Fast),47,10,25,16,2.7721,47,46,1,5,이웃 탐침→46
FIO-Fast → YCSB-A → FIO-Fast,0,2,303,100.71,C(FIO-Fast),47,10,25,16,2.5695,47,47,1,4,
FIO-Fast → YCSB-A → FIO-Fast,3,2,303,100.81,C(FIO-Fast),47,10,25,16,2.8306,47,47,1,6,
FIO-Fast → YCSB-A → FIO-Fast,2,2,307,100.82,C(FIO-Fast),47,10,25,16,2.9257,47,47,1,4,
FIO-Fast → YCSB-A → FIO-Fast,0,2,304,100.93,C(FIO-Fast),47,10,25,16,3.1338,47,47,1,4,
FIO-Fast → YCSB-A → FIO-Fast,1,2,302,100.95,C(FIO-Fast),46,10,25,7,3.0269,47,47,1,5,
FIO-Fast → YCSB-A → FIO-Fast,3,2,304,101.03,C(FIO-Fast),47,10,25,16,2.8738,47,47,1,6,
FIO-Fast → YCSB-A → FIO-Fast,2,2,308,101.04,C(FIO-Fast),47,10,25,16,2.7975,47,47,1,4,
FIO-Fast → YCSB-A → FIO-Fast,0,2,305,101.15,C(FIO-Fast),47,10,25,16,2.6663,47,47,1,4,
FIO-Fast → YCSB-A → FIO-Fast,1,2,303,101.22,C(FIO-Fast),47,10,25,16,2.6691,47,47,1,5,
FIO-Fast → YCSB-A → FIO-Fast,3,2,305,101.25,C(FIO-Fast),47,10,25,16,2.5579,47,47,1,6,
FIO-Fast → YCSB-A → FIO-Fast,2,2,309,101.26,C(FIO-Fast),47,10,25,16,2.5869,47,47,1,4,
FIO-Fast → YCSB-A → FIO-Fast,0,2,306,101.37,C(FIO-Fast),47,10,25,16,2.9066,47,47,1,4,
FIO-Fast → YCSB-A → FIO-Fast,1,2,304,101.44,C(FIO-Fast),47,10,25,16,2.8341,47,47,1,5,
FIO-Fast → YCSB-A → FIO-Fast,3,2,306,101.47,C(FIO-Fast),47,10,25,16,3.0697,47,47,1,6,
FIO-Fast → YCSB-A → FIO-Fast,2,2,310,101.48,C(FIO-Fast),47,10,25,16,3.1169,47,50,1,4,이웃 탐침→50
FIO-Fast → YCSB-A → FIO-Fast,0,2,307,101.59,C(FIO-Fast),47,10,25,16,2.7809,47,47,1,4,
FIO-Fast → YCSB-A → FIO-Fast,1,2,305,101.66,C(FIO-Fast),47,10,25,16,2.8755,47,47,1,5,
FIO-Fast → YCSB-A → FIO-Fast,3,2,307,101.69,C(FIO-Fast),47,10,25,16,2.7086,47,47,1,6,
FIO-Fast → YCSB-A → FIO-Fast,2,2,311,101.75,C(FIO-Fast),50,10,50,16,3.0463,47,47,1,4,
FIO-Fast → YCSB-A → FIO-Fast,0,2,308,101.81,C(FIO-Fast),47,10,25,16,2.5511,47,47,1,4,
FIO-Fast → YCSB-A → FIO-Fast,1,2,306,101.88,C(FIO-Fast),47,10,25,16,2.7027,47,47,1,5,
FIO-Fast → YCSB-A → FIO-Fast,3,2,308,101.91,C(FIO-Fast),47,10,25,16,2.7932,47,47,1,6,
FIO-Fast → YCSB-A → FIO-Fast,0,2,309,102.02,C(FIO-Fast),47,10,25,16,3.0950,47,50,1,4,이웃 탐침→50
FIO-Fast → YCSB-A → FIO-Fast,2,2,312,102.02,C(FIO-Fast),47,10,25,16,3.0083,47,47,1,4,
FIO-Fast → YCSB-A → FIO-Fast,1,2,307,102.1,C(FIO-Fast),47,10,25,16,2.8237,47,47,1,5,
FIO-Fast → YCSB-A → FIO-Fast,3,2,309,102.13,C(FIO-Fast),47,10,25,16,2.8675,47,50,1,6,이웃 탐침→50
FIO-Fast → YCSB-A → FIO-Fast,2,2,313,102.24,C(FIO-Fast),47,10,25,16,2.6467,47,47,1,4,
FIO-Fast → YCSB-A → FIO-Fast,0,2,310,102.3,C(FIO-Fast),50,10,50,16,3.0338,47,47,1,4,
FIO-Fast → YCSB-A → FIO-Fast,1,2,308,102.32,C(FIO-Fast),47,10,25,16,2.7453,47,47,1,5,
FIO-Fast → YCSB-A → FIO-Fast,3,2,310,102.4,C(FIO-Fast),50,10,50,16,3.0255,47,47,1,6,
FIO-Fast → YCSB-A → FIO-Fast,2,2,314,102.46,C(FIO-Fast),47,10,25,16,2.8562,47,47,1,4,
FIO-Fast → YCSB-A → FIO-Fast,1,2,309,102.53,C(FIO-Fast),47,10,25,16,2.8177,47,47,1,5,
FIO-Fast → YCSB-A → FIO-Fast,0,2,311,102.57,C(FIO-Fast),47,10,25,16,2.9782,47,47,1,4,
FIO-Fast → YCSB-A → FIO-Fast,3,2,311,102.67,C(FIO-Fast),47,10,25,16,2.7982,47,47,1,6,
FIO-Fast → YCSB-A → FIO-Fast,2,2,315,102.68,C(FIO-Fast),47,10,25,16,2.7608,47,47,1,4,
FIO-Fast → YCSB-A → FIO-Fast,1,2,310,102.75,C(FIO-Fast),47,10,25,16,2.8227,47,32,1,5,이웃 탐침→32
FIO-Fast → YCSB-A → FIO-Fast,0,2,312,102.79,C(FIO-Fast),47,10,25,16,2.6356,47,47,1,4,
FIO-Fast → YCSB-A → FIO-Fast,3,2,312,102.89,C(FIO-Fast),47,10,25,16,2.5166,47,47,1,6,
FIO-Fast → YCSB-A → FIO-Fast,2,2,316,102.9,C(FIO-Fast),47,10,25,16,2.5492,47,47,1,4,
FIO-Fast → YCSB-A → FIO-Fast,0,2,313,103.01,C(FIO-Fast),47,10,25,16,2.8539,47,47,1,4,
FIO-Fast → YCSB-A → FIO-Fast,1,2,311,103.03,C(FIO-Fast),32,7,25,16,3.0385,47,47,1,5,
FIO-Fast → YCSB-A → FIO-Fast,3,2,313,103.11,C(FIO-Fast),47,10,25,16,3.0429,47,47,1,6,
FIO-Fast → YCSB-A → FIO-Fast,2,2,317,103.12,C(FIO-Fast),47,10,25,16,3.0513,47,47,1,4,
FIO-Fast → YCSB-A → FIO-Fast,0,2,314,103.22,C(FIO-Fast),47,10,25,16,2.7737,47,47,1,4,
FIO-Fast → YCSB-A → FIO-Fast,1,2,312,103.3,C(FIO-Fast),47,10,25,16,2.7834,47,47,1,5,
FIO-Fast → YCSB-A → FIO-Fast,3,2,314,103.33,C(FIO-Fast),47,10,25,16,2.6536,47,47,1,6,
FIO-Fast → YCSB-A → FIO-Fast,2,2,318,103.34,C(FIO-Fast),47,10,25,16,2.6382,47,47,1,4,
FIO-Fast → YCSB-A → FIO-Fast,0,2,315,103.44,C(FIO-Fast),47,10,25,16,2.5170,47,47,1,4,
FIO-Fast → YCSB-A → FIO-Fast,1,2,313,103.52,C(FIO-Fast),47,10,25,16,2.6100,47,47,1,5,
FIO-Fast → YCSB-A → FIO-Fast,3,2,315,103.55,C(FIO-Fast),47,10,25,16,2.7597,47,47,1,6,
FIO-Fast → YCSB-A → FIO-Fast,2,2,319,103.55,C(FIO-Fast),47,10,25,16,2.8426,47,46,1,4,이웃 탐침→46
FIO-Fast → YCSB-A → FIO-Fast,0,2,316,103.66,C(FIO-Fast),47,10,25,16,3.0292,47,47,1,4,
FIO-Fast → YCSB-A → FIO-Fast,1,2,314,103.74,C(FIO-Fast),47,10,25,16,2.8331,47,47,1,5,
FIO-Fast → YCSB-A → FIO-Fast,3,2,316,103.76,C(FIO-Fast),47,10,25,16,2.8166,47,47,1,6,
FIO-Fast → YCSB-A → FIO-Fast,2,2,320,103.83,C(FIO-Fast),46,10,25,7,2.8782,47,47,1,4,
FIO-Fast → YCSB-A → FIO-Fast,0,2,317,103.88,C(FIO-Fast),47,10,25,16,2.6355,47,47,1,4,
FIO-Fast → YCSB-A → FIO-Fast,1,2,315,103.95,C(FIO-Fast),47,10,25,16,2.7410,47,47,1,5,
FIO-Fast → YCSB-A → FIO-Fast,3,2,317,103.98,C(FIO-Fast),47,10,25,16,2.5132,47,47,1,6,
FIO-Fast → YCSB-A → FIO-Fast,0,2,318,104.1,C(FIO-Fast),47,10,25,16,2.8836,47,46,1,4,이웃 탐침→46
FIO-Fast → YCSB-A → FIO-Fast,2,2,321,104.1,C(FIO-Fast),47,10,25,16,2.8977,47,47,1,4,
FIO-Fast → YCSB-A → FIO-Fast,1,2,316,104.17,C(FIO-Fast),47,10,25,16,2.8646,47,47,1,5,
FIO-Fast → YCSB-A → FIO-Fast,3,2,318,104.2,C(FIO-Fast),47,10,25,16,3.0656,47,46,1,6,이웃 탐침→46
FIO-Fast → YCSB-A → FIO-Fast,2,2,322,104.32,C(FIO-Fast),47,10,25,16,2.7762,47,47,1,4,
FIO-Fast → YCSB-A → FIO-Fast,0,2,319,104.37,C(FIO-Fast),46,10,25,7,2.9239,47,47,1,4,
FIO-Fast → YCSB-A → FIO-Fast,1,2,317,104.39,C(FIO-Fast),47,10,25,16,2.8688,47,47,1,5,
FIO-Fast → YCSB-A → FIO-Fast,3,2,319,104.47,C(FIO-Fast),46,10,25,7,2.9074,47,47,1,6,
FIO-Fast → YCSB-A → FIO-Fast,2,2,323,104.54,C(FIO-Fast),47,10,25,16,2.5857,47,47,1,4,
FIO-Fast → YCSB-A → FIO-Fast,1,2,318,104.61,C(FIO-Fast),47,10,25,16,2.7061,47,47,1,5,
FIO-Fast → YCSB-A → FIO-Fast,0,2,320,104.65,C(FIO-Fast),47,10,25,16,2.9132,47,47,1,4,
FIO-Fast → YCSB-A → FIO-Fast,3,2,320,104.75,C(FIO-Fast),47,10,25,16,3.0652,47,47,1,6,
FIO-Fast → YCSB-A → FIO-Fast,2,2,324,104.76,C(FIO-Fast),47,10,25,16,3.1151,47,47,1,4,
FIO-Fast → YCSB-A → FIO-Fast,1,2,319,104.83,C(FIO-Fast),47,10,25,16,2.8773,47,50,1,5,이웃 탐침→50
FIO-Fast → YCSB-A → FIO-Fast,0,2,321,104.86,C(FIO-Fast),47,10,25,16,2.7755,47,47,1,4,
FIO-Fast → YCSB-A → FIO-Fast,3,2,321,104.97,C(FIO-Fast),47,10,25,16,2.6936,47,47,1,6,
FIO-Fast → YCSB-A → FIO-Fast,2,2,325,104.97,C(FIO-Fast),47,10,25,16,2.6982,47,47,1,4,
FIO-Fast → YCSB-A → FIO-Fast,0,2,322,105.08,C(FIO-Fast),47,10,25,16,2.5928,47,47,1,4,
FIO-Fast → YCSB-A → FIO-Fast,1,2,320,105.1,C(FIO-Fast),50,10,50,16,3.1539,47,47,1,5,
FIO-Fast → YCSB-A → FIO-Fast,3,2,322,105.18,C(FIO-Fast),47,10,25,16,2.8628,47,47,1,6,
FIO-Fast → YCSB-A → FIO-Fast,2,2,326,105.19,C(FIO-Fast),47,10,25,16,2.9354,47,47,1,4,
FIO-Fast → YCSB-A → FIO-Fast,0,2,323,105.3,C(FIO-Fast),47,10,25,16,3.1012,47,47,1,4,
FIO-Fast → YCSB-A → FIO-Fast,1,2,321,105.37,C(FIO-Fast),47,10,25,16,2.8361,47,47,1,5,
FIO-Fast → YCSB-A → FIO-Fast,3,2,323,105.4,C(FIO-Fast),47,10,25,16,2.8725,47,47,1,6,
FIO-Fast → YCSB-A → FIO-Fast,2,2,327,105.41,C(FIO-Fast),47,10,25,16,2.8207,47,47,1,4,
FIO-Fast → YCSB-A → FIO-Fast,0,2,324,105.52,C(FIO-Fast),47,10,25,16,2.6877,47,47,1,4,
FIO-Fast → YCSB-A → FIO-Fast,1,2,322,105.59,C(FIO-Fast),47,10,25,16,2.7551,47,47,1,5,
FIO-Fast → YCSB-A → FIO-Fast,3,2,324,105.62,C(FIO-Fast),47,10,25,16,2.5387,47,47,1,6,
FIO-Fast → YCSB-A → FIO-Fast,2,2,328,105.63,C(FIO-Fast),47,10,25,16,2.5706,47,32,1,4,이웃 탐침→32
FIO-Fast → YCSB-A → FIO-Fast,0,2,325,105.74,C(FIO-Fast),47,10,25,16,2.9045,47,47,1,4,
FIO-Fast → YCSB-A → FIO-Fast,1,2,323,105.81,C(FIO-Fast),47,10,25,16,2.8771,47,47,1,5,
FIO-Fast → YCSB-A → FIO-Fast,3,2,325,105.84,C(FIO-Fast),47,10,25,16,3.0652,47,47,1,6,
FIO-Fast → YCSB-A → FIO-Fast,2,2,329,105.9,C(FIO-Fast),32,7,25,16,2.8443,47,47,1,4,
FIO-Fast → YCSB-A → FIO-Fast,0,2,326,105.96,C(FIO-Fast),47,10,25,16,2.8067,47,47,1,4,
FIO-Fast → YCSB-A → FIO-Fast,1,2,324,106.03,C(FIO-Fast),47,10,25,16,2.8551,47,47,1,5,
FIO-Fast → YCSB-A → FIO-Fast,3,2,326,106.06,C(FIO-Fast),47,10,25,16,2.7039,47,47,1,6,
FIO-Fast → YCSB-A → FIO-Fast,0,2,327,106.17,C(FIO-Fast),47,10,25,16,2.5537,47,32,1,4,이웃 탐침→32
FIO-Fast → YCSB-A → FIO-Fast,2,2,330,106.18,C(FIO-Fast),47,10,25,16,2.5571,47,47,1,4,
FIO-Fast → YCSB-A → FIO-Fast,1,2,325,106.25,C(FIO-Fast),47,10,25,16,2.7010,47,47,1,5,
FIO-Fast → YCSB-A → FIO-Fast,3,2,327,106.28,C(FIO-Fast),47,10,25,16,2.7960,47,32,1,6,이웃 탐침→32
FIO-Fast → YCSB-A → FIO-Fast,2,2,331,106.39,C(FIO-Fast),47,10,25,16,3.0941,47,47,1,4,
FIO-Fast → YCSB-A → FIO-Fast,0,2,328,106.45,C(FIO-Fast),32,7,25,16,2.8120,47,47,1,4,
FIO-Fast → YCSB-A → FIO-Fast,1,2,326,106.47,C(FIO-Fast),47,10,25,16,2.8390,47,47,1,5,
FIO-Fast → YCSB-A → FIO-Fast,3,2,328,106.55,C(FIO-Fast),32,7,25,16,2.8246,47,47,1,6,
FIO-Fast → YCSB-A → FIO-Fast,2,2,332,106.61,C(FIO-Fast),47,10,25,16,2.6403,47,47,1,4,
FIO-Fast → YCSB-A → FIO-Fast,1,2,327,106.68,C(FIO-Fast),47,10,25,16,2.7664,47,47,1,5,
FIO-Fast → YCSB-A → FIO-Fast,0,2,329,106.72,C(FIO-Fast),47,10,25,16,2.5363,47,47,1,4,
FIO-Fast → YCSB-A → FIO-Fast,3,2,329,106.82,C(FIO-Fast),47,10,25,16,2.7642,47,47,1,6,
FIO-Fast → YCSB-A → FIO-Fast,2,2,333,106.83,C(FIO-Fast),47,10,25,16,2.9073,47,47,1,4,
FIO-Fast → YCSB-A → FIO-Fast,1,2,328,106.9,C(FIO-Fast),47,10,25,16,2.8368,47,46,1,5,이웃 탐침→46
FIO-Fast → YCSB-A → FIO-Fast,0,2,330,106.94,C(FIO-Fast),47,10,25,16,3.0702,47,47,1,4,
FIO-Fast → YCSB-A → FIO-Fast,3,2,330,107.04,C(FIO-Fast),47,10,25,16,2.8423,47,47,1,6,
FIO-Fast → YCSB-A → FIO-Fast,2,2,334,107.05,C(FIO-Fast),47,10,25,16,2.7672,47,47,1,4,
FIO-Fast → YCSB-A → FIO-Fast,0,2,331,107.16,C(FIO-Fast),47,10,25,16,2.6230,47,47,1,4,
FIO-Fast → YCSB-A → FIO-Fast,1,2,329,107.18,C(FIO-Fast),46,10,25,7,2.8849,47,47,1,5,
FIO-Fast → YCSB-A → FIO-Fast,3,2,331,107.26,C(FIO-Fast),47,10,25,16,2.5142,47,47,1,6,
FIO-Fast → YCSB-A → FIO-Fast,2,2,335,107.27,C(FIO-Fast),47,10,25,16,2.5448,47,47,1,4,
FIO-Fast → YCSB-A → FIO-Fast,0,2,332,107.38,C(FIO-Fast),47,10,25,16,2.8548,47,47,1,4,
FIO-Fast → YCSB-A → FIO-Fast,1,2,330,107.45,C(FIO-Fast),47,10,25,16,2.7357,47,47,1,5,
FIO-Fast → YCSB-A → FIO-Fast,3,2,332,107.48,C(FIO-Fast),47,10,25,16,3.0333,47,47,1,6,
FIO-Fast → YCSB-A → FIO-Fast,2,2,336,107.49,C(FIO-Fast),47,10,25,16,3.0589,47,47,1,4,
FIO-Fast → YCSB-A → FIO-Fast,0,2,333,107.59,C(FIO-Fast),47,10,25,16,2.7702,47,47,1,4,
FIO-Fast → YCSB-A → FIO-Fast,1,2,331,107.67,C(FIO-Fast),47,10,25,16,2.8051,47,47,1,5,
FIO-Fast → YCSB-A → FIO-Fast,3,2,333,107.7,C(FIO-Fast),47,10,25,16,2.6711,47,47,1,6,
FIO-Fast → YCSB-A → FIO-Fast,2,2,337,107.7,C(FIO-Fast),47,10,25,16,2.6418,47,50,1,4,이웃 탐침→50
FIO-Fast → YCSB-A → FIO-Fast,0,2,334,107.81,C(FIO-Fast),47,10,25,16,2.5294,47,47,1,4,
FIO-Fast → YCSB-A → FIO-Fast,1,2,332,107.89,C(FIO-Fast),47,10,25,16,2.6458,47,47,1,5,
FIO-Fast → YCSB-A → FIO-Fast,3,2,334,107.92,C(FIO-Fast),47,10,25,16,2.7387,47,47,1,6,
FIO-Fast → YCSB-A → FIO-Fast,2,2,338,107.98,C(FIO-Fast),50,10,50,16,2.9920,47,47,1,4,
FIO-Fast → YCSB-A → FIO-Fast,0,2,335,108.03,C(FIO-Fast),47,10,25,16,3.0484,47,47,1,4,
FIO-Fast → YCSB-A → FIO-Fast,1,2,333,108.1,C(FIO-Fast),47,10,25,16,2.8051,47,47,1,5,
FIO-Fast → YCSB-A → FIO-Fast,3,2,335,108.13,C(FIO-Fast),47,10,25,16,2.8392,47,47,1,6,
FIO-Fast → YCSB-A → FIO-Fast,0,2,336,108.25,C(FIO-Fast),47,10,25,16,2.6303,47,50,1,4,이웃 탐침→50
FIO-Fast → YCSB-A → FIO-Fast,2,2,339,108.25,C(FIO-Fast),47,10,25,16,2.5931,47,47,1,4,
FIO-Fast → YCSB-A → FIO-Fast,1,2,334,108.32,C(FIO-Fast),47,10,25,16,2.6946,47,47,1,5,
FIO-Fast → YCSB-A → FIO-Fast,3,2,336,108.35,C(FIO-Fast),47,10,25,16,2.5355,47,50,1,6,이웃 탐침→50
FIO-Fast → YCSB-A → FIO-Fast,2,2,340,108.47,C(FIO-Fast),47,10,25,16,2.8905,47,47,1,4,
FIO-Fast → YCSB-A → FIO-Fast,0,2,337,108.52,C(FIO-Fast),50,10,50,16,3.0646,47,47,1,4,
FIO-Fast → YCSB-A → FIO-Fast,1,2,335,108.54,C(FIO-Fast),47,10,25,16,2.8602,47,47,1,5,
FIO-Fast → YCSB-A → FIO-Fast,3,2,337,108.62,C(FIO-Fast),50,10,50,16,3.1132,47,47,1,6,
FIO-Fast → YCSB-A → FIO-Fast,2,2,341,108.69,C(FIO-Fast),47,10,25,16,2.8088,47,47,1,4,
FIO-Fast → YCSB-A → FIO-Fast,1,2,336,108.76,C(FIO-Fast),47,10,25,16,2.8846,47,47,1,5,
FIO-Fast → YCSB-A → FIO-Fast,0,2,338,108.8,C(FIO-Fast),47,10,25,16,2.5928,47,47,1,4,
FIO-Fast → YCSB-A → FIO-Fast,3,2,338,108.9,C(FIO-Fast),47,10,25,16,2.4360,47,47,1,6,
FIO-Fast → YCSB-A → FIO-Fast,2,2,342,108.91,C(FIO-Fast),47,10,25,16,2.5767,47,47,1,4,
FIO-Fast → YCSB-A → FIO-Fast,1,2,337,108.98,C(FIO-Fast),47,10,25,16,2.6912,47,32,1,5,이웃 탐침→32
FIO-Fast → YCSB-A → FIO-Fast,0,2,339,109.02,C(FIO-Fast),47,10,25,16,2.9231,47,47,1,4,
FIO-Fast → YCSB-A → FIO-Fast,3,2,339,109.12,C(FIO-Fast),47,10,25,16,3.1217,47,47,1,6,
FIO-Fast → YCSB-A → FIO-Fast,2,2,343,109.12,C(FIO-Fast),47,10,25,16,3.1366,47,47,1,4,
FIO-Fast → YCSB-A → FIO-Fast,0,2,340,109.23,C(FIO-Fast),47,10,25,16,2.8004,47,47,1,4,
FIO-Fast → YCSB-A → FIO-Fast,1,2,338,109.25,C(FIO-Fast),32,7,25,16,2.7253,47,47,1,5,
FIO-Fast → YCSB-A → FIO-Fast,3,2,340,109.33,C(FIO-Fast),47,10,25,16,2.7189,47,47,1,6,
FIO-Fast → YCSB-A → FIO-Fast,2,2,344,109.34,C(FIO-Fast),47,10,25,16,2.6703,47,47,1,4,
FIO-Fast → YCSB-A → FIO-Fast,0,2,341,109.45,C(FIO-Fast),47,10,25,16,2.5924,47,47,1,4,
FIO-Fast → YCSB-A → FIO-Fast,1,2,339,109.53,C(FIO-Fast),47,10,25,16,2.7281,47,47,1,5,
FIO-Fast → YCSB-A → FIO-Fast,3,2,341,109.55,C(FIO-Fast),47,10,25,16,2.8374,47,47,1,6,
FIO-Fast → YCSB-A → FIO-Fast,2,2,345,109.56,C(FIO-Fast),47,10,25,16,2.9546,47,47,1,4,
FIO-Fast → YCSB-A → FIO-Fast,0,2,342,109.67,C(FIO-Fast),47,10,25,16,3.1147,47,47,1,4,
FIO-Fast → YCSB-A → FIO-Fast,1,2,340,109.74,C(FIO-Fast),47,10,25,16,2.8754,47,47,1,5,
FIO-Fast → YCSB-A → FIO-Fast,3,2,342,109.77,C(FIO-Fast),47,10,25,16,2.8761,47,47,1,6,
FIO-Fast → YCSB-A → FIO-Fast,2,2,346,109.78,C(FIO-Fast),47,10,25,16,2.8038,47,46,1,4,이웃 탐침→46
FIO-Fast → YCSB-A → FIO-Fast,0,2,343,109.89,C(FIO-Fast),47,10,25,16,2.6389,47,47,1,4,
FIO-Fast → YCSB-A → FIO-Fast,1,2,341,109.96,C(FIO-Fast),47,10,25,16,2.7676,47,47,1,5,
FIO-Fast → YCSB-A → FIO-Fast,3,2,343,109.99,C(FIO-Fast),47,10,25,16,2.5720,47,47,1,6,
FIO-Fast → YCSB-A → FIO-Fast,2,2,347,110.05,C(FIO-Fast),46,10,25,7,2.9015,47,47,1,4,
FIO-Fast → YCSB-A → FIO-Fast,0,2,344,110.11,C(FIO-Fast),47,10,25,16,2.9364,47,47,1,4,
FIO-Fast → YCSB-A → FIO-Fast,1,2,342,110.18,C(FIO-Fast),47,10,25,16,2.8308,47,47,1,5,
FIO-Fast → YCSB-A → FIO-Fast,3,2,344,110.21,C(FIO-Fast),47,10,25,16,3.0576,47,47,1,6,
FIO-Fast → YCSB-A → FIO-Fast,0,2,345,110.33,C(FIO-Fast),47,10,25,16,2.8039,47,46,1,4,이웃 탐침→46
FIO-Fast → YCSB-A → FIO-Fast,2,2,348,110.33,C(FIO-Fast),47,10,25,16,2.7286,47,47,1,4,
FIO-Fast → YCSB-A → FIO-Fast,1,2,343,110.4,C(FIO-Fast),47,10,25,16,2.8599,47,47,1,5,
FIO-Fast → YCSB-A → FIO-Fast,3,2,345,110.43,C(FIO-Fast),47,10,25,16,2.6980,47,46,1,6,이웃 탐침→46
FIO-Fast → YCSB-A → FIO-Fast,2,2,349,110.54,C(FIO-Fast),47,10,25,16,2.5268,47,47,1,4,
FIO-Fast → YCSB-A → FIO-Fast,0,2,346,110.6,C(FIO-Fast),46,10,25,7,2.8734,47,47,1,4,
FIO-Fast → YCSB-A → FIO-Fast,1,2,344,110.62,C(FIO-Fast),47,10,25,16,2.6723,47,47,1,5,
FIO-Fast → YCSB-A → FIO-Fast,3,2,346,110.7,C(FIO-Fast),46,10,25,7,2.9421,47,47,1,6,
FIO-Fast → YCSB-A → FIO-Fast,2,2,350,110.76,C(FIO-Fast),47,10,25,16,3.0770,47,47,1,4,
FIO-Fast → YCSB-A → FIO-Fast,1,2,345,110.84,C(FIO-Fast),47,10,25,16,2.8486,47,47,1,5,
FIO-Fast → YCSB-A → FIO-Fast,0,2,347,110.87,C(FIO-Fast),47,10,25,16,2.7174,47,47,1,4,
FIO-Fast → YCSB-A → FIO-Fast,3,2,347,110.97,C(FIO-Fast),47,10,25,16,2.6216,47,47,1,6,
FIO-Fast → YCSB-A → FIO-Fast,2,2,351,110.98,C(FIO-Fast),47,10,25,16,2.6430,47,47,1,4,
FIO-Fast → YCSB-A → FIO-Fast,1,2,346,111.05,C(FIO-Fast),47,10,25,16,2.7306,47,50,1,5,이웃 탐침→50
FIO-Fast → YCSB-A → FIO-Fast,0,2,348,111.09,C(FIO-Fast),47,10,25,16,2.5424,47,47,1,4,
FIO-Fast → YCSB-A → FIO-Fast,3,2,348,111.19,C(FIO-Fast),47,10,25,16,2.7859,47,47,1,6,
FIO-Fast → YCSB-A → FIO-Fast,2,2,352,111.2,C(FIO-Fast),47,10,25,16,2.8979,47,47,1,4,
FIO-Fast → YCSB-A → FIO-Fast,0,2,349,111.31,C(FIO-Fast),47,10,25,16,3.0706,47,47,1,4,
FIO-Fast → YCSB-A → FIO-Fast,1,2,347,111.33,C(FIO-Fast),50,10,50,16,3.0931,47,47,1,5,
FIO-Fast → YCSB-A → FIO-Fast,3,2,349,111.41,C(FIO-Fast),47,10,25,16,2.8224,47,47,1,6,
FIO-Fast → YCSB-A → FIO-Fast,2,2,353,111.42,C(FIO-Fast),47,10,25,16,2.7511,47,47,1,4,
FIO-Fast → YCSB-A → FIO-Fast,0,2,350,111.53,C(FIO-Fast),47,10,25,16,2.6384,47,47,1,4,
FIO-Fast → YCSB-A → FIO-Fast,1,2,348,111.6,C(FIO-Fast),47,10,25,16,2.6300,47,47,1,5,
FIO-Fast → YCSB-A → FIO-Fast,3,2,350,111.63,C(FIO-Fast),47,10,25,16,2.5148,47,47,1,6,
FIO-Fast → YCSB-A → FIO-Fast,2,2,354,111.64,C(FIO-Fast),47,10,25,16,2.5478,47,47,1,4,
FIO-Fast → YCSB-A → FIO-Fast,0,2,351,111.75,C(FIO-Fast),47,10,25,16,2.8657,47,47,1,4,
FIO-Fast → YCSB-A → FIO-Fast,1,2,349,111.82,C(FIO-Fast),47,10,25,16,2.8212,47,47,1,5,
FIO-Fast → YCSB-A → FIO-Fast,3,2,351,111.85,C(FIO-Fast),47,10,25,16,3.0269,47,47,1,6,
FIO-Fast → YCSB-A → FIO-Fast,2,2,355,111.86,C(FIO-Fast),47,10,25,16,3.0600,47,32,1,4,이웃 탐침→32
FIO-Fast → YCSB-A → FIO-Fast,0,2,352,111.96,C(FIO-Fast),47,10,25,16,2.7620,47,47,1,4,
FIO-Fast → YCSB-A → FIO-Fast,1,2,350,112.04,C(FIO-Fast),47,10,25,16,2.8444,47,47,1,5,
FIO-Fast → YCSB-A → FIO-Fast,3,2,352,112.07,C(FIO-Fast),47,10,25,16,2.6794,47,47,1,6,
FIO-Fast → YCSB-A → FIO-Fast,2,2,356,112.13,C(FIO-Fast),32,7,25,16,2.9223,47,47,1,4,
FIO-Fast → YCSB-A → FIO-Fast,0,2,353,112.18,C(FIO-Fast),47,10,25,16,2.5245,47,47,1,4,
FIO-Fast → YCSB-A → FIO-Fast,1,2,351,112.26,C(FIO-Fast),47,10,25,16,2.6367,47,47,1,5,
FIO-Fast → YCSB-A → FIO-Fast,3,2,353,112.28,C(FIO-Fast),47,10,25,16,2.7421,47,47,1,6,
FIO-Fast → YCSB-A → FIO-Fast,0,2,354,112.4,C(FIO-Fast),47,10,25,16,3.0225,47,32,1,4,이웃 탐침→32
FIO-Fast → YCSB-A → FIO-Fast,2,2,357,112.4,C(FIO-Fast),47,10,25,16,2.9650,47,47,1,4,
FIO-Fast → YCSB-A → FIO-Fast,1,2,352,112.48,C(FIO-Fast),47,10,25,16,2.8250,47,47,1,5,
FIO-Fast → YCSB-A → FIO-Fast,3,2,354,112.5,C(FIO-Fast),47,10,25,16,2.8105,47,32,1,6,이웃 탐침→32
FIO-Fast → YCSB-A → FIO-Fast,2,2,358,112.62,C(FIO-Fast),47,10,25,16,2.6674,47,47,1,4,
FIO-Fast → YCSB-A → FIO-Fast,0,2,355,112.67,C(FIO-Fast),32,7,25,16,2.9213,47,47,1,4,
FIO-Fast → YCSB-A → FIO-Fast,1,2,353,112.69,C(FIO-Fast),47,10,25,16,2.7184,47,47,1,5,
FIO-Fast → YCSB-A → FIO-Fast,3,2,355,112.78,C(FIO-Fast),32,7,25,16,2.9130,47,47,1,6,
FIO-Fast → YCSB-A → FIO-Fast,2,2,359,112.84,C(FIO-Fast),47,10,25,16,2.9218,47,47,1,4,
FIO-Fast → YCSB-A → FIO-Fast,1,2,354,112.91,C(FIO-Fast),47,10,25,16,2.8588,47,47,1,5,
FIO-Fast → YCSB-A → FIO-Fast,0,2,356,112.95,C(FIO-Fast),47,10,25,16,3.0755,47,47,1,4,
FIO-Fast → YCSB-A → FIO-Fast,3,2,356,113.05,C(FIO-Fast),47,10,25,16,2.8707,47,47,1,6,
FIO-Fast → YCSB-A → FIO-Fast,2,2,360,113.06,C(FIO-Fast),47,10,25,16,2.7948,47,47,1,4,
FIO-Fast → YCSB-A → FIO-Fast,1,2,355,113.13,C(FIO-Fast),47,10,25,16,2.8815,47,46,1,5,이웃 탐침→46
FIO-Fast → YCSB-A → FIO-Fast,0,2,357,113.17,C(FIO-Fast),47,10,25,16,2.6702,47,47,1,4,
FIO-Fast → YCSB-A → FIO-Fast,3,2,357,113.27,C(FIO-Fast),47,10,25,16,2.5371,47,47,1,6,
FIO-Fast → YCSB-A → FIO-Fast,2,2,361,113.28,C(FIO-Fast),47,10,25,16,2.5890,47,47,1,4,
FIO-Fast → YCSB-A → FIO-Fast,0,2,358,113.38,C(FIO-Fast),47,10,25,16,2.9096,47,47,1,4,
FIO-Fast → YCSB-A → FIO-Fast,1,2,356,113.4,C(FIO-Fast),46,10,25,7,3.0186,47,47,1,5,
FIO-Fast → YCSB-A → FIO-Fast,3,2,358,113.49,C(FIO-Fast),47,10,25,16,3.1020,47,47,1,6,
FIO-Fast → YCSB-A → FIO-Fast,2,2,362,113.49,C(FIO-Fast),47,10,25,16,3.1254,47,47,1,4,
FIO-Fast → YCSB-A → FIO-Fast,0,2,359,113.6,C(FIO-Fast),47,10,25,16,2.7986,47,47,1,4,
FIO-Fast → YCSB-A → FIO-Fast,1,2,357,113.68,C(FIO-Fast),47,10,25,16,2.8802,47,47,1,5,
FIO-Fast → YCSB-A → FIO-Fast,3,2,359,113.7,C(FIO-Fast),47,10,25,16,2.7253,47,47,1,6,
FIO-Fast → YCSB-A → FIO-Fast,2,2,363,113.71,C(FIO-Fast),47,10,25,16,2.6816,47,47,1,4,
FIO-Fast → YCSB-A → FIO-Fast,0,2,360,113.82,C(FIO-Fast),47,10,25,16,2.5797,47,47,1,4,
FIO-Fast → YCSB-A → FIO-Fast,1,2,358,113.89,C(FIO-Fast),47,10,25,16,2.6770,47,47,1,5,
FIO-Fast → YCSB-A → FIO-Fast,3,2,360,113.92,C(FIO-Fast),47,10,25,16,2.8441,47,47,1,6,
FIO-Fast → YCSB-A → FIO-Fast,2,2,364,113.93,C(FIO-Fast),47,10,25,16,2.9462,47,50,1,4,이웃 탐침→50
FIO-Fast → YCSB-A → FIO-Fast,0,2,361,114.04,C(FIO-Fast),47,10,25,16,3.1232,47,47,1,4,
FIO-Fast → YCSB-A → FIO-Fast,1,2,359,114.11,C(FIO-Fast),47,10,25,16,2.8866,47,47,1,5,
FIO-Fast → YCSB-A → FIO-Fast,3,2,361,114.14,C(FIO-Fast),47,10,25,16,2.8534,47,47,1,6,
FIO-Fast → YCSB-A → FIO-Fast,2,2,365,114.2,C(FIO-Fast),50,10,50,16,3.0970,47,47,1,4,
FIO-Fast → YCSB-A → FIO-Fast,0,2,362,114.26,C(FIO-Fast),47,10,25,16,2.6553,47,47,1,4,
FIO-Fast → YCSB-A → FIO-Fast,1,2,360,114.33,C(FIO-Fast),47,10,25,16,2.7712,47,47,1,5,
FIO-Fast → YCSB-A → FIO-Fast,3,2,362,114.36,C(FIO-Fast),47,10,25,16,2.5443,47,47,1,6,
FIO-Fast → YCSB-A → FIO-Fast,0,2,363,114.48,C(FIO-Fast),47,10,25,16,2.9126,47,50,1,4,이웃 탐침→50
FIO-Fast → YCSB-A → FIO-Fast,2,2,366,114.48,C(FIO-Fast),47,10,25,16,2.9357,47,47,1,4,
FIO-Fast → YCSB-A → FIO-Fast,1,2,361,114.55,C(FIO-Fast),47,10,25,16,2.8447,47,47,1,5,
FIO-Fast → YCSB-A → FIO-Fast,3,2,363,114.58,C(FIO-Fast),47,10,25,16,3.0878,47,50,1,6,이웃 탐침→50
FIO-Fast → YCSB-A → FIO-Fast,2,2,367,114.7,C(FIO-Fast),47,10,25,16,2.7725,47,47,1,4,
FIO-Fast → YCSB-A → FIO-Fast,0,2,364,114.75,C(FIO-Fast),50,10,50,16,3.0474,47,47,1,4,
FIO-Fast → YCSB-A → FIO-Fast,1,2,362,114.77,C(FIO-Fast),47,10,25,16,2.8846,47,47,1,5,
FIO-Fast → YCSB-A → FIO-Fast,3,2,364,114.85,C(FIO-Fast),50,10,50,16,3.0545,47,47,1,6,
FIO-Fast → YCSB-A → FIO-Fast,2,2,368,114.91,C(FIO-Fast),47,10,25,16,2.5741,47,47,1,4,
FIO-Fast → YCSB-A → FIO-Fast,1,2,363,114.99,C(FIO-Fast),47,10,25,16,2.6755,47,47,1,5,
FIO-Fast → YCSB-A → FIO-Fast,0,2,365,115.02,C(FIO-Fast),47,10,25,16,2.8652,47,47,1,4,
FIO-Fast → YCSB-A → FIO-Fast,3,2,365,115.12,C(FIO-Fast),47,10,25,16,2.9823,47,47,1,6,
FIO-Fast → YCSB-A → FIO-Fast,2,2,369,115.13,C(FIO-Fast),47,10,25,16,3.0925,47,47,1,4,
FIO-Fast → YCSB-A → FIO-Fast,1,2,364,115.21,C(FIO-Fast),47,10,25,16,2.8319,47,32,1,5,이웃 탐침→32
FIO-Fast → YCSB-A → FIO-Fast,0,2,366,115.24,C(FIO-Fast),47,10,25,16,2.7508,47,47,1,4,
FIO-Fast → YCSB-A → FIO-Fast,3,2,366,115.34,C(FIO-Fast),47,10,25,16,2.7136,47,47,1,6,
FIO-Fast → YCSB-A → FIO-Fast,2,2,370,115.35,C(FIO-Fast),47,10,25,16,2.6420,47,47,1,4,
FIO-Fast → YCSB-A → FIO-Fast,0,2,367,115.46,C(FIO-Fast),47,10,25,16,2.5446,47,47,1,4,
FIO-Fast → YCSB-A → FIO-Fast,1,2,365,115.48,C(FIO-Fast),32,7,25,16,2.8873,47,47,1,5,
FIO-Fast → YCSB-A → FIO-Fast,3,2,367,115.56,C(FIO-Fast),47,10,25,16,2.8057,47,47,1,6,
FIO-Fast → YCSB-A → FIO-Fast,2,2,371,115.57,C(FIO-Fast),47,10,25,16,2.9110,47,47,1,4,
FIO-Fast → YCSB-A → FIO-Fast,0,2,368,115.68,C(FIO-Fast),47,10,25,16,3.0795,47,47,1,4,
FIO-Fast → YCSB-A → FIO-Fast,1,2,366,115.75,C(FIO-Fast),47,10,25,16,2.8398,47,47,1,5,
FIO-Fast → YCSB-A → FIO-Fast,3,2,368,115.78,C(FIO-Fast),47,10,25,16,2.8436,47,47,1,6,
FIO-Fast → YCSB-A → FIO-Fast,2,2,372,115.79,C(FIO-Fast),47,10,25,16,2.7541,47,47,1,4,
