unix_timestamp,iso_time,elapsed_measured_seconds,phase,epoch,active,host_bytes,host_pages,gc_pages,cumulative_waf,sample_status,source
1791076737,2026-10-04T10:18:57+09:00,,preparation,0,0,0,0,0,,inactive_or_zero,/home/oy/iCAT/result/mixF-fixed50-tenhour-20261004/mixF-fixed50-rep1-x30/control-series.txt
1791076767,2026-10-04T10:19:27+09:00,,preparation,0,0,0,0,0,,inactive_or_zero,/home/oy/iCAT/result/mixF-fixed50-tenhour-20261004/mixF-fixed50-rep1-x30/control-series.txt
1791076797,2026-10-04T10:19:57+09:00,,preparation,0,0,0,0,0,,inactive_or_zero,/home/oy/iCAT/result/mixF-fixed50-tenhour-20261004/mixF-fixed50-rep1-x30/control-series.txt
1791076827,2026-10-04T10:20:27+09:00,8.0,FIO-Fast,1,1,1253961728,306143,247147,1.8072926704187258,active_cumulative,/home/oy/iCAT/result/mixF-fixed50-tenhour-20261004/mixF-fixed50-rep1-x30/control-series.txt
1791076857,2026-10-04T10:20:57+09:00,38.0,FIO-Fast,1,1,6181339136,1509116,1262312,1.8364578998566048,active_cumulative,/home/oy/iCAT/result/mixF-fixed50-tenhour-20261004/mixF-fixed50-rep1-x30/control-series.txt
1791076887,2026-10-04T10:21:27+09:00,68.0,FIO-Fast,1,1,11110682624,2712569,2180488,1.8038460957122195,active_cumulative,/home/oy/iCAT/result/mixF-fixed50-tenhour-20261004/mixF-fixed50-rep1-x30/control-series.txt
1791076917,2026-10-04T10:21:57+09:00,98.0,FIO-Fast,1,1,16039833600,3915975,3197291,1.816473802820498,active_cumulative,/home/oy/iCAT/result/mixF-fixed50-tenhour-20261004/mixF-fixed50-rep1-x30/control-series.txt
1791076947,2026-10-04T10:22:27+09:00,128.0,FIO-Fast,1,1,20968890368,5119358,4198718,1.8201649503707302,active_cumulative,/home/oy/iCAT/result/mixF-fixed50-tenhour-20261004/mixF-fixed50-rep1-x30/control-series.txt
1791076977,2026-10-04T10:22:57+09:00,158.0,FIO-Fast,1,1,25898299392,6322827,5187668,1.820466541311347,active_cumulative,/home/oy/iCAT/result/mixF-fixed50-tenhour-20261004/mixF-fixed50-rep1-x30/control-series.txt
1791077007,2026-10-04T10:23:27+09:00,188.0,FIO-Fast,1,1,30827319296,7526201,6146451,1.816673777381178,active_cumulative,/home/oy/iCAT/result/mixF-fixed50-tenhour-20261004/mixF-fixed50-rep1-x30/control-series.txt
1791077037,2026-10-04T10:23:57+09:00,218.0,FIO-Fast,1,1,35756666880,8729655,7089062,1.8120666853386531,active_cumulative,/home/oy/iCAT/result/mixF-fixed50-tenhour-20261004/mixF-fixed50-rep1-x30/control-series.txt
1791077067,2026-10-04T10:24:27+09:00,248.0,FIO-Fast,1,1,40675483648,9930538,8001086,1.8057051893865166,active_cumulative,/home/oy/iCAT/result/mixF-fixed50-tenhour-20261004/mixF-fixed50-rep1-x30/control-series.txt
1791077097,2026-10-04T10:24:57+09:00,278.0,FIO-Fast,1,1,45592412160,11130960,8878790,1.797666149191085,active_cumulative,/home/oy/iCAT/result/mixF-fixed50-tenhour-20261004/mixF-fixed50-rep1-x30/control-series.txt
1791077127,2026-10-04T10:25:27+09:00,308.0,FIO-Fast,1,1,50509221888,12331353,9811499,1.7956547022861158,active_cumulative,/home/oy/iCAT/result/mixF-fixed50-tenhour-20261004/mixF-fixed50-rep1-x30/control-series.txt
1791077157,2026-10-04T10:25:57+09:00,338.0,FIO-Fast,1,1,55425941504,13531724,10822749,1.7998056271322116,active_cumulative,/home/oy/iCAT/result/mixF-fixed50-tenhour-20261004/mixF-fixed50-rep1-x30/control-series.txt
1791077187,2026-10-04T10:26:27+09:00,368.0,FIO-Fast,1,1,60342513664,14732059,11858417,1.8049395539347215,active_cumulative,/home/oy/iCAT/result/mixF-fixed50-tenhour-20261004/mixF-fixed50-rep1-x30/control-series.txt
1791077217,2026-10-04T10:26:57+09:00,398.0,FIO-Fast,1,1,65259233280,15932430,12869756,1.80777106819236,active_cumulative,/home/oy/iCAT/result/mixF-fixed50-tenhour-20261004/mixF-fixed50-rep1-x30/control-series.txt
1791077247,2026-10-04T10:27:27+09:00,428.0,FIO-Fast,1,1,70175891456,17132786,13861084,1.8090385299857243,active_cumulative,/home/oy/iCAT/result/mixF-fixed50-tenhour-20261004/mixF-fixed50-rep1-x30/control-series.txt
1791077277,2026-10-04T10:27:57+09:00,458.0,FIO-Fast,1,1,75092496384,18333129,14845156,1.8097448067921194,active_cumulative,/home/oy/iCAT/result/mixF-fixed50-tenhour-20261004/mixF-fixed50-rep1-x30/control-series.txt
1791077307,2026-10-04T10:28:27+09:00,488.0,FIO-Fast,1,1,80009347072,19533532,15817282,1.8097502284789049,active_cumulative,/home/oy/iCAT/result/mixF-fixed50-tenhour-20261004/mixF-fixed50-rep1-x30/control-series.txt
1791077337,2026-10-04T10:28:57+09:00,518.0,FIO-Fast,1,1,84926156800,20733925,16766382,1.808644865841851,active_cumulative,/home/oy/iCAT/result/mixF-fixed50-tenhour-20261004/mixF-fixed50-rep1-x30/control-series.txt
1791077367,2026-10-04T10:29:27+09:00,548.0,FIO-Fast,1,1,89842917376,21934306,17680052,1.8060456528690718,active_cumulative,/home/oy/iCAT/result/mixF-fixed50-tenhour-20261004/mixF-fixed50-rep1-x30/control-series.txt
1791077397,2026-10-04T10:29:57+09:00,578.0,FIO-Fast,1,1,94759620608,23134673,18646579,1.8060014074977415,active_cumulative,/home/oy/iCAT/result/mixF-fixed50-tenhour-20261004/mixF-fixed50-rep1-x30/control-series.txt
1791077427,2026-10-04T10:30:27+09:00,608.0,FIO-Fast,1,1,99676360704,24335049,19638631,1.807010127655794,active_cumulative,/home/oy/iCAT/result/mixF-fixed50-tenhour-20261004/mixF-fixed50-rep1-x30/control-series.txt
1791077457,2026-10-04T10:30:57+09:00,638.0,FIO-Fast,1,1,104593154048,25535438,20642299,1.808378497365113,active_cumulative,/home/oy/iCAT/result/mixF-fixed50-tenhour-20261004/mixF-fixed50-rep1-x30/control-series.txt
1791077487,2026-10-04T10:31:27+09:00,668.0,FIO-Fast,1,1,109509840896,26735801,21632601,1.8091248509816482,active_cumulative,/home/oy/iCAT/result/mixF-fixed50-tenhour-20261004/mixF-fixed50-rep1-x30/control-series.txt
1791077517,2026-10-04T10:31:57+09:00,698.0,FIO-Fast,1,1,114426499072,27936157,22614684,1.809513062229712,active_cumulative,/home/oy/iCAT/result/mixF-fixed50-tenhour-20261004/mixF-fixed50-rep1-x30/control-series.txt
1791077547,2026-10-04T10:32:27+09:00,728.0,FIO-Fast,1,1,119343149056,29136511,23592816,1.8097337392249881,active_cumulative,/home/oy/iCAT/result/mixF-fixed50-tenhour-20261004/mixF-fixed50-rep1-x30/control-series.txt
1791077577,2026-10-04T10:32:57+09:00,758.0,FIO-Fast,1,1,124260057088,30336928,24553930,1.8093743044780277,active_cumulative,/home/oy/iCAT/result/mixF-fixed50-tenhour-20261004/mixF-fixed50-rep1-x30/control-series.txt
1791077607,2026-10-04T10:33:27+09:00,788.0,FIO-Fast,1,1,129176506368,31537233,25492497,1.8083301727833891,active_cumulative,/home/oy/iCAT/result/mixF-fixed50-tenhour-20261004/mixF-fixed50-rep1-x30/control-series.txt
1791077637,2026-10-04T10:33:57+09:00,818.0,FIO-Fast,1,1,134093082624,32737569,26416781,1.8069255539407951,active_cumulative,/home/oy/iCAT/result/mixF-fixed50-tenhour-20261004/mixF-fixed50-rep1-x30/control-series.txt
1791077667,2026-10-04T10:34:27+09:00,848.0,FIO-Fast,1,1,139009765376,33937931,27424678,1.808083380215488,active_cumulative,/home/oy/iCAT/result/mixF-fixed50-tenhour-20261004/mixF-fixed50-rep1-x30/control-series.txt
1791077697,2026-10-04T10:34:57+09:00,878.0,FIO-Fast,1,1,143926530048,35138313,28461358,1.8099807751157546,active_cumulative,/home/oy/iCAT/result/mixF-fixed50-tenhour-20261004/mixF-fixed50-rep1-x30/control-series.txt
1791077727,2026-10-04T10:35:27+09:00,908.0,FIO-Fast,1,1,148843298816,36338696,29465133,1.8108472852190403,active_cumulative,/home/oy/iCAT/result/mixF-fixed50-tenhour-20261004/mixF-fixed50-rep1-x30/control-series.txt
1791077757,2026-10-04T10:35:57+09:00,938.0,FIO-Fast,1,1,153760190464,37539109,30451693,1.811199141673821,active_cumulative,/home/oy/iCAT/result/mixF-fixed50-tenhour-20261004/mixF-fixed50-rep1-x30/control-series.txt
1791077787,2026-10-04T10:36:27+09:00,968.0,FIO-Fast,1,1,158676733952,38739437,31412118,1.8108563374320592,active_cumulative,/home/oy/iCAT/result/mixF-fixed50-tenhour-20261004/mixF-fixed50-rep1-x30/control-series.txt
1791077817,2026-10-04T10:36:57+09:00,998.0,FIO-Fast,1,1,163593474048,39939813,32362024,1.8102697927003315,active_cumulative,/home/oy/iCAT/result/mixF-fixed50-tenhour-20261004/mixF-fixed50-rep1-x30/control-series.txt
1791077847,2026-10-04T10:37:27+09:00,1028.0,FIO-Fast,1,1,168510382080,41140230,33304770,1.8095426301700308,active_cumulative,/home/oy/iCAT/result/mixF-fixed50-tenhour-20261004/mixF-fixed50-rep1-x30/control-series.txt
1791077877,2026-10-04T10:37:57+09:00,1058.0,FIO-Fast,1,1,173426966528,42340568,34232866,1.808512205126771,active_cumulative,/home/oy/iCAT/result/mixF-fixed50-tenhour-20261004/mixF-fixed50-rep1-x30/control-series.txt
1791077907,2026-10-04T10:38:27+09:00,1088.0,FIO-Fast,1,1,178343620608,43540923,35165006,1.807631156555868,active_cumulative,/home/oy/iCAT/result/mixF-fixed50-tenhour-20261004/mixF-fixed50-rep1-x30/control-series.txt
1791077937,2026-10-04T10:38:57+09:00,1118.0,FIO-Fast,1,1,183260381184,44741304,36174853,1.8085337208767989,active_cumulative,/home/oy/iCAT/result/mixF-fixed50-tenhour-20261004/mixF-fixed50-rep1-x30/control-series.txt
1791077967,2026-10-04T10:39:27+09:00,1148.0,FIO-Fast,1,1,188177117184,45941679,37207747,1.8098908836135483,active_cumulative,/home/oy/iCAT/result/mixF-fixed50-tenhour-20261004/mixF-fixed50-rep1-x30/control-series.txt
1791077997,2026-10-04T10:39:57+09:00,1178.0,FIO-Fast,1,1,193093726208,47142023,38230297,1.810960043017246,active_cumulative,/home/oy/iCAT/result/mixF-fixed50-tenhour-20261004/mixF-fixed50-rep1-x30/control-series.txt
1791078027,2026-10-04T10:40:27+09:00,1208.0,FIO-Fast,1,1,198010564608,48342423,39237523,1.8116581785733,active_cumulative,/home/oy/iCAT/result/mixF-fixed50-tenhour-20261004/mixF-fixed50-rep1-x30/control-series.txt
1791078057,2026-10-04T10:40:57+09:00,1238.0,FIO-Fast,1,1,202927116288,49542753,40222546,1.8118754724833317,active_cumulative,/home/oy/iCAT/result/mixF-fixed50-tenhour-20261004/mixF-fixed50-rep1-x30/control-series.txt
1791078087,2026-10-04T10:41:27+09:00,1268.0,FIO-Fast,1,1,207843667968,50743083,41172772,1.8113967375612554,active_cumulative,/home/oy/iCAT/result/mixF-fixed50-tenhour-20261004/mixF-fixed50-rep1-x30/control-series.txt
1791078117,2026-10-04T10:41:57+09:00,1298.0,FIO-Fast,1,1,212760514560,51943485,42107949,1.8106492854686205,active_cumulative,/home/oy/iCAT/result/mixF-fixed50-tenhour-20261004/mixF-fixed50-rep1-x30/control-series.txt
1791078147,2026-10-04T10:42:27+09:00,1328.0,FIO-Fast,1,1,217677221888,53143853,43000877,1.8091411249387583,active_cumulative,/home/oy/iCAT/result/mixF-fixed50-tenhour-20261004/mixF-fixed50-rep1-x30/control-series.txt
1791078177,2026-10-04T10:42:57+09:00,1358.0,FIO-Fast,1,1,222594125824,54344269,43943086,1.8086057059668978,active_cumulative,/home/oy/iCAT/result/mixF-fixed50-tenhour-20261004/mixF-fixed50-rep1-x30/control-series.txt
1791078207,2026-10-04T10:43:27+09:00,1388.0,FIO-Fast,1,1,227510964224,55544669,44950419,1.8092661241711603,active_cumulative,/home/oy/iCAT/result/mixF-fixed50-tenhour-20261004/mixF-fixed50-rep1-x30/control-series.txt
1791078237,2026-10-04T10:43:57+09:00,1418.0,FIO-Fast,1,1,232427499520,56744995,45975369,1.810210116328321,active_cumulative,/home/oy/iCAT/result/mixF-fixed50-tenhour-20261004/mixF-fixed50-rep1-x30/control-series.txt
1791078267,2026-10-04T10:44:27+09:00,1448.0,FIO-Fast,1,1,237344317440,57945390,46993927,1.811003722642992,active_cumulative,/home/oy/iCAT/result/mixF-fixed50-tenhour-20261004/mixF-fixed50-rep1-x30/control-series.txt
1791078297,2026-10-04T10:44:57+09:00,1478.0,FIO-Fast,1,1,242261024768,59145758,47987616,1.8113450164929832,active_cumulative,/home/oy/iCAT/result/mixF-fixed50-tenhour-20261004/mixF-fixed50-rep1-x30/control-series.txt
1791078327,2026-10-04T10:45:27+09:00,1508.0,FIO-Fast,1,1,247177973760,60346185,48974070,1.8115520475735127,active_cumulative,/home/oy/iCAT/result/mixF-fixed50-tenhour-20261004/mixF-fixed50-rep1-x30/control-series.txt
1791078357,2026-10-04T10:45:57+09:00,1538.0,FIO-Fast,1,1,252094697472,61546557,49946988,1.8115317969776927,active_cumulative,/home/oy/iCAT/result/mixF-fixed50-tenhour-20261004/mixF-fixed50-rep1-x30/control-series.txt
1791078387,2026-10-04T10:46:27+09:00,1568.0,FIO-Fast,1,1,257011441664,62746934,50896078,1.8111325088808323,active_cumulative,/home/oy/iCAT/result/mixF-fixed50-tenhour-20261004/mixF-fixed50-rep1-x30/control-series.txt
1791078417,2026-10-04T10:46:57+09:00,1598.0,FIO-Fast,1,1,261928288256,63947336,51822482,1.8103931334997285,active_cumulative,/home/oy/iCAT/result/mixF-fixed50-tenhour-20261004/mixF-fixed50-rep1-x30/control-series.txt
1791078447,2026-10-04T10:47:27+09:00,1628.0,FIO-Fast,1,1,266844901376,65147681,52789288,1.8103018739838184,active_cumulative,/home/oy/iCAT/result/mixF-fixed50-tenhour-20261004/mixF-fixed50-rep1-x30/control-series.txt
1791078477,2026-10-04T10:47:57+09:00,1658.0,FIO-Fast,1,1,271761543168,66348033,53801974,1.810905336108457,active_cumulative,/home/oy/iCAT/result/mixF-fixed50-tenhour-20261004/mixF-fixed50-rep1-x30/control-series.txt
1791078507,2026-10-04T10:48:27+09:00,1688.0,FIO-Fast,1,1,276678230016,67548396,54788691,1.811102768450638,active_cumulative,/home/oy/iCAT/result/mixF-fixed50-tenhour-20261004/mixF-fixed50-rep1-x30/control-series.txt
1791078537,2026-10-04T10:48:57+09:00,1718.0,FIO-Fast,1,1,281594929152,68748762,55792266,1.8115384826856955,active_cumulative,/home/oy/iCAT/result/mixF-fixed50-tenhour-20261004/mixF-fixed50-rep1-x30/control-series.txt
1791078567,2026-10-04T10:49:27+09:00,1748.0,FIO-Fast,1,1,286511603712,69949122,56758746,1.8114289983511158,active_cumulative,/home/oy/iCAT/result/mixF-fixed50-tenhour-20261004/mixF-fixed50-rep1-x30/control-series.txt
1791078597,2026-10-04T10:49:57+09:00,1778.0,FIO-Fast,1,1,291428208640,71149465,57732062,1.8114194815098048,active_cumulative,/home/oy/iCAT/result/mixF-fixed50-tenhour-20261004/mixF-fixed50-rep1-x30/control-series.txt
1791078627,2026-10-04T10:50:27+09:00,1808.0,FIO-Fast,1,1,296344842240,72349815,58687762,1.811166718256294,active_cumulative,/home/oy/iCAT/result/mixF-fixed50-tenhour-20261004/mixF-fixed50-rep1-x30/control-series.txt
1791078657,2026-10-04T10:50:57+09:00,1838.0,FIO-Fast,1,1,301261512704,73550174,59628470,1.8107182724000082,active_cumulative,/home/oy/iCAT/result/mixF-fixed50-tenhour-20261004/mixF-fixed50-rep1-x30/control-series.txt
1791078687,2026-10-04T10:51:27+09:00,1868.0,FIO-Fast,1,1,306178179072,74750532,60549829,1.8100253921938643,active_cumulative,/home/oy/iCAT/result/mixF-fixed50-tenhour-20261004/mixF-fixed50-rep1-x30/control-series.txt
1791078717,2026-10-04T10:51:57+09:00,1898.0,FIO-Fast,1,1,311094960128,75950918,61562756,1.8105597354333494,active_cumulative,/home/oy/iCAT/result/mixF-fixed50-tenhour-20261004/mixF-fixed50-rep1-x30/control-series.txt
1791078747,2026-10-04T10:52:27+09:00,1928.0,FIO-Fast,1,1,316011732992,77151302,62599933,1.8113917896032397,active_cumulative,/home/oy/iCAT/result/mixF-fixed50-tenhour-20261004/mixF-fixed50-rep1-x30/control-series.txt
1791078777,2026-10-04T10:52:57+09:00,1958.0,FIO-Fast,1,1,320928518144,78351689,63617904,1.8119531922279302,active_cumulative,/home/oy/iCAT/result/mixF-fixed50-tenhour-20261004/mixF-fixed50-rep1-x30/control-series.txt
1791078807,2026-10-04T10:53:27+09:00,1988.0,FIO-Fast,1,1,325845114880,79552030,64606145,1.8121244046192158,active_cumulative,/home/oy/iCAT/result/mixF-fixed50-tenhour-20261004/mixF-fixed50-rep1-x30/control-series.txt
1791078837,2026-10-04T10:53:57+09:00,2018.0,FIO-Fast,1,1,330761760768,80752383,65584068,1.812162633020997,active_cumulative,/home/oy/iCAT/result/mixF-fixed50-tenhour-20261004/mixF-fixed50-rep1-x30/control-series.txt
1791078867,2026-10-04T10:54:27+09:00,2048.0,FIO-Fast,1,1,335678386176,81952731,66510588,1.8115725637013855,active_cumulative,/home/oy/iCAT/result/mixF-fixed50-tenhour-20261004/mixF-fixed50-rep1-x30/control-series.txt
1791078897,2026-10-04T10:54:57+09:00,2078.0,FIO-Fast,1,1,340595048448,83153088,67463724,1.8113195267023636,active_cumulative,/home/oy/iCAT/result/mixF-fixed50-tenhour-20261004/mixF-fixed50-rep1-x30/control-series.txt
1791078927,2026-10-04T10:55:27+09:00,2108.0,FIO-Fast,1,1,345511735296,84353451,68374606,1.810572717410222,active_cumulative,/home/oy/iCAT/result/mixF-fixed50-tenhour-20261004/mixF-fixed50-rep1-x30/control-series.txt
1791078957,2026-10-04T10:55:57+09:00,2138.0,FIO-Fast,1,1,350428409856,85553811,69311502,1.810150958675587,active_cumulative,/home/oy/iCAT/result/mixF-fixed50-tenhour-20261004/mixF-fixed50-rep1-x30/control-series.txt
1791078987,2026-10-04T10:56:27+09:00,2168.0,FIO-Fast,1,1,355345084416,86754171,70331335,1.8106968712778087,active_cumulative,/home/oy/iCAT/result/mixF-fixed50-tenhour-20261004/mixF-fixed50-rep1-x30/control-series.txt
1791079017,2026-10-04T10:56:57+09:00,2198.0,FIO-Fast,1,1,360261640192,87954502,71366587,1.8114034572101834,active_cumulative,/home/oy/iCAT/result/mixF-fixed50-tenhour-20261004/mixF-fixed50-rep1-x30/control-series.txt
1791079047,2026-10-04T10:57:27+09:00,2228.0,FIO-Fast,1,1,365178327040,89154865,72380168,1.811847654079225,active_cumulative,/home/oy/iCAT/result/mixF-fixed50-tenhour-20261004/mixF-fixed50-rep1-x30/control-series.txt
1791079077,2026-10-04T10:57:57+09:00,2258.0,FIO-Fast,1,1,370094919680,90355205,73387649,1.8122127441357696,active_cumulative,/home/oy/iCAT/result/mixF-fixed50-tenhour-20261004/mixF-fixed50-rep1-x30/control-series.txt
1791079107,2026-10-04T10:58:27+09:00,2288.0,FIO-Fast,1,1,375011618816,91555571,74379077,1.812392694268708,active_cumulative,/home/oy/iCAT/result/mixF-fixed50-tenhour-20261004/mixF-fixed50-rep1-x30/control-series.txt
1791079137,2026-10-04T10:58:57+09:00,2318.0,FIO-Fast,1,1,379928268800,92755925,75340716,1.812246937325028,active_cumulative,/home/oy/iCAT/result/mixF-fixed50-tenhour-20261004/mixF-fixed50-rep1-x30/control-series.txt
1791079167,2026-10-04T10:59:27+09:00,2348.0,FIO-Fast,1,1,384844918784,93956279,76278289,1.8118487642534247,active_cumulative,/home/oy/iCAT/result/mixF-fixed50-tenhour-20261004/mixF-fixed50-rep1-x30/control-series.txt
1791079197,2026-10-04T10:59:57+09:00,2378.0,FIO-Fast,1,1,389761613824,95156644,77180707,1.811091099429694,active_cumulative,/home/oy/iCAT/result/mixF-fixed50-tenhour-20261004/mixF-fixed50-rep1-x30/control-series.txt
1791079227,2026-10-04T11:00:27+09:00,2408.0,FIO-Fast,1,1,394678484992,96357052,78108765,1.8106180438147899,active_cumulative,/home/oy/iCAT/result/mixF-fixed50-tenhour-20261004/mixF-fixed50-rep1-x30/control-series.txt
1791079257,2026-10-04T11:00:57+09:00,2438.0,FIO-Fast,1,1,399595048960,97557385,79134588,1.8111593807070578,active_cumulative,/home/oy/iCAT/result/mixF-fixed50-tenhour-20261004/mixF-fixed50-rep1-x30/control-series.txt
1791079287,2026-10-04T11:01:27+09:00,2468.0,FIO-Fast,1,1,404511707136,98757741,80145303,1.8115343889852644,active_cumulative,/home/oy/iCAT/result/mixF-fixed50-tenhour-20261004/mixF-fixed50-rep1-x30/control-series.txt
1791079317,2026-10-04T11:01:57+09:00,2498.0,FIO-Fast,1,1,409428467712,99958122,81153505,1.811875047032196,active_cumulative,/home/oy/iCAT/result/mixF-fixed50-tenhour-20261004/mixF-fixed50-rep1-x30/control-series.txt
1791079347,2026-10-04T11:02:27+09:00,2528.0,FIO-Fast,1,1,414345105408,101158473,82152698,1.8121188029400166,active_cumulative,/home/oy/iCAT/result/mixF-fixed50-tenhour-20261004/mixF-fixed50-rep1-x30/control-series.txt
1791079377,2026-10-04T11:02:57+09:00,2558.0,FIO-Fast,1,1,419261759488,102358828,83134252,1.8121844849571744,active_cumulative,/home/oy/iCAT/result/mixF-fixed50-tenhour-20261004/mixF-fixed50-rep1-x30/control-series.txt
1791079407,2026-10-04T11:03:27+09:00,2588.0,FIO-Fast,1,1,424178483200,103559200,84106504,1.8121586879775047,active_cumulative,/home/oy/iCAT/result/mixF-fixed50-tenhour-20261004/mixF-fixed50-rep1-x30/control-series.txt
1791079437,2026-10-04T11:03:57+09:00,2618.0,FIO-Fast,1,1,429095120896,104759551,85050233,1.8118613738617495,active_cumulative,/home/oy/iCAT/result/mixF-fixed50-tenhour-20261004/mixF-fixed50-rep1-x30/control-series.txt
1791079467,2026-10-04T11:04:27+09:00,2648.0,FIO-Fast,1,1,434011746304,105959899,85986686,1.8115021513940854,active_cumulative,/home/oy/iCAT/result/mixF-fixed50-tenhour-20261004/mixF-fixed50-rep1-x30/control-series.txt
1791079497,2026-10-04T11:04:57+09:00,2678.0,FIO-Fast,1,1,438928261120,107160220,86969920,1.8115877328359349,active_cumulative,/home/oy/iCAT/result/mixF-fixed50-tenhour-20261004/mixF-fixed50-rep1-x30/control-series.txt
1791079527,2026-10-04T11:05:27+09:00,2708.0,FIO-Fast,1,1,443844747264,108360534,87985077,1.8119660705990985,active_cumulative,/home/oy/iCAT/result/mixF-fixed50-tenhour-20261004/mixF-fixed50-rep1-x30/control-series.txt
1791079557,2026-10-04T11:05:57+09:00,2738.0,FIO-Fast,1,1,448761376768,109560883,88984340,1.8121907889333093,active_cumulative,/home/oy/iCAT/result/mixF-fixed50-tenhour-20261004/mixF-fixed50-rep1-x30/control-series.txt
1791079587,2026-10-04T11:06:27+09:00,2768.0,FIO-Fast,1,1,453678014464,110761234,89958391,1.8121829971666803,active_cumulative,/home/oy/iCAT/result/mixF-fixed50-tenhour-20261004/mixF-fixed50-rep1-x30/control-series.txt
1791079617,2026-10-04T11:06:57+09:00,2798.0,FIO-Fast,1,1,458594742272,111961607,90943588,1.8122747648664959,active_cumulative,/home/oy/iCAT/result/mixF-fixed50-tenhour-20261004/mixF-fixed50-rep1-x30/control-series.txt
1791079647,2026-10-04T11:07:27+09:00,2828.0,FIO-Fast,1,1,463511597056,113162011,91904080,1.8121460478463924,active_cumulative,/home/oy/iCAT/result/mixF-fixed50-tenhour-20261004/mixF-fixed50-rep1-x30/control-series.txt
1791079677,2026-10-04T11:07:57+09:00,2858.0,FIO-Fast,1,1,468428652544,114362464,92864405,1.8120182247909593,active_cumulative,/home/oy/iCAT/result/mixF-fixed50-tenhour-20261004/mixF-fixed50-rep1-x30/control-series.txt
1791079707,2026-10-04T11:08:27+09:00,2888.0,FIO-Fast,1,1,473345159168,115562783,93803909,1.8117138283178935,active_cumulative,/home/oy/iCAT/result/mixF-fixed50-tenhour-20261004/mixF-fixed50-rep1-x30/control-series.txt
1791079737,2026-10-04T11:08:57+09:00,2918.0,FIO-Fast,1,1,478261800960,116763135,94728206,1.8112852228573684,active_cumulative,/home/oy/iCAT/result/mixF-fixed50-tenhour-20261004/mixF-fixed50-rep1-x30/control-series.txt
1791079767,2026-10-04T11:09:27+09:00,2948.0,FIO-Fast,1,1,483178397696,117963476,95742021,1.8116242776704885,active_cumulative,/home/oy/iCAT/result/mixF-fixed50-tenhour-20261004/mixF-fixed50-rep1-x30/control-series.txt
1791079797,2026-10-04T11:09:57+09:00,2978.0,FIO-Fast,1,1,488095105024,119163844,96786269,1.8122117057586695,active_cumulative,/home/oy/iCAT/result/mixF-fixed50-tenhour-20261004/mixF-fixed50-rep1-x30/control-series.txt
1791079827,2026-10-04T11:10:27+09:00,3008.0,FIO-Fast,1,1,493011972096,120364251,97813641,1.8126469461435024,active_cumulative,/home/oy/iCAT/result/mixF-fixed50-tenhour-20261004/mixF-fixed50-rep1-x30/control-series.txt
1791079857,2026-10-04T11:10:57+09:00,3038.0,FIO-Fast,1,1,497928802304,121564649,98805258,1.8127795277062826,active_cumulative,/home/oy/iCAT/result/mixF-fixed50-tenhour-20261004/mixF-fixed50-rep1-x30/control-series.txt
1791079887,2026-10-04T11:11:27+09:00,3068.0,FIO-Fast,1,1,502845632512,122765047,99783210,1.812798206316819,active_cumulative,/home/oy/iCAT/result/mixF-fixed50-tenhour-20261004/mixF-fixed50-rep1-x30/control-series.txt
1791079917,2026-10-04T11:11:57+09:00,3098.0,FIO-Fast,1,1,507762409472,123965432,100727758,1.812547146207662,active_cumulative,/home/oy/iCAT/result/mixF-fixed50-tenhour-20261004/mixF-fixed50-rep1-x30/control-series.txt
1791079947,2026-10-04T11:12:27+09:00,3128.0,FIO-Fast,1,1,512679124992,125165802,101648983,1.8121146621183315,active_cumulative,/home/oy/iCAT/result/mixF-fixed50-tenhour-20261004/mixF-fixed50-rep1-x30/control-series.txt
1791079977,2026-10-04T11:12:57+09:00,3158.0,FIO-Fast,1,1,517595856896,126366176,102573710,1.8117180819019165,active_cumulative,/home/oy/iCAT/result/mixF-fixed50-tenhour-20261004/mixF-fixed50-rep1-x30/control-series.txt
1791080007,2026-10-04T11:13:27+09:00,3188.0,FIO-Fast,1,1,522512592896,127566551,103506619,1.8113930978662267,active_cumulative,/home/oy/iCAT/result/mixF-fixed50-tenhour-20261004/mixF-fixed50-rep1-x30/control-series.txt
1791080037,2026-10-04T11:13:57+09:00,3218.0,FIO-Fast,1,1,527429398528,128766943,104521955,1.8117141912734542,active_cumulative,/home/oy/iCAT/result/mixF-fixed50-tenhour-20261004/mixF-fixed50-rep1-x30/control-series.txt
1791080067,2026-10-04T11:14:27+09:00,3248.0,FIO-Fast,1,1,532346208256,129967336,105565934,1.812249733271443,active_cumulative,/home/oy/iCAT/result/mixF-fixed50-tenhour-20261004/mixF-fixed50-rep1-x30/control-series.txt
1791080097,2026-10-04T11:14:57+09:00,3278.0,FIO-Fast,1,1,537263173632,131167767,106574612,1.8125061090656518,active_cumulative,/home/oy/iCAT/result/mixF-fixed50-tenhour-20261004/mixF-fixed50-rep1-x30/control-series.txt
1791080127,2026-10-04T11:15:27+09:00,3308.0,FIO-Fast,1,1,542179893248,132368138,107582793,1.8127544485063316,active_cumulative,/home/oy/iCAT/result/mixF-fixed50-tenhour-20261004/mixF-fixed50-rep1-x30/control-series.txt
1791080158,2026-10-04T11:15:58+09:00,3339.0,FIO-Fast,1,1,547096686592,133568527,108578803,1.8129070930010331,active_cumulative,/home/oy/iCAT/result/mixF-fixed50-tenhour-20261004/mixF-fixed50-rep1-x30/control-series.txt
1791080188,2026-10-04T11:16:28+09:00,3369.0,FIO-Fast,1,1,552013230080,134768855,109548506,1.8128621854062645,active_cumulative,/home/oy/iCAT/result/mixF-fixed50-tenhour-20261004/mixF-fixed50-rep1-x30/control-series.txt
1791080218,2026-10-04T11:16:58+09:00,3399.0,FIO-Fast,1,1,556929974272,135969232,110488344,1.8125981324951517,active_cumulative,/home/oy/iCAT/result/mixF-fixed50-tenhour-20261004/mixF-fixed50-rep1-x30/control-series.txt
1791080248,2026-10-04T11:17:28+09:00,3429.0,FIO-Fast,1,1,561846800384,137169629,111391682,1.8120724887285362,active_cumulative,/home/oy/iCAT/result/mixF-fixed50-tenhour-20261004/mixF-fixed50-rep1-x30/control-series.txt
1791080278,2026-10-04T11:17:58+09:00,3459.0,FIO-Fast,1,1,566763479040,138369990,112329043,1.8118020605479557,active_cumulative,/home/oy/iCAT/result/mixF-fixed50-tenhour-20261004/mixF-fixed50-rep1-x30/control-series.txt
1791080308,2026-10-04T11:18:28+09:00,3489.0,FIO-Fast,1,1,571680419840,139570415,113330838,1.8119975712617893,active_cumulative,/home/oy/iCAT/result/mixF-fixed50-tenhour-20261004/mixF-fixed50-rep1-x30/control-series.txt
1791080338,2026-10-04T11:18:58+09:00,3519.0,FIO-Fast,1,1,576597360640,140770840,114351513,1.8123238662211576,active_cumulative,/home/oy/iCAT/result/mixF-fixed50-tenhour-20261004/mixF-fixed50-rep1-x30/control-series.txt
1791080368,2026-10-04T11:19:28+09:00,3549.0,FIO-Fast,1,1,581513957376,141971181,115351000,1.812495882527032,active_cumulative,/home/oy/iCAT/result/mixF-fixed50-tenhour-20261004/mixF-fixed50-rep1-x30/control-series.txt
1791080398,2026-10-04T11:19:58+09:00,3579.0,FIO-Fast,1,1,586430517248,143171513,116350926,1.8126681318231233,active_cumulative,/home/oy/iCAT/result/mixF-fixed50-tenhour-20261004/mixF-fixed50-rep1-x30/control-series.txt
1791080428,2026-10-04T11:20:28+09:00,3609.0,FIO-Fast,1,1,591347310592,144371902,117327420,1.8126748929303433,active_cumulative,/home/oy/iCAT/result/mixF-fixed50-tenhour-20261004/mixF-fixed50-rep1-x30/control-series.txt
1791080458,2026-10-04T11:20:58+09:00,3639.0,FIO-Fast,1,1,596263821312,145572222,118293064,1.8126073942870775,active_cumulative,/home/oy/iCAT/result/mixF-fixed50-tenhour-20261004/mixF-fixed50-rep1-x30/control-series.txt
1791080488,2026-10-04T11:21:28+09:00,3669.0,FIO-Fast,1,1,601180450816,146772571,119239388,1.812409206894659,active_cumulative,/home/oy/iCAT/result/mixF-fixed50-tenhour-20261004/mixF-fixed50-rep1-x30/control-series.txt
1791080518,2026-10-04T11:21:58+09:00,3699.0,FIO-Fast,1,1,606097403904,147972999,120171916,1.8121205680233594,active_cumulative,/home/oy/iCAT/result/mixF-fixed50-tenhour-20261004/mixF-fixed50-rep1-x30/control-series.txt
1791080548,2026-10-04T11:22:28+09:00,3729.0,FIO-Fast,1,1,611014115328,149173368,121167871,1.8122620855486753,active_cumulative,/home/oy/iCAT/result/mixF-fixed50-tenhour-20261004/mixF-fixed50-rep1-x30/control-series.txt
1791080578,2026-10-04T11:22:58+09:00,3759.0,FIO-Fast,1,1,615930834944,150373739,122192140,1.8125896237773271,active_cumulative,/home/oy/iCAT/result/mixF-fixed50-tenhour-20261004/mixF-fixed50-rep1-x30/control-series.txt
1791080608,2026-10-04T11:23:28+09:00,3789.0,FIO-Fast,1,1,620847435776,151574081,123192126,1.8127519242554406,active_cumulative,/home/oy/iCAT/result/mixF-fixed50-tenhour-20261004/mixF-fixed50-rep1-x30/control-series.txt
1791080638,2026-10-04T11:23:58+09:00,3819.0,FIO-Fast,1,1,625764102144,152774439,124166246,1.8127422807947604,active_cumulative,/home/oy/iCAT/result/mixF-fixed50-tenhour-20261004/mixF-fixed50-rep1-x30/control-series.txt
1791080668,2026-10-04T11:24:28+09:00,3849.0,FIO-Fast,1,1,630680846336,153974816,125144581,1.8127600620091016,active_cumulative,/home/oy/iCAT/result/mixF-fixed50-tenhour-20261004/mixF-fixed50-rep1-x30/control-series.txt
1791080698,2026-10-04T11:24:58+09:00,3879.0,FIO-Fast,1,1,635597590528,155175193,126101024,1.812636488874868,active_cumulative,/home/oy/iCAT/result/mixF-fixed50-tenhour-20261004/mixF-fixed50-rep1-x30/control-series.txt
1791080728,2026-10-04T11:25:28+09:00,3909.0,FIO-Fast,1,1,640514060288,156375503,127053022,1.8124867358540167,active_cumulative,/home/oy/iCAT/result/mixF-fixed50-tenhour-20261004/mixF-fixed50-rep1-x30/control-series.txt
1791080758,2026-10-04T11:25:58+09:00,3939.0,FIO-Fast,1,1,645430738944,157575864,128003456,1.812329075980824,active_cumulative,/home/oy/iCAT/result/mixF-fixed50-tenhour-20261004/mixF-fixed50-rep1-x30/control-series.txt
1791080788,2026-10-04T11:26:28+09:00,3969.0,FIO-Fast,1,1,650347634688,158776278,128927096,1.8120047756756208,active_cumulative,/home/oy/iCAT/result/mixF-fixed50-tenhour-20261004/mixF-fixed50-rep1-x30/control-series.txt
1791080818,2026-10-04T11:26:58+09:00,3999.0,FIO-Fast,1,1,655264473088,159976678,129937039,1.8122248856798988,active_cumulative,/home/oy/iCAT/result/mixF-fixed50-tenhour-20261004/mixF-fixed50-rep1-x30/control-series.txt
1791080848,2026-10-04T11:27:28+09:00,4029.0,FIO-Fast,1,1,660181266432,161177067,130978976,1.8126402746862245,active_cumulative,/home/oy/iCAT/result/mixF-fixed50-tenhour-20261004/mixF-fixed50-rep1-x30/control-series.txt
1791080878,2026-10-04T11:27:58+09:00,4059.0,FIO-Fast,1,1,665097977856,162377436,132003997,1.8129454452033595,active_cumulative,/home/oy/iCAT/result/mixF-fixed50-tenhour-20261004/mixF-fixed50-rep1-x30/control-series.txt
1791080908,2026-10-04T11:28:28+09:00,4089.0,FIO-Fast,1,1,670014562304,163577774,133009908,1.8131294658649653,active_cumulative,/home/oy/iCAT/result/mixF-fixed50-tenhour-20261004/mixF-fixed50-rep1-x30/control-series.txt
1791080938,2026-10-04T11:28:58+09:00,4119.0,FIO-Fast,1,1,674931417088,164778178,133983856,1.8131165038127803,active_cumulative,/home/oy/iCAT/result/mixF-fixed50-tenhour-20261004/mixF-fixed50-rep1-x30/control-series.txt
1791080968,2026-10-04T11:29:28+09:00,4149.0,FIO-Fast,1,1,679848042496,165978526,134936851,1.81297776436453,active_cumulative,/home/oy/iCAT/result/mixF-fixed50-tenhour-20261004/mixF-fixed50-rep1-x30/control-series.txt
1791080998,2026-10-04T11:29:58+09:00,4179.0,FIO-Fast,1,1,684764622848,167178863,135850880,1.8126079909994364,active_cumulative,/home/oy/iCAT/result/mixF-fixed50-tenhour-20261004/mixF-fixed50-rep1-x30/control-series.txt
1791081028,2026-10-04T11:30:28+09:00,4209.0,FIO-Fast,1,1,689681420288,168379253,136764203,1.8122390411127434,active_cumulative,/home/oy/iCAT/result/mixF-fixed50-tenhour-20261004/mixF-fixed50-rep1-x30/control-series.txt
1791081058,2026-10-04T11:30:58+09:00,4239.0,FIO-Fast,1,1,694597963776,169579581,137690776,1.8119537457755601,active_cumulative,/home/oy/iCAT/result/mixF-fixed50-tenhour-20261004/mixF-fixed50-rep1-x30/control-series.txt
1791081088,2026-10-04T11:31:28+09:00,4269.0,FIO-Fast,1,1,699514691584,170779954,138709859,1.8122139381768425,active_cumulative,/home/oy/iCAT/result/mixF-fixed50-tenhour-20261004/mixF-fixed50-rep1-x30/control-series.txt
1791081118,2026-10-04T11:31:58+09:00,4299.0,FIO-Fast,1,1,704431439872,171980332,139749404,1.812589453542862,active_cumulative,/home/oy/iCAT/result/mixF-fixed50-tenhour-20261004/mixF-fixed50-rep1-x30/control-series.txt
1791081148,2026-10-04T11:32:28+09:00,4329.0,FIO-Fast,1,1,709348032512,173180672,140764437,1.812818401582366,active_cumulative,/home/oy/iCAT/result/mixF-fixed50-tenhour-20261004/mixF-fixed50-rep1-x30/control-series.txt
1791081178,2026-10-04T11:32:58+09:00,4359.0,FIO-Fast,1,1,714264780800,174381050,141764783,1.812959796950414,active_cumulative,/home/oy/iCAT/result/mixF-fixed50-tenhour-20261004/mixF-fixed50-rep1-x30/control-series.txt
1791081208,2026-10-04T11:33:28+09:00,4389.0,FIO-Fast,1,1,719181529088,175581428,142760771,1.8130744386017865,active_cumulative,/home/oy/iCAT/result/mixF-fixed50-tenhour-20261004/mixF-fixed50-rep1-x30/control-series.txt
1791081238,2026-10-04T11:33:58+09:00,4419.0,FIO-Fast,1,1,724098424832,176781842,143734670,1.8130624071673607,active_cumulative,/home/oy/iCAT/result/mixF-fixed50-tenhour-20261004/mixF-fixed50-rep1-x30/control-series.txt
1791081268,2026-10-04T11:34:28+09:00,4449.0,FIO-Fast,1,1,729015164928,177982218,144680163,1.8128911114030504,active_cumulative,/home/oy/iCAT/result/mixF-fixed50-tenhour-20261004/mixF-fixed50-rep1-x30/control-series.txt
1791081298,2026-10-04T11:34:58+09:00,4479.0,FIO-Fast,1,1,733932048384,179182629,145592989,1.8125396407706464,active_cumulative,/home/oy/iCAT/result/mixF-fixed50-tenhour-20261004/mixF-fixed50-rep1-x30/control-series.txt
1791081328,2026-10-04T11:35:28+09:00,4509.0,FIO-Fast,1,1,738848780288,180383003,146549594,1.8124357149104564,active_cumulative,/home/oy/iCAT/result/mixF-fixed50-tenhour-20261004/mixF-fixed50-rep1-x30/control-series.txt
1791081358,2026-10-04T11:35:58+09:00,4539.0,FIO-Fast,1,1,743765254144,181583314,147541634,1.812528589493636,active_cumulative,/home/oy/iCAT/result/mixF-fixed50-tenhour-20261004/mixF-fixed50-rep1-x30/control-series.txt
1791081388,2026-10-04T11:36:28+09:00,4569.0,FIO-Fast,1,1,748681834496,182783651,148565733,1.8127955218489427,active_cumulative,/home/oy/iCAT/result/mixF-fixed50-tenhour-20261004/mixF-fixed50-rep1-x30/control-series.txt
1791081418,2026-10-04T11:36:58+09:00,4599.0,FIO-Fast,1,1,753598570496,183984026,149552660,1.8128567639888475,active_cumulative,/home/oy/iCAT/result/mixF-fixed50-tenhour-20261004/mixF-fixed50-rep1-x30/control-series.txt
1791081448,2026-10-04T11:37:28+09:00,4629.0,FIO-Fast,1,1,758515412992,185184427,150543435,1.8129378773302574,active_cumulative,/home/oy/iCAT/result/mixF-fixed50-tenhour-20261004/mixF-fixed50-rep1-x30/control-series.txt
1791081478,2026-10-04T11:37:58+09:00,4659.0,FIO-Fast,1,1,763431981056,186384761,151522317,1.8129544292518636,active_cumulative,/home/oy/iCAT/result/mixF-fixed50-tenhour-20261004/mixF-fixed50-rep1-x30/control-series.txt
1791081508,2026-10-04T11:38:28+09:00,4689.0,FIO-Fast,1,1,768348545024,187585094,152487453,1.8128974949363514,active_cumulative,/home/oy/iCAT/result/mixF-fixed50-tenhour-20261004/mixF-fixed50-rep1-x30/control-series.txt
1791081538,2026-10-04T11:38:58+09:00,4719.0,FIO-Fast,1,1,773265080320,188785420,153433261,1.8127389339706426,active_cumulative,/home/oy/iCAT/result/mixF-fixed50-tenhour-20261004/mixF-fixed50-rep1-x30/control-series.txt
1791081568,2026-10-04T11:39:28+09:00,4749.0,FIO-Fast,1,1,778181713920,189985770,154361158,1.8124879984432518,active_cumulative,/home/oy/iCAT/result/mixF-fixed50-tenhour-20261004/mixF-fixed50-rep1-x30/control-series.txt
1791081598,2026-10-04T11:39:58+09:00,4779.0,FIO-Fast,1,1,783098494976,191186156,155368198,1.8126540187355407,active_cumulative,/home/oy/iCAT/result/mixF-fixed50-tenhour-20261004/mixF-fixed50-rep1-x30/control-series.txt
1791081628,2026-10-04T11:40:28+09:00,4809.0,FIO-Fast,1,1,788015239168,192386533,156403822,1.8129665811899631,active_cumulative,/home/oy/iCAT/result/mixF-fixed50-tenhour-20261004/mixF-fixed50-rep1-x30/control-series.txt
1791081658,2026-10-04T11:40:58+09:00,4839.0,FIO-Fast,1,1,792931835904,193586874,157402402,1.8130840627138802,active_cumulative,/home/oy/iCAT/result/mixF-fixed50-tenhour-20261004/mixF-fixed50-rep1-x30/control-series.txt
1791081688,2026-10-04T11:41:28+09:00,4869.0,FIO-Fast,1,1,797848608768,194787258,158395416,1.813171342039221,active_cumulative,/home/oy/iCAT/result/mixF-fixed50-tenhour-20261004/mixF-fixed50-rep1-x30/control-series.txt
1791081718,2026-10-04T11:41:58+09:00,4899.0,FIO-Fast,1,1,802765279232,195987617,159349458,1.8130588066694031,active_cumulative,/home/oy/iCAT/result/mixF-fixed50-tenhour-20261004/mixF-fixed50-rep1-x30/control-series.txt
1791081748,2026-10-04T11:42:28+09:00,4929.0,FIO-Fast,1,1,807682007040,197187990,160321970,1.8130412506360047,active_cumulative,/home/oy/iCAT/result/mixF-fixed50-tenhour-20261004/mixF-fixed50-rep1-x30/control-series.txt
1791081778,2026-10-04T11:42:58+09:00,4959.0,FIO-Fast,1,1,812598726656,198388361,161253001,1.8128148253616552,active_cumulative,/home/oy/iCAT/result/mixF-fixed50-tenhour-20261004/mixF-fixed50-rep1-x30/control-series.txt
1791081808,2026-10-04T11:43:28+09:00,4989.0,FIO-Fast,1,1,817515307008,199588698,162192090,1.8126316350838665,active_cumulative,/home/oy/iCAT/result/mixF-fixed50-tenhour-20261004/mixF-fixed50-rep1-x30/control-series.txt
1791081838,2026-10-04T11:43:58+09:00,5019.0,FIO-Fast,1,1,822432071680,200789080,163130052,1.81244484012776,active_cumulative,/home/oy/iCAT/result/mixF-fixed50-tenhour-20261004/mixF-fixed50-rep1-x30/control-series.txt
1791081868,2026-10-04T11:44:28+09:00,5049.0,FIO-Fast,1,1,827348746240,201989440,164142407,1.8126286552405908,active_cumulative,/home/oy/iCAT/result/mixF-fixed50-tenhour-20261004/mixF-fixed50-rep1-x30/control-series.txt
1791081898,2026-10-04T11:44:58+09:00,5079.0,FIO-Fast,1,1,832265633792,203189852,165180777,1.8129381235043174,active_cumulative,/home/oy/iCAT/result/mixF-fixed50-tenhour-20261004/mixF-fixed50-rep1-x30/control-series.txt
1791081928,2026-10-04T11:45:28+09:00,5109.0,FIO-Fast,1,1,837182513152,204390262,166207958,1.8131892213142717,active_cumulative,/home/oy/iCAT/result/mixF-fixed50-tenhour-20261004/mixF-fixed50-rep1-x30/control-series.txt
1791081958,2026-10-04T11:45:58+09:00,5139.0,FIO-Fast,1,1,842099015680,205590580,167219268,1.813360553776345,active_cumulative,/home/oy/iCAT/result/mixF-fixed50-tenhour-20261004/mixF-fixed50-rep1-x30/control-series.txt
1791081988,2026-10-04T11:46:28+09:00,5169.0,FIO-Fast,1,1,847015739392,206790952,168207587,1.8134185048870028,active_cumulative,/home/oy/iCAT/result/mixF-fixed50-tenhour-20261004/mixF-fixed50-rep1-x30/control-series.txt
1791082018,2026-10-04T11:46:58+09:00,5199.0,FIO-Fast,1,1,851932364800,207991300,169162610,1.8133157973434466,active_cumulative,/home/oy/iCAT/result/mixF-fixed50-tenhour-20261004/mixF-fixed50-rep1-x30/control-series.txt
1791082048,2026-10-04T11:47:28+09:00,5229.0,FIO-Fast,1,1,856849068032,209191667,170093736,1.8130999596652193,active_cumulative,/home/oy/iCAT/result/mixF-fixed50-tenhour-20261004/mixF-fixed50-rep1-x30/control-series.txt
1791082078,2026-10-04T11:47:58+09:00,5259.0,FIO-Fast,1,1,861765611520,210391995,170985125,1.8126978642889906,active_cumulative,/home/oy/iCAT/result/mixF-fixed50-tenhour-20261004/mixF-fixed50-rep1-x30/control-series.txt
1791082108,2026-10-04T11:48:28+09:00,5289.0,FIO-Fast,1,1,866682380288,211592378,171937424,1.8125879846201265,active_cumulative,/home/oy/iCAT/result/mixF-fixed50-tenhour-20261004/mixF-fixed50-rep1-x30/control-series.txt
1791082138,2026-10-04T11:48:58+09:00,5319.0,FIO-Fast,1,1,871599005696,212792726,172939624,1.8127139834657693,active_cumulative,/home/oy/iCAT/result/mixF-fixed50-tenhour-20261004/mixF-fixed50-rep1-x30/control-series.txt
1791082168,2026-10-04T11:49:28+09:00,5349.0,FIO-Fast,1,1,876515495936,213993041,173977019,1.8130031620981544,active_cumulative,/home/oy/iCAT/result/mixF-fixed50-tenhour-20261004/mixF-fixed50-rep1-x30/control-series.txt
1791082198,2026-10-04T11:49:58+09:00,5379.0,FIO-Fast,1,1,881432260608,215193423,174996414,1.8132052158489993,active_cumulative,/home/oy/iCAT/result/mixF-fixed50-tenhour-20261004/mixF-fixed50-rep1-x30/control-series.txt
1791082228,2026-10-04T11:50:28+09:00,5409.0,FIO-Fast,1,1,886348984320,216393795,175991631,1.813293334034832,active_cumulative,/home/oy/iCAT/result/mixF-fixed50-tenhour-20261004/mixF-fixed50-rep1-x30/control-series.txt
1791082258,2026-10-04T11:50:58+09:00,5439.0,FIO-Fast,1,1,891265875968,217594208,176979343,1.81334583593328,active_cumulative,/home/oy/iCAT/result/mixF-fixed50-tenhour-20261004/mixF-fixed50-rep1-x30/control-series.txt
1791082288,2026-10-04T11:51:28+09:00,5469.0,FIO-Fast,1,1,896182497280,218794555,177953279,1.8133350439182547,active_cumulative,/home/oy/iCAT/result/mixF-fixed50-tenhour-20261004/mixF-fixed50-rep1-x30/control-series.txt
1791082318,2026-10-04T11:51:58+09:00,5499.0,FIO-Fast,1,1,901099028480,219994880,178912436,1.8132572721692433,active_cumulative,/home/oy/iCAT/result/mixF-fixed50-tenhour-20261004/mixF-fixed50-rep1-x30/control-series.txt
1791082348,2026-10-04T11:52:28+09:00,5529.0,FIO-Fast,1,1,906015739904,221195249,179831466,1.8129987728624317,active_cumulative,/home/oy/iCAT/result/mixF-fixed50-tenhour-20261004/mixF-fixed50-rep1-x30/control-series.txt
1791082378,2026-10-04T11:52:58+09:00,5559.0,FIO-Fast,1,1,910932393984,222395604,180799157,1.8129619189774993,active_cumulative,/home/oy/iCAT/result/mixF-fixed50-tenhour-20261004/mixF-fixed50-rep1-x30/control-series.txt
1791082408,2026-10-04T11:53:28+09:00,5589.0,FIO-Fast,1,1,915849318400,223596025,181804680,1.8130944188296727,active_cumulative,/home/oy/iCAT/result/mixF-fixed50-tenhour-20261004/mixF-fixed50-rep1-x30/control-series.txt
1791082438,2026-10-04T11:53:58+09:00,5619.0,FIO-Fast,1,1,920765898752,224796362,182801966,1.8131891654011731,active_cumulative,/home/oy/iCAT/result/mixF-fixed50-tenhour-20261004/mixF-fixed50-rep1-x30/control-series.txt
1791082468,2026-10-04T11:54:28+09:00,5649.0,FIO-Fast,1,1,925682855936,225996791,183801134,1.8132909019933827,active_cumulative,/home/oy/iCAT/result/mixF-fixed50-tenhour-20261004/mixF-fixed50-rep1-x30/control-series.txt
1791082498,2026-10-04T11:54:58+09:00,5679.0,FIO-Fast,1,1,930599518208,227197148,184780324,1.8133038888322663,active_cumulative,/home/oy/iCAT/result/mixF-fixed50-tenhour-20261004/mixF-fixed50-rep1-x30/control-series.txt
1791082528,2026-10-04T11:55:28+09:00,5709.0,FIO-Fast,1,1,935516233728,228397518,185764147,1.8133369776811672,active_cumulative,/home/oy/iCAT/result/mixF-fixed50-tenhour-20261004/mixF-fixed50-rep1-x30/control-series.txt
1791082558,2026-10-04T11:55:58+09:00,5739.0,FIO-Fast,1,1,940433104896,229597926,186728863,1.813286366532771,active_cumulative,/home/oy/iCAT/result/mixF-fixed50-tenhour-20261004/mixF-fixed50-rep1-x30/control-series.txt
1791082588,2026-10-04T11:56:28+09:00,5769.0,FIO-Fast,1,1,945350000640,230798340,187670087,1.8131344748840048,active_cumulative,/home/oy/iCAT/result/mixF-fixed50-tenhour-20261004/mixF-fixed50-rep1-x30/control-series.txt
1791082618,2026-10-04T11:56:58+09:00,5799.0,FIO-Fast,1,1,950266638336,231998691,188599545,1.8129336600437975,active_cumulative,/home/oy/iCAT/result/mixF-fixed50-tenhour-20261004/mixF-fixed50-rep1-x30/control-series.txt
1791082648,2026-10-04T11:57:28+09:00,5829.0,FIO-Fast,1,1,955183374336,233199066,189614566,1.8131017385807198,active_cumulative,/home/oy/iCAT/result/mixF-fixed50-tenhour-20261004/mixF-fixed50-rep1-x30/control-series.txt
1791082678,2026-10-04T11:57:58+09:00,5859.0,FIO-Fast,1,1,960099893248,234399388,190660699,1.8134010102449585,active_cumulative,/home/oy/iCAT/result/mixF-fixed50-tenhour-20261004/mixF-fixed50-rep1-x30/control-series.txt
1791082708,2026-10-04T11:58:28+09:00,5889.0,FIO-Fast,1,1,965016477696,235599726,191662437,1.8135087432147523,active_cumulative,/home/oy/iCAT/result/mixF-fixed50-tenhour-20261004/mixF-fixed50-rep1-x30/control-series.txt
1791082738,2026-10-04T11:58:58+09:00,5919.0,FIO-Fast,1,1,969933205504,236800099,192662144,1.813606686878961,active_cumulative,/home/oy/iCAT/result/mixF-fixed50-tenhour-20261004/mixF-fixed50-rep1-x30/control-series.txt
1791082768,2026-10-04T11:59:28+09:00,5949.0,FIO-Fast,1,1,974849916928,238000468,193620169,1.8135285221371917,active_cumulative,/home/oy/iCAT/result/mixF-fixed50-tenhour-20261004/mixF-fixed50-rep1-x30/control-series.txt
1791082798,2026-10-04T11:59:58+09:00,5979.0,FIO-Fast,1,1,979766669312,239200847,194566468,1.81340208632288,active_cumulative,/home/oy/iCAT/result/mixF-fixed50-tenhour-20261004/mixF-fixed50-rep1-x30/control-series.txt
1791082828,2026-10-04T12:00:28+09:00,6009.0,FIO-Fast,1,1,984683270144,240401189,195517003,1.8132946588712588,active_cumulative,/home/oy/iCAT/result/mixF-fixed50-tenhour-20261004/mixF-fixed50-rep1-x30/control-series.txt
1791082858,2026-10-04T12:00:58+09:00,6039.0,FIO-Fast,1,1,989599981568,241601558,196444352,1.8130922400757035,active_cumulative,/home/oy/iCAT/result/mixF-fixed50-tenhour-20261004/mixF-fixed50-rep1-x30/control-series.txt
1791082888,2026-10-04T12:01:28+09:00,6069.0,FIO-Fast,1,1,994517057536,242802016,197381014,1.812929881109389,active_cumulative,/home/oy/iCAT/result/mixF-fixed50-tenhour-20261004/mixF-fixed50-rep1-x30/control-series.txt
1791082918,2026-10-04T12:01:58+09:00,6099.0,FIO-Fast,1,1,999433551872,244002332,198404151,1.8131239950608342,active_cumulative,/home/oy/iCAT/result/mixF-fixed50-tenhour-20261004/mixF-fixed50-rep1-x30/control-series.txt
1791082948,2026-10-04T12:02:28+09:00,6129.0,FIO-Fast,1,1,1004350291968,245202708,199432676,1.813337983200414,active_cumulative,/home/oy/iCAT/result/mixF-fixed50-tenhour-20261004/mixF-fixed50-rep1-x30/control-series.txt
1791082978,2026-10-04T12:02:58+09:00,6159.0,FIO-Fast,1,1,1009266823168,246403033,200454409,1.8135224902040878,active_cumulative,/home/oy/iCAT/result/mixF-fixed50-tenhour-20261004/mixF-fixed50-rep1-x30/control-series.txt
1791083008,2026-10-04T12:03:28+09:00,6189.0,FIO-Fast,1,1,1014183272448,247603338,201466471,1.8136662155984342,active_cumulative,/home/oy/iCAT/result/mixF-fixed50-tenhour-20261004/mixF-fixed50-rep1-x30/control-series.txt
1791083038,2026-10-04T12:03:58+09:00,6219.0,FIO-Fast,1,1,1019099770880,248803655,202455940,1.8137177084476512,active_cumulative,/home/oy/iCAT/result/mixF-fixed50-tenhour-20261004/mixF-fixed50-rep1-x30/control-series.txt
1791083068,2026-10-04T12:04:28+09:00,6249.0,FIO-Fast,1,1,1024016199680,250003955,203413650,1.81364172818786,active_cumulative,/home/oy/iCAT/result/mixF-fixed50-tenhour-20261004/mixF-fixed50-rep1-x30/control-series.txt
1791083098,2026-10-04T12:04:58+09:00,6279.0,FIO-Fast,1,1,1028933140480,251204380,204344299,1.8134583441578527,active_cumulative,/home/oy/iCAT/result/mixF-fixed50-tenhour-20261004/mixF-fixed50-rep1-x30/control-series.txt
1791083128,2026-10-04T12:05:28+09:00,6309.0,FIO-Fast,1,1,1033849913344,252404764,205242560,1.8131485188607612,active_cumulative,/home/oy/iCAT/result/mixF-fixed50-tenhour-20261004/mixF-fixed50-rep1-x30/control-series.txt
1791083158,2026-10-04T12:05:58+09:00,6339.0,FIO-Fast,1,1,1038766764032,253605167,206181896,1.813003530010885,active_cumulative,/home/oy/iCAT/result/mixF-fixed50-tenhour-20261004/mixF-fixed50-rep1-x30/control-series.txt
1791083188,2026-10-04T12:06:28+09:00,6369.0,FIO-Fast,1,1,1043683598336,254805566,207196745,1.8131562754009856,active_cumulative,/home/oy/iCAT/result/mixF-fixed50-tenhour-20261004/mixF-fixed50-rep1-x30/control-series.txt
1791083218,2026-10-04T12:06:58+09:00,6399.0,FIO-Fast,1,1,1048600498176,256005981,208222120,1.8133486537566479,active_cumulative,/home/oy/iCAT/result/mixF-fixed50-tenhour-20261004/mixF-fixed50-rep1-x30/control-series.txt
1791083248,2026-10-04T12:07:28+09:00,6429.0,FIO-Fast,1,1,1053517291520,257206370,209244229,1.81352662066651,active_cumulative,/home/oy/iCAT/result/mixF-fixed50-tenhour-20261004/mixF-fixed50-rep1-x30/control-series.txt
1791083278,2026-10-04T12:07:58+09:00,6459.0,FIO-Fast,1,1,1058433855488,258406703,210241516,1.8136070526003345,active_cumulative,/home/oy/iCAT/result/mixF-fixed50-tenhour-20261004/mixF-fixed50-rep1-x30/control-series.txt
1791083308,2026-10-04T12:08:28+09:00,6489.0,FIO-Fast,1,1,1063350423552,259607037,211221829,1.813621354185403,active_cumulative,/home/oy/iCAT/result/mixF-fixed50-tenhour-20261004/mixF-fixed50-rep1-x30/control-series.txt
1791083338,2026-10-04T12:08:58+09:00,6519.0,FIO-Fast,1,1,1068267413504,260807474,212193832,1.8136033402171594,active_cumulative,/home/oy/iCAT/result/mixF-fixed50-tenhour-20261004/mixF-fixed50-rep1-x30/control-series.txt
1791083368,2026-10-04T12:09:28+09:00,6549.0,FIO-Fast,1,1,1073184165888,262007853,213146781,1.8135129484076953,active_cumulative,/home/oy/iCAT/result/mixF-fixed50-tenhour-20261004/mixF-fixed50-rep1-x30/control-series.txt
1791083398,2026-10-04T12:09:58+09:00,6579.0,FIO-Fast,1,1,1078100836352,263208212,214077267,1.8133380998006248,active_cumulative,/home/oy/iCAT/result/mixF-fixed50-tenhour-20261004/mixF-fixed50-rep1-x30/control-series.txt
1791083428,2026-10-04T12:10:28+09:00,6609.0,FIO-Fast,1,1,1083017605120,264408595,215049695,1.8133233906409132,active_cumulative,/home/oy/iCAT/result/mixF-fixed50-tenhour-20261004/mixF-fixed50-rep1-x30/control-series.txt
1791083458,2026-10-04T12:10:58+09:00,6639.0,FIO-Fast,1,1,1087934435328,265608993,216063183,1.8134633566416931,active_cumulative,/home/oy/iCAT/result/mixF-fixed50-tenhour-20261004/mixF-fixed50-rep1-x30/control-series.txt
1791083488,2026-10-04T12:11:28+09:00,6669.0,FIO-Fast,1,1,1092851138560,266809360,217060032,1.8135397948557728,active_cumulative,/home/oy/iCAT/result/mixF-fixed50-tenhour-20261004/mixF-fixed50-rep1-x30/control-series.txt
1791083518,2026-10-04T12:11:58+09:00,6699.0,FIO-Fast,1,1,1097767813120,268009720,218054431,1.8136064281549191,active_cumulative,/home/oy/iCAT/result/mixF-fixed50-tenhour-20261004/mixF-fixed50-rep1-x30/control-series.txt
1791083548,2026-10-04T12:12:28+09:00,6729.0,FIO-Fast,1,1,1102684454912,269210072,219025390,1.813585421870843,active_cumulative,/home/oy/iCAT/result/mixF-fixed50-tenhour-20261004/mixF-fixed50-rep1-x30/control-series.txt
1791083578,2026-10-04T12:12:58+09:00,6759.0,FIO-Fast,1,1,1107601645568,270410558,220001235,1.8135822677456255,active_cumulative,/home/oy/iCAT/result/mixF-fixed50-tenhour-20261004/mixF-fixed50-rep1-x30/control-series.txt
1791083608,2026-10-04T12:13:28+09:00,6789.0,FIO-Fast,1,1,1112518397952,271610937,220971208,1.8135578428493107,active_cumulative,/home/oy/iCAT/result/mixF-fixed50-tenhour-20261004/mixF-fixed50-rep1-x30/control-series.txt
1791083638,2026-10-04T12:13:58+09:00,6819.0,FIO-Fast,1,1,1117435596800,272811425,221910733,1.813421699622734,active_cumulative,/home/oy/iCAT/result/mixF-fixed50-tenhour-20261004/mixF-fixed50-rep1-x30/control-series.txt
1791083668,2026-10-04T12:14:28+09:00,6849.0,FIO-Fast,1,1,1122352697344,274011889,222840306,1.8132505009664015,active_cumulative,/home/oy/iCAT/result/mixF-fixed50-tenhour-20261004/mixF-fixed50-rep1-x30/control-series.txt
1791083698,2026-10-04T12:14:58+09:00,6879.0,FIO-Fast,1,1,1127269425152,275212262,223853442,1.8133846957734754,active_cumulative,/home/oy/iCAT/result/mixF-fixed50-tenhour-20261004/mixF-fixed50-rep1-x30/control-series.txt
1791083729,2026-10-04T12:15:29+09:00,6910.0,FIO-Fast,1,1,1132186222592,276412652,224901668,1.8136446228951923,active_cumulative,/home/oy/iCAT/result/mixF-fixed50-tenhour-20261004/mixF-fixed50-rep1-x30/control-series.txt
1791083759,2026-10-04T12:15:59+09:00,6940.0,FIO-Fast,1,1,1137102766080,277612980,225922173,1.8138026291133793,active_cumulative,/home/oy/iCAT/result/mixF-fixed50-tenhour-20261004/mixF-fixed50-rep1-x30/control-series.txt
1791083789,2026-10-04T12:16:29+09:00,6970.0,FIO-Fast,1,1,1142019399680,278813330,226917845,1.8138701438700942,active_cumulative,/home/oy/iCAT/result/mixF-fixed50-tenhour-20261004/mixF-fixed50-rep1-x30/control-series.txt
1791083819,2026-10-04T12:16:59+09:00,7000.0,FIO-Fast,1,1,1146936004608,280013673,227892781,1.813863046609156,active_cumulative,/home/oy/iCAT/result/mixF-fixed50-tenhour-20261004/mixF-fixed50-rep1-x30/control-series.txt
1791083849,2026-10-04T12:17:29+09:00,7030.0,FIO-Fast,1,1,1151852711936,281214041,228833032,1.813732597370556,active_cumulative,/home/oy/iCAT/result/mixF-fixed50-tenhour-20261004/mixF-fixed50-rep1-x30/control-series.txt
1791083879,2026-10-04T12:17:59+09:00,7060.0,FIO-Fast,1,1,1156769472512,282414422,229777699,1.8136188561928328,active_cumulative,/home/oy/iCAT/result/mixF-fixed50-tenhour-20261004/mixF-fixed50-rep1-x30/control-series.txt
1791083909,2026-10-04T12:18:29+09:00,7090.0,FIO-Fast,1,1,1161685893120,283614720,230696586,1.813415417930353,active_cumulative,/home/oy/iCAT/result/mixF-fixed50-tenhour-20261004/mixF-fixed50-rep1-x30/control-series.txt
1791083939,2026-10-04T12:18:59+09:00,7120.0,FIO-Fast,1,1,1166602711040,284815115,231628678,1.8132597808230788,active_cumulative,/home/oy/iCAT/result/mixF-fixed50-tenhour-20261004/mixF-fixed50-rep1-x30/control-series.txt
1791083969,2026-10-04T12:19:29+09:00,7150.0,FIO-Fast,1,1,1171519344640,286015465,232650409,1.8134189841797541,active_cumulative,/home/oy/iCAT/result/mixF-fixed50-tenhour-20261004/mixF-fixed50-rep1-x30/control-series.txt
1791083999,2026-10-04T12:19:59+09:00,7180.0,FIO-Fast,1,1,1176436264960,287215885,233688418,1.8136333336855655,active_cumulative,/home/oy/iCAT/result/mixF-fixed50-tenhour-20261004/mixF-fixed50-rep1-x30/control-series.txt
1791084029,2026-10-04T12:20:29+09:00,7210.0,FIO-Fast,1,1,1181353029632,288416267,234704118,1.8137686561209114,active_cumulative,/home/oy/iCAT/result/mixF-fixed50-tenhour-20261004/mixF-fixed50-rep1-x30/control-series.txt
1791084059,2026-10-04T12:20:59+09:00,7240.0,FIO-Fast,1,1,1186269986816,289616696,235717009,1.813893025697662,active_cumulative,/home/oy/iCAT/result/mixF-fixed50-tenhour-20261004/mixF-fixed50-rep1-x30/control-series.txt
1791084089,2026-10-04T12:21:29+09:00,7270.0,FIO-Fast,1,1,1191186579456,290817036,236715575,1.8139673598764001,active_cumulative,/home/oy/iCAT/result/mixF-fixed50-tenhour-20261004/mixF-fixed50-rep1-x30/control-series.txt
1791084119,2026-10-04T12:21:59+09:00,7300.0,FIO-Fast,1,1,1196103180288,292017378,237687591,1.8139501581306576,active_cumulative,/home/oy/iCAT/result/mixF-fixed50-tenhour-20261004/mixF-fixed50-rep1-x30/control-series.txt
1791084149,2026-10-04T12:22:29+09:00,7330.0,FIO-Fast,1,1,1201019850752,293217737,238623929,1.8138113725364438,active_cumulative,/home/oy/iCAT/result/mixF-fixed50-tenhour-20261004/mixF-fixed50-rep1-x30/control-series.txt
1791084179,2026-10-04T12:22:59+09:00,7360.0,FIO-Fast,1,1,1205936648192,294418127,239536599,1.8135932438697975,active_cumulative,/home/oy/iCAT/result/mixF-fixed50-tenhour-20261004/mixF-fixed50-rep1-x30/control-series.txt
1791084209,2026-10-04T12:23:29+09:00,7390.0,FIO-Fast,1,1,1210853339136,295618491,240460357,1.8134144660118707,active_cumulative,/home/oy/iCAT/result/mixF-fixed50-tenhour-20261004/mixF-fixed50-rep1-x30/control-series.txt
1791084239,2026-10-04T12:23:59+09:00,7420.0,FIO-Fast,1,1,1215769956352,296818837,241486649,1.8135826264961747,active_cumulative,/home/oy/iCAT/result/mixF-fixed50-tenhour-20261004/mixF-fixed50-rep1-x30/control-series.txt
1791084269,2026-10-04T12:24:29+09:00,7450.0,FIO-Fast,1,1,1220687007744,298019289,242497778,1.8136982636717853,active_cumulative,/home/oy/iCAT/result/mixF-fixed50-tenhour-20261004/mixF-fixed50-rep1-x30/control-series.txt
1791084299,2026-10-04T12:24:59+09:00,7480.0,FIO-Fast,1,1,1225603784704,299219674,243505536,1.8138018892434191,active_cumulative,/home/oy/iCAT/result/mixF-fixed50-tenhour-20261004/mixF-fixed50-rep1-x30/control-series.txt
1791084329,2026-10-04T12:25:29+09:00,7510.0,FIO-Fast,1,1,1230520336384,300420004,244506344,1.8138817014329045,active_cumulative,/home/oy/iCAT/result/mixF-fixed50-tenhour-20261004/mixF-fixed50-rep1-x30/control-series.txt
1791084359,2026-10-04T12:25:59+09:00,7540.0,FIO-Fast,1,1,1235437088768,301620383,245490951,1.8139070329341767,active_cumulative,/home/oy/iCAT/result/mixF-fixed50-tenhour-20261004/mixF-fixed50-rep1-x30/control-series.txt
1791084389,2026-10-04T12:26:29+09:00,7570.0,FIO-Fast,1,1,1240353804288,302820753,246465672,1.813899541422777,active_cumulative,/home/oy/iCAT/result/mixF-fixed50-tenhour-20261004/mixF-fixed50-rep1-x30/control-series.txt
1791084419,2026-10-04T12:26:59+09:00,7600.0,FIO-Fast,1,1,1245270306816,304021071,247415790,1.8138113229658348,active_cumulative,/home/oy/iCAT/result/mixF-fixed50-tenhour-20261004/mixF-fixed50-rep1-x30/control-series.txt
1791084449,2026-10-04T12:27:29+09:00,7630.0,FIO-Fast,1,1,1250186919936,305221416,248349444,1.8136697852158579,active_cumulative,/home/oy/iCAT/result/mixF-fixed50-tenhour-20261004/mixF-fixed50-rep1-x30/control-series.txt
1791084479,2026-10-04T12:27:59+09:00,7660.0,FIO-Fast,1,1,1255103488000,306421750,249344606,1.8137301154373016,active_cumulative,/home/oy/iCAT/result/mixF-fixed50-tenhour-20261004/mixF-fixed50-rep1-x30/control-series.txt
1791084509,2026-10-04T12:28:29+09:00,7690.0,FIO-Fast,1,1,1260020117504,307622099,250360081,1.8138559674804118,active_cumulative,/home/oy/iCAT/result/mixF-fixed50-tenhour-20261004/mixF-fixed50-rep1-x30/control-series.txt
1791084539,2026-10-04T12:28:59+09:00,7720.0,FIO-Fast,1,1,1264936951808,308822498,251368244,1.8139570323662104,active_cumulative,/home/oy/iCAT/result/mixF-fixed50-tenhour-20261004/mixF-fixed50-rep1-x30/control-series.txt
1791084569,2026-10-04T12:29:29+09:00,7750.0,FIO-Fast,1,1,1269853495296,310022826,252339453,1.8139383033686687,active_cumulative,/home/oy/iCAT/result/mixF-fixed50-tenhour-20261004/mixF-fixed50-rep1-x30/control-series.txt
1791084599,2026-10-04T12:29:59+09:00,7780.0,FIO-Fast,1,1,1274770190336,311223191,253334005,1.8139946261266886,active_cumulative,/home/oy/iCAT/result/mixF-fixed50-tenhour-20261004/mixF-fixed50-rep1-x30/control-series.txt
1791084629,2026-10-04T12:30:29+09:00,7810.0,FIO-Fast,1,1,1279686823936,312423541,254284051,1.813908101118411,active_cumulative,/home/oy/iCAT/result/mixF-fixed50-tenhour-20261004/mixF-fixed50-rep1-x30/control-series.txt
1791084659,2026-10-04T12:30:59+09:00,7840.0,FIO-Fast,1,1,1284603412480,313623880,255251332,1.8138772213391405,active_cumulative,/home/oy/iCAT/result/mixF-fixed50-tenhour-20261004/mixF-fixed50-rep1-x30/control-series.txt
1791084689,2026-10-04T12:31:29+09:00,7870.0,FIO-Fast,1,1,1289520095232,314824242,256192020,1.8137620482224492,active_cumulative,/home/oy/iCAT/result/mixF-fixed50-tenhour-20261004/mixF-fixed50-rep1-x30/control-series.txt
1791084719,2026-10-04T12:31:59+09:00,7900.0,FIO-Fast,1,1,1294436843520,316024620,257123149,1.8136174611965359,active_cumulative,/home/oy/iCAT/result/mixF-fixed50-tenhour-20261004/mixF-fixed50-rep1-x30/control-series.txt
1791084749,2026-10-04T12:32:29+09:00,7930.0,FIO-Fast,1,1,1299353415680,317224955,258131870,1.8137186748123266,active_cumulative,/home/oy/iCAT/result/mixF-fixed50-tenhour-20261004/mixF-fixed50-rep1-x30/control-series.txt
1791084779,2026-10-04T12:32:59+09:00,7960.0,FIO-Fast,1,1,1304270049280,318425305,259178842,1.8139392125258387,active_cumulative,/home/oy/iCAT/result/mixF-fixed50-tenhour-20261004/mixF-fixed50-rep1-x30/control-series.txt
1791084809,2026-10-04T12:33:29+09:00,7990.0,FIO-Fast,1,1,1309186777088,319625678,260203148,1.8140871209978318,active_cumulative,/home/oy/iCAT/result/mixF-fixed50-tenhour-20261004/mixF-fixed50-rep1-x30/control-series.txt
1791084839,2026-10-04T12:33:59+09:00,8020.0,FIO-Fast,1,1,1314103590912,320826072,261209910,1.8141791855370157,active_cumulative,/home/oy/iCAT/result/mixF-fixed50-tenhour-20261004/mixF-fixed50-rep1-x30/control-series.txt
1791084869,2026-10-04T12:34:29+09:00,8050.0,FIO-Fast,1,1,1319020843008,322026573,262185681,1.8141740557540884,active_cumulative,/home/oy/iCAT/result/mixF-fixed50-tenhour-20261004/mixF-fixed50-rep1-x30/control-series.txt
1791084899,2026-10-04T12:34:59+09:00,8080.0,FIO-Fast,1,1,1323937460224,323226919,263140264,1.814103803031331,active_cumulative,/home/oy/iCAT/result/mixF-fixed50-tenhour-20261004/mixF-fixed50-rep1-x30/control-series.txt
1791084929,2026-10-04T12:35:29+09:00,8110.0,FIO-Fast,1,1,1328854323200,324427325,264059569,1.8139251803158074,active_cumulative,/home/oy/iCAT/result/mixF-fixed50-tenhour-20261004/mixF-fixed50-rep1-x30/control-series.txt
1791084959,2026-10-04T12:35:59+09:00,8140.0,FIO-Fast,1,1,1333770899456,325627661,264989372,1.8137802887697554,active_cumulative,/home/oy/iCAT/result/mixF-fixed50-tenhour-20261004/mixF-fixed50-rep1-x30/control-series.txt
1791084989,2026-10-04T12:36:29+09:00,8170.0,FIO-Fast,1,1,1338687586304,326828024,265921785,1.8136443801404252,active_cumulative,/home/oy/iCAT/result/mixF-fixed50-tenhour-20261004/mixF-fixed50-rep1-x30/control-series.txt
1791085019,2026-10-04T12:36:59+09:00,8200.0,FIO-Fast,1,1,1343604408320,328028420,266942415,1.8137783153057287,active_cumulative,/home/oy/iCAT/result/mixF-fixed50-tenhour-20261004/mixF-fixed50-rep1-x30/control-series.txt
1791085049,2026-10-04T12:37:29+09:00,8230.0,FIO-Fast,1,1,1348521168896,329228801,267989844,1.8139927101942699,active_cumulative,/home/oy/iCAT/result/mixF-fixed50-tenhour-20261004/mixF-fixed50-rep1-x30/control-series.txt
1791085079,2026-10-04T12:37:59+09:00,8260.0,FIO-Fast,1,1,1353437917184,330429179,269000261,1.8140935428708007,active_cumulative,/home/oy/iCAT/result/mixF-fixed50-tenhour-20261004/mixF-fixed50-rep1-x30/control-series.txt
1791085109,2026-10-04T12:38:29+09:00,8290.0,FIO-Fast,1,1,1358354567168,331629533,270008662,1.8141876254428764,active_cumulative,/home/oy/iCAT/result/mixF-fixed50-tenhour-20261004/mixF-fixed50-rep1-x30/control-series.txt
1791085139,2026-10-04T12:38:59+09:00,8320.0,FIO-Fast,1,1,1363271376896,332829926,271003504,1.8142401954564626,active_cumulative,/home/oy/iCAT/result/mixF-fixed50-tenhour-20261004/mixF-fixed50-rep1-x30/control-series.txt
1791085169,2026-10-04T12:39:29+09:00,8350.0,FIO-Fast,1,1,1368187985920,334030270,271982442,1.8142448946318548,active_cumulative,/home/oy/iCAT/result/mixF-fixed50-tenhour-20261004/mixF-fixed50-rep1-x30/control-series.txt
1791085199,2026-10-04T12:39:59+09:00,8380.0,FIO-Fast,1,1,1373104672768,335230633,272920038,1.8141261899535297,active_cumulative,/home/oy/iCAT/result/mixF-fixed50-tenhour-20261004/mixF-fixed50-rep1-x30/control-series.txt
1791085229,2026-10-04T12:40:29+09:00,8410.0,FIO-Fast,1,1,1378021228544,336430964,273839677,1.8139550347690352,active_cumulative,/home/oy/iCAT/result/mixF-fixed50-tenhour-20261004/mixF-fixed50-rep1-x30/control-series.txt
1791085259,2026-10-04T12:40:59+09:00,8440.0,FIO-Fast,1,1,1382937907200,337631325,274784515,1.813859658904576,active_cumulative,/home/oy/iCAT/result/mixF-fixed50-tenhour-20261004/mixF-fixed50-rep1-x30/control-series.txt
1791085289,2026-10-04T12:41:29+09:00,8470.0,FIO-Fast,1,1,1387854389248,338831638,275787447,1.8139365279696815,active_cumulative,/home/oy/iCAT/result/mixF-fixed50-tenhour-20261004/mixF-fixed50-rep1-x30/control-series.txt
1791085319,2026-10-04T12:41:59+09:00,8500.0,FIO-Fast,1,1,1392771112960,340032010,276812204,1.814076898230846,active_cumulative,/home/oy/iCAT/result/mixF-fixed50-tenhour-20261004/mixF-fixed50-rep1-x30/control-series.txt
1791085349,2026-10-04T12:42:29+09:00,8530.0,FIO-Fast,1,1,1397687947264,341232409,277811132,1.8141405232115568,active_cumulative,/home/oy/iCAT/result/mixF-fixed50-tenhour-20261004/mixF-fixed50-rep1-x30/control-series.txt
1791085379,2026-10-04T12:42:59+09:00,8560.0,FIO-Fast,1,1,1402604679168,342432783,278809629,1.814202502918653,active_cumulative,/home/oy/iCAT/result/mixF-fixed50-tenhour-20261004/mixF-fixed50-rep1-x30/control-series.txt
1791085409,2026-10-04T12:43:29+09:00,8590.0,FIO-Fast,1,1,1407521517568,343633183,279793335,1.8142209450127522,active_cumulative,/home/oy/iCAT/result/mixF-fixed50-tenhour-20261004/mixF-fixed50-rep1-x30/control-series.txt
1791085439,2026-10-04T12:43:59+09:00,8620.0,FIO-Fast,1,1,1412438310912,344833572,280758152,1.8141845075339706,active_cumulative,/home/oy/iCAT/result/mixF-fixed50-tenhour-20261004/mixF-fixed50-rep1-x30/control-series.txt
1791085469,2026-10-04T12:44:29+09:00,8650.0,FIO-Fast,1,1,1417354997760,346033935,281710367,1.8141119656371276,active_cumulative,/home/oy/iCAT/result/mixF-fixed50-tenhour-20261004/mixF-fixed50-rep1-x30/control-series.txt
1791085499,2026-10-04T12:44:59+09:00,8680.0,FIO-Fast,1,1,1422271651840,347234290,282637958,1.81396902938359,active_cumulative,/home/oy/iCAT/result/mixF-fixed50-tenhour-20261004/mixF-fixed50-rep1-x30/control-series.txt
1791085529,2026-10-04T12:45:29+09:00,8710.0,FIO-Fast,1,1,1427188572160,348434710,283646672,1.8140597473770623,active_cumulative,/home/oy/iCAT/result/mixF-fixed50-tenhour-20261004/mixF-fixed50-rep1-x30/control-series.txt
1791085559,2026-10-04T12:45:59+09:00,8740.0,FIO-Fast,1,1,1432105246720,349635070,284671100,1.814194926155434,active_cumulative,/home/oy/iCAT/result/mixF-fixed50-tenhour-20261004/mixF-fixed50-rep1-x30/control-series.txt
1791085589,2026-10-04T12:46:29+09:00,8770.0,FIO-Fast,1,1,1437021880320,350835420,285677675,1.8142783160263578,active_cumulative,/home/oy/iCAT/result/mixF-fixed50-tenhour-20261004/mixF-fixed50-rep1-x30/control-series.txt
1791085619,2026-10-04T12:46:59+09:00,8800.0,FIO-Fast,1,1,1441938739200,352035825,286662370,1.8142988572256815,active_cumulative,/home/oy/iCAT/result/mixF-fixed50-tenhour-20261004/mixF-fixed50-rep1-x30/control-series.txt
1791085649,2026-10-04T12:47:29+09:00,8830.0,FIO-Fast,1,1,1446855421952,353236187,287625330,1.8142578268743457,active_cumulative,/home/oy/iCAT/result/mixF-fixed50-tenhour-20261004/mixF-fixed50-rep1-x30/control-series.txt
1791085679,2026-10-04T12:47:59+09:00,8860.0,FIO-Fast,1,1,1451772166144,354436564,288593341,1.8142312907649112,active_cumulative,/home/oy/iCAT/result/mixF-fixed50-tenhour-20261004/mixF-fixed50-rep1-x30/control-series.txt
1791085709,2026-10-04T12:48:29+09:00,8890.0,FIO-Fast,1,1,1456688726016,355636896,289548284,1.8141682914699604,active_cumulative,/home/oy/iCAT/result/mixF-fixed50-tenhour-20261004/mixF-fixed50-rep1-x30/control-series.txt
1791085739,2026-10-04T12:48:59+09:00,8920.0,FIO-Fast,1,1,1461605482496,356837276,290497104,1.8140884474188175,active_cumulative,/home/oy/iCAT/result/mixF-fixed50-tenhour-20261004/mixF-fixed50-rep1-x30/control-series.txt
1791085769,2026-10-04T12:49:29+09:00,8950.0,FIO-Fast,1,1,1466522112000,358037625,291427869,1.813958781566602,active_cumulative,/home/oy/iCAT/result/mixF-fixed50-tenhour-20261004/mixF-fixed50-rep1-x30/control-series.txt
1791085799,2026-10-04T12:49:59+09:00,8980.0,FIO-Fast,1,1,1471439216640,359238090,292435551,1.81404383093118,active_cumulative,/home/oy/iCAT/result/mixF-fixed50-tenhour-20261004/mixF-fixed50-rep1-x30/control-series.txt
1791085829,2026-10-04T12:50:29+09:00,9010.0,FIO-Fast,1,1,1476355817472,360438432,293479168,1.814228289618128,active_cumulative,/home/oy/iCAT/result/mixF-fixed50-tenhour-20261004/mixF-fixed50-rep1-x30/control-series.txt
1791085859,2026-10-04T12:50:59+09:00,9040.0,FIO-Fast,1,1,1481272754176,361638856,294506508,1.8143663301489927,active_cumulative,/home/oy/iCAT/result/mixF-fixed50-tenhour-20261004/mixF-fixed50-rep1-x30/control-series.txt
1791085889,2026-10-04T12:51:29+09:00,9070.0,FIO-Fast,1,1,1486189322240,362839190,295523725,1.8144757599089558,active_cumulative,/home/oy/iCAT/result/mixF-fixed50-tenhour-20261004/mixF-fixed50-rep1-x30/control-series.txt
1791085919,2026-10-04T12:51:59+09:00,9100.0,FIO-Fast,1,1,1491106205696,364039601,296503510,1.8144814717561455,active_cumulative,/home/oy/iCAT/result/mixF-fixed50-tenhour-20261004/mixF-fixed50-rep1-x30/control-series.txt
1791085949,2026-10-04T12:52:29+09:00,9130.0,FIO-Fast,1,1,1496023183360,365240035,297461228,1.8144266769660122,active_cumulative,/home/oy/iCAT/result/mixF-fixed50-tenhour-20261004/mixF-fixed50-rep1-x30/control-series.txt
1791085979,2026-10-04T12:52:59+09:00,9160.0,FIO-Fast,1,1,1500939972608,366440423,298388955,1.81429049927715,active_cumulative,/home/oy/iCAT/result/mixF-fixed50-tenhour-20261004/mixF-fixed50-rep1-x30/control-series.txt
1791086009,2026-10-04T12:53:29+09:00,9190.0,FIO-Fast,1,1,1505856659456,367640786,299299556,1.814108682707473,active_cumulative,/home/oy/iCAT/result/mixF-fixed50-tenhour-20261004/mixF-fixed50-rep1-x30/control-series.txt
1791086039,2026-10-04T12:53:59+09:00,9220.0,FIO-Fast,1,1,1510773501952,368841187,300238054,1.8140035998745443,active_cumulative,/home/oy/iCAT/result/mixF-fixed50-tenhour-20261004/mixF-fixed50-rep1-x30/control-series.txt
1791086069,2026-10-04T12:54:29+09:00,9250.0,FIO-Fast,1,1,1515690278912,370041572,301256053,1.8141140774312785,active_cumulative,/home/oy/iCAT/result/mixF-fixed50-tenhour-20261004/mixF-fixed50-rep1-x30/control-series.txt
1791086099,2026-10-04T12:54:59+09:00,9280.0,FIO-Fast,1,1,1520607047680,371241955,302298829,1.8142905857717508,active_cumulative,/home/oy/iCAT/result/mixF-fixed50-tenhour-20261004/mixF-fixed50-rep1-x30/control-series.txt
1791086129,2026-10-04T12:55:29+09:00,9310.0,FIO-Fast,1,1,1525523816448,372442338,303314043,1.8143919529363495,active_cumulative,/home/oy/iCAT/result/mixF-fixed50-tenhour-20261004/mixF-fixed50-rep1-x30/control-series.txt
1791086159,2026-10-04T12:55:59+09:00,9340.0,FIO-Fast,1,1,1530440294400,373642650,304313841,1.814451564884255,active_cumulative,/home/oy/iCAT/result/mixF-fixed50-tenhour-20261004/mixF-fixed50-rep1-x30/control-series.txt
1791086189,2026-10-04T12:56:29+09:00,9370.0,FIO-Fast,1,1,1535356874752,374842987,305308096,1.8144959532082696,active_cumulative,/home/oy/iCAT/result/mixF-fixed50-tenhour-20261004/mixF-fixed50-rep1-x30/control-series.txt
1791086219,2026-10-04T12:56:59+09:00,9400.0,FIO-Fast,1,1,1540273414144,376043314,306290083,1.8145074559150385,active_cumulative,/home/oy/iCAT/result/mixF-fixed50-tenhour-20261004/mixF-fixed50-rep1-x30/control-series.txt
1791086249,2026-10-04T12:57:29+09:00,9430.0,FIO-Fast,1,1,1545190010880,377243655,307239604,1.8144327941049134,active_cumulative,/home/oy/iCAT/result/mixF-fixed50-tenhour-20261004/mixF-fixed50-rep1-x30/control-series.txt
1791086279,2026-10-04T12:57:59+09:00,9460.0,FIO-Fast,1,1,1550106697728,378444018,308158529,1.8142777117433522,active_cumulative,/home/oy/iCAT/result/mixF-fixed50-tenhour-20261004/mixF-fixed50-rep1-x30/control-series.txt
1791086309,2026-10-04T12:58:29+09:00,9490.0,FIO-Fast,1,1,1555023765504,379644474,309123710,1.814245250939699,active_cumulative,/home/oy/iCAT/result/mixF-fixed50-tenhour-20261004/mixF-fixed50-rep1-x30/control-series.txt
1791086339,2026-10-04T12:58:59+09:00,9520.0,FIO-Fast,1,1,1559940632576,380844881,310122030,1.814300113961621,active_cumulative,/home/oy/iCAT/result/mixF-fixed50-tenhour-20261004/mixF-fixed50-rep1-x30/control-series.txt
1791086369,2026-10-04T12:59:29+09:00,9550.0,FIO-Fast,1,1,1564857425920,382045270,311138204,1.8144014032682567,active_cumulative,/home/oy/iCAT/result/mixF-fixed50-tenhour-20261004/mixF-fixed50-rep1-x30/control-series.txt
1791086399,2026-10-04T12:59:59+09:00,9580.0,FIO-Fast,1,1,1569774284800,383245675,312132154,1.8144440351479505,active_cumulative,/home/oy/iCAT/result/mixF-fixed50-tenhour-20261004/mixF-fixed50-rep1-x30/control-series.txt
1791086429,2026-10-04T13:00:29+09:00,9610.0,FIO-Fast,1,1,1574690738176,384445981,313120288,1.8144714822756853,active_cumulative,/home/oy/iCAT/result/mixF-fixed50-tenhour-20261004/mixF-fixed50-rep1-x30/control-series.txt
1791086459,2026-10-04T13:00:59+09:00,9640.0,FIO-Fast,1,1,1579607293952,385646312,314108511,1.8144989365281419,active_cumulative,/home/oy/iCAT/result/mixF-fixed50-tenhour-20261004/mixF-fixed50-rep1-x30/control-series.txt
1791086489,2026-10-04T13:01:29+09:00,9670.0,FIO-Fast,1,1,1584524152832,386846717,315074687,1.8144690730308046,active_cumulative,/home/oy/iCAT/result/mixF-fixed50-tenhour-20261004/mixF-fixed50-rep1-x30/control-series.txt
1791086519,2026-10-04T13:01:59+09:00,9700.0,FIO-Fast,1,1,1589440811008,388047073,316022785,1.814392910006565,active_cumulative,/home/oy/iCAT/result/mixF-fixed50-tenhour-20261004/mixF-fixed50-rep1-x30/control-series.txt
1791086549,2026-10-04T13:02:29+09:00,9730.0,FIO-Fast,1,1,1594357702656,389247486,316954366,1.8142746643198615,active_cumulative,/home/oy/iCAT/result/mixF-fixed50-tenhour-20261004/mixF-fixed50-rep1-x30/control-series.txt
1791086579,2026-10-04T13:02:59+09:00,9760.0,FIO-Fast,1,1,1599274983424,390447994,317968946,1.8143695213862463,active_cumulative,/home/oy/iCAT/result/mixF-fixed50-tenhour-20261004/mixF-fixed50-rep1-x30/control-series.txt
1791086609,2026-10-04T13:03:29+09:00,9790.0,FIO-Fast,1,1,1604191510528,391648318,319005295,1.8145197625998741,active_cumulative,/home/oy/iCAT/result/mixF-fixed50-tenhour-20261004/mixF-fixed50-rep1-x30/control-series.txt
1791086639,2026-10-04T13:03:59+09:00,9820.0,FIO-Fast,1,1,1609108078592,392848652,320015185,1.8146017133336123,active_cumulative,/home/oy/iCAT/result/mixF-fixed50-tenhour-20261004/mixF-fixed50-rep1-x30/control-series.txt
1791086669,2026-10-04T13:04:29+09:00,9850.0,FIO-Fast,1,1,1614024757248,394049013,321008982,1.8146422688793793,active_cumulative,/home/oy/iCAT/result/mixF-fixed50-tenhour-20261004/mixF-fixed50-rep1-x30/control-series.txt
1791086699,2026-10-04T13:04:59+09:00,9880.0,FIO-Fast,1,1,1618941386752,395249362,321969798,1.8145991593023747,active_cumulative,/home/oy/iCAT/result/mixF-fixed50-tenhour-20261004/mixF-fixed50-rep1-x30/control-series.txt
1791086729,2026-10-04T13:05:29+09:00,9910.0,FIO-Fast,1,1,1623858241536,396449766,322931027,1.8145572395166958,active_cumulative,/home/oy/iCAT/result/mixF-fixed50-tenhour-20261004/mixF-fixed50-rep1-x30/control-series.txt
1791086759,2026-10-04T13:05:59+09:00,9940.0,FIO-Fast,1,1,1628775292928,397650218,323875633,1.814473671431509,active_cumulative,/home/oy/iCAT/result/mixF-fixed50-tenhour-20261004/mixF-fixed50-rep1-x30/control-series.txt
1791086789,2026-10-04T13:06:29+09:00,9970.0,FIO-Fast,1,1,1633692033024,398850594,324814049,1.8143752419734394,active_cumulative,/home/oy/iCAT/result/mixF-fixed50-tenhour-20261004/mixF-fixed50-rep1-x30/control-series.txt
1791086819,2026-10-04T13:06:59+09:00,10000.0,FIO-Fast,1,1,1638609059840,400051040,325752824,1.8142781581070255,active_cumulative,/home/oy/iCAT/result/mixF-fixed50-tenhour-20261004/mixF-fixed50-rep1-x30/control-series.txt
1791086849,2026-10-04T13:07:29+09:00,10030.0,FIO-Fast,1,1,1643525840896,401251426,326767264,1.8143703494277426,active_cumulative,/home/oy/iCAT/result/mixF-fixed50-tenhour-20261004/mixF-fixed50-rep1-x30/control-series.txt
1791086879,2026-10-04T13:07:59+09:00,10060.0,FIO-Fast,1,1,1648442822656,402451861,327809385,1.8145306725268193,active_cumulative,/home/oy/iCAT/result/mixF-fixed50-tenhour-20261004/mixF-fixed50-rep1-x30/control-series.txt
1791086909,2026-10-04T13:08:29+09:00,10090.0,FIO-Fast,1,1,1653359644672,403652257,328835644,1.8146508245586248,active_cumulative,/home/oy/iCAT/result/mixF-fixed50-tenhour-20261004/mixF-fixed50-rep1-x30/control-series.txt
1791086939,2026-10-04T13:08:59+09:00,10120.0,FIO-Fast,1,1,1658276225024,404852594,329848311,1.8147368101092123,active_cumulative,/home/oy/iCAT/result/mixF-fixed50-tenhour-20261004/mixF-fixed50-rep1-x30/control-series.txt
1791086969,2026-10-04T13:09:29+09:00,10150.0,FIO-Fast,1,1,1663192846336,406052941,330839039,1.8147682373269647,active_cumulative,/home/oy/iCAT/result/mixF-fixed50-tenhour-20261004/mixF-fixed50-rep1-x30/control-series.txt
1791086999,2026-10-04T13:09:59+09:00,10180.0,FIO-Fast,1,1,1668109582336,407253316,331792959,1.814709042172661,active_cumulative,/home/oy/iCAT/result/mixF-fixed50-tenhour-20261004/mixF-fixed50-rep1-x30/control-series.txt
1791087029,2026-10-04T13:10:29+09:00,10210.0,FIO-Fast,1,1,1673026375680,408453705,332734587,1.8146200730386324,active_cumulative,/home/oy/iCAT/result/mixF-fixed50-tenhour-20261004/mixF-fixed50-rep1-x30/control-series.txt
1791087059,2026-10-04T13:10:59+09:00,10240.0,FIO-Fast,1,1,1677943435264,409654159,333627254,1.8144119781779147,active_cumulative,/home/oy/iCAT/result/mixF-fixed50-tenhour-20261004/mixF-fixed50-rep1-x30/control-series.txt
1791087089,2026-10-04T13:11:29+09:00,10270.0,FIO-Fast,1,1,1682860118016,410854521,334572410,1.8143330373623905,active_cumulative,/home/oy/iCAT/result/mixF-fixed50-tenhour-20261004/mixF-fixed50-rep1-x30/control-series.txt
1791087119,2026-10-04T13:11:59+09:00,10300.0,FIO-Fast,1,1,1687776817152,412054887,335574054,1.814391637102462,active_cumulative,/home/oy/iCAT/result/mixF-fixed50-tenhour-20261004/mixF-fixed50-rep1-x30/control-series.txt
1791087149,2026-10-04T13:12:29+09:00,10330.0,FIO-Fast,1,1,1692693729280,413255305,336613338,1.8145408756458674,active_cumulative,/home/oy/iCAT/result/mixF-fixed50-tenhour-20261004/mixF-fixed50-rep1-x30/control-series.txt
1791087179,2026-10-04T13:12:59+09:00,10360.0,FIO-Fast,1,1,1697610219520,414455620,337631574,1.8146386674645647,active_cumulative,/home/oy/iCAT/result/mixF-fixed50-tenhour-20261004/mixF-fixed50-rep1-x30/control-series.txt
1791087209,2026-10-04T13:13:29+09:00,10390.0,FIO-Fast,1,1,1702527176704,415656049,338634171,1.8146980461723055,active_cumulative,/home/oy/iCAT/result/mixF-fixed50-tenhour-20261004/mixF-fixed50-rep1-x30/control-series.txt
1791087239,2026-10-04T13:13:59+09:00,10420.0,FIO-Fast,1,1,1707443970048,416856438,339624351,1.814727373839912,active_cumulative,/home/oy/iCAT/result/mixF-fixed50-tenhour-20261004/mixF-fixed50-rep1-x30/control-series.txt
1791087270,2026-10-04T13:14:30+09:00,10451.0,FIO-Fast,1,1,1712361193472,418056932,340602707,1.8147280452223191,active_cumulative,/home/oy/iCAT/result/mixF-fixed50-tenhour-20261004/mixF-fixed50-rep1-x30/control-series.txt
1791087300,2026-10-04T13:15:00+09:00,10481.0,FIO-Fast,1,1,1717277675520,419257245,341558615,1.8146755221844764,active_cumulative,/home/oy/iCAT/result/mixF-fixed50-tenhour-20261004/mixF-fixed50-rep1-x30/control-series.txt
1791087330,2026-10-04T13:15:30+09:00,10511.0,FIO-Fast,1,1,1722194259968,420457583,342488153,1.8145605332084118,active_cumulative,/home/oy/iCAT/result/mixF-fixed50-tenhour-20261004/mixF-fixed50-rep1-x30/control-series.txt
1791087360,2026-10-04T13:16:00+09:00,10541.0,FIO-Fast,1,1,1727111323648,421658038,343458661,1.8145431369673073,active_cumulative,/home/oy/iCAT/result/mixF-fixed50-tenhour-20261004/mixF-fixed50-rep1-x30/control-series.txt
1791087390,2026-10-04T13:16:30+09:00,10571.0,FIO-Fast,1,1,1732027990016,422858396,344473522,1.8146309148843294,active_cumulative,/home/oy/iCAT/result/mixF-fixed50-tenhour-20261004/mixF-fixed50-rep1-x30/control-series.txt
1791087420,2026-10-04T13:17:00+09:00,10601.0,FIO-Fast,1,1,1736945016832,424058842,345465052,1.8146630084888078,active_cumulative,/home/oy/iCAT/result/mixF-fixed50-tenhour-20261004/mixF-fixed50-rep1-x30/control-series.txt
1791087450,2026-10-04T13:17:30+09:00,10631.0,FIO-Fast,1,1,1741861867520,425259245,346481251,1.8147530126005844,active_cumulative,/home/oy/iCAT/result/mixF-fixed50-tenhour-20261004/mixF-fixed50-rep1-x30/control-series.txt
1791087480,2026-10-04T13:18:00+09:00,10661.0,FIO-Fast,1,1,1746778611712,426459622,347448743,1.8147283472478433,active_cumulative,/home/oy/iCAT/result/mixF-fixed50-tenhour-20261004/mixF-fixed50-rep1-x30/control-series.txt
1791087510,2026-10-04T13:18:30+09:00,10691.0,FIO-Fast,1,1,1751695319040,427659990,348433429,1.814744042340739,active_cumulative,/home/oy/iCAT/result/mixF-fixed50-tenhour-20261004/mixF-fixed50-rep1-x30/control-series.txt
1791087540,2026-10-04T13:19:00+09:00,10721.0,FIO-Fast,1,1,1756611850240,428860315,349403630,1.814725955699585,active_cumulative,/home/oy/iCAT/result/mixF-fixed50-tenhour-20261004/mixF-fixed50-rep1-x30/control-series.txt
1791087570,2026-10-04T13:19:30+09:00,10751.0,FIO-Fast,1,1,1761528913920,430060770,350351961,1.8146568704697246,active_cumulative,/home/oy/iCAT/result/mixF-fixed50-tenhour-20261004/mixF-fixed50-rep1-x30/control-series.txt
1791087600,2026-10-04T13:20:00+09:00,10781.0,FIO-Fast,1,1,1766445629440,431261140,351279536,1.8145402017904975,active_cumulative,/home/oy/iCAT/result/mixF-fixed50-tenhour-20261004/mixF-fixed50-rep1-x30/control-series.txt
1791087630,2026-10-04T13:20:30+09:00,10811.0,FIO-Fast,1,1,1771362545664,432461559,352295336,1.8146280950719138,active_cumulative,/home/oy/iCAT/result/mixF-fixed50-tenhour-20261004/mixF-fixed50-rep1-x30/control-series.txt
1791087660,2026-10-04T13:21:00+09:00,10841.0,FIO-Fast,1,1,1776279654400,433662025,353339221,1.8147801758754412,active_cumulative,/home/oy/iCAT/result/mixF-fixed50-tenhour-20261004/mixF-fixed50-rep1-x30/control-series.txt
1791087690,2026-10-04T13:21:30+09:00,10871.0,FIO-Fast,1,1,1781196177408,434862348,354356679,1.8148709140484152,active_cumulative,/home/oy/iCAT/result/mixF-fixed50-tenhour-20261004/mixF-fixed50-rep1-x30/control-series.txt
1791087720,2026-10-04T13:22:00+09:00,10901.0,FIO-Fast,1,1,1786112839680,436062705,355350954,1.8149079247673794,active_cumulative,/home/oy/iCAT/result/mixF-fixed50-tenhour-20261004/mixF-fixed50-rep1-x30/control-series.txt
1791087750,2026-10-04T13:22:30+09:00,10931.0,FIO-Fast,1,1,1791029518336,437263066,356323517,1.8148950705111693,active_cumulative,/home/oy/iCAT/result/mixF-fixed50-tenhour-20261004/mixF-fixed50-rep1-x30/control-series.txt
1791087780,2026-10-04T13:23:00+09:00,10961.0,FIO-Fast,1,1,1795945955328,438463368,357260938,1.814802248200584,active_cumulative,/home/oy/iCAT/result/mixF-fixed50-tenhour-20261004/mixF-fixed50-rep1-x30/control-series.txt
1791087810,2026-10-04T13:23:30+09:00,10991.0,FIO-Fast,1,1,1800862699520,439663745,358211645,1.8147400122791566,active_cumulative,/home/oy/iCAT/result/mixF-fixed50-tenhour-20261004/mixF-fixed50-rep1-x30/control-series.txt
1791087840,2026-10-04T13:24:00+09:00,11021.0,FIO-Fast,1,1,1805779468288,440864128,359135093,1.8146162733385285,active_cumulative,/home/oy/iCAT/result/mixF-fixed50-tenhour-20261004/mixF-fixed50-rep1-x30/control-series.txt
1791087870,2026-10-04T13:24:30+09:00,11051.0,FIO-Fast,1,1,1810696630272,442064607,360070570,1.8145202404769762,active_cumulative,/home/oy/iCAT/result/mixF-fixed50-tenhour-20261004/mixF-fixed50-rep1-x30/control-series.txt
1791087900,2026-10-04T13:25:00+09:00,11081.0,FIO-Fast,1,1,1815613042688,443264903,361095403,1.814626650014743,active_cumulative,/home/oy/iCAT/result/mixF-fixed50-tenhour-20261004/mixF-fixed50-rep1-x30/control-series.txt
1791087930,2026-10-04T13:25:30+09:00,11111.0,FIO-Fast,1,1,1820529668096,444465251,362134095,1.814763570797124,active_cumulative,/home/oy/iCAT/result/mixF-fixed50-tenhour-20261004/mixF-fixed50-rep1-x30/control-series.txt
1791087960,2026-10-04T13:26:00+09:00,11141.0,FIO-Fast,1,1,1825446330368,445665608,363157030,1.8148643814579473,active_cumulative,/home/oy/iCAT/result/mixF-fixed50-tenhour-20261004/mixF-fixed50-rep1-x30/control-series.txt
1791087990,2026-10-04T13:26:30+09:00,11171.0,FIO-Fast,1,1,1830363176960,446866010,364171991,1.814946724186966,active_cumulative,/home/oy/iCAT/result/mixF-fixed50-tenhour-20261004/mixF-fixed50-rep1-x30/control-series.txt
1791088020,2026-10-04T13:27:00+09:00,11201.0,FIO-Fast,1,1,1835279855616,448066371,365171045,1.814993198853569,active_cumulative,/home/oy/iCAT/result/mixF-fixed50-tenhour-20261004/mixF-fixed50-rep1-x30/control-series.txt
1791088050,2026-10-04T13:27:30+09:00,11231.0,FIO-Fast,1,1,1840196419584,449266704,366134754,1.8149608033271925,active_cumulative,/home/oy/iCAT/result/mixF-fixed50-tenhour-20261004/mixF-fixed50-rep1-x30/control-series.txt
1791088080,2026-10-04T13:28:00+09:00,11261.0,FIO-Fast,1,1,1845113651200,450467200,367076501,1.814879531739492,active_cumulative,/home/oy/iCAT/result/mixF-fixed50-tenhour-20261004/mixF-fixed50-rep1-x30/control-series.txt
1791088110,2026-10-04T13:28:30+09:00,11291.0,FIO-Fast,1,1,1850030526464,451667609,367982711,1.8147201695838233,active_cumulative,/home/oy/iCAT/result/mixF-fixed50-tenhour-20261004/mixF-fixed50-rep1-x30/control-series.txt
1791088140,2026-10-04T13:29:00+09:00,11321.0,FIO-Fast,1,1,1854947246080,452867980,368913267,1.8146154802112529,active_cumulative,/home/oy/iCAT/result/mixF-fixed50-tenhour-20261004/mixF-fixed50-rep1-x30/control-series.txt
1791088170,2026-10-04T13:29:30+09:00,11351.0,FIO-Fast,1,1,1859863916544,454068339,369936355,1.8147151501791892,active_cumulative,/home/oy/iCAT/result/mixF-fixed50-tenhour-20261004/mixF-fixed50-rep1-x30/control-series.txt
1791088200,2026-10-04T13:30:00+09:00,11381.0,FIO-Fast,1,1,1864780685312,455268722,370962722,1.8148214539543965,active_cumulative,/home/oy/iCAT/result/mixF-fixed50-tenhour-20261004/mixF-fixed50-rep1-x30/control-series.txt
1791088230,2026-10-04T13:30:30+09:00,11411.0,FIO-Fast,1,1,1869697363968,456469083,371974946,1.8148962544304452,active_cumulative,/home/oy/iCAT/result/mixF-fixed50-tenhour-20261004/mixF-fixed50-rep1-x30/control-series.txt
1791088260,2026-10-04T13:31:00+09:00,11441.0,FIO-Fast,1,1,1874614484992,457669552,372983790,1.814963084981454,active_cumulative,/home/oy/iCAT/result/mixF-fixed50-tenhour-20261004/mixF-fixed50-rep1-x30/control-series.txt
1791088290,2026-10-04T13:31:30+09:00,11471.0,FIO-Fast,1,1,1879531282432,458869942,373965664,1.8149709313494324,active_cumulative,/home/oy/iCAT/result/mixF-fixed50-tenhour-20261004/mixF-fixed50-rep1-x30/control-series.txt
1791088320,2026-10-04T13:32:00+09:00,11501.0,FIO-Fast,1,1,1884448223232,460070367,374947453,1.8149784900186803,active_cumulative,/home/oy/iCAT/result/mixF-fixed50-tenhour-20261004/mixF-fixed50-rep1-x30/control-series.txt
1791088350,2026-10-04T13:32:30+09:00,11531.0,FIO-Fast,1,1,1889364828160,461270710,375901604,1.814926237133071,active_cumulative,/home/oy/iCAT/result/mixF-fixed50-tenhour-20261004/mixF-fixed50-rep1-x30/control-series.txt
1791088380,2026-10-04T13:33:00+09:00,11561.0,FIO-Fast,1,1,1894281580544,462471089,376842424,1.8148453664743571,active_cumulative,/home/oy/iCAT/result/mixF-fixed50-tenhour-20261004/mixF-fixed50-rep1-x30/control-series.txt
1791088410,2026-10-04T13:33:30+09:00,11591.0,FIO-Fast,1,1,1899198398464,463671484,377822253,1.814849017111434,active_cumulative,/home/oy/iCAT/result/mixF-fixed50-tenhour-20261004/mixF-fixed50-rep1-x30/control-series.txt
1791088440,2026-10-04T13:34:00+09:00,11621.0,FIO-Fast,1,1,1904115142656,464871861,378844260,1.8149434108252036,active_cumulative,/home/oy/iCAT/result/mixF-fixed50-tenhour-20261004/mixF-fixed50-rep1-x30/control-series.txt
1791088470,2026-10-04T13:34:30+09:00,11651.0,FIO-Fast,1,1,1909031792640,466072215,379839110,1.814979090740262,active_cumulative,/home/oy/iCAT/result/mixF-fixed50-tenhour-20261004/mixF-fixed50-rep1-x30/control-series.txt
1791088500,2026-10-04T13:35:00+09:00,11681.0,FIO-Fast,1,1,1913948516352,467272587,380824392,1.8149940796762383,active_cumulative,/home/oy/iCAT/result/mixF-fixed50-tenhour-20261004/mixF-fixed50-rep1-x30/control-series.txt
1791088530,2026-10-04T13:35:30+09:00,11711.0,FIO-Fast,1,1,1918865043456,468472911,381805517,1.8150002017939517,active_cumulative,/home/oy/iCAT/result/mixF-fixed50-tenhour-20261004/mixF-fixed50-rep1-x30/control-series.txt
1791088560,2026-10-04T13:36:00+09:00,11741.0,FIO-Fast,1,1,1923781775360,469673285,382777056,1.8149857959240752,active_cumulative,/home/oy/iCAT/result/mixF-fixed50-tenhour-20261004/mixF-fixed50-rep1-x30/control-series.txt
1791088590,2026-10-04T13:36:30+09:00,11771.0,FIO-Fast,1,1,1928698474496,470873651,383743638,1.8149609501084614,active_cumulative,/home/oy/iCAT/result/mixF-fixed50-tenhour-20261004/mixF-fixed50-rep1-x30/control-series.txt
1791088620,2026-10-04T13:37:00+09:00,11801.0,FIO-Fast,1,1,1933614989312,472073972,384691762,1.8148972085247692,active_cumulative,/home/oy/iCAT/result/mixF-fixed50-tenhour-20261004/mixF-fixed50-rep1-x30/control-series.txt
1791088650,2026-10-04T13:37:30+09:00,11831.0,FIO-Fast,1,1,1938531794944,473274364,385619895,1.8147914282549222,active_cumulative,/home/oy/iCAT/result/mixF-fixed50-tenhour-20261004/mixF-fixed50-rep1-x30/control-series.txt
1791088680,2026-10-04T13:38:00+09:00,11861.0,FIO-Fast,1,1,1943448592384,474474754,386632792,1.814864834726275,active_cumulative,/home/oy/iCAT/result/mixF-fixed50-tenhour-20261004/mixF-fixed50-rep1-x30/control-series.txt
1791088710,2026-10-04T13:38:30+09:00,11891.0,FIO-Fast,1,1,1948365828096,475675251,387684204,1.8150186564993267,active_cumulative,/home/oy/iCAT/result/mixF-fixed50-tenhour-20261004/mixF-fixed50-rep1-x30/control-series.txt
1791088740,2026-10-04T13:39:00+09:00,11921.0,FIO-Fast,1,1,1953282306048,476875563,388706987,1.8151119855139233,active_cumulative,/home/oy/iCAT/result/mixF-fixed50-tenhour-20261004/mixF-fixed50-rep1-x30/control-series.txt
1791088770,2026-10-04T13:39:30+09:00,11951.0,FIO-Fast,1,1,1958199496704,478076049,389704168,1.8151509970331101,active_cumulative,/home/oy/iCAT/result/mixF-fixed50-tenhour-20261004/mixF-fixed50-rep1-x30/control-series.txt
1791088800,2026-10-04T13:40:00+09:00,11981.0,FIO-Fast,1,1,1963116654592,479276527,390682542,1.8151505863336386,active_cumulative,/home/oy/iCAT/result/mixF-fixed50-tenhour-20261004/mixF-fixed50-rep1-x30/control-series.txt
1791088830,2026-10-04T13:40:30+09:00,12011.0,FIO-Fast,1,1,1968033390592,480476902,391631326,1.8150887677843044,active_cumulative,/home/oy/iCAT/result/mixF-fixed50-tenhour-20261004/mixF-fixed50-rep1-x30/control-series.txt
1791088860,2026-10-04T13:41:00+09:00,12041.0,FIO-Fast,1,1,1972950380544,481677339,392559799,1.8149849852081168,active_cumulative,/home/oy/iCAT/result/mixF-fixed50-tenhour-20261004/mixF-fixed50-rep1-x30/control-series.txt
1791088890,2026-10-04T13:41:30+09:00,12071.0,FIO-Fast,1,1,1977867083776,482877706,393489965,1.814885342832539,active_cumulative,/home/oy/iCAT/result/mixF-fixed50-tenhour-20261004/mixF-fixed50-rep1-x30/control-series.txt
1791088920,2026-10-04T13:42:00+09:00,12101.0,FIO-Fast,1,1,1982784049152,484078137,394420821,1.8147875122895707,active_cumulative,/home/oy/iCAT/result/mixF-fixed50-tenhour-20261004/mixF-fixed50-rep1-x30/control-series.txt
1791088950,2026-10-04T13:42:30+09:00,12131.0,FIO-Fast,1,1,1987700736000,485278500,395448403,1.8148896005077497,active_cumulative,/home/oy/iCAT/result/mixF-fixed50-tenhour-20261004/mixF-fixed50-rep1-x30/control-series.txt
1791088980,2026-10-04T13:43:00+09:00,12161.0,FIO-Fast,1,1,1992617484288,486478878,396491482,1.8150230152438396,active_cumulative,/home/oy/iCAT/result/mixF-fixed50-tenhour-20261004/mixF-fixed50-rep1-x30/control-series.txt
1791089010,2026-10-04T13:43:30+09:00,12191.0,FIO-Fast,1,1,1997533913088,487679178,397506900,1.815099183914717,active_cumulative,/home/oy/iCAT/result/mixF-fixed50-tenhour-20261004/mixF-fixed50-rep1-x30/control-series.txt
1791089040,2026-10-04T13:44:00+09:00,12221.0,FIO-Fast,1,1,2002450579456,488879536,398521153,1.8151724988546054,active_cumulative,/home/oy/iCAT/result/mixF-fixed50-tenhour-20261004/mixF-fixed50-rep1-x30/control-series.txt
1791089070,2026-10-04T13:44:30+09:00,12251.0,FIO-Fast,1,1,2007367364608,490079923,399519707,1.81521337286041,active_cumulative,/home/oy/iCAT/result/mixF-fixed50-tenhour-20261004/mixF-fixed50-rep1-x30/control-series.txt
1791089100,2026-10-04T13:45:00+09:00,12281.0,FIO-Fast,1,1,2012284305408,491280348,400493116,1.8152028014766022,active_cumulative,/home/oy/iCAT/result/mixF-fixed50-tenhour-20261004/mixF-fixed50-rep1-x30/control-series.txt
1791089130,2026-10-04T13:45:30+09:00,12311.0,FIO-Fast,1,1,2017201102848,492480738,401437782,1.8151339758591736,active_cumulative,/home/oy/iCAT/result/mixF-fixed50-tenhour-20261004/mixF-fixed50-rep1-x30/control-series.txt
1791089160,2026-10-04T13:46:00+09:00,12341.0,FIO-Fast,1,1,2022117601280,493681055,402351862,1.8150036504844205,active_cumulative,/home/oy/iCAT/result/mixF-fixed50-tenhour-20261004/mixF-fixed50-rep1-x30/control-series.txt
1791089190,2026-10-04T13:46:30+09:00,12371.0,FIO-Fast,1,1,2027034263552,494881412,403290550,1.8149236164885498,active_cumulative,/home/oy/iCAT/result/mixF-fixed50-tenhour-20261004/mixF-fixed50-rep1-x30/control-series.txt
1791089220,2026-10-04T13:47:00+09:00,12401.0,FIO-Fast,1,1,2031951007744,496081789,404304560,1.8149957707881108,active_cumulative,/home/oy/iCAT/result/mixF-fixed50-tenhour-20261004/mixF-fixed50-rep1-x30/control-series.txt
1791089250,2026-10-04T13:47:30+09:00,12431.0,FIO-Fast,1,1,2036867936256,497282211,405324598,1.815079624877231,active_cumulative,/home/oy/iCAT/result/mixF-fixed50-tenhour-20261004/mixF-fixed50-rep1-x30/control-series.txt
1791089280,2026-10-04T13:48:00+09:00,12461.0,FIO-Fast,1,1,2041784492032,498482542,406326739,1.8151273209483834,active_cumulative,/home/oy/iCAT/result/mixF-fixed50-tenhour-20261004/mixF-fixed50-rep1-x30/control-series.txt
1791089310,2026-10-04T13:48:30+09:00,12491.0,FIO-Fast,1,1,2046701162496,499682901,407330504,1.8151779922523303,active_cumulative,/home/oy/iCAT/result/mixF-fixed50-tenhour-20261004/mixF-fixed50-rep1-x30/control-series.txt
1791089340,2026-10-04T13:49:00+09:00,12521.0,FIO-Fast,1,1,2051617730560,500883235,408315024,1.8151900392513638,active_cumulative,/home/oy/iCAT/result/mixF-fixed50-tenhour-20261004/mixF-fixed50-rep1-x30/control-series.txt
1791089370,2026-10-04T13:49:30+09:00,12551.0,FIO-Fast,1,1,2056534573056,502083636,409290646,1.8151841977180072,active_cumulative,/home/oy/iCAT/result/mixF-fixed50-tenhour-20261004/mixF-fixed50-rep1-x30/control-series.txt
1791089400,2026-10-04T13:50:00+09:00,12581.0,FIO-Fast,1,1,2061451137024,503283969,410241636,1.815129551642842,active_cumulative,/home/oy/iCAT/result/mixF-fixed50-tenhour-20261004/mixF-fixed50-rep1-x30/control-series.txt
1791089430,2026-10-04T13:50:30+09:00,12611.0,FIO-Fast,1,1,2066368053248,504484388,411182760,1.815055470061444,active_cumulative,/home/oy/iCAT/result/mixF-fixed50-tenhour-20261004/mixF-fixed50-rep1-x30/control-series.txt
1791089460,2026-10-04T13:51:00+09:00,12641.0,FIO-Fast,1,1,2071284703232,505684742,412184243,1.8151012058813514,active_cumulative,/home/oy/iCAT/result/mixF-fixed50-tenhour-20261004/mixF-fixed50-rep1-x30/control-series.txt
1791089490,2026-10-04T13:51:30+09:00,12671.0,FIO-Fast,1,1,2076201385984,506885104,413203658,1.815182089075555,active_cumulative,/home/oy/iCAT/result/mixF-fixed50-tenhour-20261004/mixF-fixed50-rep1-x30/control-series.txt
1791089520,2026-10-04T13:52:00+09:00,12701.0,FIO-Fast,1,1,2081118052352,508085462,414208008,1.81523294598813,active_cumulative,/home/oy/iCAT/result/mixF-fixed50-tenhour-20261004/mixF-fixed50-rep1-x30/control-series.txt
1791089550,2026-10-04T13:52:30+09:00,12731.0,FIO-Fast,1,1,2086034669568,509285808,415192824,1.8152452267038237,active_cumulative,/home/oy/iCAT/result/mixF-fixed50-tenhour-20261004/mixF-fixed50-rep1-x30/control-series.txt
1791089580,2026-10-04T13:53:00+09:00,12761.0,FIO-Fast,1,1,2090951151616,510486121,416177792,1.8152578001234239,active_cumulative,/home/oy/iCAT/result/mixF-fixed50-tenhour-20261004/mixF-fixed50-rep1-x30/control-series.txt
1791089610,2026-10-04T13:53:30+09:00,12791.0,FIO-Fast,1,1,2095867899904,511686499,417136290,1.8152184800951725,active_cumulative,/home/oy/iCAT/result/mixF-fixed50-tenhour-20261004/mixF-fixed50-rep1-x30/control-series.txt
1791089640,2026-10-04T13:54:00+09:00,12821.0,FIO-Fast,1,1,2100784656384,512886879,418096107,1.8151819126571964,active_cumulative,/home/oy/iCAT/result/mixF-fixed50-tenhour-20261004/mixF-fixed50-rep1-x30/control-series.txt
1791089670,2026-10-04T13:54:30+09:00,12851.0,FIO-Fast,1,1,2105701224448,514087213,419048820,1.8151317702586,active_cumulative,/home/oy/iCAT/result/mixF-fixed50-tenhour-20261004/mixF-fixed50-rep1-x30/control-series.txt
1791089700,2026-10-04T13:55:00+09:00,12881.0,FIO-Fast,1,1,2110618267648,515287663,419978790,1.8150375414673958,active_cumulative,/home/oy/iCAT/result/mixF-fixed50-tenhour-20261004/mixF-fixed50-rep1-x30/control-series.txt
1791089730,2026-10-04T13:55:30+09:00,12911.0,FIO-Fast,1,1,2115534974976,516488031,420990878,1.815102873119629,active_cumulative,/home/oy/iCAT/result/mixF-fixed50-tenhour-20261004/mixF-fixed50-rep1-x30/control-series.txt
1791089760,2026-10-04T13:56:00+09:00,12941.0,FIO-Fast,1,1,2120451665920,517688395,422043485,1.815246177191204,active_cumulative,/home/oy/iCAT/result/mixF-fixed50-tenhour-20261004/mixF-fixed50-rep1-x30/control-series.txt
1791089790,2026-10-04T13:56:30+09:00,12971.0,FIO-Fast,1,1,2125368180736,518888716,423068978,1.81533663183379,active_cumulative,/home/oy/iCAT/result/mixF-fixed50-tenhour-20261004/mixF-fixed50-rep1-x30/control-series.txt
1791089820,2026-10-04T13:57:00+09:00,13001.0,FIO-Fast,1,1,2130284969984,520089104,424081415,1.8154014605158888,active_cumulative,/home/oy/iCAT/result/mixF-fixed50-tenhour-20261004/mixF-fixed50-rep1-x30/control-series.txt
1791089850,2026-10-04T13:57:30+09:00,13031.0,FIO-Fast,1,1,2135201660928,521289468,425058700,1.8153985953923013,active_cumulative,/home/oy/iCAT/result/mixF-fixed50-tenhour-20261004/mixF-fixed50-rep1-x30/control-series.txt
1791089880,2026-10-04T13:58:00+09:00,13061.0,FIO-Fast,1,1,2140118417408,522489848,426024519,1.8153737735398066,active_cumulative,/home/oy/iCAT/result/mixF-fixed50-tenhour-20261004/mixF-fixed50-rep1-x30/control-series.txt
1791089910,2026-10-04T13:58:30+09:00,13091.0,FIO-Fast,1,1,2145035223040,523690240,426945032,1.81526253382152,active_cumulative,/home/oy/iCAT/result/mixF-fixed50-tenhour-20261004/mixF-fixed50-rep1-x30/control-series.txt
1791089940,2026-10-04T13:59:00+09:00,13121.0,FIO-Fast,1,1,2149951807488,524890578,427874186,1.8151683492402106,active_cumulative,/home/oy/iCAT/result/mixF-fixed50-tenhour-20261004/mixF-fixed50-rep1-x30/control-series.txt
1791089970,2026-10-04T13:59:30+09:00,13151.0,FIO-Fast,1,1,2154868764672,526091007,428801600,1.81507114604603,active_cumulative,/home/oy/iCAT/result/mixF-fixed50-tenhour-20261004/mixF-fixed50-rep1-x30/control-series.txt
1791090000,2026-10-04T14:00:00+09:00,13181.0,FIO-Fast,1,1,2159785431040,527291365,429827418,1.8151611168523498,active_cumulative,/home/oy/iCAT/result/mixF-fixed50-tenhour-20261004/mixF-fixed50-rep1-x30/control-series.txt
1791090030,2026-10-04T14:00:30+09:00,13211.0,FIO-Fast,1,1,2164702437376,528491806,430870029,1.815282326250485,active_cumulative,/home/oy/iCAT/result/mixF-fixed50-tenhour-20261004/mixF-fixed50-rep1-x30/control-series.txt
1791090060,2026-10-04T14:01:00+09:00,13241.0,FIO-Fast,1,1,2169619603456,529692286,431888809,1.815357935946985,active_cumulative,/home/oy/iCAT/result/mixF-fixed50-tenhour-20261004/mixF-fixed50-rep1-x30/control-series.txt
1791090090,2026-10-04T14:01:30+09:00,13271.0,FIO-Fast,1,1,2174536302592,530892652,432893732,1.8154072774772554,active_cumulative,/home/oy/iCAT/result/mixF-fixed50-tenhour-20261004/mixF-fixed50-rep1-x30/control-series.txt
1791090120,2026-10-04T14:02:00+09:00,13301.0,FIO-Fast,1,1,2179452981248,532093013,433895361,1.8154502134009416,active_cumulative,/home/oy/iCAT/result/mixF-fixed50-tenhour-20261004/mixF-fixed50-rep1-x30/control-series.txt
1791090150,2026-10-04T14:02:30+09:00,13331.0,FIO-Fast,1,1,2184369590272,533293357,434877007,1.8154555111024944,active_cumulative,/home/oy/iCAT/result/mixF-fixed50-tenhour-20261004/mixF-fixed50-rep1-x30/control-series.txt
1791090180,2026-10-04T14:03:00+09:00,13361.0,FIO-Fast,1,1,2189286375424,534493744,435824707,1.8153972088399224,active_cumulative,/home/oy/iCAT/result/mixF-fixed50-tenhour-20261004/mixF-fixed50-rep1-x30/control-series.txt
1791090210,2026-10-04T14:03:30+09:00,13391.0,FIO-Fast,1,1,2194202980352,535694087,436739886,1.8152785266789775,active_cumulative,/home/oy/iCAT/result/mixF-fixed50-tenhour-20261004/mixF-fixed50-rep1-x30/control-series.txt
1791090240,2026-10-04T14:04:00+09:00,13421.0,FIO-Fast,1,1,2199119753216,536894471,437699035,1.8152422098606413,active_cumulative,/home/oy/iCAT/result/mixF-fixed50-tenhour-20261004/mixF-fixed50-rep1-x30/control-series.txt
1791090270,2026-10-04T14:04:30+09:00,13451.0,FIO-Fast,1,1,2204036386816,538094821,438693395,1.8152715430056148,active_cumulative,/home/oy/iCAT/result/mixF-fixed50-tenhour-20261004/mixF-fixed50-rep1-x30/control-series.txt
1791090300,2026-10-04T14:05:00+09:00,13481.0,FIO-Fast,1,1,2208952938496,539295151,439729287,1.8153777874409258,active_cumulative,/home/oy/iCAT/result/mixF-fixed50-tenhour-20261004/mixF-fixed50-rep1-x30/control-series.txt
1791090330,2026-10-04T14:05:30+09:00,13511.0,FIO-Fast,1,1,2213869617152,540495512,440721022,1.815401815954394,active_cumulative,/home/oy/iCAT/result/mixF-fixed50-tenhour-20261004/mixF-fixed50-rep1-x30/control-series.txt
1791090360,2026-10-04T14:06:00+09:00,13541.0,FIO-Fast,1,1,2218786222080,541695855,441715505,1.8154308380299495,active_cumulative,/home/oy/iCAT/result/mixF-fixed50-tenhour-20261004/mixF-fixed50-rep1-x30/control-series.txt
1791090390,2026-10-04T14:06:30+09:00,13571.0,FIO-Fast,1,1,2223703068672,542896257,442702475,1.8154458044089996,active_cumulative,/home/oy/iCAT/result/mixF-fixed50-tenhour-20261004/mixF-fixed50-rep1-x30/control-series.txt
1791090420,2026-10-04T14:07:00+09:00,13601.0,FIO-Fast,1,1,2228619902976,544096656,443673227,1.8154309020417871,active_cumulative,/home/oy/iCAT/result/mixF-fixed50-tenhour-20261004/mixF-fixed50-rep1-x30/control-series.txt
1791090450,2026-10-04T14:07:30+09:00,13631.0,FIO-Fast,1,1,2233536663552,545297037,444627996,1.8153867815716738,active_cumulative,/home/oy/iCAT/result/mixF-fixed50-tenhour-20261004/mixF-fixed50-rep1-x30/control-series.txt
1791090480,2026-10-04T14:08:00+09:00,13661.0,FIO-Fast,1,1,2238453886976,546497531,445555224,1.815292290863067,active_cumulative,/home/oy/iCAT/result/mixF-fixed50-tenhour-20261004/mixF-fixed50-rep1-x30/control-series.txt
1791090510,2026-10-04T14:08:30+09:00,13691.0,FIO-Fast,1,1,2243370389504,547697849,446566998,1.8153528424757424,active_cumulative,/home/oy/iCAT/result/mixF-fixed50-tenhour-20261004/mixF-fixed50-rep1-x30/control-series.txt
1791090540,2026-10-04T14:09:00+09:00,13721.0,FIO-Fast,1,1,2248287006720,548898195,447601121,1.8154538037786772,active_cumulative,/home/oy/iCAT/result/mixF-fixed50-tenhour-20261004/mixF-fixed50-rep1-x30/control-series.txt
1791090570,2026-10-04T14:09:30+09:00,13751.0,FIO-Fast,1,1,2253204135936,550098666,448606646,1.815502152117562,active_cumulative,/home/oy/iCAT/result/mixF-fixed50-tenhour-20261004/mixF-fixed50-rep1-x30/control-series.txt
1791090600,2026-10-04T14:10:00+09:00,13781.0,FIO-Fast,1,1,2258121347072,551299157,449598992,1.8155263549586744,active_cumulative,/home/oy/iCAT/result/mixF-fixed50-tenhour-20261004/mixF-fixed50-rep1-x30/control-series.txt
1791090630,2026-10-04T14:10:30+09:00,13811.0,FIO-Fast,1,1,2263037943808,552499498,450561359,1.8154964133560172,active_cumulative,/home/oy/iCAT/result/mixF-fixed50-tenhour-20261004/mixF-fixed50-rep1-x30/control-series.txt
1791090660,2026-10-04T14:11:00+09:00,13841.0,FIO-Fast,1,1,2267955138560,553699985,451529081,1.8154760578510762,active_cumulative,/home/oy/iCAT/result/mixF-fixed50-tenhour-20261004/mixF-fixed50-rep1-x30/control-series.txt
1791090690,2026-10-04T14:11:30+09:00,13871.0,FIO-Fast,1,1,2272871768064,554900334,452472850,1.8154128269095617,active_cumulative,/home/oy/iCAT/result/mixF-fixed50-tenhour-20261004/mixF-fixed50-rep1-x30/control-series.txt
1791090720,2026-10-04T14:12:00+09:00,13901.0,FIO-Fast,1,1,2277788557312,556100722,453424424,1.815363846983101,active_cumulative,/home/oy/iCAT/result/mixF-fixed50-tenhour-20261004/mixF-fixed50-rep1-x30/control-series.txt
1791090751,2026-10-04T14:12:31+09:00,13932.0,FIO-Fast,1,1,2282705227776,557301081,454363366,1.8152924540980748,active_cumulative,/home/oy/iCAT/result/mixF-fixed50-tenhour-20261004/mixF-fixed50-rep1-x30/control-series.txt
1791090781,2026-10-04T14:13:01+09:00,13962.0,FIO-Fast,1,1,2287621980160,558501460,455376841,1.8153547906571275,active_cumulative,/home/oy/iCAT/result/mixF-fixed50-tenhour-20261004/mixF-fixed50-rep1-x30/control-series.txt
1791090811,2026-10-04T14:13:31+09:00,13992.0,FIO-Fast,1,1,2292539113472,559701932,456420401,1.8154704761676612,active_cumulative,/home/oy/iCAT/result/mixF-fixed50-tenhour-20261004/mixF-fixed50-rep1-x30/control-series.txt
1791090841,2026-10-04T14:14:01+09:00,14022.0,FIO-Fast,1,1,2297455857664,560902309,457446452,1.8155545888473066,active_cumulative,/home/oy/iCAT/result/mixF-fixed50-tenhour-20261004/mixF-fixed50-rep1-x30/control-series.txt
1791090871,2026-10-04T14:14:31+09:00,14052.0,FIO-Fast,1,1,2302372540416,562102671,458465414,1.8156257524704058,active_cumulative,/home/oy/iCAT/result/mixF-fixed50-tenhour-20261004/mixF-fixed50-rep1-x30/control-series.txt
1791090901,2026-10-04T14:15:01+09:00,14082.0,FIO-Fast,1,1,2307289649152,563303137,459450737,1.8156367448030029,active_cumulative,/home/oy/iCAT/result/mixF-fixed50-tenhour-20261004/mixF-fixed50-rep1-x30/control-series.txt
1791090931,2026-10-04T14:15:31+09:00,14112.0,FIO-Fast,1,1,2312206282752,564503487,460415342,1.8156111567119515,active_cumulative,/home/oy/iCAT/result/mixF-fixed50-tenhour-20261004/mixF-fixed50-rep1-x30/control-series.txt
1791090961,2026-10-04T14:16:01+09:00,14142.0,FIO-Fast,1,1,2317123047424,565703869,461347252,1.815527835818991,active_cumulative,/home/oy/iCAT/result/mixF-fixed50-tenhour-20261004/mixF-fixed50-rep1-x30/control-series.txt
1791090991,2026-10-04T14:16:31+09:00,14172.0,FIO-Fast,1,1,2322039967744,566904289,462245825,1.8153860077781137,active_cumulative,/home/oy/iCAT/result/mixF-fixed50-tenhour-20261004/mixF-fixed50-rep1-x30/control-series.txt
1791091021,2026-10-04T14:17:01+09:00,14202.0,FIO-Fast,1,1,2326956613632,568104642,463193271,1.8153309034218381,active_cumulative,/home/oy/iCAT/result/mixF-fixed50-tenhour-20261004/mixF-fixed50-rep1-x30/control-series.txt
1791091051,2026-10-04T14:17:31+09:00,14232.0,FIO-Fast,1,1,2331873226752,569304987,464211026,1.8153995426005287,active_cumulative,/home/oy/iCAT/result/mixF-fixed50-tenhour-20261004/mixF-fixed50-rep1-x30/control-series.txt
1791091081,2026-10-04T14:18:01+09:00,14262.0,FIO-Fast,1,1,2336789979136,570505366,465253194,1.815510636231246,active_cumulative,/home/oy/iCAT/result/mixF-fixed50-tenhour-20261004/mixF-fixed50-rep1-x30/control-series.txt
1791091111,2026-10-04T14:18:31+09:00,14292.0,FIO-Fast,1,1,2341706551296,571705701,466277481,1.8155900495384425,active_cumulative,/home/oy/iCAT/result/mixF-fixed50-tenhour-20261004/mixF-fixed50-rep1-x30/control-series.txt
1791091141,2026-10-04T14:19:01+09:00,14322.0,FIO-Fast,1,1,2346623266816,572906071,467274714,1.8156218578455245,active_cumulative,/home/oy/iCAT/result/mixF-fixed50-tenhour-20261004/mixF-fixed50-rep1-x30/control-series.txt
1791091171,2026-10-04T14:19:31+09:00,14352.0,FIO-Fast,1,1,2351540154368,574106483,468273070,1.815655429552082,active_cumulative,/home/oy/iCAT/result/mixF-fixed50-tenhour-20261004/mixF-fixed50-rep1-x30/control-series.txt
1791091201,2026-10-04T14:20:01+09:00,14382.0,FIO-Fast,1,1,2356457275392,575306952,469255637,1.8156613358637113,active_cumulative,/home/oy/iCAT/result/mixF-fixed50-tenhour-20261004/mixF-fixed50-rep1-x30/control-series.txt
1791091231,2026-10-04T14:20:31+09:00,14412.0,FIO-Fast,1,1,2361374154752,576507362,470214443,1.8156260856214357,active_cumulative,/home/oy/iCAT/result/mixF-fixed50-tenhour-20261004/mixF-fixed50-rep1-x30/control-series.txt
1791091261,2026-10-04T14:21:01+09:00,14442.0,FIO-Fast,1,1,2366290866176,577707731,471132643,1.815520751616876,active_cumulative,/home/oy/iCAT/result/mixF-fixed50-tenhour-20261004/mixF-fixed50-rep1-x30/control-series.txt
1791091291,2026-10-04T14:21:31+09:00,14472.0,FIO-Fast,1,1,2371207643136,578908116,472108877,1.8155160792390757,active_cumulative,/home/oy/iCAT/result/mixF-fixed50-tenhour-20261004/mixF-fixed50-rep1-x30/control-series.txt
1791091321,2026-10-04T14:22:01+09:00,14502.0,FIO-Fast,1,1,2376124424192,580108502,473107361,1.81554977968587,active_cumulative,/home/oy/iCAT/result/mixF-fixed50-tenhour-20261004/mixF-fixed50-rep1-x30/control-series.txt
1791091351,2026-10-04T14:22:31+09:00,14532.0,FIO-Fast,1,1,2381041209344,581308889,474109799,1.8155901414402766,active_cumulative,/home/oy/iCAT/result/mixF-fixed50-tenhour-20261004/mixF-fixed50-rep1-x30/control-series.txt
1791091381,2026-10-04T14:23:01+09:00,14562.0,FIO-Fast,1,1,2385957974016,582509271,475114090,1.8156335249126019,active_cumulative,/home/oy/iCAT/result/mixF-fixed50-tenhour-20261004/mixF-fixed50-rep1-x30/control-series.txt
1791091411,2026-10-04T14:23:31+09:00,14592.0,FIO-Fast,1,1,2390874755072,583709657,476099028,1.8156435691794628,active_cumulative,/home/oy/iCAT/result/mixF-fixed50-tenhour-20261004/mixF-fixed50-rep1-x30/control-series.txt
1791091441,2026-10-04T14:24:01+09:00,14622.0,FIO-Fast,1,1,2395792097280,584910180,477085914,1.8156567115997193,active_cumulative,/home/oy/iCAT/result/mixF-fixed50-tenhour-20261004/mixF-fixed50-rep1-x30/control-series.txt
1791091471,2026-10-04T14:24:31+09:00,14652.0,FIO-Fast,1,1,2400708968448,586110588,478053203,1.8156365245529398,active_cumulative,/home/oy/iCAT/result/mixF-fixed50-tenhour-20261004/mixF-fixed50-rep1-x30/control-series.txt
1791091501,2026-10-04T14:25:01+09:00,14682.0,FIO-Fast,1,1,2405625741312,587310972,478995477,1.8155738609289935,active_cumulative,/home/oy/iCAT/result/mixF-fixed50-tenhour-20261004/mixF-fixed50-rep1-x30/control-series.txt
1791091531,2026-10-04T14:25:31+09:00,14712.0,FIO-Fast,1,1,2410542403584,588511329,479928861,1.8154963844374863,active_cumulative,/home/oy/iCAT/result/mixF-fixed50-tenhour-20261004/mixF-fixed50-rep1-x30/control-series.txt
1791091561,2026-10-04T14:26:01+09:00,14742.0,FIO-Fast,1,1,2415459160064,589711709,480944039,1.8155578932213468,active_cumulative,/home/oy/iCAT/result/mixF-fixed50-tenhour-20261004/mixF-fixed50-rep1-x30/control-series.txt
1791091591,2026-10-04T14:26:31+09:00,14772.0,FIO-Fast,1,1,2420375744512,590912047,481991280,1.8156734702685795,active_cumulative,/home/oy/iCAT/result/mixF-fixed50-tenhour-20261004/mixF-fixed50-rep1-x30/control-series.txt
1791091621,2026-10-04T14:27:01+09:00,14802.0,FIO-Fast,1,1,2425292374016,592112396,483003025,1.8157286154840102,active_cumulative,/home/oy/iCAT/result/mixF-fixed50-tenhour-20261004/mixF-fixed50-rep1-x30/control-series.txt
1791091651,2026-10-04T14:27:31+09:00,14832.0,FIO-Fast,1,1,2430209183744,593312789,483996987,1.8157535046830078,active_cumulative,/home/oy/iCAT/result/mixF-fixed50-tenhour-20261004/mixF-fixed50-rep1-x30/control-series.txt
1791091681,2026-10-04T14:28:01+09:00,14862.0,FIO-Fast,1,1,2435126202368,594513233,484965658,1.8157356827076714,active_cumulative,/home/oy/iCAT/result/mixF-fixed50-tenhour-20261004/mixF-fixed50-rep1-x30/control-series.txt
1791091711,2026-10-04T14:28:31+09:00,14892.0,FIO-Fast,1,1,2440043163648,595713663,485920763,1.815695179044433,active_cumulative,/home/oy/iCAT/result/mixF-fixed50-tenhour-20261004/mixF-fixed50-rep1-x30/control-series.txt
1791091741,2026-10-04T14:29:01+09:00,14922.0,FIO-Fast,1,1,2444959744000,596914000,486864911,1.8156366092938012,active_cumulative,/home/oy/iCAT/result/mixF-fixed50-tenhour-20261004/mixF-fixed50-rep1-x30/control-series.txt
1791091771,2026-10-04T14:29:31+09:00,14952.0,FIO-Fast,1,1,2449876324352,598114337,487806098,1.8155733240683043,active_cumulative,/home/oy/iCAT/result/mixF-fixed50-tenhour-20261004/mixF-fixed50-rep1-x30/control-series.txt
1791091801,2026-10-04T14:30:01+09:00,14982.0,FIO-Fast,1,1,2454793367552,599314787,488750922,1.8155162071781152,active_cumulative,/home/oy/iCAT/result/mixF-fixed50-tenhour-20261004/mixF-fixed50-rep1-x30/control-series.txt
1791091831,2026-10-04T14:30:31+09:00,15012.0,FIO-Fast,1,1,2459710427136,600515241,489769301,1.8155817996965709,active_cumulative,/home/oy/iCAT/result/mixF-fixed50-tenhour-20261004/mixF-fixed50-rep1-x30/control-series.txt
1791091861,2026-10-04T14:31:01+09:00,15042.0,FIO-Fast,1,1,2464627515392,601715702,490803734,1.8156738013793763,active_cumulative,/home/oy/iCAT/result/mixF-fixed50-tenhour-20261004/mixF-fixed50-rep1-x30/control-series.txt
1791091891,2026-10-04T14:31:31+09:00,15072.0,FIO-Fast,1,1,2469544644608,602916173,491830407,1.8157525523867477,active_cumulative,/home/oy/iCAT/result/mixF-fixed50-tenhour-20261004/mixF-fixed50-rep1-x30/control-series.txt
1791091921,2026-10-04T14:32:01+09:00,15102.0,FIO-Fast,1,1,2474461483008,604116573,492845053,1.815811177886689,active_cumulative,/home/oy/iCAT/result/mixF-fixed50-tenhour-20261004/mixF-fixed50-rep1-x30/control-series.txt
1791091951,2026-10-04T14:32:31+09:00,15132.0,FIO-Fast,1,1,2479378194432,605316942,493840979,1.8158386867024119,active_cumulative,/home/oy/iCAT/result/mixF-fixed50-tenhour-20261004/mixF-fixed50-rep1-x30/control-series.txt
1791091981,2026-10-04T14:33:01+09:00,15162.0,FIO-Fast,1,1,2484294950912,606517322,494801202,1.8158072062449686,active_cumulative,/home/oy/iCAT/result/mixF-fixed50-tenhour-20261004/mixF-fixed50-rep1-x30/control-series.txt
1791092011,2026-10-04T14:33:31+09:00,15192.0,FIO-Fast,1,1,2489211559936,607717666,495738905,1.8157388417930242,active_cumulative,/home/oy/iCAT/result/mixF-fixed50-tenhour-20261004/mixF-fixed50-rep1-x30/control-series.txt
1791092041,2026-10-04T14:34:01+09:00,15222.0,FIO-Fast,1,1,2494128349184,608918054,496643741,1.8156167118671112,active_cumulative,/home/oy/iCAT/result/mixF-fixed50-tenhour-20261004/mixF-fixed50-rep1-x30/control-series.txt
1791092071,2026-10-04T14:34:31+09:00,15252.0,FIO-Fast,1,1,2499045134336,610118441,497581725,1.8155493942855596,active_cumulative,/home/oy/iCAT/result/mixF-fixed50-tenhour-20261004/mixF-fixed50-rep1-x30/control-series.txt
1791092101,2026-10-04T14:35:01+09:00,15282.0,FIO-Fast,1,1,2503962079232,611318867,498598938,1.8156118924430316,active_cumulative,/home/oy/iCAT/result/mixF-fixed50-tenhour-20261004/mixF-fixed50-rep1-x30/control-series.txt
1791092131,2026-10-04T14:35:31+09:00,15312.0,FIO-Fast,1,1,2508878725120,612519220,499631634,1.8156995204166817,active_cumulative,/home/oy/iCAT/result/mixF-fixed50-tenhour-20261004/mixF-fixed50-rep1-x30/control-series.txt
1791092161,2026-10-04T14:36:01+09:00,15342.0,FIO-Fast,1,1,2513795416064,613719584,500656038,1.8157732799349613,active_cumulative,/home/oy/iCAT/result/mixF-fixed50-tenhour-20261004/mixF-fixed50-rep1-x30/control-series.txt
1791092191,2026-10-04T14:36:31+09:00,15372.0,FIO-Fast,1,1,2518711971840,614919915,501657580,1.8158096164441186,active_cumulative,/home/oy/iCAT/result/mixF-fixed50-tenhour-20261004/mixF-fixed50-rep1-x30/control-series.txt
1791092221,2026-10-04T14:37:01+09:00,15402.0,FIO-Fast,1,1,2523628457984,616120229,502643520,1.815820510902264,active_cumulative,/home/oy/iCAT/result/mixF-fixed50-tenhour-20261004/mixF-fixed50-rep1-x30/control-series.txt
1791092251,2026-10-04T14:37:31+09:00,15432.0,FIO-Fast,1,1,2528544968704,617320549,503628576,1.8158299230696757,active_cumulative,/home/oy/iCAT/result/mixF-fixed50-tenhour-20261004/mixF-fixed50-rep1-x30/control-series.txt
1791092281,2026-10-04T14:38:01+09:00,15462.0,FIO-Fast,1,1,2533461807104,618520949,504585558,1.8157938042612685,active_cumulative,/home/oy/iCAT/result/mixF-fixed50-tenhour-20261004/mixF-fixed50-rep1-x30/control-series.txt
1791092311,2026-10-04T14:38:31+09:00,15492.0,FIO-Fast,1,1,2538378342400,619721275,505518066,1.8157184308381216,active_cumulative,/home/oy/iCAT/result/mixF-fixed50-tenhour-20261004/mixF-fixed50-rep1-x30/control-series.txt
1791092341,2026-10-04T14:39:01+09:00,15522.0,FIO-Fast,1,1,2543295160320,620921670,506494064,1.8157132992314473,active_cumulative,/home/oy/iCAT/result/mixF-fixed50-tenhour-20261004/mixF-fixed50-rep1-x30/control-series.txt
1791092371,2026-10-04T14:39:31+09:00,15552.0,FIO-Fast,1,1,2548211838976,622122031,507516187,1.8157823734102738,active_cumulative,/home/oy/iCAT/result/mixF-fixed50-tenhour-20261004/mixF-fixed50-rep1-x30/control-series.txt
1791092401,2026-10-04T14:40:01+09:00,15582.0,FIO-Fast,1,1,2553128648704,623322424,508510856,1.815807095045244,active_cumulative,/home/oy/iCAT/result/mixF-fixed50-tenhour-20261004/mixF-fixed50-rep1-x30/control-series.txt
1791092431,2026-10-04T14:40:31+09:00,15612.0,FIO-Fast,1,1,2558045732864,624522884,509518272,1.8158520449028095,active_cumulative,/home/oy/iCAT/result/mixF-fixed50-tenhour-20261004/mixF-fixed50-rep1-x30/control-series.txt
1791092461,2026-10-04T14:41:01+09:00,15642.0,FIO-Fast,1,1,2562962403328,625723243,510490755,1.8158411257866602,active_cumulative,/home/oy/iCAT/result/mixF-fixed50-tenhour-20261004/mixF-fixed50-rep1-x30/control-series.txt
1791092491,2026-10-04T14:41:31+09:00,15672.0,FIO-Fast,1,1,2567878983680,626923580,511472017,1.8158442804145283,active_cumulative,/home/oy/iCAT/result/mixF-fixed50-tenhour-20261004/mixF-fixed50-rep1-x30/control-series.txt
1791092521,2026-10-04T14:42:01+09:00,15702.0,FIO-Fast,1,1,2572795809792,628123977,512442837,1.815830720946989,active_cumulative,/home/oy/iCAT/result/mixF-fixed50-tenhour-20261004/mixF-fixed50-rep1-x30/control-series.txt
1791092551,2026-10-04T14:42:31+09:00,15732.0,FIO-Fast,1,1,2577712566272,629324357,513393370,1.8157849990859325,active_cumulative,/home/oy/iCAT/result/mixF-fixed50-tenhour-20261004/mixF-fixed50-rep1-x30/control-series.txt
1791092581,2026-10-04T14:43:01+09:00,15762.0,FIO-Fast,1,1,2582629240832,630524717,514325014,1.8157095196000064,active_cumulative,/home/oy/iCAT/result/mixF-fixed50-tenhour-20261004/mixF-fixed50-rep1-x30/control-series.txt
1791092611,2026-10-04T14:43:31+09:00,15792.0,FIO-Fast,1,1,2587545956352,631725087,515346412,1.8157763916695617,active_cumulative,/home/oy/iCAT/result/mixF-fixed50-tenhour-20261004/mixF-fixed50-rep1-x30/control-series.txt
1791092641,2026-10-04T14:44:01+09:00,15822.0,FIO-Fast,1,1,2592462655488,632925453,516390990,1.8158796388300724,active_cumulative,/home/oy/iCAT/result/mixF-fixed50-tenhour-20261004/mixF-fixed50-rep1-x30/control-series.txt
1791092671,2026-10-04T14:44:31+09:00,15852.0,FIO-Fast,1,1,2597379317760,634125810,517415262,1.815950484652249,active_cumulative,/home/oy/iCAT/result/mixF-fixed50-tenhour-20261004/mixF-fixed50-rep1-x30/control-series.txt
1791092701,2026-10-04T14:45:01+09:00,15882.0,FIO-Fast,1,1,2602295689216,635326096,518409734,1.8159742489154733,active_cumulative,/home/oy/iCAT/result/mixF-fixed50-tenhour-20261004/mixF-fixed50-rep1-x30/control-series.txt
1791092731,2026-10-04T14:45:31+09:00,15912.0,FIO-Fast,1,1,2607212347392,636526452,519393617,1.8159811982173524,active_cumulative,/home/oy/iCAT/result/mixF-fixed50-tenhour-20261004/mixF-fixed50-rep1-x30/control-series.txt
1791092761,2026-10-04T14:46:01+09:00,15942.0,FIO-Fast,1,1,2612128997376,637726806,520328029,1.8159105499479349,active_cumulative,/home/oy/iCAT/result/mixF-fixed50-tenhour-20261004/mixF-fixed50-rep1-x30/control-series.txt
1791092791,2026-10-04T14:46:31+09:00,15972.0,FIO-Fast,1,1,2617045454848,638927113,521283909,1.8158738272232313,active_cumulative,/home/oy/iCAT/result/mixF-fixed50-tenhour-20261004/mixF-fixed50-rep1-x30/control-series.txt
1791092821,2026-10-04T14:47:01+09:00,16002.0,FIO-Fast,1,1,2621962076160,640127460,522205425,1.8157835081781992,active_cumulative,/home/oy/iCAT/result/mixF-fixed50-tenhour-20261004/mixF-fixed50-rep1-x30/control-series.txt
1791092851,2026-10-04T14:47:31+09:00,16032.0,FIO-Fast,1,1,2626878816256,641327836,523141557,1.81571628055764,active_cumulative,/home/oy/iCAT/result/mixF-fixed50-tenhour-20261004/mixF-fixed50-rep1-x30/control-series.txt
1791092881,2026-10-04T14:48:01+09:00,16062.0,FIO-Fast,1,1,2631795535872,642528207,524168148,1.8157900965116696,active_cumulative,/home/oy/iCAT/result/mixF-fixed50-tenhour-20261004/mixF-fixed50-rep1-x30/control-series.txt
1791092911,2026-10-04T14:48:31+09:00,16092.0,FIO-Fast,1,1,2636712468480,643728630,525210892,1.815888664140975,active_cumulative,/home/oy/iCAT/result/mixF-fixed50-tenhour-20261004/mixF-fixed50-rep1-x30/control-series.txt
1791092941,2026-10-04T14:49:01+09:00,16122.0,FIO-Fast,1,1,2641629446144,644929064,526227035,1.8159456045231046,active_cumulative,/home/oy/iCAT/result/mixF-fixed50-tenhour-20261004/mixF-fixed50-rep1-x30/control-series.txt
1791092971,2026-10-04T14:49:31+09:00,16152.0,FIO-Fast,1,1,2646546059264,646129409,527243091,1.8160023110788321,active_cumulative,/home/oy/iCAT/result/mixF-fixed50-tenhour-20261004/mixF-fixed50-rep1-x30/control-series.txt
1791093001,2026-10-04T14:50:01+09:00,16182.0,FIO-Fast,1,1,2651463073792,647329852,528237665,1.8160254982339359,active_cumulative,/home/oy/iCAT/result/mixF-fixed50-tenhour-20261004/mixF-fixed50-rep1-x30/control-series.txt
1791093031,2026-10-04T14:50:31+09:00,16212.0,FIO-Fast,1,1,2656380264448,648530338,529214956,1.8160218959563923,active_cumulative,/home/oy/iCAT/result/mixF-fixed50-tenhour-20261004/mixF-fixed50-rep1-x30/control-series.txt
1791093061,2026-10-04T14:51:01+09:00,16242.0,FIO-Fast,1,1,2661296840704,649730674,530148120,1.8159505795473647,active_cumulative,/home/oy/iCAT/result/mixF-fixed50-tenhour-20261004/mixF-fixed50-rep1-x30/control-series.txt
1791093091,2026-10-04T14:51:31+09:00,16272.0,FIO-Fast,1,1,2666213302272,650930982,531063903,1.8158528594971686,active_cumulative,/home/oy/iCAT/result/mixF-fixed50-tenhour-20261004/mixF-fixed50-rep1-x30/control-series.txt
1791093121,2026-10-04T14:52:01+09:00,16302.0,FIO-Fast,1,1,2671130075136,652131366,531992143,1.815774506083181,active_cumulative,/home/oy/iCAT/result/mixF-fixed50-tenhour-20261004/mixF-fixed50-rep1-x30/control-series.txt
1791093151,2026-10-04T14:52:31+09:00,16332.0,FIO-Fast,1,1,2676046868480,653331755,533018485,1.8158465908334733,active_cumulative,/home/oy/iCAT/result/mixF-fixed50-tenhour-20261004/mixF-fixed50-rep1-x30/control-series.txt
1791093181,2026-10-04T14:53:01+09:00,16362.0,FIO-Fast,1,1,2680963842048,654532188,534030249,1.8158960839371279,active_cumulative,/home/oy/iCAT/result/mixF-fixed50-tenhour-20261004/mixF-fixed50-rep1-x30/control-series.txt
1791093211,2026-10-04T14:53:31+09:00,16392.0,FIO-Fast,1,1,2685880926208,655732648,535049384,1.8159566030941319,active_cumulative,/home/oy/iCAT/result/mixF-fixed50-tenhour-20261004/mixF-fixed50-rep1-x30/control-series.txt
1791093241,2026-10-04T14:54:01+09:00,16422.0,FIO-Fast,1,1,2690797498368,656932983,536050622,1.8159898130735201,active_cumulative,/home/oy/iCAT/result/mixF-fixed50-tenhour-20261004/mixF-fixed50-rep1-x30/control-series.txt
1791093271,2026-10-04T14:54:31+09:00,16452.0,FIO-Fast,1,1,2695714635776,658133456,537038396,1.8160022729493333,active_cumulative,/home/oy/iCAT/result/mixF-fixed50-tenhour-20261004/mixF-fixed50-rep1-x30/control-series.txt
1791093301,2026-10-04T14:55:01+09:00,16482.0,FIO-Fast,1,1,2700631605248,659333888,538016120,1.8159994955393526,active_cumulative,/home/oy/iCAT/result/mixF-fixed50-tenhour-20261004/mixF-fixed50-rep1-x30/control-series.txt
1791093331,2026-10-04T14:55:31+09:00,16512.0,FIO-Fast,1,1,2705548214272,660534232,538971896,1.8159636092864904,active_cumulative,/home/oy/iCAT/result/mixF-fixed50-tenhour-20261004/mixF-fixed50-rep1-x30/control-series.txt
1791093361,2026-10-04T14:56:01+09:00,16542.0,FIO-Fast,1,1,2710464851968,661734583,539908537,1.8158989281658866,active_cumulative,/home/oy/iCAT/result/mixF-fixed50-tenhour-20261004/mixF-fixed50-rep1-x30/control-series.txt
1791093391,2026-10-04T14:56:31+09:00,16572.0,FIO-Fast,1,1,2715381489664,662934934,540899262,1.8159160639436147,active_cumulative,/home/oy/iCAT/result/mixF-fixed50-tenhour-20261004/mixF-fixed50-rep1-x30/control-series.txt
1791093421,2026-10-04T14:57:01+09:00,16602.0,FIO-Fast,1,1,2720298356736,664135341,541922775,1.8159824384349394,active_cumulative,/home/oy/iCAT/result/mixF-fixed50-tenhour-20261004/mixF-fixed50-rep1-x30/control-series.txt
1791093451,2026-10-04T14:57:31+09:00,16632.0,FIO-Fast,1,1,2725215059968,665335708,542930096,1.8160242858932802,active_cumulative,/home/oy/iCAT/result/mixF-fixed50-tenhour-20261004/mixF-fixed50-rep1-x30/control-series.txt
1791093481,2026-10-04T14:58:01+09:00,16662.0,FIO-Fast,1,1,2730131673088,666536053,543910877,1.8160261917595026,active_cumulative,/home/oy/iCAT/result/mixF-fixed50-tenhour-20261004/mixF-fixed50-rep1-x30/control-series.txt
1791093511,2026-10-04T14:58:31+09:00,16692.0,FIO-Fast,1,1,2735048462336,667736441,544900045,1.8160405985690393,active_cumulative,/home/oy/iCAT/result/mixF-fixed50-tenhour-20261004/mixF-fixed50-rep1-x30/control-series.txt
1791093541,2026-10-04T14:59:01+09:00,16722.0,FIO-Fast,1,1,2739965194240,668936815,545861450,1.8160134675798938,active_cumulative,/home/oy/iCAT/result/mixF-fixed50-tenhour-20261004/mixF-fixed50-rep1-x30/control-series.txt
1791093571,2026-10-04T14:59:31+09:00,16752.0,FIO-Fast,1,1,2744881930240,670137190,546832493,1.8160008146988529,active_cumulative,/home/oy/iCAT/result/mixF-fixed50-tenhour-20261004/mixF-fixed50-rep1-x30/control-series.txt
1791093601,2026-10-04T15:00:01+09:00,16782.0,FIO-Fast,1,1,2749798707200,671337575,547776123,1.8159473615043817,active_cumulative,/home/oy/iCAT/result/mixF-fixed50-tenhour-20261004/mixF-fixed50-rep1-x30/control-series.txt
1791093631,2026-10-04T15:00:31+09:00,16812.0,FIO-Fast,1,1,2754715910144,672538064,548706415,1.8158741406196452,active_cumulative,/home/oy/iCAT/result/mixF-fixed50-tenhour-20261004/mixF-fixed50-rep1-x30/control-series.txt
1791093661,2026-10-04T15:01:01+09:00,16842.0,FIO-Fast,1,1,2759632683008,673738448,549719498,1.8159241908070534,active_cumulative,/home/oy/iCAT/result/mixF-fixed50-tenhour-20261004/mixF-fixed50-rep1-x30/control-series.txt
1791093691,2026-10-04T15:01:31+09:00,16872.0,FIO-Fast,1,1,2764549369856,674938811,550768827,1.8160277909992644,active_cumulative,/home/oy/iCAT/result/mixF-fixed50-tenhour-20261004/mixF-fixed50-rep1-x30/control-series.txt
1791093721,2026-10-04T15:02:01+09:00,16902.0,FIO-Fast,1,1,2769466216448,676139213,551798158,1.8161013995205155,active_cumulative,/home/oy/iCAT/result/mixF-fixed50-tenhour-20261004/mixF-fixed50-rep1-x30/control-series.txt
1791093751,2026-10-04T15:02:31+09:00,16932.0,FIO-Fast,1,1,2774382915584,677339579,552798246,1.8161316171958113,active_cumulative,/home/oy/iCAT/result/mixF-fixed50-tenhour-20261004/mixF-fixed50-rep1-x30/control-series.txt
1791093781,2026-10-04T15:03:01+09:00,16962.0,FIO-Fast,1,1,2779299655680,678539955,553780023,1.816134730046958,active_cumulative,/home/oy/iCAT/result/mixF-fixed50-tenhour-20261004/mixF-fixed50-rep1-x30/control-series.txt
1791093811,2026-10-04T15:03:31+09:00,16992.0,FIO-Fast,1,1,2784216395776,679740331,554734264,1.8160973223170422,active_cumulative,/home/oy/iCAT/result/mixF-fixed50-tenhour-20261004/mixF-fixed50-rep1-x30/control-series.txt
1791093841,2026-10-04T15:04:01+09:00,17022.0,FIO-Fast,1,1,2789132988416,680940671,555656477,1.8160130546821165,active_cumulative,/home/oy/iCAT/result/mixF-fixed50-tenhour-20261004/mixF-fixed50-rep1-x30/control-series.txt
1791093871,2026-10-04T15:04:31+09:00,17052.0,FIO-Fast,1,1,2794049662976,682141031,556590131,1.8159458318817947,active_cumulative,/home/oy/iCAT/result/mixF-fixed50-tenhour-20261004/mixF-fixed50-rep1-x30/control-series.txt
1791093901,2026-10-04T15:05:01+09:00,17082.0,FIO-Fast,1,1,2798966292480,683341380,557526497,1.8158828271163676,active_cumulative,/home/oy/iCAT/result/mixF-fixed50-tenhour-20261004/mixF-fixed50-rep1-x30/control-series.txt
1791093931,2026-10-04T15:05:31+09:00,17112.0,FIO-Fast,1,1,2803882807296,684541701,558551867,1.8159500965157416,active_cumulative,/home/oy/iCAT/result/mixF-fixed50-tenhour-20261004/mixF-fixed50-rep1-x30/control-series.txt
1791093961,2026-10-04T15:06:01+09:00,17142.0,FIO-Fast,1,1,2808799309824,685742019,559599407,1.8160494639311289,active_cumulative,/home/oy/iCAT/result/mixF-fixed50-tenhour-20261004/mixF-fixed50-rep1-x30/control-series.txt
1791093991,2026-10-04T15:06:31+09:00,17172.0,FIO-Fast,1,1,2813716176896,686942426,560612533,1.816098280993348,active_cumulative,/home/oy/iCAT/result/mixF-fixed50-tenhour-20261004/mixF-fixed50-rep1-x30/control-series.txt
1791094021,2026-10-04T15:07:01+09:00,17202.0,FIO-Fast,1,1,2818632900608,688142798,561622421,1.8161422638328621,active_cumulative,/home/oy/iCAT/result/mixF-fixed50-tenhour-20261004/mixF-fixed50-rep1-x30/control-series.txt
1791094051,2026-10-04T15:07:31+09:00,17232.0,FIO-Fast,1,1,2823549616128,689343168,562621504,1.8161704215221874,active_cumulative,/home/oy/iCAT/result/mixF-fixed50-tenhour-20261004/mixF-fixed50-rep1-x30/control-series.txt
1791094081,2026-10-04T15:08:01+09:00,17262.0,FIO-Fast,1,1,2828466270208,690543523,563604666,1.8161754432964248,active_cumulative,/home/oy/iCAT/result/mixF-fixed50-tenhour-20261004/mixF-fixed50-rep1-x30/control-series.txt
1791094111,2026-10-04T15:08:31+09:00,17292.0,FIO-Fast,1,1,2833382924288,691743878,564549012,1.816124334388399,active_cumulative,/home/oy/iCAT/result/mixF-fixed50-tenhour-20261004/mixF-fixed50-rep1-x30/control-series.txt
1791094141,2026-10-04T15:09:01+09:00,17322.0,FIO-Fast,1,1,2838299738112,692944272,565466091,1.816034007132972,active_cumulative,/home/oy/iCAT/result/mixF-fixed50-tenhour-20261004/mixF-fixed50-rep1-x30/control-series.txt
1791094171,2026-10-04T15:09:31+09:00,17352.0,FIO-Fast,1,1,2843216515072,694144657,566408607,1.815980647964564,active_cumulative,/home/oy/iCAT/result/mixF-fixed50-tenhour-20261004/mixF-fixed50-rep1-x30/control-series.txt
1791094202,2026-10-04T15:10:02+09:00,17383.0,FIO-Fast,1,1,2848133120000,695345000,567416437,1.8160214526601903,active_cumulative,/home/oy/iCAT/result/mixF-fixed50-tenhour-20261004/mixF-fixed50-rep1-x30/control-series.txt
1791094232,2026-10-04T15:10:32+09:00,17413.0,FIO-Fast,1,1,2853049790464,696545359,568442630,1.8160884609382633,active_cumulative,/home/oy/iCAT/result/mixF-fixed50-tenhour-20261004/mixF-fixed50-rep1-x30/control-series.txt
1791094262,2026-10-04T15:11:02+09:00,17443.0,FIO-Fast,1,1,2857966559232,697745742,569442159,1.8161169960962655,active_cumulative,/home/oy/iCAT/result/mixF-fixed50-tenhour-20261004/mixF-fixed50-rep1-x30/control-series.txt
1791094292,2026-10-04T15:11:32+09:00,17473.0,FIO-Fast,1,1,2862883000320,698946045,570446273,1.816152086531944,active_cumulative,/home/oy/iCAT/result/mixF-fixed50-tenhour-20261004/mixF-fixed50-rep1-x30/control-series.txt
1791094322,2026-10-04T15:12:02+09:00,17503.0,FIO-Fast,1,1,2867799728128,700146418,571436818,1.816167594818717,active_cumulative,/home/oy/iCAT/result/mixF-fixed50-tenhour-20261004/mixF-fixed50-rep1-x30/control-series.txt
1791094352,2026-10-04T15:12:32+09:00,17533.0,FIO-Fast,1,1,2872716656640,701346840,572403747,1.8161493206414105,active_cumulative,/home/oy/iCAT/result/mixF-fixed50-tenhour-20261004/mixF-fixed50-rep1-x30/control-series.txt
1791094382,2026-10-04T15:13:02+09:00,17563.0,FIO-Fast,1,1,2877633314816,702547196,573360043,1.8161160506574707,active_cumulative,/home/oy/iCAT/result/mixF-fixed50-tenhour-20261004/mixF-fixed50-rep1-x30/control-series.txt
1791094412,2026-10-04T15:13:32+09:00,17593.0,FIO-Fast,1,1,2882550468608,703747673,574297352,1.8160557740131953,active_cumulative,/home/oy/iCAT/result/mixF-fixed50-tenhour-20261004/mixF-fixed50-rep1-x30/control-series.txt
1791094442,2026-10-04T15:14:02+09:00,17623.0,FIO-Fast,1,1,2887467065344,704948014,575303869,1.8160940347014014,active_cumulative,/home/oy/iCAT/result/mixF-fixed50-tenhour-20261004/mixF-fixed50-rep1-x30/control-series.txt
1791094472,2026-10-04T15:14:32+09:00,17653.0,FIO-Fast,1,1,2892383805440,706148390,576329682,1.816159450565341,active_cumulative,/home/oy/iCAT/result/mixF-fixed50-tenhour-20261004/mixF-fixed50-rep1-x30/control-series.txt
1791094502,2026-10-04T15:15:02+09:00,17683.0,FIO-Fast,1,1,2897300426752,707348737,577341636,1.8162050849890752,active_cumulative,/home/oy/iCAT/result/mixF-fixed50-tenhour-20261004/mixF-fixed50-rep1-x30/control-series.txt
1791094532,2026-10-04T15:15:32+09:00,17713.0,FIO-Fast,1,1,2902217195520,708549120,578323355,1.816207851616554,active_cumulative,/home/oy/iCAT/result/mixF-fixed50-tenhour-20261004/mixF-fixed50-rep1-x30/control-series.txt
1791094562,2026-10-04T15:16:02+09:00,17743.0,FIO-Fast,1,1,2907133714432,709749442,579301207,1.8162052306340524,active_cumulative,/home/oy/iCAT/result/mixF-fixed50-tenhour-20261004/mixF-fixed50-rep1-x30/control-series.txt
1791094592,2026-10-04T15:16:32+09:00,17773.0,FIO-Fast,1,1,2912050704384,710949879,580265754,1.8161837720771312,active_cumulative,/home/oy/iCAT/result/mixF-fixed50-tenhour-20261004/mixF-fixed50-rep1-x30/control-series.txt
1791094622,2026-10-04T15:17:02+09:00,17803.0,FIO-Fast,1,1,2916967264256,712150211,581220626,1.8161489205821495,active_cumulative,/home/oy/iCAT/result/mixF-fixed50-tenhour-20261004/mixF-fixed50-rep1-x30/control-series.txt
1791094652,2026-10-04T15:17:32+09:00,17833.0,FIO-Fast,1,1,2921883959296,713350576,582169876,1.816106267502334,active_cumulative,/home/oy/iCAT/result/mixF-fixed50-tenhour-20261004/mixF-fixed50-rep1-x30/control-series.txt
1791094682,2026-10-04T15:18:02+09:00,17863.0,FIO-Fast,1,1,2926800564224,714550919,583102830,1.8160409769202186,active_cumulative,/home/oy/iCAT/result/mixF-fixed50-tenhour-20261004/mixF-fixed50-rep1-x30/control-series.txt
1791094712,2026-10-04T15:18:32+09:00,17893.0,FIO-Fast,1,1,2931717226496,715751276,584115480,1.8160872353093787,active_cumulative,/home/oy/iCAT/result/mixF-fixed50-tenhour-20261004/mixF-fixed50-rep1-x30/control-series.txt
1791094742,2026-10-04T15:19:02+09:00,17923.0,FIO-Fast,1,1,2936633864192,716951627,585160696,1.8161787685014905,active_cumulative,/home/oy/iCAT/result/mixF-fixed50-tenhour-20261004/mixF-fixed50-rep1-x30/control-series.txt
1791094772,2026-10-04T15:19:32+09:00,17953.0,FIO-Fast,1,1,2941550497792,718151977,586194909,1.8162546755754456,active_cumulative,/home/oy/iCAT/result/mixF-fixed50-tenhour-20261004/mixF-fixed50-rep1-x30/control-series.txt
1791094802,2026-10-04T15:20:02+09:00,17983.0,FIO-Fast,1,1,2946467287040,719352365,587205097,1.8162968881043438,active_cumulative,/home/oy/iCAT/result/mixF-fixed50-tenhour-20261004/mixF-fixed50-rep1-x30/control-series.txt
1791094832,2026-10-04T15:20:32+09:00,18013.0,Varmail,1,1,2955166535680,721476205,589296740,1.8167930361611857,active_cumulative,/home/oy/iCAT/result/mixF-fixed50-tenhour-20261004/mixF-fixed50-rep1-x30/control-series.txt
1791094862,2026-10-04T15:21:02+09:00,18043.0,Varmail,1,1,2969780461568,725044058,597129991,1.823577525270885,active_cumulative,/home/oy/iCAT/result/mixF-fixed50-tenhour-20261004/mixF-fixed50-rep1-x30/control-series.txt
1791094892,2026-10-04T15:21:32+09:00,18073.0,Varmail,1,1,2983973961728,728509268,605141450,1.8306571742886872,active_cumulative,/home/oy/iCAT/result/mixF-fixed50-tenhour-20261004/mixF-fixed50-rep1-x30/control-series.txt
1791094922,2026-10-04T15:22:02+09:00,18103.0,Varmail,1,1,2998184325120,731978595,613199680,1.83772897758028,active_cumulative,/home/oy/iCAT/result/mixF-fixed50-tenhour-20261004/mixF-fixed50-rep1-x30/control-series.txt
1791094952,2026-10-04T15:22:32+09:00,18133.0,Varmail,1,1,3012485660672,735470132,621282611,1.844742136992723,active_cumulative,/home/oy/iCAT/result/mixF-fixed50-tenhour-20261004/mixF-fixed50-rep1-x30/control-series.txt
1791094982,2026-10-04T15:23:02+09:00,18163.0,Varmail,1,1,3026854563840,738978165,629334711,1.851628289991491,active_cumulative,/home/oy/iCAT/result/mixF-fixed50-tenhour-20261004/mixF-fixed50-rep1-x30/control-series.txt
1791095012,2026-10-04T15:23:32+09:00,18193.0,Varmail,1,1,3041370116096,742522001,637348759,1.8583567330552406,active_cumulative,/home/oy/iCAT/result/mixF-fixed50-tenhour-20261004/mixF-fixed50-rep1-x30/control-series.txt
1791095042,2026-10-04T15:24:02+09:00,18223.0,Varmail,1,1,3055913955328,746072743,645263851,1.8648806125865933,active_cumulative,/home/oy/iCAT/result/mixF-fixed50-tenhour-20261004/mixF-fixed50-rep1-x30/control-series.txt
1791095072,2026-10-04T15:24:32+09:00,18253.0,Varmail,1,1,3070630563840,749665665,653153353,1.87125952740546,active_cumulative,/home/oy/iCAT/result/mixF-fixed50-tenhour-20261004/mixF-fixed50-rep1-x30/control-series.txt
1791095102,2026-10-04T15:25:02+09:00,18283.0,Varmail,1,1,3085437927424,753280744,660989045,1.8774803421763826,active_cumulative,/home/oy/iCAT/result/mixF-fixed50-tenhour-20261004/mixF-fixed50-rep1-x30/control-series.txt
1791095132,2026-10-04T15:25:32+09:00,18313.0,Varmail,1,1,3100352299008,756921948,668790213,1.883565623598485,active_cumulative,/home/oy/iCAT/result/mixF-fixed50-tenhour-20261004/mixF-fixed50-rep1-x30/control-series.txt
1791095162,2026-10-04T15:26:02+09:00,18343.0,Varmail,1,1,3115345063936,760582291,676595619,1.8895758250043189,active_cumulative,/home/oy/iCAT/result/mixF-fixed50-tenhour-20261004/mixF-fixed50-rep1-x30/control-series.txt
1791095192,2026-10-04T15:26:32+09:00,18373.0,Varmail,1,1,3130504015872,764283207,684407466,1.8954893418193342,active_cumulative,/home/oy/iCAT/result/mixF-fixed50-tenhour-20261004/mixF-fixed50-rep1-x30/control-series.txt
1791095222,2026-10-04T15:27:02+09:00,18403.0,Varmail,1,1,3145716637696,767997226,692203301,1.9013096370220484,active_cumulative,/home/oy/iCAT/result/mixF-fixed50-tenhour-20261004/mixF-fixed50-rep1-x30/control-series.txt
1791095252,2026-10-04T15:27:32+09:00,18433.0,Varmail,1,1,3161041375232,771738617,699998829,1.9070413396197847,active_cumulative,/home/oy/iCAT/result/mixF-fixed50-tenhour-20261004/mixF-fixed50-rep1-x30/control-series.txt
1791095282,2026-10-04T15:28:02+09:00,18463.0,Varmail,1,1,3176359874560,775478485,707749732,1.9126619831367726,active_cumulative,/home/oy/iCAT/result/mixF-fixed50-tenhour-20261004/mixF-fixed50-rep1-x30/control-series.txt
1791095312,2026-10-04T15:28:32+09:00,18493.0,Varmail,1,1,3191901118464,779272734,715542663,1.9182185283541564,active_cumulative,/home/oy/iCAT/result/mixF-fixed50-tenhour-20261004/mixF-fixed50-rep1-x30/control-series.txt
1791095342,2026-10-04T15:29:02+09:00,18523.0,Varmail,1,1,3207532834816,783089071,723323879,1.9236802118516605,active_cumulative,/home/oy/iCAT/result/mixF-fixed50-tenhour-20261004/mixF-fixed50-rep1-x30/control-series.txt
1791095372,2026-10-04T15:29:32+09:00,18553.0,Varmail,1,1,3223294705664,786937184,731090274,1.929032569389935,active_cumulative,/home/oy/iCAT/result/mixF-fixed50-tenhour-20261004/mixF-fixed50-rep1-x30/control-series.txt
1791095402,2026-10-04T15:30:02+09:00,18583.0,Varmail,1,1,3239153221632,790808892,738840107,1.934284015359807,active_cumulative,/home/oy/iCAT/result/mixF-fixed50-tenhour-20261004/mixF-fixed50-rep1-x30/control-series.txt
1791095432,2026-10-04T15:30:32+09:00,18613.0,Varmail,1,1,3255110266880,794704655,746555678,1.9394127406992476,active_cumulative,/home/oy/iCAT/result/mixF-fixed50-tenhour-20261004/mixF-fixed50-rep1-x30/control-series.txt
1791095462,2026-10-04T15:31:02+09:00,18643.0,Varmail,1,1,3271096102912,798607447,754253443,1.9444608184326135,active_cumulative,/home/oy/iCAT/result/mixF-fixed50-tenhour-20261004/mixF-fixed50-rep1-x30/control-series.txt
1791095492,2026-10-04T15:31:32+09:00,18673.0,Varmail,1,1,3287133249536,802522766,761924183,1.9494113005636526,active_cumulative,/home/oy/iCAT/result/mixF-fixed50-tenhour-20261004/mixF-fixed50-rep1-x30/control-series.txt
1791095522,2026-10-04T15:32:02+09:00,18703.0,Varmail,1,1,3303232585728,806453268,769589386,1.9542888801338454,active_cumulative,/home/oy/iCAT/result/mixF-fixed50-tenhour-20261004/mixF-fixed50-rep1-x30/control-series.txt
1791095552,2026-10-04T15:32:32+09:00,18733.0,Varmail,1,1,3319408373760,810402435,777259688,1.959103347215387,active_cumulative,/home/oy/iCAT/result/mixF-fixed50-tenhour-20261004/mixF-fixed50-rep1-x30/control-series.txt
1791095582,2026-10-04T15:33:02+09:00,18763.0,Varmail,1,1,3335624769536,814361516,784913378,1.9638389862224286,active_cumulative,/home/oy/iCAT/result/mixF-fixed50-tenhour-20261004/mixF-fixed50-rep1-x30/control-series.txt
1791095612,2026-10-04T15:33:32+09:00,18793.0,Varmail,1,1,3351915847680,818338830,792578454,1.9685211368987585,active_cumulative,/home/oy/iCAT/result/mixF-fixed50-tenhour-20261004/mixF-fixed50-rep1-x30/control-series.txt
1791095642,2026-10-04T15:34:02+09:00,18823.0,Varmail,1,1,3368231534592,822322152,800212348,1.9731129655862658,active_cumulative,/home/oy/iCAT/result/mixF-fixed50-tenhour-20261004/mixF-fixed50-rep1-x30/control-series.txt
1791095672,2026-10-04T15:34:32+09:00,18853.0,Varmail,1,1,3384607961088,826320303,807835270,1.9776297000897967,active_cumulative,/home/oy/iCAT/result/mixF-fixed50-tenhour-20261004/mixF-fixed50-rep1-x30/control-series.txt
1791095702,2026-10-04T15:35:02+09:00,18883.0,Varmail,1,1,3401014329344,830325764,815460828,1.9820974650619174,active_cumulative,/home/oy/iCAT/result/mixF-fixed50-tenhour-20261004/mixF-fixed50-rep1-x30/control-series.txt
1791095732,2026-10-04T15:35:32+09:00,18913.0,Varmail,1,1,3417438076928,834335468,823042672,1.9864649215655783,active_cumulative,/home/oy/iCAT/result/mixF-fixed50-tenhour-20261004/mixF-fixed50-rep1-x30/control-series.txt
1791095762,2026-10-04T15:36:02+09:00,18943.0,Varmail,1,1,3433891409920,838352395,830608753,1.990763261313281,active_cumulative,/home/oy/iCAT/result/mixF-fixed50-tenhour-20261004/mixF-fixed50-rep1-x30/control-series.txt
1791095792,2026-10-04T15:36:32+09:00,18973.0,Varmail,1,1,3450386300928,842379468,838167139,1.9949994875706065,active_cumulative,/home/oy/iCAT/result/mixF-fixed50-tenhour-20261004/mixF-fixed50-rep1-x30/control-series.txt
1791095822,2026-10-04T15:37:02+09:00,19003.0,Varmail,1,1,3466921115648,846416288,845695123,1.999147978352704,active_cumulative,/home/oy/iCAT/result/mixF-fixed50-tenhour-20261004/mixF-fixed50-rep1-x30/control-series.txt
1791095852,2026-10-04T15:37:32+09:00,19033.0,Varmail,1,1,3483506503680,850465455,853194107,2.003208421910564,active_cumulative,/home/oy/iCAT/result/mixF-fixed50-tenhour-20261004/mixF-fixed50-rep1-x30/control-series.txt
1791095882,2026-10-04T15:38:02+09:00,19063.0,Varmail,1,1,3500044492800,854503050,860652505,2.0071965278532358,active_cumulative,/home/oy/iCAT/result/mixF-fixed50-tenhour-20261004/mixF-fixed50-rep1-x30/control-series.txt
1791095912,2026-10-04T15:38:32+09:00,19093.0,Varmail,1,1,3516646531072,858556282,868097416,2.0111129977149247,active_cumulative,/home/oy/iCAT/result/mixF-fixed50-tenhour-20261004/mixF-fixed50-rep1-x30/control-series.txt
1791095942,2026-10-04T15:39:02+09:00,19123.0,Varmail,1,1,3533243338752,862608237,875529500,2.014979294708497,active_cumulative,/home/oy/iCAT/result/mixF-fixed50-tenhour-20261004/mixF-fixed50-rep1-x30/control-series.txt
1791095972,2026-10-04T15:39:32+09:00,19153.0,Varmail,1,1,3549837488128,866659543,882927740,2.0187711508301014,active_cumulative,/home/oy/iCAT/result/mixF-fixed50-tenhour-20261004/mixF-fixed50-rep1-x30/control-series.txt
1791096002,2026-10-04T15:40:02+09:00,19183.0,Varmail,1,1,3566440407040,870712990,890317812,2.0225158257946743,active_cumulative,/home/oy/iCAT/result/mixF-fixed50-tenhour-20261004/mixF-fixed50-rep1-x30/control-series.txt
1791096032,2026-10-04T15:40:32+09:00,19213.0,Varmail,1,1,3583073251328,874773743,897720985,2.0262322025365136,active_cumulative,/home/oy/iCAT/result/mixF-fixed50-tenhour-20261004/mixF-fixed50-rep1-x30/control-series.txt
1791096062,2026-10-04T15:41:02+09:00,19243.0,Varmail,1,1,3599744835584,878843954,905092587,2.029867228283851,active_cumulative,/home/oy/iCAT/result/mixF-fixed50-tenhour-20261004/mixF-fixed50-rep1-x30/control-series.txt
1791096092,2026-10-04T15:41:32+09:00,19273.0,Varmail,1,1,3616459452416,882924671,912483804,2.033478657886546,active_cumulative,/home/oy/iCAT/result/mixF-fixed50-tenhour-20261004/mixF-fixed50-rep1-x30/control-series.txt
1791096122,2026-10-04T15:42:02+09:00,19303.0,Varmail,1,1,3633160220672,887002007,919867314,2.037052122476201,active_cumulative,/home/oy/iCAT/result/mixF-fixed50-tenhour-20261004/mixF-fixed50-rep1-x30/control-series.txt
1791096152,2026-10-04T15:42:32+09:00,19333.0,Varmail,1,1,3649867849728,891081018,927238510,2.0405771094542606,active_cumulative,/home/oy/iCAT/result/mixF-fixed50-tenhour-20261004/mixF-fixed50-rep1-x30/control-series.txt
1791096182,2026-10-04T15:43:02+09:00,19363.0,Varmail,1,1,3666561740800,895156675,934584010,2.044045177901399,active_cumulative,/home/oy/iCAT/result/mixF-fixed50-tenhour-20261004/mixF-fixed50-rep1-x30/control-series.txt
1791096212,2026-10-04T15:43:32+09:00,19393.0,Varmail,1,1,3683253153792,899231727,941903678,2.047453787181599,active_cumulative,/home/oy/iCAT/result/mixF-fixed50-tenhour-20261004/mixF-fixed50-rep1-x30/control-series.txt
1791096242,2026-10-04T15:44:02+09:00,19423.0,Varmail,1,1,3699999805440,903320265,949228113,2.050821231161021,active_cumulative,/home/oy/iCAT/result/mixF-fixed50-tenhour-20261004/mixF-fixed50-rep1-x30/control-series.txt
1791096272,2026-10-04T15:44:32+09:00,19453.0,Varmail,1,1,3716763430912,907412947,956573414,2.054176510443817,active_cumulative,/home/oy/iCAT/result/mixF-fixed50-tenhour-20261004/mixF-fixed50-rep1-x30/control-series.txt
1791096302,2026-10-04T15:45:02+09:00,19483.0,Varmail,1,1,3733576429568,911517683,963909599,2.0574776737490894,active_cumulative,/home/oy/iCAT/result/mixF-fixed50-tenhour-20261004/mixF-fixed50-rep1-x30/control-series.txt
1791096332,2026-10-04T15:45:32+09:00,19513.0,Varmail,1,1,3750393331712,915623372,971214754,2.0607142452890557,active_cumulative,/home/oy/iCAT/result/mixF-fixed50-tenhour-20261004/mixF-fixed50-rep1-x30/control-series.txt
1791096362,2026-10-04T15:46:02+09:00,19543.0,Varmail,1,1,3767192510464,919724734,978512582,2.063918959474238,active_cumulative,/home/oy/iCAT/result/mixF-fixed50-tenhour-20261004/mixF-fixed50-rep1-x30/control-series.txt
1791096392,2026-10-04T15:46:32+09:00,19573.0,Varmail,1,1,3784033837056,923836386,985805812,2.067078356015304,active_cumulative,/home/oy/iCAT/result/mixF-fixed50-tenhour-20261004/mixF-fixed50-rep1-x30/control-series.txt
1791096422,2026-10-04T15:47:02+09:00,19603.0,Varmail,1,1,3800846565376,927941056,993091149,2.0702093010959524,active_cumulative,/home/oy/iCAT/result/mixF-fixed50-tenhour-20261004/mixF-fixed50-rep1-x30/control-series.txt
1791096452,2026-10-04T15:47:32+09:00,19633.0,Varmail,1,1,3817718304768,932060133,1000373492,2.0732928666094983,active_cumulative,/home/oy/iCAT/result/mixF-fixed50-tenhour-20261004/mixF-fixed50-rep1-x30/control-series.txt
1791096482,2026-10-04T15:48:02+09:00,19663.0,Varmail,1,1,3834572382208,936174898,1007655212,2.0763535896473053,active_cumulative,/home/oy/iCAT/result/mixF-fixed50-tenhour-20261004/mixF-fixed50-rep1-x30/control-series.txt
1791096512,2026-10-04T15:48:32+09:00,19693.0,Varmail,1,1,3851478888448,940302463,1014929201,2.079364609725584,active_cumulative,/home/oy/iCAT/result/mixF-fixed50-tenhour-20261004/mixF-fixed50-rep1-x30/control-series.txt
1791096542,2026-10-04T15:49:02+09:00,19723.0,Varmail,1,1,3868367892480,944425755,1022179894,2.0823295410871125,active_cumulative,/home/oy/iCAT/result/mixF-fixed50-tenhour-20261004/mixF-fixed50-rep1-x30/control-series.txt
1791096572,2026-10-04T15:49:32+09:00,19753.0,Varmail,1,1,3885255524352,948548712,1029415922,2.085253618477319,active_cumulative,/home/oy/iCAT/result/mixF-fixed50-tenhour-20261004/mixF-fixed50-rep1-x30/control-series.txt
1791096602,2026-10-04T15:50:02+09:00,19783.0,Varmail,1,1,3902132326400,952669025,1036643311,2.0881463381261924,active_cumulative,/home/oy/iCAT/result/mixF-fixed50-tenhour-20261004/mixF-fixed50-rep1-x30/control-series.txt
1791096632,2026-10-04T15:50:32+09:00,19813.0,Varmail,1,1,3919047172096,956798626,1043861046,2.0909934626097595,active_cumulative,/home/oy/iCAT/result/mixF-fixed50-tenhour-20261004/mixF-fixed50-rep1-x30/control-series.txt
1791096662,2026-10-04T15:51:02+09:00,19843.0,Varmail,1,1,3935956414464,960926859,1051059128,2.0937972210432303,active_cumulative,/home/oy/iCAT/result/mixF-fixed50-tenhour-20261004/mixF-fixed50-rep1-x30/control-series.txt
1791096692,2026-10-04T15:51:32+09:00,19873.0,Varmail,1,1,3952879734784,965058529,1058221106,2.096535675506164,active_cumulative,/home/oy/iCAT/result/mixF-fixed50-tenhour-20261004/mixF-fixed50-rep1-x30/control-series.txt
1791096722,2026-10-04T15:52:02+09:00,19903.0,Varmail,1,1,3969809838080,969191855,1065391144,2.0992572198205277,active_cumulative,/home/oy/iCAT/result/mixF-fixed50-tenhour-20261004/mixF-fixed50-rep1-x30/control-series.txt
1791096752,2026-10-04T15:52:32+09:00,19933.0,Varmail,1,1,3986738569216,973324846,1072547651,2.101942126935081,active_cumulative,/home/oy/iCAT/result/mixF-fixed50-tenhour-20261004/mixF-fixed50-rep1-x30/control-series.txt
1791096782,2026-10-04T15:53:02+09:00,19963.0,Varmail,1,1,4003706273792,977467352,1079701586,2.104590944946466,active_cumulative,/home/oy/iCAT/result/mixF-fixed50-tenhour-20261004/mixF-fixed50-rep1-x30/control-series.txt
1791096812,2026-10-04T15:53:32+09:00,19993.0,Varmail,1,1,4020671905792,981609352,1086858893,2.107221412250767,active_cumulative,/home/oy/iCAT/result/mixF-fixed50-tenhour-20261004/mixF-fixed50-rep1-x30/control-series.txt
1791096842,2026-10-04T15:54:02+09:00,20023.0,Varmail,1,1,4037640462336,985752066,1094011979,2.1098246879048386,active_cumulative,/home/oy/iCAT/result/mixF-fixed50-tenhour-20261004/mixF-fixed50-rep1-x30/control-series.txt
1791096872,2026-10-04T15:54:32+09:00,20053.0,Varmail,1,1,4054600855552,989892787,1101133809,2.112376838644446,active_cumulative,/home/oy/iCAT/result/mixF-fixed50-tenhour-20261004/mixF-fixed50-rep1-x30/control-series.txt
1791096902,2026-10-04T15:55:02+09:00,20083.0,Varmail,1,1,4071576985600,994037350,1108244220,2.1148919303686124,active_cumulative,/home/oy/iCAT/result/mixF-fixed50-tenhour-20261004/mixF-fixed50-rep1-x30/control-series.txt
1791096932,2026-10-04T15:55:32+09:00,20113.0,Varmail,1,1,4088563990528,998184568,1115366882,2.117395437433771,active_cumulative,/home/oy/iCAT/result/mixF-fixed50-tenhour-20261004/mixF-fixed50-rep1-x30/control-series.txt
1791096962,2026-10-04T15:56:02+09:00,20143.0,Varmail,1,1,4105558179840,1002333540,1122423879,2.1198107558088894,active_cumulative,/home/oy/iCAT/result/mixF-fixed50-tenhour-20261004/mixF-fixed50-rep1-x30/control-series.txt
1791096992,2026-10-04T15:56:32+09:00,20173.0,Varmail,1,1,4122565681152,1006485762,1129521538,2.122242937401831,active_cumulative,/home/oy/iCAT/result/mixF-fixed50-tenhour-20261004/mixF-fixed50-rep1-x30/control-series.txt
1791097022,2026-10-04T15:57:02+09:00,20203.0,Varmail,1,1,4139531452416,1010627796,1136579084,2.1246267800059595,active_cumulative,/home/oy/iCAT/result/mixF-fixed50-tenhour-20261004/mixF-fixed50-rep1-x30/control-series.txt
1791097052,2026-10-04T15:57:32+09:00,20233.0,Varmail,1,1,4156460630016,1014760896,1143592475,2.1269575714908115,active_cumulative,/home/oy/iCAT/result/mixF-fixed50-tenhour-20261004/mixF-fixed50-rep1-x30/control-series.txt
1791097082,2026-10-04T15:58:02+09:00,20263.0,Varmail,1,1,4173367087104,1018888449,1150604135,2.1292739024858647,active_cumulative,/home/oy/iCAT/result/mixF-fixed50-tenhour-20261004/mixF-fixed50-rep1-x30/control-series.txt
1791097112,2026-10-04T15:58:32+09:00,20293.0,Varmail,1,1,4190379220992,1023041802,1157645645,2.131572182814872,active_cumulative,/home/oy/iCAT/result/mixF-fixed50-tenhour-20261004/mixF-fixed50-rep1-x30/control-series.txt
1791097142,2026-10-04T15:59:02+09:00,20323.0,Varmail,1,1,4207334440960,1027181260,1164667692,2.1338482674421066,active_cumulative,/home/oy/iCAT/result/mixF-fixed50-tenhour-20261004/mixF-fixed50-rep1-x30/control-series.txt
1791097172,2026-10-04T15:59:32+09:00,20353.0,Varmail,1,1,4224285024256,1031319586,1171697267,2.136114627226715,active_cumulative,/home/oy/iCAT/result/mixF-fixed50-tenhour-20261004/mixF-fixed50-rep1-x30/control-series.txt
1791097202,2026-10-04T16:00:02+09:00,20383.0,Varmail,1,1,4241318961152,1035478262,1178730929,2.1383444464814847,active_cumulative,/home/oy/iCAT/result/mixF-fixed50-tenhour-20261004/mixF-fixed50-rep1-x30/control-series.txt
1791097232,2026-10-04T16:00:32+09:00,20413.0,Varmail,1,1,4258328801280,1039631055,1185756492,2.140555090478708,active_cumulative,/home/oy/iCAT/result/mixF-fixed50-tenhour-20261004/mixF-fixed50-rep1-x30/control-series.txt
1791097262,2026-10-04T16:01:02+09:00,20443.0,Varmail,1,1,4275356094464,1043788109,1192757420,2.142719877449763,active_cumulative,/home/oy/iCAT/result/mixF-fixed50-tenhour-20261004/mixF-fixed50-rep1-x30/control-series.txt
1791097292,2026-10-04T16:01:32+09:00,20473.0,Varmail,1,1,4292322967552,1047930412,1199725796,2.144852541983484,active_cumulative,/home/oy/iCAT/result/mixF-fixed50-tenhour-20261004/mixF-fixed50-rep1-x30/control-series.txt
1791097322,2026-10-04T16:02:02+09:00,20503.0,Varmail,1,1,4309271654400,1052068275,1206685542,2.1469650503433346,active_cumulative,/home/oy/iCAT/result/mixF-fixed50-tenhour-20261004/mixF-fixed50-rep1-x30/control-series.txt
1791097352,2026-10-04T16:02:32+09:00,20533.0,Varmail,1,1,4326218850304,1056205774,1213602462,2.1490208554758383,active_cumulative,/home/oy/iCAT/result/mixF-fixed50-tenhour-20261004/mixF-fixed50-rep1-x30/control-series.txt
1791097382,2026-10-04T16:03:02+09:00,20563.0,Varmail,1,1,4343235612672,1060360257,1220561382,2.1510817893658567,active_cumulative,/home/oy/iCAT/result/mixF-fixed50-tenhour-20261004/mixF-fixed50-rep1-x30/control-series.txt
1791097412,2026-10-04T16:03:32+09:00,20593.0,Varmail,1,1,4360309469184,1064528679,1227542638,2.1531325197862516,active_cumulative,/home/oy/iCAT/result/mixF-fixed50-tenhour-20261004/mixF-fixed50-rep1-x30/control-series.txt
1791097442,2026-10-04T16:04:02+09:00,20623.0,Varmail,1,1,4377295290368,1068675608,1234464804,2.155135192343606,active_cumulative,/home/oy/iCAT/result/mixF-fixed50-tenhour-20261004/mixF-fixed50-rep1-x30/control-series.txt
1791097472,2026-10-04T16:04:32+09:00,20653.0,Varmail,1,1,4394268266496,1072819401,1241360293,2.1571008986628124,active_cumulative,/home/oy/iCAT/result/mixF-fixed50-tenhour-20261004/mixF-fixed50-rep1-x30/control-series.txt
1791097502,2026-10-04T16:05:02+09:00,20683.0,Varmail,1,1,4411335663616,1076986246,1248275868,2.159045319878672,active_cumulative,/home/oy/iCAT/result/mixF-fixed50-tenhour-20261004/mixF-fixed50-rep1-x30/control-series.txt
1791097532,2026-10-04T16:05:32+09:00,20713.0,Varmail,1,1,4428380401664,1081147559,1255165024,2.160956257590737,active_cumulative,/home/oy/iCAT/result/mixF-fixed50-tenhour-20261004/mixF-fixed50-rep1-x30/control-series.txt
1791097562,2026-10-04T16:06:02+09:00,20743.0,Varmail,1,1,4445392035840,1085300790,1262024817,2.162834145730236,active_cumulative,/home/oy/iCAT/result/mixF-fixed50-tenhour-20261004/mixF-fixed50-rep1-x30/control-series.txt
1791097592,2026-10-04T16:06:32+09:00,20773.0,Varmail,1,1,4462454075392,1089466327,1268907577,2.164705641241907,active_cumulative,/home/oy/iCAT/result/mixF-fixed50-tenhour-20261004/mixF-fixed50-rep1-x30/control-series.txt
1791097622,2026-10-04T16:07:02+09:00,20803.0,Varmail,1,1,4479503077376,1093628681,1275781327,2.1665580367126456,active_cumulative,/home/oy/iCAT/result/mixF-fixed50-tenhour-20261004/mixF-fixed50-rep1-x30/control-series.txt
1791097652,2026-10-04T16:07:32+09:00,20833.0,Varmail,1,1,4496550551552,1097790662,1282641690,2.1683845876983785,active_cumulative,/home/oy/iCAT/result/mixF-fixed50-tenhour-20261004/mixF-fixed50-rep1-x30/control-series.txt
1791097682,2026-10-04T16:08:02+09:00,20863.0,Varmail,1,1,4513651064832,1101965592,1289519147,2.170199102732057,active_cumulative,/home/oy/iCAT/result/mixF-fixed50-tenhour-20261004/mixF-fixed50-rep1-x30/control-series.txt
1791097712,2026-10-04T16:08:32+09:00,20893.0,Varmail,1,1,4530720440320,1106132920,1296360296,2.1719751510514667,active_cumulative,/home/oy/iCAT/result/mixF-fixed50-tenhour-20261004/mixF-fixed50-rep1-x30/control-series.txt
1791097742,2026-10-04T16:09:02+09:00,20923.0,Varmail,1,1,4547713507328,1110281618,1303201034,2.1737571917542096,active_cumulative,/home/oy/iCAT/result/mixF-fixed50-tenhour-20261004/mixF-fixed50-rep1-x30/control-series.txt
1791097772,2026-10-04T16:09:32+09:00,20953.0,Varmail,1,1,4564762759168,1114444033,1310038126,2.1755082240186394,active_cumulative,/home/oy/iCAT/result/mixF-fixed50-tenhour-20261004/mixF-fixed50-rep1-x30/control-series.txt
1791097802,2026-10-04T16:10:02+09:00,20983.0,Varmail,1,1,4581891706880,1118625905,1316868438,2.1772196872197416,active_cumulative,/home/oy/iCAT/result/mixF-fixed50-tenhour-20261004/mixF-fixed50-rep1-x30/control-series.txt
1791097832,2026-10-04T16:10:32+09:00,21013.0,Varmail,1,1,4599008460800,1122804800,1323717607,2.178938322137561,active_cumulative,/home/oy/iCAT/result/mixF-fixed50-tenhour-20261004/mixF-fixed50-rep1-x30/control-series.txt
1791097862,2026-10-04T16:11:02+09:00,21043.0,Varmail,1,1,4616062418944,1126968364,1330565458,2.1806591032221734,active_cumulative,/home/oy/iCAT/result/mixF-fixed50-tenhour-20261004/mixF-fixed50-rep1-x30/control-series.txt
1791097892,2026-10-04T16:11:32+09:00,21073.0,Varmail,1,1,4633154080768,1131141133,1337397114,2.1823432770524134,active_cumulative,/home/oy/iCAT/result/mixF-fixed50-tenhour-20261004/mixF-fixed50-rep1-x30/control-series.txt
1791097922,2026-10-04T16:12:02+09:00,21103.0,Varmail,1,1,4650267013120,1135319095,1344196646,2.1839813598836724,active_cumulative,/home/oy/iCAT/result/mixF-fixed50-tenhour-20261004/mixF-fixed50-rep1-x30/control-series.txt
1791097952,2026-10-04T16:12:32+09:00,21133.0,Varmail,1,1,4667375996928,1139496093,1350999106,2.1856110032314082,active_cumulative,/home/oy/iCAT/result/mixF-fixed50-tenhour-20261004/mixF-fixed50-rep1-x30/control-series.txt
1791097982,2026-10-04T16:13:02+09:00,21163.0,Varmail,1,1,4684492316672,1143674882,1357815671,2.187239216643039,active_cumulative,/home/oy/iCAT/result/mixF-fixed50-tenhour-20261004/mixF-fixed50-rep1-x30/control-series.txt
1791098012,2026-10-04T16:13:32+09:00,21193.0,Varmail,1,1,4701615902720,1147855445,1364639102,2.188859719178315,active_cumulative,/home/oy/iCAT/result/mixF-fixed50-tenhour-20261004/mixF-fixed50-rep1-x30/control-series.txt
1791098042,2026-10-04T16:14:02+09:00,21223.0,Varmail,1,1,4718684659712,1152022622,1371429876,2.190453945790658,active_cumulative,/home/oy/iCAT/result/mixF-fixed50-tenhour-20261004/mixF-fixed50-rep1-x30/control-series.txt
1791098072,2026-10-04T16:14:32+09:00,21253.0,Varmail,1,1,4735796736000,1156200375,1378237426,2.1920402862695836,active_cumulative,/home/oy/iCAT/result/mixF-fixed50-tenhour-20261004/mixF-fixed50-rep1-x30/control-series.txt
1791098102,2026-10-04T16:15:02+09:00,21283.0,Varmail,1,1,4752991264768,1160398258,1385060952,2.193608265482246,active_cumulative,/home/oy/iCAT/result/mixF-fixed50-tenhour-20261004/mixF-fixed50-rep1-x30/control-series.txt
1791098132,2026-10-04T16:15:32+09:00,21313.0,Varmail,1,1,4770117525504,1164579474,1391863445,2.195163985004256,active_cumulative,/home/oy/iCAT/result/mixF-fixed50-tenhour-20261004/mixF-fixed50-rep1-x30/control-series.txt
1791098162,2026-10-04T16:16:02+09:00,21343.0,Varmail,1,1,4787237470208,1168759148,1398654331,2.1967002212503752,active_cumulative,/home/oy/iCAT/result/mixF-fixed50-tenhour-20261004/mixF-fixed50-rep1-x30/control-series.txt
1791098192,2026-10-04T16:16:32+09:00,21373.0,Varmail,1,1,4804341911552,1172935037,1405433892,2.1982197203305134,active_cumulative,/home/oy/iCAT/result/mixF-fixed50-tenhour-20261004/mixF-fixed50-rep1-x30/control-series.txt
1791098222,2026-10-04T16:17:02+09:00,21403.0,Varmail,1,1,4821417725952,1177103937,1412208831,2.1997316350833005,active_cumulative,/home/oy/iCAT/result/mixF-fixed50-tenhour-20261004/mixF-fixed50-rep1-x30/control-series.txt
1791098252,2026-10-04T16:17:32+09:00,21433.0,Varmail,1,1,4838538956800,1181283925,1418981445,2.2012196348138744,active_cumulative,/home/oy/iCAT/result/mixF-fixed50-tenhour-20261004/mixF-fixed50-rep1-x30/control-series.txt
1791098282,2026-10-04T16:18:02+09:00,21463.0,Varmail,1,1,4855700467712,1185473747,1425760382,2.202692497921677,active_cumulative,/home/oy/iCAT/result/mixF-fixed50-tenhour-20261004/mixF-fixed50-rep1-x30/control-series.txt
1791098312,2026-10-04T16:18:32+09:00,21493.0,Varmail,1,1,4872897409024,1189672219,1432531760,2.2041398774564476,active_cumulative,/home/oy/iCAT/result/mixF-fixed50-tenhour-20261004/mixF-fixed50-rep1-x30/control-series.txt
1791098342,2026-10-04T16:19:02+09:00,21523.0,Varmail,1,1,4890112708608,1193875173,1439322755,2.205588982458889,active_cumulative,/home/oy/iCAT/result/mixF-fixed50-tenhour-20261004/mixF-fixed50-rep1-x30/control-series.txt
1791098373,2026-10-04T16:19:33+09:00,21554.0,Varmail,1,1,4907347156992,1198082802,1446104511,2.2070154989170776,active_cumulative,/home/oy/iCAT/result/mixF-fixed50-tenhour-20261004/mixF-fixed50-rep1-x30/control-series.txt
1791098403,2026-10-04T16:20:03+09:00,21584.0,Varmail,1,1,4924537856000,1202279750,1452852527,2.20841470298406,active_cumulative,/home/oy/iCAT/result/mixF-fixed50-tenhour-20261004/mixF-fixed50-rep1-x30/control-series.txt
1791098433,2026-10-04T16:20:33+09:00,21614.0,Varmail,1,1,4941722611712,1206475247,1459620025,2.209821775149938,active_cumulative,/home/oy/iCAT/result/mixF-fixed50-tenhour-20261004/mixF-fixed50-rep1-x30/control-series.txt
1791098463,2026-10-04T16:21:03+09:00,21644.0,Varmail,1,1,4958935547904,1210677624,1466374568,2.2112015113942505,active_cumulative,/home/oy/iCAT/result/mixF-fixed50-tenhour-20261004/mixF-fixed50-rep1-x30/control-series.txt
1791098493,2026-10-04T16:21:33+09:00,21674.0,Varmail,1,1,4976214212608,1214896048,1473149339,2.2125723360654144,active_cumulative,/home/oy/iCAT/result/mixF-fixed50-tenhour-20261004/mixF-fixed50-rep1-x30/control-series.txt
1791098523,2026-10-04T16:22:03+09:00,21704.0,Varmail,1,1,4993447505920,1219103395,1479890932,2.2139174889263598,active_cumulative,/home/oy/iCAT/result/mixF-fixed50-tenhour-20261004/mixF-fixed50-rep1-x30/control-series.txt
1791098553,2026-10-04T16:22:33+09:00,21734.0,Varmail,1,1,5010692431872,1223313582,1486629092,2.2152477613871535,active_cumulative,/home/oy/iCAT/result/mixF-fixed50-tenhour-20261004/mixF-fixed50-rep1-x30/control-series.txt
1791098583,2026-10-04T16:23:03+09:00,21764.0,Varmail,1,1,5027913539584,1227517954,1493365910,2.216573578523805,active_cumulative,/home/oy/iCAT/result/mixF-fixed50-tenhour-20261004/mixF-fixed50-rep1-x30/control-series.txt
1791098613,2026-10-04T16:23:33+09:00,21794.0,Varmail,1,1,5045163094016,1231729271,1500103468,2.217884078359294,active_cumulative,/home/oy/iCAT/result/mixF-fixed50-tenhour-20261004/mixF-fixed50-rep1-x30/control-series.txt
1791098643,2026-10-04T16:24:03+09:00,21824.0,Varmail,1,1,5062369738752,1235930112,1506851786,2.2192046875220077,active_cumulative,/home/oy/iCAT/result/mixF-fixed50-tenhour-20261004/mixF-fixed50-rep1-x30/control-series.txt
1791098673,2026-10-04T16:24:33+09:00,21854.0,Varmail,1,1,5079620870144,1240141814,1513583909,2.2204926016630546,active_cumulative,/home/oy/iCAT/result/mixF-fixed50-tenhour-20261004/mixF-fixed50-rep1-x30/control-series.txt
1791098703,2026-10-04T16:25:03+09:00,21884.0,Varmail,1,1,5096877445120,1244354845,1520307311,2.221763484193289,active_cumulative,/home/oy/iCAT/result/mixF-fixed50-tenhour-20261004/mixF-fixed50-rep1-x30/control-series.txt
1791098733,2026-10-04T16:25:33+09:00,21914.0,Varmail,1,1,5114136580096,1248568501,1527049044,2.2230398594686314,active_cumulative,/home/oy/iCAT/result/mixF-fixed50-tenhour-20261004/mixF-fixed50-rep1-x30/control-series.txt
1791098763,2026-10-04T16:26:03+09:00,21944.0,Varmail,1,1,5131411304448,1252785963,1533773410,2.2242900665386847,active_cumulative,/home/oy/iCAT/result/mixF-fixed50-tenhour-20261004/mixF-fixed50-rep1-x30/control-series.txt
1791098793,2026-10-04T16:26:33+09:00,21974.0,Varmail,1,1,5148703797248,1257007763,1540496094,2.2255263168171857,active_cumulative,/home/oy/iCAT/result/mixF-fixed50-tenhour-20261004/mixF-fixed50-rep1-x30/control-series.txt
1791098823,2026-10-04T16:27:03+09:00,22004.0,Varmail,1,1,5165974802432,1261224317,1547191701,2.226737924527346,active_cumulative,/home/oy/iCAT/result/mixF-fixed50-tenhour-20261004/mixF-fixed50-rep1-x30/control-series.txt
1791098853,2026-10-04T16:27:33+09:00,22034.0,Varmail,1,1,5183271055360,1265447035,1553890593,2.2279380724930933,active_cumulative,/home/oy/iCAT/result/mixF-fixed50-tenhour-20261004/mixF-fixed50-rep1-x30/control-series.txt
1791098883,2026-10-04T16:28:03+09:00,22064.0,Varmail,1,1,5200482504704,1269649049,1560551109,2.229120055049165,active_cumulative,/home/oy/iCAT/result/mixF-fixed50-tenhour-20261004/mixF-fixed50-rep1-x30/control-series.txt
1791098913,2026-10-04T16:28:33+09:00,22094.0,Varmail,1,1,5217775222784,1273870904,1567229988,2.230289492505749,active_cumulative,/home/oy/iCAT/result/mixF-fixed50-tenhour-20261004/mixF-fixed50-rep1-x30/control-series.txt
1791098943,2026-10-04T16:29:03+09:00,22124.0,Varmail,1,1,5235015712768,1278080008,1573885858,2.231445487096611,active_cumulative,/home/oy/iCAT/result/mixF-fixed50-tenhour-20261004/mixF-fixed50-rep1-x30/control-series.txt
1791098973,2026-10-04T16:29:33+09:00,22154.0,Varmail,1,1,5252312793088,1282302928,1580558394,2.232593609113244,active_cumulative,/home/oy/iCAT/result/mixF-fixed50-tenhour-20261004/mixF-fixed50-rep1-x30/control-series.txt
1791099003,2026-10-04T16:30:03+09:00,22184.0,Varmail,1,1,5269502148608,1286499548,1587182560,2.2337218170557804,active_cumulative,/home/oy/iCAT/result/mixF-fixed50-tenhour-20261004/mixF-fixed50-rep1-x30/control-series.txt
1791099033,2026-10-04T16:30:33+09:00,22214.0,Varmail,1,1,5286701707264,1290698659,1593792684,2.234829425820299,active_cumulative,/home/oy/iCAT/result/mixF-fixed50-tenhour-20261004/mixF-fixed50-rep1-x30/control-series.txt
1791099063,2026-10-04T16:31:03+09:00,22244.0,Varmail,1,1,5303990435840,1294919540,1600417267,2.2359202387200057,active_cumulative,/home/oy/iCAT/result/mixF-fixed50-tenhour-20261004/mixF-fixed50-rep1-x30/control-series.txt
1791099093,2026-10-04T16:31:33+09:00,22274.0,Varmail,1,1,5321304190976,1299146531,1607050877,2.2370050942313604,active_cumulative,/home/oy/iCAT/result/mixF-fixed50-tenhour-20261004/mixF-fixed50-rep1-x30/control-series.txt
1791099123,2026-10-04T16:32:03+09:00,22304.0,Varmail,1,1,5338635649024,1303377844,1613683043,2.2380776997464444,active_cumulative,/home/oy/iCAT/result/mixF-fixed50-tenhour-20261004/mixF-fixed50-rep1-x30/control-series.txt
1791099153,2026-10-04T16:32:33+09:00,22334.0,Varmail,1,1,5355913986048,1307596188,1620297602,2.2391421884444958,active_cumulative,/home/oy/iCAT/result/mixF-fixed50-tenhour-20261004/mixF-fixed50-rep1-x30/control-series.txt
1791099183,2026-10-04T16:33:03+09:00,22364.0,Varmail,1,1,5373168111616,1311808621,1626883998,2.240183950582529,active_cumulative,/home/oy/iCAT/result/mixF-fixed50-tenhour-20261004/mixF-fixed50-rep1-x30/control-series.txt
1791099213,2026-10-04T16:33:33+09:00,22394.0,Varmail,1,1,5390325817344,1315997514,1633418454,2.2412017778325377,active_cumulative,/home/oy/iCAT/result/mixF-fixed50-tenhour-20261004/mixF-fixed50-rep1-x30/control-series.txt
1791099243,2026-10-04T16:34:03+09:00,22424.0,Varmail,1,1,5406139756544,1319858339,1639394612,2.242098915889791,active_cumulative,/home/oy/iCAT/result/mixF-fixed50-tenhour-20261004/mixF-fixed50-rep1-x30/control-series.txt
1791099273,2026-10-04T16:34:33+09:00,22454.0,Varmail,1,1,5420032172032,1323250042,1644609718,2.2428563505006864,active_cumulative,/home/oy/iCAT/result/mixF-fixed50-tenhour-20261004/mixF-fixed50-rep1-x30/control-series.txt
1791099303,2026-10-04T16:35:03+09:00,22484.0,Varmail,1,1,5435579244544,1327045714,1650483360,2.243727584202875,active_cumulative,/home/oy/iCAT/result/mixF-fixed50-tenhour-20261004/mixF-fixed50-rep1-x30/control-series.txt
1791099333,2026-10-04T16:35:33+09:00,22514.0,Varmail,1,1,5452459069440,1331166765,1656882855,2.2446846620303056,active_cumulative,/home/oy/iCAT/result/mixF-fixed50-tenhour-20261004/mixF-fixed50-rep1-x30/control-series.txt
1791099363,2026-10-04T16:36:03+09:00,22544.0,Varmail,1,1,5469816991744,1335404539,1663465777,2.2456643125128695,active_cumulative,/home/oy/iCAT/result/mixF-fixed50-tenhour-20261004/mixF-fixed50-rep1-x30/control-series.txt
1791099393,2026-10-04T16:36:33+09:00,22574.0,Varmail,1,1,5487139667968,1339633708,1670041011,2.2466400337845185,active_cumulative,/home/oy/iCAT/result/mixF-fixed50-tenhour-20261004/mixF-fixed50-rep1-x30/control-series.txt
1791099423,2026-10-04T16:37:03+09:00,22604.0,Varmail,1,1,5504545894400,1343883275,1676636261,2.2476055712502263,active_cumulative,/home/oy/iCAT/result/mixF-fixed50-tenhour-20261004/mixF-fixed50-rep1-x30/control-series.txt
1791099453,2026-10-04T16:37:33+09:00,22634.0,Varmail,1,1,5521878663168,1348114908,1683202362,2.2485600092481137,active_cumulative,/home/oy/iCAT/result/mixF-fixed50-tenhour-20261004/mixF-fixed50-rep1-x30/control-series.txt
1791099483,2026-10-04T16:38:03+09:00,22664.0,Varmail,1,1,5539235885056,1352352511,1689754156,2.2494923788402685,active_cumulative,/home/oy/iCAT/result/mixF-fixed50-tenhour-20261004/mixF-fixed50-rep1-x30/control-series.txt
1791099513,2026-10-04T16:38:33+09:00,22694.0,Varmail,1,1,5556538208256,1356576711,1696274971,2.2504084415171715,active_cumulative,/home/oy/iCAT/result/mixF-fixed50-tenhour-20261004/mixF-fixed50-rep1-x30/control-series.txt
1791099543,2026-10-04T16:39:03+09:00,22724.0,Varmail,1,1,5573907787776,1360817331,1702823635,2.2513241830545145,active_cumulative,/home/oy/iCAT/result/mixF-fixed50-tenhour-20261004/mixF-fixed50-rep1-x30/control-series.txt
1791099573,2026-10-04T16:39:33+09:00,22754.0,Varmail,1,1,5591270379520,1365056245,1709352182,2.2522210628764237,active_cumulative,/home/oy/iCAT/result/mixF-fixed50-tenhour-20261004/mixF-fixed50-rep1-x30/control-series.txt
1791099603,2026-10-04T16:40:03+09:00,22784.0,Varmail,1,1,5608619118592,1369291777,1715881868,2.2531163166402335,active_cumulative,/home/oy/iCAT/result/mixF-fixed50-tenhour-20261004/mixF-fixed50-rep1-x30/control-series.txt
1791099633,2026-10-04T16:40:33+09:00,22814.0,Varmail,1,1,5625962713088,1373526053,1722385545,2.2539882598062375,active_cumulative,/home/oy/iCAT/result/mixF-fixed50-tenhour-20261004/mixF-fixed50-rep1-x30/control-series.txt
1791099663,2026-10-04T16:41:03+09:00,22844.0,Varmail,1,1,5643290103808,1377756373,1728904428,2.2548694833727327,active_cumulative,/home/oy/iCAT/result/mixF-fixed50-tenhour-20261004/mixF-fixed50-rep1-x30/control-series.txt
1791099693,2026-10-04T16:41:33+09:00,22874.0,Varmail,1,1,5660626894848,1381988988,1735420957,2.2557415233181293,active_cumulative,/home/oy/iCAT/result/mixF-fixed50-tenhour-20261004/mixF-fixed50-rep1-x30/control-series.txt
1791099723,2026-10-04T16:42:03+09:00,22904.0,Varmail,1,1,5677987557376,1386227431,1741924727,2.2565937508128853,active_cumulative,/home/oy/iCAT/result/mixF-fixed50-tenhour-20261004/mixF-fixed50-rep1-x30/control-series.txt
1791099753,2026-10-04T16:42:33+09:00,22934.0,Varmail,1,1,5695257419776,1390443706,1748391510,2.2574342294156855,active_cumulative,/home/oy/iCAT/result/mixF-fixed50-tenhour-20261004/mixF-fixed50-rep1-x30/control-series.txt
1791099783,2026-10-04T16:43:03+09:00,22964.0,Varmail,1,1,5712504930304,1394654524,1754851363,2.2582695806033177,active_cumulative,/home/oy/iCAT/result/mixF-fixed50-tenhour-20261004/mixF-fixed50-rep1-x30/control-series.txt
1791099813,2026-10-04T16:43:33+09:00,22994.0,Varmail,1,1,5729861451776,1398891956,1761361190,2.2591116722383955,active_cumulative,/home/oy/iCAT/result/mixF-fixed50-tenhour-20261004/mixF-fixed50-rep1-x30/control-series.txt
1791099843,2026-10-04T16:44:03+09:00,23024.0,Varmail,1,1,5747241263104,1403135074,1767850902,2.259929236149933,active_cumulative,/home/oy/iCAT/result/mixF-fixed50-tenhour-20261004/mixF-fixed50-rep1-x30/control-series.txt
1791099873,2026-10-04T16:44:33+09:00,23054.0,Varmail,1,1,5764600213504,1407373099,1774348394,2.2607519606995132,active_cumulative,/home/oy/iCAT/result/mixF-fixed50-tenhour-20261004/mixF-fixed50-rep1-x30/control-series.txt
1791099903,2026-10-04T16:45:03+09:00,23084.0,Varmail,1,1,5781955309568,1411610183,1780823933,2.2615550344184503,active_cumulative,/home/oy/iCAT/result/mixF-fixed50-tenhour-20261004/mixF-fixed50-rep1-x30/control-series.txt
1791099933,2026-10-04T16:45:33+09:00,23114.0,Varmail,1,1,5799240368128,1415830168,1787278414,2.2623536737635046,active_cumulative,/home/oy/iCAT/result/mixF-fixed50-tenhour-20261004/mixF-fixed50-rep1-x30/control-series.txt
1791099963,2026-10-04T16:46:03+09:00,23144.0,Varmail,1,1,5816541032448,1420053963,1793719490,2.2631347376479947,active_cumulative,/home/oy/iCAT/result/mixF-fixed50-tenhour-20261004/mixF-fixed50-rep1-x30/control-series.txt
1791099993,2026-10-04T16:46:33+09:00,23174.0,Varmail,1,1,5833798270976,1424267156,1800149378,2.263912722003399,active_cumulative,/home/oy/iCAT/result/mixF-fixed50-tenhour-20261004/mixF-fixed50-rep1-x30/control-series.txt
1791100023,2026-10-04T16:47:03+09:00,23204.0,Varmail,1,1,5851075162112,1428485147,1806568719,2.2646744859713968,active_cumulative,/home/oy/iCAT/result/mixF-fixed50-tenhour-20261004/mixF-fixed50-rep1-x30/control-series.txt
1791100053,2026-10-04T16:47:33+09:00,23234.0,Varmail,1,1,5868351098880,1432702905,1813004386,2.2654433655943484,active_cumulative,/home/oy/iCAT/result/mixF-fixed50-tenhour-20261004/mixF-fixed50-rep1-x30/control-series.txt
1791100083,2026-10-04T16:48:03+09:00,23264.0,Varmail,1,1,5885666811904,1436930374,1819441562,2.266200224395841,active_cumulative,/home/oy/iCAT/result/mixF-fixed50-tenhour-20261004/mixF-fixed50-rep1-x30/control-series.txt
1791100113,2026-10-04T16:48:33+09:00,23294.0,Varmail,1,1,5902984798208,1441158398,1825882377,2.266954680022619,active_cumulative,/home/oy/iCAT/result/mixF-fixed50-tenhour-20261004/mixF-fixed50-rep1-x30/control-series.txt
1791100143,2026-10-04T16:49:03+09:00,23324.0,Varmail,1,1,5920283115520,1445381620,1832303951,2.2676956214511708,active_cumulative,/home/oy/iCAT/result/mixF-fixed50-tenhour-20261004/mixF-fixed50-rep1-x30/control-series.txt
1791100173,2026-10-04T16:49:33+09:00,23354.0,Varmail,1,1,5937608306688,1449611403,1838731769,2.2684308120056915,active_cumulative,/home/oy/iCAT/result/mixF-fixed50-tenhour-20261004/mixF-fixed50-rep1-x30/control-series.txt
1791100203,2026-10-04T16:50:03+09:00,23384.0,Varmail,1,1,5954917617664,1453837309,1845174000,2.2691750229392413,active_cumulative,/home/oy/iCAT/result/mixF-fixed50-tenhour-20261004/mixF-fixed50-rep1-x30/control-series.txt
1791100233,2026-10-04T16:50:33+09:00,23414.0,Varmail,1,1,5972258836480,1458071005,1851592216,2.269891664843853,active_cumulative,/home/oy/iCAT/result/mixF-fixed50-tenhour-20261004/mixF-fixed50-rep1-x30/control-series.txt
1791100263,2026-10-04T16:51:03+09:00,23444.0,Varmail,1,1,5989596155904,1462303749,1858026495,2.2706159689945515,active_cumulative,/home/oy/iCAT/result/mixF-fixed50-tenhour-20261004/mixF-fixed50-rep1-x30/control-series.txt
1791100293,2026-10-04T16:51:33+09:00,23474.0,Varmail,1,1,6006890897408,1466526098,1864440458,2.2713312504582515,active_cumulative,/home/oy/iCAT/result/mixF-fixed50-tenhour-20261004/mixF-fixed50-rep1-x30/control-series.txt
1791100323,2026-10-04T16:52:03+09:00,23504.0,Varmail,1,1,6024226529280,1470758430,1870838373,2.2720228793793145,active_cumulative,/home/oy/iCAT/result/mixF-fixed50-tenhour-20261004/mixF-fixed50-rep1-x30/control-series.txt
1791100353,2026-10-04T16:52:33+09:00,23534.0,Varmail,1,1,6041522798592,1474981152,1877234794,2.2727178184308077,active_cumulative,/home/oy/iCAT/result/mixF-fixed50-tenhour-20261004/mixF-fixed50-rep1-x30/control-series.txt
1791100383,2026-10-04T16:53:03+09:00,23564.0,Varmail,1,1,6058842492928,1479209593,1883643086,2.2734118916709862,active_cumulative,/home/oy/iCAT/result/mixF-fixed50-tenhour-20261004/mixF-fixed50-rep1-x30/control-series.txt
1791100413,2026-10-04T16:53:33+09:00,23594.0,Varmail,1,1,6076190220288,1483444878,1890056328,2.274099466741359,active_cumulative,/home/oy/iCAT/result/mixF-fixed50-tenhour-20261004/mixF-fixed50-rep1-x30/control-series.txt
1791100443,2026-10-04T16:54:03+09:00,23624.0,Varmail,1,1,6093190479872,1487595332,1896329285,2.2747615189478156,active_cumulative,/home/oy/iCAT/result/mixF-fixed50-tenhour-20261004/mixF-fixed50-rep1-x30/control-series.txt
1791100473,2026-10-04T16:54:33+09:00,23654.0,Varmail,1,1,6110537519104,1491830449,1902737290,2.2754380306927224,active_cumulative,/home/oy/iCAT/result/mixF-fixed50-tenhour-20261004/mixF-fixed50-rep1-x30/control-series.txt
1791100503,2026-10-04T16:55:03+09:00,23684.0,Varmail,1,1,6127874899968,1496063208,1909137245,2.2761073427854797,active_cumulative,/home/oy/iCAT/result/mixF-fixed50-tenhour-20261004/mixF-fixed50-rep1-x30/control-series.txt
1791100533,2026-10-04T16:55:33+09:00,23714.0,Varmail,1,1,6145214353408,1500296473,1915526336,2.2767652063926436,active_cumulative,/home/oy/iCAT/result/mixF-fixed50-tenhour-20261004/mixF-fixed50-rep1-x30/control-series.txt
1791100563,2026-10-04T16:56:03+09:00,23744.0,Varmail,1,1,6162606608384,1504542629,1921929508,2.277417781959038,active_cumulative,/home/oy/iCAT/result/mixF-fixed50-tenhour-20261004/mixF-fixed50-rep1-x30/control-series.txt
1791100593,2026-10-04T16:56:33+09:00,23774.0,Varmail,1,1,6179981373440,1508784515,1928326937,2.2780664951349925,active_cumulative,/home/oy/iCAT/result/mixF-fixed50-tenhour-20261004/mixF-fixed50-rep1-x30/control-series.txt
1791100623,2026-10-04T16:57:03+09:00,23804.0,Varmail,1,1,6197308104704,1513014674,1934710397,2.278712249290452,active_cumulative,/home/oy/iCAT/result/mixF-fixed50-tenhour-20261004/mixF-fixed50-rep1-x30/control-series.txt
1791100653,2026-10-04T16:57:33+09:00,23834.0,Varmail,1,1,6214622105600,1517241725,1941083418,2.2793501431026097,active_cumulative,/home/oy/iCAT/result/mixF-fixed50-tenhour-20261004/mixF-fixed50-rep1-x30/control-series.txt
1791100683,2026-10-04T16:58:03+09:00,23864.0,Varmail,1,1,6231986376704,1521481049,1947475275,2.279986547502505,active_cumulative,/home/oy/iCAT/result/mixF-fixed50-tenhour-20261004/mixF-fixed50-rep1-x30/control-series.txt
1791100713,2026-10-04T16:58:33+09:00,23894.0,Varmail,1,1,6249362243584,1525723204,1953872665,2.2806206655817496,active_cumulative,/home/oy/iCAT/result/mixF-fixed50-tenhour-20261004/mixF-fixed50-rep1-x30/control-series.txt
1791100743,2026-10-04T16:59:03+09:00,23924.0,Varmail,1,1,6266737209344,1529965139,1960263483,2.281247155919675,active_cumulative,/home/oy/iCAT/result/mixF-fixed50-tenhour-20261004/mixF-fixed50-rep1-x30/control-series.txt
1791100773,2026-10-04T16:59:33+09:00,23954.0,Varmail,1,1,6284124319744,1534210039,1966657109,2.2818695348140663,active_cumulative,/home/oy/iCAT/result/mixF-fixed50-tenhour-20261004/mixF-fixed50-rep1-x30/control-series.txt
1791100803,2026-10-04T17:00:03+09:00,23984.0,Varmail,1,1,6301510086656,1538454611,1973048384,2.282487224447599,active_cumulative,/home/oy/iCAT/result/mixF-fixed50-tenhour-20261004/mixF-fixed50-rep1-x30/control-series.txt
1791100833,2026-10-04T17:00:33+09:00,24014.0,Varmail,1,1,6318907088896,1542701926,1979427239,2.2830911828394256,active_cumulative,/home/oy/iCAT/result/mixF-fixed50-tenhour-20261004/mixF-fixed50-rep1-x30/control-series.txt
1791100863,2026-10-04T17:01:03+09:00,24044.0,Varmail,1,1,6336341577728,1546958393,1985829152,2.2836991356625322,active_cumulative,/home/oy/iCAT/result/mixF-fixed50-tenhour-20261004/mixF-fixed50-rep1-x30/control-series.txt
1791100893,2026-10-04T17:01:33+09:00,24074.0,Varmail,1,1,6353762635776,1551211581,1992202377,2.2842879729635026,active_cumulative,/home/oy/iCAT/result/mixF-fixed50-tenhour-20261004/mixF-fixed50-rep1-x30/control-series.txt
1791100923,2026-10-04T17:02:03+09:00,24104.0,Varmail,1,1,6371181776896,1555464301,1998587497,2.2848816239081273,active_cumulative,/home/oy/iCAT/result/mixF-fixed50-tenhour-20261004/mixF-fixed50-rep1-x30/control-series.txt
1791100953,2026-10-04T17:02:33+09:00,24134.0,Varmail,1,1,6388577615872,1559711332,2004950737,2.2854626980423838,active_cumulative,/home/oy/iCAT/result/mixF-fixed50-tenhour-20261004/mixF-fixed50-rep1-x30/control-series.txt
1791100983,2026-10-04T17:03:03+09:00,24164.0,Varmail,1,1,6405978939392,1563959702,2011308489,2.2860360061886045,active_cumulative,/home/oy/iCAT/result/mixF-fixed50-tenhour-20261004/mixF-fixed50-rep1-x30/control-series.txt
1791101013,2026-10-04T17:03:33+09:00,24194.0,Varmail,1,1,6423376977920,1568207270,2017683566,2.286617913714939,active_cumulative,/home/oy/iCAT/result/mixF-fixed50-tenhour-20261004/mixF-fixed50-rep1-x30/control-series.txt
1791101043,2026-10-04T17:04:03+09:00,24224.0,Varmail,1,1,6440761593856,1572451561,2024053225,2.287195914456534,active_cumulative,/home/oy/iCAT/result/mixF-fixed50-tenhour-20261004/mixF-fixed50-rep1-x30/control-series.txt
1791101073,2026-10-04T17:04:33+09:00,24254.0,Varmail,1,1,6458163781632,1576700142,2030419032,2.28776485643267,active_cumulative,/home/oy/iCAT/result/mixF-fixed50-tenhour-20261004/mixF-fixed50-rep1-x30/control-series.txt
1791101103,2026-10-04T17:05:03+09:00,24284.0,Varmail,1,1,6475573374976,1580950531,2036794359,2.288335288841495,active_cumulative,/home/oy/iCAT/result/mixF-fixed50-tenhour-20261004/mixF-fixed50-rep1-x30/control-series.txt
1791101133,2026-10-04T17:05:33+09:00,24314.0,Varmail,1,1,6492991537152,1585203012,2043156687,2.2888927610743144,active_cumulative,/home/oy/iCAT/result/mixF-fixed50-tenhour-20261004/mixF-fixed50-rep1-x30/control-series.txt
1791101163,2026-10-04T17:06:03+09:00,24344.0,Varmail,1,1,6510430937088,1589460678,2049510723,2.2894378271621516,active_cumulative,/home/oy/iCAT/result/mixF-fixed50-tenhour-20261004/mixF-fixed50-rep1-x30/control-series.txt
1791101193,2026-10-04T17:06:33+09:00,24374.0,Varmail,1,1,6527849046016,1593713146,2055859544,2.2899809160512503,active_cumulative,/home/oy/iCAT/result/mixF-fixed50-tenhour-20261004/mixF-fixed50-rep1-x30/control-series.txt
1791101223,2026-10-04T17:07:03+09:00,24404.0,Varmail,1,1,6545245814784,1597960404,2062214592,2.290529218895464,active_cumulative,/home/oy/iCAT/result/mixF-fixed50-tenhour-20261004/mixF-fixed50-rep1-x30/control-series.txt
1791101253,2026-10-04T17:07:33+09:00,24434.0,Varmail,1,1,6562632290304,1602205149,2068572084,2.2910781651719683,active_cumulative,/home/oy/iCAT/result/mixF-fixed50-tenhour-20261004/mixF-fixed50-rep1-x30/control-series.txt
1791101283,2026-10-04T17:08:03+09:00,24464.0,Varmail,1,1,6580078043136,1606464366,2074932539,2.291614419164776,active_cumulative,/home/oy/iCAT/result/mixF-fixed50-tenhour-20261004/mixF-fixed50-rep1-x30/control-series.txt
1791101313,2026-10-04T17:08:33+09:00,24494.0,Varmail,1,1,6597522214912,1610723197,2081285772,2.292143663092722,active_cumulative,/home/oy/iCAT/result/mixF-fixed50-tenhour-20261004/mixF-fixed50-rep1-x30/control-series.txt
1791101343,2026-10-04T17:09:03+09:00,24524.0,Varmail,1,1,6614971006976,1614983156,2087647813,2.29267466675671,active_cumulative,/home/oy/iCAT/result/mixF-fixed50-tenhour-20261004/mixF-fixed50-rep1-x30/control-series.txt
1791101373,2026-10-04T17:09:33+09:00,24554.0,Varmail,1,1,6632428380160,1619245210,2094000068,2.2931951597374187,active_cumulative,/home/oy/iCAT/result/mixF-fixed50-tenhour-20261004/mixF-fixed50-rep1-x30/control-series.txt
1791101403,2026-10-04T17:10:03+09:00,24584.0,Varmail,1,1,6649862074368,1623501483,2100342495,2.2937114730063968,active_cumulative,/home/oy/iCAT/result/mixF-fixed50-tenhour-20261004/mixF-fixed50-rep1-x30/control-series.txt
1791101433,2026-10-04T17:10:33+09:00,24614.0,Varmail,1,1,6667280932864,1627754134,2106679877,2.2942248666407012,active_cumulative,/home/oy/iCAT/result/mixF-fixed50-tenhour-20261004/mixF-fixed50-rep1-x30/control-series.txt
1791101463,2026-10-04T17:11:03+09:00,24644.0,Varmail,1,1,6684712222720,1632009820,2113007700,2.29472731971674,active_cumulative,/home/oy/iCAT/result/mixF-fixed50-tenhour-20261004/mixF-fixed50-rep1-x30/control-series.txt
1791101493,2026-10-04T17:11:33+09:00,24674.0,Varmail,1,1,6702121451520,1636260120,2119338817,2.2952334357449233,active_cumulative,/home/oy/iCAT/result/mixF-fixed50-tenhour-20261004/mixF-fixed50-rep1-x30/control-series.txt
1791101523,2026-10-04T17:12:03+09:00,24704.0,Varmail,1,1,6719537127424,1640511994,2125661023,2.2957302541977027,active_cumulative,/home/oy/iCAT/result/mixF-fixed50-tenhour-20261004/mixF-fixed50-rep1-x30/control-series.txt
1791101553,2026-10-04T17:12:33+09:00,24734.0,Varmail,1,1,6737006448640,1644776965,2132003574,2.2962265519082097,active_cumulative,/home/oy/iCAT/result/mixF-fixed50-tenhour-20261004/mixF-fixed50-rep1-x30/control-series.txt
1791101583,2026-10-04T17:13:03+09:00,24764.0,Varmail,1,1,6754505068544,1649049089,2138349447,2.296716672210599,active_cumulative,/home/oy/iCAT/result/mixF-fixed50-tenhour-20261004/mixF-fixed50-rep1-x30/control-series.txt
1791101613,2026-10-04T17:13:33+09:00,24794.0,Varmail,1,1,6771925848064,1653302209,2144683839,2.2972122261284658,active_cumulative,/home/oy/iCAT/result/mixF-fixed50-tenhour-20261004/mixF-fixed50-rep1-x30/control-series.txt
1791101643,2026-10-04T17:14:03+09:00,24824.0,Varmail,1,1,6789390761984,1657566104,2151000694,2.2976862212669857,active_cumulative,/home/oy/iCAT/result/mixF-fixed50-tenhour-20261004/mixF-fixed50-rep1-x30/control-series.txt
1791101673,2026-10-04T17:14:33+09:00,24854.0,Varmail,1,1,6806875533312,1661834847,2157318922,2.2981548232030784,active_cumulative,/home/oy/iCAT/result/mixF-fixed50-tenhour-20261004/mixF-fixed50-rep1-x30/control-series.txt
1791101703,2026-10-04T17:15:03+09:00,24884.0,Varmail,1,1,6824376848384,1666107629,2163642524,2.2986211012662014,active_cumulative,/home/oy/iCAT/result/mixF-fixed50-tenhour-20261004/mixF-fixed50-rep1-x30/control-series.txt
1791101733,2026-10-04T17:15:33+09:00,24914.0,Varmail,1,1,6841885073408,1670382098,2169966127,2.29908368246892,active_cumulative,/home/oy/iCAT/result/mixF-fixed50-tenhour-20261004/mixF-fixed50-rep1-x30/control-series.txt
1791101763,2026-10-04T17:16:03+09:00,24944.0,Varmail,1,1,6859361865728,1674648893,2176272111,2.299539336332992,active_cumulative,/home/oy/iCAT/result/mixF-fixed50-tenhour-20261004/mixF-fixed50-rep1-x30/control-series.txt
1791101793,2026-10-04T17:16:33+09:00,24974.0,Varmail,1,1,6876837666816,1678915446,2182586757,2.2999980208651913,active_cumulative,/home/oy/iCAT/result/mixF-fixed50-tenhour-20261004/mixF-fixed50-rep1-x30/control-series.txt
1791101823,2026-10-04T17:17:03+09:00,25004.0,Varmail,1,1,6894347997184,1683190429,2188888243,2.30044004842663,active_cumulative,/home/oy/iCAT/result/mixF-fixed50-tenhour-20261004/mixF-fixed50-rep1-x30/control-series.txt
1791101853,2026-10-04T17:17:33+09:00,25034.0,Varmail,1,1,6911882022912,1687471197,2195192905,2.300877258766035,active_cumulative,/home/oy/iCAT/result/mixF-fixed50-tenhour-20261004/mixF-fixed50-rep1-x30/control-series.txt
1791101883,2026-10-04T17:18:03+09:00,25064.0,Varmail,1,1,6929385377792,1691744477,2201519827,2.3013311743768736,active_cumulative,/home/oy/iCAT/result/mixF-fixed50-tenhour-20261004/mixF-fixed50-rep1-x30/control-series.txt
1791101913,2026-10-04T17:18:33+09:00,25094.0,Varmail,1,1,6946882215936,1696016166,2207827268,2.3017725374676647,active_cumulative,/home/oy/iCAT/result/mixF-fixed50-tenhour-20261004/mixF-fixed50-rep1-x30/control-series.txt
1791101943,2026-10-04T17:19:03+09:00,25124.0,Varmail,1,1,6964400435200,1700293075,2214144814,2.3022136280829115,active_cumulative,/home/oy/iCAT/result/mixF-fixed50-tenhour-20261004/mixF-fixed50-rep1-x30/control-series.txt
1791101973,2026-10-04T17:19:33+09:00,25154.0,Varmail,1,1,6981912064000,1704568375,2220458415,2.302651420480566,active_cumulative,/home/oy/iCAT/result/mixF-fixed50-tenhour-20261004/mixF-fixed50-rep1-x30/control-series.txt
1791102003,2026-10-04T17:20:03+09:00,25184.0,Varmail,1,1,6999449239552,1708849912,2226763095,2.3030770457739296,active_cumulative,/home/oy/iCAT/result/mixF-fixed50-tenhour-20261004/mixF-fixed50-rep1-x30/control-series.txt
1791102033,2026-10-04T17:20:33+09:00,25214.0,Varmail,1,1,7016965197824,1713126269,2233066045,2.303503475142847,active_cumulative,/home/oy/iCAT/result/mixF-fixed50-tenhour-20261004/mixF-fixed50-rep1-x30/control-series.txt
1791102063,2026-10-04T17:21:03+09:00,25244.0,Varmail,1,1,7034452963328,1717395743,2239364114,2.303930164685403,active_cumulative,/home/oy/iCAT/result/mixF-fixed50-tenhour-20261004/mixF-fixed50-rep1-x30/control-series.txt
1791102093,2026-10-04T17:21:33+09:00,25274.0,Varmail,1,1,7051953160192,1721668252,2245622755,2.3043295375815527,active_cumulative,/home/oy/iCAT/result/mixF-fixed50-tenhour-20261004/mixF-fixed50-rep1-x30/control-series.txt
1791102123,2026-10-04T17:22:03+09:00,25304.0,Varmail,1,1,7069446209536,1725939016,2251900825,2.304739509405702,active_cumulative,/home/oy/iCAT/result/mixF-fixed50-tenhour-20261004/mixF-fixed50-rep1-x30/control-series.txt
1791102153,2026-10-04T17:22:33+09:00,25334.0,Varmail,1,1,7086995116032,1730223417,2258197368,2.305147847273645,active_cumulative,/home/oy/iCAT/result/mixF-fixed50-tenhour-20261004/mixF-fixed50-rep1-x30/control-series.txt
1791102183,2026-10-04T17:23:03+09:00,25364.0,Varmail,1,1,7104539250688,1734506653,2264483486,2.305549034408921,active_cumulative,/home/oy/iCAT/result/mixF-fixed50-tenhour-20261004/mixF-fixed50-rep1-x30/control-series.txt
1791102213,2026-10-04T17:23:33+09:00,25394.0,Varmail,1,1,7122053574656,1738782611,2270776134,2.305957466812969,active_cumulative,/home/oy/iCAT/result/mixF-fixed50-tenhour-20261004/mixF-fixed50-rep1-x30/control-series.txt
1791102243,2026-10-04T17:24:03+09:00,25424.0,Varmail,1,1,7139592171520,1743064495,2277062110,2.3063556262730254,active_cumulative,/home/oy/iCAT/result/mixF-fixed50-tenhour-20261004/mixF-fixed50-rep1-x30/control-series.txt
1791102273,2026-10-04T17:24:33+09:00,25454.0,Varmail,1,1,7157106311168,1747340408,2283341924,2.3067527732695803,active_cumulative,/home/oy/iCAT/result/mixF-fixed50-tenhour-20261004/mixF-fixed50-rep1-x30/control-series.txt
1791102303,2026-10-04T17:25:03+09:00,25484.0,Varmail,1,1,7174696472576,1751634881,2289629659,2.307138653058143,active_cumulative,/home/oy/iCAT/result/mixF-fixed50-tenhour-20261004/mixF-fixed50-rep1-x30/control-series.txt
1791102333,2026-10-04T17:25:33+09:00,25514.0,Varmail,1,1,7192242016256,1755918461,2295910581,2.307526876670841,active_cumulative,/home/oy/iCAT/result/mixF-fixed50-tenhour-20261004/mixF-fixed50-rep1-x30/control-series.txt
1791102363,2026-10-04T17:26:03+09:00,25544.0,Varmail,1,1,7209791909888,1760203103,2302180117,2.307905953055237,active_cumulative,/home/oy/iCAT/result/mixF-fixed50-tenhour-20261004/mixF-fixed50-rep1-x30/control-series.txt
1791102393,2026-10-04T17:26:33+09:00,25574.0,Varmail,1,1,7227350384640,1764489840,2308459131,2.3082870066284995,active_cumulative,/home/oy/iCAT/result/mixF-fixed50-tenhour-20261004/mixF-fixed50-rep1-x30/control-series.txt
1791102423,2026-10-04T17:27:03+09:00,25604.0,Varmail,1,1,7244892655616,1768772621,2314712852,2.3086548403781517,active_cumulative,/home/oy/iCAT/result/mixF-fixed50-tenhour-20261004/mixF-fixed50-rep1-x30/control-series.txt
1791102453,2026-10-04T17:27:33+09:00,25634.0,Varmail,1,1,7262415667200,1773050700,2320962886,2.3090222890975425,active_cumulative,/home/oy/iCAT/result/mixF-fixed50-tenhour-20261004/mixF-fixed50-rep1-x30/control-series.txt
1791102483,2026-10-04T17:28:03+09:00,25664.0,Varmail,1,1,7279942766592,1777329777,2327225980,2.309394581757463,active_cumulative,/home/oy/iCAT/result/mixF-fixed50-tenhour-20261004/mixF-fixed50-rep1-x30/control-series.txt
1791102513,2026-10-04T17:28:33+09:00,25694.0,Varmail,1,1,7297491152896,1781614051,2333489761,2.3097616510659185,active_cumulative,/home/oy/iCAT/result/mixF-fixed50-tenhour-20261004/mixF-fixed50-rep1-x30/control-series.txt
1791102543,2026-10-04T17:29:03+09:00,25724.0,Varmail,1,1,7315085447168,1785909533,2339741012,2.310111721095785,active_cumulative,/home/oy/iCAT/result/mixF-fixed50-tenhour-20261004/mixF-fixed50-rep1-x30/control-series.txt
1791102573,2026-10-04T17:29:33+09:00,25754.0,Varmail,1,1,7332668448768,1790202258,2345997720,2.310465177616819,active_cumulative,/home/oy/iCAT/result/mixF-fixed50-tenhour-20261004/mixF-fixed50-rep1-x30/control-series.txt
1791102603,2026-10-04T17:30:03+09:00,25784.0,Varmail,1,1,7350191067136,1794480241,2352232111,2.3108152752293245,active_cumulative,/home/oy/iCAT/result/mixF-fixed50-tenhour-20261004/mixF-fixed50-rep1-x30/control-series.txt
1791102633,2026-10-04T17:30:33+09:00,25814.0,Varmail,1,1,7367746174976,1798766156,2358481686,2.3111663670861287,active_cumulative,/home/oy/iCAT/result/mixF-fixed50-tenhour-20261004/mixF-fixed50-rep1-x30/control-series.txt
1791102663,2026-10-04T17:31:03+09:00,25844.0,Varmail,1,1,7385322364928,1803057218,2364729051,2.3115108202850165,active_cumulative,/home/oy/iCAT/result/mixF-fixed50-tenhour-20261004/mixF-fixed50-rep1-x30/control-series.txt
1791102694,2026-10-04T17:31:34+09:00,25875.0,Varmail,1,1,7402894065664,1807347184,2370985512,2.3118594661776948,active_cumulative,/home/oy/iCAT/result/mixF-fixed50-tenhour-20261004/mixF-fixed50-rep1-x30/control-series.txt
1791102724,2026-10-04T17:32:04+09:00,25905.0,Varmail,1,1,7420443803648,1811631788,2377229022,2.312203195895788,active_cumulative,/home/oy/iCAT/result/mixF-fixed50-tenhour-20261004/mixF-fixed50-rep1-x30/control-series.txt
1791102754,2026-10-04T17:32:34+09:00,25935.0,Varmail,1,1,7438021857280,1815923305,2383464702,2.3125359950154944,active_cumulative,/home/oy/iCAT/result/mixF-fixed50-tenhour-20261004/mixF-fixed50-rep1-x30/control-series.txt
1791102784,2026-10-04T17:33:04+09:00,25965.0,Varmail,1,1,7455628083200,1820221700,2389706516,2.312865633895036,active_cumulative,/home/oy/iCAT/result/mixF-fixed50-tenhour-20261004/mixF-fixed50-rep1-x30/control-series.txt
1791102814,2026-10-04T17:33:34+09:00,25995.0,Varmail,1,1,7473177104384,1824506129,2395931165,2.313194363623867,active_cumulative,/home/oy/iCAT/result/mixF-fixed50-tenhour-20261004/mixF-fixed50-rep1-x30/control-series.txt
1791102844,2026-10-04T17:34:04+09:00,26025.0,Varmail,1,1,7490763239424,1828799619,2402177033,2.313526647776494,active_cumulative,/home/oy/iCAT/result/mixF-fixed50-tenhour-20261004/mixF-fixed50-rep1-x30/control-series.txt
1791102874,2026-10-04T17:34:34+09:00,26055.0,Varmail,1,1,7508344414208,1833091898,2408421894,2.313857694001984,active_cumulative,/home/oy/iCAT/result/mixF-fixed50-tenhour-20261004/mixF-fixed50-rep1-x30/control-series.txt
1791102904,2026-10-04T17:35:04+09:00,26085.0,Varmail,1,1,7525944918016,1837388896,2414653226,2.3141764551079556,active_cumulative,/home/oy/iCAT/result/mixF-fixed50-tenhour-20261004/mixF-fixed50-rep1-x30/control-series.txt
1791102934,2026-10-04T17:35:34+09:00,26115.0,Varmail,1,1,7543464325120,1841666095,2420876917,2.314503711379885,active_cumulative,/home/oy/iCAT/result/mixF-fixed50-tenhour-20261004/mixF-fixed50-rep1-x30/control-series.txt
1791102964,2026-10-04T17:36:04+09:00,26145.0,Varmail,1,1,7560985214976,1845943656,2427086473,2.3148215359179956,active_cumulative,/home/oy/iCAT/result/mixF-fixed50-tenhour-20261004/mixF-fixed50-rep1-x30/control-series.txt
1791102994,2026-10-04T17:36:34+09:00,26175.0,Varmail,1,1,7578521952256,1850225086,2433303784,2.3151393321882567,active_cumulative,/home/oy/iCAT/result/mixF-fixed50-tenhour-20261004/mixF-fixed50-rep1-x30/control-series.txt
1791103024,2026-10-04T17:37:04+09:00,26205.0,Varmail,1,1,7596099198976,1854516406,2439541555,2.3154596783869055,active_cumulative,/home/oy/iCAT/result/mixF-fixed50-tenhour-20261004/mixF-fixed50-rep1-x30/control-series.txt
1791103054,2026-10-04T17:37:34+09:00,26235.0,Varmail,1,1,7613742919680,1858823955,2445784243,2.3157697028926014,active_cumulative,/home/oy/iCAT/result/mixF-fixed50-tenhour-20261004/mixF-fixed50-rep1-x30/control-series.txt
1791103084,2026-10-04T17:38:04+09:00,26265.0,Varmail,1,1,7631285362688,1863106778,2452003661,2.3160832701345044,active_cumulative,/home/oy/iCAT/result/mixF-fixed50-tenhour-20261004/mixF-fixed50-rep1-x30/control-series.txt
1791103114,2026-10-04T17:38:34+09:00,26295.0,Varmail,1,1,7648841261056,1867392886,2458203421,2.31638255635938,active_cumulative,/home/oy/iCAT/result/mixF-fixed50-tenhour-20261004/mixF-fixed50-rep1-x30/control-series.txt
1791103144,2026-10-04T17:39:04+09:00,26325.0,Varmail,1,1,7666465251328,1871695618,2464402302,2.3166683077632766,active_cumulative,/home/oy/iCAT/result/mixF-fixed50-tenhour-20261004/mixF-fixed50-rep1-x30/control-series.txt
1791103174,2026-10-04T17:39:34+09:00,26355.0,Varmail,1,1,7684034928640,1875985090,2470605698,2.3169644637207645,active_cumulative,/home/oy/iCAT/result/mixF-fixed50-tenhour-20261004/mixF-fixed50-rep1-x30/control-series.txt
1791103204,2026-10-04T17:40:04+09:00,26385.0,Varmail,1,1,7701601538048,1880273813,2476779959,2.317244298078197,active_cumulative,/home/oy/iCAT/result/mixF-fixed50-tenhour-20261004/mixF-fixed50-rep1-x30/control-series.txt
1791103234,2026-10-04T17:40:34+09:00,26415.0,Varmail,1,1,7719174377472,1884564057,2482976823,2.3175337891950467,active_cumulative,/home/oy/iCAT/result/mixF-fixed50-tenhour-20261004/mixF-fixed50-rep1-x30/control-series.txt
1791103264,2026-10-04T17:41:04+09:00,26445.0,Varmail,1,1,7736721612800,1888848050,2489154283,2.317816053546499,active_cumulative,/home/oy/iCAT/result/mixF-fixed50-tenhour-20261004/mixF-fixed50-rep1-x30/control-series.txt
1791103294,2026-10-04T17:41:34+09:00,26475.0,Varmail,1,1,7754259902464,1893129859,2495338739,2.3181022565024154,active_cumulative,/home/oy/iCAT/result/mixF-fixed50-tenhour-20261004/mixF-fixed50-rep1-x30/control-series.txt
1791103324,2026-10-04T17:42:04+09:00,26505.0,Varmail,1,1,7771787784192,1897409127,2501507834,2.3183808375345714,active_cumulative,/home/oy/iCAT/result/mixF-fixed50-tenhour-20261004/mixF-fixed50-rep1-x30/control-series.txt
1791103354,2026-10-04T17:42:34+09:00,26535.0,Varmail,1,1,7789372235776,1901702206,2507730906,2.3186769716562026,active_cumulative,/home/oy/iCAT/result/mixF-fixed50-tenhour-20261004/mixF-fixed50-rep1-x30/control-series.txt
1791103384,2026-10-04T17:43:04+09:00,26565.0,Varmail,1,1,7806947479552,1905993037,2513916295,2.3189535565968598,active_cumulative,/home/oy/iCAT/result/mixF-fixed50-tenhour-20261004/mixF-fixed50-rep1-x30/control-series.txt
1791103414,2026-10-04T17:43:34+09:00,26595.0,Varmail,1,1,7824575545344,1910296764,2520121875,2.319230562754594,active_cumulative,/home/oy/iCAT/result/mixF-fixed50-tenhour-20261004/mixF-fixed50-rep1-x30/control-series.txt
1791103444,2026-10-04T17:44:04+09:00,26625.0,Varmail,1,1,7842212290560,1914602610,2526327216,2.319504738374926,active_cumulative,/home/oy/iCAT/result/mixF-fixed50-tenhour-20261004/mixF-fixed50-rep1-x30/control-series.txt
1791103474,2026-10-04T17:44:34+09:00,26655.0,Varmail,1,1,7859831676928,1918904218,2532524600,2.319776451708232,active_cumulative,/home/oy/iCAT/result/mixF-fixed50-tenhour-20261004/mixF-fixed50-rep1-x30/control-series.txt
1791103504,2026-10-04T17:45:04+09:00,26685.0,Varmail,1,1,7877487247360,1923214660,2538725953,2.3200429498597934,active_cumulative,/home/oy/iCAT/result/mixF-fixed50-tenhour-20261004/mixF-fixed50-rep1-x30/control-series.txt
1791103534,2026-10-04T17:45:34+09:00,26715.0,Varmail,1,1,7895064313856,1927505936,2544900879,2.3203076740096744,active_cumulative,/home/oy/iCAT/result/mixF-fixed50-tenhour-20261004/mixF-fixed50-rep1-x30/control-series.txt
1791103564,2026-10-04T17:46:04+09:00,26745.0,Varmail,1,1,7912678952960,1931806385,2551082151,2.3205682364488096,active_cumulative,/home/oy/iCAT/result/mixF-fixed50-tenhour-20261004/mixF-fixed50-rep1-x30/control-series.txt
1791103594,2026-10-04T17:46:34+09:00,26775.0,Varmail,1,1,7930327322624,1936115069,2557291738,2.320836648061851,active_cumulative,/home/oy/iCAT/result/mixF-fixed50-tenhour-20261004/mixF-fixed50-rep1-x30/control-series.txt
1791103624,2026-10-04T17:47:04+09:00,26805.0,Varmail,1,1,7947971723264,1940422784,2563492085,2.321099765544703,active_cumulative,/home/oy/iCAT/result/mixF-fixed50-tenhour-20261004/mixF-fixed50-rep1-x30/control-series.txt
1791103654,2026-10-04T17:47:34+09:00,26835.0,Varmail,1,1,7965625442304,1944732774,2569690487,2.3213591714786412,active_cumulative,/home/oy/iCAT/result/mixF-fixed50-tenhour-20261004/mixF-fixed50-rep1-x30/control-series.txt
1791103684,2026-10-04T17:48:04+09:00,26865.0,Varmail,1,1,7983241478144,1949033564,2575872098,2.321615053520956,active_cumulative,/home/oy/iCAT/result/mixF-fixed50-tenhour-20261004/mixF-fixed50-rep1-x30/control-series.txt
1791103714,2026-10-04T17:48:34+09:00,26895.0,Varmail,1,1,8000910467072,1953347282,2582061324,2.3218649585731983,active_cumulative,/home/oy/iCAT/result/mixF-fixed50-tenhour-20261004/mixF-fixed50-rep1-x30/control-series.txt
1791103744,2026-10-04T17:49:04+09:00,26925.0,Varmail,1,1,8018586808320,1957662795,2588253126,2.3221138658866938,active_cumulative,/home/oy/iCAT/result/mixF-fixed50-tenhour-20261004/mixF-fixed50-rep1-x30/control-series.txt
1791103774,2026-10-04T17:49:34+09:00,26955.0,Varmail,1,1,8036259041280,1961977305,2594449872,2.3223648741441485,active_cumulative,/home/oy/iCAT/result/mixF-fixed50-tenhour-20261004/mixF-fixed50-rep1-x30/control-series.txt
1791103804,2026-10-04T17:50:04+09:00,26985.0,Varmail,1,1,8053889806336,1966281691,2600642995,2.322619748179306,active_cumulative,/home/oy/iCAT/result/mixF-fixed50-tenhour-20261004/mixF-fixed50-rep1-x30/control-series.txt
1791103834,2026-10-04T17:50:34+09:00,27015.0,Varmail,1,1,8071527608320,1970587795,2606817782,2.322863050615819,active_cumulative,/home/oy/iCAT/result/mixF-fixed50-tenhour-20261004/mixF-fixed50-rep1-x30/control-series.txt
1791103864,2026-10-04T17:51:04+09:00,27045.0,Varmail,1,1,8089163296768,1974893383,2612981208,2.3230998850331357,active_cumulative,/home/oy/iCAT/result/mixF-fixed50-tenhour-20261004/mixF-fixed50-rep1-x30/control-series.txt
1791103894,2026-10-04T17:51:34+09:00,27075.0,Varmail,1,1,8106804174848,1979200238,2619161831,2.323343530741835,active_cumulative,/home/oy/iCAT/result/mixF-fixed50-tenhour-20261004/mixF-fixed50-rep1-x30/control-series.txt
1791103924,2026-10-04T17:52:04+09:00,27105.0,Varmail,1,1,8124462850048,1983511438,2625342337,2.3235831599978907,active_cumulative,/home/oy/iCAT/result/mixF-fixed50-tenhour-20261004/mixF-fixed50-rep1-x30/control-series.txt
1791103954,2026-10-04T17:52:34+09:00,27135.0,Varmail,1,1,8142073872384,1987811004,2631511174,2.323823627449846,active_cumulative,/home/oy/iCAT/result/mixF-fixed50-tenhour-20261004/mixF-fixed50-rep1-x30/control-series.txt
1791103984,2026-10-04T17:53:04+09:00,27165.0,Varmail,1,1,8159698124800,1992113800,2637682089,2.324061953187614,active_cumulative,/home/oy/iCAT/result/mixF-fixed50-tenhour-20261004/mixF-fixed50-rep1-x30/control-series.txt
1791104014,2026-10-04T17:53:34+09:00,27195.0,Varmail,1,1,8177343696896,1996421801,2643822049,2.3242802937113387,active_cumulative,/home/oy/iCAT/result/mixF-fixed50-tenhour-20261004/mixF-fixed50-rep1-x30/control-series.txt
1791104044,2026-10-04T17:54:04+09:00,27225.0,Varmail,1,1,8194940489728,2000717893,2649960593,2.32450487011264,active_cumulative,/home/oy/iCAT/result/mixF-fixed50-tenhour-20261004/mixF-fixed50-rep1-x30/control-series.txt
1791104074,2026-10-04T17:54:34+09:00,27255.0,Varmail,1,1,8212600872960,2005029510,2656124382,2.3247308175529047,active_cumulative,/home/oy/iCAT/result/mixF-fixed50-tenhour-20261004/mixF-fixed50-rep1-x30/control-series.txt
1791104104,2026-10-04T17:55:04+09:00,27285.0,Varmail,1,1,8230247960576,2009337881,2662281118,2.324954425621561,active_cumulative,/home/oy/iCAT/result/mixF-fixed50-tenhour-20261004/mixF-fixed50-rep1-x30/control-series.txt
1791104134,2026-10-04T17:55:34+09:00,27315.0,Varmail,1,1,8247915843584,2013651329,2668443780,2.325176678588729,active_cumulative,/home/oy/iCAT/result/mixF-fixed50-tenhour-20261004/mixF-fixed50-rep1-x30/control-series.txt
1791104164,2026-10-04T17:56:04+09:00,27345.0,Varmail,1,1,8265566806016,2017960646,2674580957,2.325388065570829,active_cumulative,/home/oy/iCAT/result/mixF-fixed50-tenhour-20261004/mixF-fixed50-rep1-x30/control-series.txt
1791104194,2026-10-04T17:56:34+09:00,27375.0,Varmail,1,1,8283214524416,2022269171,2680727406,2.3256036557558737,active_cumulative,/home/oy/iCAT/result/mixF-fixed50-tenhour-20261004/mixF-fixed50-rep1-x30/control-series.txt
1791104224,2026-10-04T17:57:04+09:00,27405.0,Varmail,1,1,8300855205888,2026575978,2686880974,2.3258229660116894,active_cumulative,/home/oy/iCAT/result/mixF-fixed50-tenhour-20261004/mixF-fixed50-rep1-x30/control-series.txt
1791104254,2026-10-04T17:57:34+09:00,27435.0,Varmail,1,1,8318519279616,2030888496,2693036340,2.3260385025096917,active_cumulative,/home/oy/iCAT/result/mixF-fixed50-tenhour-20261004/mixF-fixed50-rep1-x30/control-series.txt
1791104284,2026-10-04T17:58:04+09:00,27465.0,Varmail,1,1,8336178589696,2035199851,2699203681,2.326259767400111,active_cumulative,/home/oy/iCAT/result/mixF-fixed50-tenhour-20261004/mixF-fixed50-rep1-x30/control-series.txt
1791104314,2026-10-04T17:58:34+09:00,27495.0,Varmail,1,1,8353848582144,2039513814,2705341467,2.326463909403067,active_cumulative,/home/oy/iCAT/result/mixF-fixed50-tenhour-20261004/mixF-fixed50-rep1-x30/control-series.txt
1791104344,2026-10-04T17:59:04+09:00,27525.0,Varmail,1,1,8371497242624,2043822569,2711461914,2.326662086585462,active_cumulative,/home/oy/iCAT/result/mixF-fixed50-tenhour-20261004/mixF-fixed50-rep1-x30/control-series.txt
1791104374,2026-10-04T17:59:34+09:00,27555.0,Varmail,1,1,8389152124928,2048132843,2717604459,2.326869235210052,active_cumulative,/home/oy/iCAT/result/mixF-fixed50-tenhour-20261004/mixF-fixed50-rep1-x30/control-series.txt
1791104404,2026-10-04T18:00:04+09:00,27585.0,Varmail,1,1,8406766059520,2052433120,2723726473,2.327071974457321,active_cumulative,/home/oy/iCAT/result/mixF-fixed50-tenhour-20261004/mixF-fixed50-rep1-x30/control-series.txt
1791104434,2026-10-04T18:00:34+09:00,27615.0,Varmail,1,1,8424395374592,2056737152,2729854679,2.3272744532987364,active_cumulative,/home/oy/iCAT/result/mixF-fixed50-tenhour-20261004/mixF-fixed50-rep1-x30/control-series.txt
1791104464,2026-10-04T18:01:04+09:00,27645.0,Varmail,1,1,8442012192768,2061038133,2735950665,2.327462418668408,active_cumulative,/home/oy/iCAT/result/mixF-fixed50-tenhour-20261004/mixF-fixed50-rep1-x30/control-series.txt
1791104494,2026-10-04T18:01:34+09:00,27675.0,Varmail,1,1,8459616858112,2065336147,2742066515,2.327661126244744,active_cumulative,/home/oy/iCAT/result/mixF-fixed50-tenhour-20261004/mixF-fixed50-rep1-x30/control-series.txt
1791104524,2026-10-04T18:02:04+09:00,27705.0,Varmail,1,1,8477258027008,2069643073,2748185181,2.327854651293296,active_cumulative,/home/oy/iCAT/result/mixF-fixed50-tenhour-20261004/mixF-fixed50-rep1-x30/control-series.txt
1791104554,2026-10-04T18:02:34+09:00,27735.0,Varmail,1,1,8494913024000,2073953375,2754300300,2.3280435004957623,active_cumulative,/home/oy/iCAT/result/mixF-fixed50-tenhour-20261004/mixF-fixed50-rep1-x30/control-series.txt
1791104584,2026-10-04T18:03:04+09:00,27765.0,Varmail,1,1,8512552124416,2078259796,2760418089,2.3282353314599753,active_cumulative,/home/oy/iCAT/result/mixF-fixed50-tenhour-20261004/mixF-fixed50-rep1-x30/control-series.txt
1791104614,2026-10-04T18:03:34+09:00,27795.0,Varmail,1,1,8530146738176,2082555356,2766520575,2.328425948933095,active_cumulative,/home/oy/iCAT/result/mixF-fixed50-tenhour-20261004/mixF-fixed50-rep1-x30/control-series.txt
1791104644,2026-10-04T18:04:04+09:00,27825.0,Varmail,1,1,8547779280896,2086860176,2772629303,2.3286128773200567,active_cumulative,/home/oy/iCAT/result/mixF-fixed50-tenhour-20261004/mixF-fixed50-rep1-x30/control-series.txt
1791104674,2026-10-04T18:04:34+09:00,27855.0,Varmail,1,1,8565394776064,2091160834,2778717211,2.328791724587168,active_cumulative,/home/oy/iCAT/result/mixF-fixed50-tenhour-20261004/mixF-fixed50-rep1-x30/control-series.txt
1791104704,2026-10-04T18:05:04+09:00,27885.0,Varmail,1,1,8583057559552,2095473037,2784828867,2.32897384878162,active_cumulative,/home/oy/iCAT/result/mixF-fixed50-tenhour-20261004/mixF-fixed50-rep1-x30/control-series.txt
1791104734,2026-10-04T18:05:34+09:00,27915.0,Varmail,1,1,8600690659328,2099777993,2790911195,2.3291458450864906,active_cumulative,/home/oy/iCAT/result/mixF-fixed50-tenhour-20261004/mixF-fixed50-rep1-x30/control-series.txt
1791104764,2026-10-04T18:06:04+09:00,27945.0,Varmail,1,1,8618335645696,2104085851,2797010548,2.3293233955594905,active_cumulative,/home/oy/iCAT/result/mixF-fixed50-tenhour-20261004/mixF-fixed50-rep1-x30/control-series.txt
1791104794,2026-10-04T18:06:34+09:00,27975.0,Varmail,1,1,8636027871232,2108405242,2803128554,2.329501795082333,active_cumulative,/home/oy/iCAT/result/mixF-fixed50-tenhour-20261004/mixF-fixed50-rep1-x30/control-series.txt
1791104824,2026-10-04T18:07:04+09:00,28005.0,Varmail,1,1,8653668757504,2112712099,2809235734,2.329682229457427,active_cumulative,/home/oy/iCAT/result/mixF-fixed50-tenhour-20261004/mixF-fixed50-rep1-x30/control-series.txt
1791104854,2026-10-04T18:07:34+09:00,28035.0,Varmail,1,1,8671341412352,2117026712,2815331091,2.3298514728424458,active_cumulative,/home/oy/iCAT/result/mixF-fixed50-tenhour-20261004/mixF-fixed50-rep1-x30/control-series.txt
1791104884,2026-10-04T18:08:04+09:00,28065.0,Varmail,1,1,8689012908032,2121341042,2821430963,2.330022333580062,active_cumulative,/home/oy/iCAT/result/mixF-fixed50-tenhour-20261004/mixF-fixed50-rep1-x30/control-series.txt
1791104914,2026-10-04T18:08:34+09:00,28095.0,Varmail,1,1,8706653011968,2125647708,2827537158,2.330200271361241,active_cumulative,/home/oy/iCAT/result/mixF-fixed50-tenhour-20261004/mixF-fixed50-rep1-x30/control-series.txt
1791104944,2026-10-04T18:09:04+09:00,28125.0,Varmail,1,1,8724288065536,2129953141,2833635843,2.330374733816738,active_cumulative,/home/oy/iCAT/result/mixF-fixed50-tenhour-20261004/mixF-fixed50-rep1-x30/control-series.txt
1791104974,2026-10-04T18:09:34+09:00,28155.0,Varmail,1,1,8741949599744,2134265039,2839723526,2.330539307025588,active_cumulative,/home/oy/iCAT/result/mixF-fixed50-tenhour-20261004/mixF-fixed50-rep1-x30/control-series.txt
1791105004,2026-10-04T18:10:04+09:00,28185.0,Varmail,1,1,8759552827392,2138562702,2845801105,2.3307073495383537,active_cumulative,/home/oy/iCAT/result/mixF-fixed50-tenhour-20261004/mixF-fixed50-rep1-x30/control-series.txt
1791105034,2026-10-04T18:10:34+09:00,28215.0,Varmail,1,1,8777174556672,2142864882,2851878310,2.3308717380902975,active_cumulative,/home/oy/iCAT/result/mixF-fixed50-tenhour-20261004/mixF-fixed50-rep1-x30/control-series.txt
1791105064,2026-10-04T18:11:04+09:00,28245.0,Varmail,1,1,8794830561280,2147175430,2857979347,2.3310413797907517,active_cumulative,/home/oy/iCAT/result/mixF-fixed50-tenhour-20261004/mixF-fixed50-rep1-x30/control-series.txt
1791105094,2026-10-04T18:11:34+09:00,28275.0,Varmail,1,1,8812476551168,2151483533,2864065517,2.331204944434962,active_cumulative,/home/oy/iCAT/result/mixF-fixed50-tenhour-20261004/mixF-fixed50-rep1-x30/control-series.txt
1791105124,2026-10-04T18:12:04+09:00,28305.0,Varmail,1,1,8830156070912,2155799822,2870138291,2.331356585945576,active_cumulative,/home/oy/iCAT/result/mixF-fixed50-tenhour-20261004/mixF-fixed50-rep1-x30/control-series.txt
1791105154,2026-10-04T18:12:34+09:00,28335.0,Varmail,1,1,8847822528512,2160112922,2876227074,2.3315169983507,active_cumulative,/home/oy/iCAT/result/mixF-fixed50-tenhour-20261004/mixF-fixed50-rep1-x30/control-series.txt
1791105184,2026-10-04T18:13:04+09:00,28365.0,Varmail,1,1,8865470914560,2164421610,2882316173,2.331679631954885,active_cumulative,/home/oy/iCAT/result/mixF-fixed50-tenhour-20261004/mixF-fixed50-rep1-x30/control-series.txt
1791105214,2026-10-04T18:13:34+09:00,28395.0,Varmail,1,1,8883174301696,2168743726,2888415973,2.3318383072984625,active_cumulative,/home/oy/iCAT/result/mixF-fixed50-tenhour-20261004/mixF-fixed50-rep1-x30/control-series.txt
1791105244,2026-10-04T18:14:04+09:00,28425.0,Varmail,1,1,8900805697536,2173048266,2894478398,2.3319899255288794,active_cumulative,/home/oy/iCAT/result/mixF-fixed50-tenhour-20261004/mixF-fixed50-rep1-x30/control-series.txt
1791105274,2026-10-04T18:14:34+09:00,28455.0,Varmail,1,1,8918465892352,2177359837,2900537077,2.3321349221708823,active_cumulative,/home/oy/iCAT/result/mixF-fixed50-tenhour-20261004/mixF-fixed50-rep1-x30/control-series.txt
1791105304,2026-10-04T18:15:04+09:00,28485.0,Varmail,1,1,8936126402560,2181671485,2906634174,2.332296908120427,active_cumulative,/home/oy/iCAT/result/mixF-fixed50-tenhour-20261004/mixF-fixed50-rep1-x30/control-series.txt
1791105334,2026-10-04T18:15:34+09:00,28515.0,Varmail,1,1,8953739448320,2185971545,2912702978,2.332452375540872,active_cumulative,/home/oy/iCAT/result/mixF-fixed50-tenhour-20261004/mixF-fixed50-rep1-x30/control-series.txt
1791105364,2026-10-04T18:16:04+09:00,28545.0,Varmail,1,1,8971345620992,2190269927,2918770792,2.332607801449305,active_cumulative,/home/oy/iCAT/result/mixF-fixed50-tenhour-20261004/mixF-fixed50-rep1-x30/control-series.txt
1791105394,2026-10-04T18:16:34+09:00,28575.0,Varmail,1,1,8988941873152,2194565887,2924824997,2.332757888166335,active_cumulative,/home/oy/iCAT/result/mixF-fixed50-tenhour-20261004/mixF-fixed50-rep1-x30/control-series.txt
1791105424,2026-10-04T18:17:04+09:00,28605.0,Varmail,1,1,9006590058496,2198874526,2930889337,2.332904311885234,active_cumulative,/home/oy/iCAT/result/mixF-fixed50-tenhour-20261004/mixF-fixed50-rep1-x30/control-series.txt
1791105454,2026-10-04T18:17:34+09:00,28635.0,Varmail,1,1,9024278970368,2203193108,2936978098,2.333055231216709,active_cumulative,/home/oy/iCAT/result/mixF-fixed50-tenhour-20261004/mixF-fixed50-rep1-x30/control-series.txt
1791105484,2026-10-04T18:18:04+09:00,28665.0,Varmail,1,1,9041930948608,2207502673,2943048435,2.3332026597278777,active_cumulative,/home/oy/iCAT/result/mixF-fixed50-tenhour-20261004/mixF-fixed50-rep1-x30/control-series.txt
1791105514,2026-10-04T18:18:34+09:00,28695.0,Varmail,1,1,9059587108864,2211813259,2949103818,2.333342137271273,active_cumulative,/home/oy/iCAT/result/mixF-fixed50-tenhour-20261004/mixF-fixed50-rep1-x30/control-series.txt
1791105544,2026-10-04T18:19:04+09:00,28725.0,Varmail,1,1,9077221933056,2216118636,2955163571,2.3334861784899497,active_cumulative,/home/oy/iCAT/result/mixF-fixed50-tenhour-20261004/mixF-fixed50-rep1-x30/control-series.txt
1791105574,2026-10-04T18:19:34+09:00,28755.0,Varmail,1,1,9094858072064,2220424334,2961213649,2.333625111046004,active_cumulative,/home/oy/iCAT/result/mixF-fixed50-tenhour-20261004/mixF-fixed50-rep1-x30/control-series.txt
1791105604,2026-10-04T18:20:04+09:00,28785.0,Varmail,1,1,9112521146368,2224736608,2967266183,2.333760667366157,active_cumulative,/home/oy/iCAT/result/mixF-fixed50-tenhour-20261004/mixF-fixed50-rep1-x30/control-series.txt
1791105634,2026-10-04T18:20:34+09:00,28815.0,Varmail,1,1,9130156994560,2229042235,2973310985,2.333896208117385,active_cumulative,/home/oy/iCAT/result/mixF-fixed50-tenhour-20261004/mixF-fixed50-rep1-x30/control-series.txt
1791105664,2026-10-04T18:21:04+09:00,28845.0,Varmail,1,1,9147757793280,2233339305,2979360492,2.334038444283772,active_cumulative,/home/oy/iCAT/result/mixF-fixed50-tenhour-20261004/mixF-fixed50-rep1-x30/control-series.txt
1791105694,2026-10-04T18:21:34+09:00,28875.0,Varmail,1,1,9165391712256,2237644461,2985418807,2.3341792492207727,active_cumulative,/home/oy/iCAT/result/mixF-fixed50-tenhour-20261004/mixF-fixed50-rep1-x30/control-series.txt
1791105724,2026-10-04T18:22:04+09:00,28905.0,Varmail,1,1,9183071363072,2241960782,2991470657,2.334309984821135,active_cumulative,/home/oy/iCAT/result/mixF-fixed50-tenhour-20261004/mixF-fixed50-rep1-x30/control-series.txt
1791105754,2026-10-04T18:22:34+09:00,28935.0,Varmail,1,1,9200737579008,2246273823,2997539387,2.3344496812043385,active_cumulative,/home/oy/iCAT/result/mixF-fixed50-tenhour-20261004/mixF-fixed50-rep1-x30/control-series.txt
1791105784,2026-10-04T18:23:04+09:00,28965.0,Varmail,1,1,9218392588288,2250584128,3003588977,2.3345819601372395,active_cumulative,/home/oy/iCAT/result/mixF-fixed50-tenhour-20261004/mixF-fixed50-rep1-x30/control-series.txt
1791105814,2026-10-04T18:23:34+09:00,28995.0,Varmail,1,1,9236082884608,2254903048,3009660317,2.334718279648181,active_cumulative,/home/oy/iCAT/result/mixF-fixed50-tenhour-20261004/mixF-fixed50-rep1-x30/control-series.txt
1791105844,2026-10-04T18:24:04+09:00,29025.0,Varmail,1,1,9253748756480,2259216005,3015723958,2.33485419336873,active_cumulative,/home/oy/iCAT/result/mixF-fixed50-tenhour-20261004/mixF-fixed50-rep1-x30/control-series.txt
1791105874,2026-10-04T18:24:34+09:00,29055.0,Varmail,1,1,9271436664832,2263534342,3021792190,2.334988444367945,active_cumulative,/home/oy/iCAT/result/mixF-fixed50-tenhour-20261004/mixF-fixed50-rep1-x30/control-series.txt
1791105904,2026-10-04T18:25:04+09:00,29085.0,Varmail,1,1,9289115512832,2267850467,3027853540,2.335120451748903,active_cumulative,/home/oy/iCAT/result/mixF-fixed50-tenhour-20261004/mixF-fixed50-rep1-x30/control-series.txt
1791105934,2026-10-04T18:25:34+09:00,29115.0,Varmail,1,1,9306768367616,2272160246,3033897637,2.3352480936769284,active_cumulative,/home/oy/iCAT/result/mixF-fixed50-tenhour-20261004/mixF-fixed50-rep1-x30/control-series.txt
1791105964,2026-10-04T18:26:04+09:00,29145.0,Varmail,1,1,9324406587392,2276466452,3039946928,2.335379629833438,active_cumulative,/home/oy/iCAT/result/mixF-fixed50-tenhour-20261004/mixF-fixed50-rep1-x30/control-series.txt
1791105994,2026-10-04T18:26:34+09:00,29175.0,Varmail,1,1,9342050922496,2280774151,3045990273,2.3355071880591476,active_cumulative,/home/oy/iCAT/result/mixF-fixed50-tenhour-20261004/mixF-fixed50-rep1-x30/control-series.txt
1791106024,2026-10-04T18:27:04+09:00,29205.0,Varmail,1,1,9359729741824,2285090269,3052023202,2.335624786208391,active_cumulative,/home/oy/iCAT/result/mixF-fixed50-tenhour-20261004/mixF-fixed50-rep1-x30/control-series.txt
1791106054,2026-10-04T18:27:34+09:00,29235.0,Varmail,1,1,9377431150592,2289411902,3058073047,2.3357461120598297,active_cumulative,/home/oy/iCAT/result/mixF-fixed50-tenhour-20261004/mixF-fixed50-rep1-x30/control-series.txt
1791106084,2026-10-04T18:28:04+09:00,29265.0,Varmail,1,1,9395077570560,2293720110,3064124304,2.3358754150697143,active_cumulative,/home/oy/iCAT/result/mixF-fixed50-tenhour-20261004/mixF-fixed50-rep1-x30/control-series.txt
1791106114,2026-10-04T18:28:34+09:00,29295.0,Varmail,1,1,9412714160128,2298025918,3070168262,2.336002452344839,active_cumulative,/home/oy/iCAT/result/mixF-fixed50-tenhour-20261004/mixF-fixed50-rep1-x30/control-series.txt
1791106144,2026-10-04T18:29:04+09:00,29325.0,Varmail,1,1,9430364831744,2302335164,3076202859,2.336122953382473,active_cumulative,/home/oy/iCAT/result/mixF-fixed50-tenhour-20261004/mixF-fixed50-rep1-x30/control-series.txt
1791106174,2026-10-04T18:29:34+09:00,29355.0,Varmail,1,1,9448029155328,2306647743,3082245270,2.336244460973164,active_cumulative,/home/oy/iCAT/result/mixF-fixed50-tenhour-20261004/mixF-fixed50-rep1-x30/control-series.txt
1791106204,2026-10-04T18:30:04+09:00,29385.0,Varmail,1,1,9465723183104,2310967574,3088288528,2.3363616879550384,active_cumulative,/home/oy/iCAT/result/mixF-fixed50-tenhour-20261004/mixF-fixed50-rep1-x30/control-series.txt
1791106234,2026-10-04T18:30:34+09:00,29415.0,Varmail,1,1,9483417473024,2315287469,3094336517,2.3364804839273288,active_cumulative,/home/oy/iCAT/result/mixF-fixed50-tenhour-20261004/mixF-fixed50-rep1-x30/control-series.txt
1791106264,2026-10-04T18:31:04+09:00,29445.0,Varmail,1,1,9501147512832,2319616092,3100377497,2.336590786592974,active_cumulative,/home/oy/iCAT/result/mixF-fixed50-tenhour-20261004/mixF-fixed50-rep1-x30/control-series.txt
1791106294,2026-10-04T18:31:34+09:00,29475.0,Varmail,1,1,9518798471168,2323925408,3106399030,2.336703415396369,active_cumulative,/home/oy/iCAT/result/mixF-fixed50-tenhour-20261004/mixF-fixed50-rep1-x30/control-series.txt
1791106324,2026-10-04T18:32:04+09:00,29505.0,Varmail,1,1,9536488566784,2328244279,3112434934,2.3368163135084847,active_cumulative,/home/oy/iCAT/result/mixF-fixed50-tenhour-20261004/mixF-fixed50-rep1-x30/control-series.txt
1791106354,2026-10-04T18:32:34+09:00,29535.0,Varmail,1,1,9554177556480,2332562880,3118469068,2.336928189477147,active_cumulative,/home/oy/iCAT/result/mixF-fixed50-tenhour-20261004/mixF-fixed50-rep1-x30/control-series.txt
1791106384,2026-10-04T18:33:04+09:00,29565.0,Varmail,1,1,9571890757632,2336887392,3124483082,2.3370276602527884,active_cumulative,/home/oy/iCAT/result/mixF-fixed50-tenhour-20261004/mixF-fixed50-rep1-x30/control-series.txt
1791106414,2026-10-04T18:33:34+09:00,29595.0,Varmail,1,1,9589585678336,2341207441,3130503922,2.3371322280877713,active_cumulative,/home/oy/iCAT/result/mixF-fixed50-tenhour-20261004/mixF-fixed50-rep1-x30/control-series.txt
1791106444,2026-10-04T18:34:04+09:00,29625.0,Varmail,1,1,9607253798912,2345520947,3136506784,2.3372324762273804,active_cumulative,/home/oy/iCAT/result/mixF-fixed50-tenhour-20261004/mixF-fixed50-rep1-x30/control-series.txt
1791106474,2026-10-04T18:34:34+09:00,29655.0,Varmail,1,1,9624895016960,2349827885,3142521004,2.3373409278441684,active_cumulative,/home/oy/iCAT/result/mixF-fixed50-tenhour-20261004/mixF-fixed50-rep1-x30/control-series.txt
1791106504,2026-10-04T18:35:04+09:00,29685.0,Varmail,1,1,9642648809472,2354162307,3148552601,2.3374407497893896,active_cumulative,/home/oy/iCAT/result/mixF-fixed50-tenhour-20261004/mixF-fixed50-rep1-x30/control-series.txt
1791106534,2026-10-04T18:35:34+09:00,29715.0,Varmail,1,1,9660347486208,2358483273,3154580983,2.3375464728174054,active_cumulative,/home/oy/iCAT/result/mixF-fixed50-tenhour-20261004/mixF-fixed50-rep1-x30/control-series.txt
1791106564,2026-10-04T18:36:04+09:00,29745.0,Varmail,1,1,9677982367744,2362788664,3160565804,2.3376421904147073,active_cumulative,/home/oy/iCAT/result/mixF-fixed50-tenhour-20261004/mixF-fixed50-rep1-x30/control-series.txt
1791106594,2026-10-04T18:36:34+09:00,29775.0,Varmail,1,1,9695719620608,2367119048,3166600723,2.3377445995694597,active_cumulative,/home/oy/iCAT/result/mixF-fixed50-tenhour-20261004/mixF-fixed50-rep1-x30/control-series.txt
1791106624,2026-10-04T18:37:04+09:00,29805.0,Varmail,1,1,9713406889984,2371437229,3172623895,2.337848565503818,active_cumulative,/home/oy/iCAT/result/mixF-fixed50-tenhour-20261004/mixF-fixed50-rep1-x30/control-series.txt
1791106654,2026-10-04T18:37:34+09:00,29835.0,Varmail,1,1,9731131232256,2375764461,3178641622,2.3379447643820948,active_cumulative,/home/oy/iCAT/result/mixF-fixed50-tenhour-20261004/mixF-fixed50-rep1-x30/control-series.txt
1791106684,2026-10-04T18:38:04+09:00,29865.0,Varmail,1,1,9748788412416,2380075296,3184638844,2.3380412163229307,active_cumulative,/home/oy/iCAT/result/mixF-fixed50-tenhour-20261004/mixF-fixed50-rep1-x30/control-series.txt
1791106714,2026-10-04T18:38:34+09:00,29895.0,Varmail,1,1,9766475968512,2384393547,3190680108,2.3381516285407056,active_cumulative,/home/oy/iCAT/result/mixF-fixed50-tenhour-20261004/mixF-fixed50-rep1-x30/control-series.txt
1791106744,2026-10-04T18:39:04+09:00,29925.0,Varmail,1,1,9784167632896,2388712801,3196705596,2.338254475239445,active_cumulative,/home/oy/iCAT/result/mixF-fixed50-tenhour-20261004/mixF-fixed50-rep1-x30/control-series.txt
1791106774,2026-10-04T18:39:34+09:00,29955.0,Varmail,1,1,9801865777152,2393033637,3202726537,2.338354165808995,active_cumulative,/home/oy/iCAT/result/mixF-fixed50-tenhour-20261004/mixF-fixed50-rep1-x30/control-series.txt
1791106804,2026-10-04T18:40:04+09:00,29985.0,Varmail,1,1,9819559309312,2397353347,3208738361,2.338450322734173,active_cumulative,/home/oy/iCAT/result/mixF-fixed50-tenhour-20261004/mixF-fixed50-rep1-x30/control-series.txt
1791106834,2026-10-04T18:40:34+09:00,30015.0,Varmail,1,1,9837272567808,2401677873,3214762215,2.338548458617539,active_cumulative,/home/oy/iCAT/result/mixF-fixed50-tenhour-20261004/mixF-fixed50-rep1-x30/control-series.txt
1791106864,2026-10-04T18:41:04+09:00,30045.0,Varmail,1,1,9854930722816,2405988946,3220769972,2.3386470363276555,active_cumulative,/home/oy/iCAT/result/mixF-fixed50-tenhour-20261004/mixF-fixed50-rep1-x30/control-series.txt
1791106894,2026-10-04T18:41:34+09:00,30075.0,Varmail,1,1,9872623955968,2410308583,3226779805,2.338741366046905,active_cumulative,/home/oy/iCAT/result/mixF-fixed50-tenhour-20261004/mixF-fixed50-rep1-x30/control-series.txt
1791106924,2026-10-04T18:42:04+09:00,30105.0,Varmail,1,1,9890348085248,2414635763,3232787112,2.3388301298012375,active_cumulative,/home/oy/iCAT/result/mixF-fixed50-tenhour-20261004/mixF-fixed50-rep1-x30/control-series.txt
1791106954,2026-10-04T18:42:34+09:00,30135.0,Varmail,1,1,9908048588800,2418957175,3238797090,2.3389228728284532,active_cumulative,/home/oy/iCAT/result/mixF-fixed50-tenhour-20261004/mixF-fixed50-rep1-x30/control-series.txt
1791106984,2026-10-04T18:43:04+09:00,30165.0,Varmail,1,1,9925739421696,2423276226,3244809810,2.3390177212096335,active_cumulative,/home/oy/iCAT/result/mixF-fixed50-tenhour-20261004/mixF-fixed50-rep1-x30/control-series.txt
1791107014,2026-10-04T18:43:34+09:00,30195.0,Varmail,1,1,9943462592512,2427603172,3250823782,2.339108392794603,active_cumulative,/home/oy/iCAT/result/mixF-fixed50-tenhour-20261004/mixF-fixed50-rep1-x30/control-series.txt
1791107044,2026-10-04T18:44:04+09:00,30225.0,Varmail,1,1,9961133682688,2431917403,3256839371,2.339206408483438,active_cumulative,/home/oy/iCAT/result/mixF-fixed50-tenhour-20261004/mixF-fixed50-rep1-x30/control-series.txt
1791107075,2026-10-04T18:44:35+09:00,30256.0,Varmail,1,1,9978824761344,2436236514,3262850451,2.339299543476098,active_cumulative,/home/oy/iCAT/result/mixF-fixed50-tenhour-20261004/mixF-fixed50-rep1-x30/control-series.txt
1791107105,2026-10-04T18:45:05+09:00,30286.0,Varmail,1,1,9996516167680,2440555705,3268855846,2.3393899755301835,active_cumulative,/home/oy/iCAT/result/mixF-fixed50-tenhour-20261004/mixF-fixed50-rep1-x30/control-series.txt
1791107135,2026-10-04T18:45:35+09:00,30316.0,Varmail,1,1,10014200905728,2444873268,3274864178,2.339482181290715,active_cumulative,/home/oy/iCAT/result/mixF-fixed50-tenhour-20261004/mixF-fixed50-rep1-x30/control-series.txt
1791107165,2026-10-04T18:46:05+09:00,30346.0,Varmail,1,1,10031917772800,2449198675,3280861989,2.339565476042894,active_cumulative,/home/oy/iCAT/result/mixF-fixed50-tenhour-20261004/mixF-fixed50-rep1-x30/control-series.txt
1791107195,2026-10-04T18:46:35+09:00,30376.0,Varmail,1,1,10049628811264,2453522659,3286864416,2.339651135457478,active_cumulative,/home/oy/iCAT/result/mixF-fixed50-tenhour-20261004/mixF-fixed50-rep1-x30/control-series.txt
1791107225,2026-10-04T18:47:05+09:00,30406.0,Varmail,1,1,10067382243328,2457856993,3292878084,2.3397354253637,active_cumulative,/home/oy/iCAT/result/mixF-fixed50-tenhour-20261004/mixF-fixed50-rep1-x30/control-series.txt
1791107255,2026-10-04T18:47:35+09:00,30436.0,Varmail,1,1,10085125251072,2462188782,3298884177,2.3398177268602307,active_cumulative,/home/oy/iCAT/result/mixF-fixed50-tenhour-20261004/mixF-fixed50-rep1-x30/control-series.txt
1791107285,2026-10-04T18:48:05+09:00,30466.0,Varmail,1,1,10102830841856,2466511436,3304882713,2.339901637901832,active_cumulative,/home/oy/iCAT/result/mixF-fixed50-tenhour-20261004/mixF-fixed50-rep1-x30/control-series.txt
1791107315,2026-10-04T18:48:35+09:00,30496.0,Varmail,1,1,10120545366016,2470836271,3310877668,2.3399826232354997,active_cumulative,/home/oy/iCAT/result/mixF-fixed50-tenhour-20261004/mixF-fixed50-rep1-x30/control-series.txt
1791107345,2026-10-04T18:49:05+09:00,30526.0,Varmail,1,1,10138236739584,2475155454,3316870630,2.340065580381926,active_cumulative,/home/oy/iCAT/result/mixF-fixed50-tenhour-20261004/mixF-fixed50-rep1-x30/control-series.txt
1791107375,2026-10-04T18:49:35+09:00,30556.0,Varmail,1,1,10155961049088,2479482678,3322859233,2.340142144360647,active_cumulative,/home/oy/iCAT/result/mixF-fixed50-tenhour-20261004/mixF-fixed50-rep1-x30/control-series.txt
1791107405,2026-10-04T18:50:05+09:00,30586.0,Varmail,1,1,10173656756224,2483802919,3328868466,2.340230515285903,active_cumulative,/home/oy/iCAT/result/mixF-fixed50-tenhour-20261004/mixF-fixed50-rep1-x30/control-series.txt
1791107435,2026-10-04T18:50:35+09:00,30616.0,Varmail,1,1,10191396380672,2488133882,3334854274,2.3403033888672393,active_cumulative,/home/oy/iCAT/result/mixF-fixed50-tenhour-20261004/mixF-fixed50-rep1-x30/control-series.txt
1791107465,2026-10-04T18:51:05+09:00,30646.0,Varmail,1,1,10209134604288,2492464503,3340846603,2.3403788093988354,active_cumulative,/home/oy/iCAT/result/mixF-fixed50-tenhour-20261004/mixF-fixed50-rep1-x30/control-series.txt
1791107495,2026-10-04T18:51:35+09:00,30676.0,Varmail,1,1,10226809491456,2496779661,3346828787,2.3404582067364093,active_cumulative,/home/oy/iCAT/result/mixF-fixed50-tenhour-20261004/mixF-fixed50-rep1-x30/control-series.txt
1791107525,2026-10-04T18:52:05+09:00,30706.0,Varmail,1,1,10244517060608,2501102798,3352818947,2.3405362425251264,active_cumulative,/home/oy/iCAT/result/mixF-fixed50-tenhour-20261004/mixF-fixed50-rep1-x30/control-series.txt
1791107555,2026-10-04T18:52:35+09:00,30736.0,Varmail,1,1,10262246731776,2505431331,3358813747,2.340612973678822,active_cumulative,/home/oy/iCAT/result/mixF-fixed50-tenhour-20261004/mixF-fixed50-rep1-x30/control-series.txt
1791107585,2026-10-04T18:53:05+09:00,30766.0,Varmail,1,1,10279959142400,2509755650,3364805010,2.340690281940395,active_cumulative,/home/oy/iCAT/result/mixF-fixed50-tenhour-20261004/mixF-fixed50-rep1-x30/control-series.txt
1791107615,2026-10-04T18:53:35+09:00,30796.0,Varmail,1,1,10297722359808,2514092373,3370802951,2.3407633654199067,active_cumulative,/home/oy/iCAT/result/mixF-fixed50-tenhour-20261004/mixF-fixed50-rep1-x30/control-series.txt
1791107645,2026-10-04T18:54:05+09:00,30826.0,Varmail,1,1,10315459231744,2518422664,3376800584,2.3408394993700705,active_cumulative,/home/oy/iCAT/result/mixF-fixed50-tenhour-20261004/mixF-fixed50-rep1-x30/control-series.txt
1791107675,2026-10-04T18:54:35+09:00,30856.0,Varmail,1,1,10333171822592,2522747027,3382789237,2.340914963250495,active_cumulative,/home/oy/iCAT/result/mixF-fixed50-tenhour-20261004/mixF-fixed50-rep1-x30/control-series.txt
1791107705,2026-10-04T18:55:05+09:00,30886.0,Varmail,1,1,10350930714624,2527082694,3388805428,2.340995067571778,active_cumulative,/home/oy/iCAT/result/mixF-fixed50-tenhour-20261004/mixF-fixed50-rep1-x30/control-series.txt
1791107735,2026-10-04T18:55:35+09:00,30916.0,Varmail,1,1,10368659525632,2531411017,3394791499,2.3410668896523967,active_cumulative,/home/oy/iCAT/result/mixF-fixed50-tenhour-20261004/mixF-fixed50-rep1-x30/control-series.txt
1791107765,2026-10-04T18:56:05+09:00,30946.0,Varmail,1,1,10386362085376,2535732931,3400782847,2.3411439372910836,active_cumulative,/home/oy/iCAT/result/mixF-fixed50-tenhour-20261004/mixF-fixed50-rep1-x30/control-series.txt
1791107795,2026-10-04T18:56:35+09:00,30976.0,Varmail,1,1,10404109799424,2540065869,3406779851,2.341217128491718,active_cumulative,/home/oy/iCAT/result/mixF-fixed50-tenhour-20261004/mixF-fixed50-rep1-x30/control-series.txt
1791107825,2026-10-04T18:57:05+09:00,31006.0,Varmail,1,1,10421859315712,2544399247,3412783562,2.341292474451043,active_cumulative,/home/oy/iCAT/result/mixF-fixed50-tenhour-20261004/mixF-fixed50-rep1-x30/control-series.txt
1791107855,2026-10-04T18:57:35+09:00,31036.0,Varmail,1,1,10439593705472,2548728932,3418769767,2.3413626392655553,active_cumulative,/home/oy/iCAT/result/mixF-fixed50-tenhour-20261004/mixF-fixed50-rep1-x30/control-series.txt
1791107885,2026-10-04T18:58:05+09:00,31066.0,Varmail,1,1,10457323065344,2553057389,3424741941,2.341427715552226,active_cumulative,/home/oy/iCAT/result/mixF-fixed50-tenhour-20261004/mixF-fixed50-rep1-x30/control-series.txt
1791107915,2026-10-04T18:58:35+09:00,31096.0,Varmail,1,1,10475042213888,2557383353,3430704744,2.341490214979123,active_cumulative,/home/oy/iCAT/result/mixF-fixed50-tenhour-20261004/mixF-fixed50-rep1-x30/control-series.txt
1791107945,2026-10-04T18:59:05+09:00,31126.0,Varmail,1,1,10492756525056,2561708136,3436688993,2.3415614935611853,active_cumulative,/home/oy/iCAT/result/mixF-fixed50-tenhour-20261004/mixF-fixed50-rep1-x30/control-series.txt
1791107975,2026-10-04T18:59:35+09:00,31156.0,Varmail,1,1,10510484848640,2566036340,3442667656,2.341628566335892,active_cumulative,/home/oy/iCAT/result/mixF-fixed50-tenhour-20261004/mixF-fixed50-rep1-x30/control-series.txt
1791108005,2026-10-04T19:00:05+09:00,31186.0,Varmail,1,1,10528231989248,2570369138,3448653462,2.3416957942015255,active_cumulative,/home/oy/iCAT/result/mixF-fixed50-tenhour-20261004/mixF-fixed50-rep1-x30/control-series.txt
1791108035,2026-10-04T19:00:35+09:00,31216.0,Varmail,1,1,10545989337088,2574704428,3454622625,2.341755033094618,active_cumulative,/home/oy/iCAT/result/mixF-fixed50-tenhour-20261004/mixF-fixed50-rep1-x30/control-series.txt
1791108065,2026-10-04T19:01:05+09:00,31246.0,Varmail,1,1,10563754258432,2579041567,3460595909,2.34181470871966,active_cumulative,/home/oy/iCAT/result/mixF-fixed50-tenhour-20261004/mixF-fixed50-rep1-x30/control-series.txt
1791108095,2026-10-04T19:01:35+09:00,31276.0,Varmail,1,1,10581483012096,2583369876,3466565909,2.3418774993101295,active_cumulative,/home/oy/iCAT/result/mixF-fixed50-tenhour-20261004/mixF-fixed50-rep1-x30/control-series.txt
1791108125,2026-10-04T19:02:05+09:00,31306.0,Varmail,1,1,10599198445568,2587694933,3472539412,2.3419431200006913,active_cumulative,/home/oy/iCAT/result/mixF-fixed50-tenhour-20261004/mixF-fixed50-rep1-x30/control-series.txt
1791108155,2026-10-04T19:02:35+09:00,31336.0,Varmail,1,1,10616918896640,2592021215,3478514498,2.342008498182759,active_cumulative,/home/oy/iCAT/result/mixF-fixed50-tenhour-20261004/mixF-fixed50-rep1-x30/control-series.txt
1791108185,2026-10-04T19:03:05+09:00,31366.0,Varmail,1,1,10634644418560,2596348735,3484496108,2.3420755313134003,active_cumulative,/home/oy/iCAT/result/mixF-fixed50-tenhour-20261004/mixF-fixed50-rep1-x30/control-series.txt
1791108215,2026-10-04T19:03:35+09:00,31396.0,Varmail,1,1,10652355874816,2600672821,3490474463,2.3421428619605664,active_cumulative,/home/oy/iCAT/result/mixF-fixed50-tenhour-20261004/mixF-fixed50-rep1-x30/control-series.txt
1791108245,2026-10-04T19:04:05+09:00,31426.0,Varmail,1,1,10670115987456,2605008786,3496443919,2.342200432409597,active_cumulative,/home/oy/iCAT/result/mixF-fixed50-tenhour-20261004/mixF-fixed50-rep1-x30/control-series.txt
1791108275,2026-10-04T19:04:35+09:00,31456.0,Varmail,1,1,10687856168960,2609339885,3502427480,2.342265720205323,active_cumulative,/home/oy/iCAT/result/mixF-fixed50-tenhour-20261004/mixF-fixed50-rep1-x30/control-series.txt
1791108305,2026-10-04T19:05:05+09:00,31486.0,Varmail,1,1,10705598382080,2613671480,3508410314,2.342330258736266,active_cumulative,/home/oy/iCAT/result/mixF-fixed50-tenhour-20261004/mixF-fixed50-rep1-x30/control-series.txt
1791108335,2026-10-04T19:05:35+09:00,31516.0,Varmail,1,1,10723306991616,2617994871,3514373696,2.3423913602464808,active_cumulative,/home/oy/iCAT/result/mixF-fixed50-tenhour-20261004/mixF-fixed50-rep1-x30/control-series.txt
1791108365,2026-10-04T19:06:05+09:00,31546.0,Varmail,1,1,10741039910912,2622324197,3520345733,2.3424525224712327,active_cumulative,/home/oy/iCAT/result/mixF-fixed50-tenhour-20261004/mixF-fixed50-rep1-x30/control-series.txt
1791108395,2026-10-04T19:06:35+09:00,31576.0,Varmail,1,1,10758749937664,2626647934,3526316503,2.3425158573231153,active_cumulative,/home/oy/iCAT/result/mixF-fixed50-tenhour-20261004/mixF-fixed50-rep1-x30/control-series.txt
1791108425,2026-10-04T19:07:05+09:00,31606.0,Varmail,1,1,10776475545600,2630975475,3532298109,2.3425811614606555,active_cumulative,/home/oy/iCAT/result/mixF-fixed50-tenhour-20261004/mixF-fixed50-rep1-x30/control-series.txt
1791108455,2026-10-04T19:07:35+09:00,31636.0,Varmail,1,1,10794201370624,2635303069,3538269629,2.3426423968544317,active_cumulative,/home/oy/iCAT/result/mixF-fixed50-tenhour-20261004/mixF-fixed50-rep1-x30/control-series.txt
1791108485,2026-10-04T19:08:05+09:00,31666.0,Varmail,1,1,10811896406016,2639623146,3544227048,2.3427019131010454,active_cumulative,/home/oy/iCAT/result/mixF-fixed50-tenhour-20261004/mixF-fixed50-rep1-x30/control-series.txt
1791108515,2026-10-04T19:08:35+09:00,31696.0,Varmail,1,1,10829637763072,2643954532,3550198774,2.342760902667444,active_cumulative,/home/oy/iCAT/result/mixF-fixed50-tenhour-20261004/mixF-fixed50-rep1-x30/control-series.txt
1791108545,2026-10-04T19:09:05+09:00,31726.0,Varmail,1,1,10847360442368,2648281358,3556166795,2.342820612416213,active_cumulative,/home/oy/iCAT/result/mixF-fixed50-tenhour-20261004/mixF-fixed50-rep1-x30/control-series.txt
1791108575,2026-10-04T19:09:35+09:00,31756.0,Varmail,1,1,10865127268352,2652618962,3562143504,2.342877946297362,active_cumulative,/home/oy/iCAT/result/mixF-fixed50-tenhour-20261004/mixF-fixed50-rep1-x30/control-series.txt
1791108605,2026-10-04T19:10:05+09:00,31786.0,Varmail,1,1,10882850865152,2656946012,3568091873,2.3429297610432593,active_cumulative,/home/oy/iCAT/result/mixF-fixed50-tenhour-20261004/mixF-fixed50-rep1-x30/control-series.txt
1791108635,2026-10-04T19:10:35+09:00,31816.0,Varmail,1,1,10900610916352,2661281962,3574042661,2.342977824985536,active_cumulative,/home/oy/iCAT/result/mixF-fixed50-tenhour-20261004/mixF-fixed50-rep1-x30/control-series.txt
1791108665,2026-10-04T19:11:05+09:00,31846.0,Varmail,1,1,10918376517632,2665619267,3579990398,2.343023905296525,active_cumulative,/home/oy/iCAT/result/mixF-fixed50-tenhour-20261004/mixF-fixed50-rep1-x30/control-series.txt
1791108695,2026-10-04T19:11:35+09:00,31876.0,Varmail,1,1,10936113430528,2669949568,3585947577,2.343076895525841,active_cumulative,/home/oy/iCAT/result/mixF-fixed50-tenhour-20261004/mixF-fixed50-rep1-x30/control-series.txt
1791108725,2026-10-04T19:12:05+09:00,31906.0,Varmail,1,1,10953837375488,2674276703,3591897445,2.3431285704170453,active_cumulative,/home/oy/iCAT/result/mixF-fixed50-tenhour-20261004/mixF-fixed50-rep1-x30/control-series.txt
1791108755,2026-10-04T19:12:35+09:00,31936.0,Varmail,1,1,10971600293888,2678613353,3597871780,2.343184441297004,active_cumulative,/home/oy/iCAT/result/mixF-fixed50-tenhour-20261004/mixF-fixed50-rep1-x30/control-series.txt
1791108785,2026-10-04T19:13:05+09:00,31966.0,Varmail,1,1,10989355552768,2682948133,3603844356,2.343240412169384,active_cumulative,/home/oy/iCAT/result/mixF-fixed50-tenhour-20261004/mixF-fixed50-rep1-x30/control-series.txt
1791108815,2026-10-04T19:13:35+09:00,31996.0,Varmail,1,1,11007110041600,2687282725,3609809027,2.3432933548143877,active_cumulative,/home/oy/iCAT/result/mixF-fixed50-tenhour-20261004/mixF-fixed50-rep1-x30/control-series.txt
1791108845,2026-10-04T19:14:05+09:00,32026.0,Varmail,1,1,11024849428480,2691613630,3615759653,2.34334274901112,active_cumulative,/home/oy/iCAT/result/mixF-fixed50-tenhour-20261004/mixF-fixed50-rep1-x30/control-series.txt
1791108875,2026-10-04T19:14:35+09:00,32056.0,Varmail,1,1,11042567356416,2695939296,3621709585,2.343394337689123,active_cumulative,/home/oy/iCAT/result/mixF-fixed50-tenhour-20261004/mixF-fixed50-rep1-x30/control-series.txt
1791108905,2026-10-04T19:15:05+09:00,32086.0,Varmail,1,1,11060312072192,2700271502,3627679567,2.3434499324653464,active_cumulative,/home/oy/iCAT/result/mixF-fixed50-tenhour-20261004/mixF-fixed50-rep1-x30/control-series.txt
1791108935,2026-10-04T19:15:35+09:00,32116.0,Varmail,1,1,11078093705216,2704612721,3633659788,2.3435046577228604,active_cumulative,/home/oy/iCAT/result/mixF-fixed50-tenhour-20261004/mixF-fixed50-rep1-x30/control-series.txt
1791108965,2026-10-04T19:16:05+09:00,32146.0,Varmail,1,1,11095839453184,2708945179,3639628060,2.3435591418441177,active_cumulative,/home/oy/iCAT/result/mixF-fixed50-tenhour-20261004/mixF-fixed50-rep1-x30/control-series.txt
1791108995,2026-10-04T19:16:35+09:00,32176.0,Varmail,1,1,11113613815808,2713284623,3645600339,2.343611469322804,active_cumulative,/home/oy/iCAT/result/mixF-fixed50-tenhour-20261004/mixF-fixed50-rep1-x30/control-series.txt
1791109025,2026-10-04T19:17:05+09:00,32206.0,Varmail,1,1,11131385044992,2717623302,3651577034,2.3436656328758545,active_cumulative,/home/oy/iCAT/result/mixF-fixed50-tenhour-20261004/mixF-fixed50-rep1-x30/control-series.txt
1791109055,2026-10-04T19:17:35+09:00,32236.0,Varmail,1,1,11149135962112,2721957022,3657533512,2.343714644440848,active_cumulative,/home/oy/iCAT/result/mixF-fixed50-tenhour-20261004/mixF-fixed50-rep1-x30/control-series.txt
1791109085,2026-10-04T19:18:05+09:00,32266.0,Varmail,1,1,11166896807936,2726293166,3663494883,2.343764100166475,active_cumulative,/home/oy/iCAT/result/mixF-fixed50-tenhour-20261004/mixF-fixed50-rep1-x30/control-series.txt
1791109115,2026-10-04T19:18:35+09:00,32296.0,Varmail,1,1,11184678379520,2730634370,3669446996,2.3438075182507863,active_cumulative,/home/oy/iCAT/result/mixF-fixed50-tenhour-20261004/mixF-fixed50-rep1-x30/control-series.txt
1791109145,2026-10-04T19:19:05+09:00,32326.0,Varmail,1,1,11202443796480,2734971630,3675397104,2.3438520033204147,active_cumulative,/home/oy/iCAT/result/mixF-fixed50-tenhour-20261004/mixF-fixed50-rep1-x30/control-series.txt
1791109175,2026-10-04T19:19:35+09:00,32356.0,Varmail,1,1,11220230643712,2739314122,3681367381,2.343901143514055,active_cumulative,/home/oy/iCAT/result/mixF-fixed50-tenhour-20261004/mixF-fixed50-rep1-x30/control-series.txt
1791109205,2026-10-04T19:20:05+09:00,32386.0,Varmail,1,1,11238009864192,2743654752,3687316070,2.343943171899494,active_cumulative,/home/oy/iCAT/result/mixF-fixed50-tenhour-20261004/mixF-fixed50-rep1-x30/control-series.txt
1791109235,2026-10-04T19:20:35+09:00,32416.0,Varmail,1,1,11255757758464,2747987734,3693246470,2.343982152578269,active_cumulative,/home/oy/iCAT/result/mixF-fixed50-tenhour-20261004/mixF-fixed50-rep1-x30/control-series.txt
1791109265,2026-10-04T19:21:05+09:00,32446.0,Varmail,1,1,11273500372992,2752319427,3699215754,2.3440357676914365,active_cumulative,/home/oy/iCAT/result/mixF-fixed50-tenhour-20261004/mixF-fixed50-rep1-x30/control-series.txt
1791109295,2026-10-04T19:21:35+09:00,32476.0,Varmail,1,1,11291250860032,2756653042,3705184801,2.344088191204441,active_cumulative,/home/oy/iCAT/result/mixF-fixed50-tenhour-20261004/mixF-fixed50-rep1-x30/control-series.txt
1791109325,2026-10-04T19:22:05+09:00,32506.0,Varmail,1,1,11308996542464,2760985484,3711121374,2.344129259464082,active_cumulative,/home/oy/iCAT/result/mixF-fixed50-tenhour-20261004/mixF-fixed50-rep1-x30/control-series.txt
1791109355,2026-10-04T19:22:35+09:00,32536.0,Varmail,1,1,11326767837184,2765324179,3717067826,2.3441707320348133,active_cumulative,/home/oy/iCAT/result/mixF-fixed50-tenhour-20261004/mixF-fixed50-rep1-x30/control-series.txt
1791109385,2026-10-04T19:23:05+09:00,32566.0,Varmail,1,1,11344551538688,2769665903,3723010538,2.3442092542524255,active_cumulative,/home/oy/iCAT/result/mixF-fixed50-tenhour-20261004/mixF-fixed50-rep1-x30/control-series.txt
1791109415,2026-10-04T19:23:35+09:00,32596.0,Varmail,1,1,11362312294400,2774002025,3728957757,2.3442519952738676,active_cumulative,/home/oy/iCAT/result/mixF-fixed50-tenhour-20261004/mixF-fixed50-rep1-x30/control-series.txt
1791109445,2026-10-04T19:24:05+09:00,32626.0,Varmail,1,1,11380084154368,2778340858,3734896278,2.3442901605271644,active_cumulative,/home/oy/iCAT/result/mixF-fixed50-tenhour-20261004/mixF-fixed50-rep1-x30/control-series.txt
1791109475,2026-10-04T19:24:35+09:00,32656.0,Varmail,1,1,11397763923968,2782657208,3740814407,2.3443317402680237,active_cumulative,/home/oy/iCAT/result/mixF-fixed50-tenhour-20261004/mixF-fixed50-rep1-x30/control-series.txt
1791109505,2026-10-04T19:25:05+09:00,32686.0,Varmail,1,1,11415490064384,2786984879,3746741568,2.344370971020256,active_cumulative,/home/oy/iCAT/result/mixF-fixed50-tenhour-20261004/mixF-fixed50-rep1-x30/control-series.txt
1791109535,2026-10-04T19:25:35+09:00,32716.0,Varmail,1,1,11433213313024,2791311844,3752656177,2.3444059233533636,active_cumulative,/home/oy/iCAT/result/mixF-fixed50-tenhour-20261004/mixF-fixed50-rep1-x30/control-series.txt
1791109565,2026-10-04T19:26:05+09:00,32746.0,Varmail,1,1,11450982428672,2795650007,3758606905,2.344448302036686,active_cumulative,/home/oy/iCAT/result/mixF-fixed50-tenhour-20261004/mixF-fixed50-rep1-x30/control-series.txt
1791109595,2026-10-04T19:26:35+09:00,32776.0,Varmail,1,1,11468710096896,2799978051,3764543583,2.3444903904355643,active_cumulative,/home/oy/iCAT/result/mixF-fixed50-tenhour-20261004/mixF-fixed50-rep1-x30/control-series.txt
1791109625,2026-10-04T19:27:05+09:00,32806.0,Varmail,1,1,11486450499584,2804309204,3770471762,2.3445278276096975,active_cumulative,/home/oy/iCAT/result/mixF-fixed50-tenhour-20261004/mixF-fixed50-rep1-x30/control-series.txt
1791109655,2026-10-04T19:27:35+09:00,32836.0,Varmail,1,1,11504195411968,2808641458,3776403383,2.3445658477494424,active_cumulative,/home/oy/iCAT/result/mixF-fixed50-tenhour-20261004/mixF-fixed50-rep1-x30/control-series.txt
1791109685,2026-10-04T19:28:05+09:00,32866.0,Varmail,1,1,11521946824704,2812975299,3782337405,2.3446038457375025,active_cumulative,/home/oy/iCAT/result/mixF-fixed50-tenhour-20261004/mixF-fixed50-rep1-x30/control-series.txt
1791109715,2026-10-04T19:28:35+09:00,32896.0,Varmail,1,1,11539715424256,2817313336,3788268268,2.344638602882047,active_cumulative,/home/oy/iCAT/result/mixF-fixed50-tenhour-20261004/mixF-fixed50-rep1-x30/control-series.txt
1791109745,2026-10-04T19:29:05+09:00,32926.0,Varmail,1,1,11557481029632,2821650642,3794195662,2.344672372094461,active_cumulative,/home/oy/iCAT/result/mixF-fixed50-tenhour-20261004/mixF-fixed50-rep1-x30/control-series.txt
1791109775,2026-10-04T19:29:35+09:00,32956.0,Varmail,1,1,11575256842240,2825990440,3800141315,2.3447113129653756,active_cumulative,/home/oy/iCAT/result/mixF-fixed50-tenhour-20261004/mixF-fixed50-rep1-x30/control-series.txt
1791109805,2026-10-04T19:30:05+09:00,32986.0,Varmail,1,1,11593011208192,2830325002,3806078748,2.3447497178982983,active_cumulative,/home/oy/iCAT/result/mixF-fixed50-tenhour-20261004/mixF-fixed50-rep1-x30/control-series.txt
1791109835,2026-10-04T19:30:35+09:00,33016.0,Varmail,1,1,11610771030016,2834660896,3812003036,2.344782736227508,active_cumulative,/home/oy/iCAT/result/mixF-fixed50-tenhour-20261004/mixF-fixed50-rep1-x30/control-series.txt
1791109865,2026-10-04T19:31:05+09:00,33046.0,Varmail,1,1,11628528828416,2838996296,3817931535,2.3448173709769433,active_cumulative,/home/oy/iCAT/result/mixF-fixed50-tenhour-20261004/mixF-fixed50-rep1-x30/control-series.txt
1791109895,2026-10-04T19:31:35+09:00,33076.0,Varmail,1,1,11646278189056,2843329636,3823876729,2.344858746092991,active_cumulative,/home/oy/iCAT/result/mixF-fixed50-tenhour-20261004/mixF-fixed50-rep1-x30/control-series.txt
1791109925,2026-10-04T19:32:05+09:00,33106.0,Varmail,1,1,11664030117888,2847663603,3829811489,2.3448960351093833,active_cumulative,/home/oy/iCAT/result/mixF-fixed50-tenhour-20261004/mixF-fixed50-rep1-x30/control-series.txt
1791109955,2026-10-04T19:32:35+09:00,33136.0,Varmail,1,1,11681815068672,2852005632,3835746581,2.3449295253705866,active_cumulative,/home/oy/iCAT/result/mixF-fixed50-tenhour-20261004/mixF-fixed50-rep1-x30/control-series.txt
1791109985,2026-10-04T19:33:05+09:00,33166.0,Varmail,1,1,11699605233664,2856348934,3841667747,2.3449574389429273,active_cumulative,/home/oy/iCAT/result/mixF-fixed50-tenhour-20261004/mixF-fixed50-rep1-x30/control-series.txt
1791110015,2026-10-04T19:33:35+09:00,33196.0,Varmail,1,1,11717389385728,2860690768,3847592515,2.344987217087422,active_cumulative,/home/oy/iCAT/result/mixF-fixed50-tenhour-20261004/mixF-fixed50-rep1-x30/control-series.txt
1791110045,2026-10-04T19:34:05+09:00,33226.0,Varmail,1,1,11735187914752,2865036112,3853537396,2.34502227733177,active_cumulative,/home/oy/iCAT/result/mixF-fixed50-tenhour-20261004/mixF-fixed50-rep1-x30/control-series.txt
1791110075,2026-10-04T19:34:35+09:00,33256.0,Varmail,1,1,11752994508800,2869383425,3859462374,2.345049372061526,active_cumulative,/home/oy/iCAT/result/mixF-fixed50-tenhour-20261004/mixF-fixed50-rep1-x30/control-series.txt
1791110105,2026-10-04T19:35:05+09:00,33286.0,Varmail,1,1,11770820231168,2873735408,3865405907,2.3450806557344683,active_cumulative,/home/oy/iCAT/result/mixF-fixed50-tenhour-20261004/mixF-fixed50-rep1-x30/control-series.txt
1791110135,2026-10-04T19:35:35+09:00,33316.0,Varmail,1,1,11788586483712,2878072872,3871325008,2.345110141464132,active_cumulative,/home/oy/iCAT/result/mixF-fixed50-tenhour-20261004/mixF-fixed50-rep1-x30/control-series.txt
1791110165,2026-10-04T19:36:05+09:00,33346.0,Varmail,1,1,11806359670784,2882412029,3877224890,2.345132080698793,active_cumulative,/home/oy/iCAT/result/mixF-fixed50-tenhour-20261004/mixF-fixed50-rep1-x30/control-series.txt
1791110195,2026-10-04T19:36:35+09:00,33376.0,Varmail,1,1,11824135172096,2886751751,3883158426,2.345165348788594,active_cumulative,/home/oy/iCAT/result/mixF-fixed50-tenhour-20261004/mixF-fixed50-rep1-x30/control-series.txt
1791110225,2026-10-04T19:37:05+09:00,33406.0,Varmail,1,1,11841873149952,2891082312,3889086959,2.3452010490526636,active_cumulative,/home/oy/iCAT/result/mixF-fixed50-tenhour-20261004/mixF-fixed50-rep1-x30/control-series.txt
1791110255,2026-10-04T19:37:35+09:00,33436.0,Varmail,1,1,11859668246528,2895426818,3895014624,2.3452298637927447,active_cumulative,/home/oy/iCAT/result/mixF-fixed50-tenhour-20261004/mixF-fixed50-rep1-x30/control-series.txt
1791110285,2026-10-04T19:38:05+09:00,33466.0,Varmail,1,1,11877461217280,2899770805,3900954228,2.345262950186851,active_cumulative,/home/oy/iCAT/result/mixF-fixed50-tenhour-20261004/mixF-fixed50-rep1-x30/control-series.txt
1791110315,2026-10-04T19:38:35+09:00,33496.0,Varmail,1,1,11895241154560,2904111610,3906877153,2.3452916683873593,active_cumulative,/home/oy/iCAT/result/mixF-fixed50-tenhour-20261004/mixF-fixed50-rep1-x30/control-series.txt
1791110345,2026-10-04T19:39:05+09:00,33526.0,Varmail,1,1,11913017503744,2908451539,3912808171,2.3453234886441754,active_cumulative,/home/oy/iCAT/result/mixF-fixed50-tenhour-20261004/mixF-fixed50-rep1-x30/control-series.txt
1791110375,2026-10-04T19:39:35+09:00,33556.0,Varmail,1,1,11930826670080,2912799480,3918734684,2.345349966898511,active_cumulative,/home/oy/iCAT/result/mixF-fixed50-tenhour-20261004/mixF-fixed50-rep1-x30/control-series.txt
1791110405,2026-10-04T19:40:05+09:00,33586.0,Varmail,1,1,11948623876096,2917144501,3924655397,2.3453757246700064,active_cumulative,/home/oy/iCAT/result/mixF-fixed50-tenhour-20261004/mixF-fixed50-rep1-x30/control-series.txt
1791110435,2026-10-04T19:40:35+09:00,33616.0,Varmail,1,1,11966411841536,2921487266,3930571134,2.345400741513963,active_cumulative,/home/oy/iCAT/result/mixF-fixed50-tenhour-20261004/mixF-fixed50-rep1-x30/control-series.txt
1791110465,2026-10-04T19:41:05+09:00,33646.0,Varmail,1,1,11984184332288,2925826253,3936506481,2.3454341237671574,active_cumulative,/home/oy/iCAT/result/mixF-fixed50-tenhour-20261004/mixF-fixed50-rep1-x30/control-series.txt
1791110495,2026-10-04T19:41:35+09:00,33676.0,Varmail,1,1,12001964294144,2930167064,3942449482,2.3454691817531126,active_cumulative,/home/oy/iCAT/result/mixF-fixed50-tenhour-20261004/mixF-fixed50-rep1-x30/control-series.txt
1791110525,2026-10-04T19:42:05+09:00,33706.0,Varmail,1,1,12019731410944,2934504739,3948365412,2.345496348847437,active_cumulative,/home/oy/iCAT/result/mixF-fixed50-tenhour-20261004/mixF-fixed50-rep1-x30/control-series.txt
1791110555,2026-10-04T19:42:35+09:00,33736.0,Varmail,1,1,12037476564992,2938837052,3954280137,2.345525480668943,active_cumulative,/home/oy/iCAT/result/mixF-fixed50-tenhour-20261004/mixF-fixed50-rep1-x30/control-series.txt
1791110585,2026-10-04T19:43:05+09:00,33766.0,Varmail,1,1,12055230513152,2943171512,3960189738,2.3455518041858516,active_cumulative,/home/oy/iCAT/result/mixF-fixed50-tenhour-20261004/mixF-fixed50-rep1-x30/control-series.txt
1791110615,2026-10-04T19:43:35+09:00,33796.0,Varmail,1,1,12072993579008,2947508198,3966101193,2.345577663088827,active_cumulative,/home/oy/iCAT/result/mixF-fixed50-tenhour-20261004/mixF-fixed50-rep1-x30/control-series.txt
1791110645,2026-10-04T19:44:05+09:00,33826.0,Varmail,1,1,12090797035520,2951854745,3971995183,2.345593034253452,active_cumulative,/home/oy/iCAT/result/mixF-fixed50-tenhour-20261004/mixF-fixed50-rep1-x30/control-series.txt
1791110675,2026-10-04T19:44:35+09:00,33856.0,Varmail,1,1,12108580315136,2956196366,3977913448,2.3456188140108143,active_cumulative,/home/oy/iCAT/result/mixF-fixed50-tenhour-20261004/mixF-fixed50-rep1-x30/control-series.txt
1791110705,2026-10-04T19:45:05+09:00,33886.0,Varmail,1,1,12126367911936,2960539041,3983808669,2.345636255367321,active_cumulative,/home/oy/iCAT/result/mixF-fixed50-tenhour-20261004/mixF-fixed50-rep1-x30/control-series.txt
1791110735,2026-10-04T19:45:35+09:00,33916.0,Varmail,1,1,12144154910720,2964881570,3989717874,2.345658428441039,active_cumulative,/home/oy/iCAT/result/mixF-fixed50-tenhour-20261004/mixF-fixed50-rep1-x30/control-series.txt
1791110765,2026-10-04T19:46:05+09:00,33946.0,Varmail,1,1,12161959636992,2969228427,3995627842,2.3456788321392423,active_cumulative,/home/oy/iCAT/result/mixF-fixed50-tenhour-20261004/mixF-fixed50-rep1-x30/control-series.txt
1791110795,2026-10-04T19:46:35+09:00,33976.0,Varmail,1,1,12179733630976,2973567781,4001511402,2.3456936907805432,active_cumulative,/home/oy/iCAT/result/mixF-fixed50-tenhour-20261004/mixF-fixed50-rep1-x30/control-series.txt
1791110825,2026-10-04T19:47:05+09:00,34006.0,Varmail,1,1,12197524045824,2977911144,4007416568,2.345713949885403,active_cumulative,/home/oy/iCAT/result/mixF-fixed50-tenhour-20261004/mixF-fixed50-rep1-x30/control-series.txt
1791110855,2026-10-04T19:47:35+09:00,34036.0,Varmail,1,1,12215308623872,2982253082,4013325835,2.3457361681418827,active_cumulative,/home/oy/iCAT/result/mixF-fixed50-tenhour-20261004/mixF-fixed50-rep1-x30/control-series.txt
1791110885,2026-10-04T19:48:05+09:00,34066.0,Varmail,1,1,12233095946240,2986595690,4019233187,2.3457573786962778,active_cumulative,/home/oy/iCAT/result/mixF-fixed50-tenhour-20261004/mixF-fixed50-rep1-x30/control-series.txt
1791110915,2026-10-04T19:48:35+09:00,34096.0,Varmail,1,1,12250922856448,2990947963,4025151544,2.3457778583224385,active_cumulative,/home/oy/iCAT/result/mixF-fixed50-tenhour-20261004/mixF-fixed50-rep1-x30/control-series.txt
1791110945,2026-10-04T19:49:05+09:00,34126.0,Varmail,1,1,12268726153216,2995294471,4031053971,2.34579555033005,active_cumulative,/home/oy/iCAT/result/mixF-fixed50-tenhour-20261004/mixF-fixed50-rep1-x30/control-series.txt
1791110975,2026-10-04T19:49:35+09:00,34156.0,Varmail,1,1,12286504386560,2999634860,4036952673,2.345814694592528,active_cumulative,/home/oy/iCAT/result/mixF-fixed50-tenhour-20261004/mixF-fixed50-rep1-x30/control-series.txt
1791111005,2026-10-04T19:50:05+09:00,34186.0,Varmail,1,1,12304300621824,3003979644,4042857653,2.345833904392463,active_cumulative,/home/oy/iCAT/result/mixF-fixed50-tenhour-20261004/mixF-fixed50-rep1-x30/control-series.txt
1791111035,2026-10-04T19:50:35+09:00,34216.0,Varmail,1,1,12322088214528,3008322318,4048762125,2.3458538338045196,active_cumulative,/home/oy/iCAT/result/mixF-fixed50-tenhour-20261004/mixF-fixed50-rep1-x30/control-series.txt
1791111065,2026-10-04T19:51:05+09:00,34246.0,Varmail,1,1,12339887292416,3012667796,4054649424,2.3458667528439303,active_cumulative,/home/oy/iCAT/result/mixF-fixed50-tenhour-20261004/mixF-fixed50-rep1-x30/control-series.txt
1791111095,2026-10-04T19:51:35+09:00,34276.0,Varmail,1,1,12357693874176,3017015106,4060545434,2.3458817047102976,active_cumulative,/home/oy/iCAT/result/mixF-fixed50-tenhour-20261004/mixF-fixed50-rep1-x30/control-series.txt
1791111125,2026-10-04T19:52:05+09:00,34306.0,Varmail,1,1,12375520337920,3021367270,4066470101,2.345903936067991,active_cumulative,/home/oy/iCAT/result/mixF-fixed50-tenhour-20261004/mixF-fixed50-rep1-x30/control-series.txt
1791111155,2026-10-04T19:52:35+09:00,34336.0,Varmail,1,1,12393326080000,3025714375,4072371676,2.34592072194521,active_cumulative,/home/oy/iCAT/result/mixF-fixed50-tenhour-20261004/mixF-fixed50-rep1-x30/control-series.txt
1791111185,2026-10-04T19:53:05+09:00,34366.0,Varmail,1,1,12411146719232,3030065117,4078271543,2.3459352804397176,active_cumulative,/home/oy/iCAT/result/mixF-fixed50-tenhour-20261004/mixF-fixed50-rep1-x30/control-series.txt
1791111215,2026-10-04T19:53:35+09:00,34396.0,Varmail,1,1,12428949143552,3034411412,4084180984,2.3459549248491953,active_cumulative,/home/oy/iCAT/result/mixF-fixed50-tenhour-20261004/mixF-fixed50-rep1-x30/control-series.txt
1791111245,2026-10-04T19:54:05+09:00,34426.0,Varmail,1,1,12446743171072,3038755657,4090066126,2.3459674247181503,active_cumulative,/home/oy/iCAT/result/mixF-fixed50-tenhour-20261004/mixF-fixed50-rep1-x30/control-series.txt
1791111275,2026-10-04T19:54:35+09:00,34456.0,Varmail,1,1,12464553906176,3043103981,4095955991,2.3459796367700916,active_cumulative,/home/oy/iCAT/result/mixF-fixed50-tenhour-20261004/mixF-fixed50-rep1-x30/control-series.txt
1791111305,2026-10-04T19:55:05+09:00,34486.0,Varmail,1,1,12482325827584,3047442829,4101854367,2.345998792156504,active_cumulative,/home/oy/iCAT/result/mixF-fixed50-tenhour-20261004/mixF-fixed50-rep1-x30/control-series.txt
1791111335,2026-10-04T19:55:35+09:00,34516.0,Varmail,1,1,12500125466624,3051788444,4107737446,2.3460098959598787,active_cumulative,/home/oy/iCAT/result/mixF-fixed50-tenhour-20261004/mixF-fixed50-rep1-x30/control-series.txt
1791111365,2026-10-04T19:56:05+09:00,34546.0,Varmail,1,1,12517950881792,3056140352,4113644522,2.3460260486099562,active_cumulative,/home/oy/iCAT/result/mixF-fixed50-tenhour-20261004/mixF-fixed50-rep1-x30/control-series.txt
1791111395,2026-10-04T19:56:35+09:00,34576.0,Varmail,1,1,12535731437568,3060481308,4119535969,2.3460418654515762,active_cumulative,/home/oy/iCAT/result/mixF-fixed50-tenhour-20261004/mixF-fixed50-rep1-x30/control-series.txt
1791111425,2026-10-04T19:57:05+09:00,34606.0,Varmail,1,1,12553503621120,3064820220,4125417266,2.346055223428407,active_cumulative,/home/oy/iCAT/result/mixF-fixed50-tenhour-20261004/mixF-fixed50-rep1-x30/control-series.txt
1791111455,2026-10-04T19:57:35+09:00,34636.0,Varmail,1,1,12571313020928,3069168218,4131313698,2.3460694900236323,active_cumulative,/home/oy/iCAT/result/mixF-fixed50-tenhour-20261004/mixF-fixed50-rep1-x30/control-series.txt
1791111486,2026-10-04T19:58:06+09:00,34667.0,Varmail,1,1,12589146259456,3073522036,4137212504,2.346081939722914,active_cumulative,/home/oy/iCAT/result/mixF-fixed50-tenhour-20261004/mixF-fixed50-rep1-x30/control-series.txt
1791111516,2026-10-04T19:58:36+09:00,34697.0,Varmail,1,1,12606932447232,3077864367,4143092226,2.346093177601026,active_cumulative,/home/oy/iCAT/result/mixF-fixed50-tenhour-20261004/mixF-fixed50-rep1-x30/control-series.txt
1791111546,2026-10-04T19:59:06+09:00,34727.0,Varmail,1,1,12624726982656,3082208736,4148973155,2.3461038853534673,active_cumulative,/home/oy/iCAT/result/mixF-fixed50-tenhour-20261004/mixF-fixed50-rep1-x30/control-series.txt
1791111576,2026-10-04T19:59:36+09:00,34757.0,Varmail,1,1,12642516799488,3086551953,4154864067,2.346118299729783,active_cumulative,/home/oy/iCAT/result/mixF-fixed50-tenhour-20261004/mixF-fixed50-rep1-x30/control-series.txt
1791111606,2026-10-04T20:00:06+09:00,34787.0,Varmail,1,1,12660316217344,3090897514,4160761895,2.3461338902872466,active_cumulative,/home/oy/iCAT/result/mixF-fixed50-tenhour-20261004/mixF-fixed50-rep1-x30/control-series.txt
1791111636,2026-10-04T20:00:36+09:00,34817.0,Varmail,1,1,12678110711808,3095241873,4166647008,2.3461458519109404,active_cumulative,/home/oy/iCAT/result/mixF-fixed50-tenhour-20261004/mixF-fixed50-rep1-x30/control-series.txt
1791111666,2026-10-04T20:01:06+09:00,34847.0,Varmail,1,1,12695890231296,3099582576,4172523481,2.3461565803433526,active_cumulative,/home/oy/iCAT/result/mixF-fixed50-tenhour-20261004/mixF-fixed50-rep1-x30/control-series.txt
1791111696,2026-10-04T20:01:36+09:00,34877.0,Varmail,1,1,12713675554816,3103924696,4178410867,2.346170180089962,active_cumulative,/home/oy/iCAT/result/mixF-fixed50-tenhour-20261004/mixF-fixed50-rep1-x30/control-series.txt
1791111726,2026-10-04T20:02:06+09:00,34907.0,Varmail,1,1,12731482693632,3108272142,4184308721,2.3461848029521732,active_cumulative,/home/oy/iCAT/result/mixF-fixed50-tenhour-20261004/mixF-fixed50-rep1-x30/control-series.txt
1791111756,2026-10-04T20:02:36+09:00,34937.0,Varmail,1,1,12749264576512,3112613422,4190185644,2.346195327175454,active_cumulative,/home/oy/iCAT/result/mixF-fixed50-tenhour-20261004/mixF-fixed50-rep1-x30/control-series.txt
1791111786,2026-10-04T20:03:06+09:00,34967.0,Varmail,1,1,12767046287360,3116954660,4196070829,2.346208490886422,active_cumulative,/home/oy/iCAT/result/mixF-fixed50-tenhour-20261004/mixF-fixed50-rep1-x30/control-series.txt
1791111816,2026-10-04T20:03:36+09:00,34997.0,Varmail,1,1,12784837046272,3121298107,4201941665,2.346216068108486,active_cumulative,/home/oy/iCAT/result/mixF-fixed50-tenhour-20261004/mixF-fixed50-rep1-x30/control-series.txt
1791111846,2026-10-04T20:04:06+09:00,35027.0,Varmail,1,1,12802601926656,3125635236,4207807870,2.346224863840766,active_cumulative,/home/oy/iCAT/result/mixF-fixed50-tenhour-20261004/mixF-fixed50-rep1-x30/control-series.txt
1791111876,2026-10-04T20:04:36+09:00,35057.0,Varmail,1,1,12820372168704,3129973674,4213696931,2.3462403744805425,active_cumulative,/home/oy/iCAT/result/mixF-fixed50-tenhour-20261004/mixF-fixed50-rep1-x30/control-series.txt
1791111906,2026-10-04T20:05:06+09:00,35087.0,Varmail,1,1,12838152384512,3134314547,4219593089,2.346257060587225,active_cumulative,/home/oy/iCAT/result/mixF-fixed50-tenhour-20261004/mixF-fixed50-rep1-x30/control-series.txt
1791111936,2026-10-04T20:05:36+09:00,35117.0,Varmail,1,1,12855952367616,3138660246,4225472863,2.3462664104485556,active_cumulative,/home/oy/iCAT/result/mixF-fixed50-tenhour-20261004/mixF-fixed50-rep1-x30/control-series.txt
1791111966,2026-10-04T20:06:06+09:00,35147.0,Varmail,1,1,12873754337280,3143006430,4231350773,2.3462749336468907,active_cumulative,/home/oy/iCAT/result/mixF-fixed50-tenhour-20261004/mixF-fixed50-rep1-x30/control-series.txt
1791111996,2026-10-04T20:06:36+09:00,35177.0,Varmail,1,1,12891576479744,3147357539,4237232814,2.3462826391647527,active_cumulative,/home/oy/iCAT/result/mixF-fixed50-tenhour-20261004/mixF-fixed50-rep1-x30/control-series.txt
1791112026,2026-10-04T20:07:06+09:00,35207.0,Varmail,1,1,12909375709184,3151703054,4243123586,2.3462954832038565,active_cumulative,/home/oy/iCAT/result/mixF-fixed50-tenhour-20261004/mixF-fixed50-rep1-x30/control-series.txt
1791112056,2026-10-04T20:07:36+09:00,35237.0,Varmail,1,1,12927192727552,3156052912,4249018085,2.3463076201429667,active_cumulative,/home/oy/iCAT/result/mixF-fixed50-tenhour-20261004/mixF-fixed50-rep1-x30/control-series.txt
1791112086,2026-10-04T20:08:06+09:00,35267.0,Varmail,1,1,12945028837376,3160407431,4254905143,2.3463153836635815,active_cumulative,/home/oy/iCAT/result/mixF-fixed50-tenhour-20261004/mixF-fixed50-rep1-x30/control-series.txt
1791112116,2026-10-04T20:08:36+09:00,35297.0,Varmail,1,1,12962852696064,3164758959,4260802329,2.346327598467824,active_cumulative,/home/oy/iCAT/result/mixF-fixed50-tenhour-20261004/mixF-fixed50-rep1-x30/control-series.txt
1791112146,2026-10-04T20:09:06+09:00,35327.0,Varmail,1,1,12980669214720,3169108695,4266683146,2.346335375852421,active_cumulative,/home/oy/iCAT/result/mixF-fixed50-tenhour-20261004/mixF-fixed50-rep1-x30/control-series.txt
1791112176,2026-10-04T20:09:36+09:00,35357.0,Varmail,1,1,12998479622144,3173456939,4272576358,2.346347670734851,active_cumulative,/home/oy/iCAT/result/mixF-fixed50-tenhour-20261004/mixF-fixed50-rep1-x30/control-series.txt
1791112206,2026-10-04T20:10:06+09:00,35387.0,Varmail,1,1,13016292798464,3177805859,4278446301,2.346352323217867,active_cumulative,/home/oy/iCAT/result/mixF-fixed50-tenhour-20261004/mixF-fixed50-rep1-x30/control-series.txt
1791112236,2026-10-04T20:10:36+09:00,35417.0,Varmail,1,1,13034095951872,3182152332,4284332397,2.346363074424936,active_cumulative,/home/oy/iCAT/result/mixF-fixed50-tenhour-20261004/mixF-fixed50-rep1-x30/control-series.txt
1791112266,2026-10-04T20:11:06+09:00,35447.0,Varmail,1,1,13051907682304,3186500899,4290216283,2.346372217985682,active_cumulative,/home/oy/iCAT/result/mixF-fixed50-tenhour-20261004/mixF-fixed50-rep1-x30/control-series.txt
1791112296,2026-10-04T20:11:36+09:00,35477.0,Varmail,1,1,13069717131264,3190848909,4296090421,2.346378516664513,active_cumulative,/home/oy/iCAT/result/mixF-fixed50-tenhour-20261004/mixF-fixed50-rep1-x30/control-series.txt
1791112326,2026-10-04T20:12:06+09:00,35507.0,Varmail,1,1,13087524163584,3195196329,4301976302,2.3463887220183395,active_cumulative,/home/oy/iCAT/result/mixF-fixed50-tenhour-20261004/mixF-fixed50-rep1-x30/control-series.txt
1791112356,2026-10-04T20:12:36+09:00,35537.0,Varmail,1,1,13105310892032,3199538792,4307839597,2.3463939264531346,active_cumulative,/home/oy/iCAT/result/mixF-fixed50-tenhour-20261004/mixF-fixed50-rep1-x30/control-series.txt
1791112386,2026-10-04T20:13:06+09:00,35567.0,Varmail,1,1,13123129667584,3203889079,4313727120,2.3464033908896758,active_cumulative,/home/oy/iCAT/result/mixF-fixed50-tenhour-20261004/mixF-fixed50-rep1-x30/control-series.txt
1791112416,2026-10-04T20:13:36+09:00,35597.0,Varmail,1,1,13140962902016,3208242896,4319612409,2.3464106518822634,active_cumulative,/home/oy/iCAT/result/mixF-fixed50-tenhour-20261004/mixF-fixed50-rep1-x30/control-series.txt
1791112446,2026-10-04T20:14:06+09:00,35627.0,Varmail,1,1,13158786035712,3212594247,4325494614,2.34641796673802,active_cumulative,/home/oy/iCAT/result/mixF-fixed50-tenhour-20261004/mixF-fixed50-rep1-x30/control-series.txt
1791112476,2026-10-04T20:14:36+09:00,35657.0,Varmail,1,1,13176593186816,3216941696,4331382563,2.3464286805028873,active_cumulative,/home/oy/iCAT/result/mixF-fixed50-tenhour-20261004/mixF-fixed50-rep1-x30/control-series.txt
1791112506,2026-10-04T20:15:06+09:00,35687.0,Varmail,1,1,13194404253696,3221290101,4337267069,2.3464378969325246,active_cumulative,/home/oy/iCAT/result/mixF-fixed50-tenhour-20261004/mixF-fixed50-rep1-x30/control-series.txt
1791112536,2026-10-04T20:15:36+09:00,35717.0,Varmail,1,1,13212211245056,3225637511,4343141054,2.3464442421658083,active_cumulative,/home/oy/iCAT/result/mixF-fixed50-tenhour-20261004/mixF-fixed50-rep1-x30/control-series.txt
1791112566,2026-10-04T20:16:06+09:00,35747.0,Varmail,1,1,13230025129984,3229986604,4349009070,2.3464480207485097,active_cumulative,/home/oy/iCAT/result/mixF-fixed50-tenhour-20261004/mixF-fixed50-rep1-x30/control-series.txt
1791112596,2026-10-04T20:16:36+09:00,35777.0,Varmail,1,1,13247823822848,3234331988,4354890548,2.3464574954449606,active_cumulative,/home/oy/iCAT/result/mixF-fixed50-tenhour-20261004/mixF-fixed50-rep1-x30/control-series.txt
1791112626,2026-10-04T20:17:06+09:00,35807.0,Varmail,1,1,13265636495360,3238680785,4360751798,2.346459280024413,active_cumulative,/home/oy/iCAT/result/mixF-fixed50-tenhour-20261004/mixF-fixed50-rep1-x30/control-series.txt
1791112656,2026-10-04T20:17:36+09:00,35837.0,Varmail,1,1,13283427364864,3243024259,4366606386,2.346461215602026,active_cumulative,/home/oy/iCAT/result/mixF-fixed50-tenhour-20261004/mixF-fixed50-rep1-x30/control-series.txt
1791112686,2026-10-04T20:18:06+09:00,35867.0,Varmail,1,1,13301263056896,3247378676,4372501407,2.346471059662769,active_cumulative,/home/oy/iCAT/result/mixF-fixed50-tenhour-20261004/mixF-fixed50-rep1-x30/control-series.txt
1791112716,2026-10-04T20:18:36+09:00,35897.0,Varmail,1,1,13319085645824,3251729894,4378396832,2.3464823262469903,active_cumulative,/home/oy/iCAT/result/mixF-fixed50-tenhour-20261004/mixF-fixed50-rep1-x30/control-series.txt
1791112746,2026-10-04T20:19:06+09:00,35927.0,Varmail,1,1,13336911233024,3256081844,4384277864,2.346488839670579,active_cumulative,/home/oy/iCAT/result/mixF-fixed50-tenhour-20261004/mixF-fixed50-rep1-x30/control-series.txt
1791112776,2026-10-04T20:19:36+09:00,35957.0,Varmail,1,1,13354687868928,3260421843,4390144953,2.346495994812902,active_cumulative,/home/oy/iCAT/result/mixF-fixed50-tenhour-20261004/mixF-fixed50-rep1-x30/control-series.txt
1791112806,2026-10-04T20:20:06+09:00,35987.0,Varmail,1,1,13372497641472,3264769932,4396016855,2.3465012685616706,active_cumulative,/home/oy/iCAT/result/mixF-fixed50-tenhour-20261004/mixF-fixed50-rep1-x30/control-series.txt
